Measurement: SNMMAX
  step	MAX(0.707*V(v1)-0.707*V(v2))	FROM	TO
     1	0.0378252	-0.113	0.113
     2	0.0379495	-0.113	0.113
     3	0.0314162	-0.113	0.113
     4	0.03094	-0.113	0.113
     5	0.0201942	-0.113	0.113
     6	0.0263761	-0.113	0.113
     7	0.0152243	-0.113	0.113
     8	0.025436	-0.113	0.113
     9	0.0210861	-0.113	0.113
    10	0.0144022	-0.113	0.113
    11	0.0262518	-0.113	0.113
    12	0.0255718	-0.113	0.113
    13	0.0158943	-0.113	0.113
    14	0.0369479	-0.113	0.113
    15	0.0146022	-0.113	0.113
    16	0.0341191	-0.113	0.113
    17	0.0351858	-0.113	0.113
    18	0.0330519	-0.113	0.113
    19	0.0427004	-0.113	0.113
    20	0.0205631	-0.113	0.113
    21	0.0129966	-0.113	0.113
    22	0.0229887	-0.113	0.113
    23	0.0105104	-0.113	0.113
    24	0.0143382	-0.113	0.113
    25	0.0225066	-0.113	0.113
    26	0.0295643	-0.113	0.113
    27	0.0319828	-0.113	0.113
    28	0.0124782	-0.113	0.113
    29	0.0194491	-0.113	0.113
    30	0.0150029	-0.113	0.113
    31	0.0402099	-0.113	0.113
    32	0.0375061	-0.113	0.113
    33	0.0160019	-0.113	0.113
    34	0.017192	-0.113	0.113
    35	0.0321402	-0.113	0.113
    36	0.0380518	-0.113	0.113
    37	0.0364574	-0.113	0.113
    38	0.0254737	-0.113	0.113
    39	0.0193064	-0.113	0.113
    40	0.0206461	-0.113	0.113
    41	0.0119868	-0.113	0.113
    42	0.0126473	-0.113	0.113
    43	0.015014	-0.113	0.113
    44	0.0283449	-0.113	0.113
    45	0.0250659	-0.113	0.113
    46	0.0340669	-0.113	0.113
    47	0.0412291	-0.113	0.113
    48	0.020559	-0.113	0.113
    49	0.0316724	-0.113	0.113
    50	0.0335946	-0.113	0.113
    51	0.0404286	-0.113	0.113
    52	0.0220721	-0.113	0.113
    53	0.0318112	-0.113	0.113
    54	0.0130706	-0.113	0.113
    55	0.0126052	-0.113	0.113
    56	0.0163142	-0.113	0.113
    57	0.0183118	-0.113	0.113
    58	0.030256	-0.113	0.113
    59	0.0476785	-0.113	0.113
    60	0.0382256	-0.113	0.113
    61	0.0205833	-0.113	0.113
    62	0.0305993	-0.113	0.113
    63	0.029975	-0.113	0.113
    64	0.0367341	-0.113	0.113
    65	0.0137319	-0.113	0.113
    66	0.0248984	-0.113	0.113
    67	0.0293228	-0.113	0.113
    68	0.035493	-0.113	0.113
    69	0.0116853	-0.113	0.113
    70	0.0433223	-0.113	0.113
    71	0.0198822	-0.113	0.113
    72	0.0369885	-0.113	0.113
    73	0.0334791	-0.113	0.113
    74	0.0286997	-0.113	0.113
    75	0.0413808	-0.113	0.113
    76	0.0433988	-0.113	0.113
    77	0.0435649	-0.113	0.113
    78	0.0402601	-0.113	0.113
    79	0.0322681	-0.113	0.113
    80	0.0186048	-0.113	0.113
    81	0.0152196	-0.113	0.113
    82	0.0236864	-0.113	0.113
    83	0.0405085	-0.113	0.113
    84	0.0246531	-0.113	0.113
    85	0.041277	-0.113	0.113
    86	0.0146192	-0.113	0.113
    87	0.0317127	-0.113	0.113
    88	0.0262612	-0.113	0.113
    89	0.0103783	-0.113	0.113
    90	0.0276686	-0.113	0.113
    91	0.0362502	-0.113	0.113
    92	0.0338068	-0.113	0.113
    93	0.0171813	-0.113	0.113
    94	0.0427577	-0.113	0.113
    95	0.0272612	-0.113	0.113
    96	0.0364556	-0.113	0.113
    97	0.0227134	-0.113	0.113
    98	0.0439783	-0.113	0.113
    99	0.0423534	-0.113	0.113
   100	0.0264147	-0.113	0.113
   101	0.0334804	-0.113	0.113
   102	0.0407009	-0.113	0.113
   103	0.0265357	-0.113	0.113
   104	0.0192612	-0.113	0.113
   105	0.0415749	-0.113	0.113
   106	0.0125332	-0.113	0.113
   107	0.0211753	-0.113	0.113
   108	0.0310845	-0.113	0.113
   109	0.0233298	-0.113	0.113
   110	0.0351122	-0.113	0.113
   111	0.0416123	-0.113	0.113
   112	0.0257615	-0.113	0.113
   113	0.0328384	-0.113	0.113
   114	0.0356534	-0.113	0.113
   115	0.0279099	-0.113	0.113
   116	0.0106861	-0.113	0.113
   117	0.044046	-0.113	0.113
   118	0.0111413	-0.113	0.113
   119	0.0295602	-0.113	0.113
   120	0.0411832	-0.113	0.113
   121	0.0110497	-0.113	0.113
   122	0.0440011	-0.113	0.113
   123	0.0336809	-0.113	0.113
   124	0.0155709	-0.113	0.113
   125	0.0371812	-0.113	0.113
   126	0.0148366	-0.113	0.113
   127	0.025825	-0.113	0.113
   128	0.0294161	-0.113	0.113
   129	0.0393763	-0.113	0.113
   130	0.0141925	-0.113	0.113
   131	0.0131388	-0.113	0.113
   132	0.030028	-0.113	0.113
   133	0.0304724	-0.113	0.113
   134	0.035332	-0.113	0.113
   135	0.0101737	-0.113	0.113
   136	0.0248864	-0.113	0.113
   137	0.026617	-0.113	0.113
   138	0.0194169	-0.113	0.113
   139	0.035874	-0.113	0.113
   140	0.0228938	-0.113	0.113
   141	0.0109338	-0.113	0.113
   142	0.0436436	-0.113	0.113
   143	0.0410493	-0.113	0.113
   144	0.0438522	-0.113	0.113
   145	0.0434404	-0.113	0.113
   146	0.0229378	-0.113	0.113
   147	0.023141	-0.113	0.113
   148	0.0243433	-0.113	0.113
   149	0.0398113	-0.113	0.113
   150	0.0373874	-0.113	0.113
   151	0.0367222	-0.113	0.113
   152	0.0387972	-0.113	0.113
   153	0.0229901	-0.113	0.113
   154	0.0115368	-0.113	0.113
   155	0.010825	-0.113	0.113
   156	0.0305667	-0.113	0.113
   157	0.0281553	-0.113	0.113
   158	0.0176127	-0.113	0.113
   159	0.0343979	-0.113	0.113
   160	0.0399117	-0.113	0.113
   161	0.0138048	-0.113	0.113
   162	0.0424464	-0.113	0.113
   163	0.0370516	-0.113	0.113
   164	0.0302761	-0.113	0.113
   165	0.0246852	-0.113	0.113
   166	0.0430402	-0.113	0.113
   167	0.0308065	-0.113	0.113
   168	0.0227993	-0.113	0.113
   169	0.033033	-0.113	0.113
   170	0.038528	-0.113	0.113
   171	0.0253765	-0.113	0.113
   172	0.0180975	-0.113	0.113
   173	0.0147398	-0.113	0.113
   174	0.0413752	-0.113	0.113
   175	0.0306622	-0.113	0.113
   176	0.0146569	-0.113	0.113
   177	0.0164196	-0.113	0.113
   178	0.0215739	-0.113	0.113
   179	0.0197903	-0.113	0.113
   180	0.0149086	-0.113	0.113
   181	0.0107009	-0.113	0.113
   182	0.0300731	-0.113	0.113
   183	0.0387255	-0.113	0.113
   184	0.037886	-0.113	0.113
   185	0.023976	-0.113	0.113
   186	0.0232709	-0.113	0.113
   187	0.0172972	-0.113	0.113
   188	0.0251056	-0.113	0.113
   189	0.042734	-0.113	0.113
   190	0.0163826	-0.113	0.113
   191	0.0440755	-0.113	0.113
   192	0.0326923	-0.113	0.113
   193	0.0133408	-0.113	0.113
   194	0.0127384	-0.113	0.113
   195	0.0427066	-0.113	0.113
   196	0.0150571	-0.113	0.113
   197	0.0440428	-0.113	0.113
   198	0.04165	-0.113	0.113
   199	0.0129598	-0.113	0.113
   200	0.0211215	-0.113	0.113
   201	0.0134066	-0.113	0.113
   202	0.012148	-0.113	0.113
   203	0.0350039	-0.113	0.113
   204	0.0327844	-0.113	0.113
   205	0.0330947	-0.113	0.113
   206	0.0374414	-0.113	0.113
   207	0.0217343	-0.113	0.113
   208	0.0173804	-0.113	0.113
   209	0.0147511	-0.113	0.113
   210	0.0133923	-0.113	0.113
   211	0.0166172	-0.113	0.113
   212	0.0223389	-0.113	0.113
   213	0.013311	-0.113	0.113
   214	0.0110894	-0.113	0.113
   215	0.0384442	-0.113	0.113
   216	0.0251338	-0.113	0.113
   217	0.0191412	-0.113	0.113
   218	0.0220331	-0.113	0.113
   219	0.0205157	-0.113	0.113
   220	0.0201784	-0.113	0.113
   221	0.0403511	-0.113	0.113
   222	0.0390806	-0.113	0.113
   223	0.0432203	-0.113	0.113
   224	0.034302	-0.113	0.113
   225	0.0417132	-0.113	0.113
   226	0.0240958	-0.113	0.113
   227	0.0149885	-0.113	0.113
   228	0.019717	-0.113	0.113
   229	0.0105943	-0.113	0.113
   230	0.0114246	-0.113	0.113
   231	0.0436661	-0.113	0.113
   232	0.0437746	-0.113	0.113
   233	0.0377522	-0.113	0.113
   234	0.0342615	-0.113	0.113
   235	0.0260253	-0.113	0.113
   236	0.0184652	-0.113	0.113
   237	0.0363228	-0.113	0.113
   238	0.0206632	-0.113	0.113
   239	0.0238511	-0.113	0.113
   240	0.0120162	-0.113	0.113
   241	0.0231223	-0.113	0.113
   242	0.0128657	-0.113	0.113
   243	0.0383474	-0.113	0.113
   244	0.0245305	-0.113	0.113
   245	0.0177063	-0.113	0.113
   246	0.0103034	-0.113	0.113
   247	0.0106609	-0.113	0.113
   248	0.0426143	-0.113	0.113
   249	0.0433939	-0.113	0.113
   250	0.0313427	-0.113	0.113
   251	0.0242149	-0.113	0.113
   252	0.0267622	-0.113	0.113
   253	0.0235547	-0.113	0.113
   254	0.0309014	-0.113	0.113
   255	0.0442564	-0.113	0.113
   256	0.0176913	-0.113	0.113
   257	0.0435293	-0.113	0.113
   258	0.0153267	-0.113	0.113
   259	0.022726	-0.113	0.113
   260	0.0212592	-0.113	0.113
   261	0.0207802	-0.113	0.113
   262	0.0139517	-0.113	0.113
   263	0.0386484	-0.113	0.113
   264	0.0270151	-0.113	0.113
   265	0.0168531	-0.113	0.113
   266	0.0188749	-0.113	0.113
   267	0.0324356	-0.113	0.113
   268	0.0262892	-0.113	0.113
   269	0.0163683	-0.113	0.113
   270	0.0256271	-0.113	0.113
   271	0.0116133	-0.113	0.113
   272	0.0200566	-0.113	0.113
   273	0.0116631	-0.113	0.113
   274	0.0247811	-0.113	0.113
   275	0.0430464	-0.113	0.113
   276	0.0441341	-0.113	0.113
   277	0.0436111	-0.113	0.113
   278	0.0212547	-0.113	0.113
   279	0.0430411	-0.113	0.113
   280	0.0293119	-0.113	0.113
   281	0.027439	-0.113	0.113
   282	0.0438195	-0.113	0.113
   283	0.0266238	-0.113	0.113
   284	0.0417895	-0.113	0.113
   285	0.0210057	-0.113	0.113
   286	0.022565	-0.113	0.113
   287	0.0365532	-0.113	0.113
   288	0.0122039	-0.113	0.113
   289	0.0322056	-0.113	0.113
   290	0.0320574	-0.113	0.113
   291	0.0178624	-0.113	0.113
   292	0.0345688	-0.113	0.113
   293	0.041478	-0.113	0.113
   294	0.0420225	-0.113	0.113
   295	0.0117794	-0.113	0.113
   296	0.0352662	-0.113	0.113
   297	0.0150018	-0.113	0.113
   298	0.0240137	-0.113	0.113
   299	0.028796	-0.113	0.113
   300	0.0187914	-0.113	0.113
   301	0.0406574	-0.113	0.113
   302	0.0229051	-0.113	0.113
   303	0.0262609	-0.113	0.113
   304	0.0184731	-0.113	0.113
   305	0.0278623	-0.113	0.113
   306	0.0437509	-0.113	0.113
   307	0.0441946	-0.113	0.113
   308	0.0302629	-0.113	0.113
   309	0.0421202	-0.113	0.113
   310	0.0311559	-0.113	0.113
   311	0.018051	-0.113	0.113
   312	0.020889	-0.113	0.113
   313	0.0342849	-0.113	0.113
   314	0.039103	-0.113	0.113
   315	0.0250497	-0.113	0.113
   316	0.034167	-0.113	0.113
   317	0.0111005	-0.113	0.113
   318	0.0115788	-0.113	0.113
   319	0.0426036	-0.113	0.113
   320	0.010191	-0.113	0.113
   321	0.0338156	-0.113	0.113
   322	0.0249175	-0.113	0.113
   323	0.0179806	-0.113	0.113
   324	0.0241801	-0.113	0.113
   325	0.0197183	-0.113	0.113
   326	0.0119434	-0.113	0.113
   327	0.0155542	-0.113	0.113
   328	0.011693	-0.113	0.113
   329	0.0414785	-0.113	0.113
   330	0.0229744	-0.113	0.113
   331	0.0232804	-0.113	0.113
   332	0.0232035	-0.113	0.113
   333	0.0296222	-0.113	0.113
   334	0.0357903	-0.113	0.113
   335	0.0193414	-0.113	0.113
   336	0.0299851	-0.113	0.113
   337	0.0362556	-0.113	0.113
   338	0.0210007	-0.113	0.113
   339	0.0399533	-0.113	0.113
   340	0.0280511	-0.113	0.113
   341	0.0278627	-0.113	0.113
   342	0.0119707	-0.113	0.113
   343	0.0367847	-0.113	0.113
   344	0.0148281	-0.113	0.113
   345	0.0389419	-0.113	0.113
   346	0.0112127	-0.113	0.113
   347	0.0178946	-0.113	0.113
   348	0.0176139	-0.113	0.113
   349	0.0423065	-0.113	0.113
   350	0.0119042	-0.113	0.113
   351	0.0235529	-0.113	0.113
   352	0.0239094	-0.113	0.113
   353	0.0162647	-0.113	0.113
   354	0.0145663	-0.113	0.113
   355	0.0184942	-0.113	0.113
   356	0.0426805	-0.113	0.113
   357	0.0216301	-0.113	0.113
   358	0.01042	-0.113	0.113
   359	0.0375724	-0.113	0.113
   360	0.0385686	-0.113	0.113
   361	0.030353	-0.113	0.113
   362	0.0306188	-0.113	0.113
   363	0.0151799	-0.113	0.113
   364	0.0161156	-0.113	0.113
   365	0.042458	-0.113	0.113
   366	0.0394089	-0.113	0.113
   367	0.0156383	-0.113	0.113
   368	0.011413	-0.113	0.113
   369	0.0283285	-0.113	0.113
   370	0.0224606	-0.113	0.113
   371	0.031204	-0.113	0.113
   372	0.03267	-0.113	0.113
   373	0.0343629	-0.113	0.113
   374	0.02336	-0.113	0.113
   375	0.0375373	-0.113	0.113
   376	0.0128269	-0.113	0.113
   377	0.0130108	-0.113	0.113
   378	0.0186035	-0.113	0.113
   379	0.0207518	-0.113	0.113
   380	0.0323831	-0.113	0.113
   381	0.0404599	-0.113	0.113
   382	0.0224394	-0.113	0.113
   383	0.0272504	-0.113	0.113
   384	0.0128864	-0.113	0.113
   385	0.0128564	-0.113	0.113
   386	0.0319526	-0.113	0.113
   387	0.0174369	-0.113	0.113
   388	0.0117101	-0.113	0.113
   389	0.0122026	-0.113	0.113
   390	0.0408111	-0.113	0.113
   391	0.0406169	-0.113	0.113
   392	0.0105635	-0.113	0.113
   393	0.0439234	-0.113	0.113
   394	0.0285824	-0.113	0.113
   395	0.0253976	-0.113	0.113
   396	0.0118009	-0.113	0.113
   397	0.0440591	-0.113	0.113
   398	0.019234	-0.113	0.113
   399	0.0421842	-0.113	0.113
   400	0.0465849	-0.113	0.113
   401	0.0271234	-0.113	0.113
   402	0.0297505	-0.113	0.113
   403	0.0162379	-0.113	0.113
   404	0.0129642	-0.113	0.113
   405	0.0416467	-0.113	0.113
   406	0.0128673	-0.113	0.113
   407	0.0224382	-0.113	0.113
   408	0.0276903	-0.113	0.113
   409	0.0127235	-0.113	0.113
   410	0.0413314	-0.113	0.113
   411	0.0249606	-0.113	0.113
   412	0.0228883	-0.113	0.113
   413	0.0321975	-0.113	0.113
   414	0.0209804	-0.113	0.113
   415	0.0325564	-0.113	0.113
   416	0.0317478	-0.113	0.113
   417	0.0439045	-0.113	0.113
   418	0.0426953	-0.113	0.113
   419	0.0249939	-0.113	0.113
   420	0.0117956	-0.113	0.113
   421	0.0316721	-0.113	0.113
   422	0.0438261	-0.113	0.113
   423	0.0184245	-0.113	0.113
   424	0.0227963	-0.113	0.113
   425	0.0265739	-0.113	0.113
   426	0.0184158	-0.113	0.113
   427	0.0309717	-0.113	0.113
   428	0.0139594	-0.113	0.113
   429	0.025397	-0.113	0.113
   430	0.0361077	-0.113	0.113
   431	0.0201605	-0.113	0.113
   432	0.011532	-0.113	0.113
   433	0.0427737	-0.113	0.113
   434	0.017996	-0.113	0.113
   435	0.0253325	-0.113	0.113
   436	0.0128577	-0.113	0.113
   437	0.0378381	-0.113	0.113
   438	0.0388905	-0.113	0.113
   439	0.0124127	-0.113	0.113
   440	0.0223055	-0.113	0.113
   441	0.0438457	-0.113	0.113
   442	0.0192973	-0.113	0.113
   443	0.0273248	-0.113	0.113
   444	0.0384891	-0.113	0.113
   445	0.0430789	-0.113	0.113
   446	0.0147874	-0.113	0.113
   447	0.042894	-0.113	0.113
   448	0.0347696	-0.113	0.113
   449	0.0121948	-0.113	0.113
   450	0.031222	-0.113	0.113
   451	0.0345157	-0.113	0.113
   452	0.0246945	-0.113	0.113
   453	0.0177558	-0.113	0.113
   454	0.0135696	-0.113	0.113
   455	0.0433845	-0.113	0.113
   456	0.0193233	-0.113	0.113
   457	0.0149456	-0.113	0.113
   458	0.0167371	-0.113	0.113
   459	0.0277317	-0.113	0.113
   460	0.0181049	-0.113	0.113
   461	0.0179193	-0.113	0.113
   462	0.0392923	-0.113	0.113
   463	0.0305168	-0.113	0.113
   464	0.0435306	-0.113	0.113
   465	0.0244553	-0.113	0.113
   466	0.0392956	-0.113	0.113
   467	0.0162901	-0.113	0.113
   468	0.0195084	-0.113	0.113
   469	0.0204393	-0.113	0.113
   470	0.0427015	-0.113	0.113
   471	0.0240046	-0.113	0.113
   472	0.0389883	-0.113	0.113
   473	0.014273	-0.113	0.113
   474	0.0438079	-0.113	0.113
   475	0.0430528	-0.113	0.113
   476	0.0111223	-0.113	0.113
   477	0.0334166	-0.113	0.113
   478	0.0127265	-0.113	0.113
   479	0.0433872	-0.113	0.113
   480	0.0160207	-0.113	0.113
   481	0.0404291	-0.113	0.113
   482	0.0335506	-0.113	0.113
   483	0.0265618	-0.113	0.113
   484	0.0439421	-0.113	0.113
   485	0.031279	-0.113	0.113
   486	0.0247112	-0.113	0.113
   487	0.0150573	-0.113	0.113
   488	0.0122109	-0.113	0.113
   489	0.0251953	-0.113	0.113
   490	0.0112266	-0.113	0.113
   491	0.0350102	-0.113	0.113
   492	0.0398749	-0.113	0.113
   493	0.016199	-0.113	0.113
   494	0.0105094	-0.113	0.113
   495	0.0338868	-0.113	0.113
   496	0.0423495	-0.113	0.113
   497	0.0313166	-0.113	0.113
   498	0.0312958	-0.113	0.113
   499	0.0211468	-0.113	0.113
   500	0.0425918	-0.113	0.113
   501	0.0168512	-0.113	0.113
   502	0.0144971	-0.113	0.113
   503	0.0265982	-0.113	0.113
   504	0.0443182	-0.113	0.113
   505	0.0254436	-0.113	0.113
   506	0.0191009	-0.113	0.113
   507	0.0111337	-0.113	0.113
   508	0.0192106	-0.113	0.113
   509	0.0430802	-0.113	0.113
   510	0.010373	-0.113	0.113
   511	0.0382289	-0.113	0.113
   512	0.0294568	-0.113	0.113
   513	0.0150444	-0.113	0.113
   514	0.0436524	-0.113	0.113
   515	0.0107321	-0.113	0.113
   516	0.0192939	-0.113	0.113
   517	0.0393315	-0.113	0.113
   518	0.0110069	-0.113	0.113
   519	0.0160527	-0.113	0.113
   520	0.0134792	-0.113	0.113
   521	0.042444	-0.113	0.113
   522	0.0342964	-0.113	0.113
   523	0.028079	-0.113	0.113
   524	0.0259515	-0.113	0.113
   525	0.0210218	-0.113	0.113
   526	0.0233692	-0.113	0.113
   527	0.039505	-0.113	0.113
   528	0.0202992	-0.113	0.113
   529	0.0417637	-0.113	0.113
   530	0.0357119	-0.113	0.113
   531	0.0262364	-0.113	0.113
   532	0.0228643	-0.113	0.113
   533	0.0356107	-0.113	0.113
   534	0.0271751	-0.113	0.113
   535	0.0430484	-0.113	0.113
   536	0.0310901	-0.113	0.113
   537	0.0334356	-0.113	0.113
   538	0.0117903	-0.113	0.113
   539	0.0114857	-0.113	0.113
   540	0.0189767	-0.113	0.113
   541	0.0301249	-0.113	0.113
   542	0.0425614	-0.113	0.113
   543	0.0177521	-0.113	0.113
   544	0.0159341	-0.113	0.113
   545	0.0257907	-0.113	0.113
   546	0.0123744	-0.113	0.113
   547	0.0268902	-0.113	0.113
   548	0.0395773	-0.113	0.113
   549	0.0428097	-0.113	0.113
   550	0.0436528	-0.113	0.113
   551	0.0347867	-0.113	0.113
   552	0.0255788	-0.113	0.113
   553	0.0350496	-0.113	0.113
   554	0.0234495	-0.113	0.113
   555	0.0266132	-0.113	0.113
   556	0.0225587	-0.113	0.113
   557	0.0430258	-0.113	0.113
   558	0.0245573	-0.113	0.113
   559	0.0103398	-0.113	0.113
   560	0.035213	-0.113	0.113
   561	0.0145832	-0.113	0.113
   562	0.042893	-0.113	0.113
   563	0.0280481	-0.113	0.113
   564	0.0409829	-0.113	0.113
   565	0.0426395	-0.113	0.113
   566	0.0170723	-0.113	0.113
   567	0.0430068	-0.113	0.113
   568	0.0111318	-0.113	0.113
   569	0.0390389	-0.113	0.113
   570	0.0317824	-0.113	0.113
   571	0.0437539	-0.113	0.113
   572	0.0228432	-0.113	0.113
   573	0.0197798	-0.113	0.113
   574	0.0433517	-0.113	0.113
   575	0.040811	-0.113	0.113
   576	0.0118199	-0.113	0.113
   577	0.0194456	-0.113	0.113
   578	0.0157871	-0.113	0.113
   579	0.0376639	-0.113	0.113
   580	0.0103735	-0.113	0.113
   581	0.0441086	-0.113	0.113
   582	0.041653	-0.113	0.113
   583	0.0306314	-0.113	0.113
   584	0.0275497	-0.113	0.113
   585	0.0115297	-0.113	0.113
   586	0.0129818	-0.113	0.113
   587	0.0244998	-0.113	0.113
   588	0.0180326	-0.113	0.113
   589	0.0131466	-0.113	0.113
   590	0.0405157	-0.113	0.113
   591	0.0159084	-0.113	0.113
   592	0.0287516	-0.113	0.113
   593	0.0265344	-0.113	0.113
   594	0.0439378	-0.113	0.113
   595	0.0427624	-0.113	0.113
   596	0.0439844	-0.113	0.113
   597	0.0255595	-0.113	0.113
   598	0.0438452	-0.113	0.113
   599	0.0224052	-0.113	0.113
   600	0.0422686	-0.113	0.113
   601	0.0439996	-0.113	0.113
   602	0.016728	-0.113	0.113
   603	0.0437749	-0.113	0.113
   604	0.0120018	-0.113	0.113
   605	0.0292267	-0.113	0.113
   606	0.0178526	-0.113	0.113
   607	0.0189009	-0.113	0.113
   608	0.035394	-0.113	0.113
   609	0.0110849	-0.113	0.113
   610	0.0392576	-0.113	0.113
   611	0.042575	-0.113	0.113
   612	0.0460368	-0.113	0.113
   613	0.0190198	-0.113	0.113
   614	0.0305545	-0.113	0.113
   615	0.0171899	-0.113	0.113
   616	0.0144051	-0.113	0.113
   617	0.043282	-0.113	0.113
   618	0.0360734	-0.113	0.113
   619	0.0239066	-0.113	0.113
   620	0.0373631	-0.113	0.113
   621	0.031607	-0.113	0.113
   622	0.020844	-0.113	0.113
   623	0.0116167	-0.113	0.113
   624	0.0119313	-0.113	0.113
   625	0.0411717	-0.113	0.113
   626	0.0378992	-0.113	0.113
   627	0.011359	-0.113	0.113
   628	0.0103837	-0.113	0.113
   629	0.0122463	-0.113	0.113
   630	0.038068	-0.113	0.113
   631	0.0119193	-0.113	0.113
   632	0.0182223	-0.113	0.113
   633	0.0254205	-0.113	0.113
   634	0.0260488	-0.113	0.113
   635	0.0425278	-0.113	0.113
   636	0.0370218	-0.113	0.113
   637	0.0123668	-0.113	0.113
   638	0.0426005	-0.113	0.113
   639	0.0439752	-0.113	0.113
   640	0.0282488	-0.113	0.113
   641	0.010847	-0.113	0.113
   642	0.0165625	-0.113	0.113
   643	0.0186057	-0.113	0.113
   644	0.0144846	-0.113	0.113
   645	0.0438603	-0.113	0.113
   646	0.0225041	-0.113	0.113
   647	0.0365659	-0.113	0.113
   648	0.0113036	-0.113	0.113
   649	0.0265175	-0.113	0.113
   650	0.0113159	-0.113	0.113
   651	0.0373863	-0.113	0.113
   652	0.0125842	-0.113	0.113
   653	0.0333366	-0.113	0.113
   654	0.0185112	-0.113	0.113
   655	0.0212715	-0.113	0.113
   656	0.0160869	-0.113	0.113
   657	0.0251362	-0.113	0.113
   658	0.0146682	-0.113	0.113
   659	0.0288455	-0.113	0.113
   660	0.0421786	-0.113	0.113
   661	0.0185513	-0.113	0.113
   662	0.0436603	-0.113	0.113
   663	0.0129957	-0.113	0.113
   664	0.0434118	-0.113	0.113
   665	0.0382054	-0.113	0.113
   666	0.0288509	-0.113	0.113
   667	0.0161905	-0.113	0.113
   668	0.0313081	-0.113	0.113
   669	0.0111401	-0.113	0.113
   670	0.0132167	-0.113	0.113
   671	0.02056	-0.113	0.113
   672	0.0377869	-0.113	0.113
   673	0.0267496	-0.113	0.113
   674	0.0146613	-0.113	0.113
   675	0.0213935	-0.113	0.113
   676	0.0439292	-0.113	0.113
   677	0.0216439	-0.113	0.113
   678	0.0335636	-0.113	0.113
   679	0.0210886	-0.113	0.113
   680	0.017268	-0.113	0.113
   681	0.0288521	-0.113	0.113
   682	0.0421461	-0.113	0.113
   683	0.0355874	-0.113	0.113
   684	0.0438596	-0.113	0.113
   685	0.0127038	-0.113	0.113
   686	0.0103217	-0.113	0.113
   687	0.0249952	-0.113	0.113
   688	0.012607	-0.113	0.113
   689	0.0190182	-0.113	0.113
   690	0.0166753	-0.113	0.113
   691	0.035134	-0.113	0.113
   692	0.0296663	-0.113	0.113
   693	0.0348855	-0.113	0.113
   694	0.0223104	-0.113	0.113
   695	0.0109686	-0.113	0.113
   696	0.024427	-0.113	0.113
   697	0.0211764	-0.113	0.113
   698	0.0323345	-0.113	0.113
   699	0.0159545	-0.113	0.113
   700	0.0106724	-0.113	0.113
   701	0.0440726	-0.113	0.113
   702	0.0407654	-0.113	0.113
   703	0.0122081	-0.113	0.113
   704	0.0291136	-0.113	0.113
   705	0.0401839	-0.113	0.113
   706	0.0319311	-0.113	0.113
   707	0.0423677	-0.113	0.113
   708	0.0260213	-0.113	0.113
   709	0.0314552	-0.113	0.113
   710	0.0437332	-0.113	0.113
   711	0.0301525	-0.113	0.113
   712	0.0255449	-0.113	0.113
   713	0.0404254	-0.113	0.113
   714	0.0430457	-0.113	0.113
   715	0.0145799	-0.113	0.113
   716	0.0206042	-0.113	0.113
   717	0.0404106	-0.113	0.113
   718	0.0189858	-0.113	0.113
   719	0.0324009	-0.113	0.113
   720	0.0280223	-0.113	0.113
   721	0.0379789	-0.113	0.113
   722	0.0135424	-0.113	0.113
   723	0.0231943	-0.113	0.113
   724	0.0193726	-0.113	0.113
   725	0.0325587	-0.113	0.113
   726	0.037716	-0.113	0.113
   727	0.0107505	-0.113	0.113
   728	0.0122835	-0.113	0.113
   729	0.0314019	-0.113	0.113
   730	0.0351863	-0.113	0.113
   731	0.0325165	-0.113	0.113
   732	0.0401053	-0.113	0.113
   733	0.0281828	-0.113	0.113
   734	0.0229919	-0.113	0.113
   735	0.0373756	-0.113	0.113
   736	0.0287927	-0.113	0.113
   737	0.0342236	-0.113	0.113
   738	0.0429045	-0.113	0.113
   739	0.042976	-0.113	0.113
   740	0.0418053	-0.113	0.113
   741	0.0399353	-0.113	0.113
   742	0.0239954	-0.113	0.113
   743	0.0241949	-0.113	0.113
   744	0.0244068	-0.113	0.113
   745	0.0369626	-0.113	0.113
   746	0.0107751	-0.113	0.113
   747	0.0436604	-0.113	0.113
   748	0.0198584	-0.113	0.113
   749	0.0340571	-0.113	0.113
   750	0.0398832	-0.113	0.113
   751	0.0205024	-0.113	0.113
   752	0.0222571	-0.113	0.113
   753	0.0161773	-0.113	0.113
   754	0.0107013	-0.113	0.113
   755	0.0339541	-0.113	0.113
   756	0.0381533	-0.113	0.113
   757	0.0425371	-0.113	0.113
   758	0.03188	-0.113	0.113
   759	0.0244869	-0.113	0.113
   760	0.0131466	-0.113	0.113
   761	0.0201472	-0.113	0.113
   762	0.0333061	-0.113	0.113
   763	0.0246029	-0.113	0.113
   764	0.0210977	-0.113	0.113
   765	0.0372889	-0.113	0.113
   766	0.0110518	-0.113	0.113
   767	0.0406223	-0.113	0.113
   768	0.0410874	-0.113	0.113
   769	0.0168943	-0.113	0.113
   770	0.0399384	-0.113	0.113
   771	0.0241321	-0.113	0.113
   772	0.0300964	-0.113	0.113
   773	0.0379013	-0.113	0.113
   774	0.0110899	-0.113	0.113
   775	0.0312325	-0.113	0.113
   776	0.0137107	-0.113	0.113
   777	0.0399297	-0.113	0.113
   778	0.012197	-0.113	0.113
   779	0.0111477	-0.113	0.113
   780	0.0224396	-0.113	0.113
   781	0.0422566	-0.113	0.113
   782	0.0107516	-0.113	0.113
   783	0.0430486	-0.113	0.113
   784	0.0142616	-0.113	0.113
   785	0.0354094	-0.113	0.113
   786	0.0171533	-0.113	0.113
   787	0.0437381	-0.113	0.113
   788	0.0276721	-0.113	0.113
   789	0.0151359	-0.113	0.113
   790	0.0230613	-0.113	0.113
   791	0.0368593	-0.113	0.113
   792	0.0220952	-0.113	0.113
   793	0.0129376	-0.113	0.113
   794	0.0311394	-0.113	0.113
   795	0.0277066	-0.113	0.113
   796	0.0423879	-0.113	0.113
   797	0.0365955	-0.113	0.113
   798	0.0135625	-0.113	0.113
   799	0.0263117	-0.113	0.113
   800	0.0158657	-0.113	0.113
   801	0.043646	-0.113	0.113
   802	0.028219	-0.113	0.113
   803	0.0117458	-0.113	0.113
   804	0.0423661	-0.113	0.113
   805	0.0308876	-0.113	0.113
   806	0.0120174	-0.113	0.113
   807	0.0351505	-0.113	0.113
   808	0.0120996	-0.113	0.113
   809	0.0142911	-0.113	0.113
   810	0.0206503	-0.113	0.113
   811	0.0201798	-0.113	0.113
   812	0.0278659	-0.113	0.113
   813	0.0128153	-0.113	0.113
   814	0.0184163	-0.113	0.113
   815	0.0265788	-0.113	0.113
   816	0.0178804	-0.113	0.113
   817	0.0253887	-0.113	0.113
   818	0.0108106	-0.113	0.113
   819	0.0147451	-0.113	0.113
   820	0.0349997	-0.113	0.113
   821	0.0208656	-0.113	0.113
   822	0.0117699	-0.113	0.113
   823	0.0366285	-0.113	0.113
   824	0.0332885	-0.113	0.113
   825	0.0127968	-0.113	0.113
   826	0.01751	-0.113	0.113
   827	0.0388776	-0.113	0.113
   828	0.0386389	-0.113	0.113
   829	0.0280132	-0.113	0.113
   830	0.0111544	-0.113	0.113
   831	0.0186628	-0.113	0.113
   832	0.0237606	-0.113	0.113
   833	0.021923	-0.113	0.113
   834	0.0227794	-0.113	0.113
   835	0.0156922	-0.113	0.113
   836	0.0278649	-0.113	0.113
   837	0.0140858	-0.113	0.113
   838	0.0107664	-0.113	0.113
   839	0.0131418	-0.113	0.113
   840	0.018007	-0.113	0.113
   841	0.0399507	-0.113	0.113
   842	0.0374783	-0.113	0.113
   843	0.0135999	-0.113	0.113
   844	0.0363374	-0.113	0.113
   845	0.0404629	-0.113	0.113
   846	0.0428593	-0.113	0.113
   847	0.0293771	-0.113	0.113
   848	0.0343545	-0.113	0.113
   849	0.0341398	-0.113	0.113
   850	0.0198973	-0.113	0.113
   851	0.0250077	-0.113	0.113
   852	0.0249112	-0.113	0.113
   853	0.0281577	-0.113	0.113
   854	0.0172454	-0.113	0.113
   855	0.026182	-0.113	0.113
   856	0.0424591	-0.113	0.113
   857	0.0239557	-0.113	0.113
   858	0.0353736	-0.113	0.113
   859	0.033711	-0.113	0.113
   860	0.0407283	-0.113	0.113
   861	0.0102548	-0.113	0.113
   862	0.0436213	-0.113	0.113
   863	0.0344135	-0.113	0.113
   864	0.0114939	-0.113	0.113
   865	0.0116854	-0.113	0.113
   866	0.0112978	-0.113	0.113
   867	0.0164958	-0.113	0.113
   868	0.0207649	-0.113	0.113
   869	0.0163455	-0.113	0.113
   870	0.0145223	-0.113	0.113
   871	0.0393062	-0.113	0.113
   872	0.0115313	-0.113	0.113
   873	0.0189086	-0.113	0.113
   874	0.0102191	-0.113	0.113
   875	0.0171377	-0.113	0.113
   876	0.0143421	-0.113	0.113
   877	0.0293078	-0.113	0.113
   878	0.0338498	-0.113	0.113
   879	0.0217937	-0.113	0.113
   880	0.0318049	-0.113	0.113
   881	0.0186614	-0.113	0.113
   882	0.025216	-0.113	0.113
   883	0.0199699	-0.113	0.113
   884	0.0383305	-0.113	0.113
   885	0.0440374	-0.113	0.113
   886	0.0336569	-0.113	0.113
   887	0.0356361	-0.113	0.113
   888	0.0258343	-0.113	0.113
   889	0.0123069	-0.113	0.113
   890	0.0284222	-0.113	0.113
   891	0.0534883	-0.113	0.113
   892	0.0437537	-0.113	0.113
   893	0.0182928	-0.113	0.113
   894	0.0165041	-0.113	0.113
   895	0.0277619	-0.113	0.113
   896	0.012464	-0.113	0.113
   897	0.0423784	-0.113	0.113
   898	0.0367255	-0.113	0.113
   899	0.0381807	-0.113	0.113
   900	0.0328767	-0.113	0.113
   901	0.0109577	-0.113	0.113
   902	0.0230791	-0.113	0.113
   903	0.0274757	-0.113	0.113
   904	0.0192182	-0.113	0.113
   905	0.03122	-0.113	0.113
   906	0.0309599	-0.113	0.113
   907	0.0288796	-0.113	0.113
   908	0.0183404	-0.113	0.113
   909	0.0197177	-0.113	0.113
   910	0.0411362	-0.113	0.113
   911	0.012481	-0.113	0.113
   912	0.0135126	-0.113	0.113
   913	0.0254694	-0.113	0.113
   914	0.0268499	-0.113	0.113
   915	0.0121851	-0.113	0.113
   916	0.0440355	-0.113	0.113
   917	0.0330218	-0.113	0.113
   918	0.0282174	-0.113	0.113
   919	0.0144898	-0.113	0.113
   920	0.026877	-0.113	0.113
   921	0.0131128	-0.113	0.113
   922	0.0206159	-0.113	0.113
   923	0.0226404	-0.113	0.113
   924	0.011648	-0.113	0.113
   925	0.0316327	-0.113	0.113
   926	0.0390079	-0.113	0.113
   927	0.0201996	-0.113	0.113
   928	0.0331707	-0.113	0.113
   929	0.0171516	-0.113	0.113
   930	0.0368741	-0.113	0.113
   931	0.0160382	-0.113	0.113
   932	0.0163827	-0.113	0.113
   933	0.0124837	-0.113	0.113
   934	0.0190907	-0.113	0.113
   935	0.0182068	-0.113	0.113
   936	0.0106679	-0.113	0.113
   937	0.0381967	-0.113	0.113
   938	0.0356829	-0.113	0.113
   939	0.0284033	-0.113	0.113
   940	0.0361875	-0.113	0.113
   941	0.0403873	-0.113	0.113
   942	0.0241152	-0.113	0.113
   943	0.0327043	-0.113	0.113
   944	0.0301633	-0.113	0.113
   945	0.0225398	-0.113	0.113
   946	0.0371318	-0.113	0.113
   947	0.0436028	-0.113	0.113
   948	0.0128918	-0.113	0.113
   949	0.0397719	-0.113	0.113
   950	0.0220941	-0.113	0.113
   951	0.0225002	-0.113	0.113
   952	0.0224574	-0.113	0.113
   953	0.0206606	-0.113	0.113
   954	0.0268356	-0.113	0.113
   955	0.0177805	-0.113	0.113
   956	0.0120665	-0.113	0.113
   957	0.0246768	-0.113	0.113
   958	0.0345536	-0.113	0.113
   959	0.0436987	-0.113	0.113
   960	0.02772	-0.113	0.113
   961	0.0331508	-0.113	0.113
   962	0.0257769	-0.113	0.113
   963	0.0165439	-0.113	0.113
   964	0.0181578	-0.113	0.113
   965	0.0152018	-0.113	0.113
   966	0.0353547	-0.113	0.113
   967	0.0424719	-0.113	0.113
   968	0.0142576	-0.113	0.113
   969	0.0284046	-0.113	0.113
   970	0.0336997	-0.113	0.113
   971	0.0132341	-0.113	0.113
   972	0.036744	-0.113	0.113
   973	0.0315331	-0.113	0.113
   974	0.0333335	-0.113	0.113
   975	0.0334864	-0.113	0.113
   976	0.0360713	-0.113	0.113
   977	0.0255595	-0.113	0.113
   978	0.0351803	-0.113	0.113
   979	0.011476	-0.113	0.113
   980	0.0333506	-0.113	0.113
   981	0.0300545	-0.113	0.113
   982	0.025905	-0.113	0.113
   983	0.0160686	-0.113	0.113
   984	0.0198939	-0.113	0.113
   985	0.0302468	-0.113	0.113
   986	0.0328411	-0.113	0.113
   987	0.0238565	-0.113	0.113
   988	0.0269516	-0.113	0.113
   989	0.023059	-0.113	0.113
   990	0.0372085	-0.113	0.113
   991	0.0438842	-0.113	0.113
   992	0.0409408	-0.113	0.113
   993	0.0117701	-0.113	0.113
   994	0.0379311	-0.113	0.113
   995	0.0416431	-0.113	0.113
   996	0.0109365	-0.113	0.113
   997	0.0282438	-0.113	0.113
   998	0.0206201	-0.113	0.113
   999	0.0398913	-0.113	0.113
  1000	0.0401993	-0.113	0.113
  1001	0.0113903	-0.113	0.113
  1002	0.0410395	-0.113	0.113
  1003	0.010165	-0.113	0.113
  1004	0.0392698	-0.113	0.113
  1005	0.0101693	-0.113	0.113
  1006	0.022534	-0.113	0.113
  1007	0.0290951	-0.113	0.113
  1008	0.0134194	-0.113	0.113
  1009	0.0328282	-0.113	0.113
  1010	0.0291788	-0.113	0.113
  1011	0.0142124	-0.113	0.113
  1012	0.0261708	-0.113	0.113
  1013	0.0403132	-0.113	0.113
  1014	0.0368973	-0.113	0.113
  1015	0.0431759	-0.113	0.113
  1016	0.0172081	-0.113	0.113
  1017	0.013304	-0.113	0.113
  1018	0.0426846	-0.113	0.113
  1019	0.0300457	-0.113	0.113
  1020	0.0420698	-0.113	0.113
  1021	0.0184329	-0.113	0.113
  1022	0.0101565	-0.113	0.113
  1023	0.0288866	-0.113	0.113
  1024	0.0145486	-0.113	0.113
  1025	0.035119	-0.113	0.113
  1026	0.0302343	-0.113	0.113
  1027	0.0358788	-0.113	0.113
  1028	0.0123875	-0.113	0.113
  1029	0.0222719	-0.113	0.113
  1030	0.0396039	-0.113	0.113
  1031	0.0151724	-0.113	0.113
  1032	0.0184924	-0.113	0.113
  1033	0.0319812	-0.113	0.113
  1034	0.0142848	-0.113	0.113
  1035	0.0350472	-0.113	0.113
  1036	0.0105065	-0.113	0.113
  1037	0.0279518	-0.113	0.113
  1038	0.0216596	-0.113	0.113
  1039	0.0354399	-0.113	0.113
  1040	0.0130237	-0.113	0.113
  1041	0.0149647	-0.113	0.113
  1042	0.0153531	-0.113	0.113
  1043	0.0111246	-0.113	0.113
  1044	0.0207607	-0.113	0.113
  1045	0.0390447	-0.113	0.113
  1046	0.0144913	-0.113	0.113
  1047	0.0142345	-0.113	0.113
  1048	0.0433719	-0.113	0.113
  1049	0.0110523	-0.113	0.113
  1050	0.0297797	-0.113	0.113
  1051	0.01491	-0.113	0.113
  1052	0.0322811	-0.113	0.113
  1053	0.0117968	-0.113	0.113
  1054	0.0271199	-0.113	0.113
  1055	0.0414582	-0.113	0.113
  1056	0.0208018	-0.113	0.113
  1057	0.0428924	-0.113	0.113
  1058	0.0369781	-0.113	0.113
  1059	0.0199463	-0.113	0.113
  1060	0.0292741	-0.113	0.113
  1061	0.0112996	-0.113	0.113
  1062	0.0102695	-0.113	0.113
  1063	0.0353868	-0.113	0.113
  1064	0.0220981	-0.113	0.113
  1065	0.0172708	-0.113	0.113
  1066	0.0407927	-0.113	0.113
  1067	0.0149137	-0.113	0.113
  1068	0.0235916	-0.113	0.113
  1069	0.0148356	-0.113	0.113
  1070	0.0109561	-0.113	0.113
  1071	0.0363319	-0.113	0.113
  1072	0.0241242	-0.113	0.113
  1073	0.0409481	-0.113	0.113
  1074	0.0422368	-0.113	0.113
  1075	0.0311094	-0.113	0.113
  1076	0.0112025	-0.113	0.113
  1077	0.0318065	-0.113	0.113
  1078	0.0250859	-0.113	0.113
  1079	0.0124799	-0.113	0.113
  1080	0.0134521	-0.113	0.113
  1081	0.0162887	-0.113	0.113
  1082	0.0258258	-0.113	0.113
  1083	0.0290313	-0.113	0.113
  1084	0.0314398	-0.113	0.113
  1085	0.0441951	-0.113	0.113
  1086	0.0180034	-0.113	0.113
  1087	0.0143968	-0.113	0.113
  1088	0.0115606	-0.113	0.113
  1089	0.0262951	-0.113	0.113
  1090	0.0425505	-0.113	0.113
  1091	0.0375549	-0.113	0.113
  1092	0.0226557	-0.113	0.113
  1093	0.0208583	-0.113	0.113
  1094	0.0428975	-0.113	0.113
  1095	0.0139617	-0.113	0.113
  1096	0.0221831	-0.113	0.113
  1097	0.0433557	-0.113	0.113
  1098	0.0167639	-0.113	0.113
  1099	0.0310794	-0.113	0.113
  1100	0.0204781	-0.113	0.113
  1101	0.0122011	-0.113	0.113
  1102	0.0105171	-0.113	0.113
  1103	0.0289549	-0.113	0.113
  1104	0.0426221	-0.113	0.113
  1105	0.015557	-0.113	0.113
  1106	0.0140445	-0.113	0.113
  1107	0.0245572	-0.113	0.113
  1108	0.0436565	-0.113	0.113
  1109	0.0344695	-0.113	0.113
  1110	0.0125072	-0.113	0.113
  1111	0.0169522	-0.113	0.113
  1112	0.0414989	-0.113	0.113
  1113	0.0405978	-0.113	0.113
  1114	0.0190146	-0.113	0.113
  1115	0.0163485	-0.113	0.113
  1116	0.026699	-0.113	0.113
  1117	0.042273	-0.113	0.113
  1118	0.0371346	-0.113	0.113
  1119	0.0485714	-0.113	0.113
  1120	0.0387001	-0.113	0.113
  1121	0.0184271	-0.113	0.113
  1122	0.0386424	-0.113	0.113
  1123	0.022901	-0.113	0.113
  1124	0.0281567	-0.113	0.113
  1125	0.0240632	-0.113	0.113
  1126	0.0350213	-0.113	0.113
  1127	0.0206561	-0.113	0.113
  1128	0.0128986	-0.113	0.113
  1129	0.0135536	-0.113	0.113
  1130	0.0411815	-0.113	0.113
  1131	0.0389313	-0.113	0.113
  1132	0.0214163	-0.113	0.113
  1133	0.0342944	-0.113	0.113
  1134	0.0436882	-0.113	0.113
  1135	0.0389985	-0.113	0.113
  1136	0.0312068	-0.113	0.113
  1137	0.0371511	-0.113	0.113
  1138	0.0133034	-0.113	0.113
  1139	0.0125495	-0.113	0.113
  1140	0.0405079	-0.113	0.113
  1141	0.0154577	-0.113	0.113
  1142	0.019886	-0.113	0.113
  1143	0.0418762	-0.113	0.113
  1144	0.0256701	-0.113	0.113
  1145	0.0377011	-0.113	0.113
  1146	0.0365103	-0.113	0.113
  1147	0.0407953	-0.113	0.113
  1148	0.010624	-0.113	0.113
  1149	0.0135187	-0.113	0.113
  1150	0.0423399	-0.113	0.113
  1151	0.0175398	-0.113	0.113
  1152	0.0238182	-0.113	0.113
  1153	0.0227958	-0.113	0.113
  1154	0.0222113	-0.113	0.113
  1155	0.040465	-0.113	0.113
  1156	0.0436704	-0.113	0.113
  1157	0.0105351	-0.113	0.113
  1158	0.0443423	-0.113	0.113
  1159	0.0101906	-0.113	0.113
  1160	0.0166146	-0.113	0.113
  1161	0.0366636	-0.113	0.113
  1162	0.0378111	-0.113	0.113
  1163	0.0317236	-0.113	0.113
  1164	0.0393111	-0.113	0.113
  1165	0.0427701	-0.113	0.113
  1166	0.0274099	-0.113	0.113
  1167	0.0419908	-0.113	0.113
  1168	0.0321999	-0.113	0.113
  1169	0.0262971	-0.113	0.113
  1170	0.0422014	-0.113	0.113
  1171	0.0282125	-0.113	0.113
  1172	0.0328748	-0.113	0.113
  1173	0.0373772	-0.113	0.113
  1174	0.0333144	-0.113	0.113
  1175	0.0359616	-0.113	0.113
  1176	0.0312772	-0.113	0.113
  1177	0.0390835	-0.113	0.113
  1178	0.0157688	-0.113	0.113
  1179	0.01682	-0.113	0.113
  1180	0.0161387	-0.113	0.113
  1181	0.0402635	-0.113	0.113
  1182	0.0418594	-0.113	0.113
  1183	0.0173394	-0.113	0.113
  1184	0.0124481	-0.113	0.113
  1185	0.0403576	-0.113	0.113
  1186	0.0426559	-0.113	0.113
  1187	0.0211906	-0.113	0.113
  1188	0.0231758	-0.113	0.113
  1189	0.0426459	-0.113	0.113
  1190	0.0271824	-0.113	0.113
  1191	0.0415922	-0.113	0.113
  1192	0.0155365	-0.113	0.113
  1193	0.0298746	-0.113	0.113
  1194	0.0441326	-0.113	0.113
  1195	0.0292344	-0.113	0.113
  1196	0.0432637	-0.113	0.113
  1197	0.0165226	-0.113	0.113
  1198	0.0439449	-0.113	0.113
  1199	0.0535715	-0.113	0.113
  1200	0.0284814	-0.113	0.113
  1201	0.0268473	-0.113	0.113
  1202	0.034864	-0.113	0.113
  1203	0.0221237	-0.113	0.113
  1204	0.0389675	-0.113	0.113
  1205	0.0382749	-0.113	0.113
  1206	0.0231028	-0.113	0.113
  1207	0.0153417	-0.113	0.113
  1208	0.0327973	-0.113	0.113
  1209	0.0431567	-0.113	0.113
  1210	0.0133051	-0.113	0.113
  1211	0.0397191	-0.113	0.113
  1212	0.0261729	-0.113	0.113
  1213	0.0102847	-0.113	0.113
  1214	0.0344274	-0.113	0.113
  1215	0.0116158	-0.113	0.113
  1216	0.0354884	-0.113	0.113
  1217	0.0344694	-0.113	0.113
  1218	0.0305473	-0.113	0.113
  1219	0.0419329	-0.113	0.113
  1220	0.0232898	-0.113	0.113
  1221	0.0340437	-0.113	0.113
  1222	0.024804	-0.113	0.113
  1223	0.0343752	-0.113	0.113
  1224	0.0381833	-0.113	0.113
  1225	0.0409511	-0.113	0.113
  1226	0.0102656	-0.113	0.113
  1227	0.0167328	-0.113	0.113
  1228	0.0421876	-0.113	0.113
  1229	0.037508	-0.113	0.113
  1230	0.014156	-0.113	0.113
  1231	0.0143017	-0.113	0.113
  1232	0.0330072	-0.113	0.113
  1233	0.0269679	-0.113	0.113
  1234	0.0132467	-0.113	0.113
  1235	0.0245316	-0.113	0.113
  1236	0.0360515	-0.113	0.113
  1237	0.0159269	-0.113	0.113
  1238	0.0438173	-0.113	0.113
  1239	0.0444969	-0.113	0.113
  1240	0.0142875	-0.113	0.113
  1241	0.0324331	-0.113	0.113
  1242	0.0249576	-0.113	0.113
  1243	0.0381192	-0.113	0.113
  1244	0.0270427	-0.113	0.113
  1245	0.0238298	-0.113	0.113
  1246	0.0223676	-0.113	0.113
  1247	0.0398645	-0.113	0.113
  1248	0.0103105	-0.113	0.113
  1249	0.0112622	-0.113	0.113
  1250	0.0432982	-0.113	0.113
  1251	0.0209463	-0.113	0.113
  1252	0.0438442	-0.113	0.113
  1253	0.0240559	-0.113	0.113
  1254	0.0359321	-0.113	0.113
  1255	0.0398545	-0.113	0.113
  1256	0.0318409	-0.113	0.113
  1257	0.0132361	-0.113	0.113
  1258	0.018873	-0.113	0.113
  1259	0.0174649	-0.113	0.113
  1260	0.0125576	-0.113	0.113
  1261	0.0392785	-0.113	0.113
  1262	0.0344739	-0.113	0.113
  1263	0.0385288	-0.113	0.113
  1264	0.043851	-0.113	0.113
  1265	0.0394822	-0.113	0.113
  1266	0.0390277	-0.113	0.113
  1267	0.012577	-0.113	0.113
  1268	0.0275568	-0.113	0.113
  1269	0.0130424	-0.113	0.113
  1270	0.021252	-0.113	0.113
  1271	0.0225688	-0.113	0.113
  1272	0.0419724	-0.113	0.113
  1273	0.0455878	-0.113	0.113
  1274	0.0122314	-0.113	0.113
  1275	0.0395979	-0.113	0.113
  1276	0.02099	-0.113	0.113
  1277	0.0424796	-0.113	0.113
  1278	0.0219442	-0.113	0.113
  1279	0.0342962	-0.113	0.113
  1280	0.014383	-0.113	0.113
  1281	0.0234863	-0.113	0.113
  1282	0.0267095	-0.113	0.113
  1283	0.022123	-0.113	0.113
  1284	0.0259488	-0.113	0.113
  1285	0.0152734	-0.113	0.113
  1286	0.0127078	-0.113	0.113
  1287	0.0249104	-0.113	0.113
  1288	0.0217759	-0.113	0.113
  1289	0.0150254	-0.113	0.113
  1290	0.0126765	-0.113	0.113
  1291	0.0109932	-0.113	0.113
  1292	0.0313507	-0.113	0.113
  1293	0.0170663	-0.113	0.113
  1294	0.0110579	-0.113	0.113
  1295	0.0422553	-0.113	0.113
  1296	0.0431902	-0.113	0.113
  1297	0.0257848	-0.113	0.113
  1298	0.0131383	-0.113	0.113
  1299	0.0343291	-0.113	0.113
  1300	0.015246	-0.113	0.113
  1301	0.0433251	-0.113	0.113
  1302	0.0153048	-0.113	0.113
  1303	0.0101292	-0.113	0.113
  1304	0.0105974	-0.113	0.113
  1305	0.0157101	-0.113	0.113
  1306	0.0414334	-0.113	0.113
  1307	0.0390993	-0.113	0.113
  1308	0.0423339	-0.113	0.113
  1309	0.0258753	-0.113	0.113
  1310	0.0191568	-0.113	0.113
  1311	0.0437914	-0.113	0.113
  1312	0.0318508	-0.113	0.113
  1313	0.0324834	-0.113	0.113
  1314	0.011417	-0.113	0.113
  1315	0.0127983	-0.113	0.113
  1316	0.019152	-0.113	0.113
  1317	0.0262333	-0.113	0.113
  1318	0.0434298	-0.113	0.113
  1319	0.0277681	-0.113	0.113
  1320	0.0112524	-0.113	0.113
  1321	0.0347944	-0.113	0.113
  1322	0.0106489	-0.113	0.113
  1323	0.0211522	-0.113	0.113
  1324	0.0161397	-0.113	0.113
  1325	0.036168	-0.113	0.113
  1326	0.0221148	-0.113	0.113
  1327	0.0262389	-0.113	0.113
  1328	0.0198022	-0.113	0.113
  1329	0.0355299	-0.113	0.113
  1330	0.013071	-0.113	0.113
  1331	0.0134819	-0.113	0.113
  1332	0.0220227	-0.113	0.113
  1333	0.0144643	-0.113	0.113
  1334	0.0390421	-0.113	0.113
  1335	0.0177889	-0.113	0.113
  1336	0.0304967	-0.113	0.113
  1337	0.0427695	-0.113	0.113
  1338	0.0215333	-0.113	0.113
  1339	0.0243656	-0.113	0.113
  1340	0.0150126	-0.113	0.113
  1341	0.0107445	-0.113	0.113
  1342	0.012367	-0.113	0.113
  1343	0.0269729	-0.113	0.113
  1344	0.0122379	-0.113	0.113
  1345	0.0247534	-0.113	0.113
  1346	0.042787	-0.113	0.113
  1347	0.0346759	-0.113	0.113
  1348	0.0267296	-0.113	0.113
  1349	0.0143328	-0.113	0.113
  1350	0.0233708	-0.113	0.113
  1351	0.0108651	-0.113	0.113
  1352	0.0174509	-0.113	0.113
  1353	0.0136431	-0.113	0.113
  1354	0.0314138	-0.113	0.113
  1355	0.0260606	-0.113	0.113
  1356	0.0424695	-0.113	0.113
  1357	0.0412123	-0.113	0.113
  1358	0.0328391	-0.113	0.113
  1359	0.0345269	-0.113	0.113
  1360	0.0202955	-0.113	0.113
  1361	0.0317469	-0.113	0.113
  1362	0.0410521	-0.113	0.113
  1363	0.0190994	-0.113	0.113
  1364	0.032645	-0.113	0.113
  1365	0.020993	-0.113	0.113
  1366	0.0416265	-0.113	0.113
  1367	0.0284782	-0.113	0.113
  1368	0.0259302	-0.113	0.113
  1369	0.0128678	-0.113	0.113
  1370	0.0267021	-0.113	0.113
  1371	0.0145955	-0.113	0.113
  1372	0.022125	-0.113	0.113
  1373	0.0236507	-0.113	0.113
  1374	0.0143754	-0.113	0.113
  1375	0.0431919	-0.113	0.113
  1376	0.0364676	-0.113	0.113
  1377	0.0390349	-0.113	0.113
  1378	0.0229483	-0.113	0.113
  1379	0.017731	-0.113	0.113
  1380	0.0228445	-0.113	0.113
  1381	0.024395	-0.113	0.113
  1382	0.0310046	-0.113	0.113
  1383	0.0101763	-0.113	0.113
  1384	0.0233314	-0.113	0.113
  1385	0.0418148	-0.113	0.113
  1386	0.0438774	-0.113	0.113
  1387	0.0304638	-0.113	0.113
  1388	0.0264046	-0.113	0.113
  1389	0.0347947	-0.113	0.113
  1390	0.0324167	-0.113	0.113
  1391	0.0398798	-0.113	0.113
  1392	0.0409693	-0.113	0.113
  1393	0.0136378	-0.113	0.113
  1394	0.0284478	-0.113	0.113
  1395	0.0385803	-0.113	0.113
  1396	0.0441257	-0.113	0.113
  1397	0.0194822	-0.113	0.113
  1398	0.0117232	-0.113	0.113
  1399	0.0164168	-0.113	0.113
  1400	0.0387775	-0.113	0.113
  1401	0.0316332	-0.113	0.113
  1402	0.0157658	-0.113	0.113
  1403	0.0431185	-0.113	0.113
  1404	0.0179938	-0.113	0.113
  1405	0.0376621	-0.113	0.113
  1406	0.0176179	-0.113	0.113
  1407	0.038281	-0.113	0.113
  1408	0.036312	-0.113	0.113
  1409	0.0324108	-0.113	0.113
  1410	0.0363279	-0.113	0.113
  1411	0.0250833	-0.113	0.113
  1412	0.0303451	-0.113	0.113
  1413	0.0244272	-0.113	0.113
  1414	0.0283808	-0.113	0.113
  1415	0.0440527	-0.113	0.113
  1416	0.0432178	-0.113	0.113
  1417	0.0430922	-0.113	0.113
  1418	0.0133192	-0.113	0.113
  1419	0.0390204	-0.113	0.113
  1420	0.0421626	-0.113	0.113
  1421	0.0308392	-0.113	0.113
  1422	0.0365549	-0.113	0.113
  1423	0.0357556	-0.113	0.113
  1424	0.0249762	-0.113	0.113
  1425	0.044094	-0.113	0.113
  1426	0.0146886	-0.113	0.113
  1427	0.0116948	-0.113	0.113
  1428	0.0149975	-0.113	0.113
  1429	0.0356984	-0.113	0.113
  1430	0.0329598	-0.113	0.113
  1431	0.0110306	-0.113	0.113
  1432	0.0301594	-0.113	0.113
  1433	0.0375435	-0.113	0.113
  1434	0.0329702	-0.113	0.113
  1435	0.0244447	-0.113	0.113
  1436	0.0313837	-0.113	0.113
  1437	0.0218007	-0.113	0.113
  1438	0.0153578	-0.113	0.113
  1439	0.0401889	-0.113	0.113
  1440	0.0190683	-0.113	0.113
  1441	0.014	-0.113	0.113
  1442	0.0192308	-0.113	0.113
  1443	0.0158368	-0.113	0.113
  1444	0.0437094	-0.113	0.113
  1445	0.0120444	-0.113	0.113
  1446	0.0221302	-0.113	0.113
  1447	0.0192874	-0.113	0.113
  1448	0.0277563	-0.113	0.113
  1449	0.0336856	-0.113	0.113
  1450	0.0134667	-0.113	0.113
  1451	0.0205883	-0.113	0.113
  1452	0.0351156	-0.113	0.113
  1453	0.0114562	-0.113	0.113
  1454	0.0318489	-0.113	0.113
  1455	0.0205594	-0.113	0.113
  1456	0.0363387	-0.113	0.113
  1457	0.0412265	-0.113	0.113
  1458	0.0145888	-0.113	0.113
  1459	0.0243898	-0.113	0.113
  1460	0.0172667	-0.113	0.113
  1461	0.0290537	-0.113	0.113
  1462	0.0152874	-0.113	0.113
  1463	0.0391213	-0.113	0.113
  1464	0.0203706	-0.113	0.113
  1465	0.0406889	-0.113	0.113
  1466	0.0125771	-0.113	0.113
  1467	0.01831	-0.113	0.113
  1468	0.0246952	-0.113	0.113
  1469	0.0173668	-0.113	0.113
  1470	0.0310361	-0.113	0.113
  1471	0.011963	-0.113	0.113
  1472	0.0184196	-0.113	0.113
  1473	0.034978	-0.113	0.113
  1474	0.0192486	-0.113	0.113
  1475	0.0134329	-0.113	0.113
  1476	0.0395294	-0.113	0.113
  1477	0.0404498	-0.113	0.113
  1478	0.0408888	-0.113	0.113
  1479	0.0390328	-0.113	0.113
  1480	0.0363525	-0.113	0.113
  1481	0.0140141	-0.113	0.113
  1482	0.0278876	-0.113	0.113
  1483	0.0365449	-0.113	0.113
  1484	0.0355621	-0.113	0.113
  1485	0.0224801	-0.113	0.113
  1486	0.0217404	-0.113	0.113
  1487	0.015463	-0.113	0.113
  1488	0.0306645	-0.113	0.113
  1489	0.0221403	-0.113	0.113
  1490	0.0252801	-0.113	0.113
  1491	0.0144522	-0.113	0.113
  1492	0.0426682	-0.113	0.113
  1493	0.0189655	-0.113	0.113
  1494	0.0313794	-0.113	0.113
  1495	0.0154614	-0.113	0.113
  1496	0.0253763	-0.113	0.113
  1497	0.0432383	-0.113	0.113
  1498	0.0434713	-0.113	0.113
  1499	0.036859	-0.113	0.113
  1500	0.0304565	-0.113	0.113
  1501	0.022224	-0.113	0.113
  1502	0.0171748	-0.113	0.113
  1503	0.0243096	-0.113	0.113
  1504	0.0212065	-0.113	0.113
  1505	0.0155444	-0.113	0.113
  1506	0.0293252	-0.113	0.113
  1507	0.0216304	-0.113	0.113
  1508	0.0133481	-0.113	0.113
  1509	0.0345039	-0.113	0.113
  1510	0.011462	-0.113	0.113
  1511	0.0355423	-0.113	0.113
  1512	0.0392188	-0.113	0.113
  1513	0.0163205	-0.113	0.113
  1514	0.029409	-0.113	0.113
  1515	0.0439077	-0.113	0.113
  1516	0.0324305	-0.113	0.113
  1517	0.0240448	-0.113	0.113
  1518	0.0182049	-0.113	0.113
  1519	0.0398544	-0.113	0.113
  1520	0.0153428	-0.113	0.113
  1521	0.0125237	-0.113	0.113
  1522	0.0384414	-0.113	0.113
  1523	0.0423187	-0.113	0.113
  1524	0.0311799	-0.113	0.113
  1525	0.0307595	-0.113	0.113
  1526	0.0364825	-0.113	0.113
  1527	0.0438014	-0.113	0.113
  1528	0.0361203	-0.113	0.113
  1529	0.0224302	-0.113	0.113
  1530	0.0112317	-0.113	0.113
  1531	0.0165287	-0.113	0.113
  1532	0.0436989	-0.113	0.113
  1533	0.0435285	-0.113	0.113
  1534	0.0305364	-0.113	0.113
  1535	0.0419192	-0.113	0.113
  1536	0.0295028	-0.113	0.113
  1537	0.0420154	-0.113	0.113
  1538	0.0204145	-0.113	0.113
  1539	0.0317106	-0.113	0.113
  1540	0.0174991	-0.113	0.113
  1541	0.0422447	-0.113	0.113
  1542	0.0291536	-0.113	0.113
  1543	0.0140786	-0.113	0.113
  1544	0.0211602	-0.113	0.113
  1545	0.0390654	-0.113	0.113
  1546	0.0139717	-0.113	0.113
  1547	0.0109771	-0.113	0.113
  1548	0.029904	-0.113	0.113
  1549	0.0230658	-0.113	0.113
  1550	0.016544	-0.113	0.113
  1551	0.017131	-0.113	0.113
  1552	0.0103723	-0.113	0.113
  1553	0.0381459	-0.113	0.113
  1554	0.0318954	-0.113	0.113
  1555	0.0166531	-0.113	0.113
  1556	0.0119045	-0.113	0.113
  1557	0.0334859	-0.113	0.113
  1558	0.0159391	-0.113	0.113
  1559	0.0116608	-0.113	0.113
  1560	0.0150188	-0.113	0.113
  1561	0.0396877	-0.113	0.113
  1562	0.0428732	-0.113	0.113
  1563	0.0181719	-0.113	0.113
  1564	0.0211779	-0.113	0.113
  1565	0.0195334	-0.113	0.113
  1566	0.0160557	-0.113	0.113
  1567	0.0249462	-0.113	0.113
  1568	0.0162518	-0.113	0.113
  1569	0.0111372	-0.113	0.113
  1570	0.0438808	-0.113	0.113
  1571	0.024113	-0.113	0.113
  1572	0.0320937	-0.113	0.113
  1573	0.025289	-0.113	0.113
  1574	0.0334732	-0.113	0.113
  1575	0.0304993	-0.113	0.113
  1576	0.0422724	-0.113	0.113
  1577	0.0279394	-0.113	0.113
  1578	0.023324	-0.113	0.113
  1579	0.0402021	-0.113	0.113
  1580	0.0417393	-0.113	0.113
  1581	0.0199506	-0.113	0.113
  1582	0.0295336	-0.113	0.113
  1583	0.0210845	-0.113	0.113
  1584	0.0177574	-0.113	0.113
  1585	0.0434521	-0.113	0.113
  1586	0.0393072	-0.113	0.113
  1587	0.0369295	-0.113	0.113
  1588	0.0326691	-0.113	0.113
  1589	0.0349377	-0.113	0.113
  1590	0.0134511	-0.113	0.113
  1591	0.0163799	-0.113	0.113
  1592	0.0149905	-0.113	0.113
  1593	0.044059	-0.113	0.113
  1594	0.0315015	-0.113	0.113
  1595	0.0440897	-0.113	0.113
  1596	0.0177544	-0.113	0.113
  1597	0.026488	-0.113	0.113
  1598	0.0258563	-0.113	0.113
  1599	0.0305552	-0.113	0.113
  1600	0.0204772	-0.113	0.113
  1601	0.0427529	-0.113	0.113
  1602	0.0199342	-0.113	0.113
  1603	0.0410952	-0.113	0.113
  1604	0.0261504	-0.113	0.113
  1605	0.0279471	-0.113	0.113
  1606	0.0109067	-0.113	0.113
  1607	0.0441293	-0.113	0.113
  1608	0.0117832	-0.113	0.113
  1609	0.0272683	-0.113	0.113
  1610	0.0436933	-0.113	0.113
  1611	0.040409	-0.113	0.113
  1612	0.014684	-0.113	0.113
  1613	0.0358826	-0.113	0.113
  1614	0.0433809	-0.113	0.113
  1615	0.0288257	-0.113	0.113
  1616	0.010919	-0.113	0.113
  1617	0.0365392	-0.113	0.113
  1618	0.0193796	-0.113	0.113
  1619	0.0410326	-0.113	0.113
  1620	0.0441213	-0.113	0.113
  1621	0.0257537	-0.113	0.113
  1622	0.0287839	-0.113	0.113
  1623	0.0439638	-0.113	0.113
  1624	0.0441443	-0.113	0.113
  1625	0.0140755	-0.113	0.113
  1626	0.0276382	-0.113	0.113
  1627	0.0409469	-0.113	0.113
  1628	0.0221789	-0.113	0.113
  1629	0.043177	-0.113	0.113
  1630	0.0108393	-0.113	0.113
  1631	0.0414457	-0.113	0.113
  1632	0.044199	-0.113	0.113
  1633	0.0273243	-0.113	0.113
  1634	0.0314333	-0.113	0.113
  1635	0.0248846	-0.113	0.113
  1636	0.0142243	-0.113	0.113
  1637	0.0134832	-0.113	0.113
  1638	0.0306347	-0.113	0.113
  1639	0.0127863	-0.113	0.113
  1640	0.0217738	-0.113	0.113
  1641	0.0291254	-0.113	0.113
  1642	0.0107869	-0.113	0.113
  1643	0.0284929	-0.113	0.113
  1644	0.0127407	-0.113	0.113
  1645	0.0255788	-0.113	0.113
  1646	0.0191652	-0.113	0.113
  1647	0.0265995	-0.113	0.113
  1648	0.0162947	-0.113	0.113
  1649	0.0137197	-0.113	0.113
  1650	0.0135655	-0.113	0.113
  1651	0.0168903	-0.113	0.113
  1652	0.0243616	-0.113	0.113
  1653	0.02268	-0.113	0.113
  1654	0.0436321	-0.113	0.113
  1655	0.0382775	-0.113	0.113
  1656	0.0257172	-0.113	0.113
  1657	0.0326658	-0.113	0.113
  1658	0.014282	-0.113	0.113
  1659	0.0325227	-0.113	0.113
  1660	0.036481	-0.113	0.113
  1661	0.0184006	-0.113	0.113
  1662	0.0416889	-0.113	0.113
  1663	0.0424641	-0.113	0.113
  1664	0.0281539	-0.113	0.113
  1665	0.0436698	-0.113	0.113
  1666	0.0191001	-0.113	0.113
  1667	0.0417704	-0.113	0.113
  1668	0.0192958	-0.113	0.113
  1669	0.0344022	-0.113	0.113
  1670	0.0265381	-0.113	0.113
  1671	0.0221751	-0.113	0.113
  1672	0.0277294	-0.113	0.113
  1673	0.0116372	-0.113	0.113
  1674	0.0288671	-0.113	0.113
  1675	0.0392446	-0.113	0.113
  1676	0.0328668	-0.113	0.113
  1677	0.0147952	-0.113	0.113
  1678	0.0284796	-0.113	0.113
  1679	0.0270014	-0.113	0.113
  1680	0.0436125	-0.113	0.113
  1681	0.0226574	-0.113	0.113
  1682	0.0202156	-0.113	0.113
  1683	0.0126769	-0.113	0.113
  1684	0.0156294	-0.113	0.113
  1685	0.0254485	-0.113	0.113
  1686	0.0304741	-0.113	0.113
  1687	0.0380553	-0.113	0.113
  1688	0.0328629	-0.113	0.113
  1689	0.0198467	-0.113	0.113
  1690	0.0379186	-0.113	0.113
  1691	0.043222	-0.113	0.113
  1692	0.0387471	-0.113	0.113
  1693	0.0267249	-0.113	0.113
  1694	0.0138884	-0.113	0.113
  1695	0.043864	-0.113	0.113
  1696	0.0135741	-0.113	0.113
  1697	0.0266637	-0.113	0.113
  1698	0.0399885	-0.113	0.113
  1699	0.0332097	-0.113	0.113
  1700	0.0322244	-0.113	0.113
  1701	0.0159121	-0.113	0.113
  1702	0.0261759	-0.113	0.113
  1703	0.0353584	-0.113	0.113
  1704	0.0304594	-0.113	0.113
  1705	0.0268211	-0.113	0.113
  1706	0.0421137	-0.113	0.113
  1707	0.0234922	-0.113	0.113
  1708	0.0150921	-0.113	0.113
  1709	0.0314403	-0.113	0.113
  1710	0.0200062	-0.113	0.113
  1711	0.0298538	-0.113	0.113
  1712	0.0150567	-0.113	0.113
  1713	0.0227986	-0.113	0.113
  1714	0.0304466	-0.113	0.113
  1715	0.0204764	-0.113	0.113
  1716	0.0359698	-0.113	0.113
  1717	0.0215089	-0.113	0.113
  1718	0.0189093	-0.113	0.113
  1719	0.0407629	-0.113	0.113
  1720	0.0104185	-0.113	0.113
  1721	0.0104476	-0.113	0.113
  1722	0.0357126	-0.113	0.113
  1723	0.0429647	-0.113	0.113
  1724	0.0247754	-0.113	0.113
  1725	0.0359315	-0.113	0.113
  1726	0.0416128	-0.113	0.113
  1727	0.0203356	-0.113	0.113
  1728	0.0183013	-0.113	0.113
  1729	0.0438723	-0.113	0.113
  1730	0.0338608	-0.113	0.113
  1731	0.0175231	-0.113	0.113
  1732	0.0354176	-0.113	0.113
  1733	0.0248027	-0.113	0.113
  1734	0.0263848	-0.113	0.113
  1735	0.0314105	-0.113	0.113
  1736	0.0107021	-0.113	0.113
  1737	0.0286005	-0.113	0.113
  1738	0.0431472	-0.113	0.113
  1739	0.0398137	-0.113	0.113
  1740	0.0179228	-0.113	0.113
  1741	0.0429775	-0.113	0.113
  1742	0.0344741	-0.113	0.113
  1743	0.0315754	-0.113	0.113
  1744	0.0191312	-0.113	0.113
  1745	0.0438349	-0.113	0.113
  1746	0.0113368	-0.113	0.113
  1747	0.0402462	-0.113	0.113
  1748	0.0418054	-0.113	0.113
  1749	0.0409066	-0.113	0.113
  1750	0.0154754	-0.113	0.113
  1751	0.0435058	-0.113	0.113
  1752	0.0157074	-0.113	0.113
  1753	0.0111437	-0.113	0.113
  1754	0.0168303	-0.113	0.113
  1755	0.0375923	-0.113	0.113
  1756	0.0207213	-0.113	0.113
  1757	0.0378847	-0.113	0.113
  1758	0.0426637	-0.113	0.113
  1759	0.0262304	-0.113	0.113
  1760	0.0374068	-0.113	0.113
  1761	0.0128521	-0.113	0.113
  1762	0.0327652	-0.113	0.113
  1763	0.024459	-0.113	0.113
  1764	0.0433199	-0.113	0.113
  1765	0.035656	-0.113	0.113
  1766	0.0366891	-0.113	0.113
  1767	0.0410051	-0.113	0.113
  1768	0.0271865	-0.113	0.113
  1769	0.0404566	-0.113	0.113
  1770	0.0177232	-0.113	0.113
  1771	0.0117387	-0.113	0.113
  1772	0.0296218	-0.113	0.113
  1773	0.0338889	-0.113	0.113
  1774	0.044297	-0.113	0.113
  1775	0.0292911	-0.113	0.113
  1776	0.0215373	-0.113	0.113
  1777	0.0417813	-0.113	0.113
  1778	0.015506	-0.113	0.113
  1779	0.018647	-0.113	0.113
  1780	0.0343991	-0.113	0.113
  1781	0.0199768	-0.113	0.113
  1782	0.0340446	-0.113	0.113
  1783	0.0389243	-0.113	0.113
  1784	0.0170994	-0.113	0.113
  1785	0.0426892	-0.113	0.113
  1786	0.029205	-0.113	0.113
  1787	0.0376474	-0.113	0.113
  1788	0.0148217	-0.113	0.113
  1789	0.0395902	-0.113	0.113
  1790	0.0398096	-0.113	0.113
  1791	0.0194589	-0.113	0.113
  1792	0.0207081	-0.113	0.113
  1793	0.0407894	-0.113	0.113
  1794	0.0279918	-0.113	0.113
  1795	0.0173123	-0.113	0.113
  1796	0.0394923	-0.113	0.113
  1797	0.0122806	-0.113	0.113
  1798	0.0103665	-0.113	0.113
  1799	0.0128945	-0.113	0.113
  1800	0.0170839	-0.113	0.113
  1801	0.0188513	-0.113	0.113
  1802	0.0236843	-0.113	0.113
  1803	0.0109834	-0.113	0.113
  1804	0.0336975	-0.113	0.113
  1805	0.0289714	-0.113	0.113
  1806	0.0192824	-0.113	0.113
  1807	0.0113383	-0.113	0.113
  1808	0.0194515	-0.113	0.113
  1809	0.0433056	-0.113	0.113
  1810	0.0280238	-0.113	0.113
  1811	0.0267251	-0.113	0.113
  1812	0.031626	-0.113	0.113
  1813	0.0250784	-0.113	0.113
  1814	0.0290612	-0.113	0.113
  1815	0.0442942	-0.113	0.113
  1816	0.0353417	-0.113	0.113
  1817	0.0214922	-0.113	0.113
  1818	0.0343647	-0.113	0.113
  1819	0.0339778	-0.113	0.113
  1820	0.0134663	-0.113	0.113
  1821	0.0354922	-0.113	0.113
  1822	0.0159587	-0.113	0.113
  1823	0.0438747	-0.113	0.113
  1824	0.0387584	-0.113	0.113
  1825	0.029019	-0.113	0.113
  1826	0.0282286	-0.113	0.113
  1827	0.0418081	-0.113	0.113
  1828	0.0204428	-0.113	0.113
  1829	0.021899	-0.113	0.113
  1830	0.0348299	-0.113	0.113
  1831	0.0132186	-0.113	0.113
  1832	0.0216659	-0.113	0.113
  1833	0.0105735	-0.113	0.113
  1834	0.0361965	-0.113	0.113
  1835	0.0418899	-0.113	0.113
  1836	0.0437446	-0.113	0.113
  1837	0.0191906	-0.113	0.113
  1838	0.0262474	-0.113	0.113
  1839	0.0434941	-0.113	0.113
  1840	0.028554	-0.113	0.113
  1841	0.0169086	-0.113	0.113
  1842	0.0420329	-0.113	0.113
  1843	0.0363129	-0.113	0.113
  1844	0.0247506	-0.113	0.113
  1845	0.0190594	-0.113	0.113
  1846	0.0219509	-0.113	0.113
  1847	0.0228982	-0.113	0.113
  1848	0.0244091	-0.113	0.113
  1849	0.0105716	-0.113	0.113
  1850	0.0279454	-0.113	0.113
  1851	0.0314957	-0.113	0.113
  1852	0.0424241	-0.113	0.113
  1853	0.0115859	-0.113	0.113
  1854	0.011326	-0.113	0.113
  1855	0.0420874	-0.113	0.113
  1856	0.0153241	-0.113	0.113
  1857	0.0237064	-0.113	0.113
  1858	0.0401594	-0.113	0.113
  1859	0.022456	-0.113	0.113
  1860	0.0288266	-0.113	0.113
  1861	0.0170159	-0.113	0.113
  1862	0.0438942	-0.113	0.113
  1863	0.0438965	-0.113	0.113
  1864	0.0431851	-0.113	0.113
  1865	0.0106655	-0.113	0.113
  1866	0.0410487	-0.113	0.113
  1867	0.0249298	-0.113	0.113
  1868	0.0433672	-0.113	0.113
  1869	0.0302042	-0.113	0.113
  1870	0.0434431	-0.113	0.113
  1871	0.0430829	-0.113	0.113
  1872	0.0175112	-0.113	0.113
  1873	0.0280599	-0.113	0.113
  1874	0.0129468	-0.113	0.113
  1875	0.0188644	-0.113	0.113
  1876	0.0107267	-0.113	0.113
  1877	0.0129949	-0.113	0.113
  1878	0.0278102	-0.113	0.113
  1879	0.0314424	-0.113	0.113
  1880	0.0134621	-0.113	0.113
  1881	0.0260111	-0.113	0.113
  1882	0.0252363	-0.113	0.113
  1883	0.0419658	-0.113	0.113
  1884	0.0124087	-0.113	0.113
  1885	0.0137874	-0.113	0.113
  1886	0.0125375	-0.113	0.113
  1887	0.023233	-0.113	0.113
  1888	0.0338113	-0.113	0.113
  1889	0.0235076	-0.113	0.113
  1890	0.0555985	-0.113	0.113
  1891	0.0408773	-0.113	0.113
  1892	0.0217983	-0.113	0.113
  1893	0.0161045	-0.113	0.113
  1894	0.0147153	-0.113	0.113
  1895	0.0149657	-0.113	0.113
  1896	0.0413588	-0.113	0.113
  1897	0.0257618	-0.113	0.113
  1898	0.0313372	-0.113	0.113
  1899	0.0107393	-0.113	0.113
  1900	0.0441509	-0.113	0.113
  1901	0.0213094	-0.113	0.113
  1902	0.026441	-0.113	0.113
  1903	0.0231871	-0.113	0.113
  1904	0.0346276	-0.113	0.113
  1905	0.0441383	-0.113	0.113
  1906	0.0238339	-0.113	0.113
  1907	0.0372234	-0.113	0.113
  1908	0.0433699	-0.113	0.113
  1909	0.0346351	-0.113	0.113
  1910	0.0441092	-0.113	0.113
  1911	0.0431547	-0.113	0.113
  1912	0.0322181	-0.113	0.113
  1913	0.0244359	-0.113	0.113
  1914	0.0118592	-0.113	0.113
  1915	0.0436632	-0.113	0.113
  1916	0.0226866	-0.113	0.113
  1917	0.0392588	-0.113	0.113
  1918	0.0147394	-0.113	0.113
  1919	0.0392944	-0.113	0.113
  1920	0.0103638	-0.113	0.113
  1921	0.010341	-0.113	0.113
  1922	0.0394391	-0.113	0.113
  1923	0.015048	-0.113	0.113
  1924	0.0235602	-0.113	0.113
  1925	0.0132085	-0.113	0.113
  1926	0.0247456	-0.113	0.113
  1927	0.0417323	-0.113	0.113
  1928	0.0174269	-0.113	0.113
  1929	0.0334235	-0.113	0.113
  1930	0.0233429	-0.113	0.113
  1931	0.0327417	-0.113	0.113
  1932	0.0337882	-0.113	0.113
  1933	0.0256958	-0.113	0.113
  1934	0.0223636	-0.113	0.113
  1935	0.0148991	-0.113	0.113
  1936	0.0124419	-0.113	0.113
  1937	0.043372	-0.113	0.113
  1938	0.015324	-0.113	0.113
  1939	0.0224471	-0.113	0.113
  1940	0.0484701	-0.113	0.113
  1941	0.0240239	-0.113	0.113
  1942	0.0237566	-0.113	0.113
  1943	0.0102561	-0.113	0.113
  1944	0.0145524	-0.113	0.113
  1945	0.0288121	-0.113	0.113
  1946	0.0278594	-0.113	0.113
  1947	0.0422734	-0.113	0.113
  1948	0.0310571	-0.113	0.113
  1949	0.0238356	-0.113	0.113
  1950	0.0374928	-0.113	0.113
  1951	0.0158736	-0.113	0.113
  1952	0.0135158	-0.113	0.113
  1953	0.010544	-0.113	0.113
  1954	0.013523	-0.113	0.113
  1955	0.0421713	-0.113	0.113
  1956	0.010125	-0.113	0.113
  1957	0.0437237	-0.113	0.113
  1958	0.0349583	-0.113	0.113
  1959	0.0439629	-0.113	0.113
  1960	0.0368311	-0.113	0.113
  1961	0.0348321	-0.113	0.113
  1962	0.0215652	-0.113	0.113
  1963	0.0183914	-0.113	0.113
  1964	0.0141359	-0.113	0.113
  1965	0.0168134	-0.113	0.113
  1966	0.0433458	-0.113	0.113
  1967	0.0261141	-0.113	0.113
  1968	0.0229002	-0.113	0.113
  1969	0.023265	-0.113	0.113
  1970	0.0361498	-0.113	0.113
  1971	0.0164461	-0.113	0.113
  1972	0.0284551	-0.113	0.113
  1973	0.0177718	-0.113	0.113
  1974	0.0271117	-0.113	0.113
  1975	0.0420575	-0.113	0.113
  1976	0.0428509	-0.113	0.113
  1977	0.0272939	-0.113	0.113
  1978	0.0120105	-0.113	0.113
  1979	0.0216317	-0.113	0.113
  1980	0.0197886	-0.113	0.113
  1981	0.0397266	-0.113	0.113
  1982	0.0182904	-0.113	0.113
  1983	0.0231569	-0.113	0.113
  1984	0.0441608	-0.113	0.113
  1985	0.023362	-0.113	0.113
  1986	0.0160243	-0.113	0.113
  1987	0.0176048	-0.113	0.113
  1988	0.0331923	-0.113	0.113
  1989	0.0313225	-0.113	0.113
  1990	0.0249943	-0.113	0.113
  1991	0.0175501	-0.113	0.113
  1992	0.0243742	-0.113	0.113
  1993	0.0421094	-0.113	0.113
  1994	0.0196781	-0.113	0.113
  1995	0.0110948	-0.113	0.113
  1996	0.0242967	-0.113	0.113
  1997	0.012273	-0.113	0.113
  1998	0.014067	-0.113	0.113
  1999	0.0262741	-0.113	0.113
  2000	0.0273265	-0.113	0.113
  2001	0.0437	-0.113	0.113
  2002	0.0423655	-0.113	0.113
  2003	0.0105776	-0.113	0.113
  2004	0.043137	-0.113	0.113
  2005	0.0210547	-0.113	0.113
  2006	0.0356731	-0.113	0.113
  2007	0.0359301	-0.113	0.113
  2008	0.0107483	-0.113	0.113
  2009	0.0267621	-0.113	0.113
  2010	0.0228588	-0.113	0.113
  2011	0.0156012	-0.113	0.113
  2012	0.0414699	-0.113	0.113
  2013	0.024043	-0.113	0.113
  2014	0.0439706	-0.113	0.113
  2015	0.0198511	-0.113	0.113
  2016	0.0428611	-0.113	0.113
  2017	0.0375625	-0.113	0.113
  2018	0.0308969	-0.113	0.113
  2019	0.0219063	-0.113	0.113
  2020	0.0438778	-0.113	0.113
  2021	0.0430295	-0.113	0.113
  2022	0.0134638	-0.113	0.113
  2023	0.0126305	-0.113	0.113
  2024	0.0102254	-0.113	0.113
  2025	0.0423289	-0.113	0.113
  2026	0.0140787	-0.113	0.113
  2027	0.0171669	-0.113	0.113
  2028	0.040952	-0.113	0.113
  2029	0.0408913	-0.113	0.113
  2030	0.0198724	-0.113	0.113
  2031	0.0109481	-0.113	0.113
  2032	0.0105125	-0.113	0.113
  2033	0.0289352	-0.113	0.113
  2034	0.0371081	-0.113	0.113
  2035	0.0114518	-0.113	0.113
  2036	0.0249252	-0.113	0.113
  2037	0.0153993	-0.113	0.113
  2038	0.0246343	-0.113	0.113
  2039	0.0325903	-0.113	0.113
  2040	0.0406558	-0.113	0.113
  2041	0.0379025	-0.113	0.113
  2042	0.0133504	-0.113	0.113
  2043	0.0351015	-0.113	0.113
  2044	0.0202802	-0.113	0.113
  2045	0.0311826	-0.113	0.113
  2046	0.0349581	-0.113	0.113
  2047	0.0171723	-0.113	0.113
  2048	0.0311291	-0.113	0.113
  2049	0.034714	-0.113	0.113
  2050	0.0251717	-0.113	0.113
  2051	0.0430253	-0.113	0.113
  2052	0.021337	-0.113	0.113
  2053	0.0119369	-0.113	0.113
  2054	0.0377345	-0.113	0.113
  2055	0.0128736	-0.113	0.113
  2056	0.021534	-0.113	0.113
  2057	0.0115841	-0.113	0.113
  2058	0.0162078	-0.113	0.113
  2059	0.0284373	-0.113	0.113
  2060	0.0420286	-0.113	0.113
  2061	0.0395052	-0.113	0.113
  2062	0.0320905	-0.113	0.113
  2063	0.0244287	-0.113	0.113
  2064	0.021331	-0.113	0.113
  2065	0.039771	-0.113	0.113
  2066	0.0109556	-0.113	0.113
  2067	0.0111369	-0.113	0.113
  2068	0.0148705	-0.113	0.113
  2069	0.0326143	-0.113	0.113
  2070	0.0304698	-0.113	0.113
  2071	0.0295622	-0.113	0.113
  2072	0.0433183	-0.113	0.113
  2073	0.0430861	-0.113	0.113
  2074	0.0104526	-0.113	0.113
  2075	0.0354946	-0.113	0.113
  2076	0.0206836	-0.113	0.113
  2077	0.0437368	-0.113	0.113
  2078	0.0146794	-0.113	0.113
  2079	0.0439402	-0.113	0.113
  2080	0.0344733	-0.113	0.113
  2081	0.0340307	-0.113	0.113
  2082	0.0141846	-0.113	0.113
  2083	0.0429191	-0.113	0.113
  2084	0.0169732	-0.113	0.113
  2085	0.0136157	-0.113	0.113
  2086	0.0337488	-0.113	0.113
  2087	0.0430159	-0.113	0.113
  2088	0.0230831	-0.113	0.113
  2089	0.02903	-0.113	0.113
  2090	0.0106488	-0.113	0.113
  2091	0.0211967	-0.113	0.113
  2092	0.0229635	-0.113	0.113
  2093	0.0378079	-0.113	0.113
  2094	0.0137745	-0.113	0.113
  2095	0.0118861	-0.113	0.113
  2096	0.0406944	-0.113	0.113
  2097	0.0222761	-0.113	0.113
  2098	0.0124324	-0.113	0.113
  2099	0.0370314	-0.113	0.113
  2100	0.0435113	-0.113	0.113
  2101	0.0316971	-0.113	0.113
  2102	0.021683	-0.113	0.113
  2103	0.0283636	-0.113	0.113
  2104	0.0235444	-0.113	0.113
  2105	0.0426495	-0.113	0.113
  2106	0.0362738	-0.113	0.113
  2107	0.0220856	-0.113	0.113
  2108	0.0109044	-0.113	0.113
  2109	0.0442586	-0.113	0.113
  2110	0.0442463	-0.113	0.113
  2111	0.0129882	-0.113	0.113
  2112	0.0274831	-0.113	0.113
  2113	0.0185328	-0.113	0.113
  2114	0.0357591	-0.113	0.113
  2115	0.0145096	-0.113	0.113
  2116	0.0316889	-0.113	0.113
  2117	0.0233563	-0.113	0.113
  2118	0.0156958	-0.113	0.113
  2119	0.0118087	-0.113	0.113
  2120	0.0393611	-0.113	0.113
  2121	0.0269198	-0.113	0.113
  2122	0.0380799	-0.113	0.113
  2123	0.0210355	-0.113	0.113
  2124	0.0208264	-0.113	0.113
  2125	0.0197161	-0.113	0.113
  2126	0.013832	-0.113	0.113
  2127	0.0384212	-0.113	0.113
  2128	0.0357447	-0.113	0.113
  2129	0.0421997	-0.113	0.113
  2130	0.0376394	-0.113	0.113
  2131	0.0120455	-0.113	0.113
  2132	0.0434553	-0.113	0.113
  2133	0.0318204	-0.113	0.113
  2134	0.0437892	-0.113	0.113
  2135	0.03708	-0.113	0.113
  2136	0.0332769	-0.113	0.113
  2137	0.0156944	-0.113	0.113
  2138	0.0117729	-0.113	0.113
  2139	0.0290405	-0.113	0.113
  2140	0.0166747	-0.113	0.113
  2141	0.0433531	-0.113	0.113
  2142	0.0313428	-0.113	0.113
  2143	0.0365657	-0.113	0.113
  2144	0.014021	-0.113	0.113
  2145	0.0191088	-0.113	0.113
  2146	0.0111675	-0.113	0.113
  2147	0.0104906	-0.113	0.113
  2148	0.012465	-0.113	0.113
  2149	0.0114301	-0.113	0.113
  2150	0.0412811	-0.113	0.113
  2151	0.0443571	-0.113	0.113
  2152	0.0186273	-0.113	0.113
  2153	0.0264198	-0.113	0.113
  2154	0.0110966	-0.113	0.113
  2155	0.0345761	-0.113	0.113
  2156	0.0439829	-0.113	0.113
  2157	0.0432636	-0.113	0.113
  2158	0.0255885	-0.113	0.113
  2159	0.0262422	-0.113	0.113
  2160	0.011308	-0.113	0.113
  2161	0.0351826	-0.113	0.113
  2162	0.0343692	-0.113	0.113
  2163	0.0411502	-0.113	0.113
  2164	0.0249383	-0.113	0.113
  2165	0.0254631	-0.113	0.113
  2166	0.0160097	-0.113	0.113
  2167	0.0103787	-0.113	0.113
  2168	0.036643	-0.113	0.113
  2169	0.036772	-0.113	0.113
  2170	0.0221199	-0.113	0.113
  2171	0.012049	-0.113	0.113
  2172	0.0322161	-0.113	0.113
  2173	0.0113393	-0.113	0.113
  2174	0.0146326	-0.113	0.113
  2175	0.0383399	-0.113	0.113
  2176	0.0369817	-0.113	0.113
  2177	0.0117228	-0.113	0.113
  2178	0.0156547	-0.113	0.113
  2179	0.0352605	-0.113	0.113
  2180	0.0138263	-0.113	0.113
  2181	0.0178264	-0.113	0.113
  2182	0.0123467	-0.113	0.113
  2183	0.0135028	-0.113	0.113
  2184	0.036706	-0.113	0.113
  2185	0.0157171	-0.113	0.113
  2186	0.0223109	-0.113	0.113
  2187	0.0242749	-0.113	0.113
  2188	0.0354894	-0.113	0.113
  2189	0.0310378	-0.113	0.113
  2190	0.0300035	-0.113	0.113
  2191	0.0222242	-0.113	0.113
  2192	0.0202032	-0.113	0.113
  2193	0.0243199	-0.113	0.113
  2194	0.0120663	-0.113	0.113
  2195	0.0438098	-0.113	0.113
  2196	0.0414747	-0.113	0.113
  2197	0.0268604	-0.113	0.113
  2198	0.0397079	-0.113	0.113
  2199	0.0292745	-0.113	0.113
  2200	0.0162674	-0.113	0.113
  2201	0.0332994	-0.113	0.113
  2202	0.0204071	-0.113	0.113
  2203	0.0114809	-0.113	0.113
  2204	0.0331481	-0.113	0.113
  2205	0.0280477	-0.113	0.113
  2206	0.0298644	-0.113	0.113
  2207	0.0517874	-0.113	0.113
  2208	0.0415905	-0.113	0.113
  2209	0.0279118	-0.113	0.113
  2210	0.017646	-0.113	0.113
  2211	0.0112672	-0.113	0.113
  2212	0.0413374	-0.113	0.113
  2213	0.0429597	-0.113	0.113
  2214	0.0436767	-0.113	0.113
  2215	0.0314142	-0.113	0.113
  2216	0.0116642	-0.113	0.113
  2217	0.042047	-0.113	0.113
  2218	0.0391225	-0.113	0.113
  2219	0.0367245	-0.113	0.113
  2220	0.0343514	-0.113	0.113
  2221	0.011777	-0.113	0.113
  2222	0.0164423	-0.113	0.113
  2223	0.0430644	-0.113	0.113
  2224	0.0106059	-0.113	0.113
  2225	0.0230252	-0.113	0.113
  2226	0.0423739	-0.113	0.113
  2227	0.017406	-0.113	0.113
  2228	0.0350832	-0.113	0.113
  2229	0.0411523	-0.113	0.113
  2230	0.0200188	-0.113	0.113
  2231	0.0424741	-0.113	0.113
  2232	0.0195405	-0.113	0.113
  2233	0.025567	-0.113	0.113
  2234	0.016824	-0.113	0.113
  2235	0.0361318	-0.113	0.113
  2236	0.0134493	-0.113	0.113
  2237	0.043625	-0.113	0.113
  2238	0.0264554	-0.113	0.113
  2239	0.0304408	-0.113	0.113
  2240	0.0264205	-0.113	0.113
  2241	0.0429613	-0.113	0.113
  2242	0.0236268	-0.113	0.113
  2243	0.0163465	-0.113	0.113
  2244	0.0251175	-0.113	0.113
  2245	0.0173199	-0.113	0.113
  2246	0.0140341	-0.113	0.113
  2247	0.0177721	-0.113	0.113
  2248	0.0254523	-0.113	0.113
  2249	0.0295466	-0.113	0.113
  2250	0.0172911	-0.113	0.113
  2251	0.0333481	-0.113	0.113
  2252	0.0169318	-0.113	0.113
  2253	0.0417376	-0.113	0.113
  2254	0.0247572	-0.113	0.113
  2255	0.0152422	-0.113	0.113
  2256	0.014667	-0.113	0.113
  2257	0.0268834	-0.113	0.113
  2258	0.0431122	-0.113	0.113
  2259	0.0325458	-0.113	0.113
  2260	0.0147684	-0.113	0.113
  2261	0.0125945	-0.113	0.113
  2262	0.0437634	-0.113	0.113
  2263	0.0355692	-0.113	0.113
  2264	0.0390722	-0.113	0.113
  2265	0.0182838	-0.113	0.113
  2266	0.0106945	-0.113	0.113
  2267	0.037165	-0.113	0.113
  2268	0.0397568	-0.113	0.113
  2269	0.0178225	-0.113	0.113
  2270	0.0256704	-0.113	0.113
  2271	0.0106008	-0.113	0.113
  2272	0.0324316	-0.113	0.113
  2273	0.0294225	-0.113	0.113
  2274	0.0256783	-0.113	0.113
  2275	0.012254	-0.113	0.113
  2276	0.0398849	-0.113	0.113
  2277	0.0257543	-0.113	0.113
  2278	0.0345083	-0.113	0.113
  2279	0.011189	-0.113	0.113
  2280	0.0357126	-0.113	0.113
  2281	0.033319	-0.113	0.113
  2282	0.017477	-0.113	0.113
  2283	0.0292081	-0.113	0.113
  2284	0.0361204	-0.113	0.113
  2285	0.0113434	-0.113	0.113
  2286	0.0267152	-0.113	0.113
  2287	0.0390269	-0.113	0.113
  2288	0.0417129	-0.113	0.113
  2289	0.0170284	-0.113	0.113
  2290	0.0277339	-0.113	0.113
  2291	0.0124667	-0.113	0.113
  2292	0.0309855	-0.113	0.113
  2293	0.010695	-0.113	0.113
  2294	0.0148797	-0.113	0.113
  2295	0.0336576	-0.113	0.113
  2296	0.0353082	-0.113	0.113
  2297	0.0121838	-0.113	0.113
  2298	0.0144958	-0.113	0.113
  2299	0.0340439	-0.113	0.113
  2300	0.0310268	-0.113	0.113
  2301	0.039305	-0.113	0.113
  2302	0.0146191	-0.113	0.113
  2303	0.0360288	-0.113	0.113
  2304	0.0437582	-0.113	0.113
  2305	0.0437739	-0.113	0.113
  2306	0.0139313	-0.113	0.113
  2307	0.0424899	-0.113	0.113
  2308	0.0102728	-0.113	0.113
  2309	0.0288237	-0.113	0.113
  2310	0.0343421	-0.113	0.113
  2311	0.0454666	-0.113	0.113
  2312	0.011761	-0.113	0.113
  2313	0.0418642	-0.113	0.113
  2314	0.0245315	-0.113	0.113
  2315	0.0268529	-0.113	0.113
  2316	0.0274263	-0.113	0.113
  2317	0.0229103	-0.113	0.113
  2318	0.0179505	-0.113	0.113
  2319	0.015963	-0.113	0.113
  2320	0.0358993	-0.113	0.113
  2321	0.0441211	-0.113	0.113
  2322	0.025698	-0.113	0.113
  2323	0.0105722	-0.113	0.113
  2324	0.0189986	-0.113	0.113
  2325	0.0372498	-0.113	0.113
  2326	0.0262472	-0.113	0.113
  2327	0.0331604	-0.113	0.113
  2328	0.0145137	-0.113	0.113
  2329	0.0170504	-0.113	0.113
  2330	0.0422096	-0.113	0.113
  2331	0.0301972	-0.113	0.113
  2332	0.0426719	-0.113	0.113
  2333	0.0374265	-0.113	0.113
  2334	0.0419933	-0.113	0.113
  2335	0.0142239	-0.113	0.113
  2336	0.0422204	-0.113	0.113
  2337	0.0135081	-0.113	0.113
  2338	0.022348	-0.113	0.113
  2339	0.0110756	-0.113	0.113
  2340	0.0108314	-0.113	0.113
  2341	0.0106672	-0.113	0.113
  2342	0.0437425	-0.113	0.113
  2343	0.0109779	-0.113	0.113
  2344	0.037095	-0.113	0.113
  2345	0.0157636	-0.113	0.113
  2346	0.013941	-0.113	0.113
  2347	0.0413501	-0.113	0.113
  2348	0.0115505	-0.113	0.113
  2349	0.0396961	-0.113	0.113
  2350	0.0267059	-0.113	0.113
  2351	0.0378086	-0.113	0.113
  2352	0.0261526	-0.113	0.113
  2353	0.0115824	-0.113	0.113
  2354	0.0373269	-0.113	0.113
  2355	0.0306224	-0.113	0.113
  2356	0.0159567	-0.113	0.113
  2357	0.0171705	-0.113	0.113
  2358	0.0104849	-0.113	0.113
  2359	0.0167393	-0.113	0.113
  2360	0.0251246	-0.113	0.113
  2361	0.0409293	-0.113	0.113
  2362	0.0120569	-0.113	0.113
  2363	0.0364101	-0.113	0.113
  2364	0.0111084	-0.113	0.113
  2365	0.0337815	-0.113	0.113
  2366	0.0400906	-0.113	0.113
  2367	0.0154843	-0.113	0.113
  2368	0.0182278	-0.113	0.113
  2369	0.0230461	-0.113	0.113
  2370	0.0418868	-0.113	0.113
  2371	0.0436049	-0.113	0.113
  2372	0.0396607	-0.113	0.113
  2373	0.0111747	-0.113	0.113
  2374	0.0145503	-0.113	0.113
  2375	0.025518	-0.113	0.113
  2376	0.0212215	-0.113	0.113
  2377	0.0129877	-0.113	0.113
  2378	0.0363088	-0.113	0.113
  2379	0.0223853	-0.113	0.113
  2380	0.0169787	-0.113	0.113
  2381	0.0379538	-0.113	0.113
  2382	0.0191823	-0.113	0.113
  2383	0.0362018	-0.113	0.113
  2384	0.0147523	-0.113	0.113
  2385	0.0101551	-0.113	0.113
  2386	0.0394177	-0.113	0.113
  2387	0.0131588	-0.113	0.113
  2388	0.0312473	-0.113	0.113
  2389	0.0419248	-0.113	0.113
  2390	0.0436128	-0.113	0.113
  2391	0.0315089	-0.113	0.113
  2392	0.0422823	-0.113	0.113
  2393	0.0319779	-0.113	0.113
  2394	0.0159537	-0.113	0.113
  2395	0.0160932	-0.113	0.113
  2396	0.0367531	-0.113	0.113
  2397	0.0208551	-0.113	0.113
  2398	0.0304016	-0.113	0.113
  2399	0.0122278	-0.113	0.113
  2400	0.0203016	-0.113	0.113
  2401	0.0322896	-0.113	0.113
  2402	0.0210439	-0.113	0.113
  2403	0.0439351	-0.113	0.113
  2404	0.0133754	-0.113	0.113
  2405	0.0248335	-0.113	0.113
  2406	0.0341645	-0.113	0.113
  2407	0.0236485	-0.113	0.113
  2408	0.0397888	-0.113	0.113
  2409	0.0272979	-0.113	0.113
  2410	0.0141167	-0.113	0.113
  2411	0.0398977	-0.113	0.113
  2412	0.0263239	-0.113	0.113
  2413	0.0136887	-0.113	0.113
  2414	0.0387931	-0.113	0.113
  2415	0.0420489	-0.113	0.113
  2416	0.0169189	-0.113	0.113
  2417	0.0426666	-0.113	0.113
  2418	0.0196236	-0.113	0.113
  2419	0.015921	-0.113	0.113
  2420	0.0135407	-0.113	0.113
  2421	0.0299009	-0.113	0.113
  2422	0.0312615	-0.113	0.113
  2423	0.0415368	-0.113	0.113
  2424	0.0402704	-0.113	0.113
  2425	0.0115031	-0.113	0.113
  2426	0.0424063	-0.113	0.113
  2427	0.0163678	-0.113	0.113
  2428	0.0192731	-0.113	0.113
  2429	0.0326542	-0.113	0.113
  2430	0.0214723	-0.113	0.113
  2431	0.0436544	-0.113	0.113
  2432	0.0163792	-0.113	0.113
  2433	0.0337208	-0.113	0.113
  2434	0.0350547	-0.113	0.113
  2435	0.0247264	-0.113	0.113
  2436	0.0253072	-0.113	0.113
  2437	0.0189751	-0.113	0.113
  2438	0.0337021	-0.113	0.113
  2439	0.0190189	-0.113	0.113
  2440	0.0269794	-0.113	0.113
  2441	0.0220217	-0.113	0.113
  2442	0.0378363	-0.113	0.113
  2443	0.0372989	-0.113	0.113
  2444	0.0184307	-0.113	0.113
  2445	0.041713	-0.113	0.113
  2446	0.0221806	-0.113	0.113
  2447	0.0395912	-0.113	0.113
  2448	0.012813	-0.113	0.113
  2449	0.0219401	-0.113	0.113
  2450	0.0415368	-0.113	0.113
  2451	0.0188918	-0.113	0.113
  2452	0.0170898	-0.113	0.113
  2453	0.0147985	-0.113	0.113
  2454	0.0321579	-0.113	0.113
  2455	0.010302	-0.113	0.113
  2456	0.0425308	-0.113	0.113
  2457	0.0438134	-0.113	0.113
  2458	0.035828	-0.113	0.113
  2459	0.0379283	-0.113	0.113
  2460	0.0172896	-0.113	0.113
  2461	0.0238561	-0.113	0.113
  2462	0.0172695	-0.113	0.113
  2463	0.0313156	-0.113	0.113
  2464	0.0140825	-0.113	0.113
  2465	0.0253362	-0.113	0.113
  2466	0.0332719	-0.113	0.113
  2467	0.0169881	-0.113	0.113
  2468	0.026719	-0.113	0.113
  2469	0.0424609	-0.113	0.113
  2470	0.036166	-0.113	0.113
  2471	0.0371295	-0.113	0.113
  2472	0.0288635	-0.113	0.113
  2473	0.0195547	-0.113	0.113
  2474	0.0124996	-0.113	0.113
  2475	0.02027	-0.113	0.113
  2476	0.0188382	-0.113	0.113
  2477	0.0359126	-0.113	0.113
  2478	0.030453	-0.113	0.113
  2479	0.0435036	-0.113	0.113
  2480	0.0253307	-0.113	0.113
  2481	0.0137585	-0.113	0.113
  2482	0.0326558	-0.113	0.113
  2483	0.0211699	-0.113	0.113
  2484	0.0129261	-0.113	0.113
  2485	0.0121424	-0.113	0.113
  2486	0.031085	-0.113	0.113
  2487	0.0396253	-0.113	0.113
  2488	0.0357277	-0.113	0.113
  2489	0.0356974	-0.113	0.113
  2490	0.0259119	-0.113	0.113
  2491	0.0269667	-0.113	0.113
  2492	0.0135379	-0.113	0.113
  2493	0.0148134	-0.113	0.113
  2494	0.0220376	-0.113	0.113
  2495	0.0242662	-0.113	0.113
  2496	0.0188	-0.113	0.113
  2497	0.0417595	-0.113	0.113
  2498	0.0103033	-0.113	0.113
  2499	0.0306171	-0.113	0.113
  2500	0.0283099	-0.113	0.113
  2501	0.019481	-0.113	0.113
  2502	0.0105781	-0.113	0.113
  2503	0.0365809	-0.113	0.113
  2504	0.0376063	-0.113	0.113
  2505	0.043481	-0.113	0.113
  2506	0.0252327	-0.113	0.113
  2507	0.0434708	-0.113	0.113
  2508	0.0186123	-0.113	0.113
  2509	0.0348725	-0.113	0.113
  2510	0.0203006	-0.113	0.113
  2511	0.0112021	-0.113	0.113
  2512	0.026696	-0.113	0.113
  2513	0.0120168	-0.113	0.113
  2514	0.0437256	-0.113	0.113
  2515	0.0363785	-0.113	0.113
  2516	0.0168405	-0.113	0.113
  2517	0.0310262	-0.113	0.113
  2518	0.0144683	-0.113	0.113
  2519	0.0282423	-0.113	0.113
  2520	0.0124804	-0.113	0.113
  2521	0.0321004	-0.113	0.113
  2522	0.0387633	-0.113	0.113
  2523	0.0132793	-0.113	0.113
  2524	0.0350949	-0.113	0.113
  2525	0.0408654	-0.113	0.113
  2526	0.0407357	-0.113	0.113
  2527	0.0432365	-0.113	0.113
  2528	0.0142198	-0.113	0.113
  2529	0.0107666	-0.113	0.113
  2530	0.0170648	-0.113	0.113
  2531	0.0424479	-0.113	0.113
  2532	0.0114325	-0.113	0.113
  2533	0.0208525	-0.113	0.113
  2534	0.0429069	-0.113	0.113
  2535	0.0189159	-0.113	0.113
  2536	0.017963	-0.113	0.113
  2537	0.0393852	-0.113	0.113
  2538	0.012714	-0.113	0.113
  2539	0.0435775	-0.113	0.113
  2540	0.0337296	-0.113	0.113
  2541	0.0176844	-0.113	0.113
  2542	0.0421833	-0.113	0.113
  2543	0.0122619	-0.113	0.113
  2544	0.019589	-0.113	0.113
  2545	0.0396555	-0.113	0.113
  2546	0.0337802	-0.113	0.113
  2547	0.0409367	-0.113	0.113
  2548	0.0438099	-0.113	0.113
  2549	0.0118654	-0.113	0.113
  2550	0.0350302	-0.113	0.113
  2551	0.012345	-0.113	0.113
  2552	0.0375734	-0.113	0.113
  2553	0.0136648	-0.113	0.113
  2554	0.0351342	-0.113	0.113
  2555	0.0134511	-0.113	0.113
  2556	0.0194824	-0.113	0.113
  2557	0.01488	-0.113	0.113
  2558	0.0148367	-0.113	0.113
  2559	0.0119069	-0.113	0.113
  2560	0.0168938	-0.113	0.113
  2561	0.0136144	-0.113	0.113
  2562	0.0428071	-0.113	0.113
  2563	0.0390627	-0.113	0.113
  2564	0.0327638	-0.113	0.113
  2565	0.0273991	-0.113	0.113
  2566	0.0145706	-0.113	0.113
  2567	0.0101384	-0.113	0.113
  2568	0.0104953	-0.113	0.113
  2569	0.0171825	-0.113	0.113
  2570	0.0281501	-0.113	0.113
  2571	0.0344003	-0.113	0.113
  2572	0.0253663	-0.113	0.113
  2573	0.0245685	-0.113	0.113
  2574	0.0159915	-0.113	0.113
  2575	0.0339176	-0.113	0.113
  2576	0.0110919	-0.113	0.113
  2577	0.0135823	-0.113	0.113
  2578	0.034298	-0.113	0.113
  2579	0.035661	-0.113	0.113
  2580	0.0417042	-0.113	0.113
  2581	0.0306059	-0.113	0.113
  2582	0.0122183	-0.113	0.113
  2583	0.0308372	-0.113	0.113
  2584	0.0300296	-0.113	0.113
  2585	0.0185472	-0.113	0.113
  2586	0.03319	-0.113	0.113
  2587	0.0410931	-0.113	0.113
  2588	0.0325452	-0.113	0.113
  2589	0.0123182	-0.113	0.113
  2590	0.0314849	-0.113	0.113
  2591	0.0171333	-0.113	0.113
  2592	0.0315165	-0.113	0.113
  2593	0.0212452	-0.113	0.113
  2594	0.0436033	-0.113	0.113
  2595	0.0274111	-0.113	0.113
  2596	0.0222399	-0.113	0.113
  2597	0.0101596	-0.113	0.113
  2598	0.0369991	-0.113	0.113
  2599	0.0308718	-0.113	0.113
  2600	0.025265	-0.113	0.113
  2601	0.0127026	-0.113	0.113
  2602	0.011374	-0.113	0.113
  2603	0.0441706	-0.113	0.113
  2604	0.0432052	-0.113	0.113
  2605	0.019413	-0.113	0.113
  2606	0.0429641	-0.113	0.113
  2607	0.0417697	-0.113	0.113
  2608	0.0127489	-0.113	0.113
  2609	0.0438922	-0.113	0.113
  2610	0.0135257	-0.113	0.113
  2611	0.0425135	-0.113	0.113
  2612	0.0301381	-0.113	0.113
  2613	0.0345971	-0.113	0.113
  2614	0.0318187	-0.113	0.113
  2615	0.0375484	-0.113	0.113
  2616	0.043729	-0.113	0.113
  2617	0.0390985	-0.113	0.113
  2618	0.0407155	-0.113	0.113
  2619	0.024798	-0.113	0.113
  2620	0.0441477	-0.113	0.113
  2621	0.0355916	-0.113	0.113
  2622	0.0436885	-0.113	0.113
  2623	0.0355994	-0.113	0.113
  2624	0.0104126	-0.113	0.113
  2625	0.0419102	-0.113	0.113
  2626	0.022214	-0.113	0.113
  2627	0.0152469	-0.113	0.113
  2628	0.0220262	-0.113	0.113
  2629	0.0423592	-0.113	0.113
  2630	0.0145746	-0.113	0.113
  2631	0.0439986	-0.113	0.113
  2632	0.0174376	-0.113	0.113
  2633	0.023489	-0.113	0.113
  2634	0.0159972	-0.113	0.113
  2635	0.0154413	-0.113	0.113
  2636	0.0249461	-0.113	0.113
  2637	0.0232037	-0.113	0.113
  2638	0.0238479	-0.113	0.113
  2639	0.0187565	-0.113	0.113
  2640	0.0224529	-0.113	0.113
  2641	0.026812	-0.113	0.113
  2642	0.0154244	-0.113	0.113
  2643	0.0296213	-0.113	0.113
  2644	0.0170354	-0.113	0.113
  2645	0.0152805	-0.113	0.113
  2646	0.0341288	-0.113	0.113
  2647	0.0158718	-0.113	0.113
  2648	0.035558	-0.113	0.113
  2649	0.04096	-0.113	0.113
  2650	0.0157302	-0.113	0.113
  2651	0.0361699	-0.113	0.113
  2652	0.0140141	-0.113	0.113
  2653	0.0146512	-0.113	0.113
  2654	0.0137027	-0.113	0.113
  2655	0.0402306	-0.113	0.113
  2656	0.0342841	-0.113	0.113
  2657	0.0314791	-0.113	0.113
  2658	0.0172888	-0.113	0.113
  2659	0.035772	-0.113	0.113
  2660	0.0327564	-0.113	0.113
  2661	0.0320313	-0.113	0.113
  2662	0.0438253	-0.113	0.113
  2663	0.0238564	-0.113	0.113
  2664	0.0269535	-0.113	0.113
  2665	0.0432762	-0.113	0.113
  2666	0.0271778	-0.113	0.113
  2667	0.0282867	-0.113	0.113
  2668	0.0155391	-0.113	0.113
  2669	0.0424728	-0.113	0.113
  2670	0.0222952	-0.113	0.113
  2671	0.0183789	-0.113	0.113
  2672	0.0116794	-0.113	0.113
  2673	0.0362456	-0.113	0.113
  2674	0.0149066	-0.113	0.113
  2675	0.0151673	-0.113	0.113
  2676	0.0143543	-0.113	0.113
  2677	0.0153688	-0.113	0.113
  2678	0.0133627	-0.113	0.113
  2679	0.0421123	-0.113	0.113
  2680	0.0353827	-0.113	0.113
  2681	0.0150542	-0.113	0.113
  2682	0.0399547	-0.113	0.113
  2683	0.0275912	-0.113	0.113
  2684	0.0164607	-0.113	0.113
  2685	0.0125491	-0.113	0.113
  2686	0.0321101	-0.113	0.113
  2687	0.011965	-0.113	0.113
  2688	0.0185218	-0.113	0.113
  2689	0.0152471	-0.113	0.113
  2690	0.0314682	-0.113	0.113
  2691	0.0141137	-0.113	0.113
  2692	0.018552	-0.113	0.113
  2693	0.0439255	-0.113	0.113
  2694	0.0362789	-0.113	0.113
  2695	0.0272259	-0.113	0.113
  2696	0.0140799	-0.113	0.113
  2697	0.0226353	-0.113	0.113
  2698	0.0271312	-0.113	0.113
  2699	0.0259215	-0.113	0.113
  2700	0.0262642	-0.113	0.113
  2701	0.0413923	-0.113	0.113
  2702	0.0322626	-0.113	0.113
  2703	0.0247633	-0.113	0.113
  2704	0.012786	-0.113	0.113
  2705	0.0432628	-0.113	0.113
  2706	0.0355785	-0.113	0.113
  2707	0.0346781	-0.113	0.113
  2708	0.0112832	-0.113	0.113
  2709	0.0401974	-0.113	0.113
  2710	0.0410694	-0.113	0.113
  2711	0.0192473	-0.113	0.113
  2712	0.0113067	-0.113	0.113
  2713	0.0440612	-0.113	0.113
  2714	0.0407956	-0.113	0.113
  2715	0.0307135	-0.113	0.113
  2716	0.0139602	-0.113	0.113
  2717	0.0184687	-0.113	0.113
  2718	0.0389145	-0.113	0.113
  2719	0.040975	-0.113	0.113
  2720	0.0293895	-0.113	0.113
  2721	0.0194945	-0.113	0.113
  2722	0.0146804	-0.113	0.113
  2723	0.0131817	-0.113	0.113
  2724	0.0134155	-0.113	0.113
  2725	0.01038	-0.113	0.113
  2726	0.021786	-0.113	0.113
  2727	0.0232241	-0.113	0.113
  2728	0.019801	-0.113	0.113
  2729	0.0244145	-0.113	0.113
  2730	0.0154906	-0.113	0.113
  2731	0.0283271	-0.113	0.113
  2732	0.0318576	-0.113	0.113
  2733	0.0341177	-0.113	0.113
  2734	0.0438469	-0.113	0.113
  2735	0.0299888	-0.113	0.113
  2736	0.0380797	-0.113	0.113
  2737	0.0417355	-0.113	0.113
  2738	0.0266858	-0.113	0.113
  2739	0.0230598	-0.113	0.113
  2740	0.0362837	-0.113	0.113
  2741	0.0251241	-0.113	0.113
  2742	0.0153734	-0.113	0.113
  2743	0.0428117	-0.113	0.113
  2744	0.0406336	-0.113	0.113
  2745	0.0259684	-0.113	0.113
  2746	0.0126871	-0.113	0.113
  2747	0.030608	-0.113	0.113
  2748	0.0342925	-0.113	0.113
  2749	0.028769	-0.113	0.113
  2750	0.0375007	-0.113	0.113
  2751	0.0178825	-0.113	0.113
  2752	0.0317146	-0.113	0.113
  2753	0.0142163	-0.113	0.113
  2754	0.0227978	-0.113	0.113
  2755	0.0167447	-0.113	0.113
  2756	0.0143811	-0.113	0.113
  2757	0.0159448	-0.113	0.113
  2758	0.041415	-0.113	0.113
  2759	0.021378	-0.113	0.113
  2760	0.0413498	-0.113	0.113
  2761	0.0339023	-0.113	0.113
  2762	0.0142419	-0.113	0.113
  2763	0.0178808	-0.113	0.113
  2764	0.0221501	-0.113	0.113
  2765	0.0302339	-0.113	0.113
  2766	0.0405602	-0.113	0.113
  2767	0.0266433	-0.113	0.113
  2768	0.0326501	-0.113	0.113
  2769	0.0375705	-0.113	0.113
  2770	0.0392153	-0.113	0.113
  2771	0.0248425	-0.113	0.113
  2772	0.0426701	-0.113	0.113
  2773	0.0105727	-0.113	0.113
  2774	0.0297997	-0.113	0.113
  2775	0.0315359	-0.113	0.113
  2776	0.0107648	-0.113	0.113
  2777	0.0381237	-0.113	0.113
  2778	0.0213363	-0.113	0.113
  2779	0.043079	-0.113	0.113
  2780	0.0419615	-0.113	0.113
  2781	0.0213005	-0.113	0.113
  2782	0.0356434	-0.113	0.113
  2783	0.0359579	-0.113	0.113
  2784	0.0370736	-0.113	0.113
  2785	0.0121472	-0.113	0.113
  2786	0.0420552	-0.113	0.113
  2787	0.0120526	-0.113	0.113
  2788	0.0105739	-0.113	0.113
  2789	0.0423993	-0.113	0.113
  2790	0.0434806	-0.113	0.113
  2791	0.0338532	-0.113	0.113
  2792	0.0177602	-0.113	0.113
  2793	0.0424221	-0.113	0.113
  2794	0.0207136	-0.113	0.113
  2795	0.0326214	-0.113	0.113
  2796	0.0344165	-0.113	0.113
  2797	0.0320849	-0.113	0.113
  2798	0.0199177	-0.113	0.113
  2799	0.0143439	-0.113	0.113
  2800	0.0330671	-0.113	0.113
  2801	0.041992	-0.113	0.113
  2802	0.0265148	-0.113	0.113
  2803	0.0118893	-0.113	0.113
  2804	0.0232457	-0.113	0.113
  2805	0.0305555	-0.113	0.113
  2806	0.017673	-0.113	0.113
  2807	0.0184881	-0.113	0.113
  2808	0.022135	-0.113	0.113
  2809	0.0260614	-0.113	0.113
  2810	0.0219795	-0.113	0.113
  2811	0.0158771	-0.113	0.113
  2812	0.0416801	-0.113	0.113
  2813	0.0209379	-0.113	0.113
  2814	0.0129658	-0.113	0.113
  2815	0.0165836	-0.113	0.113
  2816	0.0190952	-0.113	0.113
  2817	0.0248697	-0.113	0.113
  2818	0.0378232	-0.113	0.113
  2819	0.0125306	-0.113	0.113
  2820	0.033808	-0.113	0.113
  2821	0.0329897	-0.113	0.113
  2822	0.0166902	-0.113	0.113
  2823	0.0441141	-0.113	0.113
  2824	0.0296428	-0.113	0.113
  2825	0.0217283	-0.113	0.113
  2826	0.0422524	-0.113	0.113
  2827	0.0373579	-0.113	0.113
  2828	0.0259723	-0.113	0.113
  2829	0.0347281	-0.113	0.113
  2830	0.0433931	-0.113	0.113
  2831	0.0122154	-0.113	0.113
  2832	0.0399456	-0.113	0.113
  2833	0.0278323	-0.113	0.113
  2834	0.0105102	-0.113	0.113
  2835	0.043868	-0.113	0.113
  2836	0.0141849	-0.113	0.113
  2837	0.0161883	-0.113	0.113
  2838	0.0179165	-0.113	0.113
  2839	0.0385441	-0.113	0.113
  2840	0.0280307	-0.113	0.113
  2841	0.0308572	-0.113	0.113
  2842	0.0272715	-0.113	0.113
  2843	0.0151755	-0.113	0.113
  2844	0.0434108	-0.113	0.113
  2845	0.0298652	-0.113	0.113
  2846	0.0388491	-0.113	0.113
  2847	0.0380151	-0.113	0.113
  2848	0.0372673	-0.113	0.113
  2849	0.0407716	-0.113	0.113
  2850	0.043573	-0.113	0.113
  2851	0.0423747	-0.113	0.113
  2852	0.0243017	-0.113	0.113
  2853	0.0264047	-0.113	0.113
  2854	0.0438212	-0.113	0.113
  2855	0.0428611	-0.113	0.113
  2856	0.0273381	-0.113	0.113
  2857	0.0238709	-0.113	0.113
  2858	0.03115	-0.113	0.113
  2859	0.0315358	-0.113	0.113
  2860	0.0282969	-0.113	0.113
  2861	0.0418411	-0.113	0.113
  2862	0.0408748	-0.113	0.113
  2863	0.0222855	-0.113	0.113
  2864	0.0168548	-0.113	0.113
  2865	0.012087	-0.113	0.113
  2866	0.0418675	-0.113	0.113
  2867	0.0359813	-0.113	0.113
  2868	0.0116063	-0.113	0.113
  2869	0.0287357	-0.113	0.113
  2870	0.0396958	-0.113	0.113
  2871	0.0222802	-0.113	0.113
  2872	0.0406729	-0.113	0.113
  2873	0.0215311	-0.113	0.113
  2874	0.0141284	-0.113	0.113
  2875	0.0136135	-0.113	0.113
  2876	0.0384561	-0.113	0.113
  2877	0.0166977	-0.113	0.113
  2878	0.0433604	-0.113	0.113
  2879	0.0432399	-0.113	0.113
  2880	0.0131084	-0.113	0.113
  2881	0.0146321	-0.113	0.113
  2882	0.0325747	-0.113	0.113
  2883	0.0298676	-0.113	0.113
  2884	0.0241	-0.113	0.113
  2885	0.0413023	-0.113	0.113
  2886	0.0175275	-0.113	0.113
  2887	0.0230679	-0.113	0.113
  2888	0.0203667	-0.113	0.113
  2889	0.0166476	-0.113	0.113
  2890	0.0208962	-0.113	0.113
  2891	0.0412396	-0.113	0.113
  2892	0.0423286	-0.113	0.113
  2893	0.0116137	-0.113	0.113
  2894	0.0142988	-0.113	0.113
  2895	0.0300577	-0.113	0.113
  2896	0.0190527	-0.113	0.113
  2897	0.0306594	-0.113	0.113
  2898	0.0436939	-0.113	0.113
  2899	0.0396685	-0.113	0.113
  2900	0.0160562	-0.113	0.113
  2901	0.0442338	-0.113	0.113
  2902	0.0268588	-0.113	0.113
  2903	0.0239164	-0.113	0.113
  2904	0.0197777	-0.113	0.113
  2905	0.02805	-0.113	0.113
  2906	0.034225	-0.113	0.113
  2907	0.0132681	-0.113	0.113
  2908	0.0354775	-0.113	0.113
  2909	0.0438479	-0.113	0.113
  2910	0.0124278	-0.113	0.113
  2911	0.0252486	-0.113	0.113
  2912	0.0433896	-0.113	0.113
  2913	0.0110126	-0.113	0.113
  2914	0.0123907	-0.113	0.113
  2915	0.0196785	-0.113	0.113
  2916	0.016559	-0.113	0.113
  2917	0.0440525	-0.113	0.113
  2918	0.0169856	-0.113	0.113
  2919	0.0172314	-0.113	0.113
  2920	0.0148306	-0.113	0.113
  2921	0.0317648	-0.113	0.113
  2922	0.0361479	-0.113	0.113
  2923	0.022989	-0.113	0.113
  2924	0.0253792	-0.113	0.113
  2925	0.0425026	-0.113	0.113
  2926	0.0122294	-0.113	0.113
  2927	0.0313831	-0.113	0.113
  2928	0.0350652	-0.113	0.113
  2929	0.0150819	-0.113	0.113
  2930	0.0440529	-0.113	0.113
  2931	0.0124941	-0.113	0.113
  2932	0.0407628	-0.113	0.113
  2933	0.0428904	-0.113	0.113
  2934	0.025253	-0.113	0.113
  2935	0.0157252	-0.113	0.113
  2936	0.0192865	-0.113	0.113
  2937	0.0175838	-0.113	0.113
  2938	0.0123006	-0.113	0.113
  2939	0.0251366	-0.113	0.113
  2940	0.0403525	-0.113	0.113
  2941	0.0251418	-0.113	0.113
  2942	0.0139118	-0.113	0.113
  2943	0.0422255	-0.113	0.113
  2944	0.0206822	-0.113	0.113
  2945	0.0251829	-0.113	0.113
  2946	0.0372125	-0.113	0.113
  2947	0.0142945	-0.113	0.113
  2948	0.0376835	-0.113	0.113
  2949	0.0152274	-0.113	0.113
  2950	0.0226955	-0.113	0.113
  2951	0.026212	-0.113	0.113
  2952	0.029171	-0.113	0.113
  2953	0.013542	-0.113	0.113
  2954	0.0225037	-0.113	0.113
  2955	0.0284944	-0.113	0.113
  2956	0.0337842	-0.113	0.113
  2957	0.0230908	-0.113	0.113
  2958	0.0152212	-0.113	0.113
  2959	0.0307908	-0.113	0.113
  2960	0.0164176	-0.113	0.113
  2961	0.0274104	-0.113	0.113
  2962	0.0176931	-0.113	0.113
  2963	0.0440722	-0.113	0.113
  2964	0.0441054	-0.113	0.113
  2965	0.0112211	-0.113	0.113
  2966	0.0129996	-0.113	0.113
  2967	0.0192915	-0.113	0.113
  2968	0.0426099	-0.113	0.113
  2969	0.0436411	-0.113	0.113
  2970	0.0215551	-0.113	0.113
  2971	0.0124863	-0.113	0.113
  2972	0.039512	-0.113	0.113
  2973	0.0116701	-0.113	0.113
  2974	0.0107876	-0.113	0.113
  2975	0.0135783	-0.113	0.113
  2976	0.0269616	-0.113	0.113
  2977	0.0437447	-0.113	0.113
  2978	0.0200328	-0.113	0.113
  2979	0.0173998	-0.113	0.113
  2980	0.0304217	-0.113	0.113
  2981	0.0328141	-0.113	0.113
  2982	0.0312636	-0.113	0.113
  2983	0.0295779	-0.113	0.113
  2984	0.0180531	-0.113	0.113
  2985	0.0333887	-0.113	0.113
  2986	0.0134448	-0.113	0.113
  2987	0.0403283	-0.113	0.113
  2988	0.0382102	-0.113	0.113
  2989	0.0115191	-0.113	0.113
  2990	0.0213661	-0.113	0.113
  2991	0.0164648	-0.113	0.113
  2992	0.0245152	-0.113	0.113
  2993	0.041222	-0.113	0.113
  2994	0.015478	-0.113	0.113
  2995	0.0426474	-0.113	0.113
  2996	0.042171	-0.113	0.113
  2997	0.0266547	-0.113	0.113
  2998	0.0405753	-0.113	0.113
  2999	0.0104486	-0.113	0.113
  3000	0.0347802	-0.113	0.113
  3001	0.044181	-0.113	0.113
  3002	0.0401861	-0.113	0.113
  3003	0.0214738	-0.113	0.113
  3004	0.0114282	-0.113	0.113
  3005	0.0265225	-0.113	0.113
  3006	0.019249	-0.113	0.113
  3007	0.0131732	-0.113	0.113
  3008	0.0440713	-0.113	0.113
  3009	0.0426204	-0.113	0.113
  3010	0.018086	-0.113	0.113
  3011	0.0392801	-0.113	0.113
  3012	0.0430007	-0.113	0.113
  3013	0.0114996	-0.113	0.113
  3014	0.0189664	-0.113	0.113
  3015	0.0246701	-0.113	0.113
  3016	0.0442919	-0.113	0.113
  3017	0.0338163	-0.113	0.113
  3018	0.0175515	-0.113	0.113
  3019	0.0392634	-0.113	0.113
  3020	0.0130834	-0.113	0.113
  3021	0.0119305	-0.113	0.113
  3022	0.033508	-0.113	0.113
  3023	0.0403905	-0.113	0.113
  3024	0.0375325	-0.113	0.113
  3025	0.039255	-0.113	0.113
  3026	0.0315012	-0.113	0.113
  3027	0.0190328	-0.113	0.113
  3028	0.040583	-0.113	0.113
  3029	0.01191	-0.113	0.113
  3030	0.0346174	-0.113	0.113
  3031	0.0122078	-0.113	0.113
  3032	0.0120613	-0.113	0.113
  3033	0.0232171	-0.113	0.113
  3034	0.0328115	-0.113	0.113
  3035	0.0252165	-0.113	0.113
  3036	0.0212324	-0.113	0.113
  3037	0.0162082	-0.113	0.113
  3038	0.0261926	-0.113	0.113
  3039	0.0407242	-0.113	0.113
  3040	0.0240175	-0.113	0.113
  3041	0.0221939	-0.113	0.113
  3042	0.0110962	-0.113	0.113
  3043	0.0192623	-0.113	0.113
  3044	0.0424744	-0.113	0.113
  3045	0.0437873	-0.113	0.113
  3046	0.0155538	-0.113	0.113
  3047	0.026453	-0.113	0.113
  3048	0.0198003	-0.113	0.113
  3049	0.0382686	-0.113	0.113
  3050	0.0261917	-0.113	0.113
  3051	0.0430918	-0.113	0.113
  3052	0.015049	-0.113	0.113
  3053	0.0427968	-0.113	0.113
  3054	0.0415056	-0.113	0.113
  3055	0.0320587	-0.113	0.113
  3056	0.0321366	-0.113	0.113
  3057	0.0102469	-0.113	0.113
  3058	0.0434991	-0.113	0.113
  3059	0.0132393	-0.113	0.113
  3060	0.0308654	-0.113	0.113
  3061	0.0437711	-0.113	0.113
  3062	0.010933	-0.113	0.113
  3063	0.0322097	-0.113	0.113
  3064	0.0115091	-0.113	0.113
  3065	0.0104301	-0.113	0.113
  3066	0.0308391	-0.113	0.113
  3067	0.0207635	-0.113	0.113
  3068	0.0202526	-0.113	0.113
  3069	0.0210187	-0.113	0.113
  3070	0.0436995	-0.113	0.113
  3071	0.0281214	-0.113	0.113
  3072	0.0108751	-0.113	0.113
  3073	0.0365954	-0.113	0.113
  3074	0.0277032	-0.113	0.113
  3075	0.0255298	-0.113	0.113
  3076	0.0193096	-0.113	0.113
  3077	0.0331688	-0.113	0.113
  3078	0.0159855	-0.113	0.113
  3079	0.0431057	-0.113	0.113
  3080	0.0201854	-0.113	0.113
  3081	0.0231867	-0.113	0.113
  3082	0.0421418	-0.113	0.113
  3083	0.0319875	-0.113	0.113
  3084	0.0277464	-0.113	0.113
  3085	0.0413293	-0.113	0.113
  3086	0.017614	-0.113	0.113
  3087	0.034684	-0.113	0.113
  3088	0.0388245	-0.113	0.113
  3089	0.0401159	-0.113	0.113
  3090	0.0442368	-0.113	0.113
  3091	0.0252873	-0.113	0.113
  3092	0.0167697	-0.113	0.113
  3093	0.0277508	-0.113	0.113
  3094	0.0135147	-0.113	0.113
  3095	0.0113825	-0.113	0.113
  3096	0.016844	-0.113	0.113
  3097	0.0238656	-0.113	0.113
  3098	0.0441234	-0.113	0.113
  3099	0.0155239	-0.113	0.113
  3100	0.0278138	-0.113	0.113
  3101	0.0164606	-0.113	0.113
  3102	0.0180099	-0.113	0.113
  3103	0.0145242	-0.113	0.113
  3104	0.012552	-0.113	0.113
  3105	0.0325239	-0.113	0.113
  3106	0.0343958	-0.113	0.113
  3107	0.020458	-0.113	0.113
  3108	0.0187338	-0.113	0.113
  3109	0.0293088	-0.113	0.113
  3110	0.0152585	-0.113	0.113
  3111	0.0104197	-0.113	0.113
  3112	0.0338154	-0.113	0.113
  3113	0.0377607	-0.113	0.113
  3114	0.0428839	-0.113	0.113
  3115	0.0159924	-0.113	0.113
  3116	0.0278543	-0.113	0.113
  3117	0.0210655	-0.113	0.113
  3118	0.0353453	-0.113	0.113
  3119	0.0425928	-0.113	0.113
  3120	0.0439936	-0.113	0.113
  3121	0.030235	-0.113	0.113
  3122	0.0369445	-0.113	0.113
  3123	0.028658	-0.113	0.113
  3124	0.0386215	-0.113	0.113
  3125	0.029688	-0.113	0.113
  3126	0.0103523	-0.113	0.113
  3127	0.0264443	-0.113	0.113
  3128	0.0147827	-0.113	0.113
  3129	0.0114465	-0.113	0.113
  3130	0.0181077	-0.113	0.113
  3131	0.027351	-0.113	0.113
  3132	0.0130219	-0.113	0.113
  3133	0.0432526	-0.113	0.113
  3134	0.0439724	-0.113	0.113
  3135	0.0337219	-0.113	0.113
  3136	0.0223273	-0.113	0.113
  3137	0.0211346	-0.113	0.113
  3138	0.0384557	-0.113	0.113
  3139	0.0106195	-0.113	0.113
  3140	0.0123542	-0.113	0.113
  3141	0.0255871	-0.113	0.113
  3142	0.0331658	-0.113	0.113
  3143	0.0136464	-0.113	0.113
  3144	0.0260875	-0.113	0.113
  3145	0.0245171	-0.113	0.113
  3146	0.0174205	-0.113	0.113
  3147	0.0347707	-0.113	0.113
  3148	0.0222532	-0.113	0.113
  3149	0.0437914	-0.113	0.113
  3150	0.0301714	-0.113	0.113
  3151	0.0229996	-0.113	0.113
  3152	0.0281133	-0.113	0.113
  3153	0.0417031	-0.113	0.113
  3154	0.0117762	-0.113	0.113
  3155	0.0129483	-0.113	0.113
  3156	0.0434082	-0.113	0.113
  3157	0.0441637	-0.113	0.113
  3158	0.0119731	-0.113	0.113
  3159	0.0336119	-0.113	0.113
  3160	0.0416058	-0.113	0.113
  3161	0.022529	-0.113	0.113
  3162	0.0354589	-0.113	0.113
  3163	0.0269798	-0.113	0.113
  3164	0.0389804	-0.113	0.113
  3165	0.0238116	-0.113	0.113
  3166	0.0396478	-0.113	0.113
  3167	0.0119784	-0.113	0.113
  3168	0.0224636	-0.113	0.113
  3169	0.0422462	-0.113	0.113
  3170	0.0177997	-0.113	0.113
  3171	0.0164811	-0.113	0.113
  3172	0.0339247	-0.113	0.113
  3173	0.0138086	-0.113	0.113
  3174	0.0314322	-0.113	0.113
  3175	0.0190845	-0.113	0.113
  3176	0.022115	-0.113	0.113
  3177	0.0146727	-0.113	0.113
  3178	0.0105337	-0.113	0.113
  3179	0.0373387	-0.113	0.113
  3180	0.0103396	-0.113	0.113
  3181	0.0387737	-0.113	0.113
  3182	0.0228775	-0.113	0.113
  3183	0.0378239	-0.113	0.113
  3184	0.0254295	-0.113	0.113
  3185	0.0215795	-0.113	0.113
  3186	0.0172197	-0.113	0.113
  3187	0.0366242	-0.113	0.113
  3188	0.0315759	-0.113	0.113
  3189	0.0391599	-0.113	0.113
  3190	0.0301222	-0.113	0.113
  3191	0.0358644	-0.113	0.113
  3192	0.012317	-0.113	0.113
  3193	0.0182907	-0.113	0.113
  3194	0.0255731	-0.113	0.113
  3195	0.0237349	-0.113	0.113
  3196	0.0164841	-0.113	0.113
  3197	0.0112676	-0.113	0.113
  3198	0.0422781	-0.113	0.113
  3199	0.0102847	-0.113	0.113
  3200	0.0161	-0.113	0.113
  3201	0.0128801	-0.113	0.113
  3202	0.0381237	-0.113	0.113
  3203	0.0421084	-0.113	0.113
  3204	0.0314767	-0.113	0.113
  3205	0.0191333	-0.113	0.113
  3206	0.0228158	-0.113	0.113
  3207	0.0389315	-0.113	0.113
  3208	0.044019	-0.113	0.113
  3209	0.0359968	-0.113	0.113
  3210	0.0127231	-0.113	0.113
  3211	0.0177631	-0.113	0.113
  3212	0.0220444	-0.113	0.113
  3213	0.0217318	-0.113	0.113
  3214	0.0298286	-0.113	0.113
  3215	0.0322811	-0.113	0.113
  3216	0.018625	-0.113	0.113
  3217	0.0116507	-0.113	0.113
  3218	0.0344595	-0.113	0.113
  3219	0.036053	-0.113	0.113
  3220	0.0439616	-0.113	0.113
  3221	0.0418478	-0.113	0.113
  3222	0.0265848	-0.113	0.113
  3223	0.0440142	-0.113	0.113
  3224	0.0299822	-0.113	0.113
  3225	0.0260845	-0.113	0.113
  3226	0.0246606	-0.113	0.113
  3227	0.0319913	-0.113	0.113
  3228	0.0263364	-0.113	0.113
  3229	0.0389911	-0.113	0.113
  3230	0.0229497	-0.113	0.113
  3231	0.0130841	-0.113	0.113
  3232	0.0321725	-0.113	0.113
  3233	0.0412089	-0.113	0.113
  3234	0.0291677	-0.113	0.113
  3235	0.0116595	-0.113	0.113
  3236	0.022073	-0.113	0.113
  3237	0.0249047	-0.113	0.113
  3238	0.0172765	-0.113	0.113
  3239	0.0422387	-0.113	0.113
  3240	0.0284785	-0.113	0.113
  3241	0.0296503	-0.113	0.113
  3242	0.0159759	-0.113	0.113
  3243	0.0111557	-0.113	0.113
  3244	0.0119203	-0.113	0.113
  3245	0.0221579	-0.113	0.113
  3246	0.0222529	-0.113	0.113
  3247	0.0141308	-0.113	0.113
  3248	0.0120252	-0.113	0.113
  3249	0.0234983	-0.113	0.113
  3250	0.0195035	-0.113	0.113
  3251	0.0289028	-0.113	0.113
  3252	0.0126872	-0.113	0.113
  3253	0.0204188	-0.113	0.113
  3254	0.0161663	-0.113	0.113
  3255	0.0235314	-0.113	0.113
  3256	0.0441485	-0.113	0.113
  3257	0.0279715	-0.113	0.113
  3258	0.0119727	-0.113	0.113
  3259	0.0212192	-0.113	0.113
  3260	0.0230576	-0.113	0.113
  3261	0.0157694	-0.113	0.113
  3262	0.0364911	-0.113	0.113
  3263	0.0342744	-0.113	0.113
  3264	0.0262651	-0.113	0.113
  3265	0.0427535	-0.113	0.113
  3266	0.0119846	-0.113	0.113
  3267	0.0283337	-0.113	0.113
  3268	0.0127333	-0.113	0.113
  3269	0.0202906	-0.113	0.113
  3270	0.0339293	-0.113	0.113
  3271	0.0378912	-0.113	0.113
  3272	0.0171959	-0.113	0.113
  3273	0.0231983	-0.113	0.113
  3274	0.0371464	-0.113	0.113
  3275	0.0151809	-0.113	0.113
  3276	0.0242325	-0.113	0.113
  3277	0.0234319	-0.113	0.113
  3278	0.0374644	-0.113	0.113
  3279	0.0193941	-0.113	0.113
  3280	0.0436788	-0.113	0.113
  3281	0.0342935	-0.113	0.113
  3282	0.0156729	-0.113	0.113
  3283	0.0386291	-0.113	0.113
  3284	0.0188503	-0.113	0.113
  3285	0.0271139	-0.113	0.113
  3286	0.0314212	-0.113	0.113
  3287	0.0188582	-0.113	0.113
  3288	0.0315176	-0.113	0.113
  3289	0.0361339	-0.113	0.113
  3290	0.0423939	-0.113	0.113
  3291	0.0122276	-0.113	0.113
  3292	0.0102422	-0.113	0.113
  3293	0.01165	-0.113	0.113
  3294	0.0189926	-0.113	0.113
  3295	0.0170098	-0.113	0.113
  3296	0.0186014	-0.113	0.113
  3297	0.0439113	-0.113	0.113
  3298	0.0341128	-0.113	0.113
  3299	0.0434124	-0.113	0.113
  3300	0.0109986	-0.113	0.113
  3301	0.0139803	-0.113	0.113
  3302	0.0202962	-0.113	0.113
  3303	0.0231899	-0.113	0.113
  3304	0.0218381	-0.113	0.113
  3305	0.0134296	-0.113	0.113
  3306	0.0269632	-0.113	0.113
  3307	0.0396246	-0.113	0.113
  3308	0.0171222	-0.113	0.113
  3309	0.0277022	-0.113	0.113
  3310	0.0430779	-0.113	0.113
  3311	0.0283871	-0.113	0.113
  3312	0.0420588	-0.113	0.113
  3313	0.0431908	-0.113	0.113
  3314	0.0128988	-0.113	0.113
  3315	0.0220705	-0.113	0.113
  3316	0.012901	-0.113	0.113
  3317	0.0376986	-0.113	0.113
  3318	0.0366968	-0.113	0.113
  3319	0.0111087	-0.113	0.113
  3320	0.0428118	-0.113	0.113
  3321	0.011107	-0.113	0.113
  3322	0.0145218	-0.113	0.113
  3323	0.042104	-0.113	0.113
  3324	0.0211435	-0.113	0.113
  3325	0.0266838	-0.113	0.113
  3326	0.0185573	-0.113	0.113
  3327	0.0260484	-0.113	0.113
  3328	0.0322652	-0.113	0.113
  3329	0.0152032	-0.113	0.113
  3330	0.0417324	-0.113	0.113
  3331	0.0276356	-0.113	0.113
  3332	0.0291844	-0.113	0.113
  3333	0.0357631	-0.113	0.113
  3334	0.0386728	-0.113	0.113
  3335	0.0364224	-0.113	0.113
  3336	0.0146452	-0.113	0.113
  3337	0.0427542	-0.113	0.113
  3338	0.0426607	-0.113	0.113
  3339	0.0269244	-0.113	0.113
  3340	0.0165788	-0.113	0.113
  3341	0.0177076	-0.113	0.113
  3342	0.0388773	-0.113	0.113
  3343	0.017732	-0.113	0.113
  3344	0.0386086	-0.113	0.113
  3345	0.0269803	-0.113	0.113
  3346	0.0127468	-0.113	0.113
  3347	0.0361682	-0.113	0.113
  3348	0.0381126	-0.113	0.113
  3349	0.0316887	-0.113	0.113
  3350	0.0293378	-0.113	0.113
  3351	0.0115169	-0.113	0.113
  3352	0.0396349	-0.113	0.113
  3353	0.0172806	-0.113	0.113
  3354	0.02157	-0.113	0.113
  3355	0.0221531	-0.113	0.113
  3356	0.0184179	-0.113	0.113
  3357	0.0430495	-0.113	0.113
  3358	0.0185227	-0.113	0.113
  3359	0.0222698	-0.113	0.113
  3360	0.0429511	-0.113	0.113
  3361	0.0293144	-0.113	0.113
  3362	0.0111079	-0.113	0.113
  3363	0.0320715	-0.113	0.113
  3364	0.0301912	-0.113	0.113
  3365	0.0213757	-0.113	0.113
  3366	0.0263296	-0.113	0.113
  3367	0.0124816	-0.113	0.113
  3368	0.0210645	-0.113	0.113
  3369	0.014718	-0.113	0.113
  3370	0.0171443	-0.113	0.113
  3371	0.0190983	-0.113	0.113
  3372	0.0121436	-0.113	0.113
  3373	0.0103844	-0.113	0.113
  3374	0.0173691	-0.113	0.113
  3375	0.0237175	-0.113	0.113
  3376	0.0248377	-0.113	0.113
  3377	0.0430628	-0.113	0.113
  3378	0.0355002	-0.113	0.113
  3379	0.036713	-0.113	0.113
  3380	0.0180639	-0.113	0.113
  3381	0.0439816	-0.113	0.113
  3382	0.0253149	-0.113	0.113
  3383	0.0112069	-0.113	0.113
  3384	0.0304947	-0.113	0.113
  3385	0.0168723	-0.113	0.113
  3386	0.031314	-0.113	0.113
  3387	0.0303275	-0.113	0.113
  3388	0.0102134	-0.113	0.113
  3389	0.0126325	-0.113	0.113
  3390	0.0288405	-0.113	0.113
  3391	0.0405558	-0.113	0.113
  3392	0.0435766	-0.113	0.113
  3393	0.0310099	-0.113	0.113
  3394	0.0364053	-0.113	0.113
  3395	0.0328091	-0.113	0.113
  3396	0.0440415	-0.113	0.113
  3397	0.0288788	-0.113	0.113
  3398	0.0347569	-0.113	0.113
  3399	0.0117742	-0.113	0.113
  3400	0.0107987	-0.113	0.113
  3401	0.0155119	-0.113	0.113
  3402	0.0442129	-0.113	0.113
  3403	0.0153099	-0.113	0.113
  3404	0.010364	-0.113	0.113
  3405	0.0157303	-0.113	0.113
  3406	0.0438648	-0.113	0.113
  3407	0.0128234	-0.113	0.113
  3408	0.0279818	-0.113	0.113
  3409	0.0236373	-0.113	0.113
  3410	0.0422351	-0.113	0.113
  3411	0.0105031	-0.113	0.113
  3412	0.0218255	-0.113	0.113
  3413	0.0203312	-0.113	0.113
  3414	0.0421919	-0.113	0.113
  3415	0.0142923	-0.113	0.113
  3416	0.010678	-0.113	0.113
  3417	0.0371844	-0.113	0.113
  3418	0.0432707	-0.113	0.113
  3419	0.034521	-0.113	0.113
  3420	0.0194127	-0.113	0.113
  3421	0.0116562	-0.113	0.113
  3422	0.0183345	-0.113	0.113
  3423	0.0280871	-0.113	0.113
  3424	0.0152069	-0.113	0.113
  3425	0.0328845	-0.113	0.113
  3426	0.0133969	-0.113	0.113
  3427	0.0299243	-0.113	0.113
  3428	0.010123	-0.113	0.113
  3429	0.0354212	-0.113	0.113
  3430	0.0384478	-0.113	0.113
  3431	0.0176565	-0.113	0.113
  3432	0.0320886	-0.113	0.113
  3433	0.0212017	-0.113	0.113
  3434	0.0242235	-0.113	0.113
  3435	0.0115304	-0.113	0.113
  3436	0.0359252	-0.113	0.113
  3437	0.0168845	-0.113	0.113
  3438	0.0302136	-0.113	0.113
  3439	0.012563	-0.113	0.113
  3440	0.0304912	-0.113	0.113
  3441	0.0125371	-0.113	0.113
  3442	0.0234754	-0.113	0.113
  3443	0.033596	-0.113	0.113
  3444	0.0281767	-0.113	0.113
  3445	0.0379353	-0.113	0.113
  3446	0.014769	-0.113	0.113
  3447	0.0262686	-0.113	0.113
  3448	0.0352258	-0.113	0.113
  3449	0.0518302	-0.113	0.113
  3450	0.0329376	-0.113	0.113
  3451	0.0338146	-0.113	0.113
  3452	0.0156741	-0.113	0.113
  3453	0.0351833	-0.113	0.113
  3454	0.0188901	-0.113	0.113
  3455	0.0369131	-0.113	0.113
  3456	0.0279509	-0.113	0.113
  3457	0.0332923	-0.113	0.113
  3458	0.04461	-0.113	0.113
  3459	0.0226219	-0.113	0.113
  3460	0.0384928	-0.113	0.113
  3461	0.0189185	-0.113	0.113
  3462	0.0279654	-0.113	0.113
  3463	0.0123793	-0.113	0.113
  3464	0.0202561	-0.113	0.113
  3465	0.0117708	-0.113	0.113
  3466	0.0313591	-0.113	0.113
  3467	0.0432083	-0.113	0.113
  3468	0.0335988	-0.113	0.113
  3469	0.0117864	-0.113	0.113
  3470	0.0422484	-0.113	0.113
  3471	0.0424626	-0.113	0.113
  3472	0.0118943	-0.113	0.113
  3473	0.0181817	-0.113	0.113
  3474	0.0343925	-0.113	0.113
  3475	0.024771	-0.113	0.113
  3476	0.0176225	-0.113	0.113
  3477	0.0128627	-0.113	0.113
  3478	0.0340896	-0.113	0.113
  3479	0.0113167	-0.113	0.113
  3480	0.0434037	-0.113	0.113
  3481	0.0302638	-0.113	0.113
  3482	0.022114	-0.113	0.113
  3483	0.040715	-0.113	0.113
  3484	0.0375836	-0.113	0.113
  3485	0.0418114	-0.113	0.113
  3486	0.0201114	-0.113	0.113
  3487	0.0397258	-0.113	0.113
  3488	0.0101675	-0.113	0.113
  3489	0.0116777	-0.113	0.113
  3490	0.0396958	-0.113	0.113
  3491	0.0377273	-0.113	0.113
  3492	0.0111066	-0.113	0.113
  3493	0.0331935	-0.113	0.113
  3494	0.0189301	-0.113	0.113
  3495	0.0228597	-0.113	0.113
  3496	0.0297074	-0.113	0.113
  3497	0.0174652	-0.113	0.113
  3498	0.0272009	-0.113	0.113
  3499	0.0431761	-0.113	0.113
  3500	0.0431418	-0.113	0.113
  3501	0.0420696	-0.113	0.113
  3502	0.0200386	-0.113	0.113
  3503	0.027835	-0.113	0.113
  3504	0.0166229	-0.113	0.113
  3505	0.0160904	-0.113	0.113
  3506	0.0301227	-0.113	0.113
  3507	0.0101649	-0.113	0.113
  3508	0.0175857	-0.113	0.113
  3509	0.0158194	-0.113	0.113
  3510	0.0118976	-0.113	0.113
  3511	0.0188239	-0.113	0.113
  3512	0.028793	-0.113	0.113
  3513	0.0402716	-0.113	0.113
  3514	0.0114773	-0.113	0.113
  3515	0.0275575	-0.113	0.113
  3516	0.0432711	-0.113	0.113
  3517	0.013808	-0.113	0.113
  3518	0.0410247	-0.113	0.113
  3519	0.0300788	-0.113	0.113
  3520	0.0190953	-0.113	0.113
  3521	0.0207724	-0.113	0.113
  3522	0.010339	-0.113	0.113
  3523	0.0252509	-0.113	0.113
  3524	0.0107521	-0.113	0.113
  3525	0.024281	-0.113	0.113
  3526	0.0147383	-0.113	0.113
  3527	0.0230802	-0.113	0.113
  3528	0.0441632	-0.113	0.113
  3529	0.0420831	-0.113	0.113
  3530	0.0419403	-0.113	0.113
  3531	0.0433676	-0.113	0.113
  3532	0.0169184	-0.113	0.113
  3533	0.0439907	-0.113	0.113
  3534	0.0422076	-0.113	0.113
  3535	0.0140383	-0.113	0.113
  3536	0.011676	-0.113	0.113
  3537	0.0222303	-0.113	0.113
  3538	0.0239133	-0.113	0.113
  3539	0.0411744	-0.113	0.113
  3540	0.0108405	-0.113	0.113
  3541	0.0393728	-0.113	0.113
  3542	0.0114417	-0.113	0.113
  3543	0.0241274	-0.113	0.113
  3544	0.0269683	-0.113	0.113
  3545	0.0124057	-0.113	0.113
  3546	0.0406002	-0.113	0.113
  3547	0.0274307	-0.113	0.113
  3548	0.0351834	-0.113	0.113
  3549	0.0101403	-0.113	0.113
  3550	0.0218861	-0.113	0.113
  3551	0.0380708	-0.113	0.113
  3552	0.0153228	-0.113	0.113
  3553	0.0244374	-0.113	0.113
  3554	0.0177665	-0.113	0.113
  3555	0.0148438	-0.113	0.113
  3556	0.0408431	-0.113	0.113
  3557	0.0367696	-0.113	0.113
  3558	0.0409906	-0.113	0.113
  3559	0.0124573	-0.113	0.113
  3560	0.0222682	-0.113	0.113
  3561	0.027032	-0.113	0.113
  3562	0.0272096	-0.113	0.113
  3563	0.0262054	-0.113	0.113
  3564	0.0138043	-0.113	0.113
  3565	0.0293799	-0.113	0.113
  3566	0.0440118	-0.113	0.113
  3567	0.0278401	-0.113	0.113
  3568	0.0129849	-0.113	0.113
  3569	0.0416803	-0.113	0.113
  3570	0.0358744	-0.113	0.113
  3571	0.027857	-0.113	0.113
  3572	0.0315098	-0.113	0.113
  3573	0.0192208	-0.113	0.113
  3574	0.0387817	-0.113	0.113
  3575	0.0334726	-0.113	0.113
  3576	0.0196403	-0.113	0.113
  3577	0.0441191	-0.113	0.113
  3578	0.0275229	-0.113	0.113
  3579	0.0256238	-0.113	0.113
  3580	0.039146	-0.113	0.113
  3581	0.0182184	-0.113	0.113
  3582	0.0325769	-0.113	0.113
  3583	0.0232369	-0.113	0.113
  3584	0.0102743	-0.113	0.113
  3585	0.0238507	-0.113	0.113
  3586	0.0387386	-0.113	0.113
  3587	0.0401565	-0.113	0.113
  3588	0.0105366	-0.113	0.113
  3589	0.0390795	-0.113	0.113
  3590	0.0297569	-0.113	0.113
  3591	0.0178375	-0.113	0.113
  3592	0.0239293	-0.113	0.113
  3593	0.0152852	-0.113	0.113
  3594	0.0148223	-0.113	0.113
  3595	0.0365194	-0.113	0.113
  3596	0.0440431	-0.113	0.113
  3597	0.0308147	-0.113	0.113
  3598	0.0427113	-0.113	0.113
  3599	0.015265	-0.113	0.113
  3600	0.0184269	-0.113	0.113
  3601	0.0130007	-0.113	0.113
  3602	0.0162096	-0.113	0.113
  3603	0.0287305	-0.113	0.113
  3604	0.0160963	-0.113	0.113
  3605	0.0428766	-0.113	0.113
  3606	0.0398628	-0.113	0.113
  3607	0.0357905	-0.113	0.113
  3608	0.0308238	-0.113	0.113
  3609	0.0152383	-0.113	0.113
  3610	0.0315412	-0.113	0.113
  3611	0.0105001	-0.113	0.113
  3612	0.0106872	-0.113	0.113
  3613	0.011902	-0.113	0.113
  3614	0.0183707	-0.113	0.113
  3615	0.0208494	-0.113	0.113
  3616	0.0432639	-0.113	0.113
  3617	0.0230795	-0.113	0.113
  3618	0.0226427	-0.113	0.113
  3619	0.0179071	-0.113	0.113
  3620	0.0162494	-0.113	0.113
  3621	0.0208729	-0.113	0.113
  3622	0.0167076	-0.113	0.113
  3623	0.0269966	-0.113	0.113
  3624	0.0441998	-0.113	0.113
  3625	0.0347869	-0.113	0.113
  3626	0.0275366	-0.113	0.113
  3627	0.0209369	-0.113	0.113
  3628	0.0212486	-0.113	0.113
  3629	0.0231266	-0.113	0.113
  3630	0.0234012	-0.113	0.113
  3631	0.0119743	-0.113	0.113
  3632	0.0441597	-0.113	0.113
  3633	0.0111529	-0.113	0.113
  3634	0.0115677	-0.113	0.113
  3635	0.0177485	-0.113	0.113
  3636	0.0193202	-0.113	0.113
  3637	0.0190734	-0.113	0.113
  3638	0.0311448	-0.113	0.113
  3639	0.0306308	-0.113	0.113
  3640	0.0295726	-0.113	0.113
  3641	0.0104973	-0.113	0.113
  3642	0.0439387	-0.113	0.113
  3643	0.0180032	-0.113	0.113
  3644	0.0110759	-0.113	0.113
  3645	0.0307932	-0.113	0.113
  3646	0.0294714	-0.113	0.113
  3647	0.0209784	-0.113	0.113
  3648	0.0258254	-0.113	0.113
  3649	0.0278842	-0.113	0.113
  3650	0.0262252	-0.113	0.113
  3651	0.0242006	-0.113	0.113
  3652	0.0121912	-0.113	0.113
  3653	0.013566	-0.113	0.113
  3654	0.0328204	-0.113	0.113
  3655	0.012109	-0.113	0.113
  3656	0.0427399	-0.113	0.113
  3657	0.0472306	-0.113	0.113
  3658	0.0371208	-0.113	0.113
  3659	0.0271726	-0.113	0.113
  3660	0.0436222	-0.113	0.113
  3661	0.0443722	-0.113	0.113
  3662	0.0404226	-0.113	0.113
  3663	0.0435616	-0.113	0.113
  3664	0.0157852	-0.113	0.113
  3665	0.0286182	-0.113	0.113
  3666	0.039325	-0.113	0.113
  3667	0.0162065	-0.113	0.113
  3668	0.0367886	-0.113	0.113
  3669	0.0268604	-0.113	0.113
  3670	0.0366938	-0.113	0.113
  3671	0.0164863	-0.113	0.113
  3672	0.0425247	-0.113	0.113
  3673	0.0153081	-0.113	0.113
  3674	0.0394819	-0.113	0.113
  3675	0.0239557	-0.113	0.113
  3676	0.0233865	-0.113	0.113
  3677	0.0459389	-0.113	0.113
  3678	0.0432713	-0.113	0.113
  3679	0.0319889	-0.113	0.113
  3680	0.0262031	-0.113	0.113
  3681	0.0143096	-0.113	0.113
  3682	0.0216157	-0.113	0.113
  3683	0.0410617	-0.113	0.113
  3684	0.0123002	-0.113	0.113
  3685	0.0374564	-0.113	0.113
  3686	0.0241299	-0.113	0.113
  3687	0.0324951	-0.113	0.113
  3688	0.02205	-0.113	0.113
  3689	0.0395642	-0.113	0.113
  3690	0.0283809	-0.113	0.113
  3691	0.0438052	-0.113	0.113
  3692	0.0342608	-0.113	0.113
  3693	0.0103804	-0.113	0.113
  3694	0.0113937	-0.113	0.113
  3695	0.0437198	-0.113	0.113
  3696	0.0267568	-0.113	0.113
  3697	0.039331	-0.113	0.113
  3698	0.025535	-0.113	0.113
  3699	0.0132797	-0.113	0.113
  3700	0.0245523	-0.113	0.113
  3701	0.027734	-0.113	0.113
  3702	0.0314063	-0.113	0.113
  3703	0.0260946	-0.113	0.113
  3704	0.0159487	-0.113	0.113
  3705	0.0407512	-0.113	0.113
  3706	0.0162961	-0.113	0.113
  3707	0.0465965	-0.113	0.113
  3708	0.0154311	-0.113	0.113
  3709	0.0390031	-0.113	0.113
  3710	0.0416764	-0.113	0.113
  3711	0.0292769	-0.113	0.113
  3712	0.0153905	-0.113	0.113
  3713	0.0117207	-0.113	0.113
  3714	0.0161877	-0.113	0.113
  3715	0.0191461	-0.113	0.113
  3716	0.0411159	-0.113	0.113
  3717	0.0105919	-0.113	0.113
  3718	0.036145	-0.113	0.113
  3719	0.0438303	-0.113	0.113
  3720	0.0125998	-0.113	0.113
  3721	0.0394593	-0.113	0.113
  3722	0.0398414	-0.113	0.113
  3723	0.016486	-0.113	0.113
  3724	0.0194941	-0.113	0.113
  3725	0.0124828	-0.113	0.113
  3726	0.0413554	-0.113	0.113
  3727	0.0230038	-0.113	0.113
  3728	0.0106357	-0.113	0.113
  3729	0.029638	-0.113	0.113
  3730	0.0108678	-0.113	0.113
  3731	0.0441082	-0.113	0.113
  3732	0.0309153	-0.113	0.113
  3733	0.0137311	-0.113	0.113
  3734	0.0122541	-0.113	0.113
  3735	0.0429215	-0.113	0.113
  3736	0.0443757	-0.113	0.113
  3737	0.0132836	-0.113	0.113
  3738	0.0151197	-0.113	0.113
  3739	0.0312379	-0.113	0.113
  3740	0.0282092	-0.113	0.113
  3741	0.0217038	-0.113	0.113
  3742	0.0290641	-0.113	0.113
  3743	0.0248558	-0.113	0.113
  3744	0.0277289	-0.113	0.113
  3745	0.0224342	-0.113	0.113
  3746	0.0131557	-0.113	0.113
  3747	0.0317705	-0.113	0.113
  3748	0.0104707	-0.113	0.113
  3749	0.0149712	-0.113	0.113
  3750	0.0228832	-0.113	0.113
  3751	0.0242213	-0.113	0.113
  3752	0.0225473	-0.113	0.113
  3753	0.0438136	-0.113	0.113
  3754	0.0175569	-0.113	0.113
  3755	0.0241561	-0.113	0.113
  3756	0.0431011	-0.113	0.113
  3757	0.0307003	-0.113	0.113
  3758	0.0395139	-0.113	0.113
  3759	0.0278389	-0.113	0.113
  3760	0.0235093	-0.113	0.113
  3761	0.0224886	-0.113	0.113
  3762	0.0306882	-0.113	0.113
  3763	0.0424155	-0.113	0.113
  3764	0.0297149	-0.113	0.113
  3765	0.0180375	-0.113	0.113
  3766	0.0392904	-0.113	0.113
  3767	0.0246269	-0.113	0.113
  3768	0.0425562	-0.113	0.113
  3769	0.0420188	-0.113	0.113
  3770	0.0382556	-0.113	0.113
  3771	0.0388954	-0.113	0.113
  3772	0.0374043	-0.113	0.113
  3773	0.0333325	-0.113	0.113
  3774	0.0423838	-0.113	0.113
  3775	0.0424976	-0.113	0.113
  3776	0.0161172	-0.113	0.113
  3777	0.0370073	-0.113	0.113
  3778	0.019155	-0.113	0.113
  3779	0.0168256	-0.113	0.113
  3780	0.0362793	-0.113	0.113
  3781	0.0431826	-0.113	0.113
  3782	0.0313311	-0.113	0.113
  3783	0.0361651	-0.113	0.113
  3784	0.0272996	-0.113	0.113
  3785	0.0123911	-0.113	0.113
  3786	0.0179102	-0.113	0.113
  3787	0.0247934	-0.113	0.113
  3788	0.0303864	-0.113	0.113
  3789	0.0149284	-0.113	0.113
  3790	0.0145571	-0.113	0.113
  3791	0.0274635	-0.113	0.113
  3792	0.0226966	-0.113	0.113
  3793	0.0105182	-0.113	0.113
  3794	0.0119331	-0.113	0.113
  3795	0.0239346	-0.113	0.113
  3796	0.0333033	-0.113	0.113
  3797	0.026147	-0.113	0.113
  3798	0.0157874	-0.113	0.113
  3799	0.0317608	-0.113	0.113
  3800	0.0210965	-0.113	0.113
  3801	0.035917	-0.113	0.113
  3802	0.0120339	-0.113	0.113
  3803	0.0423754	-0.113	0.113
  3804	0.0248488	-0.113	0.113
  3805	0.0143824	-0.113	0.113
  3806	0.0438061	-0.113	0.113
  3807	0.0129415	-0.113	0.113
  3808	0.0320428	-0.113	0.113
  3809	0.0256776	-0.113	0.113
  3810	0.0244563	-0.113	0.113
  3811	0.0302849	-0.113	0.113
  3812	0.012944	-0.113	0.113
  3813	0.0397506	-0.113	0.113
  3814	0.0393199	-0.113	0.113
  3815	0.0439994	-0.113	0.113
  3816	0.0109668	-0.113	0.113
  3817	0.0231846	-0.113	0.113
  3818	0.02467	-0.113	0.113
  3819	0.0174578	-0.113	0.113
  3820	0.0439581	-0.113	0.113
  3821	0.0302222	-0.113	0.113
  3822	0.0201402	-0.113	0.113
  3823	0.0425845	-0.113	0.113
  3824	0.037967	-0.113	0.113
  3825	0.0172714	-0.113	0.113
  3826	0.0436891	-0.113	0.113
  3827	0.0115718	-0.113	0.113
  3828	0.0138656	-0.113	0.113
  3829	0.0130001	-0.113	0.113
  3830	0.0314973	-0.113	0.113
  3831	0.0436298	-0.113	0.113
  3832	0.0106782	-0.113	0.113
  3833	0.0325539	-0.113	0.113
  3834	0.0297234	-0.113	0.113
  3835	0.0153636	-0.113	0.113
  3836	0.0343217	-0.113	0.113
  3837	0.0160944	-0.113	0.113
  3838	0.0242182	-0.113	0.113
  3839	0.0276288	-0.113	0.113
  3840	0.0358679	-0.113	0.113
  3841	0.0302515	-0.113	0.113
  3842	0.0257135	-0.113	0.113
  3843	0.0112122	-0.113	0.113
  3844	0.0339108	-0.113	0.113
  3845	0.018181	-0.113	0.113
  3846	0.0116575	-0.113	0.113
  3847	0.0438639	-0.113	0.113
  3848	0.0121673	-0.113	0.113
  3849	0.0150716	-0.113	0.113
  3850	0.0290716	-0.113	0.113
  3851	0.0438555	-0.113	0.113
  3852	0.0331887	-0.113	0.113
  3853	0.0384512	-0.113	0.113
  3854	0.0439291	-0.113	0.113
  3855	0.043066	-0.113	0.113
  3856	0.034004	-0.113	0.113
  3857	0.0440107	-0.113	0.113
  3858	0.0103584	-0.113	0.113
  3859	0.0297996	-0.113	0.113
  3860	0.0162387	-0.113	0.113
  3861	0.037591	-0.113	0.113
  3862	0.0297958	-0.113	0.113
  3863	0.0125139	-0.113	0.113
  3864	0.0374677	-0.113	0.113
  3865	0.0372039	-0.113	0.113
  3866	0.0385977	-0.113	0.113
  3867	0.012098	-0.113	0.113
  3868	0.0242929	-0.113	0.113
  3869	0.0158123	-0.113	0.113
  3870	0.011608	-0.113	0.113
  3871	0.0425232	-0.113	0.113
  3872	0.0318573	-0.113	0.113
  3873	0.0160632	-0.113	0.113
  3874	0.0301291	-0.113	0.113
  3875	0.016628	-0.113	0.113
  3876	0.0253288	-0.113	0.113
  3877	0.026637	-0.113	0.113
  3878	0.0424889	-0.113	0.113
  3879	0.0125287	-0.113	0.113
  3880	0.0167483	-0.113	0.113
  3881	0.0230399	-0.113	0.113
  3882	0.0155064	-0.113	0.113
  3883	0.0118017	-0.113	0.113
  3884	0.0167975	-0.113	0.113
  3885	0.0436446	-0.113	0.113
  3886	0.0207214	-0.113	0.113
  3887	0.0129551	-0.113	0.113
  3888	0.0157344	-0.113	0.113
  3889	0.0435363	-0.113	0.113
  3890	0.0350498	-0.113	0.113
  3891	0.0205256	-0.113	0.113
  3892	0.012427	-0.113	0.113
  3893	0.0266115	-0.113	0.113
  3894	0.0425302	-0.113	0.113
  3895	0.0434787	-0.113	0.113
  3896	0.0106193	-0.113	0.113
  3897	0.0126959	-0.113	0.113
  3898	0.0408272	-0.113	0.113
  3899	0.0342697	-0.113	0.113
  3900	0.0108947	-0.113	0.113
  3901	0.0426156	-0.113	0.113
  3902	0.0158244	-0.113	0.113
  3903	0.0184729	-0.113	0.113
  3904	0.0258637	-0.113	0.113
  3905	0.0140098	-0.113	0.113
  3906	0.027698	-0.113	0.113
  3907	0.0111899	-0.113	0.113
  3908	0.0171711	-0.113	0.113
  3909	0.0397286	-0.113	0.113
  3910	0.0255449	-0.113	0.113
  3911	0.0375683	-0.113	0.113
  3912	0.0432253	-0.113	0.113
  3913	0.0215883	-0.113	0.113
  3914	0.0107109	-0.113	0.113
  3915	0.0369623	-0.113	0.113
  3916	0.0424001	-0.113	0.113
  3917	0.0377689	-0.113	0.113
  3918	0.0146781	-0.113	0.113
  3919	0.0139918	-0.113	0.113
  3920	0.0426137	-0.113	0.113
  3921	0.0227459	-0.113	0.113
  3922	0.032441	-0.113	0.113
  3923	0.0412742	-0.113	0.113
  3924	0.0250255	-0.113	0.113
  3925	0.0433496	-0.113	0.113
  3926	0.0135042	-0.113	0.113
  3927	0.0290641	-0.113	0.113
  3928	0.0440387	-0.113	0.113
  3929	0.0424236	-0.113	0.113
  3930	0.0379903	-0.113	0.113
  3931	0.0338448	-0.113	0.113
  3932	0.015183	-0.113	0.113
  3933	0.0226942	-0.113	0.113
  3934	0.0363009	-0.113	0.113
  3935	0.0378099	-0.113	0.113
  3936	0.0160184	-0.113	0.113
  3937	0.0142707	-0.113	0.113
  3938	0.0377986	-0.113	0.113
  3939	0.0368447	-0.113	0.113
  3940	0.0424185	-0.113	0.113
  3941	0.0407316	-0.113	0.113
  3942	0.0130546	-0.113	0.113
  3943	0.0392436	-0.113	0.113
  3944	0.0181171	-0.113	0.113
  3945	0.0360205	-0.113	0.113
  3946	0.0290254	-0.113	0.113
  3947	0.0233513	-0.113	0.113
  3948	0.0429626	-0.113	0.113
  3949	0.0182729	-0.113	0.113
  3950	0.0286064	-0.113	0.113
  3951	0.0169447	-0.113	0.113
  3952	0.0381981	-0.113	0.113
  3953	0.0369644	-0.113	0.113
  3954	0.0419372	-0.113	0.113
  3955	0.0284178	-0.113	0.113
  3956	0.0312594	-0.113	0.113
  3957	0.0102879	-0.113	0.113
  3958	0.0401747	-0.113	0.113
  3959	0.0282976	-0.113	0.113
  3960	0.0405728	-0.113	0.113
  3961	0.0439745	-0.113	0.113
  3962	0.016029	-0.113	0.113
  3963	0.0371301	-0.113	0.113
  3964	0.0159757	-0.113	0.113
  3965	0.0140626	-0.113	0.113
  3966	0.0286121	-0.113	0.113
  3967	0.0345069	-0.113	0.113
  3968	0.0135268	-0.113	0.113
  3969	0.0438879	-0.113	0.113
  3970	0.0294819	-0.113	0.113
  3971	0.0285704	-0.113	0.113
  3972	0.0392496	-0.113	0.113
  3973	0.0248556	-0.113	0.113
  3974	0.0214684	-0.113	0.113
  3975	0.0407033	-0.113	0.113
  3976	0.0400028	-0.113	0.113
  3977	0.0422023	-0.113	0.113
  3978	0.0128453	-0.113	0.113
  3979	0.0306304	-0.113	0.113
  3980	0.0409587	-0.113	0.113
  3981	0.0226631	-0.113	0.113
  3982	0.0129053	-0.113	0.113
  3983	0.0100103	-0.113	0.113
  3984	0.0186291	-0.113	0.113
  3985	0.0203917	-0.113	0.113
  3986	0.0108511	-0.113	0.113
  3987	0.0287019	-0.113	0.113
  3988	0.0200572	-0.113	0.113
  3989	0.0120182	-0.113	0.113
  3990	0.019825	-0.113	0.113
  3991	0.0222271	-0.113	0.113
  3992	0.0392403	-0.113	0.113
  3993	0.0222375	-0.113	0.113
  3994	0.0262929	-0.113	0.113
  3995	0.0316327	-0.113	0.113
  3996	0.0416141	-0.113	0.113
  3997	0.0389882	-0.113	0.113
  3998	0.0114852	-0.113	0.113
  3999	0.0296218	-0.113	0.113
  4000	0.0300605	-0.113	0.113
  4001	0.0139357	-0.113	0.113
  4002	0.0175136	-0.113	0.113
  4003	0.0165123	-0.113	0.113
  4004	0.0358659	-0.113	0.113
  4005	0.0229682	-0.113	0.113
  4006	0.0187654	-0.113	0.113
  4007	0.0344531	-0.113	0.113
  4008	0.0395046	-0.113	0.113
  4009	0.0438981	-0.113	0.113
  4010	0.0159439	-0.113	0.113
  4011	0.0435192	-0.113	0.113
  4012	0.0239822	-0.113	0.113
  4013	0.033773	-0.113	0.113
  4014	0.0225934	-0.113	0.113
  4015	0.0238267	-0.113	0.113
  4016	0.0229153	-0.113	0.113
  4017	0.017127	-0.113	0.113
  4018	0.0213157	-0.113	0.113
  4019	0.0122858	-0.113	0.113
  4020	0.0151919	-0.113	0.113
  4021	0.0118139	-0.113	0.113
  4022	0.036139	-0.113	0.113
  4023	0.0129516	-0.113	0.113
  4024	0.0361899	-0.113	0.113
  4025	0.0110616	-0.113	0.113
  4026	0.0118702	-0.113	0.113
  4027	0.0182422	-0.113	0.113
  4028	0.0194309	-0.113	0.113
  4029	0.0381328	-0.113	0.113
  4030	0.0159565	-0.113	0.113
  4031	0.0276839	-0.113	0.113
  4032	0.0440066	-0.113	0.113
  4033	0.0336138	-0.113	0.113
  4034	0.0358701	-0.113	0.113
  4035	0.026437	-0.113	0.113
  4036	0.0440446	-0.113	0.113
  4037	0.0133073	-0.113	0.113
  4038	0.0146864	-0.113	0.113
  4039	0.0427509	-0.113	0.113
  4040	0.0358897	-0.113	0.113
  4041	0.0329164	-0.113	0.113
  4042	0.0404116	-0.113	0.113
  4043	0.042908	-0.113	0.113
  4044	0.0246478	-0.113	0.113
  4045	0.0225549	-0.113	0.113
  4046	0.0441533	-0.113	0.113
  4047	0.0338567	-0.113	0.113
  4048	0.0415503	-0.113	0.113
  4049	0.0377072	-0.113	0.113
  4050	0.028053	-0.113	0.113
  4051	0.0312747	-0.113	0.113
  4052	0.024555	-0.113	0.113
  4053	0.0233812	-0.113	0.113
  4054	0.0289066	-0.113	0.113
  4055	0.0348466	-0.113	0.113
  4056	0.0193591	-0.113	0.113
  4057	0.0443214	-0.113	0.113
  4058	0.0369088	-0.113	0.113
  4059	0.0160788	-0.113	0.113
  4060	0.0114787	-0.113	0.113
  4061	0.0175897	-0.113	0.113
  4062	0.0207095	-0.113	0.113
  4063	0.0145594	-0.113	0.113
  4064	0.0191677	-0.113	0.113
  4065	0.0386028	-0.113	0.113
  4066	0.020633	-0.113	0.113
  4067	0.0240931	-0.113	0.113
  4068	0.0436817	-0.113	0.113
  4069	0.010679	-0.113	0.113
  4070	0.0143915	-0.113	0.113
  4071	0.0193667	-0.113	0.113
  4072	0.0109239	-0.113	0.113
  4073	0.0203438	-0.113	0.113
  4074	0.0407212	-0.113	0.113
  4075	0.0441176	-0.113	0.113
  4076	0.0394621	-0.113	0.113
  4077	0.0319789	-0.113	0.113
  4078	0.0422906	-0.113	0.113
  4079	0.0419326	-0.113	0.113
  4080	0.0361678	-0.113	0.113
  4081	0.0439334	-0.113	0.113
  4082	0.0151516	-0.113	0.113
  4083	0.0245855	-0.113	0.113
  4084	0.0431224	-0.113	0.113
  4085	0.0139518	-0.113	0.113
  4086	0.0321152	-0.113	0.113
  4087	0.0152656	-0.113	0.113
  4088	0.0114945	-0.113	0.113
  4089	0.0191094	-0.113	0.113
  4090	0.0381978	-0.113	0.113
  4091	0.0113225	-0.113	0.113
  4092	0.0106356	-0.113	0.113
  4093	0.0397829	-0.113	0.113
  4094	0.0191788	-0.113	0.113
  4095	0.0126539	-0.113	0.113
  4096	0.0350248	-0.113	0.113
  4097	0.034347	-0.113	0.113
  4098	0.0193492	-0.113	0.113
  4099	0.0138493	-0.113	0.113
  4100	0.0346057	-0.113	0.113
  4101	0.0269694	-0.113	0.113
  4102	0.0226777	-0.113	0.113
  4103	0.0106995	-0.113	0.113
  4104	0.0429619	-0.113	0.113
  4105	0.0433309	-0.113	0.113
  4106	0.042981	-0.113	0.113
  4107	0.0318598	-0.113	0.113
  4108	0.0142207	-0.113	0.113
  4109	0.0171477	-0.113	0.113
  4110	0.033534	-0.113	0.113
  4111	0.0391822	-0.113	0.113
  4112	0.0304796	-0.113	0.113
  4113	0.0443563	-0.113	0.113
  4114	0.0154093	-0.113	0.113
  4115	0.0419296	-0.113	0.113
  4116	0.0461678	-0.113	0.113
  4117	0.0265903	-0.113	0.113
  4118	0.0101162	-0.113	0.113
  4119	0.0259168	-0.113	0.113
  4120	0.0380234	-0.113	0.113
  4121	0.0177948	-0.113	0.113
  4122	0.015247	-0.113	0.113
  4123	0.0107567	-0.113	0.113
  4124	0.0441696	-0.113	0.113
  4125	0.0176213	-0.113	0.113
  4126	0.0244097	-0.113	0.113
  4127	0.0401541	-0.113	0.113
  4128	0.0441969	-0.113	0.113
  4129	0.0347676	-0.113	0.113
  4130	0.0387705	-0.113	0.113
  4131	0.0245441	-0.113	0.113
  4132	0.0133885	-0.113	0.113
  4133	0.0172974	-0.113	0.113
  4134	0.0341637	-0.113	0.113
  4135	0.0287062	-0.113	0.113
  4136	0.0339049	-0.113	0.113
  4137	0.0225723	-0.113	0.113
  4138	0.0246778	-0.113	0.113
  4139	0.0220495	-0.113	0.113
  4140	0.0127957	-0.113	0.113
  4141	0.0423643	-0.113	0.113
  4142	0.020309	-0.113	0.113
  4143	0.0215336	-0.113	0.113
  4144	0.0168477	-0.113	0.113
  4145	0.0176161	-0.113	0.113
  4146	0.0409224	-0.113	0.113
  4147	0.0395702	-0.113	0.113
  4148	0.0204244	-0.113	0.113
  4149	0.028191	-0.113	0.113
  4150	0.0142939	-0.113	0.113
  4151	0.0283763	-0.113	0.113
  4152	0.0357127	-0.113	0.113
  4153	0.0304616	-0.113	0.113
  4154	0.021334	-0.113	0.113
  4155	0.0351797	-0.113	0.113
  4156	0.0355465	-0.113	0.113
  4157	0.0268713	-0.113	0.113
  4158	0.0256587	-0.113	0.113
  4159	0.0134206	-0.113	0.113
  4160	0.0233989	-0.113	0.113
  4161	0.0427699	-0.113	0.113
  4162	0.0175257	-0.113	0.113
  4163	0.0329916	-0.113	0.113
  4164	0.0333249	-0.113	0.113
  4165	0.0395621	-0.113	0.113
  4166	0.0172075	-0.113	0.113
  4167	0.0178311	-0.113	0.113
  4168	0.0235619	-0.113	0.113
  4169	0.0428058	-0.113	0.113
  4170	0.0155851	-0.113	0.113
  4171	0.0369842	-0.113	0.113
  4172	0.0171941	-0.113	0.113
  4173	0.041977	-0.113	0.113
  4174	0.0331399	-0.113	0.113
  4175	0.0413289	-0.113	0.113
  4176	0.022078	-0.113	0.113
  4177	0.0292007	-0.113	0.113
  4178	0.0149877	-0.113	0.113
  4179	0.0391408	-0.113	0.113
  4180	0.0436872	-0.113	0.113
  4181	0.0393628	-0.113	0.113
  4182	0.0208992	-0.113	0.113
  4183	0.012101	-0.113	0.113
  4184	0.043172	-0.113	0.113
  4185	0.0172005	-0.113	0.113
  4186	0.020339	-0.113	0.113
  4187	0.0438053	-0.113	0.113
  4188	0.0203958	-0.113	0.113
  4189	0.0229129	-0.113	0.113
  4190	0.0435131	-0.113	0.113
  4191	0.0100872	-0.113	0.113
  4192	0.0222392	-0.113	0.113
  4193	0.0241991	-0.113	0.113
  4194	0.025099	-0.113	0.113
  4195	0.0276448	-0.113	0.113
  4196	0.0420041	-0.113	0.113
  4197	0.0261082	-0.113	0.113
  4198	0.0220392	-0.113	0.113
  4199	0.0188288	-0.113	0.113
  4200	0.0338141	-0.113	0.113
  4201	0.0438969	-0.113	0.113
  4202	0.0389483	-0.113	0.113
  4203	0.0419151	-0.113	0.113
  4204	0.022586	-0.113	0.113
  4205	0.0318806	-0.113	0.113
  4206	0.0149498	-0.113	0.113
  4207	0.041038	-0.113	0.113
  4208	0.0337879	-0.113	0.113
  4209	0.0297164	-0.113	0.113
  4210	0.0323236	-0.113	0.113
  4211	0.0294887	-0.113	0.113
  4212	0.0284792	-0.113	0.113
  4213	0.0175556	-0.113	0.113
  4214	0.041952	-0.113	0.113
  4215	0.0126358	-0.113	0.113
  4216	0.0385809	-0.113	0.113
  4217	0.043428	-0.113	0.113
  4218	0.011523	-0.113	0.113
  4219	0.0170941	-0.113	0.113
  4220	0.0368184	-0.113	0.113
  4221	0.044893	-0.113	0.113
  4222	0.0436076	-0.113	0.113
  4223	0.0428377	-0.113	0.113
  4224	0.0110207	-0.113	0.113
  4225	0.0287587	-0.113	0.113
  4226	0.0194528	-0.113	0.113
  4227	0.0420424	-0.113	0.113
  4228	0.0392313	-0.113	0.113
  4229	0.0153599	-0.113	0.113
  4230	0.015383	-0.113	0.113
  4231	0.0193707	-0.113	0.113
  4232	0.02911	-0.113	0.113
  4233	0.0120073	-0.113	0.113
  4234	0.0273276	-0.113	0.113
  4235	0.0318222	-0.113	0.113
  4236	0.0158283	-0.113	0.113
  4237	0.0158314	-0.113	0.113
  4238	0.0198374	-0.113	0.113
  4239	0.0192724	-0.113	0.113
  4240	0.0267751	-0.113	0.113
  4241	0.0253097	-0.113	0.113
  4242	0.0197415	-0.113	0.113
  4243	0.0113911	-0.113	0.113
  4244	0.0151689	-0.113	0.113
  4245	0.013008	-0.113	0.113
  4246	0.0442917	-0.113	0.113
  4247	0.0409516	-0.113	0.113
  4248	0.0178735	-0.113	0.113
  4249	0.0243974	-0.113	0.113
  4250	0.0341809	-0.113	0.113
  4251	0.029578	-0.113	0.113
  4252	0.0141087	-0.113	0.113
  4253	0.0429699	-0.113	0.113
  4254	0.0380162	-0.113	0.113
  4255	0.0193798	-0.113	0.113
  4256	0.0162464	-0.113	0.113
  4257	0.0364179	-0.113	0.113
  4258	0.026863	-0.113	0.113
  4259	0.0409786	-0.113	0.113
  4260	0.0312251	-0.113	0.113
  4261	0.02376	-0.113	0.113
  4262	0.0297811	-0.113	0.113
  4263	0.038499	-0.113	0.113
  4264	0.0265135	-0.113	0.113
  4265	0.0225783	-0.113	0.113
  4266	0.0285338	-0.113	0.113
  4267	0.014179	-0.113	0.113
  4268	0.0228014	-0.113	0.113
  4269	0.0138098	-0.113	0.113
  4270	0.012027	-0.113	0.113
  4271	0.0132357	-0.113	0.113
  4272	0.0204042	-0.113	0.113
  4273	0.0191087	-0.113	0.113
  4274	0.0373358	-0.113	0.113
  4275	0.0314973	-0.113	0.113
  4276	0.0217116	-0.113	0.113
  4277	0.010608	-0.113	0.113
  4278	0.0357591	-0.113	0.113
  4279	0.0196026	-0.113	0.113
  4280	0.0431762	-0.113	0.113
  4281	0.0236287	-0.113	0.113
  4282	0.0416048	-0.113	0.113
  4283	0.0267624	-0.113	0.113
  4284	0.0162553	-0.113	0.113
  4285	0.0263233	-0.113	0.113
  4286	0.0436901	-0.113	0.113
  4287	0.0144883	-0.113	0.113
  4288	0.0436752	-0.113	0.113
  4289	0.0219152	-0.113	0.113
  4290	0.0250486	-0.113	0.113
  4291	0.0438142	-0.113	0.113
  4292	0.013385	-0.113	0.113
  4293	0.0305505	-0.113	0.113
  4294	0.0116436	-0.113	0.113
  4295	0.0250185	-0.113	0.113
  4296	0.0196873	-0.113	0.113
  4297	0.0172196	-0.113	0.113
  4298	0.0419167	-0.113	0.113
  4299	0.0157014	-0.113	0.113
  4300	0.0356285	-0.113	0.113
  4301	0.0284043	-0.113	0.113
  4302	0.0264501	-0.113	0.113
  4303	0.0123717	-0.113	0.113
  4304	0.0118905	-0.113	0.113
  4305	0.0179089	-0.113	0.113
  4306	0.0436675	-0.113	0.113
  4307	0.0332439	-0.113	0.113
  4308	0.043937	-0.113	0.113
  4309	0.0298592	-0.113	0.113
  4310	0.0113944	-0.113	0.113
  4311	0.033364	-0.113	0.113
  4312	0.0174667	-0.113	0.113
  4313	0.0424945	-0.113	0.113
  4314	0.0159433	-0.113	0.113
  4315	0.0149334	-0.113	0.113
  4316	0.0256404	-0.113	0.113
  4317	0.0164646	-0.113	0.113
  4318	0.0273373	-0.113	0.113
  4319	0.0144465	-0.113	0.113
  4320	0.0192404	-0.113	0.113
  4321	0.0195926	-0.113	0.113
  4322	0.0349848	-0.113	0.113
  4323	0.0236945	-0.113	0.113
  4324	0.043669	-0.113	0.113
  4325	0.0191413	-0.113	0.113
  4326	0.0398326	-0.113	0.113
  4327	0.0366282	-0.113	0.113
  4328	0.0124392	-0.113	0.113
  4329	0.0145023	-0.113	0.113
  4330	0.0223946	-0.113	0.113
  4331	0.0378508	-0.113	0.113
  4332	0.0156073	-0.113	0.113
  4333	0.030226	-0.113	0.113
  4334	0.0140498	-0.113	0.113
  4335	0.0142309	-0.113	0.113
  4336	0.0236414	-0.113	0.113
  4337	0.0385274	-0.113	0.113
  4338	0.025334	-0.113	0.113
  4339	0.031671	-0.113	0.113
  4340	0.0374219	-0.113	0.113
  4341	0.0182959	-0.113	0.113
  4342	0.0265132	-0.113	0.113
  4343	0.0364267	-0.113	0.113
  4344	0.0492091	-0.113	0.113
  4345	0.0434889	-0.113	0.113
  4346	0.0327853	-0.113	0.113
  4347	0.010835	-0.113	0.113
  4348	0.0199886	-0.113	0.113
  4349	0.0130271	-0.113	0.113
  4350	0.0280354	-0.113	0.113
  4351	0.0232691	-0.113	0.113
  4352	0.010233	-0.113	0.113
  4353	0.031887	-0.113	0.113
  4354	0.0160306	-0.113	0.113
  4355	0.0333191	-0.113	0.113
  4356	0.0179076	-0.113	0.113
  4357	0.018936	-0.113	0.113
  4358	0.0211094	-0.113	0.113
  4359	0.021104	-0.113	0.113
  4360	0.0253091	-0.113	0.113
  4361	0.0237895	-0.113	0.113
  4362	0.0298206	-0.113	0.113
  4363	0.033785	-0.113	0.113
  4364	0.0224533	-0.113	0.113
  4365	0.0338321	-0.113	0.113
  4366	0.0161027	-0.113	0.113
  4367	0.0137193	-0.113	0.113
  4368	0.0272623	-0.113	0.113
  4369	0.0253677	-0.113	0.113
  4370	0.0363628	-0.113	0.113
  4371	0.043625	-0.113	0.113
  4372	0.016364	-0.113	0.113
  4373	0.0211919	-0.113	0.113
  4374	0.0128487	-0.113	0.113
  4375	0.0162953	-0.113	0.113
  4376	0.0212745	-0.113	0.113
  4377	0.0244763	-0.113	0.113
  4378	0.0294986	-0.113	0.113
  4379	0.0280217	-0.113	0.113
  4380	0.0180349	-0.113	0.113
  4381	0.0392808	-0.113	0.113
  4382	0.023151	-0.113	0.113
  4383	0.0211698	-0.113	0.113
  4384	0.0223402	-0.113	0.113
  4385	0.0267509	-0.113	0.113
  4386	0.0109222	-0.113	0.113
  4387	0.0441827	-0.113	0.113
  4388	0.0334259	-0.113	0.113
  4389	0.0276079	-0.113	0.113
  4390	0.0440596	-0.113	0.113
  4391	0.0303013	-0.113	0.113
  4392	0.0217467	-0.113	0.113
  4393	0.0144631	-0.113	0.113
  4394	0.0187537	-0.113	0.113
  4395	0.0260005	-0.113	0.113
  4396	0.0393155	-0.113	0.113
  4397	0.0129209	-0.113	0.113
  4398	0.0144727	-0.113	0.113
  4399	0.0163794	-0.113	0.113
  4400	0.0177579	-0.113	0.113
  4401	0.04344	-0.113	0.113
  4402	0.043785	-0.113	0.113
  4403	0.0219937	-0.113	0.113
  4404	0.0134246	-0.113	0.113
  4405	0.0167993	-0.113	0.113
  4406	0.0200362	-0.113	0.113
  4407	0.0236355	-0.113	0.113
  4408	0.0274292	-0.113	0.113
  4409	0.0199371	-0.113	0.113
  4410	0.0207605	-0.113	0.113
  4411	0.0430791	-0.113	0.113
  4412	0.0429152	-0.113	0.113
  4413	0.0190427	-0.113	0.113
  4414	0.0211815	-0.113	0.113
  4415	0.0277324	-0.113	0.113
  4416	0.0291776	-0.113	0.113
  4417	0.0336411	-0.113	0.113
  4418	0.0100554	-0.113	0.113
  4419	0.0429754	-0.113	0.113
  4420	0.0333245	-0.113	0.113
  4421	0.0232332	-0.113	0.113
  4422	0.032569	-0.113	0.113
  4423	0.0104961	-0.113	0.113
  4424	0.0318108	-0.113	0.113
  4425	0.0375225	-0.113	0.113
  4426	0.0136722	-0.113	0.113
  4427	0.0252806	-0.113	0.113
  4428	0.0442234	-0.113	0.113
  4429	0.0436768	-0.113	0.113
  4430	0.0218783	-0.113	0.113
  4431	0.0398504	-0.113	0.113
  4432	0.0255307	-0.113	0.113
  4433	0.0250704	-0.113	0.113
  4434	0.0422725	-0.113	0.113
  4435	0.027923	-0.113	0.113
  4436	0.0374702	-0.113	0.113
  4437	0.0143618	-0.113	0.113
  4438	0.0134756	-0.113	0.113
  4439	0.0110894	-0.113	0.113
  4440	0.0199205	-0.113	0.113
  4441	0.0286045	-0.113	0.113
  4442	0.0168371	-0.113	0.113
  4443	0.039693	-0.113	0.113
  4444	0.0154915	-0.113	0.113
  4445	0.0158498	-0.113	0.113
  4446	0.0238066	-0.113	0.113
  4447	0.0188803	-0.113	0.113
  4448	0.0238127	-0.113	0.113
  4449	0.0120714	-0.113	0.113
  4450	0.0196574	-0.113	0.113
  4451	0.0421779	-0.113	0.113
  4452	0.0285911	-0.113	0.113
  4453	0.0284232	-0.113	0.113
  4454	0.0326045	-0.113	0.113
  4455	0.024263	-0.113	0.113
  4456	0.0396255	-0.113	0.113
  4457	0.0149653	-0.113	0.113
  4458	0.0122732	-0.113	0.113
  4459	0.0134307	-0.113	0.113
  4460	0.0364274	-0.113	0.113
  4461	0.043518	-0.113	0.113
  4462	0.0217227	-0.113	0.113
  4463	0.0107463	-0.113	0.113
  4464	0.0126466	-0.113	0.113
  4465	0.022544	-0.113	0.113
  4466	0.0408683	-0.113	0.113
  4467	0.0398263	-0.113	0.113
  4468	0.0157717	-0.113	0.113
  4469	0.0244385	-0.113	0.113
  4470	0.0179762	-0.113	0.113
  4471	0.0359456	-0.113	0.113
  4472	0.0349626	-0.113	0.113
  4473	0.0149197	-0.113	0.113
  4474	0.0131405	-0.113	0.113
  4475	0.0259795	-0.113	0.113
  4476	0.0143736	-0.113	0.113
  4477	0.0181427	-0.113	0.113
  4478	0.0103996	-0.113	0.113
  4479	0.0144704	-0.113	0.113
  4480	0.0265107	-0.113	0.113
  4481	0.0209967	-0.113	0.113
  4482	0.0105882	-0.113	0.113
  4483	0.0221856	-0.113	0.113
  4484	0.0339886	-0.113	0.113
  4485	0.013526	-0.113	0.113
  4486	0.012753	-0.113	0.113
  4487	0.0136518	-0.113	0.113
  4488	0.0172076	-0.113	0.113
  4489	0.0196321	-0.113	0.113
  4490	0.0369266	-0.113	0.113
  4491	0.0217615	-0.113	0.113
  4492	0.0433208	-0.113	0.113
  4493	0.0425578	-0.113	0.113
  4494	0.035922	-0.113	0.113
  4495	0.0157805	-0.113	0.113
  4496	0.0319453	-0.113	0.113
  4497	0.0437504	-0.113	0.113
  4498	0.0414116	-0.113	0.113
  4499	0.0247361	-0.113	0.113
  4500	0.0353699	-0.113	0.113
  4501	0.0219957	-0.113	0.113
  4502	0.043467	-0.113	0.113
  4503	0.0163485	-0.113	0.113
  4504	0.0158635	-0.113	0.113
  4505	0.019211	-0.113	0.113
  4506	0.0321634	-0.113	0.113
  4507	0.0147312	-0.113	0.113
  4508	0.0197939	-0.113	0.113
  4509	0.0188132	-0.113	0.113
  4510	0.0121632	-0.113	0.113
  4511	0.0284633	-0.113	0.113
  4512	0.0180938	-0.113	0.113
  4513	0.0138298	-0.113	0.113
  4514	0.0343084	-0.113	0.113
  4515	0.0271513	-0.113	0.113
  4516	0.0165672	-0.113	0.113
  4517	0.0141084	-0.113	0.113
  4518	0.0165319	-0.113	0.113
  4519	0.0217837	-0.113	0.113
  4520	0.0336491	-0.113	0.113
  4521	0.0109352	-0.113	0.113
  4522	0.0156341	-0.113	0.113
  4523	0.0367733	-0.113	0.113
  4524	0.0399628	-0.113	0.113
  4525	0.0297181	-0.113	0.113
  4526	0.0362494	-0.113	0.113
  4527	0.0407517	-0.113	0.113
  4528	0.0140091	-0.113	0.113
  4529	0.0218827	-0.113	0.113
  4530	0.0419272	-0.113	0.113
  4531	0.0411997	-0.113	0.113
  4532	0.0107959	-0.113	0.113
  4533	0.0416992	-0.113	0.113
  4534	0.0330537	-0.113	0.113
  4535	0.030236	-0.113	0.113
  4536	0.0181494	-0.113	0.113
  4537	0.0319202	-0.113	0.113
  4538	0.0191539	-0.113	0.113
  4539	0.0419174	-0.113	0.113
  4540	0.0438975	-0.113	0.113
  4541	0.0357305	-0.113	0.113
  4542	0.0201359	-0.113	0.113
  4543	0.0405058	-0.113	0.113
  4544	0.0368586	-0.113	0.113
  4545	0.0337431	-0.113	0.113
  4546	0.0439212	-0.113	0.113
  4547	0.0117253	-0.113	0.113
  4548	0.0296041	-0.113	0.113
  4549	0.0431826	-0.113	0.113
  4550	0.0423123	-0.113	0.113
  4551	0.019403	-0.113	0.113
  4552	0.0333999	-0.113	0.113
  4553	0.0237882	-0.113	0.113
  4554	0.0430932	-0.113	0.113
  4555	0.0125868	-0.113	0.113
  4556	0.0289292	-0.113	0.113
  4557	0.0403497	-0.113	0.113
  4558	0.0356521	-0.113	0.113
  4559	0.0238186	-0.113	0.113
  4560	0.04156	-0.113	0.113
  4561	0.019399	-0.113	0.113
  4562	0.014127	-0.113	0.113
  4563	0.0388842	-0.113	0.113
  4564	0.0435294	-0.113	0.113
  4565	0.0248289	-0.113	0.113
  4566	0.0224439	-0.113	0.113
  4567	0.013773	-0.113	0.113
  4568	0.0425146	-0.113	0.113
  4569	0.023005	-0.113	0.113
  4570	0.0155472	-0.113	0.113
  4571	0.0374614	-0.113	0.113
  4572	0.0313147	-0.113	0.113
  4573	0.019088	-0.113	0.113
  4574	0.0407513	-0.113	0.113
  4575	0.0190397	-0.113	0.113
  4576	0.0103698	-0.113	0.113
  4577	0.028547	-0.113	0.113
  4578	0.0239754	-0.113	0.113
  4579	0.0230376	-0.113	0.113
  4580	0.0439755	-0.113	0.113
  4581	0.0268106	-0.113	0.113
  4582	0.0339285	-0.113	0.113
  4583	0.0419682	-0.113	0.113
  4584	0.0278543	-0.113	0.113
  4585	0.040004	-0.113	0.113
  4586	0.0146094	-0.113	0.113
  4587	0.0487373	-0.113	0.113
  4588	0.0187905	-0.113	0.113
  4589	0.0268184	-0.113	0.113
  4590	0.0121721	-0.113	0.113
  4591	0.0162187	-0.113	0.113
  4592	0.0429235	-0.113	0.113
  4593	0.0282708	-0.113	0.113
  4594	0.0192531	-0.113	0.113
  4595	0.0193942	-0.113	0.113
  4596	0.0347491	-0.113	0.113
  4597	0.0424995	-0.113	0.113
  4598	0.0440552	-0.113	0.113
  4599	0.0143079	-0.113	0.113
  4600	0.0158847	-0.113	0.113
  4601	0.0431113	-0.113	0.113
  4602	0.0410549	-0.113	0.113
  4603	0.0124391	-0.113	0.113
  4604	0.0102378	-0.113	0.113
  4605	0.0265325	-0.113	0.113
  4606	0.0263497	-0.113	0.113
  4607	0.0351612	-0.113	0.113
  4608	0.0433791	-0.113	0.113
  4609	0.0250437	-0.113	0.113
  4610	0.0219476	-0.113	0.113
  4611	0.0138101	-0.113	0.113
  4612	0.0107833	-0.113	0.113
  4613	0.0183326	-0.113	0.113
  4614	0.019386	-0.113	0.113
  4615	0.0402628	-0.113	0.113
  4616	0.0428806	-0.113	0.113
  4617	0.0513545	-0.113	0.113
  4618	0.044157	-0.113	0.113
  4619	0.0342993	-0.113	0.113
  4620	0.0123284	-0.113	0.113
  4621	0.0106952	-0.113	0.113
  4622	0.0107268	-0.113	0.113
  4623	0.0325276	-0.113	0.113
  4624	0.0161382	-0.113	0.113
  4625	0.0209871	-0.113	0.113
  4626	0.0304963	-0.113	0.113
  4627	0.0317615	-0.113	0.113
  4628	0.0118564	-0.113	0.113
  4629	0.0373976	-0.113	0.113
  4630	0.0227993	-0.113	0.113
  4631	0.0234634	-0.113	0.113
  4632	0.0370252	-0.113	0.113
  4633	0.0321118	-0.113	0.113
  4634	0.0126791	-0.113	0.113
  4635	0.0258793	-0.113	0.113
  4636	0.0302166	-0.113	0.113
  4637	0.0125006	-0.113	0.113
  4638	0.0125868	-0.113	0.113
  4639	0.0414247	-0.113	0.113
  4640	0.0107726	-0.113	0.113
  4641	0.0394828	-0.113	0.113
  4642	0.0348309	-0.113	0.113
  4643	0.0318087	-0.113	0.113
  4644	0.0409365	-0.113	0.113
  4645	0.0345031	-0.113	0.113
  4646	0.0419733	-0.113	0.113
  4647	0.0156221	-0.113	0.113
  4648	0.0417629	-0.113	0.113
  4649	0.0335761	-0.113	0.113
  4650	0.0105962	-0.113	0.113
  4651	0.0272426	-0.113	0.113
  4652	0.0170144	-0.113	0.113
  4653	0.0153855	-0.113	0.113
  4654	0.042662	-0.113	0.113
  4655	0.0213053	-0.113	0.113
  4656	0.0363638	-0.113	0.113
  4657	0.0380006	-0.113	0.113
  4658	0.0144973	-0.113	0.113
  4659	0.04389	-0.113	0.113
  4660	0.0295909	-0.113	0.113
  4661	0.025533	-0.113	0.113
  4662	0.0421457	-0.113	0.113
  4663	0.0270559	-0.113	0.113
  4664	0.0419915	-0.113	0.113
  4665	0.0103607	-0.113	0.113
  4666	0.0138974	-0.113	0.113
  4667	0.0250601	-0.113	0.113
  4668	0.0107847	-0.113	0.113
  4669	0.0177551	-0.113	0.113
  4670	0.0172337	-0.113	0.113
  4671	0.0246428	-0.113	0.113
  4672	0.0240495	-0.113	0.113
  4673	0.043481	-0.113	0.113
  4674	0.0155834	-0.113	0.113
  4675	0.0439752	-0.113	0.113
  4676	0.0116936	-0.113	0.113
  4677	0.0415856	-0.113	0.113
  4678	0.0344822	-0.113	0.113
  4679	0.0393461	-0.113	0.113
  4680	0.0181383	-0.113	0.113
  4681	0.0441068	-0.113	0.113
  4682	0.0282402	-0.113	0.113
  4683	0.0310068	-0.113	0.113
  4684	0.011459	-0.113	0.113
  4685	0.0201487	-0.113	0.113
  4686	0.0131927	-0.113	0.113
  4687	0.0136162	-0.113	0.113
  4688	0.0283155	-0.113	0.113
  4689	0.0263216	-0.113	0.113
  4690	0.0289071	-0.113	0.113
  4691	0.0111979	-0.113	0.113
  4692	0.027355	-0.113	0.113
  4693	0.0125981	-0.113	0.113
  4694	0.0442794	-0.113	0.113
  4695	0.0418602	-0.113	0.113
  4696	0.0339307	-0.113	0.113
  4697	0.0385795	-0.113	0.113
  4698	0.0134386	-0.113	0.113
  4699	0.0410145	-0.113	0.113
  4700	0.0191987	-0.113	0.113
  4701	0.0223309	-0.113	0.113
  4702	0.010689	-0.113	0.113
  4703	0.0154202	-0.113	0.113
  4704	0.0238848	-0.113	0.113
  4705	0.0423073	-0.113	0.113
  4706	0.0153178	-0.113	0.113
  4707	0.0380575	-0.113	0.113
  4708	0.014335	-0.113	0.113
  4709	0.0185443	-0.113	0.113
  4710	0.0115139	-0.113	0.113
  4711	0.0250095	-0.113	0.113
  4712	0.0253586	-0.113	0.113
  4713	0.0165813	-0.113	0.113
  4714	0.0142681	-0.113	0.113
  4715	0.0267262	-0.113	0.113
  4716	0.0122889	-0.113	0.113
  4717	0.0246917	-0.113	0.113
  4718	0.0116943	-0.113	0.113
  4719	0.0226496	-0.113	0.113
  4720	0.0245989	-0.113	0.113
  4721	0.0205132	-0.113	0.113
  4722	0.0223752	-0.113	0.113
  4723	0.0293938	-0.113	0.113
  4724	0.0393626	-0.113	0.113
  4725	0.0421131	-0.113	0.113
  4726	0.0283242	-0.113	0.113
  4727	0.039335	-0.113	0.113
  4728	0.0410603	-0.113	0.113
  4729	0.0263067	-0.113	0.113
  4730	0.0158588	-0.113	0.113
  4731	0.0412378	-0.113	0.113
  4732	0.0267256	-0.113	0.113
  4733	0.0120092	-0.113	0.113
  4734	0.0195103	-0.113	0.113
  4735	0.0430531	-0.113	0.113
  4736	0.0162618	-0.113	0.113
  4737	0.0141068	-0.113	0.113
  4738	0.0187979	-0.113	0.113
  4739	0.044251	-0.113	0.113
  4740	0.0370808	-0.113	0.113
  4741	0.0263741	-0.113	0.113
  4742	0.0433335	-0.113	0.113
  4743	0.0194694	-0.113	0.113
  4744	0.0283437	-0.113	0.113
  4745	0.0359536	-0.113	0.113
  4746	0.030843	-0.113	0.113
  4747	0.0379014	-0.113	0.113
  4748	0.0257121	-0.113	0.113
  4749	0.0402971	-0.113	0.113
  4750	0.0370708	-0.113	0.113
  4751	0.0220996	-0.113	0.113
  4752	0.0382037	-0.113	0.113
  4753	0.0415734	-0.113	0.113
  4754	0.0180976	-0.113	0.113
  4755	0.0387513	-0.113	0.113
  4756	0.0401074	-0.113	0.113
  4757	0.0420301	-0.113	0.113
  4758	0.030073	-0.113	0.113
  4759	0.0147772	-0.113	0.113
  4760	0.0258589	-0.113	0.113
  4761	0.0181291	-0.113	0.113
  4762	0.03199	-0.113	0.113
  4763	0.0247373	-0.113	0.113
  4764	0.0388936	-0.113	0.113
  4765	0.014379	-0.113	0.113
  4766	0.0160769	-0.113	0.113
  4767	0.0286316	-0.113	0.113
  4768	0.0286282	-0.113	0.113
  4769	0.0287593	-0.113	0.113
  4770	0.0161098	-0.113	0.113
  4771	0.0324106	-0.113	0.113
  4772	0.022477	-0.113	0.113
  4773	0.0382262	-0.113	0.113
  4774	0.0433621	-0.113	0.113
  4775	0.0326922	-0.113	0.113
  4776	0.0423909	-0.113	0.113
  4777	0.0440968	-0.113	0.113
  4778	0.0318831	-0.113	0.113
  4779	0.0249791	-0.113	0.113
  4780	0.0164395	-0.113	0.113
  4781	0.043407	-0.113	0.113
  4782	0.0243487	-0.113	0.113
  4783	0.0370764	-0.113	0.113
  4784	0.0259088	-0.113	0.113
  4785	0.0294669	-0.113	0.113
  4786	0.018266	-0.113	0.113
  4787	0.0310271	-0.113	0.113
  4788	0.0393113	-0.113	0.113
  4789	0.0235801	-0.113	0.113
  4790	0.0408557	-0.113	0.113
  4791	0.0164943	-0.113	0.113
  4792	0.0170167	-0.113	0.113
  4793	0.017004	-0.113	0.113
  4794	0.038554	-0.113	0.113
  4795	0.0108177	-0.113	0.113
  4796	0.0145621	-0.113	0.113
  4797	0.0280611	-0.113	0.113
  4798	0.0164773	-0.113	0.113
  4799	0.0272685	-0.113	0.113
  4800	0.0333465	-0.113	0.113
  4801	0.0417642	-0.113	0.113
  4802	0.0121735	-0.113	0.113
  4803	0.0189658	-0.113	0.113
  4804	0.0219713	-0.113	0.113
  4805	0.0390114	-0.113	0.113
  4806	0.012104	-0.113	0.113
  4807	0.0265308	-0.113	0.113
  4808	0.0295114	-0.113	0.113
  4809	0.0139796	-0.113	0.113
  4810	0.024326	-0.113	0.113
  4811	0.016369	-0.113	0.113
  4812	0.0148983	-0.113	0.113
  4813	0.0163088	-0.113	0.113
  4814	0.0422466	-0.113	0.113
  4815	0.0120454	-0.113	0.113
  4816	0.0178388	-0.113	0.113
  4817	0.0203112	-0.113	0.113
  4818	0.0147486	-0.113	0.113
  4819	0.0104845	-0.113	0.113
  4820	0.0188264	-0.113	0.113
  4821	0.0275364	-0.113	0.113
  4822	0.0360367	-0.113	0.113
  4823	0.0184731	-0.113	0.113
  4824	0.0439601	-0.113	0.113
  4825	0.0277411	-0.113	0.113
  4826	0.0342884	-0.113	0.113
  4827	0.0361556	-0.113	0.113
  4828	0.0128893	-0.113	0.113
  4829	0.0148879	-0.113	0.113
  4830	0.0329837	-0.113	0.113
  4831	0.0141105	-0.113	0.113
  4832	0.0170128	-0.113	0.113
  4833	0.0186173	-0.113	0.113
  4834	0.0298971	-0.113	0.113
  4835	0.0431532	-0.113	0.113
  4836	0.0231532	-0.113	0.113
  4837	0.0262556	-0.113	0.113
  4838	0.0400633	-0.113	0.113
  4839	0.0442545	-0.113	0.113
  4840	0.0223285	-0.113	0.113
  4841	0.0436487	-0.113	0.113
  4842	0.0426498	-0.113	0.113
  4843	0.0179608	-0.113	0.113
  4844	0.0431782	-0.113	0.113
  4845	0.0117358	-0.113	0.113
  4846	0.0338193	-0.113	0.113
  4847	0.0362941	-0.113	0.113
  4848	0.0185582	-0.113	0.113
  4849	0.0338444	-0.113	0.113
  4850	0.0223745	-0.113	0.113
  4851	0.0116217	-0.113	0.113
  4852	0.0420522	-0.113	0.113
  4853	0.0287741	-0.113	0.113
  4854	0.0131813	-0.113	0.113
  4855	0.0191242	-0.113	0.113
  4856	0.0360202	-0.113	0.113
  4857	0.0346088	-0.113	0.113
  4858	0.0271063	-0.113	0.113
  4859	0.0434588	-0.113	0.113
  4860	0.0399927	-0.113	0.113
  4861	0.0108539	-0.113	0.113
  4862	0.0329214	-0.113	0.113
  4863	0.0200131	-0.113	0.113
  4864	0.0439007	-0.113	0.113
  4865	0.0253477	-0.113	0.113
  4866	0.0393754	-0.113	0.113
  4867	0.0432892	-0.113	0.113
  4868	0.0405885	-0.113	0.113
  4869	0.0240373	-0.113	0.113
  4870	0.0182239	-0.113	0.113
  4871	0.0365997	-0.113	0.113
  4872	0.0258117	-0.113	0.113
  4873	0.0205207	-0.113	0.113
  4874	0.0430547	-0.113	0.113
  4875	0.0410762	-0.113	0.113
  4876	0.0263523	-0.113	0.113
  4877	0.0133718	-0.113	0.113
  4878	0.041009	-0.113	0.113
  4879	0.0324671	-0.113	0.113
  4880	0.0204438	-0.113	0.113
  4881	0.0137378	-0.113	0.113
  4882	0.0164067	-0.113	0.113
  4883	0.0185277	-0.113	0.113
  4884	0.0381731	-0.113	0.113
  4885	0.0431287	-0.113	0.113
  4886	0.0322108	-0.113	0.113
  4887	0.010116	-0.113	0.113
  4888	0.0437177	-0.113	0.113
  4889	0.033875	-0.113	0.113
  4890	0.0126208	-0.113	0.113
  4891	0.0166249	-0.113	0.113
  4892	0.0226927	-0.113	0.113
  4893	0.0219	-0.113	0.113
  4894	0.0270829	-0.113	0.113
  4895	0.0214777	-0.113	0.113
  4896	0.0165444	-0.113	0.113
  4897	0.0292086	-0.113	0.113
  4898	0.0347766	-0.113	0.113
  4899	0.0356017	-0.113	0.113
  4900	0.0291726	-0.113	0.113
  4901	0.0327218	-0.113	0.113
  4902	0.0434543	-0.113	0.113
  4903	0.0268917	-0.113	0.113
  4904	0.0157732	-0.113	0.113
  4905	0.0111233	-0.113	0.113
  4906	0.0423921	-0.113	0.113
  4907	0.0168904	-0.113	0.113
  4908	0.0325658	-0.113	0.113
  4909	0.0167369	-0.113	0.113
  4910	0.02805	-0.113	0.113
  4911	0.0221672	-0.113	0.113
  4912	0.0434084	-0.113	0.113
  4913	0.035713	-0.113	0.113
  4914	0.0361213	-0.113	0.113
  4915	0.0173151	-0.113	0.113
  4916	0.0415372	-0.113	0.113
  4917	0.0179574	-0.113	0.113
  4918	0.0103136	-0.113	0.113
  4919	0.0437245	-0.113	0.113
  4920	0.0353998	-0.113	0.113
  4921	0.0262362	-0.113	0.113
  4922	0.0104698	-0.113	0.113
  4923	0.0390849	-0.113	0.113
  4924	0.0142574	-0.113	0.113
  4925	0.0423332	-0.113	0.113
  4926	0.0259931	-0.113	0.113
  4927	0.0218395	-0.113	0.113
  4928	0.0364832	-0.113	0.113
  4929	0.0437162	-0.113	0.113
  4930	0.0216603	-0.113	0.113
  4931	0.0337589	-0.113	0.113
  4932	0.0214746	-0.113	0.113
  4933	0.0278253	-0.113	0.113
  4934	0.0332885	-0.113	0.113
  4935	0.0353654	-0.113	0.113
  4936	0.0158903	-0.113	0.113
  4937	0.0293584	-0.113	0.113
  4938	0.0156869	-0.113	0.113
  4939	0.0126625	-0.113	0.113
  4940	0.0275153	-0.113	0.113
  4941	0.0105705	-0.113	0.113
  4942	0.0433922	-0.113	0.113
  4943	0.0352969	-0.113	0.113
  4944	0.0429516	-0.113	0.113
  4945	0.0431708	-0.113	0.113
  4946	0.0341857	-0.113	0.113
  4947	0.0437778	-0.113	0.113
  4948	0.0440386	-0.113	0.113
  4949	0.0427597	-0.113	0.113
  4950	0.0245464	-0.113	0.113
  4951	0.0375125	-0.113	0.113
  4952	0.0432318	-0.113	0.113
  4953	0.0140694	-0.113	0.113
  4954	0.0125157	-0.113	0.113
  4955	0.0189289	-0.113	0.113
  4956	0.0119709	-0.113	0.113
  4957	0.0136275	-0.113	0.113
  4958	0.0105657	-0.113	0.113
  4959	0.0304484	-0.113	0.113
  4960	0.0177221	-0.113	0.113
  4961	0.0116488	-0.113	0.113
  4962	0.033685	-0.113	0.113
  4963	0.00996862	-0.113	0.113
  4964	0.0382706	-0.113	0.113
  4965	0.0126194	-0.113	0.113
  4966	0.0360184	-0.113	0.113
  4967	0.0218535	-0.113	0.113
  4968	0.0434496	-0.113	0.113
  4969	0.0431029	-0.113	0.113
  4970	0.0442917	-0.113	0.113
  4971	0.0160955	-0.113	0.113
  4972	0.0221697	-0.113	0.113
  4973	0.0199353	-0.113	0.113
  4974	0.025655	-0.113	0.113
  4975	0.0268229	-0.113	0.113
  4976	0.0259816	-0.113	0.113
  4977	0.0336618	-0.113	0.113
  4978	0.0136656	-0.113	0.113
  4979	0.0411384	-0.113	0.113
  4980	0.030314	-0.113	0.113
  4981	0.0133	-0.113	0.113
  4982	0.0219811	-0.113	0.113
  4983	0.0427801	-0.113	0.113
  4984	0.0296129	-0.113	0.113
  4985	0.0196788	-0.113	0.113
  4986	0.0158982	-0.113	0.113
  4987	0.0341858	-0.113	0.113
  4988	0.0293148	-0.113	0.113
  4989	0.0435683	-0.113	0.113
  4990	0.0438585	-0.113	0.113
  4991	0.0276554	-0.113	0.113
  4992	0.0144979	-0.113	0.113
  4993	0.0331945	-0.113	0.113
  4994	0.0330995	-0.113	0.113
  4995	0.0429195	-0.113	0.113
  4996	0.0434363	-0.113	0.113
  4997	0.0420171	-0.113	0.113
  4998	0.021342	-0.113	0.113
  4999	0.0432063	-0.113	0.113
  5000	0.0401276	-0.113	0.113
  5001	0.0159131	-0.113	0.113
  5002	0.031294	-0.113	0.113
  5003	0.0420264	-0.113	0.113
  5004	0.043344	-0.113	0.113
  5005	0.0163508	-0.113	0.113
  5006	0.0221251	-0.113	0.113
  5007	0.0438587	-0.113	0.113
  5008	0.0193413	-0.113	0.113
  5009	0.0103117	-0.113	0.113
  5010	0.0422007	-0.113	0.113
  5011	0.0240009	-0.113	0.113
  5012	0.0106529	-0.113	0.113
  5013	0.0119094	-0.113	0.113
  5014	0.011741	-0.113	0.113
  5015	0.0129461	-0.113	0.113
  5016	0.0397671	-0.113	0.113
  5017	0.0441843	-0.113	0.113
  5018	0.0177265	-0.113	0.113
  5019	0.0358053	-0.113	0.113
  5020	0.0158442	-0.113	0.113
  5021	0.0205052	-0.113	0.113
  5022	0.0405576	-0.113	0.113
  5023	0.0428904	-0.113	0.113
  5024	0.0362021	-0.113	0.113
  5025	0.0221463	-0.113	0.113
  5026	0.0390392	-0.113	0.113
  5027	0.0300887	-0.113	0.113
  5028	0.0120709	-0.113	0.113
  5029	0.027149	-0.113	0.113
  5030	0.0436497	-0.113	0.113
  5031	0.0411489	-0.113	0.113
  5032	0.0426788	-0.113	0.113
  5033	0.0352631	-0.113	0.113
  5034	0.0240533	-0.113	0.113
  5035	0.0237091	-0.113	0.113
  5036	0.0254275	-0.113	0.113
  5037	0.012585	-0.113	0.113
  5038	0.0316066	-0.113	0.113
  5039	0.0153253	-0.113	0.113
  5040	0.0316258	-0.113	0.113
  5041	0.0353048	-0.113	0.113
  5042	0.0372052	-0.113	0.113
  5043	0.0288053	-0.113	0.113
  5044	0.0398206	-0.113	0.113
  5045	0.0437337	-0.113	0.113
  5046	0.0388492	-0.113	0.113
  5047	0.0101511	-0.113	0.113
  5048	0.0425779	-0.113	0.113
  5049	0.0118281	-0.113	0.113
  5050	0.0435315	-0.113	0.113
  5051	0.04087	-0.113	0.113
  5052	0.034437	-0.113	0.113
  5053	0.0157785	-0.113	0.113
  5054	0.0295543	-0.113	0.113
  5055	0.0150235	-0.113	0.113
  5056	0.0320205	-0.113	0.113
  5057	0.0153872	-0.113	0.113
  5058	0.034861	-0.113	0.113
  5059	0.0120982	-0.113	0.113
  5060	0.0103225	-0.113	0.113
  5061	0.0324238	-0.113	0.113
  5062	0.0421169	-0.113	0.113
  5063	0.0174131	-0.113	0.113
  5064	0.0161236	-0.113	0.113
  5065	0.0225354	-0.113	0.113
  5066	0.0162448	-0.113	0.113
  5067	0.0163738	-0.113	0.113
  5068	0.0243823	-0.113	0.113
  5069	0.0384862	-0.113	0.113
  5070	0.0378204	-0.113	0.113
  5071	0.0373505	-0.113	0.113
  5072	0.0404148	-0.113	0.113
  5073	0.0203558	-0.113	0.113
  5074	0.0391051	-0.113	0.113
  5075	0.0211084	-0.113	0.113
  5076	0.0440257	-0.113	0.113
  5077	0.0349768	-0.113	0.113
  5078	0.0435115	-0.113	0.113
  5079	0.0305513	-0.113	0.113
  5080	0.0235144	-0.113	0.113
  5081	0.0151085	-0.113	0.113
  5082	0.0124546	-0.113	0.113
  5083	0.0434641	-0.113	0.113
  5084	0.0127305	-0.113	0.113
  5085	0.0124825	-0.113	0.113
  5086	0.0435602	-0.113	0.113
  5087	0.0283467	-0.113	0.113
  5088	0.0376638	-0.113	0.113
  5089	0.0396333	-0.113	0.113
  5090	0.0158767	-0.113	0.113
  5091	0.0146554	-0.113	0.113
  5092	0.025314	-0.113	0.113
  5093	0.0389832	-0.113	0.113
  5094	0.0129838	-0.113	0.113
  5095	0.0179974	-0.113	0.113
  5096	0.0255407	-0.113	0.113
  5097	0.0347365	-0.113	0.113
  5098	0.0391687	-0.113	0.113
  5099	0.0290213	-0.113	0.113
  5100	0.0228629	-0.113	0.113
  5101	0.0276183	-0.113	0.113
  5102	0.0150934	-0.113	0.113
  5103	0.0438107	-0.113	0.113
  5104	0.0427374	-0.113	0.113
  5105	0.04215	-0.113	0.113
  5106	0.0347187	-0.113	0.113
  5107	0.0168882	-0.113	0.113
  5108	0.0211603	-0.113	0.113
  5109	0.0178248	-0.113	0.113
  5110	0.0161519	-0.113	0.113
  5111	0.017203	-0.113	0.113
  5112	0.021639	-0.113	0.113
  5113	0.0304618	-0.113	0.113
  5114	0.0206219	-0.113	0.113
  5115	0.0301715	-0.113	0.113
  5116	0.0199076	-0.113	0.113
  5117	0.0306487	-0.113	0.113
  5118	0.0288	-0.113	0.113
  5119	0.019208	-0.113	0.113
  5120	0.0147548	-0.113	0.113
  5121	0.0139007	-0.113	0.113
  5122	0.0409187	-0.113	0.113
  5123	0.0344979	-0.113	0.113
  5124	0.0279059	-0.113	0.113
  5125	0.0131692	-0.113	0.113
  5126	0.0240937	-0.113	0.113
  5127	0.0398874	-0.113	0.113
  5128	0.0339445	-0.113	0.113
  5129	0.0136711	-0.113	0.113
  5130	0.0101351	-0.113	0.113
  5131	0.0373782	-0.113	0.113
  5132	0.0205145	-0.113	0.113
  5133	0.0216645	-0.113	0.113
  5134	0.0206745	-0.113	0.113
  5135	0.0282671	-0.113	0.113
  5136	0.0439714	-0.113	0.113
  5137	0.0142236	-0.113	0.113
  5138	0.0136455	-0.113	0.113
  5139	0.0226668	-0.113	0.113
  5140	0.0253777	-0.113	0.113
  5141	0.0178244	-0.113	0.113
  5142	0.0304764	-0.113	0.113
  5143	0.0222175	-0.113	0.113
  5144	0.0199431	-0.113	0.113
  5145	0.0250461	-0.113	0.113
  5146	0.010673	-0.113	0.113
  5147	0.0425242	-0.113	0.113
  5148	0.0148246	-0.113	0.113
  5149	0.031799	-0.113	0.113
  5150	0.0420127	-0.113	0.113
  5151	0.0194439	-0.113	0.113
  5152	0.0130022	-0.113	0.113
  5153	0.0104652	-0.113	0.113
  5154	0.0265394	-0.113	0.113
  5155	0.0191653	-0.113	0.113
  5156	0.0382454	-0.113	0.113
  5157	0.0391252	-0.113	0.113
  5158	0.0384332	-0.113	0.113
  5159	0.0321264	-0.113	0.113
  5160	0.0381161	-0.113	0.113
  5161	0.0176275	-0.113	0.113
  5162	0.0265506	-0.113	0.113
  5163	0.0215604	-0.113	0.113
  5164	0.0152282	-0.113	0.113
  5165	0.0256604	-0.113	0.113
  5166	0.0198938	-0.113	0.113
  5167	0.0242976	-0.113	0.113
  5168	0.0353743	-0.113	0.113
  5169	0.0418956	-0.113	0.113
  5170	0.0164586	-0.113	0.113
  5171	0.0209073	-0.113	0.113
  5172	0.0312413	-0.113	0.113
  5173	0.0208458	-0.113	0.113
  5174	0.0161519	-0.113	0.113
  5175	0.0167318	-0.113	0.113
  5176	0.0360608	-0.113	0.113
  5177	0.0382611	-0.113	0.113
  5178	0.0117593	-0.113	0.113
  5179	0.0208861	-0.113	0.113
  5180	0.0439371	-0.113	0.113
  5181	0.0382768	-0.113	0.113
  5182	0.0219229	-0.113	0.113
  5183	0.041418	-0.113	0.113
  5184	0.0244814	-0.113	0.113
  5185	0.0301267	-0.113	0.113
  5186	0.0297451	-0.113	0.113
  5187	0.0134422	-0.113	0.113
  5188	0.0172027	-0.113	0.113
  5189	0.0315704	-0.113	0.113
  5190	0.0183547	-0.113	0.113
  5191	0.0365474	-0.113	0.113
  5192	0.0336693	-0.113	0.113
  5193	0.0333484	-0.113	0.113
  5194	0.0427329	-0.113	0.113
  5195	0.0161614	-0.113	0.113
  5196	0.0203108	-0.113	0.113
  5197	0.0439693	-0.113	0.113
  5198	0.0296715	-0.113	0.113
  5199	0.018729	-0.113	0.113
  5200	0.0153618	-0.113	0.113
  5201	0.0253627	-0.113	0.113
  5202	0.0289262	-0.113	0.113
  5203	0.0148313	-0.113	0.113
  5204	0.0249275	-0.113	0.113
  5205	0.0145744	-0.113	0.113
  5206	0.0147341	-0.113	0.113
  5207	0.0375298	-0.113	0.113
  5208	0.0285791	-0.113	0.113
  5209	0.0281791	-0.113	0.113
  5210	0.0329545	-0.113	0.113
  5211	0.0151825	-0.113	0.113
  5212	0.0170285	-0.113	0.113
  5213	0.0438064	-0.113	0.113
  5214	0.0441739	-0.113	0.113
  5215	0.0263628	-0.113	0.113
  5216	0.0276432	-0.113	0.113
  5217	0.0157886	-0.113	0.113
  5218	0.0183685	-0.113	0.113
  5219	0.0312658	-0.113	0.113
  5220	0.0230428	-0.113	0.113
  5221	0.0351992	-0.113	0.113
  5222	0.0306319	-0.113	0.113
  5223	0.0343668	-0.113	0.113
  5224	0.0360522	-0.113	0.113
  5225	0.0216059	-0.113	0.113
  5226	0.0244004	-0.113	0.113
  5227	0.0240826	-0.113	0.113
  5228	0.0414951	-0.113	0.113
  5229	0.0118016	-0.113	0.113
  5230	0.025086	-0.113	0.113
  5231	0.0201282	-0.113	0.113
  5232	0.0434789	-0.113	0.113
  5233	0.0125285	-0.113	0.113
  5234	0.0424326	-0.113	0.113
  5235	0.0135622	-0.113	0.113
  5236	0.0199099	-0.113	0.113
  5237	0.0414698	-0.113	0.113
  5238	0.0194994	-0.113	0.113
  5239	0.0440187	-0.113	0.113
  5240	0.0265796	-0.113	0.113
  5241	0.0111351	-0.113	0.113
  5242	0.0438235	-0.113	0.113
  5243	0.0427716	-0.113	0.113
  5244	0.043365	-0.113	0.113
  5245	0.0107757	-0.113	0.113
  5246	0.0157736	-0.113	0.113
  5247	0.0116477	-0.113	0.113
  5248	0.0147019	-0.113	0.113
  5249	0.0421049	-0.113	0.113
  5250	0.0287549	-0.113	0.113
  5251	0.0223113	-0.113	0.113
  5252	0.0347983	-0.113	0.113
  5253	0.027772	-0.113	0.113
  5254	0.042818	-0.113	0.113
  5255	0.0390936	-0.113	0.113
  5256	0.0262286	-0.113	0.113
  5257	0.0185725	-0.113	0.113
  5258	0.024615	-0.113	0.113
  5259	0.0413504	-0.113	0.113
  5260	0.035569	-0.113	0.113
  5261	0.0353828	-0.113	0.113
  5262	0.0257973	-0.113	0.113
  5263	0.0296642	-0.113	0.113
  5264	0.0154649	-0.113	0.113
  5265	0.0385326	-0.113	0.113
  5266	0.0142361	-0.113	0.113
  5267	0.0202376	-0.113	0.113
  5268	0.0114102	-0.113	0.113
  5269	0.0102448	-0.113	0.113
  5270	0.0256744	-0.113	0.113
  5271	0.0296096	-0.113	0.113
  5272	0.0263151	-0.113	0.113
  5273	0.0108805	-0.113	0.113
  5274	0.0294048	-0.113	0.113
  5275	0.0434262	-0.113	0.113
  5276	0.0167801	-0.113	0.113
  5277	0.0248908	-0.113	0.113
  5278	0.0275361	-0.113	0.113
  5279	0.0342523	-0.113	0.113
  5280	0.0114421	-0.113	0.113
  5281	0.0416251	-0.113	0.113
  5282	0.0333095	-0.113	0.113
  5283	0.034019	-0.113	0.113
  5284	0.0415667	-0.113	0.113
  5285	0.0236199	-0.113	0.113
  5286	0.024423	-0.113	0.113
  5287	0.0125496	-0.113	0.113
  5288	0.0160156	-0.113	0.113
  5289	0.0252591	-0.113	0.113
  5290	0.0161086	-0.113	0.113
  5291	0.0107695	-0.113	0.113
  5292	0.0123805	-0.113	0.113
  5293	0.0289544	-0.113	0.113
  5294	0.0332189	-0.113	0.113
  5295	0.0179064	-0.113	0.113
  5296	0.0383456	-0.113	0.113
  5297	0.0170242	-0.113	0.113
  5298	0.0331662	-0.113	0.113
  5299	0.0301455	-0.113	0.113
  5300	0.0325566	-0.113	0.113
  5301	0.0213947	-0.113	0.113
  5302	0.0282916	-0.113	0.113
  5303	0.025616	-0.113	0.113
  5304	0.0110939	-0.113	0.113
  5305	0.0238909	-0.113	0.113
  5306	0.0384923	-0.113	0.113
  5307	0.0267257	-0.113	0.113
  5308	0.0366234	-0.113	0.113
  5309	0.0115397	-0.113	0.113
  5310	0.0160802	-0.113	0.113
  5311	0.0109052	-0.113	0.113
  5312	0.0219605	-0.113	0.113
  5313	0.0327663	-0.113	0.113
  5314	0.0151084	-0.113	0.113
  5315	0.0289284	-0.113	0.113
  5316	0.0346299	-0.113	0.113
  5317	0.0309257	-0.113	0.113
  5318	0.0124142	-0.113	0.113
  5319	0.0397647	-0.113	0.113
  5320	0.0437546	-0.113	0.113
  5321	0.0407481	-0.113	0.113
  5322	0.0309364	-0.113	0.113
  5323	0.015659	-0.113	0.113
  5324	0.0337366	-0.113	0.113
  5325	0.020741	-0.113	0.113
  5326	0.0112956	-0.113	0.113
  5327	0.016768	-0.113	0.113
  5328	0.0107141	-0.113	0.113
  5329	0.0154238	-0.113	0.113
  5330	0.0331381	-0.113	0.113
  5331	0.0193773	-0.113	0.113
  5332	0.0140059	-0.113	0.113
  5333	0.0254821	-0.113	0.113
  5334	0.0277	-0.113	0.113
  5335	0.0212141	-0.113	0.113
  5336	0.0284291	-0.113	0.113
  5337	0.0301061	-0.113	0.113
  5338	0.0187316	-0.113	0.113
  5339	0.0305466	-0.113	0.113
  5340	0.0273756	-0.113	0.113
  5341	0.0311642	-0.113	0.113
  5342	0.0321209	-0.113	0.113
  5343	0.018878	-0.113	0.113
  5344	0.0353466	-0.113	0.113
  5345	0.0165746	-0.113	0.113
  5346	0.0214302	-0.113	0.113
  5347	0.0157342	-0.113	0.113
  5348	0.0240205	-0.113	0.113
  5349	0.0427746	-0.113	0.113
  5350	0.0178378	-0.113	0.113
  5351	0.0367011	-0.113	0.113
  5352	0.01825	-0.113	0.113
  5353	0.0309761	-0.113	0.113
  5354	0.0119698	-0.113	0.113
  5355	0.0419794	-0.113	0.113
  5356	0.0262409	-0.113	0.113
  5357	0.0287817	-0.113	0.113
  5358	0.0180643	-0.113	0.113
  5359	0.0389948	-0.113	0.113
  5360	0.0223728	-0.113	0.113
  5361	0.0296614	-0.113	0.113
  5362	0.0275955	-0.113	0.113
  5363	0.0257181	-0.113	0.113
  5364	0.011849	-0.113	0.113
  5365	0.0296629	-0.113	0.113
  5366	0.0240656	-0.113	0.113
  5367	0.0441466	-0.113	0.113
  5368	0.0125769	-0.113	0.113
  5369	0.0186182	-0.113	0.113
  5370	0.0299614	-0.113	0.113
  5371	0.0420505	-0.113	0.113
  5372	0.0178694	-0.113	0.113
  5373	0.0402362	-0.113	0.113
  5374	0.0311432	-0.113	0.113
  5375	0.0167904	-0.113	0.113
  5376	0.0194483	-0.113	0.113
  5377	0.0378307	-0.113	0.113
  5378	0.0388329	-0.113	0.113
  5379	0.0176399	-0.113	0.113
  5380	0.0241421	-0.113	0.113
  5381	0.039232	-0.113	0.113
  5382	0.0425712	-0.113	0.113
  5383	0.0291348	-0.113	0.113
  5384	0.0269725	-0.113	0.113
  5385	0.020202	-0.113	0.113
  5386	0.0193357	-0.113	0.113
  5387	0.043922	-0.113	0.113
  5388	0.0235432	-0.113	0.113
  5389	0.0221778	-0.113	0.113
  5390	0.0173032	-0.113	0.113
  5391	0.0108926	-0.113	0.113
  5392	0.0130303	-0.113	0.113
  5393	0.0101455	-0.113	0.113
  5394	0.0289375	-0.113	0.113
  5395	0.0316757	-0.113	0.113
  5396	0.0103062	-0.113	0.113
  5397	0.0162892	-0.113	0.113
  5398	0.0162703	-0.113	0.113
  5399	0.0416692	-0.113	0.113
  5400	0.0158865	-0.113	0.113
  5401	0.013155	-0.113	0.113
  5402	0.0365562	-0.113	0.113
  5403	0.0412579	-0.113	0.113
  5404	0.0393456	-0.113	0.113
  5405	0.0201078	-0.113	0.113
  5406	0.0248844	-0.113	0.113
  5407	0.0263119	-0.113	0.113
  5408	0.0418361	-0.113	0.113
  5409	0.0118462	-0.113	0.113
  5410	0.0370984	-0.113	0.113
  5411	0.0272676	-0.113	0.113
  5412	0.0327078	-0.113	0.113
  5413	0.0151021	-0.113	0.113
  5414	0.0278433	-0.113	0.113
  5415	0.0109174	-0.113	0.113
  5416	0.0163115	-0.113	0.113
  5417	0.0101645	-0.113	0.113
  5418	0.0405815	-0.113	0.113
  5419	0.0120364	-0.113	0.113
  5420	0.0199551	-0.113	0.113
  5421	0.0405462	-0.113	0.113
  5422	0.0420175	-0.113	0.113
  5423	0.0393213	-0.113	0.113
  5424	0.0440555	-0.113	0.113
  5425	0.0190625	-0.113	0.113
  5426	0.0430051	-0.113	0.113
  5427	0.0437769	-0.113	0.113
  5428	0.0177343	-0.113	0.113
  5429	0.0155596	-0.113	0.113
  5430	0.0290546	-0.113	0.113
  5431	0.0145966	-0.113	0.113
  5432	0.0290486	-0.113	0.113
  5433	0.0412561	-0.113	0.113
  5434	0.0322343	-0.113	0.113
  5435	0.0231669	-0.113	0.113
  5436	0.0180246	-0.113	0.113
  5437	0.0350578	-0.113	0.113
  5438	0.033607	-0.113	0.113
  5439	0.0103004	-0.113	0.113
  5440	0.010253	-0.113	0.113
  5441	0.0326568	-0.113	0.113
  5442	0.0133561	-0.113	0.113
  5443	0.0112111	-0.113	0.113
  5444	0.0159285	-0.113	0.113
  5445	0.0205192	-0.113	0.113
  5446	0.0182926	-0.113	0.113
  5447	0.0169332	-0.113	0.113
  5448	0.0265329	-0.113	0.113
  5449	0.0441499	-0.113	0.113
  5450	0.0343023	-0.113	0.113
  5451	0.0104345	-0.113	0.113
  5452	0.0361277	-0.113	0.113
  5453	0.0303705	-0.113	0.113
  5454	0.0332356	-0.113	0.113
  5455	0.0102737	-0.113	0.113
  5456	0.0222964	-0.113	0.113
  5457	0.0367106	-0.113	0.113
  5458	0.0324818	-0.113	0.113
  5459	0.0140396	-0.113	0.113
  5460	0.0184934	-0.113	0.113
  5461	0.0389775	-0.113	0.113
  5462	0.0118296	-0.113	0.113
  5463	0.0162534	-0.113	0.113
  5464	0.0219614	-0.113	0.113
  5465	0.032761	-0.113	0.113
  5466	0.0355572	-0.113	0.113
  5467	0.0367115	-0.113	0.113
  5468	0.0219017	-0.113	0.113
  5469	0.0323	-0.113	0.113
  5470	0.0434782	-0.113	0.113
  5471	0.0127705	-0.113	0.113
  5472	0.0252452	-0.113	0.113
  5473	0.0177246	-0.113	0.113
  5474	0.0425019	-0.113	0.113
  5475	0.0439602	-0.113	0.113
  5476	0.0439681	-0.113	0.113
  5477	0.0189726	-0.113	0.113
  5478	0.0254802	-0.113	0.113
  5479	0.0235343	-0.113	0.113
  5480	0.0244537	-0.113	0.113
  5481	0.0169149	-0.113	0.113
  5482	0.0168048	-0.113	0.113
  5483	0.0119136	-0.113	0.113
  5484	0.0170615	-0.113	0.113
  5485	0.0219727	-0.113	0.113
  5486	0.0427891	-0.113	0.113
  5487	0.0337791	-0.113	0.113
  5488	0.0418353	-0.113	0.113
  5489	0.024909	-0.113	0.113
  5490	0.0110755	-0.113	0.113
  5491	0.0186454	-0.113	0.113
  5492	0.0253232	-0.113	0.113
  5493	0.0348374	-0.113	0.113
  5494	0.0321772	-0.113	0.113
  5495	0.0133678	-0.113	0.113
  5496	0.0279344	-0.113	0.113
  5497	0.0138029	-0.113	0.113
  5498	0.0136641	-0.113	0.113
  5499	0.0218684	-0.113	0.113
  5500	0.0129568	-0.113	0.113
  5501	0.013564	-0.113	0.113
  5502	0.0440057	-0.113	0.113
  5503	0.039087	-0.113	0.113
  5504	0.015224	-0.113	0.113
  5505	0.044087	-0.113	0.113
  5506	0.036899	-0.113	0.113
  5507	0.0109023	-0.113	0.113
  5508	0.0332601	-0.113	0.113
  5509	0.0324564	-0.113	0.113
  5510	0.0123525	-0.113	0.113
  5511	0.0361849	-0.113	0.113
  5512	0.043209	-0.113	0.113
  5513	0.0150206	-0.113	0.113
  5514	0.016841	-0.113	0.113
  5515	0.040047	-0.113	0.113
  5516	0.0190223	-0.113	0.113
  5517	0.0285531	-0.113	0.113
  5518	0.0273146	-0.113	0.113
  5519	0.0119669	-0.113	0.113
  5520	0.0396506	-0.113	0.113
  5521	0.0223125	-0.113	0.113
  5522	0.0285908	-0.113	0.113
  5523	0.0101668	-0.113	0.113
  5524	0.0144154	-0.113	0.113
  5525	0.019247	-0.113	0.113
  5526	0.025381	-0.113	0.113
  5527	0.0391342	-0.113	0.113
  5528	0.0280307	-0.113	0.113
  5529	0.0320708	-0.113	0.113
  5530	0.0413797	-0.113	0.113
  5531	0.0259266	-0.113	0.113
  5532	0.0324502	-0.113	0.113
  5533	0.0168112	-0.113	0.113
  5534	0.0332902	-0.113	0.113
  5535	0.0113314	-0.113	0.113
  5536	0.0201709	-0.113	0.113
  5537	0.0404062	-0.113	0.113
  5538	0.0105974	-0.113	0.113
  5539	0.0442064	-0.113	0.113
  5540	0.023648	-0.113	0.113
  5541	0.0153188	-0.113	0.113
  5542	0.0275615	-0.113	0.113
  5543	0.0180756	-0.113	0.113
  5544	0.0177442	-0.113	0.113
  5545	0.03464	-0.113	0.113
  5546	0.0196599	-0.113	0.113
  5547	0.0387431	-0.113	0.113
  5548	0.0105245	-0.113	0.113
  5549	0.0103514	-0.113	0.113
  5550	0.042201	-0.113	0.113
  5551	0.033174	-0.113	0.113
  5552	0.0238182	-0.113	0.113
  5553	0.0216087	-0.113	0.113
  5554	0.0388528	-0.113	0.113
  5555	0.0159144	-0.113	0.113
  5556	0.017379	-0.113	0.113
  5557	0.0271095	-0.113	0.113
  5558	0.013255	-0.113	0.113
  5559	0.0264752	-0.113	0.113
  5560	0.035972	-0.113	0.113
  5561	0.0218754	-0.113	0.113
  5562	0.0195741	-0.113	0.113
  5563	0.0169992	-0.113	0.113
  5564	0.0436838	-0.113	0.113
  5565	0.0182477	-0.113	0.113
  5566	0.0322554	-0.113	0.113
  5567	0.0222635	-0.113	0.113
  5568	0.0127469	-0.113	0.113
  5569	0.0374254	-0.113	0.113
  5570	0.0392852	-0.113	0.113
  5571	0.0123924	-0.113	0.113
  5572	0.0410581	-0.113	0.113
  5573	0.0347002	-0.113	0.113
  5574	0.0102924	-0.113	0.113
  5575	0.0167658	-0.113	0.113
  5576	0.016818	-0.113	0.113
  5577	0.0295933	-0.113	0.113
  5578	0.0135757	-0.113	0.113
  5579	0.0299216	-0.113	0.113
  5580	0.0441005	-0.113	0.113
  5581	0.0219949	-0.113	0.113
  5582	0.0200824	-0.113	0.113
  5583	0.0430381	-0.113	0.113
  5584	0.0113392	-0.113	0.113
  5585	0.0328544	-0.113	0.113
  5586	0.031323	-0.113	0.113
  5587	0.0431554	-0.113	0.113
  5588	0.0230065	-0.113	0.113
  5589	0.0439113	-0.113	0.113
  5590	0.0286059	-0.113	0.113
  5591	0.0109873	-0.113	0.113
  5592	0.0186355	-0.113	0.113
  5593	0.022501	-0.113	0.113
  5594	0.0426303	-0.113	0.113
  5595	0.0377297	-0.113	0.113
  5596	0.0159508	-0.113	0.113
  5597	0.0133025	-0.113	0.113
  5598	0.0229664	-0.113	0.113
  5599	0.0158384	-0.113	0.113
  5600	0.0413044	-0.113	0.113
  5601	0.0376617	-0.113	0.113
  5602	0.0360718	-0.113	0.113
  5603	0.0216867	-0.113	0.113
  5604	0.0111344	-0.113	0.113
  5605	0.0166251	-0.113	0.113
  5606	0.0347814	-0.113	0.113
  5607	0.0439339	-0.113	0.113
  5608	0.0350752	-0.113	0.113
  5609	0.0152083	-0.113	0.113
  5610	0.0398083	-0.113	0.113
  5611	0.0366042	-0.113	0.113
  5612	0.0209223	-0.113	0.113
  5613	0.0123554	-0.113	0.113
  5614	0.0359033	-0.113	0.113
  5615	0.0291545	-0.113	0.113
  5616	0.021473	-0.113	0.113
  5617	0.0187511	-0.113	0.113
  5618	0.0381627	-0.113	0.113
  5619	0.0424048	-0.113	0.113
  5620	0.0221167	-0.113	0.113
  5621	0.0333998	-0.113	0.113
  5622	0.0126092	-0.113	0.113
  5623	0.0281453	-0.113	0.113
  5624	0.0112431	-0.113	0.113
  5625	0.0295555	-0.113	0.113
  5626	0.015727	-0.113	0.113
  5627	0.0438576	-0.113	0.113
  5628	0.0427818	-0.113	0.113
  5629	0.0193735	-0.113	0.113
  5630	0.0309311	-0.113	0.113
  5631	0.0113742	-0.113	0.113
  5632	0.0263617	-0.113	0.113
  5633	0.0415629	-0.113	0.113
  5634	0.0259044	-0.113	0.113
  5635	0.0381699	-0.113	0.113
  5636	0.0167779	-0.113	0.113
  5637	0.0103763	-0.113	0.113
  5638	0.0256906	-0.113	0.113
  5639	0.0414108	-0.113	0.113
  5640	0.0361168	-0.113	0.113
  5641	0.0125702	-0.113	0.113
  5642	0.0265295	-0.113	0.113
  5643	0.0305453	-0.113	0.113
  5644	0.037508	-0.113	0.113
  5645	0.0147871	-0.113	0.113
  5646	0.0334564	-0.113	0.113
  5647	0.0387079	-0.113	0.113
  5648	0.03224	-0.113	0.113
  5649	0.0270377	-0.113	0.113
  5650	0.0248543	-0.113	0.113
  5651	0.042565	-0.113	0.113
  5652	0.033559	-0.113	0.113
  5653	0.0273358	-0.113	0.113
  5654	0.029479	-0.113	0.113
  5655	0.0311495	-0.113	0.113
  5656	0.0162506	-0.113	0.113
  5657	0.0378154	-0.113	0.113
  5658	0.0295123	-0.113	0.113
  5659	0.0167044	-0.113	0.113
  5660	0.0182333	-0.113	0.113
  5661	0.0294742	-0.113	0.113
  5662	0.0119883	-0.113	0.113
  5663	0.0275304	-0.113	0.113
  5664	0.0221853	-0.113	0.113
  5665	0.0189782	-0.113	0.113
  5666	0.0134214	-0.113	0.113
  5667	0.0241677	-0.113	0.113
  5668	0.0139943	-0.113	0.113
  5669	0.0228332	-0.113	0.113
  5670	0.0404074	-0.113	0.113
  5671	0.0165131	-0.113	0.113
  5672	0.0275045	-0.113	0.113
  5673	0.0283195	-0.113	0.113
  5674	0.040119	-0.113	0.113
  5675	0.0434386	-0.113	0.113
  5676	0.0226064	-0.113	0.113
  5677	0.0135199	-0.113	0.113
  5678	0.0240034	-0.113	0.113
  5679	0.03086	-0.113	0.113
  5680	0.0442872	-0.113	0.113
  5681	0.0275847	-0.113	0.113
  5682	0.0240958	-0.113	0.113
  5683	0.0102708	-0.113	0.113
  5684	0.0440923	-0.113	0.113
  5685	0.0161725	-0.113	0.113
  5686	0.0142429	-0.113	0.113
  5687	0.0106503	-0.113	0.113
  5688	0.0212535	-0.113	0.113
  5689	0.0153556	-0.113	0.113
  5690	0.0354105	-0.113	0.113
  5691	0.0146053	-0.113	0.113
  5692	0.0225387	-0.113	0.113
  5693	0.0237356	-0.113	0.113
  5694	0.0393582	-0.113	0.113
  5695	0.0438846	-0.113	0.113
  5696	0.0408628	-0.113	0.113
  5697	0.0434753	-0.113	0.113
  5698	0.0316827	-0.113	0.113
  5699	0.0169093	-0.113	0.113
  5700	0.0347551	-0.113	0.113
  5701	0.0297876	-0.113	0.113
  5702	0.0114063	-0.113	0.113
  5703	0.0321934	-0.113	0.113
  5704	0.0434015	-0.113	0.113
  5705	0.0271918	-0.113	0.113
  5706	0.0266654	-0.113	0.113
  5707	0.0348339	-0.113	0.113
  5708	0.0178637	-0.113	0.113
  5709	0.0419047	-0.113	0.113
  5710	0.0333693	-0.113	0.113
  5711	0.0437867	-0.113	0.113
  5712	0.0223274	-0.113	0.113
  5713	0.0234683	-0.113	0.113
  5714	0.0111469	-0.113	0.113
  5715	0.0409536	-0.113	0.113
  5716	0.0379425	-0.113	0.113
  5717	0.0147687	-0.113	0.113
  5718	0.0218127	-0.113	0.113
  5719	0.0368686	-0.113	0.113
  5720	0.0173098	-0.113	0.113
  5721	0.0247979	-0.113	0.113
  5722	0.0431481	-0.113	0.113
  5723	0.0368838	-0.113	0.113
  5724	0.0424215	-0.113	0.113
  5725	0.0108063	-0.113	0.113
  5726	0.0365134	-0.113	0.113
  5727	0.0186693	-0.113	0.113
  5728	0.0315663	-0.113	0.113
  5729	0.0161491	-0.113	0.113
  5730	0.0198575	-0.113	0.113
  5731	0.0119769	-0.113	0.113
  5732	0.0312895	-0.113	0.113
  5733	0.0207159	-0.113	0.113
  5734	0.0377662	-0.113	0.113
  5735	0.0248454	-0.113	0.113
  5736	0.0383357	-0.113	0.113
  5737	0.0216934	-0.113	0.113
  5738	0.0344458	-0.113	0.113
  5739	0.0230498	-0.113	0.113
  5740	0.040953	-0.113	0.113
  5741	0.0371695	-0.113	0.113
  5742	0.0228538	-0.113	0.113
  5743	0.012135	-0.113	0.113
  5744	0.0181954	-0.113	0.113
  5745	0.012164	-0.113	0.113
  5746	0.0390593	-0.113	0.113
  5747	0.0163321	-0.113	0.113
  5748	0.0148754	-0.113	0.113
  5749	0.0141532	-0.113	0.113
  5750	0.0382254	-0.113	0.113
  5751	0.0227451	-0.113	0.113
  5752	0.02394	-0.113	0.113
  5753	0.0156782	-0.113	0.113
  5754	0.0117379	-0.113	0.113
  5755	0.0404452	-0.113	0.113
  5756	0.0412233	-0.113	0.113
  5757	0.0293029	-0.113	0.113
  5758	0.0347467	-0.113	0.113
  5759	0.034617	-0.113	0.113
  5760	0.0129188	-0.113	0.113
  5761	0.0160777	-0.113	0.113
  5762	0.0163427	-0.113	0.113
  5763	0.0182513	-0.113	0.113
  5764	0.0315651	-0.113	0.113
  5765	0.0269402	-0.113	0.113
  5766	0.0185769	-0.113	0.113
  5767	0.0428932	-0.113	0.113
  5768	0.0134535	-0.113	0.113
  5769	0.0321212	-0.113	0.113
  5770	0.0178377	-0.113	0.113
  5771	0.0381899	-0.113	0.113
  5772	0.0301993	-0.113	0.113
  5773	0.0346449	-0.113	0.113
  5774	0.0177066	-0.113	0.113
  5775	0.0427648	-0.113	0.113
  5776	0.0116024	-0.113	0.113
  5777	0.013841	-0.113	0.113
  5778	0.0277503	-0.113	0.113
  5779	0.0441325	-0.113	0.113
  5780	0.0197321	-0.113	0.113
  5781	0.0196213	-0.113	0.113
  5782	0.0158011	-0.113	0.113
  5783	0.0216379	-0.113	0.113
  5784	0.0198694	-0.113	0.113
  5785	0.0129627	-0.113	0.113
  5786	0.0283431	-0.113	0.113
  5787	0.0123264	-0.113	0.113
  5788	0.0185093	-0.113	0.113
  5789	0.039601	-0.113	0.113
  5790	0.0295418	-0.113	0.113
  5791	0.0325434	-0.113	0.113
  5792	0.0114416	-0.113	0.113
  5793	0.0376247	-0.113	0.113
  5794	0.0320071	-0.113	0.113
  5795	0.0168191	-0.113	0.113
  5796	0.0285844	-0.113	0.113
  5797	0.0107488	-0.113	0.113
  5798	0.0287726	-0.113	0.113
  5799	0.018558	-0.113	0.113
  5800	0.0164584	-0.113	0.113
  5801	0.0159581	-0.113	0.113
  5802	0.0425116	-0.113	0.113
  5803	0.0244574	-0.113	0.113
  5804	0.0318773	-0.113	0.113
  5805	0.0328578	-0.113	0.113
  5806	0.0131391	-0.113	0.113
  5807	0.033562	-0.113	0.113
  5808	0.0338349	-0.113	0.113
  5809	0.0464138	-0.113	0.113
  5810	0.0101525	-0.113	0.113
  5811	0.0194562	-0.113	0.113
  5812	0.0167611	-0.113	0.113
  5813	0.0395131	-0.113	0.113
  5814	0.0440453	-0.113	0.113
  5815	0.0163719	-0.113	0.113
  5816	0.0304947	-0.113	0.113
  5817	0.0185952	-0.113	0.113
  5818	0.0364268	-0.113	0.113
  5819	0.0170134	-0.113	0.113
  5820	0.0106545	-0.113	0.113
  5821	0.0399447	-0.113	0.113
  5822	0.0431846	-0.113	0.113
  5823	0.0232948	-0.113	0.113
  5824	0.0437714	-0.113	0.113
  5825	0.0230113	-0.113	0.113
  5826	0.0241696	-0.113	0.113
  5827	0.0163959	-0.113	0.113
  5828	0.0298708	-0.113	0.113
  5829	0.0400269	-0.113	0.113
  5830	0.0412033	-0.113	0.113
  5831	0.036369	-0.113	0.113
  5832	0.0382638	-0.113	0.113
  5833	0.0239228	-0.113	0.113
  5834	0.0396467	-0.113	0.113
  5835	0.0244456	-0.113	0.113
  5836	0.018733	-0.113	0.113
  5837	0.0130839	-0.113	0.113
  5838	0.0355575	-0.113	0.113
  5839	0.0295113	-0.113	0.113
  5840	0.023271	-0.113	0.113
  5841	0.0295761	-0.113	0.113
  5842	0.0405658	-0.113	0.113
  5843	0.0288014	-0.113	0.113
  5844	0.0261142	-0.113	0.113
  5845	0.0255776	-0.113	0.113
  5846	0.0439633	-0.113	0.113
  5847	0.0145829	-0.113	0.113
  5848	0.0153332	-0.113	0.113
  5849	0.028464	-0.113	0.113
  5850	0.0204928	-0.113	0.113
  5851	0.0175334	-0.113	0.113
  5852	0.033949	-0.113	0.113
  5853	0.0265378	-0.113	0.113
  5854	0.0427202	-0.113	0.113
  5855	0.0103223	-0.113	0.113
  5856	0.0124617	-0.113	0.113
  5857	0.019188	-0.113	0.113
  5858	0.0162589	-0.113	0.113
  5859	0.0419822	-0.113	0.113
  5860	0.0361019	-0.113	0.113
  5861	0.0143866	-0.113	0.113
  5862	0.0383818	-0.113	0.113
  5863	0.0346342	-0.113	0.113
  5864	0.0243678	-0.113	0.113
  5865	0.0131416	-0.113	0.113
  5866	0.0269803	-0.113	0.113
  5867	0.024073	-0.113	0.113
  5868	0.0370331	-0.113	0.113
  5869	0.0126589	-0.113	0.113
  5870	0.0385181	-0.113	0.113
  5871	0.0193492	-0.113	0.113
  5872	0.0251822	-0.113	0.113
  5873	0.0212356	-0.113	0.113
  5874	0.0220658	-0.113	0.113
  5875	0.0349768	-0.113	0.113
  5876	0.0382647	-0.113	0.113
  5877	0.0344085	-0.113	0.113
  5878	0.0285175	-0.113	0.113
  5879	0.0320878	-0.113	0.113
  5880	0.040068	-0.113	0.113
  5881	0.0281053	-0.113	0.113
  5882	0.0325539	-0.113	0.113
  5883	0.0346016	-0.113	0.113
  5884	0.036447	-0.113	0.113
  5885	0.0424973	-0.113	0.113
  5886	0.014514	-0.113	0.113
  5887	0.0360218	-0.113	0.113
  5888	0.0290062	-0.113	0.113
  5889	0.0279928	-0.113	0.113
  5890	0.0293221	-0.113	0.113
  5891	0.0253309	-0.113	0.113
  5892	0.0152089	-0.113	0.113
  5893	0.0405844	-0.113	0.113
  5894	0.0293973	-0.113	0.113
  5895	0.0263974	-0.113	0.113
  5896	0.0224221	-0.113	0.113
  5897	0.0440925	-0.113	0.113
  5898	0.042901	-0.113	0.113
  5899	0.0121534	-0.113	0.113
  5900	0.0218871	-0.113	0.113
  5901	0.0441259	-0.113	0.113
  5902	0.0153008	-0.113	0.113
  5903	0.0421867	-0.113	0.113
  5904	0.0420677	-0.113	0.113
  5905	0.0130836	-0.113	0.113
  5906	0.0418173	-0.113	0.113
  5907	0.0263147	-0.113	0.113
  5908	0.0311932	-0.113	0.113
  5909	0.0171307	-0.113	0.113
  5910	0.0232615	-0.113	0.113
  5911	0.0170971	-0.113	0.113
  5912	0.0153378	-0.113	0.113
  5913	0.0431872	-0.113	0.113
  5914	0.0403544	-0.113	0.113
  5915	0.0401564	-0.113	0.113
  5916	0.02542	-0.113	0.113
  5917	0.0185871	-0.113	0.113
  5918	0.0135984	-0.113	0.113
  5919	0.0210492	-0.113	0.113
  5920	0.0231298	-0.113	0.113
  5921	0.0321183	-0.113	0.113
  5922	0.0418823	-0.113	0.113
  5923	0.0152522	-0.113	0.113
  5924	0.0113982	-0.113	0.113
  5925	0.0367728	-0.113	0.113
  5926	0.0395232	-0.113	0.113
  5927	0.0156889	-0.113	0.113
  5928	0.0199907	-0.113	0.113
  5929	0.0187205	-0.113	0.113
  5930	0.0130171	-0.113	0.113
  5931	0.042077	-0.113	0.113
  5932	0.0323694	-0.113	0.113
  5933	0.029076	-0.113	0.113
  5934	0.0124592	-0.113	0.113
  5935	0.0208526	-0.113	0.113
  5936	0.0214358	-0.113	0.113
  5937	0.0243908	-0.113	0.113
  5938	0.01135	-0.113	0.113
  5939	0.0441551	-0.113	0.113
  5940	0.0185354	-0.113	0.113
  5941	0.0202743	-0.113	0.113
  5942	0.0394335	-0.113	0.113
  5943	0.0228749	-0.113	0.113
  5944	0.0227164	-0.113	0.113
  5945	0.0435028	-0.113	0.113
  5946	0.0277517	-0.113	0.113
  5947	0.0409034	-0.113	0.113
  5948	0.016193	-0.113	0.113
  5949	0.036596	-0.113	0.113
  5950	0.0373112	-0.113	0.113
  5951	0.0421921	-0.113	0.113
  5952	0.0235329	-0.113	0.113
  5953	0.0285115	-0.113	0.113
  5954	0.0232768	-0.113	0.113
  5955	0.0439646	-0.113	0.113
  5956	0.0113883	-0.113	0.113
  5957	0.0119346	-0.113	0.113
  5958	0.0406734	-0.113	0.113
  5959	0.0321093	-0.113	0.113
  5960	0.0208317	-0.113	0.113
  5961	0.0236092	-0.113	0.113
  5962	0.0381745	-0.113	0.113
  5963	0.0209874	-0.113	0.113
  5964	0.0314552	-0.113	0.113
  5965	0.0113904	-0.113	0.113
  5966	0.0412307	-0.113	0.113
  5967	0.0315015	-0.113	0.113
  5968	0.04076	-0.113	0.113
  5969	0.0336169	-0.113	0.113
  5970	0.0165844	-0.113	0.113
  5971	0.0201798	-0.113	0.113
  5972	0.0274572	-0.113	0.113
  5973	0.0422173	-0.113	0.113
  5974	0.0256886	-0.113	0.113
  5975	0.0195611	-0.113	0.113
  5976	0.0185989	-0.113	0.113
  5977	0.039097	-0.113	0.113
  5978	0.0347202	-0.113	0.113
  5979	0.0206888	-0.113	0.113
  5980	0.0143938	-0.113	0.113
  5981	0.0419434	-0.113	0.113
  5982	0.020521	-0.113	0.113
  5983	0.0236271	-0.113	0.113
  5984	0.0390644	-0.113	0.113
  5985	0.0256543	-0.113	0.113
  5986	0.0104536	-0.113	0.113
  5987	0.0108856	-0.113	0.113
  5988	0.0289078	-0.113	0.113
  5989	0.0236116	-0.113	0.113
  5990	0.0428605	-0.113	0.113
  5991	0.0104119	-0.113	0.113
  5992	0.01911	-0.113	0.113
  5993	0.0163036	-0.113	0.113
  5994	0.0296816	-0.113	0.113
  5995	0.0357102	-0.113	0.113
  5996	0.0302011	-0.113	0.113
  5997	0.0244406	-0.113	0.113
  5998	0.0166011	-0.113	0.113
  5999	0.0152811	-0.113	0.113
  6000	0.0205268	-0.113	0.113
  6001	0.0228817	-0.113	0.113
  6002	0.0212307	-0.113	0.113
  6003	0.0200725	-0.113	0.113
  6004	0.0185479	-0.113	0.113
  6005	0.030394	-0.113	0.113
  6006	0.0290427	-0.113	0.113
  6007	0.0160585	-0.113	0.113
  6008	0.0118844	-0.113	0.113
  6009	0.0235336	-0.113	0.113
  6010	0.0386734	-0.113	0.113
  6011	0.0271086	-0.113	0.113
  6012	0.0269231	-0.113	0.113
  6013	0.0242355	-0.113	0.113
  6014	0.0257829	-0.113	0.113
  6015	0.0420108	-0.113	0.113
  6016	0.0255873	-0.113	0.113
  6017	0.0419716	-0.113	0.113
  6018	0.0250337	-0.113	0.113
  6019	0.0358935	-0.113	0.113
  6020	0.026267	-0.113	0.113
  6021	0.016897	-0.113	0.113
  6022	0.0337252	-0.113	0.113
  6023	0.0118267	-0.113	0.113
  6024	0.0216736	-0.113	0.113
  6025	0.0380756	-0.113	0.113
  6026	0.0418878	-0.113	0.113
  6027	0.0411786	-0.113	0.113
  6028	0.027189	-0.113	0.113
  6029	0.0104085	-0.113	0.113
  6030	0.0412599	-0.113	0.113
  6031	0.0128493	-0.113	0.113
  6032	0.0343881	-0.113	0.113
  6033	0.0396319	-0.113	0.113
  6034	0.0435144	-0.113	0.113
  6035	0.0374136	-0.113	0.113
  6036	0.0336967	-0.113	0.113
  6037	0.0419641	-0.113	0.113
  6038	0.015176	-0.113	0.113
  6039	0.0295314	-0.113	0.113
  6040	0.0145532	-0.113	0.113
  6041	0.0143106	-0.113	0.113
  6042	0.0166674	-0.113	0.113
  6043	0.0367512	-0.113	0.113
  6044	0.0107559	-0.113	0.113
  6045	0.0357434	-0.113	0.113
  6046	0.0260902	-0.113	0.113
  6047	0.0439892	-0.113	0.113
  6048	0.0210301	-0.113	0.113
  6049	0.0410366	-0.113	0.113
  6050	0.0205967	-0.113	0.113
  6051	0.0267675	-0.113	0.113
  6052	0.0325454	-0.113	0.113
  6053	0.0215121	-0.113	0.113
  6054	0.031174	-0.113	0.113
  6055	0.0441039	-0.113	0.113
  6056	0.0299178	-0.113	0.113
  6057	0.0142667	-0.113	0.113
  6058	0.0408757	-0.113	0.113
  6059	0.0333549	-0.113	0.113
  6060	0.0395238	-0.113	0.113
  6061	0.0174982	-0.113	0.113
  6062	0.015361	-0.113	0.113
  6063	0.0165303	-0.113	0.113
  6064	0.0122059	-0.113	0.113
  6065	0.0317246	-0.113	0.113
  6066	0.0351232	-0.113	0.113
  6067	0.0234067	-0.113	0.113
  6068	0.0118428	-0.113	0.113
  6069	0.0104681	-0.113	0.113
  6070	0.0141582	-0.113	0.113
  6071	0.0291917	-0.113	0.113
  6072	0.0435777	-0.113	0.113
  6073	0.015173	-0.113	0.113
  6074	0.0416282	-0.113	0.113
  6075	0.0116974	-0.113	0.113
  6076	0.0281308	-0.113	0.113
  6077	0.0245116	-0.113	0.113
  6078	0.0130977	-0.113	0.113
  6079	0.0223474	-0.113	0.113
  6080	0.0291828	-0.113	0.113
  6081	0.0234936	-0.113	0.113
  6082	0.037286	-0.113	0.113
  6083	0.0243792	-0.113	0.113
  6084	0.0340084	-0.113	0.113
  6085	0.0422856	-0.113	0.113
  6086	0.0106785	-0.113	0.113
  6087	0.0330907	-0.113	0.113
  6088	0.0348912	-0.113	0.113
  6089	0.0207929	-0.113	0.113
  6090	0.0297483	-0.113	0.113
  6091	0.0115658	-0.113	0.113
  6092	0.0412511	-0.113	0.113
  6093	0.0118349	-0.113	0.113
  6094	0.0127721	-0.113	0.113
  6095	0.0173255	-0.113	0.113
  6096	0.0133718	-0.113	0.113
  6097	0.0108719	-0.113	0.113
  6098	0.0406709	-0.113	0.113
  6099	0.0275412	-0.113	0.113
  6100	0.0429281	-0.113	0.113
  6101	0.0358435	-0.113	0.113
  6102	0.0297504	-0.113	0.113
  6103	0.0105342	-0.113	0.113
  6104	0.0137347	-0.113	0.113
  6105	0.0331127	-0.113	0.113
  6106	0.0127169	-0.113	0.113
  6107	0.0218138	-0.113	0.113
  6108	0.0220726	-0.113	0.113
  6109	0.0180886	-0.113	0.113
  6110	0.0106147	-0.113	0.113
  6111	0.0436284	-0.113	0.113
  6112	0.0386448	-0.113	0.113
  6113	0.0306823	-0.113	0.113
  6114	0.0178216	-0.113	0.113
  6115	0.0378643	-0.113	0.113
  6116	0.0181533	-0.113	0.113
  6117	0.0158325	-0.113	0.113
  6118	0.0301859	-0.113	0.113
  6119	0.0432861	-0.113	0.113
  6120	0.0225186	-0.113	0.113
  6121	0.0250354	-0.113	0.113
  6122	0.0439721	-0.113	0.113
  6123	0.0340693	-0.113	0.113
  6124	0.0115533	-0.113	0.113
  6125	0.0171384	-0.113	0.113
  6126	0.019704	-0.113	0.113
  6127	0.0211204	-0.113	0.113
  6128	0.0434339	-0.113	0.113
  6129	0.0174768	-0.113	0.113
  6130	0.0207639	-0.113	0.113
  6131	0.0233023	-0.113	0.113
  6132	0.0374773	-0.113	0.113
  6133	0.0229137	-0.113	0.113
  6134	0.0242219	-0.113	0.113
  6135	0.0179141	-0.113	0.113
  6136	0.0420919	-0.113	0.113
  6137	0.0349953	-0.113	0.113
  6138	0.0205516	-0.113	0.113
  6139	0.0129186	-0.113	0.113
  6140	0.0213751	-0.113	0.113
  6141	0.0389375	-0.113	0.113
  6142	0.0277863	-0.113	0.113
  6143	0.0422635	-0.113	0.113
  6144	0.0158984	-0.113	0.113
  6145	0.042402	-0.113	0.113
  6146	0.0127841	-0.113	0.113
  6147	0.0142767	-0.113	0.113
  6148	0.0330771	-0.113	0.113
  6149	0.030521	-0.113	0.113
  6150	0.0186191	-0.113	0.113
  6151	0.044183	-0.113	0.113
  6152	0.023272	-0.113	0.113
  6153	0.0108438	-0.113	0.113
  6154	0.0428558	-0.113	0.113
  6155	0.0197414	-0.113	0.113
  6156	0.0214911	-0.113	0.113
  6157	0.0361559	-0.113	0.113
  6158	0.0262516	-0.113	0.113
  6159	0.0397913	-0.113	0.113
  6160	0.0434647	-0.113	0.113
  6161	0.0403213	-0.113	0.113
  6162	0.0333512	-0.113	0.113
  6163	0.0200591	-0.113	0.113
  6164	0.0192738	-0.113	0.113
  6165	0.0241495	-0.113	0.113
  6166	0.0163447	-0.113	0.113
  6167	0.0319126	-0.113	0.113
  6168	0.0431296	-0.113	0.113
  6169	0.0105446	-0.113	0.113
  6170	0.0123367	-0.113	0.113
  6171	0.0200717	-0.113	0.113
  6172	0.0175404	-0.113	0.113
  6173	0.02285	-0.113	0.113
  6174	0.0443188	-0.113	0.113
  6175	0.0143524	-0.113	0.113
  6176	0.0269382	-0.113	0.113
  6177	0.0302554	-0.113	0.113
  6178	0.0431571	-0.113	0.113
  6179	0.0154984	-0.113	0.113
  6180	0.0115861	-0.113	0.113
  6181	0.0403087	-0.113	0.113
  6182	0.0156265	-0.113	0.113
  6183	0.0250249	-0.113	0.113
  6184	0.0321893	-0.113	0.113
  6185	0.0314025	-0.113	0.113
  6186	0.0321991	-0.113	0.113
  6187	0.0196268	-0.113	0.113
  6188	0.0160112	-0.113	0.113
  6189	0.0105645	-0.113	0.113
  6190	0.0415908	-0.113	0.113
  6191	0.0189244	-0.113	0.113
  6192	0.0289606	-0.113	0.113
  6193	0.0395887	-0.113	0.113
  6194	0.0135289	-0.113	0.113
  6195	0.0377015	-0.113	0.113
  6196	0.0301094	-0.113	0.113
  6197	0.0131332	-0.113	0.113
  6198	0.0135642	-0.113	0.113
  6199	0.0172036	-0.113	0.113
  6200	0.0430066	-0.113	0.113
  6201	0.0373928	-0.113	0.113
  6202	0.0134404	-0.113	0.113
  6203	0.0350946	-0.113	0.113
  6204	0.0319405	-0.113	0.113
  6205	0.0252483	-0.113	0.113
  6206	0.0156621	-0.113	0.113
  6207	0.013988	-0.113	0.113
  6208	0.0281953	-0.113	0.113
  6209	0.041186	-0.113	0.113
  6210	0.0423535	-0.113	0.113
  6211	0.0336752	-0.113	0.113
  6212	0.0105529	-0.113	0.113
  6213	0.0212232	-0.113	0.113
  6214	0.0405534	-0.113	0.113
  6215	0.0252704	-0.113	0.113
  6216	0.0320021	-0.113	0.113
  6217	0.0225228	-0.113	0.113
  6218	0.0100948	-0.113	0.113
  6219	0.0326225	-0.113	0.113
  6220	0.0289572	-0.113	0.113
  6221	0.0134339	-0.113	0.113
  6222	0.0175328	-0.113	0.113
  6223	0.0174245	-0.113	0.113
  6224	0.0403566	-0.113	0.113
  6225	0.0379527	-0.113	0.113
  6226	0.0334208	-0.113	0.113
  6227	0.0267452	-0.113	0.113
  6228	0.036751	-0.113	0.113
  6229	0.01271	-0.113	0.113
  6230	0.03555	-0.113	0.113
  6231	0.0435408	-0.113	0.113
  6232	0.0324611	-0.113	0.113
  6233	0.0273174	-0.113	0.113
  6234	0.0383449	-0.113	0.113
  6235	0.0106845	-0.113	0.113
  6236	0.0174399	-0.113	0.113
  6237	0.0305989	-0.113	0.113
  6238	0.0277607	-0.113	0.113
  6239	0.0368839	-0.113	0.113
  6240	0.0122632	-0.113	0.113
  6241	0.0436273	-0.113	0.113
  6242	0.0100429	-0.113	0.113
  6243	0.0373809	-0.113	0.113
  6244	0.021081	-0.113	0.113
  6245	0.0305804	-0.113	0.113
  6246	0.0122118	-0.113	0.113
  6247	0.0146008	-0.113	0.113
  6248	0.0203369	-0.113	0.113
  6249	0.0152118	-0.113	0.113
  6250	0.0360047	-0.113	0.113
  6251	0.0287965	-0.113	0.113
  6252	0.0346459	-0.113	0.113
  6253	0.0259301	-0.113	0.113
  6254	0.0136525	-0.113	0.113
  6255	0.0135024	-0.113	0.113
  6256	0.0396124	-0.113	0.113
  6257	0.033964	-0.113	0.113
  6258	0.0117473	-0.113	0.113
  6259	0.021375	-0.113	0.113
  6260	0.0345711	-0.113	0.113
  6261	0.0413414	-0.113	0.113
  6262	0.0181462	-0.113	0.113
  6263	0.0429498	-0.113	0.113
  6264	0.0424554	-0.113	0.113
  6265	0.0159743	-0.113	0.113
  6266	0.032964	-0.113	0.113
  6267	0.0152305	-0.113	0.113
  6268	0.0112467	-0.113	0.113
  6269	0.0228722	-0.113	0.113
  6270	0.0294527	-0.113	0.113
  6271	0.0183668	-0.113	0.113
  6272	0.043731	-0.113	0.113
  6273	0.0266053	-0.113	0.113
  6274	0.0438825	-0.113	0.113
  6275	0.0358769	-0.113	0.113
  6276	0.0129632	-0.113	0.113
  6277	0.0440935	-0.113	0.113
  6278	0.043631	-0.113	0.113
  6279	0.0328179	-0.113	0.113
  6280	0.0194867	-0.113	0.113
  6281	0.0125255	-0.113	0.113
  6282	0.0203676	-0.113	0.113
  6283	0.0304449	-0.113	0.113
  6284	0.0119186	-0.113	0.113
  6285	0.0196189	-0.113	0.113
  6286	0.0166231	-0.113	0.113
  6287	0.0356255	-0.113	0.113
  6288	0.0399618	-0.113	0.113
  6289	0.0352848	-0.113	0.113
  6290	0.0123144	-0.113	0.113
  6291	0.0155701	-0.113	0.113
  6292	0.0401223	-0.113	0.113
  6293	0.0377544	-0.113	0.113
  6294	0.011888	-0.113	0.113
  6295	0.0126508	-0.113	0.113
  6296	0.0350074	-0.113	0.113
  6297	0.038795	-0.113	0.113
  6298	0.0122277	-0.113	0.113
  6299	0.02604	-0.113	0.113
  6300	0.0417925	-0.113	0.113
  6301	0.0152012	-0.113	0.113
  6302	0.0156855	-0.113	0.113
  6303	0.013194	-0.113	0.113
  6304	0.0260418	-0.113	0.113
  6305	0.0122193	-0.113	0.113
  6306	0.0365075	-0.113	0.113
  6307	0.022299	-0.113	0.113
  6308	0.0160934	-0.113	0.113
  6309	0.0272873	-0.113	0.113
  6310	0.0360698	-0.113	0.113
  6311	0.0346328	-0.113	0.113
  6312	0.0231075	-0.113	0.113
  6313	0.0425892	-0.113	0.113
  6314	0.040239	-0.113	0.113
  6315	0.0121888	-0.113	0.113
  6316	0.0283043	-0.113	0.113
  6317	0.0235717	-0.113	0.113
  6318	0.0169729	-0.113	0.113
  6319	0.0337527	-0.113	0.113
  6320	0.039811	-0.113	0.113
  6321	0.0168594	-0.113	0.113
  6322	0.0383617	-0.113	0.113
  6323	0.0541214	-0.113	0.113
  6324	0.0298787	-0.113	0.113
  6325	0.041542	-0.113	0.113
  6326	0.0131634	-0.113	0.113
  6327	0.0184041	-0.113	0.113
  6328	0.0117111	-0.113	0.113
  6329	0.0135779	-0.113	0.113
  6330	0.0121715	-0.113	0.113
  6331	0.0410154	-0.113	0.113
  6332	0.0168959	-0.113	0.113
  6333	0.011364	-0.113	0.113
  6334	0.0367307	-0.113	0.113
  6335	0.0316322	-0.113	0.113
  6336	0.0234461	-0.113	0.113
  6337	0.0238837	-0.113	0.113
  6338	0.0176166	-0.113	0.113
  6339	0.0122034	-0.113	0.113
  6340	0.0403175	-0.113	0.113
  6341	0.0370516	-0.113	0.113
  6342	0.010184	-0.113	0.113
  6343	0.015114	-0.113	0.113
  6344	0.0122496	-0.113	0.113
  6345	0.0126458	-0.113	0.113
  6346	0.0226173	-0.113	0.113
  6347	0.025418	-0.113	0.113
  6348	0.0277706	-0.113	0.113
  6349	0.032192	-0.113	0.113
  6350	0.0208116	-0.113	0.113
  6351	0.013668	-0.113	0.113
  6352	0.0327274	-0.113	0.113
  6353	0.0262396	-0.113	0.113
  6354	0.022352	-0.113	0.113
  6355	0.0432877	-0.113	0.113
  6356	0.0190998	-0.113	0.113
  6357	0.0175323	-0.113	0.113
  6358	0.0156353	-0.113	0.113
  6359	0.0264011	-0.113	0.113
  6360	0.0148231	-0.113	0.113
  6361	0.0396908	-0.113	0.113
  6362	0.0121324	-0.113	0.113
  6363	0.0237639	-0.113	0.113
  6364	0.0167559	-0.113	0.113
  6365	0.0193631	-0.113	0.113
  6366	0.0280635	-0.113	0.113
  6367	0.0427385	-0.113	0.113
  6368	0.0106031	-0.113	0.113
  6369	0.0368927	-0.113	0.113
  6370	0.0312897	-0.113	0.113
  6371	0.0298784	-0.113	0.113
  6372	0.0392797	-0.113	0.113
  6373	0.0164915	-0.113	0.113
  6374	0.0283679	-0.113	0.113
  6375	0.0110129	-0.113	0.113
  6376	0.0109017	-0.113	0.113
  6377	0.0439109	-0.113	0.113
  6378	0.0293259	-0.113	0.113
  6379	0.0368424	-0.113	0.113
  6380	0.0228414	-0.113	0.113
  6381	0.03926	-0.113	0.113
  6382	0.0331147	-0.113	0.113
  6383	0.0432598	-0.113	0.113
  6384	0.0369197	-0.113	0.113
  6385	0.0152398	-0.113	0.113
  6386	0.0281165	-0.113	0.113
  6387	0.0311282	-0.113	0.113
  6388	0.0318166	-0.113	0.113
  6389	0.0388009	-0.113	0.113
  6390	0.043545	-0.113	0.113
  6391	0.0233348	-0.113	0.113
  6392	0.0129365	-0.113	0.113
  6393	0.025016	-0.113	0.113
  6394	0.0369864	-0.113	0.113
  6395	0.0278867	-0.113	0.113
  6396	0.0157745	-0.113	0.113
  6397	0.0430208	-0.113	0.113
  6398	0.0164107	-0.113	0.113
  6399	0.0236106	-0.113	0.113
  6400	0.015078	-0.113	0.113
  6401	0.0118126	-0.113	0.113
  6402	0.0229546	-0.113	0.113
  6403	0.0420233	-0.113	0.113
  6404	0.0299632	-0.113	0.113
  6405	0.0185498	-0.113	0.113
  6406	0.0379806	-0.113	0.113
  6407	0.0403173	-0.113	0.113
  6408	0.0241865	-0.113	0.113
  6409	0.0103306	-0.113	0.113
  6410	0.0239014	-0.113	0.113
  6411	0.0148714	-0.113	0.113
  6412	0.0370625	-0.113	0.113
  6413	0.0118482	-0.113	0.113
  6414	0.0170844	-0.113	0.113
  6415	0.0310298	-0.113	0.113
  6416	0.0118885	-0.113	0.113
  6417	0.0330745	-0.113	0.113
  6418	0.0134911	-0.113	0.113
  6419	0.0342608	-0.113	0.113
  6420	0.0241987	-0.113	0.113
  6421	0.0248941	-0.113	0.113
  6422	0.0425834	-0.113	0.113
  6423	0.0431677	-0.113	0.113
  6424	0.0302809	-0.113	0.113
  6425	0.0327804	-0.113	0.113
  6426	0.0193849	-0.113	0.113
  6427	0.0184553	-0.113	0.113
  6428	0.0339732	-0.113	0.113
  6429	0.0233796	-0.113	0.113
  6430	0.0300965	-0.113	0.113
  6431	0.0359745	-0.113	0.113
  6432	0.0302524	-0.113	0.113
  6433	0.0260443	-0.113	0.113
  6434	0.0169268	-0.113	0.113
  6435	0.0147955	-0.113	0.113
  6436	0.0333481	-0.113	0.113
  6437	0.0131698	-0.113	0.113
  6438	0.0204804	-0.113	0.113
  6439	0.0440531	-0.113	0.113
  6440	0.0159659	-0.113	0.113
  6441	0.0338307	-0.113	0.113
  6442	0.0442307	-0.113	0.113
  6443	0.0373226	-0.113	0.113
  6444	0.015336	-0.113	0.113
  6445	0.0201499	-0.113	0.113
  6446	0.0313097	-0.113	0.113
  6447	0.0211946	-0.113	0.113
  6448	0.0433468	-0.113	0.113
  6449	0.0171289	-0.113	0.113
  6450	0.0174053	-0.113	0.113
  6451	0.0429314	-0.113	0.113
  6452	0.0114785	-0.113	0.113
  6453	0.0294393	-0.113	0.113
  6454	0.0327342	-0.113	0.113
  6455	0.0212088	-0.113	0.113
  6456	0.0235483	-0.113	0.113
  6457	0.0180035	-0.113	0.113
  6458	0.0436158	-0.113	0.113
  6459	0.0128204	-0.113	0.113
  6460	0.0319973	-0.113	0.113
  6461	0.011491	-0.113	0.113
  6462	0.0433091	-0.113	0.113
  6463	0.0246847	-0.113	0.113
  6464	0.041377	-0.113	0.113
  6465	0.0138349	-0.113	0.113
  6466	0.0188293	-0.113	0.113
  6467	0.0154724	-0.113	0.113
  6468	0.0346739	-0.113	0.113
  6469	0.0225289	-0.113	0.113
  6470	0.0148896	-0.113	0.113
  6471	0.0181142	-0.113	0.113
  6472	0.0389973	-0.113	0.113
  6473	0.0239182	-0.113	0.113
  6474	0.0270942	-0.113	0.113
  6475	0.020225	-0.113	0.113
  6476	0.0423073	-0.113	0.113
  6477	0.0354677	-0.113	0.113
  6478	0.0228673	-0.113	0.113
  6479	0.0127502	-0.113	0.113
  6480	0.0157805	-0.113	0.113
  6481	0.0142035	-0.113	0.113
  6482	0.0169171	-0.113	0.113
  6483	0.0213823	-0.113	0.113
  6484	0.0106225	-0.113	0.113
  6485	0.0349166	-0.113	0.113
  6486	0.0122162	-0.113	0.113
  6487	0.0274154	-0.113	0.113
  6488	0.0420255	-0.113	0.113
  6489	0.0292007	-0.113	0.113
  6490	0.0359117	-0.113	0.113
  6491	0.0379293	-0.113	0.113
  6492	0.0441135	-0.113	0.113
  6493	0.0412177	-0.113	0.113
  6494	0.0223875	-0.113	0.113
  6495	0.0405375	-0.113	0.113
  6496	0.0432055	-0.113	0.113
  6497	0.0212967	-0.113	0.113
  6498	0.0296891	-0.113	0.113
  6499	0.0114598	-0.113	0.113
  6500	0.0111257	-0.113	0.113
  6501	0.0140809	-0.113	0.113
  6502	0.0192108	-0.113	0.113
  6503	0.034476	-0.113	0.113
  6504	0.040561	-0.113	0.113
  6505	0.0440242	-0.113	0.113
  6506	0.0162203	-0.113	0.113
  6507	0.0131583	-0.113	0.113
  6508	0.0440271	-0.113	0.113
  6509	0.038757	-0.113	0.113
  6510	0.0438301	-0.113	0.113
  6511	0.0369149	-0.113	0.113
  6512	0.0243316	-0.113	0.113
  6513	0.0111448	-0.113	0.113
  6514	0.0416784	-0.113	0.113
  6515	0.0114046	-0.113	0.113
  6516	0.0299898	-0.113	0.113
  6517	0.0264976	-0.113	0.113
  6518	0.0132867	-0.113	0.113
  6519	0.036869	-0.113	0.113
  6520	0.0403726	-0.113	0.113
  6521	0.0161033	-0.113	0.113
  6522	0.0436905	-0.113	0.113
  6523	0.0305132	-0.113	0.113
  6524	0.0173129	-0.113	0.113
  6525	0.0362557	-0.113	0.113
  6526	0.0356698	-0.113	0.113
  6527	0.0119387	-0.113	0.113
  6528	0.0134141	-0.113	0.113
  6529	0.0348604	-0.113	0.113
  6530	0.029543	-0.113	0.113
  6531	0.0190554	-0.113	0.113
  6532	0.0124638	-0.113	0.113
  6533	0.0290907	-0.113	0.113
  6534	0.0373263	-0.113	0.113
  6535	0.0150652	-0.113	0.113
  6536	0.0352054	-0.113	0.113
  6537	0.0157237	-0.113	0.113
  6538	0.0112042	-0.113	0.113
  6539	0.041805	-0.113	0.113
  6540	0.04157	-0.113	0.113
  6541	0.0287197	-0.113	0.113
  6542	0.0108612	-0.113	0.113
  6543	0.0338853	-0.113	0.113
  6544	0.0441896	-0.113	0.113
  6545	0.0191009	-0.113	0.113
  6546	0.0141902	-0.113	0.113
  6547	0.0443265	-0.113	0.113
  6548	0.0384367	-0.113	0.113
  6549	0.0423804	-0.113	0.113
  6550	0.0312103	-0.113	0.113
  6551	0.0217286	-0.113	0.113
  6552	0.0324671	-0.113	0.113
  6553	0.0402171	-0.113	0.113
  6554	0.0102734	-0.113	0.113
  6555	0.0288871	-0.113	0.113
  6556	0.0116428	-0.113	0.113
  6557	0.0371639	-0.113	0.113
  6558	0.024161	-0.113	0.113
  6559	0.0148088	-0.113	0.113
  6560	0.0435331	-0.113	0.113
  6561	0.0197214	-0.113	0.113
  6562	0.0176478	-0.113	0.113
  6563	0.0398833	-0.113	0.113
  6564	0.0436566	-0.113	0.113
  6565	0.0384236	-0.113	0.113
  6566	0.0247498	-0.113	0.113
  6567	0.0373852	-0.113	0.113
  6568	0.0346987	-0.113	0.113
  6569	0.0253639	-0.113	0.113
  6570	0.0435432	-0.113	0.113
  6571	0.0257756	-0.113	0.113
  6572	0.0239259	-0.113	0.113
  6573	0.0423191	-0.113	0.113
  6574	0.0259321	-0.113	0.113
  6575	0.0228895	-0.113	0.113
  6576	0.0336131	-0.113	0.113
  6577	0.0417252	-0.113	0.113
  6578	0.0167033	-0.113	0.113
  6579	0.0225027	-0.113	0.113
  6580	0.0420237	-0.113	0.113
  6581	0.0407036	-0.113	0.113
  6582	0.0379647	-0.113	0.113
  6583	0.037263	-0.113	0.113
  6584	0.0426535	-0.113	0.113
  6585	0.0330366	-0.113	0.113
  6586	0.020619	-0.113	0.113
  6587	0.034427	-0.113	0.113
  6588	0.035967	-0.113	0.113
  6589	0.0174218	-0.113	0.113
  6590	0.0435298	-0.113	0.113
  6591	0.0416377	-0.113	0.113
  6592	0.0162613	-0.113	0.113
  6593	0.0120075	-0.113	0.113
  6594	0.0375064	-0.113	0.113
  6595	0.0235358	-0.113	0.113
  6596	0.0176541	-0.113	0.113
  6597	0.0420954	-0.113	0.113
  6598	0.0213557	-0.113	0.113
  6599	0.0126926	-0.113	0.113
  6600	0.0206576	-0.113	0.113
  6601	0.0317439	-0.113	0.113
  6602	0.0278994	-0.113	0.113
  6603	0.021023	-0.113	0.113
  6604	0.0278179	-0.113	0.113
  6605	0.0239193	-0.113	0.113
  6606	0.0410055	-0.113	0.113
  6607	0.0215881	-0.113	0.113
  6608	0.0427543	-0.113	0.113
  6609	0.0403523	-0.113	0.113
  6610	0.0240044	-0.113	0.113
  6611	0.0124712	-0.113	0.113
  6612	0.0153458	-0.113	0.113
  6613	0.0390596	-0.113	0.113
  6614	0.0253304	-0.113	0.113
  6615	0.040592	-0.113	0.113
  6616	0.0294543	-0.113	0.113
  6617	0.0268259	-0.113	0.113
  6618	0.0400966	-0.113	0.113
  6619	0.0426106	-0.113	0.113
  6620	0.0183988	-0.113	0.113
  6621	0.0117404	-0.113	0.113
  6622	0.0118317	-0.113	0.113
  6623	0.028549	-0.113	0.113
  6624	0.0108098	-0.113	0.113
  6625	0.0399397	-0.113	0.113
  6626	0.0372292	-0.113	0.113
  6627	0.0412441	-0.113	0.113
  6628	0.0156894	-0.113	0.113
  6629	0.0221162	-0.113	0.113
  6630	0.0364563	-0.113	0.113
  6631	0.0326628	-0.113	0.113
  6632	0.0403609	-0.113	0.113
  6633	0.0157056	-0.113	0.113
  6634	0.042319	-0.113	0.113
  6635	0.0361535	-0.113	0.113
  6636	0.0408631	-0.113	0.113
  6637	0.0216236	-0.113	0.113
  6638	0.0337233	-0.113	0.113
  6639	0.0364913	-0.113	0.113
  6640	0.0185284	-0.113	0.113
  6641	0.0430632	-0.113	0.113
  6642	0.0403622	-0.113	0.113
  6643	0.0396804	-0.113	0.113
  6644	0.0324103	-0.113	0.113
  6645	0.0292671	-0.113	0.113
  6646	0.0312418	-0.113	0.113
  6647	0.0360972	-0.113	0.113
  6648	0.0381784	-0.113	0.113
  6649	0.0103263	-0.113	0.113
  6650	0.0408968	-0.113	0.113
  6651	0.0207454	-0.113	0.113
  6652	0.0161196	-0.113	0.113
  6653	0.0125281	-0.113	0.113
  6654	0.0246235	-0.113	0.113
  6655	0.0291885	-0.113	0.113
  6656	0.0441944	-0.113	0.113
  6657	0.0158136	-0.113	0.113
  6658	0.0338035	-0.113	0.113
  6659	0.0288036	-0.113	0.113
  6660	0.0291904	-0.113	0.113
  6661	0.0315127	-0.113	0.113
  6662	0.0149851	-0.113	0.113
  6663	0.0401247	-0.113	0.113
  6664	0.0238813	-0.113	0.113
  6665	0.0399584	-0.113	0.113
  6666	0.0394162	-0.113	0.113
  6667	0.0114762	-0.113	0.113
  6668	0.0318409	-0.113	0.113
  6669	0.0184126	-0.113	0.113
  6670	0.0336829	-0.113	0.113
  6671	0.0158595	-0.113	0.113
  6672	0.0259233	-0.113	0.113
  6673	0.0133211	-0.113	0.113
  6674	0.020117	-0.113	0.113
  6675	0.0284002	-0.113	0.113
  6676	0.0228634	-0.113	0.113
  6677	0.030212	-0.113	0.113
  6678	0.0438363	-0.113	0.113
  6679	0.0101607	-0.113	0.113
  6680	0.0127273	-0.113	0.113
  6681	0.0275926	-0.113	0.113
  6682	0.0269335	-0.113	0.113
  6683	0.0106956	-0.113	0.113
  6684	0.0346824	-0.113	0.113
  6685	0.0143117	-0.113	0.113
  6686	0.0332645	-0.113	0.113
  6687	0.0356862	-0.113	0.113
  6688	0.0418269	-0.113	0.113
  6689	0.01833	-0.113	0.113
  6690	0.0237233	-0.113	0.113
  6691	0.0424839	-0.113	0.113
  6692	0.0202575	-0.113	0.113
  6693	0.0200175	-0.113	0.113
  6694	0.0114247	-0.113	0.113
  6695	0.0309771	-0.113	0.113
  6696	0.0327162	-0.113	0.113
  6697	0.0146936	-0.113	0.113
  6698	0.0142598	-0.113	0.113
  6699	0.0378589	-0.113	0.113
  6700	0.0247417	-0.113	0.113
  6701	0.0194296	-0.113	0.113
  6702	0.0383072	-0.113	0.113
  6703	0.0253779	-0.113	0.113
  6704	0.041554	-0.113	0.113
  6705	0.017292	-0.113	0.113
  6706	0.0270456	-0.113	0.113
  6707	0.0421153	-0.113	0.113
  6708	0.0339366	-0.113	0.113
  6709	0.0415461	-0.113	0.113
  6710	0.042419	-0.113	0.113
  6711	0.0566994	-0.113	0.113
  6712	0.0291898	-0.113	0.113
  6713	0.0337398	-0.113	0.113
  6714	0.0109481	-0.113	0.113
  6715	0.0246953	-0.113	0.113
  6716	0.0140284	-0.113	0.113
  6717	0.0155764	-0.113	0.113
  6718	0.0368883	-0.113	0.113
  6719	0.0229079	-0.113	0.113
  6720	0.0129819	-0.113	0.113
  6721	0.0395252	-0.113	0.113
  6722	0.0113646	-0.113	0.113
  6723	0.0219187	-0.113	0.113
  6724	0.0155709	-0.113	0.113
  6725	0.0201236	-0.113	0.113
  6726	0.0199867	-0.113	0.113
  6727	0.0367959	-0.113	0.113
  6728	0.0107434	-0.113	0.113
  6729	0.0388387	-0.113	0.113
  6730	0.0114826	-0.113	0.113
  6731	0.0288911	-0.113	0.113
  6732	0.0117502	-0.113	0.113
  6733	0.0310751	-0.113	0.113
  6734	0.026223	-0.113	0.113
  6735	0.0258988	-0.113	0.113
  6736	0.041664	-0.113	0.113
  6737	0.0417262	-0.113	0.113
  6738	0.0252901	-0.113	0.113
  6739	0.0183288	-0.113	0.113
  6740	0.0290932	-0.113	0.113
  6741	0.0442369	-0.113	0.113
  6742	0.0436484	-0.113	0.113
  6743	0.0175626	-0.113	0.113
  6744	0.0266287	-0.113	0.113
  6745	0.0109442	-0.113	0.113
  6746	0.0305665	-0.113	0.113
  6747	0.0239049	-0.113	0.113
  6748	0.0350953	-0.113	0.113
  6749	0.0167417	-0.113	0.113
  6750	0.0166675	-0.113	0.113
  6751	0.0240427	-0.113	0.113
  6752	0.0106834	-0.113	0.113
  6753	0.0210802	-0.113	0.113
  6754	0.025255	-0.113	0.113
  6755	0.0101217	-0.113	0.113
  6756	0.0431168	-0.113	0.113
  6757	0.0344981	-0.113	0.113
  6758	0.0343245	-0.113	0.113
  6759	0.0138203	-0.113	0.113
  6760	0.0113196	-0.113	0.113
  6761	0.0140714	-0.113	0.113
  6762	0.0301082	-0.113	0.113
  6763	0.0273937	-0.113	0.113
  6764	0.0179532	-0.113	0.113
  6765	0.0412653	-0.113	0.113
  6766	0.0393973	-0.113	0.113
  6767	0.038596	-0.113	0.113
  6768	0.0189042	-0.113	0.113
  6769	0.0440717	-0.113	0.113
  6770	0.0240756	-0.113	0.113
  6771	0.0180445	-0.113	0.113
  6772	0.0131159	-0.113	0.113
  6773	0.0169882	-0.113	0.113
  6774	0.0389235	-0.113	0.113
  6775	0.0410299	-0.113	0.113
  6776	0.0442307	-0.113	0.113
  6777	0.0116059	-0.113	0.113
  6778	0.021271	-0.113	0.113
  6779	0.0373124	-0.113	0.113
  6780	0.0350935	-0.113	0.113
  6781	0.0366794	-0.113	0.113
  6782	0.0321625	-0.113	0.113
  6783	0.0292033	-0.113	0.113
  6784	0.0182875	-0.113	0.113
  6785	0.0439704	-0.113	0.113
  6786	0.0181445	-0.113	0.113
  6787	0.025339	-0.113	0.113
  6788	0.0310143	-0.113	0.113
  6789	0.0285939	-0.113	0.113
  6790	0.0362715	-0.113	0.113
  6791	0.041448	-0.113	0.113
  6792	0.0272421	-0.113	0.113
  6793	0.0358665	-0.113	0.113
  6794	0.0309758	-0.113	0.113
  6795	0.0107917	-0.113	0.113
  6796	0.0154889	-0.113	0.113
  6797	0.026792	-0.113	0.113
  6798	0.0383131	-0.113	0.113
  6799	0.0433752	-0.113	0.113
  6800	0.0106368	-0.113	0.113
  6801	0.0165743	-0.113	0.113
  6802	0.0439099	-0.113	0.113
  6803	0.0511239	-0.113	0.113
  6804	0.027051	-0.113	0.113
  6805	0.0423114	-0.113	0.113
  6806	0.0139279	-0.113	0.113
  6807	0.0211466	-0.113	0.113
  6808	0.0163885	-0.113	0.113
  6809	0.0357015	-0.113	0.113
  6810	0.014851	-0.113	0.113
  6811	0.0196764	-0.113	0.113
  6812	0.021679	-0.113	0.113
  6813	0.0122819	-0.113	0.113
  6814	0.0288643	-0.113	0.113
  6815	0.0260359	-0.113	0.113
  6816	0.0317302	-0.113	0.113
  6817	0.0439549	-0.113	0.113
  6818	0.0246573	-0.113	0.113
  6819	0.0261056	-0.113	0.113
  6820	0.0355378	-0.113	0.113
  6821	0.0416294	-0.113	0.113
  6822	0.0353757	-0.113	0.113
  6823	0.0431806	-0.113	0.113
  6824	0.015717	-0.113	0.113
  6825	0.039388	-0.113	0.113
  6826	0.0394241	-0.113	0.113
  6827	0.0279128	-0.113	0.113
  6828	0.0137954	-0.113	0.113
  6829	0.0149427	-0.113	0.113
  6830	0.0404901	-0.113	0.113
  6831	0.0191429	-0.113	0.113
  6832	0.020911	-0.113	0.113
  6833	0.0114675	-0.113	0.113
  6834	0.0270197	-0.113	0.113
  6835	0.0291684	-0.113	0.113
  6836	0.0247198	-0.113	0.113
  6837	0.0185904	-0.113	0.113
  6838	0.0268488	-0.113	0.113
  6839	0.0180853	-0.113	0.113
  6840	0.0321275	-0.113	0.113
  6841	0.0222474	-0.113	0.113
  6842	0.0440652	-0.113	0.113
  6843	0.0363351	-0.113	0.113
  6844	0.031709	-0.113	0.113
  6845	0.0362058	-0.113	0.113
  6846	0.0271596	-0.113	0.113
  6847	0.0167008	-0.113	0.113
  6848	0.0317617	-0.113	0.113
  6849	0.0276879	-0.113	0.113
  6850	0.0347534	-0.113	0.113
  6851	0.0230416	-0.113	0.113
  6852	0.0159093	-0.113	0.113
  6853	0.0209837	-0.113	0.113
  6854	0.0369406	-0.113	0.113
  6855	0.0359433	-0.113	0.113
  6856	0.0278228	-0.113	0.113
  6857	0.0369116	-0.113	0.113
  6858	0.0140383	-0.113	0.113
  6859	0.0338625	-0.113	0.113
  6860	0.0297541	-0.113	0.113
  6861	0.0149531	-0.113	0.113
  6862	0.0395625	-0.113	0.113
  6863	0.0133207	-0.113	0.113
  6864	0.0286343	-0.113	0.113
  6865	0.0241644	-0.113	0.113
  6866	0.022185	-0.113	0.113
  6867	0.0234806	-0.113	0.113
  6868	0.0421398	-0.113	0.113
  6869	0.0435355	-0.113	0.113
  6870	0.0112834	-0.113	0.113
  6871	0.0428739	-0.113	0.113
  6872	0.0149738	-0.113	0.113
  6873	0.024109	-0.113	0.113
  6874	0.0235155	-0.113	0.113
  6875	0.0134145	-0.113	0.113
  6876	0.04425	-0.113	0.113
  6877	0.0102879	-0.113	0.113
  6878	0.0261253	-0.113	0.113
  6879	0.0273463	-0.113	0.113
  6880	0.0235241	-0.113	0.113
  6881	0.028869	-0.113	0.113
  6882	0.0131742	-0.113	0.113
  6883	0.0142619	-0.113	0.113
  6884	0.0431433	-0.113	0.113
  6885	0.0310936	-0.113	0.113
  6886	0.0364903	-0.113	0.113
  6887	0.0214391	-0.113	0.113
  6888	0.0132164	-0.113	0.113
  6889	0.0437342	-0.113	0.113
  6890	0.0211173	-0.113	0.113
  6891	0.030407	-0.113	0.113
  6892	0.0129885	-0.113	0.113
  6893	0.0359776	-0.113	0.113
  6894	0.0108717	-0.113	0.113
  6895	0.0218138	-0.113	0.113
  6896	0.0426155	-0.113	0.113
  6897	0.0436353	-0.113	0.113
  6898	0.0225828	-0.113	0.113
  6899	0.0428806	-0.113	0.113
  6900	0.0184996	-0.113	0.113
  6901	0.025873	-0.113	0.113
  6902	0.023456	-0.113	0.113
  6903	0.0125373	-0.113	0.113
  6904	0.0424642	-0.113	0.113
  6905	0.0338109	-0.113	0.113
  6906	0.0115383	-0.113	0.113
  6907	0.0187488	-0.113	0.113
  6908	0.0342925	-0.113	0.113
  6909	0.0259471	-0.113	0.113
  6910	0.0133005	-0.113	0.113
  6911	0.0402559	-0.113	0.113
  6912	0.0203298	-0.113	0.113
  6913	0.0368712	-0.113	0.113
  6914	0.0373025	-0.113	0.113
  6915	0.0370528	-0.113	0.113
  6916	0.0117708	-0.113	0.113
  6917	0.0186819	-0.113	0.113
  6918	0.038422	-0.113	0.113
  6919	0.0185844	-0.113	0.113
  6920	0.038471	-0.113	0.113
  6921	0.0217076	-0.113	0.113
  6922	0.0423133	-0.113	0.113
  6923	0.0173196	-0.113	0.113
  6924	0.0367049	-0.113	0.113
  6925	0.031679	-0.113	0.113
  6926	0.0332189	-0.113	0.113
  6927	0.0201109	-0.113	0.113
  6928	0.0171206	-0.113	0.113
  6929	0.0129417	-0.113	0.113
  6930	0.0307876	-0.113	0.113
  6931	0.0265685	-0.113	0.113
  6932	0.0124032	-0.113	0.113
  6933	0.0183105	-0.113	0.113
  6934	0.0307978	-0.113	0.113
  6935	0.0359584	-0.113	0.113
  6936	0.0257171	-0.113	0.113
  6937	0.0455448	-0.113	0.113
  6938	0.0337468	-0.113	0.113
  6939	0.0438034	-0.113	0.113
  6940	0.0271282	-0.113	0.113
  6941	0.0197448	-0.113	0.113
  6942	0.0339068	-0.113	0.113
  6943	0.0283709	-0.113	0.113
  6944	0.0160955	-0.113	0.113
  6945	0.0368262	-0.113	0.113
  6946	0.0402444	-0.113	0.113
  6947	0.0337728	-0.113	0.113
  6948	0.0425425	-0.113	0.113
  6949	0.0364331	-0.113	0.113
  6950	0.0313343	-0.113	0.113
  6951	0.0419181	-0.113	0.113
  6952	0.0202016	-0.113	0.113
  6953	0.0138778	-0.113	0.113
  6954	0.0218874	-0.113	0.113
  6955	0.0101396	-0.113	0.113
  6956	0.0368597	-0.113	0.113
  6957	0.0366237	-0.113	0.113
  6958	0.0272639	-0.113	0.113
  6959	0.0133073	-0.113	0.113
  6960	0.0222926	-0.113	0.113
  6961	0.0233742	-0.113	0.113
  6962	0.0318234	-0.113	0.113
  6963	0.015872	-0.113	0.113
  6964	0.0115989	-0.113	0.113
  6965	0.0122656	-0.113	0.113
  6966	0.0282954	-0.113	0.113
  6967	0.0102554	-0.113	0.113
  6968	0.0270707	-0.113	0.113
  6969	0.0175557	-0.113	0.113
  6970	0.0369096	-0.113	0.113
  6971	0.0373934	-0.113	0.113
  6972	0.0167893	-0.113	0.113
  6973	0.0401029	-0.113	0.113
  6974	0.0269131	-0.113	0.113
  6975	0.0178919	-0.113	0.113
  6976	0.0340772	-0.113	0.113
  6977	0.0161446	-0.113	0.113
  6978	0.0416558	-0.113	0.113
  6979	0.0406521	-0.113	0.113
  6980	0.0349775	-0.113	0.113
  6981	0.0405772	-0.113	0.113
  6982	0.0118178	-0.113	0.113
  6983	0.0272263	-0.113	0.113
  6984	0.0438835	-0.113	0.113
  6985	0.0441687	-0.113	0.113
  6986	0.040266	-0.113	0.113
  6987	0.0154424	-0.113	0.113
  6988	0.0157362	-0.113	0.113
  6989	0.0229167	-0.113	0.113
  6990	0.0192826	-0.113	0.113
  6991	0.019105	-0.113	0.113
  6992	0.0123809	-0.113	0.113
  6993	0.0291453	-0.113	0.113
  6994	0.0307863	-0.113	0.113
  6995	0.0119916	-0.113	0.113
  6996	0.0146808	-0.113	0.113
  6997	0.0130192	-0.113	0.113
  6998	0.0261688	-0.113	0.113
  6999	0.0187804	-0.113	0.113
  7000	0.0265426	-0.113	0.113
  7001	0.0414317	-0.113	0.113
  7002	0.0124068	-0.113	0.113
  7003	0.016066	-0.113	0.113
  7004	0.01175	-0.113	0.113
  7005	0.0435753	-0.113	0.113
  7006	0.0394461	-0.113	0.113
  7007	0.0200694	-0.113	0.113
  7008	0.0315765	-0.113	0.113
  7009	0.0280142	-0.113	0.113
  7010	0.031059	-0.113	0.113
  7011	0.0419077	-0.113	0.113
  7012	0.0284896	-0.113	0.113
  7013	0.0404602	-0.113	0.113
  7014	0.020309	-0.113	0.113
  7015	0.0155534	-0.113	0.113
  7016	0.0197586	-0.113	0.113
  7017	0.0106391	-0.113	0.113
  7018	0.0192009	-0.113	0.113
  7019	0.0117994	-0.113	0.113
  7020	0.0433176	-0.113	0.113
  7021	0.0308595	-0.113	0.113
  7022	0.0119204	-0.113	0.113
  7023	0.0209817	-0.113	0.113
  7024	0.0195068	-0.113	0.113
  7025	0.0102431	-0.113	0.113
  7026	0.0105239	-0.113	0.113
  7027	0.0139031	-0.113	0.113
  7028	0.0387239	-0.113	0.113
  7029	0.0387275	-0.113	0.113
  7030	0.0253207	-0.113	0.113
  7031	0.0441759	-0.113	0.113
  7032	0.0427476	-0.113	0.113
  7033	0.0166732	-0.113	0.113
  7034	0.0327229	-0.113	0.113
  7035	0.0156007	-0.113	0.113
  7036	0.0176993	-0.113	0.113
  7037	0.0117514	-0.113	0.113
  7038	0.0195291	-0.113	0.113
  7039	0.0350104	-0.113	0.113
  7040	0.0188068	-0.113	0.113
  7041	0.0227051	-0.113	0.113
  7042	0.0386465	-0.113	0.113
  7043	0.0297354	-0.113	0.113
  7044	0.0346033	-0.113	0.113
  7045	0.0181121	-0.113	0.113
  7046	0.0217529	-0.113	0.113
  7047	0.0120918	-0.113	0.113
  7048	0.014095	-0.113	0.113
  7049	0.0171044	-0.113	0.113
  7050	0.0156714	-0.113	0.113
  7051	0.0113772	-0.113	0.113
  7052	0.0430119	-0.113	0.113
  7053	0.0330197	-0.113	0.113
  7054	0.0328115	-0.113	0.113
  7055	0.0112859	-0.113	0.113
  7056	0.0207648	-0.113	0.113
  7057	0.0333204	-0.113	0.113
  7058	0.0424095	-0.113	0.113
  7059	0.0242179	-0.113	0.113
  7060	0.0218859	-0.113	0.113
  7061	0.0316155	-0.113	0.113
  7062	0.042062	-0.113	0.113
  7063	0.0128651	-0.113	0.113
  7064	0.0205158	-0.113	0.113
  7065	0.0212106	-0.113	0.113
  7066	0.0262477	-0.113	0.113
  7067	0.0340294	-0.113	0.113
  7068	0.0365677	-0.113	0.113
  7069	0.0185003	-0.113	0.113
  7070	0.038858	-0.113	0.113
  7071	0.0168898	-0.113	0.113
  7072	0.0203842	-0.113	0.113
  7073	0.0266169	-0.113	0.113
  7074	0.0122021	-0.113	0.113
  7075	0.0255007	-0.113	0.113
  7076	0.0118992	-0.113	0.113
  7077	0.0194872	-0.113	0.113
  7078	0.0148377	-0.113	0.113
  7079	0.0174872	-0.113	0.113
  7080	0.0278387	-0.113	0.113
  7081	0.0272541	-0.113	0.113
  7082	0.0317894	-0.113	0.113
  7083	0.0379731	-0.113	0.113
  7084	0.0442634	-0.113	0.113
  7085	0.02802	-0.113	0.113
  7086	0.049289	-0.113	0.113
  7087	0.0422267	-0.113	0.113
  7088	0.0145035	-0.113	0.113
  7089	0.0312928	-0.113	0.113
  7090	0.0232176	-0.113	0.113
  7091	0.0295545	-0.113	0.113
  7092	0.0131066	-0.113	0.113
  7093	0.0440811	-0.113	0.113
  7094	0.0438961	-0.113	0.113
  7095	0.0317203	-0.113	0.113
  7096	0.0142427	-0.113	0.113
  7097	0.0413402	-0.113	0.113
  7098	0.0186684	-0.113	0.113
  7099	0.0313394	-0.113	0.113
  7100	0.0344431	-0.113	0.113
  7101	0.0377441	-0.113	0.113
  7102	0.0363626	-0.113	0.113
  7103	0.03631	-0.113	0.113
  7104	0.0106213	-0.113	0.113
  7105	0.029937	-0.113	0.113
  7106	0.0234893	-0.113	0.113
  7107	0.0215538	-0.113	0.113
  7108	0.0208166	-0.113	0.113
  7109	0.0144321	-0.113	0.113
  7110	0.0233602	-0.113	0.113
  7111	0.0153595	-0.113	0.113
  7112	0.0240006	-0.113	0.113
  7113	0.0235105	-0.113	0.113
  7114	0.0436498	-0.113	0.113
  7115	0.0105897	-0.113	0.113
  7116	0.011573	-0.113	0.113
  7117	0.0257627	-0.113	0.113
  7118	0.0182195	-0.113	0.113
  7119	0.0266597	-0.113	0.113
  7120	0.0171637	-0.113	0.113
  7121	0.0347868	-0.113	0.113
  7122	0.0369335	-0.113	0.113
  7123	0.0132195	-0.113	0.113
  7124	0.0124437	-0.113	0.113
  7125	0.0348027	-0.113	0.113
  7126	0.0436268	-0.113	0.113
  7127	0.0287296	-0.113	0.113
  7128	0.0188561	-0.113	0.113
  7129	0.023267	-0.113	0.113
  7130	0.0168379	-0.113	0.113
  7131	0.0245417	-0.113	0.113
  7132	0.011467	-0.113	0.113
  7133	0.0416765	-0.113	0.113
  7134	0.02846	-0.113	0.113
  7135	0.0400748	-0.113	0.113
  7136	0.0386475	-0.113	0.113
  7137	0.0301778	-0.113	0.113
  7138	0.0204439	-0.113	0.113
  7139	0.0137661	-0.113	0.113
  7140	0.0337907	-0.113	0.113
  7141	0.0394531	-0.113	0.113
  7142	0.0258361	-0.113	0.113
  7143	0.0368782	-0.113	0.113
  7144	0.0423196	-0.113	0.113
  7145	0.0219115	-0.113	0.113
  7146	0.0382507	-0.113	0.113
  7147	0.0291971	-0.113	0.113
  7148	0.0223898	-0.113	0.113
  7149	0.0144994	-0.113	0.113
  7150	0.0461016	-0.113	0.113
  7151	0.0430919	-0.113	0.113
  7152	0.0418837	-0.113	0.113
  7153	0.0120305	-0.113	0.113
  7154	0.030094	-0.113	0.113
  7155	0.0356396	-0.113	0.113
  7156	0.0114395	-0.113	0.113
  7157	0.0407071	-0.113	0.113
  7158	0.0156439	-0.113	0.113
  7159	0.034427	-0.113	0.113
  7160	0.0438063	-0.113	0.113
  7161	0.0424227	-0.113	0.113
  7162	0.0440962	-0.113	0.113
  7163	0.0391715	-0.113	0.113
  7164	0.0160772	-0.113	0.113
  7165	0.01383	-0.113	0.113
  7166	0.0102205	-0.113	0.113
  7167	0.0406765	-0.113	0.113
  7168	0.0188914	-0.113	0.113
  7169	0.0177002	-0.113	0.113
  7170	0.0201074	-0.113	0.113
  7171	0.0144232	-0.113	0.113
  7172	0.0237075	-0.113	0.113
  7173	0.0430318	-0.113	0.113
  7174	0.023341	-0.113	0.113
  7175	0.0373471	-0.113	0.113
  7176	0.0399361	-0.113	0.113
  7177	0.0177011	-0.113	0.113
  7178	0.0427587	-0.113	0.113
  7179	0.0418485	-0.113	0.113
  7180	0.0362556	-0.113	0.113
  7181	0.0113873	-0.113	0.113
  7182	0.0319782	-0.113	0.113
  7183	0.042206	-0.113	0.113
  7184	0.0232614	-0.113	0.113
  7185	0.0212934	-0.113	0.113
  7186	0.0374651	-0.113	0.113
  7187	0.0120404	-0.113	0.113
  7188	0.0302638	-0.113	0.113
  7189	0.0211743	-0.113	0.113
  7190	0.0266594	-0.113	0.113
  7191	0.0439222	-0.113	0.113
  7192	0.0159361	-0.113	0.113
  7193	0.0409713	-0.113	0.113
  7194	0.0250108	-0.113	0.113
  7195	0.0175147	-0.113	0.113
  7196	0.0353065	-0.113	0.113
  7197	0.0181537	-0.113	0.113
  7198	0.0420107	-0.113	0.113
  7199	0.0177273	-0.113	0.113
  7200	0.0365934	-0.113	0.113
  7201	0.0140414	-0.113	0.113
  7202	0.015748	-0.113	0.113
  7203	0.029765	-0.113	0.113
  7204	0.0109661	-0.113	0.113
  7205	0.029811	-0.113	0.113
  7206	0.023153	-0.113	0.113
  7207	0.0162454	-0.113	0.113
  7208	0.0145733	-0.113	0.113
  7209	0.015275	-0.113	0.113
  7210	0.0398709	-0.113	0.113
  7211	0.0268061	-0.113	0.113
  7212	0.0291339	-0.113	0.113
  7213	0.0137042	-0.113	0.113
  7214	0.040492	-0.113	0.113
  7215	0.0436516	-0.113	0.113
  7216	0.0390593	-0.113	0.113
  7217	0.0402067	-0.113	0.113
  7218	0.0254215	-0.113	0.113
  7219	0.0357224	-0.113	0.113
  7220	0.0297199	-0.113	0.113
  7221	0.0279704	-0.113	0.113
  7222	0.0426721	-0.113	0.113
  7223	0.0110537	-0.113	0.113
  7224	0.0276503	-0.113	0.113
  7225	0.0311422	-0.113	0.113
  7226	0.0331605	-0.113	0.113
  7227	0.0122323	-0.113	0.113
  7228	0.0292507	-0.113	0.113
  7229	0.0180386	-0.113	0.113
  7230	0.0212228	-0.113	0.113
  7231	0.0118203	-0.113	0.113
  7232	0.0340569	-0.113	0.113
  7233	0.0297208	-0.113	0.113
  7234	0.0435369	-0.113	0.113
  7235	0.034103	-0.113	0.113
  7236	0.037636	-0.113	0.113
  7237	0.023129	-0.113	0.113
  7238	0.0440326	-0.113	0.113
  7239	0.0228807	-0.113	0.113
  7240	0.016042	-0.113	0.113
  7241	0.0184439	-0.113	0.113
  7242	0.04039	-0.113	0.113
  7243	0.0242987	-0.113	0.113
  7244	0.0296166	-0.113	0.113
  7245	0.0301639	-0.113	0.113
  7246	0.041687	-0.113	0.113
  7247	0.0199444	-0.113	0.113
  7248	0.036456	-0.113	0.113
  7249	0.0349336	-0.113	0.113
  7250	0.0199746	-0.113	0.113
  7251	0.0244677	-0.113	0.113
  7252	0.0371568	-0.113	0.113
  7253	0.0138981	-0.113	0.113
  7254	0.0224999	-0.113	0.113
  7255	0.0238025	-0.113	0.113
  7256	0.0284878	-0.113	0.113
  7257	0.019114	-0.113	0.113
  7258	0.0252286	-0.113	0.113
  7259	0.0434536	-0.113	0.113
  7260	0.0167087	-0.113	0.113
  7261	0.0193379	-0.113	0.113
  7262	0.0154076	-0.113	0.113
  7263	0.0415486	-0.113	0.113
  7264	0.0366661	-0.113	0.113
  7265	0.0225662	-0.113	0.113
  7266	0.0311355	-0.113	0.113
  7267	0.028175	-0.113	0.113
  7268	0.0360381	-0.113	0.113
  7269	0.0346681	-0.113	0.113
  7270	0.0303169	-0.113	0.113
  7271	0.0149746	-0.113	0.113
  7272	0.0133162	-0.113	0.113
  7273	0.0193637	-0.113	0.113
  7274	0.0416242	-0.113	0.113
  7275	0.0166705	-0.113	0.113
  7276	0.0318928	-0.113	0.113
  7277	0.0193098	-0.113	0.113
  7278	0.0440726	-0.113	0.113
  7279	0.0362741	-0.113	0.113
  7280	0.0337374	-0.113	0.113
  7281	0.0107446	-0.113	0.113
  7282	0.0148938	-0.113	0.113
  7283	0.0417446	-0.113	0.113
  7284	0.0434898	-0.113	0.113
  7285	0.0163938	-0.113	0.113
  7286	0.0202864	-0.113	0.113
  7287	0.0157326	-0.113	0.113
  7288	0.0280593	-0.113	0.113
  7289	0.0181899	-0.113	0.113
  7290	0.0146808	-0.113	0.113
  7291	0.033286	-0.113	0.113
  7292	0.0384743	-0.113	0.113
  7293	0.018773	-0.113	0.113
  7294	0.0274886	-0.113	0.113
  7295	0.0264785	-0.113	0.113
  7296	0.0100435	-0.113	0.113
  7297	0.0200886	-0.113	0.113
  7298	0.0284917	-0.113	0.113
  7299	0.0418375	-0.113	0.113
  7300	0.0402365	-0.113	0.113
  7301	0.0419339	-0.113	0.113
  7302	0.0160167	-0.113	0.113
  7303	0.0255293	-0.113	0.113
  7304	0.0319949	-0.113	0.113
  7305	0.0274232	-0.113	0.113
  7306	0.0179245	-0.113	0.113
  7307	0.0240297	-0.113	0.113
  7308	0.0411948	-0.113	0.113
  7309	0.0435173	-0.113	0.113
  7310	0.0267946	-0.113	0.113
  7311	0.0330888	-0.113	0.113
  7312	0.031613	-0.113	0.113
  7313	0.0425791	-0.113	0.113
  7314	0.0399983	-0.113	0.113
  7315	0.0171686	-0.113	0.113
  7316	0.0297375	-0.113	0.113
  7317	0.0403778	-0.113	0.113
  7318	0.0367721	-0.113	0.113
  7319	0.0115782	-0.113	0.113
  7320	0.0179255	-0.113	0.113
  7321	0.0267303	-0.113	0.113
  7322	0.0110233	-0.113	0.113
  7323	0.0235802	-0.113	0.113
  7324	0.014607	-0.113	0.113
  7325	0.0100755	-0.113	0.113
  7326	0.0126257	-0.113	0.113
  7327	0.0251921	-0.113	0.113
  7328	0.0333411	-0.113	0.113
  7329	0.0146882	-0.113	0.113
  7330	0.0356474	-0.113	0.113
  7331	0.0409152	-0.113	0.113
  7332	0.0165793	-0.113	0.113
  7333	0.0154237	-0.113	0.113
  7334	0.0106983	-0.113	0.113
  7335	0.0131013	-0.113	0.113
  7336	0.0332675	-0.113	0.113
  7337	0.0154838	-0.113	0.113
  7338	0.0150894	-0.113	0.113
  7339	0.0257389	-0.113	0.113
  7340	0.0272394	-0.113	0.113
  7341	0.0345273	-0.113	0.113
  7342	0.0124396	-0.113	0.113
  7343	0.0385446	-0.113	0.113
  7344	0.0198843	-0.113	0.113
  7345	0.0135381	-0.113	0.113
  7346	0.0392082	-0.113	0.113
  7347	0.0141187	-0.113	0.113
  7348	0.0124013	-0.113	0.113
  7349	0.0204979	-0.113	0.113
  7350	0.0119405	-0.113	0.113
  7351	0.0271017	-0.113	0.113
  7352	0.0201634	-0.113	0.113
  7353	0.0231033	-0.113	0.113
  7354	0.014088	-0.113	0.113
  7355	0.0411019	-0.113	0.113
  7356	0.0139442	-0.113	0.113
  7357	0.0420221	-0.113	0.113
  7358	0.0190366	-0.113	0.113
  7359	0.0319534	-0.113	0.113
  7360	0.038241	-0.113	0.113
  7361	0.0119341	-0.113	0.113
  7362	0.043942	-0.113	0.113
  7363	0.01215	-0.113	0.113
  7364	0.0208899	-0.113	0.113
  7365	0.0147424	-0.113	0.113
  7366	0.0141444	-0.113	0.113
  7367	0.0385582	-0.113	0.113
  7368	0.0153386	-0.113	0.113
  7369	0.0236198	-0.113	0.113
  7370	0.0188987	-0.113	0.113
  7371	0.0362955	-0.113	0.113
  7372	0.032165	-0.113	0.113
  7373	0.0130902	-0.113	0.113
  7374	0.0140507	-0.113	0.113
  7375	0.0203349	-0.113	0.113
  7376	0.0257424	-0.113	0.113
  7377	0.0187319	-0.113	0.113
  7378	0.0325815	-0.113	0.113
  7379	0.0166391	-0.113	0.113
  7380	0.0223934	-0.113	0.113
  7381	0.0323674	-0.113	0.113
  7382	0.015174	-0.113	0.113
  7383	0.0409312	-0.113	0.113
  7384	0.0320991	-0.113	0.113
  7385	0.014585	-0.113	0.113
  7386	0.0373673	-0.113	0.113
  7387	0.0274782	-0.113	0.113
  7388	0.0390588	-0.113	0.113
  7389	0.0265422	-0.113	0.113
  7390	0.0251539	-0.113	0.113
  7391	0.0211138	-0.113	0.113
  7392	0.0208504	-0.113	0.113
  7393	0.0389726	-0.113	0.113
  7394	0.0167237	-0.113	0.113
  7395	0.0293816	-0.113	0.113
  7396	0.015859	-0.113	0.113
  7397	0.0441449	-0.113	0.113
  7398	0.0259089	-0.113	0.113
  7399	0.014133	-0.113	0.113
  7400	0.0183899	-0.113	0.113
  7401	0.0407623	-0.113	0.113
  7402	0.0300534	-0.113	0.113
  7403	0.0111962	-0.113	0.113
  7404	0.0370046	-0.113	0.113
  7405	0.0208159	-0.113	0.113
  7406	0.0417312	-0.113	0.113
  7407	0.0363692	-0.113	0.113
  7408	0.0436476	-0.113	0.113
  7409	0.0118618	-0.113	0.113
  7410	0.0397404	-0.113	0.113
  7411	0.022431	-0.113	0.113
  7412	0.0134304	-0.113	0.113
  7413	0.0127922	-0.113	0.113
  7414	0.0314915	-0.113	0.113
  7415	0.0435245	-0.113	0.113
  7416	0.0237016	-0.113	0.113
  7417	0.0293393	-0.113	0.113
  7418	0.0170061	-0.113	0.113
  7419	0.0426839	-0.113	0.113
  7420	0.0371493	-0.113	0.113
  7421	0.0415597	-0.113	0.113
  7422	0.0414574	-0.113	0.113
  7423	0.028088	-0.113	0.113
  7424	0.0412646	-0.113	0.113
  7425	0.0229957	-0.113	0.113
  7426	0.0321838	-0.113	0.113
  7427	0.0438539	-0.113	0.113
  7428	0.0415526	-0.113	0.113
  7429	0.0343806	-0.113	0.113
  7430	0.0430459	-0.113	0.113
  7431	0.0195287	-0.113	0.113
  7432	0.0236575	-0.113	0.113
  7433	0.0386747	-0.113	0.113
  7434	0.0405615	-0.113	0.113
  7435	0.0150363	-0.113	0.113
  7436	0.0409626	-0.113	0.113
  7437	0.0304789	-0.113	0.113
  7438	0.0401668	-0.113	0.113
  7439	0.0329645	-0.113	0.113
  7440	0.0312453	-0.113	0.113
  7441	0.0436671	-0.113	0.113
  7442	0.0161896	-0.113	0.113
  7443	0.0169302	-0.113	0.113
  7444	0.0141729	-0.113	0.113
  7445	0.0389648	-0.113	0.113
  7446	0.0361089	-0.113	0.113
  7447	0.0334625	-0.113	0.113
  7448	0.0112802	-0.113	0.113
  7449	0.0165113	-0.113	0.113
  7450	0.0376457	-0.113	0.113
  7451	0.0205354	-0.113	0.113
  7452	0.0126553	-0.113	0.113
  7453	0.0124132	-0.113	0.113
  7454	0.0382002	-0.113	0.113
  7455	0.0130977	-0.113	0.113
  7456	0.0236605	-0.113	0.113
  7457	0.0335336	-0.113	0.113
  7458	0.0427331	-0.113	0.113
  7459	0.0118054	-0.113	0.113
  7460	0.0247538	-0.113	0.113
  7461	0.0218751	-0.113	0.113
  7462	0.0352822	-0.113	0.113
  7463	0.0340307	-0.113	0.113
  7464	0.0297308	-0.113	0.113
  7465	0.0188496	-0.113	0.113
  7466	0.043667	-0.113	0.113
  7467	0.0140285	-0.113	0.113
  7468	0.0101239	-0.113	0.113
  7469	0.0329303	-0.113	0.113
  7470	0.036707	-0.113	0.113
  7471	0.0284776	-0.113	0.113
  7472	0.0285173	-0.113	0.113
  7473	0.0342248	-0.113	0.113
  7474	0.0381873	-0.113	0.113
  7475	0.0205893	-0.113	0.113
  7476	0.0237375	-0.113	0.113
  7477	0.0435098	-0.113	0.113
  7478	0.025068	-0.113	0.113
  7479	0.0234357	-0.113	0.113
  7480	0.0276495	-0.113	0.113
  7481	0.0186797	-0.113	0.113
  7482	0.0266457	-0.113	0.113
  7483	0.0427263	-0.113	0.113
  7484	0.0239891	-0.113	0.113
  7485	0.0332804	-0.113	0.113
  7486	0.0237763	-0.113	0.113
  7487	0.0369358	-0.113	0.113
  7488	0.0433348	-0.113	0.113
  7489	0.0114523	-0.113	0.113
  7490	0.0227325	-0.113	0.113
  7491	0.0166832	-0.113	0.113
  7492	0.0152604	-0.113	0.113
  7493	0.0135348	-0.113	0.113
  7494	0.0321892	-0.113	0.113
  7495	0.0273606	-0.113	0.113
  7496	0.0167276	-0.113	0.113
  7497	0.0403312	-0.113	0.113
  7498	0.0416931	-0.113	0.113
  7499	0.0212065	-0.113	0.113
  7500	0.0269816	-0.113	0.113
  7501	0.0369539	-0.113	0.113
  7502	0.0434991	-0.113	0.113
  7503	0.0130211	-0.113	0.113
  7504	0.0111269	-0.113	0.113
  7505	0.0393821	-0.113	0.113
  7506	0.0194281	-0.113	0.113
  7507	0.0254442	-0.113	0.113
  7508	0.036928	-0.113	0.113
  7509	0.016926	-0.113	0.113
  7510	0.0134832	-0.113	0.113
  7511	0.0170912	-0.113	0.113
  7512	0.0275617	-0.113	0.113
  7513	0.0119031	-0.113	0.113
  7514	0.0411331	-0.113	0.113
  7515	0.0264079	-0.113	0.113
  7516	0.0153434	-0.113	0.113
  7517	0.0149529	-0.113	0.113
  7518	0.0155563	-0.113	0.113
  7519	0.0226061	-0.113	0.113
  7520	0.0373845	-0.113	0.113
  7521	0.0353615	-0.113	0.113
  7522	0.0422148	-0.113	0.113
  7523	0.0438086	-0.113	0.113
  7524	0.0143961	-0.113	0.113
  7525	0.026199	-0.113	0.113
  7526	0.0263774	-0.113	0.113
  7527	0.0203388	-0.113	0.113
  7528	0.0378389	-0.113	0.113
  7529	0.0103543	-0.113	0.113
  7530	0.0403434	-0.113	0.113
  7531	0.0387113	-0.113	0.113
  7532	0.014676	-0.113	0.113
  7533	0.021263	-0.113	0.113
  7534	0.021677	-0.113	0.113
  7535	0.0175695	-0.113	0.113
  7536	0.0195936	-0.113	0.113
  7537	0.0198725	-0.113	0.113
  7538	0.0124219	-0.113	0.113
  7539	0.0307961	-0.113	0.113
  7540	0.0342846	-0.113	0.113
  7541	0.0345041	-0.113	0.113
  7542	0.0403367	-0.113	0.113
  7543	0.0339122	-0.113	0.113
  7544	0.0438592	-0.113	0.113
  7545	0.0135664	-0.113	0.113
  7546	0.0358421	-0.113	0.113
  7547	0.0257628	-0.113	0.113
  7548	0.0396517	-0.113	0.113
  7549	0.025588	-0.113	0.113
  7550	0.0302709	-0.113	0.113
  7551	0.0427964	-0.113	0.113
  7552	0.0176291	-0.113	0.113
  7553	0.0152887	-0.113	0.113
  7554	0.018936	-0.113	0.113
  7555	0.0384046	-0.113	0.113
  7556	0.045595	-0.113	0.113
  7557	0.0398745	-0.113	0.113
  7558	0.0359909	-0.113	0.113
  7559	0.0110168	-0.113	0.113
  7560	0.0428225	-0.113	0.113
  7561	0.0300253	-0.113	0.113
  7562	0.03999	-0.113	0.113
  7563	0.0241979	-0.113	0.113
  7564	0.0335837	-0.113	0.113
  7565	0.0196543	-0.113	0.113
  7566	0.015462	-0.113	0.113
  7567	0.0230467	-0.113	0.113
  7568	0.032197	-0.113	0.113
  7569	0.0443258	-0.113	0.113
  7570	0.0208894	-0.113	0.113
  7571	0.0328688	-0.113	0.113
  7572	0.0365336	-0.113	0.113
  7573	0.0151448	-0.113	0.113
  7574	0.0148483	-0.113	0.113
  7575	0.0110521	-0.113	0.113
  7576	0.0389477	-0.113	0.113
  7577	0.0117424	-0.113	0.113
  7578	0.0300147	-0.113	0.113
  7579	0.0291139	-0.113	0.113
  7580	0.0132195	-0.113	0.113
  7581	0.0353496	-0.113	0.113
  7582	0.0121979	-0.113	0.113
  7583	0.0417088	-0.113	0.113
  7584	0.0283798	-0.113	0.113
  7585	0.0185933	-0.113	0.113
  7586	0.010099	-0.113	0.113
  7587	0.0403852	-0.113	0.113
  7588	0.0368928	-0.113	0.113
  7589	0.0260239	-0.113	0.113
  7590	0.0103878	-0.113	0.113
  7591	0.0103683	-0.113	0.113
  7592	0.0422473	-0.113	0.113
  7593	0.0317043	-0.113	0.113
  7594	0.0133787	-0.113	0.113
  7595	0.02936	-0.113	0.113
  7596	0.0370948	-0.113	0.113
  7597	0.0165802	-0.113	0.113
  7598	0.019443	-0.113	0.113
  7599	0.0289835	-0.113	0.113
  7600	0.0370196	-0.113	0.113
  7601	0.0415239	-0.113	0.113
  7602	0.0367627	-0.113	0.113
  7603	0.029065	-0.113	0.113
  7604	0.0145152	-0.113	0.113
  7605	0.0401923	-0.113	0.113
  7606	0.0135618	-0.113	0.113
  7607	0.0361656	-0.113	0.113
  7608	0.0215044	-0.113	0.113
  7609	0.0420782	-0.113	0.113
  7610	0.0265096	-0.113	0.113
  7611	0.0425704	-0.113	0.113
  7612	0.0399134	-0.113	0.113
  7613	0.0294713	-0.113	0.113
  7614	0.0425615	-0.113	0.113
  7615	0.0224805	-0.113	0.113
  7616	0.0416517	-0.113	0.113
  7617	0.0310155	-0.113	0.113
  7618	0.0330801	-0.113	0.113
  7619	0.0109886	-0.113	0.113
  7620	0.0105808	-0.113	0.113
  7621	0.0283842	-0.113	0.113
  7622	0.0327004	-0.113	0.113
  7623	0.0140488	-0.113	0.113
  7624	0.0131084	-0.113	0.113
  7625	0.0121869	-0.113	0.113
  7626	0.0435533	-0.113	0.113
  7627	0.029145	-0.113	0.113
  7628	0.0362675	-0.113	0.113
  7629	0.0182006	-0.113	0.113
  7630	0.0387992	-0.113	0.113
  7631	0.0150213	-0.113	0.113
  7632	0.0309738	-0.113	0.113
  7633	0.0210009	-0.113	0.113
  7634	0.0441832	-0.113	0.113
  7635	0.0387451	-0.113	0.113
  7636	0.0306698	-0.113	0.113
  7637	0.0273822	-0.113	0.113
  7638	0.0386631	-0.113	0.113
  7639	0.0324846	-0.113	0.113
  7640	0.0406809	-0.113	0.113
  7641	0.0287115	-0.113	0.113
  7642	0.0380695	-0.113	0.113
  7643	0.0221642	-0.113	0.113
  7644	0.0326604	-0.113	0.113
  7645	0.0442067	-0.113	0.113
  7646	0.0396285	-0.113	0.113
  7647	0.0129858	-0.113	0.113
  7648	0.0234586	-0.113	0.113
  7649	0.0374167	-0.113	0.113
  7650	0.0124904	-0.113	0.113
  7651	0.0166847	-0.113	0.113
  7652	0.0315862	-0.113	0.113
  7653	0.0277986	-0.113	0.113
  7654	0.0287523	-0.113	0.113
  7655	0.0355264	-0.113	0.113
  7656	0.0378804	-0.113	0.113
  7657	0.0261267	-0.113	0.113
  7658	0.0111692	-0.113	0.113
  7659	0.0295021	-0.113	0.113
  7660	0.0111022	-0.113	0.113
  7661	0.0368159	-0.113	0.113
  7662	0.0113794	-0.113	0.113
  7663	0.0234518	-0.113	0.113
  7664	0.0208253	-0.113	0.113
  7665	0.0388194	-0.113	0.113
  7666	0.0277272	-0.113	0.113
  7667	0.0197681	-0.113	0.113
  7668	0.0215892	-0.113	0.113
  7669	0.0332715	-0.113	0.113
  7670	0.0433842	-0.113	0.113
  7671	0.0256817	-0.113	0.113
  7672	0.0221861	-0.113	0.113
  7673	0.0333284	-0.113	0.113
  7674	0.0124206	-0.113	0.113
  7675	0.0161293	-0.113	0.113
  7676	0.0317325	-0.113	0.113
  7677	0.0393577	-0.113	0.113
  7678	0.0438473	-0.113	0.113
  7679	0.0439359	-0.113	0.113
  7680	0.0432837	-0.113	0.113
  7681	0.0287889	-0.113	0.113
  7682	0.0371272	-0.113	0.113
  7683	0.0197936	-0.113	0.113
  7684	0.0411227	-0.113	0.113
  7685	0.0158331	-0.113	0.113
  7686	0.028134	-0.113	0.113
  7687	0.0337905	-0.113	0.113
  7688	0.0136492	-0.113	0.113
  7689	0.0154015	-0.113	0.113
  7690	0.0124031	-0.113	0.113
  7691	0.0173097	-0.113	0.113
  7692	0.0204685	-0.113	0.113
  7693	0.0208405	-0.113	0.113
  7694	0.0354725	-0.113	0.113
  7695	0.0122672	-0.113	0.113
  7696	0.0442311	-0.113	0.113
  7697	0.0405222	-0.113	0.113
  7698	0.0172012	-0.113	0.113
  7699	0.0189687	-0.113	0.113
  7700	0.0354047	-0.113	0.113
  7701	0.033583	-0.113	0.113
  7702	0.0213469	-0.113	0.113
  7703	0.0168156	-0.113	0.113
  7704	0.010504	-0.113	0.113
  7705	0.011868	-0.113	0.113
  7706	0.0125461	-0.113	0.113
  7707	0.0235488	-0.113	0.113
  7708	0.0373557	-0.113	0.113
  7709	0.0416141	-0.113	0.113
  7710	0.026277	-0.113	0.113
  7711	0.0383268	-0.113	0.113
  7712	0.0212029	-0.113	0.113
  7713	0.0372144	-0.113	0.113
  7714	0.0432094	-0.113	0.113
  7715	0.0164299	-0.113	0.113
  7716	0.0289516	-0.113	0.113
  7717	0.035889	-0.113	0.113
  7718	0.0320045	-0.113	0.113
  7719	0.0143352	-0.113	0.113
  7720	0.0351697	-0.113	0.113
  7721	0.0393149	-0.113	0.113
  7722	0.0264385	-0.113	0.113
  7723	0.0227067	-0.113	0.113
  7724	0.0279704	-0.113	0.113
  7725	0.0436143	-0.113	0.113
  7726	0.014293	-0.113	0.113
  7727	0.0199122	-0.113	0.113
  7728	0.0400983	-0.113	0.113
  7729	0.0419841	-0.113	0.113
  7730	0.0352735	-0.113	0.113
  7731	0.0268511	-0.113	0.113
  7732	0.0297944	-0.113	0.113
  7733	0.0132245	-0.113	0.113
  7734	0.0434794	-0.113	0.113
  7735	0.0133755	-0.113	0.113
  7736	0.0364254	-0.113	0.113
  7737	0.0500758	-0.113	0.113
  7738	0.0410058	-0.113	0.113
  7739	0.0187221	-0.113	0.113
  7740	0.0161593	-0.113	0.113
  7741	0.0182133	-0.113	0.113
  7742	0.0395118	-0.113	0.113
  7743	0.0433556	-0.113	0.113
  7744	0.0434124	-0.113	0.113
  7745	0.0139069	-0.113	0.113
  7746	0.0433754	-0.113	0.113
  7747	0.0131929	-0.113	0.113
  7748	0.0217206	-0.113	0.113
  7749	0.0191906	-0.113	0.113
  7750	0.0442482	-0.113	0.113
  7751	0.0381154	-0.113	0.113
  7752	0.0427776	-0.113	0.113
  7753	0.0380136	-0.113	0.113
  7754	0.0298032	-0.113	0.113
  7755	0.0331344	-0.113	0.113
  7756	0.0313798	-0.113	0.113
  7757	0.0114047	-0.113	0.113
  7758	0.0316488	-0.113	0.113
  7759	0.0393081	-0.113	0.113
  7760	0.0282852	-0.113	0.113
  7761	0.0252414	-0.113	0.113
  7762	0.0211588	-0.113	0.113
  7763	0.0192294	-0.113	0.113
  7764	0.024756	-0.113	0.113
  7765	0.043125	-0.113	0.113
  7766	0.0126494	-0.113	0.113
  7767	0.0287424	-0.113	0.113
  7768	0.0243723	-0.113	0.113
  7769	0.0344664	-0.113	0.113
  7770	0.0135906	-0.113	0.113
  7771	0.0374868	-0.113	0.113
  7772	0.0317413	-0.113	0.113
  7773	0.022924	-0.113	0.113
  7774	0.0279382	-0.113	0.113
  7775	0.0325367	-0.113	0.113
  7776	0.0195004	-0.113	0.113
  7777	0.0411808	-0.113	0.113
  7778	0.017888	-0.113	0.113
  7779	0.0125419	-0.113	0.113
  7780	0.0279026	-0.113	0.113
  7781	0.0145411	-0.113	0.113
  7782	0.0436484	-0.113	0.113
  7783	0.0371508	-0.113	0.113
  7784	0.0224836	-0.113	0.113
  7785	0.0126462	-0.113	0.113
  7786	0.0162906	-0.113	0.113
  7787	0.0412319	-0.113	0.113
  7788	0.043501	-0.113	0.113
  7789	0.0257814	-0.113	0.113
  7790	0.0176971	-0.113	0.113
  7791	0.0151356	-0.113	0.113
  7792	0.0345162	-0.113	0.113
  7793	0.0416397	-0.113	0.113
  7794	0.0229049	-0.113	0.113
  7795	0.0391334	-0.113	0.113
  7796	0.0184881	-0.113	0.113
  7797	0.0128235	-0.113	0.113
  7798	0.0364241	-0.113	0.113
  7799	0.0412798	-0.113	0.113
  7800	0.0247305	-0.113	0.113
  7801	0.0187099	-0.113	0.113
  7802	0.0108987	-0.113	0.113
  7803	0.0149084	-0.113	0.113
  7804	0.0436574	-0.113	0.113
  7805	0.0107049	-0.113	0.113
  7806	0.0297575	-0.113	0.113
  7807	0.0364398	-0.113	0.113
  7808	0.0172588	-0.113	0.113
  7809	0.0211885	-0.113	0.113
  7810	0.0284698	-0.113	0.113
  7811	0.0249549	-0.113	0.113
  7812	0.0442782	-0.113	0.113
  7813	0.0103109	-0.113	0.113
  7814	0.0298824	-0.113	0.113
  7815	0.0429575	-0.113	0.113
  7816	0.0424029	-0.113	0.113
  7817	0.0292346	-0.113	0.113
  7818	0.043315	-0.113	0.113
  7819	0.0161231	-0.113	0.113
  7820	0.0418292	-0.113	0.113
  7821	0.0296089	-0.113	0.113
  7822	0.0145727	-0.113	0.113
  7823	0.0293824	-0.113	0.113
  7824	0.032279	-0.113	0.113
  7825	0.0158933	-0.113	0.113
  7826	0.0101349	-0.113	0.113
  7827	0.0188889	-0.113	0.113
  7828	0.0171294	-0.113	0.113
  7829	0.0128041	-0.113	0.113
  7830	0.0392069	-0.113	0.113
  7831	0.0303973	-0.113	0.113
  7832	0.0328695	-0.113	0.113
  7833	0.0359837	-0.113	0.113
  7834	0.0316714	-0.113	0.113
  7835	0.0296764	-0.113	0.113
  7836	0.0230451	-0.113	0.113
  7837	0.014893	-0.113	0.113
  7838	0.017615	-0.113	0.113
  7839	0.0402439	-0.113	0.113
  7840	0.0224448	-0.113	0.113
  7841	0.0164391	-0.113	0.113
  7842	0.0233292	-0.113	0.113
  7843	0.0207318	-0.113	0.113
  7844	0.0379419	-0.113	0.113
  7845	0.0117658	-0.113	0.113
  7846	0.0193793	-0.113	0.113
  7847	0.0258566	-0.113	0.113
  7848	0.021908	-0.113	0.113
  7849	0.0433572	-0.113	0.113
  7850	0.0382033	-0.113	0.113
  7851	0.0254694	-0.113	0.113
  7852	0.0208112	-0.113	0.113
  7853	0.0357508	-0.113	0.113
  7854	0.0111812	-0.113	0.113
  7855	0.0266044	-0.113	0.113
  7856	0.0275991	-0.113	0.113
  7857	0.0330529	-0.113	0.113
  7858	0.0422074	-0.113	0.113
  7859	0.0187123	-0.113	0.113
  7860	0.0297855	-0.113	0.113
  7861	0.0427726	-0.113	0.113
  7862	0.0431168	-0.113	0.113
  7863	0.010276	-0.113	0.113
  7864	0.0321568	-0.113	0.113
  7865	0.0348246	-0.113	0.113
  7866	0.0378183	-0.113	0.113
  7867	0.0275049	-0.113	0.113
  7868	0.0222667	-0.113	0.113
  7869	0.0228814	-0.113	0.113
  7870	0.0173392	-0.113	0.113
  7871	0.0357428	-0.113	0.113
  7872	0.0337797	-0.113	0.113
  7873	0.036688	-0.113	0.113
  7874	0.0166603	-0.113	0.113
  7875	0.042195	-0.113	0.113
  7876	0.04343	-0.113	0.113
  7877	0.0228591	-0.113	0.113
  7878	0.013503	-0.113	0.113
  7879	0.0288127	-0.113	0.113
  7880	0.0122949	-0.113	0.113
  7881	0.0439994	-0.113	0.113
  7882	0.0250804	-0.113	0.113
  7883	0.010837	-0.113	0.113
  7884	0.0399666	-0.113	0.113
  7885	0.0432883	-0.113	0.113
  7886	0.0198341	-0.113	0.113
  7887	0.0429805	-0.113	0.113
  7888	0.0256679	-0.113	0.113
  7889	0.0385882	-0.113	0.113
  7890	0.0363191	-0.113	0.113
  7891	0.0167419	-0.113	0.113
  7892	0.0335534	-0.113	0.113
  7893	0.0148601	-0.113	0.113
  7894	0.0324611	-0.113	0.113
  7895	0.0188976	-0.113	0.113
  7896	0.0307123	-0.113	0.113
  7897	0.043242	-0.113	0.113
  7898	0.0417838	-0.113	0.113
  7899	0.0142885	-0.113	0.113
  7900	0.0412648	-0.113	0.113
  7901	0.0142724	-0.113	0.113
  7902	0.027439	-0.113	0.113
  7903	0.0209625	-0.113	0.113
  7904	0.0141895	-0.113	0.113
  7905	0.0138126	-0.113	0.113
  7906	0.0431742	-0.113	0.113
  7907	0.0232609	-0.113	0.113
  7908	0.0106481	-0.113	0.113
  7909	0.0210676	-0.113	0.113
  7910	0.0246392	-0.113	0.113
  7911	0.0327851	-0.113	0.113
  7912	0.0362355	-0.113	0.113
  7913	0.0218456	-0.113	0.113
  7914	0.0210802	-0.113	0.113
  7915	0.0361532	-0.113	0.113
  7916	0.012308	-0.113	0.113
  7917	0.0347744	-0.113	0.113
  7918	0.0111123	-0.113	0.113
  7919	0.041245	-0.113	0.113
  7920	0.0191297	-0.113	0.113
  7921	0.0117032	-0.113	0.113
  7922	0.0323619	-0.113	0.113
  7923	0.0208017	-0.113	0.113
  7924	0.0322888	-0.113	0.113
  7925	0.0106648	-0.113	0.113
  7926	0.026469	-0.113	0.113
  7927	0.0386356	-0.113	0.113
  7928	0.0173342	-0.113	0.113
  7929	0.0101395	-0.113	0.113
  7930	0.0132648	-0.113	0.113
  7931	0.0120252	-0.113	0.113
  7932	0.0249754	-0.113	0.113
  7933	0.0410437	-0.113	0.113
  7934	0.0319645	-0.113	0.113
  7935	0.0262776	-0.113	0.113
  7936	0.0327321	-0.113	0.113
  7937	0.0149575	-0.113	0.113
  7938	0.0337864	-0.113	0.113
  7939	0.035811	-0.113	0.113
  7940	0.0320825	-0.113	0.113
  7941	0.0205945	-0.113	0.113
  7942	0.0158969	-0.113	0.113
  7943	0.0419238	-0.113	0.113
  7944	0.0334262	-0.113	0.113
  7945	0.0151127	-0.113	0.113
  7946	0.0111162	-0.113	0.113
  7947	0.0313041	-0.113	0.113
  7948	0.034429	-0.113	0.113
  7949	0.0430934	-0.113	0.113
  7950	0.0419028	-0.113	0.113
  7951	0.0440517	-0.113	0.113
  7952	0.0281211	-0.113	0.113
  7953	0.0101874	-0.113	0.113
  7954	0.0322222	-0.113	0.113
  7955	0.0438324	-0.113	0.113
  7956	0.0381554	-0.113	0.113
  7957	0.0302957	-0.113	0.113
  7958	0.015908	-0.113	0.113
  7959	0.040583	-0.113	0.113
  7960	0.0410034	-0.113	0.113
  7961	0.0284	-0.113	0.113
  7962	0.0240303	-0.113	0.113
  7963	0.020811	-0.113	0.113
  7964	0.0236132	-0.113	0.113
  7965	0.0409989	-0.113	0.113
  7966	0.0165436	-0.113	0.113
  7967	0.044219	-0.113	0.113
  7968	0.028992	-0.113	0.113
  7969	0.0373069	-0.113	0.113
  7970	0.0435461	-0.113	0.113
  7971	0.0426891	-0.113	0.113
  7972	0.026325	-0.113	0.113
  7973	0.0347767	-0.113	0.113
  7974	0.0432689	-0.113	0.113
  7975	0.043429	-0.113	0.113
  7976	0.0200583	-0.113	0.113
  7977	0.0142875	-0.113	0.113
  7978	0.027662	-0.113	0.113
  7979	0.0240901	-0.113	0.113
  7980	0.010489	-0.113	0.113
  7981	0.0144626	-0.113	0.113
  7982	0.0394265	-0.113	0.113
  7983	0.0124601	-0.113	0.113
  7984	0.043513	-0.113	0.113
  7985	0.0171164	-0.113	0.113
  7986	0.0103302	-0.113	0.113
  7987	0.0101125	-0.113	0.113
  7988	0.0153207	-0.113	0.113
  7989	0.0423214	-0.113	0.113
  7990	0.0343728	-0.113	0.113
  7991	0.0352604	-0.113	0.113
  7992	0.0441741	-0.113	0.113
  7993	0.0457271	-0.113	0.113
  7994	0.0441424	-0.113	0.113
  7995	0.033809	-0.113	0.113
  7996	0.0262771	-0.113	0.113
  7997	0.0278967	-0.113	0.113
  7998	0.0380421	-0.113	0.113
  7999	0.0346277	-0.113	0.113
  8000	0.0389338	-0.113	0.113
  8001	0.013086	-0.113	0.113
  8002	0.0327375	-0.113	0.113
  8003	0.0109273	-0.113	0.113
  8004	0.0241233	-0.113	0.113
  8005	0.0326462	-0.113	0.113
  8006	0.0261436	-0.113	0.113
  8007	0.0403989	-0.113	0.113
  8008	0.0280533	-0.113	0.113
  8009	0.0180178	-0.113	0.113
  8010	0.0121995	-0.113	0.113
  8011	0.0262632	-0.113	0.113
  8012	0.042437	-0.113	0.113
  8013	0.0425996	-0.113	0.113
  8014	0.0261128	-0.113	0.113
  8015	0.041416	-0.113	0.113
  8016	0.0355148	-0.113	0.113
  8017	0.0341822	-0.113	0.113
  8018	0.0436352	-0.113	0.113
  8019	0.0155212	-0.113	0.113
  8020	0.0235617	-0.113	0.113
  8021	0.0311612	-0.113	0.113
  8022	0.0238008	-0.113	0.113
  8023	0.0125487	-0.113	0.113
  8024	0.0248625	-0.113	0.113
  8025	0.0140238	-0.113	0.113
  8026	0.0206572	-0.113	0.113
  8027	0.0107954	-0.113	0.113
  8028	0.0178335	-0.113	0.113
  8029	0.0417103	-0.113	0.113
  8030	0.0229822	-0.113	0.113
  8031	0.0138719	-0.113	0.113
  8032	0.0399129	-0.113	0.113
  8033	0.0279846	-0.113	0.113
  8034	0.0417094	-0.113	0.113
  8035	0.0338049	-0.113	0.113
  8036	0.0133662	-0.113	0.113
  8037	0.0293149	-0.113	0.113
  8038	0.0255688	-0.113	0.113
  8039	0.0199475	-0.113	0.113
  8040	0.0418407	-0.113	0.113
  8041	0.039299	-0.113	0.113
  8042	0.0287515	-0.113	0.113
  8043	0.0172942	-0.113	0.113
  8044	0.0262447	-0.113	0.113
  8045	0.0208186	-0.113	0.113
  8046	0.0225165	-0.113	0.113
  8047	0.0307854	-0.113	0.113
  8048	0.0441125	-0.113	0.113
  8049	0.0270649	-0.113	0.113
  8050	0.0310003	-0.113	0.113
  8051	0.0111118	-0.113	0.113
  8052	0.043755	-0.113	0.113
  8053	0.027576	-0.113	0.113
  8054	0.0352641	-0.113	0.113
  8055	0.0315958	-0.113	0.113
  8056	0.0419143	-0.113	0.113
  8057	0.0397104	-0.113	0.113
  8058	0.0136121	-0.113	0.113
  8059	0.0185363	-0.113	0.113
  8060	0.0110022	-0.113	0.113
  8061	0.0210929	-0.113	0.113
  8062	0.0341912	-0.113	0.113
  8063	0.0287719	-0.113	0.113
  8064	0.0242129	-0.113	0.113
  8065	0.0246803	-0.113	0.113
  8066	0.0442895	-0.113	0.113
  8067	0.0199501	-0.113	0.113
  8068	0.0174324	-0.113	0.113
  8069	0.040171	-0.113	0.113
  8070	0.0274641	-0.113	0.113
  8071	0.0432539	-0.113	0.113
  8072	0.0419411	-0.113	0.113
  8073	0.0227945	-0.113	0.113
  8074	0.022706	-0.113	0.113
  8075	0.0114965	-0.113	0.113
  8076	0.0132114	-0.113	0.113
  8077	0.0409014	-0.113	0.113
  8078	0.0131326	-0.113	0.113
  8079	0.0123575	-0.113	0.113
  8080	0.0237476	-0.113	0.113
  8081	0.0441254	-0.113	0.113
  8082	0.0386983	-0.113	0.113
  8083	0.0266177	-0.113	0.113
  8084	0.0307719	-0.113	0.113
  8085	0.0217607	-0.113	0.113
  8086	0.018894	-0.113	0.113
  8087	0.0268573	-0.113	0.113
  8088	0.0403154	-0.113	0.113
  8089	0.0233249	-0.113	0.113
  8090	0.0323551	-0.113	0.113
  8091	0.0258527	-0.113	0.113
  8092	0.0394083	-0.113	0.113
  8093	0.020223	-0.113	0.113
  8094	0.0114904	-0.113	0.113
  8095	0.0319131	-0.113	0.113
  8096	0.0252539	-0.113	0.113
  8097	0.0209724	-0.113	0.113
  8098	0.0236033	-0.113	0.113
  8099	0.0133185	-0.113	0.113
  8100	0.018172	-0.113	0.113
  8101	0.0178266	-0.113	0.113
  8102	0.0251992	-0.113	0.113
  8103	0.0426007	-0.113	0.113
  8104	0.0184505	-0.113	0.113
  8105	0.0423952	-0.113	0.113
  8106	0.0164322	-0.113	0.113
  8107	0.034233	-0.113	0.113
  8108	0.0386893	-0.113	0.113
  8109	0.0422761	-0.113	0.113
  8110	0.0394457	-0.113	0.113
  8111	0.041697	-0.113	0.113
  8112	0.0429028	-0.113	0.113
  8113	0.019179	-0.113	0.113
  8114	0.013897	-0.113	0.113
  8115	0.0286927	-0.113	0.113
  8116	0.0326525	-0.113	0.113
  8117	0.0257506	-0.113	0.113
  8118	0.033334	-0.113	0.113
  8119	0.0156995	-0.113	0.113
  8120	0.013807	-0.113	0.113
  8121	0.0320201	-0.113	0.113
  8122	0.0406564	-0.113	0.113
  8123	0.0110826	-0.113	0.113
  8124	0.0117793	-0.113	0.113
  8125	0.0266584	-0.113	0.113
  8126	0.0404769	-0.113	0.113
  8127	0.0440299	-0.113	0.113
  8128	0.0303612	-0.113	0.113
  8129	0.0425684	-0.113	0.113
  8130	0.037369	-0.113	0.113
  8131	0.0153326	-0.113	0.113
  8132	0.035928	-0.113	0.113
  8133	0.0105518	-0.113	0.113
  8134	0.0151457	-0.113	0.113
  8135	0.0345306	-0.113	0.113
  8136	0.024721	-0.113	0.113
  8137	0.0300114	-0.113	0.113
  8138	0.0413732	-0.113	0.113
  8139	0.0260405	-0.113	0.113
  8140	0.044167	-0.113	0.113
  8141	0.0126527	-0.113	0.113
  8142	0.0245106	-0.113	0.113
  8143	0.0301322	-0.113	0.113
  8144	0.0150781	-0.113	0.113
  8145	0.0387318	-0.113	0.113
  8146	0.0437356	-0.113	0.113
  8147	0.0438832	-0.113	0.113
  8148	0.0370579	-0.113	0.113
  8149	0.0424363	-0.113	0.113
  8150	0.0189402	-0.113	0.113
  8151	0.0174436	-0.113	0.113
  8152	0.0441578	-0.113	0.113
  8153	0.017321	-0.113	0.113
  8154	0.0324366	-0.113	0.113
  8155	0.0218242	-0.113	0.113
  8156	0.0170275	-0.113	0.113
  8157	0.0422372	-0.113	0.113
  8158	0.0487717	-0.113	0.113
  8159	0.0412999	-0.113	0.113
  8160	0.0152002	-0.113	0.113
  8161	0.0388815	-0.113	0.113
  8162	0.0133888	-0.113	0.113
  8163	0.0223625	-0.113	0.113
  8164	0.0213874	-0.113	0.113
  8165	0.044149	-0.113	0.113
  8166	0.0118354	-0.113	0.113
  8167	0.0428541	-0.113	0.113
  8168	0.0111142	-0.113	0.113
  8169	0.0131686	-0.113	0.113
  8170	0.0382371	-0.113	0.113
  8171	0.0143235	-0.113	0.113
  8172	0.0150479	-0.113	0.113
  8173	0.0249133	-0.113	0.113
  8174	0.0188774	-0.113	0.113
  8175	0.0280077	-0.113	0.113
  8176	0.0408059	-0.113	0.113
  8177	0.0151206	-0.113	0.113
  8178	0.0142021	-0.113	0.113
  8179	0.0117582	-0.113	0.113
  8180	0.010394	-0.113	0.113
  8181	0.0293963	-0.113	0.113
  8182	0.0163889	-0.113	0.113
  8183	0.021152	-0.113	0.113
  8184	0.0179763	-0.113	0.113
  8185	0.0188759	-0.113	0.113
  8186	0.0123955	-0.113	0.113
  8187	0.015879	-0.113	0.113
  8188	0.0109502	-0.113	0.113
  8189	0.0232637	-0.113	0.113
  8190	0.0135761	-0.113	0.113
  8191	0.0170193	-0.113	0.113
  8192	0.0247196	-0.113	0.113
  8193	0.012473	-0.113	0.113
  8194	0.0354826	-0.113	0.113
  8195	0.0422671	-0.113	0.113
  8196	0.0439977	-0.113	0.113
  8197	0.0147966	-0.113	0.113
  8198	0.0151373	-0.113	0.113
  8199	0.0384378	-0.113	0.113
  8200	0.0315131	-0.113	0.113
  8201	0.0275948	-0.113	0.113
  8202	0.0395826	-0.113	0.113
  8203	0.0416504	-0.113	0.113
  8204	0.0145305	-0.113	0.113
  8205	0.0340624	-0.113	0.113
  8206	0.0136198	-0.113	0.113
  8207	0.0174799	-0.113	0.113
  8208	0.0106138	-0.113	0.113
  8209	0.0270966	-0.113	0.113
  8210	0.0309766	-0.113	0.113
  8211	0.0254768	-0.113	0.113
  8212	0.0231007	-0.113	0.113
  8213	0.0191641	-0.113	0.113
  8214	0.0307418	-0.113	0.113
  8215	0.0211746	-0.113	0.113
  8216	0.0314484	-0.113	0.113
  8217	0.012522	-0.113	0.113
  8218	0.0390368	-0.113	0.113
  8219	0.040698	-0.113	0.113
  8220	0.0437063	-0.113	0.113
  8221	0.0166191	-0.113	0.113
  8222	0.0110631	-0.113	0.113
  8223	0.0413477	-0.113	0.113
  8224	0.0289082	-0.113	0.113
  8225	0.0101471	-0.113	0.113
  8226	0.0440328	-0.113	0.113
  8227	0.011557	-0.113	0.113
  8228	0.0150427	-0.113	0.113
  8229	0.0103264	-0.113	0.113
  8230	0.0384465	-0.113	0.113
  8231	0.0176306	-0.113	0.113
  8232	0.0422573	-0.113	0.113
  8233	0.0283869	-0.113	0.113
  8234	0.0364031	-0.113	0.113
  8235	0.0339925	-0.113	0.113
  8236	0.0246225	-0.113	0.113
  8237	0.0383192	-0.113	0.113
  8238	0.0349111	-0.113	0.113
  8239	0.0257404	-0.113	0.113
  8240	0.0347635	-0.113	0.113
  8241	0.032456	-0.113	0.113
  8242	0.0190631	-0.113	0.113
  8243	0.0218454	-0.113	0.113
  8244	0.0425949	-0.113	0.113
  8245	0.0433342	-0.113	0.113
  8246	0.0122473	-0.113	0.113
  8247	0.0413424	-0.113	0.113
  8248	0.0254147	-0.113	0.113
  8249	0.0437495	-0.113	0.113
  8250	0.0213927	-0.113	0.113
  8251	0.0281284	-0.113	0.113
  8252	0.0115605	-0.113	0.113
  8253	0.0284629	-0.113	0.113
  8254	0.018981	-0.113	0.113
  8255	0.0130342	-0.113	0.113
  8256	0.0436885	-0.113	0.113
  8257	0.0412082	-0.113	0.113
  8258	0.010328	-0.113	0.113
  8259	0.0332039	-0.113	0.113
  8260	0.0380389	-0.113	0.113
  8261	0.0231911	-0.113	0.113
  8262	0.0280309	-0.113	0.113
  8263	0.0431536	-0.113	0.113
  8264	0.0243361	-0.113	0.113
  8265	0.0384438	-0.113	0.113
  8266	0.0431279	-0.113	0.113
  8267	0.0290649	-0.113	0.113
  8268	0.0136179	-0.113	0.113
  8269	0.0374211	-0.113	0.113
  8270	0.0394223	-0.113	0.113
  8271	0.0215747	-0.113	0.113
  8272	0.0284235	-0.113	0.113
  8273	0.0113049	-0.113	0.113
  8274	0.0280837	-0.113	0.113
  8275	0.0259152	-0.113	0.113
  8276	0.0118889	-0.113	0.113
  8277	0.0353041	-0.113	0.113
  8278	0.0291323	-0.113	0.113
  8279	0.0111587	-0.113	0.113
  8280	0.0205248	-0.113	0.113
  8281	0.0258975	-0.113	0.113
  8282	0.0430856	-0.113	0.113
  8283	0.0268879	-0.113	0.113
  8284	0.0332797	-0.113	0.113
  8285	0.0428409	-0.113	0.113
  8286	0.0266091	-0.113	0.113
  8287	0.0126919	-0.113	0.113
  8288	0.0205926	-0.113	0.113
  8289	0.0414024	-0.113	0.113
  8290	0.0115908	-0.113	0.113
  8291	0.0145966	-0.113	0.113
  8292	0.0158592	-0.113	0.113
  8293	0.0274845	-0.113	0.113
  8294	0.0360495	-0.113	0.113
  8295	0.0247952	-0.113	0.113
  8296	0.0411558	-0.113	0.113
  8297	0.0428084	-0.113	0.113
  8298	0.0249902	-0.113	0.113
  8299	0.0145047	-0.113	0.113
  8300	0.0310261	-0.113	0.113
  8301	0.0388022	-0.113	0.113
  8302	0.0262465	-0.113	0.113
  8303	0.0170765	-0.113	0.113
  8304	0.0431819	-0.113	0.113
  8305	0.0328474	-0.113	0.113
  8306	0.0133931	-0.113	0.113
  8307	0.0283643	-0.113	0.113
  8308	0.0120157	-0.113	0.113
  8309	0.0439864	-0.113	0.113
  8310	0.0433818	-0.113	0.113
  8311	0.0118929	-0.113	0.113
  8312	0.0413702	-0.113	0.113
  8313	0.0244136	-0.113	0.113
  8314	0.038885	-0.113	0.113
  8315	0.0165491	-0.113	0.113
  8316	0.0135848	-0.113	0.113
  8317	0.0143177	-0.113	0.113
  8318	0.0426392	-0.113	0.113
  8319	0.0132168	-0.113	0.113
  8320	0.0183635	-0.113	0.113
  8321	0.0201192	-0.113	0.113
  8322	0.0355346	-0.113	0.113
  8323	0.0172913	-0.113	0.113
  8324	0.0395593	-0.113	0.113
  8325	0.0376653	-0.113	0.113
  8326	0.0192016	-0.113	0.113
  8327	0.0112592	-0.113	0.113
  8328	0.0364561	-0.113	0.113
  8329	0.0115448	-0.113	0.113
  8330	0.0423251	-0.113	0.113
  8331	0.0185893	-0.113	0.113
  8332	0.0286239	-0.113	0.113
  8333	0.0236444	-0.113	0.113
  8334	0.0142735	-0.113	0.113
  8335	0.036244	-0.113	0.113
  8336	0.0422063	-0.113	0.113
  8337	0.0145596	-0.113	0.113
  8338	0.0124359	-0.113	0.113
  8339	0.0195202	-0.113	0.113
  8340	0.0190111	-0.113	0.113
  8341	0.0225925	-0.113	0.113
  8342	0.0120408	-0.113	0.113
  8343	0.0408562	-0.113	0.113
  8344	0.0383811	-0.113	0.113
  8345	0.0437461	-0.113	0.113
  8346	0.0191134	-0.113	0.113
  8347	0.0367818	-0.113	0.113
  8348	0.0151024	-0.113	0.113
  8349	0.0101263	-0.113	0.113
  8350	0.0202732	-0.113	0.113
  8351	0.0111225	-0.113	0.113
  8352	0.0146938	-0.113	0.113
  8353	0.0427462	-0.113	0.113
  8354	0.0135478	-0.113	0.113
  8355	0.0290833	-0.113	0.113
  8356	0.0105083	-0.113	0.113
  8357	0.016986	-0.113	0.113
  8358	0.0436616	-0.113	0.113
  8359	0.037035	-0.113	0.113
  8360	0.0110029	-0.113	0.113
  8361	0.0349313	-0.113	0.113
  8362	0.0391867	-0.113	0.113
  8363	0.0409492	-0.113	0.113
  8364	0.0142413	-0.113	0.113
  8365	0.0338364	-0.113	0.113
  8366	0.0140564	-0.113	0.113
  8367	0.0436115	-0.113	0.113
  8368	0.0308719	-0.113	0.113
  8369	0.033686	-0.113	0.113
  8370	0.0201725	-0.113	0.113
  8371	0.0361852	-0.113	0.113
  8372	0.0317022	-0.113	0.113
  8373	0.0436176	-0.113	0.113
  8374	0.0104495	-0.113	0.113
  8375	0.0108948	-0.113	0.113
  8376	0.0421497	-0.113	0.113
  8377	0.0159277	-0.113	0.113
  8378	0.0118308	-0.113	0.113
  8379	0.0337049	-0.113	0.113
  8380	0.0291845	-0.113	0.113
  8381	0.0275048	-0.113	0.113
  8382	0.0249216	-0.113	0.113
  8383	0.0176011	-0.113	0.113
  8384	0.024224	-0.113	0.113
  8385	0.0236469	-0.113	0.113
  8386	0.0214368	-0.113	0.113
  8387	0.0342612	-0.113	0.113
  8388	0.0210602	-0.113	0.113
  8389	0.0281608	-0.113	0.113
  8390	0.0219209	-0.113	0.113
  8391	0.0278349	-0.113	0.113
  8392	0.0232575	-0.113	0.113
  8393	0.0368308	-0.113	0.113
  8394	0.0144518	-0.113	0.113
  8395	0.0188775	-0.113	0.113
  8396	0.0130371	-0.113	0.113
  8397	0.0167358	-0.113	0.113
  8398	0.025318	-0.113	0.113
  8399	0.0113008	-0.113	0.113
  8400	0.016141	-0.113	0.113
  8401	0.0246168	-0.113	0.113
  8402	0.0425317	-0.113	0.113
  8403	0.0441773	-0.113	0.113
  8404	0.0313763	-0.113	0.113
  8405	0.0256677	-0.113	0.113
  8406	0.0139224	-0.113	0.113
  8407	0.0158007	-0.113	0.113
  8408	0.0395624	-0.113	0.113
  8409	0.0294231	-0.113	0.113
  8410	0.0176557	-0.113	0.113
  8411	0.0284895	-0.113	0.113
  8412	0.0429307	-0.113	0.113
  8413	0.0418007	-0.113	0.113
  8414	0.0117336	-0.113	0.113
  8415	0.0313554	-0.113	0.113
  8416	0.0381157	-0.113	0.113
  8417	0.0364421	-0.113	0.113
  8418	0.0330233	-0.113	0.113
  8419	0.0244077	-0.113	0.113
  8420	0.0437974	-0.113	0.113
  8421	0.0441463	-0.113	0.113
  8422	0.0413344	-0.113	0.113
  8423	0.0321877	-0.113	0.113
  8424	0.0284637	-0.113	0.113
  8425	0.0142706	-0.113	0.113
  8426	0.0147873	-0.113	0.113
  8427	0.0191064	-0.113	0.113
  8428	0.0398733	-0.113	0.113
  8429	0.0216923	-0.113	0.113
  8430	0.0391315	-0.113	0.113
  8431	0.0389698	-0.113	0.113
  8432	0.032397	-0.113	0.113
  8433	0.0251704	-0.113	0.113
  8434	0.0146173	-0.113	0.113
  8435	0.0160674	-0.113	0.113
  8436	0.010674	-0.113	0.113
  8437	0.0438195	-0.113	0.113
  8438	0.0299715	-0.113	0.113
  8439	0.0127809	-0.113	0.113
  8440	0.0255824	-0.113	0.113
  8441	0.0115319	-0.113	0.113
  8442	0.0120518	-0.113	0.113
  8443	0.0247933	-0.113	0.113
  8444	0.0151233	-0.113	0.113
  8445	0.0343218	-0.113	0.113
  8446	0.0124764	-0.113	0.113
  8447	0.0240752	-0.113	0.113
  8448	0.0437519	-0.113	0.113
  8449	0.013989	-0.113	0.113
  8450	0.0368754	-0.113	0.113
  8451	0.0102032	-0.113	0.113
  8452	0.0236253	-0.113	0.113
  8453	0.0420021	-0.113	0.113
  8454	0.0117131	-0.113	0.113
  8455	0.0282377	-0.113	0.113
  8456	0.0279435	-0.113	0.113
  8457	0.0182948	-0.113	0.113
  8458	0.0147029	-0.113	0.113
  8459	0.03639	-0.113	0.113
  8460	0.0151872	-0.113	0.113
  8461	0.0164092	-0.113	0.113
  8462	0.0437084	-0.113	0.113
  8463	0.0212793	-0.113	0.113
  8464	0.0162904	-0.113	0.113
  8465	0.0172501	-0.113	0.113
  8466	0.0412013	-0.113	0.113
  8467	0.0336967	-0.113	0.113
  8468	0.0322829	-0.113	0.113
  8469	0.0147158	-0.113	0.113
  8470	0.0280496	-0.113	0.113
  8471	0.0101962	-0.113	0.113
  8472	0.0186102	-0.113	0.113
  8473	0.0212573	-0.113	0.113
  8474	0.0347147	-0.113	0.113
  8475	0.0184282	-0.113	0.113
  8476	0.0127136	-0.113	0.113
  8477	0.038792	-0.113	0.113
  8478	0.0123498	-0.113	0.113
  8479	0.0227212	-0.113	0.113
  8480	0.0378378	-0.113	0.113
  8481	0.0427116	-0.113	0.113
  8482	0.0425343	-0.113	0.113
  8483	0.0279841	-0.113	0.113
  8484	0.0283334	-0.113	0.113
  8485	0.0182371	-0.113	0.113
  8486	0.0155225	-0.113	0.113
  8487	0.0157102	-0.113	0.113
  8488	0.0161528	-0.113	0.113
  8489	0.0249239	-0.113	0.113
  8490	0.0390123	-0.113	0.113
  8491	0.0406211	-0.113	0.113
  8492	0.0301562	-0.113	0.113
  8493	0.0159472	-0.113	0.113
  8494	0.0130313	-0.113	0.113
  8495	0.0421628	-0.113	0.113
  8496	0.0235542	-0.113	0.113
  8497	0.0128307	-0.113	0.113
  8498	0.0307602	-0.113	0.113
  8499	0.0156498	-0.113	0.113
  8500	0.0342216	-0.113	0.113
  8501	0.0296794	-0.113	0.113
  8502	0.0368907	-0.113	0.113
  8503	0.0203277	-0.113	0.113
  8504	0.0442144	-0.113	0.113
  8505	0.0109093	-0.113	0.113
  8506	0.0387419	-0.113	0.113
  8507	0.0431351	-0.113	0.113
  8508	0.0427334	-0.113	0.113
  8509	0.0440328	-0.113	0.113
  8510	0.0400669	-0.113	0.113
  8511	0.0132841	-0.113	0.113
  8512	0.0390208	-0.113	0.113
  8513	0.0233672	-0.113	0.113
  8514	0.020284	-0.113	0.113
  8515	0.0206647	-0.113	0.113
  8516	0.042137	-0.113	0.113
  8517	0.0366138	-0.113	0.113
  8518	0.0220201	-0.113	0.113
  8519	0.0439143	-0.113	0.113
  8520	0.0310545	-0.113	0.113
  8521	0.030879	-0.113	0.113
  8522	0.015873	-0.113	0.113
  8523	0.0419206	-0.113	0.113
  8524	0.0436828	-0.113	0.113
  8525	0.0374223	-0.113	0.113
  8526	0.0114663	-0.113	0.113
  8527	0.0111473	-0.113	0.113
  8528	0.0169562	-0.113	0.113
  8529	0.0436889	-0.113	0.113
  8530	0.0413806	-0.113	0.113
  8531	0.0439461	-0.113	0.113
  8532	0.0113863	-0.113	0.113
  8533	0.0351339	-0.113	0.113
  8534	0.014701	-0.113	0.113
  8535	0.0427886	-0.113	0.113
  8536	0.0104641	-0.113	0.113
  8537	0.0164925	-0.113	0.113
  8538	0.012985	-0.113	0.113
  8539	0.0211305	-0.113	0.113
  8540	0.0331815	-0.113	0.113
  8541	0.0244441	-0.113	0.113
  8542	0.0343437	-0.113	0.113
  8543	0.0321959	-0.113	0.113
  8544	0.0308421	-0.113	0.113
  8545	0.0134838	-0.113	0.113
  8546	0.0421785	-0.113	0.113
  8547	0.0394423	-0.113	0.113
  8548	0.0154533	-0.113	0.113
  8549	0.0277362	-0.113	0.113
  8550	0.0392485	-0.113	0.113
  8551	0.0395928	-0.113	0.113
  8552	0.0215968	-0.113	0.113
  8553	0.0376446	-0.113	0.113
  8554	0.0113992	-0.113	0.113
  8555	0.0165868	-0.113	0.113
  8556	0.0390416	-0.113	0.113
  8557	0.0212987	-0.113	0.113
  8558	0.0148068	-0.113	0.113
  8559	0.0380934	-0.113	0.113
  8560	0.0236479	-0.113	0.113
  8561	0.0441001	-0.113	0.113
  8562	0.0184664	-0.113	0.113
  8563	0.0222592	-0.113	0.113
  8564	0.0249358	-0.113	0.113
  8565	0.012774	-0.113	0.113
  8566	0.0166871	-0.113	0.113
  8567	0.0440239	-0.113	0.113
  8568	0.0151941	-0.113	0.113
  8569	0.0149871	-0.113	0.113
  8570	0.0368395	-0.113	0.113
  8571	0.0268657	-0.113	0.113
  8572	0.0390954	-0.113	0.113
  8573	0.0185884	-0.113	0.113
  8574	0.0215638	-0.113	0.113
  8575	0.0115618	-0.113	0.113
  8576	0.028903	-0.113	0.113
  8577	0.0140096	-0.113	0.113
  8578	0.0303564	-0.113	0.113
  8579	0.0253245	-0.113	0.113
  8580	0.0161653	-0.113	0.113
  8581	0.0353275	-0.113	0.113
  8582	0.0198259	-0.113	0.113
  8583	0.0350076	-0.113	0.113
  8584	0.0400884	-0.113	0.113
  8585	0.0369361	-0.113	0.113
  8586	0.0188145	-0.113	0.113
  8587	0.03497	-0.113	0.113
  8588	0.011658	-0.113	0.113
  8589	0.0412716	-0.113	0.113
  8590	0.0229992	-0.113	0.113
  8591	0.0359937	-0.113	0.113
  8592	0.0456925	-0.113	0.113
  8593	0.0374213	-0.113	0.113
  8594	0.0373814	-0.113	0.113
  8595	0.0102559	-0.113	0.113
  8596	0.015331	-0.113	0.113
  8597	0.026918	-0.113	0.113
  8598	0.0265185	-0.113	0.113
  8599	0.0123274	-0.113	0.113
  8600	0.0436766	-0.113	0.113
  8601	0.0415616	-0.113	0.113
  8602	0.0209715	-0.113	0.113
  8603	0.0251642	-0.113	0.113
  8604	0.0200062	-0.113	0.113
  8605	0.0428711	-0.113	0.113
  8606	0.0159253	-0.113	0.113
  8607	0.0370499	-0.113	0.113
  8608	0.0159251	-0.113	0.113
  8609	0.0338192	-0.113	0.113
  8610	0.0168428	-0.113	0.113
  8611	0.0371986	-0.113	0.113
  8612	0.0131558	-0.113	0.113
  8613	0.0183792	-0.113	0.113
  8614	0.0157599	-0.113	0.113
  8615	0.0397022	-0.113	0.113
  8616	0.0439838	-0.113	0.113
  8617	0.0212358	-0.113	0.113
  8618	0.010681	-0.113	0.113
  8619	0.0230065	-0.113	0.113
  8620	0.0208435	-0.113	0.113
  8621	0.0332634	-0.113	0.113
  8622	0.0266946	-0.113	0.113
  8623	0.0310894	-0.113	0.113
  8624	0.0436601	-0.113	0.113
  8625	0.0165111	-0.113	0.113
  8626	0.0202203	-0.113	0.113
  8627	0.0367658	-0.113	0.113
  8628	0.0483732	-0.113	0.113
  8629	0.0234426	-0.113	0.113
  8630	0.0370729	-0.113	0.113
  8631	0.0133455	-0.113	0.113
  8632	0.0425161	-0.113	0.113
  8633	0.0292794	-0.113	0.113
  8634	0.0251903	-0.113	0.113
  8635	0.0245639	-0.113	0.113
  8636	0.0441941	-0.113	0.113
  8637	0.0117904	-0.113	0.113
  8638	0.0126662	-0.113	0.113
  8639	0.0331095	-0.113	0.113
  8640	0.0301967	-0.113	0.113
  8641	0.0321252	-0.113	0.113
  8642	0.0273075	-0.113	0.113
  8643	0.0340858	-0.113	0.113
  8644	0.0373473	-0.113	0.113
  8645	0.0344797	-0.113	0.113
  8646	0.0102169	-0.113	0.113
  8647	0.0108167	-0.113	0.113
  8648	0.0107303	-0.113	0.113
  8649	0.0122547	-0.113	0.113
  8650	0.0262683	-0.113	0.113
  8651	0.0154741	-0.113	0.113
  8652	0.031839	-0.113	0.113
  8653	0.0250663	-0.113	0.113
  8654	0.0138676	-0.113	0.113
  8655	0.0169254	-0.113	0.113
  8656	0.014146	-0.113	0.113
  8657	0.028373	-0.113	0.113
  8658	0.0161549	-0.113	0.113
  8659	0.0338357	-0.113	0.113
  8660	0.0169198	-0.113	0.113
  8661	0.0357706	-0.113	0.113
  8662	0.0272097	-0.113	0.113
  8663	0.0192069	-0.113	0.113
  8664	0.0350083	-0.113	0.113
  8665	0.0426225	-0.113	0.113
  8666	0.0139981	-0.113	0.113
  8667	0.0109581	-0.113	0.113
  8668	0.0427122	-0.113	0.113
  8669	0.0177762	-0.113	0.113
  8670	0.0316115	-0.113	0.113
  8671	0.0109995	-0.113	0.113
  8672	0.0218312	-0.113	0.113
  8673	0.0421897	-0.113	0.113
  8674	0.0220864	-0.113	0.113
  8675	0.0131038	-0.113	0.113
  8676	0.0230914	-0.113	0.113
  8677	0.0429635	-0.113	0.113
  8678	0.0172518	-0.113	0.113
  8679	0.0441399	-0.113	0.113
  8680	0.0166579	-0.113	0.113
  8681	0.0396137	-0.113	0.113
  8682	0.0170268	-0.113	0.113
  8683	0.038611	-0.113	0.113
  8684	0.01129	-0.113	0.113
  8685	0.0431036	-0.113	0.113
  8686	0.0285165	-0.113	0.113
  8687	0.0338819	-0.113	0.113
  8688	0.0243209	-0.113	0.113
  8689	0.0263678	-0.113	0.113
  8690	0.0159842	-0.113	0.113
  8691	0.0388964	-0.113	0.113
  8692	0.0193104	-0.113	0.113
  8693	0.0192775	-0.113	0.113
  8694	0.0383527	-0.113	0.113
  8695	0.0307836	-0.113	0.113
  8696	0.0203644	-0.113	0.113
  8697	0.035505	-0.113	0.113
  8698	0.0107621	-0.113	0.113
  8699	0.0303584	-0.113	0.113
  8700	0.0233038	-0.113	0.113
  8701	0.043899	-0.113	0.113
  8702	0.0277598	-0.113	0.113
  8703	0.0357849	-0.113	0.113
  8704	0.01077	-0.113	0.113
  8705	0.0152547	-0.113	0.113
  8706	0.0311204	-0.113	0.113
  8707	0.0118742	-0.113	0.113
  8708	0.0239624	-0.113	0.113
  8709	0.0215023	-0.113	0.113
  8710	0.0234704	-0.113	0.113
  8711	0.0409116	-0.113	0.113
  8712	0.0122936	-0.113	0.113
  8713	0.0304774	-0.113	0.113
  8714	0.037585	-0.113	0.113
  8715	0.021177	-0.113	0.113
  8716	0.0394122	-0.113	0.113
  8717	0.0114023	-0.113	0.113
  8718	0.026677	-0.113	0.113
  8719	0.0356773	-0.113	0.113
  8720	0.0141848	-0.113	0.113
  8721	0.0378479	-0.113	0.113
  8722	0.011467	-0.113	0.113
  8723	0.0429793	-0.113	0.113
  8724	0.0139257	-0.113	0.113
  8725	0.0260781	-0.113	0.113
  8726	0.0280574	-0.113	0.113
  8727	0.0169435	-0.113	0.113
  8728	0.0181268	-0.113	0.113
  8729	0.0123105	-0.113	0.113
  8730	0.0248265	-0.113	0.113
  8731	0.0402292	-0.113	0.113
  8732	0.0258798	-0.113	0.113
  8733	0.0361868	-0.113	0.113
  8734	0.0393425	-0.113	0.113
  8735	0.035401	-0.113	0.113
  8736	0.0188676	-0.113	0.113
  8737	0.0395839	-0.113	0.113
  8738	0.0424858	-0.113	0.113
  8739	0.0301856	-0.113	0.113
  8740	0.0439752	-0.113	0.113
  8741	0.042305	-0.113	0.113
  8742	0.0415845	-0.113	0.113
  8743	0.0220134	-0.113	0.113
  8744	0.018472	-0.113	0.113
  8745	0.0174145	-0.113	0.113
  8746	0.0356675	-0.113	0.113
  8747	0.0422644	-0.113	0.113
  8748	0.0312093	-0.113	0.113
  8749	0.0163939	-0.113	0.113
  8750	0.0427862	-0.113	0.113
  8751	0.0190769	-0.113	0.113
  8752	0.0352823	-0.113	0.113
  8753	0.0136191	-0.113	0.113
  8754	0.0104594	-0.113	0.113
  8755	0.0256537	-0.113	0.113
  8756	0.0268795	-0.113	0.113
  8757	0.040171	-0.113	0.113
  8758	0.0293281	-0.113	0.113
  8759	0.0240219	-0.113	0.113
  8760	0.0369963	-0.113	0.113
  8761	0.0206881	-0.113	0.113
  8762	0.0166607	-0.113	0.113
  8763	0.0183101	-0.113	0.113
  8764	0.0199699	-0.113	0.113
  8765	0.0391491	-0.113	0.113
  8766	0.0103125	-0.113	0.113
  8767	0.0230649	-0.113	0.113
  8768	0.0365562	-0.113	0.113
  8769	0.0169554	-0.113	0.113
  8770	0.0437717	-0.113	0.113
  8771	0.0408201	-0.113	0.113
  8772	0.014505	-0.113	0.113
  8773	0.0386808	-0.113	0.113
  8774	0.034051	-0.113	0.113
  8775	0.0186992	-0.113	0.113
  8776	0.0293067	-0.113	0.113
  8777	0.0314782	-0.113	0.113
  8778	0.0190165	-0.113	0.113
  8779	0.0249917	-0.113	0.113
  8780	0.0137449	-0.113	0.113
  8781	0.0103205	-0.113	0.113
  8782	0.0166269	-0.113	0.113
  8783	0.0423004	-0.113	0.113
  8784	0.0101837	-0.113	0.113
  8785	0.0202539	-0.113	0.113
  8786	0.0327337	-0.113	0.113
  8787	0.0355092	-0.113	0.113
  8788	0.0127764	-0.113	0.113
  8789	0.0349988	-0.113	0.113
  8790	0.0281264	-0.113	0.113
  8791	0.0248782	-0.113	0.113
  8792	0.0392581	-0.113	0.113
  8793	0.0122212	-0.113	0.113
  8794	0.0333526	-0.113	0.113
  8795	0.0317445	-0.113	0.113
  8796	0.0202572	-0.113	0.113
  8797	0.033742	-0.113	0.113
  8798	0.0257045	-0.113	0.113
  8799	0.0331102	-0.113	0.113
  8800	0.0169615	-0.113	0.113
  8801	0.0243755	-0.113	0.113
  8802	0.0440627	-0.113	0.113
  8803	0.0420061	-0.113	0.113
  8804	0.0248839	-0.113	0.113
  8805	0.0287457	-0.113	0.113
  8806	0.0407872	-0.113	0.113
  8807	0.0197454	-0.113	0.113
  8808	0.0287887	-0.113	0.113
  8809	0.0141845	-0.113	0.113
  8810	0.0345691	-0.113	0.113
  8811	0.0129929	-0.113	0.113
  8812	0.0104051	-0.113	0.113
  8813	0.0242286	-0.113	0.113
  8814	0.024185	-0.113	0.113
  8815	0.0285535	-0.113	0.113
  8816	0.0116279	-0.113	0.113
  8817	0.0375625	-0.113	0.113
  8818	0.0131342	-0.113	0.113
  8819	0.0394509	-0.113	0.113
  8820	0.0392776	-0.113	0.113
  8821	0.0164279	-0.113	0.113
  8822	0.0208934	-0.113	0.113
  8823	0.0129017	-0.113	0.113
  8824	0.0143695	-0.113	0.113
  8825	0.0163984	-0.113	0.113
  8826	0.0370939	-0.113	0.113
  8827	0.0223447	-0.113	0.113
  8828	0.0239026	-0.113	0.113
  8829	0.0162224	-0.113	0.113
  8830	0.0409988	-0.113	0.113
  8831	0.023071	-0.113	0.113
  8832	0.0302942	-0.113	0.113
  8833	0.0332456	-0.113	0.113
  8834	0.0188429	-0.113	0.113
  8835	0.0266391	-0.113	0.113
  8836	0.0345355	-0.113	0.113
  8837	0.0361011	-0.113	0.113
  8838	0.0112469	-0.113	0.113
  8839	0.0368842	-0.113	0.113
  8840	0.0249107	-0.113	0.113
  8841	0.0354526	-0.113	0.113
  8842	0.0364193	-0.113	0.113
  8843	0.041535	-0.113	0.113
  8844	0.0370157	-0.113	0.113
  8845	0.0346113	-0.113	0.113
  8846	0.0119626	-0.113	0.113
  8847	0.0175682	-0.113	0.113
  8848	0.0110951	-0.113	0.113
  8849	0.0156286	-0.113	0.113
  8850	0.0235983	-0.113	0.113
  8851	0.0142086	-0.113	0.113
  8852	0.0417947	-0.113	0.113
  8853	0.026121	-0.113	0.113
  8854	0.034495	-0.113	0.113
  8855	0.0370882	-0.113	0.113
  8856	0.0105254	-0.113	0.113
  8857	0.0327414	-0.113	0.113
  8858	0.0259991	-0.113	0.113
  8859	0.0363332	-0.113	0.113
  8860	0.0358161	-0.113	0.113
  8861	0.0279167	-0.113	0.113
  8862	0.0146451	-0.113	0.113
  8863	0.0263401	-0.113	0.113
  8864	0.0423636	-0.113	0.113
  8865	0.0398166	-0.113	0.113
  8866	0.0431955	-0.113	0.113
  8867	0.0417263	-0.113	0.113
  8868	0.0222437	-0.113	0.113
  8869	0.0190848	-0.113	0.113
  8870	0.0290432	-0.113	0.113
  8871	0.0395622	-0.113	0.113
  8872	0.020634	-0.113	0.113
  8873	0.0405685	-0.113	0.113
  8874	0.04272	-0.113	0.113
  8875	0.0135807	-0.113	0.113
  8876	0.0175718	-0.113	0.113
  8877	0.0153671	-0.113	0.113
  8878	0.0180901	-0.113	0.113
  8879	0.0440316	-0.113	0.113
  8880	0.041131	-0.113	0.113
  8881	0.0282301	-0.113	0.113
  8882	0.0410365	-0.113	0.113
  8883	0.0429177	-0.113	0.113
  8884	0.0302233	-0.113	0.113
  8885	0.0310595	-0.113	0.113
  8886	0.0427956	-0.113	0.113
  8887	0.0122618	-0.113	0.113
  8888	0.0284028	-0.113	0.113
  8889	0.034302	-0.113	0.113
  8890	0.0295746	-0.113	0.113
  8891	0.0106101	-0.113	0.113
  8892	0.0288236	-0.113	0.113
  8893	0.0277606	-0.113	0.113
  8894	0.0227989	-0.113	0.113
  8895	0.0247115	-0.113	0.113
  8896	0.0129935	-0.113	0.113
  8897	0.0209422	-0.113	0.113
  8898	0.0166738	-0.113	0.113
  8899	0.0308181	-0.113	0.113
  8900	0.0316394	-0.113	0.113
  8901	0.0110504	-0.113	0.113
  8902	0.0133605	-0.113	0.113
  8903	0.0148426	-0.113	0.113
  8904	0.0436084	-0.113	0.113
  8905	0.0249804	-0.113	0.113
  8906	0.0156516	-0.113	0.113
  8907	0.0284769	-0.113	0.113
  8908	0.0113788	-0.113	0.113
  8909	0.0310112	-0.113	0.113
  8910	0.0299173	-0.113	0.113
  8911	0.0325216	-0.113	0.113
  8912	0.023392	-0.113	0.113
  8913	0.020837	-0.113	0.113
  8914	0.0123721	-0.113	0.113
  8915	0.0426475	-0.113	0.113
  8916	0.0336859	-0.113	0.113
  8917	0.0311629	-0.113	0.113
  8918	0.013923	-0.113	0.113
  8919	0.0335137	-0.113	0.113
  8920	0.0442748	-0.113	0.113
  8921	0.0136011	-0.113	0.113
  8922	0.0439886	-0.113	0.113
  8923	0.025893	-0.113	0.113
  8924	0.0441644	-0.113	0.113
  8925	0.0430986	-0.113	0.113
  8926	0.0335765	-0.113	0.113
  8927	0.043384	-0.113	0.113
  8928	0.0221296	-0.113	0.113
  8929	0.0119059	-0.113	0.113
  8930	0.0383671	-0.113	0.113
  8931	0.0198713	-0.113	0.113
  8932	0.0295165	-0.113	0.113
  8933	0.0389659	-0.113	0.113
  8934	0.0340358	-0.113	0.113
  8935	0.0103649	-0.113	0.113
  8936	0.0322443	-0.113	0.113
  8937	0.0327041	-0.113	0.113
  8938	0.0116213	-0.113	0.113
  8939	0.01023	-0.113	0.113
  8940	0.0250915	-0.113	0.113
  8941	0.0429873	-0.113	0.113
  8942	0.0415792	-0.113	0.113
  8943	0.019693	-0.113	0.113
  8944	0.0380563	-0.113	0.113
  8945	0.0173691	-0.113	0.113
  8946	0.0298723	-0.113	0.113
  8947	0.0108108	-0.113	0.113
  8948	0.0339312	-0.113	0.113
  8949	0.0190279	-0.113	0.113
  8950	0.0279812	-0.113	0.113
  8951	0.0198207	-0.113	0.113
  8952	0.0438592	-0.113	0.113
  8953	0.0396989	-0.113	0.113
  8954	0.0435234	-0.113	0.113
  8955	0.0270967	-0.113	0.113
  8956	0.0148314	-0.113	0.113
  8957	0.0380395	-0.113	0.113
  8958	0.0326647	-0.113	0.113
  8959	0.0303599	-0.113	0.113
  8960	0.0280684	-0.113	0.113
  8961	0.0177952	-0.113	0.113
  8962	0.0285028	-0.113	0.113
  8963	0.0347816	-0.113	0.113
  8964	0.0297635	-0.113	0.113
  8965	0.0191871	-0.113	0.113
  8966	0.0273589	-0.113	0.113
  8967	0.0202052	-0.113	0.113
  8968	0.0128755	-0.113	0.113
  8969	0.0117091	-0.113	0.113
  8970	0.0424406	-0.113	0.113
  8971	0.0439235	-0.113	0.113
  8972	0.0365815	-0.113	0.113
  8973	0.034929	-0.113	0.113
  8974	0.0158492	-0.113	0.113
  8975	0.0353016	-0.113	0.113
  8976	0.0102804	-0.113	0.113
  8977	0.0310599	-0.113	0.113
  8978	0.0267024	-0.113	0.113
  8979	0.0101619	-0.113	0.113
  8980	0.0402839	-0.113	0.113
  8981	0.042858	-0.113	0.113
  8982	0.03463	-0.113	0.113
  8983	0.0274895	-0.113	0.113
  8984	0.0145069	-0.113	0.113
  8985	0.0206405	-0.113	0.113
  8986	0.0302078	-0.113	0.113
  8987	0.0273231	-0.113	0.113
  8988	0.0228735	-0.113	0.113
  8989	0.0438032	-0.113	0.113
  8990	0.02458	-0.113	0.113
  8991	0.0425568	-0.113	0.113
  8992	0.0374793	-0.113	0.113
  8993	0.0252894	-0.113	0.113
  8994	0.0374938	-0.113	0.113
  8995	0.0191996	-0.113	0.113
  8996	0.0139546	-0.113	0.113
  8997	0.0350538	-0.113	0.113
  8998	0.02714	-0.113	0.113
  8999	0.0157127	-0.113	0.113
  9000	0.0268361	-0.113	0.113
  9001	0.0264517	-0.113	0.113
  9002	0.0195519	-0.113	0.113
  9003	0.0399689	-0.113	0.113
  9004	0.0352127	-0.113	0.113
  9005	0.0424121	-0.113	0.113
  9006	0.0394589	-0.113	0.113
  9007	0.0119965	-0.113	0.113
  9008	0.0314522	-0.113	0.113
  9009	0.0196012	-0.113	0.113
  9010	0.0206405	-0.113	0.113
  9011	0.0327805	-0.113	0.113
  9012	0.0125526	-0.113	0.113
  9013	0.0213815	-0.113	0.113
  9014	0.0226928	-0.113	0.113
  9015	0.0392007	-0.113	0.113
  9016	0.0122672	-0.113	0.113
  9017	0.0442495	-0.113	0.113
  9018	0.0359143	-0.113	0.113
  9019	0.042781	-0.113	0.113
  9020	0.0435151	-0.113	0.113
  9021	0.0369204	-0.113	0.113
  9022	0.0361343	-0.113	0.113
  9023	0.0189663	-0.113	0.113
  9024	0.0356279	-0.113	0.113
  9025	0.0117607	-0.113	0.113
  9026	0.0417894	-0.113	0.113
  9027	0.0396685	-0.113	0.113
  9028	0.0430677	-0.113	0.113
  9029	0.0413056	-0.113	0.113
  9030	0.025653	-0.113	0.113
  9031	0.0229993	-0.113	0.113
  9032	0.0112405	-0.113	0.113
  9033	0.0318621	-0.113	0.113
  9034	0.0102102	-0.113	0.113
  9035	0.020481	-0.113	0.113
  9036	0.0396418	-0.113	0.113
  9037	0.0381068	-0.113	0.113
  9038	0.0404198	-0.113	0.113
  9039	0.0236132	-0.113	0.113
  9040	0.0182173	-0.113	0.113
  9041	0.0174999	-0.113	0.113
  9042	0.0217293	-0.113	0.113
  9043	0.0174741	-0.113	0.113
  9044	0.0355788	-0.113	0.113
  9045	0.0173242	-0.113	0.113
  9046	0.0347498	-0.113	0.113
  9047	0.0227227	-0.113	0.113
  9048	0.0333013	-0.113	0.113
  9049	0.0405975	-0.113	0.113
  9050	0.0150643	-0.113	0.113
  9051	0.0279087	-0.113	0.113
  9052	0.033634	-0.113	0.113
  9053	0.0433501	-0.113	0.113
  9054	0.0142017	-0.113	0.113
  9055	0.0293698	-0.113	0.113
  9056	0.0187666	-0.113	0.113
  9057	0.0138611	-0.113	0.113
  9058	0.0436984	-0.113	0.113
  9059	0.0334536	-0.113	0.113
  9060	0.0333621	-0.113	0.113
  9061	0.0458731	-0.113	0.113
  9062	0.0427097	-0.113	0.113
  9063	0.0131893	-0.113	0.113
  9064	0.0437998	-0.113	0.113
  9065	0.0303449	-0.113	0.113
  9066	0.0109882	-0.113	0.113
  9067	0.0415673	-0.113	0.113
  9068	0.0249311	-0.113	0.113
  9069	0.0428851	-0.113	0.113
  9070	0.0338802	-0.113	0.113
  9071	0.0131169	-0.113	0.113
  9072	0.0350422	-0.113	0.113
  9073	0.0131255	-0.113	0.113
  9074	0.0303945	-0.113	0.113
  9075	0.0307283	-0.113	0.113
  9076	0.0432673	-0.113	0.113
  9077	0.0454699	-0.113	0.113
  9078	0.0360888	-0.113	0.113
  9079	0.010945	-0.113	0.113
  9080	0.0442266	-0.113	0.113
  9081	0.014083	-0.113	0.113
  9082	0.0392957	-0.113	0.113
  9083	0.0390089	-0.113	0.113
  9084	0.0109832	-0.113	0.113
  9085	0.0303499	-0.113	0.113
  9086	0.0441547	-0.113	0.113
  9087	0.0166866	-0.113	0.113
  9088	0.0437428	-0.113	0.113
  9089	0.0196831	-0.113	0.113
  9090	0.023459	-0.113	0.113
  9091	0.0422352	-0.113	0.113
  9092	0.0107952	-0.113	0.113
  9093	0.0246752	-0.113	0.113
  9094	0.0306421	-0.113	0.113
  9095	0.0204072	-0.113	0.113
  9096	0.0208146	-0.113	0.113
  9097	0.0254246	-0.113	0.113
  9098	0.0390894	-0.113	0.113
  9099	0.0351625	-0.113	0.113
  9100	0.0434432	-0.113	0.113
  9101	0.0205582	-0.113	0.113
  9102	0.0380398	-0.113	0.113
  9103	0.0399923	-0.113	0.113
  9104	0.0120232	-0.113	0.113
  9105	0.0364253	-0.113	0.113
  9106	0.0374959	-0.113	0.113
  9107	0.0368713	-0.113	0.113
  9108	0.035704	-0.113	0.113
  9109	0.0338247	-0.113	0.113
  9110	0.0368115	-0.113	0.113
  9111	0.0178046	-0.113	0.113
  9112	0.016657	-0.113	0.113
  9113	0.0288978	-0.113	0.113
  9114	0.0386995	-0.113	0.113
  9115	0.0319656	-0.113	0.113
  9116	0.0209382	-0.113	0.113
  9117	0.0418888	-0.113	0.113
  9118	0.0374378	-0.113	0.113
  9119	0.0293366	-0.113	0.113
  9120	0.0102211	-0.113	0.113
  9121	0.029052	-0.113	0.113
  9122	0.0350996	-0.113	0.113
  9123	0.0201112	-0.113	0.113
  9124	0.0161579	-0.113	0.113
  9125	0.0143375	-0.113	0.113
  9126	0.0380181	-0.113	0.113
  9127	0.0132096	-0.113	0.113
  9128	0.0369333	-0.113	0.113
  9129	0.0139597	-0.113	0.113
  9130	0.0265661	-0.113	0.113
  9131	0.041994	-0.113	0.113
  9132	0.0429288	-0.113	0.113
  9133	0.0297731	-0.113	0.113
  9134	0.0164133	-0.113	0.113
  9135	0.0400332	-0.113	0.113
  9136	0.0328335	-0.113	0.113
  9137	0.0271916	-0.113	0.113
  9138	0.010787	-0.113	0.113
  9139	0.0223194	-0.113	0.113
  9140	0.0199601	-0.113	0.113
  9141	0.0118748	-0.113	0.113
  9142	0.0436335	-0.113	0.113
  9143	0.0186802	-0.113	0.113
  9144	0.0224727	-0.113	0.113
  9145	0.0107997	-0.113	0.113
  9146	0.0353526	-0.113	0.113
  9147	0.0248445	-0.113	0.113
  9148	0.0255398	-0.113	0.113
  9149	0.0305835	-0.113	0.113
  9150	0.0157378	-0.113	0.113
  9151	0.0257624	-0.113	0.113
  9152	0.043795	-0.113	0.113
  9153	0.0431799	-0.113	0.113
  9154	0.0441695	-0.113	0.113
  9155	0.0290685	-0.113	0.113
  9156	0.0361244	-0.113	0.113
  9157	0.0382393	-0.113	0.113
  9158	0.0104122	-0.113	0.113
  9159	0.0148325	-0.113	0.113
  9160	0.0139011	-0.113	0.113
  9161	0.0115977	-0.113	0.113
  9162	0.016653	-0.113	0.113
  9163	0.0375053	-0.113	0.113
  9164	0.0157803	-0.113	0.113
  9165	0.0245834	-0.113	0.113
  9166	0.0393131	-0.113	0.113
  9167	0.0111277	-0.113	0.113
  9168	0.0116405	-0.113	0.113
  9169	0.0346247	-0.113	0.113
  9170	0.0238765	-0.113	0.113
  9171	0.0141775	-0.113	0.113
  9172	0.0375107	-0.113	0.113
  9173	0.0224799	-0.113	0.113
  9174	0.0332329	-0.113	0.113
  9175	0.0153776	-0.113	0.113
  9176	0.0321669	-0.113	0.113
  9177	0.03985	-0.113	0.113
  9178	0.023388	-0.113	0.113
  9179	0.0221104	-0.113	0.113
  9180	0.0420225	-0.113	0.113
  9181	0.0472182	-0.113	0.113
  9182	0.0179238	-0.113	0.113
  9183	0.0173643	-0.113	0.113
  9184	0.0378093	-0.113	0.113
  9185	0.0271092	-0.113	0.113
  9186	0.0335063	-0.113	0.113
  9187	0.0356608	-0.113	0.113
  9188	0.0148947	-0.113	0.113
  9189	0.0228024	-0.113	0.113
  9190	0.042561	-0.113	0.113
  9191	0.0403273	-0.113	0.113
  9192	0.023259	-0.113	0.113
  9193	0.0129948	-0.113	0.113
  9194	0.0395194	-0.113	0.113
  9195	0.0149424	-0.113	0.113
  9196	0.0147293	-0.113	0.113
  9197	0.0417949	-0.113	0.113
  9198	0.0305568	-0.113	0.113
  9199	0.0392114	-0.113	0.113
  9200	0.0217507	-0.113	0.113
  9201	0.0364777	-0.113	0.113
  9202	0.0103494	-0.113	0.113
  9203	0.0120066	-0.113	0.113
  9204	0.0147336	-0.113	0.113
  9205	0.0386656	-0.113	0.113
  9206	0.025765	-0.113	0.113
  9207	0.0437745	-0.113	0.113
  9208	0.0377003	-0.113	0.113
  9209	0.0440107	-0.113	0.113
  9210	0.0326704	-0.113	0.113
  9211	0.0341443	-0.113	0.113
  9212	0.0312325	-0.113	0.113
  9213	0.0323331	-0.113	0.113
  9214	0.0236768	-0.113	0.113
  9215	0.0429744	-0.113	0.113
  9216	0.0362324	-0.113	0.113
  9217	0.0108615	-0.113	0.113
  9218	0.0252487	-0.113	0.113
  9219	0.0175099	-0.113	0.113
  9220	0.0416254	-0.113	0.113
  9221	0.0298135	-0.113	0.113
  9222	0.0239746	-0.113	0.113
  9223	0.0427459	-0.113	0.113
  9224	0.0120634	-0.113	0.113
  9225	0.0434593	-0.113	0.113
  9226	0.0296961	-0.113	0.113
  9227	0.0125288	-0.113	0.113
  9228	0.0157985	-0.113	0.113
  9229	0.0114192	-0.113	0.113
  9230	0.0208567	-0.113	0.113
  9231	0.0382407	-0.113	0.113
  9232	0.0294368	-0.113	0.113
  9233	0.0110902	-0.113	0.113
  9234	0.0404268	-0.113	0.113
  9235	0.0240438	-0.113	0.113
  9236	0.0385421	-0.113	0.113
  9237	0.0181192	-0.113	0.113
  9238	0.0240006	-0.113	0.113
  9239	0.0111412	-0.113	0.113
  9240	0.0434202	-0.113	0.113
  9241	0.0291712	-0.113	0.113
  9242	0.0254306	-0.113	0.113
  9243	0.0141768	-0.113	0.113
  9244	0.0115135	-0.113	0.113
  9245	0.0435442	-0.113	0.113
  9246	0.0136208	-0.113	0.113
  9247	0.0356019	-0.113	0.113
  9248	0.0103592	-0.113	0.113
  9249	0.0387335	-0.113	0.113
  9250	0.0438515	-0.113	0.113
  9251	0.0226543	-0.113	0.113
  9252	0.0193533	-0.113	0.113
  9253	0.0227683	-0.113	0.113
  9254	0.0412542	-0.113	0.113
  9255	0.0105711	-0.113	0.113
  9256	0.0123153	-0.113	0.113
  9257	0.0285644	-0.113	0.113
  9258	0.0316633	-0.113	0.113
  9259	0.0367949	-0.113	0.113
  9260	0.0283658	-0.113	0.113
  9261	0.0262584	-0.113	0.113
  9262	0.0238617	-0.113	0.113
  9263	0.0195364	-0.113	0.113
  9264	0.0436411	-0.113	0.113
  9265	0.0135798	-0.113	0.113
  9266	0.0259765	-0.113	0.113
  9267	0.0182051	-0.113	0.113
  9268	0.0265544	-0.113	0.113
  9269	0.0337469	-0.113	0.113
  9270	0.0318593	-0.113	0.113
  9271	0.0328856	-0.113	0.113
  9272	0.0398985	-0.113	0.113
  9273	0.012896	-0.113	0.113
  9274	0.0114107	-0.113	0.113
  9275	0.0109744	-0.113	0.113
  9276	0.0292175	-0.113	0.113
  9277	0.0216722	-0.113	0.113
  9278	0.0420598	-0.113	0.113
  9279	0.0141058	-0.113	0.113
  9280	0.019567	-0.113	0.113
  9281	0.0249809	-0.113	0.113
  9282	0.043151	-0.113	0.113
  9283	0.0426574	-0.113	0.113
  9284	0.0178598	-0.113	0.113
  9285	0.0175457	-0.113	0.113
  9286	0.0361538	-0.113	0.113
  9287	0.0256136	-0.113	0.113
  9288	0.0368109	-0.113	0.113
  9289	0.035353	-0.113	0.113
  9290	0.0366306	-0.113	0.113
  9291	0.0433674	-0.113	0.113
  9292	0.0350221	-0.113	0.113
  9293	0.0114688	-0.113	0.113
  9294	0.0274556	-0.113	0.113
  9295	0.0224126	-0.113	0.113
  9296	0.0384965	-0.113	0.113
  9297	0.0440605	-0.113	0.113
  9298	0.0195752	-0.113	0.113
  9299	0.0283406	-0.113	0.113
  9300	0.0206151	-0.113	0.113
  9301	0.0129977	-0.113	0.113
  9302	0.0369542	-0.113	0.113
  9303	0.0313477	-0.113	0.113
  9304	0.019266	-0.113	0.113
  9305	0.0130126	-0.113	0.113
  9306	0.0274412	-0.113	0.113
  9307	0.042765	-0.113	0.113
  9308	0.040141	-0.113	0.113
  9309	0.0339074	-0.113	0.113
  9310	0.024915	-0.113	0.113
  9311	0.014016	-0.113	0.113
  9312	0.0432147	-0.113	0.113
  9313	0.0239554	-0.113	0.113
  9314	0.022624	-0.113	0.113
  9315	0.0433673	-0.113	0.113
  9316	0.0256528	-0.113	0.113
  9317	0.0377749	-0.113	0.113
  9318	0.0195671	-0.113	0.113
  9319	0.0284865	-0.113	0.113
  9320	0.024009	-0.113	0.113
  9321	0.035349	-0.113	0.113
  9322	0.0131613	-0.113	0.113
  9323	0.0312433	-0.113	0.113
  9324	0.0131137	-0.113	0.113
  9325	0.0174506	-0.113	0.113
  9326	0.0234128	-0.113	0.113
  9327	0.032982	-0.113	0.113
  9328	0.0264487	-0.113	0.113
  9329	0.0104903	-0.113	0.113
  9330	0.0137743	-0.113	0.113
  9331	0.0116939	-0.113	0.113
  9332	0.0284019	-0.113	0.113
  9333	0.0107571	-0.113	0.113
  9334	0.0168544	-0.113	0.113
  9335	0.0442829	-0.113	0.113
  9336	0.0112403	-0.113	0.113
  9337	0.0409698	-0.113	0.113
  9338	0.0222819	-0.113	0.113
  9339	0.010296	-0.113	0.113
  9340	0.0321413	-0.113	0.113
  9341	0.026651	-0.113	0.113
  9342	0.0434504	-0.113	0.113
  9343	0.0393589	-0.113	0.113
  9344	0.0151719	-0.113	0.113
  9345	0.0144895	-0.113	0.113
  9346	0.0253941	-0.113	0.113
  9347	0.018291	-0.113	0.113
  9348	0.0414035	-0.113	0.113
  9349	0.0409403	-0.113	0.113
  9350	0.0340383	-0.113	0.113
  9351	0.044159	-0.113	0.113
  9352	0.0322853	-0.113	0.113
  9353	0.018645	-0.113	0.113
  9354	0.0121525	-0.113	0.113
  9355	0.0266868	-0.113	0.113
  9356	0.0300103	-0.113	0.113
  9357	0.0244536	-0.113	0.113
  9358	0.0314643	-0.113	0.113
  9359	0.0299387	-0.113	0.113
  9360	0.0428535	-0.113	0.113
  9361	0.0399713	-0.113	0.113
  9362	0.0359524	-0.113	0.113
  9363	0.0107988	-0.113	0.113
  9364	0.0230312	-0.113	0.113
  9365	0.0232281	-0.113	0.113
  9366	0.0323576	-0.113	0.113
  9367	0.0217829	-0.113	0.113
  9368	0.0351209	-0.113	0.113
  9369	0.035496	-0.113	0.113
  9370	0.0347649	-0.113	0.113
  9371	0.0379061	-0.113	0.113
  9372	0.0376726	-0.113	0.113
  9373	0.0204512	-0.113	0.113
  9374	0.0186752	-0.113	0.113
  9375	0.0115572	-0.113	0.113
  9376	0.0441389	-0.113	0.113
  9377	0.0406915	-0.113	0.113
  9378	0.0158915	-0.113	0.113
  9379	0.0139212	-0.113	0.113
  9380	0.0268298	-0.113	0.113
  9381	0.0302506	-0.113	0.113
  9382	0.043746	-0.113	0.113
  9383	0.0207535	-0.113	0.113
  9384	0.0159401	-0.113	0.113
  9385	0.0208463	-0.113	0.113
  9386	0.0221313	-0.113	0.113
  9387	0.028988	-0.113	0.113
  9388	0.0370333	-0.113	0.113
  9389	0.0396164	-0.113	0.113
  9390	0.033744	-0.113	0.113
  9391	0.0297276	-0.113	0.113
  9392	0.0414781	-0.113	0.113
  9393	0.0371236	-0.113	0.113
  9394	0.0220226	-0.113	0.113
  9395	0.0370996	-0.113	0.113
  9396	0.0220001	-0.113	0.113
  9397	0.0306069	-0.113	0.113
  9398	0.0155443	-0.113	0.113
  9399	0.0127365	-0.113	0.113
  9400	0.0171772	-0.113	0.113
  9401	0.0195477	-0.113	0.113
  9402	0.0244698	-0.113	0.113
  9403	0.0121027	-0.113	0.113
  9404	0.0430734	-0.113	0.113
  9405	0.0117752	-0.113	0.113
  9406	0.0363639	-0.113	0.113
  9407	0.0123651	-0.113	0.113
  9408	0.0401012	-0.113	0.113
  9409	0.0113047	-0.113	0.113
  9410	0.0237822	-0.113	0.113
  9411	0.0121806	-0.113	0.113
  9412	0.0332076	-0.113	0.113
  9413	0.0203246	-0.113	0.113
  9414	0.0358752	-0.113	0.113
  9415	0.0259756	-0.113	0.113
  9416	0.0281366	-0.113	0.113
  9417	0.0151266	-0.113	0.113
  9418	0.0431494	-0.113	0.113
  9419	0.0323051	-0.113	0.113
  9420	0.0218666	-0.113	0.113
  9421	0.025129	-0.113	0.113
  9422	0.040033	-0.113	0.113
  9423	0.0199002	-0.113	0.113
  9424	0.0138827	-0.113	0.113
  9425	0.0414963	-0.113	0.113
  9426	0.0424157	-0.113	0.113
  9427	0.0115819	-0.113	0.113
  9428	0.0169821	-0.113	0.113
  9429	0.0381819	-0.113	0.113
  9430	0.033069	-0.113	0.113
  9431	0.0408045	-0.113	0.113
  9432	0.0327457	-0.113	0.113
  9433	0.0128244	-0.113	0.113
  9434	0.0288472	-0.113	0.113
  9435	0.0183403	-0.113	0.113
  9436	0.0437049	-0.113	0.113
  9437	0.0249103	-0.113	0.113
  9438	0.0434813	-0.113	0.113
  9439	0.0116551	-0.113	0.113
  9440	0.0325498	-0.113	0.113
  9441	0.0190944	-0.113	0.113
  9442	0.0155672	-0.113	0.113
  9443	0.0149762	-0.113	0.113
  9444	0.0230797	-0.113	0.113
  9445	0.0349288	-0.113	0.113
  9446	0.0377203	-0.113	0.113
  9447	0.0345695	-0.113	0.113
  9448	0.017516	-0.113	0.113
  9449	0.0371567	-0.113	0.113
  9450	0.0301592	-0.113	0.113
  9451	0.0235343	-0.113	0.113
  9452	0.0102403	-0.113	0.113
  9453	0.0264991	-0.113	0.113
  9454	0.0389152	-0.113	0.113
  9455	0.0426659	-0.113	0.113
  9456	0.040446	-0.113	0.113
  9457	0.0309054	-0.113	0.113
  9458	0.0440727	-0.113	0.113
  9459	0.0361129	-0.113	0.113
  9460	0.0150223	-0.113	0.113
  9461	0.0225625	-0.113	0.113
  9462	0.0236335	-0.113	0.113
  9463	0.0438072	-0.113	0.113
  9464	0.0219834	-0.113	0.113
  9465	0.0407327	-0.113	0.113
  9466	0.0111033	-0.113	0.113
  9467	0.0149325	-0.113	0.113
  9468	0.0185807	-0.113	0.113
  9469	0.0394679	-0.113	0.113
  9470	0.0355281	-0.113	0.113
  9471	0.0425199	-0.113	0.113
  9472	0.0175071	-0.113	0.113
  9473	0.0237764	-0.113	0.113
  9474	0.0162957	-0.113	0.113
  9475	0.0240584	-0.113	0.113
  9476	0.0359966	-0.113	0.113
  9477	0.0203266	-0.113	0.113
  9478	0.0320358	-0.113	0.113
  9479	0.0433312	-0.113	0.113
  9480	0.0253145	-0.113	0.113
  9481	0.0267432	-0.113	0.113
  9482	0.0223307	-0.113	0.113
  9483	0.0273411	-0.113	0.113
  9484	0.0169074	-0.113	0.113
  9485	0.0212815	-0.113	0.113
  9486	0.0285485	-0.113	0.113
  9487	0.0253216	-0.113	0.113
  9488	0.0233422	-0.113	0.113
  9489	0.0355108	-0.113	0.113
  9490	0.0104472	-0.113	0.113
  9491	0.0229935	-0.113	0.113
  9492	0.0175422	-0.113	0.113
  9493	0.0163427	-0.113	0.113
  9494	0.0208464	-0.113	0.113
  9495	0.0413672	-0.113	0.113
  9496	0.0196687	-0.113	0.113
  9497	0.0392049	-0.113	0.113
  9498	0.0384612	-0.113	0.113
  9499	0.0311417	-0.113	0.113
  9500	0.0387886	-0.113	0.113
  9501	0.0142259	-0.113	0.113
  9502	0.0297461	-0.113	0.113
  9503	0.0298196	-0.113	0.113
  9504	0.0374665	-0.113	0.113
  9505	0.0120984	-0.113	0.113
  9506	0.0213431	-0.113	0.113
  9507	0.0430915	-0.113	0.113
  9508	0.0325457	-0.113	0.113
  9509	0.0160151	-0.113	0.113
  9510	0.0311173	-0.113	0.113
  9511	0.0426002	-0.113	0.113
  9512	0.0171213	-0.113	0.113
  9513	0.0362879	-0.113	0.113
  9514	0.0263374	-0.113	0.113
  9515	0.0197993	-0.113	0.113
  9516	0.0130272	-0.113	0.113
  9517	0.0176357	-0.113	0.113
  9518	0.0424639	-0.113	0.113
  9519	0.0164905	-0.113	0.113
  9520	0.0326161	-0.113	0.113
  9521	0.044216	-0.113	0.113
  9522	0.0153383	-0.113	0.113
  9523	0.0204686	-0.113	0.113
  9524	0.0322696	-0.113	0.113
  9525	0.0150004	-0.113	0.113
  9526	0.0138301	-0.113	0.113
  9527	0.0122643	-0.113	0.113
  9528	0.0179591	-0.113	0.113
  9529	0.0420329	-0.113	0.113
  9530	0.0317611	-0.113	0.113
  9531	0.0109312	-0.113	0.113
  9532	0.0415828	-0.113	0.113
  9533	0.0390584	-0.113	0.113
  9534	0.0275425	-0.113	0.113
  9535	0.0414791	-0.113	0.113
  9536	0.0419713	-0.113	0.113
  9537	0.0436027	-0.113	0.113
  9538	0.0173546	-0.113	0.113
  9539	0.0306588	-0.113	0.113
  9540	0.0338706	-0.113	0.113
  9541	0.0149827	-0.113	0.113
  9542	0.0188685	-0.113	0.113
  9543	0.0426981	-0.113	0.113
  9544	0.0293725	-0.113	0.113
  9545	0.0234881	-0.113	0.113
  9546	0.0288493	-0.113	0.113
  9547	0.0393193	-0.113	0.113
  9548	0.0296299	-0.113	0.113
  9549	0.0246677	-0.113	0.113
  9550	0.031403	-0.113	0.113
  9551	0.0141343	-0.113	0.113
  9552	0.013711	-0.113	0.113
  9553	0.016589	-0.113	0.113
  9554	0.0193046	-0.113	0.113
  9555	0.0174638	-0.113	0.113
  9556	0.0360466	-0.113	0.113
  9557	0.0215533	-0.113	0.113
  9558	0.0292851	-0.113	0.113
  9559	0.0437495	-0.113	0.113
  9560	0.0441661	-0.113	0.113
  9561	0.0418331	-0.113	0.113
  9562	0.0107527	-0.113	0.113
  9563	0.0318794	-0.113	0.113
  9564	0.0168823	-0.113	0.113
  9565	0.0419244	-0.113	0.113
  9566	0.0365484	-0.113	0.113
  9567	0.0194741	-0.113	0.113
  9568	0.0345077	-0.113	0.113
  9569	0.0140533	-0.113	0.113
  9570	0.0188131	-0.113	0.113
  9571	0.0118115	-0.113	0.113
  9572	0.0206257	-0.113	0.113
  9573	0.0275565	-0.113	0.113
  9574	0.0102426	-0.113	0.113
  9575	0.0339552	-0.113	0.113
  9576	0.041595	-0.113	0.113
  9577	0.0311189	-0.113	0.113
  9578	0.0436227	-0.113	0.113
  9579	0.0385261	-0.113	0.113
  9580	0.0348369	-0.113	0.113
  9581	0.0438856	-0.113	0.113
  9582	0.0403935	-0.113	0.113
  9583	0.0229552	-0.113	0.113
  9584	0.0110102	-0.113	0.113
  9585	0.0147279	-0.113	0.113
  9586	0.0416691	-0.113	0.113
  9587	0.0439179	-0.113	0.113
  9588	0.0259968	-0.113	0.113
  9589	0.0190813	-0.113	0.113
  9590	0.0369214	-0.113	0.113
  9591	0.014816	-0.113	0.113
  9592	0.0246108	-0.113	0.113
  9593	0.0232365	-0.113	0.113
  9594	0.0200789	-0.113	0.113
  9595	0.0112972	-0.113	0.113
  9596	0.0262444	-0.113	0.113
  9597	0.0366399	-0.113	0.113
  9598	0.0407524	-0.113	0.113
  9599	0.0161287	-0.113	0.113
  9600	0.0146814	-0.113	0.113
  9601	0.0166039	-0.113	0.113
  9602	0.0279195	-0.113	0.113
  9603	0.0366158	-0.113	0.113
  9604	0.0164898	-0.113	0.113
  9605	0.0162841	-0.113	0.113
  9606	0.011405	-0.113	0.113
  9607	0.0254546	-0.113	0.113
  9608	0.0217005	-0.113	0.113
  9609	0.0328647	-0.113	0.113
  9610	0.0356379	-0.113	0.113
  9611	0.0180159	-0.113	0.113
  9612	0.0194793	-0.113	0.113
  9613	0.0192566	-0.113	0.113
  9614	0.026329	-0.113	0.113
  9615	0.0430742	-0.113	0.113
  9616	0.01898	-0.113	0.113
  9617	0.020621	-0.113	0.113
  9618	0.0282157	-0.113	0.113
  9619	0.0360298	-0.113	0.113
  9620	0.0442078	-0.113	0.113
  9621	0.0104073	-0.113	0.113
  9622	0.031422	-0.113	0.113
  9623	0.0434967	-0.113	0.113
  9624	0.0371171	-0.113	0.113
  9625	0.0269489	-0.113	0.113
  9626	0.0301937	-0.113	0.113
  9627	0.0178514	-0.113	0.113
  9628	0.0169947	-0.113	0.113
  9629	0.0113908	-0.113	0.113
  9630	0.0256831	-0.113	0.113
  9631	0.0415984	-0.113	0.113
  9632	0.038617	-0.113	0.113
  9633	0.0214908	-0.113	0.113
  9634	0.0369145	-0.113	0.113
  9635	0.0427301	-0.113	0.113
  9636	0.0244684	-0.113	0.113
  9637	0.0195207	-0.113	0.113
  9638	0.0135651	-0.113	0.113
  9639	0.043422	-0.113	0.113
  9640	0.0122484	-0.113	0.113
  9641	0.0180274	-0.113	0.113
  9642	0.0137034	-0.113	0.113
  9643	0.0334359	-0.113	0.113
  9644	0.0429416	-0.113	0.113
  9645	0.0217097	-0.113	0.113
  9646	0.0191085	-0.113	0.113
  9647	0.0165183	-0.113	0.113
  9648	0.0422314	-0.113	0.113
  9649	0.010823	-0.113	0.113
  9650	0.0207347	-0.113	0.113
  9651	0.010263	-0.113	0.113
  9652	0.0398943	-0.113	0.113
  9653	0.016189	-0.113	0.113
  9654	0.0206953	-0.113	0.113
  9655	0.0370568	-0.113	0.113
  9656	0.0156211	-0.113	0.113
  9657	0.0100979	-0.113	0.113
  9658	0.0298969	-0.113	0.113
  9659	0.0401424	-0.113	0.113
  9660	0.0307113	-0.113	0.113
  9661	0.0298235	-0.113	0.113
  9662	0.0294253	-0.113	0.113
  9663	0.0411408	-0.113	0.113
  9664	0.0276185	-0.113	0.113
  9665	0.0423475	-0.113	0.113
  9666	0.0342049	-0.113	0.113
  9667	0.0433105	-0.113	0.113
  9668	0.0369906	-0.113	0.113
  9669	0.0174976	-0.113	0.113
  9670	0.0276213	-0.113	0.113
  9671	0.0237848	-0.113	0.113
  9672	0.021691	-0.113	0.113
  9673	0.0331116	-0.113	0.113
  9674	0.0223004	-0.113	0.113
  9675	0.0126886	-0.113	0.113
  9676	0.0216168	-0.113	0.113
  9677	0.0429238	-0.113	0.113
  9678	0.0207095	-0.113	0.113
  9679	0.0368807	-0.113	0.113
  9680	0.017443	-0.113	0.113
  9681	0.0155526	-0.113	0.113
  9682	0.0424022	-0.113	0.113
  9683	0.0125624	-0.113	0.113
  9684	0.0104556	-0.113	0.113
  9685	0.0243851	-0.113	0.113
  9686	0.0133088	-0.113	0.113
  9687	0.0128899	-0.113	0.113
  9688	0.0168334	-0.113	0.113
  9689	0.012777	-0.113	0.113
  9690	0.0360705	-0.113	0.113
  9691	0.0425729	-0.113	0.113
  9692	0.0299654	-0.113	0.113
  9693	0.039958	-0.113	0.113
  9694	0.044041	-0.113	0.113
  9695	0.0181806	-0.113	0.113
  9696	0.0417593	-0.113	0.113
  9697	0.043529	-0.113	0.113
  9698	0.0406625	-0.113	0.113
  9699	0.037406	-0.113	0.113
  9700	0.0171418	-0.113	0.113
  9701	0.0425967	-0.113	0.113
  9702	0.0204315	-0.113	0.113
  9703	0.0112252	-0.113	0.113
  9704	0.0109532	-0.113	0.113
  9705	0.0354279	-0.113	0.113
  9706	0.0275739	-0.113	0.113
  9707	0.0183459	-0.113	0.113
  9708	0.0173774	-0.113	0.113
  9709	0.0102311	-0.113	0.113
  9710	0.031029	-0.113	0.113
  9711	0.0378937	-0.113	0.113
  9712	0.0178579	-0.113	0.113
  9713	0.0338948	-0.113	0.113
  9714	0.0116145	-0.113	0.113
  9715	0.0357652	-0.113	0.113
  9716	0.0361932	-0.113	0.113
  9717	0.0392095	-0.113	0.113
  9718	0.0219141	-0.113	0.113
  9719	0.0129614	-0.113	0.113
  9720	0.0289866	-0.113	0.113
  9721	0.01332	-0.113	0.113
  9722	0.0139174	-0.113	0.113
  9723	0.0164269	-0.113	0.113
  9724	0.0342508	-0.113	0.113
  9725	0.0443438	-0.113	0.113
  9726	0.0257244	-0.113	0.113
  9727	0.0341411	-0.113	0.113
  9728	0.037058	-0.113	0.113
  9729	0.0421939	-0.113	0.113
  9730	0.0328848	-0.113	0.113
  9731	0.0190346	-0.113	0.113
  9732	0.0246194	-0.113	0.113
  9733	0.0385305	-0.113	0.113
  9734	0.0283196	-0.113	0.113
  9735	0.0424249	-0.113	0.113
  9736	0.0361013	-0.113	0.113
  9737	0.0420596	-0.113	0.113
  9738	0.0269076	-0.113	0.113
  9739	0.0403459	-0.113	0.113
  9740	0.0218563	-0.113	0.113
  9741	0.0411155	-0.113	0.113
  9742	0.0371072	-0.113	0.113
  9743	0.0107581	-0.113	0.113
  9744	0.0369673	-0.113	0.113
  9745	0.0329232	-0.113	0.113
  9746	0.0128691	-0.113	0.113
  9747	0.0350826	-0.113	0.113
  9748	0.032715	-0.113	0.113
  9749	0.0301749	-0.113	0.113
  9750	0.0358454	-0.113	0.113
  9751	0.0317549	-0.113	0.113
  9752	0.0274514	-0.113	0.113
  9753	0.0198698	-0.113	0.113
  9754	0.0369223	-0.113	0.113
  9755	0.0312648	-0.113	0.113
  9756	0.0407117	-0.113	0.113
  9757	0.032351	-0.113	0.113
  9758	0.0230207	-0.113	0.113
  9759	0.0190731	-0.113	0.113
  9760	0.0135234	-0.113	0.113
  9761	0.0261905	-0.113	0.113
  9762	0.020026	-0.113	0.113
  9763	0.0215636	-0.113	0.113
  9764	0.0247809	-0.113	0.113
  9765	0.0256307	-0.113	0.113
  9766	0.0291045	-0.113	0.113
  9767	0.0419826	-0.113	0.113
  9768	0.0442482	-0.113	0.113
  9769	0.0158848	-0.113	0.113
  9770	0.0192879	-0.113	0.113
  9771	0.0176996	-0.113	0.113
  9772	0.0138771	-0.113	0.113
  9773	0.0318628	-0.113	0.113
  9774	0.0110115	-0.113	0.113
  9775	0.0142127	-0.113	0.113
  9776	0.0432975	-0.113	0.113
  9777	0.0427193	-0.113	0.113
  9778	0.0297424	-0.113	0.113
  9779	0.0334131	-0.113	0.113
  9780	0.0151763	-0.113	0.113
  9781	0.0115889	-0.113	0.113
  9782	0.0382418	-0.113	0.113
  9783	0.0105622	-0.113	0.113
  9784	0.0103794	-0.113	0.113
  9785	0.0253705	-0.113	0.113
  9786	0.0217708	-0.113	0.113
  9787	0.0438484	-0.113	0.113
  9788	0.0393612	-0.113	0.113
  9789	0.0346799	-0.113	0.113
  9790	0.0155438	-0.113	0.113
  9791	0.0311828	-0.113	0.113
  9792	0.0434513	-0.113	0.113
  9793	0.0230102	-0.113	0.113
  9794	0.0177972	-0.113	0.113
  9795	0.029738	-0.113	0.113
  9796	0.0388138	-0.113	0.113
  9797	0.0221062	-0.113	0.113
  9798	0.0410483	-0.113	0.113
  9799	0.0362233	-0.113	0.113
  9800	0.0114785	-0.113	0.113
  9801	0.0172533	-0.113	0.113
  9802	0.0103805	-0.113	0.113
  9803	0.0131391	-0.113	0.113
  9804	0.0232132	-0.113	0.113
  9805	0.0379256	-0.113	0.113
  9806	0.0287235	-0.113	0.113
  9807	0.0255956	-0.113	0.113
  9808	0.0290566	-0.113	0.113
  9809	0.0396158	-0.113	0.113
  9810	0.0284632	-0.113	0.113
  9811	0.0378816	-0.113	0.113
  9812	0.0362348	-0.113	0.113
  9813	0.0108051	-0.113	0.113
  9814	0.0182454	-0.113	0.113
  9815	0.0360607	-0.113	0.113
  9816	0.0214925	-0.113	0.113
  9817	0.0200342	-0.113	0.113
  9818	0.0178036	-0.113	0.113
  9819	0.028579	-0.113	0.113
  9820	0.0319492	-0.113	0.113
  9821	0.0214135	-0.113	0.113
  9822	0.0392412	-0.113	0.113
  9823	0.0116146	-0.113	0.113
  9824	0.0210347	-0.113	0.113
  9825	0.0441271	-0.113	0.113
  9826	0.0160737	-0.113	0.113
  9827	0.0180258	-0.113	0.113
  9828	0.0391723	-0.113	0.113
  9829	0.018566	-0.113	0.113
  9830	0.0417741	-0.113	0.113
  9831	0.0334491	-0.113	0.113
  9832	0.029058	-0.113	0.113
  9833	0.0216542	-0.113	0.113
  9834	0.0488584	-0.113	0.113
  9835	0.022272	-0.113	0.113
  9836	0.0230684	-0.113	0.113
  9837	0.0220107	-0.113	0.113
  9838	0.0372443	-0.113	0.113
  9839	0.0319419	-0.113	0.113
  9840	0.027474	-0.113	0.113
  9841	0.0225502	-0.113	0.113
  9842	0.0423467	-0.113	0.113
  9843	0.0262652	-0.113	0.113
  9844	0.0236559	-0.113	0.113
  9845	0.0215684	-0.113	0.113
  9846	0.0271022	-0.113	0.113
  9847	0.0248229	-0.113	0.113
  9848	0.0411183	-0.113	0.113
  9849	0.0314405	-0.113	0.113
  9850	0.0177529	-0.113	0.113
  9851	0.0419664	-0.113	0.113
  9852	0.0298985	-0.113	0.113
  9853	0.0244924	-0.113	0.113
  9854	0.0168584	-0.113	0.113
  9855	0.0139971	-0.113	0.113
  9856	0.0393222	-0.113	0.113
  9857	0.0244136	-0.113	0.113
  9858	0.0111552	-0.113	0.113
  9859	0.0216476	-0.113	0.113
  9860	0.0232441	-0.113	0.113
  9861	0.0203645	-0.113	0.113
  9862	0.0264287	-0.113	0.113
  9863	0.0254448	-0.113	0.113
  9864	0.0355269	-0.113	0.113
  9865	0.0145717	-0.113	0.113
  9866	0.0112679	-0.113	0.113
  9867	0.0326621	-0.113	0.113
  9868	0.0143643	-0.113	0.113
  9869	0.0412857	-0.113	0.113
  9870	0.0158815	-0.113	0.113
  9871	0.0111444	-0.113	0.113
  9872	0.0429417	-0.113	0.113
  9873	0.0408489	-0.113	0.113
  9874	0.03966	-0.113	0.113
  9875	0.0422174	-0.113	0.113
  9876	0.013506	-0.113	0.113
  9877	0.0267658	-0.113	0.113
  9878	0.0317116	-0.113	0.113
  9879	0.0182057	-0.113	0.113
  9880	0.0201216	-0.113	0.113
  9881	0.0208509	-0.113	0.113
  9882	0.0294088	-0.113	0.113
  9883	0.0164779	-0.113	0.113
  9884	0.0440808	-0.113	0.113
  9885	0.0140709	-0.113	0.113
  9886	0.0340001	-0.113	0.113
  9887	0.0439828	-0.113	0.113
  9888	0.0136277	-0.113	0.113
  9889	0.0204405	-0.113	0.113
  9890	0.0322719	-0.113	0.113
  9891	0.0130404	-0.113	0.113
  9892	0.0414451	-0.113	0.113
  9893	0.0298096	-0.113	0.113
  9894	0.0189652	-0.113	0.113
  9895	0.0213899	-0.113	0.113
  9896	0.0228986	-0.113	0.113
  9897	0.0301983	-0.113	0.113
  9898	0.0322258	-0.113	0.113
  9899	0.0358463	-0.113	0.113
  9900	0.0388259	-0.113	0.113
  9901	0.0302455	-0.113	0.113
  9902	0.0423315	-0.113	0.113
  9903	0.0436667	-0.113	0.113
  9904	0.0116993	-0.113	0.113
  9905	0.021077	-0.113	0.113
  9906	0.0293111	-0.113	0.113
  9907	0.0350456	-0.113	0.113
  9908	0.0391895	-0.113	0.113
  9909	0.0100394	-0.113	0.113
  9910	0.0411285	-0.113	0.113
  9911	0.0174335	-0.113	0.113
  9912	0.0259836	-0.113	0.113
  9913	0.0124507	-0.113	0.113
  9914	0.0383046	-0.113	0.113
  9915	0.0263649	-0.113	0.113
  9916	0.0296534	-0.113	0.113
  9917	0.0389207	-0.113	0.113
  9918	0.0391242	-0.113	0.113
  9919	0.0283793	-0.113	0.113
  9920	0.03072	-0.113	0.113
  9921	0.0141786	-0.113	0.113
  9922	0.031133	-0.113	0.113
  9923	0.0105847	-0.113	0.113
  9924	0.01599	-0.113	0.113
  9925	0.0125215	-0.113	0.113
  9926	0.0437552	-0.113	0.113
  9927	0.0189159	-0.113	0.113
  9928	0.0277348	-0.113	0.113
  9929	0.0127048	-0.113	0.113
  9930	0.037712	-0.113	0.113
  9931	0.0300202	-0.113	0.113
  9932	0.0157891	-0.113	0.113
  9933	0.0103419	-0.113	0.113
  9934	0.0327562	-0.113	0.113
  9935	0.0194656	-0.113	0.113
  9936	0.0179834	-0.113	0.113
  9937	0.0406137	-0.113	0.113
  9938	0.0287928	-0.113	0.113
  9939	0.0343341	-0.113	0.113
  9940	0.0331414	-0.113	0.113
  9941	0.0288832	-0.113	0.113
  9942	0.0160814	-0.113	0.113
  9943	0.0186818	-0.113	0.113
  9944	0.0323444	-0.113	0.113
  9945	0.0260465	-0.113	0.113
  9946	0.0270547	-0.113	0.113
  9947	0.0163371	-0.113	0.113
  9948	0.0229009	-0.113	0.113
  9949	0.0248688	-0.113	0.113
  9950	0.0348545	-0.113	0.113
  9951	0.0117481	-0.113	0.113
  9952	0.0266546	-0.113	0.113
  9953	0.0279781	-0.113	0.113
  9954	0.0106905	-0.113	0.113
  9955	0.0203818	-0.113	0.113
  9956	0.021519	-0.113	0.113
  9957	0.0429638	-0.113	0.113
  9958	0.0287367	-0.113	0.113
  9959	0.0216999	-0.113	0.113
  9960	0.0367932	-0.113	0.113
  9961	0.0297267	-0.113	0.113
  9962	0.0144987	-0.113	0.113
  9963	0.0214924	-0.113	0.113
  9964	0.0419737	-0.113	0.113
  9965	0.0397857	-0.113	0.113
  9966	0.0334578	-0.113	0.113
  9967	0.0293431	-0.113	0.113
  9968	0.0252538	-0.113	0.113
  9969	0.0107137	-0.113	0.113
  9970	0.023884	-0.113	0.113
  9971	0.0372542	-0.113	0.113
  9972	0.014897	-0.113	0.113
  9973	0.0124325	-0.113	0.113
  9974	0.010697	-0.113	0.113
  9975	0.0368706	-0.113	0.113
  9976	0.0269512	-0.113	0.113
  9977	0.0151982	-0.113	0.113
  9978	0.0424869	-0.113	0.113
  9979	0.0100505	-0.113	0.113
  9980	0.0280196	-0.113	0.113
  9981	0.0343536	-0.113	0.113
  9982	0.0297694	-0.113	0.113
  9983	0.0278241	-0.113	0.113
  9984	0.0438342	-0.113	0.113
  9985	0.0370361	-0.113	0.113
  9986	0.0381275	-0.113	0.113
  9987	0.0368442	-0.113	0.113
  9988	0.0138564	-0.113	0.113
  9989	0.0315806	-0.113	0.113
  9990	0.0118133	-0.113	0.113
  9991	0.0100075	-0.113	0.113
  9992	0.0417223	-0.113	0.113
  9993	0.0302124	-0.113	0.113
  9994	0.0116703	-0.113	0.113
  9995	0.0181928	-0.113	0.113
  9996	0.0149534	-0.113	0.113
  9997	0.0364251	-0.113	0.113
  9998	0.0296247	-0.113	0.113
  9999	0.0209459	-0.113	0.113
 10000	0.0215153	-0.113	0.113

Measurement: SNMMIN
  step	MIN(0.707*V(v1)-0.707*V(v2))	FROM	TO
     1	-0.0379528	-0.113	0.113
     2	-0.0380729	-0.113	0.113
     3	-0.0316034	-0.113	0.113
     4	-0.0311354	-0.113	0.113
     5	-0.0203391	-0.113	0.113
     6	-0.0265673	-0.113	0.113
     7	-0.0152241	-0.113	0.113
     8	-0.0256271	-0.113	0.113
     9	-0.0212435	-0.113	0.113
    10	-0.0144019	-0.113	0.113
    11	-0.0264435	-0.113	0.113
    12	-0.0257845	-0.113	0.113
    13	-0.0159879	-0.113	0.113
    14	-0.0370835	-0.113	0.113
    15	-0.0146019	-0.113	0.113
    16	-0.0342887	-0.113	0.113
    17	-0.0351858	-0.113	0.113
    18	-0.0330519	-0.113	0.113
    19	-0.0427051	-0.113	0.113
    20	-0.020563	-0.113	0.113
    21	-0.0130483	-0.113	0.113
    22	-0.0229886	-0.113	0.113
    23	-0.0105322	-0.113	0.113
    24	-0.0143379	-0.113	0.113
    25	-0.0225065	-0.113	0.113
    26	-0.0297524	-0.113	0.113
    27	-0.0321763	-0.113	0.113
    28	-0.012521	-0.113	0.113
    29	-0.019449	-0.113	0.113
    30	-0.0150027	-0.113	0.113
    31	-0.0402899	-0.113	0.113
    32	-0.0376351	-0.113	0.113
    33	-0.0160016	-0.113	0.113
    34	-0.0171918	-0.113	0.113
    35	-0.0323235	-0.113	0.113
    36	-0.0381768	-0.113	0.113
    37	-0.0366	-0.113	0.113
    38	-0.0256658	-0.113	0.113
    39	-0.0194461	-0.113	0.113
    40	-0.0207974	-0.113	0.113
    41	-0.0119864	-0.113	0.113
    42	-0.0126469	-0.113	0.113
    43	-0.0150137	-0.113	0.113
    44	-0.0285365	-0.113	0.113
    45	-0.0252606	-0.113	0.113
    46	-0.034246	-0.113	0.113
    47	-0.0412825	-0.113	0.113
    48	-0.0207082	-0.113	0.113
    49	-0.0318546	-0.113	0.113
    50	-0.0337658	-0.113	0.113
    51	-0.0405039	-0.113	0.113
    52	-0.0222396	-0.113	0.113
    53	-0.0318111	-0.113	0.113
    54	-0.0131293	-0.113	0.113
    55	-0.0126539	-0.113	0.113
    56	-0.0164156	-0.113	0.113
    57	-0.0184339	-0.113	0.113
    58	-0.0304571	-0.113	0.113
    59	-0.0476785	-0.113	0.113
    60	-0.0385306	-0.113	0.113
    61	-0.0205831	-0.113	0.113
    62	-0.0307886	-0.113	0.113
    63	-0.0301642	-0.113	0.113
    64	-0.0368846	-0.113	0.113
    65	-0.0137986	-0.113	0.113
    66	-0.0248984	-0.113	0.113
    67	-0.0293228	-0.113	0.113
    68	-0.035493	-0.113	0.113
    69	-0.0116849	-0.113	0.113
    70	-0.0433086	-0.113	0.113
    71	-0.0200233	-0.113	0.113
    72	-0.0371301	-0.113	0.113
    73	-0.0336575	-0.113	0.113
    74	-0.0288898	-0.113	0.113
    75	-0.0414347	-0.113	0.113
    76	-0.043413	-0.113	0.113
    77	-0.0435358	-0.113	0.113
    78	-0.0403425	-0.113	0.113
    79	-0.0324568	-0.113	0.113
    80	-0.0186047	-0.113	0.113
    81	-0.0153045	-0.113	0.113
    82	-0.0238791	-0.113	0.113
    83	-0.0405778	-0.113	0.113
    84	-0.0248579	-0.113	0.113
    85	-0.0412769	-0.113	0.113
    86	-0.0146965	-0.113	0.113
    87	-0.0319464	-0.113	0.113
    88	-0.0262611	-0.113	0.113
    89	-0.0103779	-0.113	0.113
    90	-0.0278612	-0.113	0.113
    91	-0.0363956	-0.113	0.113
    92	-0.0339978	-0.113	0.113
    93	-0.0172946	-0.113	0.113
    94	-0.0427567	-0.113	0.113
    95	-0.0274518	-0.113	0.113
    96	-0.036608	-0.113	0.113
    97	-0.0228931	-0.113	0.113
    98	-0.0439459	-0.113	0.113
    99	-0.0423871	-0.113	0.113
   100	-0.0266069	-0.113	0.113
   101	-0.0336652	-0.113	0.113
   102	-0.0407728	-0.113	0.113
   103	-0.0267264	-0.113	0.113
   104	-0.0193943	-0.113	0.113
   105	-0.0415749	-0.113	0.113
   106	-0.0125327	-0.113	0.113
   107	-0.0213326	-0.113	0.113
   108	-0.0312782	-0.113	0.113
   109	-0.0235169	-0.113	0.113
   110	-0.0352703	-0.113	0.113
   111	-0.041651	-0.113	0.113
   112	-0.0259562	-0.113	0.113
   113	-0.0330144	-0.113	0.113
   114	-0.0358314	-0.113	0.113
   115	-0.0281015	-0.113	0.113
   116	-0.0107079	-0.113	0.113
   117	-0.0439902	-0.113	0.113
   118	-0.0111408	-0.113	0.113
   119	-0.0297496	-0.113	0.113
   120	-0.0412488	-0.113	0.113
   121	-0.0110747	-0.113	0.113
   122	-0.0439526	-0.113	0.113
   123	-0.0338576	-0.113	0.113
   124	-0.0156629	-0.113	0.113
   125	-0.0373242	-0.113	0.113
   126	-0.0148363	-0.113	0.113
   127	-0.0260387	-0.113	0.113
   128	-0.0296233	-0.113	0.113
   129	-0.0396428	-0.113	0.113
   130	-0.0142473	-0.113	0.113
   131	-0.0131384	-0.113	0.113
   132	-0.0302207	-0.113	0.113
   133	-0.0306657	-0.113	0.113
   134	-0.0354883	-0.113	0.113
   135	-0.0101732	-0.113	0.113
   136	-0.0250776	-0.113	0.113
   137	-0.0266169	-0.113	0.113
   138	-0.0194167	-0.113	0.113
   139	-0.0360254	-0.113	0.113
   140	-0.0228937	-0.113	0.113
   141	-0.0109333	-0.113	0.113
   142	-0.0436605	-0.113	0.113
   143	-0.0411088	-0.113	0.113
   144	-0.0438067	-0.113	0.113
   145	-0.0434234	-0.113	0.113
   146	-0.0231176	-0.113	0.113
   147	-0.0233155	-0.113	0.113
   148	-0.0243432	-0.113	0.113
   149	-0.0398927	-0.113	0.113
   150	-0.037542	-0.113	0.113
   151	-0.0368709	-0.113	0.113
   152	-0.0389058	-0.113	0.113
   153	-0.023174	-0.113	0.113
   154	-0.0115656	-0.113	0.113
   155	-0.0108245	-0.113	0.113
   156	-0.0307527	-0.113	0.113
   157	-0.0283527	-0.113	0.113
   158	-0.0177313	-0.113	0.113
   159	-0.0345862	-0.113	0.113
   160	-0.0400021	-0.113	0.113
   161	-0.0138045	-0.113	0.113
   162	-0.0424897	-0.113	0.113
   163	-0.0372013	-0.113	0.113
   164	-0.0304644	-0.113	0.113
   165	-0.0246851	-0.113	0.113
   166	-0.0430518	-0.113	0.113
   167	-0.0309916	-0.113	0.113
   168	-0.0229804	-0.113	0.113
   169	-0.0332092	-0.113	0.113
   170	-0.0386398	-0.113	0.113
   171	-0.0255706	-0.113	0.113
   172	-0.0182208	-0.113	0.113
   173	-0.0148159	-0.113	0.113
   174	-0.0414279	-0.113	0.113
   175	-0.0306621	-0.113	0.113
   176	-0.0146566	-0.113	0.113
   177	-0.0164193	-0.113	0.113
   178	-0.0217379	-0.113	0.113
   179	-0.0197901	-0.113	0.113
   180	-0.0149906	-0.113	0.113
   181	-0.0107171	-0.113	0.113
   182	-0.0302678	-0.113	0.113
   183	-0.0388417	-0.113	0.113
   184	-0.0380067	-0.113	0.113
   185	-0.0239759	-0.113	0.113
   186	-0.0234568	-0.113	0.113
   187	-0.017297	-0.113	0.113
   188	-0.0253032	-0.113	0.113
   189	-0.0427376	-0.113	0.113
   190	-0.0163823	-0.113	0.113
   191	-0.0440387	-0.113	0.113
   192	-0.032873	-0.113	0.113
   193	-0.0133982	-0.113	0.113
   194	-0.012738	-0.113	0.113
   195	-0.0427504	-0.113	0.113
   196	-0.0150569	-0.113	0.113
   197	-0.0440017	-0.113	0.113
   198	-0.0417119	-0.113	0.113
   199	-0.0129594	-0.113	0.113
   200	-0.0212747	-0.113	0.113
   201	-0.0134694	-0.113	0.113
   202	-0.0121476	-0.113	0.113
   203	-0.0351646	-0.113	0.113
   204	-0.0329756	-0.113	0.113
   205	-0.0332695	-0.113	0.113
   206	-0.0375766	-0.113	0.113
   207	-0.0218997	-0.113	0.113
   208	-0.0173802	-0.113	0.113
   209	-0.0147508	-0.113	0.113
   210	-0.0133919	-0.113	0.113
   211	-0.0167228	-0.113	0.113
   212	-0.0225083	-0.113	0.113
   213	-0.0133652	-0.113	0.113
   214	-0.0110889	-0.113	0.113
   215	-0.0385547	-0.113	0.113
   216	-0.0253443	-0.113	0.113
   217	-0.0192799	-0.113	0.113
   218	-0.0222034	-0.113	0.113
   219	-0.0205155	-0.113	0.113
   220	-0.0203227	-0.113	0.113
   221	-0.0404261	-0.113	0.113
   222	-0.039184	-0.113	0.113
   223	-0.0432491	-0.113	0.113
   224	-0.0344686	-0.113	0.113
   225	-0.041864	-0.113	0.113
   226	-0.0240957	-0.113	0.113
   227	-0.0150691	-0.113	0.113
   228	-0.0198558	-0.113	0.113
   229	-0.0105938	-0.113	0.113
   230	-0.0114242	-0.113	0.113
   231	-0.0436645	-0.113	0.113
   232	-0.0437255	-0.113	0.113
   233	-0.0378942	-0.113	0.113
   234	-0.0344346	-0.113	0.113
   235	-0.0262245	-0.113	0.113
   236	-0.0185852	-0.113	0.113
   237	-0.0364698	-0.113	0.113
   238	-0.0206631	-0.113	0.113
   239	-0.0240422	-0.113	0.113
   240	-0.0120158	-0.113	0.113
   241	-0.023308	-0.113	0.113
   242	-0.0128653	-0.113	0.113
   243	-0.0384656	-0.113	0.113
   244	-0.0245304	-0.113	0.113
   245	-0.0178239	-0.113	0.113
   246	-0.0103029	-0.113	0.113
   247	-0.0106604	-0.113	0.113
   248	-0.0426235	-0.113	0.113
   249	-0.0433938	-0.113	0.113
   250	-0.0315266	-0.113	0.113
   251	-0.0244079	-0.113	0.113
   252	-0.0267622	-0.113	0.113
   253	-0.0235546	-0.113	0.113
   254	-0.0309014	-0.113	0.113
   255	-0.044189	-0.113	0.113
   256	-0.0176911	-0.113	0.113
   257	-0.0435515	-0.113	0.113
   258	-0.0154076	-0.113	0.113
   259	-0.022906	-0.113	0.113
   260	-0.021259	-0.113	0.113
   261	-0.020932	-0.113	0.113
   262	-0.014022	-0.113	0.113
   263	-0.0387558	-0.113	0.113
   264	-0.0272069	-0.113	0.113
   265	-0.0169585	-0.113	0.113
   266	-0.0190098	-0.113	0.113
   267	-0.0326171	-0.113	0.113
   268	-0.0264997	-0.113	0.113
   269	-0.0164709	-0.113	0.113
   270	-0.025827	-0.113	0.113
   271	-0.0116128	-0.113	0.113
   272	-0.0202058	-0.113	0.113
   273	-0.0117012	-0.113	0.113
   274	-0.0249722	-0.113	0.113
   275	-0.0430406	-0.113	0.113
   276	-0.0440784	-0.113	0.113
   277	-0.0436093	-0.113	0.113
   278	-0.0214143	-0.113	0.113
   279	-0.0431031	-0.113	0.113
   280	-0.029501	-0.113	0.113
   281	-0.0276348	-0.113	0.113
   282	-0.043793	-0.113	0.113
   283	-0.0266237	-0.113	0.113
   284	-0.0418188	-0.113	0.113
   285	-0.0211584	-0.113	0.113
   286	-0.0227429	-0.113	0.113
   287	-0.036704	-0.113	0.113
   288	-0.0122034	-0.113	0.113
   289	-0.0323853	-0.113	0.113
   290	-0.0322433	-0.113	0.113
   291	-0.0178622	-0.113	0.113
   292	-0.0347324	-0.113	0.113
   293	-0.0415222	-0.113	0.113
   294	-0.0420615	-0.113	0.113
   295	-0.0117791	-0.113	0.113
   296	-0.0354238	-0.113	0.113
   297	-0.0150853	-0.113	0.113
   298	-0.0242082	-0.113	0.113
   299	-0.0289949	-0.113	0.113
   300	-0.0189225	-0.113	0.113
   301	-0.0407244	-0.113	0.113
   302	-0.0230867	-0.113	0.113
   303	-0.0264563	-0.113	0.113
   304	-0.0186024	-0.113	0.113
   305	-0.0280714	-0.113	0.113
   306	-0.0437234	-0.113	0.113
   307	-0.0441336	-0.113	0.113
   308	-0.0304543	-0.113	0.113
   309	-0.0421764	-0.113	0.113
   310	-0.0313572	-0.113	0.113
   311	-0.0181702	-0.113	0.113
   312	-0.0210467	-0.113	0.113
   313	-0.03446	-0.113	0.113
   314	-0.0392182	-0.113	0.113
   315	-0.0252584	-0.113	0.113
   316	-0.034334	-0.113	0.113
   317	-0.0111	-0.113	0.113
   318	-0.011615	-0.113	0.113
   319	-0.042721	-0.113	0.113
   320	-0.0101904	-0.113	0.113
   321	-0.0339972	-0.113	0.113
   322	-0.0251096	-0.113	0.113
   323	-0.0181036	-0.113	0.113
   324	-0.0243792	-0.113	0.113
   325	-0.0197181	-0.113	0.113
   326	-0.0119429	-0.113	0.113
   327	-0.0156446	-0.113	0.113
   328	-0.0116925	-0.113	0.113
   329	-0.0415423	-0.113	0.113
   330	-0.023158	-0.113	0.113
   331	-0.0232803	-0.113	0.113
   332	-0.0233904	-0.113	0.113
   333	-0.029829	-0.113	0.113
   334	-0.0359414	-0.113	0.113
   335	-0.0193412	-0.113	0.113
   336	-0.0301881	-0.113	0.113
   337	-0.0364104	-0.113	0.113
   338	-0.0211553	-0.113	0.113
   339	-0.040038	-0.113	0.113
   340	-0.0282522	-0.113	0.113
   341	-0.0280805	-0.113	0.113
   342	-0.0120077	-0.113	0.113
   343	-0.0369345	-0.113	0.113
   344	-0.0148279	-0.113	0.113
   345	-0.0390467	-0.113	0.113
   346	-0.0112122	-0.113	0.113
   347	-0.0178944	-0.113	0.113
   348	-0.0176137	-0.113	0.113
   349	-0.0424404	-0.113	0.113
   350	-0.0119431	-0.113	0.113
   351	-0.0235528	-0.113	0.113
   352	-0.0241012	-0.113	0.113
   353	-0.0163651	-0.113	0.113
   354	-0.014566	-0.113	0.113
   355	-0.0186245	-0.113	0.113
   356	-0.0427611	-0.113	0.113
   357	-0.02163	-0.113	0.113
   358	-0.0104194	-0.113	0.113
   359	-0.0378978	-0.113	0.113
   360	-0.0386858	-0.113	0.113
   361	-0.0305397	-0.113	0.113
   362	-0.0306188	-0.113	0.113
   363	-0.0151796	-0.113	0.113
   364	-0.0162135	-0.113	0.113
   365	-0.0424718	-0.113	0.113
   366	-0.039506	-0.113	0.113
   367	-0.0156381	-0.113	0.113
   368	-0.0114126	-0.113	0.113
   369	-0.0285394	-0.113	0.113
   370	-0.0226364	-0.113	0.113
   371	-0.0313911	-0.113	0.113
   372	-0.032863	-0.113	0.113
   373	-0.034528	-0.113	0.113
   374	-0.0233599	-0.113	0.113
   375	-0.037671	-0.113	0.113
   376	-0.0128815	-0.113	0.113
   377	-0.0130104	-0.113	0.113
   378	-0.0186033	-0.113	0.113
   379	-0.0207517	-0.113	0.113
   380	-0.0325734	-0.113	0.113
   381	-0.0405356	-0.113	0.113
   382	-0.0226155	-0.113	0.113
   383	-0.0274506	-0.113	0.113
   384	-0.0129423	-0.113	0.113
   385	-0.0129119	-0.113	0.113
   386	-0.0321391	-0.113	0.113
   387	-0.0174367	-0.113	0.113
   388	-0.0117486	-0.113	0.113
   389	-0.0122022	-0.113	0.113
   390	-0.0410242	-0.113	0.113
   391	-0.0408384	-0.113	0.113
   392	-0.0105629	-0.113	0.113
   393	-0.0438674	-0.113	0.113
   394	-0.0288296	-0.113	0.113
   395	-0.0256053	-0.113	0.113
   396	-0.0118004	-0.113	0.113
   397	-0.0440056	-0.113	0.113
   398	-0.0193667	-0.113	0.113
   399	-0.0422019	-0.113	0.113
   400	-0.0465849	-0.113	0.113
   401	-0.0273232	-0.113	0.113
   402	-0.0299464	-0.113	0.113
   403	-0.0163386	-0.113	0.113
   404	-0.0130206	-0.113	0.113
   405	-0.0416932	-0.113	0.113
   406	-0.0128668	-0.113	0.113
   407	-0.0226142	-0.113	0.113
   408	-0.0278977	-0.113	0.113
   409	-0.0127231	-0.113	0.113
   410	-0.0415106	-0.113	0.113
   411	-0.025151	-0.113	0.113
   412	-0.0230705	-0.113	0.113
   413	-0.032377	-0.113	0.113
   414	-0.0211342	-0.113	0.113
   415	-0.0327346	-0.113	0.113
   416	-0.0319306	-0.113	0.113
   417	-0.0438683	-0.113	0.113
   418	-0.0427353	-0.113	0.113
   419	-0.0249938	-0.113	0.113
   420	-0.0117951	-0.113	0.113
   421	-0.031854	-0.113	0.113
   422	-0.0437933	-0.113	0.113
   423	-0.0184243	-0.113	0.113
   424	-0.0229774	-0.113	0.113
   425	-0.0267721	-0.113	0.113
   426	-0.0185363	-0.113	0.113
   427	-0.0309716	-0.113	0.113
   428	-0.0140295	-0.113	0.113
   429	-0.0255887	-0.113	0.113
   430	-0.0362625	-0.113	0.113
   431	-0.0201603	-0.113	0.113
   432	-0.0115499	-0.113	0.113
   433	-0.0427805	-0.113	0.113
   434	-0.0181197	-0.113	0.113
   435	-0.0255439	-0.113	0.113
   436	-0.0128573	-0.113	0.113
   437	-0.0379702	-0.113	0.113
   438	-0.0389991	-0.113	0.113
   439	-0.0124123	-0.113	0.113
   440	-0.0224713	-0.113	0.113
   441	-0.0437933	-0.113	0.113
   442	-0.0194308	-0.113	0.113
   443	-0.0275231	-0.113	0.113
   444	-0.0386127	-0.113	0.113
   445	-0.0431333	-0.113	0.113
   446	-0.0148691	-0.113	0.113
   447	-0.0428916	-0.113	0.113
   448	-0.0349316	-0.113	0.113
   449	-0.0121944	-0.113	0.113
   450	-0.0314574	-0.113	0.113
   451	-0.0346805	-0.113	0.113
   452	-0.0249008	-0.113	0.113
   453	-0.0178687	-0.113	0.113
   454	-0.0135693	-0.113	0.113
   455	-0.0433933	-0.113	0.113
   456	-0.0194597	-0.113	0.113
   457	-0.0149453	-0.113	0.113
   458	-0.0168437	-0.113	0.113
   459	-0.0279228	-0.113	0.113
   460	-0.0181047	-0.113	0.113
   461	-0.0180347	-0.113	0.113
   462	-0.039572	-0.113	0.113
   463	-0.0307038	-0.113	0.113
   464	-0.0435108	-0.113	0.113
   465	-0.0246463	-0.113	0.113
   466	-0.0393909	-0.113	0.113
   467	-0.0163916	-0.113	0.113
   468	-0.0196444	-0.113	0.113
   469	-0.0205874	-0.113	0.113
   470	-0.0427275	-0.113	0.113
   471	-0.0242024	-0.113	0.113
   472	-0.039088	-0.113	0.113
   473	-0.0143434	-0.113	0.113
   474	-0.0437804	-0.113	0.113
   475	-0.0430612	-0.113	0.113
   476	-0.0111447	-0.113	0.113
   477	-0.0335924	-0.113	0.113
   478	-0.0127797	-0.113	0.113
   479	-0.0433824	-0.113	0.113
   480	-0.0160204	-0.113	0.113
   481	-0.0405486	-0.113	0.113
   482	-0.0337255	-0.113	0.113
   483	-0.0265618	-0.113	0.113
   484	-0.0438819	-0.113	0.113
   485	-0.0314749	-0.113	0.113
   486	-0.0249019	-0.113	0.113
   487	-0.0151392	-0.113	0.113
   488	-0.0122104	-0.113	0.113
   489	-0.0254029	-0.113	0.113
   490	-0.0112585	-0.113	0.113
   491	-0.0351721	-0.113	0.113
   492	-0.0399637	-0.113	0.113
   493	-0.0161987	-0.113	0.113
   494	-0.0105088	-0.113	0.113
   495	-0.0340758	-0.113	0.113
   496	-0.0423609	-0.113	0.113
   497	-0.0314998	-0.113	0.113
   498	-0.0314935	-0.113	0.113
   499	-0.0213044	-0.113	0.113
   500	-0.0426099	-0.113	0.113
   501	-0.0169602	-0.113	0.113
   502	-0.0145693	-0.113	0.113
   503	-0.0267896	-0.113	0.113
   504	-0.0442548	-0.113	0.113
   505	-0.0256471	-0.113	0.113
   506	-0.0192388	-0.113	0.113
   507	-0.0111551	-0.113	0.113
   508	-0.0193438	-0.113	0.113
   509	-0.0431454	-0.113	0.113
   510	-0.0103871	-0.113	0.113
   511	-0.0382289	-0.113	0.113
   512	-0.0296544	-0.113	0.113
   513	-0.0150441	-0.113	0.113
   514	-0.0436504	-0.113	0.113
   515	-0.0107315	-0.113	0.113
   516	-0.0194342	-0.113	0.113
   517	-0.0394308	-0.113	0.113
   518	-0.0110064	-0.113	0.113
   519	-0.0160525	-0.113	0.113
   520	-0.0134788	-0.113	0.113
   521	-0.042461	-0.113	0.113
   522	-0.0342964	-0.113	0.113
   523	-0.0282754	-0.113	0.113
   524	-0.0261683	-0.113	0.113
   525	-0.0210217	-0.113	0.113
   526	-0.0233691	-0.113	0.113
   527	-0.0396339	-0.113	0.113
   528	-0.020446	-0.113	0.113
   529	-0.0418212	-0.113	0.113
   530	-0.0358982	-0.113	0.113
   531	-0.0264545	-0.113	0.113
   532	-0.0230465	-0.113	0.113
   533	-0.0357658	-0.113	0.113
   534	-0.0273675	-0.113	0.113
   535	-0.0430433	-0.113	0.113
   536	-0.031284	-0.113	0.113
   537	-0.0336177	-0.113	0.113
   538	-0.0118272	-0.113	0.113
   539	-0.0114853	-0.113	0.113
   540	-0.0191105	-0.113	0.113
   541	-0.0301248	-0.113	0.113
   542	-0.0425848	-0.113	0.113
   543	-0.0177519	-0.113	0.113
   544	-0.0159338	-0.113	0.113
   545	-0.0259849	-0.113	0.113
   546	-0.0124144	-0.113	0.113
   547	-0.027082	-0.113	0.113
   548	-0.0395773	-0.113	0.113
   549	-0.0428287	-0.113	0.113
   550	-0.0436268	-0.113	0.113
   551	-0.0349499	-0.113	0.113
   552	-0.0257858	-0.113	0.113
   553	-0.0352131	-0.113	0.113
   554	-0.0236398	-0.113	0.113
   555	-0.0266131	-0.113	0.113
   556	-0.0225586	-0.113	0.113
   557	-0.0430675	-0.113	0.113
   558	-0.0247534	-0.113	0.113
   559	-0.0103566	-0.113	0.113
   560	-0.0353717	-0.113	0.113
   561	-0.0146621	-0.113	0.113
   562	-0.0429098	-0.113	0.113
   563	-0.028048	-0.113	0.113
   564	-0.0410398	-0.113	0.113
   565	-0.0426556	-0.113	0.113
   566	-0.0170721	-0.113	0.113
   567	-0.042999	-0.113	0.113
   568	-0.0111313	-0.113	0.113
   569	-0.0391379	-0.113	0.113
   570	-0.0319697	-0.113	0.113
   571	-0.0437485	-0.113	0.113
   572	-0.0230248	-0.113	0.113
   573	-0.0197797	-0.113	0.113
   574	-0.0433915	-0.113	0.113
   575	-0.0409044	-0.113	0.113
   576	-0.0118196	-0.113	0.113
   577	-0.0195865	-0.113	0.113
   578	-0.0158775	-0.113	0.113
   579	-0.0379881	-0.113	0.113
   580	-0.0103729	-0.113	0.113
   581	-0.0440452	-0.113	0.113
   582	-0.0416977	-0.113	0.113
   583	-0.0306313	-0.113	0.113
   584	-0.0277444	-0.113	0.113
   585	-0.0115292	-0.113	0.113
   586	-0.0130358	-0.113	0.113
   587	-0.0246899	-0.113	0.113
   588	-0.0180324	-0.113	0.113
   589	-0.0131462	-0.113	0.113
   590	-0.0405868	-0.113	0.113
   591	-0.0159082	-0.113	0.113
   592	-0.0289409	-0.113	0.113
   593	-0.0265344	-0.113	0.113
   594	-0.0439036	-0.113	0.113
   595	-0.0427667	-0.113	0.113
   596	-0.0439476	-0.113	0.113
   597	-0.0255595	-0.113	0.113
   598	-0.0437998	-0.113	0.113
   599	-0.0225772	-0.113	0.113
   600	-0.0422833	-0.113	0.113
   601	-0.0439388	-0.113	0.113
   602	-0.0168308	-0.113	0.113
   603	-0.0437422	-0.113	0.113
   604	-0.0120356	-0.113	0.113
   605	-0.0294153	-0.113	0.113
   606	-0.0179747	-0.113	0.113
   607	-0.0190363	-0.113	0.113
   608	-0.035554	-0.113	0.113
   609	-0.0110845	-0.113	0.113
   610	-0.0393779	-0.113	0.113
   611	-0.0425956	-0.113	0.113
   612	-0.0460368	-0.113	0.113
   613	-0.0191499	-0.113	0.113
   614	-0.0307478	-0.113	0.113
   615	-0.0173012	-0.113	0.113
   616	-0.0144793	-0.113	0.113
   617	-0.043299	-0.113	0.113
   618	-0.0362331	-0.113	0.113
   619	-0.0239065	-0.113	0.113
   620	-0.0375008	-0.113	0.113
   621	-0.0317927	-0.113	0.113
   622	-0.0210002	-0.113	0.113
   623	-0.0116163	-0.113	0.113
   624	-0.0119308	-0.113	0.113
   625	-0.0412268	-0.113	0.113
   626	-0.0380226	-0.113	0.113
   627	-0.0113585	-0.113	0.113
   628	-0.010383	-0.113	0.113
   629	-0.012246	-0.113	0.113
   630	-0.038068	-0.113	0.113
   631	-0.0119504	-0.113	0.113
   632	-0.0183471	-0.113	0.113
   633	-0.0256108	-0.113	0.113
   634	-0.0262395	-0.113	0.113
   635	-0.0425278	-0.113	0.113
   636	-0.0371673	-0.113	0.113
   637	-0.0123664	-0.113	0.113
   638	-0.042668	-0.113	0.113
   639	-0.043921	-0.113	0.113
   640	-0.028444	-0.113	0.113
   641	-0.0108713	-0.113	0.113
   642	-0.016653	-0.113	0.113
   643	-0.0187365	-0.113	0.113
   644	-0.01456	-0.113	0.113
   645	-0.0438285	-0.113	0.113
   646	-0.022504	-0.113	0.113
   647	-0.0367232	-0.113	0.113
   648	-0.0113351	-0.113	0.113
   649	-0.0265174	-0.113	0.113
   650	-0.0113153	-0.113	0.113
   651	-0.0375195	-0.113	0.113
   652	-0.0125838	-0.113	0.113
   653	-0.0335098	-0.113	0.113
   654	-0.0186419	-0.113	0.113
   655	-0.0212714	-0.113	0.113
   656	-0.0161844	-0.113	0.113
   657	-0.0253277	-0.113	0.113
   658	-0.0146679	-0.113	0.113
   659	-0.0290355	-0.113	0.113
   660	-0.0422038	-0.113	0.113
   661	-0.0186826	-0.113	0.113
   662	-0.0436708	-0.113	0.113
   663	-0.0129953	-0.113	0.113
   664	-0.0434067	-0.113	0.113
   665	-0.0383247	-0.113	0.113
   666	-0.0288509	-0.113	0.113
   667	-0.0161902	-0.113	0.113
   668	-0.0314946	-0.113	0.113
   669	-0.0111396	-0.113	0.113
   670	-0.0132163	-0.113	0.113
   671	-0.0207088	-0.113	0.113
   672	-0.0379155	-0.113	0.113
   673	-0.0269448	-0.113	0.113
   674	-0.014661	-0.113	0.113
   675	-0.0215524	-0.113	0.113
   676	-0.0438935	-0.113	0.113
   677	-0.021807	-0.113	0.113
   678	-0.033752	-0.113	0.113
   679	-0.0212432	-0.113	0.113
   680	-0.0173784	-0.113	0.113
   681	-0.0290465	-0.113	0.113
   682	-0.0421699	-0.113	0.113
   683	-0.0357446	-0.113	0.113
   684	-0.0438277	-0.113	0.113
   685	-0.0127034	-0.113	0.113
   686	-0.0103212	-0.113	0.113
   687	-0.0249952	-0.113	0.113
   688	-0.0126481	-0.113	0.113
   689	-0.0191509	-0.113	0.113
   690	-0.016779	-0.113	0.113
   691	-0.0352953	-0.113	0.113
   692	-0.029863	-0.113	0.113
   693	-0.0350512	-0.113	0.113
   694	-0.0224847	-0.113	0.113
   695	-0.0109681	-0.113	0.113
   696	-0.0244269	-0.113	0.113
   697	-0.0213351	-0.113	0.113
   698	-0.0323345	-0.113	0.113
   699	-0.0160362	-0.113	0.113
   700	-0.0106719	-0.113	0.113
   701	-0.0440297	-0.113	0.113
   702	-0.0408307	-0.113	0.113
   703	-0.0122077	-0.113	0.113
   704	-0.0293084	-0.113	0.113
   705	-0.0402643	-0.113	0.113
   706	-0.0319311	-0.113	0.113
   707	-0.0423837	-0.113	0.113
   708	-0.0260212	-0.113	0.113
   709	-0.0316382	-0.113	0.113
   710	-0.0437065	-0.113	0.113
   711	-0.0303531	-0.113	0.113
   712	-0.0257529	-0.113	0.113
   713	-0.0404953	-0.113	0.113
   714	-0.0430853	-0.113	0.113
   715	-0.0145796	-0.113	0.113
   716	-0.0206041	-0.113	0.113
   717	-0.0406367	-0.113	0.113
   718	-0.0191154	-0.113	0.113
   719	-0.0325825	-0.113	0.113
   720	-0.0282344	-0.113	0.113
   721	-0.0379789	-0.113	0.113
   722	-0.0135421	-0.113	0.113
   723	-0.0231942	-0.113	0.113
   724	-0.0194998	-0.113	0.113
   725	-0.0327584	-0.113	0.113
   726	-0.0378574	-0.113	0.113
   727	-0.0107499	-0.113	0.113
   728	-0.0123308	-0.113	0.113
   729	-0.0315889	-0.113	0.113
   730	-0.0353437	-0.113	0.113
   731	-0.0326945	-0.113	0.113
   732	-0.0401899	-0.113	0.113
   733	-0.0283777	-0.113	0.113
   734	-0.0231758	-0.113	0.113
   735	-0.0375074	-0.113	0.113
   736	-0.0289956	-0.113	0.113
   737	-0.0344025	-0.113	0.113
   738	-0.0429042	-0.113	0.113
   739	-0.0430208	-0.113	0.113
   740	-0.0418827	-0.113	0.113
   741	-0.0400167	-0.113	0.113
   742	-0.0239954	-0.113	0.113
   743	-0.0243901	-0.113	0.113
   744	-0.0246063	-0.113	0.113
   745	-0.0370985	-0.113	0.113
   746	-0.0107745	-0.113	0.113
   747	-0.0436411	-0.113	0.113
   748	-0.0198583	-0.113	0.113
   749	-0.0342254	-0.113	0.113
   750	-0.03997	-0.113	0.113
   751	-0.0206516	-0.113	0.113
   752	-0.0224214	-0.113	0.113
   753	-0.016177	-0.113	0.113
   754	-0.0107009	-0.113	0.113
   755	-0.0341264	-0.113	0.113
   756	-0.0382741	-0.113	0.113
   757	-0.0426074	-0.113	0.113
   758	-0.0320627	-0.113	0.113
   759	-0.0246831	-0.113	0.113
   760	-0.0131463	-0.113	0.113
   761	-0.0201471	-0.113	0.113
   762	-0.0334809	-0.113	0.113
   763	-0.0246028	-0.113	0.113
   764	-0.021255	-0.113	0.113
   765	-0.0375926	-0.113	0.113
   766	-0.0110513	-0.113	0.113
   767	-0.0406839	-0.113	0.113
   768	-0.0412893	-0.113	0.113
   769	-0.0168941	-0.113	0.113
   770	-0.040025	-0.113	0.113
   771	-0.0243315	-0.113	0.113
   772	-0.0302878	-0.113	0.113
   773	-0.0380263	-0.113	0.113
   774	-0.0111169	-0.113	0.113
   775	-0.0312325	-0.113	0.113
   776	-0.0137105	-0.113	0.113
   777	-0.0400108	-0.113	0.113
   778	-0.0122429	-0.113	0.113
   779	-0.0111472	-0.113	0.113
   780	-0.0226155	-0.113	0.113
   781	-0.0422792	-0.113	0.113
   782	-0.010751	-0.113	0.113
   783	-0.0430963	-0.113	0.113
   784	-0.0143364	-0.113	0.113
   785	-0.035566	-0.113	0.113
   786	-0.0172659	-0.113	0.113
   787	-0.0437157	-0.113	0.113
   788	-0.0278905	-0.113	0.113
   789	-0.0151357	-0.113	0.113
   790	-0.0232332	-0.113	0.113
   791	-0.0370001	-0.113	0.113
   792	-0.0222652	-0.113	0.113
   793	-0.0129888	-0.113	0.113
   794	-0.0313243	-0.113	0.113
   795	-0.027913	-0.113	0.113
   796	-0.0424136	-0.113	0.113
   797	-0.0367509	-0.113	0.113
   798	-0.0135621	-0.113	0.113
   799	-0.0265023	-0.113	0.113
   800	-0.0159617	-0.113	0.113
   801	-0.043643	-0.113	0.113
   802	-0.028219	-0.113	0.113
   803	-0.0117805	-0.113	0.113
   804	-0.0425001	-0.113	0.113
   805	-0.0310743	-0.113	0.113
   806	-0.0120169	-0.113	0.113
   807	-0.0353333	-0.113	0.113
   808	-0.0120992	-0.113	0.113
   809	-0.0143503	-0.113	0.113
   810	-0.0208008	-0.113	0.113
   811	-0.0201796	-0.113	0.113
   812	-0.0278658	-0.113	0.113
   813	-0.0128149	-0.113	0.113
   814	-0.0185451	-0.113	0.113
   815	-0.0265788	-0.113	0.113
   816	-0.0178802	-0.113	0.113
   817	-0.0255791	-0.113	0.113
   818	-0.01081	-0.113	0.113
   819	-0.0148234	-0.113	0.113
   820	-0.0351589	-0.113	0.113
   821	-0.02102	-0.113	0.113
   822	-0.0118038	-0.113	0.113
   823	-0.036769	-0.113	0.113
   824	-0.0332885	-0.113	0.113
   825	-0.0127964	-0.113	0.113
   826	-0.0176272	-0.113	0.113
   827	-0.0391829	-0.113	0.113
   828	-0.0387531	-0.113	0.113
   829	-0.0282039	-0.113	0.113
   830	-0.0111703	-0.113	0.113
   831	-0.0187945	-0.113	0.113
   832	-0.0237606	-0.113	0.113
   833	-0.022091	-0.113	0.113
   834	-0.0227793	-0.113	0.113
   835	-0.0157819	-0.113	0.113
   836	-0.0280577	-0.113	0.113
   837	-0.0140855	-0.113	0.113
   838	-0.0107919	-0.113	0.113
   839	-0.0132013	-0.113	0.113
   840	-0.0180068	-0.113	0.113
   841	-0.0400324	-0.113	0.113
   842	-0.0376326	-0.113	0.113
   843	-0.0135996	-0.113	0.113
   844	-0.0365985	-0.113	0.113
   845	-0.0405377	-0.113	0.113
   846	-0.0428545	-0.113	0.113
   847	-0.0295712	-0.113	0.113
   848	-0.0345219	-0.113	0.113
   849	-0.0343163	-0.113	0.113
   850	-0.0200449	-0.113	0.113
   851	-0.0252125	-0.113	0.113
   852	-0.0251029	-0.113	0.113
   853	-0.0281576	-0.113	0.113
   854	-0.0172452	-0.113	0.113
   855	-0.026376	-0.113	0.113
   856	-0.0424781	-0.113	0.113
   857	-0.0241491	-0.113	0.113
   858	-0.0355322	-0.113	0.113
   859	-0.033884	-0.113	0.113
   860	-0.0407988	-0.113	0.113
   861	-0.010268	-0.113	0.113
   862	-0.0435892	-0.113	0.113
   863	-0.0345785	-0.113	0.113
   864	-0.0114934	-0.113	0.113
   865	-0.0117201	-0.113	0.113
   866	-0.0112973	-0.113	0.113
   867	-0.0164956	-0.113	0.113
   868	-0.0209176	-0.113	0.113
   869	-0.0163452	-0.113	0.113
   870	-0.0145221	-0.113	0.113
   871	-0.0393997	-0.113	0.113
   872	-0.0115308	-0.113	0.113
   873	-0.0190247	-0.113	0.113
   874	-0.0102185	-0.113	0.113
   875	-0.0172482	-0.113	0.113
   876	-0.0144178	-0.113	0.113
   877	-0.0294963	-0.113	0.113
   878	-0.0340208	-0.113	0.113
   879	-0.0219606	-0.113	0.113
   880	-0.03199	-0.113	0.113
   881	-0.0186612	-0.113	0.113
   882	-0.0252159	-0.113	0.113
   883	-0.0199698	-0.113	0.113
   884	-0.0384498	-0.113	0.113
   885	-0.0439902	-0.113	0.113
   886	-0.0338308	-0.113	0.113
   887	-0.0357911	-0.113	0.113
   888	-0.0260483	-0.113	0.113
   889	-0.0123064	-0.113	0.113
   890	-0.0286166	-0.113	0.113
   891	-0.0534883	-0.113	0.113
   892	-0.0437232	-0.113	0.113
   893	-0.0184191	-0.113	0.113
   894	-0.0165039	-0.113	0.113
   895	-0.0279629	-0.113	0.113
   896	-0.0125138	-0.113	0.113
   897	-0.042396	-0.113	0.113
   898	-0.036882	-0.113	0.113
   899	-0.0383111	-0.113	0.113
   900	-0.0330696	-0.113	0.113
   901	-0.0109572	-0.113	0.113
   902	-0.0232641	-0.113	0.113
   903	-0.0274757	-0.113	0.113
   904	-0.0193543	-0.113	0.113
   905	-0.0314037	-0.113	0.113
   906	-0.0309599	-0.113	0.113
   907	-0.028783	-0.113	0.113
   908	-0.0184646	-0.113	0.113
   909	-0.0197175	-0.113	0.113
   910	-0.0411941	-0.113	0.113
   911	-0.0124806	-0.113	0.113
   912	-0.0135749	-0.113	0.113
   913	-0.02567	-0.113	0.113
   914	-0.0270631	-0.113	0.113
   915	-0.0122295	-0.113	0.113
   916	-0.0439956	-0.113	0.113
   917	-0.0331991	-0.113	0.113
   918	-0.0282174	-0.113	0.113
   919	-0.0144895	-0.113	0.113
   920	-0.0270717	-0.113	0.113
   921	-0.0131704	-0.113	0.113
   922	-0.0206157	-0.113	0.113
   923	-0.0228189	-0.113	0.113
   924	-0.0116832	-0.113	0.113
   925	-0.0318442	-0.113	0.113
   926	-0.0391094	-0.113	0.113
   927	-0.0201995	-0.113	0.113
   928	-0.0331706	-0.113	0.113
   929	-0.0171514	-0.113	0.113
   930	-0.037018	-0.113	0.113
   931	-0.0161327	-0.113	0.113
   932	-0.0163824	-0.113	0.113
   933	-0.0125343	-0.113	0.113
   934	-0.0190906	-0.113	0.113
   935	-0.0183332	-0.113	0.113
   936	-0.0106674	-0.113	0.113
   937	-0.0383848	-0.113	0.113
   938	-0.0356828	-0.113	0.113
   939	-0.0285937	-0.113	0.113
   940	-0.0361875	-0.113	0.113
   941	-0.0404566	-0.113	0.113
   942	-0.0241152	-0.113	0.113
   943	-0.0328817	-0.113	0.113
   944	-0.0303512	-0.113	0.113
   945	-0.0227153	-0.113	0.113
   946	-0.0372668	-0.113	0.113
   947	-0.0436028	-0.113	0.113
   948	-0.0129464	-0.113	0.113
   949	-0.0398695	-0.113	0.113
   950	-0.022265	-0.113	0.113
   951	-0.0226771	-0.113	0.113
   952	-0.0224573	-0.113	0.113
   953	-0.0208114	-0.113	0.113
   954	-0.0270292	-0.113	0.113
   955	-0.0179017	-0.113	0.113
   956	-0.012066	-0.113	0.113
   957	-0.0248669	-0.113	0.113
   958	-0.0347211	-0.113	0.113
   959	-0.0436922	-0.113	0.113
   960	-0.027918	-0.113	0.113
   961	-0.0331508	-0.113	0.113
   962	-0.0259775	-0.113	0.113
   963	-0.0166476	-0.113	0.113
   964	-0.0182839	-0.113	0.113
   965	-0.0152883	-0.113	0.113
   966	-0.0355113	-0.113	0.113
   967	-0.0425446	-0.113	0.113
   968	-0.0142572	-0.113	0.113
   969	-0.0285944	-0.113	0.113
   970	-0.0338768	-0.113	0.113
   971	-0.0132884	-0.113	0.113
   972	-0.0369047	-0.113	0.113
   973	-0.0317202	-0.113	0.113
   974	-0.0335178	-0.113	0.113
   975	-0.0334863	-0.113	0.113
   976	-0.0362215	-0.113	0.113
   977	-0.0257561	-0.113	0.113
   978	-0.0353422	-0.113	0.113
   979	-0.0114755	-0.113	0.113
   980	-0.0335255	-0.113	0.113
   981	-0.0302417	-0.113	0.113
   982	-0.0260974	-0.113	0.113
   983	-0.0160684	-0.113	0.113
   984	-0.0200353	-0.113	0.113
   985	-0.0304446	-0.113	0.113
   986	-0.0330173	-0.113	0.113
   987	-0.0238564	-0.113	0.113
   988	-0.0271421	-0.113	0.113
   989	-0.023243	-0.113	0.113
   990	-0.0373616	-0.113	0.113
   991	-0.0438536	-0.113	0.113
   992	-0.0411459	-0.113	0.113
   993	-0.0117697	-0.113	0.113
   994	-0.0379311	-0.113	0.113
   995	-0.0416835	-0.113	0.113
   996	-0.010936	-0.113	0.113
   997	-0.0282438	-0.113	0.113
   998	-0.0207706	-0.113	0.113
   999	-0.0399859	-0.113	0.113
  1000	-0.0402928	-0.113	0.113
  1001	-0.0113968	-0.113	0.113
  1002	-0.0410991	-0.113	0.113
  1003	-0.0101644	-0.113	0.113
  1004	-0.039368	-0.113	0.113
  1005	-0.0101687	-0.113	0.113
  1006	-0.0225339	-0.113	0.113
  1007	-0.0292917	-0.113	0.113
  1008	-0.0134191	-0.113	0.113
  1009	-0.0330063	-0.113	0.113
  1010	-0.0293722	-0.113	0.113
  1011	-0.0142861	-0.113	0.113
  1012	-0.0261707	-0.113	0.113
  1013	-0.0405537	-0.113	0.113
  1014	-0.0368973	-0.113	0.113
  1015	-0.0431789	-0.113	0.113
  1016	-0.0172079	-0.113	0.113
  1017	-0.0133037	-0.113	0.113
  1018	-0.0427014	-0.113	0.113
  1019	-0.0302344	-0.113	0.113
  1020	-0.0422189	-0.113	0.113
  1021	-0.0184327	-0.113	0.113
  1022	-0.0101559	-0.113	0.113
  1023	-0.0290772	-0.113	0.113
  1024	-0.0145483	-0.113	0.113
  1025	-0.0352777	-0.113	0.113
  1026	-0.0304279	-0.113	0.113
  1027	-0.036031	-0.113	0.113
  1028	-0.0123871	-0.113	0.113
  1029	-0.0224442	-0.113	0.113
  1030	-0.0396985	-0.113	0.113
  1031	-0.0152562	-0.113	0.113
  1032	-0.0186226	-0.113	0.113
  1033	-0.0321683	-0.113	0.113
  1034	-0.0142845	-0.113	0.113
  1035	-0.0352239	-0.113	0.113
  1036	-0.010506	-0.113	0.113
  1037	-0.0279517	-0.113	0.113
  1038	-0.0216595	-0.113	0.113
  1039	-0.0356124	-0.113	0.113
  1040	-0.0130764	-0.113	0.113
  1041	-0.0149643	-0.113	0.113
  1042	-0.0153529	-0.113	0.113
  1043	-0.0111537	-0.113	0.113
  1044	-0.0209109	-0.113	0.113
  1045	-0.0391589	-0.113	0.113
  1046	-0.014491	-0.113	0.113
  1047	-0.0143031	-0.113	0.113
  1048	-0.0433566	-0.113	0.113
  1049	-0.0110517	-0.113	0.113
  1050	-0.0299682	-0.113	0.113
  1051	-0.0149097	-0.113	0.113
  1052	-0.0322811	-0.113	0.113
  1053	-0.0118358	-0.113	0.113
  1054	-0.0273133	-0.113	0.113
  1055	-0.0415018	-0.113	0.113
  1056	-0.0209547	-0.113	0.113
  1057	-0.0429567	-0.113	0.113
  1058	-0.0371358	-0.113	0.113
  1059	-0.020091	-0.113	0.113
  1060	-0.0294765	-0.113	0.113
  1061	-0.0113334	-0.113	0.113
  1062	-0.0102864	-0.113	0.113
  1063	-0.0355469	-0.113	0.113
  1064	-0.0222686	-0.113	0.113
  1065	-0.0173853	-0.113	0.113
  1066	-0.0407927	-0.113	0.113
  1067	-0.0149135	-0.113	0.113
  1068	-0.0237824	-0.113	0.113
  1069	-0.0148354	-0.113	0.113
  1070	-0.0109848	-0.113	0.113
  1071	-0.0364811	-0.113	0.113
  1072	-0.0243171	-0.113	0.113
  1073	-0.0411549	-0.113	0.113
  1074	-0.0422639	-0.113	0.113
  1075	-0.0312937	-0.113	0.113
  1076	-0.0112348	-0.113	0.113
  1077	-0.0319879	-0.113	0.113
  1078	-0.025292	-0.113	0.113
  1079	-0.0124795	-0.113	0.113
  1080	-0.0134518	-0.113	0.113
  1081	-0.0163897	-0.113	0.113
  1082	-0.0260317	-0.113	0.113
  1083	-0.0292219	-0.113	0.113
  1084	-0.0314398	-0.113	0.113
  1085	-0.0441342	-0.113	0.113
  1086	-0.0181271	-0.113	0.113
  1087	-0.0144686	-0.113	0.113
  1088	-0.0115965	-0.113	0.113
  1089	-0.0264871	-0.113	0.113
  1090	-0.0426467	-0.113	0.113
  1091	-0.0376895	-0.113	0.113
  1092	-0.022826	-0.113	0.113
  1093	-0.0208582	-0.113	0.113
  1094	-0.0429077	-0.113	0.113
  1095	-0.0140299	-0.113	0.113
  1096	-0.0223551	-0.113	0.113
  1097	-0.0433607	-0.113	0.113
  1098	-0.0168652	-0.113	0.113
  1099	-0.0312739	-0.113	0.113
  1100	-0.0206273	-0.113	0.113
  1101	-0.0122449	-0.113	0.113
  1102	-0.0105342	-0.113	0.113
  1103	-0.0291502	-0.113	0.113
  1104	-0.0426352	-0.113	0.113
  1105	-0.015643	-0.113	0.113
  1106	-0.0140442	-0.113	0.113
  1107	-0.0247616	-0.113	0.113
  1108	-0.04365	-0.113	0.113
  1109	-0.0346386	-0.113	0.113
  1110	-0.0125068	-0.113	0.113
  1111	-0.016952	-0.113	0.113
  1112	-0.0415362	-0.113	0.113
  1113	-0.0406711	-0.113	0.113
  1114	-0.0191517	-0.113	0.113
  1115	-0.0163482	-0.113	0.113
  1116	-0.0268941	-0.113	0.113
  1117	-0.0423175	-0.113	0.113
  1118	-0.0372797	-0.113	0.113
  1119	-0.0485714	-0.113	0.113
  1120	-0.0388139	-0.113	0.113
  1121	-0.0185562	-0.113	0.113
  1122	-0.0387738	-0.113	0.113
  1123	-0.0230822	-0.113	0.113
  1124	-0.0283606	-0.113	0.113
  1125	-0.0242549	-0.113	0.113
  1126	-0.0352258	-0.113	0.113
  1127	-0.0208076	-0.113	0.113
  1128	-0.0128983	-0.113	0.113
  1129	-0.0135532	-0.113	0.113
  1130	-0.0413653	-0.113	0.113
  1131	-0.0390454	-0.113	0.113
  1132	-0.0215779	-0.113	0.113
  1133	-0.0344654	-0.113	0.113
  1134	-0.0436541	-0.113	0.113
  1135	-0.0391016	-0.113	0.113
  1136	-0.0313918	-0.113	0.113
  1137	-0.0372842	-0.113	0.113
  1138	-0.0133031	-0.113	0.113
  1139	-0.0125491	-0.113	0.113
  1140	-0.0407391	-0.113	0.113
  1141	-0.0154574	-0.113	0.113
  1142	-0.0198859	-0.113	0.113
  1143	-0.0419162	-0.113	0.113
  1144	-0.0258643	-0.113	0.113
  1145	-0.0378345	-0.113	0.113
  1146	-0.0366522	-0.113	0.113
  1147	-0.0408632	-0.113	0.113
  1148	-0.0106234	-0.113	0.113
  1149	-0.0135809	-0.113	0.113
  1150	-0.042369	-0.113	0.113
  1151	-0.0175397	-0.113	0.113
  1152	-0.0240132	-0.113	0.113
  1153	-0.0227957	-0.113	0.113
  1154	-0.0222111	-0.113	0.113
  1155	-0.0405366	-0.113	0.113
  1156	-0.0436331	-0.113	0.113
  1157	-0.0105346	-0.113	0.113
  1158	-0.044277	-0.113	0.113
  1159	-0.01019	-0.113	0.113
  1160	-0.0166144	-0.113	0.113
  1161	-0.0368091	-0.113	0.113
  1162	-0.0379401	-0.113	0.113
  1163	-0.031915	-0.113	0.113
  1164	-0.0394122	-0.113	0.113
  1165	-0.0427741	-0.113	0.113
  1166	-0.0276097	-0.113	0.113
  1167	-0.0420185	-0.113	0.113
  1168	-0.0321999	-0.113	0.113
  1169	-0.0264893	-0.113	0.113
  1170	-0.0422229	-0.113	0.113
  1171	-0.0284309	-0.113	0.113
  1172	-0.0330526	-0.113	0.113
  1173	-0.0375475	-0.113	0.113
  1174	-0.0334887	-0.113	0.113
  1175	-0.0361109	-0.113	0.113
  1176	-0.0314688	-0.113	0.113
  1177	-0.0391958	-0.113	0.113
  1178	-0.0158621	-0.113	0.113
  1179	-0.0168198	-0.113	0.113
  1180	-0.0162356	-0.113	0.113
  1181	-0.0405023	-0.113	0.113
  1182	-0.0418864	-0.113	0.113
  1183	-0.0173392	-0.113	0.113
  1184	-0.0124952	-0.113	0.113
  1185	-0.0405911	-0.113	0.113
  1186	-0.0426648	-0.113	0.113
  1187	-0.0213494	-0.113	0.113
  1188	-0.0233608	-0.113	0.113
  1189	-0.0426508	-0.113	0.113
  1190	-0.0273731	-0.113	0.113
  1191	-0.0416308	-0.113	0.113
  1192	-0.0156071	-0.113	0.113
  1193	-0.0298746	-0.113	0.113
  1194	-0.0440836	-0.113	0.113
  1195	-0.0294231	-0.113	0.113
  1196	-0.0433128	-0.113	0.113
  1197	-0.0165223	-0.113	0.113
  1198	-0.0439048	-0.113	0.113
  1199	-0.0535715	-0.113	0.113
  1200	-0.0286716	-0.113	0.113
  1201	-0.0270378	-0.113	0.113
  1202	-0.0350364	-0.113	0.113
  1203	-0.022295	-0.113	0.113
  1204	-0.0389675	-0.113	0.113
  1205	-0.0382749	-0.113	0.113
  1206	-0.0231027	-0.113	0.113
  1207	-0.0154244	-0.113	0.113
  1208	-0.0327973	-0.113	0.113
  1209	-0.0431484	-0.113	0.113
  1210	-0.0133622	-0.113	0.113
  1211	-0.0399835	-0.113	0.113
  1212	-0.0263637	-0.113	0.113
  1213	-0.0102978	-0.113	0.113
  1214	-0.0345942	-0.113	0.113
  1215	-0.0116155	-0.113	0.113
  1216	-0.0354884	-0.113	0.113
  1217	-0.0346122	-0.113	0.113
  1218	-0.0305473	-0.113	0.113
  1219	-0.0419618	-0.113	0.113
  1220	-0.0234774	-0.113	0.113
  1221	-0.0342155	-0.113	0.113
  1222	-0.0250079	-0.113	0.113
  1223	-0.0345444	-0.113	0.113
  1224	-0.0383054	-0.113	0.113
  1225	-0.0410057	-0.113	0.113
  1226	-0.010265	-0.113	0.113
  1227	-0.0167326	-0.113	0.113
  1228	-0.0422069	-0.113	0.113
  1229	-0.0376423	-0.113	0.113
  1230	-0.0142276	-0.113	0.113
  1231	-0.0143754	-0.113	0.113
  1232	-0.0330071	-0.113	0.113
  1233	-0.0271612	-0.113	0.113
  1234	-0.0132902	-0.113	0.113
  1235	-0.0247269	-0.113	0.113
  1236	-0.0362016	-0.113	0.113
  1237	-0.0159266	-0.113	0.113
  1238	-0.0437792	-0.113	0.113
  1239	-0.0444969	-0.113	0.113
  1240	-0.0143625	-0.113	0.113
  1241	-0.0326193	-0.113	0.113
  1242	-0.0251538	-0.113	0.113
  1243	-0.0382436	-0.113	0.113
  1244	-0.0272336	-0.113	0.113
  1245	-0.0240201	-0.113	0.113
  1246	-0.0225427	-0.113	0.113
  1247	-0.0399509	-0.113	0.113
  1248	-0.0103099	-0.113	0.113
  1249	-0.0112907	-0.113	0.113
  1250	-0.0432869	-0.113	0.113
  1251	-0.0210991	-0.113	0.113
  1252	-0.0438015	-0.113	0.113
  1253	-0.0242486	-0.113	0.113
  1254	-0.0360812	-0.113	0.113
  1255	-0.0399361	-0.113	0.113
  1256	-0.0320228	-0.113	0.113
  1257	-0.0132964	-0.113	0.113
  1258	-0.0190007	-0.113	0.113
  1259	-0.0174647	-0.113	0.113
  1260	-0.0125572	-0.113	0.113
  1261	-0.0393799	-0.113	0.113
  1262	-0.0344739	-0.113	0.113
  1263	-0.0386409	-0.113	0.113
  1264	-0.0438155	-0.113	0.113
  1265	-0.0395749	-0.113	0.113
  1266	-0.0390276	-0.113	0.113
  1267	-0.0125765	-0.113	0.113
  1268	-0.0277486	-0.113	0.113
  1269	-0.0130419	-0.113	0.113
  1270	-0.02141	-0.113	0.113
  1271	-0.0227466	-0.113	0.113
  1272	-0.0421126	-0.113	0.113
  1273	-0.0455878	-0.113	0.113
  1274	-0.0122309	-0.113	0.113
  1275	-0.0396878	-0.113	0.113
  1276	-0.0209899	-0.113	0.113
  1277	-0.0425436	-0.113	0.113
  1278	-0.0221108	-0.113	0.113
  1279	-0.0344648	-0.113	0.113
  1280	-0.0143826	-0.113	0.113
  1281	-0.023677	-0.113	0.113
  1282	-0.0267095	-0.113	0.113
  1283	-0.0222936	-0.113	0.113
  1284	-0.0259488	-0.113	0.113
  1285	-0.015356	-0.113	0.113
  1286	-0.0127075	-0.113	0.113
  1287	-0.0251102	-0.113	0.113
  1288	-0.0219421	-0.113	0.113
  1289	-0.0150251	-0.113	0.113
  1290	-0.0126761	-0.113	0.113
  1291	-0.0110115	-0.113	0.113
  1292	-0.0315344	-0.113	0.113
  1293	-0.0171761	-0.113	0.113
  1294	-0.0110573	-0.113	0.113
  1295	-0.042343	-0.113	0.113
  1296	-0.0432185	-0.113	0.113
  1297	-0.0260011	-0.113	0.113
  1298	-0.0131954	-0.113	0.113
  1299	-0.0343291	-0.113	0.113
  1300	-0.0152457	-0.113	0.113
  1301	-0.0433091	-0.113	0.113
  1302	-0.0153045	-0.113	0.113
  1303	-0.0101286	-0.113	0.113
  1304	-0.0105968	-0.113	0.113
  1305	-0.0157098	-0.113	0.113
  1306	-0.0414732	-0.113	0.113
  1307	-0.0392062	-0.113	0.113
  1308	-0.0423498	-0.113	0.113
  1309	-0.0258753	-0.113	0.113
  1310	-0.0191566	-0.113	0.113
  1311	-0.0437563	-0.113	0.113
  1312	-0.0320652	-0.113	0.113
  1313	-0.0325139	-0.113	0.113
  1314	-0.0114165	-0.113	0.113
  1315	-0.0127979	-0.113	0.113
  1316	-0.0192853	-0.113	0.113
  1317	-0.0262332	-0.113	0.113
  1318	-0.043434	-0.113	0.113
  1319	-0.0279584	-0.113	0.113
  1320	-0.0112518	-0.113	0.113
  1321	-0.0349578	-0.113	0.113
  1322	-0.0106484	-0.113	0.113
  1323	-0.0213103	-0.113	0.113
  1324	-0.0162392	-0.113	0.113
  1325	-0.0363212	-0.113	0.113
  1326	-0.0222836	-0.113	0.113
  1327	-0.026433	-0.113	0.113
  1328	-0.0199455	-0.113	0.113
  1329	-0.0356879	-0.113	0.113
  1330	-0.0131255	-0.113	0.113
  1331	-0.0135283	-0.113	0.113
  1332	-0.0220226	-0.113	0.113
  1333	-0.014464	-0.113	0.113
  1334	-0.0391415	-0.113	0.113
  1335	-0.0177886	-0.113	0.113
  1336	-0.0306856	-0.113	0.113
  1337	-0.0427821	-0.113	0.113
  1338	-0.0215331	-0.113	0.113
  1339	-0.0245557	-0.113	0.113
  1340	-0.0150123	-0.113	0.113
  1341	-0.010744	-0.113	0.113
  1342	-0.0124159	-0.113	0.113
  1343	-0.0271669	-0.113	0.113
  1344	-0.0122375	-0.113	0.113
  1345	-0.0247533	-0.113	0.113
  1346	-0.0428957	-0.113	0.113
  1347	-0.0348412	-0.113	0.113
  1348	-0.0267295	-0.113	0.113
  1349	-0.0143326	-0.113	0.113
  1350	-0.023558	-0.113	0.113
  1351	-0.0108843	-0.113	0.113
  1352	-0.0175632	-0.113	0.113
  1353	-0.0137036	-0.113	0.113
  1354	-0.031614	-0.113	0.113
  1355	-0.0262511	-0.113	0.113
  1356	-0.0424798	-0.113	0.113
  1357	-0.0412658	-0.113	0.113
  1358	-0.0330378	-0.113	0.113
  1359	-0.0347037	-0.113	0.113
  1360	-0.0204423	-0.113	0.113
  1361	-0.0320052	-0.113	0.113
  1362	-0.0411135	-0.113	0.113
  1363	-0.019237	-0.113	0.113
  1364	-0.0328224	-0.113	0.113
  1365	-0.0209929	-0.113	0.113
  1366	-0.0417808	-0.113	0.113
  1367	-0.0286959	-0.113	0.113
  1368	-0.0261241	-0.113	0.113
  1369	-0.0129191	-0.113	0.113
  1370	-0.0268934	-0.113	0.113
  1371	-0.0145952	-0.113	0.113
  1372	-0.0222967	-0.113	0.113
  1373	-0.0238426	-0.113	0.113
  1374	-0.0144515	-0.113	0.113
  1375	-0.0432203	-0.113	0.113
  1376	-0.0367329	-0.113	0.113
  1377	-0.0391649	-0.113	0.113
  1378	-0.0231281	-0.113	0.113
  1379	-0.0178448	-0.113	0.113
  1380	-0.0230222	-0.113	0.113
  1381	-0.0245925	-0.113	0.113
  1382	-0.0312202	-0.113	0.113
  1383	-0.0101756	-0.113	0.113
  1384	-0.0233313	-0.113	0.113
  1385	-0.0418634	-0.113	0.113
  1386	-0.0438469	-0.113	0.113
  1387	-0.0306655	-0.113	0.113
  1388	-0.0266089	-0.113	0.113
  1389	-0.0349602	-0.113	0.113
  1390	-0.0325967	-0.113	0.113
  1391	-0.0399606	-0.113	0.113
  1392	-0.0410338	-0.113	0.113
  1393	-0.0136375	-0.113	0.113
  1394	-0.0284478	-0.113	0.113
  1395	-0.0386978	-0.113	0.113
  1396	-0.044083	-0.113	0.113
  1397	-0.0196222	-0.113	0.113
  1398	-0.0117227	-0.113	0.113
  1399	-0.0165149	-0.113	0.113
  1400	-0.0388881	-0.113	0.113
  1401	-0.0318266	-0.113	0.113
  1402	-0.0158519	-0.113	0.113
  1403	-0.0431241	-0.113	0.113
  1404	-0.0181166	-0.113	0.113
  1405	-0.0377888	-0.113	0.113
  1406	-0.0177333	-0.113	0.113
  1407	-0.0384023	-0.113	0.113
  1408	-0.0364636	-0.113	0.113
  1409	-0.0325895	-0.113	0.113
  1410	-0.0363279	-0.113	0.113
  1411	-0.0250832	-0.113	0.113
  1412	-0.0305422	-0.113	0.113
  1413	-0.0244271	-0.113	0.113
  1414	-0.0285762	-0.113	0.113
  1415	-0.0439959	-0.113	0.113
  1416	-0.0432423	-0.113	0.113
  1417	-0.0430916	-0.113	0.113
  1418	-0.0133189	-0.113	0.113
  1419	-0.0391218	-0.113	0.113
  1420	-0.0422848	-0.113	0.113
  1421	-0.031026	-0.113	0.113
  1422	-0.0366961	-0.113	0.113
  1423	-0.0359075	-0.113	0.113
  1424	-0.0249762	-0.113	0.113
  1425	-0.04403	-0.113	0.113
  1426	-0.0146883	-0.113	0.113
  1427	-0.0116943	-0.113	0.113
  1428	-0.015081	-0.113	0.113
  1429	-0.0356984	-0.113	0.113
  1430	-0.0331422	-0.113	0.113
  1431	-0.0110301	-0.113	0.113
  1432	-0.0303557	-0.113	0.113
  1433	-0.0375435	-0.113	0.113
  1434	-0.0329702	-0.113	0.113
  1435	-0.0244446	-0.113	0.113
  1436	-0.0316168	-0.113	0.113
  1437	-0.0219664	-0.113	0.113
  1438	-0.0154465	-0.113	0.113
  1439	-0.040278	-0.113	0.113
  1440	-0.0190681	-0.113	0.113
  1441	-0.0139997	-0.113	0.113
  1442	-0.0192307	-0.113	0.113
  1443	-0.0159319	-0.113	0.113
  1444	-0.0436711	-0.113	0.113
  1445	-0.012044	-0.113	0.113
  1446	-0.0223019	-0.113	0.113
  1447	-0.0194219	-0.113	0.113
  1448	-0.0279516	-0.113	0.113
  1449	-0.0338561	-0.113	0.113
  1450	-0.0135281	-0.113	0.113
  1451	-0.020739	-0.113	0.113
  1452	-0.0352737	-0.113	0.113
  1453	-0.0114557	-0.113	0.113
  1454	-0.032031	-0.113	0.113
  1455	-0.0205593	-0.113	0.113
  1456	-0.0364837	-0.113	0.113
  1457	-0.0412807	-0.113	0.113
  1458	-0.0146669	-0.113	0.113
  1459	-0.0245831	-0.113	0.113
  1460	-0.0173806	-0.113	0.113
  1461	-0.0292678	-0.113	0.113
  1462	-0.0152871	-0.113	0.113
  1463	-0.0392258	-0.113	0.113
  1464	-0.0203705	-0.113	0.113
  1465	-0.0407576	-0.113	0.113
  1466	-0.0126248	-0.113	0.113
  1467	-0.0183098	-0.113	0.113
  1468	-0.0249005	-0.113	0.113
  1469	-0.0174825	-0.113	0.113
  1470	-0.0312219	-0.113	0.113
  1471	-0.0119625	-0.113	0.113
  1472	-0.0184194	-0.113	0.113
  1473	-0.035143	-0.113	0.113
  1474	-0.0193816	-0.113	0.113
  1475	-0.0134326	-0.113	0.113
  1476	-0.0395294	-0.113	0.113
  1477	-0.0405293	-0.113	0.113
  1478	-0.0411014	-0.113	0.113
  1479	-0.0391334	-0.113	0.113
  1480	-0.0366255	-0.113	0.113
  1481	-0.0140807	-0.113	0.113
  1482	-0.0280796	-0.113	0.113
  1483	-0.0366867	-0.113	0.113
  1484	-0.0357161	-0.113	0.113
  1485	-0.0226566	-0.113	0.113
  1486	-0.0219065	-0.113	0.113
  1487	-0.0154627	-0.113	0.113
  1488	-0.0308643	-0.113	0.113
  1489	-0.0221402	-0.113	0.113
  1490	-0.0254749	-0.113	0.113
  1491	-0.0145269	-0.113	0.113
  1492	-0.0427083	-0.113	0.113
  1493	-0.0190948	-0.113	0.113
  1494	-0.0315652	-0.113	0.113
  1495	-0.0154611	-0.113	0.113
  1496	-0.0253762	-0.113	0.113
  1497	-0.0432642	-0.113	0.113
  1498	-0.0434503	-0.113	0.113
  1499	-0.0370009	-0.113	0.113
  1500	-0.0306514	-0.113	0.113
  1501	-0.0222239	-0.113	0.113
  1502	-0.0172824	-0.113	0.113
  1503	-0.0245037	-0.113	0.113
  1504	-0.0212064	-0.113	0.113
  1505	-0.0155441	-0.113	0.113
  1506	-0.0295152	-0.113	0.113
  1507	-0.0216303	-0.113	0.113
  1508	-0.0133477	-0.113	0.113
  1509	-0.0346784	-0.113	0.113
  1510	-0.0114615	-0.113	0.113
  1511	-0.0356958	-0.113	0.113
  1512	-0.0393239	-0.113	0.113
  1513	-0.0164171	-0.113	0.113
  1514	-0.029409	-0.113	0.113
  1515	-0.0438689	-0.113	0.113
  1516	-0.0326239	-0.113	0.113
  1517	-0.02424	-0.113	0.113
  1518	-0.0183283	-0.113	0.113
  1519	-0.0398544	-0.113	0.113
  1520	-0.0153426	-0.113	0.113
  1521	-0.0125233	-0.113	0.113
  1522	-0.0385637	-0.113	0.113
  1523	-0.0423329	-0.113	0.113
  1524	-0.0314197	-0.113	0.113
  1525	-0.0309448	-0.113	0.113
  1526	-0.0366291	-0.113	0.113
  1527	-0.0437579	-0.113	0.113
  1528	-0.0362728	-0.113	0.113
  1529	-0.0226058	-0.113	0.113
  1530	-0.0112636	-0.113	0.113
  1531	-0.0165285	-0.113	0.113
  1532	-0.0436785	-0.113	0.113
  1533	-0.043516	-0.113	0.113
  1534	-0.0305364	-0.113	0.113
  1535	-0.041969	-0.113	0.113
  1536	-0.0296977	-0.113	0.113
  1537	-0.0421198	-0.113	0.113
  1538	-0.020559	-0.113	0.113
  1539	-0.0318936	-0.113	0.113
  1540	-0.0174988	-0.113	0.113
  1541	-0.0422816	-0.113	0.113
  1542	-0.0293456	-0.113	0.113
  1543	-0.0140782	-0.113	0.113
  1544	-0.0213161	-0.113	0.113
  1545	-0.0391665	-0.113	0.113
  1546	-0.0139713	-0.113	0.113
  1547	-0.0110036	-0.113	0.113
  1548	-0.0300992	-0.113	0.113
  1549	-0.0230657	-0.113	0.113
  1550	-0.0166408	-0.113	0.113
  1551	-0.0171307	-0.113	0.113
  1552	-0.0103718	-0.113	0.113
  1553	-0.0382758	-0.113	0.113
  1554	-0.032092	-0.113	0.113
  1555	-0.0166529	-0.113	0.113
  1556	-0.0119041	-0.113	0.113
  1557	-0.0336627	-0.113	0.113
  1558	-0.0160354	-0.113	0.113
  1559	-0.0116604	-0.113	0.113
  1560	-0.0150964	-0.113	0.113
  1561	-0.0397849	-0.113	0.113
  1562	-0.0428709	-0.113	0.113
  1563	-0.0182982	-0.113	0.113
  1564	-0.0213356	-0.113	0.113
  1565	-0.0195333	-0.113	0.113
  1566	-0.0161505	-0.113	0.113
  1567	-0.0251467	-0.113	0.113
  1568	-0.0163511	-0.113	0.113
  1569	-0.0111671	-0.113	0.113
  1570	-0.0438475	-0.113	0.113
  1571	-0.0243118	-0.113	0.113
  1572	-0.032295	-0.113	0.113
  1573	-0.0250819	-0.113	0.113
  1574	-0.0336458	-0.113	0.113
  1575	-0.0306867	-0.113	0.113
  1576	-0.0422849	-0.113	0.113
  1577	-0.0281327	-0.113	0.113
  1578	-0.0235122	-0.113	0.113
  1579	-0.0402776	-0.113	0.113
  1580	-0.0417932	-0.113	0.113
  1581	-0.0199504	-0.113	0.113
  1582	-0.0297302	-0.113	0.113
  1583	-0.0212416	-0.113	0.113
  1584	-0.0177572	-0.113	0.113
  1585	-0.0434426	-0.113	0.113
  1586	-0.0394183	-0.113	0.113
  1587	-0.0370773	-0.113	0.113
  1588	-0.0328589	-0.113	0.113
  1589	-0.0349376	-0.113	0.113
  1590	-0.0135129	-0.113	0.113
  1591	-0.0163797	-0.113	0.113
  1592	-0.0149902	-0.113	0.113
  1593	-0.0440194	-0.113	0.113
  1594	-0.0317021	-0.113	0.113
  1595	-0.0440284	-0.113	0.113
  1596	-0.0177542	-0.113	0.113
  1597	-0.0266817	-0.113	0.113
  1598	-0.0260525	-0.113	0.113
  1599	-0.0307515	-0.113	0.113
  1600	-0.0204771	-0.113	0.113
  1601	-0.0427737	-0.113	0.113
  1602	-0.0199341	-0.113	0.113
  1603	-0.0411481	-0.113	0.113
  1604	-0.0261504	-0.113	0.113
  1605	-0.0281602	-0.113	0.113
  1606	-0.0109327	-0.113	0.113
  1607	-0.0440708	-0.113	0.113
  1608	-0.0117827	-0.113	0.113
  1609	-0.0274608	-0.113	0.113
  1610	-0.0436834	-0.113	0.113
  1611	-0.0404825	-0.113	0.113
  1612	-0.0146837	-0.113	0.113
  1613	-0.0361034	-0.113	0.113
  1614	-0.0433611	-0.113	0.113
  1615	-0.029021	-0.113	0.113
  1616	-0.0109415	-0.113	0.113
  1617	-0.0366857	-0.113	0.113
  1618	-0.0195142	-0.113	0.113
  1619	-0.0410897	-0.113	0.113
  1620	-0.044076	-0.113	0.113
  1621	-0.0257536	-0.113	0.113
  1622	-0.0289821	-0.113	0.113
  1623	-0.0439302	-0.113	0.113
  1624	-0.0440976	-0.113	0.113
  1625	-0.0140751	-0.113	0.113
  1626	-0.0278372	-0.113	0.113
  1627	-0.041031	-0.113	0.113
  1628	-0.0221788	-0.113	0.113
  1629	-0.0431628	-0.113	0.113
  1630	-0.0108387	-0.113	0.113
  1631	-0.041499	-0.113	0.113
  1632	-0.0441223	-0.113	0.113
  1633	-0.0275247	-0.113	0.113
  1634	-0.0316161	-0.113	0.113
  1635	-0.0248845	-0.113	0.113
  1636	-0.0142965	-0.113	0.113
  1637	-0.0134829	-0.113	0.113
  1638	-0.030828	-0.113	0.113
  1639	-0.0127858	-0.113	0.113
  1640	-0.0217737	-0.113	0.113
  1641	-0.0293169	-0.113	0.113
  1642	-0.0108033	-0.113	0.113
  1643	-0.0286826	-0.113	0.113
  1644	-0.0127403	-0.113	0.113
  1645	-0.0257706	-0.113	0.113
  1646	-0.0193018	-0.113	0.113
  1647	-0.0267936	-0.113	0.113
  1648	-0.0162945	-0.113	0.113
  1649	-0.0137845	-0.113	0.113
  1650	-0.0135652	-0.113	0.113
  1651	-0.0169883	-0.113	0.113
  1652	-0.0245596	-0.113	0.113
  1653	-0.0228589	-0.113	0.113
  1654	-0.0436492	-0.113	0.113
  1655	-0.0383957	-0.113	0.113
  1656	-0.0257171	-0.113	0.113
  1657	-0.0328461	-0.113	0.113
  1658	-0.0143557	-0.113	0.113
  1659	-0.0327014	-0.113	0.113
  1660	-0.0366672	-0.113	0.113
  1661	-0.0185297	-0.113	0.113
  1662	-0.0418568	-0.113	0.113
  1663	-0.0425659	-0.113	0.113
  1664	-0.0281538	-0.113	0.113
  1665	-0.0436653	-0.113	0.113
  1666	-0.0191	-0.113	0.113
  1667	-0.0418006	-0.113	0.113
  1668	-0.0194262	-0.113	0.113
  1669	-0.0345736	-0.113	0.113
  1670	-0.026538	-0.113	0.113
  1671	-0.0223474	-0.113	0.113
  1672	-0.027954	-0.113	0.113
  1673	-0.011667	-0.113	0.113
  1674	-0.0290566	-0.113	0.113
  1675	-0.0393456	-0.113	0.113
  1676	-0.0330462	-0.113	0.113
  1677	-0.0148766	-0.113	0.113
  1678	-0.0286786	-0.113	0.113
  1679	-0.0270014	-0.113	0.113
  1680	-0.043589	-0.113	0.113
  1681	-0.0226574	-0.113	0.113
  1682	-0.0203606	-0.113	0.113
  1683	-0.0126765	-0.113	0.113
  1684	-0.0157164	-0.113	0.113
  1685	-0.0256474	-0.113	0.113
  1686	-0.0304741	-0.113	0.113
  1687	-0.0381804	-0.113	0.113
  1688	-0.0328629	-0.113	0.113
  1689	-0.0198466	-0.113	0.113
  1690	-0.0380463	-0.113	0.113
  1691	-0.0432143	-0.113	0.113
  1692	-0.038855	-0.113	0.113
  1693	-0.0269233	-0.113	0.113
  1694	-0.0139467	-0.113	0.113
  1695	-0.0438184	-0.113	0.113
  1696	-0.0135737	-0.113	0.113
  1697	-0.0268571	-0.113	0.113
  1698	-0.0400819	-0.113	0.113
  1699	-0.033384	-0.113	0.113
  1700	-0.0324206	-0.113	0.113
  1701	-0.0160042	-0.113	0.113
  1702	-0.026376	-0.113	0.113
  1703	-0.0355151	-0.113	0.113
  1704	-0.0306471	-0.113	0.113
  1705	-0.0270116	-0.113	0.113
  1706	-0.0421324	-0.113	0.113
  1707	-0.0236827	-0.113	0.113
  1708	-0.0151718	-0.113	0.113
  1709	-0.031625	-0.113	0.113
  1710	-0.0201495	-0.113	0.113
  1711	-0.0300471	-0.113	0.113
  1712	-0.0150564	-0.113	0.113
  1713	-0.0229792	-0.113	0.113
  1714	-0.0306329	-0.113	0.113
  1715	-0.0206256	-0.113	0.113
  1716	-0.0361224	-0.113	0.113
  1717	-0.0216712	-0.113	0.113
  1718	-0.0190367	-0.113	0.113
  1719	-0.0408252	-0.113	0.113
  1720	-0.0104179	-0.113	0.113
  1721	-0.010447	-0.113	0.113
  1722	-0.0358684	-0.113	0.113
  1723	-0.0429623	-0.113	0.113
  1724	-0.0249658	-0.113	0.113
  1725	-0.0360948	-0.113	0.113
  1726	-0.0416526	-0.113	0.113
  1727	-0.0203354	-0.113	0.113
  1728	-0.0184198	-0.113	0.113
  1729	-0.0438311	-0.113	0.113
  1730	-0.0340368	-0.113	0.113
  1731	-0.0175229	-0.113	0.113
  1732	-0.0355781	-0.113	0.113
  1733	-0.0249976	-0.113	0.113
  1734	-0.0265834	-0.113	0.113
  1735	-0.0315994	-0.113	0.113
  1736	-0.0107016	-0.113	0.113
  1737	-0.0287953	-0.113	0.113
  1738	-0.0431362	-0.113	0.113
  1739	-0.0398954	-0.113	0.113
  1740	-0.0179226	-0.113	0.113
  1741	-0.0429898	-0.113	0.113
  1742	-0.0346447	-0.113	0.113
  1743	-0.031758	-0.113	0.113
  1744	-0.0191311	-0.113	0.113
  1745	-0.0438048	-0.113	0.113
  1746	-0.011369	-0.113	0.113
  1747	-0.0403729	-0.113	0.113
  1748	-0.0419681	-0.113	0.113
  1749	-0.0411155	-0.113	0.113
  1750	-0.0155657	-0.113	0.113
  1751	-0.0435141	-0.113	0.113
  1752	-0.0158007	-0.113	0.113
  1753	-0.0111666	-0.113	0.113
  1754	-0.0168301	-0.113	0.113
  1755	-0.0377227	-0.113	0.113
  1756	-0.0208769	-0.113	0.113
  1757	-0.0382309	-0.113	0.113
  1758	-0.0427254	-0.113	0.113
  1759	-0.026423	-0.113	0.113
  1760	-0.0375508	-0.113	0.113
  1761	-0.0128516	-0.113	0.113
  1762	-0.0329466	-0.113	0.113
  1763	-0.0244589	-0.113	0.113
  1764	-0.0433132	-0.113	0.113
  1765	-0.0358161	-0.113	0.113
  1766	-0.0369639	-0.113	0.113
  1767	-0.0410958	-0.113	0.113
  1768	-0.0273785	-0.113	0.113
  1769	-0.0405424	-0.113	0.113
  1770	-0.017723	-0.113	0.113
  1771	-0.0117383	-0.113	0.113
  1772	-0.0298101	-0.113	0.113
  1773	-0.0340593	-0.113	0.113
  1774	-0.0442344	-0.113	0.113
  1775	-0.0294803	-0.113	0.113
  1776	-0.0217009	-0.113	0.113
  1777	-0.0418149	-0.113	0.113
  1778	-0.0155965	-0.113	0.113
  1779	-0.0186468	-0.113	0.113
  1780	-0.0343991	-0.113	0.113
  1781	-0.0201188	-0.113	0.113
  1782	-0.0342171	-0.113	0.113
  1783	-0.03903	-0.113	0.113
  1784	-0.0170992	-0.113	0.113
  1785	-0.0426956	-0.113	0.113
  1786	-0.0293981	-0.113	0.113
  1787	-0.0378098	-0.113	0.113
  1788	-0.0149039	-0.113	0.113
  1789	-0.0396814	-0.113	0.113
  1790	-0.0399034	-0.113	0.113
  1791	-0.0196013	-0.113	0.113
  1792	-0.0208602	-0.113	0.113
  1793	-0.0408505	-0.113	0.113
  1794	-0.028188	-0.113	0.113
  1795	-0.0174105	-0.113	0.113
  1796	-0.0395973	-0.113	0.113
  1797	-0.0122802	-0.113	0.113
  1798	-0.0103721	-0.113	0.113
  1799	-0.012943	-0.113	0.113
  1800	-0.0171959	-0.113	0.113
  1801	-0.0189865	-0.113	0.113
  1802	-0.0238769	-0.113	0.113
  1803	-0.0109829	-0.113	0.113
  1804	-0.033876	-0.113	0.113
  1805	-0.0291608	-0.113	0.113
  1806	-0.0194118	-0.113	0.113
  1807	-0.0113707	-0.113	0.113
  1808	-0.0195872	-0.113	0.113
  1809	-0.0433284	-0.113	0.113
  1810	-0.0282196	-0.113	0.113
  1811	-0.026725	-0.113	0.113
  1812	-0.0318141	-0.113	0.113
  1813	-0.0252692	-0.113	0.113
  1814	-0.0292561	-0.113	0.113
  1815	-0.0442353	-0.113	0.113
  1816	-0.0354998	-0.113	0.113
  1817	-0.0216486	-0.113	0.113
  1818	-0.0345375	-0.113	0.113
  1819	-0.0341508	-0.113	0.113
  1820	-0.0135304	-0.113	0.113
  1821	-0.0356476	-0.113	0.113
  1822	-0.0160505	-0.113	0.113
  1823	-0.0438523	-0.113	0.113
  1824	-0.0388648	-0.113	0.113
  1825	-0.0292309	-0.113	0.113
  1826	-0.0284189	-0.113	0.113
  1827	-0.0418445	-0.113	0.113
  1828	-0.0205915	-0.113	0.113
  1829	-0.0220639	-0.113	0.113
  1830	-0.0349913	-0.113	0.113
  1831	-0.0132182	-0.113	0.113
  1832	-0.0216658	-0.113	0.113
  1833	-0.010573	-0.113	0.113
  1834	-0.036351	-0.113	0.113
  1835	-0.0420007	-0.113	0.113
  1836	-0.0437156	-0.113	0.113
  1837	-0.0191905	-0.113	0.113
  1838	-0.0264384	-0.113	0.113
  1839	-0.0434849	-0.113	0.113
  1840	-0.0287448	-0.113	0.113
  1841	-0.0170179	-0.113	0.113
  1842	-0.0420562	-0.113	0.113
  1843	-0.0364593	-0.113	0.113
  1844	-0.0249425	-0.113	0.113
  1845	-0.019186	-0.113	0.113
  1846	-0.0221199	-0.113	0.113
  1847	-0.0230791	-0.113	0.113
  1848	-0.0245995	-0.113	0.113
  1849	-0.0105846	-0.113	0.113
  1850	-0.0281369	-0.113	0.113
  1851	-0.031692	-0.113	0.113
  1852	-0.042436	-0.113	0.113
  1853	-0.0115855	-0.113	0.113
  1854	-0.0113255	-0.113	0.113
  1855	-0.0421098	-0.113	0.113
  1856	-0.0153238	-0.113	0.113
  1857	-0.0239004	-0.113	0.113
  1858	-0.0402363	-0.113	0.113
  1859	-0.022628	-0.113	0.113
  1860	-0.0290161	-0.113	0.113
  1861	-0.0170157	-0.113	0.113
  1862	-0.0438389	-0.113	0.113
  1863	-0.043863	-0.113	0.113
  1864	-0.0432152	-0.113	0.113
  1865	-0.0106649	-0.113	0.113
  1866	-0.0411201	-0.113	0.113
  1867	-0.0251251	-0.113	0.113
  1868	-0.0433838	-0.113	0.113
  1869	-0.0302042	-0.113	0.113
  1870	-0.0434704	-0.113	0.113
  1871	-0.0430796	-0.113	0.113
  1872	-0.0176272	-0.113	0.113
  1873	-0.0282549	-0.113	0.113
  1874	-0.0129925	-0.113	0.113
  1875	-0.0189992	-0.113	0.113
  1876	-0.0107261	-0.113	0.113
  1877	-0.0129945	-0.113	0.113
  1878	-0.0280101	-0.113	0.113
  1879	-0.0316295	-0.113	0.113
  1880	-0.0134618	-0.113	0.113
  1881	-0.0262096	-0.113	0.113
  1882	-0.0252362	-0.113	0.113
  1883	-0.0419658	-0.113	0.113
  1884	-0.012439	-0.113	0.113
  1885	-0.013787	-0.113	0.113
  1886	-0.0125371	-0.113	0.113
  1887	-0.0232329	-0.113	0.113
  1888	-0.0339851	-0.113	0.113
  1889	-0.0236988	-0.113	0.113
  1890	-0.0555985	-0.113	0.113
  1891	-0.0409348	-0.113	0.113
  1892	-0.0217982	-0.113	0.113
  1893	-0.0162024	-0.113	0.113
  1894	-0.014715	-0.113	0.113
  1895	-0.0149654	-0.113	0.113
  1896	-0.0414184	-0.113	0.113
  1897	-0.0259525	-0.113	0.113
  1898	-0.0315207	-0.113	0.113
  1899	-0.0107644	-0.113	0.113
  1900	-0.044107	-0.113	0.113
  1901	-0.0214681	-0.113	0.113
  1902	-0.026667	-0.113	0.113
  1903	-0.0233738	-0.113	0.113
  1904	-0.0348053	-0.113	0.113
  1905	-0.0440842	-0.113	0.113
  1906	-0.0240253	-0.113	0.113
  1907	-0.0373583	-0.113	0.113
  1908	-0.0433571	-0.113	0.113
  1909	-0.0348051	-0.113	0.113
  1910	-0.0440635	-0.113	0.113
  1911	-0.0431397	-0.113	0.113
  1912	-0.0324205	-0.113	0.113
  1913	-0.0246292	-0.113	0.113
  1914	-0.0118587	-0.113	0.113
  1915	-0.0436209	-0.113	0.113
  1916	-0.0228645	-0.113	0.113
  1917	-0.0393662	-0.113	0.113
  1918	-0.0148205	-0.113	0.113
  1919	-0.0394021	-0.113	0.113
  1920	-0.0103821	-0.113	0.113
  1921	-0.0103585	-0.113	0.113
  1922	-0.039539	-0.113	0.113
  1923	-0.0150477	-0.113	0.113
  1924	-0.0235601	-0.113	0.113
  1925	-0.0132082	-0.113	0.113
  1926	-0.0249358	-0.113	0.113
  1927	-0.0418874	-0.113	0.113
  1928	-0.0174267	-0.113	0.113
  1929	-0.0335961	-0.113	0.113
  1930	-0.0235298	-0.113	0.113
  1931	-0.0329199	-0.113	0.113
  1932	-0.0339579	-0.113	0.113
  1933	-0.0259046	-0.113	0.113
  1934	-0.022534	-0.113	0.113
  1935	-0.0149796	-0.113	0.113
  1936	-0.0124414	-0.113	0.113
  1937	-0.0433637	-0.113	0.113
  1938	-0.0153237	-0.113	0.113
  1939	-0.022447	-0.113	0.113
  1940	-0.0484701	-0.113	0.113
  1941	-0.0242214	-0.113	0.113
  1942	-0.0239322	-0.113	0.113
  1943	-0.0102555	-0.113	0.113
  1944	-0.0145521	-0.113	0.113
  1945	-0.0290033	-0.113	0.113
  1946	-0.0280505	-0.113	0.113
  1947	-0.0422887	-0.113	0.113
  1948	-0.0312437	-0.113	0.113
  1949	-0.02403	-0.113	0.113
  1950	-0.0376984	-0.113	0.113
  1951	-0.0159672	-0.113	0.113
  1952	-0.0135154	-0.113	0.113
  1953	-0.0105435	-0.113	0.113
  1954	-0.0135842	-0.113	0.113
  1955	-0.0422006	-0.113	0.113
  1956	-0.0101244	-0.113	0.113
  1957	-0.0437152	-0.113	0.113
  1958	-0.0351231	-0.113	0.113
  1959	-0.0439352	-0.113	0.113
  1960	-0.0370625	-0.113	0.113
  1961	-0.034993	-0.113	0.113
  1962	-0.0217257	-0.113	0.113
  1963	-0.0183912	-0.113	0.113
  1964	-0.0141965	-0.113	0.113
  1965	-0.0169194	-0.113	0.113
  1966	-0.0433541	-0.113	0.113
  1967	-0.0263116	-0.113	0.113
  1968	-0.0229001	-0.113	0.113
  1969	-0.0234525	-0.113	0.113
  1970	-0.0362962	-0.113	0.113
  1971	-0.0164458	-0.113	0.113
  1972	-0.028455	-0.113	0.113
  1973	-0.017891	-0.113	0.113
  1974	-0.0273131	-0.113	0.113
  1975	-0.0420892	-0.113	0.113
  1976	-0.0428472	-0.113	0.113
  1977	-0.0274853	-0.113	0.113
  1978	-0.0120101	-0.113	0.113
  1979	-0.0217944	-0.113	0.113
  1980	-0.0199281	-0.113	0.113
  1981	-0.0398147	-0.113	0.113
  1982	-0.0184178	-0.113	0.113
  1983	-0.0233432	-0.113	0.113
  1984	-0.0441136	-0.113	0.113
  1985	-0.0235513	-0.113	0.113
  1986	-0.0161207	-0.113	0.113
  1987	-0.0176046	-0.113	0.113
  1988	-0.0333794	-0.113	0.113
  1989	-0.0315058	-0.113	0.113
  1990	-0.0251925	-0.113	0.113
  1991	-0.0176655	-0.113	0.113
  1992	-0.0243742	-0.113	0.113
  1993	-0.042257	-0.113	0.113
  1994	-0.0198212	-0.113	0.113
  1995	-0.0110943	-0.113	0.113
  1996	-0.0242966	-0.113	0.113
  1997	-0.0122726	-0.113	0.113
  1998	-0.0141381	-0.113	0.113
  1999	-0.0264665	-0.113	0.113
  2000	-0.0275173	-0.113	0.113
  2001	-0.0437077	-0.113	0.113
  2002	-0.0423955	-0.113	0.113
  2003	-0.010577	-0.113	0.113
  2004	-0.0431319	-0.113	0.113
  2005	-0.0212098	-0.113	0.113
  2006	-0.0358255	-0.113	0.113
  2007	-0.0360804	-0.113	0.113
  2008	-0.0107723	-0.113	0.113
  2009	-0.0269527	-0.113	0.113
  2010	-0.0228587	-0.113	0.113
  2011	-0.0156817	-0.113	0.113
  2012	-0.0415647	-0.113	0.113
  2013	-0.0242329	-0.113	0.113
  2014	-0.0439248	-0.113	0.113
  2015	-0.0199982	-0.113	0.113
  2016	-0.0429136	-0.113	0.113
  2017	-0.0376948	-0.113	0.113
  2018	-0.0311074	-0.113	0.113
  2019	-0.0219061	-0.113	0.113
  2020	-0.0438422	-0.113	0.113
  2021	-0.0430229	-0.113	0.113
  2022	-0.0134635	-0.113	0.113
  2023	-0.0126786	-0.113	0.113
  2024	-0.010233	-0.113	0.113
  2025	-0.0423486	-0.113	0.113
  2026	-0.0140783	-0.113	0.113
  2027	-0.0171667	-0.113	0.113
  2028	-0.0411574	-0.113	0.113
  2029	-0.0410848	-0.113	0.113
  2030	-0.0198722	-0.113	0.113
  2031	-0.0109476	-0.113	0.113
  2032	-0.010535	-0.113	0.113
  2033	-0.0291268	-0.113	0.113
  2034	-0.0374266	-0.113	0.113
  2035	-0.0114845	-0.113	0.113
  2036	-0.0251154	-0.113	0.113
  2037	-0.0153991	-0.113	0.113
  2038	-0.0248344	-0.113	0.113
  2039	-0.0327813	-0.113	0.113
  2040	-0.0407179	-0.113	0.113
  2041	-0.0380381	-0.113	0.113
  2042	-0.0134086	-0.113	0.113
  2043	-0.035282	-0.113	0.113
  2044	-0.020426	-0.113	0.113
  2045	-0.0311826	-0.113	0.113
  2046	-0.035122	-0.113	0.113
  2047	-0.0171721	-0.113	0.113
  2048	-0.0313201	-0.113	0.113
  2049	-0.0348888	-0.113	0.113
  2050	-0.0253689	-0.113	0.113
  2051	-0.0430248	-0.113	0.113
  2052	-0.021494	-0.113	0.113
  2053	-0.0119364	-0.113	0.113
  2054	-0.038063	-0.113	0.113
  2055	-0.0128732	-0.113	0.113
  2056	-0.0215339	-0.113	0.113
  2057	-0.0116206	-0.113	0.113
  2058	-0.0163077	-0.113	0.113
  2059	-0.0284372	-0.113	0.113
  2060	-0.0420589	-0.113	0.113
  2061	-0.0397802	-0.113	0.113
  2062	-0.0322749	-0.113	0.113
  2063	-0.0246269	-0.113	0.113
  2064	-0.0213309	-0.113	0.113
  2065	-0.0398733	-0.113	0.113
  2066	-0.0109835	-0.113	0.113
  2067	-0.0111364	-0.113	0.113
  2068	-0.0149515	-0.113	0.113
  2069	-0.0327934	-0.113	0.113
  2070	-0.0304698	-0.113	0.113
  2071	-0.0297676	-0.113	0.113
  2072	-0.0433121	-0.113	0.113
  2073	-0.0431173	-0.113	0.113
  2074	-0.0104521	-0.113	0.113
  2075	-0.0356697	-0.113	0.113
  2076	-0.0206835	-0.113	0.113
  2077	-0.043724	-0.113	0.113
  2078	-0.0146791	-0.113	0.113
  2079	-0.0438848	-0.113	0.113
  2080	-0.0344732	-0.113	0.113
  2081	-0.0342144	-0.113	0.113
  2082	-0.0141842	-0.113	0.113
  2083	-0.0429294	-0.113	0.113
  2084	-0.0170829	-0.113	0.113
  2085	-0.0136154	-0.113	0.113
  2086	-0.0339693	-0.113	0.113
  2087	-0.0430587	-0.113	0.113
  2088	-0.023083	-0.113	0.113
  2089	-0.0292512	-0.113	0.113
  2090	-0.0106664	-0.113	0.113
  2091	-0.0211966	-0.113	0.113
  2092	-0.0229634	-0.113	0.113
  2093	-0.037935	-0.113	0.113
  2094	-0.0138412	-0.113	0.113
  2095	-0.0118856	-0.113	0.113
  2096	-0.0407606	-0.113	0.113
  2097	-0.0222759	-0.113	0.113
  2098	-0.012482	-0.113	0.113
  2099	-0.0371666	-0.113	0.113
  2100	-0.0435192	-0.113	0.113
  2101	-0.031697	-0.113	0.113
  2102	-0.0218463	-0.113	0.113
  2103	-0.0285667	-0.113	0.113
  2104	-0.023736	-0.113	0.113
  2105	-0.0426744	-0.113	0.113
  2106	-0.0364204	-0.113	0.113
  2107	-0.0222563	-0.113	0.113
  2108	-0.0109038	-0.113	0.113
  2109	-0.0442028	-0.113	0.113
  2110	-0.0441851	-0.113	0.113
  2111	-0.0130441	-0.113	0.113
  2112	-0.0273283	-0.113	0.113
  2113	-0.0186632	-0.113	0.113
  2114	-0.035912	-0.113	0.113
  2115	-0.0145093	-0.113	0.113
  2116	-0.0318713	-0.113	0.113
  2117	-0.0235445	-0.113	0.113
  2118	-0.0157883	-0.113	0.113
  2119	-0.0118084	-0.113	0.113
  2120	-0.0394615	-0.113	0.113
  2121	-0.0271128	-0.113	0.113
  2122	-0.0381997	-0.113	0.113
  2123	-0.0211918	-0.113	0.113
  2124	-0.0209772	-0.113	0.113
  2125	-0.019716	-0.113	0.113
  2126	-0.0138881	-0.113	0.113
  2127	-0.0385378	-0.113	0.113
  2128	-0.0358975	-0.113	0.113
  2129	-0.0422205	-0.113	0.113
  2130	-0.0377744	-0.113	0.113
  2131	-0.0120866	-0.113	0.113
  2132	-0.0434653	-0.113	0.113
  2133	-0.0318204	-0.113	0.113
  2134	-0.0437453	-0.113	0.113
  2135	-0.0372143	-0.113	0.113
  2136	-0.0334574	-0.113	0.113
  2137	-0.0157849	-0.113	0.113
  2138	-0.0117724	-0.113	0.113
  2139	-0.0292329	-0.113	0.113
  2140	-0.0167798	-0.113	0.113
  2141	-0.0433412	-0.113	0.113
  2142	-0.0315277	-0.113	0.113
  2143	-0.0367395	-0.113	0.113
  2144	-0.0140207	-0.113	0.113
  2145	-0.0192357	-0.113	0.113
  2146	-0.0111671	-0.113	0.113
  2147	-0.0104901	-0.113	0.113
  2148	-0.0124646	-0.113	0.113
  2149	-0.0114295	-0.113	0.113
  2150	-0.0414737	-0.113	0.113
  2151	-0.0443571	-0.113	0.113
  2152	-0.0186271	-0.113	0.113
  2153	-0.0266127	-0.113	0.113
  2154	-0.0111074	-0.113	0.113
  2155	-0.0347466	-0.113	0.113
  2156	-0.0439351	-0.113	0.113
  2157	-0.0433123	-0.113	0.113
  2158	-0.0257824	-0.113	0.113
  2159	-0.0264395	-0.113	0.113
  2160	-0.0113192	-0.113	0.113
  2161	-0.0353817	-0.113	0.113
  2162	-0.0345641	-0.113	0.113
  2163	-0.0412098	-0.113	0.113
  2164	-0.0251431	-0.113	0.113
  2165	-0.025463	-0.113	0.113
  2166	-0.0161062	-0.113	0.113
  2167	-0.0103781	-0.113	0.113
  2168	-0.0367874	-0.113	0.113
  2169	-0.0369166	-0.113	0.113
  2170	-0.0222915	-0.113	0.113
  2171	-0.0120486	-0.113	0.113
  2172	-0.0322161	-0.113	0.113
  2173	-0.0113388	-0.113	0.113
  2174	-0.0146323	-0.113	0.113
  2175	-0.0384576	-0.113	0.113
  2176	-0.0371346	-0.113	0.113
  2177	-0.0117224	-0.113	0.113
  2178	-0.0156544	-0.113	0.113
  2179	-0.035417	-0.113	0.113
  2180	-0.0138927	-0.113	0.113
  2181	-0.0178262	-0.113	0.113
  2182	-0.0123857	-0.113	0.113
  2183	-0.0135025	-0.113	0.113
  2184	-0.0368451	-0.113	0.113
  2185	-0.0157168	-0.113	0.113
  2186	-0.0223108	-0.113	0.113
  2187	-0.0242748	-0.113	0.113
  2188	-0.0356636	-0.113	0.113
  2189	-0.0312384	-0.113	0.113
  2190	-0.0301971	-0.113	0.113
  2191	-0.0222241	-0.113	0.113
  2192	-0.0203487	-0.113	0.113
  2193	-0.0245124	-0.113	0.113
  2194	-0.0121111	-0.113	0.113
  2195	-0.0437691	-0.113	0.113
  2196	-0.0414747	-0.113	0.113
  2197	-0.0270551	-0.113	0.113
  2198	-0.0399703	-0.113	0.113
  2199	-0.0294656	-0.113	0.113
  2200	-0.0163687	-0.113	0.113
  2201	-0.0334739	-0.113	0.113
  2202	-0.0205497	-0.113	0.113
  2203	-0.0115169	-0.113	0.113
  2204	-0.0333288	-0.113	0.113
  2205	-0.0282537	-0.113	0.113
  2206	-0.0300686	-0.113	0.113
  2207	-0.0517874	-0.113	0.113
  2208	-0.0416301	-0.113	0.113
  2209	-0.0279118	-0.113	0.113
  2210	-0.017765	-0.113	0.113
  2211	-0.0112668	-0.113	0.113
  2212	-0.041383	-0.113	0.113
  2213	-0.0430096	-0.113	0.113
  2214	-0.043672	-0.113	0.113
  2215	-0.0316002	-0.113	0.113
  2216	-0.0116637	-0.113	0.113
  2217	-0.0420699	-0.113	0.113
  2218	-0.0392215	-0.113	0.113
  2219	-0.0367244	-0.113	0.113
  2220	-0.0345337	-0.113	0.113
  2221	-0.0117766	-0.113	0.113
  2222	-0.0165458	-0.113	0.113
  2223	-0.0430644	-0.113	0.113
  2224	-0.0106054	-0.113	0.113
  2225	-0.0232089	-0.113	0.113
  2226	-0.042415	-0.113	0.113
  2227	-0.0175204	-0.113	0.113
  2228	-0.0352421	-0.113	0.113
  2229	-0.0413108	-0.113	0.113
  2230	-0.0200186	-0.113	0.113
  2231	-0.0425207	-0.113	0.113
  2232	-0.0196771	-0.113	0.113
  2233	-0.025567	-0.113	0.113
  2234	-0.0169323	-0.113	0.113
  2235	-0.0362866	-0.113	0.113
  2236	-0.013449	-0.113	0.113
  2237	-0.0436109	-0.113	0.113
  2238	-0.0266504	-0.113	0.113
  2239	-0.0304408	-0.113	0.113
  2240	-0.0266141	-0.113	0.113
  2241	-0.0429575	-0.113	0.113
  2242	-0.0238178	-0.113	0.113
  2243	-0.0163463	-0.113	0.113
  2244	-0.0253091	-0.113	0.113
  2245	-0.017435	-0.113	0.113
  2246	-0.0140337	-0.113	0.113
  2247	-0.0177719	-0.113	0.113
  2248	-0.025645	-0.113	0.113
  2249	-0.0297533	-0.113	0.113
  2250	-0.0173964	-0.113	0.113
  2251	-0.0335211	-0.113	0.113
  2252	-0.0170399	-0.113	0.113
  2253	-0.0417688	-0.113	0.113
  2254	-0.0249616	-0.113	0.113
  2255	-0.0153229	-0.113	0.113
  2256	-0.0146667	-0.113	0.113
  2257	-0.0270757	-0.113	0.113
  2258	-0.0431193	-0.113	0.113
  2259	-0.0327308	-0.113	0.113
  2260	-0.0148461	-0.113	0.113
  2261	-0.0126258	-0.113	0.113
  2262	-0.0437686	-0.113	0.113
  2263	-0.0357235	-0.113	0.113
  2264	-0.039172	-0.113	0.113
  2265	-0.0184116	-0.113	0.113
  2266	-0.0106939	-0.113	0.113
  2267	-0.037307	-0.113	0.113
  2268	-0.0398592	-0.113	0.113
  2269	-0.0179267	-0.113	0.113
  2270	-0.025878	-0.113	0.113
  2271	-0.0106187	-0.113	0.113
  2272	-0.0326207	-0.113	0.113
  2273	-0.029611	-0.113	0.113
  2274	-0.0258748	-0.113	0.113
  2275	-0.0123	-0.113	0.113
  2276	-0.0399688	-0.113	0.113
  2277	-0.0259467	-0.113	0.113
  2278	-0.0345083	-0.113	0.113
  2279	-0.0112133	-0.113	0.113
  2280	-0.0359485	-0.113	0.113
  2281	-0.0334965	-0.113	0.113
  2282	-0.0175938	-0.113	0.113
  2283	-0.0293969	-0.113	0.113
  2284	-0.0362694	-0.113	0.113
  2285	-0.0113725	-0.113	0.113
  2286	-0.0267152	-0.113	0.113
  2287	-0.0391328	-0.113	0.113
  2288	-0.0417653	-0.113	0.113
  2289	-0.0170282	-0.113	0.113
  2290	-0.0279243	-0.113	0.113
  2291	-0.0124662	-0.113	0.113
  2292	-0.0311702	-0.113	0.113
  2293	-0.0106944	-0.113	0.113
  2294	-0.0148794	-0.113	0.113
  2295	-0.0338291	-0.113	0.113
  2296	-0.0354771	-0.113	0.113
  2297	-0.0121833	-0.113	0.113
  2298	-0.0144954	-0.113	0.113
  2299	-0.0342371	-0.113	0.113
  2300	-0.0312155	-0.113	0.113
  2301	-0.0394012	-0.113	0.113
  2302	-0.0146188	-0.113	0.113
  2303	-0.0362056	-0.113	0.113
  2304	-0.0437465	-0.113	0.113
  2305	-0.0437577	-0.113	0.113
  2306	-0.0139309	-0.113	0.113
  2307	-0.0425892	-0.113	0.113
  2308	-0.0102827	-0.113	0.113
  2309	-0.0288236	-0.113	0.113
  2310	-0.0345077	-0.113	0.113
  2311	-0.0454666	-0.113	0.113
  2312	-0.0117606	-0.113	0.113
  2313	-0.0419015	-0.113	0.113
  2314	-0.024734	-0.113	0.113
  2315	-0.0270725	-0.113	0.113
  2316	-0.0276177	-0.113	0.113
  2317	-0.0230929	-0.113	0.113
  2318	-0.0180739	-0.113	0.113
  2319	-0.0159628	-0.113	0.113
  2320	-0.0360489	-0.113	0.113
  2321	-0.044076	-0.113	0.113
  2322	-0.0258884	-0.113	0.113
  2323	-0.0105716	-0.113	0.113
  2324	-0.0189985	-0.113	0.113
  2325	-0.0373882	-0.113	0.113
  2326	-0.0264528	-0.113	0.113
  2327	-0.0333351	-0.113	0.113
  2328	-0.0145874	-0.113	0.113
  2329	-0.017159	-0.113	0.113
  2330	-0.042352	-0.113	0.113
  2331	-0.0303847	-0.113	0.113
  2332	-0.0427605	-0.113	0.113
  2333	-0.0375584	-0.113	0.113
  2334	-0.0421477	-0.113	0.113
  2335	-0.0142236	-0.113	0.113
  2336	-0.0422427	-0.113	0.113
  2337	-0.0135077	-0.113	0.113
  2338	-0.0225192	-0.113	0.113
  2339	-0.011075	-0.113	0.113
  2340	-0.0108309	-0.113	0.113
  2341	-0.0106844	-0.113	0.113
  2342	-0.0436985	-0.113	0.113
  2343	-0.0109774	-0.113	0.113
  2344	-0.0372289	-0.113	0.113
  2345	-0.0157634	-0.113	0.113
  2346	-0.0139406	-0.113	0.113
  2347	-0.0413939	-0.113	0.113
  2348	-0.0115501	-0.113	0.113
  2349	-0.039781	-0.113	0.113
  2350	-0.0267059	-0.113	0.113
  2351	-0.0379531	-0.113	0.113
  2352	-0.0263432	-0.113	0.113
  2353	-0.0116148	-0.113	0.113
  2354	-0.0374594	-0.113	0.113
  2355	-0.0308309	-0.113	0.113
  2356	-0.0159564	-0.113	0.113
  2357	-0.0171703	-0.113	0.113
  2358	-0.0104843	-0.113	0.113
  2359	-0.0168467	-0.113	0.113
  2360	-0.0253172	-0.113	0.113
  2361	-0.0410096	-0.113	0.113
  2362	-0.0120564	-0.113	0.113
  2363	-0.0364101	-0.113	0.113
  2364	-0.0111079	-0.113	0.113
  2365	-0.0339649	-0.113	0.113
  2366	-0.040193	-0.113	0.113
  2367	-0.0154841	-0.113	0.113
  2368	-0.0182276	-0.113	0.113
  2369	-0.0232216	-0.113	0.113
  2370	-0.0419338	-0.113	0.113
  2371	-0.0436052	-0.113	0.113
  2372	-0.0397489	-0.113	0.113
  2373	-0.0111742	-0.113	0.113
  2374	-0.0146219	-0.113	0.113
  2375	-0.02571	-0.113	0.113
  2376	-0.0212214	-0.113	0.113
  2377	-0.0129873	-0.113	0.113
  2378	-0.0364616	-0.113	0.113
  2379	-0.0225604	-0.113	0.113
  2380	-0.0170775	-0.113	0.113
  2381	-0.0380733	-0.113	0.113
  2382	-0.0193203	-0.113	0.113
  2383	-0.0363599	-0.113	0.113
  2384	-0.014752	-0.113	0.113
  2385	-0.0101545	-0.113	0.113
  2386	-0.0395286	-0.113	0.113
  2387	-0.0132165	-0.113	0.113
  2388	-0.0314308	-0.113	0.113
  2389	-0.0419756	-0.113	0.113
  2390	-0.0436116	-0.113	0.113
  2391	-0.0316921	-0.113	0.113
  2392	-0.0423176	-0.113	0.113
  2393	-0.0321631	-0.113	0.113
  2394	-0.0160509	-0.113	0.113
  2395	-0.0160929	-0.113	0.113
  2396	-0.0368971	-0.113	0.113
  2397	-0.0210092	-0.113	0.113
  2398	-0.030589	-0.113	0.113
  2399	-0.0122274	-0.113	0.113
  2400	-0.0204502	-0.113	0.113
  2401	-0.032474	-0.113	0.113
  2402	-0.0210437	-0.113	0.113
  2403	-0.0439351	-0.113	0.113
  2404	-0.013375	-0.113	0.113
  2405	-0.0248335	-0.113	0.113
  2406	-0.0343389	-0.113	0.113
  2407	-0.0238385	-0.113	0.113
  2408	-0.039876	-0.113	0.113
  2409	-0.0274923	-0.113	0.113
  2410	-0.0141164	-0.113	0.113
  2411	-0.0399787	-0.113	0.113
  2412	-0.0265316	-0.113	0.113
  2413	-0.0137557	-0.113	0.113
  2414	-0.038908	-0.113	0.113
  2415	-0.0420733	-0.113	0.113
  2416	-0.0169186	-0.113	0.113
  2417	-0.0426733	-0.113	0.113
  2418	-0.0197613	-0.113	0.113
  2419	-0.0159208	-0.113	0.113
  2420	-0.0136019	-0.113	0.113
  2421	-0.0301058	-0.113	0.113
  2422	-0.0314492	-0.113	0.113
  2423	-0.0415814	-0.113	0.113
  2424	-0.04037	-0.113	0.113
  2425	-0.0115288	-0.113	0.113
  2426	-0.042423	-0.113	0.113
  2427	-0.0164599	-0.113	0.113
  2428	-0.0194061	-0.113	0.113
  2429	-0.0328681	-0.113	0.113
  2430	-0.021635	-0.113	0.113
  2431	-0.0436524	-0.113	0.113
  2432	-0.0164819	-0.113	0.113
  2433	-0.0339173	-0.113	0.113
  2434	-0.0352421	-0.113	0.113
  2435	-0.0249168	-0.113	0.113
  2436	-0.0255048	-0.113	0.113
  2437	-0.0189749	-0.113	0.113
  2438	-0.0338742	-0.113	0.113
  2439	-0.019155	-0.113	0.113
  2440	-0.0271767	-0.113	0.113
  2441	-0.022183	-0.113	0.113
  2442	-0.0379637	-0.113	0.113
  2443	-0.0375994	-0.113	0.113
  2444	-0.0184305	-0.113	0.113
  2445	-0.0417438	-0.113	0.113
  2446	-0.0223512	-0.113	0.113
  2447	-0.0396848	-0.113	0.113
  2448	-0.0128678	-0.113	0.113
  2449	-0.0221079	-0.113	0.113
  2450	-0.0416962	-0.113	0.113
  2451	-0.0190272	-0.113	0.113
  2452	-0.0170896	-0.113	0.113
  2453	-0.0148784	-0.113	0.113
  2454	-0.0323477	-0.113	0.113
  2455	-0.0103013	-0.113	0.113
  2456	-0.0425462	-0.113	0.113
  2457	-0.0437867	-0.113	0.113
  2458	-0.0359915	-0.113	0.113
  2459	-0.038067	-0.113	0.113
  2460	-0.0172894	-0.113	0.113
  2461	-0.0240463	-0.113	0.113
  2462	-0.0172693	-0.113	0.113
  2463	-0.0315006	-0.113	0.113
  2464	-0.0141474	-0.113	0.113
  2465	-0.0253361	-0.113	0.113
  2466	-0.033452	-0.113	0.113
  2467	-0.0169878	-0.113	0.113
  2468	-0.0269107	-0.113	0.113
  2469	-0.0424795	-0.113	0.113
  2470	-0.0363997	-0.113	0.113
  2471	-0.0371294	-0.113	0.113
  2472	-0.0290633	-0.113	0.113
  2473	-0.0196917	-0.113	0.113
  2474	-0.0125496	-0.113	0.113
  2475	-0.0204188	-0.113	0.113
  2476	-0.01897	-0.113	0.113
  2477	-0.0360619	-0.113	0.113
  2478	-0.0306429	-0.113	0.113
  2479	-0.0435196	-0.113	0.113
  2480	-0.0255298	-0.113	0.113
  2481	-0.0137582	-0.113	0.113
  2482	-0.0326557	-0.113	0.113
  2483	-0.0213271	-0.113	0.113
  2484	-0.0129257	-0.113	0.113
  2485	-0.0121419	-0.113	0.113
  2486	-0.031269	-0.113	0.113
  2487	-0.0397312	-0.113	0.113
  2488	-0.0358942	-0.113	0.113
  2489	-0.0358493	-0.113	0.113
  2490	-0.0261128	-0.113	0.113
  2491	-0.0271572	-0.113	0.113
  2492	-0.0135375	-0.113	0.113
  2493	-0.0148132	-0.113	0.113
  2494	-0.022208	-0.113	0.113
  2495	-0.0244564	-0.113	0.113
  2496	-0.0189307	-0.113	0.113
  2497	-0.0417987	-0.113	0.113
  2498	-0.0103163	-0.113	0.113
  2499	-0.030807	-0.113	0.113
  2500	-0.0283099	-0.113	0.113
  2501	-0.0196207	-0.113	0.113
  2502	-0.0105776	-0.113	0.113
  2503	-0.0367307	-0.113	0.113
  2504	-0.0377457	-0.113	0.113
  2505	-0.043481	-0.113	0.113
  2506	-0.0254244	-0.113	0.113
  2507	-0.0434728	-0.113	0.113
  2508	-0.0187426	-0.113	0.113
  2509	-0.0350395	-0.113	0.113
  2510	-0.0204475	-0.113	0.113
  2511	-0.0112344	-0.113	0.113
  2512	-0.026887	-0.113	0.113
  2513	-0.0120163	-0.113	0.113
  2514	-0.0437003	-0.113	0.113
  2515	-0.0365251	-0.113	0.113
  2516	-0.0169493	-0.113	0.113
  2517	-0.0310262	-0.113	0.113
  2518	-0.0145438	-0.113	0.113
  2519	-0.0284322	-0.113	0.113
  2520	-0.0125291	-0.113	0.113
  2521	-0.032292	-0.113	0.113
  2522	-0.0390785	-0.113	0.113
  2523	-0.0132789	-0.113	0.113
  2524	-0.0352759	-0.113	0.113
  2525	-0.0409254	-0.113	0.113
  2526	-0.0408119	-0.113	0.113
  2527	-0.0432294	-0.113	0.113
  2528	-0.0142195	-0.113	0.113
  2529	-0.0107661	-0.113	0.113
  2530	-0.0171747	-0.113	0.113
  2531	-0.0424645	-0.113	0.113
  2532	-0.0114684	-0.113	0.113
  2533	-0.0208524	-0.113	0.113
  2534	-0.0429086	-0.113	0.113
  2535	-0.0190446	-0.113	0.113
  2536	-0.0180862	-0.113	0.113
  2537	-0.0395064	-0.113	0.113
  2538	-0.0127136	-0.113	0.113
  2539	-0.0435596	-0.113	0.113
  2540	-0.0339045	-0.113	0.113
  2541	-0.0178004	-0.113	0.113
  2542	-0.0422102	-0.113	0.113
  2543	-0.0122615	-0.113	0.113
  2544	-0.0197331	-0.113	0.113
  2545	-0.0397444	-0.113	0.113
  2546	-0.0339691	-0.113	0.113
  2547	-0.0409959	-0.113	0.113
  2548	-0.0437732	-0.113	0.113
  2549	-0.0118652	-0.113	0.113
  2550	-0.0351909	-0.113	0.113
  2551	-0.0123446	-0.113	0.113
  2552	-0.0377467	-0.113	0.113
  2553	-0.0137295	-0.113	0.113
  2554	-0.0352952	-0.113	0.113
  2555	-0.0134507	-0.113	0.113
  2556	-0.0194823	-0.113	0.113
  2557	-0.0148798	-0.113	0.113
  2558	-0.0148364	-0.113	0.113
  2559	-0.0119488	-0.113	0.113
  2560	-0.0168935	-0.113	0.113
  2561	-0.0136141	-0.113	0.113
  2562	-0.0428149	-0.113	0.113
  2563	-0.0391706	-0.113	0.113
  2564	-0.0329406	-0.113	0.113
  2565	-0.027258	-0.113	0.113
  2566	-0.0146462	-0.113	0.113
  2567	-0.0101378	-0.113	0.113
  2568	-0.0105149	-0.113	0.113
  2569	-0.0171823	-0.113	0.113
  2570	-0.0283401	-0.113	0.113
  2571	-0.0345734	-0.113	0.113
  2572	-0.0255585	-0.113	0.113
  2573	-0.0247586	-0.113	0.113
  2574	-0.0160837	-0.113	0.113
  2575	-0.0340923	-0.113	0.113
  2576	-0.0111174	-0.113	0.113
  2577	-0.013582	-0.113	0.113
  2578	-0.0344791	-0.113	0.113
  2579	-0.0358758	-0.113	0.113
  2580	-0.0418741	-0.113	0.113
  2581	-0.030793	-0.113	0.113
  2582	-0.0122179	-0.113	0.113
  2583	-0.0310226	-0.113	0.113
  2584	-0.0302237	-0.113	0.113
  2585	-0.018547	-0.113	0.113
  2586	-0.0333963	-0.113	0.113
  2587	-0.0411464	-0.113	0.113
  2588	-0.0325451	-0.113	0.113
  2589	-0.0123177	-0.113	0.113
  2590	-0.0316751	-0.113	0.113
  2591	-0.0172447	-0.113	0.113
  2592	-0.0317051	-0.113	0.113
  2593	-0.0214048	-0.113	0.113
  2594	-0.0435663	-0.113	0.113
  2595	-0.0276019	-0.113	0.113
  2596	-0.0224118	-0.113	0.113
  2597	-0.0101703	-0.113	0.113
  2598	-0.0371448	-0.113	0.113
  2599	-0.0310569	-0.113	0.113
  2600	-0.0254577	-0.113	0.113
  2601	-0.0127022	-0.113	0.113
  2602	-0.0113966	-0.113	0.113
  2603	-0.0441144	-0.113	0.113
  2604	-0.0432151	-0.113	0.113
  2605	-0.0195476	-0.113	0.113
  2606	-0.0430336	-0.113	0.113
  2607	-0.0418054	-0.113	0.113
  2608	-0.0127485	-0.113	0.113
  2609	-0.0438499	-0.113	0.113
  2610	-0.0135253	-0.113	0.113
  2611	-0.0425512	-0.113	0.113
  2612	-0.030338	-0.113	0.113
  2613	-0.0347675	-0.113	0.113
  2614	-0.0320018	-0.113	0.113
  2615	-0.0376839	-0.113	0.113
  2616	-0.0436924	-0.113	0.113
  2617	-0.0392007	-0.113	0.113
  2618	-0.0407756	-0.113	0.113
  2619	-0.0249971	-0.113	0.113
  2620	-0.0441001	-0.113	0.113
  2621	-0.0357454	-0.113	0.113
  2622	-0.0436906	-0.113	0.113
  2623	-0.0357625	-0.113	0.113
  2624	-0.010412	-0.113	0.113
  2625	-0.0419716	-0.113	0.113
  2626	-0.0223864	-0.113	0.113
  2627	-0.0153285	-0.113	0.113
  2628	-0.0220261	-0.113	0.113
  2629	-0.0424413	-0.113	0.113
  2630	-0.0146533	-0.113	0.113
  2631	-0.0439577	-0.113	0.113
  2632	-0.0175494	-0.113	0.113
  2633	-0.0236764	-0.113	0.113
  2634	-0.0159969	-0.113	0.113
  2635	-0.015529	-0.113	0.113
  2636	-0.0251509	-0.113	0.113
  2637	-0.0233891	-0.113	0.113
  2638	-0.0238478	-0.113	0.113
  2639	-0.0188903	-0.113	0.113
  2640	-0.0226195	-0.113	0.113
  2641	-0.0270201	-0.113	0.113
  2642	-0.015509	-0.113	0.113
  2643	-0.0298136	-0.113	0.113
  2644	-0.0170352	-0.113	0.113
  2645	-0.0153683	-0.113	0.113
  2646	-0.0343044	-0.113	0.113
  2647	-0.0158716	-0.113	0.113
  2648	-0.0357259	-0.113	0.113
  2649	-0.0410199	-0.113	0.113
  2650	-0.015823	-0.113	0.113
  2651	-0.0363237	-0.113	0.113
  2652	-0.0140138	-0.113	0.113
  2653	-0.0146509	-0.113	0.113
  2654	-0.0137023	-0.113	0.113
  2655	-0.0403057	-0.113	0.113
  2656	-0.0344554	-0.113	0.113
  2657	-0.0316617	-0.113	0.113
  2658	-0.017401	-0.113	0.113
  2659	-0.0359252	-0.113	0.113
  2660	-0.0329422	-0.113	0.113
  2661	-0.0322227	-0.113	0.113
  2662	-0.0437841	-0.113	0.113
  2663	-0.0240485	-0.113	0.113
  2664	-0.0271442	-0.113	0.113
  2665	-0.0433009	-0.113	0.113
  2666	-0.0271777	-0.113	0.113
  2667	-0.0284807	-0.113	0.113
  2668	-0.0156259	-0.113	0.113
  2669	-0.0425168	-0.113	0.113
  2670	-0.0224686	-0.113	0.113
  2671	-0.0183787	-0.113	0.113
  2672	-0.0117183	-0.113	0.113
  2673	-0.0364098	-0.113	0.113
  2674	-0.0149063	-0.113	0.113
  2675	-0.0152521	-0.113	0.113
  2676	-0.0144207	-0.113	0.113
  2677	-0.0154552	-0.113	0.113
  2678	-0.0134199	-0.113	0.113
  2679	-0.0422191	-0.113	0.113
  2680	-0.0355395	-0.113	0.113
  2681	-0.015135	-0.113	0.113
  2682	-0.040036	-0.113	0.113
  2683	-0.027782	-0.113	0.113
  2684	-0.016563	-0.113	0.113
  2685	-0.0125488	-0.113	0.113
  2686	-0.0322918	-0.113	0.113
  2687	-0.0119646	-0.113	0.113
  2688	-0.0185216	-0.113	0.113
  2689	-0.0153338	-0.113	0.113
  2690	-0.0316521	-0.113	0.113
  2691	-0.0141864	-0.113	0.113
  2692	-0.0185518	-0.113	0.113
  2693	-0.043874	-0.113	0.113
  2694	-0.0364318	-0.113	0.113
  2695	-0.0274196	-0.113	0.113
  2696	-0.0140796	-0.113	0.113
  2697	-0.0228141	-0.113	0.113
  2698	-0.0271311	-0.113	0.113
  2699	-0.0261221	-0.113	0.113
  2700	-0.0264569	-0.113	0.113
  2701	-0.0414575	-0.113	0.113
  2702	-0.0324571	-0.113	0.113
  2703	-0.0247632	-0.113	0.113
  2704	-0.0128389	-0.113	0.113
  2705	-0.0432583	-0.113	0.113
  2706	-0.0357465	-0.113	0.113
  2707	-0.0348417	-0.113	0.113
  2708	-0.0113149	-0.113	0.113
  2709	-0.0401973	-0.113	0.113
  2710	-0.0412693	-0.113	0.113
  2711	-0.0193803	-0.113	0.113
  2712	-0.0113371	-0.113	0.113
  2713	-0.0440084	-0.113	0.113
  2714	-0.0408866	-0.113	0.113
  2715	-0.030915	-0.113	0.113
  2716	-0.0139599	-0.113	0.113
  2717	-0.0184685	-0.113	0.113
  2718	-0.0390205	-0.113	0.113
  2719	-0.0410344	-0.113	0.113
  2720	-0.0293894	-0.113	0.113
  2721	-0.0194943	-0.113	0.113
  2722	-0.01468	-0.113	0.113
  2723	-0.0131813	-0.113	0.113
  2724	-0.0134772	-0.113	0.113
  2725	-0.0103794	-0.113	0.113
  2726	-0.0219524	-0.113	0.113
  2727	-0.0234106	-0.113	0.113
  2728	-0.0199401	-0.113	0.113
  2729	-0.0246142	-0.113	0.113
  2730	-0.0154903	-0.113	0.113
  2731	-0.028517	-0.113	0.113
  2732	-0.0320435	-0.113	0.113
  2733	-0.0343018	-0.113	0.113
  2734	-0.0438096	-0.113	0.113
  2735	-0.0301796	-0.113	0.113
  2736	-0.0382071	-0.113	0.113
  2737	-0.0417725	-0.113	0.113
  2738	-0.0266858	-0.113	0.113
  2739	-0.0232384	-0.113	0.113
  2740	-0.0364403	-0.113	0.113
  2741	-0.025124	-0.113	0.113
  2742	-0.0154628	-0.113	0.113
  2743	-0.0428282	-0.113	0.113
  2744	-0.0407099	-0.113	0.113
  2745	-0.0261673	-0.113	0.113
  2746	-0.0127406	-0.113	0.113
  2747	-0.0307961	-0.113	0.113
  2748	-0.0344589	-0.113	0.113
  2749	-0.0289895	-0.113	0.113
  2750	-0.0376295	-0.113	0.113
  2751	-0.0180049	-0.113	0.113
  2752	-0.0317146	-0.113	0.113
  2753	-0.014216	-0.113	0.113
  2754	-0.0229785	-0.113	0.113
  2755	-0.0168384	-0.113	0.113
  2756	-0.0143807	-0.113	0.113
  2757	-0.0160399	-0.113	0.113
  2758	-0.0415976	-0.113	0.113
  2759	-0.0215391	-0.113	0.113
  2760	-0.0414272	-0.113	0.113
  2761	-0.0340857	-0.113	0.113
  2762	-0.0142416	-0.113	0.113
  2763	-0.0178806	-0.113	0.113
  2764	-0.0223209	-0.113	0.113
  2765	-0.0304248	-0.113	0.113
  2766	-0.0406355	-0.113	0.113
  2767	-0.0268387	-0.113	0.113
  2768	-0.0328354	-0.113	0.113
  2769	-0.0376996	-0.113	0.113
  2770	-0.0393273	-0.113	0.113
  2771	-0.025034	-0.113	0.113
  2772	-0.0426788	-0.113	0.113
  2773	-0.0105721	-0.113	0.113
  2774	-0.0299966	-0.113	0.113
  2775	-0.0317254	-0.113	0.113
  2776	-0.0107642	-0.113	0.113
  2777	-0.0381237	-0.113	0.113
  2778	-0.0214962	-0.113	0.113
  2779	-0.0430651	-0.113	0.113
  2780	-0.0419943	-0.113	0.113
  2781	-0.0213004	-0.113	0.113
  2782	-0.035805	-0.113	0.113
  2783	-0.036115	-0.113	0.113
  2784	-0.0372168	-0.113	0.113
  2785	-0.0121887	-0.113	0.113
  2786	-0.0420887	-0.113	0.113
  2787	-0.0120522	-0.113	0.113
  2788	-0.0105973	-0.113	0.113
  2789	-0.0425068	-0.113	0.113
  2790	-0.0434785	-0.113	0.113
  2791	-0.0340224	-0.113	0.113
  2792	-0.0178805	-0.113	0.113
  2793	-0.042464	-0.113	0.113
  2794	-0.0207135	-0.113	0.113
  2795	-0.032806	-0.113	0.113
  2796	-0.0345812	-0.113	0.113
  2797	-0.0322749	-0.113	0.113
  2798	-0.0199176	-0.113	0.113
  2799	-0.0144171	-0.113	0.113
  2800	-0.0332536	-0.113	0.113
  2801	-0.0420214	-0.113	0.113
  2802	-0.0267058	-0.113	0.113
  2803	-0.0119287	-0.113	0.113
  2804	-0.0234325	-0.113	0.113
  2805	-0.0307449	-0.113	0.113
  2806	-0.0177927	-0.113	0.113
  2807	-0.0184879	-0.113	0.113
  2808	-0.0223062	-0.113	0.113
  2809	-0.0262603	-0.113	0.113
  2810	-0.0221482	-0.113	0.113
  2811	-0.0159731	-0.113	0.113
  2812	-0.0417472	-0.113	0.113
  2813	-0.021093	-0.113	0.113
  2814	-0.0129654	-0.113	0.113
  2815	-0.0166873	-0.113	0.113
  2816	-0.0192331	-0.113	0.113
  2817	-0.0248697	-0.113	0.113
  2818	-0.0379461	-0.113	0.113
  2819	-0.0125303	-0.113	0.113
  2820	-0.033808	-0.113	0.113
  2821	-0.0331727	-0.113	0.113
  2822	-0.0167924	-0.113	0.113
  2823	-0.0440523	-0.113	0.113
  2824	-0.0298491	-0.113	0.113
  2825	-0.0217282	-0.113	0.113
  2826	-0.0422796	-0.113	0.113
  2827	-0.037502	-0.113	0.113
  2828	-0.0261649	-0.113	0.113
  2829	-0.0349036	-0.113	0.113
  2830	-0.0433745	-0.113	0.113
  2831	-0.0122584	-0.113	0.113
  2832	-0.0400254	-0.113	0.113
  2833	-0.0278322	-0.113	0.113
  2834	-0.0105302	-0.113	0.113
  2835	-0.0438458	-0.113	0.113
  2836	-0.0142554	-0.113	0.113
  2837	-0.0162859	-0.113	0.113
  2838	-0.0180242	-0.113	0.113
  2839	-0.0386531	-0.113	0.113
  2840	-0.0282211	-0.113	0.113
  2841	-0.0308571	-0.113	0.113
  2842	-0.0274659	-0.113	0.113
  2843	-0.0151753	-0.113	0.113
  2844	-0.0434218	-0.113	0.113
  2845	-0.0298651	-0.113	0.113
  2846	-0.038954	-0.113	0.113
  2847	-0.0380151	-0.113	0.113
  2848	-0.0374021	-0.113	0.113
  2849	-0.0408716	-0.113	0.113
  2850	-0.0435605	-0.113	0.113
  2851	-0.0423909	-0.113	0.113
  2852	-0.0244973	-0.113	0.113
  2853	-0.026602	-0.113	0.113
  2854	-0.0438004	-0.113	0.113
  2855	-0.0429391	-0.113	0.113
  2856	-0.0275285	-0.113	0.113
  2857	-0.0240616	-0.113	0.113
  2858	-0.031352	-0.113	0.113
  2859	-0.0317475	-0.113	0.113
  2860	-0.0284869	-0.113	0.113
  2861	-0.041907	-0.113	0.113
  2862	-0.0409398	-0.113	0.113
  2863	-0.0224588	-0.113	0.113
  2864	-0.0169615	-0.113	0.113
  2865	-0.0120865	-0.113	0.113
  2866	-0.0419784	-0.113	0.113
  2867	-0.0361316	-0.113	0.113
  2868	-0.0116444	-0.113	0.113
  2869	-0.0289292	-0.113	0.113
  2870	-0.0397862	-0.113	0.113
  2871	-0.0224541	-0.113	0.113
  2872	-0.0407437	-0.113	0.113
  2873	-0.0216933	-0.113	0.113
  2874	-0.0141894	-0.113	0.113
  2875	-0.0136131	-0.113	0.113
  2876	-0.038571	-0.113	0.113
  2877	-0.0168005	-0.113	0.113
  2878	-0.0433595	-0.113	0.113
  2879	-0.0432631	-0.113	0.113
  2880	-0.013108	-0.113	0.113
  2881	-0.0147117	-0.113	0.113
  2882	-0.0327609	-0.113	0.113
  2883	-0.0300584	-0.113	0.113
  2884	-0.0242991	-0.113	0.113
  2885	-0.0413495	-0.113	0.113
  2886	-0.0175273	-0.113	0.113
  2887	-0.0230679	-0.113	0.113
  2888	-0.0205143	-0.113	0.113
  2889	-0.0167514	-0.113	0.113
  2890	-0.0208961	-0.113	0.113
  2891	-0.0412396	-0.113	0.113
  2892	-0.0423484	-0.113	0.113
  2893	-0.0116469	-0.113	0.113
  2894	-0.0142985	-0.113	0.113
  2895	-0.0300577	-0.113	0.113
  2896	-0.0190526	-0.113	0.113
  2897	-0.0308464	-0.113	0.113
  2898	-0.0436639	-0.113	0.113
  2899	-0.039754	-0.113	0.113
  2900	-0.0161507	-0.113	0.113
  2901	-0.044161	-0.113	0.113
  2902	-0.0270512	-0.113	0.113
  2903	-0.0241082	-0.113	0.113
  2904	-0.0197775	-0.113	0.113
  2905	-0.0282564	-0.113	0.113
  2906	-0.0344012	-0.113	0.113
  2907	-0.0133294	-0.113	0.113
  2908	-0.0356798	-0.113	0.113
  2909	-0.0438173	-0.113	0.113
  2910	-0.0124777	-0.113	0.113
  2911	-0.0254413	-0.113	0.113
  2912	-0.0433954	-0.113	0.113
  2913	-0.0110122	-0.113	0.113
  2914	-0.0123903	-0.113	0.113
  2915	-0.0198172	-0.113	0.113
  2916	-0.0165587	-0.113	0.113
  2917	-0.0440016	-0.113	0.113
  2918	-0.0170869	-0.113	0.113
  2919	-0.017334	-0.113	0.113
  2920	-0.0149063	-0.113	0.113
  2921	-0.0319608	-0.113	0.113
  2922	-0.0363207	-0.113	0.113
  2923	-0.023172	-0.113	0.113
  2924	-0.0255707	-0.113	0.113
  2925	-0.0425986	-0.113	0.113
  2926	-0.012229	-0.113	0.113
  2927	-0.0315782	-0.113	0.113
  2928	-0.0352243	-0.113	0.113
  2929	-0.0151643	-0.113	0.113
  2930	-0.0439928	-0.113	0.113
  2931	-0.0125426	-0.113	0.113
  2932	-0.040824	-0.113	0.113
  2933	-0.0428904	-0.113	0.113
  2934	-0.0254458	-0.113	0.113
  2935	-0.015812	-0.113	0.113
  2936	-0.0194267	-0.113	0.113
  2937	-0.0175837	-0.113	0.113
  2938	-0.0123001	-0.113	0.113
  2939	-0.0253275	-0.113	0.113
  2940	-0.0404321	-0.113	0.113
  2941	-0.0253394	-0.113	0.113
  2942	-0.0139115	-0.113	0.113
  2943	-0.0423481	-0.113	0.113
  2944	-0.0207813	-0.113	0.113
  2945	-0.0253813	-0.113	0.113
  2946	-0.0373629	-0.113	0.113
  2947	-0.0143666	-0.113	0.113
  2948	-0.0378142	-0.113	0.113
  2949	-0.0153113	-0.113	0.113
  2950	-0.0228726	-0.113	0.113
  2951	-0.0264207	-0.113	0.113
  2952	-0.0293839	-0.113	0.113
  2953	-0.0135417	-0.113	0.113
  2954	-0.0226803	-0.113	0.113
  2955	-0.0283818	-0.113	0.113
  2956	-0.0339541	-0.113	0.113
  2957	-0.0230907	-0.113	0.113
  2958	-0.0153068	-0.113	0.113
  2959	-0.0309796	-0.113	0.113
  2960	-0.0164174	-0.113	0.113
  2961	-0.0276039	-0.113	0.113
  2962	-0.0178128	-0.113	0.113
  2963	-0.0440172	-0.113	0.113
  2964	-0.044058	-0.113	0.113
  2965	-0.011252	-0.113	0.113
  2966	-0.0130502	-0.113	0.113
  2967	-0.0192913	-0.113	0.113
  2968	-0.0427042	-0.113	0.113
  2969	-0.0436132	-0.113	0.113
  2970	-0.0217185	-0.113	0.113
  2971	-0.0124859	-0.113	0.113
  2972	-0.0396069	-0.113	0.113
  2973	-0.0116696	-0.113	0.113
  2974	-0.0107871	-0.113	0.113
  2975	-0.0136311	-0.113	0.113
  2976	-0.0271522	-0.113	0.113
  2977	-0.0437348	-0.113	0.113
  2978	-0.0200327	-0.113	0.113
  2979	-0.0175108	-0.113	0.113
  2980	-0.0306097	-0.113	0.113
  2981	-0.0329911	-0.113	0.113
  2982	-0.0314713	-0.113	0.113
  2983	-0.0297751	-0.113	0.113
  2984	-0.0181776	-0.113	0.113
  2985	-0.0336273	-0.113	0.113
  2986	-0.0135062	-0.113	0.113
  2987	-0.0404052	-0.113	0.113
  2988	-0.0383308	-0.113	0.113
  2989	-0.0115187	-0.113	0.113
  2990	-0.021366	-0.113	0.113
  2991	-0.0164646	-0.113	0.113
  2992	-0.0247061	-0.113	0.113
  2993	-0.0412765	-0.113	0.113
  2994	-0.0154777	-0.113	0.113
  2995	-0.0427383	-0.113	0.113
  2996	-0.0422	-0.113	0.113
  2997	-0.0266546	-0.113	0.113
  2998	-0.0406409	-0.113	0.113
  2999	-0.0104687	-0.113	0.113
  3000	-0.0349444	-0.113	0.113
  3001	-0.0441221	-0.113	0.113
  3002	-0.0402603	-0.113	0.113
  3003	-0.0216364	-0.113	0.113
  3004	-0.0114278	-0.113	0.113
  3005	-0.0267152	-0.113	0.113
  3006	-0.0192488	-0.113	0.113
  3007	-0.0132323	-0.113	0.113
  3008	-0.0440279	-0.113	0.113
  3009	-0.0427129	-0.113	0.113
  3010	-0.0182111	-0.113	0.113
  3011	-0.0393769	-0.113	0.113
  3012	-0.0430063	-0.113	0.113
  3013	-0.0114991	-0.113	0.113
  3014	-0.0191019	-0.113	0.113
  3015	-0.0248657	-0.113	0.113
  3016	-0.044233	-0.113	0.113
  3017	-0.0339861	-0.113	0.113
  3018	-0.0175513	-0.113	0.113
  3019	-0.0393606	-0.113	0.113
  3020	-0.013083	-0.113	0.113
  3021	-0.01193	-0.113	0.113
  3022	-0.0336838	-0.113	0.113
  3023	-0.0404707	-0.113	0.113
  3024	-0.0376613	-0.113	0.113
  3025	-0.0393563	-0.113	0.113
  3026	-0.0315011	-0.113	0.113
  3027	-0.0190326	-0.113	0.113
  3028	-0.0406532	-0.113	0.113
  3029	-0.011939	-0.113	0.113
  3030	-0.0347877	-0.113	0.113
  3031	-0.0122074	-0.113	0.113
  3032	-0.0120609	-0.113	0.113
  3033	-0.023217	-0.113	0.113
  3034	-0.0329974	-0.113	0.113
  3035	-0.0254135	-0.113	0.113
  3036	-0.0212322	-0.113	0.113
  3037	-0.0163086	-0.113	0.113
  3038	-0.0261925	-0.113	0.113
  3039	-0.0409311	-0.113	0.113
  3040	-0.0242093	-0.113	0.113
  3041	-0.0223654	-0.113	0.113
  3042	-0.0110957	-0.113	0.113
  3043	-0.0192621	-0.113	0.113
  3044	-0.0424897	-0.113	0.113
  3045	-0.0437868	-0.113	0.113
  3046	-0.0156456	-0.113	0.113
  3047	-0.026649	-0.113	0.113
  3048	-0.0199406	-0.113	0.113
  3049	-0.0382686	-0.113	0.113
  3050	-0.0263857	-0.113	0.113
  3051	-0.043099	-0.113	0.113
  3052	-0.0150487	-0.113	0.113
  3053	-0.042793	-0.113	0.113
  3054	-0.0415056	-0.113	0.113
  3055	-0.0322426	-0.113	0.113
  3056	-0.0323235	-0.113	0.113
  3057	-0.0102525	-0.113	0.113
  3058	-0.0434816	-0.113	0.113
  3059	-0.013239	-0.113	0.113
  3060	-0.0310505	-0.113	0.113
  3061	-0.043759	-0.113	0.113
  3062	-0.0109534	-0.113	0.113
  3063	-0.032391	-0.113	0.113
  3064	-0.0115086	-0.113	0.113
  3065	-0.0104295	-0.113	0.113
  3066	-0.0310305	-0.113	0.113
  3067	-0.0207634	-0.113	0.113
  3068	-0.0203986	-0.113	0.113
  3069	-0.0210186	-0.113	0.113
  3070	-0.0436644	-0.113	0.113
  3071	-0.0281213	-0.113	0.113
  3072	-0.0108746	-0.113	0.113
  3073	-0.0367388	-0.113	0.113
  3074	-0.0279054	-0.113	0.113
  3075	-0.0255297	-0.113	0.113
  3076	-0.0194432	-0.113	0.113
  3077	-0.0333556	-0.113	0.113
  3078	-0.0160809	-0.113	0.113
  3079	-0.0431023	-0.113	0.113
  3080	-0.0203308	-0.113	0.113
  3081	-0.0233733	-0.113	0.113
  3082	-0.0422372	-0.113	0.113
  3083	-0.0321691	-0.113	0.113
  3084	-0.0279381	-0.113	0.113
  3085	-0.0413889	-0.113	0.113
  3086	-0.0177309	-0.113	0.113
  3087	-0.0348501	-0.113	0.113
  3088	-0.0389323	-0.113	0.113
  3089	-0.0401935	-0.113	0.113
  3090	-0.0441779	-0.113	0.113
  3091	-0.0254832	-0.113	0.113
  3092	-0.0167695	-0.113	0.113
  3093	-0.0279497	-0.113	0.113
  3094	-0.0135144	-0.113	0.113
  3095	-0.0113821	-0.113	0.113
  3096	-0.0169509	-0.113	0.113
  3097	-0.0240555	-0.113	0.113
  3098	-0.0440789	-0.113	0.113
  3099	-0.0155237	-0.113	0.113
  3100	-0.028017	-0.113	0.113
  3101	-0.0164603	-0.113	0.113
  3102	-0.0180097	-0.113	0.113
  3103	-0.0145238	-0.113	0.113
  3104	-0.0125516	-0.113	0.113
  3105	-0.0327148	-0.113	0.113
  3106	-0.0346052	-0.113	0.113
  3107	-0.0204578	-0.113	0.113
  3108	-0.0187336	-0.113	0.113
  3109	-0.0295045	-0.113	0.113
  3110	-0.0153456	-0.113	0.113
  3111	-0.0104191	-0.113	0.113
  3112	-0.0339892	-0.113	0.113
  3113	-0.0378872	-0.113	0.113
  3114	-0.0429348	-0.113	0.113
  3115	-0.0160899	-0.113	0.113
  3116	-0.0280444	-0.113	0.113
  3117	-0.0212223	-0.113	0.113
  3118	-0.0355024	-0.113	0.113
  3119	-0.0426114	-0.113	0.113
  3120	-0.0439611	-0.113	0.113
  3121	-0.0304461	-0.113	0.113
  3122	-0.0370857	-0.113	0.113
  3123	-0.0288691	-0.113	0.113
  3124	-0.0387516	-0.113	0.113
  3125	-0.0299026	-0.113	0.113
  3126	-0.0103536	-0.113	0.113
  3127	-0.0266366	-0.113	0.113
  3128	-0.0147824	-0.113	0.113
  3129	-0.011446	-0.113	0.113
  3130	-0.0182315	-0.113	0.113
  3131	-0.027351	-0.113	0.113
  3132	-0.0130215	-0.113	0.113
  3133	-0.0432787	-0.113	0.113
  3134	-0.0439384	-0.113	0.113
  3135	-0.0338996	-0.113	0.113
  3136	-0.0225014	-0.113	0.113
  3137	-0.0211345	-0.113	0.113
  3138	-0.0385733	-0.113	0.113
  3139	-0.0106392	-0.113	0.113
  3140	-0.0124027	-0.113	0.113
  3141	-0.0257868	-0.113	0.113
  3142	-0.0333495	-0.113	0.113
  3143	-0.013646	-0.113	0.113
  3144	-0.0260874	-0.113	0.113
  3145	-0.0245171	-0.113	0.113
  3146	-0.0174203	-0.113	0.113
  3147	-0.0349325	-0.113	0.113
  3148	-0.0224253	-0.113	0.113
  3149	-0.0437762	-0.113	0.113
  3150	-0.0304173	-0.113	0.113
  3151	-0.0229995	-0.113	0.113
  3152	-0.0283106	-0.113	0.113
  3153	-0.0418249	-0.113	0.113
  3154	-0.0118157	-0.113	0.113
  3155	-0.0129986	-0.113	0.113
  3156	-0.0434015	-0.113	0.113
  3157	-0.0441178	-0.113	0.113
  3158	-0.0119726	-0.113	0.113
  3159	-0.0336119	-0.113	0.113
  3160	-0.0417803	-0.113	0.113
  3161	-0.0227014	-0.113	0.113
  3162	-0.0354589	-0.113	0.113
  3163	-0.0271715	-0.113	0.113
  3164	-0.0390923	-0.113	0.113
  3165	-0.0240046	-0.113	0.113
  3166	-0.0397401	-0.113	0.113
  3167	-0.011978	-0.113	0.113
  3168	-0.0226379	-0.113	0.113
  3169	-0.0422781	-0.113	0.113
  3170	-0.0179198	-0.113	0.113
  3171	-0.0164808	-0.113	0.113
  3172	-0.0340938	-0.113	0.113
  3173	-0.0138739	-0.113	0.113
  3174	-0.0314322	-0.113	0.113
  3175	-0.019219	-0.113	0.113
  3176	-0.0221149	-0.113	0.113
  3177	-0.0147491	-0.113	0.113
  3178	-0.0105331	-0.113	0.113
  3179	-0.0376695	-0.113	0.113
  3180	-0.0103515	-0.113	0.113
  3181	-0.0388876	-0.113	0.113
  3182	-0.0230572	-0.113	0.113
  3183	-0.0379604	-0.113	0.113
  3184	-0.0254294	-0.113	0.113
  3185	-0.0217415	-0.113	0.113
  3186	-0.0172195	-0.113	0.113
  3187	-0.0367754	-0.113	0.113
  3188	-0.0317634	-0.113	0.113
  3189	-0.0392772	-0.113	0.113
  3190	-0.0303105	-0.113	0.113
  3191	-0.0360307	-0.113	0.113
  3192	-0.0123612	-0.113	0.113
  3193	-0.0184173	-0.113	0.113
  3194	-0.025573	-0.113	0.113
  3195	-0.0237348	-0.113	0.113
  3196	-0.0164839	-0.113	0.113
  3197	-0.0112955	-0.113	0.113
  3198	-0.0423651	-0.113	0.113
  3199	-0.0102909	-0.113	0.113
  3200	-0.0160998	-0.113	0.113
  3201	-0.0128797	-0.113	0.113
  3202	-0.0382406	-0.113	0.113
  3203	-0.0421439	-0.113	0.113
  3204	-0.0316602	-0.113	0.113
  3205	-0.0191332	-0.113	0.113
  3206	-0.022997	-0.113	0.113
  3207	-0.0390353	-0.113	0.113
  3208	-0.0439562	-0.113	0.113
  3209	-0.0361499	-0.113	0.113
  3210	-0.0127227	-0.113	0.113
  3211	-0.0178841	-0.113	0.113
  3212	-0.0220443	-0.113	0.113
  3213	-0.0218978	-0.113	0.113
  3214	-0.0300296	-0.113	0.113
  3215	-0.0324613	-0.113	0.113
  3216	-0.0187561	-0.113	0.113
  3217	-0.0116503	-0.113	0.113
  3218	-0.0346348	-0.113	0.113
  3219	-0.0362243	-0.113	0.113
  3220	-0.0439127	-0.113	0.113
  3221	-0.0418971	-0.113	0.113
  3222	-0.0267765	-0.113	0.113
  3223	-0.0439776	-0.113	0.113
  3224	-0.0301721	-0.113	0.113
  3225	-0.0260845	-0.113	0.113
  3226	-0.0248546	-0.113	0.113
  3227	-0.0321719	-0.113	0.113
  3228	-0.0265294	-0.113	0.113
  3229	-0.0390956	-0.113	0.113
  3230	-0.0231281	-0.113	0.113
  3231	-0.0131414	-0.113	0.113
  3232	-0.0323548	-0.113	0.113
  3233	-0.0412593	-0.113	0.113
  3234	-0.0294012	-0.113	0.113
  3235	-0.0116591	-0.113	0.113
  3236	-0.022244	-0.113	0.113
  3237	-0.0251101	-0.113	0.113
  3238	-0.0172763	-0.113	0.113
  3239	-0.0423799	-0.113	0.113
  3240	-0.0286771	-0.113	0.113
  3241	-0.0298382	-0.113	0.113
  3242	-0.0159757	-0.113	0.113
  3243	-0.0111862	-0.113	0.113
  3244	-0.0119556	-0.113	0.113
  3245	-0.0221578	-0.113	0.113
  3246	-0.0224242	-0.113	0.113
  3247	-0.0142013	-0.113	0.113
  3248	-0.0120637	-0.113	0.113
  3249	-0.023689	-0.113	0.113
  3250	-0.0195034	-0.113	0.113
  3251	-0.0290927	-0.113	0.113
  3252	-0.0127374	-0.113	0.113
  3253	-0.0205672	-0.113	0.113
  3254	-0.0162654	-0.113	0.113
  3255	-0.0235313	-0.113	0.113
  3256	-0.0441024	-0.113	0.113
  3257	-0.0281665	-0.113	0.113
  3258	-0.0119722	-0.113	0.113
  3259	-0.0213779	-0.113	0.113
  3260	-0.0232414	-0.113	0.113
  3261	-0.0158636	-0.113	0.113
  3262	-0.0368047	-0.113	0.113
  3263	-0.0344477	-0.113	0.113
  3264	-0.0264578	-0.113	0.113
  3265	-0.0427643	-0.113	0.113
  3266	-0.0119842	-0.113	0.113
  3267	-0.0285236	-0.113	0.113
  3268	-0.0127329	-0.113	0.113
  3269	-0.0204362	-0.113	0.113
  3270	-0.0340996	-0.113	0.113
  3271	-0.0380132	-0.113	0.113
  3272	-0.0171957	-0.113	0.113
  3273	-0.0231982	-0.113	0.113
  3274	-0.0372922	-0.113	0.113
  3275	-0.0152678	-0.113	0.113
  3276	-0.0244241	-0.113	0.113
  3277	-0.0236221	-0.113	0.113
  3278	-0.0375952	-0.113	0.113
  3279	-0.019394	-0.113	0.113
  3280	-0.0436482	-0.113	0.113
  3281	-0.0344603	-0.113	0.113
  3282	-0.0156727	-0.113	0.113
  3283	-0.0387427	-0.113	0.113
  3284	-0.0189851	-0.113	0.113
  3285	-0.0273185	-0.113	0.113
  3286	-0.0316204	-0.113	0.113
  3287	-0.018858	-0.113	0.113
  3288	-0.0317058	-0.113	0.113
  3289	-0.0362861	-0.113	0.113
  3290	-0.0424026	-0.113	0.113
  3291	-0.0122696	-0.113	0.113
  3292	-0.0102568	-0.113	0.113
  3293	-0.0116495	-0.113	0.113
  3294	-0.0189925	-0.113	0.113
  3295	-0.0170096	-0.113	0.113
  3296	-0.0186012	-0.113	0.113
  3297	-0.0438788	-0.113	0.113
  3298	-0.0342866	-0.113	0.113
  3299	-0.0434242	-0.113	0.113
  3300	-0.0109982	-0.113	0.113
  3301	-0.0139799	-0.113	0.113
  3302	-0.0204418	-0.113	0.113
  3303	-0.0233743	-0.113	0.113
  3304	-0.021838	-0.113	0.113
  3305	-0.0134889	-0.113	0.113
  3306	-0.0269631	-0.113	0.113
  3307	-0.0397111	-0.113	0.113
  3308	-0.0172333	-0.113	0.113
  3309	-0.0279192	-0.113	0.113
  3310	-0.0430797	-0.113	0.113
  3311	-0.0285869	-0.113	0.113
  3312	-0.0420891	-0.113	0.113
  3313	-0.0431744	-0.113	0.113
  3314	-0.0128983	-0.113	0.113
  3315	-0.0220704	-0.113	0.113
  3316	-0.0129006	-0.113	0.113
  3317	-0.0378338	-0.113	0.113
  3318	-0.0369479	-0.113	0.113
  3319	-0.0111083	-0.113	0.113
  3320	-0.0428824	-0.113	0.113
  3321	-0.0111064	-0.113	0.113
  3322	-0.0145215	-0.113	0.113
  3323	-0.0421265	-0.113	0.113
  3324	-0.0211434	-0.113	0.113
  3325	-0.0266838	-0.113	0.113
  3326	-0.0186884	-0.113	0.113
  3327	-0.0262403	-0.113	0.113
  3328	-0.0324458	-0.113	0.113
  3329	-0.0152892	-0.113	0.113
  3330	-0.0417796	-0.113	0.113
  3331	-0.0278278	-0.113	0.113
  3332	-0.0293731	-0.113	0.113
  3333	-0.0359159	-0.113	0.113
  3334	-0.0388001	-0.113	0.113
  3335	-0.0367339	-0.113	0.113
  3336	-0.0146449	-0.113	0.113
  3337	-0.042813	-0.113	0.113
  3338	-0.0426653	-0.113	0.113
  3339	-0.0271211	-0.113	0.113
  3340	-0.016683	-0.113	0.113
  3341	-0.0178276	-0.113	0.113
  3342	-0.0389803	-0.113	0.113
  3343	-0.0177318	-0.113	0.113
  3344	-0.0386086	-0.113	0.113
  3345	-0.0271724	-0.113	0.113
  3346	-0.0127954	-0.113	0.113
  3347	-0.0363213	-0.113	0.113
  3348	-0.0382449	-0.113	0.113
  3349	-0.0318819	-0.113	0.113
  3350	-0.0295486	-0.113	0.113
  3351	-0.0115164	-0.113	0.113
  3352	-0.0397258	-0.113	0.113
  3353	-0.0173925	-0.113	0.113
  3354	-0.0217334	-0.113	0.113
  3355	-0.0223251	-0.113	0.113
  3356	-0.0185466	-0.113	0.113
  3357	-0.0430495	-0.113	0.113
  3358	-0.0186533	-0.113	0.113
  3359	-0.0224382	-0.113	0.113
  3360	-0.0429947	-0.113	0.113
  3361	-0.029503	-0.113	0.113
  3362	-0.011115	-0.113	0.113
  3363	-0.0322834	-0.113	0.113
  3364	-0.0303839	-0.113	0.113
  3365	-0.0215359	-0.113	0.113
  3366	-0.0265219	-0.113	0.113
  3367	-0.0125307	-0.113	0.113
  3368	-0.0212216	-0.113	0.113
  3369	-0.0147977	-0.113	0.113
  3370	-0.0172515	-0.113	0.113
  3371	-0.0190982	-0.113	0.113
  3372	-0.0121881	-0.113	0.113
  3373	-0.0103838	-0.113	0.113
  3374	-0.0174785	-0.113	0.113
  3375	-0.0237174	-0.113	0.113
  3376	-0.0248376	-0.113	0.113
  3377	-0.0430983	-0.113	0.113
  3378	-0.0356655	-0.113	0.113
  3379	-0.0368632	-0.113	0.113
  3380	-0.0180637	-0.113	0.113
  3381	-0.0439387	-0.113	0.113
  3382	-0.0255106	-0.113	0.113
  3383	-0.0112064	-0.113	0.113
  3384	-0.0306827	-0.113	0.113
  3385	-0.0168721	-0.113	0.113
  3386	-0.0313139	-0.113	0.113
  3387	-0.0305204	-0.113	0.113
  3388	-0.0102258	-0.113	0.113
  3389	-0.012672	-0.113	0.113
  3390	-0.0288405	-0.113	0.113
  3391	-0.0406287	-0.113	0.113
  3392	-0.0435607	-0.113	0.113
  3393	-0.0311969	-0.113	0.113
  3394	-0.0365494	-0.113	0.113
  3395	-0.0330057	-0.113	0.113
  3396	-0.043982	-0.113	0.113
  3397	-0.0288787	-0.113	0.113
  3398	-0.0349212	-0.113	0.113
  3399	-0.0117736	-0.113	0.113
  3400	-0.0107982	-0.113	0.113
  3401	-0.0156009	-0.113	0.113
  3402	-0.044145	-0.113	0.113
  3403	-0.0153096	-0.113	0.113
  3404	-0.0103635	-0.113	0.113
  3405	-0.0157301	-0.113	0.113
  3406	-0.0438088	-0.113	0.113
  3407	-0.012823	-0.113	0.113
  3408	-0.0281739	-0.113	0.113
  3409	-0.0238304	-0.113	0.113
  3410	-0.0422351	-0.113	0.113
  3411	-0.0105249	-0.113	0.113
  3412	-0.0218254	-0.113	0.113
  3413	-0.0204785	-0.113	0.113
  3414	-0.0423347	-0.113	0.113
  3415	-0.0143663	-0.113	0.113
  3416	-0.0106963	-0.113	0.113
  3417	-0.0374824	-0.113	0.113
  3418	-0.0432611	-0.113	0.113
  3419	-0.034521	-0.113	0.113
  3420	-0.0195543	-0.113	0.113
  3421	-0.0116557	-0.113	0.113
  3422	-0.0184604	-0.113	0.113
  3423	-0.028087	-0.113	0.113
  3424	-0.0152858	-0.113	0.113
  3425	-0.0330617	-0.113	0.113
  3426	-0.0134594	-0.113	0.113
  3427	-0.0301117	-0.113	0.113
  3428	-0.0101224	-0.113	0.113
  3429	-0.0355961	-0.113	0.113
  3430	-0.0385758	-0.113	0.113
  3431	-0.0177743	-0.113	0.113
  3432	-0.0322967	-0.113	0.113
  3433	-0.02136	-0.113	0.113
  3434	-0.0244178	-0.113	0.113
  3435	-0.0115614	-0.113	0.113
  3436	-0.0360756	-0.113	0.113
  3437	-0.0168843	-0.113	0.113
  3438	-0.0304008	-0.113	0.113
  3439	-0.0125626	-0.113	0.113
  3440	-0.0306882	-0.113	0.113
  3441	-0.0125367	-0.113	0.113
  3442	-0.0236663	-0.113	0.113
  3443	-0.0337679	-0.113	0.113
  3444	-0.028368	-0.113	0.113
  3445	-0.0380563	-0.113	0.113
  3446	-0.0148363	-0.113	0.113
  3447	-0.0264594	-0.113	0.113
  3448	-0.0353912	-0.113	0.113
  3449	-0.0518302	-0.113	0.113
  3450	-0.0331158	-0.113	0.113
  3451	-0.0339871	-0.113	0.113
  3452	-0.0156738	-0.113	0.113
  3453	-0.0353453	-0.113	0.113
  3454	-0.0188899	-0.113	0.113
  3455	-0.0370514	-0.113	0.113
  3456	-0.028152	-0.113	0.113
  3457	-0.0334664	-0.113	0.113
  3458	-0.04461	-0.113	0.113
  3459	-0.0228005	-0.113	0.113
  3460	-0.0386159	-0.113	0.113
  3461	-0.0189184	-0.113	0.113
  3462	-0.0281575	-0.113	0.113
  3463	-0.0123789	-0.113	0.113
  3464	-0.020256	-0.113	0.113
  3465	-0.0117703	-0.113	0.113
  3466	-0.0315468	-0.113	0.113
  3467	-0.0431988	-0.113	0.113
  3468	-0.0337775	-0.113	0.113
  3469	-0.011786	-0.113	0.113
  3470	-0.0422773	-0.113	0.113
  3471	-0.0424774	-0.113	0.113
  3472	-0.0119364	-0.113	0.113
  3473	-0.0183081	-0.113	0.113
  3474	-0.0345585	-0.113	0.113
  3475	-0.0247709	-0.113	0.113
  3476	-0.0177328	-0.113	0.113
  3477	-0.0128622	-0.113	0.113
  3478	-0.0342741	-0.113	0.113
  3479	-0.0113162	-0.113	0.113
  3480	-0.0433969	-0.113	0.113
  3481	-0.0302638	-0.113	0.113
  3482	-0.0221139	-0.113	0.113
  3483	-0.0407759	-0.113	0.113
  3484	-0.0377305	-0.113	0.113
  3485	-0.0418596	-0.113	0.113
  3486	-0.0202555	-0.113	0.113
  3487	-0.0398129	-0.113	0.113
  3488	-0.0101827	-0.113	0.113
  3489	-0.0116772	-0.113	0.113
  3490	-0.0397895	-0.113	0.113
  3491	-0.0378642	-0.113	0.113
  3492	-0.0111329	-0.113	0.113
  3493	-0.0331934	-0.113	0.113
  3494	-0.019058	-0.113	0.113
  3495	-0.0230416	-0.113	0.113
  3496	-0.0299004	-0.113	0.113
  3497	-0.017465	-0.113	0.113
  3498	-0.0274271	-0.113	0.113
  3499	-0.0432073	-0.113	0.113
  3500	-0.0431338	-0.113	0.113
  3501	-0.0421282	-0.113	0.113
  3502	-0.020182	-0.113	0.113
  3503	-0.0280294	-0.113	0.113
  3504	-0.0167189	-0.113	0.113
  3505	-0.0161889	-0.113	0.113
  3506	-0.0303219	-0.113	0.113
  3507	-0.0101643	-0.113	0.113
  3508	-0.0177036	-0.113	0.113
  3509	-0.0158191	-0.113	0.113
  3510	-0.0118971	-0.113	0.113
  3511	-0.0188237	-0.113	0.113
  3512	-0.0289839	-0.113	0.113
  3513	-0.0403431	-0.113	0.113
  3514	-0.0114768	-0.113	0.113
  3515	-0.0277544	-0.113	0.113
  3516	-0.0432599	-0.113	0.113
  3517	-0.0138077	-0.113	0.113
  3518	-0.0410761	-0.113	0.113
  3519	-0.0300788	-0.113	0.113
  3520	-0.019226	-0.113	0.113
  3521	-0.0209249	-0.113	0.113
  3522	-0.0103588	-0.113	0.113
  3523	-0.0254512	-0.113	0.113
  3524	-0.0107715	-0.113	0.113
  3525	-0.0244767	-0.113	0.113
  3526	-0.0148192	-0.113	0.113
  3527	-0.0230801	-0.113	0.113
  3528	-0.0441	-0.113	0.113
  3529	-0.0422057	-0.113	0.113
  3530	-0.0420717	-0.113	0.113
  3531	-0.0433857	-0.113	0.113
  3532	-0.0170281	-0.113	0.113
  3533	-0.0439595	-0.113	0.113
  3534	-0.0422283	-0.113	0.113
  3535	-0.0141076	-0.113	0.113
  3536	-0.0116755	-0.113	0.113
  3537	-0.0222302	-0.113	0.113
  3538	-0.0241031	-0.113	0.113
  3539	-0.041228	-0.113	0.113
  3540	-0.01084	-0.113	0.113
  3541	-0.0394938	-0.113	0.113
  3542	-0.0114737	-0.113	0.113
  3543	-0.0241273	-0.113	0.113
  3544	-0.0269683	-0.113	0.113
  3545	-0.0124053	-0.113	0.113
  3546	-0.0406687	-0.113	0.113
  3547	-0.0276302	-0.113	0.113
  3548	-0.0353415	-0.113	0.113
  3549	-0.0101397	-0.113	0.113
  3550	-0.0220522	-0.113	0.113
  3551	-0.0382198	-0.113	0.113
  3552	-0.0154083	-0.113	0.113
  3553	-0.0246274	-0.113	0.113
  3554	-0.0178875	-0.113	0.113
  3555	-0.0148435	-0.113	0.113
  3556	-0.0409024	-0.113	0.113
  3557	-0.0369132	-0.113	0.113
  3558	-0.0410456	-0.113	0.113
  3559	-0.0124569	-0.113	0.113
  3560	-0.022268	-0.113	0.113
  3561	-0.027032	-0.113	0.113
  3562	-0.0274043	-0.113	0.113
  3563	-0.0262053	-0.113	0.113
  3564	-0.0138604	-0.113	0.113
  3565	-0.0293799	-0.113	0.113
  3566	-0.0439693	-0.113	0.113
  3567	-0.0280325	-0.113	0.113
  3568	-0.0130414	-0.113	0.113
  3569	-0.0417314	-0.113	0.113
  3570	-0.0360302	-0.113	0.113
  3571	-0.0280471	-0.113	0.113
  3572	-0.0316926	-0.113	0.113
  3573	-0.0193532	-0.113	0.113
  3574	-0.0388868	-0.113	0.113
  3575	-0.0334726	-0.113	0.113
  3576	-0.0197783	-0.113	0.113
  3577	-0.0440746	-0.113	0.113
  3578	-0.027718	-0.113	0.113
  3579	-0.025819	-0.113	0.113
  3580	-0.0394353	-0.113	0.113
  3581	-0.0183359	-0.113	0.113
  3582	-0.0327548	-0.113	0.113
  3583	-0.0234195	-0.113	0.113
  3584	-0.0102737	-0.113	0.113
  3585	-0.0240442	-0.113	0.113
  3586	-0.0388731	-0.113	0.113
  3587	-0.0402349	-0.113	0.113
  3588	-0.010536	-0.113	0.113
  3589	-0.0393707	-0.113	0.113
  3590	-0.0299447	-0.113	0.113
  3591	-0.0178373	-0.113	0.113
  3592	-0.0241206	-0.113	0.113
  3593	-0.0153735	-0.113	0.113
  3594	-0.014822	-0.113	0.113
  3595	-0.0365194	-0.113	0.113
  3596	-0.0440068	-0.113	0.113
  3597	-0.0310177	-0.113	0.113
  3598	-0.042723	-0.113	0.113
  3599	-0.0153168	-0.113	0.113
  3600	-0.0185527	-0.113	0.113
  3601	-0.0130003	-0.113	0.113
  3602	-0.0162094	-0.113	0.113
  3603	-0.0289545	-0.113	0.113
  3604	-0.0160961	-0.113	0.113
  3605	-0.0428892	-0.113	0.113
  3606	-0.0399443	-0.113	0.113
  3607	-0.0359491	-0.113	0.113
  3608	-0.031014	-0.113	0.113
  3609	-0.0153177	-0.113	0.113
  3610	-0.0317238	-0.113	0.113
  3611	-0.0105104	-0.113	0.113
  3612	-0.0106905	-0.113	0.113
  3613	-0.0119016	-0.113	0.113
  3614	-0.0183705	-0.113	0.113
  3615	-0.0210033	-0.113	0.113
  3616	-0.0432895	-0.113	0.113
  3617	-0.0232633	-0.113	0.113
  3618	-0.0228153	-0.113	0.113
  3619	-0.0180258	-0.113	0.113
  3620	-0.0163497	-0.113	0.113
  3621	-0.0208728	-0.113	0.113
  3622	-0.0168113	-0.113	0.113
  3623	-0.0271918	-0.113	0.113
  3624	-0.0441301	-0.113	0.113
  3625	-0.0347869	-0.113	0.113
  3626	-0.0275365	-0.113	0.113
  3627	-0.0210893	-0.113	0.113
  3628	-0.0212484	-0.113	0.113
  3629	-0.0231265	-0.113	0.113
  3630	-0.023591	-0.113	0.113
  3631	-0.0120117	-0.113	0.113
  3632	-0.0440997	-0.113	0.113
  3633	-0.011177	-0.113	0.113
  3634	-0.0115673	-0.113	0.113
  3635	-0.0178648	-0.113	0.113
  3636	-0.01932	-0.113	0.113
  3637	-0.0190732	-0.113	0.113
  3638	-0.0313318	-0.113	0.113
  3639	-0.0308243	-0.113	0.113
  3640	-0.0297746	-0.113	0.113
  3641	-0.0104968	-0.113	0.113
  3642	-0.0439128	-0.113	0.113
  3643	-0.0181264	-0.113	0.113
  3644	-0.0110755	-0.113	0.113
  3645	-0.0309984	-0.113	0.113
  3646	-0.0296617	-0.113	0.113
  3647	-0.0211343	-0.113	0.113
  3648	-0.0260321	-0.113	0.113
  3649	-0.0280882	-0.113	0.113
  3650	-0.0264165	-0.113	0.113
  3651	-0.0243939	-0.113	0.113
  3652	-0.0122377	-0.113	0.113
  3653	-0.0135656	-0.113	0.113
  3654	-0.03302	-0.113	0.113
  3655	-0.0121487	-0.113	0.113
  3656	-0.0427394	-0.113	0.113
  3657	-0.0472306	-0.113	0.113
  3658	-0.0372608	-0.113	0.113
  3659	-0.0273843	-0.113	0.113
  3660	-0.0435831	-0.113	0.113
  3661	-0.044303	-0.113	0.113
  3662	-0.0404891	-0.113	0.113
  3663	-0.0435655	-0.113	0.113
  3664	-0.0157849	-0.113	0.113
  3665	-0.0288101	-0.113	0.113
  3666	-0.0394191	-0.113	0.113
  3667	-0.0162063	-0.113	0.113
  3668	-0.0369365	-0.113	0.113
  3669	-0.0270536	-0.113	0.113
  3670	-0.0368404	-0.113	0.113
  3671	-0.016486	-0.113	0.113
  3672	-0.0425335	-0.113	0.113
  3673	-0.0153079	-0.113	0.113
  3674	-0.0397579	-0.113	0.113
  3675	-0.0241527	-0.113	0.113
  3676	-0.0235749	-0.113	0.113
  3677	-0.0459389	-0.113	0.113
  3678	-0.0432946	-0.113	0.113
  3679	-0.0321739	-0.113	0.113
  3680	-0.0264046	-0.113	0.113
  3681	-0.014385	-0.113	0.113
  3682	-0.0217778	-0.113	0.113
  3683	-0.0411284	-0.113	0.113
  3684	-0.0122998	-0.113	0.113
  3685	-0.0375847	-0.113	0.113
  3686	-0.0243275	-0.113	0.113
  3687	-0.0326817	-0.113	0.113
  3688	-0.0220499	-0.113	0.113
  3689	-0.0396566	-0.113	0.113
  3690	-0.0285755	-0.113	0.113
  3691	-0.0437875	-0.113	0.113
  3692	-0.0344447	-0.113	0.113
  3693	-0.0103798	-0.113	0.113
  3694	-0.0114123	-0.113	0.113
  3695	-0.0436867	-0.113	0.113
  3696	-0.0269489	-0.113	0.113
  3697	-0.0395062	-0.113	0.113
  3698	-0.0257282	-0.113	0.113
  3699	-0.0133407	-0.113	0.113
  3700	-0.0247424	-0.113	0.113
  3701	-0.027734	-0.113	0.113
  3702	-0.0316012	-0.113	0.113
  3703	-0.0260946	-0.113	0.113
  3704	-0.0159485	-0.113	0.113
  3705	-0.0408314	-0.113	0.113
  3706	-0.0163919	-0.113	0.113
  3707	-0.0465965	-0.113	0.113
  3708	-0.0154308	-0.113	0.113
  3709	-0.0390031	-0.113	0.113
  3710	-0.0417511	-0.113	0.113
  3711	-0.0294655	-0.113	0.113
  3712	-0.0154799	-0.113	0.113
  3713	-0.0117491	-0.113	0.113
  3714	-0.0162874	-0.113	0.113
  3715	-0.0192829	-0.113	0.113
  3716	-0.0413083	-0.113	0.113
  3717	-0.0105913	-0.113	0.113
  3718	-0.0362959	-0.113	0.113
  3719	-0.0438005	-0.113	0.113
  3720	-0.0126519	-0.113	0.113
  3721	-0.0395581	-0.113	0.113
  3722	-0.0399246	-0.113	0.113
  3723	-0.0164858	-0.113	0.113
  3724	-0.019494	-0.113	0.113
  3725	-0.0124824	-0.113	0.113
  3726	-0.0414023	-0.113	0.113
  3727	-0.0231867	-0.113	0.113
  3728	-0.0106405	-0.113	0.113
  3729	-0.029638	-0.113	0.113
  3730	-0.0108674	-0.113	0.113
  3731	-0.0440659	-0.113	0.113
  3732	-0.0311018	-0.113	0.113
  3733	-0.0137308	-0.113	0.113
  3734	-0.0122536	-0.113	0.113
  3735	-0.0429371	-0.113	0.113
  3736	-0.0443067	-0.113	0.113
  3737	-0.0132832	-0.113	0.113
  3738	-0.0152052	-0.113	0.113
  3739	-0.0314215	-0.113	0.113
  3740	-0.0284026	-0.113	0.113
  3741	-0.0217036	-0.113	0.113
  3742	-0.0292584	-0.113	0.113
  3743	-0.0250601	-0.113	0.113
  3744	-0.0279201	-0.113	0.113
  3745	-0.0226097	-0.113	0.113
  3746	-0.013202	-0.113	0.113
  3747	-0.0319648	-0.113	0.113
  3748	-0.0104701	-0.113	0.113
  3749	-0.0149709	-0.113	0.113
  3750	-0.0230654	-0.113	0.113
  3751	-0.0244164	-0.113	0.113
  3752	-0.0225472	-0.113	0.113
  3753	-0.043787	-0.113	0.113
  3754	-0.0175567	-0.113	0.113
  3755	-0.0243501	-0.113	0.113
  3756	-0.0430892	-0.113	0.113
  3757	-0.0309001	-0.113	0.113
  3758	-0.0396063	-0.113	0.113
  3759	-0.0278388	-0.113	0.113
  3760	-0.0237005	-0.113	0.113
  3761	-0.0226654	-0.113	0.113
  3762	-0.0308741	-0.113	0.113
  3763	-0.0424408	-0.113	0.113
  3764	-0.0299217	-0.113	0.113
  3765	-0.0180373	-0.113	0.113
  3766	-0.0393869	-0.113	0.113
  3767	-0.0248227	-0.113	0.113
  3768	-0.0425656	-0.113	0.113
  3769	-0.0420437	-0.113	0.113
  3770	-0.0383785	-0.113	0.113
  3771	-0.0390063	-0.113	0.113
  3772	-0.0375365	-0.113	0.113
  3773	-0.0335057	-0.113	0.113
  3774	-0.0423953	-0.113	0.113
  3775	-0.0425173	-0.113	0.113
  3776	-0.016117	-0.113	0.113
  3777	-0.0371752	-0.113	0.113
  3778	-0.0192922	-0.113	0.113
  3779	-0.0169181	-0.113	0.113
  3780	-0.0364426	-0.113	0.113
  3781	-0.0432165	-0.113	0.113
  3782	-0.0315204	-0.113	0.113
  3783	-0.0364604	-0.113	0.113
  3784	-0.0274902	-0.113	0.113
  3785	-0.0123907	-0.113	0.113
  3786	-0.0180293	-0.113	0.113
  3787	-0.0247934	-0.113	0.113
  3788	-0.0305738	-0.113	0.113
  3789	-0.0150044	-0.113	0.113
  3790	-0.0145568	-0.113	0.113
  3791	-0.0276634	-0.113	0.113
  3792	-0.0228763	-0.113	0.113
  3793	-0.0105177	-0.113	0.113
  3794	-0.0119327	-0.113	0.113
  3795	-0.0241252	-0.113	0.113
  3796	-0.033478	-0.113	0.113
  3797	-0.0263388	-0.113	0.113
  3798	-0.0157872	-0.113	0.113
  3799	-0.0319531	-0.113	0.113
  3800	-0.0212529	-0.113	0.113
  3801	-0.0360824	-0.113	0.113
  3802	-0.0120335	-0.113	0.113
  3803	-0.042387	-0.113	0.113
  3804	-0.0250437	-0.113	0.113
  3805	-0.0144588	-0.113	0.113
  3806	-0.043789	-0.113	0.113
  3807	-0.0129984	-0.113	0.113
  3808	-0.0322269	-0.113	0.113
  3809	-0.0258707	-0.113	0.113
  3810	-0.0246539	-0.113	0.113
  3811	-0.0304819	-0.113	0.113
  3812	-0.0129436	-0.113	0.113
  3813	-0.0397506	-0.113	0.113
  3814	-0.0394249	-0.113	0.113
  3815	-0.0439634	-0.113	0.113
  3816	-0.0109925	-0.113	0.113
  3817	-0.0231845	-0.113	0.113
  3818	-0.0246699	-0.113	0.113
  3819	-0.0175739	-0.113	0.113
  3820	-0.0438984	-0.113	0.113
  3821	-0.030415	-0.113	0.113
  3822	-0.0201401	-0.113	0.113
  3823	-0.0426128	-0.113	0.113
  3824	-0.0381049	-0.113	0.113
  3825	-0.0173848	-0.113	0.113
  3826	-0.0436914	-0.113	0.113
  3827	-0.0115714	-0.113	0.113
  3828	-0.0138653	-0.113	0.113
  3829	-0.0129998	-0.113	0.113
  3830	-0.03172	-0.113	0.113
  3831	-0.0435993	-0.113	0.113
  3832	-0.0106992	-0.113	0.113
  3833	-0.032748	-0.113	0.113
  3834	-0.0299162	-0.113	0.113
  3835	-0.0153634	-0.113	0.113
  3836	-0.0343217	-0.113	0.113
  3837	-0.0161907	-0.113	0.113
  3838	-0.0244082	-0.113	0.113
  3839	-0.0278192	-0.113	0.113
  3840	-0.0360263	-0.113	0.113
  3841	-0.0304384	-0.113	0.113
  3842	-0.0259168	-0.113	0.113
  3843	-0.0112116	-0.113	0.113
  3844	-0.0340967	-0.113	0.113
  3845	-0.0183059	-0.113	0.113
  3846	-0.011657	-0.113	0.113
  3847	-0.0438399	-0.113	0.113
  3848	-0.0122115	-0.113	0.113
  3849	-0.0150714	-0.113	0.113
  3850	-0.0292607	-0.113	0.113
  3851	-0.0438373	-0.113	0.113
  3852	-0.0333635	-0.113	0.113
  3853	-0.0385618	-0.113	0.113
  3854	-0.0438906	-0.113	0.113
  3855	-0.04306	-0.113	0.113
  3856	-0.0341768	-0.113	0.113
  3857	-0.0439457	-0.113	0.113
  3858	-0.0103578	-0.113	0.113
  3859	-0.0300057	-0.113	0.113
  3860	-0.0162384	-0.113	0.113
  3861	-0.0377169	-0.113	0.113
  3862	-0.0299863	-0.113	0.113
  3863	-0.0125645	-0.113	0.113
  3864	-0.0375961	-0.113	0.113
  3865	-0.0373483	-0.113	0.113
  3866	-0.0389157	-0.113	0.113
  3867	-0.0120975	-0.113	0.113
  3868	-0.0244852	-0.113	0.113
  3869	-0.015812	-0.113	0.113
  3870	-0.0116076	-0.113	0.113
  3871	-0.0425571	-0.113	0.113
  3872	-0.0320384	-0.113	0.113
  3873	-0.0160629	-0.113	0.113
  3874	-0.0303302	-0.113	0.113
  3875	-0.0167326	-0.113	0.113
  3876	-0.0255362	-0.113	0.113
  3877	-0.0268281	-0.113	0.113
  3878	-0.0425155	-0.113	0.113
  3879	-0.0125283	-0.113	0.113
  3880	-0.016849	-0.113	0.113
  3881	-0.0230398	-0.113	0.113
  3882	-0.0155796	-0.113	0.113
  3883	-0.0118298	-0.113	0.113
  3884	-0.0169055	-0.113	0.113
  3885	-0.0436174	-0.113	0.113
  3886	-0.0207213	-0.113	0.113
  3887	-0.0129547	-0.113	0.113
  3888	-0.0158137	-0.113	0.113
  3889	-0.0435268	-0.113	0.113
  3890	-0.0352334	-0.113	0.113
  3891	-0.0205255	-0.113	0.113
  3892	-0.0124266	-0.113	0.113
  3893	-0.0266114	-0.113	0.113
  3894	-0.0425568	-0.113	0.113
  3895	-0.0434852	-0.113	0.113
  3896	-0.0106434	-0.113	0.113
  3897	-0.0126955	-0.113	0.113
  3898	-0.0408865	-0.113	0.113
  3899	-0.0344558	-0.113	0.113
  3900	-0.0108942	-0.113	0.113
  3901	-0.0427142	-0.113	0.113
  3902	-0.0159194	-0.113	0.113
  3903	-0.0184727	-0.113	0.113
  3904	-0.0260587	-0.113	0.113
  3905	-0.0140095	-0.113	0.113
  3906	-0.0278885	-0.113	0.113
  3907	-0.0112172	-0.113	0.113
  3908	-0.0172768	-0.113	0.113
  3909	-0.0398244	-0.113	0.113
  3910	-0.0257372	-0.113	0.113
  3911	-0.0376943	-0.113	0.113
  3912	-0.0432181	-0.113	0.113
  3913	-0.0217495	-0.113	0.113
  3914	-0.0107104	-0.113	0.113
  3915	-0.0371016	-0.113	0.113
  3916	-0.042414	-0.113	0.113
  3917	-0.0379011	-0.113	0.113
  3918	-0.0147565	-0.113	0.113
  3919	-0.0139915	-0.113	0.113
  3920	-0.0426189	-0.113	0.113
  3921	-0.0229262	-0.113	0.113
  3922	-0.0326243	-0.113	0.113
  3923	-0.0413301	-0.113	0.113
  3924	-0.025234	-0.113	0.113
  3925	-0.0433351	-0.113	0.113
  3926	-0.0135039	-0.113	0.113
  3927	-0.0292626	-0.113	0.113
  3928	-0.0440041	-0.113	0.113
  3929	-0.0425193	-0.113	0.113
  3930	-0.038114	-0.113	0.113
  3931	-0.0340802	-0.113	0.113
  3932	-0.0152614	-0.113	0.113
  3933	-0.0226941	-0.113	0.113
  3934	-0.0364574	-0.113	0.113
  3935	-0.037934	-0.113	0.113
  3936	-0.0160182	-0.113	0.113
  3937	-0.0142704	-0.113	0.113
  3938	-0.0379242	-0.113	0.113
  3939	-0.0369932	-0.113	0.113
  3940	-0.0424363	-0.113	0.113
  3941	-0.0408003	-0.113	0.113
  3942	-0.0130883	-0.113	0.113
  3943	-0.0393505	-0.113	0.113
  3944	-0.018117	-0.113	0.113
  3945	-0.0361703	-0.113	0.113
  3946	-0.0292196	-0.113	0.113
  3947	-0.0235402	-0.113	0.113
  3948	-0.0429598	-0.113	0.113
  3949	-0.0183921	-0.113	0.113
  3950	-0.0286063	-0.113	0.113
  3951	-0.0170533	-0.113	0.113
  3952	-0.038315	-0.113	0.113
  3953	-0.0371135	-0.113	0.113
  3954	-0.0419622	-0.113	0.113
  3955	-0.0286152	-0.113	0.113
  3956	-0.0314476	-0.113	0.113
  3957	-0.0103055	-0.113	0.113
  3958	-0.0402738	-0.113	0.113
  3959	-0.0282975	-0.113	0.113
  3960	-0.0406377	-0.113	0.113
  3961	-0.0439437	-0.113	0.113
  3962	-0.0161265	-0.113	0.113
  3963	-0.0372706	-0.113	0.113
  3964	-0.0159754	-0.113	0.113
  3965	-0.0140623	-0.113	0.113
  3966	-0.0286121	-0.113	0.113
  3967	-0.0345069	-0.113	0.113
  3968	-0.0135264	-0.113	0.113
  3969	-0.043858	-0.113	0.113
  3970	-0.0296937	-0.113	0.113
  3971	-0.0287602	-0.113	0.113
  3972	-0.0392496	-0.113	0.113
  3973	-0.0250459	-0.113	0.113
  3974	-0.0216283	-0.113	0.113
  3975	-0.0407693	-0.113	0.113
  3976	-0.0400848	-0.113	0.113
  3977	-0.0422308	-0.113	0.113
  3978	-0.0128955	-0.113	0.113
  3979	-0.0308159	-0.113	0.113
  3980	-0.0410154	-0.113	0.113
  3981	-0.0228404	-0.113	0.113
  3982	-0.0129049	-0.113	0.113
  3983	-0.0100097	-0.113	0.113
  3984	-0.0187527	-0.113	0.113
  3985	-0.0205385	-0.113	0.113
  3986	-0.0108505	-0.113	0.113
  3987	-0.0289208	-0.113	0.113
  3988	-0.020057	-0.113	0.113
  3989	-0.0120178	-0.113	0.113
  3990	-0.0199655	-0.113	0.113
  3991	-0.0224002	-0.113	0.113
  3992	-0.0393351	-0.113	0.113
  3993	-0.0222374	-0.113	0.113
  3994	-0.0264834	-0.113	0.113
  3995	-0.0316326	-0.113	0.113
  3996	-0.0417757	-0.113	0.113
  3997	-0.0390881	-0.113	0.113
  3998	-0.0115201	-0.113	0.113
  3999	-0.0296218	-0.113	0.113
  4000	-0.0302532	-0.113	0.113
  4001	-0.014006	-0.113	0.113
  4002	-0.0176299	-0.113	0.113
  4003	-0.016512	-0.113	0.113
  4004	-0.036017	-0.113	0.113
  4005	-0.0231437	-0.113	0.113
  4006	-0.0187652	-0.113	0.113
  4007	-0.0346179	-0.113	0.113
  4008	-0.0395986	-0.113	0.113
  4009	-0.0438981	-0.113	0.113
  4010	-0.0159436	-0.113	0.113
  4011	-0.04354	-0.113	0.113
  4012	-0.0241731	-0.113	0.113
  4013	-0.0339432	-0.113	0.113
  4014	-0.0227716	-0.113	0.113
  4015	-0.0240169	-0.113	0.113
  4016	-0.0230941	-0.113	0.113
  4017	-0.0172358	-0.113	0.113
  4018	-0.0213156	-0.113	0.113
  4019	-0.0122854	-0.113	0.113
  4020	-0.0151917	-0.113	0.113
  4021	-0.0118447	-0.113	0.113
  4022	-0.0362864	-0.113	0.113
  4023	-0.0130085	-0.113	0.113
  4024	-0.036342	-0.113	0.113
  4025	-0.0110858	-0.113	0.113
  4026	-0.0118699	-0.113	0.113
  4027	-0.018242	-0.113	0.113
  4028	-0.0195662	-0.113	0.113
  4029	-0.0382578	-0.113	0.113
  4030	-0.0160526	-0.113	0.113
  4031	-0.027886	-0.113	0.113
  4032	-0.0439534	-0.113	0.113
  4033	-0.0337875	-0.113	0.113
  4034	-0.0360209	-0.113	0.113
  4035	-0.0266341	-0.113	0.113
  4036	-0.0439998	-0.113	0.113
  4037	-0.0133669	-0.113	0.113
  4038	-0.0146861	-0.113	0.113
  4039	-0.0427589	-0.113	0.113
  4040	-0.0360548	-0.113	0.113
  4041	-0.0330951	-0.113	0.113
  4042	-0.0405438	-0.113	0.113
  4043	-0.0429034	-0.113	0.113
  4044	-0.0246477	-0.113	0.113
  4045	-0.0227313	-0.113	0.113
  4046	-0.0440962	-0.113	0.113
  4047	-0.0340561	-0.113	0.113
  4048	-0.0416817	-0.113	0.113
  4049	-0.0378322	-0.113	0.113
  4050	-0.028053	-0.113	0.113
  4051	-0.0314758	-0.113	0.113
  4052	-0.0247456	-0.113	0.113
  4053	-0.0235692	-0.113	0.113
  4054	-0.0290957	-0.113	0.113
  4055	-0.0350365	-0.113	0.113
  4056	-0.0193589	-0.113	0.113
  4057	-0.0442466	-0.113	0.113
  4058	-0.037045	-0.113	0.113
  4059	-0.0161754	-0.113	0.113
  4060	-0.0114783	-0.113	0.113
  4061	-0.0177044	-0.113	0.113
  4062	-0.0208616	-0.113	0.113
  4063	-0.0146382	-0.113	0.113
  4064	-0.0191675	-0.113	0.113
  4065	-0.0387151	-0.113	0.113
  4066	-0.0207837	-0.113	0.113
  4067	-0.024093	-0.113	0.113
  4068	-0.0436429	-0.113	0.113
  4069	-0.0107031	-0.113	0.113
  4070	-0.0143912	-0.113	0.113
  4071	-0.0193666	-0.113	0.113
  4072	-0.0109417	-0.113	0.113
  4073	-0.0204912	-0.113	0.113
  4074	-0.0407939	-0.113	0.113
  4075	-0.0440546	-0.113	0.113
  4076	-0.0395604	-0.113	0.113
  4077	-0.0321619	-0.113	0.113
  4078	-0.0422906	-0.113	0.113
  4079	-0.0419658	-0.113	0.113
  4080	-0.0363179	-0.113	0.113
  4081	-0.0439082	-0.113	0.113
  4082	-0.0152377	-0.113	0.113
  4083	-0.0247791	-0.113	0.113
  4084	-0.0431207	-0.113	0.113
  4085	-0.0139514	-0.113	0.113
  4086	-0.0323088	-0.113	0.113
  4087	-0.0153503	-0.113	0.113
  4088	-0.011494	-0.113	0.113
  4089	-0.0192406	-0.113	0.113
  4090	-0.0383175	-0.113	0.113
  4091	-0.011322	-0.113	0.113
  4092	-0.010635	-0.113	0.113
  4093	-0.0398751	-0.113	0.113
  4094	-0.0193107	-0.113	0.113
  4095	-0.0126535	-0.113	0.113
  4096	-0.035186	-0.113	0.113
  4097	-0.0345123	-0.113	0.113
  4098	-0.0194855	-0.113	0.113
  4099	-0.013849	-0.113	0.113
  4100	-0.0347694	-0.113	0.113
  4101	-0.0271606	-0.113	0.113
  4102	-0.0228572	-0.113	0.113
  4103	-0.0106991	-0.113	0.113
  4104	-0.0430242	-0.113	0.113
  4105	-0.0433502	-0.113	0.113
  4106	-0.0429818	-0.113	0.113
  4107	-0.0318598	-0.113	0.113
  4108	-0.0142879	-0.113	0.113
  4109	-0.0171475	-0.113	0.113
  4110	-0.0337061	-0.113	0.113
  4111	-0.0392792	-0.113	0.113
  4112	-0.0306666	-0.113	0.113
  4113	-0.0442906	-0.113	0.113
  4114	-0.0154972	-0.113	0.113
  4115	-0.0419613	-0.113	0.113
  4116	-0.0461677	-0.113	0.113
  4117	-0.0267812	-0.113	0.113
  4118	-0.0101155	-0.113	0.113
  4119	-0.0261083	-0.113	0.113
  4120	-0.038154	-0.113	0.113
  4121	-0.0177946	-0.113	0.113
  4122	-0.0153338	-0.113	0.113
  4123	-0.0107772	-0.113	0.113
  4124	-0.0441219	-0.113	0.113
  4125	-0.0176211	-0.113	0.113
  4126	-0.0245998	-0.113	0.113
  4127	-0.0402279	-0.113	0.113
  4128	-0.0441204	-0.113	0.113
  4129	-0.0349453	-0.113	0.113
  4130	-0.0388845	-0.113	0.113
  4131	-0.0247396	-0.113	0.113
  4132	-0.0133881	-0.113	0.113
  4133	-0.0172972	-0.113	0.113
  4134	-0.0343396	-0.113	0.113
  4135	-0.0289114	-0.113	0.113
  4136	-0.0340802	-0.113	0.113
  4137	-0.0225722	-0.113	0.113
  4138	-0.0248754	-0.113	0.113
  4139	-0.0222176	-0.113	0.113
  4140	-0.0127953	-0.113	0.113
  4141	-0.0423771	-0.113	0.113
  4142	-0.0204553	-0.113	0.113
  4143	-0.0216965	-0.113	0.113
  4144	-0.0168475	-0.113	0.113
  4145	-0.0177348	-0.113	0.113
  4146	-0.0411298	-0.113	0.113
  4147	-0.0396622	-0.113	0.113
  4148	-0.0205706	-0.113	0.113
  4149	-0.0283975	-0.113	0.113
  4150	-0.0143476	-0.113	0.113
  4151	-0.0283762	-0.113	0.113
  4152	-0.03588	-0.113	0.113
  4153	-0.0306487	-0.113	0.113
  4154	-0.0213339	-0.113	0.113
  4155	-0.0353532	-0.113	0.113
  4156	-0.0357145	-0.113	0.113
  4157	-0.0270618	-0.113	0.113
  4158	-0.0258591	-0.113	0.113
  4159	-0.0134202	-0.113	0.113
  4160	-0.0233988	-0.113	0.113
  4161	-0.0427699	-0.113	0.113
  4162	-0.0175255	-0.113	0.113
  4163	-0.0331695	-0.113	0.113
  4164	-0.0335161	-0.113	0.113
  4165	-0.0396607	-0.113	0.113
  4166	-0.0172073	-0.113	0.113
  4167	-0.0179474	-0.113	0.113
  4168	-0.0235619	-0.113	0.113
  4169	-0.0428237	-0.113	0.113
  4170	-0.0156761	-0.113	0.113
  4171	-0.0369842	-0.113	0.113
  4172	-0.0173048	-0.113	0.113
  4173	-0.0420009	-0.113	0.113
  4174	-0.0333192	-0.113	0.113
  4175	-0.0413852	-0.113	0.113
  4176	-0.022241	-0.113	0.113
  4177	-0.0293909	-0.113	0.113
  4178	-0.0149874	-0.113	0.113
  4179	-0.0392385	-0.113	0.113
  4180	-0.0436614	-0.113	0.113
  4181	-0.0394573	-0.113	0.113
  4182	-0.0210539	-0.113	0.113
  4183	-0.0121419	-0.113	0.113
  4184	-0.0432243	-0.113	0.113
  4185	-0.0172003	-0.113	0.113
  4186	-0.0203388	-0.113	0.113
  4187	-0.0437741	-0.113	0.113
  4188	-0.0205434	-0.113	0.113
  4189	-0.0230955	-0.113	0.113
  4190	-0.0434887	-0.113	0.113
  4191	-0.0101032	-0.113	0.113
  4192	-0.022411	-0.113	0.113
  4193	-0.024199	-0.113	0.113
  4194	-0.0250989	-0.113	0.113
  4195	-0.0278351	-0.113	0.113
  4196	-0.042042	-0.113	0.113
  4197	-0.0263002	-0.113	0.113
  4198	-0.0222096	-0.113	0.113
  4199	-0.0189631	-0.113	0.113
  4200	-0.0339901	-0.113	0.113
  4201	-0.0438664	-0.113	0.113
  4202	-0.0390552	-0.113	0.113
  4203	-0.0419581	-0.113	0.113
  4204	-0.0227639	-0.113	0.113
  4205	-0.0320642	-0.113	0.113
  4206	-0.0149495	-0.113	0.113
  4207	-0.0410911	-0.113	0.113
  4208	-0.0339595	-0.113	0.113
  4209	-0.0299447	-0.113	0.113
  4210	-0.0325078	-0.113	0.113
  4211	-0.0296869	-0.113	0.113
  4212	-0.02869	-0.113	0.113
  4213	-0.0175554	-0.113	0.113
  4214	-0.041986	-0.113	0.113
  4215	-0.0126354	-0.113	0.113
  4216	-0.0388885	-0.113	0.113
  4217	-0.0434381	-0.113	0.113
  4218	-0.0115225	-0.113	0.113
  4219	-0.0170939	-0.113	0.113
  4220	-0.0369631	-0.113	0.113
  4221	-0.044893	-0.113	0.113
  4222	-0.0436086	-0.113	0.113
  4223	-0.0428537	-0.113	0.113
  4224	-0.0110202	-0.113	0.113
  4225	-0.0287587	-0.113	0.113
  4226	-0.0195884	-0.113	0.113
  4227	-0.0420783	-0.113	0.113
  4228	-0.0393406	-0.113	0.113
  4229	-0.0154492	-0.113	0.113
  4230	-0.0154694	-0.113	0.113
  4231	-0.0195046	-0.113	0.113
  4232	-0.029299	-0.113	0.113
  4233	-0.0120069	-0.113	0.113
  4234	-0.0275198	-0.113	0.113
  4235	-0.0320271	-0.113	0.113
  4236	-0.015828	-0.113	0.113
  4237	-0.0159253	-0.113	0.113
  4238	-0.0198373	-0.113	0.113
  4239	-0.0194129	-0.113	0.113
  4240	-0.0269916	-0.113	0.113
  4241	-0.0255135	-0.113	0.113
  4242	-0.0198809	-0.113	0.113
  4243	-0.0113906	-0.113	0.113
  4244	-0.0152557	-0.113	0.113
  4245	-0.0130626	-0.113	0.113
  4246	-0.044229	-0.113	0.113
  4247	-0.0410817	-0.113	0.113
  4248	-0.0179863	-0.113	0.113
  4249	-0.0245911	-0.113	0.113
  4250	-0.0343531	-0.113	0.113
  4251	-0.0297737	-0.113	0.113
  4252	-0.0141084	-0.113	0.113
  4253	-0.0429794	-0.113	0.113
  4254	-0.0381426	-0.113	0.113
  4255	-0.0195207	-0.113	0.113
  4256	-0.0163461	-0.113	0.113
  4257	-0.0365702	-0.113	0.113
  4258	-0.027055	-0.113	0.113
  4259	-0.0410396	-0.113	0.113
  4260	-0.0314148	-0.113	0.113
  4261	-0.0239453	-0.113	0.113
  4262	-0.0299688	-0.113	0.113
  4263	-0.0386242	-0.113	0.113
  4264	-0.0265134	-0.113	0.113
  4265	-0.0227558	-0.113	0.113
  4266	-0.0287269	-0.113	0.113
  4267	-0.0142467	-0.113	0.113
  4268	-0.0228013	-0.113	0.113
  4269	-0.0138096	-0.113	0.113
  4270	-0.0120692	-0.113	0.113
  4271	-0.0132921	-0.113	0.113
  4272	-0.020404	-0.113	0.113
  4273	-0.0192471	-0.113	0.113
  4274	-0.0374707	-0.113	0.113
  4275	-0.0316831	-0.113	0.113
  4276	-0.0217115	-0.113	0.113
  4277	-0.0106075	-0.113	0.113
  4278	-0.0359221	-0.113	0.113
  4279	-0.0197399	-0.113	0.113
  4280	-0.0431669	-0.113	0.113
  4281	-0.0238213	-0.113	0.113
  4282	-0.0416501	-0.113	0.113
  4283	-0.0269597	-0.113	0.113
  4284	-0.016255	-0.113	0.113
  4285	-0.0263232	-0.113	0.113
  4286	-0.0436476	-0.113	0.113
  4287	-0.0145638	-0.113	0.113
  4288	-0.0436474	-0.113	0.113
  4289	-0.0220839	-0.113	0.113
  4290	-0.0252393	-0.113	0.113
  4291	-0.0437883	-0.113	0.113
  4292	-0.0133846	-0.113	0.113
  4293	-0.0307398	-0.113	0.113
  4294	-0.0116431	-0.113	0.113
  4295	-0.0252088	-0.113	0.113
  4296	-0.019824	-0.113	0.113
  4297	-0.0173238	-0.113	0.113
  4298	-0.0419512	-0.113	0.113
  4299	-0.0157011	-0.113	0.113
  4300	-0.0357832	-0.113	0.113
  4301	-0.0286031	-0.113	0.113
  4302	-0.0266507	-0.113	0.113
  4303	-0.0124199	-0.113	0.113
  4304	-0.0118901	-0.113	0.113
  4305	-0.0179087	-0.113	0.113
  4306	-0.0436371	-0.113	0.113
  4307	-0.0334177	-0.113	0.113
  4308	-0.0439016	-0.113	0.113
  4309	-0.0300528	-0.113	0.113
  4310	-0.011394	-0.113	0.113
  4311	-0.0335412	-0.113	0.113
  4312	-0.0175832	-0.113	0.113
  4313	-0.042569	-0.113	0.113
  4314	-0.0160378	-0.113	0.113
  4315	-0.0149332	-0.113	0.113
  4316	-0.0258373	-0.113	0.113
  4317	-0.0164644	-0.113	0.113
  4318	-0.027536	-0.113	0.113
  4319	-0.0144462	-0.113	0.113
  4320	-0.0193768	-0.113	0.113
  4321	-0.0195924	-0.113	0.113
  4322	-0.0351664	-0.113	0.113
  4323	-0.0238841	-0.113	0.113
  4324	-0.0436396	-0.113	0.113
  4325	-0.0192702	-0.113	0.113
  4326	-0.0398326	-0.113	0.113
  4327	-0.036776	-0.113	0.113
  4328	-0.0124891	-0.113	0.113
  4329	-0.014502	-0.113	0.113
  4330	-0.02257	-0.113	0.113
  4331	-0.0379746	-0.113	0.113
  4332	-0.0156973	-0.113	0.113
  4333	-0.0304127	-0.113	0.113
  4334	-0.0140494	-0.113	0.113
  4335	-0.0142306	-0.113	0.113
  4336	-0.0238341	-0.113	0.113
  4337	-0.038674	-0.113	0.113
  4338	-0.0255251	-0.113	0.113
  4339	-0.0318552	-0.113	0.113
  4340	-0.0375598	-0.113	0.113
  4341	-0.0182957	-0.113	0.113
  4342	-0.026736	-0.113	0.113
  4343	-0.0364267	-0.113	0.113
  4344	-0.0492091	-0.113	0.113
  4345	-0.0434813	-0.113	0.113
  4346	-0.0329849	-0.113	0.113
  4347	-0.0108345	-0.113	0.113
  4348	-0.0199885	-0.113	0.113
  4349	-0.0130267	-0.113	0.113
  4350	-0.0280353	-0.113	0.113
  4351	-0.0234504	-0.113	0.113
  4352	-0.0102325	-0.113	0.113
  4353	-0.0320681	-0.113	0.113
  4354	-0.0161272	-0.113	0.113
  4355	-0.0334922	-0.113	0.113
  4356	-0.0179074	-0.113	0.113
  4357	-0.0190697	-0.113	0.113
  4358	-0.0212626	-0.113	0.113
  4359	-0.0212637	-0.113	0.113
  4360	-0.0255042	-0.113	0.113
  4361	-0.0239842	-0.113	0.113
  4362	-0.030018	-0.113	0.113
  4363	-0.0339585	-0.113	0.113
  4364	-0.0224532	-0.113	0.113
  4365	-0.034017	-0.113	0.113
  4366	-0.016201	-0.113	0.113
  4367	-0.0137189	-0.113	0.113
  4368	-0.0272622	-0.113	0.113
  4369	-0.0255658	-0.113	0.113
  4370	-0.0365077	-0.113	0.113
  4371	-0.0436243	-0.113	0.113
  4372	-0.0164619	-0.113	0.113
  4373	-0.0213506	-0.113	0.113
  4374	-0.0128482	-0.113	0.113
  4375	-0.0162951	-0.113	0.113
  4376	-0.0214318	-0.113	0.113
  4377	-0.024673	-0.113	0.113
  4378	-0.0294186	-0.113	0.113
  4379	-0.0282196	-0.113	0.113
  4380	-0.0181584	-0.113	0.113
  4381	-0.0394138	-0.113	0.113
  4382	-0.0231509	-0.113	0.113
  4383	-0.0213241	-0.113	0.113
  4384	-0.0225149	-0.113	0.113
  4385	-0.0269419	-0.113	0.113
  4386	-0.0109453	-0.113	0.113
  4387	-0.0441145	-0.113	0.113
  4388	-0.0335982	-0.113	0.113
  4389	-0.0278044	-0.113	0.113
  4390	-0.0439969	-0.113	0.113
  4391	-0.0304965	-0.113	0.113
  4392	-0.0219084	-0.113	0.113
  4393	-0.0145397	-0.113	0.113
  4394	-0.0188858	-0.113	0.113
  4395	-0.0260005	-0.113	0.113
  4396	-0.0396053	-0.113	0.113
  4397	-0.0129205	-0.113	0.113
  4398	-0.0145503	-0.113	0.113
  4399	-0.0163792	-0.113	0.113
  4400	-0.0177577	-0.113	0.113
  4401	-0.0434326	-0.113	0.113
  4402	-0.043764	-0.113	0.113
  4403	-0.0221588	-0.113	0.113
  4404	-0.013485	-0.113	0.113
  4405	-0.0168934	-0.113	0.113
  4406	-0.0200361	-0.113	0.113
  4407	-0.0238254	-0.113	0.113
  4408	-0.0276219	-0.113	0.113
  4409	-0.020079	-0.113	0.113
  4410	-0.0209115	-0.113	0.113
  4411	-0.0430911	-0.113	0.113
  4412	-0.0429225	-0.113	0.113
  4413	-0.01918	-0.113	0.113
  4414	-0.0211813	-0.113	0.113
  4415	-0.0279288	-0.113	0.113
  4416	-0.0293666	-0.113	0.113
  4417	-0.0338251	-0.113	0.113
  4418	-0.0100548	-0.113	0.113
  4419	-0.0429704	-0.113	0.113
  4420	-0.0334978	-0.113	0.113
  4421	-0.0234206	-0.113	0.113
  4422	-0.0327609	-0.113	0.113
  4423	-0.0104955	-0.113	0.113
  4424	-0.0319939	-0.113	0.113
  4425	-0.0376539	-0.113	0.113
  4426	-0.0137389	-0.113	0.113
  4427	-0.0254779	-0.113	0.113
  4428	-0.0441714	-0.113	0.113
  4429	-0.0436774	-0.113	0.113
  4430	-0.0220465	-0.113	0.113
  4431	-0.0399348	-0.113	0.113
  4432	-0.0255306	-0.113	0.113
  4433	-0.0250703	-0.113	0.113
  4434	-0.0422969	-0.113	0.113
  4435	-0.0281238	-0.113	0.113
  4436	-0.0376025	-0.113	0.113
  4437	-0.0144175	-0.113	0.113
  4438	-0.0134752	-0.113	0.113
  4439	-0.0111167	-0.113	0.113
  4440	-0.0199203	-0.113	0.113
  4441	-0.0287943	-0.113	0.113
  4442	-0.0169429	-0.113	0.113
  4443	-0.039693	-0.113	0.113
  4444	-0.0154912	-0.113	0.113
  4445	-0.0158496	-0.113	0.113
  4446	-0.0239997	-0.113	0.113
  4447	-0.0190144	-0.113	0.113
  4448	-0.0238127	-0.113	0.113
  4449	-0.0121132	-0.113	0.113
  4450	-0.0197958	-0.113	0.113
  4451	-0.0421984	-0.113	0.113
  4452	-0.028591	-0.113	0.113
  4453	-0.0286138	-0.113	0.113
  4454	-0.0327894	-0.113	0.113
  4455	-0.0242629	-0.113	0.113
  4456	-0.0397194	-0.113	0.113
  4457	-0.015047	-0.113	0.113
  4458	-0.0122728	-0.113	0.113
  4459	-0.0134933	-0.113	0.113
  4460	-0.0365747	-0.113	0.113
  4461	-0.0435	-0.113	0.113
  4462	-0.0218888	-0.113	0.113
  4463	-0.0107458	-0.113	0.113
  4464	-0.0126462	-0.113	0.113
  4465	-0.0225439	-0.113	0.113
  4466	-0.0409312	-0.113	0.113
  4467	-0.039934	-0.113	0.113
  4468	-0.0158615	-0.113	0.113
  4469	-0.0246421	-0.113	0.113
  4470	-0.017976	-0.113	0.113
  4471	-0.0361061	-0.113	0.113
  4472	-0.0351296	-0.113	0.113
  4473	-0.0149195	-0.113	0.113
  4474	-0.0131401	-0.113	0.113
  4475	-0.0261714	-0.113	0.113
  4476	-0.0144434	-0.113	0.113
  4477	-0.0182677	-0.113	0.113
  4478	-0.0103991	-0.113	0.113
  4479	-0.0144701	-0.113	0.113
  4480	-0.0267017	-0.113	0.113
  4481	-0.0211528	-0.113	0.113
  4482	-0.0105877	-0.113	0.113
  4483	-0.0223488	-0.113	0.113
  4484	-0.0341571	-0.113	0.113
  4485	-0.0135256	-0.113	0.113
  4486	-0.0127967	-0.113	0.113
  4487	-0.0137069	-0.113	0.113
  4488	-0.0173159	-0.113	0.113
  4489	-0.0197699	-0.113	0.113
  4490	-0.0370661	-0.113	0.113
  4491	-0.021928	-0.113	0.113
  4492	-0.0433032	-0.113	0.113
  4493	-0.0425689	-0.113	0.113
  4494	-0.0360809	-0.113	0.113
  4495	-0.0157803	-0.113	0.113
  4496	-0.0321361	-0.113	0.113
  4497	-0.0437383	-0.113	0.113
  4498	-0.0414545	-0.113	0.113
  4499	-0.0249272	-0.113	0.113
  4500	-0.035527	-0.113	0.113
  4501	-0.0221614	-0.113	0.113
  4502	-0.0434454	-0.113	0.113
  4503	-0.0164488	-0.113	0.113
  4504	-0.0159578	-0.113	0.113
  4505	-0.0193506	-0.113	0.113
  4506	-0.0323469	-0.113	0.113
  4507	-0.0147309	-0.113	0.113
  4508	-0.0199338	-0.113	0.113
  4509	-0.0188131	-0.113	0.113
  4510	-0.0122046	-0.113	0.113
  4511	-0.0286629	-0.113	0.113
  4512	-0.0180936	-0.113	0.113
  4513	-0.013894	-0.113	0.113
  4514	-0.034449	-0.113	0.113
  4515	-0.0271512	-0.113	0.113
  4516	-0.016567	-0.113	0.113
  4517	-0.0141081	-0.113	0.113
  4518	-0.0166328	-0.113	0.113
  4519	-0.0219506	-0.113	0.113
  4520	-0.0336491	-0.113	0.113
  4521	-0.0109347	-0.113	0.113
  4522	-0.0157229	-0.113	0.113
  4523	-0.0369209	-0.113	0.113
  4524	-0.0400423	-0.113	0.113
  4525	-0.0299072	-0.113	0.113
  4526	-0.0364126	-0.113	0.113
  4527	-0.0409607	-0.113	0.113
  4528	-0.0140716	-0.113	0.113
  4529	-0.022039	-0.113	0.113
  4530	-0.0419711	-0.113	0.113
  4531	-0.0412494	-0.113	0.113
  4532	-0.0107954	-0.113	0.113
  4533	-0.0418395	-0.113	0.113
  4534	-0.0332371	-0.113	0.113
  4535	-0.0304407	-0.113	0.113
  4536	-0.0182562	-0.113	0.113
  4537	-0.0321167	-0.113	0.113
  4538	-0.0192864	-0.113	0.113
  4539	-0.0419841	-0.113	0.113
  4540	-0.0438741	-0.113	0.113
  4541	-0.0358904	-0.113	0.113
  4542	-0.0202806	-0.113	0.113
  4543	-0.0405824	-0.113	0.113
  4544	-0.0370273	-0.113	0.113
  4545	-0.0339245	-0.113	0.113
  4546	-0.0438726	-0.113	0.113
  4547	-0.0117248	-0.113	0.113
  4548	-0.0297961	-0.113	0.113
  4549	-0.0431755	-0.113	0.113
  4550	-0.042357	-0.113	0.113
  4551	-0.0195379	-0.113	0.113
  4552	-0.0335793	-0.113	0.113
  4553	-0.0239789	-0.113	0.113
  4554	-0.0430829	-0.113	0.113
  4555	-0.0125864	-0.113	0.113
  4556	-0.0291183	-0.113	0.113
  4557	-0.0404275	-0.113	0.113
  4558	-0.0358315	-0.113	0.113
  4559	-0.0240114	-0.113	0.113
  4560	-0.0416144	-0.113	0.113
  4561	-0.019534	-0.113	0.113
  4562	-0.0141268	-0.113	0.113
  4563	-0.0390161	-0.113	0.113
  4564	-0.0435416	-0.113	0.113
  4565	-0.0250339	-0.113	0.113
  4566	-0.0224439	-0.113	0.113
  4567	-0.0137727	-0.113	0.113
  4568	-0.0426399	-0.113	0.113
  4569	-0.0231891	-0.113	0.113
  4570	-0.0156337	-0.113	0.113
  4571	-0.0375892	-0.113	0.113
  4572	-0.031515	-0.113	0.113
  4573	-0.0190879	-0.113	0.113
  4574	-0.0408258	-0.113	0.113
  4575	-0.01917	-0.113	0.113
  4576	-0.0103693	-0.113	0.113
  4577	-0.0287367	-0.113	0.113
  4578	-0.0241689	-0.113	0.113
  4579	-0.0232221	-0.113	0.113
  4580	-0.0439425	-0.113	0.113
  4581	-0.0270011	-0.113	0.113
  4582	-0.0341053	-0.113	0.113
  4583	-0.0420293	-0.113	0.113
  4584	-0.0280633	-0.113	0.113
  4585	-0.0400945	-0.113	0.113
  4586	-0.0146846	-0.113	0.113
  4587	-0.0487373	-0.113	0.113
  4588	-0.0187903	-0.113	0.113
  4589	-0.0270204	-0.113	0.113
  4590	-0.0122048	-0.113	0.113
  4591	-0.0163193	-0.113	0.113
  4592	-0.0429252	-0.113	0.113
  4593	-0.0284622	-0.113	0.113
  4594	-0.0193818	-0.113	0.113
  4595	-0.019394	-0.113	0.113
  4596	-0.0349444	-0.113	0.113
  4597	-0.0425423	-0.113	0.113
  4598	-0.0440173	-0.113	0.113
  4599	-0.0143785	-0.113	0.113
  4600	-0.0158844	-0.113	0.113
  4601	-0.0431054	-0.113	0.113
  4602	-0.0411242	-0.113	0.113
  4603	-0.0124386	-0.113	0.113
  4604	-0.0102521	-0.113	0.113
  4605	-0.0267304	-0.113	0.113
  4606	-0.0265618	-0.113	0.113
  4607	-0.0353188	-0.113	0.113
  4608	-0.0433848	-0.113	0.113
  4609	-0.0252378	-0.113	0.113
  4610	-0.0219475	-0.113	0.113
  4611	-0.0138707	-0.113	0.113
  4612	-0.0107828	-0.113	0.113
  4613	-0.0183325	-0.113	0.113
  4614	-0.0195217	-0.113	0.113
  4615	-0.0403345	-0.113	0.113
  4616	-0.0428743	-0.113	0.113
  4617	-0.0513545	-0.113	0.113
  4618	-0.044105	-0.113	0.113
  4619	-0.0344858	-0.113	0.113
  4620	-0.0123716	-0.113	0.113
  4621	-0.0107191	-0.113	0.113
  4622	-0.0107263	-0.113	0.113
  4623	-0.0327062	-0.113	0.113
  4624	-0.016138	-0.113	0.113
  4625	-0.0211431	-0.113	0.113
  4626	-0.0306984	-0.113	0.113
  4627	-0.0319432	-0.113	0.113
  4628	-0.011856	-0.113	0.113
  4629	-0.037531	-0.113	0.113
  4630	-0.0227992	-0.113	0.113
  4631	-0.0234634	-0.113	0.113
  4632	-0.0371878	-0.113	0.113
  4633	-0.0323086	-0.113	0.113
  4634	-0.0126788	-0.113	0.113
  4635	-0.02607	-0.113	0.113
  4636	-0.0304052	-0.113	0.113
  4637	-0.0125002	-0.113	0.113
  4638	-0.012627	-0.113	0.113
  4639	-0.0414736	-0.113	0.113
  4640	-0.0107926	-0.113	0.113
  4641	-0.03972	-0.113	0.113
  4642	-0.0350009	-0.113	0.113
  4643	-0.0319954	-0.113	0.113
  4644	-0.0409992	-0.113	0.113
  4645	-0.0346856	-0.113	0.113
  4646	-0.0420024	-0.113	0.113
  4647	-0.0157134	-0.113	0.113
  4648	-0.041803	-0.113	0.113
  4649	-0.0337504	-0.113	0.113
  4650	-0.0105957	-0.113	0.113
  4651	-0.0272426	-0.113	0.113
  4652	-0.0170792	-0.113	0.113
  4653	-0.0154743	-0.113	0.113
  4654	-0.0426696	-0.113	0.113
  4655	-0.0213052	-0.113	0.113
  4656	-0.0365175	-0.113	0.113
  4657	-0.0381207	-0.113	0.113
  4658	-0.0145734	-0.113	0.113
  4659	-0.0438581	-0.113	0.113
  4660	-0.0297819	-0.113	0.113
  4661	-0.025724	-0.113	0.113
  4662	-0.0421755	-0.113	0.113
  4663	-0.0272538	-0.113	0.113
  4664	-0.0420341	-0.113	0.113
  4665	-0.01036	-0.113	0.113
  4666	-0.0139669	-0.113	0.113
  4667	-0.0252535	-0.113	0.113
  4668	-0.0107841	-0.113	0.113
  4669	-0.0177549	-0.113	0.113
  4670	-0.0172335	-0.113	0.113
  4671	-0.0248403	-0.113	0.113
  4672	-0.024244	-0.113	0.113
  4673	-0.0434517	-0.113	0.113
  4674	-0.0155831	-0.113	0.113
  4675	-0.0439386	-0.113	0.113
  4676	-0.0116931	-0.113	0.113
  4677	-0.0416415	-0.113	0.113
  4678	-0.0344822	-0.113	0.113
  4679	-0.0394382	-0.113	0.113
  4680	-0.0181381	-0.113	0.113
  4681	-0.0440584	-0.113	0.113
  4682	-0.0284433	-0.113	0.113
  4683	-0.0311928	-0.113	0.113
  4684	-0.0114894	-0.113	0.113
  4685	-0.0201486	-0.113	0.113
  4686	-0.0131923	-0.113	0.113
  4687	-0.0136158	-0.113	0.113
  4688	-0.0285092	-0.113	0.113
  4689	-0.0263215	-0.113	0.113
  4690	-0.0288102	-0.113	0.113
  4691	-0.0112271	-0.113	0.113
  4692	-0.0275478	-0.113	0.113
  4693	-0.0125977	-0.113	0.113
  4694	-0.0442104	-0.113	0.113
  4695	-0.0419011	-0.113	0.113
  4696	-0.0340993	-0.113	0.113
  4697	-0.0386965	-0.113	0.113
  4698	-0.0134384	-0.113	0.113
  4699	-0.0410778	-0.113	0.113
  4700	-0.0191985	-0.113	0.113
  4701	-0.0223308	-0.113	0.113
  4702	-0.0106891	-0.113	0.113
  4703	-0.01542	-0.113	0.113
  4704	-0.0240811	-0.113	0.113
  4705	-0.0424426	-0.113	0.113
  4706	-0.0154053	-0.113	0.113
  4707	-0.0382003	-0.113	0.113
  4708	-0.014409	-0.113	0.113
  4709	-0.018672	-0.113	0.113
  4710	-0.0115501	-0.113	0.113
  4711	-0.0250094	-0.113	0.113
  4712	-0.0253586	-0.113	0.113
  4713	-0.0165811	-0.113	0.113
  4714	-0.0143391	-0.113	0.113
  4715	-0.0269182	-0.113	0.113
  4716	-0.0122885	-0.113	0.113
  4717	-0.0248937	-0.113	0.113
  4718	-0.0116938	-0.113	0.113
  4719	-0.0228123	-0.113	0.113
  4720	-0.0247892	-0.113	0.113
  4721	-0.0206671	-0.113	0.113
  4722	-0.0223751	-0.113	0.113
  4723	-0.0293938	-0.113	0.113
  4724	-0.0394762	-0.113	0.113
  4725	-0.0421131	-0.113	0.113
  4726	-0.0285274	-0.113	0.113
  4727	-0.0394418	-0.113	0.113
  4728	-0.0411207	-0.113	0.113
  4729	-0.0265196	-0.113	0.113
  4730	-0.0158586	-0.113	0.113
  4731	-0.0412875	-0.113	0.113
  4732	-0.0269167	-0.113	0.113
  4733	-0.0120088	-0.113	0.113
  4734	-0.0196465	-0.113	0.113
  4735	-0.0430927	-0.113	0.113
  4736	-0.0162615	-0.113	0.113
  4737	-0.0141701	-0.113	0.113
  4738	-0.0187978	-0.113	0.113
  4739	-0.0441849	-0.113	0.113
  4740	-0.0372274	-0.113	0.113
  4741	-0.0265673	-0.113	0.113
  4742	-0.043324	-0.113	0.113
  4743	-0.0196111	-0.113	0.113
  4744	-0.0283436	-0.113	0.113
  4745	-0.0361232	-0.113	0.113
  4746	-0.0310851	-0.113	0.113
  4747	-0.0380722	-0.113	0.113
  4748	-0.0259133	-0.113	0.113
  4749	-0.0405373	-0.113	0.113
  4750	-0.0372235	-0.113	0.113
  4751	-0.0222709	-0.113	0.113
  4752	-0.0383368	-0.113	0.113
  4753	-0.0417484	-0.113	0.113
  4754	-0.0182226	-0.113	0.113
  4755	-0.0388908	-0.113	0.113
  4756	-0.0402158	-0.113	0.113
  4757	-0.0420542	-0.113	0.113
  4758	-0.03026	-0.113	0.113
  4759	-0.0148571	-0.113	0.113
  4760	-0.0258588	-0.113	0.113
  4761	-0.0182538	-0.113	0.113
  4762	-0.0321799	-0.113	0.113
  4763	-0.0249309	-0.113	0.113
  4764	-0.0390069	-0.113	0.113
  4765	-0.0143787	-0.113	0.113
  4766	-0.0161749	-0.113	0.113
  4767	-0.0288231	-0.113	0.113
  4768	-0.0288176	-0.113	0.113
  4769	-0.0289546	-0.113	0.113
  4770	-0.0162062	-0.113	0.113
  4771	-0.0325892	-0.113	0.113
  4772	-0.0226507	-0.113	0.113
  4773	-0.0383451	-0.113	0.113
  4774	-0.0433788	-0.113	0.113
  4775	-0.0328807	-0.113	0.113
  4776	-0.0424104	-0.113	0.113
  4777	-0.0440351	-0.113	0.113
  4778	-0.0320804	-0.113	0.113
  4779	-0.0251755	-0.113	0.113
  4780	-0.0165371	-0.113	0.113
  4781	-0.0434397	-0.113	0.113
  4782	-0.024539	-0.113	0.113
  4783	-0.037389	-0.113	0.113
  4784	-0.0261139	-0.113	0.113
  4785	-0.0296552	-0.113	0.113
  4786	-0.0182658	-0.113	0.113
  4787	-0.0312149	-0.113	0.113
  4788	-0.0394082	-0.113	0.113
  4789	-0.02358	-0.113	0.113
  4790	-0.0409236	-0.113	0.113
  4791	-0.0165939	-0.113	0.113
  4792	-0.017123	-0.113	0.113
  4793	-0.0171147	-0.113	0.113
  4794	-0.0386693	-0.113	0.113
  4795	-0.0108172	-0.113	0.113
  4796	-0.0146404	-0.113	0.113
  4797	-0.0282824	-0.113	0.113
  4798	-0.0165811	-0.113	0.113
  4799	-0.0272685	-0.113	0.113
  4800	-0.0335196	-0.113	0.113
  4801	-0.0417979	-0.113	0.113
  4802	-0.0122198	-0.113	0.113
  4803	-0.0189656	-0.113	0.113
  4804	-0.0219712	-0.113	0.113
  4805	-0.0391155	-0.113	0.113
  4806	-0.0121036	-0.113	0.113
  4807	-0.0267248	-0.113	0.113
  4808	-0.0296997	-0.113	0.113
  4809	-0.0139793	-0.113	0.113
  4810	-0.0245165	-0.113	0.113
  4811	-0.0163688	-0.113	0.113
  4812	-0.014898	-0.113	0.113
  4813	-0.0163085	-0.113	0.113
  4814	-0.0422868	-0.113	0.113
  4815	-0.012045	-0.113	0.113
  4816	-0.0179312	-0.113	0.113
  4817	-0.0204567	-0.113	0.113
  4818	-0.0147483	-0.113	0.113
  4819	-0.0105066	-0.113	0.113
  4820	-0.0189593	-0.113	0.113
  4821	-0.027727	-0.113	0.113
  4822	-0.036192	-0.113	0.113
  4823	-0.0186034	-0.113	0.113
  4824	-0.0439251	-0.113	0.113
  4825	-0.0279343	-0.113	0.113
  4826	-0.0344595	-0.113	0.113
  4827	-0.0361556	-0.113	0.113
  4828	-0.0128889	-0.113	0.113
  4829	-0.0148876	-0.113	0.113
  4830	-0.0331599	-0.113	0.113
  4831	-0.0141832	-0.113	0.113
  4832	-0.0171202	-0.113	0.113
  4833	-0.0187463	-0.113	0.113
  4834	-0.0300943	-0.113	0.113
  4835	-0.0431848	-0.113	0.113
  4836	-0.0231531	-0.113	0.113
  4837	-0.0264531	-0.113	0.113
  4838	-0.0401462	-0.113	0.113
  4839	-0.0441935	-0.113	0.113
  4840	-0.0224961	-0.113	0.113
  4841	-0.0436599	-0.113	0.113
  4842	-0.0427647	-0.113	0.113
  4843	-0.0180844	-0.113	0.113
  4844	-0.0432054	-0.113	0.113
  4845	-0.0117756	-0.113	0.113
  4846	-0.0340193	-0.113	0.113
  4847	-0.03644	-0.113	0.113
  4848	-0.018558	-0.113	0.113
  4849	-0.0340138	-0.113	0.113
  4850	-0.0223744	-0.113	0.113
  4851	-0.0116449	-0.113	0.113
  4852	-0.0420762	-0.113	0.113
  4853	-0.0289636	-0.113	0.113
  4854	-0.0131809	-0.113	0.113
  4855	-0.019124	-0.113	0.113
  4856	-0.0361724	-0.113	0.113
  4857	-0.0347734	-0.113	0.113
  4858	-0.0271062	-0.113	0.113
  4859	-0.0434824	-0.113	0.113
  4860	-0.0400834	-0.113	0.113
  4861	-0.0108534	-0.113	0.113
  4862	-0.0331151	-0.113	0.113
  4863	-0.020013	-0.113	0.113
  4864	-0.0438647	-0.113	0.113
  4865	-0.0255415	-0.113	0.113
  4866	-0.0396224	-0.113	0.113
  4867	-0.0432922	-0.113	0.113
  4868	-0.0406601	-0.113	0.113
  4869	-0.024231	-0.113	0.113
  4870	-0.0182237	-0.113	0.113
  4871	-0.0367402	-0.113	0.113
  4872	-0.0260023	-0.113	0.113
  4873	-0.0205206	-0.113	0.113
  4874	-0.0430944	-0.113	0.113
  4875	-0.0411397	-0.113	0.113
  4876	-0.0265519	-0.113	0.113
  4877	-0.0133714	-0.113	0.113
  4878	-0.0410787	-0.113	0.113
  4879	-0.0324671	-0.113	0.113
  4880	-0.020597	-0.113	0.113
  4881	-0.0137375	-0.113	0.113
  4882	-0.0165098	-0.113	0.113
  4883	-0.0186587	-0.113	0.113
  4884	-0.0382893	-0.113	0.113
  4885	-0.0431873	-0.113	0.113
  4886	-0.0323928	-0.113	0.113
  4887	-0.0101154	-0.113	0.113
  4888	-0.0436845	-0.113	0.113
  4889	-0.0340257	-0.113	0.113
  4890	-0.0126689	-0.113	0.113
  4891	-0.0166247	-0.113	0.113
  4892	-0.0228707	-0.113	0.113
  4893	-0.0220683	-0.113	0.113
  4894	-0.0272943	-0.113	0.113
  4895	-0.0216404	-0.113	0.113
  4896	-0.0165442	-0.113	0.113
  4897	-0.0294033	-0.113	0.113
  4898	-0.0349411	-0.113	0.113
  4899	-0.0357556	-0.113	0.113
  4900	-0.0291726	-0.113	0.113
  4901	-0.0329028	-0.113	0.113
  4902	-0.0434837	-0.113	0.113
  4903	-0.0271181	-0.113	0.113
  4904	-0.015773	-0.113	0.113
  4905	-0.0111228	-0.113	0.113
  4906	-0.0424034	-0.113	0.113
  4907	-0.0168902	-0.113	0.113
  4908	-0.0327473	-0.113	0.113
  4909	-0.0168443	-0.113	0.113
  4910	-0.0282412	-0.113	0.113
  4911	-0.0223394	-0.113	0.113
  4912	-0.0433939	-0.113	0.113
  4913	-0.0358721	-0.113	0.113
  4914	-0.0362773	-0.113	0.113
  4915	-0.0173149	-0.113	0.113
  4916	-0.0415732	-0.113	0.113
  4917	-0.0180805	-0.113	0.113
  4918	-0.010313	-0.113	0.113
  4919	-0.0437133	-0.113	0.113
  4920	-0.0355622	-0.113	0.113
  4921	-0.0264505	-0.113	0.113
  4922	-0.0104817	-0.113	0.113
  4923	-0.0391886	-0.113	0.113
  4924	-0.0143209	-0.113	0.113
  4925	-0.0423476	-0.113	0.113
  4926	-0.0261935	-0.113	0.113
  4927	-0.0220068	-0.113	0.113
  4928	-0.0366271	-0.113	0.113
  4929	-0.0436704	-0.113	0.113
  4930	-0.0216602	-0.113	0.113
  4931	-0.0339329	-0.113	0.113
  4932	-0.021637	-0.113	0.113
  4933	-0.0280163	-0.113	0.113
  4934	-0.0334821	-0.113	0.113
  4935	-0.0355282	-0.113	0.113
  4936	-0.01589	-0.113	0.113
  4937	-0.0295529	-0.113	0.113
  4938	-0.0157766	-0.113	0.113
  4939	-0.0127099	-0.113	0.113
  4940	-0.0277076	-0.113	0.113
  4941	-0.01057	-0.113	0.113
  4942	-0.0433727	-0.113	0.113
  4943	-0.0354667	-0.113	0.113
  4944	-0.0429509	-0.113	0.113
  4945	-0.043179	-0.113	0.113
  4946	-0.0343564	-0.113	0.113
  4947	-0.0437465	-0.113	0.113
  4948	-0.0440037	-0.113	0.113
  4949	-0.0427795	-0.113	0.113
  4950	-0.0245463	-0.113	0.113
  4951	-0.0375125	-0.113	0.113
  4952	-0.0432578	-0.113	0.113
  4953	-0.0141393	-0.113	0.113
  4954	-0.0125152	-0.113	0.113
  4955	-0.0190633	-0.113	0.113
  4956	-0.0120133	-0.113	0.113
  4957	-0.0136271	-0.113	0.113
  4958	-0.0105651	-0.113	0.113
  4959	-0.0306394	-0.113	0.113
  4960	-0.0178413	-0.113	0.113
  4961	-0.0116484	-0.113	0.113
  4962	-0.0338735	-0.113	0.113
  4963	-0.00996796	-0.113	0.113
  4964	-0.0383892	-0.113	0.113
  4965	-0.0126705	-0.113	0.113
  4966	-0.0361664	-0.113	0.113
  4967	-0.0220196	-0.113	0.113
  4968	-0.0434254	-0.113	0.113
  4969	-0.0431281	-0.113	0.113
  4970	-0.0442212	-0.113	0.113
  4971	-0.0161945	-0.113	0.113
  4972	-0.0223404	-0.113	0.113
  4973	-0.0200773	-0.113	0.113
  4974	-0.025871	-0.113	0.113
  4975	-0.0270175	-0.113	0.113
  4976	-0.0261724	-0.113	0.113
  4977	-0.0338328	-0.113	0.113
  4978	-0.0137303	-0.113	0.113
  4979	-0.0411998	-0.113	0.113
  4980	-0.0305093	-0.113	0.113
  4981	-0.0132997	-0.113	0.113
  4982	-0.021981	-0.113	0.113
  4983	-0.0427926	-0.113	0.113
  4984	-0.0298018	-0.113	0.113
  4985	-0.0196786	-0.113	0.113
  4986	-0.0159807	-0.113	0.113
  4987	-0.0341857	-0.113	0.113
  4988	-0.0295049	-0.113	0.113
  4989	-0.043564	-0.113	0.113
  4990	-0.043831	-0.113	0.113
  4991	-0.0278461	-0.113	0.113
  4992	-0.0145726	-0.113	0.113
  4993	-0.0334852	-0.113	0.113
  4994	-0.0332951	-0.113	0.113
  4995	-0.0429657	-0.113	0.113
  4996	-0.0434414	-0.113	0.113
  4997	-0.0420398	-0.113	0.113
  4998	-0.0214968	-0.113	0.113
  4999	-0.0431893	-0.113	0.113
  5000	-0.0402068	-0.113	0.113
  5001	-0.0159129	-0.113	0.113
  5002	-0.0314782	-0.113	0.113
  5003	-0.0420965	-0.113	0.113
  5004	-0.0433814	-0.113	0.113
  5005	-0.0164495	-0.113	0.113
  5006	-0.022125	-0.113	0.113
  5007	-0.0438194	-0.113	0.113
  5008	-0.0194818	-0.113	0.113
  5009	-0.0103112	-0.113	0.113
  5010	-0.0422275	-0.113	0.113
  5011	-0.0241926	-0.113	0.113
  5012	-0.0106524	-0.113	0.113
  5013	-0.011909	-0.113	0.113
  5014	-0.0117405	-0.113	0.113
  5015	-0.0129457	-0.113	0.113
  5016	-0.0398594	-0.113	0.113
  5017	-0.0441209	-0.113	0.113
  5018	-0.0178461	-0.113	0.113
  5019	-0.0358053	-0.113	0.113
  5020	-0.015844	-0.113	0.113
  5021	-0.0206579	-0.113	0.113
  5022	-0.040646	-0.113	0.113
  5023	-0.0429417	-0.113	0.113
  5024	-0.0363526	-0.113	0.113
  5025	-0.0221462	-0.113	0.113
  5026	-0.0391645	-0.113	0.113
  5027	-0.0302761	-0.113	0.113
  5028	-0.0120705	-0.113	0.113
  5029	-0.0273426	-0.113	0.113
  5030	-0.0436099	-0.113	0.113
  5031	-0.0412057	-0.113	0.113
  5032	-0.0426914	-0.113	0.113
  5033	-0.0354218	-0.113	0.113
  5034	-0.0242432	-0.113	0.113
  5035	-0.023709	-0.113	0.113
  5036	-0.0256232	-0.113	0.113
  5037	-0.012627	-0.113	0.113
  5038	-0.0317928	-0.113	0.113
  5039	-0.015325	-0.113	0.113
  5040	-0.0318083	-0.113	0.113
  5041	-0.035461	-0.113	0.113
  5042	-0.0373707	-0.113	0.113
  5043	-0.0289983	-0.113	0.113
  5044	-0.03991	-0.113	0.113
  5045	-0.0436988	-0.113	0.113
  5046	-0.0389576	-0.113	0.113
  5047	-0.0101504	-0.113	0.113
  5048	-0.0425822	-0.113	0.113
  5049	-0.0118622	-0.113	0.113
  5050	-0.0435179	-0.113	0.113
  5051	-0.0409307	-0.113	0.113
  5052	-0.0346173	-0.113	0.113
  5053	-0.0157783	-0.113	0.113
  5054	-0.0297437	-0.113	0.113
  5055	-0.0151032	-0.113	0.113
  5056	-0.0322011	-0.113	0.113
  5057	-0.0153869	-0.113	0.113
  5058	-0.0350221	-0.113	0.113
  5059	-0.0120978	-0.113	0.113
  5060	-0.0103367	-0.113	0.113
  5061	-0.0326126	-0.113	0.113
  5062	-0.0421587	-0.113	0.113
  5063	-0.0175289	-0.113	0.113
  5064	-0.0161233	-0.113	0.113
  5065	-0.0227128	-0.113	0.113
  5066	-0.0163249	-0.113	0.113
  5067	-0.0163736	-0.113	0.113
  5068	-0.0243823	-0.113	0.113
  5069	-0.038597	-0.113	0.113
  5070	-0.0381627	-0.113	0.113
  5071	-0.0374834	-0.113	0.113
  5072	-0.0406498	-0.113	0.113
  5073	-0.0205033	-0.113	0.113
  5074	-0.039223	-0.113	0.113
  5075	-0.0212571	-0.113	0.113
  5076	-0.0439821	-0.113	0.113
  5077	-0.0351433	-0.113	0.113
  5078	-0.0435245	-0.113	0.113
  5079	-0.0307398	-0.113	0.113
  5080	-0.0235143	-0.113	0.113
  5081	-0.0151933	-0.113	0.113
  5082	-0.0124929	-0.113	0.113
  5083	-0.0434479	-0.113	0.113
  5084	-0.0127796	-0.113	0.113
  5085	-0.0124821	-0.113	0.113
  5086	-0.0435672	-0.113	0.113
  5087	-0.0283466	-0.113	0.113
  5088	-0.0378229	-0.113	0.113
  5089	-0.0397378	-0.113	0.113
  5090	-0.0159644	-0.113	0.113
  5091	-0.0146551	-0.113	0.113
  5092	-0.0255048	-0.113	0.113
  5093	-0.0390981	-0.113	0.113
  5094	-0.0129835	-0.113	0.113
  5095	-0.0181201	-0.113	0.113
  5096	-0.0257363	-0.113	0.113
  5097	-0.0349104	-0.113	0.113
  5098	-0.0392668	-0.113	0.113
  5099	-0.029211	-0.113	0.113
  5100	-0.0230445	-0.113	0.113
  5101	-0.0278257	-0.113	0.113
  5102	-0.0150931	-0.113	0.113
  5103	-0.0437788	-0.113	0.113
  5104	-0.0428204	-0.113	0.113
  5105	-0.0421806	-0.113	0.113
  5106	-0.0348958	-0.113	0.113
  5107	-0.016888	-0.113	0.113
  5108	-0.0213183	-0.113	0.113
  5109	-0.0178246	-0.113	0.113
  5110	-0.0161516	-0.113	0.113
  5111	-0.0172028	-0.113	0.113
  5112	-0.0218026	-0.113	0.113
  5113	-0.03066	-0.113	0.113
  5114	-0.0207756	-0.113	0.113
  5115	-0.03036	-0.113	0.113
  5116	-0.0199074	-0.113	0.113
  5117	-0.0306487	-0.113	0.113
  5118	-0.0290029	-0.113	0.113
  5119	-0.0193457	-0.113	0.113
  5120	-0.0147545	-0.113	0.113
  5121	-0.0139705	-0.113	0.113
  5122	-0.040983	-0.113	0.113
  5123	-0.0346753	-0.113	0.113
  5124	-0.0281132	-0.113	0.113
  5125	-0.0132258	-0.113	0.113
  5126	-0.0242927	-0.113	0.113
  5127	-0.0400067	-0.113	0.113
  5128	-0.0340794	-0.113	0.113
  5129	-0.0137307	-0.113	0.113
  5130	-0.0101345	-0.113	0.113
  5131	-0.037521	-0.113	0.113
  5132	-0.0206637	-0.113	0.113
  5133	-0.0218298	-0.113	0.113
  5134	-0.0208235	-0.113	0.113
  5135	-0.0284591	-0.113	0.113
  5136	-0.0439172	-0.113	0.113
  5137	-0.0142233	-0.113	0.113
  5138	-0.0136451	-0.113	0.113
  5139	-0.0228461	-0.113	0.113
  5140	-0.0255699	-0.113	0.113
  5141	-0.017945	-0.113	0.113
  5142	-0.0306647	-0.113	0.113
  5143	-0.0223898	-0.113	0.113
  5144	-0.0200851	-0.113	0.113
  5145	-0.0252398	-0.113	0.113
  5146	-0.0106966	-0.113	0.113
  5147	-0.0425468	-0.113	0.113
  5148	-0.0148243	-0.113	0.113
  5149	-0.0319972	-0.113	0.113
  5150	-0.0420337	-0.113	0.113
  5151	-0.019581	-0.113	0.113
  5152	-0.0130018	-0.113	0.113
  5153	-0.0104648	-0.113	0.113
  5154	-0.0267304	-0.113	0.113
  5155	-0.0193034	-0.113	0.113
  5156	-0.038366	-0.113	0.113
  5157	-0.03924	-0.113	0.113
  5158	-0.0385472	-0.113	0.113
  5159	-0.0323076	-0.113	0.113
  5160	-0.0382349	-0.113	0.113
  5161	-0.0177462	-0.113	0.113
  5162	-0.0267417	-0.113	0.113
  5163	-0.0215602	-0.113	0.113
  5164	-0.0153157	-0.113	0.113
  5165	-0.0256603	-0.113	0.113
  5166	-0.0198936	-0.113	0.113
  5167	-0.0244983	-0.113	0.113
  5168	-0.0355311	-0.113	0.113
  5169	-0.0419246	-0.113	0.113
  5170	-0.0165624	-0.113	0.113
  5171	-0.0210617	-0.113	0.113
  5172	-0.0314424	-0.113	0.113
  5173	-0.0209989	-0.113	0.113
  5174	-0.0161517	-0.113	0.113
  5175	-0.0167316	-0.113	0.113
  5176	-0.0362161	-0.113	0.113
  5177	-0.0383791	-0.113	0.113
  5178	-0.0117589	-0.113	0.113
  5179	-0.021032	-0.113	0.113
  5180	-0.0438948	-0.113	0.113
  5181	-0.0383964	-0.113	0.113
  5182	-0.0220891	-0.113	0.113
  5183	-0.041462	-0.113	0.113
  5184	-0.0246714	-0.113	0.113
  5185	-0.0303166	-0.113	0.113
  5186	-0.0299557	-0.113	0.113
  5187	-0.0134969	-0.113	0.113
  5188	-0.017315	-0.113	0.113
  5189	-0.0317574	-0.113	0.113
  5190	-0.0184767	-0.113	0.113
  5191	-0.0367025	-0.113	0.113
  5192	-0.0336693	-0.113	0.113
  5193	-0.033522	-0.113	0.113
  5194	-0.0427915	-0.113	0.113
  5195	-0.0161612	-0.113	0.113
  5196	-0.0203107	-0.113	0.113
  5197	-0.0439405	-0.113	0.113
  5198	-0.0298635	-0.113	0.113
  5199	-0.0188588	-0.113	0.113
  5200	-0.0154467	-0.113	0.113
  5201	-0.0255568	-0.113	0.113
  5202	-0.0291163	-0.113	0.113
  5203	-0.0148309	-0.113	0.113
  5204	-0.0251178	-0.113	0.113
  5205	-0.0145741	-0.113	0.113
  5206	-0.0147338	-0.113	0.113
  5207	-0.0376661	-0.113	0.113
  5208	-0.0287698	-0.113	0.113
  5209	-0.0283704	-0.113	0.113
  5210	-0.0331321	-0.113	0.113
  5211	-0.0151822	-0.113	0.113
  5212	-0.0170283	-0.113	0.113
  5213	-0.0437866	-0.113	0.113
  5214	-0.0441087	-0.113	0.113
  5215	-0.0263628	-0.113	0.113
  5216	-0.0278801	-0.113	0.113
  5217	-0.0157884	-0.113	0.113
  5218	-0.0184936	-0.113	0.113
  5219	-0.0314502	-0.113	0.113
  5220	-0.0230428	-0.113	0.113
  5221	-0.0351991	-0.113	0.113
  5222	-0.0308181	-0.113	0.113
  5223	-0.0345367	-0.113	0.113
  5224	-0.036207	-0.113	0.113
  5225	-0.0217704	-0.113	0.113
  5226	-0.0246012	-0.113	0.113
  5227	-0.0240826	-0.113	0.113
  5228	-0.0415405	-0.113	0.113
  5229	-0.0118416	-0.113	0.113
  5230	-0.0252763	-0.113	0.113
  5231	-0.0202727	-0.113	0.113
  5232	-0.0434877	-0.113	0.113
  5233	-0.0125281	-0.113	0.113
  5234	-0.0424519	-0.113	0.113
  5235	-0.0136246	-0.113	0.113
  5236	-0.0199097	-0.113	0.113
  5237	-0.0415313	-0.113	0.113
  5238	-0.0196328	-0.113	0.113
  5239	-0.0439617	-0.113	0.113
  5240	-0.0267703	-0.113	0.113
  5241	-0.0111346	-0.113	0.113
  5242	-0.0437903	-0.113	0.113
  5243	-0.0428042	-0.113	0.113
  5244	-0.0433789	-0.113	0.113
  5245	-0.0107751	-0.113	0.113
  5246	-0.0157733	-0.113	0.113
  5247	-0.0116824	-0.113	0.113
  5248	-0.0147016	-0.113	0.113
  5249	-0.0422023	-0.113	0.113
  5250	-0.0289871	-0.113	0.113
  5251	-0.022484	-0.113	0.113
  5252	-0.0349545	-0.113	0.113
  5253	-0.0279675	-0.113	0.113
  5254	-0.0428276	-0.113	0.113
  5255	-0.0391983	-0.113	0.113
  5256	-0.0264453	-0.113	0.113
  5257	-0.0186998	-0.113	0.113
  5258	-0.0248068	-0.113	0.113
  5259	-0.0414821	-0.113	0.113
  5260	-0.0357764	-0.113	0.113
  5261	-0.0355401	-0.113	0.113
  5262	-0.0260026	-0.113	0.113
  5263	-0.0298524	-0.113	0.113
  5264	-0.0155457	-0.113	0.113
  5265	-0.0388504	-0.113	0.113
  5266	-0.0143076	-0.113	0.113
  5267	-0.0202375	-0.113	0.113
  5268	-0.0114097	-0.113	0.113
  5269	-0.0102443	-0.113	0.113
  5270	-0.0256744	-0.113	0.113
  5271	-0.0296095	-0.113	0.113
  5272	-0.0265074	-0.113	0.113
  5273	-0.01088	-0.113	0.113
  5274	-0.0296	-0.113	0.113
  5275	-0.0434503	-0.113	0.113
  5276	-0.0168874	-0.113	0.113
  5277	-0.0248908	-0.113	0.113
  5278	-0.0277294	-0.113	0.113
  5279	-0.0344419	-0.113	0.113
  5280	-0.0114416	-0.113	0.113
  5281	-0.0416593	-0.113	0.113
  5282	-0.0335238	-0.113	0.113
  5283	-0.0341969	-0.113	0.113
  5284	-0.0416034	-0.113	0.113
  5285	-0.0236198	-0.113	0.113
  5286	-0.0246142	-0.113	0.113
  5287	-0.0125991	-0.113	0.113
  5288	-0.0161124	-0.113	0.113
  5289	-0.025259	-0.113	0.113
  5290	-0.0162075	-0.113	0.113
  5291	-0.010769	-0.113	0.113
  5292	-0.01238	-0.113	0.113
  5293	-0.0291512	-0.113	0.113
  5294	-0.0332188	-0.113	0.113
  5295	-0.0180263	-0.113	0.113
  5296	-0.0384632	-0.113	0.113
  5297	-0.017024	-0.113	0.113
  5298	-0.0333438	-0.113	0.113
  5299	-0.0303398	-0.113	0.113
  5300	-0.0327481	-0.113	0.113
  5301	-0.0215553	-0.113	0.113
  5302	-0.0284866	-0.113	0.113
  5303	-0.025616	-0.113	0.113
  5304	-0.0110934	-0.113	0.113
  5305	-0.0240859	-0.113	0.113
  5306	-0.0386032	-0.113	0.113
  5307	-0.0269248	-0.113	0.113
  5308	-0.0367944	-0.113	0.113
  5309	-0.0115695	-0.113	0.113
  5310	-0.0161767	-0.113	0.113
  5311	-0.0109048	-0.113	0.113
  5312	-0.0221281	-0.113	0.113
  5313	-0.0328245	-0.113	0.113
  5314	-0.0151931	-0.113	0.113
  5315	-0.0291273	-0.113	0.113
  5316	-0.0347944	-0.113	0.113
  5317	-0.0311167	-0.113	0.113
  5318	-0.0124637	-0.113	0.113
  5319	-0.0398538	-0.113	0.113
  5320	-0.0437083	-0.113	0.113
  5321	-0.0408075	-0.113	0.113
  5322	-0.0311403	-0.113	0.113
  5323	-0.015751	-0.113	0.113
  5324	-0.0339319	-0.113	0.113
  5325	-0.0208918	-0.113	0.113
  5326	-0.0112951	-0.113	0.113
  5327	-0.0167678	-0.113	0.113
  5328	-0.0107136	-0.113	0.113
  5329	-0.0154235	-0.113	0.113
  5330	-0.0333242	-0.113	0.113
  5331	-0.0195176	-0.113	0.113
  5332	-0.0140056	-0.113	0.113
  5333	-0.0256777	-0.113	0.113
  5334	-0.0277	-0.113	0.113
  5335	-0.0213721	-0.113	0.113
  5336	-0.0286213	-0.113	0.113
  5337	-0.0302959	-0.113	0.113
  5338	-0.0188649	-0.113	0.113
  5339	-0.0307344	-0.113	0.113
  5340	-0.0273755	-0.113	0.113
  5341	-0.0313485	-0.113	0.113
  5342	-0.0321209	-0.113	0.113
  5343	-0.0190134	-0.113	0.113
  5344	-0.0355159	-0.113	0.113
  5345	-0.0166788	-0.113	0.113
  5346	-0.0215912	-0.113	0.113
  5347	-0.0158246	-0.113	0.113
  5348	-0.024215	-0.113	0.113
  5349	-0.0427834	-0.113	0.113
  5350	-0.0179596	-0.113	0.113
  5351	-0.0368475	-0.113	0.113
  5352	-0.0183736	-0.113	0.113
  5353	-0.0311653	-0.113	0.113
  5354	-0.0119693	-0.113	0.113
  5355	-0.0421165	-0.113	0.113
  5356	-0.0264458	-0.113	0.113
  5357	-0.0289713	-0.113	0.113
  5358	-0.0181861	-0.113	0.113
  5359	-0.0389948	-0.113	0.113
  5360	-0.0225447	-0.113	0.113
  5361	-0.0298559	-0.113	0.113
  5362	-0.0278294	-0.113	0.113
  5363	-0.0257181	-0.113	0.113
  5364	-0.0118485	-0.113	0.113
  5365	-0.0298883	-0.113	0.113
  5366	-0.0242642	-0.113	0.113
  5367	-0.0440833	-0.113	0.113
  5368	-0.0126268	-0.113	0.113
  5369	-0.018618	-0.113	0.113
  5370	-0.0299614	-0.113	0.113
  5371	-0.0420817	-0.113	0.113
  5372	-0.0178692	-0.113	0.113
  5373	-0.040312	-0.113	0.113
  5374	-0.0313287	-0.113	0.113
  5375	-0.0167902	-0.113	0.113
  5376	-0.019584	-0.113	0.113
  5377	-0.0378306	-0.113	0.113
  5378	-0.0389436	-0.113	0.113
  5379	-0.0177495	-0.113	0.113
  5380	-0.0243375	-0.113	0.113
  5381	-0.0393291	-0.113	0.113
  5382	-0.0425712	-0.113	0.113
  5383	-0.0293261	-0.113	0.113
  5384	-0.0271654	-0.113	0.113
  5385	-0.0202019	-0.113	0.113
  5386	-0.0194699	-0.113	0.113
  5387	-0.0438882	-0.113	0.113
  5388	-0.0237339	-0.113	0.113
  5389	-0.0221777	-0.113	0.113
  5390	-0.017303	-0.113	0.113
  5391	-0.010892	-0.113	0.113
  5392	-0.0130299	-0.113	0.113
  5393	-0.0101449	-0.113	0.113
  5394	-0.0291424	-0.113	0.113
  5395	-0.0318612	-0.113	0.113
  5396	-0.0103057	-0.113	0.113
  5397	-0.016289	-0.113	0.113
  5398	-0.0163662	-0.113	0.113
  5399	-0.0417176	-0.113	0.113
  5400	-0.0158863	-0.113	0.113
  5401	-0.0131546	-0.113	0.113
  5402	-0.0367028	-0.113	0.113
  5403	-0.041311	-0.113	0.113
  5404	-0.0393456	-0.113	0.113
  5405	-0.0202477	-0.113	0.113
  5406	-0.0250875	-0.113	0.113
  5407	-0.0263118	-0.113	0.113
  5408	-0.0418839	-0.113	0.113
  5409	-0.0118457	-0.113	0.113
  5410	-0.0372422	-0.113	0.113
  5411	-0.0272675	-0.113	0.113
  5412	-0.0328943	-0.113	0.113
  5413	-0.0151874	-0.113	0.113
  5414	-0.0280348	-0.113	0.113
  5415	-0.0109169	-0.113	0.113
  5416	-0.0164107	-0.113	0.113
  5417	-0.0101639	-0.113	0.113
  5418	-0.0406502	-0.113	0.113
  5419	-0.0120359	-0.113	0.113
  5420	-0.019955	-0.113	0.113
  5421	-0.0406152	-0.113	0.113
  5422	-0.0420425	-0.113	0.113
  5423	-0.0394207	-0.113	0.113
  5424	-0.0439878	-0.113	0.113
  5425	-0.0191931	-0.113	0.113
  5426	-0.0430051	-0.113	0.113
  5427	-0.0437648	-0.113	0.113
  5428	-0.0178521	-0.113	0.113
  5429	-0.0155593	-0.113	0.113
  5430	-0.0292448	-0.113	0.113
  5431	-0.0146705	-0.113	0.113
  5432	-0.029244	-0.113	0.113
  5433	-0.0413045	-0.113	0.113
  5434	-0.0324167	-0.113	0.113
  5435	-0.0233532	-0.113	0.113
  5436	-0.0180244	-0.113	0.113
  5437	-0.0352166	-0.113	0.113
  5438	-0.0337785	-0.113	0.113
  5439	-0.0103198	-0.113	0.113
  5440	-0.0102524	-0.113	0.113
  5441	-0.0328376	-0.113	0.113
  5442	-0.0133558	-0.113	0.113
  5443	-0.0112107	-0.113	0.113
  5444	-0.016024	-0.113	0.113
  5445	-0.0206677	-0.113	0.113
  5446	-0.0182924	-0.113	0.113
  5447	-0.0170307	-0.113	0.113
  5448	-0.0267236	-0.113	0.113
  5449	-0.0440842	-0.113	0.113
  5450	-0.034473	-0.113	0.113
  5451	-0.0104339	-0.113	0.113
  5452	-0.0362796	-0.113	0.113
  5453	-0.0305591	-0.113	0.113
  5454	-0.0334175	-0.113	0.113
  5455	-0.0102906	-0.113	0.113
  5456	-0.0224703	-0.113	0.113
  5457	-0.0368508	-0.113	0.113
  5458	-0.0326617	-0.113	0.113
  5459	-0.014098	-0.113	0.113
  5460	-0.0184933	-0.113	0.113
  5461	-0.0390921	-0.113	0.113
  5462	-0.011871	-0.113	0.113
  5463	-0.0163487	-0.113	0.113
  5464	-0.0221306	-0.113	0.113
  5465	-0.0329384	-0.113	0.113
  5466	-0.0357242	-0.113	0.113
  5467	-0.0368537	-0.113	0.113
  5468	-0.0220702	-0.113	0.113
  5469	-0.0324849	-0.113	0.113
  5470	-0.0434527	-0.113	0.113
  5471	-0.0127701	-0.113	0.113
  5472	-0.0252451	-0.113	0.113
  5473	-0.017845	-0.113	0.113
  5474	-0.0425286	-0.113	0.113
  5475	-0.0439068	-0.113	0.113
  5476	-0.043939	-0.113	0.113
  5477	-0.019102	-0.113	0.113
  5478	-0.0256854	-0.113	0.113
  5479	-0.0237239	-0.113	0.113
  5480	-0.0246439	-0.113	0.113
  5481	-0.0170217	-0.113	0.113
  5482	-0.0168045	-0.113	0.113
  5483	-0.0119131	-0.113	0.113
  5484	-0.017171	-0.113	0.113
  5485	-0.0221412	-0.113	0.113
  5486	-0.0427907	-0.113	0.113
  5487	-0.033961	-0.113	0.113
  5488	-0.0418665	-0.113	0.113
  5489	-0.0251026	-0.113	0.113
  5490	-0.011075	-0.113	0.113
  5491	-0.0187774	-0.113	0.113
  5492	-0.0255146	-0.113	0.113
  5493	-0.0350019	-0.113	0.113
  5494	-0.032361	-0.113	0.113
  5495	-0.0134231	-0.113	0.113
  5496	-0.0281252	-0.113	0.113
  5497	-0.0138708	-0.113	0.113
  5498	-0.0137259	-0.113	0.113
  5499	-0.0218683	-0.113	0.113
  5500	-0.0130103	-0.113	0.113
  5501	-0.0135637	-0.113	0.113
  5502	-0.0439464	-0.113	0.113
  5503	-0.0392366	-0.113	0.113
  5504	-0.0152237	-0.113	0.113
  5505	-0.0440199	-0.113	0.113
  5506	-0.0370508	-0.113	0.113
  5507	-0.010929	-0.113	0.113
  5508	-0.0334346	-0.113	0.113
  5509	-0.0326408	-0.113	0.113
  5510	-0.0123911	-0.113	0.113
  5511	-0.0363332	-0.113	0.113
  5512	-0.0432191	-0.113	0.113
  5513	-0.0151025	-0.113	0.113
  5514	-0.0168407	-0.113	0.113
  5515	-0.0401326	-0.113	0.113
  5516	-0.0190222	-0.113	0.113
  5517	-0.028744	-0.113	0.113
  5518	-0.0275115	-0.113	0.113
  5519	-0.0119665	-0.113	0.113
  5520	-0.0397473	-0.113	0.113
  5521	-0.022482	-0.113	0.113
  5522	-0.0287876	-0.113	0.113
  5523	-0.0101662	-0.113	0.113
  5524	-0.0144151	-0.113	0.113
  5525	-0.019377	-0.113	0.113
  5526	-0.0255873	-0.113	0.113
  5527	-0.0392368	-0.113	0.113
  5528	-0.0280306	-0.113	0.113
  5529	-0.0320707	-0.113	0.113
  5530	-0.0415569	-0.113	0.113
  5531	-0.0261218	-0.113	0.113
  5532	-0.0326343	-0.113	0.113
  5533	-0.0169189	-0.113	0.113
  5534	-0.0334672	-0.113	0.113
  5535	-0.011364	-0.113	0.113
  5536	-0.0203074	-0.113	0.113
  5537	-0.0404776	-0.113	0.113
  5538	-0.010597	-0.113	0.113
  5539	-0.04415	-0.113	0.113
  5540	-0.0236479	-0.113	0.113
  5541	-0.0153963	-0.113	0.113
  5542	-0.0277546	-0.113	0.113
  5543	-0.0180754	-0.113	0.113
  5544	-0.0177439	-0.113	0.113
  5545	-0.034814	-0.113	0.113
  5546	-0.0196598	-0.113	0.113
  5547	-0.0388568	-0.113	0.113
  5548	-0.0105454	-0.113	0.113
  5549	-0.0103508	-0.113	0.113
  5550	-0.0423441	-0.113	0.113
  5551	-0.033174	-0.113	0.113
  5552	-0.0240136	-0.113	0.113
  5553	-0.0217732	-0.113	0.113
  5554	-0.0389558	-0.113	0.113
  5555	-0.0160067	-0.113	0.113
  5556	-0.0174895	-0.113	0.113
  5557	-0.0273127	-0.113	0.113
  5558	-0.0133138	-0.113	0.113
  5559	-0.026672	-0.113	0.113
  5560	-0.0361287	-0.113	0.113
  5561	-0.0218753	-0.113	0.113
  5562	-0.019574	-0.113	0.113
  5563	-0.0171032	-0.113	0.113
  5564	-0.0436788	-0.113	0.113
  5565	-0.0183718	-0.113	0.113
  5566	-0.0324365	-0.113	0.113
  5567	-0.0224371	-0.113	0.113
  5568	-0.0127465	-0.113	0.113
  5569	-0.037586	-0.113	0.113
  5570	-0.0393788	-0.113	0.113
  5571	-0.0123919	-0.113	0.113
  5572	-0.0411197	-0.113	0.113
  5573	-0.0348666	-0.113	0.113
  5574	-0.0103004	-0.113	0.113
  5575	-0.016871	-0.113	0.113
  5576	-0.0168178	-0.113	0.113
  5577	-0.0297839	-0.113	0.113
  5578	-0.0136361	-0.113	0.113
  5579	-0.0301173	-0.113	0.113
  5580	-0.0440332	-0.113	0.113
  5581	-0.0221639	-0.113	0.113
  5582	-0.0202263	-0.113	0.113
  5583	-0.0430497	-0.113	0.113
  5584	-0.0113648	-0.113	0.113
  5585	-0.0330334	-0.113	0.113
  5586	-0.0315153	-0.113	0.113
  5587	-0.0431465	-0.113	0.113
  5588	-0.0231902	-0.113	0.113
  5589	-0.0438742	-0.113	0.113
  5590	-0.0287968	-0.113	0.113
  5591	-0.0109867	-0.113	0.113
  5592	-0.0187326	-0.113	0.113
  5593	-0.0226762	-0.113	0.113
  5594	-0.0426447	-0.113	0.113
  5595	-0.0378529	-0.113	0.113
  5596	-0.0160466	-0.113	0.113
  5597	-0.0133022	-0.113	0.113
  5598	-0.0231497	-0.113	0.113
  5599	-0.0158382	-0.113	0.113
  5600	-0.0413576	-0.113	0.113
  5601	-0.0378162	-0.113	0.113
  5602	-0.0362243	-0.113	0.113
  5603	-0.021852	-0.113	0.113
  5604	-0.011162	-0.113	0.113
  5605	-0.0167287	-0.113	0.113
  5606	-0.034949	-0.113	0.113
  5607	-0.0438923	-0.113	0.113
  5608	-0.0352392	-0.113	0.113
  5609	-0.0152956	-0.113	0.113
  5610	-0.0399027	-0.113	0.113
  5611	-0.0367447	-0.113	0.113
  5612	-0.0209222	-0.113	0.113
  5613	-0.012355	-0.113	0.113
  5614	-0.0360628	-0.113	0.113
  5615	-0.0291545	-0.113	0.113
  5616	-0.021634	-0.113	0.113
  5617	-0.0188844	-0.113	0.113
  5618	-0.0382862	-0.113	0.113
  5619	-0.0424048	-0.113	0.113
  5620	-0.0222789	-0.113	0.113
  5621	-0.0335816	-0.113	0.113
  5622	-0.0126088	-0.113	0.113
  5623	-0.0281452	-0.113	0.113
  5624	-0.0112426	-0.113	0.113
  5625	-0.0295555	-0.113	0.113
  5626	-0.0158204	-0.113	0.113
  5627	-0.043823	-0.113	0.113
  5628	-0.0427937	-0.113	0.113
  5629	-0.0195078	-0.113	0.113
  5630	-0.0311317	-0.113	0.113
  5631	-0.0113739	-0.113	0.113
  5632	-0.0263616	-0.113	0.113
  5633	-0.0416189	-0.113	0.113
  5634	-0.026099	-0.113	0.113
  5635	-0.0382982	-0.113	0.113
  5636	-0.0168858	-0.113	0.113
  5637	-0.0103758	-0.113	0.113
  5638	-0.0258828	-0.113	0.113
  5639	-0.0414794	-0.113	0.113
  5640	-0.0362648	-0.113	0.113
  5641	-0.0125698	-0.113	0.113
  5642	-0.0267238	-0.113	0.113
  5643	-0.0307738	-0.113	0.113
  5644	-0.0376496	-0.113	0.113
  5645	-0.014862	-0.113	0.113
  5646	-0.033637	-0.113	0.113
  5647	-0.0388171	-0.113	0.113
  5648	-0.0324206	-0.113	0.113
  5649	-0.0272376	-0.113	0.113
  5650	-0.0250457	-0.113	0.113
  5651	-0.0425698	-0.113	0.113
  5652	-0.0337347	-0.113	0.113
  5653	-0.0275636	-0.113	0.113
  5654	-0.0296816	-0.113	0.113
  5655	-0.0313512	-0.113	0.113
  5656	-0.0162504	-0.113	0.113
  5657	-0.0379391	-0.113	0.113
  5658	-0.0295123	-0.113	0.113
  5659	-0.0168085	-0.113	0.113
  5660	-0.0182331	-0.113	0.113
  5661	-0.029689	-0.113	0.113
  5662	-0.0120263	-0.113	0.113
  5663	-0.0277212	-0.113	0.113
  5664	-0.0223561	-0.113	0.113
  5665	-0.018978	-0.113	0.113
  5666	-0.0134211	-0.113	0.113
  5667	-0.0241676	-0.113	0.113
  5668	-0.013994	-0.113	0.113
  5669	-0.0228332	-0.113	0.113
  5670	-0.0404849	-0.113	0.113
  5671	-0.0166171	-0.113	0.113
  5672	-0.0276949	-0.113	0.113
  5673	-0.0283195	-0.113	0.113
  5674	-0.0402025	-0.113	0.113
  5675	-0.0434202	-0.113	0.113
  5676	-0.0226064	-0.113	0.113
  5677	-0.0135845	-0.113	0.113
  5678	-0.024198	-0.113	0.113
  5679	-0.0308338	-0.113	0.113
  5680	-0.0442299	-0.113	0.113
  5681	-0.0277762	-0.113	0.113
  5682	-0.0242944	-0.113	0.113
  5683	-0.0102827	-0.113	0.113
  5684	-0.044048	-0.113	0.113
  5685	-0.0162725	-0.113	0.113
  5686	-0.0143174	-0.113	0.113
  5687	-0.0106497	-0.113	0.113
  5688	-0.0212534	-0.113	0.113
  5689	-0.0153553	-0.113	0.113
  5690	-0.035571	-0.113	0.113
  5691	-0.0146049	-0.113	0.113
  5692	-0.0227138	-0.113	0.113
  5693	-0.0237355	-0.113	0.113
  5694	-0.0394525	-0.113	0.113
  5695	-0.0438289	-0.113	0.113
  5696	-0.0409264	-0.113	0.113
  5697	-0.0434759	-0.113	0.113
  5698	-0.0318671	-0.113	0.113
  5699	-0.0170043	-0.113	0.113
  5700	-0.0349205	-0.113	0.113
  5701	-0.0299793	-0.113	0.113
  5702	-0.0114058	-0.113	0.113
  5703	-0.0321934	-0.113	0.113
  5704	-0.043393	-0.113	0.113
  5705	-0.0273838	-0.113	0.113
  5706	-0.0266654	-0.113	0.113
  5707	-0.0350018	-0.113	0.113
  5708	-0.0178636	-0.113	0.113
  5709	-0.0419461	-0.113	0.113
  5710	-0.0335455	-0.113	0.113
  5711	-0.0437508	-0.113	0.113
  5712	-0.0223272	-0.113	0.113
  5713	-0.0236543	-0.113	0.113
  5714	-0.011177	-0.113	0.113
  5715	-0.0410388	-0.113	0.113
  5716	-0.0380797	-0.113	0.113
  5717	-0.0147684	-0.113	0.113
  5718	-0.02198	-0.113	0.113
  5719	-0.0370096	-0.113	0.113
  5720	-0.0173096	-0.113	0.113
  5721	-0.0247978	-0.113	0.113
  5722	-0.0431656	-0.113	0.113
  5723	-0.0370204	-0.113	0.113
  5724	-0.042499	-0.113	0.113
  5725	-0.0108058	-0.113	0.113
  5726	-0.0366644	-0.113	0.113
  5727	-0.0187947	-0.113	0.113
  5728	-0.0317532	-0.113	0.113
  5729	-0.0161489	-0.113	0.113
  5730	-0.0199976	-0.113	0.113
  5731	-0.0120204	-0.113	0.113
  5732	-0.0312895	-0.113	0.113
  5733	-0.0207157	-0.113	0.113
  5734	-0.0378921	-0.113	0.113
  5735	-0.0250513	-0.113	0.113
  5736	-0.0384539	-0.113	0.113
  5737	-0.0218591	-0.113	0.113
  5738	-0.0346104	-0.113	0.113
  5739	-0.0232341	-0.113	0.113
  5740	-0.0411601	-0.113	0.113
  5741	-0.0373252	-0.113	0.113
  5742	-0.0230356	-0.113	0.113
  5743	-0.0121789	-0.113	0.113
  5744	-0.0183204	-0.113	0.113
  5745	-0.0121992	-0.113	0.113
  5746	-0.0391616	-0.113	0.113
  5747	-0.0164219	-0.113	0.113
  5748	-0.0149553	-0.113	0.113
  5749	-0.014153	-0.113	0.113
  5750	-0.0383432	-0.113	0.113
  5751	-0.022745	-0.113	0.113
  5752	-0.0239399	-0.113	0.113
  5753	-0.0157644	-0.113	0.113
  5754	-0.0117375	-0.113	0.113
  5755	-0.0405207	-0.113	0.113
  5756	-0.0414183	-0.113	0.113
  5757	-0.0294991	-0.113	0.113
  5758	-0.0349103	-0.113	0.113
  5759	-0.0347809	-0.113	0.113
  5760	-0.0129737	-0.113	0.113
  5761	-0.0160774	-0.113	0.113
  5762	-0.0163425	-0.113	0.113
  5763	-0.0183664	-0.113	0.113
  5764	-0.0317511	-0.113	0.113
  5765	-0.0269401	-0.113	0.113
  5766	-0.0185768	-0.113	0.113
  5767	-0.0429085	-0.113	0.113
  5768	-0.0135102	-0.113	0.113
  5769	-0.0323035	-0.113	0.113
  5770	-0.0178375	-0.113	0.113
  5771	-0.0383387	-0.113	0.113
  5772	-0.0303966	-0.113	0.113
  5773	-0.0348096	-0.113	0.113
  5774	-0.0178268	-0.113	0.113
  5775	-0.0428464	-0.113	0.113
  5776	-0.0116404	-0.113	0.113
  5777	-0.0138406	-0.113	0.113
  5778	-0.0279443	-0.113	0.113
  5779	-0.0440684	-0.113	0.113
  5780	-0.0197319	-0.113	0.113
  5781	-0.0197587	-0.113	0.113
  5782	-0.0158008	-0.113	0.113
  5783	-0.0217986	-0.113	0.113
  5784	-0.0198693	-0.113	0.113
  5785	-0.0129623	-0.113	0.113
  5786	-0.0285666	-0.113	0.113
  5787	-0.012373	-0.113	0.113
  5788	-0.0185091	-0.113	0.113
  5789	-0.0396955	-0.113	0.113
  5790	-0.0295417	-0.113	0.113
  5791	-0.0327214	-0.113	0.113
  5792	-0.0114411	-0.113	0.113
  5793	-0.0377668	-0.113	0.113
  5794	-0.032193	-0.113	0.113
  5795	-0.0169253	-0.113	0.113
  5796	-0.0287751	-0.113	0.113
  5797	-0.0107683	-0.113	0.113
  5798	-0.0289674	-0.113	0.113
  5799	-0.0186851	-0.113	0.113
  5800	-0.0165621	-0.113	0.113
  5801	-0.0160506	-0.113	0.113
  5802	-0.0425253	-0.113	0.113
  5803	-0.0246476	-0.113	0.113
  5804	-0.0320583	-0.113	0.113
  5805	-0.0330467	-0.113	0.113
  5806	-0.0131957	-0.113	0.113
  5807	-0.0337335	-0.113	0.113
  5808	-0.0340064	-0.113	0.113
  5809	-0.0464138	-0.113	0.113
  5810	-0.0101519	-0.113	0.113
  5811	-0.0194561	-0.113	0.113
  5812	-0.0168673	-0.113	0.113
  5813	-0.0396162	-0.113	0.113
  5814	-0.0439842	-0.113	0.113
  5815	-0.0164619	-0.113	0.113
  5816	-0.0306848	-0.113	0.113
  5817	-0.0187263	-0.113	0.113
  5818	-0.0364268	-0.113	0.113
  5819	-0.0170132	-0.113	0.113
  5820	-0.0106525	-0.113	0.113
  5821	-0.0400283	-0.113	0.113
  5822	-0.0432101	-0.113	0.113
  5823	-0.0232947	-0.113	0.113
  5824	-0.0437484	-0.113	0.113
  5825	-0.0231955	-0.113	0.113
  5826	-0.0243634	-0.113	0.113
  5827	-0.0164982	-0.113	0.113
  5828	-0.0300592	-0.113	0.113
  5829	-0.0400269	-0.113	0.113
  5830	-0.0412914	-0.113	0.113
  5831	-0.0365131	-0.113	0.113
  5832	-0.0383866	-0.113	0.113
  5833	-0.0241187	-0.113	0.113
  5834	-0.0397425	-0.113	0.113
  5835	-0.0244455	-0.113	0.113
  5836	-0.0188643	-0.113	0.113
  5837	-0.0130835	-0.113	0.113
  5838	-0.0357136	-0.113	0.113
  5839	-0.0297025	-0.113	0.113
  5840	-0.0232709	-0.113	0.113
  5841	-0.0295761	-0.113	0.113
  5842	-0.0407907	-0.113	0.113
  5843	-0.0290233	-0.113	0.113
  5844	-0.0263057	-0.113	0.113
  5845	-0.0257696	-0.113	0.113
  5846	-0.0439236	-0.113	0.113
  5847	-0.0145826	-0.113	0.113
  5848	-0.0153329	-0.113	0.113
  5849	-0.028656	-0.113	0.113
  5850	-0.0206421	-0.113	0.113
  5851	-0.0176468	-0.113	0.113
  5852	-0.0341191	-0.113	0.113
  5853	-0.0267625	-0.113	0.113
  5854	-0.0427251	-0.113	0.113
  5855	-0.0103418	-0.113	0.113
  5856	-0.0124614	-0.113	0.113
  5857	-0.0193264	-0.113	0.113
  5858	-0.0163555	-0.113	0.113
  5859	-0.0420102	-0.113	0.113
  5860	-0.0362503	-0.113	0.113
  5861	-0.0143863	-0.113	0.113
  5862	-0.0387011	-0.113	0.113
  5863	-0.0348034	-0.113	0.113
  5864	-0.0245637	-0.113	0.113
  5865	-0.013197	-0.113	0.113
  5866	-0.0269803	-0.113	0.113
  5867	-0.0242661	-0.113	0.113
  5868	-0.0371722	-0.113	0.113
  5869	-0.0126586	-0.113	0.113
  5870	-0.0386401	-0.113	0.113
  5871	-0.019349	-0.113	0.113
  5872	-0.0253879	-0.113	0.113
  5873	-0.0213932	-0.113	0.113
  5874	-0.0222366	-0.113	0.113
  5875	-0.0351665	-0.113	0.113
  5876	-0.0383796	-0.113	0.113
  5877	-0.0345799	-0.113	0.113
  5878	-0.0287071	-0.113	0.113
  5879	-0.0322728	-0.113	0.113
  5880	-0.0401476	-0.113	0.113
  5881	-0.0281053	-0.113	0.113
  5882	-0.0327359	-0.113	0.113
  5883	-0.0347648	-0.113	0.113
  5884	-0.0365946	-0.113	0.113
  5885	-0.0425834	-0.113	0.113
  5886	-0.0145905	-0.113	0.113
  5887	-0.036194	-0.113	0.113
  5888	-0.0291954	-0.113	0.113
  5889	-0.028183	-0.113	0.113
  5890	-0.0295294	-0.113	0.113
  5891	-0.0253309	-0.113	0.113
  5892	-0.015293	-0.113	0.113
  5893	-0.0406499	-0.113	0.113
  5894	-0.0295859	-0.113	0.113
  5895	-0.0265952	-0.113	0.113
  5896	-0.0225979	-0.113	0.113
  5897	-0.0440494	-0.113	0.113
  5898	-0.0429279	-0.113	0.113
  5899	-0.0121529	-0.113	0.113
  5900	-0.0220501	-0.113	0.113
  5901	-0.0440848	-0.113	0.113
  5902	-0.0153893	-0.113	0.113
  5903	-0.0423295	-0.113	0.113
  5904	-0.0422168	-0.113	0.113
  5905	-0.0130833	-0.113	0.113
  5906	-0.0419327	-0.113	0.113
  5907	-0.0265058	-0.113	0.113
  5908	-0.0311931	-0.113	0.113
  5909	-0.017241	-0.113	0.113
  5910	-0.0234487	-0.113	0.113
  5911	-0.0171961	-0.113	0.113
  5912	-0.0154267	-0.113	0.113
  5913	-0.0431914	-0.113	0.113
  5914	-0.0403544	-0.113	0.113
  5915	-0.0402693	-0.113	0.113
  5916	-0.0256121	-0.113	0.113
  5917	-0.0187189	-0.113	0.113
  5918	-0.0136498	-0.113	0.113
  5919	-0.0212085	-0.113	0.113
  5920	-0.0231297	-0.113	0.113
  5921	-0.0323199	-0.113	0.113
  5922	-0.0418823	-0.113	0.113
  5923	-0.0152519	-0.113	0.113
  5924	-0.0113977	-0.113	0.113
  5925	-0.0369123	-0.113	0.113
  5926	-0.0396167	-0.113	0.113
  5927	-0.0156886	-0.113	0.113
  5928	-0.0199906	-0.113	0.113
  5929	-0.0188514	-0.113	0.113
  5930	-0.0130167	-0.113	0.113
  5931	-0.0421021	-0.113	0.113
  5932	-0.0325528	-0.113	0.113
  5933	-0.0292782	-0.113	0.113
  5934	-0.0124987	-0.113	0.113
  5935	-0.0210036	-0.113	0.113
  5936	-0.0215967	-0.113	0.113
  5937	-0.0245884	-0.113	0.113
  5938	-0.0113495	-0.113	0.113
  5939	-0.0440929	-0.113	0.113
  5940	-0.0185353	-0.113	0.113
  5941	-0.0204135	-0.113	0.113
  5942	-0.039532	-0.113	0.113
  5943	-0.0228748	-0.113	0.113
  5944	-0.0228956	-0.113	0.113
  5945	-0.0435083	-0.113	0.113
  5946	-0.0279428	-0.113	0.113
  5947	-0.0409722	-0.113	0.113
  5948	-0.0161928	-0.113	0.113
  5949	-0.0367413	-0.113	0.113
  5950	-0.0376356	-0.113	0.113
  5951	-0.0422175	-0.113	0.113
  5952	-0.0237233	-0.113	0.113
  5953	-0.0285115	-0.113	0.113
  5954	-0.0232767	-0.113	0.113
  5955	-0.0439043	-0.113	0.113
  5956	-0.0113879	-0.113	0.113
  5957	-0.0119342	-0.113	0.113
  5958	-0.0407386	-0.113	0.113
  5959	-0.03229	-0.113	0.113
  5960	-0.0209856	-0.113	0.113
  5961	-0.0238019	-0.113	0.113
  5962	-0.0382928	-0.113	0.113
  5963	-0.0209873	-0.113	0.113
  5964	-0.0314552	-0.113	0.113
  5965	-0.0114199	-0.113	0.113
  5966	-0.0412307	-0.113	0.113
  5967	-0.0317061	-0.113	0.113
  5968	-0.0408303	-0.113	0.113
  5969	-0.0336169	-0.113	0.113
  5970	-0.0165843	-0.113	0.113
  5971	-0.020325	-0.113	0.113
  5972	-0.0274572	-0.113	0.113
  5973	-0.0422357	-0.113	0.113
  5974	-0.0258843	-0.113	0.113
  5975	-0.0195609	-0.113	0.113
  5976	-0.0187303	-0.113	0.113
  5977	-0.0391963	-0.113	0.113
  5978	-0.03489	-0.113	0.113
  5979	-0.0208405	-0.113	0.113
  5980	-0.0144689	-0.113	0.113
  5981	-0.0419796	-0.113	0.113
  5982	-0.0205209	-0.113	0.113
  5983	-0.0238175	-0.113	0.113
  5984	-0.0391688	-0.113	0.113
  5985	-0.025854	-0.113	0.113
  5986	-0.0104692	-0.113	0.113
  5987	-0.010885	-0.113	0.113
  5988	-0.0289077	-0.113	0.113
  5989	-0.0236116	-0.113	0.113
  5990	-0.0429391	-0.113	0.113
  5991	-0.0104114	-0.113	0.113
  5992	-0.0191099	-0.113	0.113
  5993	-0.0164018	-0.113	0.113
  5994	-0.0298711	-0.113	0.113
  5995	-0.0358647	-0.113	0.113
  5996	-0.0303884	-0.113	0.113
  5997	-0.0244406	-0.113	0.113
  5998	-0.0166009	-0.113	0.113
  5999	-0.0153675	-0.113	0.113
  6000	-0.0206807	-0.113	0.113
  6001	-0.0230575	-0.113	0.113
  6002	-0.0212306	-0.113	0.113
  6003	-0.0200724	-0.113	0.113
  6004	-0.0186775	-0.113	0.113
  6005	-0.0305934	-0.113	0.113
  6006	-0.0292444	-0.113	0.113
  6007	-0.0161551	-0.113	0.113
  6008	-0.011884	-0.113	0.113
  6009	-0.0235335	-0.113	0.113
  6010	-0.038788	-0.113	0.113
  6011	-0.0273188	-0.113	0.113
  6012	-0.0271195	-0.113	0.113
  6013	-0.0244325	-0.113	0.113
  6014	-0.0259801	-0.113	0.113
  6015	-0.0420574	-0.113	0.113
  6016	-0.0257852	-0.113	0.113
  6017	-0.0420269	-0.113	0.113
  6018	-0.0252243	-0.113	0.113
  6019	-0.036123	-0.113	0.113
  6020	-0.0264707	-0.113	0.113
  6021	-0.017006	-0.113	0.113
  6022	-0.0338986	-0.113	0.113
  6023	-0.0118623	-0.113	0.113
  6024	-0.0218379	-0.113	0.113
  6025	-0.0381948	-0.113	0.113
  6026	-0.0419195	-0.113	0.113
  6027	-0.0412309	-0.113	0.113
  6028	-0.027189	-0.113	0.113
  6029	-0.0104242	-0.113	0.113
  6030	-0.041307	-0.113	0.113
  6031	-0.0128489	-0.113	0.113
  6032	-0.034554	-0.113	0.113
  6033	-0.0397183	-0.113	0.113
  6034	-0.0435269	-0.113	0.113
  6035	-0.0375421	-0.113	0.113
  6036	-0.033868	-0.113	0.113
  6037	-0.0419903	-0.113	0.113
  6038	-0.0152617	-0.113	0.113
  6039	-0.0297203	-0.113	0.113
  6040	-0.0146307	-0.113	0.113
  6041	-0.0143103	-0.113	0.113
  6042	-0.0167739	-0.113	0.113
  6043	-0.0369	-0.113	0.113
  6044	-0.0107554	-0.113	0.113
  6045	-0.0358954	-0.113	0.113
  6046	-0.0260901	-0.113	0.113
  6047	-0.0439531	-0.113	0.113
  6048	-0.0210299	-0.113	0.113
  6049	-0.0412228	-0.113	0.113
  6050	-0.0205966	-0.113	0.113
  6051	-0.0269605	-0.113	0.113
  6052	-0.0327281	-0.113	0.113
  6053	-0.0216739	-0.113	0.113
  6054	-0.031361	-0.113	0.113
  6055	-0.0440616	-0.113	0.113
  6056	-0.0301075	-0.113	0.113
  6057	-0.0143371	-0.113	0.113
  6058	-0.0409619	-0.113	0.113
  6059	-0.0335312	-0.113	0.113
  6060	-0.0396244	-0.113	0.113
  6061	-0.017498	-0.113	0.113
  6062	-0.0154494	-0.113	0.113
  6063	-0.0166334	-0.113	0.113
  6064	-0.0122512	-0.113	0.113
  6065	-0.0319337	-0.113	0.113
  6066	-0.0352819	-0.113	0.113
  6067	-0.0235962	-0.113	0.113
  6068	-0.0118827	-0.113	0.113
  6069	-0.0104675	-0.113	0.113
  6070	-0.0142284	-0.113	0.113
  6071	-0.0293819	-0.113	0.113
  6072	-0.0435435	-0.113	0.113
  6073	-0.0151728	-0.113	0.113
  6074	-0.0416791	-0.113	0.113
  6075	-0.0117336	-0.113	0.113
  6076	-0.0283228	-0.113	0.113
  6077	-0.0247085	-0.113	0.113
  6078	-0.013153	-0.113	0.113
  6079	-0.0225135	-0.113	0.113
  6080	-0.0293715	-0.113	0.113
  6081	-0.0236825	-0.113	0.113
  6082	-0.0374206	-0.113	0.113
  6083	-0.0245793	-0.113	0.113
  6084	-0.0340084	-0.113	0.113
  6085	-0.0423044	-0.113	0.113
  6086	-0.0106779	-0.113	0.113
  6087	-0.0332677	-0.113	0.113
  6088	-0.0350549	-0.113	0.113
  6089	-0.0209463	-0.113	0.113
  6090	-0.0299458	-0.113	0.113
  6091	-0.0116021	-0.113	0.113
  6092	-0.0413119	-0.113	0.113
  6093	-0.0118743	-0.113	0.113
  6094	-0.0128255	-0.113	0.113
  6095	-0.0174405	-0.113	0.113
  6096	-0.0133714	-0.113	0.113
  6097	-0.0108714	-0.113	0.113
  6098	-0.0407313	-0.113	0.113
  6099	-0.0275411	-0.113	0.113
  6100	-0.0429749	-0.113	0.113
  6101	-0.036129	-0.113	0.113
  6102	-0.0299381	-0.113	0.113
  6103	-0.0105336	-0.113	0.113
  6104	-0.0137343	-0.113	0.113
  6105	-0.0332953	-0.113	0.113
  6106	-0.0127707	-0.113	0.113
  6107	-0.0219773	-0.113	0.113
  6108	-0.0222399	-0.113	0.113
  6109	-0.0182099	-0.113	0.113
  6110	-0.0106262	-0.113	0.113
  6111	-0.0436131	-0.113	0.113
  6112	-0.0386448	-0.113	0.113
  6113	-0.0308688	-0.113	0.113
  6114	-0.0178215	-0.113	0.113
  6115	-0.0379853	-0.113	0.113
  6116	-0.0182759	-0.113	0.113
  6117	-0.0158322	-0.113	0.113
  6118	-0.0303746	-0.113	0.113
  6119	-0.0433141	-0.113	0.113
  6120	-0.0226957	-0.113	0.113
  6121	-0.0250353	-0.113	0.113
  6122	-0.0439102	-0.113	0.113
  6123	-0.0342714	-0.113	0.113
  6124	-0.011588	-0.113	0.113
  6125	-0.0172467	-0.113	0.113
  6126	-0.0198428	-0.113	0.113
  6127	-0.0212782	-0.113	0.113
  6128	-0.0434475	-0.113	0.113
  6129	-0.0174766	-0.113	0.113
  6130	-0.0207637	-0.113	0.113
  6131	-0.0234904	-0.113	0.113
  6132	-0.0376047	-0.113	0.113
  6133	-0.0229136	-0.113	0.113
  6134	-0.0244227	-0.113	0.113
  6135	-0.018037	-0.113	0.113
  6136	-0.0421225	-0.113	0.113
  6137	-0.0351598	-0.113	0.113
  6138	-0.0205515	-0.113	0.113
  6139	-0.0129182	-0.113	0.113
  6140	-0.021536	-0.113	0.113
  6141	-0.0390396	-0.113	0.113
  6142	-0.0280097	-0.113	0.113
  6143	-0.0423084	-0.113	0.113
  6144	-0.0159874	-0.113	0.113
  6145	-0.042417	-0.113	0.113
  6146	-0.0127838	-0.113	0.113
  6147	-0.0143481	-0.113	0.113
  6148	-0.0332517	-0.113	0.113
  6149	-0.0307133	-0.113	0.113
  6150	-0.0187513	-0.113	0.113
  6151	-0.0441302	-0.113	0.113
  6152	-0.0234596	-0.113	0.113
  6153	-0.0108434	-0.113	0.113
  6154	-0.0428555	-0.113	0.113
  6155	-0.0198809	-0.113	0.113
  6156	-0.0216539	-0.113	0.113
  6157	-0.0363023	-0.113	0.113
  6158	-0.0262515	-0.113	0.113
  6159	-0.0397913	-0.113	0.113
  6160	-0.0434752	-0.113	0.113
  6161	-0.0403937	-0.113	0.113
  6162	-0.0335255	-0.113	0.113
  6163	-0.0202027	-0.113	0.113
  6164	-0.0192737	-0.113	0.113
  6165	-0.0243428	-0.113	0.113
  6166	-0.0163445	-0.113	0.113
  6167	-0.032111	-0.113	0.113
  6168	-0.0431204	-0.113	0.113
  6169	-0.0105441	-0.113	0.113
  6170	-0.0123362	-0.113	0.113
  6171	-0.0200715	-0.113	0.113
  6172	-0.0176578	-0.113	0.113
  6173	-0.0228499	-0.113	0.113
  6174	-0.0442547	-0.113	0.113
  6175	-0.0143521	-0.113	0.113
  6176	-0.0271427	-0.113	0.113
  6177	-0.0304463	-0.113	0.113
  6178	-0.0431588	-0.113	0.113
  6179	-0.0154981	-0.113	0.113
  6180	-0.0115856	-0.113	0.113
  6181	-0.040379	-0.113	0.113
  6182	-0.0157075	-0.113	0.113
  6183	-0.0252286	-0.113	0.113
  6184	-0.0323689	-0.113	0.113
  6185	-0.0315855	-0.113	0.113
  6186	-0.0323831	-0.113	0.113
  6187	-0.0197648	-0.113	0.113
  6188	-0.0161091	-0.113	0.113
  6189	-0.0105824	-0.113	0.113
  6190	-0.0417184	-0.113	0.113
  6191	-0.0189243	-0.113	0.113
  6192	-0.029173	-0.113	0.113
  6193	-0.0397131	-0.113	0.113
  6194	-0.0135285	-0.113	0.113
  6195	-0.0378283	-0.113	0.113
  6196	-0.0303014	-0.113	0.113
  6197	-0.0131927	-0.113	0.113
  6198	-0.0135638	-0.113	0.113
  6199	-0.0173162	-0.113	0.113
  6200	-0.0430381	-0.113	0.113
  6201	-0.0375441	-0.113	0.113
  6202	-0.0135033	-0.113	0.113
  6203	-0.03528	-0.113	0.113
  6204	-0.0321291	-0.113	0.113
  6205	-0.025449	-0.113	0.113
  6206	-0.0156619	-0.113	0.113
  6207	-0.0139877	-0.113	0.113
  6208	-0.0281953	-0.113	0.113
  6209	-0.0412491	-0.113	0.113
  6210	-0.0423779	-0.113	0.113
  6211	-0.033846	-0.113	0.113
  6212	-0.0105523	-0.113	0.113
  6213	-0.0213814	-0.113	0.113
  6214	-0.0406293	-0.113	0.113
  6215	-0.0254613	-0.113	0.113
  6216	-0.0322076	-0.113	0.113
  6217	-0.0227	-0.113	0.113
  6218	-0.0100941	-0.113	0.113
  6219	-0.0326912	-0.113	0.113
  6220	-0.0291486	-0.113	0.113
  6221	-0.0134336	-0.113	0.113
  6222	-0.0176504	-0.113	0.113
  6223	-0.0175328	-0.113	0.113
  6224	-0.0405508	-0.113	0.113
  6225	-0.0380733	-0.113	0.113
  6226	-0.0335958	-0.113	0.113
  6227	-0.026568	-0.113	0.113
  6228	-0.0368927	-0.113	0.113
  6229	-0.0127096	-0.113	0.113
  6230	-0.03555	-0.113	0.113
  6231	-0.0435631	-0.113	0.113
  6232	-0.0326517	-0.113	0.113
  6233	-0.0273173	-0.113	0.113
  6234	-0.0384922	-0.113	0.113
  6235	-0.0107034	-0.113	0.113
  6236	-0.0174397	-0.113	0.113
  6237	-0.0307986	-0.113	0.113
  6238	-0.0279626	-0.113	0.113
  6239	-0.0370204	-0.113	0.113
  6240	-0.0123072	-0.113	0.113
  6241	-0.0435982	-0.113	0.113
  6242	-0.0100582	-0.113	0.113
  6243	-0.0373809	-0.113	0.113
  6244	-0.0210809	-0.113	0.113
  6245	-0.0307676	-0.113	0.113
  6246	-0.0122114	-0.113	0.113
  6247	-0.0146005	-0.113	0.113
  6248	-0.0204888	-0.113	0.113
  6249	-0.0152115	-0.113	0.113
  6250	-0.0360047	-0.113	0.113
  6251	-0.0287965	-0.113	0.113
  6252	-0.034815	-0.113	0.113
  6253	-0.0259301	-0.113	0.113
  6254	-0.0137157	-0.113	0.113
  6255	-0.0135021	-0.113	0.113
  6256	-0.0397063	-0.113	0.113
  6257	-0.0341778	-0.113	0.113
  6258	-0.0117876	-0.113	0.113
  6259	-0.0215341	-0.113	0.113
  6260	-0.0347707	-0.113	0.113
  6261	-0.0414001	-0.113	0.113
  6262	-0.0182716	-0.113	0.113
  6263	-0.0429605	-0.113	0.113
  6264	-0.0424677	-0.113	0.113
  6265	-0.0160717	-0.113	0.113
  6266	-0.0331456	-0.113	0.113
  6267	-0.0153178	-0.113	0.113
  6268	-0.0112793	-0.113	0.113
  6269	-0.0230535	-0.113	0.113
  6270	-0.0296416	-0.113	0.113
  6271	-0.0183667	-0.113	0.113
  6272	-0.0437405	-0.113	0.113
  6273	-0.0268043	-0.113	0.113
  6274	-0.0438532	-0.113	0.113
  6275	-0.0360283	-0.113	0.113
  6276	-0.0129628	-0.113	0.113
  6277	-0.0440413	-0.113	0.113
  6278	-0.0436102	-0.113	0.113
  6279	-0.0329973	-0.113	0.113
  6280	-0.0196277	-0.113	0.113
  6281	-0.0125698	-0.113	0.113
  6282	-0.0205162	-0.113	0.113
  6283	-0.0306891	-0.113	0.113
  6284	-0.0119181	-0.113	0.113
  6285	-0.0197627	-0.113	0.113
  6286	-0.0166229	-0.113	0.113
  6287	-0.0358262	-0.113	0.113
  6288	-0.0400422	-0.113	0.113
  6289	-0.0354442	-0.113	0.113
  6290	-0.0123584	-0.113	0.113
  6291	-0.0156555	-0.113	0.113
  6292	-0.0403676	-0.113	0.113
  6293	-0.0378987	-0.113	0.113
  6294	-0.0118876	-0.113	0.113
  6295	-0.0126504	-0.113	0.113
  6296	-0.0351688	-0.113	0.113
  6297	-0.0391039	-0.113	0.113
  6298	-0.0122468	-0.113	0.113
  6299	-0.0262307	-0.113	0.113
  6300	-0.0418293	-0.113	0.113
  6301	-0.0152721	-0.113	0.113
  6302	-0.0157784	-0.113	0.113
  6303	-0.0131936	-0.113	0.113
  6304	-0.0260418	-0.113	0.113
  6305	-0.0122571	-0.113	0.113
  6306	-0.0366612	-0.113	0.113
  6307	-0.0224707	-0.113	0.113
  6308	-0.0160932	-0.113	0.113
  6309	-0.0274798	-0.113	0.113
  6310	-0.03622	-0.113	0.113
  6311	-0.0347959	-0.113	0.113
  6312	-0.0232869	-0.113	0.113
  6313	-0.0426578	-0.113	0.113
  6314	-0.0403109	-0.113	0.113
  6315	-0.0122334	-0.113	0.113
  6316	-0.0281764	-0.113	0.113
  6317	-0.0237623	-0.113	0.113
  6318	-0.0170818	-0.113	0.113
  6319	-0.0339242	-0.113	0.113
  6320	-0.0399201	-0.113	0.113
  6321	-0.0168592	-0.113	0.113
  6322	-0.0384796	-0.113	0.113
  6323	-0.0541214	-0.113	0.113
  6324	-0.0300669	-0.113	0.113
  6325	-0.0415881	-0.113	0.113
  6326	-0.0132167	-0.113	0.113
  6327	-0.0185331	-0.113	0.113
  6328	-0.0117499	-0.113	0.113
  6329	-0.0135775	-0.113	0.113
  6330	-0.0122138	-0.113	0.113
  6331	-0.0410762	-0.113	0.113
  6332	-0.0168956	-0.113	0.113
  6333	-0.0113636	-0.113	0.113
  6334	-0.0368704	-0.113	0.113
  6335	-0.0318196	-0.113	0.113
  6336	-0.0236359	-0.113	0.113
  6337	-0.0240767	-0.113	0.113
  6338	-0.0177344	-0.113	0.113
  6339	-0.0122029	-0.113	0.113
  6340	-0.0404022	-0.113	0.113
  6341	-0.0370516	-0.113	0.113
  6342	-0.0101971	-0.113	0.113
  6343	-0.0151911	-0.113	0.113
  6344	-0.0122898	-0.113	0.113
  6345	-0.0126896	-0.113	0.113
  6346	-0.0227959	-0.113	0.113
  6347	-0.025418	-0.113	0.113
  6348	-0.0279608	-0.113	0.113
  6349	-0.0321919	-0.113	0.113
  6350	-0.0208115	-0.113	0.113
  6351	-0.013731	-0.113	0.113
  6352	-0.0327274	-0.113	0.113
  6353	-0.0264375	-0.113	0.113
  6354	-0.0225255	-0.113	0.113
  6355	-0.0433027	-0.113	0.113
  6356	-0.0192374	-0.113	0.113
  6357	-0.0176483	-0.113	0.113
  6358	-0.015635	-0.113	0.113
  6359	-0.0265917	-0.113	0.113
  6360	-0.0149049	-0.113	0.113
  6361	-0.0397864	-0.113	0.113
  6362	-0.0121756	-0.113	0.113
  6363	-0.0237638	-0.113	0.113
  6364	-0.0168624	-0.113	0.113
  6365	-0.0193629	-0.113	0.113
  6366	-0.0282881	-0.113	0.113
  6367	-0.0427612	-0.113	0.113
  6368	-0.0106025	-0.113	0.113
  6369	-0.0370381	-0.113	0.113
  6370	-0.031475	-0.113	0.113
  6371	-0.0300759	-0.113	0.113
  6372	-0.0393775	-0.113	0.113
  6373	-0.0164913	-0.113	0.113
  6374	-0.0285584	-0.113	0.113
  6375	-0.0110123	-0.113	0.113
  6376	-0.0109168	-0.113	0.113
  6377	-0.0438591	-0.113	0.113
  6378	-0.0295193	-0.113	0.113
  6379	-0.0369892	-0.113	0.113
  6380	-0.0228414	-0.113	0.113
  6381	-0.0393643	-0.113	0.113
  6382	-0.0331147	-0.113	0.113
  6383	-0.0432704	-0.113	0.113
  6384	-0.0370729	-0.113	0.113
  6385	-0.0153256	-0.113	0.113
  6386	-0.0283111	-0.113	0.113
  6387	-0.0313135	-0.113	0.113
  6388	-0.0320001	-0.113	0.113
  6389	-0.039103	-0.113	0.113
  6390	-0.0435462	-0.113	0.113
  6391	-0.0235216	-0.113	0.113
  6392	-0.0129361	-0.113	0.113
  6393	-0.0250159	-0.113	0.113
  6394	-0.037122	-0.113	0.113
  6395	-0.0278867	-0.113	0.113
  6396	-0.0157742	-0.113	0.113
  6397	-0.0430291	-0.113	0.113
  6398	-0.0165096	-0.113	0.113
  6399	-0.0236105	-0.113	0.113
  6400	-0.0151521	-0.113	0.113
  6401	-0.0118121	-0.113	0.113
  6402	-0.0231375	-0.113	0.113
  6403	-0.0420618	-0.113	0.113
  6404	-0.0301516	-0.113	0.113
  6405	-0.0186785	-0.113	0.113
  6406	-0.0381121	-0.113	0.113
  6407	-0.0403953	-0.113	0.113
  6408	-0.0243776	-0.113	0.113
  6409	-0.0103301	-0.113	0.113
  6410	-0.0240915	-0.113	0.113
  6411	-0.0149487	-0.113	0.113
  6412	-0.037203	-0.113	0.113
  6413	-0.0118799	-0.113	0.113
  6414	-0.017196	-0.113	0.113
  6415	-0.0312152	-0.113	0.113
  6416	-0.0119208	-0.113	0.113
  6417	-0.0332571	-0.113	0.113
  6418	-0.0134907	-0.113	0.113
  6419	-0.0344271	-0.113	0.113
  6420	-0.024399	-0.113	0.113
  6421	-0.0250909	-0.113	0.113
  6422	-0.0425922	-0.113	0.113
  6423	-0.0431988	-0.113	0.113
  6424	-0.0304713	-0.113	0.113
  6425	-0.0329632	-0.113	0.113
  6426	-0.0193848	-0.113	0.113
  6427	-0.0185849	-0.113	0.113
  6428	-0.034147	-0.113	0.113
  6429	-0.0233795	-0.113	0.113
  6430	-0.0300965	-0.113	0.113
  6431	-0.0361295	-0.113	0.113
  6432	-0.0304405	-0.113	0.113
  6433	-0.0262378	-0.113	0.113
  6434	-0.017032	-0.113	0.113
  6435	-0.0147952	-0.113	0.113
  6436	-0.0335314	-0.113	0.113
  6437	-0.0131694	-0.113	0.113
  6438	-0.0204803	-0.113	0.113
  6439	-0.0439949	-0.113	0.113
  6440	-0.0159656	-0.113	0.113
  6441	-0.0340016	-0.113	0.113
  6442	-0.044157	-0.113	0.113
  6443	-0.0374545	-0.113	0.113
  6444	-0.0153358	-0.113	0.113
  6445	-0.0202905	-0.113	0.113
  6446	-0.0313097	-0.113	0.113
  6447	-0.0213527	-0.113	0.113
  6448	-0.043329	-0.113	0.113
  6449	-0.0172408	-0.113	0.113
  6450	-0.0175204	-0.113	0.113
  6451	-0.0429263	-0.113	0.113
  6452	-0.0114781	-0.113	0.113
  6453	-0.0296309	-0.113	0.113
  6454	-0.0329126	-0.113	0.113
  6455	-0.0212087	-0.113	0.113
  6456	-0.0235482	-0.113	0.113
  6457	-0.0181276	-0.113	0.113
  6458	-0.0436133	-0.113	0.113
  6459	-0.0128201	-0.113	0.113
  6460	-0.0319972	-0.113	0.113
  6461	-0.0114905	-0.113	0.113
  6462	-0.0433315	-0.113	0.113
  6463	-0.0246846	-0.113	0.113
  6464	-0.0414251	-0.113	0.113
  6465	-0.0138346	-0.113	0.113
  6466	-0.0189557	-0.113	0.113
  6467	-0.0155615	-0.113	0.113
  6468	-0.0348399	-0.113	0.113
  6469	-0.0225289	-0.113	0.113
  6470	-0.0149725	-0.113	0.113
  6471	-0.0182263	-0.113	0.113
  6472	-0.0389973	-0.113	0.113
  6473	-0.0241089	-0.113	0.113
  6474	-0.0272992	-0.113	0.113
  6475	-0.0203749	-0.113	0.113
  6476	-0.042347	-0.113	0.113
  6477	-0.0356435	-0.113	0.113
  6478	-0.0228672	-0.113	0.113
  6479	-0.0128045	-0.113	0.113
  6480	-0.0157802	-0.113	0.113
  6481	-0.0142755	-0.113	0.113
  6482	-0.0169169	-0.113	0.113
  6483	-0.0213821	-0.113	0.113
  6484	-0.0106219	-0.113	0.113
  6485	-0.0350856	-0.113	0.113
  6486	-0.012262	-0.113	0.113
  6487	-0.027606	-0.113	0.113
  6488	-0.0420483	-0.113	0.113
  6489	-0.0292007	-0.113	0.113
  6490	-0.036083	-0.113	0.113
  6491	-0.0380529	-0.113	0.113
  6492	-0.0440596	-0.113	0.113
  6493	-0.0412764	-0.113	0.113
  6494	-0.0225627	-0.113	0.113
  6495	-0.0406107	-0.113	0.113
  6496	-0.0432055	-0.113	0.113
  6497	-0.0212966	-0.113	0.113
  6498	-0.0298854	-0.113	0.113
  6499	-0.0114593	-0.113	0.113
  6500	-0.0111252	-0.113	0.113
  6501	-0.0141532	-0.113	0.113
  6502	-0.0192106	-0.113	0.113
  6503	-0.0346402	-0.113	0.113
  6504	-0.0407893	-0.113	0.113
  6505	-0.0439855	-0.113	0.113
  6506	-0.0163203	-0.113	0.113
  6507	-0.0131579	-0.113	0.113
  6508	-0.0439914	-0.113	0.113
  6509	-0.0387569	-0.113	0.113
  6510	-0.0438114	-0.113	0.113
  6511	-0.037088	-0.113	0.113
  6512	-0.024524	-0.113	0.113
  6513	-0.0111443	-0.113	0.113
  6514	-0.041716	-0.113	0.113
  6515	-0.0114042	-0.113	0.113
  6516	-0.030188	-0.113	0.113
  6517	-0.026689	-0.113	0.113
  6518	-0.0133473	-0.113	0.113
  6519	-0.0370135	-0.113	0.113
  6520	-0.0404501	-0.113	0.113
  6521	-0.0161913	-0.113	0.113
  6522	-0.0436475	-0.113	0.113
  6523	-0.0307036	-0.113	0.113
  6524	-0.0174278	-0.113	0.113
  6525	-0.0364107	-0.113	0.113
  6526	-0.035824	-0.113	0.113
  6527	-0.0119817	-0.113	0.113
  6528	-0.0134137	-0.113	0.113
  6529	-0.0348604	-0.113	0.113
  6530	-0.0297443	-0.113	0.113
  6531	-0.0191864	-0.113	0.113
  6532	-0.0124634	-0.113	0.113
  6533	-0.0292927	-0.113	0.113
  6534	-0.0374599	-0.113	0.113
  6535	-0.0151455	-0.113	0.113
  6536	-0.0353674	-0.113	0.113
  6537	-0.0158175	-0.113	0.113
  6538	-0.0112363	-0.113	0.113
  6539	-0.041841	-0.113	0.113
  6540	-0.041611	-0.113	0.113
  6541	-0.0289094	-0.113	0.113
  6542	-0.0108607	-0.113	0.113
  6543	-0.0340568	-0.113	0.113
  6544	-0.0441351	-0.113	0.113
  6545	-0.0192391	-0.113	0.113
  6546	-0.014257	-0.113	0.113
  6547	-0.0442576	-0.113	0.113
  6548	-0.0385739	-0.113	0.113
  6549	-0.0424116	-0.113	0.113
  6550	-0.0314016	-0.113	0.113
  6551	-0.021894	-0.113	0.113
  6552	-0.0324671	-0.113	0.113
  6553	-0.0402953	-0.113	0.113
  6554	-0.0102729	-0.113	0.113
  6555	-0.028887	-0.113	0.113
  6556	-0.0116424	-0.113	0.113
  6557	-0.0373031	-0.113	0.113
  6558	-0.0243611	-0.113	0.113
  6559	-0.0148084	-0.113	0.113
  6560	-0.0435564	-0.113	0.113
  6561	-0.0197213	-0.113	0.113
  6562	-0.0177668	-0.113	0.113
  6563	-0.0401437	-0.113	0.113
  6564	-0.0436613	-0.113	0.113
  6565	-0.0385526	-0.113	0.113
  6566	-0.0249433	-0.113	0.113
  6567	-0.0375165	-0.113	0.113
  6568	-0.034898	-0.113	0.113
  6569	-0.0255757	-0.113	0.113
  6570	-0.0435272	-0.113	0.113
  6571	-0.0259726	-0.113	0.113
  6572	-0.0241124	-0.113	0.113
  6573	-0.0423414	-0.113	0.113
  6574	-0.0261246	-0.113	0.113
  6575	-0.023071	-0.113	0.113
  6576	-0.0338156	-0.113	0.113
  6577	-0.0417619	-0.113	0.113
  6578	-0.016703	-0.113	0.113
  6579	-0.0225026	-0.113	0.113
  6580	-0.0420657	-0.113	0.113
  6581	-0.0409231	-0.113	0.113
  6582	-0.0380878	-0.113	0.113
  6583	-0.0373989	-0.113	0.113
  6584	-0.0426675	-0.113	0.113
  6585	-0.0332273	-0.113	0.113
  6586	-0.0207681	-0.113	0.113
  6587	-0.0345934	-0.113	0.113
  6588	-0.0361171	-0.113	0.113
  6589	-0.0174216	-0.113	0.113
  6590	-0.0435219	-0.113	0.113
  6591	-0.0416741	-0.113	0.113
  6592	-0.0163603	-0.113	0.113
  6593	-0.0120499	-0.113	0.113
  6594	-0.0376345	-0.113	0.113
  6595	-0.0237168	-0.113	0.113
  6596	-0.0177731	-0.113	0.113
  6597	-0.0422212	-0.113	0.113
  6598	-0.0215143	-0.113	0.113
  6599	-0.0127455	-0.113	0.113
  6600	-0.0208103	-0.113	0.113
  6601	-0.0319634	-0.113	0.113
  6602	-0.0280935	-0.113	0.113
  6603	-0.0211792	-0.113	0.113
  6604	-0.0278178	-0.113	0.113
  6605	-0.0239193	-0.113	0.113
  6606	-0.0412031	-0.113	0.113
  6607	-0.0217509	-0.113	0.113
  6608	-0.0427607	-0.113	0.113
  6609	-0.0404223	-0.113	0.113
  6610	-0.0242018	-0.113	0.113
  6611	-0.012508	-0.113	0.113
  6612	-0.0153456	-0.113	0.113
  6613	-0.0391664	-0.113	0.113
  6614	-0.025533	-0.113	0.113
  6615	-0.0406596	-0.113	0.113
  6616	-0.0294542	-0.113	0.113
  6617	-0.0270201	-0.113	0.113
  6618	-0.0401854	-0.113	0.113
  6619	-0.0426209	-0.113	0.113
  6620	-0.0185223	-0.113	0.113
  6621	-0.01174	-0.113	0.113
  6622	-0.0118729	-0.113	0.113
  6623	-0.0287411	-0.113	0.113
  6624	-0.0108313	-0.113	0.113
  6625	-0.0399397	-0.113	0.113
  6626	-0.0373651	-0.113	0.113
  6627	-0.0412969	-0.113	0.113
  6628	-0.0156891	-0.113	0.113
  6629	-0.0221161	-0.113	0.113
  6630	-0.0366021	-0.113	0.113
  6631	-0.0328554	-0.113	0.113
  6632	-0.0405968	-0.113	0.113
  6633	-0.0157054	-0.113	0.113
  6634	-0.0424043	-0.113	0.113
  6635	-0.036303	-0.113	0.113
  6636	-0.0409398	-0.113	0.113
  6637	-0.0216235	-0.113	0.113
  6638	-0.0338944	-0.113	0.113
  6639	-0.0366367	-0.113	0.113
  6640	-0.0186585	-0.113	0.113
  6641	-0.0430679	-0.113	0.113
  6642	-0.0404448	-0.113	0.113
  6643	-0.0397714	-0.113	0.113
  6644	-0.0326036	-0.113	0.113
  6645	-0.0294598	-0.113	0.113
  6646	-0.0314276	-0.113	0.113
  6647	-0.0362444	-0.113	0.113
  6648	-0.0382958	-0.113	0.113
  6649	-0.0103258	-0.113	0.113
  6650	-0.0409596	-0.113	0.113
  6651	-0.0207452	-0.113	0.113
  6652	-0.0161194	-0.113	0.113
  6653	-0.0125277	-0.113	0.113
  6654	-0.0248254	-0.113	0.113
  6655	-0.0293783	-0.113	0.113
  6656	-0.0441449	-0.113	0.113
  6657	-0.0159064	-0.113	0.113
  6658	-0.0339797	-0.113	0.113
  6659	-0.0289932	-0.113	0.113
  6660	-0.0293897	-0.113	0.113
  6661	-0.0317001	-0.113	0.113
  6662	-0.0150666	-0.113	0.113
  6663	-0.0402066	-0.113	0.113
  6664	-0.0240716	-0.113	0.113
  6665	-0.0400528	-0.113	0.113
  6666	-0.0395116	-0.113	0.113
  6667	-0.0114757	-0.113	0.113
  6668	-0.0320275	-0.113	0.113
  6669	-0.0185403	-0.113	0.113
  6670	-0.0338609	-0.113	0.113
  6671	-0.0158592	-0.113	0.113
  6672	-0.0261388	-0.113	0.113
  6673	-0.0133208	-0.113	0.113
  6674	-0.0202612	-0.113	0.113
  6675	-0.0285995	-0.113	0.113
  6676	-0.0228633	-0.113	0.113
  6677	-0.0304072	-0.113	0.113
  6678	-0.0437926	-0.113	0.113
  6679	-0.0101601	-0.113	0.113
  6680	-0.0127769	-0.113	0.113
  6681	-0.0278009	-0.113	0.113
  6682	-0.0269335	-0.113	0.113
  6683	-0.0106951	-0.113	0.113
  6684	-0.034845	-0.113	0.113
  6685	-0.0143114	-0.113	0.113
  6686	-0.03344	-0.113	0.113
  6687	-0.0358819	-0.113	0.113
  6688	-0.0418668	-0.113	0.113
  6689	-0.0184567	-0.113	0.113
  6690	-0.0239159	-0.113	0.113
  6691	-0.0425046	-0.113	0.113
  6692	-0.0204021	-0.113	0.113
  6693	-0.0201548	-0.113	0.113
  6694	-0.0114555	-0.113	0.113
  6695	-0.0311738	-0.113	0.113
  6696	-0.0327162	-0.113	0.113
  6697	-0.0147741	-0.113	0.113
  6698	-0.0143279	-0.113	0.113
  6699	-0.0379864	-0.113	0.113
  6700	-0.0249328	-0.113	0.113
  6701	-0.0194294	-0.113	0.113
  6702	-0.0384243	-0.113	0.113
  6703	-0.02557	-0.113	0.113
  6704	-0.0416036	-0.113	0.113
  6705	-0.0174065	-0.113	0.113
  6706	-0.0268899	-0.113	0.113
  6707	-0.0421657	-0.113	0.113
  6708	-0.0341148	-0.113	0.113
  6709	-0.0415948	-0.113	0.113
  6710	-0.0424312	-0.113	0.113
  6711	-0.0566994	-0.113	0.113
  6712	-0.0293841	-0.113	0.113
  6713	-0.0337398	-0.113	0.113
  6714	-0.0109476	-0.113	0.113
  6715	-0.0248998	-0.113	0.113
  6716	-0.0140923	-0.113	0.113
  6717	-0.0155762	-0.113	0.113
  6718	-0.0370262	-0.113	0.113
  6719	-0.023089	-0.113	0.113
  6720	-0.013038	-0.113	0.113
  6721	-0.0396204	-0.113	0.113
  6722	-0.0113641	-0.113	0.113
  6723	-0.0220832	-0.113	0.113
  6724	-0.0155706	-0.113	0.113
  6725	-0.0202714	-0.113	0.113
  6726	-0.0201289	-0.113	0.113
  6727	-0.0369338	-0.113	0.113
  6728	-0.0107429	-0.113	0.113
  6729	-0.0389414	-0.113	0.113
  6730	-0.0115192	-0.113	0.113
  6731	-0.0290962	-0.113	0.113
  6732	-0.0117698	-0.113	0.113
  6733	-0.0312656	-0.113	0.113
  6734	-0.0262229	-0.113	0.113
  6735	-0.0260926	-0.113	0.113
  6736	-0.0417063	-0.113	0.113
  6737	-0.0417262	-0.113	0.113
  6738	-0.025485	-0.113	0.113
  6739	-0.0184571	-0.113	0.113
  6740	-0.029283	-0.113	0.113
  6741	-0.0441765	-0.113	0.113
  6742	-0.0436431	-0.113	0.113
  6743	-0.0176792	-0.113	0.113
  6744	-0.0266286	-0.113	0.113
  6745	-0.0109436	-0.113	0.113
  6746	-0.0307691	-0.113	0.113
  6747	-0.0240961	-0.113	0.113
  6748	-0.0352602	-0.113	0.113
  6749	-0.0168476	-0.113	0.113
  6750	-0.0167713	-0.113	0.113
  6751	-0.0242345	-0.113	0.113
  6752	-0.0106829	-0.113	0.113
  6753	-0.0212374	-0.113	0.113
  6754	-0.0254638	-0.113	0.113
  6755	-0.0101211	-0.113	0.113
  6756	-0.043134	-0.113	0.113
  6757	-0.0346502	-0.113	0.113
  6758	-0.0344965	-0.113	0.113
  6759	-0.0138199	-0.113	0.113
  6760	-0.0113191	-0.113	0.113
  6761	-0.0140711	-0.113	0.113
  6762	-0.0301082	-0.113	0.113
  6763	-0.0275886	-0.113	0.113
  6764	-0.0180765	-0.113	0.113
  6765	-0.0413108	-0.113	0.113
  6766	-0.0395013	-0.113	0.113
  6767	-0.0387067	-0.113	0.113
  6768	-0.0190328	-0.113	0.113
  6769	-0.0440285	-0.113	0.113
  6770	-0.0242741	-0.113	0.113
  6771	-0.0180443	-0.113	0.113
  6772	-0.0131155	-0.113	0.113
  6773	-0.016988	-0.113	0.113
  6774	-0.0390269	-0.113	0.113
  6775	-0.0410958	-0.113	0.113
  6776	-0.0441682	-0.113	0.113
  6777	-0.0116428	-0.113	0.113
  6778	-0.0214308	-0.113	0.113
  6779	-0.0374494	-0.113	0.113
  6780	-0.0352713	-0.113	0.113
  6781	-0.0368339	-0.113	0.113
  6782	-0.0323434	-0.113	0.113
  6783	-0.029392	-0.113	0.113
  6784	-0.0184119	-0.113	0.113
  6785	-0.0439326	-0.113	0.113
  6786	-0.0182564	-0.113	0.113
  6787	-0.0255355	-0.113	0.113
  6788	-0.0312125	-0.113	0.113
  6789	-0.0285939	-0.113	0.113
  6790	-0.0362715	-0.113	0.113
  6791	-0.0415019	-0.113	0.113
  6792	-0.0274332	-0.113	0.113
  6793	-0.0360232	-0.113	0.113
  6794	-0.0311634	-0.113	0.113
  6795	-0.0107912	-0.113	0.113
  6796	-0.0154886	-0.113	0.113
  6797	-0.026992	-0.113	0.113
  6798	-0.038313	-0.113	0.113
  6799	-0.0434162	-0.113	0.113
  6800	-0.0106362	-0.113	0.113
  6801	-0.0166768	-0.113	0.113
  6802	-0.0438796	-0.113	0.113
  6803	-0.0511239	-0.113	0.113
  6804	-0.027255	-0.113	0.113
  6805	-0.0423587	-0.113	0.113
  6806	-0.013994	-0.113	0.113
  6807	-0.0213007	-0.113	0.113
  6808	-0.0163883	-0.113	0.113
  6809	-0.0358533	-0.113	0.113
  6810	-0.0148507	-0.113	0.113
  6811	-0.0196762	-0.113	0.113
  6812	-0.0218419	-0.113	0.113
  6813	-0.0123276	-0.113	0.113
  6814	-0.0288642	-0.113	0.113
  6815	-0.0262361	-0.113	0.113
  6816	-0.0319175	-0.113	0.113
  6817	-0.0439263	-0.113	0.113
  6818	-0.0248486	-0.113	0.113
  6819	-0.0261055	-0.113	0.113
  6820	-0.0356915	-0.113	0.113
  6821	-0.0416853	-0.113	0.113
  6822	-0.0355315	-0.113	0.113
  6823	-0.0431681	-0.113	0.113
  6824	-0.0158106	-0.113	0.113
  6825	-0.0394992	-0.113	0.113
  6826	-0.0395476	-0.113	0.113
  6827	-0.0281068	-0.113	0.113
  6828	-0.0138627	-0.113	0.113
  6829	-0.0149425	-0.113	0.113
  6830	-0.0405724	-0.113	0.113
  6831	-0.019281	-0.113	0.113
  6832	-0.0210629	-0.113	0.113
  6833	-0.0115031	-0.113	0.113
  6834	-0.0270196	-0.113	0.113
  6835	-0.0293574	-0.113	0.113
  6836	-0.0249099	-0.113	0.113
  6837	-0.0185902	-0.113	0.113
  6838	-0.0270518	-0.113	0.113
  6839	-0.0180851	-0.113	0.113
  6840	-0.0323173	-0.113	0.113
  6841	-0.0224193	-0.113	0.113
  6842	-0.0440217	-0.113	0.113
  6843	-0.0363351	-0.113	0.113
  6844	-0.0318961	-0.113	0.113
  6845	-0.0363515	-0.113	0.113
  6846	-0.0271596	-0.113	0.113
  6847	-0.0167987	-0.113	0.113
  6848	-0.0319448	-0.113	0.113
  6849	-0.0278829	-0.113	0.113
  6850	-0.0349174	-0.113	0.113
  6851	-0.0232218	-0.113	0.113
  6852	-0.015909	-0.113	0.113
  6853	-0.0211388	-0.113	0.113
  6854	-0.0370803	-0.113	0.113
  6855	-0.0361134	-0.113	0.113
  6856	-0.0278228	-0.113	0.113
  6857	-0.0372184	-0.113	0.113
  6858	-0.0140379	-0.113	0.113
  6859	-0.0340591	-0.113	0.113
  6860	-0.0299432	-0.113	0.113
  6861	-0.0149528	-0.113	0.113
  6862	-0.0398379	-0.113	0.113
  6863	-0.0133203	-0.113	0.113
  6864	-0.0288487	-0.113	0.113
  6865	-0.0243612	-0.113	0.113
  6866	-0.0223573	-0.113	0.113
  6867	-0.0236716	-0.113	0.113
  6868	-0.0421629	-0.113	0.113
  6869	-0.0435642	-0.113	0.113
  6870	-0.011283	-0.113	0.113
  6871	-0.0428859	-0.113	0.113
  6872	-0.0150577	-0.113	0.113
  6873	-0.0243001	-0.113	0.113
  6874	-0.0237059	-0.113	0.113
  6875	-0.0134778	-0.113	0.113
  6876	-0.0441838	-0.113	0.113
  6877	-0.0102873	-0.113	0.113
  6878	-0.0263171	-0.113	0.113
  6879	-0.0275592	-0.113	0.113
  6880	-0.0237157	-0.113	0.113
  6881	-0.0290647	-0.113	0.113
  6882	-0.0132328	-0.113	0.113
  6883	-0.0142616	-0.113	0.113
  6884	-0.0431505	-0.113	0.113
  6885	-0.0312974	-0.113	0.113
  6886	-0.0366325	-0.113	0.113
  6887	-0.021439	-0.113	0.113
  6888	-0.0132765	-0.113	0.113
  6889	-0.0437021	-0.113	0.113
  6890	-0.021273	-0.113	0.113
  6891	-0.0306011	-0.113	0.113
  6892	-0.0130422	-0.113	0.113
  6893	-0.0361306	-0.113	0.113
  6894	-0.010894	-0.113	0.113
  6895	-0.0218137	-0.113	0.113
  6896	-0.0426523	-0.113	0.113
  6897	-0.0436093	-0.113	0.113
  6898	-0.0227604	-0.113	0.113
  6899	-0.0429466	-0.113	0.113
  6900	-0.0186301	-0.113	0.113
  6901	-0.0260645	-0.113	0.113
  6902	-0.0236467	-0.113	0.113
  6903	-0.0125797	-0.113	0.113
  6904	-0.0425024	-0.113	0.113
  6905	-0.0339811	-0.113	0.113
  6906	-0.0115378	-0.113	0.113
  6907	-0.0187486	-0.113	0.113
  6908	-0.0344796	-0.113	0.113
  6909	-0.0261413	-0.113	0.113
  6910	-0.0133002	-0.113	0.113
  6911	-0.0403332	-0.113	0.113
  6912	-0.0204747	-0.113	0.113
  6913	-0.0370082	-0.113	0.113
  6914	-0.0373025	-0.113	0.113
  6915	-0.0371902	-0.113	0.113
  6916	-0.0118057	-0.113	0.113
  6917	-0.0188127	-0.113	0.113
  6918	-0.0385465	-0.113	0.113
  6919	-0.0185842	-0.113	0.113
  6920	-0.0385822	-0.113	0.113
  6921	-0.0218688	-0.113	0.113
  6922	-0.0423734	-0.113	0.113
  6923	-0.0173193	-0.113	0.113
  6924	-0.0368577	-0.113	0.113
  6925	-0.0316789	-0.113	0.113
  6926	-0.0333932	-0.113	0.113
  6927	-0.0202595	-0.113	0.113
  6928	-0.0172311	-0.113	0.113
  6929	-0.0129917	-0.113	0.113
  6930	-0.0309993	-0.113	0.113
  6931	-0.0267746	-0.113	0.113
  6932	-0.0124508	-0.113	0.113
  6933	-0.0184385	-0.113	0.113
  6934	-0.0309871	-0.113	0.113
  6935	-0.036262	-0.113	0.113
  6936	-0.0257171	-0.113	0.113
  6937	-0.0455448	-0.113	0.113
  6938	-0.0338902	-0.113	0.113
  6939	-0.0437544	-0.113	0.113
  6940	-0.0271282	-0.113	0.113
  6941	-0.0198829	-0.113	0.113
  6942	-0.034105	-0.113	0.113
  6943	-0.0283708	-0.113	0.113
  6944	-0.0160953	-0.113	0.113
  6945	-0.0369638	-0.113	0.113
  6946	-0.0403303	-0.113	0.113
  6947	-0.0337728	-0.113	0.113
  6948	-0.0425578	-0.113	0.113
  6949	-0.0365767	-0.113	0.113
  6950	-0.0315518	-0.113	0.113
  6951	-0.0420265	-0.113	0.113
  6952	-0.0202015	-0.113	0.113
  6953	-0.0139467	-0.113	0.113
  6954	-0.0220474	-0.113	0.113
  6955	-0.010139	-0.113	0.113
  6956	-0.0368597	-0.113	0.113
  6957	-0.0367678	-0.113	0.113
  6958	-0.0272638	-0.113	0.113
  6959	-0.013307	-0.113	0.113
  6960	-0.0222925	-0.113	0.113
  6961	-0.0233741	-0.113	0.113
  6962	-0.0320191	-0.113	0.113
  6963	-0.0159608	-0.113	0.113
  6964	-0.0115984	-0.113	0.113
  6965	-0.0123106	-0.113	0.113
  6966	-0.0284855	-0.113	0.113
  6967	-0.0102548	-0.113	0.113
  6968	-0.0272776	-0.113	0.113
  6969	-0.0175554	-0.113	0.113
  6970	-0.0370457	-0.113	0.113
  6971	-0.0375343	-0.113	0.113
  6972	-0.0168974	-0.113	0.113
  6973	-0.0401786	-0.113	0.113
  6974	-0.0271232	-0.113	0.113
  6975	-0.0180132	-0.113	0.113
  6976	-0.0342524	-0.113	0.113
  6977	-0.016233	-0.113	0.113
  6978	-0.0416981	-0.113	0.113
  6979	-0.040723	-0.113	0.113
  6980	-0.0351383	-0.113	0.113
  6981	-0.040656	-0.113	0.113
  6982	-0.0118174	-0.113	0.113
  6983	-0.0274223	-0.113	0.113
  6984	-0.0438619	-0.113	0.113
  6985	-0.0440928	-0.113	0.113
  6986	-0.0405054	-0.113	0.113
  6987	-0.0154422	-0.113	0.113
  6988	-0.015736	-0.113	0.113
  6989	-0.0230995	-0.113	0.113
  6990	-0.019422	-0.113	0.113
  6991	-0.0191049	-0.113	0.113
  6992	-0.0124258	-0.113	0.113
  6993	-0.0293344	-0.113	0.113
  6994	-0.030973	-0.113	0.113
  6995	-0.0119912	-0.113	0.113
  6996	-0.0146806	-0.113	0.113
  6997	-0.0130742	-0.113	0.113
  6998	-0.0261687	-0.113	0.113
  6999	-0.0189125	-0.113	0.113
  7000	-0.0267351	-0.113	0.113
  7001	-0.0414765	-0.113	0.113
  7002	-0.0124548	-0.113	0.113
  7003	-0.016161	-0.113	0.113
  7004	-0.011787	-0.113	0.113
  7005	-0.0435991	-0.113	0.113
  7006	-0.0395362	-0.113	0.113
  7007	-0.0202129	-0.113	0.113
  7008	-0.0317685	-0.113	0.113
  7009	-0.0282044	-0.113	0.113
  7010	-0.0312447	-0.113	0.113
  7011	-0.0419368	-0.113	0.113
  7012	-0.0286834	-0.113	0.113
  7013	-0.0405377	-0.113	0.113
  7014	-0.0204559	-0.113	0.113
  7015	-0.0156431	-0.113	0.113
  7016	-0.0198981	-0.113	0.113
  7017	-0.0106387	-0.113	0.113
  7018	-0.0192008	-0.113	0.113
  7019	-0.0117989	-0.113	0.113
  7020	-0.0432962	-0.113	0.113
  7021	-0.0310573	-0.113	0.113
  7022	-0.0119199	-0.113	0.113
  7023	-0.0209816	-0.113	0.113
  7024	-0.0195066	-0.113	0.113
  7025	-0.0102617	-0.113	0.113
  7026	-0.0105377	-0.113	0.113
  7027	-0.0139028	-0.113	0.113
  7028	-0.0388414	-0.113	0.113
  7029	-0.0390371	-0.113	0.113
  7030	-0.0255209	-0.113	0.113
  7031	-0.0441097	-0.113	0.113
  7032	-0.042804	-0.113	0.113
  7033	-0.0167796	-0.113	0.113
  7034	-0.0329247	-0.113	0.113
  7035	-0.0156004	-0.113	0.113
  7036	-0.0178189	-0.113	0.113
  7037	-0.0117909	-0.113	0.113
  7038	-0.0196719	-0.113	0.113
  7039	-0.0351724	-0.113	0.113
  7040	-0.0189378	-0.113	0.113
  7041	-0.0228735	-0.113	0.113
  7042	-0.0387681	-0.113	0.113
  7043	-0.0299233	-0.113	0.113
  7044	-0.0347664	-0.113	0.113
  7045	-0.0182354	-0.113	0.113
  7046	-0.0219193	-0.113	0.113
  7047	-0.0120914	-0.113	0.113
  7048	-0.0140947	-0.113	0.113
  7049	-0.0172146	-0.113	0.113
  7050	-0.0156712	-0.113	0.113
  7051	-0.0114118	-0.113	0.113
  7052	-0.0430169	-0.113	0.113
  7053	-0.0332032	-0.113	0.113
  7054	-0.0329877	-0.113	0.113
  7055	-0.0112855	-0.113	0.113
  7056	-0.0207646	-0.113	0.113
  7057	-0.0335118	-0.113	0.113
  7058	-0.0424402	-0.113	0.113
  7059	-0.0242178	-0.113	0.113
  7060	-0.0220535	-0.113	0.113
  7061	-0.0317998	-0.113	0.113
  7062	-0.0420923	-0.113	0.113
  7063	-0.0128648	-0.113	0.113
  7064	-0.0206651	-0.113	0.113
  7065	-0.0213681	-0.113	0.113
  7066	-0.0264411	-0.113	0.113
  7067	-0.034203	-0.113	0.113
  7068	-0.0365676	-0.113	0.113
  7069	-0.0186304	-0.113	0.113
  7070	-0.0389664	-0.113	0.113
  7071	-0.0169941	-0.113	0.113
  7072	-0.0205321	-0.113	0.113
  7073	-0.0268143	-0.113	0.113
  7074	-0.0122017	-0.113	0.113
  7075	-0.0257055	-0.113	0.113
  7076	-0.0118988	-0.113	0.113
  7077	-0.0196223	-0.113	0.113
  7078	-0.0149165	-0.113	0.113
  7079	-0.017487	-0.113	0.113
  7080	-0.0277022	-0.113	0.113
  7081	-0.0274562	-0.113	0.113
  7082	-0.0319724	-0.113	0.113
  7083	-0.0380924	-0.113	0.113
  7084	-0.0441967	-0.113	0.113
  7085	-0.0282102	-0.113	0.113
  7086	-0.049289	-0.113	0.113
  7087	-0.0422685	-0.113	0.113
  7088	-0.0145741	-0.113	0.113
  7089	-0.0314846	-0.113	0.113
  7090	-0.0232175	-0.113	0.113
  7091	-0.0297434	-0.113	0.113
  7092	-0.0131062	-0.113	0.113
  7093	-0.0440384	-0.113	0.113
  7094	-0.0438393	-0.113	0.113
  7095	-0.031903	-0.113	0.113
  7096	-0.0142985	-0.113	0.113
  7097	-0.0413823	-0.113	0.113
  7098	-0.0188003	-0.113	0.113
  7099	-0.0315231	-0.113	0.113
  7100	-0.0346076	-0.113	0.113
  7101	-0.0378703	-0.113	0.113
  7102	-0.0365323	-0.113	0.113
  7103	-0.0364556	-0.113	0.113
  7104	-0.0106424	-0.113	0.113
  7105	-0.030126	-0.113	0.113
  7106	-0.0236723	-0.113	0.113
  7107	-0.0217157	-0.113	0.113
  7108	-0.0208165	-0.113	0.113
  7109	-0.0145055	-0.113	0.113
  7110	-0.023548	-0.113	0.113
  7111	-0.0153592	-0.113	0.113
  7112	-0.0241955	-0.113	0.113
  7113	-0.0235104	-0.113	0.113
  7114	-0.0436153	-0.113	0.113
  7115	-0.0106128	-0.113	0.113
  7116	-0.0116081	-0.113	0.113
  7117	-0.0259587	-0.113	0.113
  7118	-0.0182193	-0.113	0.113
  7119	-0.0266597	-0.113	0.113
  7120	-0.0171634	-0.113	0.113
  7121	-0.0349625	-0.113	0.113
  7122	-0.0370899	-0.113	0.113
  7123	-0.0132192	-0.113	0.113
  7124	-0.0124934	-0.113	0.113
  7125	-0.0348027	-0.113	0.113
  7126	-0.0436261	-0.113	0.113
  7127	-0.0289555	-0.113	0.113
  7128	-0.018984	-0.113	0.113
  7129	-0.0232669	-0.113	0.113
  7130	-0.0169455	-0.113	0.113
  7131	-0.0247331	-0.113	0.113
  7132	-0.0114666	-0.113	0.113
  7133	-0.0417102	-0.113	0.113
  7134	-0.028663	-0.113	0.113
  7135	-0.0401686	-0.113	0.113
  7136	-0.0387545	-0.113	0.113
  7137	-0.0303749	-0.113	0.113
  7138	-0.0205921	-0.113	0.113
  7139	-0.0137658	-0.113	0.113
  7140	-0.0337907	-0.113	0.113
  7141	-0.0397259	-0.113	0.113
  7142	-0.0260268	-0.113	0.113
  7143	-0.0370297	-0.113	0.113
  7144	-0.0423381	-0.113	0.113
  7145	-0.0220798	-0.113	0.113
  7146	-0.0383664	-0.113	0.113
  7147	-0.0293889	-0.113	0.113
  7148	-0.0223897	-0.113	0.113
  7149	-0.0145771	-0.113	0.113
  7150	-0.0461016	-0.113	0.113
  7151	-0.0431547	-0.113	0.113
  7152	-0.0419191	-0.113	0.113
  7153	-0.0120668	-0.113	0.113
  7154	-0.030094	-0.113	0.113
  7155	-0.0358318	-0.113	0.113
  7156	-0.0114391	-0.113	0.113
  7157	-0.0407666	-0.113	0.113
  7158	-0.0156436	-0.113	0.113
  7159	-0.0346074	-0.113	0.113
  7160	-0.0437747	-0.113	0.113
  7161	-0.0424397	-0.113	0.113
  7162	-0.0440363	-0.113	0.113
  7163	-0.0392741	-0.113	0.113
  7164	-0.0161759	-0.113	0.113
  7165	-0.0138962	-0.113	0.113
  7166	-0.0102199	-0.113	0.113
  7167	-0.0407644	-0.113	0.113
  7168	-0.0188912	-0.113	0.113
  7169	-0.0177	-0.113	0.113
  7170	-0.0202514	-0.113	0.113
  7171	-0.0144941	-0.113	0.113
  7172	-0.0237074	-0.113	0.113
  7173	-0.0430388	-0.113	0.113
  7174	-0.0235299	-0.113	0.113
  7175	-0.0374779	-0.113	0.113
  7176	-0.0400177	-0.113	0.113
  7177	-0.0178085	-0.113	0.113
  7178	-0.0427639	-0.113	0.113
  7179	-0.04188	-0.113	0.113
  7180	-0.0364196	-0.113	0.113
  7181	-0.0113869	-0.113	0.113
  7182	-0.0321615	-0.113	0.113
  7183	-0.0423201	-0.113	0.113
  7184	-0.0232614	-0.113	0.113
  7185	-0.0214525	-0.113	0.113
  7186	-0.0375989	-0.113	0.113
  7187	-0.0120401	-0.113	0.113
  7188	-0.0304635	-0.113	0.113
  7189	-0.0213307	-0.113	0.113
  7190	-0.0268516	-0.113	0.113
  7191	-0.0438712	-0.113	0.113
  7192	-0.0160249	-0.113	0.113
  7193	-0.041036	-0.113	0.113
  7194	-0.0252115	-0.113	0.113
  7195	-0.0176323	-0.113	0.113
  7196	-0.0354645	-0.113	0.113
  7197	-0.018275	-0.113	0.113
  7198	-0.0420346	-0.113	0.113
  7199	-0.0177272	-0.113	0.113
  7200	-0.0367349	-0.113	0.113
  7201	-0.0140411	-0.113	0.113
  7202	-0.0157478	-0.113	0.113
  7203	-0.0299532	-0.113	0.113
  7204	-0.0109913	-0.113	0.113
  7205	-0.029999	-0.113	0.113
  7206	-0.0233388	-0.113	0.113
  7207	-0.0163452	-0.113	0.113
  7208	-0.0146446	-0.113	0.113
  7209	-0.0153593	-0.113	0.113
  7210	-0.0399596	-0.113	0.113
  7211	-0.0270002	-0.113	0.113
  7212	-0.0293392	-0.113	0.113
  7213	-0.013758	-0.113	0.113
  7214	-0.0405709	-0.113	0.113
  7215	-0.0436463	-0.113	0.113
  7216	-0.0393541	-0.113	0.113
  7217	-0.0402809	-0.113	0.113
  7218	-0.0254214	-0.113	0.113
  7219	-0.0358874	-0.113	0.113
  7220	-0.0299083	-0.113	0.113
  7221	-0.0281926	-0.113	0.113
  7222	-0.0427628	-0.113	0.113
  7223	-0.0110794	-0.113	0.113
  7224	-0.0274921	-0.113	0.113
  7225	-0.0313261	-0.113	0.113
  7226	-0.0333346	-0.113	0.113
  7227	-0.012279	-0.113	0.113
  7228	-0.0294418	-0.113	0.113
  7229	-0.0181539	-0.113	0.113
  7230	-0.0213817	-0.113	0.113
  7231	-0.0118198	-0.113	0.113
  7232	-0.0342319	-0.113	0.113
  7233	-0.0297208	-0.113	0.113
  7234	-0.0435342	-0.113	0.113
  7235	-0.0342714	-0.113	0.113
  7236	-0.0377718	-0.113	0.113
  7237	-0.0233131	-0.113	0.113
  7238	-0.0439665	-0.113	0.113
  7239	-0.0228807	-0.113	0.113
  7240	-0.0160418	-0.113	0.113
  7241	-0.0185688	-0.113	0.113
  7242	-0.0404607	-0.113	0.113
  7243	-0.0244905	-0.113	0.113
  7244	-0.0296166	-0.113	0.113
  7245	-0.03036	-0.113	0.113
  7246	-0.041722	-0.113	0.113
  7247	-0.0200865	-0.113	0.113
  7248	-0.0366026	-0.113	0.113
  7249	-0.0349335	-0.113	0.113
  7250	-0.0201221	-0.113	0.113
  7251	-0.0246596	-0.113	0.113
  7252	-0.0372948	-0.113	0.113
  7253	-0.013968	-0.113	0.113
  7254	-0.0226768	-0.113	0.113
  7255	-0.0238024	-0.113	0.113
  7256	-0.0286913	-0.113	0.113
  7257	-0.0192495	-0.113	0.113
  7258	-0.0254191	-0.113	0.113
  7259	-0.0434619	-0.113	0.113
  7260	-0.0168145	-0.113	0.113
  7261	-0.0194721	-0.113	0.113
  7262	-0.0154074	-0.113	0.113
  7263	-0.0416987	-0.113	0.113
  7264	-0.0368088	-0.113	0.113
  7265	-0.0227438	-0.113	0.113
  7266	-0.0311355	-0.113	0.113
  7267	-0.0283819	-0.113	0.113
  7268	-0.0362013	-0.113	0.113
  7269	-0.0348308	-0.113	0.113
  7270	-0.0305082	-0.113	0.113
  7271	-0.0150523	-0.113	0.113
  7272	-0.0133773	-0.113	0.113
  7273	-0.0194982	-0.113	0.113
  7274	-0.0416605	-0.113	0.113
  7275	-0.0166702	-0.113	0.113
  7276	-0.0320738	-0.113	0.113
  7277	-0.0194434	-0.113	0.113
  7278	-0.0440046	-0.113	0.113
  7279	-0.0364606	-0.113	0.113
  7280	-0.0339081	-0.113	0.113
  7281	-0.0107441	-0.113	0.113
  7282	-0.0148935	-0.113	0.113
  7283	-0.0419125	-0.113	0.113
  7284	-0.0434725	-0.113	0.113
  7285	-0.0164943	-0.113	0.113
  7286	-0.020433	-0.113	0.113
  7287	-0.0157324	-0.113	0.113
  7288	-0.0282562	-0.113	0.113
  7289	-0.0183163	-0.113	0.113
  7290	-0.0146805	-0.113	0.113
  7291	-0.0334596	-0.113	0.113
  7292	-0.0385862	-0.113	0.113
  7293	-0.0187728	-0.113	0.113
  7294	-0.0276798	-0.113	0.113
  7295	-0.0266695	-0.113	0.113
  7296	-0.0100588	-0.113	0.113
  7297	-0.0202325	-0.113	0.113
  7298	-0.0284917	-0.113	0.113
  7299	-0.0419986	-0.113	0.113
  7300	-0.040316	-0.113	0.113
  7301	-0.0420727	-0.113	0.113
  7302	-0.0160165	-0.113	0.113
  7303	-0.0257236	-0.113	0.113
  7304	-0.0321791	-0.113	0.113
  7305	-0.0276143	-0.113	0.113
  7306	-0.0179243	-0.113	0.113
  7307	-0.0242195	-0.113	0.113
  7308	-0.0412513	-0.113	0.113
  7309	-0.0435325	-0.113	0.113
  7310	-0.0270245	-0.113	0.113
  7311	-0.0332639	-0.113	0.113
  7312	-0.0317965	-0.113	0.113
  7313	-0.0425943	-0.113	0.113
  7314	-0.0400751	-0.113	0.113
  7315	-0.0172788	-0.113	0.113
  7316	-0.0299276	-0.113	0.113
  7317	-0.0404534	-0.113	0.113
  7318	-0.0369125	-0.113	0.113
  7319	-0.0115778	-0.113	0.113
  7320	-0.0180482	-0.113	0.113
  7321	-0.0269225	-0.113	0.113
  7322	-0.0110514	-0.113	0.113
  7323	-0.0237715	-0.113	0.113
  7324	-0.0146067	-0.113	0.113
  7325	-0.0100748	-0.113	0.113
  7326	-0.0126732	-0.113	0.113
  7327	-0.0254036	-0.113	0.113
  7328	-0.0335193	-0.113	0.113
  7329	-0.0147672	-0.113	0.113
  7330	-0.0358005	-0.113	0.113
  7331	-0.040969	-0.113	0.113
  7332	-0.0165791	-0.113	0.113
  7333	-0.0154234	-0.113	0.113
  7334	-0.0106978	-0.113	0.113
  7335	-0.0131538	-0.113	0.113
  7336	-0.0334615	-0.113	0.113
  7337	-0.0155693	-0.113	0.113
  7338	-0.0151741	-0.113	0.113
  7339	-0.0259352	-0.113	0.113
  7340	-0.0274323	-0.113	0.113
  7341	-0.0346924	-0.113	0.113
  7342	-0.0124888	-0.113	0.113
  7343	-0.0386781	-0.113	0.113
  7344	-0.0198842	-0.113	0.113
  7345	-0.0135377	-0.113	0.113
  7346	-0.0393143	-0.113	0.113
  7347	-0.0141184	-0.113	0.113
  7348	-0.0124009	-0.113	0.113
  7349	-0.0206485	-0.113	0.113
  7350	-0.01194	-0.113	0.113
  7351	-0.0272957	-0.113	0.113
  7352	-0.020308	-0.113	0.113
  7353	-0.0232882	-0.113	0.113
  7354	-0.0141604	-0.113	0.113
  7355	-0.041175	-0.113	0.113
  7356	-0.0140122	-0.113	0.113
  7357	-0.0420575	-0.113	0.113
  7358	-0.0190364	-0.113	0.113
  7359	-0.0321376	-0.113	0.113
  7360	-0.038241	-0.113	0.113
  7361	-0.0119708	-0.113	0.113
  7362	-0.043905	-0.113	0.113
  7363	-0.0121495	-0.113	0.113
  7364	-0.0210431	-0.113	0.113
  7365	-0.0148186	-0.113	0.113
  7366	-0.0142157	-0.113	0.113
  7367	-0.0386698	-0.113	0.113
  7368	-0.0154248	-0.113	0.113
  7369	-0.0238099	-0.113	0.113
  7370	-0.0190339	-0.113	0.113
  7371	-0.0364524	-0.113	0.113
  7372	-0.0323473	-0.113	0.113
  7373	-0.0130898	-0.113	0.113
  7374	-0.0140504	-0.113	0.113
  7375	-0.0203347	-0.113	0.113
  7376	-0.0259335	-0.113	0.113
  7377	-0.0188562	-0.113	0.113
  7378	-0.0325815	-0.113	0.113
  7379	-0.0167449	-0.113	0.113
  7380	-0.0225688	-0.113	0.113
  7381	-0.0325502	-0.113	0.113
  7382	-0.0151737	-0.113	0.113
  7383	-0.0409895	-0.113	0.113
  7384	-0.0322899	-0.113	0.113
  7385	-0.0145847	-0.113	0.113
  7386	-0.0375022	-0.113	0.113
  7387	-0.0276697	-0.113	0.113
  7388	-0.0391652	-0.113	0.113
  7389	-0.0267348	-0.113	0.113
  7390	-0.0253477	-0.113	0.113
  7391	-0.0212692	-0.113	0.113
  7392	-0.0208503	-0.113	0.113
  7393	-0.0389726	-0.113	0.113
  7394	-0.0168152	-0.113	0.113
  7395	-0.0295984	-0.113	0.113
  7396	-0.0158588	-0.113	0.113
  7397	-0.0440889	-0.113	0.113
  7398	-0.0261012	-0.113	0.113
  7399	-0.0141327	-0.113	0.113
  7400	-0.0185185	-0.113	0.113
  7401	-0.040821	-0.113	0.113
  7402	-0.0302502	-0.113	0.113
  7403	-0.0111956	-0.113	0.113
  7404	-0.0371417	-0.113	0.113
  7405	-0.0208158	-0.113	0.113
  7406	-0.0417671	-0.113	0.113
  7407	-0.0365167	-0.113	0.113
  7408	-0.0436431	-0.113	0.113
  7409	-0.0118916	-0.113	0.113
  7410	-0.0398412	-0.113	0.113
  7411	-0.0226069	-0.113	0.113
  7412	-0.0134301	-0.113	0.113
  7413	-0.0127918	-0.113	0.113
  7414	-0.0316751	-0.113	0.113
  7415	-0.0435105	-0.113	0.113
  7416	-0.0237015	-0.113	0.113
  7417	-0.0295355	-0.113	0.113
  7418	-0.0171158	-0.113	0.113
  7419	-0.0427449	-0.113	0.113
  7420	-0.0372844	-0.113	0.113
  7421	-0.0416011	-0.113	0.113
  7422	-0.0416297	-0.113	0.113
  7423	-0.0282843	-0.113	0.113
  7424	-0.0413263	-0.113	0.113
  7425	-0.0229956	-0.113	0.113
  7426	-0.0323657	-0.113	0.113
  7427	-0.0438179	-0.113	0.113
  7428	-0.0416049	-0.113	0.113
  7429	-0.0345143	-0.113	0.113
  7430	-0.0430404	-0.113	0.113
  7431	-0.0195286	-0.113	0.113
  7432	-0.0236574	-0.113	0.113
  7433	-0.0388102	-0.113	0.113
  7434	-0.040782	-0.113	0.113
  7435	-0.015036	-0.113	0.113
  7436	-0.0409626	-0.113	0.113
  7437	-0.0306649	-0.113	0.113
  7438	-0.0402497	-0.113	0.113
  7439	-0.033142	-0.113	0.113
  7440	-0.0314328	-0.113	0.113
  7441	-0.0436827	-0.113	0.113
  7442	-0.0161893	-0.113	0.113
  7443	-0.0170402	-0.113	0.113
  7444	-0.0142457	-0.113	0.113
  7445	-0.0390743	-0.113	0.113
  7446	-0.0362626	-0.113	0.113
  7447	-0.0335674	-0.113	0.113
  7448	-0.0113038	-0.113	0.113
  7449	-0.0166123	-0.113	0.113
  7450	-0.0377731	-0.113	0.113
  7451	-0.0206849	-0.113	0.113
  7452	-0.0126706	-0.113	0.113
  7453	-0.0124129	-0.113	0.113
  7454	-0.0383153	-0.113	0.113
  7455	-0.0130973	-0.113	0.113
  7456	-0.0238509	-0.113	0.113
  7457	-0.0337052	-0.113	0.113
  7458	-0.0428447	-0.113	0.113
  7459	-0.011846	-0.113	0.113
  7460	-0.0249587	-0.113	0.113
  7461	-0.022043	-0.113	0.113
  7462	-0.035444	-0.113	0.113
  7463	-0.0340307	-0.113	0.113
  7464	-0.0299197	-0.113	0.113
  7465	-0.0189843	-0.113	0.113
  7466	-0.0436704	-0.113	0.113
  7467	-0.0140943	-0.113	0.113
  7468	-0.0101233	-0.113	0.113
  7469	-0.0331154	-0.113	0.113
  7470	-0.0368582	-0.113	0.113
  7471	-0.0286698	-0.113	0.113
  7472	-0.0287118	-0.113	0.113
  7473	-0.034433	-0.113	0.113
  7474	-0.0383113	-0.113	0.113
  7475	-0.0207389	-0.113	0.113
  7476	-0.0237374	-0.113	0.113
  7477	-0.0434913	-0.113	0.113
  7478	-0.0252595	-0.113	0.113
  7479	-0.023625	-0.113	0.113
  7480	-0.0278398	-0.113	0.113
  7481	-0.0188089	-0.113	0.113
  7482	-0.0268491	-0.113	0.113
  7483	-0.0427265	-0.113	0.113
  7484	-0.0241799	-0.113	0.113
  7485	-0.0334597	-0.113	0.113
  7486	-0.0239675	-0.113	0.113
  7487	-0.0369358	-0.113	0.113
  7488	-0.0433261	-0.113	0.113
  7489	-0.0114795	-0.113	0.113
  7490	-0.0229075	-0.113	0.113
  7491	-0.0167808	-0.113	0.113
  7492	-0.0152602	-0.113	0.113
  7493	-0.0135996	-0.113	0.113
  7494	-0.0323719	-0.113	0.113
  7495	-0.0275622	-0.113	0.113
  7496	-0.0168344	-0.113	0.113
  7497	-0.0404021	-0.113	0.113
  7498	-0.0417357	-0.113	0.113
  7499	-0.0213641	-0.113	0.113
  7500	-0.0271827	-0.113	0.113
  7501	-0.0370894	-0.113	0.113
  7502	-0.0434751	-0.113	0.113
  7503	-0.0130781	-0.113	0.113
  7504	-0.0111264	-0.113	0.113
  7505	-0.0394764	-0.113	0.113
  7506	-0.0195625	-0.113	0.113
  7507	-0.0254441	-0.113	0.113
  7508	-0.037064	-0.113	0.113
  7509	-0.0170359	-0.113	0.113
  7510	-0.0135385	-0.113	0.113
  7511	-0.017091	-0.113	0.113
  7512	-0.027752	-0.113	0.113
  7513	-0.0119026	-0.113	0.113
  7514	-0.0411997	-0.113	0.113
  7515	-0.0265986	-0.113	0.113
  7516	-0.0153431	-0.113	0.113
  7517	-0.0150289	-0.113	0.113
  7518	-0.0155561	-0.113	0.113
  7519	-0.0227837	-0.113	0.113
  7520	-0.0375612	-0.113	0.113
  7521	-0.0355205	-0.113	0.113
  7522	-0.0423394	-0.113	0.113
  7523	-0.0437586	-0.113	0.113
  7524	-0.0143958	-0.113	0.113
  7525	-0.0263901	-0.113	0.113
  7526	-0.0265945	-0.113	0.113
  7527	-0.020484	-0.113	0.113
  7528	-0.0379816	-0.113	0.113
  7529	-0.0103538	-0.113	0.113
  7530	-0.0404162	-0.113	0.113
  7531	-0.0388223	-0.113	0.113
  7532	-0.0146757	-0.113	0.113
  7533	-0.0212629	-0.113	0.113
  7534	-0.0218409	-0.113	0.113
  7535	-0.017687	-0.113	0.113
  7536	-0.0197308	-0.113	0.113
  7537	-0.0198723	-0.113	0.113
  7538	-0.0124646	-0.113	0.113
  7539	-0.0309816	-0.113	0.113
  7540	-0.0344548	-0.113	0.113
  7541	-0.0346681	-0.113	0.113
  7542	-0.0404089	-0.113	0.113
  7543	-0.0340825	-0.113	0.113
  7544	-0.0438397	-0.113	0.113
  7545	-0.0136302	-0.113	0.113
  7546	-0.0359979	-0.113	0.113
  7547	-0.0257627	-0.113	0.113
  7548	-0.0397552	-0.113	0.113
  7549	-0.025588	-0.113	0.113
  7550	-0.0304762	-0.113	0.113
  7551	-0.0428568	-0.113	0.113
  7552	-0.0176288	-0.113	0.113
  7553	-0.0152884	-0.113	0.113
  7554	-0.0190723	-0.113	0.113
  7555	-0.0385199	-0.113	0.113
  7556	-0.045595	-0.113	0.113
  7557	-0.039961	-0.113	0.113
  7558	-0.0361418	-0.113	0.113
  7559	-0.0110163	-0.113	0.113
  7560	-0.0428775	-0.113	0.113
  7561	-0.0302149	-0.113	0.113
  7562	-0.0400673	-0.113	0.113
  7563	-0.0241978	-0.113	0.113
  7564	-0.0337553	-0.113	0.113
  7565	-0.0197959	-0.113	0.113
  7566	-0.0154617	-0.113	0.113
  7567	-0.0232312	-0.113	0.113
  7568	-0.0323798	-0.113	0.113
  7569	-0.0442572	-0.113	0.113
  7570	-0.0210431	-0.113	0.113
  7571	-0.0328688	-0.113	0.113
  7572	-0.0366953	-0.113	0.113
  7573	-0.0152313	-0.113	0.113
  7574	-0.0149302	-0.113	0.113
  7575	-0.0110516	-0.113	0.113
  7576	-0.0390485	-0.113	0.113
  7577	-0.0117707	-0.113	0.113
  7578	-0.0302028	-0.113	0.113
  7579	-0.029308	-0.113	0.113
  7580	-0.0132192	-0.113	0.113
  7581	-0.0355093	-0.113	0.113
  7582	-0.0122356	-0.113	0.113
  7583	-0.0417472	-0.113	0.113
  7584	-0.0285708	-0.113	0.113
  7585	-0.0187252	-0.113	0.113
  7586	-0.010106	-0.113	0.113
  7587	-0.0404641	-0.113	0.113
  7588	-0.0370331	-0.113	0.113
  7589	-0.0262293	-0.113	0.113
  7590	-0.0103872	-0.113	0.113
  7591	-0.0103678	-0.113	0.113
  7592	-0.0422656	-0.113	0.113
  7593	-0.0319176	-0.113	0.113
  7594	-0.0133783	-0.113	0.113
  7595	-0.0293599	-0.113	0.113
  7596	-0.0372409	-0.113	0.113
  7597	-0.01658	-0.113	0.113
  7598	-0.019585	-0.113	0.113
  7599	-0.029179	-0.113	0.113
  7600	-0.0371643	-0.113	0.113
  7601	-0.0415946	-0.113	0.113
  7602	-0.0369035	-0.113	0.113
  7603	-0.0292556	-0.113	0.113
  7604	-0.0145149	-0.113	0.113
  7605	-0.0402669	-0.113	0.113
  7606	-0.0136213	-0.113	0.113
  7607	-0.0363153	-0.113	0.113
  7608	-0.0216675	-0.113	0.113
  7609	-0.042153	-0.113	0.113
  7610	-0.0267102	-0.113	0.113
  7611	-0.0425792	-0.113	0.113
  7612	-0.0399961	-0.113	0.113
  7613	-0.0296798	-0.113	0.113
  7614	-0.0425725	-0.113	0.113
  7615	-0.0224804	-0.113	0.113
  7616	-0.0417001	-0.113	0.113
  7617	-0.0312104	-0.113	0.113
  7618	-0.0332588	-0.113	0.113
  7619	-0.0109881	-0.113	0.113
  7620	-0.0105996	-0.113	0.113
  7621	-0.028582	-0.113	0.113
  7622	-0.0328899	-0.113	0.113
  7623	-0.0140485	-0.113	0.113
  7624	-0.013108	-0.113	0.113
  7625	-0.0121865	-0.113	0.113
  7626	-0.0435413	-0.113	0.113
  7627	-0.0293401	-0.113	0.113
  7628	-0.0364126	-0.113	0.113
  7629	-0.0182004	-0.113	0.113
  7630	-0.039105	-0.113	0.113
  7631	-0.0151022	-0.113	0.113
  7632	-0.0311641	-0.113	0.113
  7633	-0.0210008	-0.113	0.113
  7634	-0.0441341	-0.113	0.113
  7635	-0.0390445	-0.113	0.113
  7636	-0.0306698	-0.113	0.113
  7637	-0.0275984	-0.113	0.113
  7638	-0.0387717	-0.113	0.113
  7639	-0.0324846	-0.113	0.113
  7640	-0.0407435	-0.113	0.113
  7641	-0.0289066	-0.113	0.113
  7642	-0.0381932	-0.113	0.113
  7643	-0.0223365	-0.113	0.113
  7644	-0.0326604	-0.113	0.113
  7645	-0.044156	-0.113	0.113
  7646	-0.0397238	-0.113	0.113
  7647	-0.0129854	-0.113	0.113
  7648	-0.0236481	-0.113	0.113
  7649	-0.0375512	-0.113	0.113
  7650	-0.01249	-0.113	0.113
  7651	-0.0166845	-0.113	0.113
  7652	-0.0317722	-0.113	0.113
  7653	-0.0277986	-0.113	0.113
  7654	-0.0289443	-0.113	0.113
  7655	-0.0357195	-0.113	0.113
  7656	-0.0380023	-0.113	0.113
  7657	-0.0263256	-0.113	0.113
  7658	-0.0111688	-0.113	0.113
  7659	-0.0296953	-0.113	0.113
  7660	-0.0111329	-0.113	0.113
  7661	-0.0369586	-0.113	0.113
  7662	-0.0113789	-0.113	0.113
  7663	-0.0236423	-0.113	0.113
  7664	-0.0208252	-0.113	0.113
  7665	-0.0389342	-0.113	0.113
  7666	-0.0276233	-0.113	0.113
  7667	-0.0197679	-0.113	0.113
  7668	-0.0217534	-0.113	0.113
  7669	-0.0334452	-0.113	0.113
  7670	-0.0434005	-0.113	0.113
  7671	-0.0258722	-0.113	0.113
  7672	-0.0223584	-0.113	0.113
  7673	-0.0335049	-0.113	0.113
  7674	-0.0124202	-0.113	0.113
  7675	-0.016222	-0.113	0.113
  7676	-0.0319432	-0.113	0.113
  7677	-0.0394679	-0.113	0.113
  7678	-0.0438279	-0.113	0.113
  7679	-0.0438922	-0.113	0.113
  7680	-0.0433077	-0.113	0.113
  7681	-0.028996	-0.113	0.113
  7682	-0.0372626	-0.113	0.113
  7683	-0.0197934	-0.113	0.113
  7684	-0.0411729	-0.113	0.113
  7685	-0.0159243	-0.113	0.113
  7686	-0.0283242	-0.113	0.113
  7687	-0.0339602	-0.113	0.113
  7688	-0.0137108	-0.113	0.113
  7689	-0.0154875	-0.113	0.113
  7690	-0.0124027	-0.113	0.113
  7691	-0.0174194	-0.113	0.113
  7692	-0.0204684	-0.113	0.113
  7693	-0.0208404	-0.113	0.113
  7694	-0.0356295	-0.113	0.113
  7695	-0.012301	-0.113	0.113
  7696	-0.0441794	-0.113	0.113
  7697	-0.0405906	-0.113	0.113
  7698	-0.0172009	-0.113	0.113
  7699	-0.0191047	-0.113	0.113
  7700	-0.0355651	-0.113	0.113
  7701	-0.0337662	-0.113	0.113
  7702	-0.0215077	-0.113	0.113
  7703	-0.0169183	-0.113	0.113
  7704	-0.0105249	-0.113	0.113
  7705	-0.0119055	-0.113	0.113
  7706	-0.0125458	-0.113	0.113
  7707	-0.0237362	-0.113	0.113
  7708	-0.0374949	-0.113	0.113
  7709	-0.0417752	-0.113	0.113
  7710	-0.0262769	-0.113	0.113
  7711	-0.0384428	-0.113	0.113
  7712	-0.0212027	-0.113	0.113
  7713	-0.0373657	-0.113	0.113
  7714	-0.0432389	-0.113	0.113
  7715	-0.0164297	-0.113	0.113
  7716	-0.0291464	-0.113	0.113
  7717	-0.036039	-0.113	0.113
  7718	-0.032185	-0.113	0.113
  7719	-0.0144051	-0.113	0.113
  7720	-0.035329	-0.113	0.113
  7721	-0.0394403	-0.113	0.113
  7722	-0.0266298	-0.113	0.113
  7723	-0.0228818	-0.113	0.113
  7724	-0.0281831	-0.113	0.113
  7725	-0.0436151	-0.113	0.113
  7726	-0.0142926	-0.113	0.113
  7727	-0.0200525	-0.113	0.113
  7728	-0.0401822	-0.113	0.113
  7729	-0.0419841	-0.113	0.113
  7730	-0.035443	-0.113	0.113
  7731	-0.0268511	-0.113	0.113
  7732	-0.0297944	-0.113	0.113
  7733	-0.0132242	-0.113	0.113
  7734	-0.0434832	-0.113	0.113
  7735	-0.0134231	-0.113	0.113
  7736	-0.0365767	-0.113	0.113
  7737	-0.0500758	-0.113	0.113
  7738	-0.041072	-0.113	0.113
  7739	-0.0188367	-0.113	0.113
  7740	-0.016159	-0.113	0.113
  7741	-0.0183399	-0.113	0.113
  7742	-0.0396092	-0.113	0.113
  7743	-0.0433498	-0.113	0.113
  7744	-0.0434402	-0.113	0.113
  7745	-0.0139065	-0.113	0.113
  7746	-0.0433759	-0.113	0.113
  7747	-0.0131925	-0.113	0.113
  7748	-0.0218867	-0.113	0.113
  7749	-0.0191904	-0.113	0.113
  7750	-0.0441927	-0.113	0.113
  7751	-0.0382492	-0.113	0.113
  7752	-0.0427889	-0.113	0.113
  7753	-0.0381369	-0.113	0.113
  7754	-0.0298031	-0.113	0.113
  7755	-0.033317	-0.113	0.113
  7756	-0.0315703	-0.113	0.113
  7757	-0.0114041	-0.113	0.113
  7758	-0.0318503	-0.113	0.113
  7759	-0.0394086	-0.113	0.113
  7760	-0.0284799	-0.113	0.113
  7761	-0.0252413	-0.113	0.113
  7762	-0.0213164	-0.113	0.113
  7763	-0.0193621	-0.113	0.113
  7764	-0.024756	-0.113	0.113
  7765	-0.0431128	-0.113	0.113
  7766	-0.012649	-0.113	0.113
  7767	-0.0287423	-0.113	0.113
  7768	-0.0243722	-0.113	0.113
  7769	-0.0346331	-0.113	0.113
  7770	-0.0136554	-0.113	0.113
  7771	-0.0376166	-0.113	0.113
  7772	-0.0319526	-0.113	0.113
  7773	-0.0229239	-0.113	0.113
  7774	-0.0281294	-0.113	0.113
  7775	-0.0327146	-0.113	0.113
  7776	-0.0196424	-0.113	0.113
  7777	-0.0412529	-0.113	0.113
  7778	-0.018006	-0.113	0.113
  7779	-0.0125415	-0.113	0.113
  7780	-0.0280935	-0.113	0.113
  7781	-0.0145408	-0.113	0.113
  7782	-0.0436181	-0.113	0.113
  7783	-0.0372884	-0.113	0.113
  7784	-0.0226579	-0.113	0.113
  7785	-0.0126459	-0.113	0.113
  7786	-0.0162903	-0.113	0.113
  7787	-0.0412846	-0.113	0.113
  7788	-0.0435081	-0.113	0.113
  7789	-0.0259815	-0.113	0.113
  7790	-0.0178127	-0.113	0.113
  7791	-0.0152198	-0.113	0.113
  7792	-0.0346785	-0.113	0.113
  7793	-0.0416808	-0.113	0.113
  7794	-0.0229048	-0.113	0.113
  7795	-0.0392397	-0.113	0.113
  7796	-0.0184879	-0.113	0.113
  7797	-0.0128776	-0.113	0.113
  7798	-0.0365745	-0.113	0.113
  7799	-0.0413462	-0.113	0.113
  7800	-0.0249242	-0.113	0.113
  7801	-0.0188426	-0.113	0.113
  7802	-0.010923	-0.113	0.113
  7803	-0.0149857	-0.113	0.113
  7804	-0.0436478	-0.113	0.113
  7805	-0.0107044	-0.113	0.113
  7806	-0.0299645	-0.113	0.113
  7807	-0.0366229	-0.113	0.113
  7808	-0.0173699	-0.113	0.113
  7809	-0.0213439	-0.113	0.113
  7810	-0.0286634	-0.113	0.113
  7811	-0.0251467	-0.113	0.113
  7812	-0.0442176	-0.113	0.113
  7813	-0.0103206	-0.113	0.113
  7814	-0.0298824	-0.113	0.113
  7815	-0.0429607	-0.113	0.113
  7816	-0.0424124	-0.113	0.113
  7817	-0.0294246	-0.113	0.113
  7818	-0.0433133	-0.113	0.113
  7819	-0.0162222	-0.113	0.113
  7820	-0.0418634	-0.113	0.113
  7821	-0.0298208	-0.113	0.113
  7822	-0.0145724	-0.113	0.113
  7823	-0.0295816	-0.113	0.113
  7824	-0.0324766	-0.113	0.113
  7825	-0.0159896	-0.113	0.113
  7826	-0.0101344	-0.113	0.113
  7827	-0.0188887	-0.113	0.113
  7828	-0.0171291	-0.113	0.113
  7829	-0.0128037	-0.113	0.113
  7830	-0.0393325	-0.113	0.113
  7831	-0.0306131	-0.113	0.113
  7832	-0.0330471	-0.113	0.113
  7833	-0.0361378	-0.113	0.113
  7834	-0.0318609	-0.113	0.113
  7835	-0.0298919	-0.113	0.113
  7836	-0.0232287	-0.113	0.113
  7837	-0.0149752	-0.113	0.113
  7838	-0.0177335	-0.113	0.113
  7839	-0.040326	-0.113	0.113
  7840	-0.0226192	-0.113	0.113
  7841	-0.0164388	-0.113	0.113
  7842	-0.023518	-0.113	0.113
  7843	-0.0208812	-0.113	0.113
  7844	-0.0380622	-0.113	0.113
  7845	-0.0117654	-0.113	0.113
  7846	-0.0195209	-0.113	0.113
  7847	-0.0260523	-0.113	0.113
  7848	-0.022071	-0.113	0.113
  7849	-0.0433592	-0.113	0.113
  7850	-0.0385278	-0.113	0.113
  7851	-0.0256652	-0.113	0.113
  7852	-0.0209644	-0.113	0.113
  7853	-0.0359159	-0.113	0.113
  7854	-0.01121	-0.113	0.113
  7855	-0.0268042	-0.113	0.113
  7856	-0.0277946	-0.113	0.113
  7857	-0.0332292	-0.113	0.113
  7858	-0.0423302	-0.113	0.113
  7859	-0.0187121	-0.113	0.113
  7860	-0.0299741	-0.113	0.113
  7861	-0.0427895	-0.113	0.113
  7862	-0.0431057	-0.113	0.113
  7863	-0.0102754	-0.113	0.113
  7864	-0.0323727	-0.113	0.113
  7865	-0.0349949	-0.113	0.113
  7866	-0.0379401	-0.113	0.113
  7867	-0.0277042	-0.113	0.113
  7868	-0.0224399	-0.113	0.113
  7869	-0.0230596	-0.113	0.113
  7870	-0.0173391	-0.113	0.113
  7871	-0.0358949	-0.113	0.113
  7872	-0.0339498	-0.113	0.113
  7873	-0.0368379	-0.113	0.113
  7874	-0.0166601	-0.113	0.113
  7875	-0.0422143	-0.113	0.113
  7876	-0.043409	-0.113	0.113
  7877	-0.0230409	-0.113	0.113
  7878	-0.0135026	-0.113	0.113
  7879	-0.029019	-0.113	0.113
  7880	-0.0123342	-0.113	0.113
  7881	-0.0439538	-0.113	0.113
  7882	-0.0252753	-0.113	0.113
  7883	-0.0108573	-0.113	0.113
  7884	-0.0400694	-0.113	0.113
  7885	-0.0432741	-0.113	0.113
  7886	-0.0198339	-0.113	0.113
  7887	-0.0430245	-0.113	0.113
  7888	-0.0258762	-0.113	0.113
  7889	-0.0386987	-0.113	0.113
  7890	-0.0364713	-0.113	0.113
  7891	-0.0168492	-0.113	0.113
  7892	-0.0337259	-0.113	0.113
  7893	-0.0149379	-0.113	0.113
  7894	-0.0326514	-0.113	0.113
  7895	-0.0188974	-0.113	0.113
  7896	-0.0309089	-0.113	0.113
  7897	-0.0432899	-0.113	0.113
  7898	-0.0418177	-0.113	0.113
  7899	-0.0142882	-0.113	0.113
  7900	-0.0413122	-0.113	0.113
  7901	-0.014272	-0.113	0.113
  7902	-0.0276337	-0.113	0.113
  7903	-0.0211185	-0.113	0.113
  7904	-0.0141891	-0.113	0.113
  7905	-0.0138811	-0.113	0.113
  7906	-0.0431808	-0.113	0.113
  7907	-0.0232608	-0.113	0.113
  7908	-0.01067	-0.113	0.113
  7909	-0.021221	-0.113	0.113
  7910	-0.0248384	-0.113	0.113
  7911	-0.0329709	-0.113	0.113
  7912	-0.0363815	-0.113	0.113
  7913	-0.022013	-0.113	0.113
  7914	-0.0210801	-0.113	0.113
  7915	-0.0363359	-0.113	0.113
  7916	-0.0123076	-0.113	0.113
  7917	-0.0349425	-0.113	0.113
  7918	-0.0111118	-0.113	0.113
  7919	-0.0412911	-0.113	0.113
  7920	-0.0192612	-0.113	0.113
  7921	-0.0117027	-0.113	0.113
  7922	-0.032541	-0.113	0.113
  7923	-0.0209511	-0.113	0.113
  7924	-0.0324746	-0.113	0.113
  7925	-0.010686	-0.113	0.113
  7926	-0.0266652	-0.113	0.113
  7927	-0.0387504	-0.113	0.113
  7928	-0.0174492	-0.113	0.113
  7929	-0.0101389	-0.113	0.113
  7930	-0.0133223	-0.113	0.113
  7931	-0.0120248	-0.113	0.113
  7932	-0.0251733	-0.113	0.113
  7933	-0.0410437	-0.113	0.113
  7934	-0.0321663	-0.113	0.113
  7935	-0.0264825	-0.113	0.113
  7936	-0.0329475	-0.113	0.113
  7937	-0.0149572	-0.113	0.113
  7938	-0.0339586	-0.113	0.113
  7939	-0.0359669	-0.113	0.113
  7940	-0.0322639	-0.113	0.113
  7941	-0.0207442	-0.113	0.113
  7942	-0.0158966	-0.113	0.113
  7943	-0.0420791	-0.113	0.113
  7944	-0.0335999	-0.113	0.113
  7945	-0.0151124	-0.113	0.113
  7946	-0.0111456	-0.113	0.113
  7947	-0.0314875	-0.113	0.113
  7948	-0.0345968	-0.113	0.113
  7949	-0.0430865	-0.113	0.113
  7950	-0.0419279	-0.113	0.113
  7951	-0.0440033	-0.113	0.113
  7952	-0.028313	-0.113	0.113
  7953	-0.0101868	-0.113	0.113
  7954	-0.0324084	-0.113	0.113
  7955	-0.0437911	-0.113	0.113
  7956	-0.038282	-0.113	0.113
  7957	-0.0304857	-0.113	0.113
  7958	-0.0159078	-0.113	0.113
  7959	-0.0406563	-0.113	0.113
  7960	-0.0410722	-0.113	0.113
  7961	-0.028593	-0.113	0.113
  7962	-0.0242259	-0.113	0.113
  7963	-0.0209647	-0.113	0.113
  7964	-0.0238056	-0.113	0.113
  7965	-0.0410515	-0.113	0.113
  7966	-0.0166454	-0.113	0.113
  7967	-0.0441615	-0.113	0.113
  7968	-0.0291865	-0.113	0.113
  7969	-0.037443	-0.113	0.113
  7970	-0.0435502	-0.113	0.113
  7971	-0.0427748	-0.113	0.113
  7972	-0.0265205	-0.113	0.113
  7973	-0.0349534	-0.113	0.113
  7974	-0.043264	-0.113	0.113
  7975	-0.0434174	-0.113	0.113
  7976	-0.0202012	-0.113	0.113
  7977	-0.0142872	-0.113	0.113
  7978	-0.0278522	-0.113	0.113
  7979	-0.0242816	-0.113	0.113
  7980	-0.0104936	-0.113	0.113
  7981	-0.0144623	-0.113	0.113
  7982	-0.0395294	-0.113	0.113
  7983	-0.0125098	-0.113	0.113
  7984	-0.043493	-0.113	0.113
  7985	-0.0171163	-0.113	0.113
  7986	-0.0103481	-0.113	0.113
  7987	-0.0101279	-0.113	0.113
  7988	-0.0154053	-0.113	0.113
  7989	-0.042353	-0.113	0.113
  7990	-0.0345435	-0.113	0.113
  7991	-0.0354191	-0.113	0.113
  7992	-0.0441166	-0.113	0.113
  7993	-0.0457271	-0.113	0.113
  7994	-0.0440942	-0.113	0.113
  7995	-0.033997	-0.113	0.113
  7996	-0.0264731	-0.113	0.113
  7997	-0.0280904	-0.113	0.113
  7998	-0.0380421	-0.113	0.113
  7999	-0.0347911	-0.113	0.113
  8000	-0.0390388	-0.113	0.113
  8001	-0.0131441	-0.113	0.113
  8002	-0.0329425	-0.113	0.113
  8003	-0.0109449	-0.113	0.113
  8004	-0.0243131	-0.113	0.113
  8005	-0.0326462	-0.113	0.113
  8006	-0.0263379	-0.113	0.113
  8007	-0.0406092	-0.113	0.113
  8008	-0.0282499	-0.113	0.113
  8009	-0.01814	-0.113	0.113
  8010	-0.0121991	-0.113	0.113
  8011	-0.0264544	-0.113	0.113
  8012	-0.042463	-0.113	0.113
  8013	-0.0426085	-0.113	0.113
  8014	-0.0261128	-0.113	0.113
  8015	-0.0414645	-0.113	0.113
  8016	-0.0356776	-0.113	0.113
  8017	-0.0343613	-0.113	0.113
  8018	-0.043595	-0.113	0.113
  8019	-0.0155209	-0.113	0.113
  8020	-0.0237537	-0.113	0.113
  8021	-0.0313576	-0.113	0.113
  8022	-0.0239954	-0.113	0.113
  8023	-0.0125982	-0.113	0.113
  8024	-0.0250678	-0.113	0.113
  8025	-0.0140235	-0.113	0.113
  8026	-0.0208087	-0.113	0.113
  8027	-0.010819	-0.113	0.113
  8028	-0.0179553	-0.113	0.113
  8029	-0.0418801	-0.113	0.113
  8030	-0.0231574	-0.113	0.113
  8031	-0.0138716	-0.113	0.113
  8032	-0.0400123	-0.113	0.113
  8033	-0.0281835	-0.113	0.113
  8034	-0.0417438	-0.113	0.113
  8035	-0.0340124	-0.113	0.113
  8036	-0.0133659	-0.113	0.113
  8037	-0.0293149	-0.113	0.113
  8038	-0.0257602	-0.113	0.113
  8039	-0.0199474	-0.113	0.113
  8040	-0.0418794	-0.113	0.113
  8041	-0.039408	-0.113	0.113
  8042	-0.0287514	-0.113	0.113
  8043	-0.017294	-0.113	0.113
  8044	-0.0262447	-0.113	0.113
  8045	-0.0209724	-0.113	0.113
  8046	-0.0226917	-0.113	0.113
  8047	-0.0309705	-0.113	0.113
  8048	-0.0440478	-0.113	0.113
  8049	-0.0272574	-0.113	0.113
  8050	-0.0310003	-0.113	0.113
  8051	-0.0111376	-0.113	0.113
  8052	-0.0437139	-0.113	0.113
  8053	-0.0277881	-0.113	0.113
  8054	-0.0354387	-0.113	0.113
  8055	-0.0318004	-0.113	0.113
  8056	-0.041961	-0.113	0.113
  8057	-0.0398001	-0.113	0.113
  8058	-0.0136762	-0.113	0.113
  8059	-0.0185361	-0.113	0.113
  8060	-0.0110293	-0.113	0.113
  8061	-0.0210927	-0.113	0.113
  8062	-0.0343634	-0.113	0.113
  8063	-0.0287719	-0.113	0.113
  8064	-0.0242128	-0.113	0.113
  8065	-0.0246803	-0.113	0.113
  8066	-0.0442275	-0.113	0.113
  8067	-0.0200916	-0.113	0.113
  8068	-0.0174322	-0.113	0.113
  8069	-0.0402485	-0.113	0.113
  8070	-0.0276624	-0.113	0.113
  8071	-0.04324	-0.113	0.113
  8072	-0.0420753	-0.113	0.113
  8073	-0.0229734	-0.113	0.113
  8074	-0.0228857	-0.113	0.113
  8075	-0.011496	-0.113	0.113
  8076	-0.0132686	-0.113	0.113
  8077	-0.0409603	-0.113	0.113
  8078	-0.0131877	-0.113	0.113
  8079	-0.0124058	-0.113	0.113
  8080	-0.0239381	-0.113	0.113
  8081	-0.0440804	-0.113	0.113
  8082	-0.0390174	-0.113	0.113
  8083	-0.0268101	-0.113	0.113
  8084	-0.0309586	-0.113	0.113
  8085	-0.0219259	-0.113	0.113
  8086	-0.0190278	-0.113	0.113
  8087	-0.0270554	-0.113	0.113
  8088	-0.0404137	-0.113	0.113
  8089	-0.0235067	-0.113	0.113
  8090	-0.0323551	-0.113	0.113
  8091	-0.0260505	-0.113	0.113
  8092	-0.0395266	-0.113	0.113
  8093	-0.0203681	-0.113	0.113
  8094	-0.01149	-0.113	0.113
  8095	-0.032107	-0.113	0.113
  8096	-0.0252538	-0.113	0.113
  8097	-0.0211287	-0.113	0.113
  8098	-0.0237951	-0.113	0.113
  8099	-0.0133181	-0.113	0.113
  8100	-0.0182982	-0.113	0.113
  8101	-0.0179446	-0.113	0.113
  8102	-0.0253918	-0.113	0.113
  8103	-0.0426148	-0.113	0.113
  8104	-0.0185805	-0.113	0.113
  8105	-0.0424257	-0.113	0.113
  8106	-0.0164319	-0.113	0.113
  8107	-0.0344198	-0.113	0.113
  8108	-0.0387951	-0.113	0.113
  8109	-0.0423151	-0.113	0.113
  8110	-0.0395362	-0.113	0.113
  8111	-0.0417302	-0.113	0.113
  8112	-0.0428975	-0.113	0.113
  8113	-0.0191789	-0.113	0.113
  8114	-0.0138966	-0.113	0.113
  8115	-0.028941	-0.113	0.113
  8116	-0.0326525	-0.113	0.113
  8117	-0.0259417	-0.113	0.113
  8118	-0.0335093	-0.113	0.113
  8119	-0.0156992	-0.113	0.113
  8120	-0.0138658	-0.113	0.113
  8121	-0.0322034	-0.113	0.113
  8122	-0.0408797	-0.113	0.113
  8123	-0.0110821	-0.113	0.113
  8124	-0.0118201	-0.113	0.113
  8125	-0.0268568	-0.113	0.113
  8126	-0.0405818	-0.113	0.113
  8127	-0.043987	-0.113	0.113
  8128	-0.0305516	-0.113	0.113
  8129	-0.042583	-0.113	0.113
  8130	-0.037369	-0.113	0.113
  8131	-0.0154159	-0.113	0.113
  8132	-0.036093	-0.113	0.113
  8133	-0.0105513	-0.113	0.113
  8134	-0.0151455	-0.113	0.113
  8135	-0.0347079	-0.113	0.113
  8136	-0.024912	-0.113	0.113
  8137	-0.0301998	-0.113	0.113
  8138	-0.0414239	-0.113	0.113
  8139	-0.0262274	-0.113	0.113
  8140	-0.0441158	-0.113	0.113
  8141	-0.0126523	-0.113	0.113
  8142	-0.0247119	-0.113	0.113
  8143	-0.0303204	-0.113	0.113
  8144	-0.0151595	-0.113	0.113
  8145	-0.038837	-0.113	0.113
  8146	-0.0436987	-0.113	0.113
  8147	-0.0438558	-0.113	0.113
  8148	-0.0373478	-0.113	0.113
  8149	-0.0425143	-0.113	0.113
  8150	-0.01894	-0.113	0.113
  8151	-0.0175548	-0.113	0.113
  8152	-0.0440975	-0.113	0.113
  8153	-0.0173208	-0.113	0.113
  8154	-0.0326496	-0.113	0.113
  8155	-0.021824	-0.113	0.113
  8156	-0.0170273	-0.113	0.113
  8157	-0.0422509	-0.113	0.113
  8158	-0.0487717	-0.113	0.113
  8159	-0.0414306	-0.113	0.113
  8160	-0.0152	-0.113	0.113
  8161	-0.0389917	-0.113	0.113
  8162	-0.0134476	-0.113	0.113
  8163	-0.0225362	-0.113	0.113
  8164	-0.0213873	-0.113	0.113
  8165	-0.0440866	-0.113	0.113
  8166	-0.0118349	-0.113	0.113
  8167	-0.0429056	-0.113	0.113
  8168	-0.0111137	-0.113	0.113
  8169	-0.0131682	-0.113	0.113
  8170	-0.038352	-0.113	0.113
  8171	-0.0143981	-0.113	0.113
  8172	-0.0151209	-0.113	0.113
  8173	-0.0251196	-0.113	0.113
  8174	-0.0188773	-0.113	0.113
  8175	-0.0282047	-0.113	0.113
  8176	-0.0408709	-0.113	0.113
  8177	-0.0152034	-0.113	0.113
  8178	-0.0142639	-0.113	0.113
  8179	-0.011792	-0.113	0.113
  8180	-0.0103934	-0.113	0.113
  8181	-0.0295965	-0.113	0.113
  8182	-0.0164862	-0.113	0.113
  8183	-0.0211519	-0.113	0.113
  8184	-0.017976	-0.113	0.113
  8185	-0.0188757	-0.113	0.113
  8186	-0.0123951	-0.113	0.113
  8187	-0.0158787	-0.113	0.113
  8188	-0.0109496	-0.113	0.113
  8189	-0.0234504	-0.113	0.113
  8190	-0.0136395	-0.113	0.113
  8191	-0.0171299	-0.113	0.113
  8192	-0.0249241	-0.113	0.113
  8193	-0.0125159	-0.113	0.113
  8194	-0.0356505	-0.113	0.113
  8195	-0.0423052	-0.113	0.113
  8196	-0.04396	-0.113	0.113
  8197	-0.0148747	-0.113	0.113
  8198	-0.0152182	-0.113	0.113
  8199	-0.038558	-0.113	0.113
  8200	-0.0315131	-0.113	0.113
  8201	-0.0277959	-0.113	0.113
  8202	-0.0396832	-0.113	0.113
  8203	-0.0417087	-0.113	0.113
  8204	-0.0145302	-0.113	0.113
  8205	-0.0342353	-0.113	0.113
  8206	-0.0136859	-0.113	0.113
  8207	-0.0175918	-0.113	0.113
  8208	-0.0106133	-0.113	0.113
  8209	-0.0273071	-0.113	0.113
  8210	-0.0311615	-0.113	0.113
  8211	-0.0256722	-0.113	0.113
  8212	-0.0232859	-0.113	0.113
  8213	-0.0191639	-0.113	0.113
  8214	-0.030927	-0.113	0.113
  8215	-0.0213319	-0.113	0.113
  8216	-0.0316324	-0.113	0.113
  8217	-0.0125732	-0.113	0.113
  8218	-0.0391466	-0.113	0.113
  8219	-0.040698	-0.113	0.113
  8220	-0.0436972	-0.113	0.113
  8221	-0.0167222	-0.113	0.113
  8222	-0.0110863	-0.113	0.113
  8223	-0.0414	-0.113	0.113
  8224	-0.0289082	-0.113	0.113
  8225	-0.0101466	-0.113	0.113
  8226	-0.043975	-0.113	0.113
  8227	-0.0115814	-0.113	0.113
  8228	-0.0151278	-0.113	0.113
  8229	-0.0103258	-0.113	0.113
  8230	-0.038565	-0.113	0.113
  8231	-0.0177497	-0.113	0.113
  8232	-0.0422924	-0.113	0.113
  8233	-0.0285767	-0.113	0.113
  8234	-0.0365682	-0.113	0.113
  8235	-0.0341763	-0.113	0.113
  8236	-0.0248267	-0.113	0.113
  8237	-0.0384323	-0.113	0.113
  8238	-0.0350937	-0.113	0.113
  8239	-0.025933	-0.113	0.113
  8240	-0.0349447	-0.113	0.113
  8241	-0.0326367	-0.113	0.113
  8242	-0.0192009	-0.113	0.113
  8243	-0.0218453	-0.113	0.113
  8244	-0.0426306	-0.113	0.113
  8245	-0.0433396	-0.113	0.113
  8246	-0.0122923	-0.113	0.113
  8247	-0.0413919	-0.113	0.113
  8248	-0.0254146	-0.113	0.113
  8249	-0.0437495	-0.113	0.113
  8250	-0.0215541	-0.113	0.113
  8251	-0.0281284	-0.113	0.113
  8252	-0.01156	-0.113	0.113
  8253	-0.0286597	-0.113	0.113
  8254	-0.0191175	-0.113	0.113
  8255	-0.0130861	-0.113	0.113
  8256	-0.0436987	-0.113	0.113
  8257	-0.0412823	-0.113	0.113
  8258	-0.0103274	-0.113	0.113
  8259	-0.0333778	-0.113	0.113
  8260	-0.0381614	-0.113	0.113
  8261	-0.023191	-0.113	0.113
  8262	-0.028225	-0.113	0.113
  8263	-0.043151	-0.113	0.113
  8264	-0.0245295	-0.113	0.113
  8265	-0.0385673	-0.113	0.113
  8266	-0.0431604	-0.113	0.113
  8267	-0.0292623	-0.113	0.113
  8268	-0.0136176	-0.113	0.113
  8269	-0.037558	-0.113	0.113
  8270	-0.0395152	-0.113	0.113
  8271	-0.0217381	-0.113	0.113
  8272	-0.0286133	-0.113	0.113
  8273	-0.0113362	-0.113	0.113
  8274	-0.0282774	-0.113	0.113
  8275	-0.0259151	-0.113	0.113
  8276	-0.0118885	-0.113	0.113
  8277	-0.035463	-0.113	0.113
  8278	-0.0293222	-0.113	0.113
  8279	-0.0111582	-0.113	0.113
  8280	-0.0206789	-0.113	0.113
  8281	-0.0260902	-0.113	0.113
  8282	-0.0431212	-0.113	0.113
  8283	-0.0270932	-0.113	0.113
  8284	-0.0334657	-0.113	0.113
  8285	-0.0428359	-0.113	0.113
  8286	-0.0268241	-0.113	0.113
  8287	-0.0126914	-0.113	0.113
  8288	-0.0207429	-0.113	0.113
  8289	-0.0414582	-0.113	0.113
  8290	-0.0115903	-0.113	0.113
  8291	-0.0145963	-0.113	0.113
  8292	-0.015859	-0.113	0.113
  8293	-0.0276749	-0.113	0.113
  8294	-0.0362014	-0.113	0.113
  8295	-0.0250029	-0.113	0.113
  8296	-0.0412187	-0.113	0.113
  8297	-0.0428318	-0.113	0.113
  8298	-0.0251879	-0.113	0.113
  8299	-0.0145743	-0.113	0.113
  8300	-0.0312116	-0.113	0.113
  8301	-0.0389192	-0.113	0.113
  8302	-0.0264434	-0.113	0.113
  8303	-0.0170763	-0.113	0.113
  8304	-0.0431891	-0.113	0.113
  8305	-0.0330253	-0.113	0.113
  8306	-0.0133928	-0.113	0.113
  8307	-0.0285591	-0.113	0.113
  8308	-0.0120153	-0.113	0.113
  8309	-0.0439261	-0.113	0.113
  8310	-0.0433984	-0.113	0.113
  8311	-0.0118925	-0.113	0.113
  8312	-0.0414147	-0.113	0.113
  8313	-0.0246082	-0.113	0.113
  8314	-0.0389963	-0.113	0.113
  8315	-0.0165489	-0.113	0.113
  8316	-0.0136471	-0.113	0.113
  8317	-0.0143903	-0.113	0.113
  8318	-0.0427109	-0.113	0.113
  8319	-0.0132165	-0.113	0.113
  8320	-0.0183633	-0.113	0.113
  8321	-0.0202608	-0.113	0.113
  8322	-0.0356922	-0.113	0.113
  8323	-0.0174058	-0.113	0.113
  8324	-0.0396508	-0.113	0.113
  8325	-0.037805	-0.113	0.113
  8326	-0.0193318	-0.113	0.113
  8327	-0.0112588	-0.113	0.113
  8328	-0.0366066	-0.113	0.113
  8329	-0.0115443	-0.113	0.113
  8330	-0.0423372	-0.113	0.113
  8331	-0.0187211	-0.113	0.113
  8332	-0.0288186	-0.113	0.113
  8333	-0.0238361	-0.113	0.113
  8334	-0.0142732	-0.113	0.113
  8335	-0.0363912	-0.113	0.113
  8336	-0.0422269	-0.113	0.113
  8337	-0.0145594	-0.113	0.113
  8338	-0.0124355	-0.113	0.113
  8339	-0.0196567	-0.113	0.113
  8340	-0.0191471	-0.113	0.113
  8341	-0.0225925	-0.113	0.113
  8342	-0.0120403	-0.113	0.113
  8343	-0.0409266	-0.113	0.113
  8344	-0.0384983	-0.113	0.113
  8345	-0.0437206	-0.113	0.113
  8346	-0.0192509	-0.113	0.113
  8347	-0.0369331	-0.113	0.113
  8348	-0.0151021	-0.113	0.113
  8349	-0.0101257	-0.113	0.113
  8350	-0.0202731	-0.113	0.113
  8351	-0.0111221	-0.113	0.113
  8352	-0.0147734	-0.113	0.113
  8353	-0.0428566	-0.113	0.113
  8354	-0.0135475	-0.113	0.113
  8355	-0.0292874	-0.113	0.113
  8356	-0.010514	-0.113	0.113
  8357	-0.0169858	-0.113	0.113
  8358	-0.0436704	-0.113	0.113
  8359	-0.0371715	-0.113	0.113
  8360	-0.0110025	-0.113	0.113
  8361	-0.0351157	-0.113	0.113
  8362	-0.0392853	-0.113	0.113
  8363	-0.0410193	-0.113	0.113
  8364	-0.0143093	-0.113	0.113
  8365	-0.0340058	-0.113	0.113
  8366	-0.0141264	-0.113	0.113
  8367	-0.0436202	-0.113	0.113
  8368	-0.0310703	-0.113	0.113
  8369	-0.0338741	-0.113	0.113
  8370	-0.0201723	-0.113	0.113
  8371	-0.0361852	-0.113	0.113
  8372	-0.0319064	-0.113	0.113
  8373	-0.043637	-0.113	0.113
  8374	-0.0104489	-0.113	0.113
  8375	-0.010922	-0.113	0.113
  8376	-0.0421681	-0.113	0.113
  8377	-0.016018	-0.113	0.113
  8378	-0.0118303	-0.113	0.113
  8379	-0.0338845	-0.113	0.113
  8380	-0.0293777	-0.113	0.113
  8381	-0.0277154	-0.113	0.113
  8382	-0.0251254	-0.113	0.113
  8383	-0.0177196	-0.113	0.113
  8384	-0.0244141	-0.113	0.113
  8385	-0.0238366	-0.113	0.113
  8386	-0.0214367	-0.113	0.113
  8387	-0.0344318	-0.113	0.113
  8388	-0.0212129	-0.113	0.113
  8389	-0.0283969	-0.113	0.113
  8390	-0.0219208	-0.113	0.113
  8391	-0.0280322	-0.113	0.113
  8392	-0.0234432	-0.113	0.113
  8393	-0.0369681	-0.113	0.113
  8394	-0.0144515	-0.113	0.113
  8395	-0.0188774	-0.113	0.113
  8396	-0.0130367	-0.113	0.113
  8397	-0.0168405	-0.113	0.113
  8398	-0.025514	-0.113	0.113
  8399	-0.0113004	-0.113	0.113
  8400	-0.0162385	-0.113	0.113
  8401	-0.0248104	-0.113	0.113
  8402	-0.0425422	-0.113	0.113
  8403	-0.0441773	-0.113	0.113
  8404	-0.0315652	-0.113	0.113
  8405	-0.0256676	-0.113	0.113
  8406	-0.0139881	-0.113	0.113
  8407	-0.0158928	-0.113	0.113
  8408	-0.0396514	-0.113	0.113
  8409	-0.0296286	-0.113	0.113
  8410	-0.0176555	-0.113	0.113
  8411	-0.0286824	-0.113	0.113
  8412	-0.0429382	-0.113	0.113
  8413	-0.0418309	-0.113	0.113
  8414	-0.0117707	-0.113	0.113
  8415	-0.0315413	-0.113	0.113
  8416	-0.0382415	-0.113	0.113
  8417	-0.0365932	-0.113	0.113
  8418	-0.033212	-0.113	0.113
  8419	-0.0244076	-0.113	0.113
  8420	-0.0437831	-0.113	0.113
  8421	-0.0440764	-0.113	0.113
  8422	-0.0415245	-0.113	0.113
  8423	-0.0323694	-0.113	0.113
  8424	-0.0286543	-0.113	0.113
  8425	-0.0143399	-0.113	0.113
  8426	-0.014787	-0.113	0.113
  8427	-0.0191062	-0.113	0.113
  8428	-0.0399641	-0.113	0.113
  8429	-0.0218579	-0.113	0.113
  8430	-0.0392415	-0.113	0.113
  8431	-0.0390818	-0.113	0.113
  8432	-0.0325812	-0.113	0.113
  8433	-0.0253609	-0.113	0.113
  8434	-0.0146967	-0.113	0.113
  8435	-0.0160672	-0.113	0.113
  8436	-0.0106734	-0.113	0.113
  8437	-0.0437917	-0.113	0.113
  8438	-0.0301688	-0.113	0.113
  8439	-0.0128322	-0.113	0.113
  8440	-0.0257732	-0.113	0.113
  8441	-0.0115314	-0.113	0.113
  8442	-0.0120513	-0.113	0.113
  8443	-0.0249916	-0.113	0.113
  8444	-0.0152094	-0.113	0.113
  8445	-0.0344877	-0.113	0.113
  8446	-0.012476	-0.113	0.113
  8447	-0.0242722	-0.113	0.113
  8448	-0.0437389	-0.113	0.113
  8449	-0.0139886	-0.113	0.113
  8450	-0.0370177	-0.113	0.113
  8451	-0.0102142	-0.113	0.113
  8452	-0.0236252	-0.113	0.113
  8453	-0.0420286	-0.113	0.113
  8454	-0.0117126	-0.113	0.113
  8455	-0.0282377	-0.113	0.113
  8456	-0.0281424	-0.113	0.113
  8457	-0.0182946	-0.113	0.113
  8458	-0.0147784	-0.113	0.113
  8459	-0.0365363	-0.113	0.113
  8460	-0.0152742	-0.113	0.113
  8461	-0.016409	-0.113	0.113
  8462	-0.0436829	-0.113	0.113
  8463	-0.021439	-0.113	0.113
  8464	-0.0163837	-0.113	0.113
  8465	-0.0173634	-0.113	0.113
  8466	-0.041256	-0.113	0.113
  8467	-0.0338828	-0.113	0.113
  8468	-0.0324633	-0.113	0.113
  8469	-0.0147156	-0.113	0.113
  8470	-0.0282396	-0.113	0.113
  8471	-0.0102031	-0.113	0.113
  8472	-0.0187416	-0.113	0.113
  8473	-0.0214139	-0.113	0.113
  8474	-0.034878	-0.113	0.113
  8475	-0.0185556	-0.113	0.113
  8476	-0.0127133	-0.113	0.113
  8477	-0.0388962	-0.113	0.113
  8478	-0.0123493	-0.113	0.113
  8479	-0.0229001	-0.113	0.113
  8480	-0.0379602	-0.113	0.113
  8481	-0.0427318	-0.113	0.113
  8482	-0.0426573	-0.113	0.113
  8483	-0.0279841	-0.113	0.113
  8484	-0.0283334	-0.113	0.113
  8485	-0.0182369	-0.113	0.113
  8486	-0.0155222	-0.113	0.113
  8487	-0.0157099	-0.113	0.113
  8488	-0.0161525	-0.113	0.113
  8489	-0.0249239	-0.113	0.113
  8490	-0.0391139	-0.113	0.113
  8491	-0.0406898	-0.113	0.113
  8492	-0.0303462	-0.113	0.113
  8493	-0.0160429	-0.113	0.113
  8494	-0.013031	-0.113	0.113
  8495	-0.042187	-0.113	0.113
  8496	-0.0235542	-0.113	0.113
  8497	-0.0128303	-0.113	0.113
  8498	-0.0309661	-0.113	0.113
  8499	-0.0157406	-0.113	0.113
  8500	-0.0343892	-0.113	0.113
  8501	-0.0298776	-0.113	0.113
  8502	-0.0370272	-0.113	0.113
  8503	-0.0203275	-0.113	0.113
  8504	-0.0441619	-0.113	0.113
  8505	-0.0109087	-0.113	0.113
  8506	-0.0388572	-0.113	0.113
  8507	-0.0431277	-0.113	0.113
  8508	-0.0427919	-0.113	0.113
  8509	-0.0439899	-0.113	0.113
  8510	-0.0400669	-0.113	0.113
  8511	-0.0132837	-0.113	0.113
  8512	-0.0391217	-0.113	0.113
  8513	-0.0235566	-0.113	0.113
  8514	-0.0204306	-0.113	0.113
  8515	-0.0208164	-0.113	0.113
  8516	-0.0422825	-0.113	0.113
  8517	-0.036769	-0.113	0.113
  8518	-0.0221897	-0.113	0.113
  8519	-0.0438618	-0.113	0.113
  8520	-0.0312441	-0.113	0.113
  8521	-0.0310695	-0.113	0.113
  8522	-0.0159637	-0.113	0.113
  8523	-0.0419206	-0.113	0.113
  8524	-0.0436594	-0.113	0.113
  8525	-0.0375508	-0.113	0.113
  8526	-0.0114657	-0.113	0.113
  8527	-0.0111467	-0.113	0.113
  8528	-0.0170652	-0.113	0.113
  8529	-0.0436954	-0.113	0.113
  8530	-0.0414457	-0.113	0.113
  8531	-0.0439	-0.113	0.113
  8532	-0.0114169	-0.113	0.113
  8533	-0.0353044	-0.113	0.113
  8534	-0.0147007	-0.113	0.113
  8535	-0.0428054	-0.113	0.113
  8536	-0.0104636	-0.113	0.113
  8537	-0.0165967	-0.113	0.113
  8538	-0.0129846	-0.113	0.113
  8539	-0.0212864	-0.113	0.113
  8540	-0.0331815	-0.113	0.113
  8541	-0.0246341	-0.113	0.113
  8542	-0.0345128	-0.113	0.113
  8543	-0.032378	-0.113	0.113
  8544	-0.0310351	-0.113	0.113
  8545	-0.0135461	-0.113	0.113
  8546	-0.0423008	-0.113	0.113
  8547	-0.0396742	-0.113	0.113
  8548	-0.0154531	-0.113	0.113
  8549	-0.0279277	-0.113	0.113
  8550	-0.0393591	-0.113	0.113
  8551	-0.0397097	-0.113	0.113
  8552	-0.0217607	-0.113	0.113
  8553	-0.0378554	-0.113	0.113
  8554	-0.0113987	-0.113	0.113
  8555	-0.016692	-0.113	0.113
  8556	-0.039145	-0.113	0.113
  8557	-0.0212986	-0.113	0.113
  8558	-0.0148845	-0.113	0.113
  8559	-0.0380934	-0.113	0.113
  8560	-0.0238377	-0.113	0.113
  8561	-0.0440357	-0.113	0.113
  8562	-0.0184663	-0.113	0.113
  8563	-0.0224282	-0.113	0.113
  8564	-0.0251259	-0.113	0.113
  8565	-0.0127736	-0.113	0.113
  8566	-0.0167929	-0.113	0.113
  8567	-0.0439619	-0.113	0.113
  8568	-0.0151938	-0.113	0.113
  8569	-0.0150664	-0.113	0.113
  8570	-0.0369922	-0.113	0.113
  8571	-0.0270564	-0.113	0.113
  8572	-0.0391952	-0.113	0.113
  8573	-0.0187173	-0.113	0.113
  8574	-0.0215637	-0.113	0.113
  8575	-0.0115613	-0.113	0.113
  8576	-0.029098	-0.113	0.113
  8577	-0.0140093	-0.113	0.113
  8578	-0.0305459	-0.113	0.113
  8579	-0.0255153	-0.113	0.113
  8580	-0.0161651	-0.113	0.113
  8581	-0.0354837	-0.113	0.113
  8582	-0.0199696	-0.113	0.113
  8583	-0.0351816	-0.113	0.113
  8584	-0.040217	-0.113	0.113
  8585	-0.0370725	-0.113	0.113
  8586	-0.0188144	-0.113	0.113
  8587	-0.0351304	-0.113	0.113
  8588	-0.0116576	-0.113	0.113
  8589	-0.0413693	-0.113	0.113
  8590	-0.0231832	-0.113	0.113
  8591	-0.0361427	-0.113	0.113
  8592	-0.0456924	-0.113	0.113
  8593	-0.037561	-0.113	0.113
  8594	-0.0375167	-0.113	0.113
  8595	-0.0102553	-0.113	0.113
  8596	-0.0154156	-0.113	0.113
  8597	-0.026918	-0.113	0.113
  8598	-0.0267105	-0.113	0.113
  8599	-0.0123747	-0.113	0.113
  8600	-0.0436766	-0.113	0.113
  8601	-0.0415979	-0.113	0.113
  8602	-0.0211235	-0.113	0.113
  8603	-0.0253628	-0.113	0.113
  8604	-0.0201492	-0.113	0.113
  8605	-0.0428767	-0.113	0.113
  8606	-0.015925	-0.113	0.113
  8607	-0.0372165	-0.113	0.113
  8608	-0.0160096	-0.113	0.113
  8609	-0.0339959	-0.113	0.113
  8610	-0.0168426	-0.113	0.113
  8611	-0.0373439	-0.113	0.113
  8612	-0.0132092	-0.113	0.113
  8613	-0.0185039	-0.113	0.113
  8614	-0.0158545	-0.113	0.113
  8615	-0.0398001	-0.113	0.113
  8616	-0.0439838	-0.113	0.113
  8617	-0.0213893	-0.113	0.113
  8618	-0.0106805	-0.113	0.113
  8619	-0.0231893	-0.113	0.113
  8620	-0.0208433	-0.113	0.113
  8621	-0.0334373	-0.113	0.113
  8622	-0.0268883	-0.113	0.113
  8623	-0.0312738	-0.113	0.113
  8624	-0.0436601	-0.113	0.113
  8625	-0.0165108	-0.113	0.113
  8626	-0.0203658	-0.113	0.113
  8627	-0.0369101	-0.113	0.113
  8628	-0.0483732	-0.113	0.113
  8629	-0.0236203	-0.113	0.113
  8630	-0.0372233	-0.113	0.113
  8631	-0.0133451	-0.113	0.113
  8632	-0.0425161	-0.113	0.113
  8633	-0.0294702	-0.113	0.113
  8634	-0.0253807	-0.113	0.113
  8635	-0.0247571	-0.113	0.113
  8636	-0.044136	-0.113	0.113
  8637	-0.0118281	-0.113	0.113
  8638	-0.0126658	-0.113	0.113
  8639	-0.0332847	-0.113	0.113
  8640	-0.0303834	-0.113	0.113
  8641	-0.0323094	-0.113	0.113
  8642	-0.0275077	-0.113	0.113
  8643	-0.0342535	-0.113	0.113
  8644	-0.0374858	-0.113	0.113
  8645	-0.0346572	-0.113	0.113
  8646	-0.0102164	-0.113	0.113
  8647	-0.0108162	-0.113	0.113
  8648	-0.0107297	-0.113	0.113
  8649	-0.012296	-0.113	0.113
  8650	-0.0264686	-0.113	0.113
  8651	-0.0155601	-0.113	0.113
  8652	-0.031839	-0.113	0.113
  8653	-0.0252595	-0.113	0.113
  8654	-0.0139352	-0.113	0.113
  8655	-0.0170315	-0.113	0.113
  8656	-0.0142108	-0.113	0.113
  8657	-0.0285703	-0.113	0.113
  8658	-0.0161546	-0.113	0.113
  8659	-0.0340051	-0.113	0.113
  8660	-0.0170201	-0.113	0.113
  8661	-0.0359251	-0.113	0.113
  8662	-0.0274055	-0.113	0.113
  8663	-0.0193392	-0.113	0.113
  8664	-0.0351952	-0.113	0.113
  8665	-0.0426307	-0.113	0.113
  8666	-0.0139977	-0.113	0.113
  8667	-0.0109793	-0.113	0.113
  8668	-0.0427192	-0.113	0.113
  8669	-0.017776	-0.113	0.113
  8670	-0.0317943	-0.113	0.113
  8671	-0.0110274	-0.113	0.113
  8672	-0.0219948	-0.113	0.113
  8673	-0.0422127	-0.113	0.113
  8674	-0.0222576	-0.113	0.113
  8675	-0.0131611	-0.113	0.113
  8676	-0.0232768	-0.113	0.113
  8677	-0.0429852	-0.113	0.113
  8678	-0.017366	-0.113	0.113
  8679	-0.0440917	-0.113	0.113
  8680	-0.0166577	-0.113	0.113
  8681	-0.0397076	-0.113	0.113
  8682	-0.0171381	-0.113	0.113
  8683	-0.0389128	-0.113	0.113
  8684	-0.0112895	-0.113	0.113
  8685	-0.0431665	-0.113	0.113
  8686	-0.0287103	-0.113	0.113
  8687	-0.0340558	-0.113	0.113
  8688	-0.024523	-0.113	0.113
  8689	-0.0265611	-0.113	0.113
  8690	-0.0160817	-0.113	0.113
  8691	-0.0390039	-0.113	0.113
  8692	-0.0193103	-0.113	0.113
  8693	-0.0194171	-0.113	0.113
  8694	-0.0384716	-0.113	0.113
  8695	-0.0309687	-0.113	0.113
  8696	-0.0205116	-0.113	0.113
  8697	-0.0356673	-0.113	0.113
  8698	-0.0107616	-0.113	0.113
  8699	-0.0305722	-0.113	0.113
  8700	-0.0234884	-0.113	0.113
  8701	-0.0438594	-0.113	0.113
  8702	-0.0279619	-0.113	0.113
  8703	-0.0359956	-0.113	0.113
  8704	-0.0107696	-0.113	0.113
  8705	-0.0153356	-0.113	0.113
  8706	-0.031305	-0.113	0.113
  8707	-0.0118737	-0.113	0.113
  8708	-0.0239623	-0.113	0.113
  8709	-0.0216648	-0.113	0.113
  8710	-0.0236602	-0.113	0.113
  8711	-0.0409777	-0.113	0.113
  8712	-0.0122932	-0.113	0.113
  8713	-0.0306654	-0.113	0.113
  8714	-0.0377239	-0.113	0.113
  8715	-0.0211769	-0.113	0.113
  8716	-0.0394122	-0.113	0.113
  8717	-0.0114018	-0.113	0.113
  8718	-0.0268744	-0.113	0.113
  8719	-0.0356773	-0.113	0.113
  8720	-0.0142465	-0.113	0.113
  8721	-0.03797	-0.113	0.113
  8722	-0.0114983	-0.113	0.113
  8723	-0.0429777	-0.113	0.113
  8724	-0.0139948	-0.113	0.113
  8725	-0.0260781	-0.113	0.113
  8726	-0.0282474	-0.113	0.113
  8727	-0.0169433	-0.113	0.113
  8728	-0.0182484	-0.113	0.113
  8729	-0.0123102	-0.113	0.113
  8730	-0.0250145	-0.113	0.113
  8731	-0.0403061	-0.113	0.113
  8732	-0.0260703	-0.113	0.113
  8733	-0.0363327	-0.113	0.113
  8734	-0.039438	-0.113	0.113
  8735	-0.035401	-0.113	0.113
  8736	-0.0188674	-0.113	0.113
  8737	-0.0396746	-0.113	0.113
  8738	-0.0424988	-0.113	0.113
  8739	-0.0303934	-0.113	0.113
  8740	-0.043945	-0.113	0.113
  8741	-0.0423469	-0.113	0.113
  8742	-0.0416383	-0.113	0.113
  8743	-0.0220133	-0.113	0.113
  8744	-0.0186015	-0.113	0.113
  8745	-0.0174143	-0.113	0.113
  8746	-0.0358706	-0.113	0.113
  8747	-0.0422859	-0.113	0.113
  8748	-0.031393	-0.113	0.113
  8749	-0.0164958	-0.113	0.113
  8750	-0.0427956	-0.113	0.113
  8751	-0.0192084	-0.113	0.113
  8752	-0.0354387	-0.113	0.113
  8753	-0.0136188	-0.113	0.113
  8754	-0.0104732	-0.113	0.113
  8755	-0.0258638	-0.113	0.113
  8756	-0.0270718	-0.113	0.113
  8757	-0.0402691	-0.113	0.113
  8758	-0.0295248	-0.113	0.113
  8759	-0.0242189	-0.113	0.113
  8760	-0.0371411	-0.113	0.113
  8761	-0.0208399	-0.113	0.113
  8762	-0.0167666	-0.113	0.113
  8763	-0.0184374	-0.113	0.113
  8764	-0.0201118	-0.113	0.113
  8765	-0.039149	-0.113	0.113
  8766	-0.0103119	-0.113	0.113
  8767	-0.0232499	-0.113	0.113
  8768	-0.0366992	-0.113	0.113
  8769	-0.0170652	-0.113	0.113
  8770	-0.0437503	-0.113	0.113
  8771	-0.0408785	-0.113	0.113
  8772	-0.0145047	-0.113	0.113
  8773	-0.0387874	-0.113	0.113
  8774	-0.034051	-0.113	0.113
  8775	-0.0186991	-0.113	0.113
  8776	-0.0294955	-0.113	0.113
  8777	-0.0316787	-0.113	0.113
  8778	-0.0191514	-0.113	0.113
  8779	-0.0249916	-0.113	0.113
  8780	-0.0137445	-0.113	0.113
  8781	-0.0103199	-0.113	0.113
  8782	-0.0167324	-0.113	0.113
  8783	-0.04241	-0.113	0.113
  8784	-0.0101832	-0.113	0.113
  8785	-0.0202538	-0.113	0.113
  8786	-0.0329106	-0.113	0.113
  8787	-0.0356656	-0.113	0.113
  8788	-0.012776	-0.113	0.113
  8789	-0.035162	-0.113	0.113
  8790	-0.0283216	-0.113	0.113
  8791	-0.0250799	-0.113	0.113
  8792	-0.0393632	-0.113	0.113
  8793	-0.0122208	-0.113	0.113
  8794	-0.0333526	-0.113	0.113
  8795	-0.0317445	-0.113	0.113
  8796	-0.0204068	-0.113	0.113
  8797	-0.0339265	-0.113	0.113
  8798	-0.0259171	-0.113	0.113
  8799	-0.0332977	-0.113	0.113
  8800	-0.0170712	-0.113	0.113
  8801	-0.0243754	-0.113	0.113
  8802	-0.0440241	-0.113	0.113
  8803	-0.0420292	-0.113	0.113
  8804	-0.0250745	-0.113	0.113
  8805	-0.0289351	-0.113	0.113
  8806	-0.0408473	-0.113	0.113
  8807	-0.0198848	-0.113	0.113
  8808	-0.0290133	-0.113	0.113
  8809	-0.0141842	-0.113	0.113
  8810	-0.0347394	-0.113	0.113
  8811	-0.0130479	-0.113	0.113
  8812	-0.0104046	-0.113	0.113
  8813	-0.0242286	-0.113	0.113
  8814	-0.0243852	-0.113	0.113
  8815	-0.0285534	-0.113	0.113
  8816	-0.0116665	-0.113	0.113
  8817	-0.0376987	-0.113	0.113
  8818	-0.0131338	-0.113	0.113
  8819	-0.039542	-0.113	0.113
  8820	-0.0393835	-0.113	0.113
  8821	-0.0164834	-0.113	0.113
  8822	-0.0210474	-0.113	0.113
  8823	-0.0129502	-0.113	0.113
  8824	-0.0144384	-0.113	0.113
  8825	-0.0165008	-0.113	0.113
  8826	-0.0370939	-0.113	0.113
  8827	-0.0225183	-0.113	0.113
  8828	-0.0240949	-0.113	0.113
  8829	-0.0163192	-0.113	0.113
  8830	-0.0410506	-0.113	0.113
  8831	-0.0232561	-0.113	0.113
  8832	-0.0304831	-0.113	0.113
  8833	-0.0334243	-0.113	0.113
  8834	-0.0189747	-0.113	0.113
  8835	-0.0268374	-0.113	0.113
  8836	-0.0347043	-0.113	0.113
  8837	-0.0362566	-0.113	0.113
  8838	-0.0112464	-0.113	0.113
  8839	-0.0370379	-0.113	0.113
  8840	-0.0249106	-0.113	0.113
  8841	-0.0356077	-0.113	0.113
  8842	-0.0365736	-0.113	0.113
  8843	-0.0415772	-0.113	0.113
  8844	-0.0373289	-0.113	0.113
  8845	-0.0347976	-0.113	0.113
  8846	-0.0120044	-0.113	0.113
  8847	-0.0176785	-0.113	0.113
  8848	-0.0111218	-0.113	0.113
  8849	-0.0156283	-0.113	0.113
  8850	-0.0235983	-0.113	0.113
  8851	-0.0142083	-0.113	0.113
  8852	-0.0418347	-0.113	0.113
  8853	-0.0263124	-0.113	0.113
  8854	-0.0346599	-0.113	0.113
  8855	-0.0372313	-0.113	0.113
  8856	-0.0105249	-0.113	0.113
  8857	-0.0329195	-0.113	0.113
  8858	-0.025999	-0.113	0.113
  8859	-0.0365935	-0.113	0.113
  8860	-0.0359798	-0.113	0.113
  8861	-0.0281099	-0.113	0.113
  8862	-0.0146448	-0.113	0.113
  8863	-0.0265365	-0.113	0.113
  8864	-0.0423785	-0.113	0.113
  8865	-0.0399094	-0.113	0.113
  8866	-0.0431882	-0.113	0.113
  8867	-0.0417916	-0.113	0.113
  8868	-0.0224086	-0.113	0.113
  8869	-0.0192184	-0.113	0.113
  8870	-0.0292788	-0.113	0.113
  8871	-0.0396555	-0.113	0.113
  8872	-0.0207872	-0.113	0.113
  8873	-0.0406326	-0.113	0.113
  8874	-0.0427802	-0.113	0.113
  8875	-0.0135804	-0.113	0.113
  8876	-0.0175716	-0.113	0.113
  8877	-0.0153669	-0.113	0.113
  8878	-0.0182152	-0.113	0.113
  8879	-0.043977	-0.113	0.113
  8880	-0.041131	-0.113	0.113
  8881	-0.0284322	-0.113	0.113
  8882	-0.0410873	-0.113	0.113
  8883	-0.0429329	-0.113	0.113
  8884	-0.0304106	-0.113	0.113
  8885	-0.0312445	-0.113	0.113
  8886	-0.0427956	-0.113	0.113
  8887	-0.0122614	-0.113	0.113
  8888	-0.0285967	-0.113	0.113
  8889	-0.0343019	-0.113	0.113
  8890	-0.0297626	-0.113	0.113
  8891	-0.010622	-0.113	0.113
  8892	-0.0290158	-0.113	0.113
  8893	-0.0277606	-0.113	0.113
  8894	-0.0227988	-0.113	0.113
  8895	-0.024907	-0.113	0.113
  8896	-0.0129931	-0.113	0.113
  8897	-0.020942	-0.113	0.113
  8898	-0.0167786	-0.113	0.113
  8899	-0.0310096	-0.113	0.113
  8900	-0.0316393	-0.113	0.113
  8901	-0.0110498	-0.113	0.113
  8902	-0.0133601	-0.113	0.113
  8903	-0.0148424	-0.113	0.113
  8904	-0.0435869	-0.113	0.113
  8905	-0.0251858	-0.113	0.113
  8906	-0.0156513	-0.113	0.113
  8907	-0.0284768	-0.113	0.113
  8908	-0.0113784	-0.113	0.113
  8909	-0.0311971	-0.113	0.113
  8910	-0.0301121	-0.113	0.113
  8911	-0.0326996	-0.113	0.113
  8912	-0.0235817	-0.113	0.113
  8913	-0.0208368	-0.113	0.113
  8914	-0.012417	-0.113	0.113
  8915	-0.0427623	-0.113	0.113
  8916	-0.0336859	-0.113	0.113
  8917	-0.0313522	-0.113	0.113
  8918	-0.0139893	-0.113	0.113
  8919	-0.0337025	-0.113	0.113
  8920	-0.0442098	-0.113	0.113
  8921	-0.013667	-0.113	0.113
  8922	-0.0439377	-0.113	0.113
  8923	-0.0260844	-0.113	0.113
  8924	-0.0440914	-0.113	0.113
  8925	-0.0431523	-0.113	0.113
  8926	-0.0337602	-0.113	0.113
  8927	-0.0433673	-0.113	0.113
  8928	-0.0221295	-0.113	0.113
  8929	-0.0119055	-0.113	0.113
  8930	-0.0384823	-0.113	0.113
  8931	-0.0200161	-0.113	0.113
  8932	-0.0297214	-0.113	0.113
  8933	-0.039268	-0.113	0.113
  8934	-0.034215	-0.113	0.113
  8935	-0.0103643	-0.113	0.113
  8936	-0.0324235	-0.113	0.113
  8937	-0.0328815	-0.113	0.113
  8938	-0.0116208	-0.113	0.113
  8939	-0.0102294	-0.113	0.113
  8940	-0.0252819	-0.113	0.113
  8941	-0.0429851	-0.113	0.113
  8942	-0.0416201	-0.113	0.113
  8943	-0.0198381	-0.113	0.113
  8944	-0.0383924	-0.113	0.113
  8945	-0.0173689	-0.113	0.113
  8946	-0.0300608	-0.113	0.113
  8947	-0.0108105	-0.113	0.113
  8948	-0.0341039	-0.113	0.113
  8949	-0.0191642	-0.113	0.113
  8950	-0.0281733	-0.113	0.113
  8951	-0.0199603	-0.113	0.113
  8952	-0.0438317	-0.113	0.113
  8953	-0.0397857	-0.113	0.113
  8954	-0.0435519	-0.113	0.113
  8955	-0.0272934	-0.113	0.113
  8956	-0.0148311	-0.113	0.113
  8957	-0.0380395	-0.113	0.113
  8958	-0.0326647	-0.113	0.113
  8959	-0.0305463	-0.113	0.113
  8960	-0.0282619	-0.113	0.113
  8961	-0.0179149	-0.113	0.113
  8962	-0.0287029	-0.113	0.113
  8963	-0.0349505	-0.113	0.113
  8964	-0.0299564	-0.113	0.113
  8965	-0.0193231	-0.113	0.113
  8966	-0.0275671	-0.113	0.113
  8967	-0.0203505	-0.113	0.113
  8968	-0.012875	-0.113	0.113
  8969	-0.0117465	-0.113	0.113
  8970	-0.0424759	-0.113	0.113
  8971	-0.0438982	-0.113	0.113
  8972	-0.0367252	-0.113	0.113
  8973	-0.0350905	-0.113	0.113
  8974	-0.0159354	-0.113	0.113
  8975	-0.0354605	-0.113	0.113
  8976	-0.0102931	-0.113	0.113
  8977	-0.0312484	-0.113	0.113
  8978	-0.0269296	-0.113	0.113
  8979	-0.0101612	-0.113	0.113
  8980	-0.0403856	-0.113	0.113
  8981	-0.0428731	-0.113	0.113
  8982	-0.0347916	-0.113	0.113
  8983	-0.0276889	-0.113	0.113
  8984	-0.0145066	-0.113	0.113
  8985	-0.0207919	-0.113	0.113
  8986	-0.0303957	-0.113	0.113
  8987	-0.0275268	-0.113	0.113
  8988	-0.0230557	-0.113	0.113
  8989	-0.0437671	-0.113	0.113
  8990	-0.0245799	-0.113	0.113
  8991	-0.0425695	-0.113	0.113
  8992	-0.0376122	-0.113	0.113
  8993	-0.0252894	-0.113	0.113
  8994	-0.0376447	-0.113	0.113
  8995	-0.019332	-0.113	0.113
  8996	-0.0139543	-0.113	0.113
  8997	-0.0352145	-0.113	0.113
  8998	-0.0273318	-0.113	0.113
  8999	-0.0157124	-0.113	0.113
  9000	-0.026836	-0.113	0.113
  9001	-0.0264516	-0.113	0.113
  9002	-0.0195518	-0.113	0.113
  9003	-0.0400576	-0.113	0.113
  9004	-0.0352127	-0.113	0.113
  9005	-0.0424237	-0.113	0.113
  9006	-0.0395493	-0.113	0.113
  9007	-0.0120362	-0.113	0.113
  9008	-0.0316374	-0.113	0.113
  9009	-0.019601	-0.113	0.113
  9010	-0.0207954	-0.113	0.113
  9011	-0.0330188	-0.113	0.113
  9012	-0.0125911	-0.113	0.113
  9013	-0.0215429	-0.113	0.113
  9014	-0.0226927	-0.113	0.113
  9015	-0.039308	-0.113	0.113
  9016	-0.0122667	-0.113	0.113
  9017	-0.0441878	-0.113	0.113
  9018	-0.0360739	-0.113	0.113
  9019	-0.042788	-0.113	0.113
  9020	-0.0435053	-0.113	0.113
  9021	-0.0370593	-0.113	0.113
  9022	-0.0361343	-0.113	0.113
  9023	-0.0190956	-0.113	0.113
  9024	-0.0357954	-0.113	0.113
  9025	-0.0117602	-0.113	0.113
  9026	-0.0418518	-0.113	0.113
  9027	-0.0397664	-0.113	0.113
  9028	-0.0430745	-0.113	0.113
  9029	-0.041482	-0.113	0.113
  9030	-0.025653	-0.113	0.113
  9031	-0.0231809	-0.113	0.113
  9032	-0.01124	-0.113	0.113
  9033	-0.0320829	-0.113	0.113
  9034	-0.0102097	-0.113	0.113
  9035	-0.0206298	-0.113	0.113
  9036	-0.0397318	-0.113	0.113
  9037	-0.0382284	-0.113	0.113
  9038	-0.0404198	-0.113	0.113
  9039	-0.0236131	-0.113	0.113
  9040	-0.0182171	-0.113	0.113
  9041	-0.0176151	-0.113	0.113
  9042	-0.0218944	-0.113	0.113
  9043	-0.0174739	-0.113	0.113
  9044	-0.0358001	-0.113	0.113
  9045	-0.017324	-0.113	0.113
  9046	-0.0349406	-0.113	0.113
  9047	-0.0227226	-0.113	0.113
  9048	-0.0333013	-0.113	0.113
  9049	-0.0406621	-0.113	0.113
  9050	-0.0150641	-0.113	0.113
  9051	-0.0281359	-0.113	0.113
  9052	-0.0338056	-0.113	0.113
  9053	-0.043348	-0.113	0.113
  9054	-0.0142015	-0.113	0.113
  9055	-0.0295742	-0.113	0.113
  9056	-0.0189008	-0.113	0.113
  9057	-0.0139271	-0.113	0.113
  9058	-0.043659	-0.113	0.113
  9059	-0.0336289	-0.113	0.113
  9060	-0.033537	-0.113	0.113
  9061	-0.0458731	-0.113	0.113
  9062	-0.0427143	-0.113	0.113
  9063	-0.0131889	-0.113	0.113
  9064	-0.0437592	-0.113	0.113
  9065	-0.030537	-0.113	0.113
  9066	-0.0110134	-0.113	0.113
  9067	-0.0416097	-0.113	0.113
  9068	-0.0251281	-0.113	0.113
  9069	-0.0428854	-0.113	0.113
  9070	-0.0338802	-0.113	0.113
  9071	-0.0131696	-0.113	0.113
  9072	-0.035201	-0.113	0.113
  9073	-0.0131821	-0.113	0.113
  9074	-0.0305816	-0.113	0.113
  9075	-0.0307283	-0.113	0.113
  9076	-0.043288	-0.113	0.113
  9077	-0.0454699	-0.113	0.113
  9078	-0.0363331	-0.113	0.113
  9079	-0.0109502	-0.113	0.113
  9080	-0.0441717	-0.113	0.113
  9081	-0.0140826	-0.113	0.113
  9082	-0.0394017	-0.113	0.113
  9083	-0.0391145	-0.113	0.113
  9084	-0.0109827	-0.113	0.113
  9085	-0.0305363	-0.113	0.113
  9086	-0.0440966	-0.113	0.113
  9087	-0.016793	-0.113	0.113
  9088	-0.0437381	-0.113	0.113
  9089	-0.019823	-0.113	0.113
  9090	-0.0236495	-0.113	0.113
  9091	-0.042376	-0.113	0.113
  9092	-0.0107946	-0.113	0.113
  9093	-0.0248653	-0.113	0.113
  9094	-0.0308536	-0.113	0.113
  9095	-0.0205552	-0.113	0.113
  9096	-0.0209667	-0.113	0.113
  9097	-0.025615	-0.113	0.113
  9098	-0.0392086	-0.113	0.113
  9099	-0.0353251	-0.113	0.113
  9100	-0.0434312	-0.113	0.113
  9101	-0.0207079	-0.113	0.113
  9102	-0.0381612	-0.113	0.113
  9103	-0.0400698	-0.113	0.113
  9104	-0.0120593	-0.113	0.113
  9105	-0.0365799	-0.113	0.113
  9106	-0.0374959	-0.113	0.113
  9107	-0.0370137	-0.113	0.113
  9108	-0.035865	-0.113	0.113
  9109	-0.0339964	-0.113	0.113
  9110	-0.0369723	-0.113	0.113
  9111	-0.0178044	-0.113	0.113
  9112	-0.0167392	-0.113	0.113
  9113	-0.029089	-0.113	0.113
  9114	-0.0388128	-0.113	0.113
  9115	-0.0321894	-0.113	0.113
  9116	-0.0209381	-0.113	0.113
  9117	-0.0419197	-0.113	0.113
  9118	-0.0375744	-0.113	0.113
  9119	-0.0295307	-0.113	0.113
  9120	-0.0102205	-0.113	0.113
  9121	-0.029291	-0.113	0.113
  9122	-0.0350996	-0.113	0.113
  9123	-0.0201111	-0.113	0.113
  9124	-0.0162577	-0.113	0.113
  9125	-0.0143372	-0.113	0.113
  9126	-0.0381384	-0.113	0.113
  9127	-0.0132092	-0.113	0.113
  9128	-0.037103	-0.113	0.113
  9129	-0.0139593	-0.113	0.113
  9130	-0.0267651	-0.113	0.113
  9131	-0.0420206	-0.113	0.113
  9132	-0.0429279	-0.113	0.113
  9133	-0.0299645	-0.113	0.113
  9134	-0.0165161	-0.113	0.113
  9135	-0.0401111	-0.113	0.113
  9136	-0.0330236	-0.113	0.113
  9137	-0.0273831	-0.113	0.113
  9138	-0.0108096	-0.113	0.113
  9139	-0.0223193	-0.113	0.113
  9140	-0.0199599	-0.113	0.113
  9141	-0.0119169	-0.113	0.113
  9142	-0.0436189	-0.113	0.113
  9143	-0.0186801	-0.113	0.113
  9144	-0.0226452	-0.113	0.113
  9145	-0.0107993	-0.113	0.113
  9146	-0.0355213	-0.113	0.113
  9147	-0.0250348	-0.113	0.113
  9148	-0.0255397	-0.113	0.113
  9149	-0.0305835	-0.113	0.113
  9150	-0.0157376	-0.113	0.113
  9151	-0.0259533	-0.113	0.113
  9152	-0.0437494	-0.113	0.113
  9153	-0.0431883	-0.113	0.113
  9154	-0.0441015	-0.113	0.113
  9155	-0.0292834	-0.113	0.113
  9156	-0.0362783	-0.113	0.113
  9157	-0.0383554	-0.113	0.113
  9158	-0.0104301	-0.113	0.113
  9159	-0.014913	-0.113	0.113
  9160	-0.0139625	-0.113	0.113
  9161	-0.0116328	-0.113	0.113
  9162	-0.0166528	-0.113	0.113
  9163	-0.0375052	-0.113	0.113
  9164	-0.0158636	-0.113	0.113
  9165	-0.024782	-0.113	0.113
  9166	-0.0394114	-0.113	0.113
  9167	-0.0111273	-0.113	0.113
  9168	-0.01164	-0.113	0.113
  9169	-0.0348116	-0.113	0.113
  9170	-0.0238765	-0.113	0.113
  9171	-0.0141772	-0.113	0.113
  9172	-0.0376707	-0.113	0.113
  9173	-0.0226522	-0.113	0.113
  9174	-0.0334111	-0.113	0.113
  9175	-0.01546	-0.113	0.113
  9176	-0.0321669	-0.113	0.113
  9177	-0.0399356	-0.113	0.113
  9178	-0.0235774	-0.113	0.113
  9179	-0.0222811	-0.113	0.113
  9180	-0.0420579	-0.113	0.113
  9181	-0.0472182	-0.113	0.113
  9182	-0.0180462	-0.113	0.113
  9183	-0.0174659	-0.113	0.113
  9184	-0.0379446	-0.113	0.113
  9185	-0.0273176	-0.113	0.113
  9186	-0.0336819	-0.113	0.113
  9187	-0.0358166	-0.113	0.113
  9188	-0.0149624	-0.113	0.113
  9189	-0.022976	-0.113	0.113
  9190	-0.042561	-0.113	0.113
  9191	-0.0405651	-0.113	0.113
  9192	-0.0234449	-0.113	0.113
  9193	-0.0129944	-0.113	0.113
  9194	-0.0396226	-0.113	0.113
  9195	-0.0150224	-0.113	0.113
  9196	-0.0147291	-0.113	0.113
  9197	-0.0418377	-0.113	0.113
  9198	-0.0307429	-0.113	0.113
  9199	-0.0393174	-0.113	0.113
  9200	-0.0219125	-0.113	0.113
  9201	-0.0367354	-0.113	0.113
  9202	-0.0103489	-0.113	0.113
  9203	-0.0120061	-0.113	0.113
  9204	-0.0147333	-0.113	0.113
  9205	-0.0387737	-0.113	0.113
  9206	-0.025957	-0.113	0.113
  9207	-0.0437776	-0.113	0.113
  9208	-0.037836	-0.113	0.113
  9209	-0.0439666	-0.113	0.113
  9210	-0.0328511	-0.113	0.113
  9211	-0.0343113	-0.113	0.113
  9212	-0.0314208	-0.113	0.113
  9213	-0.032525	-0.113	0.113
  9214	-0.0238665	-0.113	0.113
  9215	-0.0430315	-0.113	0.113
  9216	-0.0363961	-0.113	0.113
  9217	-0.010889	-0.113	0.113
  9218	-0.0254429	-0.113	0.113
  9219	-0.0176274	-0.113	0.113
  9220	-0.0416694	-0.113	0.113
  9221	-0.0300019	-0.113	0.113
  9222	-0.0241668	-0.113	0.113
  9223	-0.0428327	-0.113	0.113
  9224	-0.0120629	-0.113	0.113
  9225	-0.0434409	-0.113	0.113
  9226	-0.029889	-0.113	0.113
  9227	-0.0125793	-0.113	0.113
  9228	-0.0158935	-0.113	0.113
  9229	-0.0114186	-0.113	0.113
  9230	-0.0210137	-0.113	0.113
  9231	-0.0385661	-0.113	0.113
  9232	-0.0296252	-0.113	0.113
  9233	-0.0110897	-0.113	0.113
  9234	-0.0404984	-0.113	0.113
  9235	-0.0242407	-0.113	0.113
  9236	-0.0386524	-0.113	0.113
  9237	-0.0181189	-0.113	0.113
  9238	-0.0241904	-0.113	0.113
  9239	-0.0111407	-0.113	0.113
  9240	-0.0434322	-0.113	0.113
  9241	-0.0293716	-0.113	0.113
  9242	-0.0256225	-0.113	0.113
  9243	-0.0142505	-0.113	0.113
  9244	-0.0115131	-0.113	0.113
  9245	-0.0435294	-0.113	0.113
  9246	-0.0136204	-0.113	0.113
  9247	-0.0358389	-0.113	0.113
  9248	-0.0103586	-0.113	0.113
  9249	-0.0390432	-0.113	0.113
  9250	-0.0438179	-0.113	0.113
  9251	-0.0228317	-0.113	0.113
  9252	-0.0194876	-0.113	0.113
  9253	-0.0229473	-0.113	0.113
  9254	-0.0412992	-0.113	0.113
  9255	-0.0105908	-0.113	0.113
  9256	-0.0123149	-0.113	0.113
  9257	-0.028754	-0.113	0.113
  9258	-0.0318525	-0.113	0.113
  9259	-0.0369368	-0.113	0.113
  9260	-0.0285577	-0.113	0.113
  9261	-0.0264526	-0.113	0.113
  9262	-0.0238617	-0.113	0.113
  9263	-0.0195362	-0.113	0.113
  9264	-0.0436433	-0.113	0.113
  9265	-0.013634	-0.113	0.113
  9266	-0.0261797	-0.113	0.113
  9267	-0.018331	-0.113	0.113
  9268	-0.0267603	-0.113	0.113
  9269	-0.0338898	-0.113	0.113
  9270	-0.0320613	-0.113	0.113
  9271	-0.0330643	-0.113	0.113
  9272	-0.0399863	-0.113	0.113
  9273	-0.0129485	-0.113	0.113
  9274	-0.0114452	-0.113	0.113
  9275	-0.0109739	-0.113	0.113
  9276	-0.0294744	-0.113	0.113
  9277	-0.0218357	-0.113	0.113
  9278	-0.042083	-0.113	0.113
  9279	-0.0141054	-0.113	0.113
  9280	-0.0195669	-0.113	0.113
  9281	-0.0251851	-0.113	0.113
  9282	-0.0431493	-0.113	0.113
  9283	-0.0426724	-0.113	0.113
  9284	-0.0179814	-0.113	0.113
  9285	-0.0175455	-0.113	0.113
  9286	-0.0363108	-0.113	0.113
  9287	-0.0258159	-0.113	0.113
  9288	-0.0369496	-0.113	0.113
  9289	-0.0355087	-0.113	0.113
  9290	-0.0367808	-0.113	0.113
  9291	-0.0433661	-0.113	0.113
  9292	-0.0352203	-0.113	0.113
  9293	-0.0114684	-0.113	0.113
  9294	-0.0274556	-0.113	0.113
  9295	-0.0224125	-0.113	0.113
  9296	-0.03862	-0.113	0.113
  9297	-0.0440115	-0.113	0.113
  9298	-0.0197118	-0.113	0.113
  9299	-0.0285307	-0.113	0.113
  9300	-0.020766	-0.113	0.113
  9301	-0.0129973	-0.113	0.113
  9302	-0.0370999	-0.113	0.113
  9303	-0.031533	-0.113	0.113
  9304	-0.0192659	-0.113	0.113
  9305	-0.0130122	-0.113	0.113
  9306	-0.0276342	-0.113	0.113
  9307	-0.0427675	-0.113	0.113
  9308	-0.0402444	-0.113	0.113
  9309	-0.034088	-0.113	0.113
  9310	-0.0249149	-0.113	0.113
  9311	-0.0140784	-0.113	0.113
  9312	-0.0432438	-0.113	0.113
  9313	-0.024151	-0.113	0.113
  9314	-0.0228026	-0.113	0.113
  9315	-0.0433853	-0.113	0.113
  9316	-0.0258433	-0.113	0.113
  9317	-0.037902	-0.113	0.113
  9318	-0.0197042	-0.113	0.113
  9319	-0.0284864	-0.113	0.113
  9320	-0.0240089	-0.113	0.113
  9321	-0.0355228	-0.113	0.113
  9322	-0.0131609	-0.113	0.113
  9323	-0.0314282	-0.113	0.113
  9324	-0.0131133	-0.113	0.113
  9325	-0.0174504	-0.113	0.113
  9326	-0.0234127	-0.113	0.113
  9327	-0.0331573	-0.113	0.113
  9328	-0.0266414	-0.113	0.113
  9329	-0.0104897	-0.113	0.113
  9330	-0.013774	-0.113	0.113
  9331	-0.0117324	-0.113	0.113
  9332	-0.0285925	-0.113	0.113
  9333	-0.0107794	-0.113	0.113
  9334	-0.0169582	-0.113	0.113
  9335	-0.0442178	-0.113	0.113
  9336	-0.0112399	-0.113	0.113
  9337	-0.041033	-0.113	0.113
  9338	-0.0224546	-0.113	0.113
  9339	-0.0103152	-0.113	0.113
  9340	-0.0323222	-0.113	0.113
  9341	-0.0268456	-0.113	0.113
  9342	-0.0434452	-0.113	0.113
  9343	-0.0394631	-0.113	0.113
  9344	-0.0152461	-0.113	0.113
  9345	-0.0145655	-0.113	0.113
  9346	-0.0253941	-0.113	0.113
  9347	-0.0184179	-0.113	0.113
  9348	-0.0414455	-0.113	0.113
  9349	-0.0410227	-0.113	0.113
  9350	-0.034209	-0.113	0.113
  9351	-0.0440952	-0.113	0.113
  9352	-0.0324661	-0.113	0.113
  9353	-0.0186449	-0.113	0.113
  9354	-0.0121521	-0.113	0.113
  9355	-0.0268916	-0.113	0.113
  9356	-0.0300102	-0.113	0.113
  9357	-0.0246487	-0.113	0.113
  9358	-0.0316527	-0.113	0.113
  9359	-0.0301416	-0.113	0.113
  9360	-0.0428543	-0.113	0.113
  9361	-0.0400686	-0.113	0.113
  9362	-0.0361086	-0.113	0.113
  9363	-0.0107984	-0.113	0.113
  9364	-0.0232026	-0.113	0.113
  9365	-0.0234154	-0.113	0.113
  9366	-0.0323576	-0.113	0.113
  9367	-0.0219494	-0.113	0.113
  9368	-0.0352825	-0.113	0.113
  9369	-0.035496	-0.113	0.113
  9370	-0.0349271	-0.113	0.113
  9371	-0.0380292	-0.113	0.113
  9372	-0.0378185	-0.113	0.113
  9373	-0.0204511	-0.113	0.113
  9374	-0.018675	-0.113	0.113
  9375	-0.0115566	-0.113	0.113
  9376	-0.0440899	-0.113	0.113
  9377	-0.0407538	-0.113	0.113
  9378	-0.0158912	-0.113	0.113
  9379	-0.0139903	-0.113	0.113
  9380	-0.0270494	-0.113	0.113
  9381	-0.0304376	-0.113	0.113
  9382	-0.0437239	-0.113	0.113
  9383	-0.0207534	-0.113	0.113
  9384	-0.016016	-0.113	0.113
  9385	-0.0210001	-0.113	0.113
  9386	-0.0223026	-0.113	0.113
  9387	-0.0291779	-0.113	0.113
  9388	-0.0371744	-0.113	0.113
  9389	-0.0397069	-0.113	0.113
  9390	-0.0339212	-0.113	0.113
  9391	-0.0299188	-0.113	0.113
  9392	-0.0414781	-0.113	0.113
  9393	-0.0372636	-0.113	0.113
  9394	-0.0220225	-0.113	0.113
  9395	-0.0372721	-0.113	0.113
  9396	-0.02217	-0.113	0.113
  9397	-0.0307932	-0.113	0.113
  9398	-0.0156228	-0.113	0.113
  9399	-0.0127895	-0.113	0.113
  9400	-0.017177	-0.113	0.113
  9401	-0.0195475	-0.113	0.113
  9402	-0.0246616	-0.113	0.113
  9403	-0.0121022	-0.113	0.113
  9404	-0.0430714	-0.113	0.113
  9405	-0.0117746	-0.113	0.113
  9406	-0.0365076	-0.113	0.113
  9407	-0.0124026	-0.113	0.113
  9408	-0.0401804	-0.113	0.113
  9409	-0.0113043	-0.113	0.113
  9410	-0.0239722	-0.113	0.113
  9411	-0.0121801	-0.113	0.113
  9412	-0.0333815	-0.113	0.113
  9413	-0.0203245	-0.113	0.113
  9414	-0.0360355	-0.113	0.113
  9415	-0.0261729	-0.113	0.113
  9416	-0.0283265	-0.113	0.113
  9417	-0.0152094	-0.113	0.113
  9418	-0.0431644	-0.113	0.113
  9419	-0.0325304	-0.113	0.113
  9420	-0.0218664	-0.113	0.113
  9421	-0.0253198	-0.113	0.113
  9422	-0.0401377	-0.113	0.113
  9423	-0.0199001	-0.113	0.113
  9424	-0.0139482	-0.113	0.113
  9425	-0.0416736	-0.113	0.113
  9426	-0.0424374	-0.113	0.113
  9427	-0.0115814	-0.113	0.113
  9428	-0.0169818	-0.113	0.113
  9429	-0.0383476	-0.113	0.113
  9430	-0.033292	-0.113	0.113
  9431	-0.040874	-0.113	0.113
  9432	-0.0329225	-0.113	0.113
  9433	-0.0128239	-0.113	0.113
  9434	-0.0288472	-0.113	0.113
  9435	-0.0184669	-0.113	0.113
  9436	-0.0436973	-0.113	0.113
  9437	-0.0251111	-0.113	0.113
  9438	-0.0434955	-0.113	0.113
  9439	-0.0116546	-0.113	0.113
  9440	-0.0327508	-0.113	0.113
  9441	-0.0190942	-0.113	0.113
  9442	-0.0156589	-0.113	0.113
  9443	-0.0149758	-0.113	0.113
  9444	-0.0230797	-0.113	0.113
  9445	-0.0351033	-0.113	0.113
  9446	-0.0378442	-0.113	0.113
  9447	-0.034744	-0.113	0.113
  9448	-0.0175158	-0.113	0.113
  9449	-0.037301	-0.113	0.113
  9450	-0.0303479	-0.113	0.113
  9451	-0.0235342	-0.113	0.113
  9452	-0.0102539	-0.113	0.113
  9453	-0.0264991	-0.113	0.113
  9454	-0.0390214	-0.113	0.113
  9455	-0.0426732	-0.113	0.113
  9456	-0.0406363	-0.113	0.113
  9457	-0.0310901	-0.113	0.113
  9458	-0.044031	-0.113	0.113
  9459	-0.036287	-0.113	0.113
  9460	-0.0151039	-0.113	0.113
  9461	-0.0225624	-0.113	0.113
  9462	-0.0238233	-0.113	0.113
  9463	-0.0438072	-0.113	0.113
  9464	-0.0219833	-0.113	0.113
  9465	-0.0407977	-0.113	0.113
  9466	-0.0111279	-0.113	0.113
  9467	-0.0150136	-0.113	0.113
  9468	-0.0187121	-0.113	0.113
  9469	-0.0396072	-0.113	0.113
  9470	-0.0356867	-0.113	0.113
  9471	-0.0425382	-0.113	0.113
  9472	-0.0176235	-0.113	0.113
  9473	-0.0239664	-0.113	0.113
  9474	-0.016397	-0.113	0.113
  9475	-0.0240583	-0.113	0.113
  9476	-0.0359966	-0.113	0.113
  9477	-0.0204737	-0.113	0.113
  9478	-0.0322169	-0.113	0.113
  9479	-0.0433327	-0.113	0.113
  9480	-0.0255119	-0.113	0.113
  9481	-0.0269683	-0.113	0.113
  9482	-0.0223306	-0.113	0.113
  9483	-0.0275315	-0.113	0.113
  9484	-0.017017	-0.113	0.113
  9485	-0.0212814	-0.113	0.113
  9486	-0.0287381	-0.113	0.113
  9487	-0.025519	-0.113	0.113
  9488	-0.0235242	-0.113	0.113
  9489	-0.035667	-0.113	0.113
  9490	-0.0104688	-0.113	0.113
  9491	-0.0231775	-0.113	0.113
  9492	-0.017658	-0.113	0.113
  9493	-0.0163425	-0.113	0.113
  9494	-0.020999	-0.113	0.113
  9495	-0.0414091	-0.113	0.113
  9496	-0.0198131	-0.113	0.113
  9497	-0.0395014	-0.113	0.113
  9498	-0.0385848	-0.113	0.113
  9499	-0.0313396	-0.113	0.113
  9500	-0.0389014	-0.113	0.113
  9501	-0.0142255	-0.113	0.113
  9502	-0.0299347	-0.113	0.113
  9503	-0.0300122	-0.113	0.113
  9504	-0.0375947	-0.113	0.113
  9505	-0.012098	-0.113	0.113
  9506	-0.0215038	-0.113	0.113
  9507	-0.0430994	-0.113	0.113
  9508	-0.0325457	-0.113	0.113
  9509	-0.0160149	-0.113	0.113
  9510	-0.0313061	-0.113	0.113
  9511	-0.0426051	-0.113	0.113
  9512	-0.0171211	-0.113	0.113
  9513	-0.036435	-0.113	0.113
  9514	-0.0265527	-0.113	0.113
  9515	-0.0199431	-0.113	0.113
  9516	-0.0130823	-0.113	0.113
  9517	-0.0177547	-0.113	0.113
  9518	-0.0425901	-0.113	0.113
  9519	-0.0165915	-0.113	0.113
  9520	-0.0327964	-0.113	0.113
  9521	-0.0441458	-0.113	0.113
  9522	-0.015338	-0.113	0.113
  9523	-0.0204685	-0.113	0.113
  9524	-0.0324592	-0.113	0.113
  9525	-0.015085	-0.113	0.113
  9526	-0.0138299	-0.113	0.113
  9527	-0.0122639	-0.113	0.113
  9528	-0.0180785	-0.113	0.113
  9529	-0.0421689	-0.113	0.113
  9530	-0.0319493	-0.113	0.113
  9531	-0.0109306	-0.113	0.113
  9532	-0.0417556	-0.113	0.113
  9533	-0.039159	-0.113	0.113
  9534	-0.0277437	-0.113	0.113
  9535	-0.0415312	-0.113	0.113
  9536	-0.0420233	-0.113	0.113
  9537	-0.0436081	-0.113	0.113
  9538	-0.0174699	-0.113	0.113
  9539	-0.0306587	-0.113	0.113
  9540	-0.0338706	-0.113	0.113
  9541	-0.0150668	-0.113	0.113
  9542	-0.0188683	-0.113	0.113
  9543	-0.0426995	-0.113	0.113
  9544	-0.0295618	-0.113	0.113
  9545	-0.0236791	-0.113	0.113
  9546	-0.0290491	-0.113	0.113
  9547	-0.0394164	-0.113	0.113
  9548	-0.0298195	-0.113	0.113
  9549	-0.0248588	-0.113	0.113
  9550	-0.0316014	-0.113	0.113
  9551	-0.0142072	-0.113	0.113
  9552	-0.0137776	-0.113	0.113
  9553	-0.0166944	-0.113	0.113
  9554	-0.0194446	-0.113	0.113
  9555	-0.0175724	-0.113	0.113
  9556	-0.0361944	-0.113	0.113
  9557	-0.0217139	-0.113	0.113
  9558	-0.0292851	-0.113	0.113
  9559	-0.0437255	-0.113	0.113
  9560	-0.0441077	-0.113	0.113
  9561	-0.0418886	-0.113	0.113
  9562	-0.0107522	-0.113	0.113
  9563	-0.0318794	-0.113	0.113
  9564	-0.016978	-0.113	0.113
  9565	-0.0419749	-0.113	0.113
  9566	-0.0366921	-0.113	0.113
  9567	-0.0196101	-0.113	0.113
  9568	-0.0346971	-0.113	0.113
  9569	-0.0141252	-0.113	0.113
  9570	-0.018813	-0.113	0.113
  9571	-0.0118111	-0.113	0.113
  9572	-0.0207757	-0.113	0.113
  9573	-0.0277468	-0.113	0.113
  9574	-0.0102611	-0.113	0.113
  9575	-0.0341299	-0.113	0.113
  9576	-0.0416454	-0.113	0.113
  9577	-0.0313043	-0.113	0.113
  9578	-0.0435929	-0.113	0.113
  9579	-0.038639	-0.113	0.113
  9580	-0.0350013	-0.113	0.113
  9581	-0.0438555	-0.113	0.113
  9582	-0.0405133	-0.113	0.113
  9583	-0.0229551	-0.113	0.113
  9584	-0.0110373	-0.113	0.113
  9585	-0.0148088	-0.113	0.113
  9586	-0.0417917	-0.113	0.113
  9587	-0.043892	-0.113	0.113
  9588	-0.0261875	-0.113	0.113
  9589	-0.0192191	-0.113	0.113
  9590	-0.0370666	-0.113	0.113
  9591	-0.0148944	-0.113	0.113
  9592	-0.0248101	-0.113	0.113
  9593	-0.0232364	-0.113	0.113
  9594	-0.0202228	-0.113	0.113
  9595	-0.0112968	-0.113	0.113
  9596	-0.0262443	-0.113	0.113
  9597	-0.0367975	-0.113	0.113
  9598	-0.040967	-0.113	0.113
  9599	-0.016228	-0.113	0.113
  9600	-0.0147589	-0.113	0.113
  9601	-0.0166037	-0.113	0.113
  9602	-0.0281101	-0.113	0.113
  9603	-0.0366158	-0.113	0.113
  9604	-0.0164895	-0.113	0.113
  9605	-0.0163851	-0.113	0.113
  9606	-0.0114297	-0.113	0.113
  9607	-0.0256464	-0.113	0.113
  9608	-0.0218627	-0.113	0.113
  9609	-0.0330406	-0.113	0.113
  9610	-0.0357956	-0.113	0.113
  9611	-0.0181396	-0.113	0.113
  9612	-0.0194792	-0.113	0.113
  9613	-0.0192564	-0.113	0.113
  9614	-0.0265272	-0.113	0.113
  9615	-0.0430666	-0.113	0.113
  9616	-0.0191095	-0.113	0.113
  9617	-0.0206209	-0.113	0.113
  9618	-0.0284207	-0.113	0.113
  9619	-0.0361842	-0.113	0.113
  9620	-0.0441581	-0.113	0.113
  9621	-0.0104067	-0.113	0.113
  9622	-0.0316067	-0.113	0.113
  9623	-0.0435039	-0.113	0.113
  9624	-0.0372544	-0.113	0.113
  9625	-0.0271767	-0.113	0.113
  9626	-0.0303825	-0.113	0.113
  9627	-0.0179693	-0.113	0.113
  9628	-0.0171053	-0.113	0.113
  9629	-0.0114171	-0.113	0.113
  9630	-0.0258742	-0.113	0.113
  9631	-0.0416624	-0.113	0.113
  9632	-0.0387243	-0.113	0.113
  9633	-0.0216519	-0.113	0.113
  9634	-0.0370551	-0.113	0.113
  9635	-0.0427356	-0.113	0.113
  9636	-0.0246589	-0.113	0.113
  9637	-0.0196588	-0.113	0.113
  9638	-0.0135647	-0.113	0.113
  9639	-0.0434056	-0.113	0.113
  9640	-0.012248	-0.113	0.113
  9641	-0.0181504	-0.113	0.113
  9642	-0.0137689	-0.113	0.113
  9643	-0.0336083	-0.113	0.113
  9644	-0.0429377	-0.113	0.113
  9645	-0.0217096	-0.113	0.113
  9646	-0.0191083	-0.113	0.113
  9647	-0.016518	-0.113	0.113
  9648	-0.0422538	-0.113	0.113
  9649	-0.0108226	-0.113	0.113
  9650	-0.020887	-0.113	0.113
  9651	-0.0102819	-0.113	0.113
  9652	-0.0399781	-0.113	0.113
  9653	-0.0161888	-0.113	0.113
  9654	-0.0206951	-0.113	0.113
  9655	-0.0372141	-0.113	0.113
  9656	-0.0157103	-0.113	0.113
  9657	-0.0100973	-0.113	0.113
  9658	-0.0300846	-0.113	0.113
  9659	-0.0402158	-0.113	0.113
  9660	-0.0309002	-0.113	0.113
  9661	-0.0300244	-0.113	0.113
  9662	-0.0296183	-0.113	0.113
  9663	-0.0412069	-0.113	0.113
  9664	-0.0276185	-0.113	0.113
  9665	-0.042364	-0.113	0.113
  9666	-0.0343714	-0.113	0.113
  9667	-0.0433281	-0.113	0.113
  9668	-0.037277	-0.113	0.113
  9669	-0.0174974	-0.113	0.113
  9670	-0.0278191	-0.113	0.113
  9671	-0.0239748	-0.113	0.113
  9672	-0.0216909	-0.113	0.113
  9673	-0.0333222	-0.113	0.113
  9674	-0.0224728	-0.113	0.113
  9675	-0.0127192	-0.113	0.113
  9676	-0.0217814	-0.113	0.113
  9677	-0.0429161	-0.113	0.113
  9678	-0.0208608	-0.113	0.113
  9679	-0.0370253	-0.113	0.113
  9680	-0.0175597	-0.113	0.113
  9681	-0.0156412	-0.113	0.113
  9682	-0.0424155	-0.113	0.113
  9683	-0.012562	-0.113	0.113
  9684	-0.010455	-0.113	0.113
  9685	-0.024385	-0.113	0.113
  9686	-0.0133084	-0.113	0.113
  9687	-0.0128895	-0.113	0.113
  9688	-0.0169419	-0.113	0.113
  9689	-0.0127766	-0.113	0.113
  9690	-0.0362272	-0.113	0.113
  9691	-0.0425803	-0.113	0.113
  9692	-0.0301649	-0.113	0.113
  9693	-0.0400431	-0.113	0.113
  9694	-0.0440061	-0.113	0.113
  9695	-0.0181805	-0.113	0.113
  9696	-0.0418095	-0.113	0.113
  9697	-0.0435478	-0.113	0.113
  9698	-0.0407368	-0.113	0.113
  9699	-0.0375351	-0.113	0.113
  9700	-0.0172515	-0.113	0.113
  9701	-0.0426231	-0.113	0.113
  9702	-0.0205801	-0.113	0.113
  9703	-0.0112247	-0.113	0.113
  9704	-0.0109703	-0.113	0.113
  9705	-0.0355847	-0.113	0.113
  9706	-0.0277687	-0.113	0.113
  9707	-0.0183457	-0.113	0.113
  9708	-0.0174602	-0.113	0.113
  9709	-0.0102305	-0.113	0.113
  9710	-0.0312141	-0.113	0.113
  9711	-0.0382379	-0.113	0.113
  9712	-0.0179739	-0.113	0.113
  9713	-0.0340652	-0.113	0.113
  9714	-0.0116141	-0.113	0.113
  9715	-0.0359183	-0.113	0.113
  9716	-0.0363471	-0.113	0.113
  9717	-0.0393051	-0.113	0.113
  9718	-0.0220813	-0.113	0.113
  9719	-0.0130186	-0.113	0.113
  9720	-0.0291772	-0.113	0.113
  9721	-0.0133197	-0.113	0.113
  9722	-0.0139876	-0.113	0.113
  9723	-0.0165251	-0.113	0.113
  9724	-0.0344246	-0.113	0.113
  9725	-0.0442655	-0.113	0.113
  9726	-0.0259149	-0.113	0.113
  9727	-0.0342812	-0.113	0.113
  9728	-0.0371962	-0.113	0.113
  9729	-0.0423155	-0.113	0.113
  9730	-0.0330614	-0.113	0.113
  9731	-0.0191613	-0.113	0.113
  9732	-0.02481	-0.113	0.113
  9733	-0.0386454	-0.113	0.113
  9734	-0.0285175	-0.113	0.113
  9735	-0.0424476	-0.113	0.113
  9736	-0.0362546	-0.113	0.113
  9737	-0.04209	-0.113	0.113
  9738	-0.0270988	-0.113	0.113
  9739	-0.0404399	-0.113	0.113
  9740	-0.0218562	-0.113	0.113
  9741	-0.0411766	-0.113	0.113
  9742	-0.0372556	-0.113	0.113
  9743	-0.0107782	-0.113	0.113
  9744	-0.0369673	-0.113	0.113
  9745	-0.0330987	-0.113	0.113
  9746	-0.0129174	-0.113	0.113
  9747	-0.0352741	-0.113	0.113
  9748	-0.0328974	-0.113	0.113
  9749	-0.0303665	-0.113	0.113
  9750	-0.0359979	-0.113	0.113
  9751	-0.0319478	-0.113	0.113
  9752	-0.0276542	-0.113	0.113
  9753	-0.020011	-0.113	0.113
  9754	-0.0369223	-0.113	0.113
  9755	-0.0314559	-0.113	0.113
  9756	-0.0407801	-0.113	0.113
  9757	-0.0325358	-0.113	0.113
  9758	-0.0232029	-0.113	0.113
  9759	-0.0192108	-0.113	0.113
  9760	-0.0135806	-0.113	0.113
  9761	-0.0263829	-0.113	0.113
  9762	-0.0201712	-0.113	0.113
  9763	-0.0217214	-0.113	0.113
  9764	-0.0245369	-0.113	0.113
  9765	-0.0258452	-0.113	0.113
  9766	-0.0292948	-0.113	0.113
  9767	-0.0421378	-0.113	0.113
  9768	-0.0441868	-0.113	0.113
  9769	-0.0159761	-0.113	0.113
  9770	-0.0194273	-0.113	0.113
  9771	-0.0177949	-0.113	0.113
  9772	-0.0138767	-0.113	0.113
  9773	-0.0320565	-0.113	0.113
  9774	-0.0110109	-0.113	0.113
  9775	-0.0142861	-0.113	0.113
  9776	-0.043317	-0.113	0.113
  9777	-0.0427325	-0.113	0.113
  9778	-0.0299343	-0.113	0.113
  9779	-0.0335871	-0.113	0.113
  9780	-0.0151761	-0.113	0.113
  9781	-0.0115885	-0.113	0.113
  9782	-0.0383756	-0.113	0.113
  9783	-0.0105616	-0.113	0.113
  9784	-0.0103789	-0.113	0.113
  9785	-0.0255674	-0.113	0.113
  9786	-0.0219368	-0.113	0.113
  9787	-0.0438216	-0.113	0.113
  9788	-0.0394578	-0.113	0.113
  9789	-0.0348505	-0.113	0.113
  9790	-0.0156349	-0.113	0.113
  9791	-0.0313771	-0.113	0.113
  9792	-0.0434604	-0.113	0.113
  9793	-0.0230101	-0.113	0.113
  9794	-0.0179186	-0.113	0.113
  9795	-0.0299369	-0.113	0.113
  9796	-0.038939	-0.113	0.113
  9797	-0.0222674	-0.113	0.113
  9798	-0.0411202	-0.113	0.113
  9799	-0.0363936	-0.113	0.113
  9800	-0.0114781	-0.113	0.113
  9801	-0.0172531	-0.113	0.113
  9802	-0.01038	-0.113	0.113
  9803	-0.0131985	-0.113	0.113
  9804	-0.0233992	-0.113	0.113
  9805	-0.0380462	-0.113	0.113
  9806	-0.0289161	-0.113	0.113
  9807	-0.0257873	-0.113	0.113
  9808	-0.0292467	-0.113	0.113
  9809	-0.0397045	-0.113	0.113
  9810	-0.0286613	-0.113	0.113
  9811	-0.0381719	-0.113	0.113
  9812	-0.0363803	-0.113	0.113
  9813	-0.0108047	-0.113	0.113
  9814	-0.0183725	-0.113	0.113
  9815	-0.0362107	-0.113	0.113
  9816	-0.0216548	-0.113	0.113
  9817	-0.0201773	-0.113	0.113
  9818	-0.0179198	-0.113	0.113
  9819	-0.0287685	-0.113	0.113
  9820	-0.0321328	-0.113	0.113
  9821	-0.0214133	-0.113	0.113
  9822	-0.0393552	-0.113	0.113
  9823	-0.0116517	-0.113	0.113
  9824	-0.0211899	-0.113	0.113
  9825	-0.0440666	-0.113	0.113
  9826	-0.0161551	-0.113	0.113
  9827	-0.0180256	-0.113	0.113
  9828	-0.039283	-0.113	0.113
  9829	-0.0186912	-0.113	0.113
  9830	-0.0418043	-0.113	0.113
  9831	-0.0336251	-0.113	0.113
  9832	-0.0290579	-0.113	0.113
  9833	-0.0218162	-0.113	0.113
  9834	-0.0488584	-0.113	0.113
  9835	-0.0224455	-0.113	0.113
  9836	-0.0232531	-0.113	0.113
  9837	-0.0221741	-0.113	0.113
  9838	-0.0373832	-0.113	0.113
  9839	-0.0321369	-0.113	0.113
  9840	-0.0276689	-0.113	0.113
  9841	-0.0225501	-0.113	0.113
  9842	-0.0423682	-0.113	0.113
  9843	-0.026472	-0.113	0.113
  9844	-0.0236558	-0.113	0.113
  9845	-0.0215683	-0.113	0.113
  9846	-0.0271021	-0.113	0.113
  9847	-0.0250163	-0.113	0.113
  9848	-0.0411183	-0.113	0.113
  9849	-0.0316238	-0.113	0.113
  9850	-0.017864	-0.113	0.113
  9851	-0.0420119	-0.113	0.113
  9852	-0.030087	-0.113	0.113
  9853	-0.0246914	-0.113	0.113
  9854	-0.0169668	-0.113	0.113
  9855	-0.0139968	-0.113	0.113
  9856	-0.0394179	-0.113	0.113
  9857	-0.0244136	-0.113	0.113
  9858	-0.0111547	-0.113	0.113
  9859	-0.0218097	-0.113	0.113
  9860	-0.0234306	-0.113	0.113
  9861	-0.0203644	-0.113	0.113
  9862	-0.0264286	-0.113	0.113
  9863	-0.0256377	-0.113	0.113
  9864	-0.0356814	-0.113	0.113
  9865	-0.0145714	-0.113	0.113
  9866	-0.0112945	-0.113	0.113
  9867	-0.0328403	-0.113	0.113
  9868	-0.014364	-0.113	0.113
  9869	-0.0413618	-0.113	0.113
  9870	-0.0159735	-0.113	0.113
  9871	-0.0111439	-0.113	0.113
  9872	-0.0429415	-0.113	0.113
  9873	-0.0409118	-0.113	0.113
  9874	-0.0399293	-0.113	0.113
  9875	-0.0422627	-0.113	0.113
  9876	-0.013567	-0.113	0.113
  9877	-0.0269658	-0.113	0.113
  9878	-0.0317116	-0.113	0.113
  9879	-0.0183322	-0.113	0.113
  9880	-0.0202642	-0.113	0.113
  9881	-0.0208508	-0.113	0.113
  9882	-0.0296006	-0.113	0.113
  9883	-0.0165803	-0.113	0.113
  9884	-0.0440387	-0.113	0.113
  9885	-0.0140705	-0.113	0.113
  9886	-0.0341926	-0.113	0.113
  9887	-0.0439382	-0.113	0.113
  9888	-0.0136933	-0.113	0.113
  9889	-0.0205888	-0.113	0.113
  9890	-0.0324642	-0.113	0.113
  9891	-0.0130975	-0.113	0.113
  9892	-0.0414451	-0.113	0.113
  9893	-0.030008	-0.113	0.113
  9894	-0.0189651	-0.113	0.113
  9895	-0.0215499	-0.113	0.113
  9896	-0.023081	-0.113	0.113
  9897	-0.0303923	-0.113	0.113
  9898	-0.0324163	-0.113	0.113
  9899	-0.0359969	-0.113	0.113
  9900	-0.0389294	-0.113	0.113
  9901	-0.0304479	-0.113	0.113
  9902	-0.0423669	-0.113	0.113
  9903	-0.0436628	-0.113	0.113
  9904	-0.0117359	-0.113	0.113
  9905	-0.0212362	-0.113	0.113
  9906	-0.0294999	-0.113	0.113
  9907	-0.0352203	-0.113	0.113
  9908	-0.0392952	-0.113	0.113
  9909	-0.0100388	-0.113	0.113
  9910	-0.0411816	-0.113	0.113
  9911	-0.0175484	-0.113	0.113
  9912	-0.0261761	-0.113	0.113
  9913	-0.0124913	-0.113	0.113
  9914	-0.0384292	-0.113	0.113
  9915	-0.0265654	-0.113	0.113
  9916	-0.0298583	-0.113	0.113
  9917	-0.0390409	-0.113	0.113
  9918	-0.039228	-0.113	0.113
  9919	-0.0285776	-0.113	0.113
  9920	-0.0309083	-0.113	0.113
  9921	-0.0142521	-0.113	0.113
  9922	-0.0313217	-0.113	0.113
  9923	-0.0105842	-0.113	0.113
  9924	-0.0160838	-0.113	0.113
  9925	-0.0125211	-0.113	0.113
  9926	-0.0437213	-0.113	0.113
  9927	-0.0190517	-0.113	0.113
  9928	-0.0279251	-0.113	0.113
  9929	-0.0127473	-0.113	0.113
  9930	-0.0378369	-0.113	0.113
  9931	-0.0302079	-0.113	0.113
  9932	-0.0158804	-0.113	0.113
  9933	-0.010357	-0.113	0.113
  9934	-0.0329333	-0.113	0.113
  9935	-0.0194654	-0.113	0.113
  9936	-0.0179832	-0.113	0.113
  9937	-0.0406933	-0.113	0.113
  9938	-0.0289909	-0.113	0.113
  9939	-0.034524	-0.113	0.113
  9940	-0.0333205	-0.113	0.113
  9941	-0.0288832	-0.113	0.113
  9942	-0.0160811	-0.113	0.113
  9943	-0.0186816	-0.113	0.113
  9944	-0.0325233	-0.113	0.113
  9945	-0.0262459	-0.113	0.113
  9946	-0.027246	-0.113	0.113
  9947	-0.0164386	-0.113	0.113
  9948	-0.0229008	-0.113	0.113
  9949	-0.0250617	-0.113	0.113
  9950	-0.0350245	-0.113	0.113
  9951	-0.0117874	-0.113	0.113
  9952	-0.0268472	-0.113	0.113
  9953	-0.0281708	-0.113	0.113
  9954	-0.0106941	-0.113	0.113
  9955	-0.0205273	-0.113	0.113
  9956	-0.0215189	-0.113	0.113
  9957	-0.0429572	-0.113	0.113
  9958	-0.0289268	-0.113	0.113
  9959	-0.0218639	-0.113	0.113
  9960	-0.0369321	-0.113	0.113
  9961	-0.0299261	-0.113	0.113
  9962	-0.0145725	-0.113	0.113
  9963	-0.0216548	-0.113	0.113
  9964	-0.0421276	-0.113	0.113
  9965	-0.0398732	-0.113	0.113
  9966	-0.0336495	-0.113	0.113
  9967	-0.0295435	-0.113	0.113
  9968	-0.0254456	-0.113	0.113
  9969	-0.0107337	-0.113	0.113
  9970	-0.0240706	-0.113	0.113
  9971	-0.0373892	-0.113	0.113
  9972	-0.0149783	-0.113	0.113
  9973	-0.0124811	-0.113	0.113
  9974	-0.0106964	-0.113	0.113
  9975	-0.0370145	-0.113	0.113
  9976	-0.0271435	-0.113	0.113
  9977	-0.0151979	-0.113	0.113
  9978	-0.0425104	-0.113	0.113
  9979	-0.0100499	-0.113	0.113
  9980	-0.0282128	-0.113	0.113
  9981	-0.0343536	-0.113	0.113
  9982	-0.0297694	-0.113	0.113
  9983	-0.0280171	-0.113	0.113
  9984	-0.0437965	-0.113	0.113
  9985	-0.0371723	-0.113	0.113
  9986	-0.038248	-0.113	0.113
  9987	-0.0369931	-0.113	0.113
  9988	-0.0138561	-0.113	0.113
  9989	-0.0317874	-0.113	0.113
  9990	-0.0118128	-0.113	0.113
  9991	-0.0100069	-0.113	0.113
  9992	-0.0417605	-0.113	0.113
  9993	-0.0304027	-0.113	0.113
  9994	-0.0117081	-0.113	0.113
  9995	-0.0181926	-0.113	0.113
  9996	-0.0150344	-0.113	0.113
  9997	-0.0365709	-0.113	0.113
  9998	-0.0298137	-0.113	0.113
  9999	-0.021101	-0.113	0.113
 10000	-0.0215152	-0.113	0.113
