Measurement: SNMMAX
  step	MAX(0.707*V(v1)-0.707*V(v2))	FROM	TO
     1	0.0748133	-0.17	0.17
     2	0.0750502	-0.17	0.17
     3	0.0687317	-0.17	0.17
     4	0.0679666	-0.17	0.17
     5	0.0576241	-0.17	0.17
     6	0.0644246	-0.17	0.17
     7	0.0374604	-0.17	0.17
     8	0.0631567	-0.17	0.17
     9	0.0587208	-0.17	0.17
    10	0.0388235	-0.17	0.17
    11	0.0639118	-0.17	0.17
    12	0.0623616	-0.17	0.17
    13	0.0532245	-0.17	0.17
    14	0.0745154	-0.17	0.17
    15	0.0384554	-0.17	0.17
    16	0.0714723	-0.17	0.17
    17	0.0147451	-0.17	0.17
    18	0.0135811	-0.17	0.17
    19	0.0794432	-0.17	0.17
    20	0.0289836	-0.17	0.17
    21	0.0501396	-0.17	0.17
    22	0.0254265	-0.17	0.17
    23	0.0481654	-0.17	0.17
    24	0.039084	-0.17	0.17
    25	0.026239	-0.17	0.17
    26	0.0673573	-0.17	0.17
    27	0.068896	-0.17	0.17
    28	0.049502	-0.17	0.17
    29	0.0304508	-0.17	0.17
    30	0.0377693	-0.17	0.17
    31	0.0769753	-0.17	0.17
    32	0.0747596	-0.17	0.17
    33	0.0360187	-0.17	0.17
    34	0.0340696	-0.17	0.17
    35	0.0694845	-0.17	0.17
    36	0.0749578	-0.17	0.17
    37	0.0739897	-0.17	0.17
    38	0.0630851	-0.17	0.17
    39	0.0565941	-0.17	0.17
    40	0.0584584	-0.17	0.17
    41	0.0433642	-0.17	0.17
    42	0.0420916	-0.17	0.17
    43	0.0377433	-0.17	0.17
    44	0.0659073	-0.17	0.17
    45	0.0625027	-0.17	0.17
    46	0.0709611	-0.17	0.17
    47	0.0779178	-0.17	0.17
    48	0.0585427	-0.17	0.17
    49	0.069577	-0.17	0.17
    50	0.0713127	-0.17	0.17
    51	0.0771486	-0.17	0.17
    52	0.0590746	-0.17	0.17
    53	0.0135127	-0.17	0.17
    54	0.0509133	-0.17	0.17
    55	0.0499425	-0.17	0.17
    56	0.0539564	-0.17	0.17
    57	0.0552517	-0.17	0.17
    58	0.0671695	-0.17	0.17
    59	0.0250474	-0.17	0.17
    60	0.0739471	-0.17	0.17
    61	0.0289235	-0.17	0.17
    62	0.0679773	-0.17	0.17
    63	0.0674833	-0.17	0.17
    64	0.0735028	-0.17	0.17
    65	0.051339	-0.17	0.17
    66	0.022521	-0.17	0.17
    67	0.0165556	-0.17	0.17
    68	0.0148718	-0.17	0.17
    69	0.0440281	-0.17	0.17
    70	0.0799166	-0.17	0.17
    71	0.0573903	-0.17	0.17
    72	0.0739767	-0.17	0.17
    73	0.0706102	-0.17	0.17
    74	0.0663651	-0.17	0.17
    75	0.0778599	-0.17	0.17
    76	0.0796399	-0.17	0.17
    77	0.0804727	-0.17	0.17
    78	0.0768677	-0.17	0.17
    79	0.0693003	-0.17	0.17
    80	0.0317467	-0.17	0.17
    81	0.0525994	-0.17	0.17
    82	0.061223	-0.17	0.17
    83	0.0774184	-0.17	0.17
    84	0.0615942	-0.17	0.17
    85	0.0199677	-0.17	0.17
    86	0.0520409	-0.17	0.17
    87	0.0677285	-0.17	0.17
    88	0.0210321	-0.17	0.17
    89	0.0467132	-0.17	0.17
    90	0.0651983	-0.17	0.17
    91	0.0737485	-0.17	0.17
    92	0.0703982	-0.17	0.17
    93	0.0549547	-0.17	0.17
    94	0.079711	-0.17	0.17
    95	0.0650433	-0.17	0.17
    96	0.0733145	-0.17	0.17
    97	0.0601868	-0.17	0.17
    98	0.0802698	-0.17	0.17
    99	0.0784596	-0.17	0.17
   100	0.0640297	-0.17	0.17
   101	0.0703508	-0.17	0.17
   102	0.0772491	-0.17	0.17
   103	0.0645023	-0.17	0.17
   104	0.0568262	-0.17	0.17
   105	0.0195425	-0.17	0.17
   106	0.0426424	-0.17	0.17
   107	0.0584487	-0.17	0.17
   108	0.0681515	-0.17	0.17
   109	0.0605076	-0.17	0.17
   110	0.0727856	-0.17	0.17
   111	0.0784484	-0.17	0.17
   112	0.0631989	-0.17	0.17
   113	0.0706026	-0.17	0.17
   114	0.0720469	-0.17	0.17
   115	0.065511	-0.17	0.17
   116	0.0480604	-0.17	0.17
   117	0.0804296	-0.17	0.17
   118	0.0450421	-0.17	0.17
   119	0.067139	-0.17	0.17
   120	0.0774608	-0.17	0.17
   121	0.048263	-0.17	0.17
   122	0.0802824	-0.17	0.17
   123	0.0708214	-0.17	0.17
   124	0.0535021	-0.17	0.17
   125	0.0739692	-0.17	0.17
   126	0.0382856	-0.17	0.17
   127	0.0621853	-0.17	0.17
   128	0.0662215	-0.17	0.17
   129	0.0752416	-0.17	0.17
   130	0.0506441	-0.17	0.17
   131	0.0412107	-0.17	0.17
   132	0.0673082	-0.17	0.17
   133	0.0676552	-0.17	0.17
   134	0.0728579	-0.17	0.17
   135	0.0470597	-0.17	0.17
   136	0.0629735	-0.17	0.17
   137	0.0204563	-0.17	0.17
   138	0.0307104	-0.17	0.17
   139	0.0732337	-0.17	0.17
   140	0.0254695	-0.17	0.17
   141	0.0454716	-0.17	0.17
   142	0.0796376	-0.17	0.17
   143	0.077701	-0.17	0.17
   144	0.0801094	-0.17	0.17
   145	0.0800025	-0.17	0.17
   146	0.0599398	-0.17	0.17
   147	0.0592777	-0.17	0.17
   148	0.0235709	-0.17	0.17
   149	0.0773164	-0.17	0.17
   150	0.0736882	-0.17	0.17
   151	0.073575	-0.17	0.17
   152	0.0757935	-0.17	0.17
   153	0.0606961	-0.17	0.17
   154	0.04853	-0.17	0.17
   155	0.0457141	-0.17	0.17
   156	0.0682726	-0.17	0.17
   157	0.0653866	-0.17	0.17
   158	0.0552371	-0.17	0.17
   159	0.0709056	-0.17	0.17
   160	0.0765592	-0.17	0.17
   161	0.039903	-0.17	0.17
   162	0.0781636	-0.17	0.17
   163	0.0736717	-0.17	0.17
   164	0.0677953	-0.17	0.17
   165	0.0229086	-0.17	0.17
   166	0.0791212	-0.17	0.17
   167	0.0685622	-0.17	0.17
   168	0.0605598	-0.17	0.17
   169	0.0705176	-0.17	0.17
   170	0.0756724	-0.17	0.17
   171	0.0628509	-0.17	0.17
   172	0.0554197	-0.17	0.17
   173	0.0519011	-0.17	0.17
   174	0.0779073	-0.17	0.17
   175	0.0152408	-0.17	0.17
   176	0.0383829	-0.17	0.17
   177	0.0354962	-0.17	0.17
   178	0.0592866	-0.17	0.17
   179	0.030374	-0.17	0.17
   180	0.0524425	-0.17	0.17
   181	0.047667	-0.17	0.17
   182	0.0672478	-0.17	0.17
   183	0.075432	-0.17	0.17
   184	0.0753849	-0.17	0.17
   185	0.024019	-0.17	0.17
   186	0.0603986	-0.17	0.17
   187	0.0338681	-0.17	0.17
   188	0.0623919	-0.17	0.17
   189	0.079474	-0.17	0.17
   190	0.0354485	-0.17	0.17
   191	0.0805548	-0.17	0.17
   192	0.0699968	-0.17	0.17
   193	0.0505497	-0.17	0.17
   194	0.0420881	-0.17	0.17
   195	0.0781523	-0.17	0.17
   196	0.0377056	-0.17	0.17
   197	0.0803258	-0.17	0.17
   198	0.077591	-0.17	0.17
   199	0.0415036	-0.17	0.17
   200	0.0580283	-0.17	0.17
   201	0.0511223	-0.17	0.17
   202	0.0430378	-0.17	0.17
   203	0.0724018	-0.17	0.17
   204	0.069609	-0.17	0.17
   205	0.0707201	-0.17	0.17
   206	0.0743793	-0.17	0.17
   207	0.0590744	-0.17	0.17
   208	0.0337112	-0.17	0.17
   209	0.0382456	-0.17	0.17
   210	0.0407247	-0.17	0.17
   211	0.0543181	-0.17	0.17
   212	0.0587502	-0.17	0.17
   213	0.050319	-0.17	0.17
   214	0.0452002	-0.17	0.17
   215	0.0759856	-0.17	0.17
   216	0.0619326	-0.17	0.17
   217	0.0566592	-0.17	0.17
   218	0.0597613	-0.17	0.17
   219	0.0290425	-0.17	0.17
   220	0.0575017	-0.17	0.17
   221	0.0771852	-0.17	0.17
   222	0.0760294	-0.17	0.17
   223	0.0796342	-0.17	0.17
   224	0.0717821	-0.17	0.17
   225	0.0776563	-0.17	0.17
   226	0.0239087	-0.17	0.17
   227	0.0522478	-0.17	0.17
   228	0.0572096	-0.17	0.17
   229	0.0463327	-0.17	0.17
   230	0.0444946	-0.17	0.17
   231	0.0796641	-0.17	0.17
   232	0.0801496	-0.17	0.17
   233	0.0742305	-0.17	0.17
   234	0.0713354	-0.17	0.17
   235	0.0632383	-0.17	0.17
   236	0.0551449	-0.17	0.17
   237	0.0735594	-0.17	0.17
   238	0.0286438	-0.17	0.17
   239	0.0615198	-0.17	0.17
   240	0.0433288	-0.17	0.17
   241	0.0606234	-0.17	0.17
   242	0.0416467	-0.17	0.17
   243	0.0753116	-0.17	0.17
   244	0.023239	-0.17	0.17
   245	0.0549712	-0.17	0.17
   246	0.0468258	-0.17	0.17
   247	0.046033	-0.17	0.17
   248	0.0792878	-0.17	0.17
   249	0.0794865	-0.17	0.17
   250	0.0689479	-0.17	0.17
   251	0.0617376	-0.17	0.17
   252	0.0204558	-0.17	0.17
   253	0.024515	-0.17	0.17
   254	0.0151616	-0.17	0.17
   255	0.0808005	-0.17	0.17
   256	0.0332047	-0.17	0.17
   257	0.0793999	-0.17	0.17
   258	0.0522624	-0.17	0.17
   259	0.0602654	-0.17	0.17
   260	0.0278781	-0.17	0.17
   261	0.0580235	-0.17	0.17
   262	0.0516855	-0.17	0.17
   263	0.0759763	-0.17	0.17
   264	0.0646484	-0.17	0.17
   265	0.0540658	-0.17	0.17
   266	0.0563485	-0.17	0.17
   267	0.0697925	-0.17	0.17
   268	0.0631301	-0.17	0.17
   269	0.0541798	-0.17	0.17
   270	0.0628141	-0.17	0.17
   271	0.0440825	-0.17	0.17
   272	0.0572522	-0.17	0.17
   273	0.0492895	-0.17	0.17
   274	0.0628611	-0.17	0.17
   275	0.0797183	-0.17	0.17
   276	0.0805178	-0.17	0.17
   277	0.0798526	-0.17	0.17
   278	0.0587728	-0.17	0.17
   279	0.0788915	-0.17	0.17
   280	0.0669879	-0.17	0.17
   281	0.0647804	-0.17	0.17
   282	0.0798988	-0.17	0.17
   283	0.0203209	-0.17	0.17
   284	0.0788846	-0.17	0.17
   285	0.0580078	-0.17	0.17
   286	0.0602139	-0.17	0.17
   287	0.0734194	-0.17	0.17
   288	0.0429881	-0.17	0.17
   289	0.0698486	-0.17	0.17
   290	0.0692683	-0.17	0.17
   291	0.0329581	-0.17	0.17
   292	0.0721349	-0.17	0.17
   293	0.0782447	-0.17	0.17
   294	0.078311	-0.17	0.17
   295	0.0439993	-0.17	0.17
   296	0.0727037	-0.17	0.17
   297	0.0525636	-0.17	0.17
   298	0.0614445	-0.17	0.17
   299	0.0659224	-0.17	0.17
   300	0.0559247	-0.17	0.17
   301	0.0774753	-0.17	0.17
   302	0.0601703	-0.17	0.17
   303	0.0636533	-0.17	0.17
   304	0.0559118	-0.17	0.17
   305	0.0647004	-0.17	0.17
   306	0.0803153	-0.17	0.17
   307	0.080649	-0.17	0.17
   308	0.0675778	-0.17	0.17
   309	0.0777725	-0.17	0.17
   310	0.0679513	-0.17	0.17
   311	0.0550337	-0.17	0.17
   312	0.0577993	-0.17	0.17
   313	0.0712575	-0.17	0.17
   314	0.0755465	-0.17	0.17
   315	0.0618148	-0.17	0.17
   316	0.0717689	-0.17	0.17
   317	0.0452054	-0.17	0.17
   318	0.0491087	-0.17	0.17
   319	0.0789123	-0.17	0.17
   320	0.0470576	-0.17	0.17
   321	0.0707016	-0.17	0.17
   322	0.0625309	-0.17	0.17
   323	0.0555003	-0.17	0.17
   324	0.0612796	-0.17	0.17
   325	0.0301917	-0.17	0.17
   326	0.0434593	-0.17	0.17
   327	0.0530418	-0.17	0.17
   328	0.0439764	-0.17	0.17
   329	0.0775271	-0.17	0.17
   330	0.0607423	-0.17	0.17
   331	0.0248635	-0.17	0.17
   332	0.0607427	-0.17	0.17
   333	0.0664226	-0.17	0.17
   334	0.0733202	-0.17	0.17
   335	0.0308816	-0.17	0.17
   336	0.0668633	-0.17	0.17
   337	0.0731317	-0.17	0.17
   338	0.0582225	-0.17	0.17
   339	0.0768121	-0.17	0.17
   340	0.065137	-0.17	0.17
   341	0.0644835	-0.17	0.17
   342	0.0490933	-0.17	0.17
   343	0.0735562	-0.17	0.17
   344	0.0385403	-0.17	0.17
   345	0.0759851	-0.17	0.17
   346	0.0448909	-0.17	0.17
   347	0.0330494	-0.17	0.17
   348	0.0333885	-0.17	0.17
   349	0.0785992	-0.17	0.17
   350	0.0492443	-0.17	0.17
   351	0.0248191	-0.17	0.17
   352	0.0615184	-0.17	0.17
   353	0.0538288	-0.17	0.17
   354	0.0385255	-0.17	0.17
   355	0.056096	-0.17	0.17
   356	0.0783196	-0.17	0.17
   357	0.0272839	-0.17	0.17
   358	0.0465887	-0.17	0.17
   359	0.0740172	-0.17	0.17
   360	0.0753713	-0.17	0.17
   361	0.0680382	-0.17	0.17
   362	0.0153159	-0.17	0.17
   363	0.0375547	-0.17	0.17
   364	0.0536048	-0.17	0.17
   365	0.0791702	-0.17	0.17
   366	0.076303	-0.17	0.17
   367	0.0366465	-0.17	0.17
   368	0.0445836	-0.17	0.17
   369	0.0650969	-0.17	0.17
   370	0.060373	-0.17	0.17
   371	0.0685776	-0.17	0.17
   372	0.0694613	-0.17	0.17
   373	0.0720029	-0.17	0.17
   374	0.0249486	-0.17	0.17
   375	0.0744692	-0.17	0.17
   376	0.0505027	-0.17	0.17
   377	0.0416279	-0.17	0.17
   378	0.0318722	-0.17	0.17
   379	0.0286572	-0.17	0.17
   380	0.0693274	-0.17	0.17
   381	0.0771228	-0.17	0.17
   382	0.0600432	-0.17	0.17
   383	0.0643997	-0.17	0.17
   384	0.0506485	-0.17	0.17
   385	0.0508404	-0.17	0.17
   386	0.0691682	-0.17	0.17
   387	0.033667	-0.17	0.17
   388	0.0493052	-0.17	0.17
   389	0.0429286	-0.17	0.17
   390	0.0771649	-0.17	0.17
   391	0.0769437	-0.17	0.17
   392	0.046368	-0.17	0.17
   393	0.080364	-0.17	0.17
   394	0.0646196	-0.17	0.17
   395	0.0623242	-0.17	0.17
   396	0.0437842	-0.17	0.17
   397	0.0804068	-0.17	0.17
   398	0.0568397	-0.17	0.17
   399	0.0791875	-0.17	0.17
   400	0.0249299	-0.17	0.17
   401	0.0642975	-0.17	0.17
   402	0.0669152	-0.17	0.17
   403	0.0541897	-0.17	0.17
   404	0.0506062	-0.17	0.17
   405	0.0780973	-0.17	0.17
   406	0.0417403	-0.17	0.17
   407	0.0601702	-0.17	0.17
   408	0.064582	-0.17	0.17
   409	0.0420026	-0.17	0.17
   410	0.0774202	-0.17	0.17
   411	0.0627991	-0.17	0.17
   412	0.060361	-0.17	0.17
   413	0.0700013	-0.17	0.17
   414	0.0581269	-0.17	0.17
   415	0.0701449	-0.17	0.17
   416	0.0692784	-0.17	0.17
   417	0.080591	-0.17	0.17
   418	0.0782672	-0.17	0.17
   419	0.0224217	-0.17	0.17
   420	0.0438956	-0.17	0.17
   421	0.06946	-0.17	0.17
   422	0.0804861	-0.17	0.17
   423	0.032141	-0.17	0.17
   424	0.0605158	-0.17	0.17
   425	0.0638246	-0.17	0.17
   426	0.0551628	-0.17	0.17
   427	0.0145314	-0.17	0.17
   428	0.0516222	-0.17	0.17
   429	0.0630576	-0.17	0.17
   430	0.0730704	-0.17	0.17
   431	0.0293949	-0.17	0.17
   432	0.0480098	-0.17	0.17
   433	0.0793169	-0.17	0.17
   434	0.0556089	-0.17	0.17
   435	0.0621568	-0.17	0.17
   436	0.0416965	-0.17	0.17
   437	0.0746085	-0.17	0.17
   438	0.0757857	-0.17	0.17
   439	0.0427152	-0.17	0.17
   440	0.0589473	-0.17	0.17
   441	0.080251	-0.17	0.17
   442	0.0568542	-0.17	0.17
   443	0.0645533	-0.17	0.17
   444	0.0750986	-0.17	0.17
   445	0.0787744	-0.17	0.17
   446	0.052697	-0.17	0.17
   447	0.0796552	-0.17	0.17
   448	0.0722864	-0.17	0.17
   449	0.0429299	-0.17	0.17
   450	0.0672622	-0.17	0.17
   451	0.0719934	-0.17	0.17
   452	0.0617169	-0.17	0.17
   453	0.0545985	-0.17	0.17
   454	0.0404225	-0.17	0.17
   455	0.0792628	-0.17	0.17
   456	0.0562638	-0.17	0.17
   457	0.0378541	-0.17	0.17
   458	0.0542763	-0.17	0.17
   459	0.0657737	-0.17	0.17
   460	0.0327267	-0.17	0.17
   461	0.0547741	-0.17	0.17
   462	0.0755967	-0.17	0.17
   463	0.0685371	-0.17	0.17
   464	0.0800817	-0.17	0.17
   465	0.0621501	-0.17	0.17
   466	0.0764661	-0.17	0.17
   467	0.0542254	-0.17	0.17
   468	0.0569611	-0.17	0.17
   469	0.0583451	-0.17	0.17
   470	0.0786867	-0.17	0.17
   471	0.0612826	-0.17	0.17
   472	0.0764846	-0.17	0.17
   473	0.0514911	-0.17	0.17
   474	0.0803115	-0.17	0.17
   475	0.0792145	-0.17	0.17
   476	0.0480863	-0.17	0.17
   477	0.0707228	-0.17	0.17
   478	0.0503872	-0.17	0.17
   479	0.0796153	-0.17	0.17
   480	0.0362221	-0.17	0.17
   481	0.0757956	-0.17	0.17
   482	0.0708508	-0.17	0.17
   483	0.0202313	-0.17	0.17
   484	0.0804696	-0.17	0.17
   485	0.0682322	-0.17	0.17
   486	0.0624681	-0.17	0.17
   487	0.0523479	-0.17	0.17
   488	0.0429083	-0.17	0.17
   489	0.061758	-0.17	0.17
   490	0.0488547	-0.17	0.17
   491	0.0723122	-0.17	0.17
   492	0.0766282	-0.17	0.17
   493	0.0356811	-0.17	0.17
   494	0.0464316	-0.17	0.17
   495	0.07051	-0.17	0.17
   496	0.0794241	-0.17	0.17
   497	0.0691247	-0.17	0.17
   498	0.068188	-0.17	0.17
   499	0.0585291	-0.17	0.17
   500	0.0789483	-0.17	0.17
   501	0.0546931	-0.17	0.17
   502	0.0516184	-0.17	0.17
   503	0.0642872	-0.17	0.17
   504	0.0808673	-0.17	0.17
   505	0.0625011	-0.17	0.17
   506	0.056575	-0.17	0.17
   507	0.048031	-0.17	0.17
   508	0.0560435	-0.17	0.17
   509	0.079127	-0.17	0.17
   510	0.047518	-0.17	0.17
   511	0.0166387	-0.17	0.17
   512	0.0665784	-0.17	0.17
   513	0.0377119	-0.17	0.17
   514	0.0796558	-0.17	0.17
   515	0.0459739	-0.17	0.17
   516	0.0566986	-0.17	0.17
   517	0.0762008	-0.17	0.17
   518	0.0453816	-0.17	0.17
   519	0.0359516	-0.17	0.17
   520	0.0406929	-0.17	0.17
   521	0.0790296	-0.17	0.17
   522	0.0146887	-0.17	0.17
   523	0.0653628	-0.17	0.17
   524	0.0623658	-0.17	0.17
   525	0.0280695	-0.17	0.17
   526	0.0251032	-0.17	0.17
   527	0.075287	-0.17	0.17
   528	0.0578978	-0.17	0.17
   529	0.077728	-0.17	0.17
   530	0.0718805	-0.17	0.17
   531	0.0628923	-0.17	0.17
   532	0.0605383	-0.17	0.17
   533	0.0729252	-0.17	0.17
   534	0.0647519	-0.17	0.17
   535	0.0796874	-0.17	0.17
   536	0.0681477	-0.17	0.17
   537	0.0704176	-0.17	0.17
   538	0.0490944	-0.17	0.17
   539	0.0443806	-0.17	0.17
   540	0.0561124	-0.17	0.17
   541	0.0162261	-0.17	0.17
   542	0.0787735	-0.17	0.17
   543	0.0331359	-0.17	0.17
   544	0.0362389	-0.17	0.17
   545	0.0632636	-0.17	0.17
   546	0.0493167	-0.17	0.17
   547	0.0645227	-0.17	0.17
   548	0.0180226	-0.17	0.17
   549	0.0788959	-0.17	0.17
   550	0.0802778	-0.17	0.17
   551	0.0721643	-0.17	0.17
   552	0.0625242	-0.17	0.17
   553	0.0722185	-0.17	0.17
   554	0.0608998	-0.17	0.17
   555	0.0205828	-0.17	0.17
   556	0.0260214	-0.17	0.17
   557	0.0793701	-0.17	0.17
   558	0.0619134	-0.17	0.17
   559	0.0477288	-0.17	0.17
   560	0.0726047	-0.17	0.17
   561	0.0523926	-0.17	0.17
   562	0.0789607	-0.17	0.17
   563	0.0185995	-0.17	0.17
   564	0.0778472	-0.17	0.17
   565	0.0790095	-0.17	0.17
   566	0.034492	-0.17	0.17
   567	0.0798374	-0.17	0.17
   568	0.0451227	-0.17	0.17
   569	0.0764236	-0.17	0.17
   570	0.0689941	-0.17	0.17
   571	0.0798082	-0.17	0.17
   572	0.0603616	-0.17	0.17
   573	0.0300159	-0.17	0.17
   574	0.0792556	-0.17	0.17
   575	0.0765832	-0.17	0.17
   576	0.0440012	-0.17	0.17
   577	0.0566424	-0.17	0.17
   578	0.0529557	-0.17	0.17
   579	0.0741658	-0.17	0.17
   580	0.0467054	-0.17	0.17
   581	0.0806141	-0.17	0.17
   582	0.0781651	-0.17	0.17
   583	0.0149397	-0.17	0.17
   584	0.0649529	-0.17	0.17
   585	0.044328	-0.17	0.17
   586	0.0503235	-0.17	0.17
   587	0.0624171	-0.17	0.17
   588	0.0328574	-0.17	0.17
   589	0.0411222	-0.17	0.17
   590	0.0773223	-0.17	0.17
   591	0.0361827	-0.17	0.17
   592	0.0666424	-0.17	0.17
   593	0.0202991	-0.17	0.17
   594	0.080525	-0.17	0.17
   595	0.0794263	-0.17	0.17
   596	0.0802175	-0.17	0.17
   597	0.0216114	-0.17	0.17
   598	0.0801029	-0.17	0.17
   599	0.0593946	-0.17	0.17
   600	0.0792861	-0.17	0.17
   601	0.0805031	-0.17	0.17
   602	0.0538601	-0.17	0.17
   603	0.0804991	-0.17	0.17
   604	0.0488951	-0.17	0.17
   605	0.0670776	-0.17	0.17
   606	0.0556673	-0.17	0.17
   607	0.0564079	-0.17	0.17
   608	0.0725408	-0.17	0.17
   609	0.0454702	-0.17	0.17
   610	0.0754344	-0.17	0.17
   611	0.0788647	-0.17	0.17
   612	0.0236428	-0.17	0.17
   613	0.0567478	-0.17	0.17
   614	0.0677253	-0.17	0.17
   615	0.0545426	-0.17	0.17
   616	0.0518093	-0.17	0.17
   617	0.0790289	-0.17	0.17
   618	0.0728541	-0.17	0.17
   619	0.0239116	-0.17	0.17
   620	0.0742491	-0.17	0.17
   621	0.0689674	-0.17	0.17
   622	0.0576944	-0.17	0.17
   623	0.0441616	-0.17	0.17
   624	0.0435246	-0.17	0.17
   625	0.0778592	-0.17	0.17
   626	0.0750688	-0.17	0.17
   627	0.0446133	-0.17	0.17
   628	0.0467763	-0.17	0.17
   629	0.0433041	-0.17	0.17
   630	0.0165968	-0.17	0.17
   631	0.0487328	-0.17	0.17
   632	0.0555187	-0.17	0.17
   633	0.0633042	-0.17	0.17
   634	0.0638405	-0.17	0.17
   635	0.0208502	-0.17	0.17
   636	0.0738133	-0.17	0.17
   637	0.0426372	-0.17	0.17
   638	0.0787794	-0.17	0.17
   639	0.0803509	-0.17	0.17
   640	0.0655784	-0.17	0.17
   641	0.0482415	-0.17	0.17
   642	0.053116	-0.17	0.17
   643	0.0560001	-0.17	0.17
   644	0.0519046	-0.17	0.17
   645	0.0804464	-0.17	0.17
   646	0.0261325	-0.17	0.17
   647	0.0731888	-0.17	0.17
   648	0.0487587	-0.17	0.17
   649	0.0205846	-0.17	0.17
   650	0.0449416	-0.17	0.17
   651	0.0744826	-0.17	0.17
   652	0.0421809	-0.17	0.17
   653	0.0709531	-0.17	0.17
   654	0.0562007	-0.17	0.17
   655	0.0277514	-0.17	0.17
   656	0.0535761	-0.17	0.17
   657	0.0628102	-0.17	0.17
   658	0.0385647	-0.17	0.17
   659	0.0665001	-0.17	0.17
   660	0.0787946	-0.17	0.17
   661	0.0563213	-0.17	0.17
   662	0.0795979	-0.17	0.17
   663	0.0414112	-0.17	0.17
   664	0.0796277	-0.17	0.17
   665	0.07527	-0.17	0.17
   666	0.0173812	-0.17	0.17
   667	0.0358145	-0.17	0.17
   668	0.0686921	-0.17	0.17
   669	0.0450411	-0.17	0.17
   670	0.041123	-0.17	0.17
   671	0.0578023	-0.17	0.17
   672	0.0747594	-0.17	0.17
   673	0.0641444	-0.17	0.17
   674	0.0383996	-0.17	0.17
   675	0.0579467	-0.17	0.17
   676	0.0800984	-0.17	0.17
   677	0.0582341	-0.17	0.17
   678	0.0702891	-0.17	0.17
   679	0.0581598	-0.17	0.17
   680	0.0544135	-0.17	0.17
   681	0.0661814	-0.17	0.17
   682	0.078871	-0.17	0.17
   683	0.0727681	-0.17	0.17
   684	0.0799654	-0.17	0.17
   685	0.0420887	-0.17	0.17
   686	0.0467979	-0.17	0.17
   687	0.022721	-0.17	0.17
   688	0.0494338	-0.17	0.17
   689	0.0560046	-0.17	0.17
   690	0.0539521	-0.17	0.17
   691	0.0723821	-0.17	0.17
   692	0.0668032	-0.17	0.17
   693	0.0720261	-0.17	0.17
   694	0.0599847	-0.17	0.17
   695	0.0454061	-0.17	0.17
   696	0.0233102	-0.17	0.17
   697	0.058828	-0.17	0.17
   698	0.0129912	-0.17	0.17
   699	0.0524943	-0.17	0.17
   700	0.046081	-0.17	0.17
   701	0.0803849	-0.17	0.17
   702	0.0775192	-0.17	0.17
   703	0.0430504	-0.17	0.17
   704	0.066394	-0.17	0.17
   705	0.076965	-0.17	0.17
   706	0.0133432	-0.17	0.17
   707	0.0791141	-0.17	0.17
   708	0.0214122	-0.17	0.17
   709	0.0691211	-0.17	0.17
   710	0.0802861	-0.17	0.17
   711	0.0670955	-0.17	0.17
   712	0.0624623	-0.17	0.17
   713	0.0774307	-0.17	0.17
   714	0.0784182	-0.17	0.17
   715	0.0384964	-0.17	0.17
   716	0.0287921	-0.17	0.17
   717	0.0764354	-0.17	0.17
   718	0.0567176	-0.17	0.17
   719	0.0697582	-0.17	0.17
   720	0.0647726	-0.17	0.17
   721	0.0168949	-0.17	0.17
   722	0.0403739	-0.17	0.17
   723	0.0252127	-0.17	0.17
   724	0.0557955	-0.17	0.17
   725	0.0691781	-0.17	0.17
   726	0.0742318	-0.17	0.17
   727	0.0459636	-0.17	0.17
   728	0.0499773	-0.17	0.17
   729	0.0687268	-0.17	0.17
   730	0.0728066	-0.17	0.17
   731	0.0703683	-0.17	0.17
   732	0.0767858	-0.17	0.17
   733	0.0655362	-0.17	0.17
   734	0.0605402	-0.17	0.17
   735	0.0745793	-0.17	0.17
   736	0.0657693	-0.17	0.17
   737	0.0710722	-0.17	0.17
   738	0.0795551	-0.17	0.17
   739	0.0794315	-0.17	0.17
   740	0.0771273	-0.17	0.17
   741	0.0770153	-0.17	0.17
   742	0.0239213	-0.17	0.17
   743	0.0615925	-0.17	0.17
   744	0.0616102	-0.17	0.17
   745	0.0743964	-0.17	0.17
   746	0.0458697	-0.17	0.17
   747	0.0800587	-0.17	0.17
   748	0.0298191	-0.17	0.17
   749	0.0715915	-0.17	0.17
   750	0.0767257	-0.17	0.17
   751	0.0583605	-0.17	0.17
   752	0.0588523	-0.17	0.17
   753	0.0358009	-0.17	0.17
   754	0.0462965	-0.17	0.17
   755	0.0712192	-0.17	0.17
   756	0.075182	-0.17	0.17
   757	0.0786481	-0.17	0.17
   758	0.069365	-0.17	0.17
   759	0.0618344	-0.17	0.17
   760	0.0411143	-0.17	0.17
   761	0.0295652	-0.17	0.17
   762	0.0707501	-0.17	0.17
   763	0.023068	-0.17	0.17
   764	0.058944	-0.17	0.17
   765	0.0737273	-0.17	0.17
   766	0.0452946	-0.17	0.17
   767	0.0779114	-0.17	0.17
   768	0.0775306	-0.17	0.17
   769	0.0345208	-0.17	0.17
   770	0.0767217	-0.17	0.17
   771	0.0613524	-0.17	0.17
   772	0.0674374	-0.17	0.17
   773	0.0749631	-0.17	0.17
   774	0.048411	-0.17	0.17
   775	0.0146641	-0.17	0.17
   776	0.0404188	-0.17	0.17
   777	0.0770399	-0.17	0.17
   778	0.0498762	-0.17	0.17
   779	0.0450221	-0.17	0.17
   780	0.0599545	-0.17	0.17
   781	0.0788727	-0.17	0.17
   782	0.0458966	-0.17	0.17
   783	0.0784817	-0.17	0.17
   784	0.0521461	-0.17	0.17
   785	0.0727867	-0.17	0.17
   786	0.0548201	-0.17	0.17
   787	0.0801556	-0.17	0.17
   788	0.0642856	-0.17	0.17
   789	0.0375138	-0.17	0.17
   790	0.0591486	-0.17	0.17
   791	0.0739977	-0.17	0.17
   792	0.0593569	-0.17	0.17
   793	0.0500986	-0.17	0.17
   794	0.0687224	-0.17	0.17
   795	0.0646259	-0.17	0.17
   796	0.0787213	-0.17	0.17
   797	0.0732652	-0.17	0.17
   798	0.0405279	-0.17	0.17
   799	0.0641299	-0.17	0.17
   800	0.0538016	-0.17	0.17
   801	0.0799829	-0.17	0.17
   802	0.0181336	-0.17	0.17
   803	0.0489328	-0.17	0.17
   804	0.0788548	-0.17	0.17
   805	0.0683871	-0.17	0.17
   806	0.0432901	-0.17	0.17
   807	0.071583	-0.17	0.17
   808	0.0431518	-0.17	0.17
   809	0.05086	-0.17	0.17
   810	0.0579795	-0.17	0.17
   811	0.0295998	-0.17	0.17
   812	0.0189091	-0.17	0.17
   813	0.0417765	-0.17	0.17
   814	0.0559112	-0.17	0.17
   815	0.0204248	-0.17	0.17
   816	0.0332942	-0.17	0.17
   817	0.063233	-0.17	0.17
   818	0.0458095	-0.17	0.17
   819	0.0520938	-0.17	0.17
   820	0.0726298	-0.17	0.17
   821	0.058588	-0.17	0.17
   822	0.048873	-0.17	0.17
   823	0.0741068	-0.17	0.17
   824	0.0133977	-0.17	0.17
   825	0.041771	-0.17	0.17
   826	0.055122	-0.17	0.17
   827	0.0753562	-0.17	0.17
   828	0.0755179	-0.17	0.17
   829	0.0657144	-0.17	0.17
   830	0.0477746	-0.17	0.17
   831	0.0560867	-0.17	0.17
   832	0.0244566	-0.17	0.17
   833	0.0592589	-0.17	0.17
   834	0.0260767	-0.17	0.17
   835	0.0529016	-0.17	0.17
   836	0.0653754	-0.17	0.17
   837	0.0394384	-0.17	0.17
   838	0.0484355	-0.17	0.17
   839	0.0509154	-0.17	0.17
   840	0.0327135	-0.17	0.17
   841	0.0769864	-0.17	0.17
   842	0.0737407	-0.17	0.17
   843	0.040477	-0.17	0.17
   844	0.0726675	-0.17	0.17
   845	0.0771621	-0.17	0.17
   846	0.0798259	-0.17	0.17
   847	0.066665	-0.17	0.17
   848	0.0717144	-0.17	0.17
   849	0.0711109	-0.17	0.17
   850	0.0571635	-0.17	0.17
   851	0.0620236	-0.17	0.17
   852	0.0625563	-0.17	0.17
   853	0.0183538	-0.17	0.17
   854	0.0340053	-0.17	0.17
   855	0.0636636	-0.17	0.17
   856	0.078951	-0.17	0.17
   857	0.0614527	-0.17	0.17
   858	0.0726279	-0.17	0.17
   859	0.0710653	-0.17	0.17
   860	0.0773008	-0.17	0.17
   861	0.0474523	-0.17	0.17
   862	0.0797128	-0.17	0.17
   863	0.0722267	-0.17	0.17
   864	0.0443202	-0.17	0.17
   865	0.0489365	-0.17	0.17
   866	0.0447438	-0.17	0.17
   867	0.0354446	-0.17	0.17
   868	0.0586195	-0.17	0.17
   869	0.0354849	-0.17	0.17
   870	0.0387312	-0.17	0.17
   871	0.076646	-0.17	0.17
   872	0.0443808	-0.17	0.17
   873	0.0551743	-0.17	0.17
   874	0.0469841	-0.17	0.17
   875	0.0544869	-0.17	0.17
   876	0.0521341	-0.17	0.17
   877	0.067102	-0.17	0.17
   878	0.0712746	-0.17	0.17
   879	0.0592955	-0.17	0.17
   880	0.0699432	-0.17	0.17
   881	0.0316425	-0.17	0.17
   882	0.0225411	-0.17	0.17
   883	0.0299187	-0.17	0.17
   884	0.075262	-0.17	0.17
   885	0.0803162	-0.17	0.17
   886	0.0709673	-0.17	0.17
   887	0.0729359	-0.17	0.17
   888	0.062591	-0.17	0.17
   889	0.0428509	-0.17	0.17
   890	0.0657861	-0.17	0.17
   891	0.0312657	-0.17	0.17
   892	0.080417	-0.17	0.17
   893	0.0556553	-0.17	0.17
   894	0.0353013	-0.17	0.17
   895	0.0648617	-0.17	0.17
   896	0.0501748	-0.17	0.17
   897	0.0790353	-0.17	0.17
   898	0.0732928	-0.17	0.17
   899	0.0747714	-0.17	0.17
   900	0.0696247	-0.17	0.17
   901	0.0454117	-0.17	0.17
   902	0.0608759	-0.17	0.17
   903	0.0193764	-0.17	0.17
   904	0.0562616	-0.17	0.17
   905	0.0689741	-0.17	0.17
   906	0.0147174	-0.17	0.17
   907	0.0648489	-0.17	0.17
   908	0.0554119	-0.17	0.17
   909	0.0300434	-0.17	0.17
   910	0.0777469	-0.17	0.17
   911	0.0423788	-0.17	0.17
   912	0.0509499	-0.17	0.17
   913	0.0626312	-0.17	0.17
   914	0.0636101	-0.17	0.17
   915	0.0496878	-0.17	0.17
   916	0.0803183	-0.17	0.17
   917	0.0704178	-0.17	0.17
   918	0.0183558	-0.17	0.17
   919	0.038747	-0.17	0.17
   920	0.064302	-0.17	0.17
   921	0.0506405	-0.17	0.17
   922	0.028777	-0.17	0.17
   923	0.0600644	-0.17	0.17
   924	0.0489851	-0.17	0.17
   925	0.0681013	-0.17	0.17
   926	0.0761801	-0.17	0.17
   927	0.0292941	-0.17	0.17
   928	0.013187	-0.17	0.17
   929	0.0341403	-0.17	0.17
   930	0.0738375	-0.17	0.17
   931	0.0532696	-0.17	0.17
   932	0.0356124	-0.17	0.17
   933	0.0503501	-0.17	0.17
   934	0.0309701	-0.17	0.17
   935	0.0557925	-0.17	0.17
   936	0.0460129	-0.17	0.17
   937	0.0733323	-0.17	0.17
   938	0.0148661	-0.17	0.17
   939	0.0660775	-0.17	0.17
   940	0.0154659	-0.17	0.17
   941	0.0775124	-0.17	0.17
   942	0.024083	-0.17	0.17
   943	0.0703073	-0.17	0.17
   944	0.0677529	-0.17	0.17
   945	0.0596924	-0.17	0.17
   946	0.0743975	-0.17	0.17
   947	0.0207934	-0.17	0.17
   948	0.0504287	-0.17	0.17
   949	0.0762761	-0.17	0.17
   950	0.0599544	-0.17	0.17
   951	0.060199	-0.17	0.17
   952	0.0259822	-0.17	0.17
   953	0.0580086	-0.17	0.17
   954	0.064326	-0.17	0.17
   955	0.0555991	-0.17	0.17
   956	0.0433247	-0.17	0.17
   957	0.0625575	-0.17	0.17
   958	0.0717808	-0.17	0.17
   959	0.0800797	-0.17	0.17
   960	0.0649435	-0.17	0.17
   961	0.0135354	-0.17	0.17
   962	0.0629378	-0.17	0.17
   963	0.0540294	-0.17	0.17
   964	0.0559431	-0.17	0.17
   965	0.0528196	-0.17	0.17
   966	0.0727945	-0.17	0.17
   967	0.0773049	-0.17	0.17
   968	0.0391119	-0.17	0.17
   969	0.0662007	-0.17	0.17
   970	0.0708152	-0.17	0.17
   971	0.0503244	-0.17	0.17
   972	0.0731762	-0.17	0.17
   973	0.0688214	-0.17	0.17
   974	0.070259	-0.17	0.17
   975	0.0130992	-0.17	0.17
   976	0.0733276	-0.17	0.17
   977	0.0628966	-0.17	0.17
   978	0.072361	-0.17	0.17
   979	0.0444591	-0.17	0.17
   980	0.0707664	-0.17	0.17
   981	0.0679701	-0.17	0.17
   982	0.0635021	-0.17	0.17
   983	0.0359894	-0.17	0.17
   984	0.0576351	-0.17	0.17
   985	0.0672754	-0.17	0.17
   986	0.0706984	-0.17	0.17
   987	0.0240993	-0.17	0.17
   988	0.0647937	-0.17	0.17
   989	0.0603677	-0.17	0.17
   990	0.0736392	-0.17	0.17
   991	0.0804088	-0.17	0.17
   992	0.0772401	-0.17	0.17
   993	0.0437762	-0.17	0.17
   994	0.0163595	-0.17	0.17
   995	0.0783454	-0.17	0.17
   996	0.0454768	-0.17	0.17
   997	0.0180515	-0.17	0.17
   998	0.058013	-0.17	0.17
   999	0.0763974	-0.17	0.17
  1000	0.0764729	-0.17	0.17
  1001	0.0475534	-0.17	0.17
  1002	0.077701	-0.17	0.17
  1003	0.0472681	-0.17	0.17
  1004	0.0762759	-0.17	0.17
  1005	0.0471512	-0.17	0.17
  1006	0.0258819	-0.17	0.17
  1007	0.0662948	-0.17	0.17
  1008	0.040638	-0.17	0.17
  1009	0.0702651	-0.17	0.17
  1010	0.0665308	-0.17	0.17
  1011	0.0519163	-0.17	0.17
  1012	0.0209419	-0.17	0.17
  1013	0.0768426	-0.17	0.17
  1014	0.0153214	-0.17	0.17
  1015	0.0793792	-0.17	0.17
  1016	0.0341683	-0.17	0.17
  1017	0.0408549	-0.17	0.17
  1018	0.0789807	-0.17	0.17
  1019	0.0675875	-0.17	0.17
  1020	0.0784558	-0.17	0.17
  1021	0.0320357	-0.17	0.17
  1022	0.0470967	-0.17	0.17
  1023	0.0664718	-0.17	0.17
  1024	0.0385499	-0.17	0.17
  1025	0.0726295	-0.17	0.17
  1026	0.0674399	-0.17	0.17
  1027	0.073164	-0.17	0.17
  1028	0.0425845	-0.17	0.17
  1029	0.0595134	-0.17	0.17
  1030	0.0763944	-0.17	0.17
  1031	0.0525054	-0.17	0.17
  1032	0.056078	-0.17	0.17
  1033	0.0691595	-0.17	0.17
  1034	0.0390249	-0.17	0.17
  1035	0.0716865	-0.17	0.17
  1036	0.0463633	-0.17	0.17
  1037	0.0187738	-0.17	0.17
  1038	0.0275156	-0.17	0.17
  1039	0.0720633	-0.17	0.17
  1040	0.0502021	-0.17	0.17
  1041	0.0381336	-0.17	0.17
  1042	0.0371449	-0.17	0.17
  1043	0.0485934	-0.17	0.17
  1044	0.0578459	-0.17	0.17
  1045	0.0755685	-0.17	0.17
  1046	0.0388699	-0.17	0.17
  1047	0.0513523	-0.17	0.17
  1048	0.079961	-0.17	0.17
  1049	0.0454024	-0.17	0.17
  1050	0.0674093	-0.17	0.17
  1051	0.0379941	-0.17	0.17
  1052	0.0133081	-0.17	0.17
  1053	0.0492947	-0.17	0.17
  1054	0.0646175	-0.17	0.17
  1055	0.0782876	-0.17	0.17
  1056	0.0581968	-0.17	0.17
  1057	0.0784674	-0.17	0.17
  1058	0.0733878	-0.17	0.17
  1059	0.0568591	-0.17	0.17
  1060	0.0662352	-0.17	0.17
  1061	0.0492604	-0.17	0.17
  1062	0.0477657	-0.17	0.17
  1063	0.0725401	-0.17	0.17
  1064	0.0594504	-0.17	0.17
  1065	0.0551061	-0.17	0.17
  1066	0.0189454	-0.17	0.17
  1067	0.037915	-0.17	0.17
  1068	0.0612846	-0.17	0.17
  1069	0.0380592	-0.17	0.17
  1070	0.0486964	-0.17	0.17
  1071	0.0734275	-0.17	0.17
  1072	0.0616517	-0.17	0.17
  1073	0.0773132	-0.17	0.17
  1074	0.0787032	-0.17	0.17
  1075	0.0687826	-0.17	0.17
  1076	0.0491836	-0.17	0.17
  1077	0.0695382	-0.17	0.17
  1078	0.0620603	-0.17	0.17
  1079	0.0424157	-0.17	0.17
  1080	0.0405817	-0.17	0.17
  1081	0.0539119	-0.17	0.17
  1082	0.0628033	-0.17	0.17
  1083	0.0665947	-0.17	0.17
  1084	0.0142755	-0.17	0.17
  1085	0.0806482	-0.17	0.17
  1086	0.0556062	-0.17	0.17
  1087	0.0515894	-0.17	0.17
  1088	0.0490913	-0.17	0.17
  1089	0.0639231	-0.17	0.17
  1090	0.0784153	-0.17	0.17
  1091	0.0744354	-0.17	0.17
  1092	0.0592672	-0.17	0.17
  1093	0.0286219	-0.17	0.17
  1094	0.0791696	-0.17	0.17
  1095	0.0513752	-0.17	0.17
  1096	0.0595967	-0.17	0.17
  1097	0.079344	-0.17	0.17
  1098	0.0537445	-0.17	0.17
  1099	0.0681178	-0.17	0.17
  1100	0.0580538	-0.17	0.17
  1101	0.0496099	-0.17	0.17
  1102	0.0477145	-0.17	0.17
  1103	0.0662238	-0.17	0.17
  1104	0.0791237	-0.17	0.17
  1105	0.0526214	-0.17	0.17
  1106	0.0394656	-0.17	0.17
  1107	0.0616049	-0.17	0.17
  1108	0.0798367	-0.17	0.17
  1109	0.0716492	-0.17	0.17
  1110	0.0423808	-0.17	0.17
  1111	0.0344222	-0.17	0.17
  1112	0.0786854	-0.17	0.17
  1113	0.0772063	-0.17	0.17
  1114	0.0565495	-0.17	0.17
  1115	0.0356303	-0.17	0.17
  1116	0.0641063	-0.17	0.17
  1117	0.0781281	-0.17	0.17
  1118	0.0738699	-0.17	0.17
  1119	0.0263906	-0.17	0.17
  1120	0.0755328	-0.17	0.17
  1121	0.0559555	-0.17	0.17
  1122	0.0749029	-0.17	0.17
  1123	0.0601187	-0.17	0.17
  1124	0.0651414	-0.17	0.17
  1125	0.0616837	-0.17	0.17
  1126	0.0709925	-0.17	0.17
  1127	0.0582245	-0.17	0.17
  1128	0.0416165	-0.17	0.17
  1129	0.0404534	-0.17	0.17
  1130	0.0771851	-0.17	0.17
  1131	0.0755491	-0.17	0.17
  1132	0.0589044	-0.17	0.17
  1133	0.0714616	-0.17	0.17
  1134	0.0797916	-0.17	0.17
  1135	0.0760707	-0.17	0.17
  1136	0.0692236	-0.17	0.17
  1137	0.0745746	-0.17	0.17
  1138	0.0408314	-0.17	0.17
  1139	0.0422715	-0.17	0.17
  1140	0.076982	-0.17	0.17
  1141	0.0370973	-0.17	0.17
  1142	0.0297693	-0.17	0.17
  1143	0.0782992	-0.17	0.17
  1144	0.0631396	-0.17	0.17
  1145	0.0745206	-0.17	0.17
  1146	0.0740329	-0.17	0.17
  1147	0.077397	-0.17	0.17
  1148	0.0461133	-0.17	0.17
  1149	0.0509436	-0.17	0.17
  1150	0.0786114	-0.17	0.17
  1151	0.0335069	-0.17	0.17
  1152	0.0611024	-0.17	0.17
  1153	0.0256768	-0.17	0.17
  1154	0.0268398	-0.17	0.17
  1155	0.0773145	-0.17	0.17
  1156	0.0798449	-0.17	0.17
  1157	0.0462985	-0.17	0.17
  1158	0.0809269	-0.17	0.17
  1159	0.0470413	-0.17	0.17
  1160	0.0351428	-0.17	0.17
  1161	0.0737039	-0.17	0.17
  1162	0.0747395	-0.17	0.17
  1163	0.0687647	-0.17	0.17
  1164	0.0761148	-0.17	0.17
  1165	0.0794383	-0.17	0.17
  1166	0.0645701	-0.17	0.17
  1167	0.0787756	-0.17	0.17
  1168	0.0142133	-0.17	0.17
  1169	0.0639034	-0.17	0.17
  1170	0.0789514	-0.17	0.17
  1171	0.0648053	-0.17	0.17
  1172	0.0703111	-0.17	0.17
  1173	0.0732911	-0.17	0.17
  1174	0.0708082	-0.17	0.17
  1175	0.0734357	-0.17	0.17
  1176	0.0683994	-0.17	0.17
  1177	0.0756424	-0.17	0.17
  1178	0.0532645	-0.17	0.17
  1179	0.0348038	-0.17	0.17
  1180	0.053467	-0.17	0.17
  1181	0.0766106	-0.17	0.17
  1182	0.0789544	-0.17	0.17
  1183	0.0338076	-0.17	0.17
  1184	0.0498413	-0.17	0.17
  1185	0.0766798	-0.17	0.17
  1186	0.0792782	-0.17	0.17
  1187	0.058857	-0.17	0.17
  1188	0.0612117	-0.17	0.17
  1189	0.0794783	-0.17	0.17
  1190	0.0649539	-0.17	0.17
  1191	0.0784656	-0.17	0.17
  1192	0.0518783	-0.17	0.17
  1193	0.0162258	-0.17	0.17
  1194	0.0804895	-0.17	0.17
  1195	0.0670176	-0.17	0.17
  1196	0.0792358	-0.17	0.17
  1197	0.035175	-0.17	0.17
  1198	0.0801347	-0.17	0.17
  1199	0.0311078	-0.17	0.17
  1200	0.0661788	-0.17	0.17
  1201	0.0647136	-0.17	0.17
  1202	0.0717164	-0.17	0.17
  1203	0.0595833	-0.17	0.17
  1204	0.0175624	-0.17	0.17
  1205	0.0167341	-0.17	0.17
  1206	0.0254426	-0.17	0.17
  1207	0.0523834	-0.17	0.17
  1208	0.0147462	-0.17	0.17
  1209	0.0797707	-0.17	0.17
  1210	0.0505325	-0.17	0.17
  1211	0.0760918	-0.17	0.17
  1212	0.0639475	-0.17	0.17
  1213	0.0474413	-0.17	0.17
  1214	0.0717896	-0.17	0.17
  1215	0.0443406	-0.17	0.17
  1216	0.0142886	-0.17	0.17
  1217	0.0706944	-0.17	0.17
  1218	0.015173	-0.17	0.17
  1219	0.0787551	-0.17	0.17
  1220	0.0606467	-0.17	0.17
  1221	0.0712862	-0.17	0.17
  1222	0.0615101	-0.17	0.17
  1223	0.071599	-0.17	0.17
  1224	0.0751138	-0.17	0.17
  1225	0.0780308	-0.17	0.17
  1226	0.0468879	-0.17	0.17
  1227	0.0347842	-0.17	0.17
  1228	0.0790789	-0.17	0.17
  1229	0.0744362	-0.17	0.17
  1230	0.0516587	-0.17	0.17
  1231	0.0518139	-0.17	0.17
  1232	0.0131854	-0.17	0.17
  1233	0.0644794	-0.17	0.17
  1234	0.0497719	-0.17	0.17
  1235	0.0619261	-0.17	0.17
  1236	0.0733238	-0.17	0.17
  1237	0.0363022	-0.17	0.17
  1238	0.0799603	-0.17	0.17
  1239	0.022852	-0.17	0.17
  1240	0.0520794	-0.17	0.17
  1241	0.0695352	-0.17	0.17
  1242	0.0623111	-0.17	0.17
  1243	0.074996	-0.17	0.17
  1244	0.06504	-0.17	0.17
  1245	0.0618753	-0.17	0.17
  1246	0.0599399	-0.17	0.17
  1247	0.076746	-0.17	0.17
  1248	0.0467898	-0.17	0.17
  1249	0.0484993	-0.17	0.17
  1250	0.0798369	-0.17	0.17
  1251	0.0580346	-0.17	0.17
  1252	0.0800552	-0.17	0.17
  1253	0.0615978	-0.17	0.17
  1254	0.0735259	-0.17	0.17
  1255	0.0770855	-0.17	0.17
  1256	0.0694283	-0.17	0.17
  1257	0.0509118	-0.17	0.17
  1258	0.0567897	-0.17	0.17
  1259	0.0335968	-0.17	0.17
  1260	0.0422312	-0.17	0.17
  1261	0.0761018	-0.17	0.17
  1262	0.0146673	-0.17	0.17
  1263	0.0756461	-0.17	0.17
  1264	0.0805807	-0.17	0.17
  1265	0.0765279	-0.17	0.17
  1266	0.0172139	-0.17	0.17
  1267	0.0423101	-0.17	0.17
  1268	0.0651681	-0.17	0.17
  1269	0.0416144	-0.17	0.17
  1270	0.0578623	-0.17	0.17
  1271	0.0601181	-0.17	0.17
  1272	0.0780445	-0.17	0.17
  1273	0.0226784	-0.17	0.17
  1274	0.0430455	-0.17	0.17
  1275	0.0766538	-0.17	0.17
  1276	0.0281503	-0.17	0.17
  1277	0.0774953	-0.17	0.17
  1278	0.0590373	-0.17	0.17
  1279	0.0716105	-0.17	0.17
  1280	0.0390836	-0.17	0.17
  1281	0.0609055	-0.17	0.17
  1282	0.0201788	-0.17	0.17
  1283	0.0594219	-0.17	0.17
  1284	0.0213185	-0.17	0.17
  1285	0.0523796	-0.17	0.17
  1286	0.0419618	-0.17	0.17
  1287	0.0621027	-0.17	0.17
  1288	0.0591434	-0.17	0.17
  1289	0.037914	-0.17	0.17
  1290	0.0420408	-0.17	0.17
  1291	0.0478396	-0.17	0.17
  1292	0.0689931	-0.17	0.17
  1293	0.054432	-0.17	0.17
  1294	0.0452653	-0.17	0.17
  1295	0.0783666	-0.17	0.17
  1296	0.0793768	-0.17	0.17
  1297	0.0624863	-0.17	0.17
  1298	0.0505751	-0.17	0.17
  1299	0.0138825	-0.17	0.17
  1300	0.0375758	-0.17	0.17
  1301	0.0800148	-0.17	0.17
  1302	0.0373056	-0.17	0.17
  1303	0.0471562	-0.17	0.17
  1304	0.0461704	-0.17	0.17
  1305	0.0365671	-0.17	0.17
  1306	0.0785691	-0.17	0.17
  1307	0.0758599	-0.17	0.17
  1308	0.0791446	-0.17	0.17
  1309	0.0212557	-0.17	0.17
  1310	0.0310604	-0.17	0.17
  1311	0.0798924	-0.17	0.17
  1312	0.0682278	-0.17	0.17
  1313	0.0685764	-0.17	0.17
  1314	0.0444755	-0.17	0.17
  1315	0.0417762	-0.17	0.17
  1316	0.0560457	-0.17	0.17
  1317	0.0208966	-0.17	0.17
  1318	0.079389	-0.17	0.17
  1319	0.0655659	-0.17	0.17
  1320	0.0450097	-0.17	0.17
  1321	0.072143	-0.17	0.17
  1322	0.0461449	-0.17	0.17
  1323	0.0586578	-0.17	0.17
  1324	0.0538884	-0.17	0.17
  1325	0.0731729	-0.17	0.17
  1326	0.0591861	-0.17	0.17
  1327	0.0637047	-0.17	0.17
  1328	0.0567629	-0.17	0.17
  1329	0.0727057	-0.17	0.17
  1330	0.0503515	-0.17	0.17
  1331	0.0499926	-0.17	0.17
  1332	0.0267606	-0.17	0.17
  1333	0.0387549	-0.17	0.17
  1334	0.0763638	-0.17	0.17
  1335	0.0333964	-0.17	0.17
  1336	0.0679173	-0.17	0.17
  1337	0.0791062	-0.17	0.17
  1338	0.0276317	-0.17	0.17
  1339	0.0621998	-0.17	0.17
  1340	0.0377387	-0.17	0.17
  1341	0.0459023	-0.17	0.17
  1342	0.0501622	-0.17	0.17
  1343	0.0644368	-0.17	0.17
  1344	0.0429188	-0.17	0.17
  1345	0.0231991	-0.17	0.17
  1346	0.079206	-0.17	0.17
  1347	0.0719717	-0.17	0.17
  1348	0.0203546	-0.17	0.17
  1349	0.0390088	-0.17	0.17
  1350	0.0614624	-0.17	0.17
  1351	0.0478655	-0.17	0.17
  1352	0.0545472	-0.17	0.17
  1353	0.0507681	-0.17	0.17
  1354	0.068206	-0.17	0.17
  1355	0.0639729	-0.17	0.17
  1356	0.0793398	-0.17	0.17
  1357	0.0779184	-0.17	0.17
  1358	0.0694316	-0.17	0.17
  1359	0.0713451	-0.17	0.17
  1360	0.0580065	-0.17	0.17
  1361	0.0673396	-0.17	0.17
  1362	0.0776177	-0.17	0.17
  1363	0.0565013	-0.17	0.17
  1364	0.070307	-0.17	0.17
  1365	0.0281121	-0.17	0.17
  1366	0.0775311	-0.17	0.17
  1367	0.0650738	-0.17	0.17
  1368	0.0634186	-0.17	0.17
  1369	0.050111	-0.17	0.17
  1370	0.0644071	-0.17	0.17
  1371	0.0385762	-0.17	0.17
  1372	0.0597949	-0.17	0.17
  1373	0.0608405	-0.17	0.17
  1374	0.0523772	-0.17	0.17
  1375	0.0793948	-0.17	0.17
  1376	0.072821	-0.17	0.17
  1377	0.0750908	-0.17	0.17
  1378	0.0599388	-0.17	0.17
  1379	0.0546519	-0.17	0.17
  1380	0.0597761	-0.17	0.17
  1381	0.0616843	-0.17	0.17
  1382	0.0674558	-0.17	0.17
  1383	0.0475458	-0.17	0.17
  1384	0.0248895	-0.17	0.17
  1385	0.0780082	-0.17	0.17
  1386	0.0804056	-0.17	0.17
  1387	0.0673339	-0.17	0.17
  1388	0.0634238	-0.17	0.17
  1389	0.0720022	-0.17	0.17
  1390	0.0699013	-0.17	0.17
  1391	0.0771293	-0.17	0.17
  1392	0.0775096	-0.17	0.17
  1393	0.0402024	-0.17	0.17
  1394	0.0180856	-0.17	0.17
  1395	0.0753577	-0.17	0.17
  1396	0.0805551	-0.17	0.17
  1397	0.0565351	-0.17	0.17
  1398	0.0438944	-0.17	0.17
  1399	0.0535065	-0.17	0.17
  1400	0.075691	-0.17	0.17
  1401	0.0686166	-0.17	0.17
  1402	0.0526529	-0.17	0.17
  1403	0.0792997	-0.17	0.17
  1404	0.0554327	-0.17	0.17
  1405	0.0748896	-0.17	0.17
  1406	0.0547897	-0.17	0.17
  1407	0.0751585	-0.17	0.17
  1408	0.0732932	-0.17	0.17
  1409	0.0700628	-0.17	0.17
  1410	0.0162294	-0.17	0.17
  1411	0.0224543	-0.17	0.17
  1412	0.0673905	-0.17	0.17
  1413	0.0236645	-0.17	0.17
  1414	0.0656945	-0.17	0.17
  1415	0.0804513	-0.17	0.17
  1416	0.0792874	-0.17	0.17
  1417	0.0795053	-0.17	0.17
  1418	0.0408151	-0.17	0.17
  1419	0.076183	-0.17	0.17
  1420	0.0780655	-0.17	0.17
  1421	0.0683427	-0.17	0.17
  1422	0.0741077	-0.17	0.17
  1423	0.0732131	-0.17	0.17
  1424	0.0227193	-0.17	0.17
  1425	0.0806171	-0.17	0.17
  1426	0.038377	-0.17	0.17
  1427	0.0439233	-0.17	0.17
  1428	0.0525719	-0.17	0.17
  1429	0.0146968	-0.17	0.17
  1430	0.0700793	-0.17	0.17
  1431	0.0452909	-0.17	0.17
  1432	0.0672562	-0.17	0.17
  1433	0.017251	-0.17	0.17
  1434	0.0132105	-0.17	0.17
  1435	0.0238499	-0.17	0.17
  1436	0.0674476	-0.17	0.17
  1437	0.0590447	-0.17	0.17
  1438	0.0530086	-0.17	0.17
  1439	0.0766148	-0.17	0.17
  1440	0.031482	-0.17	0.17
  1441	0.0395702	-0.17	0.17
  1442	0.0310139	-0.17	0.17
  1443	0.0534692	-0.17	0.17
  1444	0.0798859	-0.17	0.17
  1445	0.0432265	-0.17	0.17
  1446	0.0597089	-0.17	0.17
  1447	0.0561375	-0.17	0.17
  1448	0.0651112	-0.17	0.17
  1449	0.07134	-0.17	0.17
  1450	0.0508724	-0.17	0.17
  1451	0.0582011	-0.17	0.17
  1452	0.0728446	-0.17	0.17
  1453	0.0444146	-0.17	0.17
  1454	0.0694112	-0.17	0.17
  1455	0.0287836	-0.17	0.17
  1456	0.0737404	-0.17	0.17
  1457	0.0778819	-0.17	0.17
  1458	0.0521873	-0.17	0.17
  1459	0.061901	-0.17	0.17
  1460	0.0548622	-0.17	0.17
  1461	0.0657023	-0.17	0.17
  1462	0.0375111	-0.17	0.17
  1463	0.0759628	-0.17	0.17
  1464	0.0293908	-0.17	0.17
  1465	0.0773883	-0.17	0.17
  1466	0.0498633	-0.17	0.17
  1467	0.0325134	-0.17	0.17
  1468	0.0616214	-0.17	0.17
  1469	0.0551167	-0.17	0.17
  1470	0.0685604	-0.17	0.17
  1471	0.0435142	-0.17	0.17
  1472	0.032435	-0.17	0.17
  1473	0.0721057	-0.17	0.17
  1474	0.0569187	-0.17	0.17
  1475	0.0405772	-0.17	0.17
  1476	0.01805	-0.17	0.17
  1477	0.076973	-0.17	0.17
  1478	0.0773654	-0.17	0.17
  1479	0.0762373	-0.17	0.17
  1480	0.0726218	-0.17	0.17
  1481	0.0512146	-0.17	0.17
  1482	0.0654535	-0.17	0.17
  1483	0.0740001	-0.17	0.17
  1484	0.0730437	-0.17	0.17
  1485	0.059974	-0.17	0.17
  1486	0.0592425	-0.17	0.17
  1487	0.0370256	-0.17	0.17
  1488	0.0675733	-0.17	0.17
  1489	0.0264797	-0.17	0.17
  1490	0.0627133	-0.17	0.17
  1491	0.0518394	-0.17	0.17
  1492	0.0782621	-0.17	0.17
  1493	0.0567745	-0.17	0.17
  1494	0.068796	-0.17	0.17
  1495	0.0370468	-0.17	0.17
  1496	0.0219216	-0.17	0.17
  1497	0.0794955	-0.17	0.17
  1498	0.0801486	-0.17	0.17
  1499	0.0739333	-0.17	0.17
  1500	0.0675725	-0.17	0.17
  1501	0.0267289	-0.17	0.17
  1502	0.0542044	-0.17	0.17
  1503	0.0608855	-0.17	0.17
  1504	0.0278038	-0.17	0.17
  1505	0.0368295	-0.17	0.17
  1506	0.066896	-0.17	0.17
  1507	0.0273341	-0.17	0.17
  1508	0.0407565	-0.17	0.17
  1509	0.0714173	-0.17	0.17
  1510	0.0445088	-0.17	0.17
  1511	0.0731826	-0.17	0.17
  1512	0.0759433	-0.17	0.17
  1513	0.053393	-0.17	0.17
  1514	0.0168917	-0.17	0.17
  1515	0.0800714	-0.17	0.17
  1516	0.0692602	-0.17	0.17
  1517	0.0614371	-0.17	0.17
  1518	0.0553666	-0.17	0.17
  1519	0.0186604	-0.17	0.17
  1520	0.0371924	-0.17	0.17
  1521	0.0424061	-0.17	0.17
  1522	0.0751415	-0.17	0.17
  1523	0.0792544	-0.17	0.17
  1524	0.0671478	-0.17	0.17
  1525	0.0684814	-0.17	0.17
  1526	0.0736056	-0.17	0.17
  1527	0.0800407	-0.17	0.17
  1528	0.0731883	-0.17	0.17
  1529	0.0598694	-0.17	0.17
  1530	0.0488542	-0.17	0.17
  1531	0.0351675	-0.17	0.17
  1532	0.0800941	-0.17	0.17
  1533	0.0798502	-0.17	0.17
  1534	0.0151966	-0.17	0.17
  1535	0.077968	-0.17	0.17
  1536	0.0667417	-0.17	0.17
  1537	0.0782427	-0.17	0.17
  1538	0.0569295	-0.17	0.17
  1539	0.0692482	-0.17	0.17
  1540	0.0336726	-0.17	0.17
  1541	0.0783658	-0.17	0.17
  1542	0.0665972	-0.17	0.17
  1543	0.0393964	-0.17	0.17
  1544	0.0582628	-0.17	0.17
  1545	0.0761758	-0.17	0.17
  1546	0.0396051	-0.17	0.17
  1547	0.0484006	-0.17	0.17
  1548	0.0670778	-0.17	0.17
  1549	0.0251404	-0.17	0.17
  1550	0.053424	-0.17	0.17
  1551	0.0347378	-0.17	0.17
  1552	0.046819	-0.17	0.17
  1553	0.0747789	-0.17	0.17
  1554	0.0687247	-0.17	0.17
  1555	0.0350984	-0.17	0.17
  1556	0.043498	-0.17	0.17
  1557	0.0706984	-0.17	0.17
  1558	0.0535507	-0.17	0.17
  1559	0.0439918	-0.17	0.17
  1560	0.0520091	-0.17	0.17
  1561	0.0762848	-0.17	0.17
  1562	0.079668	-0.17	0.17
  1563	0.0559101	-0.17	0.17
  1564	0.0578267	-0.17	0.17
  1565	0.0303151	-0.17	0.17
  1566	0.0532839	-0.17	0.17
  1567	0.0621139	-0.17	0.17
  1568	0.0536928	-0.17	0.17
  1569	0.0486825	-0.17	0.17
  1570	0.0804975	-0.17	0.17
  1571	0.0613035	-0.17	0.17
  1572	0.0687501	-0.17	0.17
  1573	0.0611614	-0.17	0.17
  1574	0.0710267	-0.17	0.17
  1575	0.0680451	-0.17	0.17
  1576	0.0794854	-0.17	0.17
  1577	0.0654011	-0.17	0.17
  1578	0.0606986	-0.17	0.17
  1579	0.0772267	-0.17	0.17
  1580	0.0778414	-0.17	0.17
  1581	0.0297513	-0.17	0.17
  1582	0.0666891	-0.17	0.17
  1583	0.0589378	-0.17	0.17
  1584	0.033252	-0.17	0.17
  1585	0.0797571	-0.17	0.17
  1586	0.0757308	-0.17	0.17
  1587	0.073688	-0.17	0.17
  1588	0.0695665	-0.17	0.17
  1589	0.0146524	-0.17	0.17
  1590	0.0509337	-0.17	0.17
  1591	0.0353786	-0.17	0.17
  1592	0.0378679	-0.17	0.17
  1593	0.0803876	-0.17	0.17
  1594	0.0682706	-0.17	0.17
  1595	0.0805597	-0.17	0.17
  1596	0.0333581	-0.17	0.17
  1597	0.0639779	-0.17	0.17
  1598	0.063207	-0.17	0.17
  1599	0.0676024	-0.17	0.17
  1600	0.0290534	-0.17	0.17
  1601	0.078843	-0.17	0.17
  1602	0.0302686	-0.17	0.17
  1603	0.0780079	-0.17	0.17
  1604	0.0212711	-0.17	0.17
  1605	0.0646759	-0.17	0.17
  1606	0.0483776	-0.17	0.17
  1607	0.0805461	-0.17	0.17
  1608	0.0438508	-0.17	0.17
  1609	0.064834	-0.17	0.17
  1610	0.079859	-0.17	0.17
  1611	0.0772407	-0.17	0.17
  1612	0.038371	-0.17	0.17
  1613	0.0722023	-0.17	0.17
  1614	0.0801463	-0.17	0.17
  1615	0.0661099	-0.17	0.17
  1616	0.0480858	-0.17	0.17
  1617	0.0736216	-0.17	0.17
  1618	0.057192	-0.17	0.17
  1619	0.0778191	-0.17	0.17
  1620	0.0804898	-0.17	0.17
  1621	0.0218243	-0.17	0.17
  1622	0.0659351	-0.17	0.17
  1623	0.0802004	-0.17	0.17
  1624	0.0805365	-0.17	0.17
  1625	0.0394957	-0.17	0.17
  1626	0.064823	-0.17	0.17
  1627	0.0768728	-0.17	0.17
  1628	0.0265787	-0.17	0.17
  1629	0.0800334	-0.17	0.17
  1630	0.0458126	-0.17	0.17
  1631	0.0778753	-0.17	0.17
  1632	0.0809916	-0.17	0.17
  1633	0.0644657	-0.17	0.17
  1634	0.0692088	-0.17	0.17
  1635	0.0225608	-0.17	0.17
  1636	0.0516866	-0.17	0.17
  1637	0.0404871	-0.17	0.17
  1638	0.067791	-0.17	0.17
  1639	0.0421241	-0.17	0.17
  1640	0.0271471	-0.17	0.17
  1641	0.0666036	-0.17	0.17
  1642	0.0476911	-0.17	0.17
  1643	0.0664247	-0.17	0.17
  1644	0.0420496	-0.17	0.17
  1645	0.0632199	-0.17	0.17
  1646	0.0563146	-0.17	0.17
  1647	0.0640663	-0.17	0.17
  1648	0.0355596	-0.17	0.17
  1649	0.0511313	-0.17	0.17
  1650	0.0403537	-0.17	0.17
  1651	0.0535782	-0.17	0.17
  1652	0.0616225	-0.17	0.17
  1653	0.0600557	-0.17	0.17
  1654	0.0796071	-0.17	0.17
  1655	0.0753218	-0.17	0.17
  1656	0.0215714	-0.17	0.17
  1657	0.070011	-0.17	0.17
  1658	0.0518279	-0.17	0.17
  1659	0.0700711	-0.17	0.17
  1660	0.0723913	-0.17	0.17
  1661	0.05602	-0.17	0.17
  1662	0.0780073	-0.17	0.17
  1663	0.0783315	-0.17	0.17
  1664	0.0186597	-0.17	0.17
  1665	0.0797144	-0.17	0.17
  1666	0.0309831	-0.17	0.17
  1667	0.078843	-0.17	0.17
  1668	0.055907	-0.17	0.17
  1669	0.0714941	-0.17	0.17
  1670	0.0208337	-0.17	0.17
  1671	0.0597582	-0.17	0.17
  1672	0.0642095	-0.17	0.17
  1673	0.0486042	-0.17	0.17
  1674	0.0666057	-0.17	0.17
  1675	0.0761284	-0.17	0.17
  1676	0.0701888	-0.17	0.17
  1677	0.0528322	-0.17	0.17
  1678	0.0656219	-0.17	0.17
  1679	0.0196352	-0.17	0.17
  1680	0.0801972	-0.17	0.17
  1681	0.0257105	-0.17	0.17
  1682	0.0569071	-0.17	0.17
  1683	0.0422588	-0.17	0.17
  1684	0.0526943	-0.17	0.17
  1685	0.0626749	-0.17	0.17
  1686	0.0151885	-0.17	0.17
  1687	0.074955	-0.17	0.17
  1688	0.013669	-0.17	0.17
  1689	0.0299155	-0.17	0.17
  1690	0.0748164	-0.17	0.17
  1691	0.0797274	-0.17	0.17
  1692	0.0758509	-0.17	0.17
  1693	0.0620436	-0.17	0.17
  1694	0.0506738	-0.17	0.17
  1695	0.0801181	-0.17	0.17
  1696	0.0403299	-0.17	0.17
  1697	0.0641798	-0.17	0.17
  1698	0.076449	-0.17	0.17
  1699	0.0707999	-0.17	0.17
  1700	0.0690054	-0.17	0.17
  1701	0.0530803	-0.17	0.17
  1702	0.0633558	-0.17	0.17
  1703	0.0727854	-0.17	0.17
  1704	0.0679823	-0.17	0.17
  1705	0.0647172	-0.17	0.17
  1706	0.0792322	-0.17	0.17
  1707	0.0608306	-0.17	0.17
  1708	0.0521633	-0.17	0.17
  1709	0.0689246	-0.17	0.17
  1710	0.0567679	-0.17	0.17
  1711	0.067126	-0.17	0.17
  1712	0.0376612	-0.17	0.17
  1713	0.0601863	-0.17	0.17
  1714	0.068147	-0.17	0.17
  1715	0.0581066	-0.17	0.17
  1716	0.0731499	-0.17	0.17
  1717	0.0588343	-0.17	0.17
  1718	0.0569259	-0.17	0.17
  1719	0.0776791	-0.17	0.17
  1720	0.0466961	-0.17	0.17
  1721	0.0464838	-0.17	0.17
  1722	0.0728894	-0.17	0.17
  1723	0.0796154	-0.17	0.17
  1724	0.0625845	-0.17	0.17
  1725	0.0726524	-0.17	0.17
  1726	0.0783904	-0.17	0.17
  1727	0.0296281	-0.17	0.17
  1728	0.0550288	-0.17	0.17
  1729	0.0800553	-0.17	0.17
  1730	0.0709637	-0.17	0.17
  1731	0.0335938	-0.17	0.17
  1732	0.0725224	-0.17	0.17
  1733	0.062223	-0.17	0.17
  1734	0.0636221	-0.17	0.17
  1735	0.0686363	-0.17	0.17
  1736	0.0460274	-0.17	0.17
  1737	0.0659293	-0.17	0.17
  1738	0.0798932	-0.17	0.17
  1739	0.0771658	-0.17	0.17
  1740	0.0328367	-0.17	0.17
  1741	0.0790957	-0.17	0.17
  1742	0.0715716	-0.17	0.17
  1743	0.0692427	-0.17	0.17
  1744	0.0310323	-0.17	0.17
  1745	0.0803915	-0.17	0.17
  1746	0.0488117	-0.17	0.17
  1747	0.0755647	-0.17	0.17
  1748	0.0781636	-0.17	0.17
  1749	0.0772754	-0.17	0.17
  1750	0.0531381	-0.17	0.17
  1751	0.0799201	-0.17	0.17
  1752	0.0537539	-0.17	0.17
  1753	0.0481259	-0.17	0.17
  1754	0.0346658	-0.17	0.17
  1755	0.0746482	-0.17	0.17
  1756	0.0576541	-0.17	0.17
  1757	0.074375	-0.17	0.17
  1758	0.0776607	-0.17	0.17
  1759	0.063813	-0.17	0.17
  1760	0.0740182	-0.17	0.17
  1761	0.0417515	-0.17	0.17
  1762	0.0700031	-0.17	0.17
  1763	0.0232231	-0.17	0.17
  1764	0.0796761	-0.17	0.17
  1765	0.0726463	-0.17	0.17
  1766	0.0730738	-0.17	0.17
  1767	0.0766903	-0.17	0.17
  1768	0.0652935	-0.17	0.17
  1769	0.0767529	-0.17	0.17
  1770	0.0331622	-0.17	0.17
  1771	0.0438366	-0.17	0.17
  1772	0.067338	-0.17	0.17
  1773	0.0713359	-0.17	0.17
  1774	0.0808191	-0.17	0.17
  1775	0.0669638	-0.17	0.17
  1776	0.0591818	-0.17	0.17
  1777	0.0786084	-0.17	0.17
  1778	0.0531229	-0.17	0.17
  1779	0.0319107	-0.17	0.17
  1780	0.0151996	-0.17	0.17
  1781	0.0573828	-0.17	0.17
  1782	0.0712443	-0.17	0.17
  1783	0.0759335	-0.17	0.17
  1784	0.0343023	-0.17	0.17
  1785	0.0793732	-0.17	0.17
  1786	0.0665674	-0.17	0.17
  1787	0.0736278	-0.17	0.17
  1788	0.0527138	-0.17	0.17
  1789	0.0765782	-0.17	0.17
  1790	0.0764215	-0.17	0.17
  1791	0.0568352	-0.17	0.17
  1792	0.05822	-0.17	0.17
  1793	0.077728	-0.17	0.17
  1794	0.0652857	-0.17	0.17
  1795	0.0537544	-0.17	0.17
  1796	0.0759746	-0.17	0.17
  1797	0.0427634	-0.17	0.17
  1798	0.0470442	-0.17	0.17
  1799	0.0499171	-0.17	0.17
  1800	0.0549189	-0.17	0.17
  1801	0.0564962	-0.17	0.17
  1802	0.0608931	-0.17	0.17
  1803	0.0454745	-0.17	0.17
  1804	0.0707455	-0.17	0.17
  1805	0.0666911	-0.17	0.17
  1806	0.0558524	-0.17	0.17
  1807	0.0488324	-0.17	0.17
  1808	0.0570693	-0.17	0.17
  1809	0.0797119	-0.17	0.17
  1810	0.0653392	-0.17	0.17
  1811	0.0205184	-0.17	0.17
  1812	0.0688414	-0.17	0.17
  1813	0.0628211	-0.17	0.17
  1814	0.0663461	-0.17	0.17
  1815	0.0808351	-0.17	0.17
  1816	0.0726609	-0.17	0.17
  1817	0.0582587	-0.17	0.17
  1818	0.0714079	-0.17	0.17
  1819	0.0711842	-0.17	0.17
  1820	0.0513761	-0.17	0.17
  1821	0.0729075	-0.17	0.17
  1822	0.0530448	-0.17	0.17
  1823	0.0801706	-0.17	0.17
  1824	0.0759584	-0.17	0.17
  1825	0.0657268	-0.17	0.17
  1826	0.0659436	-0.17	0.17
  1827	0.0784627	-0.17	0.17
  1828	0.0580131	-0.17	0.17
  1829	0.0588873	-0.17	0.17
  1830	0.0723585	-0.17	0.17
  1831	0.04104	-0.17	0.17
  1832	0.0272791	-0.17	0.17
  1833	0.046211	-0.17	0.17
  1834	0.0731213	-0.17	0.17
  1835	0.0780678	-0.17	0.17
  1836	0.0803636	-0.17	0.17
  1837	0.0308338	-0.17	0.17
  1838	0.064006	-0.17	0.17
  1839	0.0797516	-0.17	0.17
  1840	0.0661597	-0.17	0.17
  1841	0.0548902	-0.17	0.17
  1842	0.0789913	-0.17	0.17
  1843	0.073607	-0.17	0.17
  1844	0.0623766	-0.17	0.17
  1845	0.0556517	-0.17	0.17
  1846	0.0594402	-0.17	0.17
  1847	0.0609503	-0.17	0.17
  1848	0.0621812	-0.17	0.17
  1849	0.0474613	-0.17	0.17
  1850	0.0655445	-0.17	0.17
  1851	0.0684019	-0.17	0.17
  1852	0.0792899	-0.17	0.17
  1853	0.0442257	-0.17	0.17
  1854	0.0446951	-0.17	0.17
  1855	0.0789932	-0.17	0.17
  1856	0.037275	-0.17	0.17
  1857	0.0611395	-0.17	0.17
  1858	0.0771634	-0.17	0.17
  1859	0.0593817	-0.17	0.17
  1860	0.0665592	-0.17	0.17
  1861	0.0343135	-0.17	0.17
  1862	0.0803355	-0.17	0.17
  1863	0.0805022	-0.17	0.17
  1864	0.078707	-0.17	0.17
  1865	0.0460963	-0.17	0.17
  1866	0.0772645	-0.17	0.17
  1867	0.0623278	-0.17	0.17
  1868	0.0796185	-0.17	0.17
  1869	0.0157319	-0.17	0.17
  1870	0.0792425	-0.17	0.17
  1871	0.079603	-0.17	0.17
  1872	0.0549034	-0.17	0.17
  1873	0.0654141	-0.17	0.17
  1874	0.049761	-0.17	0.17
  1875	0.0563426	-0.17	0.17
  1876	0.0461293	-0.17	0.17
  1877	0.0415236	-0.17	0.17
  1878	0.0649536	-0.17	0.17
  1879	0.0687551	-0.17	0.17
  1880	0.0405804	-0.17	0.17
  1881	0.0632554	-0.17	0.17
  1882	0.0220563	-0.17	0.17
  1883	0.0190985	-0.17	0.17
  1884	0.0488815	-0.17	0.17
  1885	0.0399833	-0.17	0.17
  1886	0.042381	-0.17	0.17
  1887	0.0253185	-0.17	0.17
  1888	0.0710573	-0.17	0.17
  1889	0.0611509	-0.17	0.17
  1890	0.0343298	-0.17	0.17
  1891	0.0778872	-0.17	0.17
  1892	0.0271191	-0.17	0.17
  1893	0.0536197	-0.17	0.17
  1894	0.0383061	-0.17	0.17
  1895	0.0379954	-0.17	0.17
  1896	0.0776606	-0.17	0.17
  1897	0.0635481	-0.17	0.17
  1898	0.069	-0.17	0.17
  1899	0.048396	-0.17	0.17
  1900	0.0806305	-0.17	0.17
  1901	0.0585159	-0.17	0.17
  1902	0.0629004	-0.17	0.17
  1903	0.0607316	-0.17	0.17
  1904	0.0713792	-0.17	0.17
  1905	0.0805104	-0.17	0.17
  1906	0.0614761	-0.17	0.17
  1907	0.0743851	-0.17	0.17
  1908	0.0798718	-0.17	0.17
  1909	0.071687	-0.17	0.17
  1910	0.0804534	-0.17	0.17
  1911	0.0801036	-0.17	0.17
  1912	0.0688247	-0.17	0.17
  1913	0.0619447	-0.17	0.17
  1914	0.0436268	-0.17	0.17
  1915	0.0799512	-0.17	0.17
  1916	0.0598863	-0.17	0.17
  1917	0.0758546	-0.17	0.17
  1918	0.0525524	-0.17	0.17
  1919	0.0758464	-0.17	0.17
  1920	0.0478624	-0.17	0.17
  1921	0.0477996	-0.17	0.17
  1922	0.0761656	-0.17	0.17
  1923	0.0377753	-0.17	0.17
  1924	0.0245799	-0.17	0.17
  1925	0.0410044	-0.17	0.17
  1926	0.0626916	-0.17	0.17
  1927	0.0778072	-0.17	0.17
  1928	0.0338432	-0.17	0.17
  1929	0.0710606	-0.17	0.17
  1930	0.0604655	-0.17	0.17
  1931	0.0702162	-0.17	0.17
  1932	0.0715236	-0.17	0.17
  1933	0.0625878	-0.17	0.17
  1934	0.0592562	-0.17	0.17
  1935	0.0522701	-0.17	0.17
  1936	0.0427192	-0.17	0.17
  1937	0.0797211	-0.17	0.17
  1938	0.0373635	-0.17	0.17
  1939	0.0260608	-0.17	0.17
  1940	0.0256706	-0.17	0.17
  1941	0.061217	-0.17	0.17
  1942	0.0598818	-0.17	0.17
  1943	0.0468855	-0.17	0.17
  1944	0.0385548	-0.17	0.17
  1945	0.0663559	-0.17	0.17
  1946	0.0655208	-0.17	0.17
  1947	0.0792385	-0.17	0.17
  1948	0.0685111	-0.17	0.17
  1949	0.0609973	-0.17	0.17
  1950	0.0725936	-0.17	0.17
  1951	0.0532369	-0.17	0.17
  1952	0.0404561	-0.17	0.17
  1953	0.0462729	-0.17	0.17
  1954	0.0508429	-0.17	0.17
  1955	0.0786351	-0.17	0.17
  1956	0.0473311	-0.17	0.17
  1957	0.0800984	-0.17	0.17
  1958	0.0721043	-0.17	0.17
  1959	0.0803747	-0.17	0.17
  1960	0.0716857	-0.17	0.17
  1961	0.0725447	-0.17	0.17
  1962	0.0585727	-0.17	0.17
  1963	0.032106	-0.17	0.17
  1964	0.0508637	-0.17	0.17
  1965	0.0541396	-0.17	0.17
  1966	0.0792581	-0.17	0.17
  1967	0.0634051	-0.17	0.17
  1968	0.0256984	-0.17	0.17
  1969	0.0606837	-0.17	0.17
  1970	0.0737684	-0.17	0.17
  1971	0.0352654	-0.17	0.17
  1972	0.0178039	-0.17	0.17
  1973	0.0551381	-0.17	0.17
  1974	0.0642208	-0.17	0.17
  1975	0.0785695	-0.17	0.17
  1976	0.0797649	-0.17	0.17
  1977	0.0649625	-0.17	0.17
  1978	0.0432917	-0.17	0.17
  1979	0.0587698	-0.17	0.17
  1980	0.0576917	-0.17	0.17
  1981	0.0767043	-0.17	0.17
  1982	0.0558547	-0.17	0.17
  1983	0.0606895	-0.17	0.17
  1984	0.0805797	-0.17	0.17
  1985	0.0610491	-0.17	0.17
  1986	0.0534788	-0.17	0.17
  1987	0.0333646	-0.17	0.17
  1988	0.0700571	-0.17	0.17
  1989	0.0690507	-0.17	0.17
  1990	0.0622544	-0.17	0.17
  1991	0.0548102	-0.17	0.17
  1992	0.0232614	-0.17	0.17
  1993	0.0785338	-0.17	0.17
  1994	0.0567674	-0.17	0.17
  1995	0.0452112	-0.17	0.17
  1996	0.0235852	-0.17	0.17
  1997	0.0428099	-0.17	0.17
  1998	0.0516745	-0.17	0.17
  1999	0.063863	-0.17	0.17
  2000	0.0650782	-0.17	0.17
  2001	0.079671	-0.17	0.17
  2002	0.0785768	-0.17	0.17
  2003	0.0462651	-0.17	0.17
  2004	0.0796517	-0.17	0.17
  2005	0.0582487	-0.17	0.17
  2006	0.0732183	-0.17	0.17
  2007	0.0733264	-0.17	0.17
  2008	0.0482519	-0.17	0.17
  2009	0.0645966	-0.17	0.17
  2010	0.0254391	-0.17	0.17
  2011	0.0523098	-0.17	0.17
  2012	0.0765989	-0.17	0.17
  2013	0.0619078	-0.17	0.17
  2014	0.0802169	-0.17	0.17
  2015	0.0571267	-0.17	0.17
  2016	0.0791809	-0.17	0.17
  2017	0.0745446	-0.17	0.17
  2018	0.0674791	-0.17	0.17
  2019	0.0270997	-0.17	0.17
  2020	0.0805782	-0.17	0.17
  2021	0.0797637	-0.17	0.17
  2022	0.0405296	-0.17	0.17
  2023	0.0498849	-0.17	0.17
  2024	0.0471014	-0.17	0.17
  2025	0.0789687	-0.17	0.17
  2026	0.0396445	-0.17	0.17
  2027	0.0340626	-0.17	0.17
  2028	0.0772777	-0.17	0.17
  2029	0.0767624	-0.17	0.17
  2030	0.0298094	-0.17	0.17
  2031	0.0454356	-0.17	0.17
  2032	0.0484011	-0.17	0.17
  2033	0.0664333	-0.17	0.17
  2034	0.0734143	-0.17	0.17
  2035	0.048821	-0.17	0.17
  2036	0.0628795	-0.17	0.17
  2037	0.0370557	-0.17	0.17
  2038	0.061813	-0.17	0.17
  2039	0.0694633	-0.17	0.17
  2040	0.0777809	-0.17	0.17
  2041	0.0744987	-0.17	0.17
  2042	0.0506149	-0.17	0.17
  2043	0.0716138	-0.17	0.17
  2044	0.0576483	-0.17	0.17
  2045	0.0144696	-0.17	0.17
  2046	0.0721538	-0.17	0.17
  2047	0.0343619	-0.17	0.17
  2048	0.068307	-0.17	0.17
  2049	0.0715357	-0.17	0.17
  2050	0.0624759	-0.17	0.17
  2051	0.0795163	-0.17	0.17
  2052	0.0583182	-0.17	0.17
  2053	0.0434904	-0.17	0.17
  2054	0.0742739	-0.17	0.17
  2055	0.0416564	-0.17	0.17
  2056	0.0279608	-0.17	0.17
  2057	0.049156	-0.17	0.17
  2058	0.0538176	-0.17	0.17
  2059	0.0181689	-0.17	0.17
  2060	0.0786386	-0.17	0.17
  2061	0.075909	-0.17	0.17
  2062	0.06938	-0.17	0.17
  2063	0.0616845	-0.17	0.17
  2064	0.0277867	-0.17	0.17
  2065	0.0761158	-0.17	0.17
  2066	0.048569	-0.17	0.17
  2067	0.0450495	-0.17	0.17
  2068	0.0523316	-0.17	0.17
  2069	0.0700743	-0.17	0.17
  2070	0.0155076	-0.17	0.17
  2071	0.0664078	-0.17	0.17
  2072	0.0796571	-0.17	0.17
  2073	0.0786019	-0.17	0.17
  2074	0.0464708	-0.17	0.17
  2075	0.0720223	-0.17	0.17
  2076	0.0287226	-0.17	0.17
  2077	0.0799368	-0.17	0.17
  2078	0.0383609	-0.17	0.17
  2079	0.0803572	-0.17	0.17
  2080	0.0142903	-0.17	0.17
  2081	0.0707782	-0.17	0.17
  2082	0.0392318	-0.17	0.17
  2083	0.0791625	-0.17	0.17
  2084	0.0545156	-0.17	0.17
  2085	0.0402785	-0.17	0.17
  2086	0.069693	-0.17	0.17
  2087	0.079404	-0.17	0.17
  2088	0.0253069	-0.17	0.17
  2089	0.0655209	-0.17	0.17
  2090	0.0477508	-0.17	0.17
  2091	0.0280212	-0.17	0.17
  2092	0.0254846	-0.17	0.17
  2093	0.0748384	-0.17	0.17
  2094	0.0513181	-0.17	0.17
  2095	0.0437016	-0.17	0.17
  2096	0.0775043	-0.17	0.17
  2097	0.0267729	-0.17	0.17
  2098	0.0501953	-0.17	0.17
  2099	0.0748276	-0.17	0.17
  2100	0.0799271	-0.17	0.17
  2101	0.013827	-0.17	0.17
  2102	0.0588186	-0.17	0.17
  2103	0.0653636	-0.17	0.17
  2104	0.0609694	-0.17	0.17
  2105	0.0787219	-0.17	0.17
  2106	0.0736053	-0.17	0.17
  2107	0.0599524	-0.17	0.17
  2108	0.0456409	-0.17	0.17
  2109	0.0807604	-0.17	0.17
  2110	0.0807218	-0.17	0.17
  2111	0.0505205	-0.17	0.17
  2112	0.063363	-0.17	0.17
  2113	0.0560371	-0.17	0.17
  2114	0.073107	-0.17	0.17
  2115	0.0386746	-0.17	0.17
  2116	0.0693011	-0.17	0.17
  2117	0.0613253	-0.17	0.17
  2118	0.0532202	-0.17	0.17
  2119	0.0440527	-0.17	0.17
  2120	0.0761453	-0.17	0.17
  2121	0.0644546	-0.17	0.17
  2122	0.0752686	-0.17	0.17
  2123	0.058488	-0.17	0.17
  2124	0.0578765	-0.17	0.17
  2125	0.0301679	-0.17	0.17
  2126	0.0505482	-0.17	0.17
  2127	0.0753976	-0.17	0.17
  2128	0.0731134	-0.17	0.17
  2129	0.0789874	-0.17	0.17
  2130	0.0744376	-0.17	0.17
  2131	0.049408	-0.17	0.17
  2132	0.079692	-0.17	0.17
  2133	0.0133906	-0.17	0.17
  2134	0.0800409	-0.17	0.17
  2135	0.0744957	-0.17	0.17
  2136	0.0703796	-0.17	0.17
  2137	0.0529865	-0.17	0.17
  2138	0.0439328	-0.17	0.17
  2139	0.0664675	-0.17	0.17
  2140	0.0541283	-0.17	0.17
  2141	0.0798418	-0.17	0.17
  2142	0.0688393	-0.17	0.17
  2143	0.0727292	-0.17	0.17
  2144	0.0395395	-0.17	0.17
  2145	0.0556832	-0.17	0.17
  2146	0.0449804	-0.17	0.17
  2147	0.0463905	-0.17	0.17
  2148	0.0424095	-0.17	0.17
  2149	0.044628	-0.17	0.17
  2150	0.0777512	-0.17	0.17
  2151	0.0213101	-0.17	0.17
  2152	0.0319432	-0.17	0.17
  2153	0.0639743	-0.17	0.17
  2154	0.0475449	-0.17	0.17
  2155	0.0716341	-0.17	0.17
  2156	0.0802548	-0.17	0.17
  2157	0.0792256	-0.17	0.17
  2158	0.0630722	-0.17	0.17
  2159	0.0635415	-0.17	0.17
  2160	0.0476617	-0.17	0.17
  2161	0.071225	-0.17	0.17
  2162	0.0707178	-0.17	0.17
  2163	0.0776771	-0.17	0.17
  2164	0.061954	-0.17	0.17
  2165	0.0220189	-0.17	0.17
  2166	0.0535135	-0.17	0.17
  2167	0.0466874	-0.17	0.17
  2168	0.0737595	-0.17	0.17
  2169	0.075015	-0.17	0.17
  2170	0.0597341	-0.17	0.17
  2171	0.0434542	-0.17	0.17
  2172	0.013374	-0.17	0.17
  2173	0.0448828	-0.17	0.17
  2174	0.0384382	-0.17	0.17
  2175	0.0753453	-0.17	0.17
  2176	0.0735362	-0.17	0.17
  2177	0.0438679	-0.17	0.17
  2178	0.0369311	-0.17	0.17
  2179	0.0729392	-0.17	0.17
  2180	0.0512469	-0.17	0.17
  2181	0.0331762	-0.17	0.17
  2182	0.0492588	-0.17	0.17
  2183	0.0404726	-0.17	0.17
  2184	0.0742855	-0.17	0.17
  2185	0.0365345	-0.17	0.17
  2186	0.026539	-0.17	0.17
  2187	0.0235344	-0.17	0.17
  2188	0.0720459	-0.17	0.17
  2189	0.0678737	-0.17	0.17
  2190	0.067245	-0.17	0.17
  2191	0.0265734	-0.17	0.17
  2192	0.0577822	-0.17	0.17
  2193	0.0618853	-0.17	0.17
  2194	0.0499736	-0.17	0.17
  2195	0.0799951	-0.17	0.17
  2196	0.0190731	-0.17	0.17
  2197	0.0642878	-0.17	0.17
  2198	0.0757614	-0.17	0.17
  2199	0.0667615	-0.17	0.17
  2200	0.0540736	-0.17	0.17
  2201	0.0707783	-0.17	0.17
  2202	0.0568382	-0.17	0.17
  2203	0.0491817	-0.17	0.17
  2204	0.0702853	-0.17	0.17
  2205	0.0649675	-0.17	0.17
  2206	0.0667196	-0.17	0.17
  2207	0.0294181	-0.17	0.17
  2208	0.0784139	-0.17	0.17
  2209	0.0184616	-0.17	0.17
  2210	0.055268	-0.17	0.17
  2211	0.0448126	-0.17	0.17
  2212	0.0782594	-0.17	0.17
  2213	0.0782646	-0.17	0.17
  2214	0.0801291	-0.17	0.17
  2215	0.0688043	-0.17	0.17
  2216	0.0439792	-0.17	0.17
  2217	0.0789993	-0.17	0.17
  2218	0.0762944	-0.17	0.17
  2219	0.0156255	-0.17	0.17
  2220	0.0710454	-0.17	0.17
  2221	0.043764	-0.17	0.17
  2222	0.0543753	-0.17	0.17
  2223	0.0208068	-0.17	0.17
  2224	0.0463187	-0.17	0.17
  2225	0.060373	-0.17	0.17
  2226	0.0782306	-0.17	0.17
  2227	0.0547825	-0.17	0.17
  2228	0.0726074	-0.17	0.17
  2229	0.0765035	-0.17	0.17
  2230	0.0295766	-0.17	0.17
  2231	0.0780632	-0.17	0.17
  2232	0.0570809	-0.17	0.17
  2233	0.0217781	-0.17	0.17
  2234	0.0545176	-0.17	0.17
  2235	0.0730833	-0.17	0.17
  2236	0.0405523	-0.17	0.17
  2237	0.0799059	-0.17	0.17
  2238	0.0638651	-0.17	0.17
  2239	0.0157303	-0.17	0.17
  2240	0.0639278	-0.17	0.17
  2241	0.0796772	-0.17	0.17
  2242	0.0607413	-0.17	0.17
  2243	0.0354387	-0.17	0.17
  2244	0.0627674	-0.17	0.17
  2245	0.0550557	-0.17	0.17
  2246	0.0396479	-0.17	0.17
  2247	0.0330753	-0.17	0.17
  2248	0.0630182	-0.17	0.17
  2249	0.0663548	-0.17	0.17
  2250	0.0540664	-0.17	0.17
  2251	0.0711809	-0.17	0.17
  2252	0.0543217	-0.17	0.17
  2253	0.0788109	-0.17	0.17
  2254	0.0615416	-0.17	0.17
  2255	0.0522416	-0.17	0.17
  2256	0.0383521	-0.17	0.17
  2257	0.0644774	-0.17	0.17
  2258	0.079256	-0.17	0.17
  2259	0.0696704	-0.17	0.17
  2260	0.0530091	-0.17	0.17
  2261	0.0490093	-0.17	0.17
  2262	0.0798011	-0.17	0.17
  2263	0.0729981	-0.17	0.17
  2264	0.0762785	-0.17	0.17
  2265	0.0560566	-0.17	0.17
  2266	0.0460012	-0.17	0.17
  2267	0.0740051	-0.17	0.17
  2268	0.0761106	-0.17	0.17
  2269	0.0542189	-0.17	0.17
  2270	0.0625971	-0.17	0.17
  2271	0.0477727	-0.17	0.17
  2272	0.0694097	-0.17	0.17
  2273	0.0673649	-0.17	0.17
  2274	0.0630179	-0.17	0.17
  2275	0.049827	-0.17	0.17
  2276	0.0768809	-0.17	0.17
  2277	0.0633498	-0.17	0.17
  2278	0.0145051	-0.17	0.17
  2279	0.048214	-0.17	0.17
  2280	0.0719524	-0.17	0.17
  2281	0.0705688	-0.17	0.17
  2282	0.055457	-0.17	0.17
  2283	0.0671182	-0.17	0.17
  2284	0.0734177	-0.17	0.17
  2285	0.048541	-0.17	0.17
  2286	0.02034	-0.17	0.17
  2287	0.0759086	-0.17	0.17
  2288	0.0778879	-0.17	0.17
  2289	0.0343853	-0.17	0.17
  2290	0.0655319	-0.17	0.17
  2291	0.0430188	-0.17	0.17
  2292	0.0686739	-0.17	0.17
  2293	0.0459667	-0.17	0.17
  2294	0.038013	-0.17	0.17
  2295	0.0715667	-0.17	0.17
  2296	0.0721066	-0.17	0.17
  2297	0.0429692	-0.17	0.17
  2298	0.0390216	-0.17	0.17
  2299	0.070516	-0.17	0.17
  2300	0.0683459	-0.17	0.17
  2301	0.0763946	-0.17	0.17
  2302	0.0384262	-0.17	0.17
  2303	0.0723183	-0.17	0.17
  2304	0.080102	-0.17	0.17
  2305	0.0799674	-0.17	0.17
  2306	0.0396745	-0.17	0.17
  2307	0.078333	-0.17	0.17
  2308	0.0472396	-0.17	0.17
  2309	0.0176015	-0.17	0.17
  2310	0.0721615	-0.17	0.17
  2311	0.0230845	-0.17	0.17
  2312	0.0438081	-0.17	0.17
  2313	0.0784033	-0.17	0.17
  2314	0.0614375	-0.17	0.17
  2315	0.0634634	-0.17	0.17
  2316	0.0650829	-0.17	0.17
  2317	0.0604277	-0.17	0.17
  2318	0.0558154	-0.17	0.17
  2319	0.0361019	-0.17	0.17
  2320	0.0734878	-0.17	0.17
  2321	0.0804902	-0.17	0.17
  2322	0.0636209	-0.17	0.17
  2323	0.0462601	-0.17	0.17
  2324	0.0311155	-0.17	0.17
  2325	0.0741908	-0.17	0.17
  2326	0.0632294	-0.17	0.17
  2327	0.0707221	-0.17	0.17
  2328	0.0517279	-0.17	0.17
  2329	0.0543086	-0.17	0.17
  2330	0.078662	-0.17	0.17
  2331	0.0678301	-0.17	0.17
  2332	0.0785524	-0.17	0.17
  2333	0.074564	-0.17	0.17
  2334	0.078444	-0.17	0.17
  2335	0.0391319	-0.17	0.17
  2336	0.0789048	-0.17	0.17
  2337	0.0404417	-0.17	0.17
  2338	0.05934	-0.17	0.17
  2339	0.0453221	-0.17	0.17
  2340	0.0456722	-0.17	0.17
  2341	0.0477246	-0.17	0.17
  2342	0.0800214	-0.17	0.17
  2343	0.045546	-0.17	0.17
  2344	0.0745274	-0.17	0.17
  2345	0.0364552	-0.17	0.17
  2346	0.0396444	-0.17	0.17
  2347	0.0783621	-0.17	0.17
  2348	0.0442495	-0.17	0.17
  2349	0.0769804	-0.17	0.17
  2350	0.020111	-0.17	0.17
  2351	0.0741754	-0.17	0.17
  2352	0.0640973	-0.17	0.17
  2353	0.0487689	-0.17	0.17
  2354	0.0745466	-0.17	0.17
  2355	0.0672847	-0.17	0.17
  2356	0.0362374	-0.17	0.17
  2357	0.034066	-0.17	0.17
  2358	0.0464434	-0.17	0.17
  2359	0.0544622	-0.17	0.17
  2360	0.062697	-0.17	0.17
  2361	0.0769819	-0.17	0.17
  2362	0.0432411	-0.17	0.17
  2363	0.0155369	-0.17	0.17
  2364	0.04527	-0.17	0.17
  2365	0.070611	-0.17	0.17
  2366	0.076182	-0.17	0.17
  2367	0.0369099	-0.17	0.17
  2368	0.0323395	-0.17	0.17
  2369	0.059635	-0.17	0.17
  2370	0.0780577	-0.17	0.17
  2371	0.0799561	-0.17	0.17
  2372	0.0767344	-0.17	0.17
  2373	0.0449657	-0.17	0.17
  2374	0.0515751	-0.17	0.17
  2375	0.0631535	-0.17	0.17
  2376	0.0279864	-0.17	0.17
  2377	0.0415621	-0.17	0.17
  2378	0.073239	-0.17	0.17
  2379	0.0601923	-0.17	0.17
  2380	0.0536468	-0.17	0.17
  2381	0.0754893	-0.17	0.17
  2382	0.0564773	-0.17	0.17
  2383	0.0729772	-0.17	0.17
  2384	0.0382853	-0.17	0.17
  2385	0.0471515	-0.17	0.17
  2386	0.0757643	-0.17	0.17
  2387	0.0506239	-0.17	0.17
  2388	0.0690616	-0.17	0.17
  2389	0.0779367	-0.17	0.17
  2390	0.0796088	-0.17	0.17
  2391	0.069116	-0.17	0.17
  2392	0.0784122	-0.17	0.17
  2393	0.0692526	-0.17	0.17
  2394	0.0538078	-0.17	0.17
  2395	0.0359562	-0.17	0.17
  2396	0.0738021	-0.17	0.17
  2397	0.0586442	-0.17	0.17
  2398	0.0679771	-0.17	0.17
  2399	0.0429364	-0.17	0.17
  2400	0.0571483	-0.17	0.17
  2401	0.0695165	-0.17	0.17
  2402	0.0284669	-0.17	0.17
  2403	0.0207878	-0.17	0.17
  2404	0.0408829	-0.17	0.17
  2405	0.0230369	-0.17	0.17
  2406	0.0712145	-0.17	0.17
  2407	0.0614328	-0.17	0.17
  2408	0.0767293	-0.17	0.17
  2409	0.0647274	-0.17	0.17
  2410	0.0395078	-0.17	0.17
  2411	0.0770886	-0.17	0.17
  2412	0.0632408	-0.17	0.17
  2413	0.0514927	-0.17	0.17
  2414	0.0754955	-0.17	0.17
  2415	0.0789112	-0.17	0.17
  2416	0.0345016	-0.17	0.17
  2417	0.0793732	-0.17	0.17
  2418	0.0574386	-0.17	0.17
  2419	0.0361657	-0.17	0.17
  2420	0.0508325	-0.17	0.17
  2421	0.0667329	-0.17	0.17
  2422	0.068581	-0.17	0.17
  2423	0.0781994	-0.17	0.17
  2424	0.076303	-0.17	0.17
  2425	0.0483486	-0.17	0.17
  2426	0.0790619	-0.17	0.17
  2427	0.0531271	-0.17	0.17
  2428	0.0571332	-0.17	0.17
  2429	0.0689245	-0.17	0.17
  2430	0.0591786	-0.17	0.17
  2431	0.0796576	-0.17	0.17
  2432	0.0542249	-0.17	0.17
  2433	0.0701875	-0.17	0.17
  2434	0.0713984	-0.17	0.17
  2435	0.0627259	-0.17	0.17
  2436	0.0625953	-0.17	0.17
  2437	0.0312281	-0.17	0.17
  2438	0.0711335	-0.17	0.17
  2439	0.0563622	-0.17	0.17
  2440	0.0642625	-0.17	0.17
  2441	0.0586341	-0.17	0.17
  2442	0.0748236	-0.17	0.17
  2443	0.0735592	-0.17	0.17
  2444	0.0320436	-0.17	0.17
  2445	0.0788953	-0.17	0.17
  2446	0.0593605	-0.17	0.17
  2447	0.0764444	-0.17	0.17
  2448	0.0508456	-0.17	0.17
  2449	0.0599436	-0.17	0.17
  2450	0.0774405	-0.17	0.17
  2451	0.0564154	-0.17	0.17
  2452	0.0343248	-0.17	0.17
  2453	0.0522472	-0.17	0.17
  2454	0.0691729	-0.17	0.17
  2455	0.0469643	-0.17	0.17
  2456	0.0790659	-0.17	0.17
  2457	0.0802882	-0.17	0.17
  2458	0.0725888	-0.17	0.17
  2459	0.0744063	-0.17	0.17
  2460	0.0341192	-0.17	0.17
  2461	0.061628	-0.17	0.17
  2462	0.033934	-0.17	0.17
  2463	0.0688224	-0.17	0.17
  2464	0.0510923	-0.17	0.17
  2465	0.0222834	-0.17	0.17
  2466	0.0703956	-0.17	0.17
  2467	0.0343814	-0.17	0.17
  2468	0.0643708	-0.17	0.17
  2469	0.0789597	-0.17	0.17
  2470	0.0725154	-0.17	0.17
  2471	0.0160211	-0.17	0.17
  2472	0.065946	-0.17	0.17
  2473	0.0571406	-0.17	0.17
  2474	0.0505655	-0.17	0.17
  2475	0.0571577	-0.17	0.17
  2476	0.0559664	-0.17	0.17
  2477	0.0735131	-0.17	0.17
  2478	0.0678215	-0.17	0.17
  2479	0.0792873	-0.17	0.17
  2480	0.0625491	-0.17	0.17
  2481	0.0399774	-0.17	0.17
  2482	0.0130017	-0.17	0.17
  2483	0.0584326	-0.17	0.17
  2484	0.0415288	-0.17	0.17
  2485	0.0431712	-0.17	0.17
  2486	0.0688836	-0.17	0.17
  2487	0.0759715	-0.17	0.17
  2488	0.0724287	-0.17	0.17
  2489	0.0734092	-0.17	0.17
  2490	0.0630594	-0.17	0.17
  2491	0.0648194	-0.17	0.17
  2492	0.0404531	-0.17	0.17
  2493	0.0381251	-0.17	0.17
  2494	0.0595884	-0.17	0.17
  2495	0.0620676	-0.17	0.17
  2496	0.0558765	-0.17	0.17
  2497	0.0783537	-0.17	0.17
  2498	0.0474411	-0.17	0.17
  2499	0.0679507	-0.17	0.17
  2500	0.0182291	-0.17	0.17
  2501	0.0565137	-0.17	0.17
  2502	0.0462421	-0.17	0.17
  2503	0.073473	-0.17	0.17
  2504	0.0742545	-0.17	0.17
  2505	0.0224065	-0.17	0.17
  2506	0.0628792	-0.17	0.17
  2507	0.07946	-0.17	0.17
  2508	0.0559188	-0.17	0.17
  2509	0.0719504	-0.17	0.17
  2510	0.0579394	-0.17	0.17
  2511	0.0489516	-0.17	0.17
  2512	0.0644511	-0.17	0.17
  2513	0.0433273	-0.17	0.17
  2514	0.0802443	-0.17	0.17
  2515	0.073596	-0.17	0.17
  2516	0.0546556	-0.17	0.17
  2517	0.0146938	-0.17	0.17
  2518	0.051929	-0.17	0.17
  2519	0.0661015	-0.17	0.17
  2520	0.0499928	-0.17	0.17
  2521	0.0690602	-0.17	0.17
  2522	0.0749602	-0.17	0.17
  2523	0.040987	-0.17	0.17
  2524	0.0715928	-0.17	0.17
  2525	0.077748	-0.17	0.17
  2526	0.0770935	-0.17	0.17
  2527	0.0797024	-0.17	0.17
  2528	0.0391619	-0.17	0.17
  2529	0.0458071	-0.17	0.17
  2530	0.0544649	-0.17	0.17
  2531	0.079044	-0.17	0.17
  2532	0.0492698	-0.17	0.17
  2533	0.0283182	-0.17	0.17
  2534	0.0794692	-0.17	0.17
  2535	0.0566695	-0.17	0.17
  2536	0.0555745	-0.17	0.17
  2537	0.0754528	-0.17	0.17
  2538	0.0419365	-0.17	0.17
  2539	0.080015	-0.17	0.17
  2540	0.0709472	-0.17	0.17
  2541	0.054819	-0.17	0.17
  2542	0.0787243	-0.17	0.17
  2543	0.0428041	-0.17	0.17
  2544	0.0569597	-0.17	0.17
  2545	0.0766861	-0.17	0.17
  2546	0.0704362	-0.17	0.17
  2547	0.0777509	-0.17	0.17
  2548	0.0806609	-0.17	0.17
  2549	0.0443865	-0.17	0.17
  2550	0.0724042	-0.17	0.17
  2551	0.0426679	-0.17	0.17
  2552	0.0733335	-0.17	0.17
  2553	0.0511456	-0.17	0.17
  2554	0.0723992	-0.17	0.17
  2555	0.0406372	-0.17	0.17
  2556	0.0306048	-0.17	0.17
  2557	0.0379714	-0.17	0.17
  2558	0.0381483	-0.17	0.17
  2559	0.0495944	-0.17	0.17
  2560	0.0346633	-0.17	0.17
  2561	0.0402436	-0.17	0.17
  2562	0.0792667	-0.17	0.17
  2563	0.0758161	-0.17	0.17
  2564	0.0703989	-0.17	0.17
  2565	0.0633349	-0.17	0.17
  2566	0.0518951	-0.17	0.17
  2567	0.0471446	-0.17	0.17
  2568	0.0479303	-0.17	0.17
  2569	0.0340807	-0.17	0.17
  2570	0.0659474	-0.17	0.17
  2571	0.0714129	-0.17	0.17
  2572	0.0629758	-0.17	0.17
  2573	0.0624901	-0.17	0.17
  2574	0.0530723	-0.17	0.17
  2575	0.0710604	-0.17	0.17
  2576	0.0482951	-0.17	0.17
  2577	0.0403237	-0.17	0.17
  2578	0.0710462	-0.17	0.17
  2579	0.0719504	-0.17	0.17
  2580	0.07822	-0.17	0.17
  2581	0.0681461	-0.17	0.17
  2582	0.0428862	-0.17	0.17
  2583	0.0684875	-0.17	0.17
  2584	0.0672387	-0.17	0.17
  2585	0.0322943	-0.17	0.17
  2586	0.0695325	-0.17	0.17
  2587	0.0779854	-0.17	0.17
  2588	0.0131386	-0.17	0.17
  2589	0.0427591	-0.17	0.17
  2590	0.068627	-0.17	0.17
  2591	0.0546038	-0.17	0.17
  2592	0.0687283	-0.17	0.17
  2593	0.0589589	-0.17	0.17
  2594	0.0798094	-0.17	0.17
  2595	0.0651424	-0.17	0.17
  2596	0.0594794	-0.17	0.17
  2597	0.0472821	-0.17	0.17
  2598	0.0737995	-0.17	0.17
  2599	0.0687981	-0.17	0.17
  2600	0.0628314	-0.17	0.17
  2601	0.0420151	-0.17	0.17
  2602	0.0481575	-0.17	0.17
  2603	0.080573	-0.17	0.17
  2604	0.0791804	-0.17	0.17
  2605	0.0573185	-0.17	0.17
  2606	0.0788791	-0.17	0.17
  2607	0.0785134	-0.17	0.17
  2608	0.0418651	-0.17	0.17
  2609	0.0800905	-0.17	0.17
  2610	0.0404308	-0.17	0.17
  2611	0.0783319	-0.17	0.17
  2612	0.0671039	-0.17	0.17
  2613	0.071647	-0.17	0.17
  2614	0.0692939	-0.17	0.17
  2615	0.0743923	-0.17	0.17
  2616	0.0798638	-0.17	0.17
  2617	0.0760903	-0.17	0.17
  2618	0.0778789	-0.17	0.17
  2619	0.0620171	-0.17	0.17
  2620	0.0805347	-0.17	0.17
  2621	0.0730481	-0.17	0.17
  2622	0.0796515	-0.17	0.17
  2623	0.0724838	-0.17	0.17
  2624	0.0466476	-0.17	0.17
  2625	0.0776139	-0.17	0.17
  2626	0.0596305	-0.17	0.17
  2627	0.0523009	-0.17	0.17
  2628	0.0269071	-0.17	0.17
  2629	0.0785123	-0.17	0.17
  2630	0.0523165	-0.17	0.17
  2631	0.0802302	-0.17	0.17
  2632	0.0545065	-0.17	0.17
  2633	0.0604461	-0.17	0.17
  2634	0.0362167	-0.17	0.17
  2635	0.0527985	-0.17	0.17
  2636	0.0615728	-0.17	0.17
  2637	0.0603988	-0.17	0.17
  2638	0.0241951	-0.17	0.17
  2639	0.0563489	-0.17	0.17
  2640	0.0590187	-0.17	0.17
  2641	0.0637069	-0.17	0.17
  2642	0.0525264	-0.17	0.17
  2643	0.0669762	-0.17	0.17
  2644	0.0344888	-0.17	0.17
  2645	0.0529463	-0.17	0.17
  2646	0.0711394	-0.17	0.17
  2647	0.0362983	-0.17	0.17
  2648	0.0722838	-0.17	0.17
  2649	0.0777084	-0.17	0.17
  2650	0.0532244	-0.17	0.17
  2651	0.0731456	-0.17	0.17
  2652	0.0396801	-0.17	0.17
  2653	0.03859	-0.17	0.17
  2654	0.0401457	-0.17	0.17
  2655	0.077235	-0.17	0.17
  2656	0.0714368	-0.17	0.17
  2657	0.069302	-0.17	0.17
  2658	0.0545854	-0.17	0.17
  2659	0.0730808	-0.17	0.17
  2660	0.0697831	-0.17	0.17
  2661	0.0690141	-0.17	0.17
  2662	0.0800142	-0.17	0.17
  2663	0.0607456	-0.17	0.17
  2664	0.0649278	-0.17	0.17
  2665	0.0788835	-0.17	0.17
  2666	0.0197766	-0.17	0.17
  2667	0.065679	-0.17	0.17
  2668	0.0526866	-0.17	0.17
  2669	0.0781409	-0.17	0.17
  2670	0.0596543	-0.17	0.17
  2671	0.0321109	-0.17	0.17
  2672	0.049391	-0.17	0.17
  2673	0.0727976	-0.17	0.17
  2674	0.0380024	-0.17	0.17
  2675	0.052607	-0.17	0.17
  2676	0.0512269	-0.17	0.17
  2677	0.0526823	-0.17	0.17
  2678	0.0505276	-0.17	0.17
  2679	0.0774499	-0.17	0.17
  2680	0.0727701	-0.17	0.17
  2681	0.0522532	-0.17	0.17
  2682	0.0770074	-0.17	0.17
  2683	0.0653219	-0.17	0.17
  2684	0.0539231	-0.17	0.17
  2685	0.0422483	-0.17	0.17
  2686	0.070144	-0.17	0.17
  2687	0.0433789	-0.17	0.17
  2688	0.0318878	-0.17	0.17
  2689	0.0527936	-0.17	0.17
  2690	0.0690208	-0.17	0.17
  2691	0.0518993	-0.17	0.17
  2692	0.031877	-0.17	0.17
  2693	0.0802688	-0.17	0.17
  2694	0.0732257	-0.17	0.17
  2695	0.0647035	-0.17	0.17
  2696	0.0394807	-0.17	0.17
  2697	0.0603733	-0.17	0.17
  2698	0.0203818	-0.17	0.17
  2699	0.06173	-0.17	0.17
  2700	0.0638399	-0.17	0.17
  2701	0.0774774	-0.17	0.17
  2702	0.0690882	-0.17	0.17
  2703	0.0230503	-0.17	0.17
  2704	0.0502939	-0.17	0.17
  2705	0.0796095	-0.17	0.17
  2706	0.0722923	-0.17	0.17
  2707	0.0721169	-0.17	0.17
  2708	0.0487835	-0.17	0.17
  2709	0.0182619	-0.17	0.17
  2710	0.0774047	-0.17	0.17
  2711	0.0568844	-0.17	0.17
  2712	0.0486599	-0.17	0.17
  2713	0.0804002	-0.17	0.17
  2714	0.0766494	-0.17	0.17
  2715	0.0675625	-0.17	0.17
  2716	0.0397301	-0.17	0.17
  2717	0.0321203	-0.17	0.17
  2718	0.0759154	-0.17	0.17
  2719	0.0777249	-0.17	0.17
  2720	0.0169057	-0.17	0.17
  2721	0.0307072	-0.17	0.17
  2722	0.03857	-0.17	0.17
  2723	0.0410448	-0.17	0.17
  2724	0.0509469	-0.17	0.17
  2725	0.0466365	-0.17	0.17
  2726	0.059187	-0.17	0.17
  2727	0.060564	-0.17	0.17
  2728	0.0577711	-0.17	0.17
  2729	0.0616058	-0.17	0.17
  2730	0.0370028	-0.17	0.17
  2731	0.0661168	-0.17	0.17
  2732	0.06913	-0.17	0.17
  2733	0.0708252	-0.17	0.17
  2734	0.0799801	-0.17	0.17
  2735	0.0673891	-0.17	0.17
  2736	0.0748618	-0.17	0.17
  2737	0.078465	-0.17	0.17
  2738	0.0204082	-0.17	0.17
  2739	0.0598233	-0.17	0.17
  2740	0.0730727	-0.17	0.17
  2741	0.0225623	-0.17	0.17
  2742	0.0533256	-0.17	0.17
  2743	0.0789742	-0.17	0.17
  2744	0.0770872	-0.17	0.17
  2745	0.0631974	-0.17	0.17
  2746	0.0506011	-0.17	0.17
  2747	0.0680689	-0.17	0.17
  2748	0.0718125	-0.17	0.17
  2749	0.0652892	-0.17	0.17
  2750	0.0747848	-0.17	0.17
  2751	0.0557696	-0.17	0.17
  2752	0.0135879	-0.17	0.17
  2753	0.0391444	-0.17	0.17
  2754	0.0602179	-0.17	0.17
  2755	0.053328	-0.17	0.17
  2756	0.0391609	-0.17	0.17
  2757	0.0533578	-0.17	0.17
  2758	0.0777537	-0.17	0.17
  2759	0.0588691	-0.17	0.17
  2760	0.0771126	-0.17	0.17
  2761	0.0706954	-0.17	0.17
  2762	0.0391742	-0.17	0.17
  2763	0.0329532	-0.17	0.17
  2764	0.0594037	-0.17	0.17
  2765	0.0675819	-0.17	0.17
  2766	0.0771312	-0.17	0.17
  2767	0.0640303	-0.17	0.17
  2768	0.0697301	-0.17	0.17
  2769	0.0747343	-0.17	0.17
  2770	0.0756813	-0.17	0.17
  2771	0.062505	-0.17	0.17
  2772	0.0792857	-0.17	0.17
  2773	0.0462167	-0.17	0.17
  2774	0.0669147	-0.17	0.17
  2775	0.068699	-0.17	0.17
  2776	0.0458767	-0.17	0.17
  2777	0.0164424	-0.17	0.17
  2778	0.0586816	-0.17	0.17
  2779	0.0801469	-0.17	0.17
  2780	0.0785542	-0.17	0.17
  2781	0.0276738	-0.17	0.17
  2782	0.0725707	-0.17	0.17
  2783	0.0729108	-0.17	0.17
  2784	0.0739271	-0.17	0.17
  2785	0.0494188	-0.17	0.17
  2786	0.0785014	-0.17	0.17
  2787	0.043273	-0.17	0.17
  2788	0.0484045	-0.17	0.17
  2789	0.078311	-0.17	0.17
  2790	0.0795607	-0.17	0.17
  2791	0.0715493	-0.17	0.17
  2792	0.0553211	-0.17	0.17
  2793	0.0782069	-0.17	0.17
  2794	0.0285731	-0.17	0.17
  2795	0.069743	-0.17	0.17
  2796	0.0721507	-0.17	0.17
  2797	0.069105	-0.17	0.17
  2798	0.0300334	-0.17	0.17
  2799	0.0517333	-0.17	0.17
  2800	0.0699843	-0.17	0.17
  2801	0.0786926	-0.17	0.17
  2802	0.0642577	-0.17	0.17
  2803	0.0492944	-0.17	0.17
  2804	0.0605763	-0.17	0.17
  2805	0.0679322	-0.17	0.17
  2806	0.055421	-0.17	0.17
  2807	0.0320188	-0.17	0.17
  2808	0.0595276	-0.17	0.17
  2809	0.063287	-0.17	0.17
  2810	0.0599321	-0.17	0.17
  2811	0.0536626	-0.17	0.17
  2812	0.0774379	-0.17	0.17
  2813	0.0587892	-0.17	0.17
  2814	0.041465	-0.17	0.17
  2815	0.0540114	-0.17	0.17
  2816	0.0565865	-0.17	0.17
  2817	0.0226049	-0.17	0.17
  2818	0.0751419	-0.17	0.17
  2819	0.0422798	-0.17	0.17
  2820	0.013964	-0.17	0.17
  2821	0.0700754	-0.17	0.17
  2822	0.0538096	-0.17	0.17
  2823	0.0805846	-0.17	0.17
  2824	0.0664542	-0.17	0.17
  2825	0.0270525	-0.17	0.17
  2826	0.0786921	-0.17	0.17
  2827	0.0739941	-0.17	0.17
  2828	0.0635561	-0.17	0.17
  2829	0.0715171	-0.17	0.17
  2830	0.0800867	-0.17	0.17
  2831	0.0495388	-0.17	0.17
  2832	0.0771403	-0.17	0.17
  2833	0.019098	-0.17	0.17
  2834	0.0479626	-0.17	0.17
  2835	0.0801478	-0.17	0.17
  2836	0.0515208	-0.17	0.17
  2837	0.0535174	-0.17	0.17
  2838	0.0543936	-0.17	0.17
  2839	0.075943	-0.17	0.17
  2840	0.06577	-0.17	0.17
  2841	0.0152272	-0.17	0.17
  2842	0.0646992	-0.17	0.17
  2843	0.0375941	-0.17	0.17
  2844	0.07951	-0.17	0.17
  2845	0.0162147	-0.17	0.17
  2846	0.0760174	-0.17	0.17
  2847	0.0171769	-0.17	0.17
  2848	0.0743848	-0.17	0.17
  2849	0.0763939	-0.17	0.17
  2850	0.0798557	-0.17	0.17
  2851	0.0791031	-0.17	0.17
  2852	0.0616766	-0.17	0.17
  2853	0.0637024	-0.17	0.17
  2854	0.0800049	-0.17	0.17
  2855	0.0788147	-0.17	0.17
  2856	0.0651766	-0.17	0.17
  2857	0.0619548	-0.17	0.17
  2858	0.0679278	-0.17	0.17
  2859	0.0680148	-0.17	0.17
  2860	0.0660489	-0.17	0.17
  2861	0.0774777	-0.17	0.17
  2862	0.0775029	-0.17	0.17
  2863	0.0601913	-0.17	0.17
  2864	0.0542061	-0.17	0.17
  2865	0.0431604	-0.17	0.17
  2866	0.0779857	-0.17	0.17
  2867	0.0733172	-0.17	0.17
  2868	0.0493582	-0.17	0.17
  2869	0.0661237	-0.17	0.17
  2870	0.076585	-0.17	0.17
  2871	0.0598963	-0.17	0.17
  2872	0.0772973	-0.17	0.17
  2873	0.0587884	-0.17	0.17
  2874	0.0508782	-0.17	0.17
  2875	0.0403475	-0.17	0.17
  2876	0.0754893	-0.17	0.17
  2877	0.0538634	-0.17	0.17
  2878	0.0795028	-0.17	0.17
  2879	0.0793276	-0.17	0.17
  2880	0.0412199	-0.17	0.17
  2881	0.0524534	-0.17	0.17
  2882	0.0696332	-0.17	0.17
  2883	0.0672841	-0.17	0.17
  2884	0.0613594	-0.17	0.17
  2885	0.0781878	-0.17	0.17
  2886	0.0335611	-0.17	0.17
  2887	0.0251333	-0.17	0.17
  2888	0.057921	-0.17	0.17
  2889	0.0539804	-0.17	0.17
  2890	0.0282646	-0.17	0.17
  2891	0.0190881	-0.17	0.17
  2892	0.0789609	-0.17	0.17
  2893	0.0488311	-0.17	0.17
  2894	0.0391129	-0.17	0.17
  2895	0.0160843	-0.17	0.17
  2896	0.0310778	-0.17	0.17
  2897	0.0681927	-0.17	0.17
  2898	0.0804215	-0.17	0.17
  2899	0.0769593	-0.17	0.17
  2900	0.0532566	-0.17	0.17
  2901	0.0808875	-0.17	0.17
  2902	0.0644443	-0.17	0.17
  2903	0.0615188	-0.17	0.17
  2904	0.0299661	-0.17	0.17
  2905	0.0649561	-0.17	0.17
  2906	0.0711767	-0.17	0.17
  2907	0.0510977	-0.17	0.17
  2908	0.0713678	-0.17	0.17
  2909	0.0799432	-0.17	0.17
  2910	0.0503454	-0.17	0.17
  2911	0.0628176	-0.17	0.17
  2912	0.0793368	-0.17	0.17
  2913	0.0453163	-0.17	0.17
  2914	0.0425527	-0.17	0.17
  2915	0.0573276	-0.17	0.17
  2916	0.0351324	-0.17	0.17
  2917	0.080369	-0.17	0.17
  2918	0.0537743	-0.17	0.17
  2919	0.0539104	-0.17	0.17
  2920	0.0518658	-0.17	0.17
  2921	0.0686341	-0.17	0.17
  2922	0.0724967	-0.17	0.17
  2923	0.0602929	-0.17	0.17
  2924	0.0630523	-0.17	0.17
  2925	0.0782663	-0.17	0.17
  2926	0.042884	-0.17	0.17
  2927	0.0683461	-0.17	0.17
  2928	0.072577	-0.17	0.17
  2929	0.0523905	-0.17	0.17
  2930	0.0805146	-0.17	0.17
  2931	0.0499682	-0.17	0.17
  2932	0.0777426	-0.17	0.17
  2933	0.0219998	-0.17	0.17
  2934	0.0628108	-0.17	0.17
  2935	0.0526881	-0.17	0.17
  2936	0.0566947	-0.17	0.17
  2937	0.0333825	-0.17	0.17
  2938	0.0428942	-0.17	0.17
  2939	0.0628772	-0.17	0.17
  2940	0.0769768	-0.17	0.17
  2941	0.0624305	-0.17	0.17
  2942	0.039752	-0.17	0.17
  2943	0.0782525	-0.17	0.17
  2944	0.0557922	-0.17	0.17
  2945	0.0624337	-0.17	0.17
  2946	0.0737228	-0.17	0.17
  2947	0.0516349	-0.17	0.17
  2948	0.074642	-0.17	0.17
  2949	0.0524907	-0.17	0.17
  2950	0.0597751	-0.17	0.17
  2951	0.0631037	-0.17	0.17
  2952	0.0658441	-0.17	0.17
  2953	0.0404068	-0.17	0.17
  2954	0.059965	-0.17	0.17
  2955	0.0644437	-0.17	0.17
  2956	0.0714019	-0.17	0.17
  2957	0.0251028	-0.17	0.17
  2958	0.0526811	-0.17	0.17
  2959	0.0681551	-0.17	0.17
  2960	0.035343	-0.17	0.17
  2961	0.0648877	-0.17	0.17
  2962	0.055304	-0.17	0.17
  2963	0.0804405	-0.17	0.17
  2964	0.080436	-0.17	0.17
  2965	0.0487383	-0.17	0.17
  2966	0.0500609	-0.17	0.17
  2967	0.030831	-0.17	0.17
  2968	0.0785401	-0.17	0.17
  2969	0.0803558	-0.17	0.17
  2970	0.0589847	-0.17	0.17
  2971	0.0423759	-0.17	0.17
  2972	0.0763924	-0.17	0.17
  2973	0.0441716	-0.17	0.17
  2974	0.045764	-0.17	0.17
  2975	0.0503064	-0.17	0.17
  2976	0.0647779	-0.17	0.17
  2977	0.0802559	-0.17	0.17
  2978	0.0297025	-0.17	0.17
  2979	0.0544458	-0.17	0.17
  2980	0.0684963	-0.17	0.17
  2981	0.0703668	-0.17	0.17
  2982	0.0678722	-0.17	0.17
  2983	0.0667036	-0.17	0.17
  2984	0.0556854	-0.17	0.17
  2985	0.0686516	-0.17	0.17
  2986	0.0508865	-0.17	0.17
  2987	0.077094	-0.17	0.17
  2988	0.0751904	-0.17	0.17
  2989	0.0442913	-0.17	0.17
  2990	0.0277794	-0.17	0.17
  2991	0.0354311	-0.17	0.17
  2992	0.0622235	-0.17	0.17
  2993	0.0778697	-0.17	0.17
  2994	0.0369299	-0.17	0.17
  2995	0.078548	-0.17	0.17
  2996	0.0786448	-0.17	0.17
  2997	0.0202923	-0.17	0.17
  2998	0.077602	-0.17	0.17
  2999	0.0480106	-0.17	0.17
  3000	0.0720778	-0.17	0.17
  3001	0.080609	-0.17	0.17
  3002	0.0773405	-0.17	0.17
  3003	0.0592198	-0.17	0.17
  3004	0.0444626	-0.17	0.17
  3005	0.0640891	-0.17	0.17
  3006	0.0307664	-0.17	0.17
  3007	0.050797	-0.17	0.17
  3008	0.0803782	-0.17	0.17
  3009	0.0785168	-0.17	0.17
  3010	0.0557856	-0.17	0.17
  3011	0.0763629	-0.17	0.17
  3012	0.0793077	-0.17	0.17
  3013	0.0443086	-0.17	0.17
  3014	0.0563259	-0.17	0.17
  3015	0.0620516	-0.17	0.17
  3016	0.0808264	-0.17	0.17
  3017	0.0714159	-0.17	0.17
  3018	0.0336509	-0.17	0.17
  3019	0.0763401	-0.17	0.17
  3020	0.0412387	-0.17	0.17
  3021	0.0435423	-0.17	0.17
  3022	0.0707709	-0.17	0.17
  3023	0.0769486	-0.17	0.17
  3024	0.0747693	-0.17	0.17
  3025	0.0761137	-0.17	0.17
  3026	0.0141584	-0.17	0.17
  3027	0.0314024	-0.17	0.17
  3028	0.0773419	-0.17	0.17
  3029	0.048626	-0.17	0.17
  3030	0.0716607	-0.17	0.17
  3031	0.0429361	-0.17	0.17
  3032	0.0432898	-0.17	0.17
  3033	0.0251518	-0.17	0.17
  3034	0.0698243	-0.17	0.17
  3035	0.0625327	-0.17	0.17
  3036	0.0279931	-0.17	0.17
  3037	0.0541472	-0.17	0.17
  3038	0.0209264	-0.17	0.17
  3039	0.0766922	-0.17	0.17
  3040	0.0616312	-0.17	0.17
  3041	0.0594821	-0.17	0.17
  3042	0.0451575	-0.17	0.17
  3043	0.0308891	-0.17	0.17
  3044	0.0790918	-0.17	0.17
  3045	0.0798278	-0.17	0.17
  3046	0.0535055	-0.17	0.17
  3047	0.0638145	-0.17	0.17
  3048	0.05751	-0.17	0.17
  3049	0.0178552	-0.17	0.17
  3050	0.0636673	-0.17	0.17
  3051	0.0792515	-0.17	0.17
  3052	0.0377378	-0.17	0.17
  3053	0.0798538	-0.17	0.17
  3054	0.0191756	-0.17	0.17
  3055	0.0693881	-0.17	0.17
  3056	0.0692841	-0.17	0.17
  3057	0.0470054	-0.17	0.17
  3058	0.0800099	-0.17	0.17
  3059	0.0409373	-0.17	0.17
  3060	0.0687698	-0.17	0.17
  3061	0.0801646	-0.17	0.17
  3062	0.0479484	-0.17	0.17
  3063	0.0696696	-0.17	0.17
  3064	0.0444302	-0.17	0.17
  3065	0.0465167	-0.17	0.17
  3066	0.0680491	-0.17	0.17
  3067	0.0287601	-0.17	0.17
  3068	0.0577666	-0.17	0.17
  3069	0.0282518	-0.17	0.17
  3070	0.0798165	-0.17	0.17
  3071	0.0185916	-0.17	0.17
  3072	0.0455816	-0.17	0.17
  3073	0.0738255	-0.17	0.17
  3074	0.0647613	-0.17	0.17
  3075	0.0218704	-0.17	0.17
  3076	0.0571695	-0.17	0.17
  3077	0.070051	-0.17	0.17
  3078	0.0533763	-0.17	0.17
  3079	0.0796008	-0.17	0.17
  3080	0.0578475	-0.17	0.17
  3081	0.0606741	-0.17	0.17
  3082	0.0782997	-0.17	0.17
  3083	0.0695246	-0.17	0.17
  3084	0.0653434	-0.17	0.17
  3085	0.0776633	-0.17	0.17
  3086	0.0549418	-0.17	0.17
  3087	0.0719236	-0.17	0.17
  3088	0.0758357	-0.17	0.17
  3089	0.077145	-0.17	0.17
  3090	0.0806948	-0.17	0.17
  3091	0.0626574	-0.17	0.17
  3092	0.0348084	-0.17	0.17
  3093	0.0649339	-0.17	0.17
  3094	0.0404261	-0.17	0.17
  3095	0.0445487	-0.17	0.17
  3096	0.0542337	-0.17	0.17
  3097	0.0618414	-0.17	0.17
  3098	0.0805051	-0.17	0.17
  3099	0.0369	-0.17	0.17
  3100	0.0648336	-0.17	0.17
  3101	0.035406	-0.17	0.17
  3102	0.032929	-0.17	0.17
  3103	0.0387654	-0.17	0.17
  3104	0.0424129	-0.17	0.17
  3105	0.0694166	-0.17	0.17
  3106	0.0704206	-0.17	0.17
  3107	0.0293622	-0.17	0.17
  3108	0.0319101	-0.17	0.17
  3109	0.0665283	-0.17	0.17
  3110	0.0528587	-0.17	0.17
  3111	0.0466547	-0.17	0.17
  3112	0.0710574	-0.17	0.17
  3113	0.074878	-0.17	0.17
  3114	0.0791962	-0.17	0.17
  3115	0.0537339	-0.17	0.17
  3116	0.065703	-0.17	0.17
  3117	0.0585315	-0.17	0.17
  3118	0.0727501	-0.17	0.17
  3119	0.0789345	-0.17	0.17
  3120	0.0803239	-0.17	0.17
  3121	0.0668709	-0.17	0.17
  3122	0.0739919	-0.17	0.17
  3123	0.0654053	-0.17	0.17
  3124	0.0749323	-0.17	0.17
  3125	0.0662835	-0.17	0.17
  3126	0.0468541	-0.17	0.17
  3127	0.0640487	-0.17	0.17
  3128	0.0382431	-0.17	0.17
  3129	0.0445679	-0.17	0.17
  3130	0.0554623	-0.17	0.17
  3131	0.0197056	-0.17	0.17
  3132	0.0414222	-0.17	0.17
  3133	0.0796135	-0.17	0.17
  3134	0.0802184	-0.17	0.17
  3135	0.0707966	-0.17	0.17
  3136	0.0597686	-0.17	0.17
  3137	0.0279808	-0.17	0.17
  3138	0.0753451	-0.17	0.17
  3139	0.0479028	-0.17	0.17
  3140	0.0501057	-0.17	0.17
  3141	0.0627811	-0.17	0.17
  3142	0.0701669	-0.17	0.17
  3143	0.0404066	-0.17	0.17
  3144	0.0215656	-0.17	0.17
  3145	0.0230936	-0.17	0.17
  3146	0.0337893	-0.17	0.17
  3147	0.0723306	-0.17	0.17
  3148	0.0594909	-0.17	0.17
  3149	0.0800909	-0.17	0.17
  3150	0.0661274	-0.17	0.17
  3151	0.0255023	-0.17	0.17
  3152	0.0653523	-0.17	0.17
  3153	0.0778899	-0.17	0.17
  3154	0.0493819	-0.17	0.17
  3155	0.0500353	-0.17	0.17
  3156	0.0796732	-0.17	0.17
  3157	0.0806166	-0.17	0.17
  3158	0.0435722	-0.17	0.17
  3159	0.0141575	-0.17	0.17
  3160	0.0780169	-0.17	0.17
  3161	0.0594009	-0.17	0.17
  3162	0.0155691	-0.17	0.17
  3163	0.0646326	-0.17	0.17
  3164	0.0756403	-0.17	0.17
  3165	0.0613346	-0.17	0.17
  3166	0.0764991	-0.17	0.17
  3167	0.0433918	-0.17	0.17
  3168	0.0596131	-0.17	0.17
  3169	0.0785271	-0.17	0.17
  3170	0.0552227	-0.17	0.17
  3171	0.0352792	-0.17	0.17
  3172	0.0715113	-0.17	0.17
  3173	0.051147	-0.17	0.17
  3174	0.0139652	-0.17	0.17
  3175	0.0561433	-0.17	0.17
  3176	0.0266675	-0.17	0.17
  3177	0.0519403	-0.17	0.17
  3178	0.0463174	-0.17	0.17
  3179	0.0736725	-0.17	0.17
  3180	0.0473683	-0.17	0.17
  3181	0.0755357	-0.17	0.17
  3182	0.0599594	-0.17	0.17
  3183	0.0744379	-0.17	0.17
  3184	0.0221086	-0.17	0.17
  3185	0.0587285	-0.17	0.17
  3186	0.0339872	-0.17	0.17
  3187	0.0734295	-0.17	0.17
  3188	0.0688305	-0.17	0.17
  3189	0.0754954	-0.17	0.17
  3190	0.0676834	-0.17	0.17
  3191	0.0725144	-0.17	0.17
  3192	0.0496174	-0.17	0.17
  3193	0.0556976	-0.17	0.17
  3194	0.0220705	-0.17	0.17
  3195	0.0248368	-0.17	0.17
  3196	0.0352481	-0.17	0.17
  3197	0.0484611	-0.17	0.17
  3198	0.0784256	-0.17	0.17
  3199	0.0470432	-0.17	0.17
  3200	0.0358524	-0.17	0.17
  3201	0.0416276	-0.17	0.17
  3202	0.0755354	-0.17	0.17
  3203	0.0784216	-0.17	0.17
  3204	0.0690624	-0.17	0.17
  3205	0.0312992	-0.17	0.17
  3206	0.0602869	-0.17	0.17
  3207	0.0760519	-0.17	0.17
  3208	0.080558	-0.17	0.17
  3209	0.0731244	-0.17	0.17
  3210	0.0419978	-0.17	0.17
  3211	0.0555732	-0.17	0.17
  3212	0.0266023	-0.17	0.17
  3213	0.0592104	-0.17	0.17
  3214	0.066789	-0.17	0.17
  3215	0.0698137	-0.17	0.17
  3216	0.0560242	-0.17	0.17
  3217	0.044446	-0.17	0.17
  3218	0.0713572	-0.17	0.17
  3219	0.0724757	-0.17	0.17
  3220	0.0802501	-0.17	0.17
  3221	0.0779846	-0.17	0.17
  3222	0.0642397	-0.17	0.17
  3223	0.0803009	-0.17	0.17
  3224	0.0674435	-0.17	0.17
  3225	0.020913	-0.17	0.17
  3226	0.0621329	-0.17	0.17
  3227	0.0697033	-0.17	0.17
  3228	0.0638797	-0.17	0.17
  3229	0.075985	-0.17	0.17
  3230	0.0598155	-0.17	0.17
  3231	0.0506298	-0.17	0.17
  3232	0.0695735	-0.17	0.17
  3233	0.0780719	-0.17	0.17
  3234	0.0654092	-0.17	0.17
  3235	0.0443274	-0.17	0.17
  3236	0.0597153	-0.17	0.17
  3237	0.0616	-0.17	0.17
  3238	0.0339739	-0.17	0.17
  3239	0.0787055	-0.17	0.17
  3240	0.0656405	-0.17	0.17
  3241	0.067443	-0.17	0.17
  3242	0.0362431	-0.17	0.17
  3243	0.0487324	-0.17	0.17
  3244	0.0489714	-0.17	0.17
  3245	0.0266526	-0.17	0.17
  3246	0.0603285	-0.17	0.17
  3247	0.0515431	-0.17	0.17
  3248	0.0492034	-0.17	0.17
  3249	0.0611951	-0.17	0.17
  3250	0.0303937	-0.17	0.17
  3251	0.0665701	-0.17	0.17
  3252	0.0500536	-0.17	0.17
  3253	0.058016	-0.17	0.17
  3254	0.053735	-0.17	0.17
  3255	0.0249319	-0.17	0.17
  3256	0.0805592	-0.17	0.17
  3257	0.0653328	-0.17	0.17
  3258	0.0433829	-0.17	0.17
  3259	0.0586625	-0.17	0.17
  3260	0.060329	-0.17	0.17
  3261	0.0538088	-0.17	0.17
  3262	0.0726403	-0.17	0.17
  3263	0.0713359	-0.17	0.17
  3264	0.063836	-0.17	0.17
  3265	0.0791742	-0.17	0.17
  3266	0.0433747	-0.17	0.17
  3267	0.0662594	-0.17	0.17
  3268	0.0419305	-0.17	0.17
  3269	0.0576026	-0.17	0.17
  3270	0.0718965	-0.17	0.17
  3271	0.0751881	-0.17	0.17
  3272	0.0340733	-0.17	0.17
  3273	0.0252236	-0.17	0.17
  3274	0.0738495	-0.17	0.17
  3275	0.0530219	-0.17	0.17
  3276	0.061868	-0.17	0.17
  3277	0.0609249	-0.17	0.17
  3278	0.0746358	-0.17	0.17
  3279	0.0305541	-0.17	0.17
  3280	0.0804549	-0.17	0.17
  3281	0.0717652	-0.17	0.17
  3282	0.0366348	-0.17	0.17
  3283	0.0755449	-0.17	0.17
  3284	0.0563694	-0.17	0.17
  3285	0.0641124	-0.17	0.17
  3286	0.0682436	-0.17	0.17
  3287	0.0314902	-0.17	0.17
  3288	0.0687555	-0.17	0.17
  3289	0.0732082	-0.17	0.17
  3290	0.0795847	-0.17	0.17
  3291	0.0494506	-0.17	0.17
  3292	0.0475593	-0.17	0.17
  3293	0.0440385	-0.17	0.17
  3294	0.0312585	-0.17	0.17
  3295	0.0346464	-0.17	0.17
  3296	0.031749	-0.17	0.17
  3297	0.0804719	-0.17	0.17
  3298	0.0712154	-0.17	0.17
  3299	0.0795665	-0.17	0.17
  3300	0.0454405	-0.17	0.17
  3301	0.0396914	-0.17	0.17
  3302	0.057584	-0.17	0.17
  3303	0.0602904	-0.17	0.17
  3304	0.0268781	-0.17	0.17
  3305	0.050691	-0.17	0.17
  3306	0.0197043	-0.17	0.17
  3307	0.0769179	-0.17	0.17
  3308	0.0545621	-0.17	0.17
  3309	0.0643468	-0.17	0.17
  3310	0.0794253	-0.17	0.17
  3311	0.0655035	-0.17	0.17
  3312	0.0786275	-0.17	0.17
  3313	0.080145	-0.17	0.17
  3314	0.0418486	-0.17	0.17
  3315	0.0269636	-0.17	0.17
  3316	0.0416926	-0.17	0.17
  3317	0.0744441	-0.17	0.17
  3318	0.0712027	-0.17	0.17
  3319	0.0451277	-0.17	0.17
  3320	0.0784106	-0.17	0.17
  3321	0.0452433	-0.17	0.17
  3322	0.0385969	-0.17	0.17
  3323	0.0789701	-0.17	0.17
  3324	0.0283916	-0.17	0.17
  3325	0.0200725	-0.17	0.17
  3326	0.056154	-0.17	0.17
  3327	0.0641489	-0.17	0.17
  3328	0.0697684	-0.17	0.17
  3329	0.052748	-0.17	0.17
  3330	0.0780625	-0.17	0.17
  3331	0.0652051	-0.17	0.17
  3332	0.0670572	-0.17	0.17
  3333	0.0731143	-0.17	0.17
  3334	0.0750344	-0.17	0.17
  3335	0.0725517	-0.17	0.17
  3336	0.0384192	-0.17	0.17
  3337	0.0790142	-0.17	0.17
  3338	0.0794829	-0.17	0.17
  3339	0.0642401	-0.17	0.17
  3340	0.0540957	-0.17	0.17
  3341	0.0553998	-0.17	0.17
  3342	0.0761765	-0.17	0.17
  3343	0.0332667	-0.17	0.17
  3344	0.0172504	-0.17	0.17
  3345	0.0645917	-0.17	0.17
  3346	0.0499153	-0.17	0.17
  3347	0.0731765	-0.17	0.17
  3348	0.0746817	-0.17	0.17
  3349	0.068668	-0.17	0.17
  3350	0.0660521	-0.17	0.17
  3351	0.0443876	-0.17	0.17
  3352	0.0765736	-0.17	0.17
  3353	0.0545592	-0.17	0.17
  3354	0.059476	-0.17	0.17
  3355	0.0597899	-0.17	0.17
  3356	0.0558808	-0.17	0.17
  3357	0.0207429	-0.17	0.17
  3358	0.0560804	-0.17	0.17
  3359	0.0591143	-0.17	0.17
  3360	0.0790746	-0.17	0.17
  3361	0.0670789	-0.17	0.17
  3362	0.0474222	-0.17	0.17
  3363	0.068472	-0.17	0.17
  3364	0.0674457	-0.17	0.17
  3365	0.0586643	-0.17	0.17
  3366	0.063938	-0.17	0.17
  3367	0.0500431	-0.17	0.17
  3368	0.0586432	-0.17	0.17
  3369	0.0522886	-0.17	0.17
  3370	0.0541703	-0.17	0.17
  3371	0.0309587	-0.17	0.17
  3372	0.0497209	-0.17	0.17
  3373	0.0466861	-0.17	0.17
  3374	0.0543319	-0.17	0.17
  3375	0.0245054	-0.17	0.17
  3376	0.0228923	-0.17	0.17
  3377	0.0784961	-0.17	0.17
  3378	0.0723471	-0.17	0.17
  3379	0.0735086	-0.17	0.17
  3380	0.0325991	-0.17	0.17
  3381	0.0802065	-0.17	0.17
  3382	0.062695	-0.17	0.17
  3383	0.044943	-0.17	0.17
  3384	0.0679894	-0.17	0.17
  3385	0.0348158	-0.17	0.17
  3386	0.0144009	-0.17	0.17
  3387	0.0675515	-0.17	0.17
  3388	0.0473967	-0.17	0.17
  3389	0.0493583	-0.17	0.17
  3390	0.0174881	-0.17	0.17
  3391	0.0772302	-0.17	0.17
  3392	0.0799528	-0.17	0.17
  3393	0.0684471	-0.17	0.17
  3394	0.0737992	-0.17	0.17
  3395	0.0694658	-0.17	0.17
  3396	0.0804928	-0.17	0.17
  3397	0.0176736	-0.17	0.17
  3398	0.0720709	-0.17	0.17
  3399	0.0440407	-0.17	0.17
  3400	0.0457516	-0.17	0.17
  3401	0.0529013	-0.17	0.17
  3402	0.0807693	-0.17	0.17
  3403	0.0372414	-0.17	0.17
  3404	0.0466919	-0.17	0.17
  3405	0.0366494	-0.17	0.17
  3406	0.0803439	-0.17	0.17
  3407	0.0417914	-0.17	0.17
  3408	0.0655282	-0.17	0.17
  3409	0.0611367	-0.17	0.17
  3410	0.0206608	-0.17	0.17
  3411	0.0481788	-0.17	0.17
  3412	0.0272717	-0.17	0.17
  3413	0.0580281	-0.17	0.17
  3414	0.0786021	-0.17	0.17
  3415	0.0518711	-0.17	0.17
  3416	0.0478014	-0.17	0.17
  3417	0.0736114	-0.17	0.17
  3418	0.0797808	-0.17	0.17
  3419	0.0143047	-0.17	0.17
  3420	0.0567617	-0.17	0.17
  3421	0.044125	-0.17	0.17
  3422	0.0555717	-0.17	0.17
  3423	0.0185309	-0.17	0.17
  3424	0.0521194	-0.17	0.17
  3425	0.0703716	-0.17	0.17
  3426	0.0510684	-0.17	0.17
  3427	0.0678101	-0.17	0.17
  3428	0.0471712	-0.17	0.17
  3429	0.0719789	-0.17	0.17
  3430	0.0749375	-0.17	0.17
  3431	0.0550224	-0.17	0.17
  3432	0.0685729	-0.17	0.17
  3433	0.0591188	-0.17	0.17
  3434	0.0616723	-0.17	0.17
  3435	0.0486757	-0.17	0.17
  3436	0.0733141	-0.17	0.17
  3437	0.034569	-0.17	0.17
  3438	0.0678775	-0.17	0.17
  3439	0.0422355	-0.17	0.17
  3440	0.0675169	-0.17	0.17
  3441	0.0424353	-0.17	0.17
  3442	0.0609895	-0.17	0.17
  3443	0.071119	-0.17	0.17
  3444	0.0657866	-0.17	0.17
  3445	0.0752505	-0.17	0.17
  3446	0.0514008	-0.17	0.17
  3447	0.0640608	-0.17	0.17
  3448	0.0722012	-0.17	0.17
  3449	0.0287229	-0.17	0.17
  3450	0.0703099	-0.17	0.17
  3451	0.0711353	-0.17	0.17
  3452	0.0366892	-0.17	0.17
  3453	0.0723524	-0.17	0.17
  3454	0.0315648	-0.17	0.17
  3455	0.0741775	-0.17	0.17
  3456	0.0650399	-0.17	0.17
  3457	0.0708241	-0.17	0.17
  3458	0.0229074	-0.17	0.17
  3459	0.0603304	-0.17	0.17
  3460	0.0751215	-0.17	0.17
  3461	0.0313443	-0.17	0.17
  3462	0.0655171	-0.17	0.17
  3463	0.0426222	-0.17	0.17
  3464	0.0292077	-0.17	0.17
  3465	0.043866	-0.17	0.17
  3466	0.0686586	-0.17	0.17
  3467	0.0797963	-0.17	0.17
  3468	0.0706777	-0.17	0.17
  3469	0.0437806	-0.17	0.17
  3470	0.0786312	-0.17	0.17
  3471	0.079119	-0.17	0.17
  3472	0.0498908	-0.17	0.17
  3473	0.0558822	-0.17	0.17
  3474	0.0718513	-0.17	0.17
  3475	0.0230965	-0.17	0.17
  3476	0.0544156	-0.17	0.17
  3477	0.0418493	-0.17	0.17
  3478	0.070795	-0.17	0.17
  3479	0.0446785	-0.17	0.17
  3480	0.0796737	-0.17	0.17
  3481	0.0157434	-0.17	0.17
  3482	0.0266321	-0.17	0.17
  3483	0.0778092	-0.17	0.17
  3484	0.0740018	-0.17	0.17
  3485	0.0780198	-0.17	0.17
  3486	0.0579658	-0.17	0.17
  3487	0.0767657	-0.17	0.17
  3488	0.0476373	-0.17	0.17
  3489	0.0442188	-0.17	0.17
  3490	0.0764265	-0.17	0.17
  3491	0.0743884	-0.17	0.17
  3492	0.048354	-0.17	0.17
  3493	0.0131695	-0.17	0.17
  3494	0.0556802	-0.17	0.17
  3495	0.06066	-0.17	0.17
  3496	0.0670121	-0.17	0.17
  3497	0.0335907	-0.17	0.17
  3498	0.0636638	-0.17	0.17
  3499	0.0795113	-0.17	0.17
  3500	0.0797661	-0.17	0.17
  3501	0.0777003	-0.17	0.17
  3502	0.057636	-0.17	0.17
  3503	0.0652361	-0.17	0.17
  3504	0.0533982	-0.17	0.17
  3505	0.0537669	-0.17	0.17
  3506	0.0671133	-0.17	0.17
  3507	0.0470874	-0.17	0.17
  3508	0.0551261	-0.17	0.17
  3509	0.036406	-0.17	0.17
  3510	0.043555	-0.17	0.17
  3511	0.0316054	-0.17	0.17
  3512	0.0663689	-0.17	0.17
  3513	0.0774706	-0.17	0.17
  3514	0.0443571	-0.17	0.17
  3515	0.0648444	-0.17	0.17
  3516	0.0798418	-0.17	0.17
  3517	0.0400429	-0.17	0.17
  3518	0.0781942	-0.17	0.17
  3519	0.0159598	-0.17	0.17
  3520	0.0558772	-0.17	0.17
  3521	0.058164	-0.17	0.17
  3522	0.0482864	-0.17	0.17
  3523	0.0624239	-0.17	0.17
  3524	0.0478733	-0.17	0.17
  3525	0.0616506	-0.17	0.17
  3526	0.0525182	-0.17	0.17
  3527	0.0252219	-0.17	0.17
  3528	0.0806471	-0.17	0.17
  3529	0.0778632	-0.17	0.17
  3530	0.0777243	-0.17	0.17
  3531	0.079745	-0.17	0.17
  3532	0.0546752	-0.17	0.17
  3533	0.0803528	-0.17	0.17
  3534	0.0789913	-0.17	0.17
  3535	0.051458	-0.17	0.17
  3536	0.0441733	-0.17	0.17
  3537	0.0263031	-0.17	0.17
  3538	0.0617843	-0.17	0.17
  3539	0.0779291	-0.17	0.17
  3540	0.0457944	-0.17	0.17
  3541	0.075454	-0.17	0.17
  3542	0.0487569	-0.17	0.17
  3543	0.0237663	-0.17	0.17
  3544	0.0198498	-0.17	0.17
  3545	0.0425288	-0.17	0.17
  3546	0.0774246	-0.17	0.17
  3547	0.0646042	-0.17	0.17
  3548	0.072671	-0.17	0.17
  3549	0.0471778	-0.17	0.17
  3550	0.0590199	-0.17	0.17
  3551	0.0741768	-0.17	0.17
  3552	0.0526055	-0.17	0.17
  3553	0.0623937	-0.17	0.17
  3554	0.0556145	-0.17	0.17
  3555	0.0380281	-0.17	0.17
  3556	0.0778004	-0.17	0.17
  3557	0.0738295	-0.17	0.17
  3558	0.077954	-0.17	0.17
  3559	0.042422	-0.17	0.17
  3560	0.0266097	-0.17	0.17
  3561	0.0196187	-0.17	0.17
  3562	0.0646269	-0.17	0.17
  3563	0.0211124	-0.17	0.17
  3564	0.0505397	-0.17	0.17
  3565	0.0165424	-0.17	0.17
  3566	0.0802555	-0.17	0.17
  3567	0.065382	-0.17	0.17
  3568	0.0505995	-0.17	0.17
  3569	0.0779323	-0.17	0.17
  3570	0.0729337	-0.17	0.17
  3571	0.0657442	-0.17	0.17
  3572	0.0691935	-0.17	0.17
  3573	0.057081	-0.17	0.17
  3574	0.0760643	-0.17	0.17
  3575	0.0135471	-0.17	0.17
  3576	0.0574417	-0.17	0.17
  3577	0.0804925	-0.17	0.17
  3578	0.0648969	-0.17	0.17
  3579	0.063028	-0.17	0.17
  3580	0.075526	-0.17	0.17
  3581	0.0549495	-0.17	0.17
  3582	0.0702032	-0.17	0.17
  3583	0.060108	-0.17	0.17
  3584	0.0469034	-0.17	0.17
  3585	0.0613397	-0.17	0.17
  3586	0.0748513	-0.17	0.17
  3587	0.077074	-0.17	0.17
  3588	0.0462927	-0.17	0.17
  3589	0.0754396	-0.17	0.17
  3590	0.0676427	-0.17	0.17
  3591	0.0330421	-0.17	0.17
  3592	0.0615766	-0.17	0.17
  3593	0.0532147	-0.17	0.17
  3594	0.0381202	-0.17	0.17
  3595	0.0158682	-0.17	0.17
  3596	0.0804078	-0.17	0.17
  3597	0.0676038	-0.17	0.17
  3598	0.0791549	-0.17	0.17
  3599	0.0511629	-0.17	0.17
  3600	0.0555276	-0.17	0.17
  3601	0.0414733	-0.17	0.17
  3602	0.035762	-0.17	0.17
  3603	0.0651792	-0.17	0.17
  3604	0.035866	-0.17	0.17
  3605	0.0790951	-0.17	0.17
  3606	0.0770894	-0.17	0.17
  3607	0.0727716	-0.17	0.17
  3608	0.068099	-0.17	0.17
  3609	0.0521544	-0.17	0.17
  3610	0.0692311	-0.17	0.17
  3611	0.0473064	-0.17	0.17
  3612	0.0470809	-0.17	0.17
  3613	0.0435956	-0.17	0.17
  3614	0.0322248	-0.17	0.17
  3615	0.058312	-0.17	0.17
  3616	0.0796607	-0.17	0.17
  3617	0.0603058	-0.17	0.17
  3618	0.0594128	-0.17	0.17
  3619	0.0550134	-0.17	0.17
  3620	0.0538309	-0.17	0.17
  3621	0.0285341	-0.17	0.17
  3622	0.0539486	-0.17	0.17
  3623	0.0643913	-0.17	0.17
  3624	0.0807989	-0.17	0.17
  3625	0.01563	-0.17	0.17
  3626	0.019108	-0.17	0.17
  3627	0.0580041	-0.17	0.17
  3628	0.0281385	-0.17	0.17
  3629	0.0253371	-0.17	0.17
  3630	0.0609692	-0.17	0.17
  3631	0.049124	-0.17	0.17
  3632	0.0805971	-0.17	0.17
  3633	0.0481997	-0.17	0.17
  3634	0.0442107	-0.17	0.17
  3635	0.0548378	-0.17	0.17
  3636	0.0310683	-0.17	0.17
  3637	0.0314895	-0.17	0.17
  3638	0.0685427	-0.17	0.17
  3639	0.0677802	-0.17	0.17
  3640	0.066525	-0.17	0.17
  3641	0.046453	-0.17	0.17
  3642	0.0803308	-0.17	0.17
  3643	0.0554876	-0.17	0.17
  3644	0.0451678	-0.17	0.17
  3645	0.0675241	-0.17	0.17
  3646	0.0669847	-0.17	0.17
  3647	0.0587336	-0.17	0.17
  3648	0.0627779	-0.17	0.17
  3649	0.0648739	-0.17	0.17
  3650	0.0639326	-0.17	0.17
  3651	0.061708	-0.17	0.17
  3652	0.0500098	-0.17	0.17
  3653	0.0404173	-0.17	0.17
  3654	0.0693949	-0.17	0.17
  3655	0.0492866	-0.17	0.17
  3656	0.0796967	-0.17	0.17
  3657	0.0247149	-0.17	0.17
  3658	0.0740808	-0.17	0.17
  3659	0.0639613	-0.17	0.17
  3660	0.0798655	-0.17	0.17
  3661	0.0810082	-0.17	0.17
  3662	0.0777875	-0.17	0.17
  3663	0.0799354	-0.17	0.17
  3664	0.0365434	-0.17	0.17
  3665	0.0661295	-0.17	0.17
  3666	0.0765467	-0.17	0.17
  3667	0.035762	-0.17	0.17
  3668	0.07363	-0.17	0.17
  3669	0.0643768	-0.17	0.17
  3670	0.0736547	-0.17	0.17
  3671	0.0353743	-0.17	0.17
  3672	0.0793681	-0.17	0.17
  3673	0.0372134	-0.17	0.17
  3674	0.0758841	-0.17	0.17
  3675	0.061232	-0.17	0.17
  3676	0.0606297	-0.17	0.17
  3677	0.0234352	-0.17	0.17
  3678	0.0788986	-0.17	0.17
  3679	0.0692729	-0.17	0.17
  3680	0.0633258	-0.17	0.17
  3681	0.0521467	-0.17	0.17
  3682	0.0587275	-0.17	0.17
  3683	0.0774239	-0.17	0.17
  3684	0.0428095	-0.17	0.17
  3685	0.0752132	-0.17	0.17
  3686	0.061144	-0.17	0.17
  3687	0.069564	-0.17	0.17
  3688	0.026596	-0.17	0.17
  3689	0.0765131	-0.17	0.17
  3690	0.0657355	-0.17	0.17
  3691	0.0800413	-0.17	0.17
  3692	0.0709353	-0.17	0.17
  3693	0.0466447	-0.17	0.17
  3694	0.0479776	-0.17	0.17
  3695	0.0805427	-0.17	0.17
  3696	0.0648675	-0.17	0.17
  3697	0.0740683	-0.17	0.17
  3698	0.0630705	-0.17	0.17
  3699	0.0513247	-0.17	0.17
  3700	0.0624964	-0.17	0.17
  3701	0.0186877	-0.17	0.17
  3702	0.0683743	-0.17	0.17
  3703	0.0210163	-0.17	0.17
  3704	0.0361092	-0.17	0.17
  3705	0.0769672	-0.17	0.17
  3706	0.053341	-0.17	0.17
  3707	0.0238899	-0.17	0.17
  3708	0.0370044	-0.17	0.17
  3709	0.0166852	-0.17	0.17
  3710	0.0772115	-0.17	0.17
  3711	0.0670847	-0.17	0.17
  3712	0.0530893	-0.17	0.17
  3713	0.0485452	-0.17	0.17
  3714	0.0538201	-0.17	0.17
  3715	0.0563526	-0.17	0.17
  3716	0.0772244	-0.17	0.17
  3717	0.0462799	-0.17	0.17
  3718	0.0732854	-0.17	0.17
  3719	0.0803845	-0.17	0.17
  3720	0.0503987	-0.17	0.17
  3721	0.0762131	-0.17	0.17
  3722	0.0769549	-0.17	0.17
  3723	0.0352128	-0.17	0.17
  3724	0.0303774	-0.17	0.17
  3725	0.0425912	-0.17	0.17
  3726	0.0781724	-0.17	0.17
  3727	0.0602682	-0.17	0.17
  3728	0.0471131	-0.17	0.17
  3729	0.0165067	-0.17	0.17
  3730	0.045961	-0.17	0.17
  3731	0.0804991	-0.17	0.17
  3732	0.0684191	-0.17	0.17
  3733	0.0400267	-0.17	0.17
  3734	0.0428963	-0.17	0.17
  3735	0.0789978	-0.17	0.17
  3736	0.0810333	-0.17	0.17
  3737	0.0408543	-0.17	0.17
  3738	0.0527491	-0.17	0.17
  3739	0.0690745	-0.17	0.17
  3740	0.0656536	-0.17	0.17
  3741	0.0271916	-0.17	0.17
  3742	0.0663751	-0.17	0.17
  3743	0.0615339	-0.17	0.17
  3744	0.0653889	-0.17	0.17
  3745	0.0598507	-0.17	0.17
  3746	0.0498539	-0.17	0.17
  3747	0.0686957	-0.17	0.17
  3748	0.0466012	-0.17	0.17
  3749	0.0378687	-0.17	0.17
  3750	0.0606751	-0.17	0.17
  3751	0.061621	-0.17	0.17
  3752	0.0258825	-0.17	0.17
  3753	0.0802857	-0.17	0.17
  3754	0.0335592	-0.17	0.17
  3755	0.0608644	-0.17	0.17
  3756	0.0799737	-0.17	0.17
  3757	0.067604	-0.17	0.17
  3758	0.0765315	-0.17	0.17
  3759	0.0185366	-0.17	0.17
  3760	0.0611553	-0.17	0.17
  3761	0.0601261	-0.17	0.17
  3762	0.0683448	-0.17	0.17
  3763	0.078727	-0.17	0.17
  3764	0.0665083	-0.17	0.17
  3765	0.03277	-0.17	0.17
  3766	0.0763722	-0.17	0.17
  3767	0.0619959	-0.17	0.17
  3768	0.0793134	-0.17	0.17
  3769	0.0789094	-0.17	0.17
  3770	0.0750817	-0.17	0.17
  3771	0.075674	-0.17	0.17
  3772	0.0745519	-0.17	0.17
  3773	0.0709688	-0.17	0.17
  3774	0.0793524	-0.17	0.17
  3775	0.0789112	-0.17	0.17
  3776	0.035932	-0.17	0.17
  3777	0.0731375	-0.17	0.17
  3778	0.0563901	-0.17	0.17
  3779	0.0533096	-0.17	0.17
  3780	0.0728443	-0.17	0.17
  3781	0.0786712	-0.17	0.17
  3782	0.0685507	-0.17	0.17
  3783	0.0699577	-0.17	0.17
  3784	0.0650682	-0.17	0.17
  3785	0.0426169	-0.17	0.17
  3786	0.0550536	-0.17	0.17
  3787	0.02278	-0.17	0.17
  3788	0.0679563	-0.17	0.17
  3789	0.051901	-0.17	0.17
  3790	0.0386643	-0.17	0.17
  3791	0.0646208	-0.17	0.17
  3792	0.0602659	-0.17	0.17
  3793	0.0463268	-0.17	0.17
  3794	0.0434631	-0.17	0.17
  3795	0.061663	-0.17	0.17
  3796	0.0707614	-0.17	0.17
  3797	0.0637968	-0.17	0.17
  3798	0.0364193	-0.17	0.17
  3799	0.0687598	-0.17	0.17
  3800	0.0583997	-0.17	0.17
  3801	0.0725736	-0.17	0.17
  3802	0.0432571	-0.17	0.17
  3803	0.0793594	-0.17	0.17
  3804	0.0622645	-0.17	0.17
  3805	0.0523214	-0.17	0.17
  3806	0.0800719	-0.17	0.17
  3807	0.0508637	-0.17	0.17
  3808	0.0693691	-0.17	0.17
  3809	0.0632233	-0.17	0.17
  3810	0.061738	-0.17	0.17
  3811	0.0673403	-0.17	0.17
  3812	0.0416453	-0.17	0.17
  3813	0.0184006	-0.17	0.17
  3814	0.0759487	-0.17	0.17
  3815	0.0802664	-0.17	0.17
  3816	0.0483342	-0.17	0.17
  3817	0.0250864	-0.17	0.17
  3818	0.0233619	-0.17	0.17
  3819	0.0554923	-0.17	0.17
  3820	0.0804603	-0.17	0.17
  3821	0.067472	-0.17	0.17
  3822	0.0296013	-0.17	0.17
  3823	0.0786173	-0.17	0.17
  3824	0.0744456	-0.17	0.17
  3825	0.0547707	-0.17	0.17
  3826	0.0796508	-0.17	0.17
  3827	0.0441794	-0.17	0.17
  3828	0.0397825	-0.17	0.17
  3829	0.0414377	-0.17	0.17
  3830	0.0677461	-0.17	0.17
  3831	0.0804873	-0.17	0.17
  3832	0.0479953	-0.17	0.17
  3833	0.069334	-0.17	0.17
  3834	0.0670384	-0.17	0.17
  3835	0.0372997	-0.17	0.17
  3836	0.0138335	-0.17	0.17
  3837	0.0534117	-0.17	0.17
  3838	0.0622053	-0.17	0.17
  3839	0.0654186	-0.17	0.17
  3840	0.0728099	-0.17	0.17
  3841	0.0679372	-0.17	0.17
  3842	0.062779	-0.17	0.17
  3843	0.0450084	-0.17	0.17
  3844	0.070619	-0.17	0.17
  3845	0.0555535	-0.17	0.17
  3846	0.044011	-0.17	0.17
  3847	0.0800723	-0.17	0.17
  3848	0.0496739	-0.17	0.17
  3849	0.0376246	-0.17	0.17
  3850	0.0668203	-0.17	0.17
  3851	0.0803342	-0.17	0.17
  3852	0.0707191	-0.17	0.17
  3853	0.0758745	-0.17	0.17
  3854	0.0801023	-0.17	0.17
  3855	0.0797168	-0.17	0.17
  3856	0.0712126	-0.17	0.17
  3857	0.0806112	-0.17	0.17
  3858	0.0466925	-0.17	0.17
  3859	0.0666033	-0.17	0.17
  3860	0.0358435	-0.17	0.17
  3861	0.0750449	-0.17	0.17
  3862	0.0672445	-0.17	0.17
  3863	0.0502352	-0.17	0.17
  3864	0.0748452	-0.17	0.17
  3865	0.0739222	-0.17	0.17
  3866	0.0750661	-0.17	0.17
  3867	0.043214	-0.17	0.17
  3868	0.0618725	-0.17	0.17
  3869	0.0364251	-0.17	0.17
  3870	0.0441199	-0.17	0.17
  3871	0.0784487	-0.17	0.17
  3872	0.0695875	-0.17	0.17
  3873	0.0360639	-0.17	0.17
  3874	0.0670553	-0.17	0.17
  3875	0.0540905	-0.17	0.17
  3876	0.0622633	-0.17	0.17
  3877	0.0643591	-0.17	0.17
  3878	0.078676	-0.17	0.17
  3879	0.0423013	-0.17	0.17
  3880	0.0536969	-0.17	0.17
  3881	0.025372	-0.17	0.17
  3882	0.0519597	-0.17	0.17
  3883	0.0485544	-0.17	0.17
  3884	0.0544917	-0.17	0.17
  3885	0.08033	-0.17	0.17
  3886	0.0288959	-0.17	0.17
  3887	0.0415477	-0.17	0.17
  3888	0.0523011	-0.17	0.17
  3889	0.0797654	-0.17	0.17
  3890	0.0714933	-0.17	0.17
  3891	0.0290297	-0.17	0.17
  3892	0.04252	-0.17	0.17
  3893	0.020665	-0.17	0.17
  3894	0.078675	-0.17	0.17
  3895	0.0793679	-0.17	0.17
  3896	0.0484609	-0.17	0.17
  3897	0.0421646	-0.17	0.17
  3898	0.077811	-0.17	0.17
  3899	0.0708731	-0.17	0.17
  3900	0.0455536	-0.17	0.17
  3901	0.0786846	-0.17	0.17
  3902	0.0534824	-0.17	0.17
  3903	0.0320605	-0.17	0.17
  3904	0.063283	-0.17	0.17
  3905	0.0395969	-0.17	0.17
  3906	0.065666	-0.17	0.17
  3907	0.0484217	-0.17	0.17
  3908	0.0540698	-0.17	0.17
  3909	0.0763395	-0.17	0.17
  3910	0.0631466	-0.17	0.17
  3911	0.075185	-0.17	0.17
  3912	0.0797056	-0.17	0.17
  3913	0.0586402	-0.17	0.17
  3914	0.0459296	-0.17	0.17
  3915	0.0741025	-0.17	0.17
  3916	0.0792015	-0.17	0.17
  3917	0.0745885	-0.17	0.17
  3918	0.0521475	-0.17	0.17
  3919	0.039767	-0.17	0.17
  3920	0.0794908	-0.17	0.17
  3921	0.0605151	-0.17	0.17
  3922	0.0696814	-0.17	0.17
  3923	0.0778022	-0.17	0.17
  3924	0.0618075	-0.17	0.17
  3925	0.0799372	-0.17	0.17
  3926	0.0404807	-0.17	0.17
  3927	0.0661885	-0.17	0.17
  3928	0.0804437	-0.17	0.17
  3929	0.0780158	-0.17	0.17
  3930	0.075031	-0.17	0.17
  3931	0.0694942	-0.17	0.17
  3932	0.052088	-0.17	0.17
  3933	0.0257654	-0.17	0.17
  3934	0.0730877	-0.17	0.17
  3935	0.0750427	-0.17	0.17
  3936	0.0364679	-0.17	0.17
  3937	0.0391447	-0.17	0.17
  3938	0.074934	-0.17	0.17
  3939	0.073629	-0.17	0.17
  3940	0.0790121	-0.17	0.17
  3941	0.0773756	-0.17	0.17
  3942	0.0493263	-0.17	0.17
  3943	0.0758712	-0.17	0.17
  3944	0.0325505	-0.17	0.17
  3945	0.073359	-0.17	0.17
  3946	0.0663443	-0.17	0.17
  3947	0.0608391	-0.17	0.17
  3948	0.0796334	-0.17	0.17
  3949	0.055056	-0.17	0.17
  3950	0.0178321	-0.17	0.17
  3951	0.054367	-0.17	0.17
  3952	0.0754421	-0.17	0.17
  3953	0.0736524	-0.17	0.17
  3954	0.0790018	-0.17	0.17
  3955	0.0656303	-0.17	0.17
  3956	0.0685528	-0.17	0.17
  3957	0.0478244	-0.17	0.17
  3958	0.0762966	-0.17	0.17
  3959	0.0183485	-0.17	0.17
  3960	0.0776638	-0.17	0.17
  3961	0.0802984	-0.17	0.17
  3962	0.0536359	-0.17	0.17
  3963	0.0740641	-0.17	0.17
  3964	0.0360695	-0.17	0.17
  3965	0.0394948	-0.17	0.17
  3966	0.0181589	-0.17	0.17
  3967	0.0139051	-0.17	0.17
  3968	0.0408284	-0.17	0.17
  3969	0.080392	-0.17	0.17
  3970	0.0661617	-0.17	0.17
  3971	0.0663138	-0.17	0.17
  3972	0.017578	-0.17	0.17
  3973	0.0626652	-0.17	0.17
  3974	0.0585507	-0.17	0.17
  3975	0.0775076	-0.17	0.17
  3976	0.076943	-0.17	0.17
  3977	0.078655	-0.17	0.17
  3978	0.0500328	-0.17	0.17
  3979	0.0684114	-0.17	0.17
  3980	0.0778766	-0.17	0.17
  3981	0.0607288	-0.17	0.17
  3982	0.0415979	-0.17	0.17
  3983	0.04749	-0.17	0.17
  3984	0.0553851	-0.17	0.17
  3985	0.0583907	-0.17	0.17
  3986	0.0456777	-0.17	0.17
  3987	0.0652617	-0.17	0.17
  3988	0.0298369	-0.17	0.17
  3989	0.0433066	-0.17	0.17
  3990	0.057397	-0.17	0.17
  3991	0.0599505	-0.17	0.17
  3992	0.0765966	-0.17	0.17
  3993	0.0264235	-0.17	0.17
  3994	0.0641732	-0.17	0.17
  3995	0.0136287	-0.17	0.17
  3996	0.0776767	-0.17	0.17
  3997	0.076425	-0.17	0.17
  3998	0.0490218	-0.17	0.17
  3999	0.0168405	-0.17	0.17
  4000	0.0673349	-0.17	0.17
  4001	0.0519025	-0.17	0.17
  4002	0.0556018	-0.17	0.17
  4003	0.0353099	-0.17	0.17
  4004	0.0732632	-0.17	0.17
  4005	0.0596189	-0.17	0.17
  4006	0.0317322	-0.17	0.17
  4007	0.0720049	-0.17	0.17
  4008	0.0764409	-0.17	0.17
  4009	0.0211787	-0.17	0.17
  4010	0.0363957	-0.17	0.17
  4011	0.0793517	-0.17	0.17
  4012	0.0616749	-0.17	0.17
  4013	0.0713587	-0.17	0.17
  4014	0.060322	-0.17	0.17
  4015	0.0615993	-0.17	0.17
  4016	0.059847	-0.17	0.17
  4017	0.0543069	-0.17	0.17
  4018	0.0278091	-0.17	0.17
  4019	0.0427996	-0.17	0.17
  4020	0.0374214	-0.17	0.17
  4021	0.0486899	-0.17	0.17
  4022	0.0735661	-0.17	0.17
  4023	0.0507425	-0.17	0.17
  4024	0.0732308	-0.17	0.17
  4025	0.0481977	-0.17	0.17
  4026	0.0436312	-0.17	0.17
  4027	0.0323741	-0.17	0.17
  4028	0.0570201	-0.17	0.17
  4029	0.0749755	-0.17	0.17
  4030	0.0534991	-0.17	0.17
  4031	0.0647502	-0.17	0.17
  4032	0.0803555	-0.17	0.17
  4033	0.0709672	-0.17	0.17
  4034	0.0732943	-0.17	0.17
  4035	0.0637387	-0.17	0.17
  4036	0.0803185	-0.17	0.17
  4037	0.0507628	-0.17	0.17
  4038	0.0383139	-0.17	0.17
  4039	0.0792795	-0.17	0.17
  4040	0.0725695	-0.17	0.17
  4041	0.0702648	-0.17	0.17
  4042	0.0754396	-0.17	0.17
  4043	0.0797612	-0.17	0.17
  4044	0.0229694	-0.17	0.17
  4045	0.0598016	-0.17	0.17
  4046	0.0805562	-0.17	0.17
  4047	0.0702208	-0.17	0.17
  4048	0.0777729	-0.17	0.17
  4049	0.0750238	-0.17	0.17
  4050	0.0184563	-0.17	0.17
  4051	0.0680594	-0.17	0.17
  4052	0.0623194	-0.17	0.17
  4053	0.0605767	-0.17	0.17
  4054	0.0668072	-0.17	0.17
  4055	0.0711893	-0.17	0.17
  4056	0.0305738	-0.17	0.17
  4057	0.0809937	-0.17	0.17
  4058	0.0745799	-0.17	0.17
  4059	0.0534637	-0.17	0.17
  4060	0.0444285	-0.17	0.17
  4061	0.0547299	-0.17	0.17
  4062	0.0582459	-0.17	0.17
  4063	0.0524321	-0.17	0.17
  4064	0.0310372	-0.17	0.17
  4065	0.0756211	-0.17	0.17
  4066	0.0573188	-0.17	0.17
  4067	0.023897	-0.17	0.17
  4068	0.0798805	-0.17	0.17
  4069	0.0483114	-0.17	0.17
  4070	0.0388292	-0.17	0.17
  4071	0.0306059	-0.17	0.17
  4072	0.0477963	-0.17	0.17
  4073	0.0579631	-0.17	0.17
  4074	0.0772172	-0.17	0.17
  4075	0.0806096	-0.17	0.17
  4076	0.0762346	-0.17	0.17
  4077	0.0693985	-0.17	0.17
  4078	0.0196901	-0.17	0.17
  4079	0.0785533	-0.17	0.17
  4080	0.0733421	-0.17	0.17
  4081	0.0803392	-0.17	0.17
  4082	0.0528231	-0.17	0.17
  4083	0.0620845	-0.17	0.17
  4084	0.0795348	-0.17	0.17
  4085	0.0396903	-0.17	0.17
  4086	0.0689989	-0.17	0.17
  4087	0.0525568	-0.17	0.17
  4088	0.0443412	-0.17	0.17
  4089	0.0567606	-0.17	0.17
  4090	0.075245	-0.17	0.17
  4091	0.0448127	-0.17	0.17
  4092	0.0462038	-0.17	0.17
  4093	0.0764872	-0.17	0.17
  4094	0.0567318	-0.17	0.17
  4095	0.0420516	-0.17	0.17
  4096	0.0723666	-0.17	0.17
  4097	0.071979	-0.17	0.17
  4098	0.0562549	-0.17	0.17
  4099	0.0398324	-0.17	0.17
  4100	0.0721214	-0.17	0.17
  4101	0.0646767	-0.17	0.17
  4102	0.0603436	-0.17	0.17
  4103	0.0461985	-0.17	0.17
  4104	0.0786368	-0.17	0.17
  4105	0.079586	-0.17	0.17
  4106	0.0794828	-0.17	0.17
  4107	0.013734	-0.17	0.17
  4108	0.0512576	-0.17	0.17
  4109	0.0345389	-0.17	0.17
  4110	0.0711107	-0.17	0.17
  4111	0.0764265	-0.17	0.17
  4112	0.0680717	-0.17	0.17
  4113	0.0809958	-0.17	0.17
  4114	0.0528388	-0.17	0.17
  4115	0.0786187	-0.17	0.17
  4116	0.0231897	-0.17	0.17
  4117	0.0643551	-0.17	0.17
  4118	0.0473364	-0.17	0.17
  4119	0.0636038	-0.17	0.17
  4120	0.0747182	-0.17	0.17
  4121	0.033182	-0.17	0.17
  4122	0.0528157	-0.17	0.17
  4123	0.047953	-0.17	0.17
  4124	0.0806006	-0.17	0.17
  4125	0.0337261	-0.17	0.17
  4126	0.0622618	-0.17	0.17
  4127	0.0774413	-0.17	0.17
  4128	0.080983	-0.17	0.17
  4129	0.0714726	-0.17	0.17
  4130	0.0755321	-0.17	0.17
  4131	0.0619316	-0.17	0.17
  4132	0.0406622	-0.17	0.17
  4133	0.0339139	-0.17	0.17
  4134	0.0711511	-0.17	0.17
  4135	0.0656194	-0.17	0.17
  4136	0.0710216	-0.17	0.17
  4137	0.0262404	-0.17	0.17
  4138	0.0619612	-0.17	0.17
  4139	0.0591443	-0.17	0.17
  4140	0.0417795	-0.17	0.17
  4141	0.079297	-0.17	0.17
  4142	0.0577016	-0.17	0.17
  4143	0.058943	-0.17	0.17
  4144	0.0347599	-0.17	0.17
  4145	0.0552498	-0.17	0.17
  4146	0.0772655	-0.17	0.17
  4147	0.0765352	-0.17	0.17
  4148	0.057567	-0.17	0.17
  4149	0.0650907	-0.17	0.17
  4150	0.0506558	-0.17	0.17
  4151	0.0182709	-0.17	0.17
  4152	0.0723934	-0.17	0.17
  4153	0.0680528	-0.17	0.17
  4154	0.0276115	-0.17	0.17
  4155	0.0714595	-0.17	0.17
  4156	0.0722727	-0.17	0.17
  4157	0.0647737	-0.17	0.17
  4158	0.0628268	-0.17	0.17
  4159	0.0406388	-0.17	0.17
  4160	0.0246301	-0.17	0.17
  4161	0.0205361	-0.17	0.17
  4162	0.0334771	-0.17	0.17
  4163	0.0703545	-0.17	0.17
  4164	0.0700263	-0.17	0.17
  4165	0.0762237	-0.17	0.17
  4166	0.0341172	-0.17	0.17
  4167	0.0548276	-0.17	0.17
  4168	0.0245346	-0.17	0.17
  4169	0.0789301	-0.17	0.17
  4170	0.0530946	-0.17	0.17
  4171	0.0166663	-0.17	0.17
  4172	0.0544756	-0.17	0.17
  4173	0.0790306	-0.17	0.17
  4174	0.0703596	-0.17	0.17
  4175	0.0777774	-0.17	0.17
  4176	0.0587466	-0.17	0.17
  4177	0.0667771	-0.17	0.17
  4178	0.0378329	-0.17	0.17
  4179	0.0764006	-0.17	0.17
  4180	0.0802653	-0.17	0.17
  4181	0.076478	-0.17	0.17
  4182	0.0586854	-0.17	0.17
  4183	0.0493767	-0.17	0.17
  4184	0.0790263	-0.17	0.17
  4185	0.0340271	-0.17	0.17
  4186	0.0293608	-0.17	0.17
  4187	0.0804338	-0.17	0.17
  4188	0.0578153	-0.17	0.17
  4189	0.0603732	-0.17	0.17
  4190	0.0802736	-0.17	0.17
  4191	0.0478376	-0.17	0.17
  4192	0.0594695	-0.17	0.17
  4193	0.0236506	-0.17	0.17
  4194	0.0222893	-0.17	0.17
  4195	0.0655154	-0.17	0.17
  4196	0.0783523	-0.17	0.17
  4197	0.063739	-0.17	0.17
  4198	0.0596333	-0.17	0.17
  4199	0.0563119	-0.17	0.17
  4200	0.0709372	-0.17	0.17
  4201	0.0800553	-0.17	0.17
  4202	0.0758618	-0.17	0.17
  4203	0.0781865	-0.17	0.17
  4204	0.0600421	-0.17	0.17
  4205	0.0692962	-0.17	0.17
  4206	0.0378406	-0.17	0.17
  4207	0.0780414	-0.17	0.17
  4208	0.0712053	-0.17	0.17
  4209	0.0660215	-0.17	0.17
  4210	0.0695526	-0.17	0.17
  4211	0.0665847	-0.17	0.17
  4212	0.0652427	-0.17	0.17
  4213	0.0335227	-0.17	0.17
  4214	0.0785092	-0.17	0.17
  4215	0.0422045	-0.17	0.17
  4216	0.0745576	-0.17	0.17
  4217	0.0795524	-0.17	0.17
  4218	0.0442914	-0.17	0.17
  4219	0.034312	-0.17	0.17
  4220	0.073784	-0.17	0.17
  4221	0.0224758	-0.17	0.17
  4222	0.0795677	-0.17	0.17
  4223	0.0789865	-0.17	0.17
  4224	0.0455431	-0.17	0.17
  4225	0.0177103	-0.17	0.17
  4226	0.0572108	-0.17	0.17
  4227	0.0784173	-0.17	0.17
  4228	0.0757769	-0.17	0.17
  4229	0.0532145	-0.17	0.17
  4230	0.052684	-0.17	0.17
  4231	0.0561065	-0.17	0.17
  4232	0.066866	-0.17	0.17
  4233	0.0432956	-0.17	0.17
  4234	0.0649064	-0.17	0.17
  4235	0.0684274	-0.17	0.17
  4236	0.0366108	-0.17	0.17
  4237	0.0532922	-0.17	0.17
  4238	0.0298346	-0.17	0.17
  4239	0.0567781	-0.17	0.17
  4240	0.0634557	-0.17	0.17
  4241	0.0616035	-0.17	0.17
  4242	0.0575425	-0.17	0.17
  4243	0.0445624	-0.17	0.17
  4244	0.0530678	-0.17	0.17
  4245	0.0503756	-0.17	0.17
  4246	0.0808085	-0.17	0.17
  4247	0.0750596	-0.17	0.17
  4248	0.054617	-0.17	0.17
  4249	0.0618834	-0.17	0.17
  4250	0.071334	-0.17	0.17
  4251	0.0667713	-0.17	0.17
  4252	0.0393428	-0.17	0.17
  4253	0.0791863	-0.17	0.17
  4254	0.0748912	-0.17	0.17
  4255	0.0566963	-0.17	0.17
  4256	0.0537523	-0.17	0.17
  4257	0.0733054	-0.17	0.17
  4258	0.0644893	-0.17	0.17
  4259	0.0776564	-0.17	0.17
  4260	0.0684445	-0.17	0.17
  4261	0.0603128	-0.17	0.17
  4262	0.0676738	-0.17	0.17
  4263	0.0750477	-0.17	0.17
  4264	0.020298	-0.17	0.17
  4265	0.0599838	-0.17	0.17
  4266	0.0659645	-0.17	0.17
  4267	0.0512893	-0.17	0.17
  4268	0.0255641	-0.17	0.17
  4269	0.0400125	-0.17	0.17
  4270	0.0495246	-0.17	0.17
  4271	0.0504841	-0.17	0.17
  4272	0.0292653	-0.17	0.17
  4273	0.0566542	-0.17	0.17
  4274	0.0743826	-0.17	0.17
  4275	0.0688832	-0.17	0.17
  4276	0.0271356	-0.17	0.17
  4277	0.0461542	-0.17	0.17
  4278	0.0725704	-0.17	0.17
  4279	0.0563444	-0.17	0.17
  4280	0.0798017	-0.17	0.17
  4281	0.0609881	-0.17	0.17
  4282	0.0781502	-0.17	0.17
  4283	0.0640476	-0.17	0.17
  4284	0.0357876	-0.17	0.17
  4285	0.0206189	-0.17	0.17
  4286	0.0799667	-0.17	0.17
  4287	0.0519123	-0.17	0.17
  4288	0.0803416	-0.17	0.17
  4289	0.0594631	-0.17	0.17
  4290	0.062812	-0.17	0.17
  4291	0.0798901	-0.17	0.17
  4292	0.0408202	-0.17	0.17
  4293	0.0679322	-0.17	0.17
  4294	0.0440657	-0.17	0.17
  4295	0.0629304	-0.17	0.17
  4296	0.056332	-0.17	0.17
  4297	0.0539882	-0.17	0.17
  4298	0.0784992	-0.17	0.17
  4299	0.0367526	-0.17	0.17
  4300	0.0729535	-0.17	0.17
  4301	0.0655609	-0.17	0.17
  4302	0.063604	-0.17	0.17
  4303	0.0500207	-0.17	0.17
  4304	0.0435513	-0.17	0.17
  4305	0.032866	-0.17	0.17
  4306	0.0804537	-0.17	0.17
  4307	0.0708655	-0.17	0.17
  4308	0.08056	-0.17	0.17
  4309	0.0671172	-0.17	0.17
  4310	0.0445336	-0.17	0.17
  4311	0.0706085	-0.17	0.17
  4312	0.055045	-0.17	0.17
  4313	0.0786975	-0.17	0.17
  4314	0.0533036	-0.17	0.17
  4315	0.0378681	-0.17	0.17
  4316	0.06296	-0.17	0.17
  4317	0.0352546	-0.17	0.17
  4318	0.0645491	-0.17	0.17
  4319	0.0387386	-0.17	0.17
  4320	0.0562792	-0.17	0.17
  4321	0.0307417	-0.17	0.17
  4322	0.0715015	-0.17	0.17
  4323	0.0615781	-0.17	0.17
  4324	0.0804057	-0.17	0.17
  4325	0.057257	-0.17	0.17
  4326	0.0185966	-0.17	0.17
  4327	0.0735788	-0.17	0.17
  4328	0.0502305	-0.17	0.17
  4329	0.038768	-0.17	0.17
  4330	0.0599827	-0.17	0.17
  4331	0.0750493	-0.17	0.17
  4332	0.0529641	-0.17	0.17
  4333	0.0681096	-0.17	0.17
  4334	0.0394781	-0.17	0.17
  4335	0.0391564	-0.17	0.17
  4336	0.0609755	-0.17	0.17
  4337	0.0744512	-0.17	0.17
  4338	0.0630532	-0.17	0.17
  4339	0.0691168	-0.17	0.17
  4340	0.0742554	-0.17	0.17
  4341	0.0322725	-0.17	0.17
  4342	0.0627754	-0.17	0.17
  4343	0.0158344	-0.17	0.17
  4344	0.0257806	-0.17	0.17
  4345	0.0797075	-0.17	0.17
  4346	0.0693661	-0.17	0.17
  4347	0.0457041	-0.17	0.17
  4348	0.0299115	-0.17	0.17
  4349	0.0414125	-0.17	0.17
  4350	0.018522	-0.17	0.17
  4351	0.0600129	-0.17	0.17
  4352	0.0469696	-0.17	0.17
  4353	0.0695936	-0.17	0.17
  4354	0.0534972	-0.17	0.17
  4355	0.0711058	-0.17	0.17
  4356	0.0330687	-0.17	0.17
  4357	0.0561214	-0.17	0.17
  4358	0.0580206	-0.17	0.17
  4359	0.0579433	-0.17	0.17
  4360	0.0627238	-0.17	0.17
  4361	0.0610944	-0.17	0.17
  4362	0.0669156	-0.17	0.17
  4363	0.0710564	-0.17	0.17
  4364	0.0262652	-0.17	0.17
  4365	0.0705982	-0.17	0.17
  4366	0.0536793	-0.17	0.17
  4367	0.0403329	-0.17	0.17
  4368	0.0193082	-0.17	0.17
  4369	0.0626286	-0.17	0.17
  4370	0.0737366	-0.17	0.17
  4371	0.0796121	-0.17	0.17
  4372	0.0534928	-0.17	0.17
  4373	0.0589774	-0.17	0.17
  4374	0.0417548	-0.17	0.17
  4375	0.0355527	-0.17	0.17
  4376	0.0583627	-0.17	0.17
  4377	0.0610586	-0.17	0.17
  4378	0.0654746	-0.17	0.17
  4379	0.0652357	-0.17	0.17
  4380	0.0560775	-0.17	0.17
  4381	0.0751023	-0.17	0.17
  4382	0.0252024	-0.17	0.17
  4383	0.058105	-0.17	0.17
  4384	0.060011	-0.17	0.17
  4385	0.0644813	-0.17	0.17
  4386	0.0481237	-0.17	0.17
  4387	0.0807547	-0.17	0.17
  4388	0.0711585	-0.17	0.17
  4389	0.064909	-0.17	0.17
  4390	0.080572	-0.17	0.17
  4391	0.0674235	-0.17	0.17
  4392	0.0586405	-0.17	0.17
  4393	0.0520829	-0.17	0.17
  4394	0.0560433	-0.17	0.17
  4395	0.0210001	-0.17	0.17
  4396	0.0755072	-0.17	0.17
  4397	0.0416312	-0.17	0.17
  4398	0.0523241	-0.17	0.17
  4399	0.0353771	-0.17	0.17
  4400	0.0331826	-0.17	0.17
  4401	0.0796926	-0.17	0.17
  4402	0.0798748	-0.17	0.17
  4403	0.0588878	-0.17	0.17
  4404	0.0507981	-0.17	0.17
  4405	0.0533656	-0.17	0.17
  4406	0.0298806	-0.17	0.17
  4407	0.0614446	-0.17	0.17
  4408	0.0649723	-0.17	0.17
  4409	0.0574693	-0.17	0.17
  4410	0.0579265	-0.17	0.17
  4411	0.079109	-0.17	0.17
  4412	0.0792643	-0.17	0.17
  4413	0.0565332	-0.17	0.17
  4414	0.0283254	-0.17	0.17
  4415	0.0650338	-0.17	0.17
  4416	0.0669055	-0.17	0.17
  4417	0.0704891	-0.17	0.17
  4418	0.0473654	-0.17	0.17
  4419	0.0797285	-0.17	0.17
  4420	0.0711863	-0.17	0.17
  4421	0.0607814	-0.17	0.17
  4422	0.0694204	-0.17	0.17
  4423	0.0465837	-0.17	0.17
  4424	0.0692895	-0.17	0.17
  4425	0.0745886	-0.17	0.17
  4426	0.0516455	-0.17	0.17
  4427	0.0625782	-0.17	0.17
  4428	0.0807033	-0.17	0.17
  4429	0.0796482	-0.17	0.17
  4430	0.0595745	-0.17	0.17
  4431	0.0768683	-0.17	0.17
  4432	0.0217633	-0.17	0.17
  4433	0.0225762	-0.17	0.17
  4434	0.078797	-0.17	0.17
  4435	0.0650252	-0.17	0.17
  4436	0.0745411	-0.17	0.17
  4437	0.0507559	-0.17	0.17
  4438	0.0405689	-0.17	0.17
  4439	0.0484381	-0.17	0.17
  4440	0.0303311	-0.17	0.17
  4441	0.066338	-0.17	0.17
  4442	0.0541035	-0.17	0.17
  4443	0.0175459	-0.17	0.17
  4444	0.0370241	-0.17	0.17
  4445	0.0363402	-0.17	0.17
  4446	0.0608607	-0.17	0.17
  4447	0.0562063	-0.17	0.17
  4448	0.0241453	-0.17	0.17
  4449	0.0494663	-0.17	0.17
  4450	0.0574073	-0.17	0.17
  4451	0.079023	-0.17	0.17
  4452	0.0176347	-0.17	0.17
  4453	0.0660751	-0.17	0.17
  4454	0.0697156	-0.17	0.17
  4455	0.023626	-0.17	0.17
  4456	0.0764267	-0.17	0.17
  4457	0.0523597	-0.17	0.17
  4458	0.0429854	-0.17	0.17
  4459	0.0510512	-0.17	0.17
  4460	0.0735607	-0.17	0.17
  4461	0.0800264	-0.17	0.17
  4462	0.0594151	-0.17	0.17
  4463	0.0458528	-0.17	0.17
  4464	0.0420879	-0.17	0.17
  4465	0.0261678	-0.17	0.17
  4466	0.0776033	-0.17	0.17
  4467	0.0759652	-0.17	0.17
  4468	0.0529096	-0.17	0.17
  4469	0.0615945	-0.17	0.17
  4470	0.0329069	-0.17	0.17
  4471	0.0727613	-0.17	0.17
  4472	0.0719947	-0.17	0.17
  4473	0.0379346	-0.17	0.17
  4474	0.0411332	-0.17	0.17
  4475	0.0636159	-0.17	0.17
  4476	0.0514405	-0.17	0.17
  4477	0.0556067	-0.17	0.17
  4478	0.0465892	-0.17	0.17
  4479	0.0388371	-0.17	0.17
  4480	0.0642662	-0.17	0.17
  4481	0.0585602	-0.17	0.17
  4482	0.0461815	-0.17	0.17
  4483	0.0587791	-0.17	0.17
  4484	0.0715652	-0.17	0.17
  4485	0.0404059	-0.17	0.17
  4486	0.0496065	-0.17	0.17
  4487	0.0504425	-0.17	0.17
  4488	0.05425	-0.17	0.17
  4489	0.0571476	-0.17	0.17
  4490	0.0740885	-0.17	0.17
  4491	0.059561	-0.17	0.17
  4492	0.0800834	-0.17	0.17
  4493	0.0792325	-0.17	0.17
  4494	0.0728136	-0.17	0.17
  4495	0.0364918	-0.17	0.17
  4496	0.0689682	-0.17	0.17
  4497	0.080034	-0.17	0.17
  4498	0.0783627	-0.17	0.17
  4499	0.0624373	-0.17	0.17
  4500	0.0727489	-0.17	0.17
  4501	0.058465	-0.17	0.17
  4502	0.0801761	-0.17	0.17
  4503	0.0537463	-0.17	0.17
  4504	0.0533207	-0.17	0.17
  4505	0.0567086	-0.17	0.17
  4506	0.0694881	-0.17	0.17
  4507	0.0382664	-0.17	0.17
  4508	0.0573013	-0.17	0.17
  4509	0.0318794	-0.17	0.17
  4510	0.0494054	-0.17	0.17
  4511	0.0655824	-0.17	0.17
  4512	0.0325635	-0.17	0.17
  4513	0.0510415	-0.17	0.17
  4514	0.0705184	-0.17	0.17
  4515	0.0197488	-0.17	0.17
  4516	0.0352472	-0.17	0.17
  4517	0.0393454	-0.17	0.17
  4518	0.0537249	-0.17	0.17
  4519	0.0594722	-0.17	0.17
  4520	0.0140422	-0.17	0.17
  4521	0.0454623	-0.17	0.17
  4522	0.0528442	-0.17	0.17
  4523	0.0736362	-0.17	0.17
  4524	0.077148	-0.17	0.17
  4525	0.0672985	-0.17	0.17
  4526	0.0728295	-0.17	0.17
  4527	0.0767925	-0.17	0.17
  4528	0.0509333	-0.17	0.17
  4529	0.0580316	-0.17	0.17
  4530	0.0781563	-0.17	0.17
  4531	0.0781202	-0.17	0.17
  4532	0.0457501	-0.17	0.17
  4533	0.077345	-0.17	0.17
  4534	0.0701021	-0.17	0.17
  4535	0.0670394	-0.17	0.17
  4536	0.0544703	-0.17	0.17
  4537	0.0687479	-0.17	0.17
  4538	0.0559955	-0.17	0.17
  4539	0.0774556	-0.17	0.17
  4540	0.0802353	-0.17	0.17
  4541	0.0726812	-0.17	0.17
  4542	0.0578178	-0.17	0.17
  4543	0.0770824	-0.17	0.17
  4544	0.0730285	-0.17	0.17
  4545	0.0706573	-0.17	0.17
  4546	0.0802121	-0.17	0.17
  4547	0.0438584	-0.17	0.17
  4548	0.0669833	-0.17	0.17
  4549	0.0797121	-0.17	0.17
  4550	0.0781224	-0.17	0.17
  4551	0.0569846	-0.17	0.17
  4552	0.0705165	-0.17	0.17
  4553	0.0615022	-0.17	0.17
  4554	0.0798963	-0.17	0.17
  4555	0.0421852	-0.17	0.17
  4556	0.0667562	-0.17	0.17
  4557	0.077047	-0.17	0.17
  4558	0.0720073	-0.17	0.17
  4559	0.0608167	-0.17	0.17
  4560	0.0778269	-0.17	0.17
  4561	0.0570213	-0.17	0.17
  4562	0.039868	-0.17	0.17
  4563	0.0749823	-0.17	0.17
  4564	0.0793444	-0.17	0.17
  4565	0.0615809	-0.17	0.17
  4566	0.0259997	-0.17	0.17
  4567	0.0399782	-0.17	0.17
  4568	0.0789785	-0.17	0.17
  4569	0.0606327	-0.17	0.17
  4570	0.052657	-0.17	0.17
  4571	0.0749675	-0.17	0.17
  4572	0.0681214	-0.17	0.17
  4573	0.0313234	-0.17	0.17
  4574	0.0771532	-0.17	0.17
  4575	0.0568382	-0.17	0.17
  4576	0.0467676	-0.17	0.17
  4577	0.0664835	-0.17	0.17
  4578	0.0614613	-0.17	0.17
  4579	0.0605712	-0.17	0.17
  4580	0.0802469	-0.17	0.17
  4581	0.0647515	-0.17	0.17
  4582	0.0709649	-0.17	0.17
  4583	0.0776254	-0.17	0.17
  4584	0.0646967	-0.17	0.17
  4585	0.0765548	-0.17	0.17
  4586	0.0518441	-0.17	0.17
  4587	0.0269157	-0.17	0.17
  4588	0.0314473	-0.17	0.17
  4589	0.0639094	-0.17	0.17
  4590	0.0488863	-0.17	0.17
  4591	0.0541141	-0.17	0.17
  4592	0.0794621	-0.17	0.17
  4593	0.065858	-0.17	0.17
  4594	0.0558148	-0.17	0.17
  4595	0.03075	-0.17	0.17
  4596	0.0709907	-0.17	0.17
  4597	0.0781777	-0.17	0.17
  4598	0.0804112	-0.17	0.17
  4599	0.0514998	-0.17	0.17
  4600	0.0364201	-0.17	0.17
  4601	0.0796942	-0.17	0.17
  4602	0.0773371	-0.17	0.17
  4603	0.0424809	-0.17	0.17
  4604	0.0475437	-0.17	0.17
  4605	0.0637948	-0.17	0.17
  4606	0.063146	-0.17	0.17
  4607	0.0728009	-0.17	0.17
  4608	0.0793343	-0.17	0.17
  4609	0.0625174	-0.17	0.17
  4610	0.0267131	-0.17	0.17
  4611	0.0507854	-0.17	0.17
  4612	0.0457723	-0.17	0.17
  4613	0.0322235	-0.17	0.17
  4614	0.0562188	-0.17	0.17
  4615	0.077467	-0.17	0.17
  4616	0.0799002	-0.17	0.17
  4617	0.0290423	-0.17	0.17
  4618	0.0805351	-0.17	0.17
  4619	0.0708838	-0.17	0.17
  4620	0.0495341	-0.17	0.17
  4621	0.0482766	-0.17	0.17
  4622	0.0459623	-0.17	0.17
  4623	0.0700927	-0.17	0.17
  4624	0.0358857	-0.17	0.17
  4625	0.0587804	-0.17	0.17
  4626	0.0673481	-0.17	0.17
  4627	0.0694357	-0.17	0.17
  4628	0.0435929	-0.17	0.17
  4629	0.0744736	-0.17	0.17
  4630	0.0256027	-0.17	0.17
  4631	0.0246772	-0.17	0.17
  4632	0.0732788	-0.17	0.17
  4633	0.0688935	-0.17	0.17
  4634	0.0420247	-0.17	0.17
  4635	0.0638709	-0.17	0.17
  4636	0.0677265	-0.17	0.17
  4637	0.0424084	-0.17	0.17
  4638	0.0493782	-0.17	0.17
  4639	0.0780517	-0.17	0.17
  4640	0.0479143	-0.17	0.17
  4641	0.0748935	-0.17	0.17
  4642	0.0717899	-0.17	0.17
  4643	0.0690493	-0.17	0.17
  4644	0.0775907	-0.17	0.17
  4645	0.0711428	-0.17	0.17
  4646	0.0787163	-0.17	0.17
  4647	0.0531172	-0.17	0.17
  4648	0.0783159	-0.17	0.17
  4649	0.0709104	-0.17	0.17
  4650	0.0461628	-0.17	0.17
  4651	0.0199808	-0.17	0.17
  4652	0.0526126	-0.17	0.17
  4653	0.0529874	-0.17	0.17
  4654	0.0793364	-0.17	0.17
  4655	0.0277329	-0.17	0.17
  4656	0.0732211	-0.17	0.17
  4657	0.0752806	-0.17	0.17
  4658	0.0519784	-0.17	0.17
  4659	0.0800279	-0.17	0.17
  4660	0.0670408	-0.17	0.17
  4661	0.0632605	-0.17	0.17
  4662	0.0786237	-0.17	0.17
  4663	0.064311	-0.17	0.17
  4664	0.0781952	-0.17	0.17
  4665	0.0468076	-0.17	0.17
  4666	0.0516115	-0.17	0.17
  4667	0.0625761	-0.17	0.17
  4668	0.0459734	-0.17	0.17
  4669	0.0333969	-0.17	0.17
  4670	0.034112	-0.17	0.17
  4671	0.0619309	-0.17	0.17
  4672	0.0614844	-0.17	0.17
  4673	0.0805927	-0.17	0.17
  4674	0.0369153	-0.17	0.17
  4675	0.0801967	-0.17	0.17
  4676	0.0439204	-0.17	0.17
  4677	0.0777774	-0.17	0.17
  4678	0.0137571	-0.17	0.17
  4679	0.0767897	-0.17	0.17
  4680	0.0325163	-0.17	0.17
  4681	0.0804376	-0.17	0.17
  4682	0.0652456	-0.17	0.17
  4683	0.0685273	-0.17	0.17
  4684	0.0486314	-0.17	0.17
  4685	0.0293876	-0.17	0.17
  4686	0.0410486	-0.17	0.17
  4687	0.0405693	-0.17	0.17
  4688	0.0657258	-0.17	0.17
  4689	0.0207277	-0.17	0.17
  4690	0.0648739	-0.17	0.17
  4691	0.0485787	-0.17	0.17
  4692	0.0648894	-0.17	0.17
  4693	0.0421503	-0.17	0.17
  4694	0.0808483	-0.17	0.17
  4695	0.078269	-0.17	0.17
  4696	0.0716898	-0.17	0.17
  4697	0.0753824	-0.17	0.17
  4698	0.0406998	-0.17	0.17
  4699	0.0775489	-0.17	0.17
  4700	0.0310482	-0.17	0.17
  4701	0.0262564	-0.17	0.17
  4702	0.0469713	-0.17	0.17
  4703	0.0372113	-0.17	0.17
  4704	0.06122	-0.17	0.17
  4705	0.0786637	-0.17	0.17
  4706	0.0528438	-0.17	0.17
  4707	0.0743369	-0.17	0.17
  4708	0.0518321	-0.17	0.17
  4709	0.0556722	-0.17	0.17
  4710	0.0491684	-0.17	0.17
  4711	0.0229772	-0.17	0.17
  4712	0.0223665	-0.17	0.17
  4713	0.0351212	-0.17	0.17
  4714	0.0515451	-0.17	0.17
  4715	0.0643533	-0.17	0.17
  4716	0.0427475	-0.17	0.17
  4717	0.0618033	-0.17	0.17
  4718	0.0441244	-0.17	0.17
  4719	0.0586302	-0.17	0.17
  4720	0.0624213	-0.17	0.17
  4721	0.0575393	-0.17	0.17
  4722	0.0263102	-0.17	0.17
  4723	0.0167211	-0.17	0.17
  4724	0.0756673	-0.17	0.17
  4725	0.0201469	-0.17	0.17
  4726	0.0653208	-0.17	0.17
  4727	0.0758867	-0.17	0.17
  4728	0.0776623	-0.17	0.17
  4729	0.0630854	-0.17	0.17
  4730	0.0362731	-0.17	0.17
  4731	0.0780928	-0.17	0.17
  4732	0.0644394	-0.17	0.17
  4733	0.0432919	-0.17	0.17
  4734	0.0573733	-0.17	0.17
  4735	0.0793759	-0.17	0.17
  4736	0.0355787	-0.17	0.17
  4737	0.0509992	-0.17	0.17
  4738	0.0314634	-0.17	0.17
  4739	0.0807767	-0.17	0.17
  4740	0.0737933	-0.17	0.17
  4741	0.0639041	-0.17	0.17
  4742	0.0797639	-0.17	0.17
  4743	0.0567215	-0.17	0.17
  4744	0.0183081	-0.17	0.17
  4745	0.0724655	-0.17	0.17
  4746	0.0668045	-0.17	0.17
  4747	0.0735689	-0.17	0.17
  4748	0.0628492	-0.17	0.17
  4749	0.0767276	-0.17	0.17
  4750	0.0735828	-0.17	0.17
  4751	0.0598183	-0.17	0.17
  4752	0.074687	-0.17	0.17
  4753	0.0779348	-0.17	0.17
  4754	0.0556963	-0.17	0.17
  4755	0.0747267	-0.17	0.17
  4756	0.0760178	-0.17	0.17
  4757	0.0789436	-0.17	0.17
  4758	0.0678749	-0.17	0.17
  4759	0.0522619	-0.17	0.17
  4760	0.0214842	-0.17	0.17
  4761	0.0555928	-0.17	0.17
  4762	0.0690398	-0.17	0.17
  4763	0.0622369	-0.17	0.17
  4764	0.075576	-0.17	0.17
  4765	0.0390123	-0.17	0.17
  4766	0.0536713	-0.17	0.17
  4767	0.0661733	-0.17	0.17
  4768	0.0664628	-0.17	0.17
  4769	0.0660443	-0.17	0.17
  4770	0.0534208	-0.17	0.17
  4771	0.070074	-0.17	0.17
  4772	0.0595245	-0.17	0.17
  4773	0.0752886	-0.17	0.17
  4774	0.0795946	-0.17	0.17
  4775	0.0696331	-0.17	0.17
  4776	0.0789466	-0.17	0.17
  4777	0.0805735	-0.17	0.17
  4778	0.0686931	-0.17	0.17
  4779	0.0623228	-0.17	0.17
  4780	0.0534747	-0.17	0.17
  4781	0.0792478	-0.17	0.17
  4782	0.0621391	-0.17	0.17
  4783	0.0734093	-0.17	0.17
  4784	0.0618779	-0.17	0.17
  4785	0.0672268	-0.17	0.17
  4786	0.0327302	-0.17	0.17
  4787	0.0683996	-0.17	0.17
  4788	0.0763342	-0.17	0.17
  4789	0.0245311	-0.17	0.17
  4790	0.0773885	-0.17	0.17
  4791	0.0536235	-0.17	0.17
  4792	0.0541103	-0.17	0.17
  4793	0.0547096	-0.17	0.17
  4794	0.0754564	-0.17	0.17
  4795	0.045701	-0.17	0.17
  4796	0.0522562	-0.17	0.17
  4797	0.0645972	-0.17	0.17
  4798	0.0544482	-0.17	0.17
  4799	0.0198611	-0.17	0.17
  4800	0.0709639	-0.17	0.17
  4801	0.0786154	-0.17	0.17
  4802	0.0501199	-0.17	0.17
  4803	0.0315953	-0.17	0.17
  4804	0.0268488	-0.17	0.17
  4805	0.076006	-0.17	0.17
  4806	0.0431402	-0.17	0.17
  4807	0.0640075	-0.17	0.17
  4808	0.0672663	-0.17	0.17
  4809	0.0395845	-0.17	0.17
  4810	0.0620755	-0.17	0.17
  4811	0.0354779	-0.17	0.17
  4812	0.0379336	-0.17	0.17
  4813	0.0358037	-0.17	0.17
  4814	0.0782594	-0.17	0.17
  4815	0.0432658	-0.17	0.17
  4816	0.0538499	-0.17	0.17
  4817	0.0575629	-0.17	0.17
  4818	0.0382113	-0.17	0.17
  4819	0.048345	-0.17	0.17
  4820	0.0560901	-0.17	0.17
  4821	0.0653007	-0.17	0.17
  4822	0.0730217	-0.17	0.17
  4823	0.0561993	-0.17	0.17
  4824	0.0805505	-0.17	0.17
  4825	0.0652255	-0.17	0.17
  4826	0.0714514	-0.17	0.17
  4827	0.0152197	-0.17	0.17
  4828	0.0416633	-0.17	0.17
  4829	0.0380221	-0.17	0.17
  4830	0.0705069	-0.17	0.17
  4831	0.0520522	-0.17	0.17
  4832	0.054198	-0.17	0.17
  4833	0.0557726	-0.17	0.17
  4834	0.0669915	-0.17	0.17
  4835	0.0793907	-0.17	0.17
  4836	0.0251744	-0.17	0.17
  4837	0.0635424	-0.17	0.17
  4838	0.0768715	-0.17	0.17
  4839	0.0807337	-0.17	0.17
  4840	0.0590606	-0.17	0.17
  4841	0.079576	-0.17	0.17
  4842	0.0789669	-0.17	0.17
  4843	0.0557442	-0.17	0.17
  4844	0.0787489	-0.17	0.17
  4845	0.0494718	-0.17	0.17
  4846	0.0701776	-0.17	0.17
  4847	0.0736598	-0.17	0.17
  4848	0.0318673	-0.17	0.17
  4849	0.0716508	-0.17	0.17
  4850	0.0264022	-0.17	0.17
  4851	0.048264	-0.17	0.17
  4852	0.0789284	-0.17	0.17
  4853	0.0665179	-0.17	0.17
  4854	0.0410785	-0.17	0.17
  4855	0.0309881	-0.17	0.17
  4856	0.0731812	-0.17	0.17
  4857	0.0720107	-0.17	0.17
  4858	0.0195873	-0.17	0.17
  4859	0.0792283	-0.17	0.17
  4860	0.0765439	-0.17	0.17
  4861	0.0456279	-0.17	0.17
  4862	0.0696368	-0.17	0.17
  4863	0.0295739	-0.17	0.17
  4864	0.0800457	-0.17	0.17
  4865	0.0628339	-0.17	0.17
  4866	0.0748881	-0.17	0.17
  4867	0.0793822	-0.17	0.17
  4868	0.0772773	-0.17	0.17
  4869	0.0608503	-0.17	0.17
  4870	0.0324468	-0.17	0.17
  4871	0.0741675	-0.17	0.17
  4872	0.0636252	-0.17	0.17
  4873	0.0293542	-0.17	0.17
  4874	0.0793939	-0.17	0.17
  4875	0.0775346	-0.17	0.17
  4876	0.0635453	-0.17	0.17
  4877	0.0406955	-0.17	0.17
  4878	0.0773224	-0.17	0.17
  4879	0.0132737	-0.17	0.17
  4880	0.0574928	-0.17	0.17
  4881	0.0400417	-0.17	0.17
  4882	0.0542038	-0.17	0.17
  4883	0.0562146	-0.17	0.17
  4884	0.0755464	-0.17	0.17
  4885	0.0790789	-0.17	0.17
  4886	0.0696167	-0.17	0.17
  4887	0.0472145	-0.17	0.17
  4888	0.0797972	-0.17	0.17
  4889	0.0699769	-0.17	0.17
  4890	0.0498912	-0.17	0.17
  4891	0.0350625	-0.17	0.17
  4892	0.0598892	-0.17	0.17
  4893	0.059412	-0.17	0.17
  4894	0.0638836	-0.17	0.17
  4895	0.059137	-0.17	0.17
  4896	0.0352036	-0.17	0.17
  4897	0.0664876	-0.17	0.17
  4898	0.0720553	-0.17	0.17
  4899	0.0730267	-0.17	0.17
  4900	0.0171956	-0.17	0.17
  4901	0.0699972	-0.17	0.17
  4902	0.0793202	-0.17	0.17
  4903	0.0630357	-0.17	0.17
  4904	0.0366254	-0.17	0.17
  4905	0.0450811	-0.17	0.17
  4906	0.0793571	-0.17	0.17
  4907	0.034527	-0.17	0.17
  4908	0.0698701	-0.17	0.17
  4909	0.0545991	-0.17	0.17
  4910	0.0656798	-0.17	0.17
  4911	0.0597305	-0.17	0.17
  4912	0.0799229	-0.17	0.17
  4913	0.0727149	-0.17	0.17
  4914	0.0730257	-0.17	0.17
  4915	0.0339036	-0.17	0.17
  4916	0.0787485	-0.17	0.17
  4917	0.0555799	-0.17	0.17
  4918	0.0467672	-0.17	0.17
  4919	0.0799453	-0.17	0.17
  4920	0.0724233	-0.17	0.17
  4921	0.0623433	-0.17	0.17
  4922	0.0473885	-0.17	0.17
  4923	0.0760112	-0.17	0.17
  4924	0.0510452	-0.17	0.17
  4925	0.0792261	-0.17	0.17
  4926	0.0631619	-0.17	0.17
  4927	0.0592795	-0.17	0.17
  4928	0.0737965	-0.17	0.17
  4929	0.0800518	-0.17	0.17
  4930	0.0271669	-0.17	0.17
  4931	0.0710151	-0.17	0.17
  4932	0.0589547	-0.17	0.17
  4933	0.0655008	-0.17	0.17
  4934	0.0699252	-0.17	0.17
  4935	0.0723898	-0.17	0.17
  4936	0.0365214	-0.17	0.17
  4937	0.0666288	-0.17	0.17
  4938	0.0529061	-0.17	0.17
  4939	0.0498259	-0.17	0.17
  4940	0.0650802	-0.17	0.17
  4941	0.046233	-0.17	0.17
  4942	0.0801238	-0.17	0.17
  4943	0.0720674	-0.17	0.17
  4944	0.0795512	-0.17	0.17
  4945	0.0792256	-0.17	0.17
  4946	0.0714231	-0.17	0.17
  4947	0.0804417	-0.17	0.17
  4948	0.0804332	-0.17	0.17
  4949	0.0788714	-0.17	0.17
  4950	0.0233037	-0.17	0.17
  4951	0.0165347	-0.17	0.17
  4952	0.0794612	-0.17	0.17
  4953	0.0515136	-0.17	0.17
  4954	0.0427074	-0.17	0.17
  4955	0.0562099	-0.17	0.17
  4956	0.049586	-0.17	0.17
  4957	0.0403224	-0.17	0.17
  4958	0.0462283	-0.17	0.17
  4959	0.0677535	-0.17	0.17
  4960	0.0557918	-0.17	0.17
  4961	0.044029	-0.17	0.17
  4962	0.0703789	-0.17	0.17
  4963	0.0476263	-0.17	0.17
  4964	0.0752968	-0.17	0.17
  4965	0.05019	-0.17	0.17
  4966	0.0736807	-0.17	0.17
  4967	0.0590467	-0.17	0.17
  4968	0.0803195	-0.17	0.17
  4969	0.0787516	-0.17	0.17
  4970	0.0808853	-0.17	0.17
  4971	0.053883	-0.17	0.17
  4972	0.0593778	-0.17	0.17
  4973	0.057548	-0.17	0.17
  4974	0.0623651	-0.17	0.17
  4975	0.064248	-0.17	0.17
  4976	0.0637686	-0.17	0.17
  4977	0.0712604	-0.17	0.17
  4978	0.0511456	-0.17	0.17
  4979	0.0776089	-0.17	0.17
  4980	0.0674352	-0.17	0.17
  4981	0.0409254	-0.17	0.17
  4982	0.0266676	-0.17	0.17
  4983	0.07911	-0.17	0.17
  4984	0.0672375	-0.17	0.17
  4985	0.0305572	-0.17	0.17
  4986	0.0525067	-0.17	0.17
  4987	0.0136131	-0.17	0.17
  4988	0.0668825	-0.17	0.17
  4989	0.0796476	-0.17	0.17
  4990	0.0805831	-0.17	0.17
  4991	0.0653944	-0.17	0.17
  4992	0.0518224	-0.17	0.17
  4993	0.0680367	-0.17	0.17
  4994	0.0697242	-0.17	0.17
  4995	0.0790745	-0.17	0.17
  4996	0.0793708	-0.17	0.17
  4997	0.0790516	-0.17	0.17
  4998	0.0581333	-0.17	0.17
  4999	0.0801646	-0.17	0.17
  5000	0.0770479	-0.17	0.17
  5001	0.036216	-0.17	0.17
  5002	0.0688796	-0.17	0.17
  5003	0.0773453	-0.17	0.17
  5004	0.0791651	-0.17	0.17
  5005	0.0535715	-0.17	0.17
  5006	0.0265444	-0.17	0.17
  5007	0.0800174	-0.17	0.17
  5008	0.0566665	-0.17	0.17
  5009	0.0467868	-0.17	0.17
  5010	0.0787212	-0.17	0.17
  5011	0.0616212	-0.17	0.17
  5012	0.0460441	-0.17	0.17
  5013	0.0436801	-0.17	0.17
  5014	0.0438383	-0.17	0.17
  5015	0.0415605	-0.17	0.17
  5016	0.0764807	-0.17	0.17
  5017	0.0806709	-0.17	0.17
  5018	0.0552428	-0.17	0.17
  5019	0.0147509	-0.17	0.17
  5020	0.0363862	-0.17	0.17
  5021	0.05744	-0.17	0.17
  5022	0.0766852	-0.17	0.17
  5023	0.0792889	-0.17	0.17
  5024	0.073325	-0.17	0.17
  5025	0.0265207	-0.17	0.17
  5026	0.0752185	-0.17	0.17
  5027	0.0677843	-0.17	0.17
  5028	0.0431708	-0.17	0.17
  5029	0.0646328	-0.17	0.17
  5030	0.0798887	-0.17	0.17
  5031	0.077789	-0.17	0.17
  5032	0.0791287	-0.17	0.17
  5033	0.0726043	-0.17	0.17
  5034	0.0619446	-0.17	0.17
  5035	0.0244384	-0.17	0.17
  5036	0.062812	-0.17	0.17
  5037	0.0494731	-0.17	0.17
  5038	0.0689282	-0.17	0.17
  5039	0.0373094	-0.17	0.17
  5040	0.0692696	-0.17	0.17
  5041	0.0729312	-0.17	0.17
  5042	0.0733086	-0.17	0.17
  5043	0.0662212	-0.17	0.17
  5044	0.0766053	-0.17	0.17
  5045	0.0798374	-0.17	0.17
  5046	0.0757976	-0.17	0.17
  5047	0.0471946	-0.17	0.17
  5048	0.0795956	-0.17	0.17
  5049	0.0488973	-0.17	0.17
  5050	0.0798805	-0.17	0.17
  5051	0.0777051	-0.17	0.17
  5052	0.0711688	-0.17	0.17
  5053	0.036463	-0.17	0.17
  5054	0.0671403	-0.17	0.17
  5055	0.0521619	-0.17	0.17
  5056	0.0696861	-0.17	0.17
  5057	0.0371316	-0.17	0.17
  5058	0.072382	-0.17	0.17
  5059	0.0431952	-0.17	0.17
  5060	0.0475234	-0.17	0.17
  5061	0.0694169	-0.17	0.17
  5062	0.0782117	-0.17	0.17
  5063	0.0549871	-0.17	0.17
  5064	0.0358938	-0.17	0.17
  5065	0.0602995	-0.17	0.17
  5066	0.0525745	-0.17	0.17
  5067	0.0354207	-0.17	0.17
  5068	0.0235094	-0.17	0.17
  5069	0.0757939	-0.17	0.17
  5070	0.0742817	-0.17	0.17
  5071	0.0745122	-0.17	0.17
  5072	0.0768587	-0.17	0.17
  5073	0.0581259	-0.17	0.17
  5074	0.0754598	-0.17	0.17
  5075	0.0573855	-0.17	0.17
  5076	0.0802823	-0.17	0.17
  5077	0.0720287	-0.17	0.17
  5078	0.0793127	-0.17	0.17
  5079	0.0679899	-0.17	0.17
  5080	0.0247671	-0.17	0.17
  5081	0.0526659	-0.17	0.17
  5082	0.0492482	-0.17	0.17
  5083	0.0799738	-0.17	0.17
  5084	0.0499559	-0.17	0.17
  5085	0.0424363	-0.17	0.17
  5086	0.0794344	-0.17	0.17
  5087	0.0183775	-0.17	0.17
  5088	0.0737153	-0.17	0.17
  5089	0.0760175	-0.17	0.17
  5090	0.0527625	-0.17	0.17
  5091	0.0384022	-0.17	0.17
  5092	0.0630744	-0.17	0.17
  5093	0.0755294	-0.17	0.17
  5094	0.0416643	-0.17	0.17
  5095	0.0554096	-0.17	0.17
  5096	0.0629264	-0.17	0.17
  5097	0.0715833	-0.17	0.17
  5098	0.0763348	-0.17	0.17
  5099	0.0666903	-0.17	0.17
  5100	0.0602624	-0.17	0.17
  5101	0.0645126	-0.17	0.17
  5102	0.03759	-0.17	0.17
  5103	0.0804571	-0.17	0.17
  5104	0.0785801	-0.17	0.17
  5105	0.0785885	-0.17	0.17
  5106	0.0714596	-0.17	0.17
  5107	0.0345303	-0.17	0.17
  5108	0.0590343	-0.17	0.17
  5109	0.0329859	-0.17	0.17
  5110	0.0358834	-0.17	0.17
  5111	0.0342487	-0.17	0.17
  5112	0.058882	-0.17	0.17
  5113	0.0674523	-0.17	0.17
  5114	0.0575134	-0.17	0.17
  5115	0.0677033	-0.17	0.17
  5116	0.029854	-0.17	0.17
  5117	0.0148212	-0.17	0.17
  5118	0.0657773	-0.17	0.17
  5119	0.0564151	-0.17	0.17
  5120	0.0382967	-0.17	0.17
  5121	0.0516853	-0.17	0.17
  5122	0.0775227	-0.17	0.17
  5123	0.0713069	-0.17	0.17
  5124	0.0647907	-0.17	0.17
  5125	0.0505188	-0.17	0.17
  5126	0.0613556	-0.17	0.17
  5127	0.0756627	-0.17	0.17
  5128	0.0701104	-0.17	0.17
  5129	0.0507006	-0.17	0.17
  5130	0.0471913	-0.17	0.17
  5131	0.0740471	-0.17	0.17
  5132	0.058414	-0.17	0.17
  5133	0.0592782	-0.17	0.17
  5134	0.0577425	-0.17	0.17
  5135	0.0658054	-0.17	0.17
  5136	0.0803477	-0.17	0.17
  5137	0.0392311	-0.17	0.17
  5138	0.0401867	-0.17	0.17
  5139	0.0602449	-0.17	0.17
  5140	0.0629918	-0.17	0.17
  5141	0.0552879	-0.17	0.17
  5142	0.0679445	-0.17	0.17
  5143	0.0601429	-0.17	0.17
  5144	0.0577091	-0.17	0.17
  5145	0.062545	-0.17	0.17
  5146	0.048265	-0.17	0.17
  5147	0.0788046	-0.17	0.17
  5148	0.0381276	-0.17	0.17
  5149	0.0685907	-0.17	0.17
  5150	0.0792297	-0.17	0.17
  5151	0.0563164	-0.17	0.17
  5152	0.0415829	-0.17	0.17
  5153	0.0466407	-0.17	0.17
  5154	0.0642775	-0.17	0.17
  5155	0.0565088	-0.17	0.17
  5156	0.0751921	-0.17	0.17
  5157	0.0755648	-0.17	0.17
  5158	0.0755532	-0.17	0.17
  5159	0.0696462	-0.17	0.17
  5160	0.0753293	-0.17	0.17
  5161	0.0552381	-0.17	0.17
  5162	0.0642846	-0.17	0.17
  5163	0.0278284	-0.17	0.17
  5164	0.0529934	-0.17	0.17
  5165	0.0217259	-0.17	0.17
  5166	0.0298385	-0.17	0.17
  5167	0.0613682	-0.17	0.17
  5168	0.0732843	-0.17	0.17
  5169	0.0787737	-0.17	0.17
  5170	0.0542656	-0.17	0.17
  5171	0.0583101	-0.17	0.17
  5172	0.0680317	-0.17	0.17
  5173	0.0581553	-0.17	0.17
  5174	0.0358917	-0.17	0.17
  5175	0.0347979	-0.17	0.17
  5176	0.0730322	-0.17	0.17
  5177	0.075338	-0.17	0.17
  5178	0.0438015	-0.17	0.17
  5179	0.057174	-0.17	0.17
  5180	0.0801404	-0.17	0.17
  5181	0.0752445	-0.17	0.17
  5182	0.0590006	-0.17	0.17
  5183	0.078292	-0.17	0.17
  5184	0.0623757	-0.17	0.17
  5185	0.0675559	-0.17	0.17
  5186	0.0664345	-0.17	0.17
  5187	0.050373	-0.17	0.17
  5188	0.0546611	-0.17	0.17
  5189	0.0688552	-0.17	0.17
  5190	0.0552397	-0.17	0.17
  5191	0.0732502	-0.17	0.17
  5192	0.013906	-0.17	0.17
  5193	0.0708985	-0.17	0.17
  5194	0.078895	-0.17	0.17
  5195	0.0358334	-0.17	0.17
  5196	0.029263	-0.17	0.17
  5197	0.0805554	-0.17	0.17
  5198	0.0678614	-0.17	0.17
  5199	0.0558151	-0.17	0.17
  5200	0.0525511	-0.17	0.17
  5201	0.0628355	-0.17	0.17
  5202	0.0665629	-0.17	0.17
  5203	0.0381992	-0.17	0.17
  5204	0.0627835	-0.17	0.17
  5205	0.0385146	-0.17	0.17
  5206	0.0383237	-0.17	0.17
  5207	0.0743502	-0.17	0.17
  5208	0.0661956	-0.17	0.17
  5209	0.0657885	-0.17	0.17
  5210	0.0703601	-0.17	0.17
  5211	0.0376519	-0.17	0.17
  5212	0.0344955	-0.17	0.17
  5213	0.079977	-0.17	0.17
  5214	0.0806916	-0.17	0.17
  5215	0.020769	-0.17	0.17
  5216	0.0636792	-0.17	0.17
  5217	0.0365237	-0.17	0.17
  5218	0.0554801	-0.17	0.17
  5219	0.0688443	-0.17	0.17
  5220	0.0253587	-0.17	0.17
  5221	0.0146281	-0.17	0.17
  5222	0.0682607	-0.17	0.17
  5223	0.0715537	-0.17	0.17
  5224	0.0730539	-0.17	0.17
  5225	0.0591806	-0.17	0.17
  5226	0.0613287	-0.17	0.17
  5227	0.02401	-0.17	0.17
  5228	0.078183	-0.17	0.17
  5229	0.0494273	-0.17	0.17
  5230	0.0629788	-0.17	0.17
  5231	0.0576991	-0.17	0.17
  5232	0.079755	-0.17	0.17
  5233	0.0422834	-0.17	0.17
  5234	0.0789456	-0.17	0.17
  5235	0.0509441	-0.17	0.17
  5236	0.0298804	-0.17	0.17
  5237	0.0775993	-0.17	0.17
  5238	0.0561095	-0.17	0.17
  5239	0.0804334	-0.17	0.17
  5240	0.0644011	-0.17	0.17
  5241	0.0450765	-0.17	0.17
  5242	0.0799112	-0.17	0.17
  5243	0.0784903	-0.17	0.17
  5244	0.0794397	-0.17	0.17
  5245	0.0459633	-0.17	0.17
  5246	0.036588	-0.17	0.17
  5247	0.0489468	-0.17	0.17
  5248	0.0382936	-0.17	0.17
  5249	0.0782507	-0.17	0.17
  5250	0.0650435	-0.17	0.17
  5251	0.0595215	-0.17	0.17
  5252	0.0710467	-0.17	0.17
  5253	0.0651158	-0.17	0.17
  5254	0.0792013	-0.17	0.17
  5255	0.0759631	-0.17	0.17
  5256	0.0629141	-0.17	0.17
  5257	0.0556283	-0.17	0.17
  5258	0.0627486	-0.17	0.17
  5259	0.0761853	-0.17	0.17
  5260	0.0713311	-0.17	0.17
  5261	0.072725	-0.17	0.17
  5262	0.0627934	-0.17	0.17
  5263	0.0673723	-0.17	0.17
  5264	0.0522847	-0.17	0.17
  5265	0.0749764	-0.17	0.17
  5266	0.0515963	-0.17	0.17
  5267	0.0294106	-0.17	0.17
  5268	0.0445087	-0.17	0.17
  5269	0.0469094	-0.17	0.17
  5270	0.0217717	-0.17	0.17
  5271	0.016431	-0.17	0.17
  5272	0.063922	-0.17	0.17
  5273	0.0455707	-0.17	0.17
  5274	0.0666375	-0.17	0.17
  5275	0.0791526	-0.17	0.17
  5276	0.0543532	-0.17	0.17
  5277	0.0227092	-0.17	0.17
  5278	0.0650267	-0.17	0.17
  5279	0.0707656	-0.17	0.17
  5280	0.0444517	-0.17	0.17
  5281	0.0787397	-0.17	0.17
  5282	0.069458	-0.17	0.17
  5283	0.0709782	-0.17	0.17
  5284	0.0786197	-0.17	0.17
  5285	0.0246747	-0.17	0.17
  5286	0.0621005	-0.17	0.17
  5287	0.0500444	-0.17	0.17
  5288	0.0535374	-0.17	0.17
  5289	0.0222668	-0.17	0.17
  5290	0.0538077	-0.17	0.17
  5291	0.0458054	-0.17	0.17
  5292	0.0426618	-0.17	0.17
  5293	0.0661548	-0.17	0.17
  5294	0.0130923	-0.17	0.17
  5295	0.0551322	-0.17	0.17
  5296	0.0753518	-0.17	0.17
  5297	0.0343013	-0.17	0.17
  5298	0.070474	-0.17	0.17
  5299	0.0673326	-0.17	0.17
  5300	0.0694238	-0.17	0.17
  5301	0.0586989	-0.17	0.17
  5302	0.0656311	-0.17	0.17
  5303	0.0215316	-0.17	0.17
  5304	0.0451346	-0.17	0.17
  5305	0.0612896	-0.17	0.17
  5306	0.0757718	-0.17	0.17
  5307	0.0639333	-0.17	0.17
  5308	0.0728319	-0.17	0.17
  5309	0.0485889	-0.17	0.17
  5310	0.0534435	-0.17	0.17
  5311	0.045523	-0.17	0.17
  5312	0.0591522	-0.17	0.17
  5313	0.068894	-0.17	0.17
  5314	0.0526421	-0.17	0.17
  5315	0.0660425	-0.17	0.17
  5316	0.0720313	-0.17	0.17
  5317	0.0681446	-0.17	0.17
  5318	0.0502132	-0.17	0.17
  5319	0.0766336	-0.17	0.17
  5320	0.0800766	-0.17	0.17
  5321	0.0778983	-0.17	0.17
  5322	0.0676844	-0.17	0.17
  5323	0.0531838	-0.17	0.17
  5324	0.0702284	-0.17	0.17
  5325	0.0579185	-0.17	0.17
  5326	0.0447367	-0.17	0.17
  5327	0.034737	-0.17	0.17
  5328	0.0459877	-0.17	0.17
  5329	0.0370101	-0.17	0.17
  5330	0.0700545	-0.17	0.17
  5331	0.0566274	-0.17	0.17
  5332	0.0396621	-0.17	0.17
  5333	0.0628689	-0.17	0.17
  5334	0.0189162	-0.17	0.17
  5335	0.058506	-0.17	0.17
  5336	0.0659344	-0.17	0.17
  5337	0.0675502	-0.17	0.17
  5338	0.0562757	-0.17	0.17
  5339	0.0680431	-0.17	0.17
  5340	0.0195592	-0.17	0.17
  5341	0.0691038	-0.17	0.17
  5342	0.0157693	-0.17	0.17
  5343	0.0564713	-0.17	0.17
  5344	0.0721114	-0.17	0.17
  5345	0.0540821	-0.17	0.17
  5346	0.0587371	-0.17	0.17
  5347	0.0529573	-0.17	0.17
  5348	0.0614523	-0.17	0.17
  5349	0.0792392	-0.17	0.17
  5350	0.0555085	-0.17	0.17
  5351	0.073667	-0.17	0.17
  5352	0.05538	-0.17	0.17
  5353	0.0682817	-0.17	0.17
  5354	0.0434366	-0.17	0.17
  5355	0.0779822	-0.17	0.17
  5356	0.0632466	-0.17	0.17
  5357	0.066506	-0.17	0.17
  5358	0.0552665	-0.17	0.17
  5359	0.0200826	-0.17	0.17
  5360	0.0593817	-0.17	0.17
  5361	0.0668958	-0.17	0.17
  5362	0.0635557	-0.17	0.17
  5363	0.0217886	-0.17	0.17
  5364	0.0436539	-0.17	0.17
  5365	0.0660267	-0.17	0.17
  5366	0.0613272	-0.17	0.17
  5367	0.0806358	-0.17	0.17
  5368	0.0500652	-0.17	0.17
  5369	0.0319738	-0.17	0.17
  5370	0.0158827	-0.17	0.17
  5371	0.0785936	-0.17	0.17
  5372	0.0329152	-0.17	0.17
  5373	0.077182	-0.17	0.17
  5374	0.068663	-0.17	0.17
  5375	0.0348849	-0.17	0.17
  5376	0.0571066	-0.17	0.17
  5377	0.0158568	-0.17	0.17
  5378	0.0756832	-0.17	0.17
  5379	0.0543875	-0.17	0.17
  5380	0.0615247	-0.17	0.17
  5381	0.0763639	-0.17	0.17
  5382	0.0200289	-0.17	0.17
  5383	0.066621	-0.17	0.17
  5384	0.0645191	-0.17	0.17
  5385	0.0295842	-0.17	0.17
  5386	0.0570603	-0.17	0.17
  5387	0.0800897	-0.17	0.17
  5388	0.0607897	-0.17	0.17
  5389	0.0263867	-0.17	0.17
  5390	0.0339036	-0.17	0.17
  5391	0.045715	-0.17	0.17
  5392	0.0414311	-0.17	0.17
  5393	0.0471246	-0.17	0.17
  5394	0.0658425	-0.17	0.17
  5395	0.0690225	-0.17	0.17
  5396	0.0468439	-0.17	0.17
  5397	0.0356201	-0.17	0.17
  5398	0.0533441	-0.17	0.17
  5399	0.0780264	-0.17	0.17
  5400	0.0362277	-0.17	0.17
  5401	0.041095	-0.17	0.17
  5402	0.0736196	-0.17	0.17
  5403	0.0779213	-0.17	0.17
  5404	0.0172828	-0.17	0.17
  5405	0.0566103	-0.17	0.17
  5406	0.0619522	-0.17	0.17
  5407	0.0214571	-0.17	0.17
  5408	0.0780316	-0.17	0.17
  5409	0.0436285	-0.17	0.17
  5410	0.0739091	-0.17	0.17
  5411	0.0195583	-0.17	0.17
  5412	0.0697245	-0.17	0.17
  5413	0.0527586	-0.17	0.17
  5414	0.0659243	-0.17	0.17
  5415	0.0454939	-0.17	0.17
  5416	0.0536404	-0.17	0.17
  5417	0.0470795	-0.17	0.17
  5418	0.0774164	-0.17	0.17
  5419	0.0432532	-0.17	0.17
  5420	0.0300948	-0.17	0.17
  5421	0.0774163	-0.17	0.17
  5422	0.0789023	-0.17	0.17
  5423	0.0761966	-0.17	0.17
  5424	0.0806938	-0.17	0.17
  5425	0.0566852	-0.17	0.17
  5426	0.0207436	-0.17	0.17
  5427	0.0802509	-0.17	0.17
  5428	0.0549761	-0.17	0.17
  5429	0.0369036	-0.17	0.17
  5430	0.0666588	-0.17	0.17
  5431	0.051741	-0.17	0.17
  5432	0.0663068	-0.17	0.17
  5433	0.0781551	-0.17	0.17
  5434	0.0696081	-0.17	0.17
  5435	0.0609687	-0.17	0.17
  5436	0.0328944	-0.17	0.17
  5437	0.0726783	-0.17	0.17
  5438	0.071202	-0.17	0.17
  5439	0.0481951	-0.17	0.17
  5440	0.0468937	-0.17	0.17
  5441	0.069969	-0.17	0.17
  5442	0.041002	-0.17	0.17
  5443	0.0449175	-0.17	0.17
  5444	0.0534242	-0.17	0.17
  5445	0.0577971	-0.17	0.17
  5446	0.0323124	-0.17	0.17
  5447	0.0535695	-0.17	0.17
  5448	0.0643204	-0.17	0.17
  5449	0.0806843	-0.17	0.17
  5450	0.0714815	-0.17	0.17
  5451	0.0465073	-0.17	0.17
  5452	0.0732211	-0.17	0.17
  5453	0.0678448	-0.17	0.17
  5454	0.0702937	-0.17	0.17
  5455	0.0477651	-0.17	0.17
  5456	0.0597819	-0.17	0.17
  5457	0.0740745	-0.17	0.17
  5458	0.0705033	-0.17	0.17
  5459	0.0507295	-0.17	0.17
  5460	0.031975	-0.17	0.17
  5461	0.0755394	-0.17	0.17
  5462	0.0497736	-0.17	0.17
  5463	0.0533005	-0.17	0.17
  5464	0.059758	-0.17	0.17
  5465	0.070301	-0.17	0.17
  5466	0.0723173	-0.17	0.17
  5467	0.0739073	-0.17	0.17
  5468	0.0594663	-0.17	0.17
  5469	0.0694962	-0.17	0.17
  5470	0.0803552	-0.17	0.17
  5471	0.0418364	-0.17	0.17
  5472	0.022296	-0.17	0.17
  5473	0.0555927	-0.17	0.17
  5474	0.0786721	-0.17	0.17
  5475	0.0803266	-0.17	0.17
  5476	0.0803298	-0.17	0.17
  5477	0.0567096	-0.17	0.17
  5478	0.0624809	-0.17	0.17
  5479	0.0613998	-0.17	0.17
  5480	0.0622629	-0.17	0.17
  5481	0.0541751	-0.17	0.17
  5482	0.0349263	-0.17	0.17
  5483	0.0434902	-0.17	0.17
  5484	0.0543984	-0.17	0.17
  5485	0.0592676	-0.17	0.17
  5486	0.0795356	-0.17	0.17
  5487	0.0706644	-0.17	0.17
  5488	0.0787029	-0.17	0.17
  5489	0.0624099	-0.17	0.17
  5490	0.045191	-0.17	0.17
  5491	0.0561497	-0.17	0.17
  5492	0.0630133	-0.17	0.17
  5493	0.0720748	-0.17	0.17
  5494	0.0694747	-0.17	0.17
  5495	0.050398	-0.17	0.17
  5496	0.0656198	-0.17	0.17
  5497	0.0514657	-0.17	0.17
  5498	0.0508662	-0.17	0.17
  5499	0.0269322	-0.17	0.17
  5500	0.0502801	-0.17	0.17
  5501	0.0403379	-0.17	0.17
  5502	0.0804736	-0.17	0.17
  5503	0.0746173	-0.17	0.17
  5504	0.0374024	-0.17	0.17
  5505	0.0806862	-0.17	0.17
  5506	0.07353	-0.17	0.17
  5507	0.0484631	-0.17	0.17
  5508	0.0707706	-0.17	0.17
  5509	0.0696348	-0.17	0.17
  5510	0.0492369	-0.17	0.17
  5511	0.0734716	-0.17	0.17
  5512	0.0791788	-0.17	0.17
  5513	0.0523672	-0.17	0.17
  5514	0.0349373	-0.17	0.17
  5515	0.0767503	-0.17	0.17
  5516	0.0311274	-0.17	0.17
  5517	0.0661637	-0.17	0.17
  5518	0.0646068	-0.17	0.17
  5519	0.0436615	-0.17	0.17
  5520	0.0763013	-0.17	0.17
  5521	0.0591898	-0.17	0.17
  5522	0.0658178	-0.17	0.17
  5523	0.0472176	-0.17	0.17
  5524	0.0388198	-0.17	0.17
  5525	0.057369	-0.17	0.17
  5526	0.0623459	-0.17	0.17
  5527	0.0760653	-0.17	0.17
  5528	0.0187616	-0.17	0.17
  5529	0.0131318	-0.17	0.17
  5530	0.0774859	-0.17	0.17
  5531	0.0633325	-0.17	0.17
  5532	0.0696498	-0.17	0.17
  5533	0.0543845	-0.17	0.17
  5534	0.0705847	-0.17	0.17
  5535	0.0488563	-0.17	0.17
  5536	0.0564981	-0.17	0.17
  5537	0.0773507	-0.17	0.17
  5538	0.0462902	-0.17	0.17
  5539	0.0806334	-0.17	0.17
  5540	0.0247197	-0.17	0.17
  5541	0.0520694	-0.17	0.17
  5542	0.0650579	-0.17	0.17
  5543	0.0327833	-0.17	0.17
  5544	0.0333764	-0.17	0.17
  5545	0.0715183	-0.17	0.17
  5546	0.0301217	-0.17	0.17
  5547	0.0755394	-0.17	0.17
  5548	0.0480474	-0.17	0.17
  5549	0.0468658	-0.17	0.17
  5550	0.0786635	-0.17	0.17
  5551	0.0135125	-0.17	0.17
  5552	0.0611617	-0.17	0.17
  5553	0.0593524	-0.17	0.17
  5554	0.0762237	-0.17	0.17
  5555	0.0530909	-0.17	0.17
  5556	0.0544038	-0.17	0.17
  5557	0.0641522	-0.17	0.17
  5558	0.0507	-0.17	0.17
  5559	0.0637924	-0.17	0.17
  5560	0.0729302	-0.17	0.17
  5561	0.0270456	-0.17	0.17
  5562	0.0302346	-0.17	0.17
  5563	0.0539343	-0.17	0.17
  5564	0.0801038	-0.17	0.17
  5565	0.0554228	-0.17	0.17
  5566	0.0697188	-0.17	0.17
  5567	0.0598941	-0.17	0.17
  5568	0.0419047	-0.17	0.17
  5569	0.0735503	-0.17	0.17
  5570	0.0766967	-0.17	0.17
  5571	0.0426523	-0.17	0.17
  5572	0.0776125	-0.17	0.17
  5573	0.0719076	-0.17	0.17
  5574	0.0471382	-0.17	0.17
  5575	0.0540717	-0.17	0.17
  5576	0.0349095	-0.17	0.17
  5577	0.0670636	-0.17	0.17
  5578	0.0507624	-0.17	0.17
  5579	0.067074	-0.17	0.17
  5580	0.0806963	-0.17	0.17
  5581	0.0593141	-0.17	0.17
  5582	0.0578086	-0.17	0.17
  5583	0.0791171	-0.17	0.17
  5584	0.0483169	-0.17	0.17
  5585	0.0702062	-0.17	0.17
  5586	0.068408	-0.17	0.17
  5587	0.0797939	-0.17	0.17
  5588	0.0603967	-0.17	0.17
  5589	0.0806259	-0.17	0.17
  5590	0.0662052	-0.17	0.17
  5591	0.045384	-0.17	0.17
  5592	0.0544581	-0.17	0.17
  5593	0.0596834	-0.17	0.17
  5594	0.0790702	-0.17	0.17
  5595	0.0753199	-0.17	0.17
  5596	0.0534512	-0.17	0.17
  5597	0.0408246	-0.17	0.17
  5598	0.0607882	-0.17	0.17
  5599	0.0364031	-0.17	0.17
  5600	0.0779049	-0.17	0.17
  5601	0.073831	-0.17	0.17
  5602	0.0731765	-0.17	0.17
  5603	0.0595253	-0.17	0.17
  5604	0.0484552	-0.17	0.17
  5605	0.0539667	-0.17	0.17
  5606	0.0718785	-0.17	0.17
  5607	0.0801294	-0.17	0.17
  5608	0.0722026	-0.17	0.17
  5609	0.0530711	-0.17	0.17
  5610	0.0763971	-0.17	0.17
  5611	0.074296	-0.17	0.17
  5612	0.0282745	-0.17	0.17
  5613	0.042618	-0.17	0.17
  5614	0.0727809	-0.17	0.17
  5615	0.0171047	-0.17	0.17
  5616	0.0586816	-0.17	0.17
  5617	0.0562332	-0.17	0.17
  5618	0.0750437	-0.17	0.17
  5619	0.0202414	-0.17	0.17
  5620	0.0587079	-0.17	0.17
  5621	0.0704057	-0.17	0.17
  5622	0.0422113	-0.17	0.17
  5623	0.0187477	-0.17	0.17
  5624	0.0448386	-0.17	0.17
  5625	0.0163229	-0.17	0.17
  5626	0.0533147	-0.17	0.17
  5627	0.0799703	-0.17	0.17
  5628	0.07913	-0.17	0.17
  5629	0.0568584	-0.17	0.17
  5630	0.0677784	-0.17	0.17
  5631	0.0448812	-0.17	0.17
  5632	0.0207268	-0.17	0.17
  5633	0.0777749	-0.17	0.17
  5634	0.0633469	-0.17	0.17
  5635	0.0748427	-0.17	0.17
  5636	0.0545492	-0.17	0.17
  5637	0.0466321	-0.17	0.17
  5638	0.0633036	-0.17	0.17
  5639	0.0773752	-0.17	0.17
  5640	0.0735064	-0.17	0.17
  5641	0.0422873	-0.17	0.17
  5642	0.0639874	-0.17	0.17
  5643	0.0667802	-0.17	0.17
  5644	0.0741413	-0.17	0.17
  5645	0.0518158	-0.17	0.17
  5646	0.0704939	-0.17	0.17
  5647	0.075781	-0.17	0.17
  5648	0.0697484	-0.17	0.17
  5649	0.0642037	-0.17	0.17
  5650	0.0625322	-0.17	0.17
  5651	0.0795819	-0.17	0.17
  5652	0.070807	-0.17	0.17
  5653	0.0637631	-0.17	0.17
  5654	0.0664184	-0.17	0.17
  5655	0.0679348	-0.17	0.17
  5656	0.0356603	-0.17	0.17
  5657	0.075076	-0.17	0.17
  5658	0.0167123	-0.17	0.17
  5659	0.0539811	-0.17	0.17
  5660	0.0326994	-0.17	0.17
  5661	0.0660816	-0.17	0.17
  5662	0.0491661	-0.17	0.17
  5663	0.0652558	-0.17	0.17
  5664	0.0593837	-0.17	0.17
  5665	0.0311699	-0.17	0.17
  5666	0.0406049	-0.17	0.17
  5667	0.0236421	-0.17	0.17
  5668	0.0395848	-0.17	0.17
  5669	0.0254398	-0.17	0.17
  5670	0.0770545	-0.17	0.17
  5671	0.0541471	-0.17	0.17
  5672	0.0653228	-0.17	0.17
  5673	0.0182915	-0.17	0.17
  5674	0.0768371	-0.17	0.17
  5675	0.0800609	-0.17	0.17
  5676	0.0257946	-0.17	0.17
  5677	0.051512	-0.17	0.17
  5678	0.0609217	-0.17	0.17
  5679	0.0668946	-0.17	0.17
  5680	0.0808422	-0.17	0.17
  5681	0.0652195	-0.17	0.17
  5682	0.0612975	-0.17	0.17
  5683	0.0473612	-0.17	0.17
  5684	0.0804226	-0.17	0.17
  5685	0.0539673	-0.17	0.17
  5686	0.0520815	-0.17	0.17
  5687	0.0460496	-0.17	0.17
  5688	0.0279593	-0.17	0.17
  5689	0.0371755	-0.17	0.17
  5690	0.0725236	-0.17	0.17
  5691	0.038768	-0.17	0.17
  5692	0.0596386	-0.17	0.17
  5693	0.0244882	-0.17	0.17
  5694	0.0764941	-0.17	0.17
  5695	0.0803408	-0.17	0.17
  5696	0.0775687	-0.17	0.17
  5697	0.0794943	-0.17	0.17
  5698	0.0691007	-0.17	0.17
  5699	0.053448	-0.17	0.17
  5700	0.0719959	-0.17	0.17
  5701	0.0671585	-0.17	0.17
  5702	0.0445534	-0.17	0.17
  5703	0.0130547	-0.17	0.17
  5704	0.0797277	-0.17	0.17
  5705	0.0648036	-0.17	0.17
  5706	0.0201329	-0.17	0.17
  5707	0.0718889	-0.17	0.17
  5708	0.0330916	-0.17	0.17
  5709	0.0782411	-0.17	0.17
  5710	0.0706756	-0.17	0.17
  5711	0.0798997	-0.17	0.17
  5712	0.0264444	-0.17	0.17
  5713	0.0603306	-0.17	0.17
  5714	0.0486895	-0.17	0.17
  5715	0.0768399	-0.17	0.17
  5716	0.0744588	-0.17	0.17
  5717	0.0381678	-0.17	0.17
  5718	0.0595746	-0.17	0.17
  5719	0.0739914	-0.17	0.17
  5720	0.0340429	-0.17	0.17
  5721	0.0229816	-0.17	0.17
  5722	0.0789664	-0.17	0.17
  5723	0.0744203	-0.17	0.17
  5724	0.0785314	-0.17	0.17
  5725	0.0457945	-0.17	0.17
  5726	0.0733969	-0.17	0.17
  5727	0.0564871	-0.17	0.17
  5728	0.0688566	-0.17	0.17
  5729	0.0357808	-0.17	0.17
  5730	0.0572089	-0.17	0.17
  5731	0.0499266	-0.17	0.17
  5732	0.0143271	-0.17	0.17
  5733	0.0289208	-0.17	0.17
  5734	0.0749227	-0.17	0.17
  5735	0.0618281	-0.17	0.17
  5736	0.0753198	-0.17	0.17
  5737	0.0593482	-0.17	0.17
  5738	0.0720356	-0.17	0.17
  5739	0.0604456	-0.17	0.17
  5740	0.077338	-0.17	0.17
  5741	0.0735468	-0.17	0.17
  5742	0.0603448	-0.17	0.17
  5743	0.0496537	-0.17	0.17
  5744	0.0555678	-0.17	0.17
  5745	0.0490105	-0.17	0.17
  5746	0.076098	-0.17	0.17
  5747	0.0529998	-0.17	0.17
  5748	0.0522077	-0.17	0.17
  5749	0.0393218	-0.17	0.17
  5750	0.0753633	-0.17	0.17
  5751	0.0256656	-0.17	0.17
  5752	0.024117	-0.17	0.17
  5753	0.0526461	-0.17	0.17
  5754	0.0438729	-0.17	0.17
  5755	0.0771368	-0.17	0.17
  5756	0.0776634	-0.17	0.17
  5757	0.0664999	-0.17	0.17
  5758	0.0721186	-0.17	0.17
  5759	0.0720814	-0.17	0.17
  5760	0.0504423	-0.17	0.17
  5761	0.0359837	-0.17	0.17
  5762	0.0354409	-0.17	0.17
  5763	0.054841	-0.17	0.17
  5764	0.0689139	-0.17	0.17
  5765	0.0200623	-0.17	0.17
  5766	0.0317828	-0.17	0.17
  5767	0.079007	-0.17	0.17
  5768	0.0504974	-0.17	0.17
  5769	0.0695354	-0.17	0.17
  5770	0.0333499	-0.17	0.17
  5771	0.0742392	-0.17	0.17
  5772	0.0672528	-0.17	0.17
  5773	0.072012	-0.17	0.17
  5774	0.0555019	-0.17	0.17
  5775	0.0786198	-0.17	0.17
  5776	0.0493689	-0.17	0.17
  5777	0.0399774	-0.17	0.17
  5778	0.0651793	-0.17	0.17
  5779	0.0806432	-0.17	0.17
  5780	0.0303691	-0.17	0.17
  5781	0.0570628	-0.17	0.17
  5782	0.0364441	-0.17	0.17
  5783	0.0585735	-0.17	0.17
  5784	0.0299819	-0.17	0.17
  5785	0.041481	-0.17	0.17
  5786	0.0648193	-0.17	0.17
  5787	0.049843	-0.17	0.17
  5788	0.0319408	-0.17	0.17
  5789	0.0764008	-0.17	0.17
  5790	0.0166855	-0.17	0.17
  5791	0.0701969	-0.17	0.17
  5792	0.0444599	-0.17	0.17
  5793	0.0741712	-0.17	0.17
  5794	0.0692338	-0.17	0.17
  5795	0.0541549	-0.17	0.17
  5796	0.0662091	-0.17	0.17
  5797	0.047881	-0.17	0.17
  5798	0.0660864	-0.17	0.17
  5799	0.055615	-0.17	0.17
  5800	0.0542249	-0.17	0.17
  5801	0.0530999	-0.17	0.17
  5802	0.079142	-0.17	0.17
  5803	0.0624573	-0.17	0.17
  5804	0.0696097	-0.17	0.17
  5805	0.0697428	-0.17	0.17
  5806	0.0505211	-0.17	0.17
  5807	0.0713893	-0.17	0.17
  5808	0.0712252	-0.17	0.17
  5809	0.0238887	-0.17	0.17
  5810	0.0471154	-0.17	0.17
  5811	0.0304749	-0.17	0.17
  5812	0.0542034	-0.17	0.17
  5813	0.0760474	-0.17	0.17
  5814	0.0805302	-0.17	0.17
  5815	0.0530223	-0.17	0.17
  5816	0.0678398	-0.17	0.17
  5817	0.0560771	-0.17	0.17
  5818	0.0154253	-0.17	0.17
  5819	0.0344957	-0.17	0.17
  5820	0.0468851	-0.17	0.17
  5821	0.0768716	-0.17	0.17
  5822	0.0787848	-0.17	0.17
  5823	0.024843	-0.17	0.17
  5824	0.0801765	-0.17	0.17
  5825	0.0605716	-0.17	0.17
  5826	0.0625242	-0.17	0.17
  5827	0.0539879	-0.17	0.17
  5828	0.0674957	-0.17	0.17
  5829	0.0174829	-0.17	0.17
  5830	0.0767902	-0.17	0.17
  5831	0.0738284	-0.17	0.17
  5832	0.0750903	-0.17	0.17
  5833	0.0612801	-0.17	0.17
  5834	0.0763392	-0.17	0.17
  5835	0.0235396	-0.17	0.17
  5836	0.05596	-0.17	0.17
  5837	0.0412516	-0.17	0.17
  5838	0.0728386	-0.17	0.17
  5839	0.0669614	-0.17	0.17
  5840	0.0250462	-0.17	0.17
  5841	0.0167009	-0.17	0.17
  5842	0.0769195	-0.17	0.17
  5843	0.0652921	-0.17	0.17
  5844	0.0638055	-0.17	0.17
  5845	0.0632052	-0.17	0.17
  5846	0.0801636	-0.17	0.17
  5847	0.0385635	-0.17	0.17
  5848	0.0372504	-0.17	0.17
  5849	0.0659839	-0.17	0.17
  5850	0.0580394	-0.17	0.17
  5851	0.05463	-0.17	0.17
  5852	0.0713793	-0.17	0.17
  5853	0.0628634	-0.17	0.17
  5854	0.0794211	-0.17	0.17
  5855	0.0480782	-0.17	0.17
  5856	0.0426016	-0.17	0.17
  5857	0.05653	-0.17	0.17
  5858	0.0534028	-0.17	0.17
  5859	0.0787646	-0.17	0.17
  5860	0.0734713	-0.17	0.17
  5861	0.0390519	-0.17	0.17
  5862	0.0747439	-0.17	0.17
  5863	0.0717279	-0.17	0.17
  5864	0.0617286	-0.17	0.17
  5865	0.0504099	-0.17	0.17
  5866	0.0199379	-0.17	0.17
  5867	0.0615874	-0.17	0.17
  5868	0.0741204	-0.17	0.17
  5869	0.0420564	-0.17	0.17
  5870	0.0751638	-0.17	0.17
  5871	0.0307347	-0.17	0.17
  5872	0.0616589	-0.17	0.17
  5873	0.0584286	-0.17	0.17
  5874	0.0598401	-0.17	0.17
  5875	0.0712887	-0.17	0.17
  5876	0.0755924	-0.17	0.17
  5877	0.0714989	-0.17	0.17
  5878	0.0663709	-0.17	0.17
  5879	0.0693447	-0.17	0.17
  5880	0.0770481	-0.17	0.17
  5881	0.0181807	-0.17	0.17
  5882	0.0698298	-0.17	0.17
  5883	0.0721988	-0.17	0.17
  5884	0.0735428	-0.17	0.17
  5885	0.0779155	-0.17	0.17
  5886	0.0520223	-0.17	0.17
  5887	0.0724354	-0.17	0.17
  5888	0.0667477	-0.17	0.17
  5889	0.0659443	-0.17	0.17
  5890	0.0661318	-0.17	0.17
  5891	0.0219655	-0.17	0.17
  5892	0.0525123	-0.17	0.17
  5893	0.0776062	-0.17	0.17
  5894	0.0671436	-0.17	0.17
  5895	0.0636692	-0.17	0.17
  5896	0.0600691	-0.17	0.17
  5897	0.0808201	-0.17	0.17
  5898	0.0786647	-0.17	0.17
  5899	0.0430568	-0.17	0.17
  5900	0.058729	-0.17	0.17
  5901	0.0806351	-0.17	0.17
  5902	0.0531296	-0.17	0.17
  5903	0.0785831	-0.17	0.17
  5904	0.0784477	-0.17	0.17
  5905	0.0413401	-0.17	0.17
  5906	0.0780143	-0.17	0.17
  5907	0.064052	-0.17	0.17
  5908	0.0145408	-0.17	0.17
  5909	0.0544618	-0.17	0.17
  5910	0.0606233	-0.17	0.17
  5911	0.0536999	-0.17	0.17
  5912	0.0530902	-0.17	0.17
  5913	0.0793424	-0.17	0.17
  5914	0.0182572	-0.17	0.17
  5915	0.0759067	-0.17	0.17
  5916	0.0630455	-0.17	0.17
  5917	0.0563853	-0.17	0.17
  5918	0.0502507	-0.17	0.17
  5919	0.0579154	-0.17	0.17
  5920	0.0250116	-0.17	0.17
  5921	0.0687648	-0.17	0.17
  5922	0.0196912	-0.17	0.17
  5923	0.0373928	-0.17	0.17
  5924	0.044548	-0.17	0.17
  5925	0.0741092	-0.17	0.17
  5926	0.0764656	-0.17	0.17
  5927	0.0367198	-0.17	0.17
  5928	0.0296761	-0.17	0.17
  5929	0.0559261	-0.17	0.17
  5930	0.0414239	-0.17	0.17
  5931	0.0788518	-0.17	0.17
  5932	0.069626	-0.17	0.17
  5933	0.0660587	-0.17	0.17
  5934	0.0493108	-0.17	0.17
  5935	0.0578829	-0.17	0.17
  5936	0.0587103	-0.17	0.17
  5937	0.0616725	-0.17	0.17
  5938	0.044636	-0.17	0.17
  5939	0.0806248	-0.17	0.17
  5940	0.0318548	-0.17	0.17
  5941	0.0566422	-0.17	0.17
  5942	0.0762279	-0.17	0.17
  5943	0.0255549	-0.17	0.17
  5944	0.0600393	-0.17	0.17
  5945	0.079684	-0.17	0.17
  5946	0.0654279	-0.17	0.17
  5947	0.0773544	-0.17	0.17
  5948	0.0356942	-0.17	0.17
  5949	0.0737012	-0.17	0.17
  5950	0.0736765	-0.17	0.17
  5951	0.0787803	-0.17	0.17
  5952	0.0607545	-0.17	0.17
  5953	0.0178795	-0.17	0.17
  5954	0.0250769	-0.17	0.17
  5955	0.0804798	-0.17	0.17
  5956	0.0445328	-0.17	0.17
  5957	0.0434683	-0.17	0.17
  5958	0.0775629	-0.17	0.17
  5959	0.0696845	-0.17	0.17
  5960	0.0584506	-0.17	0.17
  5961	0.0610645	-0.17	0.17
  5962	0.0753377	-0.17	0.17
  5963	0.0282181	-0.17	0.17
  5964	0.0147048	-0.17	0.17
  5965	0.0485722	-0.17	0.17
  5966	0.0190795	-0.17	0.17
  5967	0.0681601	-0.17	0.17
  5968	0.0773107	-0.17	0.17
  5969	0.0133527	-0.17	0.17
  5970	0.0353027	-0.17	0.17
  5971	0.0578067	-0.17	0.17
  5972	0.0191178	-0.17	0.17
  5973	0.0791014	-0.17	0.17
  5974	0.0630712	-0.17	0.17
  5975	0.0305092	-0.17	0.17
  5976	0.0561183	-0.17	0.17
  5977	0.0762945	-0.17	0.17
  5978	0.0717431	-0.17	0.17
  5979	0.0581545	-0.17	0.17
  5980	0.0519336	-0.17	0.17
  5981	0.0784244	-0.17	0.17
  5982	0.0288443	-0.17	0.17
  5983	0.0613707	-0.17	0.17
  5984	0.0759799	-0.17	0.17
  5985	0.0628527	-0.17	0.17
  5986	0.0476118	-0.17	0.17
  5987	0.0455658	-0.17	0.17
  5988	0.0174209	-0.17	0.17
  5989	0.0243731	-0.17	0.17
  5990	0.0788334	-0.17	0.17
  5991	0.0465673	-0.17	0.17
  5992	0.031055	-0.17	0.17
  5993	0.0535383	-0.17	0.17
  5994	0.0672339	-0.17	0.17
  5995	0.0729732	-0.17	0.17
  5996	0.067858	-0.17	0.17
  5997	0.0232141	-0.17	0.17
  5998	0.0350138	-0.17	0.17
  5999	0.0527319	-0.17	0.17
  6000	0.0575394	-0.17	0.17
  6001	0.0596257	-0.17	0.17
  6002	0.0281105	-0.17	0.17
  6003	0.0299434	-0.17	0.17
  6004	0.055879	-0.17	0.17
  6005	0.0673463	-0.17	0.17
  6006	0.0660442	-0.17	0.17
  6007	0.0534729	-0.17	0.17
  6008	0.0435701	-0.17	0.17
  6009	0.0249601	-0.17	0.17
  6010	0.0754963	-0.17	0.17
  6011	0.0639398	-0.17	0.17
  6012	0.0642512	-0.17	0.17
  6013	0.0615423	-0.17	0.17
  6014	0.0630834	-0.17	0.17
  6015	0.0780658	-0.17	0.17
  6016	0.0628591	-0.17	0.17
  6017	0.0777986	-0.17	0.17
  6018	0.0630452	-0.17	0.17
  6019	0.0721932	-0.17	0.17
  6020	0.0633137	-0.17	0.17
  6021	0.0549162	-0.17	0.17
  6022	0.0710372	-0.17	0.17
  6023	0.0489932	-0.17	0.17
  6024	0.0589738	-0.17	0.17
  6025	0.0753219	-0.17	0.17
  6026	0.0786391	-0.17	0.17
  6027	0.0779909	-0.17	0.17
  6028	0.0194143	-0.17	0.17
  6029	0.0476194	-0.17	0.17
  6030	0.0782306	-0.17	0.17
  6031	0.041758	-0.17	0.17
  6032	0.0718736	-0.17	0.17
  6033	0.0769269	-0.17	0.17
  6034	0.07932	-0.17	0.17
  6035	0.0749337	-0.17	0.17
  6036	0.0712054	-0.17	0.17
  6037	0.0788795	-0.17	0.17
  6038	0.052731	-0.17	0.17
  6039	0.067177	-0.17	0.17
  6040	0.0526614	-0.17	0.17
  6041	0.0390163	-0.17	0.17
  6042	0.0544395	-0.17	0.17
  6043	0.0735786	-0.17	0.17
  6044	0.0460411	-0.17	0.17
  6045	0.0732026	-0.17	0.17
  6046	0.0212064	-0.17	0.17
  6047	0.0802374	-0.17	0.17
  6048	0.0282832	-0.17	0.17
  6049	0.076917	-0.17	0.17
  6050	0.0286984	-0.17	0.17
  6051	0.0643022	-0.17	0.17
  6052	0.0697841	-0.17	0.17
  6053	0.0587494	-0.17	0.17
  6054	0.068563	-0.17	0.17
  6055	0.0804825	-0.17	0.17
  6056	0.0674021	-0.17	0.17
  6057	0.0514998	-0.17	0.17
  6058	0.0767999	-0.17	0.17
  6059	0.0706658	-0.17	0.17
  6060	0.076144	-0.17	0.17
  6061	0.0335865	-0.17	0.17
  6062	0.05294	-0.17	0.17
  6063	0.0539741	-0.17	0.17
  6064	0.0497729	-0.17	0.17
  6065	0.068238	-0.17	0.17
  6066	0.0726022	-0.17	0.17
  6067	0.060804	-0.17	0.17
  6068	0.049372	-0.17	0.17
  6069	0.0464475	-0.17	0.17
  6070	0.0514935	-0.17	0.17
  6071	0.0667645	-0.17	0.17
  6072	0.0797341	-0.17	0.17
  6073	0.0374468	-0.17	0.17
  6074	0.0779425	-0.17	0.17
  6075	0.0490602	-0.17	0.17
  6076	0.0656798	-0.17	0.17
  6077	0.0610761	-0.17	0.17
  6078	0.0504116	-0.17	0.17
  6079	0.0589678	-0.17	0.17
  6080	0.0670217	-0.17	0.17
  6081	0.0615869	-0.17	0.17
  6082	0.0744021	-0.17	0.17
  6083	0.0612774	-0.17	0.17
  6084	0.0138074	-0.17	0.17
  6085	0.0790292	-0.17	0.17
  6086	0.0461387	-0.17	0.17
  6087	0.0704733	-0.17	0.17
  6088	0.0721517	-0.17	0.17
  6089	0.0585161	-0.17	0.17
  6090	0.0668421	-0.17	0.17
  6091	0.0496652	-0.17	0.17
  6092	0.0776214	-0.17	0.17
  6093	0.0493198	-0.17	0.17
  6094	0.0503744	-0.17	0.17
  6095	0.0550219	-0.17	0.17
  6096	0.0407597	-0.17	0.17
  6097	0.0456751	-0.17	0.17
  6098	0.0779424	-0.17	0.17
  6099	0.0190815	-0.17	0.17
  6100	0.0791523	-0.17	0.17
  6101	0.071906	-0.17	0.17
  6102	0.0675367	-0.17	0.17
  6103	0.0463317	-0.17	0.17
  6104	0.0402392	-0.17	0.17
  6105	0.070175	-0.17	0.17
  6106	0.0505344	-0.17	0.17
  6107	0.0587747	-0.17	0.17
  6108	0.0590581	-0.17	0.17
  6109	0.0552046	-0.17	0.17
  6110	0.047392	-0.17	0.17
  6111	0.0799414	-0.17	0.17
  6112	0.0178207	-0.17	0.17
  6113	0.0682634	-0.17	0.17
  6114	0.0330092	-0.17	0.17
  6115	0.075414	-0.17	0.17
  6116	0.0553003	-0.17	0.17
  6117	0.0365634	-0.17	0.17
  6118	0.0676933	-0.17	0.17
  6119	0.0788709	-0.17	0.17
  6120	0.060084	-0.17	0.17
  6121	0.0226836	-0.17	0.17
  6122	0.0805224	-0.17	0.17
  6123	0.0703228	-0.17	0.17
  6124	0.0489697	-0.17	0.17
  6125	0.0542528	-0.17	0.17
  6126	0.0575411	-0.17	0.17
  6127	0.0586552	-0.17	0.17
  6128	0.0798562	-0.17	0.17
  6129	0.0336943	-0.17	0.17
  6130	0.0284509	-0.17	0.17
  6131	0.0611305	-0.17	0.17
  6132	0.0750476	-0.17	0.17
  6133	0.0253971	-0.17	0.17
  6134	0.061456	-0.17	0.17
  6135	0.0557074	-0.17	0.17
  6136	0.0786036	-0.17	0.17
  6137	0.0721355	-0.17	0.17
  6138	0.02882	-0.17	0.17
  6139	0.0415516	-0.17	0.17
  6140	0.0592423	-0.17	0.17
  6141	0.0761903	-0.17	0.17
  6142	0.0632875	-0.17	0.17
  6143	0.078115	-0.17	0.17
  6144	0.0528518	-0.17	0.17
  6145	0.0791463	-0.17	0.17
  6146	0.0417989	-0.17	0.17
  6147	0.051585	-0.17	0.17
  6148	0.0708507	-0.17	0.17
  6149	0.0677465	-0.17	0.17
  6150	0.0563513	-0.17	0.17
  6151	0.0805872	-0.17	0.17
  6152	0.0607004	-0.17	0.17
  6153	0.0457539	-0.17	0.17
  6154	0.079583	-0.17	0.17
  6155	0.0574371	-0.17	0.17
  6156	0.0592696	-0.17	0.17
  6157	0.0737273	-0.17	0.17
  6158	0.0210258	-0.17	0.17
  6159	0.0181475	-0.17	0.17
  6160	0.0797875	-0.17	0.17
  6161	0.0773494	-0.17	0.17
  6162	0.070819	-0.17	0.17
  6163	0.0578112	-0.17	0.17
  6164	0.0309761	-0.17	0.17
  6165	0.0616553	-0.17	0.17
  6166	0.0355641	-0.17	0.17
  6167	0.0686839	-0.17	0.17
  6168	0.0798211	-0.17	0.17
  6169	0.0462775	-0.17	0.17
  6170	0.0428115	-0.17	0.17
  6171	0.0298423	-0.17	0.17
  6172	0.0551059	-0.17	0.17
  6173	0.0257307	-0.17	0.17
  6174	0.0808676	-0.17	0.17
  6175	0.0389366	-0.17	0.17
  6176	0.0639435	-0.17	0.17
  6177	0.0675965	-0.17	0.17
  6178	0.0794184	-0.17	0.17
  6179	0.0368815	-0.17	0.17
  6180	0.0443373	-0.17	0.17
  6181	0.0775427	-0.17	0.17
  6182	0.0523407	-0.17	0.17
  6183	0.0620764	-0.17	0.17
  6184	0.0700325	-0.17	0.17
  6185	0.0691724	-0.17	0.17
  6186	0.0694819	-0.17	0.17
  6187	0.0572786	-0.17	0.17
  6188	0.053864	-0.17	0.17
  6189	0.0477734	-0.17	0.17
  6190	0.0777501	-0.17	0.17
  6191	0.0312605	-0.17	0.17
  6192	0.0656581	-0.17	0.17
  6193	0.0754324	-0.17	0.17
  6194	0.0404259	-0.17	0.17
  6195	0.0748676	-0.17	0.17
  6196	0.0674195	-0.17	0.17
  6197	0.0509554	-0.17	0.17
  6198	0.0404848	-0.17	0.17
  6199	0.0547004	-0.17	0.17
  6200	0.0785556	-0.17	0.17
  6201	0.0737835	-0.17	0.17
  6202	0.0510901	-0.17	0.17
  6203	0.0713442	-0.17	0.17
  6204	0.0690545	-0.17	0.17
  6205	0.0624045	-0.17	0.17
  6206	0.036616	-0.17	0.17
  6207	0.0396498	-0.17	0.17
  6208	0.0182658	-0.17	0.17
  6209	0.0775433	-0.17	0.17
  6210	0.0787734	-0.17	0.17
  6211	0.071301	-0.17	0.17
  6212	0.0462957	-0.17	0.17
  6213	0.0585388	-0.17	0.17
  6214	0.0771068	-0.17	0.17
  6215	0.0630284	-0.17	0.17
  6216	0.0685642	-0.17	0.17
  6217	0.0602405	-0.17	0.17
  6218	0.0474152	-0.17	0.17
  6219	0.0687371	-0.17	0.17
  6220	0.0664632	-0.17	0.17
  6221	0.0409091	-0.17	0.17
  6222	0.0551589	-0.17	0.17
  6223	0.0542646	-0.17	0.17
  6224	0.0765462	-0.17	0.17
  6225	0.0752869	-0.17	0.17
  6226	0.0707816	-0.17	0.17
  6227	0.0626034	-0.17	0.17
  6228	0.0739379	-0.17	0.17
  6229	0.0420094	-0.17	0.17
  6230	0.0146416	-0.17	0.17
  6231	0.0794363	-0.17	0.17
  6232	0.0693786	-0.17	0.17
  6233	0.01976	-0.17	0.17
  6234	0.0743481	-0.17	0.17
  6235	0.047838	-0.17	0.17
  6236	0.0338686	-0.17	0.17
  6237	0.0675158	-0.17	0.17
  6238	0.0648288	-0.17	0.17
  6239	0.0744273	-0.17	0.17
  6240	0.0496118	-0.17	0.17
  6241	0.0804178	-0.17	0.17
  6242	0.0477688	-0.17	0.17
  6243	0.015837	-0.17	0.17
  6244	0.0282671	-0.17	0.17
  6245	0.0681248	-0.17	0.17
  6246	0.0429435	-0.17	0.17
  6247	0.0384719	-0.17	0.17
  6248	0.0574091	-0.17	0.17
  6249	0.0376326	-0.17	0.17
  6250	0.0150881	-0.17	0.17
  6251	0.0176419	-0.17	0.17
  6252	0.0717332	-0.17	0.17
  6253	0.0213725	-0.17	0.17
  6254	0.0509918	-0.17	0.17
  6255	0.0404616	-0.17	0.17
  6256	0.0764229	-0.17	0.17
  6257	0.0699949	-0.17	0.17
  6258	0.0495922	-0.17	0.17
  6259	0.0585088	-0.17	0.17
  6260	0.0707599	-0.17	0.17
  6261	0.0776931	-0.17	0.17
  6262	0.0561312	-0.17	0.17
  6263	0.0791507	-0.17	0.17
  6264	0.0792417	-0.17	0.17
  6265	0.0537794	-0.17	0.17
  6266	0.0701235	-0.17	0.17
  6267	0.0529379	-0.17	0.17
  6268	0.048944	-0.17	0.17
  6269	0.060175	-0.17	0.17
  6270	0.0671163	-0.17	0.17
  6271	0.0321287	-0.17	0.17
  6272	0.0797648	-0.17	0.17
  6273	0.0638172	-0.17	0.17
  6274	0.0800303	-0.17	0.17
  6275	0.0732302	-0.17	0.17
  6276	0.0417342	-0.17	0.17
  6277	0.0804328	-0.17	0.17
  6278	0.0801042	-0.17	0.17
  6279	0.0701627	-0.17	0.17
  6280	0.0566395	-0.17	0.17
  6281	0.0496121	-0.17	0.17
  6282	0.0571543	-0.17	0.17
  6283	0.0664069	-0.17	0.17
  6284	0.0435869	-0.17	0.17
  6285	0.0568823	-0.17	0.17
  6286	0.035141	-0.17	0.17
  6287	0.0719358	-0.17	0.17
  6288	0.0770706	-0.17	0.17
  6289	0.0725527	-0.17	0.17
  6290	0.0495988	-0.17	0.17
  6291	0.0525804	-0.17	0.17
  6292	0.0764697	-0.17	0.17
  6293	0.074157	-0.17	0.17
  6294	0.0435889	-0.17	0.17
  6295	0.0420998	-0.17	0.17
  6296	0.0723462	-0.17	0.17
  6297	0.0752755	-0.17	0.17
  6298	0.048409	-0.17	0.17
  6299	0.0640203	-0.17	0.17
  6300	0.078445	-0.17	0.17
  6301	0.0517285	-0.17	0.17
  6302	0.0532946	-0.17	0.17
  6303	0.0410243	-0.17	0.17
  6304	0.0210602	-0.17	0.17
  6305	0.0491696	-0.17	0.17
  6306	0.0732868	-0.17	0.17
  6307	0.059412	-0.17	0.17
  6308	0.035936	-0.17	0.17
  6309	0.0648517	-0.17	0.17
  6310	0.0733197	-0.17	0.17
  6311	0.0721859	-0.17	0.17
  6312	0.0598756	-0.17	0.17
  6313	0.0787952	-0.17	0.17
  6314	0.0774921	-0.17	0.17
  6315	0.0496925	-0.17	0.17
  6316	0.0642135	-0.17	0.17
  6317	0.0607356	-0.17	0.17
  6318	0.0543922	-0.17	0.17
  6319	0.0712051	-0.17	0.17
  6320	0.0759199	-0.17	0.17
  6321	0.0346854	-0.17	0.17
  6322	0.0753323	-0.17	0.17
  6323	0.0323238	-0.17	0.17
  6324	0.0675148	-0.17	0.17
  6325	0.0781371	-0.17	0.17
  6326	0.0502534	-0.17	0.17
  6327	0.0559802	-0.17	0.17
  6328	0.0493363	-0.17	0.17
  6329	0.0406378	-0.17	0.17
  6330	0.049483	-0.17	0.17
  6331	0.0776551	-0.17	0.17
  6332	0.034679	-0.17	0.17
  6333	0.0446278	-0.17	0.17
  6334	0.0741182	-0.17	0.17
  6335	0.0688791	-0.17	0.17
  6336	0.0612666	-0.17	0.17
  6337	0.0608153	-0.17	0.17
  6338	0.0550688	-0.17	0.17
  6339	0.043197	-0.17	0.17
  6340	0.076779	-0.17	0.17
  6341	0.016612	-0.17	0.17
  6342	0.0474504	-0.17	0.17
  6343	0.0519951	-0.17	0.17
  6344	0.0493136	-0.17	0.17
  6345	0.0495921	-0.17	0.17
  6346	0.0603048	-0.17	0.17
  6347	0.0221963	-0.17	0.17
  6348	0.0656119	-0.17	0.17
  6349	0.0132126	-0.17	0.17
  6350	0.0283991	-0.17	0.17
  6351	0.0509633	-0.17	0.17
  6352	0.0129951	-0.17	0.17
  6353	0.0635083	-0.17	0.17
  6354	0.0595864	-0.17	0.17
  6355	0.0790753	-0.17	0.17
  6356	0.0565068	-0.17	0.17
  6357	0.0548912	-0.17	0.17
  6358	0.0368476	-0.17	0.17
  6359	0.0643462	-0.17	0.17
  6360	0.0525186	-0.17	0.17
  6361	0.0763475	-0.17	0.17
  6362	0.0495871	-0.17	0.17
  6363	0.0242151	-0.17	0.17
  6364	0.0542467	-0.17	0.17
  6365	0.0305797	-0.17	0.17
  6366	0.0645308	-0.17	0.17
  6367	0.0787843	-0.17	0.17
  6368	0.0461487	-0.17	0.17
  6369	0.073771	-0.17	0.17
  6370	0.0687777	-0.17	0.17
  6371	0.0669617	-0.17	0.17
  6372	0.076298	-0.17	0.17
  6373	0.0354531	-0.17	0.17
  6374	0.0660345	-0.17	0.17
  6375	0.0454307	-0.17	0.17
  6376	0.0476527	-0.17	0.17
  6377	0.0802673	-0.17	0.17
  6378	0.0666566	-0.17	0.17
  6379	0.0736972	-0.17	0.17
  6380	0.0255815	-0.17	0.17
  6381	0.0759754	-0.17	0.17
  6382	0.0128352	-0.17	0.17
  6383	0.0791751	-0.17	0.17
  6384	0.0734965	-0.17	0.17
  6385	0.0526888	-0.17	0.17
  6386	0.0654956	-0.17	0.17
  6387	0.0686736	-0.17	0.17
  6388	0.0692596	-0.17	0.17
  6389	0.0751518	-0.17	0.17
  6390	0.0796674	-0.17	0.17
  6391	0.0614119	-0.17	0.17
  6392	0.0416473	-0.17	0.17
  6393	0.0224366	-0.17	0.17
  6394	0.0744128	-0.17	0.17
  6395	0.0190508	-0.17	0.17
  6396	0.0365019	-0.17	0.17
  6397	0.0792197	-0.17	0.17
  6398	0.0535738	-0.17	0.17
  6399	0.0246176	-0.17	0.17
  6400	0.0518219	-0.17	0.17
  6401	0.0439269	-0.17	0.17
  6402	0.060832	-0.17	0.17
  6403	0.0783304	-0.17	0.17
  6404	0.0675647	-0.17	0.17
  6405	0.0557769	-0.17	0.17
  6406	0.0746716	-0.17	0.17
  6407	0.0770473	-0.17	0.17
  6408	0.061873	-0.17	0.17
  6409	0.0467254	-0.17	0.17
  6410	0.0616926	-0.17	0.17
  6411	0.0519878	-0.17	0.17
  6412	0.0740478	-0.17	0.17
  6413	0.0487482	-0.17	0.17
  6414	0.0547303	-0.17	0.17
  6415	0.0686059	-0.17	0.17
  6416	0.0487867	-0.17	0.17
  6417	0.0701517	-0.17	0.17
  6418	0.0407039	-0.17	0.17
  6419	0.0718449	-0.17	0.17
  6420	0.0614081	-0.17	0.17
  6421	0.0622179	-0.17	0.17
  6422	0.0793245	-0.17	0.17
  6423	0.0794389	-0.17	0.17
  6424	0.0676483	-0.17	0.17
  6425	0.0699391	-0.17	0.17
  6426	0.0306255	-0.17	0.17
  6427	0.0559886	-0.17	0.17
  6428	0.0711383	-0.17	0.17
  6429	0.0247385	-0.17	0.17
  6430	0.0157851	-0.17	0.17
  6431	0.073014	-0.17	0.17
  6432	0.0678038	-0.17	0.17
  6433	0.0635546	-0.17	0.17
  6434	0.0540306	-0.17	0.17
  6435	0.0381447	-0.17	0.17
  6436	0.0703112	-0.17	0.17
  6437	0.0410778	-0.17	0.17
  6438	0.0289019	-0.17	0.17
  6439	0.0804763	-0.17	0.17
  6440	0.0362278	-0.17	0.17
  6441	0.071268	-0.17	0.17
  6442	0.080909	-0.17	0.17
  6443	0.0745874	-0.17	0.17
  6444	0.0371716	-0.17	0.17
  6445	0.0566543	-0.17	0.17
  6446	0.0140906	-0.17	0.17
  6447	0.0585612	-0.17	0.17
  6448	0.080077	-0.17	0.17
  6449	0.0546991	-0.17	0.17
  6450	0.054874	-0.17	0.17
  6451	0.0797643	-0.17	0.17
  6452	0.0443848	-0.17	0.17
  6453	0.066864	-0.17	0.17
  6454	0.070194	-0.17	0.17
  6455	0.02796	-0.17	0.17
  6456	0.024625	-0.17	0.17
  6457	0.0558058	-0.17	0.17
  6458	0.0798374	-0.17	0.17
  6459	0.0417372	-0.17	0.17
  6460	0.0132511	-0.17	0.17
  6461	0.0443263	-0.17	0.17
  6462	0.0797	-0.17	0.17
  6463	0.02341	-0.17	0.17
  6464	0.0781002	-0.17	0.17
  6465	0.0398367	-0.17	0.17
  6466	0.0568382	-0.17	0.17
  6467	0.052932	-0.17	0.17
  6468	0.0719268	-0.17	0.17
  6469	0.0259542	-0.17	0.17
  6470	0.0526439	-0.17	0.17
  6471	0.0546588	-0.17	0.17
  6472	0.017251	-0.17	0.17
  6473	0.0606451	-0.17	0.17
  6474	0.0640778	-0.17	0.17
  6475	0.057253	-0.17	0.17
  6476	0.0782729	-0.17	0.17
  6477	0.0719854	-0.17	0.17
  6478	0.0253886	-0.17	0.17
  6479	0.0506129	-0.17	0.17
  6480	0.0364452	-0.17	0.17
  6481	0.05167	-0.17	0.17
  6482	0.0345237	-0.17	0.17
  6483	0.0277278	-0.17	0.17
  6484	0.0461813	-0.17	0.17
  6485	0.0718818	-0.17	0.17
  6486	0.049827	-0.17	0.17
  6487	0.0651994	-0.17	0.17
  6488	0.0790345	-0.17	0.17
  6489	0.0170527	-0.17	0.17
  6490	0.0723915	-0.17	0.17
  6491	0.0750426	-0.17	0.17
  6492	0.0804748	-0.17	0.17
  6493	0.0777027	-0.17	0.17
  6494	0.0602095	-0.17	0.17
  6495	0.0772193	-0.17	0.17
  6496	0.0794682	-0.17	0.17
  6497	0.0281277	-0.17	0.17
  6498	0.0668412	-0.17	0.17
  6499	0.0444379	-0.17	0.17
  6500	0.0451843	-0.17	0.17
  6501	0.0519202	-0.17	0.17
  6502	0.0310088	-0.17	0.17
  6503	0.0721225	-0.17	0.17
  6504	0.0770185	-0.17	0.17
  6505	0.0806724	-0.17	0.17
  6506	0.0538476	-0.17	0.17
  6507	0.0412278	-0.17	0.17
  6508	0.0803625	-0.17	0.17
  6509	0.0169379	-0.17	0.17
  6510	0.0801182	-0.17	0.17
  6511	0.0729556	-0.17	0.17
  6512	0.0619109	-0.17	0.17
  6513	0.0450284	-0.17	0.17
  6514	0.0784658	-0.17	0.17
  6515	0.0444992	-0.17	0.17
  6516	0.067033	-0.17	0.17
  6517	0.0641897	-0.17	0.17
  6518	0.0509074	-0.17	0.17
  6519	0.0738032	-0.17	0.17
  6520	0.0770606	-0.17	0.17
  6521	0.0528408	-0.17	0.17
  6522	0.0799778	-0.17	0.17
  6523	0.0678346	-0.17	0.17
  6524	0.0550337	-0.17	0.17
  6525	0.0731264	-0.17	0.17
  6526	0.0729952	-0.17	0.17
  6527	0.0497473	-0.17	0.17
  6528	0.0407842	-0.17	0.17
  6529	0.0141537	-0.17	0.17
  6530	0.0665197	-0.17	0.17
  6531	0.0558871	-0.17	0.17
  6532	0.04249	-0.17	0.17
  6533	0.0660796	-0.17	0.17
  6534	0.0744626	-0.17	0.17
  6535	0.0522043	-0.17	0.17
  6536	0.0723598	-0.17	0.17
  6537	0.0534345	-0.17	0.17
  6538	0.0489106	-0.17	0.17
  6539	0.0784817	-0.17	0.17
  6540	0.0783539	-0.17	0.17
  6541	0.0664585	-0.17	0.17
  6542	0.0456149	-0.17	0.17
  6543	0.0712411	-0.17	0.17
  6544	0.0805989	-0.17	0.17
  6545	0.0566177	-0.17	0.17
  6546	0.0512271	-0.17	0.17
  6547	0.0809068	-0.17	0.17
  6548	0.0746562	-0.17	0.17
  6549	0.0785389	-0.17	0.17
  6550	0.0683585	-0.17	0.17
  6551	0.0590956	-0.17	0.17
  6552	0.0129243	-0.17	0.17
  6553	0.0770653	-0.17	0.17
  6554	0.0468518	-0.17	0.17
  6555	0.0175637	-0.17	0.17
  6556	0.0440269	-0.17	0.17
  6557	0.0741374	-0.17	0.17
  6558	0.0614401	-0.17	0.17
  6559	0.0381567	-0.17	0.17
  6560	0.0794315	-0.17	0.17
  6561	0.0301466	-0.17	0.17
  6562	0.0552604	-0.17	0.17
  6563	0.0763462	-0.17	0.17
  6564	0.0795864	-0.17	0.17
  6565	0.0748954	-0.17	0.17
  6566	0.0622547	-0.17	0.17
  6567	0.074621	-0.17	0.17
  6568	0.0708629	-0.17	0.17
  6569	0.0621771	-0.17	0.17
  6570	0.0799546	-0.17	0.17
  6571	0.0630911	-0.17	0.17
  6572	0.0604082	-0.17	0.17
  6573	0.078861	-0.17	0.17
  6574	0.0635207	-0.17	0.17
  6575	0.06086	-0.17	0.17
  6576	0.0699574	-0.17	0.17
  6577	0.0784823	-0.17	0.17
  6578	0.035087	-0.17	0.17
  6579	0.0261287	-0.17	0.17
  6580	0.0782107	-0.17	0.17
  6581	0.0770951	-0.17	0.17
  6582	0.0750638	-0.17	0.17
  6583	0.0743203	-0.17	0.17
  6584	0.079085	-0.17	0.17
  6585	0.0698223	-0.17	0.17
  6586	0.0577905	-0.17	0.17
  6587	0.0718237	-0.17	0.17
  6588	0.0733414	-0.17	0.17
  6589	0.0336806	-0.17	0.17
  6590	0.0797223	-0.17	0.17
  6591	0.0785561	-0.17	0.17
  6592	0.0536399	-0.17	0.17
  6593	0.0495619	-0.17	0.17
  6594	0.0748511	-0.17	0.17
  6595	0.0600345	-0.17	0.17
  6596	0.0552395	-0.17	0.17
  6597	0.0779845	-0.17	0.17
  6598	0.0584688	-0.17	0.17
  6599	0.050386	-0.17	0.17
  6600	0.0574455	-0.17	0.17
  6601	0.0680271	-0.17	0.17
  6602	0.0653188	-0.17	0.17
  6603	0.0584925	-0.17	0.17
  6604	0.0190139	-0.17	0.17
  6605	0.0239243	-0.17	0.17
  6606	0.0770935	-0.17	0.17
  6607	0.0588378	-0.17	0.17
  6608	0.079344	-0.17	0.17
  6609	0.0775009	-0.17	0.17
  6610	0.0612328	-0.17	0.17
  6611	0.0491818	-0.17	0.17
  6612	0.0371458	-0.17	0.17
  6613	0.0758655	-0.17	0.17
  6614	0.0624223	-0.17	0.17
  6615	0.0774699	-0.17	0.17
  6616	0.0169801	-0.17	0.17
  6617	0.0642776	-0.17	0.17
  6618	0.0766248	-0.17	0.17
  6619	0.0792417	-0.17	0.17
  6620	0.0553483	-0.17	0.17
  6621	0.0438269	-0.17	0.17
  6622	0.04959	-0.17	0.17
  6623	0.066047	-0.17	0.17
  6624	0.0480223	-0.17	0.17
  6625	0.019566	-0.17	0.17
  6626	0.0743185	-0.17	0.17
  6627	0.0779377	-0.17	0.17
  6628	0.0367219	-0.17	0.17
  6629	0.0266666	-0.17	0.17
  6630	0.0736551	-0.17	0.17
  6631	0.0694681	-0.17	0.17
  6632	0.0767522	-0.17	0.17
  6633	0.0365928	-0.17	0.17
  6634	0.0785161	-0.17	0.17
  6635	0.0733795	-0.17	0.17
  6636	0.0770855	-0.17	0.17
  6637	0.027554	-0.17	0.17
  6638	0.0712425	-0.17	0.17
  6639	0.0736832	-0.17	0.17
  6640	0.0559871	-0.17	0.17
  6641	0.0793309	-0.17	0.17
  6642	0.0768581	-0.17	0.17
  6643	0.0765566	-0.17	0.17
  6644	0.0692438	-0.17	0.17
  6645	0.0666464	-0.17	0.17
  6646	0.0687003	-0.17	0.17
  6647	0.0738211	-0.17	0.17
  6648	0.0754162	-0.17	0.17
  6649	0.0467999	-0.17	0.17
  6650	0.077594	-0.17	0.17
  6651	0.0287609	-0.17	0.17
  6652	0.0358201	-0.17	0.17
  6653	0.0422999	-0.17	0.17
  6654	0.0617366	-0.17	0.17
  6655	0.0667977	-0.17	0.17
  6656	0.0806485	-0.17	0.17
  6657	0.0531752	-0.17	0.17
  6658	0.0709182	-0.17	0.17
  6659	0.0667673	-0.17	0.17
  6660	0.0662696	-0.17	0.17
  6661	0.0687892	-0.17	0.17
  6662	0.0523369	-0.17	0.17
  6663	0.076906	-0.17	0.17
  6664	0.0616431	-0.17	0.17
  6665	0.0764108	-0.17	0.17
  6666	0.076394	-0.17	0.17
  6667	0.0445061	-0.17	0.17
  6668	0.0690805	-0.17	0.17
  6669	0.0557463	-0.17	0.17
  6670	0.0707587	-0.17	0.17
  6671	0.0362968	-0.17	0.17
  6672	0.0622934	-0.17	0.17
  6673	0.0407869	-0.17	0.17
  6674	0.057614	-0.17	0.17
  6675	0.0655344	-0.17	0.17
  6676	0.0259182	-0.17	0.17
  6677	0.0673484	-0.17	0.17
  6678	0.0800657	-0.17	0.17
  6679	0.0471323	-0.17	0.17
  6680	0.049989	-0.17	0.17
  6681	0.0644624	-0.17	0.17
  6682	0.0197462	-0.17	0.17
  6683	0.0460159	-0.17	0.17
  6684	0.0722564	-0.17	0.17
  6685	0.0390117	-0.17	0.17
  6686	0.0712796	-0.17	0.17
  6687	0.071653	-0.17	0.17
  6688	0.0783131	-0.17	0.17
  6689	0.0556673	-0.17	0.17
  6690	0.0612715	-0.17	0.17
  6691	0.0788788	-0.17	0.17
  6692	0.0574796	-0.17	0.17
  6693	0.0564635	-0.17	0.17
  6694	0.0486598	-0.17	0.17
  6695	0.0679489	-0.17	0.17
  6696	0.0131536	-0.17	0.17
  6697	0.052586	-0.17	0.17
  6698	0.051322	-0.17	0.17
  6699	0.0748183	-0.17	0.17
  6700	0.0624321	-0.17	0.17
  6701	0.0304633	-0.17	0.17
  6702	0.0753882	-0.17	0.17
  6703	0.0629962	-0.17	0.17
  6704	0.0779938	-0.17	0.17
  6705	0.0552332	-0.17	0.17
  6706	0.0629628	-0.17	0.17
  6707	0.0779481	-0.17	0.17
  6708	0.0709102	-0.17	0.17
  6709	0.0780304	-0.17	0.17
  6710	0.0792757	-0.17	0.17
  6711	0.0360097	-0.17	0.17
  6712	0.0664916	-0.17	0.17
  6713	0.0138979	-0.17	0.17
  6714	0.0454307	-0.17	0.17
  6715	0.0615573	-0.17	0.17
  6716	0.0510233	-0.17	0.17
  6717	0.0368012	-0.17	0.17
  6718	0.0742223	-0.17	0.17
  6719	0.0601001	-0.17	0.17
  6720	0.0505494	-0.17	0.17
  6721	0.0763751	-0.17	0.17
  6722	0.0446099	-0.17	0.17
  6723	0.058845	-0.17	0.17
  6724	0.036992	-0.17	0.17
  6725	0.0570958	-0.17	0.17
  6726	0.0574009	-0.17	0.17
  6727	0.074324	-0.17	0.17
  6728	0.0458889	-0.17	0.17
  6729	0.0763556	-0.17	0.17
  6730	0.0493535	-0.17	0.17
  6731	0.0657947	-0.17	0.17
  6732	0.048177	-0.17	0.17
  6733	0.0682877	-0.17	0.17
  6734	0.0210969	-0.17	0.17
  6735	0.0633907	-0.17	0.17
  6736	0.0782574	-0.17	0.17
  6737	0.0202409	-0.17	0.17
  6738	0.0627162	-0.17	0.17
  6739	0.0559962	-0.17	0.17
  6740	0.0667206	-0.17	0.17
  6741	0.0807009	-0.17	0.17
  6742	0.0798544	-0.17	0.17
  6743	0.0549519	-0.17	0.17
  6744	0.0203589	-0.17	0.17
  6745	0.0455412	-0.17	0.17
  6746	0.0673963	-0.17	0.17
  6747	0.0615686	-0.17	0.17
  6748	0.0721617	-0.17	0.17
  6749	0.0541818	-0.17	0.17
  6750	0.0539728	-0.17	0.17
  6751	0.0616597	-0.17	0.17
  6752	0.0459803	-0.17	0.17
  6753	0.0586029	-0.17	0.17
  6754	0.0618331	-0.17	0.17
  6755	0.047209	-0.17	0.17
  6756	0.0789677	-0.17	0.17
  6757	0.0707163	-0.17	0.17
  6758	0.0714226	-0.17	0.17
  6759	0.0400657	-0.17	0.17
  6760	0.0446908	-0.17	0.17
  6761	0.0394491	-0.17	0.17
  6762	0.0158759	-0.17	0.17
  6763	0.0647851	-0.17	0.17
  6764	0.0556517	-0.17	0.17
  6765	0.0783399	-0.17	0.17
  6766	0.0759991	-0.17	0.17
  6767	0.0757183	-0.17	0.17
  6768	0.056627	-0.17	0.17
  6769	0.0808235	-0.17	0.17
  6770	0.0613093	-0.17	0.17
  6771	0.0328393	-0.17	0.17
  6772	0.0413498	-0.17	0.17
  6773	0.0344734	-0.17	0.17
  6774	0.076091	-0.17	0.17
  6775	0.0774555	-0.17	0.17
  6776	0.0807091	-0.17	0.17
  6777	0.0491843	-0.17	0.17
  6778	0.0590328	-0.17	0.17
  6779	0.0742726	-0.17	0.17
  6780	0.0716832	-0.17	0.17
  6781	0.0733378	-0.17	0.17
  6782	0.0696868	-0.17	0.17
  6783	0.0670461	-0.17	0.17
  6784	0.0554421	-0.17	0.17
  6785	0.0801787	-0.17	0.17
  6786	0.0546645	-0.17	0.17
  6787	0.0626738	-0.17	0.17
  6788	0.0679269	-0.17	0.17
  6789	0.0176414	-0.17	0.17
  6790	0.0148658	-0.17	0.17
  6791	0.0778523	-0.17	0.17
  6792	0.0649406	-0.17	0.17
  6793	0.0728879	-0.17	0.17
  6794	0.0683775	-0.17	0.17
  6795	0.0457582	-0.17	0.17
  6796	0.0370255	-0.17	0.17
  6797	0.0639623	-0.17	0.17
  6798	0.0164768	-0.17	0.17
  6799	0.0793719	-0.17	0.17
  6800	0.0461095	-0.17	0.17
  6801	0.0538735	-0.17	0.17
  6802	0.0800928	-0.17	0.17
  6803	0.0289592	-0.17	0.17
  6804	0.064069	-0.17	0.17
  6805	0.0780418	-0.17	0.17
  6806	0.0511807	-0.17	0.17
  6807	0.0580917	-0.17	0.17
  6808	0.0354114	-0.17	0.17
  6809	0.0733118	-0.17	0.17
  6810	0.038093	-0.17	0.17
  6811	0.0303782	-0.17	0.17
  6812	0.0587686	-0.17	0.17
  6813	0.0497717	-0.17	0.17
  6814	0.0173372	-0.17	0.17
  6815	0.0632093	-0.17	0.17
  6816	0.068958	-0.17	0.17
  6817	0.0802903	-0.17	0.17
  6818	0.0623272	-0.17	0.17
  6819	0.0213958	-0.17	0.17
  6820	0.0732772	-0.17	0.17
  6821	0.0777767	-0.17	0.17
  6822	0.0728985	-0.17	0.17
  6823	0.079939	-0.17	0.17
  6824	0.0533909	-0.17	0.17
  6825	0.0757482	-0.17	0.17
  6826	0.0754035	-0.17	0.17
  6827	0.0653377	-0.17	0.17
  6828	0.0513743	-0.17	0.17
  6829	0.0378531	-0.17	0.17
  6830	0.0768721	-0.17	0.17
  6831	0.0565216	-0.17	0.17
  6832	0.0579501	-0.17	0.17
  6833	0.0495117	-0.17	0.17
  6834	0.0200718	-0.17	0.17
  6835	0.0668983	-0.17	0.17
  6836	0.0626147	-0.17	0.17
  6837	0.0322617	-0.17	0.17
  6838	0.0639069	-0.17	0.17
  6839	0.0328076	-0.17	0.17
  6840	0.0691509	-0.17	0.17
  6841	0.0594778	-0.17	0.17
  6842	0.0803631	-0.17	0.17
  6843	0.0151785	-0.17	0.17
  6844	0.0689489	-0.17	0.17
  6845	0.0738321	-0.17	0.17
  6846	0.0199911	-0.17	0.17
  6847	0.0535202	-0.17	0.17
  6848	0.0692604	-0.17	0.17
  6849	0.0650648	-0.17	0.17
  6850	0.0720853	-0.17	0.17
  6851	0.059942	-0.17	0.17
  6852	0.0361799	-0.17	0.17
  6853	0.0583355	-0.17	0.17
  6854	0.0740766	-0.17	0.17
  6855	0.0724447	-0.17	0.17
  6856	0.0186143	-0.17	0.17
  6857	0.0732051	-0.17	0.17
  6858	0.0395377	-0.17	0.17
  6859	0.0702922	-0.17	0.17
  6860	0.0673288	-0.17	0.17
  6861	0.0378522	-0.17	0.17
  6862	0.076038	-0.17	0.17
  6863	0.0408922	-0.17	0.17
  6864	0.0653014	-0.17	0.17
  6865	0.0610695	-0.17	0.17
  6866	0.0596513	-0.17	0.17
  6867	0.0611106	-0.17	0.17
  6868	0.0789085	-0.17	0.17
  6869	0.0795632	-0.17	0.17
  6870	0.0447621	-0.17	0.17
  6871	0.0791141	-0.17	0.17
  6872	0.0527004	-0.17	0.17
  6873	0.0617923	-0.17	0.17
  6874	0.0607777	-0.17	0.17
  6875	0.0513292	-0.17	0.17
  6876	0.0807776	-0.17	0.17
  6877	0.0468536	-0.17	0.17
  6878	0.0637717	-0.17	0.17
  6879	0.0641009	-0.17	0.17
  6880	0.0611423	-0.17	0.17
  6881	0.0661307	-0.17	0.17
  6882	0.0507288	-0.17	0.17
  6883	0.0391226	-0.17	0.17
  6884	0.079255	-0.17	0.17
  6885	0.067827	-0.17	0.17
  6886	0.074216	-0.17	0.17
  6887	0.0277161	-0.17	0.17
  6888	0.0509036	-0.17	0.17
  6889	0.080488	-0.17	0.17
  6890	0.057708	-0.17	0.17
  6891	0.0675662	-0.17	0.17
  6892	0.0502984	-0.17	0.17
  6893	0.073126	-0.17	0.17
  6894	0.0480728	-0.17	0.17
  6895	0.0276284	-0.17	0.17
  6896	0.07836	-0.17	0.17
  6897	0.0802813	-0.17	0.17
  6898	0.0599938	-0.17	0.17
  6899	0.0784839	-0.17	0.17
  6900	0.0561364	-0.17	0.17
  6901	0.0639551	-0.17	0.17
  6902	0.0610399	-0.17	0.17
  6903	0.0494877	-0.17	0.17
  6904	0.0783164	-0.17	0.17
  6905	0.0713556	-0.17	0.17
  6906	0.0443169	-0.17	0.17
  6907	0.0316361	-0.17	0.17
  6908	0.0708606	-0.17	0.17
  6909	0.0634168	-0.17	0.17
  6910	0.0408304	-0.17	0.17
  6911	0.0770994	-0.17	0.17
  6912	0.0574696	-0.17	0.17
  6913	0.0743561	-0.17	0.17
  6914	0.0158926	-0.17	0.17
  6915	0.0742243	-0.17	0.17
  6916	0.0489484	-0.17	0.17
  6917	0.0559297	-0.17	0.17
  6918	0.0750486	-0.17	0.17
  6919	0.0317643	-0.17	0.17
  6920	0.0757652	-0.17	0.17
  6921	0.0586058	-0.17	0.17
  6922	0.077645	-0.17	0.17
  6923	0.0339107	-0.17	0.17
  6924	0.0734071	-0.17	0.17
  6925	0.0137873	-0.17	0.17
  6926	0.0711215	-0.17	0.17
  6927	0.0571694	-0.17	0.17
  6928	0.0544894	-0.17	0.17
  6929	0.0500091	-0.17	0.17
  6930	0.0673539	-0.17	0.17
  6931	0.0635311	-0.17	0.17
  6932	0.0499129	-0.17	0.17
  6933	0.056012	-0.17	0.17
  6934	0.0681299	-0.17	0.17
  6935	0.0718877	-0.17	0.17
  6936	0.021941	-0.17	0.17
  6937	0.0231635	-0.17	0.17
  6938	0.0698497	-0.17	0.17
  6939	0.080157	-0.17	0.17
  6940	0.0198074	-0.17	0.17
  6941	0.0577503	-0.17	0.17
  6942	0.0702861	-0.17	0.17
  6943	0.0177889	-0.17	0.17
  6944	0.0359245	-0.17	0.17
  6945	0.0743078	-0.17	0.17
  6946	0.0767328	-0.17	0.17
  6947	0.0153553	-0.17	0.17
  6948	0.0790658	-0.17	0.17
  6949	0.0738403	-0.17	0.17
  6950	0.067708	-0.17	0.17
  6951	0.0780605	-0.17	0.17
  6952	0.0292942	-0.17	0.17
  6953	0.0515247	-0.17	0.17
  6954	0.0585321	-0.17	0.17
  6955	0.047155	-0.17	0.17
  6956	0.0159851	-0.17	0.17
  6957	0.0737823	-0.17	0.17
  6958	0.0193886	-0.17	0.17
  6959	0.0408139	-0.17	0.17
  6960	0.026297	-0.17	0.17
  6961	0.0250412	-0.17	0.17
  6962	0.0686913	-0.17	0.17
  6963	0.0528345	-0.17	0.17
  6964	0.0441506	-0.17	0.17
  6965	0.0497063	-0.17	0.17
  6966	0.0660302	-0.17	0.17
  6967	0.0468847	-0.17	0.17
  6968	0.0639959	-0.17	0.17
  6969	0.033863	-0.17	0.17
  6970	0.074488	-0.17	0.17
  6971	0.0741264	-0.17	0.17
  6972	0.0545588	-0.17	0.17
  6973	0.0773141	-0.17	0.17
  6974	0.0637519	-0.17	0.17
  6975	0.0553152	-0.17	0.17
  6976	0.071132	-0.17	0.17
  6977	0.0528688	-0.17	0.17
  6978	0.078262	-0.17	0.17
  6979	0.0772996	-0.17	0.17
  6980	0.0723955	-0.17	0.17
  6981	0.0769966	-0.17	0.17
  6982	0.0437094	-0.17	0.17
  6983	0.064565	-0.17	0.17
  6984	0.0802529	-0.17	0.17
  6985	0.0809589	-0.17	0.17
  6986	0.0766326	-0.17	0.17
  6987	0.0369775	-0.17	0.17
  6988	0.0365533	-0.17	0.17
  6989	0.0604735	-0.17	0.17
  6990	0.0565731	-0.17	0.17
  6991	0.0311368	-0.17	0.17
  6992	0.0496623	-0.17	0.17
  6993	0.0668784	-0.17	0.17
  6994	0.0683112	-0.17	0.17
  6995	0.0433892	-0.17	0.17
  6996	0.0383175	-0.17	0.17
  6997	0.050415	-0.17	0.17
  6998	0.020905	-0.17	0.17
  6999	0.056025	-0.17	0.17
  7000	0.0641255	-0.17	0.17
  7001	0.0782358	-0.17	0.17
  7002	0.0499672	-0.17	0.17
  7003	0.0533035	-0.17	0.17
  7004	0.0491231	-0.17	0.17
  7005	0.0795719	-0.17	0.17
  7006	0.0768334	-0.17	0.17
  7007	0.0575482	-0.17	0.17
  7008	0.068623	-0.17	0.17
  7009	0.0657886	-0.17	0.17
  7010	0.0685888	-0.17	0.17
  7011	0.0787576	-0.17	0.17
  7012	0.0658813	-0.17	0.17
  7013	0.0770494	-0.17	0.17
  7014	0.0578803	-0.17	0.17
  7015	0.0529606	-0.17	0.17
  7016	0.05731	-0.17	0.17
  7017	0.0461763	-0.17	0.17
  7018	0.0309419	-0.17	0.17
  7019	0.0438225	-0.17	0.17
  7020	0.080305	-0.17	0.17
  7021	0.0678095	-0.17	0.17
  7022	0.0435014	-0.17	0.17
  7023	0.0284652	-0.17	0.17
  7024	0.0305457	-0.17	0.17
  7025	0.0480732	-0.17	0.17
  7026	0.0475008	-0.17	0.17
  7027	0.0397134	-0.17	0.17
  7028	0.0753835	-0.17	0.17
  7029	0.0751664	-0.17	0.17
  7030	0.0624962	-0.17	0.17
  7031	0.0807094	-0.17	0.17
  7032	0.0788275	-0.17	0.17
  7033	0.0546134	-0.17	0.17
  7034	0.0692581	-0.17	0.17
  7035	0.0367439	-0.17	0.17
  7036	0.0556861	-0.17	0.17
  7037	0.0494015	-0.17	0.17
  7038	0.0568253	-0.17	0.17
  7039	0.0723	-0.17	0.17
  7040	0.0559085	-0.17	0.17
  7041	0.0591819	-0.17	0.17
  7042	0.0752128	-0.17	0.17
  7043	0.0674738	-0.17	0.17
  7044	0.0722258	-0.17	0.17
  7045	0.0554043	-0.17	0.17
  7046	0.059517	-0.17	0.17
  7047	0.0431318	-0.17	0.17
  7048	0.0394358	-0.17	0.17
  7049	0.0544686	-0.17	0.17
  7050	0.0366352	-0.17	0.17
  7051	0.0491019	-0.17	0.17
  7052	0.0793263	-0.17	0.17
  7053	0.0700738	-0.17	0.17
  7054	0.0705472	-0.17	0.17
  7055	0.0448618	-0.17	0.17
  7056	0.0287343	-0.17	0.17
  7057	0.0700144	-0.17	0.17
  7058	0.0785528	-0.17	0.17
  7059	0.0237033	-0.17	0.17
  7060	0.0592518	-0.17	0.17
  7061	0.0690667	-0.17	0.17
  7062	0.0786248	-0.17	0.17
  7063	0.0417354	-0.17	0.17
  7064	0.0579532	-0.17	0.17
  7065	0.0584307	-0.17	0.17
  7066	0.0637687	-0.17	0.17
  7067	0.0711777	-0.17	0.17
  7068	0.0163787	-0.17	0.17
  7069	0.0560355	-0.17	0.17
  7070	0.0757949	-0.17	0.17
  7071	0.0539584	-0.17	0.17
  7072	0.0579739	-0.17	0.17
  7073	0.0639062	-0.17	0.17
  7074	0.042915	-0.17	0.17
  7075	0.0625117	-0.17	0.17
  7076	0.0435167	-0.17	0.17
  7077	0.0561954	-0.17	0.17
  7078	0.0521157	-0.17	0.17
  7079	0.0336036	-0.17	0.17
  7080	0.0637602	-0.17	0.17
  7081	0.0643328	-0.17	0.17
  7082	0.0692859	-0.17	0.17
  7083	0.0754314	-0.17	0.17
  7084	0.0807974	-0.17	0.17
  7085	0.0657947	-0.17	0.17
  7086	0.0267232	-0.17	0.17
  7087	0.0782111	-0.17	0.17
  7088	0.051502	-0.17	0.17
  7089	0.0684054	-0.17	0.17
  7090	0.0252427	-0.17	0.17
  7091	0.0675589	-0.17	0.17
  7092	0.0411856	-0.17	0.17
  7093	0.080804	-0.17	0.17
  7094	0.0803713	-0.17	0.17
  7095	0.0692839	-0.17	0.17
  7096	0.0507043	-0.17	0.17
  7097	0.078521	-0.17	0.17
  7098	0.0561071	-0.17	0.17
  7099	0.0689683	-0.17	0.17
  7100	0.0720991	-0.17	0.17
  7101	0.0749098	-0.17	0.17
  7102	0.0727088	-0.17	0.17
  7103	0.0736948	-0.17	0.17
  7104	0.0480256	-0.17	0.17
  7105	0.0674779	-0.17	0.17
  7106	0.0601364	-0.17	0.17
  7107	0.0587292	-0.17	0.17
  7108	0.0284763	-0.17	0.17
  7109	0.0517233	-0.17	0.17
  7110	0.0605826	-0.17	0.17
  7111	0.0371258	-0.17	0.17
  7112	0.0609491	-0.17	0.17
  7113	0.0248015	-0.17	0.17
  7114	0.0797759	-0.17	0.17
  7115	0.0482843	-0.17	0.17
  7116	0.0490008	-0.17	0.17
  7117	0.0631289	-0.17	0.17
  7118	0.0325932	-0.17	0.17
  7119	0.0201488	-0.17	0.17
  7120	0.0343219	-0.17	0.17
  7121	0.0715503	-0.17	0.17
  7122	0.0734032	-0.17	0.17
  7123	0.0409764	-0.17	0.17
  7124	0.0501723	-0.17	0.17
  7125	0.0147025	-0.17	0.17
  7126	0.0800331	-0.17	0.17
  7127	0.0651415	-0.17	0.17
  7128	0.0566458	-0.17	0.17
  7129	0.025063	-0.17	0.17
  7130	0.0543326	-0.17	0.17
  7131	0.06082	-0.17	0.17
  7132	0.0444485	-0.17	0.17
  7133	0.0786964	-0.17	0.17
  7134	0.0654534	-0.17	0.17
  7135	0.0764449	-0.17	0.17
  7136	0.0760381	-0.17	0.17
  7137	0.0672415	-0.17	0.17
  7138	0.0578689	-0.17	0.17
  7139	0.0399771	-0.17	0.17
  7140	0.0134403	-0.17	0.17
  7141	0.075755	-0.17	0.17
  7142	0.0636452	-0.17	0.17
  7143	0.073533	-0.17	0.17
  7144	0.0790241	-0.17	0.17
  7145	0.0597641	-0.17	0.17
  7146	0.075515	-0.17	0.17
  7147	0.0666461	-0.17	0.17
  7148	0.0262619	-0.17	0.17
  7149	0.0522435	-0.17	0.17
  7150	0.0230052	-0.17	0.17
  7151	0.0790909	-0.17	0.17
  7152	0.0784756	-0.17	0.17
  7153	0.0490544	-0.17	0.17
  7154	0.0157351	-0.17	0.17
  7155	0.0716968	-0.17	0.17
  7156	0.044982	-0.17	0.17
  7157	0.0779635	-0.17	0.17
  7158	0.0366304	-0.17	0.17
  7159	0.0711592	-0.17	0.17
  7160	0.0798751	-0.17	0.17
  7161	0.0790402	-0.17	0.17
  7162	0.0805386	-0.17	0.17
  7163	0.0760564	-0.17	0.17
  7164	0.0538377	-0.17	0.17
  7165	0.0512195	-0.17	0.17
  7166	0.0469594	-0.17	0.17
  7167	0.0767181	-0.17	0.17
  7168	0.0318126	-0.17	0.17
  7169	0.0332354	-0.17	0.17
  7170	0.0576035	-0.17	0.17
  7171	0.0515255	-0.17	0.17
  7172	0.0245443	-0.17	0.17
  7173	0.0792627	-0.17	0.17
  7174	0.0610931	-0.17	0.17
  7175	0.0746787	-0.17	0.17
  7176	0.0770024	-0.17	0.17
  7177	0.0542984	-0.17	0.17
  7178	0.0793918	-0.17	0.17
  7179	0.0786734	-0.17	0.17
  7180	0.0728093	-0.17	0.17
  7181	0.0445457	-0.17	0.17
  7182	0.0693719	-0.17	0.17
  7183	0.0779553	-0.17	0.17
  7184	0.0248333	-0.17	0.17
  7185	0.0585832	-0.17	0.17
  7186	0.0744542	-0.17	0.17
  7187	0.0432838	-0.17	0.17
  7188	0.06722	-0.17	0.17
  7189	0.0583176	-0.17	0.17
  7190	0.064778	-0.17	0.17
  7191	0.0802562	-0.17	0.17
  7192	0.0528436	-0.17	0.17
  7193	0.0775016	-0.17	0.17
  7194	0.0613767	-0.17	0.17
  7195	0.0552821	-0.17	0.17
  7196	0.0726619	-0.17	0.17
  7197	0.0551976	-0.17	0.17
  7198	0.0789776	-0.17	0.17
  7199	0.0331482	-0.17	0.17
  7200	0.0739964	-0.17	0.17
  7201	0.0394701	-0.17	0.17
  7202	0.0364504	-0.17	0.17
  7203	0.0674437	-0.17	0.17
  7204	0.0482831	-0.17	0.17
  7205	0.0675137	-0.17	0.17
  7206	0.0610099	-0.17	0.17
  7207	0.0537533	-0.17	0.17
  7208	0.0515544	-0.17	0.17
  7209	0.0525205	-0.17	0.17
  7210	0.076633	-0.17	0.17
  7211	0.0642624	-0.17	0.17
  7212	0.0660128	-0.17	0.17
  7213	0.0503915	-0.17	0.17
  7214	0.0769973	-0.17	0.17
  7215	0.0798759	-0.17	0.17
  7216	0.0754783	-0.17	0.17
  7217	0.0773234	-0.17	0.17
  7218	0.0218233	-0.17	0.17
  7219	0.0724773	-0.17	0.17
  7220	0.0673863	-0.17	0.17
  7221	0.0644916	-0.17	0.17
  7222	0.0786184	-0.17	0.17
  7223	0.0483108	-0.17	0.17
  7224	0.0634854	-0.17	0.17
  7225	0.0689915	-0.17	0.17
  7226	0.0709139	-0.17	0.17
  7227	0.0499436	-0.17	0.17
  7228	0.0667419	-0.17	0.17
  7229	0.0547905	-0.17	0.17
  7230	0.05871	-0.17	0.17
  7231	0.04367	-0.17	0.17
  7232	0.0711261	-0.17	0.17
  7233	0.0160472	-0.17	0.17
  7234	0.0795964	-0.17	0.17
  7235	0.0715792	-0.17	0.17
  7236	0.0744038	-0.17	0.17
  7237	0.060306	-0.17	0.17
  7238	0.0806453	-0.17	0.17
  7239	0.0254248	-0.17	0.17
  7240	0.0359676	-0.17	0.17
  7241	0.0554468	-0.17	0.17
  7242	0.0774061	-0.17	0.17
  7243	0.0619189	-0.17	0.17
  7244	0.0161946	-0.17	0.17
  7245	0.0672661	-0.17	0.17
  7246	0.078604	-0.17	0.17
  7247	0.0575685	-0.17	0.17
  7248	0.0736017	-0.17	0.17
  7249	0.0141356	-0.17	0.17
  7250	0.0571036	-0.17	0.17
  7251	0.0620845	-0.17	0.17
  7252	0.0741907	-0.17	0.17
  7253	0.0517873	-0.17	0.17
  7254	0.0601006	-0.17	0.17
  7255	0.0246211	-0.17	0.17
  7256	0.0654668	-0.17	0.17
  7257	0.056228	-0.17	0.17
  7258	0.0630334	-0.17	0.17
  7259	0.0795823	-0.17	0.17
  7260	0.0541979	-0.17	0.17
  7261	0.0570052	-0.17	0.17
  7262	0.037038	-0.17	0.17
  7263	0.0772336	-0.17	0.17
  7264	0.0738735	-0.17	0.17
  7265	0.0600467	-0.17	0.17
  7266	0.0146589	-0.17	0.17
  7267	0.0650634	-0.17	0.17
  7268	0.0727125	-0.17	0.17
  7269	0.072239	-0.17	0.17
  7270	0.0676237	-0.17	0.17
  7271	0.0520169	-0.17	0.17
  7272	0.0509436	-0.17	0.17
  7273	0.0569446	-0.17	0.17
  7274	0.0785791	-0.17	0.17
  7275	0.0350794	-0.17	0.17
  7276	0.0696012	-0.17	0.17
  7277	0.0568234	-0.17	0.17
  7278	0.0807059	-0.17	0.17
  7279	0.0722513	-0.17	0.17
  7280	0.0712926	-0.17	0.17
  7281	0.0458811	-0.17	0.17
  7282	0.0379431	-0.17	0.17
  7283	0.0781942	-0.17	0.17
  7284	0.0800069	-0.17	0.17
  7285	0.0537494	-0.17	0.17
  7286	0.0580763	-0.17	0.17
  7287	0.0367196	-0.17	0.17
  7288	0.0653176	-0.17	0.17
  7289	0.0560613	-0.17	0.17
  7290	0.0383338	-0.17	0.17
  7291	0.0708966	-0.17	0.17
  7292	0.0756966	-0.17	0.17
  7293	0.0320025	-0.17	0.17
  7294	0.0651621	-0.17	0.17
  7295	0.0642223	-0.17	0.17
  7296	0.0477781	-0.17	0.17
  7297	0.0579083	-0.17	0.17
  7298	0.0180671	-0.17	0.17
  7299	0.0782002	-0.17	0.17
  7300	0.0769938	-0.17	0.17
  7301	0.0779075	-0.17	0.17
  7302	0.0359911	-0.17	0.17
  7303	0.06299	-0.17	0.17
  7304	0.0693275	-0.17	0.17
  7305	0.0651202	-0.17	0.17
  7306	0.0328243	-0.17	0.17
  7307	0.0619758	-0.17	0.17
  7308	0.0777928	-0.17	0.17
  7309	0.0793134	-0.17	0.17
  7310	0.0631544	-0.17	0.17
  7311	0.07066	-0.17	0.17
  7312	0.0691425	-0.17	0.17
  7313	0.0790549	-0.17	0.17
  7314	0.0775918	-0.17	0.17
  7315	0.054421	-0.17	0.17
  7316	0.0672237	-0.17	0.17
  7317	0.0771442	-0.17	0.17
  7318	0.0740343	-0.17	0.17
  7319	0.0441943	-0.17	0.17
  7320	0.0555366	-0.17	0.17
  7321	0.0643346	-0.17	0.17
  7322	0.0485428	-0.17	0.17
  7323	0.0608309	-0.17	0.17
  7324	0.0384623	-0.17	0.17
  7325	0.0473937	-0.17	0.17
  7326	0.049842	-0.17	0.17
  7327	0.0620155	-0.17	0.17
  7328	0.0705417	-0.17	0.17
  7329	0.0522227	-0.17	0.17
  7330	0.0734821	-0.17	0.17
  7331	0.0781677	-0.17	0.17
  7332	0.0350645	-0.17	0.17
  7333	0.0370321	-0.17	0.17
  7334	0.0460242	-0.17	0.17
  7335	0.0501973	-0.17	0.17
  7336	0.0698995	-0.17	0.17
  7337	0.0525944	-0.17	0.17
  7338	0.0526725	-0.17	0.17
  7339	0.0630882	-0.17	0.17
  7340	0.0647746	-0.17	0.17
  7341	0.0719616	-0.17	0.17
  7342	0.0505013	-0.17	0.17
  7343	0.0748033	-0.17	0.17
  7344	0.0297713	-0.17	0.17
  7345	0.0405095	-0.17	0.17
  7346	0.0758972	-0.17	0.17
  7347	0.0394243	-0.17	0.17
  7348	0.0425656	-0.17	0.17
  7349	0.0572915	-0.17	0.17
  7350	0.0436344	-0.17	0.17
  7351	0.0645627	-0.17	0.17
  7352	0.0580362	-0.17	0.17
  7353	0.0604639	-0.17	0.17
  7354	0.0519341	-0.17	0.17
  7355	0.0772163	-0.17	0.17
  7356	0.0513617	-0.17	0.17
  7357	0.0784382	-0.17	0.17
  7358	0.0312995	-0.17	0.17
  7359	0.0692996	-0.17	0.17
  7360	0.0174549	-0.17	0.17
  7361	0.0490716	-0.17	0.17
  7362	0.0806171	-0.17	0.17
  7363	0.0430779	-0.17	0.17
  7364	0.0581282	-0.17	0.17
  7365	0.0519156	-0.17	0.17
  7366	0.0516289	-0.17	0.17
  7367	0.0756725	-0.17	0.17
  7368	0.0526797	-0.17	0.17
  7369	0.0613879	-0.17	0.17
  7370	0.0563609	-0.17	0.17
  7371	0.073071	-0.17	0.17
  7372	0.0695694	-0.17	0.17
  7373	0.0412241	-0.17	0.17
  7374	0.0394501	-0.17	0.17
  7375	0.0292657	-0.17	0.17
  7376	0.0634782	-0.17	0.17
  7377	0.0568136	-0.17	0.17
  7378	0.0129121	-0.17	0.17
  7379	0.0543239	-0.17	0.17
  7380	0.0600521	-0.17	0.17
  7381	0.069663	-0.17	0.17
  7382	0.0374459	-0.17	0.17
  7383	0.0778061	-0.17	0.17
  7384	0.0690891	-0.17	0.17
  7385	0.0385361	-0.17	0.17
  7386	0.0743858	-0.17	0.17
  7387	0.0651211	-0.17	0.17
  7388	0.0758817	-0.17	0.17
  7389	0.0641163	-0.17	0.17
  7390	0.0611576	-0.17	0.17
  7391	0.0582386	-0.17	0.17
  7392	0.0283225	-0.17	0.17
  7393	0.0174716	-0.17	0.17
  7394	0.0532276	-0.17	0.17
  7395	0.0659498	-0.17	0.17
  7396	0.0363108	-0.17	0.17
  7397	0.0805352	-0.17	0.17
  7398	0.0635082	-0.17	0.17
  7399	0.0392956	-0.17	0.17
  7400	0.0559251	-0.17	0.17
  7401	0.0779455	-0.17	0.17
  7402	0.0671454	-0.17	0.17
  7403	0.0449795	-0.17	0.17
  7404	0.0742576	-0.17	0.17
  7405	0.0285122	-0.17	0.17
  7406	0.0785163	-0.17	0.17
  7407	0.0735336	-0.17	0.17
  7408	0.0798944	-0.17	0.17
  7409	0.0486482	-0.17	0.17
  7410	0.0761598	-0.17	0.17
  7411	0.0600074	-0.17	0.17
  7412	0.0407217	-0.17	0.17
  7413	0.0418335	-0.17	0.17
  7414	0.0690682	-0.17	0.17
  7415	0.0798971	-0.17	0.17
  7416	0.0245986	-0.17	0.17
  7417	0.06653	-0.17	0.17
  7418	0.0544739	-0.17	0.17
  7419	0.078794	-0.17	0.17
  7420	0.074379	-0.17	0.17
  7421	0.0783407	-0.17	0.17
  7422	0.0775547	-0.17	0.17
  7423	0.0653744	-0.17	0.17
  7424	0.0775926	-0.17	0.17
  7425	0.0254618	-0.17	0.17
  7426	0.0696052	-0.17	0.17
  7427	0.0806033	-0.17	0.17
  7428	0.0778974	-0.17	0.17
  7429	0.0706011	-0.17	0.17
  7430	0.0797062	-0.17	0.17
  7431	0.0302998	-0.17	0.17
  7432	0.0246555	-0.17	0.17
  7433	0.0748002	-0.17	0.17
  7434	0.0766293	-0.17	0.17
  7435	0.037845	-0.17	0.17
  7436	0.0193896	-0.17	0.17
  7437	0.0682356	-0.17	0.17
  7438	0.0768525	-0.17	0.17
  7439	0.0703754	-0.17	0.17
  7440	0.0685816	-0.17	0.17
  7441	0.0796834	-0.17	0.17
  7442	0.0357196	-0.17	0.17
  7443	0.0547329	-0.17	0.17
  7444	0.0518262	-0.17	0.17
  7445	0.0757382	-0.17	0.17
  7446	0.073126	-0.17	0.17
  7447	0.0696198	-0.17	0.17
  7448	0.0481884	-0.17	0.17
  7449	0.0547331	-0.17	0.17
  7450	0.0748442	-0.17	0.17
  7451	0.0584291	-0.17	0.17
  7452	0.0485556	-0.17	0.17
  7453	0.0432105	-0.17	0.17
  7454	0.0756756	-0.17	0.17
  7455	0.0412026	-0.17	0.17
  7456	0.0613918	-0.17	0.17
  7457	0.0712383	-0.17	0.17
  7458	0.0791353	-0.17	0.17
  7459	0.0495108	-0.17	0.17
  7460	0.0615733	-0.17	0.17
  7461	0.059354	-0.17	0.17
  7462	0.0724055	-0.17	0.17
  7463	0.0139533	-0.17	0.17
  7464	0.0673264	-0.17	0.17
  7465	0.0563487	-0.17	0.17
  7466	0.0796099	-0.17	0.17
  7467	0.0511488	-0.17	0.17
  7468	0.0471832	-0.17	0.17
  7469	0.069941	-0.17	0.17
  7470	0.0734668	-0.17	0.17
  7471	0.0659823	-0.17	0.17
  7472	0.0658663	-0.17	0.17
  7473	0.0703128	-0.17	0.17
  7474	0.075024	-0.17	0.17
  7475	0.0578961	-0.17	0.17
  7476	0.024521	-0.17	0.17
  7477	0.0800434	-0.17	0.17
  7478	0.0627388	-0.17	0.17
  7479	0.0607102	-0.17	0.17
  7480	0.065464	-0.17	0.17
  7481	0.0557682	-0.17	0.17
  7482	0.0636911	-0.17	0.17
  7483	0.0796716	-0.17	0.17
  7484	0.0620797	-0.17	0.17
  7485	0.0704441	-0.17	0.17
  7486	0.0614366	-0.17	0.17
  7487	0.0170279	-0.17	0.17
  7488	0.0797381	-0.17	0.17
  7489	0.0484264	-0.17	0.17
  7490	0.0595733	-0.17	0.17
  7491	0.053502	-0.17	0.17
  7492	0.0373422	-0.17	0.17
  7493	0.0513211	-0.17	0.17
  7494	0.0695558	-0.17	0.17
  7495	0.0644527	-0.17	0.17
  7496	0.054739	-0.17	0.17
  7497	0.0774495	-0.17	0.17
  7498	0.0782379	-0.17	0.17
  7499	0.0584651	-0.17	0.17
  7500	0.0641052	-0.17	0.17
  7501	0.0745249	-0.17	0.17
  7502	0.0802634	-0.17	0.17
  7503	0.0506543	-0.17	0.17
  7504	0.0450937	-0.17	0.17
  7505	0.0764801	-0.17	0.17
  7506	0.0573876	-0.17	0.17
  7507	0.0220893	-0.17	0.17
  7508	0.0746237	-0.17	0.17
  7509	0.0547708	-0.17	0.17
  7510	0.0504141	-0.17	0.17
  7511	0.0344	-0.17	0.17
  7512	0.0653989	-0.17	0.17
  7513	0.0436007	-0.17	0.17
  7514	0.0774268	-0.17	0.17
  7515	0.0642269	-0.17	0.17
  7516	0.0372833	-0.17	0.17
  7517	0.0519011	-0.17	0.17
  7518	0.0369113	-0.17	0.17
  7519	0.0605354	-0.17	0.17
  7520	0.0731513	-0.17	0.17
  7521	0.0725934	-0.17	0.17
  7522	0.0782737	-0.17	0.17
  7523	0.0801818	-0.17	0.17
  7524	0.0388834	-0.17	0.17
  7525	0.0639382	-0.17	0.17
  7526	0.0630538	-0.17	0.17
  7527	0.0574986	-0.17	0.17
  7528	0.0742421	-0.17	0.17
  7529	0.0467144	-0.17	0.17
  7530	0.0773056	-0.17	0.17
  7531	0.0756714	-0.17	0.17
  7532	0.0383397	-0.17	0.17
  7533	0.0277158	-0.17	0.17
  7534	0.0589017	-0.17	0.17
  7535	0.0550698	-0.17	0.17
  7536	0.0574497	-0.17	0.17
  7537	0.0300633	-0.17	0.17
  7538	0.0494963	-0.17	0.17
  7539	0.0684557	-0.17	0.17
  7540	0.0714985	-0.17	0.17
  7541	0.0722685	-0.17	0.17
  7542	0.0773469	-0.17	0.17
  7543	0.0713564	-0.17	0.17
  7544	0.080416	-0.17	0.17
  7545	0.0510846	-0.17	0.17
  7546	0.0729291	-0.17	0.17
  7547	0.0221258	-0.17	0.17
  7548	0.0760558	-0.17	0.17
  7549	0.0221201	-0.17	0.17
  7550	0.0670575	-0.17	0.17
  7551	0.0780081	-0.17	0.17
  7552	0.0337199	-0.17	0.17
  7553	0.0373342	-0.17	0.17
  7554	0.0565545	-0.17	0.17
  7555	0.0754789	-0.17	0.17
  7556	0.0235342	-0.17	0.17
  7557	0.0767393	-0.17	0.17
  7558	0.0732685	-0.17	0.17
  7559	0.0452938	-0.17	0.17
  7560	0.0791356	-0.17	0.17
  7561	0.0674958	-0.17	0.17
  7562	0.0773596	-0.17	0.17
  7563	0.0235098	-0.17	0.17
  7564	0.0711704	-0.17	0.17
  7565	0.0566398	-0.17	0.17
  7566	0.0370514	-0.17	0.17
  7567	0.0605471	-0.17	0.17
  7568	0.0695519	-0.17	0.17
  7569	0.0809028	-0.17	0.17
  7570	0.0588587	-0.17	0.17
  7571	0.0130074	-0.17	0.17
  7572	0.073031	-0.17	0.17
  7573	0.0529438	-0.17	0.17
  7574	0.0524843	-0.17	0.17
  7575	0.0452437	-0.17	0.17
  7576	0.0763563	-0.17	0.17
  7577	0.0485436	-0.17	0.17
  7578	0.0676338	-0.17	0.17
  7579	0.0664305	-0.17	0.17
  7580	0.0409756	-0.17	0.17
  7581	0.0725487	-0.17	0.17
  7582	0.0491535	-0.17	0.17
  7583	0.0784077	-0.17	0.17
  7584	0.0659942	-0.17	0.17
  7585	0.0563681	-0.17	0.17
  7586	0.0472203	-0.17	0.17
  7587	0.0770002	-0.17	0.17
  7588	0.0740342	-0.17	0.17
  7589	0.0630164	-0.17	0.17
  7590	0.0466035	-0.17	0.17
  7591	0.0466537	-0.17	0.17
  7592	0.0790884	-0.17	0.17
  7593	0.0681233	-0.17	0.17
  7594	0.0406833	-0.17	0.17
  7595	0.0166311	-0.17	0.17
  7596	0.0738182	-0.17	0.17
  7597	0.0350791	-0.17	0.17
  7598	0.0567805	-0.17	0.17
  7599	0.0662423	-0.17	0.17
  7600	0.0738468	-0.17	0.17
  7601	0.0773223	-0.17	0.17
  7602	0.0740072	-0.17	0.17
  7603	0.0666192	-0.17	0.17
  7604	0.0389411	-0.17	0.17
  7605	0.0773013	-0.17	0.17
  7606	0.0506936	-0.17	0.17
  7607	0.0733676	-0.17	0.17
  7608	0.0592153	-0.17	0.17
  7609	0.0771817	-0.17	0.17
  7610	0.0636631	-0.17	0.17
  7611	0.0793315	-0.17	0.17
  7612	0.0769421	-0.17	0.17
  7613	0.0662375	-0.17	0.17
  7614	0.0792356	-0.17	0.17
  7615	0.0259704	-0.17	0.17
  7616	0.0780235	-0.17	0.17
  7617	0.0680478	-0.17	0.17
  7618	0.0703574	-0.17	0.17
  7619	0.0454704	-0.17	0.17
  7620	0.0478403	-0.17	0.17
  7621	0.0655808	-0.17	0.17
  7622	0.0696013	-0.17	0.17
  7623	0.0396012	-0.17	0.17
  7624	0.0412092	-0.17	0.17
  7625	0.0430326	-0.17	0.17
  7626	0.0798355	-0.17	0.17
  7627	0.0664088	-0.17	0.17
  7628	0.0737835	-0.17	0.17
  7629	0.0326075	-0.17	0.17
  7630	0.0748868	-0.17	0.17
  7631	0.0522652	-0.17	0.17
  7632	0.0682195	-0.17	0.17
  7633	0.028165	-0.17	0.17
  7634	0.0806194	-0.17	0.17
  7635	0.0747023	-0.17	0.17
  7636	0.0149406	-0.17	0.17
  7637	0.0640541	-0.17	0.17
  7638	0.0758404	-0.17	0.17
  7639	0.0129583	-0.17	0.17
  7640	0.0777179	-0.17	0.17
  7641	0.0660155	-0.17	0.17
  7642	0.0750279	-0.17	0.17
  7643	0.0598155	-0.17	0.17
  7644	0.0132351	-0.17	0.17
  7645	0.0806693	-0.17	0.17
  7646	0.0763608	-0.17	0.17
  7647	0.0414204	-0.17	0.17
  7648	0.061381	-0.17	0.17
  7649	0.0744166	-0.17	0.17
  7650	0.0423568	-0.17	0.17
  7651	0.0349723	-0.17	0.17
  7652	0.0689279	-0.17	0.17
  7653	0.0189055	-0.17	0.17
  7654	0.0662329	-0.17	0.17
  7655	0.0715977	-0.17	0.17
  7656	0.0752092	-0.17	0.17
  7657	0.0633509	-0.17	0.17
  7658	0.0451695	-0.17	0.17
  7659	0.0668245	-0.17	0.17
  7660	0.0488262	-0.17	0.17
  7661	0.073883	-0.17	0.17
  7662	0.044671	-0.17	0.17
  7663	0.060972	-0.17	0.17
  7664	0.0286338	-0.17	0.17
  7665	0.0755051	-0.17	0.17
  7666	0.0636719	-0.17	0.17
  7667	0.0302786	-0.17	0.17
  7668	0.0593313	-0.17	0.17
  7669	0.0711327	-0.17	0.17
  7670	0.0797011	-0.17	0.17
  7671	0.0636074	-0.17	0.17
  7672	0.0599966	-0.17	0.17
  7673	0.0706326	-0.17	0.17
  7674	0.0425172	-0.17	0.17
  7675	0.0531146	-0.17	0.17
  7676	0.0682096	-0.17	0.17
  7677	0.075775	-0.17	0.17
  7678	0.0801702	-0.17	0.17
  7679	0.0801539	-0.17	0.17
  7680	0.0796492	-0.17	0.17
  7681	0.0656392	-0.17	0.17
  7682	0.0743639	-0.17	0.17
  7683	0.0299819	-0.17	0.17
  7684	0.0781577	-0.17	0.17
  7685	0.0530096	-0.17	0.17
  7686	0.0658985	-0.17	0.17
  7687	0.0715322	-0.17	0.17
  7688	0.050854	-0.17	0.17
  7689	0.052641	-0.17	0.17
  7690	0.042642	-0.17	0.17
  7691	0.054353	-0.17	0.17
  7692	0.0289753	-0.17	0.17
  7693	0.0285566	-0.17	0.17
  7694	0.0727589	-0.17	0.17
  7695	0.0489698	-0.17	0.17
  7696	0.0807435	-0.17	0.17
  7697	0.0774642	-0.17	0.17
  7698	0.0340649	-0.17	0.17
  7699	0.0564037	-0.17	0.17
  7700	0.0725218	-0.17	0.17
  7701	0.0704758	-0.17	0.17
  7702	0.0591451	-0.17	0.17
  7703	0.0538429	-0.17	0.17
  7704	0.0480614	-0.17	0.17
  7705	0.0491406	-0.17	0.17
  7706	0.0422499	-0.17	0.17
  7707	0.0604307	-0.17	0.17
  7708	0.0741795	-0.17	0.17
  7709	0.0776673	-0.17	0.17
  7710	0.0209764	-0.17	0.17
  7711	0.075448	-0.17	0.17
  7712	0.0280477	-0.17	0.17
  7713	0.0736991	-0.17	0.17
  7714	0.0796752	-0.17	0.17
  7715	0.0353328	-0.17	0.17
  7716	0.0662467	-0.17	0.17
  7717	0.0736739	-0.17	0.17
  7718	0.0697168	-0.17	0.17
  7719	0.0514477	-0.17	0.17
  7720	0.0725412	-0.17	0.17
  7721	0.0753144	-0.17	0.17
  7722	0.0641439	-0.17	0.17
  7723	0.0595842	-0.17	0.17
  7724	0.0647076	-0.17	0.17
  7725	0.0795779	-0.17	0.17
  7726	0.0390909	-0.17	0.17
  7727	0.0571832	-0.17	0.17
  7728	0.076821	-0.17	0.17
  7729	0.0206748	-0.17	0.17
  7730	0.0720657	-0.17	0.17
  7731	0.0200863	-0.17	0.17
  7732	0.0161112	-0.17	0.17
  7733	0.0410162	-0.17	0.17
  7734	0.0794236	-0.17	0.17
  7735	0.0499948	-0.17	0.17
  7736	0.0733528	-0.17	0.17
  7737	0.0271755	-0.17	0.17
  7738	0.0774414	-0.17	0.17
  7739	0.0550252	-0.17	0.17
  7740	0.0360479	-0.17	0.17
  7741	0.0558586	-0.17	0.17
  7742	0.076271	-0.17	0.17
  7743	0.079643	-0.17	0.17
  7744	0.0791628	-0.17	0.17
  7745	0.0399773	-0.17	0.17
  7746	0.0794668	-0.17	0.17
  7747	0.0411938	-0.17	0.17
  7748	0.0593673	-0.17	0.17
  7749	0.0313002	-0.17	0.17
  7750	0.0807314	-0.17	0.17
  7751	0.0746301	-0.17	0.17
  7752	0.0791478	-0.17	0.17
  7753	0.0750492	-0.17	0.17
  7754	0.0160779	-0.17	0.17
  7755	0.0701917	-0.17	0.17
  7756	0.068532	-0.17	0.17
  7757	0.0446684	-0.17	0.17
  7758	0.0683674	-0.17	0.17
  7759	0.0761485	-0.17	0.17
  7760	0.0656421	-0.17	0.17
  7761	0.0220464	-0.17	0.17
  7762	0.0585015	-0.17	0.17
  7763	0.0570212	-0.17	0.17
  7764	0.0227289	-0.17	0.17
  7765	0.0799702	-0.17	0.17
  7766	0.0420581	-0.17	0.17
  7767	0.0175616	-0.17	0.17
  7768	0.0233359	-0.17	0.17
  7769	0.0718107	-0.17	0.17
  7770	0.051215	-0.17	0.17
  7771	0.0747059	-0.17	0.17
  7772	0.0682014	-0.17	0.17
  7773	0.0253277	-0.17	0.17
  7774	0.0655855	-0.17	0.17
  7775	0.0702362	-0.17	0.17
  7776	0.0567417	-0.17	0.17
  7777	0.077255	-0.17	0.17
  7778	0.0549602	-0.17	0.17
  7779	0.0423053	-0.17	0.17
  7780	0.065575	-0.17	0.17
  7781	0.038573	-0.17	0.17
  7782	0.0804625	-0.17	0.17
  7783	0.0742156	-0.17	0.17
  7784	0.060582	-0.17	0.17
  7785	0.0421648	-0.17	0.17
  7786	0.0357935	-0.17	0.17
  7787	0.0779449	-0.17	0.17
  7788	0.0793741	-0.17	0.17
  7789	0.0629592	-0.17	0.17
  7790	0.0547833	-0.17	0.17
  7791	0.0525524	-0.17	0.17
  7792	0.0707141	-0.17	0.17
  7793	0.0783191	-0.17	0.17
  7794	0.0255707	-0.17	0.17
  7795	0.0758827	-0.17	0.17
  7796	0.0320901	-0.17	0.17
  7797	0.0504252	-0.17	0.17
  7798	0.0733905	-0.17	0.17
  7799	0.0774383	-0.17	0.17
  7800	0.0622163	-0.17	0.17
  7801	0.0561958	-0.17	0.17
  7802	0.0482245	-0.17	0.17
  7803	0.0519862	-0.17	0.17
  7804	0.0797187	-0.17	0.17
  7805	0.0459445	-0.17	0.17
  7806	0.0665412	-0.17	0.17
  7807	0.0724323	-0.17	0.17
  7808	0.0544856	-0.17	0.17
  7809	0.0582022	-0.17	0.17
  7810	0.0658792	-0.17	0.17
  7811	0.0625836	-0.17	0.17
  7812	0.0807789	-0.17	0.17
  7813	0.0472396	-0.17	0.17
  7814	0.0162549	-0.17	0.17
  7815	0.0793978	-0.17	0.17
  7816	0.0794749	-0.17	0.17
  7817	0.0668214	-0.17	0.17
  7818	0.0795204	-0.17	0.17
  7819	0.0538232	-0.17	0.17
  7820	0.0785513	-0.17	0.17
  7821	0.0662768	-0.17	0.17
  7822	0.0385919	-0.17	0.17
  7823	0.0664494	-0.17	0.17
  7824	0.0690082	-0.17	0.17
  7825	0.0536807	-0.17	0.17
  7826	0.0471555	-0.17	0.17
  7827	0.0318494	-0.17	0.17
  7828	0.0344768	-0.17	0.17
  7829	0.0417888	-0.17	0.17
  7830	0.0752734	-0.17	0.17
  7831	0.0669055	-0.17	0.17
  7832	0.0703222	-0.17	0.17
  7833	0.0730684	-0.17	0.17
  7834	0.0688044	-0.17	0.17
  7835	0.0662515	-0.17	0.17
  7836	0.0610282	-0.17	0.17
  7837	0.0524857	-0.17	0.17
  7838	0.0551954	-0.17	0.17
  7839	0.0768795	-0.17	0.17
  7840	0.0596246	-0.17	0.17
  7841	0.0353061	-0.17	0.17
  7842	0.0609617	-0.17	0.17
  7843	0.057765	-0.17	0.17
  7844	0.0753164	-0.17	0.17
  7845	0.0438086	-0.17	0.17
  7846	0.0568128	-0.17	0.17
  7847	0.0632349	-0.17	0.17
  7848	0.0587228	-0.17	0.17
  7849	0.079425	-0.17	0.17
  7850	0.0745353	-0.17	0.17
  7851	0.0628444	-0.17	0.17
  7852	0.0582427	-0.17	0.17
  7853	0.0724918	-0.17	0.17
  7854	0.048545	-0.17	0.17
  7855	0.0637858	-0.17	0.17
  7856	0.0649513	-0.17	0.17
  7857	0.0705214	-0.17	0.17
  7858	0.0782058	-0.17	0.17
  7859	0.0317278	-0.17	0.17
  7860	0.0673997	-0.17	0.17
  7861	0.0789646	-0.17	0.17
  7862	0.0799192	-0.17	0.17
  7863	0.0468451	-0.17	0.17
  7864	0.0684593	-0.17	0.17
  7865	0.0717736	-0.17	0.17
  7866	0.0754116	-0.17	0.17
  7867	0.0646836	-0.17	0.17
  7868	0.0601417	-0.17	0.17
  7869	0.0598097	-0.17	0.17
  7870	0.033779	-0.17	0.17
  7871	0.0731902	-0.17	0.17
  7872	0.0713668	-0.17	0.17
  7873	0.0735083	-0.17	0.17
  7874	0.034909	-0.17	0.17
  7875	0.0790754	-0.17	0.17
  7876	0.0801701	-0.17	0.17
  7877	0.0603278	-0.17	0.17
  7878	0.0407055	-0.17	0.17
  7879	0.065685	-0.17	0.17
  7880	0.0492704	-0.17	0.17
  7881	0.0802515	-0.17	0.17
  7882	0.062499	-0.17	0.17
  7883	0.0479369	-0.17	0.17
  7884	0.0761418	-0.17	0.17
  7885	0.0799501	-0.17	0.17
  7886	0.0299517	-0.17	0.17
  7887	0.0792618	-0.17	0.17
  7888	0.0625751	-0.17	0.17
  7889	0.0757406	-0.17	0.17
  7890	0.0732724	-0.17	0.17
  7891	0.0544732	-0.17	0.17
  7892	0.0710492	-0.17	0.17
  7893	0.0520332	-0.17	0.17
  7894	0.0693908	-0.17	0.17
  7895	0.0313594	-0.17	0.17
  7896	0.0677218	-0.17	0.17
  7897	0.0791289	-0.17	0.17
  7898	0.0785944	-0.17	0.17
  7899	0.0390144	-0.17	0.17
  7900	0.0782051	-0.17	0.17
  7901	0.0391544	-0.17	0.17
  7902	0.0648437	-0.17	0.17
  7903	0.0576902	-0.17	0.17
  7904	0.0392837	-0.17	0.17
  7905	0.05158	-0.17	0.17
  7906	0.079273	-0.17	0.17
  7907	0.0248742	-0.17	0.17
  7908	0.0480893	-0.17	0.17
  7909	0.0580528	-0.17	0.17
  7910	0.0618514	-0.17	0.17
  7911	0.0698063	-0.17	0.17
  7912	0.0736826	-0.17	0.17
  7913	0.0596959	-0.17	0.17
  7914	0.0281032	-0.17	0.17
  7915	0.0722548	-0.17	0.17
  7916	0.0427158	-0.17	0.17
  7917	0.07185	-0.17	0.17
  7918	0.0451214	-0.17	0.17
  7919	0.0783176	-0.17	0.17
  7920	0.056766	-0.17	0.17
  7921	0.0439127	-0.17	0.17
  7922	0.0699795	-0.17	0.17
  7923	0.0577553	-0.17	0.17
  7924	0.0694497	-0.17	0.17
  7925	0.0480225	-0.17	0.17
  7926	0.0638147	-0.17	0.17
  7927	0.0754856	-0.17	0.17
  7928	0.0550064	-0.17	0.17
  7929	0.0472065	-0.17	0.17
  7930	0.0505673	-0.17	0.17
  7931	0.0432714	-0.17	0.17
  7932	0.0622471	-0.17	0.17
  7933	0.0184207	-0.17	0.17
  7934	0.0686284	-0.17	0.17
  7935	0.0632817	-0.17	0.17
  7936	0.0689594	-0.17	0.17
  7937	0.0381129	-0.17	0.17
  7938	0.0711529	-0.17	0.17
  7939	0.0729121	-0.17	0.17
  7940	0.0695963	-0.17	0.17
  7941	0.0579169	-0.17	0.17
  7942	0.0363883	-0.17	0.17
  7943	0.0782343	-0.17	0.17
  7944	0.070894	-0.17	0.17
  7945	0.0376557	-0.17	0.17
  7946	0.0486331	-0.17	0.17
  7947	0.0690435	-0.17	0.17
  7948	0.0717131	-0.17	0.17
  7949	0.0797392	-0.17	0.17
  7950	0.0790556	-0.17	0.17
  7951	0.0803455	-0.17	0.17
  7952	0.0656842	-0.17	0.17
  7953	0.0470387	-0.17	0.17
  7954	0.0693785	-0.17	0.17
  7955	0.0800228	-0.17	0.17
  7956	0.0749045	-0.17	0.17
  7957	0.0676833	-0.17	0.17
  7958	0.0361814	-0.17	0.17
  7959	0.0772093	-0.17	0.17
  7960	0.0773531	-0.17	0.17
  7961	0.0658506	-0.17	0.17
  7962	0.0609998	-0.17	0.17
  7963	0.0584244	-0.17	0.17
  7964	0.0609973	-0.17	0.17
  7965	0.0781258	-0.17	0.17
  7966	0.0538137	-0.17	0.17
  7967	0.0806586	-0.17	0.17
  7968	0.0662999	-0.17	0.17
  7969	0.0743177	-0.17	0.17
  7970	0.0798426	-0.17	0.17
  7971	0.0785163	-0.17	0.17
  7972	0.0637077	-0.17	0.17
  7973	0.0715112	-0.17	0.17
  7974	0.079621	-0.17	0.17
  7975	0.0798236	-0.17	0.17
  7976	0.0574286	-0.17	0.17
  7977	0.0391078	-0.17	0.17
  7978	0.0654983	-0.17	0.17
  7979	0.0617359	-0.17	0.17
  7980	0.0470448	-0.17	0.17
  7981	0.0387197	-0.17	0.17
  7982	0.0760461	-0.17	0.17
  7983	0.0501551	-0.17	0.17
  7984	0.0800955	-0.17	0.17
  7985	0.0341528	-0.17	0.17
  7986	0.0478364	-0.17	0.17
  7987	0.0477088	-0.17	0.17
  7988	0.0525328	-0.17	0.17
  7989	0.0785293	-0.17	0.17
  7990	0.0715116	-0.17	0.17
  7991	0.072601	-0.17	0.17
  7992	0.0805881	-0.17	0.17
  7993	0.0227185	-0.17	0.17
  7994	0.0805162	-0.17	0.17
  7995	0.0704854	-0.17	0.17
  7996	0.0636383	-0.17	0.17
  7997	0.0653367	-0.17	0.17
  7998	0.0169863	-0.17	0.17
  7999	0.0721417	-0.17	0.17
  8000	0.0759735	-0.17	0.17
  8001	0.0507429	-0.17	0.17
  8002	0.0691922	-0.17	0.17
  8003	0.0477903	-0.17	0.17
  8004	0.062051	-0.17	0.17
  8005	0.013253	-0.17	0.17
  8006	0.0636009	-0.17	0.17
  8007	0.0760998	-0.17	0.17
  8008	0.0653295	-0.17	0.17
  8009	0.0553329	-0.17	0.17
  8010	0.0429307	-0.17	0.17
  8011	0.0639743	-0.17	0.17
  8012	0.0787013	-0.17	0.17
  8013	0.0793127	-0.17	0.17
  8014	0.0210761	-0.17	0.17
  8015	0.0780719	-0.17	0.17
  8016	0.0724558	-0.17	0.17
  8017	0.071035	-0.17	0.17
  8018	0.0798935	-0.17	0.17
  8019	0.0369386	-0.17	0.17
  8020	0.0610417	-0.17	0.17
  8021	0.0681153	-0.17	0.17
  8022	0.0610654	-0.17	0.17
  8023	0.0500387	-0.17	0.17
  8024	0.0616	-0.17	0.17
  8025	0.039542	-0.17	0.17
  8026	0.0584409	-0.17	0.17
  8027	0.0481959	-0.17	0.17
  8028	0.0555746	-0.17	0.17
  8029	0.0781699	-0.17	0.17
  8030	0.0596074	-0.17	0.17
  8031	0.0399248	-0.17	0.17
  8032	0.0762378	-0.17	0.17
  8033	0.0651595	-0.17	0.17
  8034	0.0786185	-0.17	0.17
  8035	0.0699997	-0.17	0.17
  8036	0.0407092	-0.17	0.17
  8037	0.0169196	-0.17	0.17
  8038	0.0632588	-0.17	0.17
  8039	0.0297335	-0.17	0.17
  8040	0.078353	-0.17	0.17
  8041	0.0758025	-0.17	0.17
  8042	0.0176354	-0.17	0.17
  8043	0.0339026	-0.17	0.17
  8044	0.0209149	-0.17	0.17
  8045	0.0585372	-0.17	0.17
  8046	0.0596668	-0.17	0.17
  8047	0.06867	-0.17	0.17
  8048	0.0806425	-0.17	0.17
  8049	0.0646319	-0.17	0.17
  8050	0.0144802	-0.17	0.17
  8051	0.0483149	-0.17	0.17
  8052	0.0799662	-0.17	0.17
  8053	0.0643422	-0.17	0.17
  8054	0.0718894	-0.17	0.17
  8055	0.0682398	-0.17	0.17
  8056	0.0780655	-0.17	0.17
  8057	0.0766157	-0.17	0.17
  8058	0.051108	-0.17	0.17
  8059	0.0318682	-0.17	0.17
  8060	0.0484437	-0.17	0.17
  8061	0.0283399	-0.17	0.17
  8062	0.071344	-0.17	0.17
  8063	0.017541	-0.17	0.17
  8064	0.0236674	-0.17	0.17
  8065	0.0232385	-0.17	0.17
  8066	0.0808029	-0.17	0.17
  8067	0.057334	-0.17	0.17
  8068	0.0336377	-0.17	0.17
  8069	0.0771207	-0.17	0.17
  8070	0.0646841	-0.17	0.17
  8071	0.0799599	-0.17	0.17
  8072	0.0778034	-0.17	0.17
  8073	0.0608874	-0.17	0.17
  8074	0.0602291	-0.17	0.17
  8075	0.0443143	-0.17	0.17
  8076	0.0505577	-0.17	0.17
  8077	0.0777861	-0.17	0.17
  8078	0.0503831	-0.17	0.17
  8079	0.0500531	-0.17	0.17
  8080	0.0614777	-0.17	0.17
  8081	0.0805036	-0.17	0.17
  8082	0.0749073	-0.17	0.17
  8083	0.0642046	-0.17	0.17
  8084	0.0682987	-0.17	0.17
  8085	0.0590081	-0.17	0.17
  8086	0.0561573	-0.17	0.17
  8087	0.0641097	-0.17	0.17
  8088	0.0763517	-0.17	0.17
  8089	0.0600438	-0.17	0.17
  8090	0.0132778	-0.17	0.17
  8091	0.0631288	-0.17	0.17
  8092	0.0755412	-0.17	0.17
  8093	0.0576077	-0.17	0.17
  8094	0.0443285	-0.17	0.17
  8095	0.0688249	-0.17	0.17
  8096	0.0224219	-0.17	0.17
  8097	0.0577066	-0.17	0.17
  8098	0.0608903	-0.17	0.17
  8099	0.0408237	-0.17	0.17
  8100	0.0558569	-0.17	0.17
  8101	0.0549691	-0.17	0.17
  8102	0.0627743	-0.17	0.17
  8103	0.0790923	-0.17	0.17
  8104	0.0562391	-0.17	0.17
  8105	0.0785577	-0.17	0.17
  8106	0.0354531	-0.17	0.17
  8107	0.0708297	-0.17	0.17
  8108	0.0761707	-0.17	0.17
  8109	0.078294	-0.17	0.17
  8110	0.0767667	-0.17	0.17
  8111	0.0787085	-0.17	0.17
  8112	0.0798051	-0.17	0.17
  8113	0.0309157	-0.17	0.17
  8114	0.0397296	-0.17	0.17
  8115	0.0647052	-0.17	0.17
  8116	0.0131146	-0.17	0.17
  8117	0.0634857	-0.17	0.17
  8118	0.0707188	-0.17	0.17
  8119	0.0365701	-0.17	0.17
  8120	0.0506772	-0.17	0.17
  8121	0.0694028	-0.17	0.17
  8122	0.0770997	-0.17	0.17
  8123	0.0452036	-0.17	0.17
  8124	0.049697	-0.17	0.17
  8125	0.0638991	-0.17	0.17
  8126	0.0762001	-0.17	0.17
  8127	0.08029	-0.17	0.17
  8128	0.0677152	-0.17	0.17
  8129	0.0790814	-0.17	0.17
  8130	0.0168842	-0.17	0.17
  8131	0.0524233	-0.17	0.17
  8132	0.072593	-0.17	0.17
  8133	0.0462567	-0.17	0.17
  8134	0.0374954	-0.17	0.17
  8135	0.0713309	-0.17	0.17
  8136	0.0624295	-0.17	0.17
  8137	0.067591	-0.17	0.17
  8138	0.0779904	-0.17	0.17
  8139	0.0613621	-0.17	0.17
  8140	0.0805575	-0.17	0.17
  8141	0.0421688	-0.17	0.17
  8142	0.0616424	-0.17	0.17
  8143	0.0681751	-0.17	0.17
  8144	0.0522995	-0.17	0.17
  8145	0.0761487	-0.17	0.17
  8146	0.0798731	-0.17	0.17
  8147	0.0800612	-0.17	0.17
  8148	0.0734743	-0.17	0.17
  8149	0.0786283	-0.17	0.17
  8150	0.0312573	-0.17	0.17
  8151	0.0544607	-0.17	0.17
  8152	0.0805992	-0.17	0.17
  8153	0.0338403	-0.17	0.17
  8154	0.0687583	-0.17	0.17
  8155	0.0272359	-0.17	0.17
  8156	0.034302	-0.17	0.17
  8157	0.0794534	-0.17	0.17
  8158	0.0256821	-0.17	0.17
  8159	0.0760182	-0.17	0.17
  8160	0.0374012	-0.17	0.17
  8161	0.0757076	-0.17	0.17
  8162	0.050661	-0.17	0.17
  8163	0.0596233	-0.17	0.17
  8164	0.0276517	-0.17	0.17
  8165	0.0806236	-0.17	0.17
  8166	0.0436828	-0.17	0.17
  8167	0.0790671	-0.17	0.17
  8168	0.0450912	-0.17	0.17
  8169	0.041135	-0.17	0.17
  8170	0.0756307	-0.17	0.17
  8171	0.0524087	-0.17	0.17
  8172	0.0517605	-0.17	0.17
  8173	0.061883	-0.17	0.17
  8174	0.0313495	-0.17	0.17
  8175	0.0652674	-0.17	0.17
  8176	0.0775219	-0.17	0.17
  8177	0.0524116	-0.17	0.17
  8178	0.0509466	-0.17	0.17
  8179	0.0488651	-0.17	0.17
  8180	0.0465941	-0.17	0.17
  8181	0.0664238	-0.17	0.17
  8182	0.0534486	-0.17	0.17
  8183	0.0281833	-0.17	0.17
  8184	0.033267	-0.17	0.17
  8185	0.0315905	-0.17	0.17
  8186	0.0425397	-0.17	0.17
  8187	0.0363837	-0.17	0.17
  8188	0.0454528	-0.17	0.17
  8189	0.0605273	-0.17	0.17
  8190	0.0510397	-0.17	0.17
  8191	0.0546269	-0.17	0.17
  8192	0.0615554	-0.17	0.17
  8193	0.049509	-0.17	0.17
  8194	0.0722409	-0.17	0.17
  8195	0.0783257	-0.17	0.17
  8196	0.0802428	-0.17	0.17
  8197	0.0520585	-0.17	0.17
  8198	0.0522505	-0.17	0.17
  8199	0.0752247	-0.17	0.17
  8200	0.0141155	-0.17	0.17
  8201	0.0647023	-0.17	0.17
  8202	0.0761455	-0.17	0.17
  8203	0.0777017	-0.17	0.17
  8204	0.0386196	-0.17	0.17
  8205	0.0712335	-0.17	0.17
  8206	0.0514642	-0.17	0.17
  8207	0.0545151	-0.17	0.17
  8208	0.0461465	-0.17	0.17
  8209	0.0639201	-0.17	0.17
  8210	0.0686254	-0.17	0.17
  8211	0.0628712	-0.17	0.17
  8212	0.0605502	-0.17	0.17
  8213	0.0311986	-0.17	0.17
  8214	0.0686103	-0.17	0.17
  8215	0.0584451	-0.17	0.17
  8216	0.0689948	-0.17	0.17
  8217	0.0504514	-0.17	0.17
  8218	0.0757339	-0.17	0.17
  8219	0.0186812	-0.17	0.17
  8220	0.0799636	-0.17	0.17
  8221	0.0539163	-0.17	0.17
  8222	0.0481351	-0.17	0.17
  8223	0.0779277	-0.17	0.17
  8224	0.0174582	-0.17	0.17
  8225	0.0471331	-0.17	0.17
  8226	0.0804576	-0.17	0.17
  8227	0.0482991	-0.17	0.17
  8228	0.0528437	-0.17	0.17
  8229	0.0468174	-0.17	0.17
  8230	0.0753033	-0.17	0.17
  8231	0.0553426	-0.17	0.17
  8232	0.0784198	-0.17	0.17
  8233	0.0662848	-0.17	0.17
  8234	0.0728621	-0.17	0.17
  8235	0.070749	-0.17	0.17
  8236	0.0615549	-0.17	0.17
  8237	0.0757482	-0.17	0.17
  8238	0.0714238	-0.17	0.17
  8239	0.0633244	-0.17	0.17
  8240	0.071363	-0.17	0.17
  8241	0.0698546	-0.17	0.17
  8242	0.0566256	-0.17	0.17
  8243	0.0270955	-0.17	0.17
  8244	0.0783936	-0.17	0.17
  8245	0.0793295	-0.17	0.17
  8246	0.0497149	-0.17	0.17
  8247	0.0780531	-0.17	0.17
  8248	0.0219663	-0.17	0.17
  8249	0.0213895	-0.17	0.17
  8250	0.0589177	-0.17	0.17
  8251	0.018181	-0.17	0.17
  8252	0.0441914	-0.17	0.17
  8253	0.0657023	-0.17	0.17
  8254	0.0564841	-0.17	0.17
  8255	0.0501498	-0.17	0.17
  8256	0.0796635	-0.17	0.17
  8257	0.0771941	-0.17	0.17
  8258	0.0469391	-0.17	0.17
  8259	0.0710085	-0.17	0.17
  8260	0.075095	-0.17	0.17
  8261	0.0252479	-0.17	0.17
  8262	0.0654425	-0.17	0.17
  8263	0.0795605	-0.17	0.17
  8264	0.0618375	-0.17	0.17
  8265	0.0750903	-0.17	0.17
  8266	0.07931	-0.17	0.17
  8267	0.0662297	-0.17	0.17
  8268	0.0402813	-0.17	0.17
  8269	0.0742977	-0.17	0.17
  8270	0.0765576	-0.17	0.17
  8271	0.0589462	-0.17	0.17
  8272	0.0663641	-0.17	0.17
  8273	0.0487353	-0.17	0.17
  8274	0.0655116	-0.17	0.17
  8275	0.021145	-0.17	0.17
  8276	0.0435521	-0.17	0.17
  8277	0.0725936	-0.17	0.17
  8278	0.0667509	-0.17	0.17
  8279	0.0449986	-0.17	0.17
  8280	0.057558	-0.17	0.17
  8281	0.0634724	-0.17	0.17
  8282	0.079276	-0.17	0.17
  8283	0.0638704	-0.17	0.17
  8284	0.0701596	-0.17	0.17
  8285	0.0798739	-0.17	0.17
  8286	0.0633301	-0.17	0.17
  8287	0.0421405	-0.17	0.17
  8288	0.0580258	-0.17	0.17
  8289	0.0777882	-0.17	0.17
  8290	0.0441538	-0.17	0.17
  8291	0.0386396	-0.17	0.17
  8292	0.036568	-0.17	0.17
  8293	0.0653025	-0.17	0.17
  8294	0.073205	-0.17	0.17
  8295	0.0617941	-0.17	0.17
  8296	0.0775514	-0.17	0.17
  8297	0.078765	-0.17	0.17
  8298	0.0612418	-0.17	0.17
  8299	0.0514397	-0.17	0.17
  8300	0.0685836	-0.17	0.17
  8301	0.0754129	-0.17	0.17
  8302	0.0635617	-0.17	0.17
  8303	0.0342423	-0.17	0.17
  8304	0.0792537	-0.17	0.17
  8305	0.0702857	-0.17	0.17
  8306	0.0406756	-0.17	0.17
  8307	0.0657105	-0.17	0.17
  8308	0.0434213	-0.17	0.17
  8309	0.0804865	-0.17	0.17
  8310	0.0797108	-0.17	0.17
  8311	0.0435298	-0.17	0.17
  8312	0.0783005	-0.17	0.17
  8313	0.060937	-0.17	0.17
  8314	0.0756544	-0.17	0.17
  8315	0.0351544	-0.17	0.17
  8316	0.0509231	-0.17	0.17
  8317	0.0516802	-0.17	0.17
  8318	0.077857	-0.17	0.17
  8319	0.0411073	-0.17	0.17
  8320	0.0324674	-0.17	0.17
  8321	0.0566973	-0.17	0.17
  8322	0.0727287	-0.17	0.17
  8323	0.0549485	-0.17	0.17
  8324	0.0765642	-0.17	0.17
  8325	0.0742672	-0.17	0.17
  8326	0.0558657	-0.17	0.17
  8327	0.0447969	-0.17	0.17
  8328	0.0733997	-0.17	0.17
  8329	0.0442443	-0.17	0.17
  8330	0.079404	-0.17	0.17
  8331	0.0562818	-0.17	0.17
  8332	0.0659532	-0.17	0.17
  8333	0.0608179	-0.17	0.17
  8334	0.0390523	-0.17	0.17
  8335	0.073554	-0.17	0.17
  8336	0.0789936	-0.17	0.17
  8337	0.0385299	-0.17	0.17
  8338	0.0424737	-0.17	0.17
  8339	0.0572959	-0.17	0.17
  8340	0.0563492	-0.17	0.17
  8341	0.0257829	-0.17	0.17
  8342	0.0433417	-0.17	0.17
  8343	0.0773001	-0.17	0.17
  8344	0.0753704	-0.17	0.17
  8345	0.0802498	-0.17	0.17
  8346	0.0564665	-0.17	0.17
  8347	0.0734929	-0.17	0.17
  8348	0.0376838	-0.17	0.17
  8349	0.0471633	-0.17	0.17
  8350	0.0292108	-0.17	0.17
  8351	0.0451	-0.17	0.17
  8352	0.052297	-0.17	0.17
  8353	0.0791256	-0.17	0.17
  8354	0.040364	-0.17	0.17
  8355	0.0660039	-0.17	0.17
  8356	0.0470962	-0.17	0.17
  8357	0.0346172	-0.17	0.17
  8358	0.0795917	-0.17	0.17
  8359	0.0743013	-0.17	0.17
  8360	0.0454109	-0.17	0.17
  8361	0.0713902	-0.17	0.17
  8362	0.0762808	-0.17	0.17
  8363	0.0773082	-0.17	0.17
  8364	0.0513161	-0.17	0.17
  8365	0.071518	-0.17	0.17
  8366	0.0515224	-0.17	0.17
  8367	0.079495	-0.17	0.17
  8368	0.0677985	-0.17	0.17
  8369	0.0703891	-0.17	0.17
  8370	0.0297363	-0.17	0.17
  8371	0.0155717	-0.17	0.17
  8372	0.0683428	-0.17	0.17
  8373	0.0796074	-0.17	0.17
  8374	0.0464831	-0.17	0.17
  8375	0.0485311	-0.17	0.17
  8376	0.0791853	-0.17	0.17
  8377	0.0529361	-0.17	0.17
  8378	0.0437148	-0.17	0.17
  8379	0.0707058	-0.17	0.17
  8380	0.0665457	-0.17	0.17
  8381	0.0643149	-0.17	0.17
  8382	0.0615131	-0.17	0.17
  8383	0.055255	-0.17	0.17
  8384	0.0620436	-0.17	0.17
  8385	0.0615362	-0.17	0.17
  8386	0.0275021	-0.17	0.17
  8387	0.0714633	-0.17	0.17
  8388	0.0575425	-0.17	0.17
  8389	0.0644052	-0.17	0.17
  8390	0.0269081	-0.17	0.17
  8391	0.0650841	-0.17	0.17
  8392	0.0603926	-0.17	0.17
  8393	0.074412	-0.17	0.17
  8394	0.0387349	-0.17	0.17
  8395	0.031493	-0.17	0.17
  8396	0.0413165	-0.17	0.17
  8397	0.0540352	-0.17	0.17
  8398	0.0626805	-0.17	0.17
  8399	0.0447096	-0.17	0.17
  8400	0.0535303	-0.17	0.17
  8401	0.0621138	-0.17	0.17
  8402	0.079279	-0.17	0.17
  8403	0.0215452	-0.17	0.17
  8404	0.0686096	-0.17	0.17
  8405	0.021796	-0.17	0.17
  8406	0.0511502	-0.17	0.17
  8407	0.0531004	-0.17	0.17
  8408	0.076745	-0.17	0.17
  8409	0.0662789	-0.17	0.17
  8410	0.0335489	-0.17	0.17
  8411	0.0659406	-0.17	0.17
  8412	0.0792561	-0.17	0.17
  8413	0.0788013	-0.17	0.17
  8414	0.0491397	-0.17	0.17
  8415	0.0687781	-0.17	0.17
  8416	0.0749304	-0.17	0.17
  8417	0.0733688	-0.17	0.17
  8418	0.0698765	-0.17	0.17
  8419	0.024042	-0.17	0.17
  8420	0.0801738	-0.17	0.17
  8421	0.0807783	-0.17	0.17
  8422	0.077784	-0.17	0.17
  8423	0.0696303	-0.17	0.17
  8424	0.0665121	-0.17	0.17
  8425	0.0514029	-0.17	0.17
  8426	0.038132	-0.17	0.17
  8427	0.0310316	-0.17	0.17
  8428	0.076542	-0.17	0.17
  8429	0.0592527	-0.17	0.17
  8430	0.0757392	-0.17	0.17
  8431	0.0756342	-0.17	0.17
  8432	0.069603	-0.17	0.17
  8433	0.0629767	-0.17	0.17
  8434	0.0523981	-0.17	0.17
  8435	0.0359225	-0.17	0.17
  8436	0.0460046	-0.17	0.17
  8437	0.0798912	-0.17	0.17
  8438	0.0670515	-0.17	0.17
  8439	0.0501333	-0.17	0.17
  8440	0.0633496	-0.17	0.17
  8441	0.0442618	-0.17	0.17
  8442	0.043674	-0.17	0.17
  8443	0.0620515	-0.17	0.17
  8444	0.0529109	-0.17	0.17
  8445	0.0718771	-0.17	0.17
  8446	0.0423867	-0.17	0.17
  8447	0.0611173	-0.17	0.17
  8448	0.0799965	-0.17	0.17
  8449	0.0396114	-0.17	0.17
  8450	0.0739168	-0.17	0.17
  8451	0.0473052	-0.17	0.17
  8452	0.0243125	-0.17	0.17
  8453	0.0788288	-0.17	0.17
  8454	0.0439473	-0.17	0.17
  8455	0.0180299	-0.17	0.17
  8456	0.0651201	-0.17	0.17
  8457	0.0323954	-0.17	0.17
  8458	0.0518575	-0.17	0.17
  8459	0.0736192	-0.17	0.17
  8460	0.0530377	-0.17	0.17
  8461	0.035332	-0.17	0.17
  8462	0.0802507	-0.17	0.17
  8463	0.0587276	-0.17	0.17
  8464	0.0531681	-0.17	0.17
  8465	0.0547852	-0.17	0.17
  8466	0.0778675	-0.17	0.17
  8467	0.0704582	-0.17	0.17
  8468	0.0697949	-0.17	0.17
  8469	0.0383139	-0.17	0.17
  8470	0.0659018	-0.17	0.17
  8471	0.0470618	-0.17	0.17
  8472	0.0560861	-0.17	0.17
  8473	0.058307	-0.17	0.17
  8474	0.07215	-0.17	0.17
  8475	0.0556917	-0.17	0.17
  8476	0.0422298	-0.17	0.17
  8477	0.0761614	-0.17	0.17
  8478	0.042661	-0.17	0.17
  8479	0.0607089	-0.17	0.17
  8480	0.0751871	-0.17	0.17
  8481	0.0788646	-0.17	0.17
  8482	0.0789235	-0.17	0.17
  8483	0.0186256	-0.17	0.17
  8484	0.018497	-0.17	0.17
  8485	0.0324175	-0.17	0.17
  8486	0.0371503	-0.17	0.17
  8487	0.0365177	-0.17	0.17
  8488	0.0357916	-0.17	0.17
  8489	0.0228431	-0.17	0.17
  8490	0.0761713	-0.17	0.17
  8491	0.0774044	-0.17	0.17
  8492	0.0675732	-0.17	0.17
  8493	0.0534349	-0.17	0.17
  8494	0.041332	-0.17	0.17
  8495	0.0788463	-0.17	0.17
  8496	0.0247789	-0.17	0.17
  8497	0.0417078	-0.17	0.17
  8498	0.067474	-0.17	0.17
  8499	0.0530321	-0.17	0.17
  8500	0.0716832	-0.17	0.17
  8501	0.0667573	-0.17	0.17
  8502	0.07458	-0.17	0.17
  8503	0.0292667	-0.17	0.17
  8504	0.0806671	-0.17	0.17
  8505	0.0455217	-0.17	0.17
  8506	0.0754745	-0.17	0.17
  8507	0.0797449	-0.17	0.17
  8508	0.078892	-0.17	0.17
  8509	0.0802957	-0.17	0.17
  8510	0.0182763	-0.17	0.17
  8511	0.0408722	-0.17	0.17
  8512	0.07623	-0.17	0.17
  8513	0.0610103	-0.17	0.17
  8514	0.0578719	-0.17	0.17
  8515	0.0582625	-0.17	0.17
  8516	0.0785329	-0.17	0.17
  8517	0.0732805	-0.17	0.17
  8518	0.0594225	-0.17	0.17
  8519	0.0802839	-0.17	0.17
  8520	0.0683157	-0.17	0.17
  8521	0.0681318	-0.17	0.17
  8522	0.0529732	-0.17	0.17
  8523	0.0209114	-0.17	0.17
  8524	0.0801827	-0.17	0.17
  8525	0.0749173	-0.17	0.17
  8526	0.0444754	-0.17	0.17
  8527	0.0451284	-0.17	0.17
  8528	0.0544113	-0.17	0.17
  8529	0.0796417	-0.17	0.17
  8530	0.0774829	-0.17	0.17
  8531	0.080194	-0.17	0.17
  8532	0.048654	-0.17	0.17
  8533	0.0719436	-0.17	0.17
  8534	0.0382884	-0.17	0.17
  8535	0.0789673	-0.17	0.17
  8536	0.0464496	-0.17	0.17
  8537	0.0542729	-0.17	0.17
  8538	0.0414158	-0.17	0.17
  8539	0.0582842	-0.17	0.17
  8540	0.0136146	-0.17	0.17
  8541	0.0623657	-0.17	0.17
  8542	0.0715929	-0.17	0.17
  8543	0.0696007	-0.17	0.17
  8544	0.0679781	-0.17	0.17
  8545	0.0509649	-0.17	0.17
  8546	0.0781138	-0.17	0.17
  8547	0.0747172	-0.17	0.17
  8548	0.0370895	-0.17	0.17
  8549	0.0653592	-0.17	0.17
  8550	0.0757371	-0.17	0.17
  8551	0.0756388	-0.17	0.17
  8552	0.0590433	-0.17	0.17
  8553	0.0725628	-0.17	0.17
  8554	0.044525	-0.17	0.17
  8555	0.054262	-0.17	0.17
  8556	0.076034	-0.17	0.17
  8557	0.0278269	-0.17	0.17
  8558	0.0520253	-0.17	0.17
  8559	0.0178205	-0.17	0.17
  8560	0.0606067	-0.17	0.17
  8561	0.080631	-0.17	0.17
  8562	0.0320515	-0.17	0.17
  8563	0.0591643	-0.17	0.17
  8564	0.062842	-0.17	0.17
  8565	0.0418258	-0.17	0.17
  8566	0.0542205	-0.17	0.17
  8567	0.0805406	-0.17	0.17
  8568	0.0374697	-0.17	0.17
  8569	0.0521389	-0.17	0.17
  8570	0.073474	-0.17	0.17
  8571	0.0646645	-0.17	0.17
  8572	0.0762552	-0.17	0.17
  8573	0.055771	-0.17	0.17
  8574	0.0275741	-0.17	0.17
  8575	0.0442343	-0.17	0.17
  8576	0.0661941	-0.17	0.17
  8577	0.0395382	-0.17	0.17
  8578	0.0677713	-0.17	0.17
  8579	0.0633644	-0.17	0.17
  8580	0.0358463	-0.17	0.17
  8581	0.0728722	-0.17	0.17
  8582	0.0567922	-0.17	0.17
  8583	0.0717457	-0.17	0.17
  8584	0.0754778	-0.17	0.17
  8585	0.0743551	-0.17	0.17
  8586	0.0314135	-0.17	0.17
  8587	0.0724413	-0.17	0.17
  8588	0.043992	-0.17	0.17
  8589	0.0765111	-0.17	0.17
  8590	0.0605825	-0.17	0.17
  8591	0.0734534	-0.17	0.17
  8592	0.0227267	-0.17	0.17
  8593	0.0741829	-0.17	0.17
  8594	0.0743649	-0.17	0.17
  8595	0.0469417	-0.17	0.17
  8596	0.0525324	-0.17	0.17
  8597	0.0202704	-0.17	0.17
  8598	0.0641457	-0.17	0.17
  8599	0.0499474	-0.17	0.17
  8600	0.0209212	-0.17	0.17
  8601	0.0786641	-0.17	0.17
  8602	0.057945	-0.17	0.17
  8603	0.0624067	-0.17	0.17
  8604	0.0577412	-0.17	0.17
  8605	0.0793355	-0.17	0.17
  8606	0.0366505	-0.17	0.17
  8607	0.0731942	-0.17	0.17
  8608	0.0526071	-0.17	0.17
  8609	0.0709053	-0.17	0.17
  8610	0.0350646	-0.17	0.17
  8611	0.0738899	-0.17	0.17
  8612	0.050257	-0.17	0.17
  8613	0.0554459	-0.17	0.17
  8614	0.0536203	-0.17	0.17
  8615	0.0762596	-0.17	0.17
  8616	0.0216901	-0.17	0.17
  8617	0.0580427	-0.17	0.17
  8618	0.0460159	-0.17	0.17
  8619	0.0602473	-0.17	0.17
  8620	0.028564	-0.17	0.17
  8621	0.0708584	-0.17	0.17
  8622	0.0641794	-0.17	0.17
  8623	0.0687613	-0.17	0.17
  8624	0.0796344	-0.17	0.17
  8625	0.035161	-0.17	0.17
  8626	0.0580516	-0.17	0.17
  8627	0.0737889	-0.17	0.17
  8628	0.0254174	-0.17	0.17
  8629	0.0598501	-0.17	0.17
  8630	0.0736578	-0.17	0.17
  8631	0.0407556	-0.17	0.17
  8632	0.0204889	-0.17	0.17
  8633	0.0667876	-0.17	0.17
  8634	0.0630432	-0.17	0.17
  8635	0.0620859	-0.17	0.17
  8636	0.0806204	-0.17	0.17
  8637	0.0491685	-0.17	0.17
  8638	0.0420241	-0.17	0.17
  8639	0.0706571	-0.17	0.17
  8640	0.0679882	-0.17	0.17
  8641	0.0694147	-0.17	0.17
  8642	0.0644544	-0.17	0.17
  8643	0.0719189	-0.17	0.17
  8644	0.0742108	-0.17	0.17
  8645	0.071292	-0.17	0.17
  8646	0.0469744	-0.17	0.17
  8647	0.0457358	-0.17	0.17
  8648	0.0458954	-0.17	0.17
  8649	0.0493929	-0.17	0.17
  8650	0.0634376	-0.17	0.17
  8651	0.0526276	-0.17	0.17
  8652	0.0136517	-0.17	0.17
  8653	0.0625934	-0.17	0.17
  8654	0.0513614	-0.17	0.17
  8655	0.0541063	-0.17	0.17
  8656	0.0510937	-0.17	0.17
  8657	0.0655961	-0.17	0.17
  8658	0.0357992	-0.17	0.17
  8659	0.0716213	-0.17	0.17
  8660	0.0537053	-0.17	0.17
  8661	0.0729861	-0.17	0.17
  8662	0.0645614	-0.17	0.17
  8663	0.0570423	-0.17	0.17
  8664	0.0712565	-0.17	0.17
  8665	0.0793279	-0.17	0.17
  8666	0.0396907	-0.17	0.17
  8667	0.0480002	-0.17	0.17
  8668	0.0793379	-0.17	0.17
  8669	0.0330761	-0.17	0.17
  8670	0.0695734	-0.17	0.17
  8671	0.0485372	-0.17	0.17
  8672	0.0587865	-0.17	0.17
  8673	0.0788858	-0.17	0.17
  8674	0.0597633	-0.17	0.17
  8675	0.0506208	-0.17	0.17
  8676	0.0606734	-0.17	0.17
  8677	0.078822	-0.17	0.17
  8678	0.0550941	-0.17	0.17
  8679	0.0805101	-0.17	0.17
  8680	0.0349205	-0.17	0.17
  8681	0.0764264	-0.17	0.17
  8682	0.0548789	-0.17	0.17
  8683	0.0745197	-0.17	0.17
  8684	0.0447324	-0.17	0.17
  8685	0.0791322	-0.17	0.17
  8686	0.0659059	-0.17	0.17
  8687	0.071088	-0.17	0.17
  8688	0.0615206	-0.17	0.17
  8689	0.0638931	-0.17	0.17
  8690	0.0537642	-0.17	0.17
  8691	0.0758351	-0.17	0.17
  8692	0.0308025	-0.17	0.17
  8693	0.0566087	-0.17	0.17
  8694	0.0752805	-0.17	0.17
  8695	0.0685822	-0.17	0.17
  8696	0.0577777	-0.17	0.17
  8697	0.0724725	-0.17	0.17
  8698	0.0458235	-0.17	0.17
  8699	0.0669174	-0.17	0.17
  8700	0.0602542	-0.17	0.17
  8701	0.0800665	-0.17	0.17
  8702	0.0648209	-0.17	0.17
  8703	0.0721061	-0.17	0.17
  8704	0.0460613	-0.17	0.17
  8705	0.0522501	-0.17	0.17
  8706	0.068743	-0.17	0.17
  8707	0.043621	-0.17	0.17
  8708	0.0246069	-0.17	0.17
  8709	0.0589111	-0.17	0.17
  8710	0.0612897	-0.17	0.17
  8711	0.077456	-0.17	0.17
  8712	0.0428466	-0.17	0.17
  8713	0.0679804	-0.17	0.17
  8714	0.0742671	-0.17	0.17
  8715	0.0280725	-0.17	0.17
  8716	0.0181774	-0.17	0.17
  8717	0.0445782	-0.17	0.17
  8718	0.0639661	-0.17	0.17
  8719	0.0145129	-0.17	0.17
  8720	0.0509381	-0.17	0.17
  8721	0.0752211	-0.17	0.17
  8722	0.0486983	-0.17	0.17
  8723	0.0795717	-0.17	0.17
  8724	0.0515139	-0.17	0.17
  8725	0.0212689	-0.17	0.17
  8726	0.0659323	-0.17	0.17
  8727	0.0344383	-0.17	0.17
  8728	0.0552224	-0.17	0.17
  8729	0.0428238	-0.17	0.17
  8730	0.0608083	-0.17	0.17
  8731	0.0771277	-0.17	0.17
  8732	0.063755	-0.17	0.17
  8733	0.073776	-0.17	0.17
  8734	0.0764121	-0.17	0.17
  8735	0.0142446	-0.17	0.17
  8736	0.031644	-0.17	0.17
  8737	0.0766105	-0.17	0.17
  8738	0.0791884	-0.17	0.17
  8739	0.0669092	-0.17	0.17
  8740	0.0803223	-0.17	0.17
  8741	0.0782063	-0.17	0.17
  8742	0.077847	-0.17	0.17
  8743	0.0271781	-0.17	0.17
  8744	0.0559447	-0.17	0.17
  8745	0.0336679	-0.17	0.17
  8746	0.0719813	-0.17	0.17
  8747	0.0789159	-0.17	0.17
  8748	0.0689568	-0.17	0.17
  8749	0.053931	-0.17	0.17
  8750	0.0792174	-0.17	0.17
  8751	0.0559252	-0.17	0.17
  8752	0.0728979	-0.17	0.17
  8753	0.0402343	-0.17	0.17
  8754	0.0474923	-0.17	0.17
  8755	0.0625119	-0.17	0.17
  8756	0.0644715	-0.17	0.17
  8757	0.0763264	-0.17	0.17
  8758	0.0665007	-0.17	0.17
  8759	0.0611464	-0.17	0.17
  8760	0.0738338	-0.17	0.17
  8761	0.058191	-0.17	0.17
  8762	0.0542686	-0.17	0.17
  8763	0.0557911	-0.17	0.17
  8764	0.0578741	-0.17	0.17
  8765	0.016998	-0.17	0.17
  8766	0.0468278	-0.17	0.17
  8767	0.0608089	-0.17	0.17
  8768	0.0738571	-0.17	0.17
  8769	0.0545677	-0.17	0.17
  8770	0.0798282	-0.17	0.17
  8771	0.0778841	-0.17	0.17
  8772	0.038629	-0.17	0.17
  8773	0.0760216	-0.17	0.17
  8774	0.0148362	-0.17	0.17
  8775	0.0319543	-0.17	0.17
  8776	0.0670385	-0.17	0.17
  8777	0.0682531	-0.17	0.17
  8778	0.0562093	-0.17	0.17
  8779	0.0224523	-0.17	0.17
  8780	0.040074	-0.17	0.17
  8781	0.0470678	-0.17	0.17
  8782	0.0542515	-0.17	0.17
  8783	0.078086	-0.17	0.17
  8784	0.0470538	-0.17	0.17
  8785	0.0293173	-0.17	0.17
  8786	0.0703644	-0.17	0.17
  8787	0.0728105	-0.17	0.17
  8788	0.0418646	-0.17	0.17
  8789	0.072216	-0.17	0.17
  8790	0.0654639	-0.17	0.17
  8791	0.0619975	-0.17	0.17
  8792	0.0759428	-0.17	0.17
  8793	0.0428894	-0.17	0.17
  8794	0.0145702	-0.17	0.17
  8795	0.0140001	-0.17	0.17
  8796	0.0572244	-0.17	0.17
  8797	0.0705448	-0.17	0.17
  8798	0.0621087	-0.17	0.17
  8799	0.0699823	-0.17	0.17
  8800	0.0545365	-0.17	0.17
  8801	0.0234654	-0.17	0.17
  8802	0.0804216	-0.17	0.17
  8803	0.0790416	-0.17	0.17
  8804	0.0626564	-0.17	0.17
  8805	0.0665142	-0.17	0.17
  8806	0.0777974	-0.17	0.17
  8807	0.0572784	-0.17	0.17
  8808	0.0652235	-0.17	0.17
  8809	0.0392791	-0.17	0.17
  8810	0.0716327	-0.17	0.17
  8811	0.0504129	-0.17	0.17
  8812	0.0466055	-0.17	0.17
  8813	0.0236409	-0.17	0.17
  8814	0.0614022	-0.17	0.17
  8815	0.0178322	-0.17	0.17
  8816	0.0495326	-0.17	0.17
  8817	0.0743632	-0.17	0.17
  8818	0.0411741	-0.17	0.17
  8819	0.0766797	-0.17	0.17
  8820	0.0759121	-0.17	0.17
  8821	0.052002	-0.17	0.17
  8822	0.0582524	-0.17	0.17
  8823	0.0499145	-0.17	0.17
  8824	0.051375	-0.17	0.17
  8825	0.0540236	-0.17	0.17
  8826	0.0167181	-0.17	0.17
  8827	0.0596112	-0.17	0.17
  8828	0.0614762	-0.17	0.17
  8829	0.0534356	-0.17	0.17
  8830	0.0782072	-0.17	0.17
  8831	0.0607624	-0.17	0.17
  8832	0.0677622	-0.17	0.17
  8833	0.0704532	-0.17	0.17
  8834	0.0559724	-0.17	0.17
  8835	0.063883	-0.17	0.17
  8836	0.071697	-0.17	0.17
  8837	0.0730368	-0.17	0.17
  8838	0.0448943	-0.17	0.17
  8839	0.0734601	-0.17	0.17
  8840	0.0228689	-0.17	0.17
  8841	0.072945	-0.17	0.17
  8842	0.0732224	-0.17	0.17
  8843	0.0783113	-0.17	0.17
  8844	0.0733143	-0.17	0.17
  8845	0.0711142	-0.17	0.17
  8846	0.049515	-0.17	0.17
  8847	0.0544108	-0.17	0.17
  8848	0.0483798	-0.17	0.17
  8849	0.0368708	-0.17	0.17
  8850	0.0245374	-0.17	0.17
  8851	0.0391716	-0.17	0.17
  8852	0.0783133	-0.17	0.17
  8853	0.0641836	-0.17	0.17
  8854	0.0719774	-0.17	0.17
  8855	0.0739331	-0.17	0.17
  8856	0.0463568	-0.17	0.17
  8857	0.0702198	-0.17	0.17
  8858	0.021597	-0.17	0.17
  8859	0.0726653	-0.17	0.17
  8860	0.0725731	-0.17	0.17
  8861	0.0653909	-0.17	0.17
  8862	0.0384204	-0.17	0.17
  8863	0.0636791	-0.17	0.17
  8864	0.0791792	-0.17	0.17
  8865	0.0764621	-0.17	0.17
  8866	0.0797179	-0.17	0.17
  8867	0.077494	-0.17	0.17
  8868	0.0588877	-0.17	0.17
  8869	0.056077	-0.17	0.17
  8870	0.0652541	-0.17	0.17
  8871	0.0764641	-0.17	0.17
  8872	0.0574756	-0.17	0.17
  8873	0.0777336	-0.17	0.17
  8874	0.0789249	-0.17	0.17
  8875	0.0403309	-0.17	0.17
  8876	0.03347	-0.17	0.17
  8877	0.0371195	-0.17	0.17
  8878	0.0557516	-0.17	0.17
  8879	0.0803989	-0.17	0.17
  8880	0.019887	-0.17	0.17
  8881	0.0652687	-0.17	0.17
  8882	0.0782377	-0.17	0.17
  8883	0.0790094	-0.17	0.17
  8884	0.0678679	-0.17	0.17
  8885	0.0686623	-0.17	0.17
  8886	0.0212877	-0.17	0.17
  8887	0.0428932	-0.17	0.17
  8888	0.0657934	-0.17	0.17
  8889	0.0148178	-0.17	0.17
  8890	0.0673738	-0.17	0.17
  8891	0.0474117	-0.17	0.17
  8892	0.0662832	-0.17	0.17
  8893	0.0192264	-0.17	0.17
  8894	0.0258015	-0.17	0.17
  8895	0.0620965	-0.17	0.17
  8896	0.0414863	-0.17	0.17
  8897	0.0285192	-0.17	0.17
  8898	0.0540785	-0.17	0.17
  8899	0.0680298	-0.17	0.17
  8900	0.0136911	-0.17	0.17
  8901	0.0453098	-0.17	0.17
  8902	0.0407896	-0.17	0.17
  8903	0.0380803	-0.17	0.17
  8904	0.080129	-0.17	0.17
  8905	0.0619738	-0.17	0.17
  8906	0.0370517	-0.17	0.17
  8907	0.0182057	-0.17	0.17
  8908	0.0445559	-0.17	0.17
  8909	0.068543	-0.17	0.17
  8910	0.0671102	-0.17	0.17
  8911	0.0702156	-0.17	0.17
  8912	0.0609383	-0.17	0.17
  8913	0.0287584	-0.17	0.17
  8914	0.0496669	-0.17	0.17
  8915	0.0789566	-0.17	0.17
  8916	0.0136731	-0.17	0.17
  8917	0.0684148	-0.17	0.17
  8918	0.0512002	-0.17	0.17
  8919	0.0702404	-0.17	0.17
  8920	0.0807933	-0.17	0.17
  8921	0.0514381	-0.17	0.17
  8922	0.0803042	-0.17	0.17
  8923	0.0635821	-0.17	0.17
  8924	0.0808648	-0.17	0.17
  8925	0.0788218	-0.17	0.17
  8926	0.0704547	-0.17	0.17
  8927	0.0800119	-0.17	0.17
  8928	0.0268671	-0.17	0.17
  8929	0.0435148	-0.17	0.17
  8930	0.0754925	-0.17	0.17
  8931	0.0568693	-0.17	0.17
  8932	0.066382	-0.17	0.17
  8933	0.075422	-0.17	0.17
  8934	0.0709376	-0.17	0.17
  8935	0.0466759	-0.17	0.17
  8936	0.070003	-0.17	0.17
  8937	0.0706141	-0.17	0.17
  8938	0.0441682	-0.17	0.17
  8939	0.0469449	-0.17	0.17
  8940	0.0630744	-0.17	0.17
  8941	0.0795936	-0.17	0.17
  8942	0.0783552	-0.17	0.17
  8943	0.0569999	-0.17	0.17
  8944	0.0744901	-0.17	0.17
  8945	0.0339466	-0.17	0.17
  8946	0.0674816	-0.17	0.17
  8947	0.0463315	-0.17	0.17
  8948	0.0711779	-0.17	0.17
  8949	0.0563865	-0.17	0.17
  8950	0.0655289	-0.17	0.17
  8951	0.0571722	-0.17	0.17
  8952	0.0799894	-0.17	0.17
  8953	0.0767996	-0.17	0.17
  8954	0.0795207	-0.17	0.17
  8955	0.0644076	-0.17	0.17
  8956	0.038214	-0.17	0.17
  8957	0.017207	-0.17	0.17
  8958	0.0132427	-0.17	0.17
  8959	0.0680979	-0.17	0.17
  8960	0.0655116	-0.17	0.17
  8961	0.0551808	-0.17	0.17
  8962	0.0656016	-0.17	0.17
  8963	0.0718174	-0.17	0.17
  8964	0.0670695	-0.17	0.17
  8965	0.0562517	-0.17	0.17
  8966	0.0642394	-0.17	0.17
  8967	0.0576862	-0.17	0.17
  8968	0.041829	-0.17	0.17
  8969	0.0491656	-0.17	0.17
  8970	0.0784077	-0.17	0.17
  8971	0.0802812	-0.17	0.17
  8972	0.0738072	-0.17	0.17
  8973	0.0723216	-0.17	0.17
  8974	0.0526728	-0.17	0.17
  8975	0.0725941	-0.17	0.17
  8976	0.0474176	-0.17	0.17
  8977	0.0683834	-0.17	0.17
  8978	0.0630134	-0.17	0.17
  8979	0.0471507	-0.17	0.17
  8980	0.0762465	-0.17	0.17
  8981	0.0790168	-0.17	0.17
  8982	0.0708508	-0.17	0.17
  8983	0.0646669	-0.17	0.17
  8984	0.0386889	-0.17	0.17
  8985	0.0582596	-0.17	0.17
  8986	0.0677778	-0.17	0.17
  8987	0.0643423	-0.17	0.17
  8988	0.060607	-0.17	0.17
  8989	0.0799185	-0.17	0.17
  8990	0.0231597	-0.17	0.17
  8991	0.0791656	-0.17	0.17
  8992	0.0745066	-0.17	0.17
  8993	0.0221713	-0.17	0.17
  8994	0.073842	-0.17	0.17
  8995	0.0568484	-0.17	0.17
  8996	0.0396727	-0.17	0.17
  8997	0.0724069	-0.17	0.17
  8998	0.0647697	-0.17	0.17
  8999	0.0368237	-0.17	0.17
  9000	0.0202185	-0.17	0.17
  9001	0.0209558	-0.17	0.17
  9002	0.0302765	-0.17	0.17
  9003	0.0766282	-0.17	0.17
  9004	0.0142611	-0.17	0.17
  9005	0.0793147	-0.17	0.17
  9006	0.0767401	-0.17	0.17
  9007	0.049291	-0.17	0.17
  9008	0.068893	-0.17	0.17
  9009	0.0305972	-0.17	0.17
  9010	0.0576067	-0.17	0.17
  9011	0.0685665	-0.17	0.17
  9012	0.0492863	-0.17	0.17
  9013	0.0589733	-0.17	0.17
  9014	0.025778	-0.17	0.17
  9015	0.0758494	-0.17	0.17
  9016	0.0430223	-0.17	0.17
  9017	0.0807291	-0.17	0.17
  9018	0.0727823	-0.17	0.17
  9019	0.07931	-0.17	0.17
  9020	0.0797714	-0.17	0.17
  9021	0.0741309	-0.17	0.17
  9022	0.0149957	-0.17	0.17
  9023	0.056787	-0.17	0.17
  9024	0.0723408	-0.17	0.17
  9025	0.0439604	-0.17	0.17
  9026	0.0775804	-0.17	0.17
  9027	0.0762557	-0.17	0.17
  9028	0.0792645	-0.17	0.17
  9029	0.0772998	-0.17	0.17
  9030	0.0220869	-0.17	0.17
  9031	0.0600935	-0.17	0.17
  9032	0.045033	-0.17	0.17
  9033	0.0681031	-0.17	0.17
  9034	0.0469829	-0.17	0.17
  9035	0.0579197	-0.17	0.17
  9036	0.0766207	-0.17	0.17
  9037	0.0751457	-0.17	0.17
  9038	0.0187421	-0.17	0.17
  9039	0.0244445	-0.17	0.17
  9040	0.0324565	-0.17	0.17
  9041	0.0548119	-0.17	0.17
  9042	0.0590285	-0.17	0.17
  9043	0.0335844	-0.17	0.17
  9044	0.0718473	-0.17	0.17
  9045	0.0339192	-0.17	0.17
  9046	0.0710965	-0.17	0.17
  9047	0.0258141	-0.17	0.17
  9048	0.0139148	-0.17	0.17
  9049	0.0776512	-0.17	0.17
  9050	0.0376769	-0.17	0.17
  9051	0.0643299	-0.17	0.17
  9052	0.0711763	-0.17	0.17
  9053	0.0795364	-0.17	0.17
  9054	0.0393355	-0.17	0.17
  9055	0.0662595	-0.17	0.17
  9056	0.0564936	-0.17	0.17
  9057	0.0511942	-0.17	0.17
  9058	0.0799023	-0.17	0.17
  9059	0.0707807	-0.17	0.17
  9060	0.0707645	-0.17	0.17
  9061	0.0242057	-0.17	0.17
  9062	0.0794428	-0.17	0.17
  9063	0.0410946	-0.17	0.17
  9064	0.0799849	-0.17	0.17
  9065	0.0676103	-0.17	0.17
  9066	0.0482856	-0.17	0.17
  9067	0.0782879	-0.17	0.17
  9068	0.0622424	-0.17	0.17
  9069	0.0795408	-0.17	0.17
  9070	0.0133205	-0.17	0.17
  9071	0.050211	-0.17	0.17
  9072	0.0726815	-0.17	0.17
  9073	0.0505235	-0.17	0.17
  9074	0.0679942	-0.17	0.17
  9075	0.0149708	-0.17	0.17
  9076	0.0789413	-0.17	0.17
  9077	0.0224488	-0.17	0.17
  9078	0.0724125	-0.17	0.17
  9079	0.0472734	-0.17	0.17
  9080	0.0806788	-0.17	0.17
  9081	0.0394495	-0.17	0.17
  9082	0.075911	-0.17	0.17
  9083	0.0759263	-0.17	0.17
  9084	0.0453703	-0.17	0.17
  9085	0.0680933	-0.17	0.17
  9086	0.0805682	-0.17	0.17
  9087	0.0543541	-0.17	0.17
  9088	0.079787	-0.17	0.17
  9089	0.0565126	-0.17	0.17
  9090	0.0611739	-0.17	0.17
  9091	0.0786708	-0.17	0.17
  9092	0.0457662	-0.17	0.17
  9093	0.0625356	-0.17	0.17
  9094	0.0672284	-0.17	0.17
  9095	0.0571217	-0.17	0.17
  9096	0.0580416	-0.17	0.17
  9097	0.0633089	-0.17	0.17
  9098	0.075416	-0.17	0.17
  9099	0.0723101	-0.17	0.17
  9100	0.0798356	-0.17	0.17
  9101	0.057958	-0.17	0.17
  9102	0.0751649	-0.17	0.17
  9103	0.0773233	-0.17	0.17
  9104	0.0490367	-0.17	0.17
  9105	0.0732156	-0.17	0.17
  9106	0.0164562	-0.17	0.17
  9107	0.0739138	-0.17	0.17
  9108	0.0726248	-0.17	0.17
  9109	0.0712042	-0.17	0.17
  9110	0.07321	-0.17	0.17
  9111	0.0330344	-0.17	0.17
  9112	0.0528648	-0.17	0.17
  9113	0.0670051	-0.17	0.17
  9114	0.0755573	-0.17	0.17
  9115	0.0681337	-0.17	0.17
  9116	0.028638	-0.17	0.17
  9117	0.0786818	-0.17	0.17
  9118	0.0743162	-0.17	0.17
  9119	0.0666296	-0.17	0.17
  9120	0.0470419	-0.17	0.17
  9121	0.0652022	-0.17	0.17
  9122	0.0153329	-0.17	0.17
  9123	0.0297139	-0.17	0.17
  9124	0.0539251	-0.17	0.17
  9125	0.0389801	-0.17	0.17
  9126	0.0752635	-0.17	0.17
  9127	0.0410009	-0.17	0.17
  9128	0.0730478	-0.17	0.17
  9129	0.0397551	-0.17	0.17
  9130	0.063779	-0.17	0.17
  9131	0.0788315	-0.17	0.17
  9132	0.079565	-0.17	0.17
  9133	0.067167	-0.17	0.17
  9134	0.0540586	-0.17	0.17
  9135	0.0771961	-0.17	0.17
  9136	0.0696814	-0.17	0.17
  9137	0.0648534	-0.17	0.17
  9138	0.0481058	-0.17	0.17
  9139	0.0263039	-0.17	0.17
  9140	0.0297043	-0.17	0.17
  9141	0.0497363	-0.17	0.17
  9142	0.0799238	-0.17	0.17
  9143	0.0317222	-0.17	0.17
  9144	0.059419	-0.17	0.17
  9145	0.0459067	-0.17	0.17
  9146	0.072136	-0.17	0.17
  9147	0.0626864	-0.17	0.17
  9148	0.0216998	-0.17	0.17
  9149	0.0153639	-0.17	0.17
  9150	0.0366916	-0.17	0.17
  9151	0.063522	-0.17	0.17
  9152	0.0800798	-0.17	0.17
  9153	0.0792206	-0.17	0.17
  9154	0.0807439	-0.17	0.17
  9155	0.0656988	-0.17	0.17
  9156	0.0731221	-0.17	0.17
  9157	0.0754893	-0.17	0.17
  9158	0.0477967	-0.17	0.17
  9159	0.0523047	-0.17	0.17
  9160	0.0508458	-0.17	0.17
  9161	0.0489928	-0.17	0.17
  9162	0.0349488	-0.17	0.17
  9163	0.0158929	-0.17	0.17
  9164	0.0525061	-0.17	0.17
  9165	0.0618226	-0.17	0.17
  9166	0.0762558	-0.17	0.17
  9167	0.0450981	-0.17	0.17
  9168	0.044026	-0.17	0.17
  9169	0.0711075	-0.17	0.17
  9170	0.0240853	-0.17	0.17
  9171	0.039216	-0.17	0.17
  9172	0.0736134	-0.17	0.17
  9173	0.0593981	-0.17	0.17
  9174	0.0704735	-0.17	0.17
  9175	0.0523667	-0.17	0.17
  9176	0.0131787	-0.17	0.17
  9177	0.0767933	-0.17	0.17
  9178	0.0608645	-0.17	0.17
  9179	0.0600498	-0.17	0.17
  9180	0.0784414	-0.17	0.17
  9181	0.0243223	-0.17	0.17
  9182	0.0559274	-0.17	0.17
  9183	0.0539143	-0.17	0.17
  9184	0.0744737	-0.17	0.17
  9185	0.0639924	-0.17	0.17
  9186	0.0707823	-0.17	0.17
  9187	0.0728754	-0.17	0.17
  9188	0.0514691	-0.17	0.17
  9189	0.0594829	-0.17	0.17
  9190	0.0200816	-0.17	0.17
  9191	0.0767321	-0.17	0.17
  9192	0.0604174	-0.17	0.17
  9193	0.0414029	-0.17	0.17
  9194	0.076042	-0.17	0.17
  9195	0.0521955	-0.17	0.17
  9196	0.0382335	-0.17	0.17
  9197	0.0782097	-0.17	0.17
  9198	0.0682353	-0.17	0.17
  9199	0.0759042	-0.17	0.17
  9200	0.0586418	-0.17	0.17
  9201	0.0728356	-0.17	0.17
  9202	0.0466866	-0.17	0.17
  9203	0.0433714	-0.17	0.17
  9204	0.0382646	-0.17	0.17
  9205	0.0758886	-0.17	0.17
  9206	0.0638802	-0.17	0.17
  9207	0.0798116	-0.17	0.17
  9208	0.0744265	-0.17	0.17
  9209	0.0802585	-0.17	0.17
  9210	0.0699821	-0.17	0.17
  9211	0.0717681	-0.17	0.17
  9212	0.0685274	-0.17	0.17
  9213	0.069232	-0.17	0.17
  9214	0.061555	-0.17	0.17
  9215	0.0785058	-0.17	0.17
  9216	0.0728018	-0.17	0.17
  9217	0.048631	-0.17	0.17
  9218	0.0627091	-0.17	0.17
  9219	0.0552668	-0.17	0.17
  9220	0.0781978	-0.17	0.17
  9221	0.0674453	-0.17	0.17
  9222	0.0615567	-0.17	0.17
  9223	0.0787253	-0.17	0.17
  9224	0.0432685	-0.17	0.17
  9225	0.0800511	-0.17	0.17
  9226	0.0670111	-0.17	0.17
  9227	0.0502086	-0.17	0.17
  9228	0.0535353	-0.17	0.17
  9229	0.044728	-0.17	0.17
  9230	0.0577534	-0.17	0.17
  9231	0.0746139	-0.17	0.17
  9232	0.0671863	-0.17	0.17
  9233	0.0451737	-0.17	0.17
  9234	0.0773338	-0.17	0.17
  9235	0.0611252	-0.17	0.17
  9236	0.0757866	-0.17	0.17
  9237	0.0331382	-0.17	0.17
  9238	0.061892	-0.17	0.17
  9239	0.0450372	-0.17	0.17
  9240	0.079222	-0.17	0.17
  9241	0.0662115	-0.17	0.17
  9242	0.063074	-0.17	0.17
  9243	0.0520679	-0.17	0.17
  9244	0.0442853	-0.17	0.17
  9245	0.0799187	-0.17	0.17
  9246	0.0404843	-0.17	0.17
  9247	0.0717929	-0.17	0.17
  9248	0.0466862	-0.17	0.17
  9249	0.0751786	-0.17	0.17
  9250	0.0799554	-0.17	0.17
  9251	0.0598467	-0.17	0.17
  9252	0.0569481	-0.17	0.17
  9253	0.0599465	-0.17	0.17
  9254	0.0784096	-0.17	0.17
  9255	0.0479127	-0.17	0.17
  9256	0.0427563	-0.17	0.17
  9257	0.0663863	-0.17	0.17
  9258	0.0688139	-0.17	0.17
  9259	0.0739285	-0.17	0.17
  9260	0.0658986	-0.17	0.17
  9261	0.063723	-0.17	0.17
  9262	0.0239922	-0.17	0.17
  9263	0.0303898	-0.17	0.17
  9264	0.0795869	-0.17	0.17
  9265	0.0503765	-0.17	0.17
  9266	0.0630411	-0.17	0.17
  9267	0.0556854	-0.17	0.17
  9268	0.0635229	-0.17	0.17
  9269	0.0698524	-0.17	0.17
  9270	0.0685339	-0.17	0.17
  9271	0.0702469	-0.17	0.17
  9272	0.076675	-0.17	0.17
  9273	0.050211	-0.17	0.17
  9274	0.0490296	-0.17	0.17
  9275	0.0454485	-0.17	0.17
  9276	0.0650646	-0.17	0.17
  9277	0.0588514	-0.17	0.17
  9278	0.0789719	-0.17	0.17
  9279	0.0394629	-0.17	0.17
  9280	0.0303041	-0.17	0.17
  9281	0.0620157	-0.17	0.17
  9282	0.0795293	-0.17	0.17
  9283	0.0790457	-0.17	0.17
  9284	0.0554327	-0.17	0.17
  9285	0.0334474	-0.17	0.17
  9286	0.0729982	-0.17	0.17
  9287	0.0627107	-0.17	0.17
  9288	0.0741739	-0.17	0.17
  9289	0.0730935	-0.17	0.17
  9290	0.0734759	-0.17	0.17
  9291	0.0795157	-0.17	0.17
  9292	0.0711251	-0.17	0.17
  9293	0.044415	-0.17	0.17
  9294	0.0194947	-0.17	0.17
  9295	0.0264616	-0.17	0.17
  9296	0.0751079	-0.17	0.17
  9297	0.0803619	-0.17	0.17
  9298	0.0569885	-0.17	0.17
  9299	0.0660714	-0.17	0.17
  9300	0.0581457	-0.17	0.17
  9301	0.0414372	-0.17	0.17
  9302	0.0737829	-0.17	0.17
  9303	0.0688148	-0.17	0.17
  9304	0.0307991	-0.17	0.17
  9305	0.0413909	-0.17	0.17
  9306	0.0649517	-0.17	0.17
  9307	0.0795086	-0.17	0.17
  9308	0.0761653	-0.17	0.17
  9309	0.0707967	-0.17	0.17
  9310	0.0228845	-0.17	0.17
  9311	0.0509266	-0.17	0.17
  9312	0.0796128	-0.17	0.17
  9313	0.0610387	-0.17	0.17
  9314	0.0601928	-0.17	0.17
  9315	0.0798054	-0.17	0.17
  9316	0.0635106	-0.17	0.17
  9317	0.07484	-0.17	0.17
  9318	0.057325	-0.17	0.17
  9319	0.0186437	-0.17	0.17
  9320	0.0242283	-0.17	0.17
  9321	0.0719678	-0.17	0.17
  9322	0.0411241	-0.17	0.17
  9323	0.0687816	-0.17	0.17
  9324	0.0414896	-0.17	0.17
  9325	0.0336912	-0.17	0.17
  9326	0.0250685	-0.17	0.17
  9327	0.0706444	-0.17	0.17
  9328	0.0640155	-0.17	0.17
  9329	0.046443	-0.17	0.17
  9330	0.0400304	-0.17	0.17
  9331	0.0493163	-0.17	0.17
  9332	0.0660509	-0.17	0.17
  9333	0.0480828	-0.17	0.17
  9334	0.0539217	-0.17	0.17
  9335	0.0808061	-0.17	0.17
  9336	0.0448346	-0.17	0.17
  9337	0.0775629	-0.17	0.17
  9338	0.0595589	-0.17	0.17
  9339	0.0480731	-0.17	0.17
  9340	0.0696724	-0.17	0.17
  9341	0.0640853	-0.17	0.17
  9342	0.0796362	-0.17	0.17
  9343	0.0759862	-0.17	0.17
  9344	0.0518631	-0.17	0.17
  9345	0.0519748	-0.17	0.17
  9346	0.0222138	-0.17	0.17
  9347	0.055743	-0.17	0.17
  9348	0.0784312	-0.17	0.17
  9349	0.0769188	-0.17	0.17
  9350	0.0713673	-0.17	0.17
  9351	0.0806544	-0.17	0.17
  9352	0.0697591	-0.17	0.17
  9353	0.0317119	-0.17	0.17
  9354	0.0430859	-0.17	0.17
  9355	0.0636886	-0.17	0.17
  9356	0.0161688	-0.17	0.17
  9357	0.0618612	-0.17	0.17
  9358	0.0687015	-0.17	0.17
  9359	0.0668264	-0.17	0.17
  9360	0.0795329	-0.17	0.17
  9361	0.0763153	-0.17	0.17
  9362	0.0729512	-0.17	0.17
  9363	0.0459521	-0.17	0.17
  9364	0.059117	-0.17	0.17
  9365	0.0607524	-0.17	0.17
  9366	0.0129387	-0.17	0.17
  9367	0.0592092	-0.17	0.17
  9368	0.0723646	-0.17	0.17
  9369	0.0141472	-0.17	0.17
  9370	0.0722607	-0.17	0.17
  9371	0.0750823	-0.17	0.17
  9372	0.0740746	-0.17	0.17
  9373	0.0290033	-0.17	0.17
  9374	0.0316647	-0.17	0.17
  9375	0.0442992	-0.17	0.17
  9376	0.0805031	-0.17	0.17
  9377	0.0777301	-0.17	0.17
  9378	0.036336	-0.17	0.17
  9379	0.0515259	-0.17	0.17
  9380	0.063441	-0.17	0.17
  9381	0.067938	-0.17	0.17
  9382	0.0801476	-0.17	0.17
  9383	0.0286529	-0.17	0.17
  9384	0.0522729	-0.17	0.17
  9385	0.0575387	-0.17	0.17
  9386	0.0595369	-0.17	0.17
  9387	0.0666352	-0.17	0.17
  9388	0.0740137	-0.17	0.17
  9389	0.0766048	-0.17	0.17
  9390	0.0708351	-0.17	0.17
  9391	0.0671417	-0.17	0.17
  9392	0.0195723	-0.17	0.17
  9393	0.0740836	-0.17	0.17
  9394	0.0266375	-0.17	0.17
  9395	0.0730804	-0.17	0.17
  9396	0.0595822	-0.17	0.17
  9397	0.0682314	-0.17	0.17
  9398	0.0521965	-0.17	0.17
  9399	0.0503486	-0.17	0.17
  9400	0.0342278	-0.17	0.17
  9401	0.0305665	-0.17	0.17
  9402	0.0620928	-0.17	0.17
  9403	0.0433722	-0.17	0.17
  9404	0.0795592	-0.17	0.17
  9405	0.043977	-0.17	0.17
  9406	0.0740421	-0.17	0.17
  9407	0.0491798	-0.17	0.17
  9408	0.0770573	-0.17	0.17
  9409	0.0447075	-0.17	0.17
  9410	0.0615869	-0.17	0.17
  9411	0.0430165	-0.17	0.17
  9412	0.0708521	-0.17	0.17
  9413	0.0293574	-0.17	0.17
  9414	0.0727313	-0.17	0.17
  9415	0.0632754	-0.17	0.17
  9416	0.0660332	-0.17	0.17
  9417	0.05241	-0.17	0.17
  9418	0.0790339	-0.17	0.17
  9419	0.068399	-0.17	0.17
  9420	0.0272088	-0.17	0.17
  9421	0.0628808	-0.17	0.17
  9422	0.0761023	-0.17	0.17
  9423	0.0297795	-0.17	0.17
  9424	0.0511388	-0.17	0.17
  9425	0.0777917	-0.17	0.17
  9426	0.078855	-0.17	0.17
  9427	0.0442021	-0.17	0.17
  9428	0.0345013	-0.17	0.17
  9429	0.0738302	-0.17	0.17
  9430	0.0690869	-0.17	0.17
  9431	0.0773323	-0.17	0.17
  9432	0.0704086	-0.17	0.17
  9433	0.0419851	-0.17	0.17
  9434	0.0172198	-0.17	0.17
  9435	0.0556541	-0.17	0.17
  9436	0.0800433	-0.17	0.17
  9437	0.0620614	-0.17	0.17
  9438	0.0792584	-0.17	0.17
  9439	0.0440386	-0.17	0.17
  9440	0.0691369	-0.17	0.17
  9441	0.0309934	-0.17	0.17
  9442	0.0532798	-0.17	0.17
  9443	0.0379471	-0.17	0.17
  9444	0.0251274	-0.17	0.17
  9445	0.0716798	-0.17	0.17
  9446	0.0751611	-0.17	0.17
  9447	0.071456	-0.17	0.17
  9448	0.0337836	-0.17	0.17
  9449	0.0739102	-0.17	0.17
  9450	0.0682387	-0.17	0.17
  9451	0.0245103	-0.17	0.17
  9452	0.0474839	-0.17	0.17
  9453	0.020385	-0.17	0.17
  9454	0.0759063	-0.17	0.17
  9455	0.0793478	-0.17	0.17
  9456	0.0766541	-0.17	0.17
  9457	0.0687419	-0.17	0.17
  9458	0.0803971	-0.17	0.17
  9459	0.0724393	-0.17	0.17
  9460	0.0523297	-0.17	0.17
  9461	0.0258323	-0.17	0.17
  9462	0.0616256	-0.17	0.17
  9463	0.0216531	-0.17	0.17
  9464	0.0270117	-0.17	0.17
  9465	0.0775477	-0.17	0.17
  9466	0.0482312	-0.17	0.17
  9467	0.0523217	-0.17	0.17
  9468	0.0561638	-0.17	0.17
  9469	0.075014	-0.17	0.17
  9470	0.0726672	-0.17	0.17
  9471	0.07896	-0.17	0.17
  9472	0.0549735	-0.17	0.17
  9473	0.0617855	-0.17	0.17
  9474	0.0539555	-0.17	0.17
  9475	0.0241862	-0.17	0.17
  9476	0.0162502	-0.17	0.17
  9477	0.0578745	-0.17	0.17
  9478	0.0696099	-0.17	0.17
  9479	0.0794317	-0.17	0.17
  9480	0.0626114	-0.17	0.17
  9481	0.0632397	-0.17	0.17
  9482	0.0261725	-0.17	0.17
  9483	0.06524	-0.17	0.17
  9484	0.0548314	-0.17	0.17
  9485	0.0279422	-0.17	0.17
  9486	0.0664574	-0.17	0.17
  9487	0.0626161	-0.17	0.17
  9488	0.0600606	-0.17	0.17
  9489	0.0728296	-0.17	0.17
  9490	0.0482652	-0.17	0.17
  9491	0.060687	-0.17	0.17
  9492	0.0548566	-0.17	0.17
  9493	0.035537	-0.17	0.17
  9494	0.0580778	-0.17	0.17
  9495	0.0784867	-0.17	0.17
  9496	0.0569182	-0.17	0.17
  9497	0.0754176	-0.17	0.17
  9498	0.0750918	-0.17	0.17
  9499	0.0680482	-0.17	0.17
  9500	0.0755819	-0.17	0.17
  9501	0.0392507	-0.17	0.17
  9502	0.0673756	-0.17	0.17
  9503	0.0671297	-0.17	0.17
  9504	0.0748881	-0.17	0.17
  9505	0.0432683	-0.17	0.17
  9506	0.058881	-0.17	0.17
  9507	0.0792328	-0.17	0.17
  9508	0.0131687	-0.17	0.17
  9509	0.0360015	-0.17	0.17
  9510	0.0684107	-0.17	0.17
  9511	0.079523	-0.17	0.17
  9512	0.034351	-0.17	0.17
  9513	0.0735594	-0.17	0.17
  9514	0.0630548	-0.17	0.17
  9515	0.0568006	-0.17	0.17
  9516	0.0504163	-0.17	0.17
  9517	0.0552773	-0.17	0.17
  9518	0.0788086	-0.17	0.17
  9519	0.0537502	-0.17	0.17
  9520	0.069975	-0.17	0.17
  9521	0.0808165	-0.17	0.17
  9522	0.0372526	-0.17	0.17
  9523	0.0290594	-0.17	0.17
  9524	0.0692705	-0.17	0.17
  9525	0.0528677	-0.17	0.17
  9526	0.0400526	-0.17	0.17
  9527	0.0430588	-0.17	0.17
  9528	0.0550667	-0.17	0.17
  9529	0.0780928	-0.17	0.17
  9530	0.0689338	-0.17	0.17
  9531	0.0455162	-0.17	0.17
  9532	0.0778778	-0.17	0.17
  9533	0.0762184	-0.17	0.17
  9534	0.0646424	-0.17	0.17
  9535	0.0779156	-0.17	0.17
  9536	0.0778988	-0.17	0.17
  9537	0.0795042	-0.17	0.17
  9538	0.0553025	-0.17	0.17
  9539	0.0156312	-0.17	0.17
  9540	0.0132943	-0.17	0.17
  9541	0.0527277	-0.17	0.17
  9542	0.0317291	-0.17	0.17
  9543	0.0796237	-0.17	0.17
  9544	0.0670148	-0.17	0.17
  9545	0.0610442	-0.17	0.17
  9546	0.0659347	-0.17	0.17
  9547	0.0763252	-0.17	0.17
  9548	0.0671813	-0.17	0.17
  9549	0.0623696	-0.17	0.17
  9550	0.0682544	-0.17	0.17
  9551	0.0520987	-0.17	0.17
  9552	0.051367	-0.17	0.17
  9553	0.0544906	-0.17	0.17
  9554	0.0566391	-0.17	0.17
  9555	0.0542935	-0.17	0.17
  9556	0.0736268	-0.17	0.17
  9557	0.0585829	-0.17	0.17
  9558	0.016944	-0.17	0.17
  9559	0.0802057	-0.17	0.17
  9560	0.0805853	-0.17	0.17
  9561	0.0777919	-0.17	0.17
  9562	0.0458369	-0.17	0.17
  9563	0.0134268	-0.17	0.17
  9564	0.0534662	-0.17	0.17
  9565	0.0779464	-0.17	0.17
  9566	0.0738053	-0.17	0.17
  9567	0.0572094	-0.17	0.17
  9568	0.0709566	-0.17	0.17
  9569	0.0520059	-0.17	0.17
  9570	0.0314053	-0.17	0.17
  9571	0.0436962	-0.17	0.17
  9572	0.0579045	-0.17	0.17
  9573	0.0654211	-0.17	0.17
  9574	0.0480716	-0.17	0.17
  9575	0.0710811	-0.17	0.17
  9576	0.0779596	-0.17	0.17
  9577	0.0686481	-0.17	0.17
  9578	0.0804571	-0.17	0.17
  9579	0.0755994	-0.17	0.17
  9580	0.072085	-0.17	0.17
  9581	0.0803984	-0.17	0.17
  9582	0.075781	-0.17	0.17
  9583	0.0257414	-0.17	0.17
  9584	0.0484433	-0.17	0.17
  9585	0.0525398	-0.17	0.17
  9586	0.0778029	-0.17	0.17
  9587	0.0802288	-0.17	0.17
  9588	0.0639753	-0.17	0.17
  9589	0.0565749	-0.17	0.17
  9590	0.0737889	-0.17	0.17
  9591	0.0520865	-0.17	0.17
  9592	0.0612197	-0.17	0.17
  9593	0.0250845	-0.17	0.17
  9594	0.0577247	-0.17	0.17
  9595	0.0448038	-0.17	0.17
  9596	0.020709	-0.17	0.17
  9597	0.0732133	-0.17	0.17
  9598	0.0770665	-0.17	0.17
  9599	0.0538928	-0.17	0.17
  9600	0.0520442	-0.17	0.17
  9601	0.035169	-0.17	0.17
  9602	0.0656411	-0.17	0.17
  9603	0.0156793	-0.17	0.17
  9604	0.0353686	-0.17	0.17
  9605	0.0539233	-0.17	0.17
  9606	0.0482731	-0.17	0.17
  9607	0.0631027	-0.17	0.17
  9608	0.0586848	-0.17	0.17
  9609	0.0705686	-0.17	0.17
  9610	0.0727578	-0.17	0.17
  9611	0.0555606	-0.17	0.17
  9612	0.0307765	-0.17	0.17
  9613	0.0310061	-0.17	0.17
  9614	0.0635835	-0.17	0.17
  9615	0.0797806	-0.17	0.17
  9616	0.0567401	-0.17	0.17
  9617	0.0286624	-0.17	0.17
  9618	0.0651569	-0.17	0.17
  9619	0.0730658	-0.17	0.17
  9620	0.0808278	-0.17	0.17
  9621	0.0466436	-0.17	0.17
  9622	0.0689116	-0.17	0.17
  9623	0.0797567	-0.17	0.17
  9624	0.0742319	-0.17	0.17
  9625	0.0631081	-0.17	0.17
  9626	0.0676905	-0.17	0.17
  9627	0.0549551	-0.17	0.17
  9628	0.0546957	-0.17	0.17
  9629	0.0483627	-0.17	0.17
  9630	0.0634042	-0.17	0.17
  9631	0.0775276	-0.17	0.17
  9632	0.0760936	-0.17	0.17
  9633	0.0586753	-0.17	0.17
  9634	0.0740193	-0.17	0.17
  9635	0.0793898	-0.17	0.17
  9636	0.0622323	-0.17	0.17
  9637	0.0563893	-0.17	0.17
  9638	0.0408397	-0.17	0.17
  9639	0.0799874	-0.17	0.17
  9640	0.0428284	-0.17	0.17
  9641	0.0554346	-0.17	0.17
  9642	0.0512115	-0.17	0.17
  9643	0.0710999	-0.17	0.17
  9644	0.0796973	-0.17	0.17
  9645	0.0273163	-0.17	0.17
  9646	0.0311286	-0.17	0.17
  9647	0.0351922	-0.17	0.17
  9648	0.0788957	-0.17	0.17
  9649	0.0457613	-0.17	0.17
  9650	0.0585928	-0.17	0.17
  9651	0.0481695	-0.17	0.17
  9652	0.0768861	-0.17	0.17
  9653	0.0357815	-0.17	0.17
  9654	0.0286397	-0.17	0.17
  9655	0.0734409	-0.17	0.17
  9656	0.0528813	-0.17	0.17
  9657	0.0472701	-0.17	0.17
  9658	0.0676038	-0.17	0.17
  9659	0.0775677	-0.17	0.17
  9660	0.0680894	-0.17	0.17
  9661	0.0667891	-0.17	0.17
  9662	0.0667715	-0.17	0.17
  9663	0.0774436	-0.17	0.17
  9664	0.0195716	-0.17	0.17
  9665	0.079105	-0.17	0.17
  9666	0.0719727	-0.17	0.17
  9667	0.0793652	-0.17	0.17
  9668	0.0733985	-0.17	0.17
  9669	0.0335321	-0.17	0.17
  9670	0.0648563	-0.17	0.17
  9671	0.0615962	-0.17	0.17
  9672	0.0271845	-0.17	0.17
  9673	0.069373	-0.17	0.17
  9674	0.0594867	-0.17	0.17
  9675	0.0490313	-0.17	0.17
  9676	0.0592587	-0.17	0.17
  9677	0.0799411	-0.17	0.17
  9678	0.0580392	-0.17	0.17
  9679	0.0738051	-0.17	0.17
  9680	0.0552481	-0.17	0.17
  9681	0.0528418	-0.17	0.17
  9682	0.0792264	-0.17	0.17
  9683	0.0423444	-0.17	0.17
  9684	0.0467821	-0.17	0.17
  9685	0.0236989	-0.17	0.17
  9686	0.0410951	-0.17	0.17
  9687	0.0416611	-0.17	0.17
  9688	0.0545107	-0.17	0.17
  9689	0.0418308	-0.17	0.17
  9690	0.0729719	-0.17	0.17
  9691	0.0794064	-0.17	0.17
  9692	0.0669647	-0.17	0.17
  9693	0.0767889	-0.17	0.17
  9694	0.0804437	-0.17	0.17
  9695	0.0324137	-0.17	0.17
  9696	0.0779586	-0.17	0.17
  9697	0.0793534	-0.17	0.17
  9698	0.0771643	-0.17	0.17
  9699	0.0748366	-0.17	0.17
  9700	0.0543853	-0.17	0.17
  9701	0.078677	-0.17	0.17
  9702	0.0580811	-0.17	0.17
  9703	0.0450079	-0.17	0.17
  9704	0.047765	-0.17	0.17
  9705	0.0727734	-0.17	0.17
  9706	0.0649627	-0.17	0.17
  9707	0.0322389	-0.17	0.17
  9708	0.0533046	-0.17	0.17
  9709	0.0469499	-0.17	0.17
  9710	0.0686383	-0.17	0.17
  9711	0.074358	-0.17	0.17
  9712	0.0548041	-0.17	0.17
  9713	0.0713372	-0.17	0.17
  9714	0.0441036	-0.17	0.17
  9715	0.0730877	-0.17	0.17
  9716	0.0731444	-0.17	0.17
  9717	0.0765525	-0.17	0.17
  9718	0.0599459	-0.17	0.17
  9719	0.0508115	-0.17	0.17
  9720	0.0665646	-0.17	0.17
  9721	0.0408187	-0.17	0.17
  9722	0.0518546	-0.17	0.17
  9723	0.0535123	-0.17	0.17
  9724	0.0712994	-0.17	0.17
  9725	0.0811012	-0.17	0.17
  9726	0.0636569	-0.17	0.17
  9727	0.0703282	-0.17	0.17
  9728	0.0741775	-0.17	0.17
  9729	0.0781381	-0.17	0.17
  9730	0.0704297	-0.17	0.17
  9731	0.0556509	-0.17	0.17
  9732	0.062376	-0.17	0.17
  9733	0.0754819	-0.17	0.17
  9734	0.0655182	-0.17	0.17
  9735	0.0788187	-0.17	0.17
  9736	0.0731435	-0.17	0.17
  9737	0.078622	-0.17	0.17
  9738	0.0646152	-0.17	0.17
  9739	0.0764825	-0.17	0.17
  9740	0.0269988	-0.17	0.17
  9741	0.0776223	-0.17	0.17
  9742	0.0737431	-0.17	0.17
  9743	0.0479239	-0.17	0.17
  9744	0.0163302	-0.17	0.17
  9745	0.0706517	-0.17	0.17
  9746	0.0498997	-0.17	0.17
  9747	0.0713196	-0.17	0.17
  9748	0.0699138	-0.17	0.17
  9749	0.0674938	-0.17	0.17
  9750	0.0731433	-0.17	0.17
  9751	0.0687347	-0.17	0.17
  9752	0.0644965	-0.17	0.17
  9753	0.057576	-0.17	0.17
  9754	0.016872	-0.17	0.17
  9755	0.0684118	-0.17	0.17
  9756	0.0773893	-0.17	0.17
  9757	0.0695399	-0.17	0.17
  9758	0.0601458	-0.17	0.17
  9759	0.0565734	-0.17	0.17
  9760	0.0505372	-0.17	0.17
  9761	0.0637844	-0.17	0.17
  9762	0.0569022	-0.17	0.17
  9763	0.0583527	-0.17	0.17
  9764	0.0606555	-0.17	0.17
  9765	0.062377	-0.17	0.17
  9766	0.0666847	-0.17	0.17
  9767	0.0784515	-0.17	0.17
  9768	0.0807259	-0.17	0.17
  9769	0.0530158	-0.17	0.17
  9770	0.0565808	-0.17	0.17
  9771	0.053854	-0.17	0.17
  9772	0.0399348	-0.17	0.17
  9773	0.0687943	-0.17	0.17
  9774	0.0453628	-0.17	0.17
  9775	0.0518669	-0.17	0.17
  9776	0.0789854	-0.17	0.17
  9777	0.0790951	-0.17	0.17
  9778	0.0671124	-0.17	0.17
  9779	0.0708636	-0.17	0.17
  9780	0.0374797	-0.17	0.17
  9781	0.0441406	-0.17	0.17
  9782	0.07468	-0.17	0.17
  9783	0.0462763	-0.17	0.17
  9784	0.0467843	-0.17	0.17
  9785	0.0626881	-0.17	0.17
  9786	0.0591234	-0.17	0.17
  9787	0.0799679	-0.17	0.17
  9788	0.0763352	-0.17	0.17
  9789	0.0716836	-0.17	0.17
  9790	0.0531777	-0.17	0.17
  9791	0.0682116	-0.17	0.17
  9792	0.0796179	-0.17	0.17
  9793	0.0255438	-0.17	0.17
  9794	0.0556221	-0.17	0.17
  9795	0.0667812	-0.17	0.17
  9796	0.075149	-0.17	0.17
  9797	0.0586505	-0.17	0.17
  9798	0.0772524	-0.17	0.17
  9799	0.0726074	-0.17	0.17
  9800	0.044523	-0.17	0.17
  9801	0.0344285	-0.17	0.17
  9802	0.0466677	-0.17	0.17
  9803	0.0509074	-0.17	0.17
  9804	0.0604731	-0.17	0.17
  9805	0.0753187	-0.17	0.17
  9806	0.0661729	-0.17	0.17
  9807	0.0632581	-0.17	0.17
  9808	0.0666638	-0.17	0.17
  9809	0.0767242	-0.17	0.17
  9810	0.0656462	-0.17	0.17
  9811	0.0731668	-0.17	0.17
  9812	0.0737701	-0.17	0.17
  9813	0.0457567	-0.17	0.17
  9814	0.0559079	-0.17	0.17
  9815	0.0733348	-0.17	0.17
  9816	0.058875	-0.17	0.17
  9817	0.0575497	-0.17	0.17
  9818	0.0548234	-0.17	0.17
  9819	0.0663973	-0.17	0.17
  9820	0.0693379	-0.17	0.17
  9821	0.0278501	-0.17	0.17
  9822	0.0756238	-0.17	0.17
  9823	0.0491933	-0.17	0.17
  9824	0.058276	-0.17	0.17
  9825	0.0805741	-0.17	0.17
  9826	0.0525378	-0.17	0.17
  9827	0.0327652	-0.17	0.17
  9828	0.0757168	-0.17	0.17
  9829	0.0554711	-0.17	0.17
  9830	0.0788329	-0.17	0.17
  9831	0.0707308	-0.17	0.17
  9832	0.0174874	-0.17	0.17
  9833	0.0581795	-0.17	0.17
  9834	0.0256305	-0.17	0.17
  9835	0.0597671	-0.17	0.17
  9836	0.060502	-0.17	0.17
  9837	0.0583667	-0.17	0.17
  9838	0.0741645	-0.17	0.17
  9839	0.0688091	-0.17	0.17
  9840	0.0648661	-0.17	0.17
  9841	0.0259599	-0.17	0.17
  9842	0.0788855	-0.17	0.17
  9843	0.0632094	-0.17	0.17
  9844	0.0243998	-0.17	0.17
  9845	0.0277641	-0.17	0.17
  9846	0.0198235	-0.17	0.17
  9847	0.062333	-0.17	0.17
  9848	0.0188815	-0.17	0.17
  9849	0.0690761	-0.17	0.17
  9850	0.0544936	-0.17	0.17
  9851	0.0781015	-0.17	0.17
  9852	0.0675007	-0.17	0.17
  9853	0.061191	-0.17	0.17
  9854	0.0544432	-0.17	0.17
  9855	0.0395421	-0.17	0.17
  9856	0.0764206	-0.17	0.17
  9857	0.0234822	-0.17	0.17
  9858	0.0450059	-0.17	0.17
  9859	0.0587039	-0.17	0.17
  9860	0.0612266	-0.17	0.17
  9861	0.0291634	-0.17	0.17
  9862	0.0206246	-0.17	0.17
  9863	0.0629992	-0.17	0.17
  9864	0.0729917	-0.17	0.17
  9865	0.0385419	-0.17	0.17
  9866	0.0483654	-0.17	0.17
  9867	0.0701827	-0.17	0.17
  9868	0.0389223	-0.17	0.17
  9869	0.0771424	-0.17	0.17
  9870	0.053078	-0.17	0.17
  9871	0.0450364	-0.17	0.17
  9872	0.0795329	-0.17	0.17
  9873	0.0776058	-0.17	0.17
  9874	0.0760921	-0.17	0.17
  9875	0.0781031	-0.17	0.17
  9876	0.0508237	-0.17	0.17
  9877	0.0639386	-0.17	0.17
  9878	0.0135367	-0.17	0.17
  9879	0.0561265	-0.17	0.17
  9880	0.057313	-0.17	0.17
  9881	0.0283244	-0.17	0.17
  9882	0.0668309	-0.17	0.17
  9883	0.0539178	-0.17	0.17
  9884	0.0804161	-0.17	0.17
  9885	0.0395981	-0.17	0.17
  9886	0.0705011	-0.17	0.17
  9887	0.0802205	-0.17	0.17
  9888	0.0513014	-0.17	0.17
  9889	0.0583209	-0.17	0.17
  9890	0.0691686	-0.17	0.17
  9891	0.0506382	-0.17	0.17
  9892	0.0199471	-0.17	0.17
  9893	0.0668633	-0.17	0.17
  9894	0.0311613	-0.17	0.17
  9895	0.0586274	-0.17	0.17
  9896	0.060377	-0.17	0.17
  9897	0.0673925	-0.17	0.17
  9898	0.0692016	-0.17	0.17
  9899	0.0733362	-0.17	0.17
  9900	0.0761899	-0.17	0.17
  9901	0.0671177	-0.17	0.17
  9902	0.0784075	-0.17	0.17
  9903	0.0800563	-0.17	0.17
  9904	0.0490993	-0.17	0.17
  9905	0.0579067	-0.17	0.17
  9906	0.0670348	-0.17	0.17
  9907	0.071747	-0.17	0.17
  9908	0.0759111	-0.17	0.17
  9909	0.0474235	-0.17	0.17
  9910	0.077974	-0.17	0.17
  9911	0.0548225	-0.17	0.17
  9912	0.0635764	-0.17	0.17
  9913	0.049367	-0.17	0.17
  9914	0.0750173	-0.17	0.17
  9915	0.0635247	-0.17	0.17
  9916	0.0665063	-0.17	0.17
  9917	0.0753345	-0.17	0.17
  9918	0.0760042	-0.17	0.17
  9919	0.0655537	-0.17	0.17
  9920	0.0681403	-0.17	0.17
  9921	0.0521358	-0.17	0.17
  9922	0.0684278	-0.17	0.17
  9923	0.0462311	-0.17	0.17
  9924	0.0532071	-0.17	0.17
  9925	0.0423143	-0.17	0.17
  9926	0.080559	-0.17	0.17
  9927	0.0564777	-0.17	0.17
  9928	0.0656764	-0.17	0.17
  9929	0.0495287	-0.17	0.17
  9930	0.0750293	-0.17	0.17
  9931	0.0676846	-0.17	0.17
  9932	0.0530326	-0.17	0.17
  9933	0.0475888	-0.17	0.17
  9934	0.0706646	-0.17	0.17
  9935	0.030685	-0.17	0.17
  9936	0.0328446	-0.17	0.17
  9937	0.0769728	-0.17	0.17
  9938	0.0659542	-0.17	0.17
  9939	0.0708171	-0.17	0.17
  9940	0.0703726	-0.17	0.17
  9941	0.0171888	-0.17	0.17
  9942	0.0359766	-0.17	0.17
  9943	0.0316659	-0.17	0.17
  9944	0.070012	-0.17	0.17
  9945	0.0632557	-0.17	0.17
  9946	0.0647468	-0.17	0.17
  9947	0.0539472	-0.17	0.17
  9948	0.0255248	-0.17	0.17
  9949	0.062411	-0.17	0.17
  9950	0.0718036	-0.17	0.17
  9951	0.0493762	-0.17	0.17
  9952	0.0642245	-0.17	0.17
  9953	0.0654843	-0.17	0.17
  9954	0.0470945	-0.17	0.17
  9955	0.057517	-0.17	0.17
  9956	0.0274087	-0.17	0.17
  9957	0.0798141	-0.17	0.17
  9958	0.0664052	-0.17	0.17
  9959	0.0597403	-0.17	0.17
  9960	0.0741716	-0.17	0.17
  9961	0.066754	-0.17	0.17
  9962	0.0517466	-0.17	0.17
  9963	0.0589094	-0.17	0.17
  9964	0.0783426	-0.17	0.17
  9965	0.0767131	-0.17	0.17
  9966	0.0701098	-0.17	0.17
  9967	0.0663686	-0.17	0.17
  9968	0.0629025	-0.17	0.17
  9969	0.0479186	-0.17	0.17
  9970	0.060409	-0.17	0.17
  9971	0.0743731	-0.17	0.17
  9972	0.052365	-0.17	0.17
  9973	0.0500163	-0.17	0.17
  9974	0.045952	-0.17	0.17
  9975	0.0738366	-0.17	0.17
  9976	0.0645374	-0.17	0.17
  9977	0.0376658	-0.17	0.17
  9978	0.0787798	-0.17	0.17
  9979	0.0473385	-0.17	0.17
  9980	0.0654853	-0.17	0.17
  9981	0.0139146	-0.17	0.17
  9982	0.016642	-0.17	0.17
  9983	0.0653144	-0.17	0.17
  9984	0.0799704	-0.17	0.17
  9985	0.0743252	-0.17	0.17
  9986	0.0752101	-0.17	0.17
  9987	0.0736127	-0.17	0.17
  9988	0.0398815	-0.17	0.17
  9989	0.0681703	-0.17	0.17
  9990	0.0439545	-0.17	0.17
  9991	0.0474794	-0.17	0.17
  9992	0.0784144	-0.17	0.17
  9993	0.0676024	-0.17	0.17
  9994	0.0497626	-0.17	0.17
  9995	0.0328383	-0.17	0.17
  9996	0.0522962	-0.17	0.17
  9997	0.0736585	-0.17	0.17
  9998	0.0672388	-0.17	0.17
  9999	0.0583998	-0.17	0.17
 10000	0.0276087	-0.17	0.17

Measurement: SNMMIN
  step	MIN(0.707*V(v1)-0.707*V(v2))	FROM	TO
     1	-0.0748133	-0.17	0.17
     2	-0.0750502	-0.17	0.17
     3	-0.0687317	-0.17	0.17
     4	-0.0679665	-0.17	0.17
     5	-0.0576241	-0.17	0.17
     6	-0.0644245	-0.17	0.17
     7	-0.0374629	-0.17	0.17
     8	-0.0631566	-0.17	0.17
     9	-0.0587208	-0.17	0.17
    10	-0.0388262	-0.17	0.17
    11	-0.0639117	-0.17	0.17
    12	-0.0623616	-0.17	0.17
    13	-0.0532245	-0.17	0.17
    14	-0.0745153	-0.17	0.17
    15	-0.0384581	-0.17	0.17
    16	-0.0714722	-0.17	0.17
    17	-0.0147451	-0.17	0.17
    18	-0.0135811	-0.17	0.17
    19	-0.0794432	-0.17	0.17
    20	-0.0289874	-0.17	0.17
    21	-0.0501395	-0.17	0.17
    22	-0.0254296	-0.17	0.17
    23	-0.0481654	-0.17	0.17
    24	-0.0390869	-0.17	0.17
    25	-0.0262424	-0.17	0.17
    26	-0.0673572	-0.17	0.17
    27	-0.0688959	-0.17	0.17
    28	-0.049502	-0.17	0.17
    29	-0.0304546	-0.17	0.17
    30	-0.0377718	-0.17	0.17
    31	-0.0769753	-0.17	0.17
    32	-0.0747596	-0.17	0.17
    33	-0.036021	-0.17	0.17
    34	-0.0340717	-0.17	0.17
    35	-0.0694845	-0.17	0.17
    36	-0.0749578	-0.17	0.17
    37	-0.0739896	-0.17	0.17
    38	-0.063085	-0.17	0.17
    39	-0.056594	-0.17	0.17
    40	-0.0584583	-0.17	0.17
    41	-0.0433679	-0.17	0.17
    42	-0.042095	-0.17	0.17
    43	-0.0377459	-0.17	0.17
    44	-0.0659073	-0.17	0.17
    45	-0.0625027	-0.17	0.17
    46	-0.0709611	-0.17	0.17
    47	-0.0779178	-0.17	0.17
    48	-0.0585427	-0.17	0.17
    49	-0.0695769	-0.17	0.17
    50	-0.0713126	-0.17	0.17
    51	-0.0771486	-0.17	0.17
    52	-0.0590746	-0.17	0.17
    53	-0.0135147	-0.17	0.17
    54	-0.0509132	-0.17	0.17
    55	-0.0499425	-0.17	0.17
    56	-0.0539564	-0.17	0.17
    57	-0.0552517	-0.17	0.17
    58	-0.0671694	-0.17	0.17
    59	-0.0250439	-0.17	0.17
    60	-0.0739471	-0.17	0.17
    61	-0.0289273	-0.17	0.17
    62	-0.0679773	-0.17	0.17
    63	-0.0674832	-0.17	0.17
    64	-0.0735028	-0.17	0.17
    65	-0.0513389	-0.17	0.17
    66	-0.0225235	-0.17	0.17
    67	-0.0165576	-0.17	0.17
    68	-0.0148718	-0.17	0.17
    69	-0.0440281	-0.17	0.17
    70	-0.0799166	-0.17	0.17
    71	-0.0573902	-0.17	0.17
    72	-0.0739766	-0.17	0.17
    73	-0.0706102	-0.17	0.17
    74	-0.0663651	-0.17	0.17
    75	-0.0778599	-0.17	0.17
    76	-0.0796399	-0.17	0.17
    77	-0.0804727	-0.17	0.17
    78	-0.0768677	-0.17	0.17
    79	-0.0693002	-0.17	0.17
    80	-0.0317486	-0.17	0.17
    81	-0.0525994	-0.17	0.17
    82	-0.061223	-0.17	0.17
    83	-0.0774184	-0.17	0.17
    84	-0.0615942	-0.17	0.17
    85	-0.0199677	-0.17	0.17
    86	-0.0520408	-0.17	0.17
    87	-0.0677285	-0.17	0.17
    88	-0.0210348	-0.17	0.17
    89	-0.0467132	-0.17	0.17
    90	-0.0651983	-0.17	0.17
    91	-0.0737485	-0.17	0.17
    92	-0.0703982	-0.17	0.17
    93	-0.0549546	-0.17	0.17
    94	-0.079711	-0.17	0.17
    95	-0.0650433	-0.17	0.17
    96	-0.0733144	-0.17	0.17
    97	-0.0601867	-0.17	0.17
    98	-0.0802698	-0.17	0.17
    99	-0.0784596	-0.17	0.17
   100	-0.0640296	-0.17	0.17
   101	-0.0703508	-0.17	0.17
   102	-0.0772491	-0.17	0.17
   103	-0.0645023	-0.17	0.17
   104	-0.0568262	-0.17	0.17
   105	-0.0195336	-0.17	0.17
   106	-0.0426424	-0.17	0.17
   107	-0.0584487	-0.17	0.17
   108	-0.0681515	-0.17	0.17
   109	-0.0605075	-0.17	0.17
   110	-0.0727856	-0.17	0.17
   111	-0.0784484	-0.17	0.17
   112	-0.0631988	-0.17	0.17
   113	-0.0706025	-0.17	0.17
   114	-0.0720469	-0.17	0.17
   115	-0.0655109	-0.17	0.17
   116	-0.0480604	-0.17	0.17
   117	-0.0804296	-0.17	0.17
   118	-0.0450421	-0.17	0.17
   119	-0.0671389	-0.17	0.17
   120	-0.0774608	-0.17	0.17
   121	-0.0482629	-0.17	0.17
   122	-0.0802824	-0.17	0.17
   123	-0.0708214	-0.17	0.17
   124	-0.0535021	-0.17	0.17
   125	-0.0739692	-0.17	0.17
   126	-0.0382884	-0.17	0.17
   127	-0.0621853	-0.17	0.17
   128	-0.0662215	-0.17	0.17
   129	-0.0752416	-0.17	0.17
   130	-0.0506441	-0.17	0.17
   131	-0.041214	-0.17	0.17
   132	-0.0673081	-0.17	0.17
   133	-0.0676552	-0.17	0.17
   134	-0.0728579	-0.17	0.17
   135	-0.0470597	-0.17	0.17
   136	-0.0629734	-0.17	0.17
   137	-0.0204589	-0.17	0.17
   138	-0.0307146	-0.17	0.17
   139	-0.0732336	-0.17	0.17
   140	-0.0254726	-0.17	0.17
   141	-0.0454716	-0.17	0.17
   142	-0.0796376	-0.17	0.17
   143	-0.077701	-0.17	0.17
   144	-0.0801094	-0.17	0.17
   145	-0.0800025	-0.17	0.17
   146	-0.0599398	-0.17	0.17
   147	-0.0592777	-0.17	0.17
   148	-0.0235739	-0.17	0.17
   149	-0.0773164	-0.17	0.17
   150	-0.0736882	-0.17	0.17
   151	-0.0735749	-0.17	0.17
   152	-0.0757935	-0.17	0.17
   153	-0.0606961	-0.17	0.17
   154	-0.04853	-0.17	0.17
   155	-0.0457141	-0.17	0.17
   156	-0.0682726	-0.17	0.17
   157	-0.0653866	-0.17	0.17
   158	-0.055237	-0.17	0.17
   159	-0.0709056	-0.17	0.17
   160	-0.0765592	-0.17	0.17
   161	-0.0399059	-0.17	0.17
   162	-0.0781636	-0.17	0.17
   163	-0.0736717	-0.17	0.17
   164	-0.0677953	-0.17	0.17
   165	-0.0229113	-0.17	0.17
   166	-0.0791212	-0.17	0.17
   167	-0.0685621	-0.17	0.17
   168	-0.0605597	-0.17	0.17
   169	-0.0705175	-0.17	0.17
   170	-0.0756724	-0.17	0.17
   171	-0.0628508	-0.17	0.17
   172	-0.0554196	-0.17	0.17
   173	-0.0519011	-0.17	0.17
   174	-0.0779073	-0.17	0.17
   175	-0.015243	-0.17	0.17
   176	-0.0383857	-0.17	0.17
   177	-0.0354986	-0.17	0.17
   178	-0.0592866	-0.17	0.17
   179	-0.0303783	-0.17	0.17
   180	-0.0524425	-0.17	0.17
   181	-0.047667	-0.17	0.17
   182	-0.0672478	-0.17	0.17
   183	-0.075432	-0.17	0.17
   184	-0.0753849	-0.17	0.17
   185	-0.0240219	-0.17	0.17
   186	-0.0603986	-0.17	0.17
   187	-0.0338702	-0.17	0.17
   188	-0.0623919	-0.17	0.17
   189	-0.079474	-0.17	0.17
   190	-0.0354508	-0.17	0.17
   191	-0.0805179	-0.17	0.17
   192	-0.0699967	-0.17	0.17
   193	-0.0505497	-0.17	0.17
   194	-0.042088	-0.17	0.17
   195	-0.0781523	-0.17	0.17
   196	-0.0377082	-0.17	0.17
   197	-0.0803258	-0.17	0.17
   198	-0.077591	-0.17	0.17
   199	-0.041507	-0.17	0.17
   200	-0.0580283	-0.17	0.17
   201	-0.0511223	-0.17	0.17
   202	-0.0430414	-0.17	0.17
   203	-0.0724018	-0.17	0.17
   204	-0.0696089	-0.17	0.17
   205	-0.0707201	-0.17	0.17
   206	-0.0743793	-0.17	0.17
   207	-0.0590744	-0.17	0.17
   208	-0.0337133	-0.17	0.17
   209	-0.0382484	-0.17	0.17
   210	-0.0407279	-0.17	0.17
   211	-0.0543181	-0.17	0.17
   212	-0.0587501	-0.17	0.17
   213	-0.050319	-0.17	0.17
   214	-0.0452002	-0.17	0.17
   215	-0.0759855	-0.17	0.17
   216	-0.0619325	-0.17	0.17
   217	-0.0566592	-0.17	0.17
   218	-0.0597612	-0.17	0.17
   219	-0.0290463	-0.17	0.17
   220	-0.0575017	-0.17	0.17
   221	-0.0771851	-0.17	0.17
   222	-0.0760294	-0.17	0.17
   223	-0.0795935	-0.17	0.17
   224	-0.071782	-0.17	0.17
   225	-0.0776563	-0.17	0.17
   226	-0.0239117	-0.17	0.17
   227	-0.0522478	-0.17	0.17
   228	-0.0572096	-0.17	0.17
   229	-0.0463327	-0.17	0.17
   230	-0.0444946	-0.17	0.17
   231	-0.0796641	-0.17	0.17
   232	-0.0801496	-0.17	0.17
   233	-0.0742305	-0.17	0.17
   234	-0.0713353	-0.17	0.17
   235	-0.0632382	-0.17	0.17
   236	-0.0551449	-0.17	0.17
   237	-0.0735594	-0.17	0.17
   238	-0.0286471	-0.17	0.17
   239	-0.0615197	-0.17	0.17
   240	-0.0433288	-0.17	0.17
   241	-0.0606234	-0.17	0.17
   242	-0.04165	-0.17	0.17
   243	-0.0753116	-0.17	0.17
   244	-0.0232418	-0.17	0.17
   245	-0.0549712	-0.17	0.17
   246	-0.0468258	-0.17	0.17
   247	-0.046033	-0.17	0.17
   248	-0.0792878	-0.17	0.17
   249	-0.0794865	-0.17	0.17
   250	-0.0689478	-0.17	0.17
   251	-0.0617375	-0.17	0.17
   252	-0.0204584	-0.17	0.17
   253	-0.024518	-0.17	0.17
   254	-0.0151639	-0.17	0.17
   255	-0.0808005	-0.17	0.17
   256	-0.0332067	-0.17	0.17
   257	-0.0793999	-0.17	0.17
   258	-0.0522624	-0.17	0.17
   259	-0.0602654	-0.17	0.17
   260	-0.0278817	-0.17	0.17
   261	-0.0580235	-0.17	0.17
   262	-0.0516855	-0.17	0.17
   263	-0.0759763	-0.17	0.17
   264	-0.0646484	-0.17	0.17
   265	-0.0540658	-0.17	0.17
   266	-0.0563485	-0.17	0.17
   267	-0.0697924	-0.17	0.17
   268	-0.0631301	-0.17	0.17
   269	-0.0541798	-0.17	0.17
   270	-0.0628141	-0.17	0.17
   271	-0.0440825	-0.17	0.17
   272	-0.0572522	-0.17	0.17
   273	-0.0492895	-0.17	0.17
   274	-0.062861	-0.17	0.17
   275	-0.0797183	-0.17	0.17
   276	-0.0805178	-0.17	0.17
   277	-0.0798526	-0.17	0.17
   278	-0.0587728	-0.17	0.17
   279	-0.0788915	-0.17	0.17
   280	-0.0669879	-0.17	0.17
   281	-0.0647804	-0.17	0.17
   282	-0.0798988	-0.17	0.17
   283	-0.0203234	-0.17	0.17
   284	-0.0788846	-0.17	0.17
   285	-0.0580077	-0.17	0.17
   286	-0.0602139	-0.17	0.17
   287	-0.0734194	-0.17	0.17
   288	-0.0429881	-0.17	0.17
   289	-0.0698485	-0.17	0.17
   290	-0.0692682	-0.17	0.17
   291	-0.0329601	-0.17	0.17
   292	-0.0721348	-0.17	0.17
   293	-0.0782447	-0.17	0.17
   294	-0.078311	-0.17	0.17
   295	-0.0440031	-0.17	0.17
   296	-0.0727036	-0.17	0.17
   297	-0.0525636	-0.17	0.17
   298	-0.0614445	-0.17	0.17
   299	-0.0659224	-0.17	0.17
   300	-0.0559247	-0.17	0.17
   301	-0.0774753	-0.17	0.17
   302	-0.0601703	-0.17	0.17
   303	-0.0636532	-0.17	0.17
   304	-0.0559118	-0.17	0.17
   305	-0.0647004	-0.17	0.17
   306	-0.0803153	-0.17	0.17
   307	-0.080649	-0.17	0.17
   308	-0.0675778	-0.17	0.17
   309	-0.0777725	-0.17	0.17
   310	-0.0679513	-0.17	0.17
   311	-0.0550336	-0.17	0.17
   312	-0.0577993	-0.17	0.17
   313	-0.0712575	-0.17	0.17
   314	-0.0755465	-0.17	0.17
   315	-0.0618148	-0.17	0.17
   316	-0.0717688	-0.17	0.17
   317	-0.0452053	-0.17	0.17
   318	-0.0491087	-0.17	0.17
   319	-0.0789123	-0.17	0.17
   320	-0.0470576	-0.17	0.17
   321	-0.0707016	-0.17	0.17
   322	-0.0625308	-0.17	0.17
   323	-0.0555003	-0.17	0.17
   324	-0.0612796	-0.17	0.17
   325	-0.0301957	-0.17	0.17
   326	-0.0434593	-0.17	0.17
   327	-0.0530418	-0.17	0.17
   328	-0.0439764	-0.17	0.17
   329	-0.0775271	-0.17	0.17
   330	-0.0607423	-0.17	0.17
   331	-0.0248664	-0.17	0.17
   332	-0.0607427	-0.17	0.17
   333	-0.0664225	-0.17	0.17
   334	-0.0733201	-0.17	0.17
   335	-0.0308859	-0.17	0.17
   336	-0.0668632	-0.17	0.17
   337	-0.0731316	-0.17	0.17
   338	-0.0582225	-0.17	0.17
   339	-0.0768121	-0.17	0.17
   340	-0.065137	-0.17	0.17
   341	-0.0644835	-0.17	0.17
   342	-0.0490933	-0.17	0.17
   343	-0.0735562	-0.17	0.17
   344	-0.0385428	-0.17	0.17
   345	-0.0759851	-0.17	0.17
   346	-0.0448909	-0.17	0.17
   347	-0.0330515	-0.17	0.17
   348	-0.0333904	-0.17	0.17
   349	-0.0785992	-0.17	0.17
   350	-0.0492443	-0.17	0.17
   351	-0.0248223	-0.17	0.17
   352	-0.0615184	-0.17	0.17
   353	-0.0538288	-0.17	0.17
   354	-0.0385283	-0.17	0.17
   355	-0.056096	-0.17	0.17
   356	-0.0783196	-0.17	0.17
   357	-0.0272873	-0.17	0.17
   358	-0.0465887	-0.17	0.17
   359	-0.0739908	-0.17	0.17
   360	-0.0753713	-0.17	0.17
   361	-0.0680382	-0.17	0.17
   362	-0.0153181	-0.17	0.17
   363	-0.0375573	-0.17	0.17
   364	-0.0536048	-0.17	0.17
   365	-0.0791702	-0.17	0.17
   366	-0.076303	-0.17	0.17
   367	-0.0366489	-0.17	0.17
   368	-0.0445876	-0.17	0.17
   369	-0.0650969	-0.17	0.17
   370	-0.060373	-0.17	0.17
   371	-0.0685776	-0.17	0.17
   372	-0.0694613	-0.17	0.17
   373	-0.0720029	-0.17	0.17
   374	-0.0249517	-0.17	0.17
   375	-0.0744692	-0.17	0.17
   376	-0.0505027	-0.17	0.17
   377	-0.0416279	-0.17	0.17
   378	-0.0318767	-0.17	0.17
   379	-0.028661	-0.17	0.17
   380	-0.0693274	-0.17	0.17
   381	-0.0771228	-0.17	0.17
   382	-0.0600432	-0.17	0.17
   383	-0.0643997	-0.17	0.17
   384	-0.0506484	-0.17	0.17
   385	-0.0508404	-0.17	0.17
   386	-0.0691681	-0.17	0.17
   387	-0.0336691	-0.17	0.17
   388	-0.0493052	-0.17	0.17
   389	-0.0429323	-0.17	0.17
   390	-0.0771649	-0.17	0.17
   391	-0.0769437	-0.17	0.17
   392	-0.046368	-0.17	0.17
   393	-0.080364	-0.17	0.17
   394	-0.0646196	-0.17	0.17
   395	-0.0623242	-0.17	0.17
   396	-0.0437842	-0.17	0.17
   397	-0.0804068	-0.17	0.17
   398	-0.0568397	-0.17	0.17
   399	-0.0791875	-0.17	0.17
   400	-0.0249269	-0.17	0.17
   401	-0.0642974	-0.17	0.17
   402	-0.0669151	-0.17	0.17
   403	-0.0541897	-0.17	0.17
   404	-0.0506061	-0.17	0.17
   405	-0.0780973	-0.17	0.17
   406	-0.0417437	-0.17	0.17
   407	-0.0601702	-0.17	0.17
   408	-0.0645819	-0.17	0.17
   409	-0.0420062	-0.17	0.17
   410	-0.0774202	-0.17	0.17
   411	-0.062799	-0.17	0.17
   412	-0.060361	-0.17	0.17
   413	-0.0700013	-0.17	0.17
   414	-0.0581269	-0.17	0.17
   415	-0.0701449	-0.17	0.17
   416	-0.0692783	-0.17	0.17
   417	-0.080591	-0.17	0.17
   418	-0.0782672	-0.17	0.17
   419	-0.0224243	-0.17	0.17
   420	-0.0438956	-0.17	0.17
   421	-0.0694599	-0.17	0.17
   422	-0.0804861	-0.17	0.17
   423	-0.0321452	-0.17	0.17
   424	-0.0605158	-0.17	0.17
   425	-0.0638246	-0.17	0.17
   426	-0.0551627	-0.17	0.17
   427	-0.0145334	-0.17	0.17
   428	-0.0516222	-0.17	0.17
   429	-0.0630576	-0.17	0.17
   430	-0.0730704	-0.17	0.17
   431	-0.0293987	-0.17	0.17
   432	-0.0480098	-0.17	0.17
   433	-0.0793169	-0.17	0.17
   434	-0.0556089	-0.17	0.17
   435	-0.0621568	-0.17	0.17
   436	-0.0416999	-0.17	0.17
   437	-0.0746085	-0.17	0.17
   438	-0.0757856	-0.17	0.17
   439	-0.0427152	-0.17	0.17
   440	-0.0589473	-0.17	0.17
   441	-0.080251	-0.17	0.17
   442	-0.0568542	-0.17	0.17
   443	-0.0645532	-0.17	0.17
   444	-0.0750986	-0.17	0.17
   445	-0.0787744	-0.17	0.17
   446	-0.052697	-0.17	0.17
   447	-0.0796552	-0.17	0.17
   448	-0.0722864	-0.17	0.17
   449	-0.0429336	-0.17	0.17
   450	-0.0672621	-0.17	0.17
   451	-0.0719934	-0.17	0.17
   452	-0.0617169	-0.17	0.17
   453	-0.0545984	-0.17	0.17
   454	-0.0404257	-0.17	0.17
   455	-0.0792628	-0.17	0.17
   456	-0.0562638	-0.17	0.17
   457	-0.0378568	-0.17	0.17
   458	-0.0542763	-0.17	0.17
   459	-0.0657737	-0.17	0.17
   460	-0.0327287	-0.17	0.17
   461	-0.0547741	-0.17	0.17
   462	-0.0755967	-0.17	0.17
   463	-0.0685371	-0.17	0.17
   464	-0.0800817	-0.17	0.17
   465	-0.0621501	-0.17	0.17
   466	-0.0764661	-0.17	0.17
   467	-0.0542254	-0.17	0.17
   468	-0.0569611	-0.17	0.17
   469	-0.0583451	-0.17	0.17
   470	-0.0786867	-0.17	0.17
   471	-0.0612825	-0.17	0.17
   472	-0.0764845	-0.17	0.17
   473	-0.0514911	-0.17	0.17
   474	-0.0803115	-0.17	0.17
   475	-0.0792145	-0.17	0.17
   476	-0.0480863	-0.17	0.17
   477	-0.0707227	-0.17	0.17
   478	-0.0503872	-0.17	0.17
   479	-0.0796153	-0.17	0.17
   480	-0.0362245	-0.17	0.17
   481	-0.0757956	-0.17	0.17
   482	-0.0708508	-0.17	0.17
   483	-0.0202335	-0.17	0.17
   484	-0.0804696	-0.17	0.17
   485	-0.0682322	-0.17	0.17
   486	-0.062468	-0.17	0.17
   487	-0.0523479	-0.17	0.17
   488	-0.042912	-0.17	0.17
   489	-0.0617579	-0.17	0.17
   490	-0.0488547	-0.17	0.17
   491	-0.0723122	-0.17	0.17
   492	-0.0766282	-0.17	0.17
   493	-0.0356834	-0.17	0.17
   494	-0.0464316	-0.17	0.17
   495	-0.0705099	-0.17	0.17
   496	-0.0794241	-0.17	0.17
   497	-0.0691246	-0.17	0.17
   498	-0.068188	-0.17	0.17
   499	-0.058529	-0.17	0.17
   500	-0.0789483	-0.17	0.17
   501	-0.054693	-0.17	0.17
   502	-0.0516184	-0.17	0.17
   503	-0.0642872	-0.17	0.17
   504	-0.0808319	-0.17	0.17
   505	-0.0625011	-0.17	0.17
   506	-0.056575	-0.17	0.17
   507	-0.048031	-0.17	0.17
   508	-0.0560435	-0.17	0.17
   509	-0.079127	-0.17	0.17
   510	-0.047518	-0.17	0.17
   511	-0.0166243	-0.17	0.17
   512	-0.0665784	-0.17	0.17
   513	-0.0377145	-0.17	0.17
   514	-0.0796558	-0.17	0.17
   515	-0.0459739	-0.17	0.17
   516	-0.0566986	-0.17	0.17
   517	-0.0762008	-0.17	0.17
   518	-0.0453816	-0.17	0.17
   519	-0.0359539	-0.17	0.17
   520	-0.0406961	-0.17	0.17
   521	-0.0790296	-0.17	0.17
   522	-0.0146887	-0.17	0.17
   523	-0.0653628	-0.17	0.17
   524	-0.0623658	-0.17	0.17
   525	-0.0280728	-0.17	0.17
   526	-0.0251065	-0.17	0.17
   527	-0.075287	-0.17	0.17
   528	-0.0578978	-0.17	0.17
   529	-0.077728	-0.17	0.17
   530	-0.0718805	-0.17	0.17
   531	-0.0628923	-0.17	0.17
   532	-0.0605383	-0.17	0.17
   533	-0.0729252	-0.17	0.17
   534	-0.0647519	-0.17	0.17
   535	-0.0796874	-0.17	0.17
   536	-0.0681477	-0.17	0.17
   537	-0.0704176	-0.17	0.17
   538	-0.0490944	-0.17	0.17
   539	-0.0443846	-0.17	0.17
   540	-0.0561123	-0.17	0.17
   541	-0.0162285	-0.17	0.17
   542	-0.0787735	-0.17	0.17
   543	-0.033138	-0.17	0.17
   544	-0.0362413	-0.17	0.17
   545	-0.0632635	-0.17	0.17
   546	-0.0493167	-0.17	0.17
   547	-0.0645227	-0.17	0.17
   548	-0.0180226	-0.17	0.17
   549	-0.0788959	-0.17	0.17
   550	-0.0802778	-0.17	0.17
   551	-0.0721643	-0.17	0.17
   552	-0.0625242	-0.17	0.17
   553	-0.0722184	-0.17	0.17
   554	-0.0608998	-0.17	0.17
   555	-0.0205855	-0.17	0.17
   556	-0.0260247	-0.17	0.17
   557	-0.0793701	-0.17	0.17
   558	-0.0619133	-0.17	0.17
   559	-0.0477288	-0.17	0.17
   560	-0.0726047	-0.17	0.17
   561	-0.0523926	-0.17	0.17
   562	-0.0789608	-0.17	0.17
   563	-0.0186019	-0.17	0.17
   564	-0.0778472	-0.17	0.17
   565	-0.0790095	-0.17	0.17
   566	-0.0344942	-0.17	0.17
   567	-0.0798374	-0.17	0.17
   568	-0.0451227	-0.17	0.17
   569	-0.0764236	-0.17	0.17
   570	-0.068994	-0.17	0.17
   571	-0.0798082	-0.17	0.17
   572	-0.0603616	-0.17	0.17
   573	-0.0300199	-0.17	0.17
   574	-0.0792556	-0.17	0.17
   575	-0.0765832	-0.17	0.17
   576	-0.0440049	-0.17	0.17
   577	-0.0566424	-0.17	0.17
   578	-0.0529556	-0.17	0.17
   579	-0.0741331	-0.17	0.17
   580	-0.0467054	-0.17	0.17
   581	-0.0806141	-0.17	0.17
   582	-0.0781651	-0.17	0.17
   583	-0.0149417	-0.17	0.17
   584	-0.0649528	-0.17	0.17
   585	-0.044328	-0.17	0.17
   586	-0.0503235	-0.17	0.17
   587	-0.062417	-0.17	0.17
   588	-0.0328595	-0.17	0.17
   589	-0.0411255	-0.17	0.17
   590	-0.0773222	-0.17	0.17
   591	-0.0361851	-0.17	0.17
   592	-0.0666424	-0.17	0.17
   593	-0.0203014	-0.17	0.17
   594	-0.080525	-0.17	0.17
   595	-0.0794263	-0.17	0.17
   596	-0.0802175	-0.17	0.17
   597	-0.0216138	-0.17	0.17
   598	-0.0801029	-0.17	0.17
   599	-0.0593946	-0.17	0.17
   600	-0.0792861	-0.17	0.17
   601	-0.0805031	-0.17	0.17
   602	-0.0538601	-0.17	0.17
   603	-0.0804991	-0.17	0.17
   604	-0.0488951	-0.17	0.17
   605	-0.0670775	-0.17	0.17
   606	-0.0556673	-0.17	0.17
   607	-0.0564079	-0.17	0.17
   608	-0.0725407	-0.17	0.17
   609	-0.0454743	-0.17	0.17
   610	-0.0754344	-0.17	0.17
   611	-0.0788647	-0.17	0.17
   612	-0.0236385	-0.17	0.17
   613	-0.0567478	-0.17	0.17
   614	-0.0677253	-0.17	0.17
   615	-0.0545426	-0.17	0.17
   616	-0.0518093	-0.17	0.17
   617	-0.0790289	-0.17	0.17
   618	-0.0728541	-0.17	0.17
   619	-0.0239143	-0.17	0.17
   620	-0.0742491	-0.17	0.17
   621	-0.0689673	-0.17	0.17
   622	-0.0576944	-0.17	0.17
   623	-0.0441655	-0.17	0.17
   624	-0.0435246	-0.17	0.17
   625	-0.0778593	-0.17	0.17
   626	-0.0750688	-0.17	0.17
   627	-0.0446133	-0.17	0.17
   628	-0.0467763	-0.17	0.17
   629	-0.0433076	-0.17	0.17
   630	-0.0165968	-0.17	0.17
   631	-0.0487328	-0.17	0.17
   632	-0.0555187	-0.17	0.17
   633	-0.0633042	-0.17	0.17
   634	-0.0638404	-0.17	0.17
   635	-0.0208502	-0.17	0.17
   636	-0.0738133	-0.17	0.17
   637	-0.0426409	-0.17	0.17
   638	-0.0787794	-0.17	0.17
   639	-0.0803509	-0.17	0.17
   640	-0.0655784	-0.17	0.17
   641	-0.0482415	-0.17	0.17
   642	-0.053116	-0.17	0.17
   643	-0.0560001	-0.17	0.17
   644	-0.0519046	-0.17	0.17
   645	-0.0804464	-0.17	0.17
   646	-0.0261358	-0.17	0.17
   647	-0.0731888	-0.17	0.17
   648	-0.0487586	-0.17	0.17
   649	-0.0205872	-0.17	0.17
   650	-0.0449416	-0.17	0.17
   651	-0.0744826	-0.17	0.17
   652	-0.0421843	-0.17	0.17
   653	-0.070953	-0.17	0.17
   654	-0.0562007	-0.17	0.17
   655	-0.0277548	-0.17	0.17
   656	-0.0535761	-0.17	0.17
   657	-0.0628102	-0.17	0.17
   658	-0.0385675	-0.17	0.17
   659	-0.0665001	-0.17	0.17
   660	-0.0787946	-0.17	0.17
   661	-0.0563212	-0.17	0.17
   662	-0.0795979	-0.17	0.17
   663	-0.0414145	-0.17	0.17
   664	-0.0796277	-0.17	0.17
   665	-0.0752699	-0.17	0.17
   666	-0.0173834	-0.17	0.17
   667	-0.0358169	-0.17	0.17
   668	-0.0686921	-0.17	0.17
   669	-0.0450411	-0.17	0.17
   670	-0.0411264	-0.17	0.17
   671	-0.0578023	-0.17	0.17
   672	-0.0747594	-0.17	0.17
   673	-0.0641443	-0.17	0.17
   674	-0.0384023	-0.17	0.17
   675	-0.0579467	-0.17	0.17
   676	-0.0800984	-0.17	0.17
   677	-0.0582341	-0.17	0.17
   678	-0.070289	-0.17	0.17
   679	-0.0581598	-0.17	0.17
   680	-0.0544135	-0.17	0.17
   681	-0.0661813	-0.17	0.17
   682	-0.078871	-0.17	0.17
   683	-0.0727681	-0.17	0.17
   684	-0.0799654	-0.17	0.17
   685	-0.0420886	-0.17	0.17
   686	-0.0467978	-0.17	0.17
   687	-0.0227238	-0.17	0.17
   688	-0.0494338	-0.17	0.17
   689	-0.0560046	-0.17	0.17
   690	-0.0539521	-0.17	0.17
   691	-0.0723821	-0.17	0.17
   692	-0.0668032	-0.17	0.17
   693	-0.0720261	-0.17	0.17
   694	-0.0599847	-0.17	0.17
   695	-0.0454061	-0.17	0.17
   696	-0.023313	-0.17	0.17
   697	-0.058828	-0.17	0.17
   698	-0.0129912	-0.17	0.17
   699	-0.0524943	-0.17	0.17
   700	-0.046081	-0.17	0.17
   701	-0.0803849	-0.17	0.17
   702	-0.0775192	-0.17	0.17
   703	-0.043054	-0.17	0.17
   704	-0.0663939	-0.17	0.17
   705	-0.076965	-0.17	0.17
   706	-0.0133451	-0.17	0.17
   707	-0.0791141	-0.17	0.17
   708	-0.0214149	-0.17	0.17
   709	-0.0691211	-0.17	0.17
   710	-0.0802861	-0.17	0.17
   711	-0.0670955	-0.17	0.17
   712	-0.0624623	-0.17	0.17
   713	-0.0774307	-0.17	0.17
   714	-0.0784182	-0.17	0.17
   715	-0.0384991	-0.17	0.17
   716	-0.0287958	-0.17	0.17
   717	-0.0764354	-0.17	0.17
   718	-0.0567176	-0.17	0.17
   719	-0.0697582	-0.17	0.17
   720	-0.0647726	-0.17	0.17
   721	-0.0168949	-0.17	0.17
   722	-0.040377	-0.17	0.17
   723	-0.0252158	-0.17	0.17
   724	-0.0557955	-0.17	0.17
   725	-0.0691781	-0.17	0.17
   726	-0.0742318	-0.17	0.17
   727	-0.0459635	-0.17	0.17
   728	-0.0499772	-0.17	0.17
   729	-0.0687268	-0.17	0.17
   730	-0.0728066	-0.17	0.17
   731	-0.0703682	-0.17	0.17
   732	-0.0767858	-0.17	0.17
   733	-0.0655361	-0.17	0.17
   734	-0.0605401	-0.17	0.17
   735	-0.0745793	-0.17	0.17
   736	-0.0657693	-0.17	0.17
   737	-0.0710722	-0.17	0.17
   738	-0.0795551	-0.17	0.17
   739	-0.0794402	-0.17	0.17
   740	-0.0771273	-0.17	0.17
   741	-0.0770153	-0.17	0.17
   742	-0.0239242	-0.17	0.17
   743	-0.0615924	-0.17	0.17
   744	-0.0616102	-0.17	0.17
   745	-0.0743964	-0.17	0.17
   746	-0.0458697	-0.17	0.17
   747	-0.0800587	-0.17	0.17
   748	-0.0298228	-0.17	0.17
   749	-0.0715915	-0.17	0.17
   750	-0.0767257	-0.17	0.17
   751	-0.0583605	-0.17	0.17
   752	-0.0588523	-0.17	0.17
   753	-0.0358032	-0.17	0.17
   754	-0.0463009	-0.17	0.17
   755	-0.0712191	-0.17	0.17
   756	-0.075182	-0.17	0.17
   757	-0.0786481	-0.17	0.17
   758	-0.0693649	-0.17	0.17
   759	-0.0618344	-0.17	0.17
   760	-0.0411176	-0.17	0.17
   761	-0.0295691	-0.17	0.17
   762	-0.07075	-0.17	0.17
   763	-0.0230708	-0.17	0.17
   764	-0.058944	-0.17	0.17
   765	-0.0736964	-0.17	0.17
   766	-0.0452946	-0.17	0.17
   767	-0.0779114	-0.17	0.17
   768	-0.0775306	-0.17	0.17
   769	-0.0345229	-0.17	0.17
   770	-0.0767217	-0.17	0.17
   771	-0.0613523	-0.17	0.17
   772	-0.0674374	-0.17	0.17
   773	-0.0749631	-0.17	0.17
   774	-0.048411	-0.17	0.17
   775	-0.0146663	-0.17	0.17
   776	-0.0404217	-0.17	0.17
   777	-0.0770399	-0.17	0.17
   778	-0.0498762	-0.17	0.17
   779	-0.0450221	-0.17	0.17
   780	-0.0599545	-0.17	0.17
   781	-0.0788727	-0.17	0.17
   782	-0.0458966	-0.17	0.17
   783	-0.0784817	-0.17	0.17
   784	-0.0521461	-0.17	0.17
   785	-0.0727867	-0.17	0.17
   786	-0.0548201	-0.17	0.17
   787	-0.0801556	-0.17	0.17
   788	-0.0642856	-0.17	0.17
   789	-0.0375164	-0.17	0.17
   790	-0.0591486	-0.17	0.17
   791	-0.0739977	-0.17	0.17
   792	-0.0593569	-0.17	0.17
   793	-0.0500986	-0.17	0.17
   794	-0.0687223	-0.17	0.17
   795	-0.0646258	-0.17	0.17
   796	-0.0787213	-0.17	0.17
   797	-0.0732651	-0.17	0.17
   798	-0.0405311	-0.17	0.17
   799	-0.0641298	-0.17	0.17
   800	-0.0538016	-0.17	0.17
   801	-0.0799829	-0.17	0.17
   802	-0.0181358	-0.17	0.17
   803	-0.0489328	-0.17	0.17
   804	-0.0788095	-0.17	0.17
   805	-0.0683871	-0.17	0.17
   806	-0.0432901	-0.17	0.17
   807	-0.071583	-0.17	0.17
   808	-0.0431518	-0.17	0.17
   809	-0.05086	-0.17	0.17
   810	-0.0579794	-0.17	0.17
   811	-0.0296038	-0.17	0.17
   812	-0.0189116	-0.17	0.17
   813	-0.04178	-0.17	0.17
   814	-0.0559112	-0.17	0.17
   815	-0.0204273	-0.17	0.17
   816	-0.0332963	-0.17	0.17
   817	-0.063233	-0.17	0.17
   818	-0.0458095	-0.17	0.17
   819	-0.0520938	-0.17	0.17
   820	-0.0726298	-0.17	0.17
   821	-0.058588	-0.17	0.17
   822	-0.048873	-0.17	0.17
   823	-0.0741068	-0.17	0.17
   824	-0.0133977	-0.17	0.17
   825	-0.0417744	-0.17	0.17
   826	-0.0551219	-0.17	0.17
   827	-0.075303	-0.17	0.17
   828	-0.0755179	-0.17	0.17
   829	-0.0657144	-0.17	0.17
   830	-0.0477746	-0.17	0.17
   831	-0.0560866	-0.17	0.17
   832	-0.0244597	-0.17	0.17
   833	-0.0592588	-0.17	0.17
   834	-0.0260801	-0.17	0.17
   835	-0.0529016	-0.17	0.17
   836	-0.0653754	-0.17	0.17
   837	-0.0394413	-0.17	0.17
   838	-0.0484355	-0.17	0.17
   839	-0.0509154	-0.17	0.17
   840	-0.0327155	-0.17	0.17
   841	-0.0769863	-0.17	0.17
   842	-0.0737407	-0.17	0.17
   843	-0.0404802	-0.17	0.17
   844	-0.0726674	-0.17	0.17
   845	-0.0771621	-0.17	0.17
   846	-0.0798259	-0.17	0.17
   847	-0.066665	-0.17	0.17
   848	-0.0717144	-0.17	0.17
   849	-0.0711109	-0.17	0.17
   850	-0.0571635	-0.17	0.17
   851	-0.0620235	-0.17	0.17
   852	-0.0625563	-0.17	0.17
   853	-0.0183562	-0.17	0.17
   854	-0.0340074	-0.17	0.17
   855	-0.0636636	-0.17	0.17
   856	-0.078951	-0.17	0.17
   857	-0.0614526	-0.17	0.17
   858	-0.0726279	-0.17	0.17
   859	-0.0710653	-0.17	0.17
   860	-0.0773008	-0.17	0.17
   861	-0.0474523	-0.17	0.17
   862	-0.0797128	-0.17	0.17
   863	-0.0722267	-0.17	0.17
   864	-0.0443202	-0.17	0.17
   865	-0.0489365	-0.17	0.17
   866	-0.0447438	-0.17	0.17
   867	-0.0354469	-0.17	0.17
   868	-0.0586195	-0.17	0.17
   869	-0.0354872	-0.17	0.17
   870	-0.0387339	-0.17	0.17
   871	-0.0766459	-0.17	0.17
   872	-0.0443808	-0.17	0.17
   873	-0.0551743	-0.17	0.17
   874	-0.0469841	-0.17	0.17
   875	-0.0544868	-0.17	0.17
   876	-0.0521341	-0.17	0.17
   877	-0.067102	-0.17	0.17
   878	-0.0712746	-0.17	0.17
   879	-0.0592954	-0.17	0.17
   880	-0.0699431	-0.17	0.17
   881	-0.0316443	-0.17	0.17
   882	-0.0225439	-0.17	0.17
   883	-0.0299228	-0.17	0.17
   884	-0.075262	-0.17	0.17
   885	-0.0803162	-0.17	0.17
   886	-0.0709672	-0.17	0.17
   887	-0.0729358	-0.17	0.17
   888	-0.062591	-0.17	0.17
   889	-0.0428508	-0.17	0.17
   890	-0.0657861	-0.17	0.17
   891	-0.0312647	-0.17	0.17
   892	-0.080417	-0.17	0.17
   893	-0.0556553	-0.17	0.17
   894	-0.0353036	-0.17	0.17
   895	-0.0648617	-0.17	0.17
   896	-0.0501748	-0.17	0.17
   897	-0.0790353	-0.17	0.17
   898	-0.0732928	-0.17	0.17
   899	-0.0747714	-0.17	0.17
   900	-0.0696247	-0.17	0.17
   901	-0.0454117	-0.17	0.17
   902	-0.0608758	-0.17	0.17
   903	-0.0193789	-0.17	0.17
   904	-0.0562616	-0.17	0.17
   905	-0.0689741	-0.17	0.17
   906	-0.0147195	-0.17	0.17
   907	-0.0648137	-0.17	0.17
   908	-0.0554119	-0.17	0.17
   909	-0.0300473	-0.17	0.17
   910	-0.0777469	-0.17	0.17
   911	-0.0423823	-0.17	0.17
   912	-0.0509499	-0.17	0.17
   913	-0.0626312	-0.17	0.17
   914	-0.0636101	-0.17	0.17
   915	-0.0496878	-0.17	0.17
   916	-0.0803183	-0.17	0.17
   917	-0.0704178	-0.17	0.17
   918	-0.0183582	-0.17	0.17
   919	-0.0387499	-0.17	0.17
   920	-0.0643019	-0.17	0.17
   921	-0.0506405	-0.17	0.17
   922	-0.0287807	-0.17	0.17
   923	-0.0600644	-0.17	0.17
   924	-0.0489851	-0.17	0.17
   925	-0.0681013	-0.17	0.17
   926	-0.0761801	-0.17	0.17
   927	-0.0292977	-0.17	0.17
   928	-0.013187	-0.17	0.17
   929	-0.0341424	-0.17	0.17
   930	-0.0738375	-0.17	0.17
   931	-0.0532696	-0.17	0.17
   932	-0.0356148	-0.17	0.17
   933	-0.0503501	-0.17	0.17
   934	-0.0309741	-0.17	0.17
   935	-0.0557925	-0.17	0.17
   936	-0.0460129	-0.17	0.17
   937	-0.0733323	-0.17	0.17
   938	-0.0148661	-0.17	0.17
   939	-0.0660774	-0.17	0.17
   940	-0.0154659	-0.17	0.17
   941	-0.0775124	-0.17	0.17
   942	-0.0240861	-0.17	0.17
   943	-0.0703073	-0.17	0.17
   944	-0.0677529	-0.17	0.17
   945	-0.0596924	-0.17	0.17
   946	-0.0743975	-0.17	0.17
   947	-0.0207854	-0.17	0.17
   948	-0.0504286	-0.17	0.17
   949	-0.076276	-0.17	0.17
   950	-0.0599543	-0.17	0.17
   951	-0.060199	-0.17	0.17
   952	-0.0259852	-0.17	0.17
   953	-0.0580086	-0.17	0.17
   954	-0.064326	-0.17	0.17
   955	-0.055599	-0.17	0.17
   956	-0.0433246	-0.17	0.17
   957	-0.0625574	-0.17	0.17
   958	-0.0717807	-0.17	0.17
   959	-0.0800797	-0.17	0.17
   960	-0.0649435	-0.17	0.17
   961	-0.0135354	-0.17	0.17
   962	-0.0629378	-0.17	0.17
   963	-0.0540294	-0.17	0.17
   964	-0.0559431	-0.17	0.17
   965	-0.0528196	-0.17	0.17
   966	-0.0727945	-0.17	0.17
   967	-0.0773049	-0.17	0.17
   968	-0.0391148	-0.17	0.17
   969	-0.0662006	-0.17	0.17
   970	-0.0708151	-0.17	0.17
   971	-0.0503244	-0.17	0.17
   972	-0.0731762	-0.17	0.17
   973	-0.0688214	-0.17	0.17
   974	-0.070259	-0.17	0.17
   975	-0.0130992	-0.17	0.17
   976	-0.0733275	-0.17	0.17
   977	-0.0628965	-0.17	0.17
   978	-0.072361	-0.17	0.17
   979	-0.044459	-0.17	0.17
   980	-0.0707664	-0.17	0.17
   981	-0.06797	-0.17	0.17
   982	-0.0635021	-0.17	0.17
   983	-0.0359918	-0.17	0.17
   984	-0.0576351	-0.17	0.17
   985	-0.0672754	-0.17	0.17
   986	-0.0706983	-0.17	0.17
   987	-0.0241022	-0.17	0.17
   988	-0.0647937	-0.17	0.17
   989	-0.0603677	-0.17	0.17
   990	-0.0736392	-0.17	0.17
   991	-0.0804088	-0.17	0.17
   992	-0.0772401	-0.17	0.17
   993	-0.0437801	-0.17	0.17
   994	-0.0163442	-0.17	0.17
   995	-0.0783454	-0.17	0.17
   996	-0.0454768	-0.17	0.17
   997	-0.0180537	-0.17	0.17
   998	-0.058013	-0.17	0.17
   999	-0.0763974	-0.17	0.17
  1000	-0.0764729	-0.17	0.17
  1001	-0.0475534	-0.17	0.17
  1002	-0.077701	-0.17	0.17
  1003	-0.0472681	-0.17	0.17
  1004	-0.0762759	-0.17	0.17
  1005	-0.0471511	-0.17	0.17
  1006	-0.025885	-0.17	0.17
  1007	-0.0662947	-0.17	0.17
  1008	-0.0406412	-0.17	0.17
  1009	-0.070265	-0.17	0.17
  1010	-0.0665308	-0.17	0.17
  1011	-0.0519162	-0.17	0.17
  1012	-0.0209445	-0.17	0.17
  1013	-0.0768269	-0.17	0.17
  1014	-0.0153214	-0.17	0.17
  1015	-0.0793792	-0.17	0.17
  1016	-0.0341705	-0.17	0.17
  1017	-0.0408581	-0.17	0.17
  1018	-0.0789807	-0.17	0.17
  1019	-0.0675875	-0.17	0.17
  1020	-0.0784558	-0.17	0.17
  1021	-0.0320375	-0.17	0.17
  1022	-0.0470966	-0.17	0.17
  1023	-0.0664718	-0.17	0.17
  1024	-0.0385527	-0.17	0.17
  1025	-0.0726295	-0.17	0.17
  1026	-0.0674398	-0.17	0.17
  1027	-0.0731639	-0.17	0.17
  1028	-0.0425881	-0.17	0.17
  1029	-0.0595134	-0.17	0.17
  1030	-0.0763944	-0.17	0.17
  1031	-0.0525053	-0.17	0.17
  1032	-0.056078	-0.17	0.17
  1033	-0.0691594	-0.17	0.17
  1034	-0.0390277	-0.17	0.17
  1035	-0.0716865	-0.17	0.17
  1036	-0.0463633	-0.17	0.17
  1037	-0.0187763	-0.17	0.17
  1038	-0.0275192	-0.17	0.17
  1039	-0.0720633	-0.17	0.17
  1040	-0.0502021	-0.17	0.17
  1041	-0.0381364	-0.17	0.17
  1042	-0.0371474	-0.17	0.17
  1043	-0.0485933	-0.17	0.17
  1044	-0.0578459	-0.17	0.17
  1045	-0.0755685	-0.17	0.17
  1046	-0.0388728	-0.17	0.17
  1047	-0.0513523	-0.17	0.17
  1048	-0.079961	-0.17	0.17
  1049	-0.0454024	-0.17	0.17
  1050	-0.0674092	-0.17	0.17
  1051	-0.0379968	-0.17	0.17
  1052	-0.0133081	-0.17	0.17
  1053	-0.0492947	-0.17	0.17
  1054	-0.0646175	-0.17	0.17
  1055	-0.0782876	-0.17	0.17
  1056	-0.0581968	-0.17	0.17
  1057	-0.0784674	-0.17	0.17
  1058	-0.0733878	-0.17	0.17
  1059	-0.056859	-0.17	0.17
  1060	-0.0662352	-0.17	0.17
  1061	-0.0492603	-0.17	0.17
  1062	-0.0477657	-0.17	0.17
  1063	-0.07254	-0.17	0.17
  1064	-0.0594504	-0.17	0.17
  1065	-0.055106	-0.17	0.17
  1066	-0.0189454	-0.17	0.17
  1067	-0.0379177	-0.17	0.17
  1068	-0.0612846	-0.17	0.17
  1069	-0.0380618	-0.17	0.17
  1070	-0.0486964	-0.17	0.17
  1071	-0.0734275	-0.17	0.17
  1072	-0.0616517	-0.17	0.17
  1073	-0.0773132	-0.17	0.17
  1074	-0.0787032	-0.17	0.17
  1075	-0.0687826	-0.17	0.17
  1076	-0.0491835	-0.17	0.17
  1077	-0.0695382	-0.17	0.17
  1078	-0.0620603	-0.17	0.17
  1079	-0.0424193	-0.17	0.17
  1080	-0.0405847	-0.17	0.17
  1081	-0.0539119	-0.17	0.17
  1082	-0.0628032	-0.17	0.17
  1083	-0.0665947	-0.17	0.17
  1084	-0.0142777	-0.17	0.17
  1085	-0.0806482	-0.17	0.17
  1086	-0.0556061	-0.17	0.17
  1087	-0.0515894	-0.17	0.17
  1088	-0.0490913	-0.17	0.17
  1089	-0.0639231	-0.17	0.17
  1090	-0.0784153	-0.17	0.17
  1091	-0.0744354	-0.17	0.17
  1092	-0.0592672	-0.17	0.17
  1093	-0.0286257	-0.17	0.17
  1094	-0.0791696	-0.17	0.17
  1095	-0.0513752	-0.17	0.17
  1096	-0.0595967	-0.17	0.17
  1097	-0.079344	-0.17	0.17
  1098	-0.0537445	-0.17	0.17
  1099	-0.0681178	-0.17	0.17
  1100	-0.0580538	-0.17	0.17
  1101	-0.0496099	-0.17	0.17
  1102	-0.0477145	-0.17	0.17
  1103	-0.0662238	-0.17	0.17
  1104	-0.0791237	-0.17	0.17
  1105	-0.0526214	-0.17	0.17
  1106	-0.0394684	-0.17	0.17
  1107	-0.0616049	-0.17	0.17
  1108	-0.0798367	-0.17	0.17
  1109	-0.0716492	-0.17	0.17
  1110	-0.0423843	-0.17	0.17
  1111	-0.0344244	-0.17	0.17
  1112	-0.0786854	-0.17	0.17
  1113	-0.0772063	-0.17	0.17
  1114	-0.0565495	-0.17	0.17
  1115	-0.0356327	-0.17	0.17
  1116	-0.0641062	-0.17	0.17
  1117	-0.0781281	-0.17	0.17
  1118	-0.0738699	-0.17	0.17
  1119	-0.0263882	-0.17	0.17
  1120	-0.0755328	-0.17	0.17
  1121	-0.0559555	-0.17	0.17
  1122	-0.0749029	-0.17	0.17
  1123	-0.0601186	-0.17	0.17
  1124	-0.0651414	-0.17	0.17
  1125	-0.0616836	-0.17	0.17
  1126	-0.0709925	-0.17	0.17
  1127	-0.0582245	-0.17	0.17
  1128	-0.0416197	-0.17	0.17
  1129	-0.0404566	-0.17	0.17
  1130	-0.0771851	-0.17	0.17
  1131	-0.075549	-0.17	0.17
  1132	-0.0589044	-0.17	0.17
  1133	-0.0714615	-0.17	0.17
  1134	-0.0797916	-0.17	0.17
  1135	-0.0760707	-0.17	0.17
  1136	-0.0692236	-0.17	0.17
  1137	-0.0745746	-0.17	0.17
  1138	-0.0408346	-0.17	0.17
  1139	-0.0422751	-0.17	0.17
  1140	-0.0769311	-0.17	0.17
  1141	-0.0370999	-0.17	0.17
  1142	-0.0297729	-0.17	0.17
  1143	-0.0782992	-0.17	0.17
  1144	-0.0631396	-0.17	0.17
  1145	-0.0745206	-0.17	0.17
  1146	-0.0740329	-0.17	0.17
  1147	-0.077397	-0.17	0.17
  1148	-0.0461133	-0.17	0.17
  1149	-0.0509435	-0.17	0.17
  1150	-0.0786114	-0.17	0.17
  1151	-0.0335088	-0.17	0.17
  1152	-0.0611024	-0.17	0.17
  1153	-0.02568	-0.17	0.17
  1154	-0.0268433	-0.17	0.17
  1155	-0.0773144	-0.17	0.17
  1156	-0.0798449	-0.17	0.17
  1157	-0.0462985	-0.17	0.17
  1158	-0.0808911	-0.17	0.17
  1159	-0.0470413	-0.17	0.17
  1160	-0.0351451	-0.17	0.17
  1161	-0.0737038	-0.17	0.17
  1162	-0.0747394	-0.17	0.17
  1163	-0.0687646	-0.17	0.17
  1164	-0.0761148	-0.17	0.17
  1165	-0.0794383	-0.17	0.17
  1166	-0.06457	-0.17	0.17
  1167	-0.0787756	-0.17	0.17
  1168	-0.0142133	-0.17	0.17
  1169	-0.0639034	-0.17	0.17
  1170	-0.0789514	-0.17	0.17
  1171	-0.0648052	-0.17	0.17
  1172	-0.070311	-0.17	0.17
  1173	-0.0732911	-0.17	0.17
  1174	-0.0708081	-0.17	0.17
  1175	-0.0734357	-0.17	0.17
  1176	-0.0683994	-0.17	0.17
  1177	-0.0756424	-0.17	0.17
  1178	-0.0532644	-0.17	0.17
  1179	-0.034806	-0.17	0.17
  1180	-0.053467	-0.17	0.17
  1181	-0.0766106	-0.17	0.17
  1182	-0.0789544	-0.17	0.17
  1183	-0.0338097	-0.17	0.17
  1184	-0.0498412	-0.17	0.17
  1185	-0.0766798	-0.17	0.17
  1186	-0.0792782	-0.17	0.17
  1187	-0.0588569	-0.17	0.17
  1188	-0.0612117	-0.17	0.17
  1189	-0.0794783	-0.17	0.17
  1190	-0.0649538	-0.17	0.17
  1191	-0.0784656	-0.17	0.17
  1192	-0.0518783	-0.17	0.17
  1193	-0.016228	-0.17	0.17
  1194	-0.0804895	-0.17	0.17
  1195	-0.0670175	-0.17	0.17
  1196	-0.0792358	-0.17	0.17
  1197	-0.0351773	-0.17	0.17
  1198	-0.0801347	-0.17	0.17
  1199	-0.0311066	-0.17	0.17
  1200	-0.0661788	-0.17	0.17
  1201	-0.0647135	-0.17	0.17
  1202	-0.0717164	-0.17	0.17
  1203	-0.0595833	-0.17	0.17
  1204	-0.0175624	-0.17	0.17
  1205	-0.0167341	-0.17	0.17
  1206	-0.0254459	-0.17	0.17
  1207	-0.0523834	-0.17	0.17
  1208	-0.0147462	-0.17	0.17
  1209	-0.0797707	-0.17	0.17
  1210	-0.0505325	-0.17	0.17
  1211	-0.0760918	-0.17	0.17
  1212	-0.0639474	-0.17	0.17
  1213	-0.0474412	-0.17	0.17
  1214	-0.0717896	-0.17	0.17
  1215	-0.0443445	-0.17	0.17
  1216	-0.0142886	-0.17	0.17
  1217	-0.0706575	-0.17	0.17
  1218	-0.0151751	-0.17	0.17
  1219	-0.0787551	-0.17	0.17
  1220	-0.0606467	-0.17	0.17
  1221	-0.0712862	-0.17	0.17
  1222	-0.0615101	-0.17	0.17
  1223	-0.0715989	-0.17	0.17
  1224	-0.0751138	-0.17	0.17
  1225	-0.0780308	-0.17	0.17
  1226	-0.0468878	-0.17	0.17
  1227	-0.0347864	-0.17	0.17
  1228	-0.0790789	-0.17	0.17
  1229	-0.0744362	-0.17	0.17
  1230	-0.0516586	-0.17	0.17
  1231	-0.0518139	-0.17	0.17
  1232	-0.0131854	-0.17	0.17
  1233	-0.0644794	-0.17	0.17
  1234	-0.0497719	-0.17	0.17
  1235	-0.0619261	-0.17	0.17
  1236	-0.0733238	-0.17	0.17
  1237	-0.0363047	-0.17	0.17
  1238	-0.0799603	-0.17	0.17
  1239	-0.0228475	-0.17	0.17
  1240	-0.0520794	-0.17	0.17
  1241	-0.0695352	-0.17	0.17
  1242	-0.0623111	-0.17	0.17
  1243	-0.074996	-0.17	0.17
  1244	-0.06504	-0.17	0.17
  1245	-0.0618752	-0.17	0.17
  1246	-0.0599399	-0.17	0.17
  1247	-0.076746	-0.17	0.17
  1248	-0.0467898	-0.17	0.17
  1249	-0.0484992	-0.17	0.17
  1250	-0.0798369	-0.17	0.17
  1251	-0.0580345	-0.17	0.17
  1252	-0.0800552	-0.17	0.17
  1253	-0.0615978	-0.17	0.17
  1254	-0.0735259	-0.17	0.17
  1255	-0.0770855	-0.17	0.17
  1256	-0.0694282	-0.17	0.17
  1257	-0.0509117	-0.17	0.17
  1258	-0.0567897	-0.17	0.17
  1259	-0.0335988	-0.17	0.17
  1260	-0.0422347	-0.17	0.17
  1261	-0.0761018	-0.17	0.17
  1262	-0.0146673	-0.17	0.17
  1263	-0.075646	-0.17	0.17
  1264	-0.0805807	-0.17	0.17
  1265	-0.0765279	-0.17	0.17
  1266	-0.0172005	-0.17	0.17
  1267	-0.0423101	-0.17	0.17
  1268	-0.0651681	-0.17	0.17
  1269	-0.0416144	-0.17	0.17
  1270	-0.0578623	-0.17	0.17
  1271	-0.060118	-0.17	0.17
  1272	-0.0780445	-0.17	0.17
  1273	-0.0226726	-0.17	0.17
  1274	-0.0430455	-0.17	0.17
  1275	-0.0766538	-0.17	0.17
  1276	-0.0281538	-0.17	0.17
  1277	-0.0774953	-0.17	0.17
  1278	-0.0590372	-0.17	0.17
  1279	-0.0716104	-0.17	0.17
  1280	-0.0390865	-0.17	0.17
  1281	-0.0609055	-0.17	0.17
  1282	-0.0201812	-0.17	0.17
  1283	-0.0594219	-0.17	0.17
  1284	-0.0213211	-0.17	0.17
  1285	-0.0523796	-0.17	0.17
  1286	-0.0419652	-0.17	0.17
  1287	-0.0621027	-0.17	0.17
  1288	-0.0591433	-0.17	0.17
  1289	-0.0379168	-0.17	0.17
  1290	-0.0420443	-0.17	0.17
  1291	-0.0478396	-0.17	0.17
  1292	-0.068993	-0.17	0.17
  1293	-0.054432	-0.17	0.17
  1294	-0.0452653	-0.17	0.17
  1295	-0.0783666	-0.17	0.17
  1296	-0.0793768	-0.17	0.17
  1297	-0.0624863	-0.17	0.17
  1298	-0.050575	-0.17	0.17
  1299	-0.0138825	-0.17	0.17
  1300	-0.0375785	-0.17	0.17
  1301	-0.0800148	-0.17	0.17
  1302	-0.0373082	-0.17	0.17
  1303	-0.0471562	-0.17	0.17
  1304	-0.0461704	-0.17	0.17
  1305	-0.0365696	-0.17	0.17
  1306	-0.0785691	-0.17	0.17
  1307	-0.0758599	-0.17	0.17
  1308	-0.0791446	-0.17	0.17
  1309	-0.0212582	-0.17	0.17
  1310	-0.0310647	-0.17	0.17
  1311	-0.0798925	-0.17	0.17
  1312	-0.0682278	-0.17	0.17
  1313	-0.0685288	-0.17	0.17
  1314	-0.0444755	-0.17	0.17
  1315	-0.0417796	-0.17	0.17
  1316	-0.0560456	-0.17	0.17
  1317	-0.0208992	-0.17	0.17
  1318	-0.079389	-0.17	0.17
  1319	-0.0655659	-0.17	0.17
  1320	-0.0450097	-0.17	0.17
  1321	-0.0721429	-0.17	0.17
  1322	-0.0461449	-0.17	0.17
  1323	-0.0586578	-0.17	0.17
  1324	-0.0538884	-0.17	0.17
  1325	-0.0731729	-0.17	0.17
  1326	-0.0591861	-0.17	0.17
  1327	-0.0637047	-0.17	0.17
  1328	-0.0567629	-0.17	0.17
  1329	-0.0727057	-0.17	0.17
  1330	-0.0503515	-0.17	0.17
  1331	-0.0499926	-0.17	0.17
  1332	-0.0267639	-0.17	0.17
  1333	-0.0387577	-0.17	0.17
  1334	-0.0763637	-0.17	0.17
  1335	-0.0333986	-0.17	0.17
  1336	-0.0679173	-0.17	0.17
  1337	-0.0791062	-0.17	0.17
  1338	-0.0276353	-0.17	0.17
  1339	-0.0621998	-0.17	0.17
  1340	-0.0377413	-0.17	0.17
  1341	-0.0459023	-0.17	0.17
  1342	-0.0501622	-0.17	0.17
  1343	-0.0644368	-0.17	0.17
  1344	-0.0429188	-0.17	0.17
  1345	-0.0232021	-0.17	0.17
  1346	-0.079206	-0.17	0.17
  1347	-0.0719716	-0.17	0.17
  1348	-0.0203572	-0.17	0.17
  1349	-0.0390116	-0.17	0.17
  1350	-0.0614624	-0.17	0.17
  1351	-0.0478655	-0.17	0.17
  1352	-0.0545472	-0.17	0.17
  1353	-0.0507681	-0.17	0.17
  1354	-0.068206	-0.17	0.17
  1355	-0.0639728	-0.17	0.17
  1356	-0.0793398	-0.17	0.17
  1357	-0.0779184	-0.17	0.17
  1358	-0.0694316	-0.17	0.17
  1359	-0.0713451	-0.17	0.17
  1360	-0.0580065	-0.17	0.17
  1361	-0.0673395	-0.17	0.17
  1362	-0.0776177	-0.17	0.17
  1363	-0.0565013	-0.17	0.17
  1364	-0.0703069	-0.17	0.17
  1365	-0.0281155	-0.17	0.17
  1366	-0.0775311	-0.17	0.17
  1367	-0.0650738	-0.17	0.17
  1368	-0.0634185	-0.17	0.17
  1369	-0.0501109	-0.17	0.17
  1370	-0.0644071	-0.17	0.17
  1371	-0.0385791	-0.17	0.17
  1372	-0.0597949	-0.17	0.17
  1373	-0.0608405	-0.17	0.17
  1374	-0.0523772	-0.17	0.17
  1375	-0.0793948	-0.17	0.17
  1376	-0.0728209	-0.17	0.17
  1377	-0.0750907	-0.17	0.17
  1378	-0.0599387	-0.17	0.17
  1379	-0.0546519	-0.17	0.17
  1380	-0.0597761	-0.17	0.17
  1381	-0.0616843	-0.17	0.17
  1382	-0.0674558	-0.17	0.17
  1383	-0.0475458	-0.17	0.17
  1384	-0.0248925	-0.17	0.17
  1385	-0.0780082	-0.17	0.17
  1386	-0.0804056	-0.17	0.17
  1387	-0.0673339	-0.17	0.17
  1388	-0.0634238	-0.17	0.17
  1389	-0.0720021	-0.17	0.17
  1390	-0.0699012	-0.17	0.17
  1391	-0.0771293	-0.17	0.17
  1392	-0.0775095	-0.17	0.17
  1393	-0.0402055	-0.17	0.17
  1394	-0.018088	-0.17	0.17
  1395	-0.0753576	-0.17	0.17
  1396	-0.0805551	-0.17	0.17
  1397	-0.0565351	-0.17	0.17
  1398	-0.0438944	-0.17	0.17
  1399	-0.0535065	-0.17	0.17
  1400	-0.075691	-0.17	0.17
  1401	-0.0686165	-0.17	0.17
  1402	-0.0526529	-0.17	0.17
  1403	-0.0792997	-0.17	0.17
  1404	-0.0554326	-0.17	0.17
  1405	-0.0748896	-0.17	0.17
  1406	-0.0547896	-0.17	0.17
  1407	-0.0751584	-0.17	0.17
  1408	-0.0732932	-0.17	0.17
  1409	-0.0700628	-0.17	0.17
  1410	-0.0162294	-0.17	0.17
  1411	-0.022457	-0.17	0.17
  1412	-0.0673904	-0.17	0.17
  1413	-0.0236676	-0.17	0.17
  1414	-0.0656944	-0.17	0.17
  1415	-0.0804513	-0.17	0.17
  1416	-0.0792874	-0.17	0.17
  1417	-0.0795053	-0.17	0.17
  1418	-0.0408183	-0.17	0.17
  1419	-0.076183	-0.17	0.17
  1420	-0.0780655	-0.17	0.17
  1421	-0.0683427	-0.17	0.17
  1422	-0.0741077	-0.17	0.17
  1423	-0.0732131	-0.17	0.17
  1424	-0.0227222	-0.17	0.17
  1425	-0.0806171	-0.17	0.17
  1426	-0.0383798	-0.17	0.17
  1427	-0.0439273	-0.17	0.17
  1428	-0.0525719	-0.17	0.17
  1429	-0.0146968	-0.17	0.17
  1430	-0.0700793	-0.17	0.17
  1431	-0.0452909	-0.17	0.17
  1432	-0.0672561	-0.17	0.17
  1433	-0.017251	-0.17	0.17
  1434	-0.0132105	-0.17	0.17
  1435	-0.023853	-0.17	0.17
  1436	-0.0674476	-0.17	0.17
  1437	-0.0590447	-0.17	0.17
  1438	-0.0530086	-0.17	0.17
  1439	-0.0766148	-0.17	0.17
  1440	-0.0314865	-0.17	0.17
  1441	-0.0395731	-0.17	0.17
  1442	-0.0310182	-0.17	0.17
  1443	-0.0534691	-0.17	0.17
  1444	-0.0798859	-0.17	0.17
  1445	-0.0432302	-0.17	0.17
  1446	-0.0597089	-0.17	0.17
  1447	-0.0561375	-0.17	0.17
  1448	-0.0651111	-0.17	0.17
  1449	-0.0713399	-0.17	0.17
  1450	-0.0508724	-0.17	0.17
  1451	-0.058201	-0.17	0.17
  1452	-0.0728446	-0.17	0.17
  1453	-0.0444146	-0.17	0.17
  1454	-0.0694111	-0.17	0.17
  1455	-0.0287872	-0.17	0.17
  1456	-0.0737404	-0.17	0.17
  1457	-0.0778819	-0.17	0.17
  1458	-0.0521873	-0.17	0.17
  1459	-0.061901	-0.17	0.17
  1460	-0.0548622	-0.17	0.17
  1461	-0.0657023	-0.17	0.17
  1462	-0.0375138	-0.17	0.17
  1463	-0.0759628	-0.17	0.17
  1464	-0.0293948	-0.17	0.17
  1465	-0.0773883	-0.17	0.17
  1466	-0.0498633	-0.17	0.17
  1467	-0.0325134	-0.17	0.17
  1468	-0.0616214	-0.17	0.17
  1469	-0.0551167	-0.17	0.17
  1470	-0.0685604	-0.17	0.17
  1471	-0.0435142	-0.17	0.17
  1472	-0.032435	-0.17	0.17
  1473	-0.0721057	-0.17	0.17
  1474	-0.0569187	-0.17	0.17
  1475	-0.0405803	-0.17	0.17
  1476	-0.01805	-0.17	0.17
  1477	-0.076973	-0.17	0.17
  1478	-0.0773152	-0.17	0.17
  1479	-0.0762373	-0.17	0.17
  1480	-0.0726218	-0.17	0.17
  1481	-0.0512145	-0.17	0.17
  1482	-0.0654535	-0.17	0.17
  1483	-0.0740001	-0.17	0.17
  1484	-0.0730437	-0.17	0.17
  1485	-0.059974	-0.17	0.17
  1486	-0.0592425	-0.17	0.17
  1487	-0.0370282	-0.17	0.17
  1488	-0.0675733	-0.17	0.17
  1489	-0.0264827	-0.17	0.17
  1490	-0.0627133	-0.17	0.17
  1491	-0.0518394	-0.17	0.17
  1492	-0.0782621	-0.17	0.17
  1493	-0.0567744	-0.17	0.17
  1494	-0.068796	-0.17	0.17
  1495	-0.0370493	-0.17	0.17
  1496	-0.0219241	-0.17	0.17
  1497	-0.0794955	-0.17	0.17
  1498	-0.0801486	-0.17	0.17
  1499	-0.0739333	-0.17	0.17
  1500	-0.0675725	-0.17	0.17
  1501	-0.0267324	-0.17	0.17
  1502	-0.0542044	-0.17	0.17
  1503	-0.0608855	-0.17	0.17
  1504	-0.0278071	-0.17	0.17
  1505	-0.036832	-0.17	0.17
  1506	-0.066896	-0.17	0.17
  1507	-0.0273376	-0.17	0.17
  1508	-0.0407596	-0.17	0.17
  1509	-0.0714173	-0.17	0.17
  1510	-0.0445088	-0.17	0.17
  1511	-0.0731826	-0.17	0.17
  1512	-0.0759433	-0.17	0.17
  1513	-0.053393	-0.17	0.17
  1514	-0.0168941	-0.17	0.17
  1515	-0.0800714	-0.17	0.17
  1516	-0.0692602	-0.17	0.17
  1517	-0.0614371	-0.17	0.17
  1518	-0.0553666	-0.17	0.17
  1519	-0.0186604	-0.17	0.17
  1520	-0.0371949	-0.17	0.17
  1521	-0.0424061	-0.17	0.17
  1522	-0.0751414	-0.17	0.17
  1523	-0.0792544	-0.17	0.17
  1524	-0.0671477	-0.17	0.17
  1525	-0.0684813	-0.17	0.17
  1526	-0.0736056	-0.17	0.17
  1527	-0.0800407	-0.17	0.17
  1528	-0.0731882	-0.17	0.17
  1529	-0.0598694	-0.17	0.17
  1530	-0.0488542	-0.17	0.17
  1531	-0.0351698	-0.17	0.17
  1532	-0.0800941	-0.17	0.17
  1533	-0.0798502	-0.17	0.17
  1534	-0.0151986	-0.17	0.17
  1535	-0.077968	-0.17	0.17
  1536	-0.0667416	-0.17	0.17
  1537	-0.0782427	-0.17	0.17
  1538	-0.0569295	-0.17	0.17
  1539	-0.0692482	-0.17	0.17
  1540	-0.0336748	-0.17	0.17
  1541	-0.0783658	-0.17	0.17
  1542	-0.0665972	-0.17	0.17
  1543	-0.0393993	-0.17	0.17
  1544	-0.0582628	-0.17	0.17
  1545	-0.0761758	-0.17	0.17
  1546	-0.0396081	-0.17	0.17
  1547	-0.0484005	-0.17	0.17
  1548	-0.0670777	-0.17	0.17
  1549	-0.0251434	-0.17	0.17
  1550	-0.053424	-0.17	0.17
  1551	-0.0347402	-0.17	0.17
  1552	-0.046819	-0.17	0.17
  1553	-0.0747789	-0.17	0.17
  1554	-0.0687247	-0.17	0.17
  1555	-0.0351007	-0.17	0.17
  1556	-0.0435018	-0.17	0.17
  1557	-0.0706984	-0.17	0.17
  1558	-0.0535507	-0.17	0.17
  1559	-0.0439918	-0.17	0.17
  1560	-0.0520091	-0.17	0.17
  1561	-0.0762848	-0.17	0.17
  1562	-0.079668	-0.17	0.17
  1563	-0.05591	-0.17	0.17
  1564	-0.0578266	-0.17	0.17
  1565	-0.030319	-0.17	0.17
  1566	-0.0532839	-0.17	0.17
  1567	-0.0621139	-0.17	0.17
  1568	-0.0536928	-0.17	0.17
  1569	-0.0486825	-0.17	0.17
  1570	-0.0804975	-0.17	0.17
  1571	-0.0613035	-0.17	0.17
  1572	-0.0687501	-0.17	0.17
  1573	-0.0611315	-0.17	0.17
  1574	-0.0710267	-0.17	0.17
  1575	-0.068045	-0.17	0.17
  1576	-0.0794854	-0.17	0.17
  1577	-0.065401	-0.17	0.17
  1578	-0.0606986	-0.17	0.17
  1579	-0.0772267	-0.17	0.17
  1580	-0.0778414	-0.17	0.17
  1581	-0.0297552	-0.17	0.17
  1582	-0.0666891	-0.17	0.17
  1583	-0.0589378	-0.17	0.17
  1584	-0.0332541	-0.17	0.17
  1585	-0.0797571	-0.17	0.17
  1586	-0.0757307	-0.17	0.17
  1587	-0.073688	-0.17	0.17
  1588	-0.0695665	-0.17	0.17
  1589	-0.0146524	-0.17	0.17
  1590	-0.0509337	-0.17	0.17
  1591	-0.0353808	-0.17	0.17
  1592	-0.0378706	-0.17	0.17
  1593	-0.0803876	-0.17	0.17
  1594	-0.0682706	-0.17	0.17
  1595	-0.0805597	-0.17	0.17
  1596	-0.0333602	-0.17	0.17
  1597	-0.0639778	-0.17	0.17
  1598	-0.063207	-0.17	0.17
  1599	-0.0676024	-0.17	0.17
  1600	-0.0290572	-0.17	0.17
  1601	-0.078843	-0.17	0.17
  1602	-0.0302728	-0.17	0.17
  1603	-0.0780079	-0.17	0.17
  1604	-0.0212739	-0.17	0.17
  1605	-0.0646759	-0.17	0.17
  1606	-0.0483776	-0.17	0.17
  1607	-0.0805461	-0.17	0.17
  1608	-0.0438508	-0.17	0.17
  1609	-0.064834	-0.17	0.17
  1610	-0.079859	-0.17	0.17
  1611	-0.0772407	-0.17	0.17
  1612	-0.0383738	-0.17	0.17
  1613	-0.0721682	-0.17	0.17
  1614	-0.0801463	-0.17	0.17
  1615	-0.0661099	-0.17	0.17
  1616	-0.0480857	-0.17	0.17
  1617	-0.0736216	-0.17	0.17
  1618	-0.057192	-0.17	0.17
  1619	-0.077819	-0.17	0.17
  1620	-0.0804898	-0.17	0.17
  1621	-0.0218271	-0.17	0.17
  1622	-0.065935	-0.17	0.17
  1623	-0.0802004	-0.17	0.17
  1624	-0.0805365	-0.17	0.17
  1625	-0.0394987	-0.17	0.17
  1626	-0.0648229	-0.17	0.17
  1627	-0.0768728	-0.17	0.17
  1628	-0.026582	-0.17	0.17
  1629	-0.0800334	-0.17	0.17
  1630	-0.0458126	-0.17	0.17
  1631	-0.0778753	-0.17	0.17
  1632	-0.0809916	-0.17	0.17
  1633	-0.0644657	-0.17	0.17
  1634	-0.0692087	-0.17	0.17
  1635	-0.0225634	-0.17	0.17
  1636	-0.0516865	-0.17	0.17
  1637	-0.0404902	-0.17	0.17
  1638	-0.0677909	-0.17	0.17
  1639	-0.0421241	-0.17	0.17
  1640	-0.0271505	-0.17	0.17
  1641	-0.0666036	-0.17	0.17
  1642	-0.0476911	-0.17	0.17
  1643	-0.0664246	-0.17	0.17
  1644	-0.0420496	-0.17	0.17
  1645	-0.0632199	-0.17	0.17
  1646	-0.0563146	-0.17	0.17
  1647	-0.0640663	-0.17	0.17
  1648	-0.0355618	-0.17	0.17
  1649	-0.0511313	-0.17	0.17
  1650	-0.0403568	-0.17	0.17
  1651	-0.0535782	-0.17	0.17
  1652	-0.0616224	-0.17	0.17
  1653	-0.0600557	-0.17	0.17
  1654	-0.0796071	-0.17	0.17
  1655	-0.0753218	-0.17	0.17
  1656	-0.021574	-0.17	0.17
  1657	-0.070011	-0.17	0.17
  1658	-0.0518279	-0.17	0.17
  1659	-0.070071	-0.17	0.17
  1660	-0.0723913	-0.17	0.17
  1661	-0.05602	-0.17	0.17
  1662	-0.0780072	-0.17	0.17
  1663	-0.0783315	-0.17	0.17
  1664	-0.0186623	-0.17	0.17
  1665	-0.0797144	-0.17	0.17
  1666	-0.0309872	-0.17	0.17
  1667	-0.078843	-0.17	0.17
  1668	-0.055907	-0.17	0.17
  1669	-0.0714941	-0.17	0.17
  1670	-0.0208364	-0.17	0.17
  1671	-0.0597581	-0.17	0.17
  1672	-0.0642095	-0.17	0.17
  1673	-0.0486042	-0.17	0.17
  1674	-0.0666057	-0.17	0.17
  1675	-0.0761284	-0.17	0.17
  1676	-0.0701887	-0.17	0.17
  1677	-0.0528322	-0.17	0.17
  1678	-0.0656219	-0.17	0.17
  1679	-0.0196374	-0.17	0.17
  1680	-0.0801972	-0.17	0.17
  1681	-0.0257136	-0.17	0.17
  1682	-0.056907	-0.17	0.17
  1683	-0.0422588	-0.17	0.17
  1684	-0.0526943	-0.17	0.17
  1685	-0.0626748	-0.17	0.17
  1686	-0.0151905	-0.17	0.17
  1687	-0.0749549	-0.17	0.17
  1688	-0.013669	-0.17	0.17
  1689	-0.0299194	-0.17	0.17
  1690	-0.0748164	-0.17	0.17
  1691	-0.0797274	-0.17	0.17
  1692	-0.0758509	-0.17	0.17
  1693	-0.0620436	-0.17	0.17
  1694	-0.0506738	-0.17	0.17
  1695	-0.0801181	-0.17	0.17
  1696	-0.040333	-0.17	0.17
  1697	-0.0641798	-0.17	0.17
  1698	-0.076449	-0.17	0.17
  1699	-0.0707999	-0.17	0.17
  1700	-0.0690054	-0.17	0.17
  1701	-0.0530802	-0.17	0.17
  1702	-0.0633558	-0.17	0.17
  1703	-0.0727854	-0.17	0.17
  1704	-0.0679822	-0.17	0.17
  1705	-0.0647171	-0.17	0.17
  1706	-0.0792322	-0.17	0.17
  1707	-0.0608305	-0.17	0.17
  1708	-0.0521633	-0.17	0.17
  1709	-0.0689245	-0.17	0.17
  1710	-0.0567679	-0.17	0.17
  1711	-0.0671259	-0.17	0.17
  1712	-0.0376638	-0.17	0.17
  1713	-0.0601863	-0.17	0.17
  1714	-0.068147	-0.17	0.17
  1715	-0.0581066	-0.17	0.17
  1716	-0.0731498	-0.17	0.17
  1717	-0.0588343	-0.17	0.17
  1718	-0.0569259	-0.17	0.17
  1719	-0.0776791	-0.17	0.17
  1720	-0.0466961	-0.17	0.17
  1721	-0.0464838	-0.17	0.17
  1722	-0.0728894	-0.17	0.17
  1723	-0.0796154	-0.17	0.17
  1724	-0.0625845	-0.17	0.17
  1725	-0.0726524	-0.17	0.17
  1726	-0.0783904	-0.17	0.17
  1727	-0.0296322	-0.17	0.17
  1728	-0.0550288	-0.17	0.17
  1729	-0.0800553	-0.17	0.17
  1730	-0.0709637	-0.17	0.17
  1731	-0.0335959	-0.17	0.17
  1732	-0.0725224	-0.17	0.17
  1733	-0.062223	-0.17	0.17
  1734	-0.0636221	-0.17	0.17
  1735	-0.0686363	-0.17	0.17
  1736	-0.0460274	-0.17	0.17
  1737	-0.0659293	-0.17	0.17
  1738	-0.0798932	-0.17	0.17
  1739	-0.0771658	-0.17	0.17
  1740	-0.0328386	-0.17	0.17
  1741	-0.0790957	-0.17	0.17
  1742	-0.0715716	-0.17	0.17
  1743	-0.0692427	-0.17	0.17
  1744	-0.0310365	-0.17	0.17
  1745	-0.0803915	-0.17	0.17
  1746	-0.0488117	-0.17	0.17
  1747	-0.0755647	-0.17	0.17
  1748	-0.0781636	-0.17	0.17
  1749	-0.0772754	-0.17	0.17
  1750	-0.053138	-0.17	0.17
  1751	-0.079881	-0.17	0.17
  1752	-0.0537538	-0.17	0.17
  1753	-0.0481259	-0.17	0.17
  1754	-0.034668	-0.17	0.17
  1755	-0.0746482	-0.17	0.17
  1756	-0.0576541	-0.17	0.17
  1757	-0.074375	-0.17	0.17
  1758	-0.0776607	-0.17	0.17
  1759	-0.0638129	-0.17	0.17
  1760	-0.0740182	-0.17	0.17
  1761	-0.041755	-0.17	0.17
  1762	-0.0700031	-0.17	0.17
  1763	-0.0232258	-0.17	0.17
  1764	-0.0796761	-0.17	0.17
  1765	-0.0726462	-0.17	0.17
  1766	-0.0730738	-0.17	0.17
  1767	-0.0766903	-0.17	0.17
  1768	-0.0652934	-0.17	0.17
  1769	-0.0767529	-0.17	0.17
  1770	-0.0331642	-0.17	0.17
  1771	-0.0438366	-0.17	0.17
  1772	-0.0673379	-0.17	0.17
  1773	-0.0713358	-0.17	0.17
  1774	-0.0807842	-0.17	0.17
  1775	-0.0669638	-0.17	0.17
  1776	-0.0591817	-0.17	0.17
  1777	-0.0786084	-0.17	0.17
  1778	-0.0531229	-0.17	0.17
  1779	-0.0319152	-0.17	0.17
  1780	-0.0151996	-0.17	0.17
  1781	-0.0573828	-0.17	0.17
  1782	-0.0712443	-0.17	0.17
  1783	-0.0759335	-0.17	0.17
  1784	-0.0343045	-0.17	0.17
  1785	-0.0793732	-0.17	0.17
  1786	-0.0665673	-0.17	0.17
  1787	-0.0736278	-0.17	0.17
  1788	-0.0527137	-0.17	0.17
  1789	-0.0765782	-0.17	0.17
  1790	-0.0764215	-0.17	0.17
  1791	-0.0568351	-0.17	0.17
  1792	-0.05822	-0.17	0.17
  1793	-0.077728	-0.17	0.17
  1794	-0.0652857	-0.17	0.17
  1795	-0.0537544	-0.17	0.17
  1796	-0.0759746	-0.17	0.17
  1797	-0.042767	-0.17	0.17
  1798	-0.0470442	-0.17	0.17
  1799	-0.0499171	-0.17	0.17
  1800	-0.0549189	-0.17	0.17
  1801	-0.0564961	-0.17	0.17
  1802	-0.060893	-0.17	0.17
  1803	-0.0454745	-0.17	0.17
  1804	-0.0707455	-0.17	0.17
  1805	-0.0666911	-0.17	0.17
  1806	-0.0558524	-0.17	0.17
  1807	-0.0488324	-0.17	0.17
  1808	-0.0570693	-0.17	0.17
  1809	-0.0796719	-0.17	0.17
  1810	-0.0653392	-0.17	0.17
  1811	-0.0205211	-0.17	0.17
  1812	-0.0688414	-0.17	0.17
  1813	-0.062821	-0.17	0.17
  1814	-0.0663461	-0.17	0.17
  1815	-0.0807993	-0.17	0.17
  1816	-0.0726609	-0.17	0.17
  1817	-0.0582587	-0.17	0.17
  1818	-0.0714079	-0.17	0.17
  1819	-0.0711842	-0.17	0.17
  1820	-0.0513761	-0.17	0.17
  1821	-0.0729075	-0.17	0.17
  1822	-0.0530447	-0.17	0.17
  1823	-0.0801706	-0.17	0.17
  1824	-0.0759583	-0.17	0.17
  1825	-0.0657267	-0.17	0.17
  1826	-0.0659435	-0.17	0.17
  1827	-0.0784627	-0.17	0.17
  1828	-0.058013	-0.17	0.17
  1829	-0.0588873	-0.17	0.17
  1830	-0.0723585	-0.17	0.17
  1831	-0.0410433	-0.17	0.17
  1832	-0.0272826	-0.17	0.17
  1833	-0.0462109	-0.17	0.17
  1834	-0.0731213	-0.17	0.17
  1835	-0.0780678	-0.17	0.17
  1836	-0.0803636	-0.17	0.17
  1837	-0.0308378	-0.17	0.17
  1838	-0.0640059	-0.17	0.17
  1839	-0.0797516	-0.17	0.17
  1840	-0.0661597	-0.17	0.17
  1841	-0.0548902	-0.17	0.17
  1842	-0.0789913	-0.17	0.17
  1843	-0.0736069	-0.17	0.17
  1844	-0.0623765	-0.17	0.17
  1845	-0.0556517	-0.17	0.17
  1846	-0.0594402	-0.17	0.17
  1847	-0.0609502	-0.17	0.17
  1848	-0.0621812	-0.17	0.17
  1849	-0.0474613	-0.17	0.17
  1850	-0.0655445	-0.17	0.17
  1851	-0.0684019	-0.17	0.17
  1852	-0.0792899	-0.17	0.17
  1853	-0.0442296	-0.17	0.17
  1854	-0.0446951	-0.17	0.17
  1855	-0.0789932	-0.17	0.17
  1856	-0.0372774	-0.17	0.17
  1857	-0.0611394	-0.17	0.17
  1858	-0.0771634	-0.17	0.17
  1859	-0.0593817	-0.17	0.17
  1860	-0.0665592	-0.17	0.17
  1861	-0.0343156	-0.17	0.17
  1862	-0.0803355	-0.17	0.17
  1863	-0.0805022	-0.17	0.17
  1864	-0.078707	-0.17	0.17
  1865	-0.0460963	-0.17	0.17
  1866	-0.0772645	-0.17	0.17
  1867	-0.0623278	-0.17	0.17
  1868	-0.0796185	-0.17	0.17
  1869	-0.0157341	-0.17	0.17
  1870	-0.0792425	-0.17	0.17
  1871	-0.079603	-0.17	0.17
  1872	-0.0549034	-0.17	0.17
  1873	-0.065414	-0.17	0.17
  1874	-0.049761	-0.17	0.17
  1875	-0.0563425	-0.17	0.17
  1876	-0.0461292	-0.17	0.17
  1877	-0.041527	-0.17	0.17
  1878	-0.0649536	-0.17	0.17
  1879	-0.0687551	-0.17	0.17
  1880	-0.0405836	-0.17	0.17
  1881	-0.0632554	-0.17	0.17
  1882	-0.0220587	-0.17	0.17
  1883	-0.0190873	-0.17	0.17
  1884	-0.0488815	-0.17	0.17
  1885	-0.0399864	-0.17	0.17
  1886	-0.0423844	-0.17	0.17
  1887	-0.0253217	-0.17	0.17
  1888	-0.0710573	-0.17	0.17
  1889	-0.0611508	-0.17	0.17
  1890	-0.0343295	-0.17	0.17
  1891	-0.0778872	-0.17	0.17
  1892	-0.0271225	-0.17	0.17
  1893	-0.0536197	-0.17	0.17
  1894	-0.0383089	-0.17	0.17
  1895	-0.0379981	-0.17	0.17
  1896	-0.0776606	-0.17	0.17
  1897	-0.0635481	-0.17	0.17
  1898	-0.0689999	-0.17	0.17
  1899	-0.048396	-0.17	0.17
  1900	-0.0805944	-0.17	0.17
  1901	-0.0585158	-0.17	0.17
  1902	-0.0629004	-0.17	0.17
  1903	-0.0607315	-0.17	0.17
  1904	-0.0713791	-0.17	0.17
  1905	-0.0805104	-0.17	0.17
  1906	-0.0614761	-0.17	0.17
  1907	-0.074385	-0.17	0.17
  1908	-0.0798718	-0.17	0.17
  1909	-0.071687	-0.17	0.17
  1910	-0.0804535	-0.17	0.17
  1911	-0.0801036	-0.17	0.17
  1912	-0.0688247	-0.17	0.17
  1913	-0.0619446	-0.17	0.17
  1914	-0.0436267	-0.17	0.17
  1915	-0.0799512	-0.17	0.17
  1916	-0.0598863	-0.17	0.17
  1917	-0.0758546	-0.17	0.17
  1918	-0.0525523	-0.17	0.17
  1919	-0.0758464	-0.17	0.17
  1920	-0.0478624	-0.17	0.17
  1921	-0.0477996	-0.17	0.17
  1922	-0.0761656	-0.17	0.17
  1923	-0.037778	-0.17	0.17
  1924	-0.024583	-0.17	0.17
  1925	-0.0410076	-0.17	0.17
  1926	-0.0626915	-0.17	0.17
  1927	-0.0778072	-0.17	0.17
  1928	-0.0338454	-0.17	0.17
  1929	-0.0710605	-0.17	0.17
  1930	-0.0604655	-0.17	0.17
  1931	-0.0702162	-0.17	0.17
  1932	-0.0715235	-0.17	0.17
  1933	-0.0625878	-0.17	0.17
  1934	-0.0592562	-0.17	0.17
  1935	-0.0522701	-0.17	0.17
  1936	-0.0427192	-0.17	0.17
  1937	-0.0797212	-0.17	0.17
  1938	-0.0373662	-0.17	0.17
  1939	-0.0260639	-0.17	0.17
  1940	-0.0256674	-0.17	0.17
  1941	-0.061217	-0.17	0.17
  1942	-0.0598818	-0.17	0.17
  1943	-0.0468855	-0.17	0.17
  1944	-0.0385575	-0.17	0.17
  1945	-0.0663559	-0.17	0.17
  1946	-0.0655207	-0.17	0.17
  1947	-0.0792385	-0.17	0.17
  1948	-0.068511	-0.17	0.17
  1949	-0.0609973	-0.17	0.17
  1950	-0.0725936	-0.17	0.17
  1951	-0.0532369	-0.17	0.17
  1952	-0.0404593	-0.17	0.17
  1953	-0.0462728	-0.17	0.17
  1954	-0.0508429	-0.17	0.17
  1955	-0.0786351	-0.17	0.17
  1956	-0.0473311	-0.17	0.17
  1957	-0.0800984	-0.17	0.17
  1958	-0.0721043	-0.17	0.17
  1959	-0.0803747	-0.17	0.17
  1960	-0.0716857	-0.17	0.17
  1961	-0.0725447	-0.17	0.17
  1962	-0.0585727	-0.17	0.17
  1963	-0.0321079	-0.17	0.17
  1964	-0.0508637	-0.17	0.17
  1965	-0.0541396	-0.17	0.17
  1966	-0.0792581	-0.17	0.17
  1967	-0.0634051	-0.17	0.17
  1968	-0.0257017	-0.17	0.17
  1969	-0.0606837	-0.17	0.17
  1970	-0.0737684	-0.17	0.17
  1971	-0.0352676	-0.17	0.17
  1972	-0.0178061	-0.17	0.17
  1973	-0.0551381	-0.17	0.17
  1974	-0.0642208	-0.17	0.17
  1975	-0.0785695	-0.17	0.17
  1976	-0.0797649	-0.17	0.17
  1977	-0.0649625	-0.17	0.17
  1978	-0.0432954	-0.17	0.17
  1979	-0.0587697	-0.17	0.17
  1980	-0.0576917	-0.17	0.17
  1981	-0.0767043	-0.17	0.17
  1982	-0.0558547	-0.17	0.17
  1983	-0.0606894	-0.17	0.17
  1984	-0.0805797	-0.17	0.17
  1985	-0.0610491	-0.17	0.17
  1986	-0.0534788	-0.17	0.17
  1987	-0.0333666	-0.17	0.17
  1988	-0.0700571	-0.17	0.17
  1989	-0.0690506	-0.17	0.17
  1990	-0.0622544	-0.17	0.17
  1991	-0.0548102	-0.17	0.17
  1992	-0.023264	-0.17	0.17
  1993	-0.0785338	-0.17	0.17
  1994	-0.0567674	-0.17	0.17
  1995	-0.0452112	-0.17	0.17
  1996	-0.0235881	-0.17	0.17
  1997	-0.0428136	-0.17	0.17
  1998	-0.0516745	-0.17	0.17
  1999	-0.0638629	-0.17	0.17
  2000	-0.0650782	-0.17	0.17
  2001	-0.079671	-0.17	0.17
  2002	-0.0785768	-0.17	0.17
  2003	-0.0462651	-0.17	0.17
  2004	-0.0796517	-0.17	0.17
  2005	-0.0582487	-0.17	0.17
  2006	-0.0732182	-0.17	0.17
  2007	-0.0733264	-0.17	0.17
  2008	-0.0482519	-0.17	0.17
  2009	-0.0645966	-0.17	0.17
  2010	-0.0254421	-0.17	0.17
  2011	-0.0523098	-0.17	0.17
  2012	-0.0765989	-0.17	0.17
  2013	-0.0619078	-0.17	0.17
  2014	-0.0802169	-0.17	0.17
  2015	-0.0571267	-0.17	0.17
  2016	-0.0791809	-0.17	0.17
  2017	-0.0745446	-0.17	0.17
  2018	-0.0674791	-0.17	0.17
  2019	-0.0271032	-0.17	0.17
  2020	-0.0805782	-0.17	0.17
  2021	-0.0797637	-0.17	0.17
  2022	-0.0405327	-0.17	0.17
  2023	-0.0498849	-0.17	0.17
  2024	-0.0471014	-0.17	0.17
  2025	-0.0789687	-0.17	0.17
  2026	-0.0396475	-0.17	0.17
  2027	-0.0340646	-0.17	0.17
  2028	-0.0772777	-0.17	0.17
  2029	-0.0767624	-0.17	0.17
  2030	-0.0298132	-0.17	0.17
  2031	-0.0454356	-0.17	0.17
  2032	-0.0484011	-0.17	0.17
  2033	-0.0664333	-0.17	0.17
  2034	-0.0734143	-0.17	0.17
  2035	-0.048821	-0.17	0.17
  2036	-0.0628795	-0.17	0.17
  2037	-0.0370582	-0.17	0.17
  2038	-0.061813	-0.17	0.17
  2039	-0.0694633	-0.17	0.17
  2040	-0.0777809	-0.17	0.17
  2041	-0.0744987	-0.17	0.17
  2042	-0.0506149	-0.17	0.17
  2043	-0.0716137	-0.17	0.17
  2044	-0.0576483	-0.17	0.17
  2045	-0.0144717	-0.17	0.17
  2046	-0.0721538	-0.17	0.17
  2047	-0.0343642	-0.17	0.17
  2048	-0.068307	-0.17	0.17
  2049	-0.0715357	-0.17	0.17
  2050	-0.0624759	-0.17	0.17
  2051	-0.0795163	-0.17	0.17
  2052	-0.0583181	-0.17	0.17
  2053	-0.0434904	-0.17	0.17
  2054	-0.0742397	-0.17	0.17
  2055	-0.0416598	-0.17	0.17
  2056	-0.0279646	-0.17	0.17
  2057	-0.049156	-0.17	0.17
  2058	-0.0538176	-0.17	0.17
  2059	-0.0181714	-0.17	0.17
  2060	-0.0786386	-0.17	0.17
  2061	-0.075909	-0.17	0.17
  2062	-0.06938	-0.17	0.17
  2063	-0.0616844	-0.17	0.17
  2064	-0.0277902	-0.17	0.17
  2065	-0.0761158	-0.17	0.17
  2066	-0.0485689	-0.17	0.17
  2067	-0.0450495	-0.17	0.17
  2068	-0.0523316	-0.17	0.17
  2069	-0.0700742	-0.17	0.17
  2070	-0.0155098	-0.17	0.17
  2071	-0.0664077	-0.17	0.17
  2072	-0.0796571	-0.17	0.17
  2073	-0.0786019	-0.17	0.17
  2074	-0.0464708	-0.17	0.17
  2075	-0.0720223	-0.17	0.17
  2076	-0.0287263	-0.17	0.17
  2077	-0.0799368	-0.17	0.17
  2078	-0.0383637	-0.17	0.17
  2079	-0.0803572	-0.17	0.17
  2080	-0.0142903	-0.17	0.17
  2081	-0.0707782	-0.17	0.17
  2082	-0.0392347	-0.17	0.17
  2083	-0.0791625	-0.17	0.17
  2084	-0.0545156	-0.17	0.17
  2085	-0.0402816	-0.17	0.17
  2086	-0.069693	-0.17	0.17
  2087	-0.079404	-0.17	0.17
  2088	-0.0253095	-0.17	0.17
  2089	-0.0655209	-0.17	0.17
  2090	-0.0477507	-0.17	0.17
  2091	-0.0280248	-0.17	0.17
  2092	-0.0254878	-0.17	0.17
  2093	-0.0748384	-0.17	0.17
  2094	-0.051318	-0.17	0.17
  2095	-0.0437016	-0.17	0.17
  2096	-0.0775043	-0.17	0.17
  2097	-0.0267764	-0.17	0.17
  2098	-0.0501953	-0.17	0.17
  2099	-0.0748275	-0.17	0.17
  2100	-0.079888	-0.17	0.17
  2101	-0.013829	-0.17	0.17
  2102	-0.0588186	-0.17	0.17
  2103	-0.0653636	-0.17	0.17
  2104	-0.0609694	-0.17	0.17
  2105	-0.0787219	-0.17	0.17
  2106	-0.0736053	-0.17	0.17
  2107	-0.0599524	-0.17	0.17
  2108	-0.0456409	-0.17	0.17
  2109	-0.0807251	-0.17	0.17
  2110	-0.0807218	-0.17	0.17
  2111	-0.0505205	-0.17	0.17
  2112	-0.0633256	-0.17	0.17
  2113	-0.056037	-0.17	0.17
  2114	-0.0731069	-0.17	0.17
  2115	-0.0386774	-0.17	0.17
  2116	-0.0693011	-0.17	0.17
  2117	-0.0613253	-0.17	0.17
  2118	-0.0532202	-0.17	0.17
  2119	-0.0440564	-0.17	0.17
  2120	-0.0761453	-0.17	0.17
  2121	-0.0644546	-0.17	0.17
  2122	-0.0752685	-0.17	0.17
  2123	-0.0584879	-0.17	0.17
  2124	-0.0578764	-0.17	0.17
  2125	-0.030172	-0.17	0.17
  2126	-0.0505481	-0.17	0.17
  2127	-0.0753976	-0.17	0.17
  2128	-0.0731134	-0.17	0.17
  2129	-0.0789874	-0.17	0.17
  2130	-0.0744376	-0.17	0.17
  2131	-0.0494079	-0.17	0.17
  2132	-0.079692	-0.17	0.17
  2133	-0.0133925	-0.17	0.17
  2134	-0.0800409	-0.17	0.17
  2135	-0.0744956	-0.17	0.17
  2136	-0.0703795	-0.17	0.17
  2137	-0.0529865	-0.17	0.17
  2138	-0.0439328	-0.17	0.17
  2139	-0.0664675	-0.17	0.17
  2140	-0.0541283	-0.17	0.17
  2141	-0.0798418	-0.17	0.17
  2142	-0.0688393	-0.17	0.17
  2143	-0.0727292	-0.17	0.17
  2144	-0.0395425	-0.17	0.17
  2145	-0.0556832	-0.17	0.17
  2146	-0.0449803	-0.17	0.17
  2147	-0.0463905	-0.17	0.17
  2148	-0.0424131	-0.17	0.17
  2149	-0.044628	-0.17	0.17
  2150	-0.0777025	-0.17	0.17
  2151	-0.0213024	-0.17	0.17
  2152	-0.0319477	-0.17	0.17
  2153	-0.0639742	-0.17	0.17
  2154	-0.0475449	-0.17	0.17
  2155	-0.071634	-0.17	0.17
  2156	-0.0802549	-0.17	0.17
  2157	-0.0792256	-0.17	0.17
  2158	-0.0630721	-0.17	0.17
  2159	-0.0635415	-0.17	0.17
  2160	-0.0476617	-0.17	0.17
  2161	-0.0712249	-0.17	0.17
  2162	-0.0707178	-0.17	0.17
  2163	-0.0776771	-0.17	0.17
  2164	-0.0619539	-0.17	0.17
  2165	-0.0220217	-0.17	0.17
  2166	-0.0535134	-0.17	0.17
  2167	-0.0466874	-0.17	0.17
  2168	-0.0737594	-0.17	0.17
  2169	-0.075015	-0.17	0.17
  2170	-0.0597341	-0.17	0.17
  2171	-0.0434578	-0.17	0.17
  2172	-0.0133761	-0.17	0.17
  2173	-0.0448827	-0.17	0.17
  2174	-0.038441	-0.17	0.17
  2175	-0.0753453	-0.17	0.17
  2176	-0.0735362	-0.17	0.17
  2177	-0.0438679	-0.17	0.17
  2178	-0.0369337	-0.17	0.17
  2179	-0.0729392	-0.17	0.17
  2180	-0.0512469	-0.17	0.17
  2181	-0.0331782	-0.17	0.17
  2182	-0.0492588	-0.17	0.17
  2183	-0.0404757	-0.17	0.17
  2184	-0.0742854	-0.17	0.17
  2185	-0.036537	-0.17	0.17
  2186	-0.0265425	-0.17	0.17
  2187	-0.0235372	-0.17	0.17
  2188	-0.0720459	-0.17	0.17
  2189	-0.0678736	-0.17	0.17
  2190	-0.0672449	-0.17	0.17
  2191	-0.0265768	-0.17	0.17
  2192	-0.0577821	-0.17	0.17
  2193	-0.0618853	-0.17	0.17
  2194	-0.0499736	-0.17	0.17
  2195	-0.0799951	-0.17	0.17
  2196	-0.0190628	-0.17	0.17
  2197	-0.0642877	-0.17	0.17
  2198	-0.0757614	-0.17	0.17
  2199	-0.0667615	-0.17	0.17
  2200	-0.0540736	-0.17	0.17
  2201	-0.0707783	-0.17	0.17
  2202	-0.0568382	-0.17	0.17
  2203	-0.0491817	-0.17	0.17
  2204	-0.0702853	-0.17	0.17
  2205	-0.0649675	-0.17	0.17
  2206	-0.0667195	-0.17	0.17
  2207	-0.0294167	-0.17	0.17
  2208	-0.0784139	-0.17	0.17
  2209	-0.0184638	-0.17	0.17
  2210	-0.055268	-0.17	0.17
  2211	-0.0448126	-0.17	0.17
  2212	-0.0782594	-0.17	0.17
  2213	-0.0782646	-0.17	0.17
  2214	-0.0801453	-0.17	0.17
  2215	-0.0688042	-0.17	0.17
  2216	-0.0439792	-0.17	0.17
  2217	-0.0789993	-0.17	0.17
  2218	-0.0762943	-0.17	0.17
  2219	-0.0156255	-0.17	0.17
  2220	-0.0710454	-0.17	0.17
  2221	-0.043764	-0.17	0.17
  2222	-0.0543752	-0.17	0.17
  2223	-0.0207996	-0.17	0.17
  2224	-0.0463187	-0.17	0.17
  2225	-0.060373	-0.17	0.17
  2226	-0.0782306	-0.17	0.17
  2227	-0.0547825	-0.17	0.17
  2228	-0.0726074	-0.17	0.17
  2229	-0.0765035	-0.17	0.17
  2230	-0.0295803	-0.17	0.17
  2231	-0.0780632	-0.17	0.17
  2232	-0.0570809	-0.17	0.17
  2233	-0.0217808	-0.17	0.17
  2234	-0.0545176	-0.17	0.17
  2235	-0.0730833	-0.17	0.17
  2236	-0.0405554	-0.17	0.17
  2237	-0.0799059	-0.17	0.17
  2238	-0.063865	-0.17	0.17
  2239	-0.0157326	-0.17	0.17
  2240	-0.0639277	-0.17	0.17
  2241	-0.0796772	-0.17	0.17
  2242	-0.0607413	-0.17	0.17
  2243	-0.0354409	-0.17	0.17
  2244	-0.0627673	-0.17	0.17
  2245	-0.0550557	-0.17	0.17
  2246	-0.0396509	-0.17	0.17
  2247	-0.0330773	-0.17	0.17
  2248	-0.0630181	-0.17	0.17
  2249	-0.0663547	-0.17	0.17
  2250	-0.0540663	-0.17	0.17
  2251	-0.0711808	-0.17	0.17
  2252	-0.0543217	-0.17	0.17
  2253	-0.0788108	-0.17	0.17
  2254	-0.0615416	-0.17	0.17
  2255	-0.0522416	-0.17	0.17
  2256	-0.0383548	-0.17	0.17
  2257	-0.0644773	-0.17	0.17
  2258	-0.079256	-0.17	0.17
  2259	-0.0696703	-0.17	0.17
  2260	-0.053009	-0.17	0.17
  2261	-0.0490093	-0.17	0.17
  2262	-0.0798011	-0.17	0.17
  2263	-0.072998	-0.17	0.17
  2264	-0.0762785	-0.17	0.17
  2265	-0.0560566	-0.17	0.17
  2266	-0.0460012	-0.17	0.17
  2267	-0.0740051	-0.17	0.17
  2268	-0.0761106	-0.17	0.17
  2269	-0.0542188	-0.17	0.17
  2270	-0.0625971	-0.17	0.17
  2271	-0.0477727	-0.17	0.17
  2272	-0.0694097	-0.17	0.17
  2273	-0.0673649	-0.17	0.17
  2274	-0.0630179	-0.17	0.17
  2275	-0.049827	-0.17	0.17
  2276	-0.0768809	-0.17	0.17
  2277	-0.0633497	-0.17	0.17
  2278	-0.0145051	-0.17	0.17
  2279	-0.048214	-0.17	0.17
  2280	-0.0719524	-0.17	0.17
  2281	-0.0705687	-0.17	0.17
  2282	-0.055457	-0.17	0.17
  2283	-0.0671181	-0.17	0.17
  2284	-0.0734176	-0.17	0.17
  2285	-0.048541	-0.17	0.17
  2286	-0.0203425	-0.17	0.17
  2287	-0.0759085	-0.17	0.17
  2288	-0.0778879	-0.17	0.17
  2289	-0.0343875	-0.17	0.17
  2290	-0.0655319	-0.17	0.17
  2291	-0.0430188	-0.17	0.17
  2292	-0.0686739	-0.17	0.17
  2293	-0.0459667	-0.17	0.17
  2294	-0.0380157	-0.17	0.17
  2295	-0.0715666	-0.17	0.17
  2296	-0.0721066	-0.17	0.17
  2297	-0.0429729	-0.17	0.17
  2298	-0.0390245	-0.17	0.17
  2299	-0.0705159	-0.17	0.17
  2300	-0.0683458	-0.17	0.17
  2301	-0.0763946	-0.17	0.17
  2302	-0.0384289	-0.17	0.17
  2303	-0.0723183	-0.17	0.17
  2304	-0.080102	-0.17	0.17
  2305	-0.0799674	-0.17	0.17
  2306	-0.0396774	-0.17	0.17
  2307	-0.078333	-0.17	0.17
  2308	-0.0472396	-0.17	0.17
  2309	-0.0176038	-0.17	0.17
  2310	-0.0721615	-0.17	0.17
  2311	-0.0230797	-0.17	0.17
  2312	-0.0438119	-0.17	0.17
  2313	-0.0784033	-0.17	0.17
  2314	-0.0614375	-0.17	0.17
  2315	-0.0634633	-0.17	0.17
  2316	-0.0650829	-0.17	0.17
  2317	-0.0604277	-0.17	0.17
  2318	-0.0558153	-0.17	0.17
  2319	-0.0361043	-0.17	0.17
  2320	-0.0734878	-0.17	0.17
  2321	-0.0804902	-0.17	0.17
  2322	-0.0636209	-0.17	0.17
  2323	-0.0462601	-0.17	0.17
  2324	-0.0311195	-0.17	0.17
  2325	-0.0741908	-0.17	0.17
  2326	-0.0632294	-0.17	0.17
  2327	-0.0707221	-0.17	0.17
  2328	-0.0517279	-0.17	0.17
  2329	-0.0543085	-0.17	0.17
  2330	-0.0786175	-0.17	0.17
  2331	-0.06783	-0.17	0.17
  2332	-0.0785524	-0.17	0.17
  2333	-0.074564	-0.17	0.17
  2334	-0.0783987	-0.17	0.17
  2335	-0.0391347	-0.17	0.17
  2336	-0.0789048	-0.17	0.17
  2337	-0.0404448	-0.17	0.17
  2338	-0.05934	-0.17	0.17
  2339	-0.0453221	-0.17	0.17
  2340	-0.0456722	-0.17	0.17
  2341	-0.0477246	-0.17	0.17
  2342	-0.0800214	-0.17	0.17
  2343	-0.045546	-0.17	0.17
  2344	-0.0745274	-0.17	0.17
  2345	-0.0364577	-0.17	0.17
  2346	-0.0396473	-0.17	0.17
  2347	-0.0783621	-0.17	0.17
  2348	-0.0442534	-0.17	0.17
  2349	-0.0769804	-0.17	0.17
  2350	-0.0201134	-0.17	0.17
  2351	-0.0741754	-0.17	0.17
  2352	-0.0640972	-0.17	0.17
  2353	-0.0487688	-0.17	0.17
  2354	-0.0745465	-0.17	0.17
  2355	-0.0672846	-0.17	0.17
  2356	-0.0362399	-0.17	0.17
  2357	-0.0340681	-0.17	0.17
  2358	-0.0464434	-0.17	0.17
  2359	-0.0544622	-0.17	0.17
  2360	-0.0626969	-0.17	0.17
  2361	-0.0769818	-0.17	0.17
  2362	-0.0432411	-0.17	0.17
  2363	-0.0155369	-0.17	0.17
  2364	-0.04527	-0.17	0.17
  2365	-0.070611	-0.17	0.17
  2366	-0.076182	-0.17	0.17
  2367	-0.0369124	-0.17	0.17
  2368	-0.0323414	-0.17	0.17
  2369	-0.059635	-0.17	0.17
  2370	-0.0780577	-0.17	0.17
  2371	-0.0799561	-0.17	0.17
  2372	-0.0767344	-0.17	0.17
  2373	-0.0449657	-0.17	0.17
  2374	-0.0515751	-0.17	0.17
  2375	-0.0631535	-0.17	0.17
  2376	-0.02799	-0.17	0.17
  2377	-0.0415655	-0.17	0.17
  2378	-0.073239	-0.17	0.17
  2379	-0.0601923	-0.17	0.17
  2380	-0.0536468	-0.17	0.17
  2381	-0.0754892	-0.17	0.17
  2382	-0.0564773	-0.17	0.17
  2383	-0.0729772	-0.17	0.17
  2384	-0.038288	-0.17	0.17
  2385	-0.0471514	-0.17	0.17
  2386	-0.0757643	-0.17	0.17
  2387	-0.0506238	-0.17	0.17
  2388	-0.0690615	-0.17	0.17
  2389	-0.0779367	-0.17	0.17
  2390	-0.0796088	-0.17	0.17
  2391	-0.0691159	-0.17	0.17
  2392	-0.0784122	-0.17	0.17
  2393	-0.0692526	-0.17	0.17
  2394	-0.0538078	-0.17	0.17
  2395	-0.0359586	-0.17	0.17
  2396	-0.073802	-0.17	0.17
  2397	-0.0586441	-0.17	0.17
  2398	-0.0679771	-0.17	0.17
  2399	-0.0429364	-0.17	0.17
  2400	-0.0571482	-0.17	0.17
  2401	-0.0695164	-0.17	0.17
  2402	-0.0284708	-0.17	0.17
  2403	-0.0207791	-0.17	0.17
  2404	-0.0408862	-0.17	0.17
  2405	-0.0230399	-0.17	0.17
  2406	-0.0712144	-0.17	0.17
  2407	-0.0614328	-0.17	0.17
  2408	-0.0767293	-0.17	0.17
  2409	-0.0647273	-0.17	0.17
  2410	-0.0395108	-0.17	0.17
  2411	-0.0770886	-0.17	0.17
  2412	-0.0632407	-0.17	0.17
  2413	-0.0514927	-0.17	0.17
  2414	-0.0754955	-0.17	0.17
  2415	-0.0789112	-0.17	0.17
  2416	-0.0345038	-0.17	0.17
  2417	-0.0793732	-0.17	0.17
  2418	-0.0574385	-0.17	0.17
  2419	-0.0361681	-0.17	0.17
  2420	-0.0508325	-0.17	0.17
  2421	-0.0667328	-0.17	0.17
  2422	-0.068581	-0.17	0.17
  2423	-0.0781993	-0.17	0.17
  2424	-0.076303	-0.17	0.17
  2425	-0.0483486	-0.17	0.17
  2426	-0.0790619	-0.17	0.17
  2427	-0.0531271	-0.17	0.17
  2428	-0.0571332	-0.17	0.17
  2429	-0.0689245	-0.17	0.17
  2430	-0.0591785	-0.17	0.17
  2431	-0.0796576	-0.17	0.17
  2432	-0.0542249	-0.17	0.17
  2433	-0.0701875	-0.17	0.17
  2434	-0.0713984	-0.17	0.17
  2435	-0.0627258	-0.17	0.17
  2436	-0.0625952	-0.17	0.17
  2437	-0.0312324	-0.17	0.17
  2438	-0.0711335	-0.17	0.17
  2439	-0.0563622	-0.17	0.17
  2440	-0.0642625	-0.17	0.17
  2441	-0.0586341	-0.17	0.17
  2442	-0.0748236	-0.17	0.17
  2443	-0.0735592	-0.17	0.17
  2444	-0.0320455	-0.17	0.17
  2445	-0.0788953	-0.17	0.17
  2446	-0.0593605	-0.17	0.17
  2447	-0.0764444	-0.17	0.17
  2448	-0.0508456	-0.17	0.17
  2449	-0.0599436	-0.17	0.17
  2450	-0.0774405	-0.17	0.17
  2451	-0.0564154	-0.17	0.17
  2452	-0.034327	-0.17	0.17
  2453	-0.0522472	-0.17	0.17
  2454	-0.0691729	-0.17	0.17
  2455	-0.0469643	-0.17	0.17
  2456	-0.0790659	-0.17	0.17
  2457	-0.0802882	-0.17	0.17
  2458	-0.0725888	-0.17	0.17
  2459	-0.0744063	-0.17	0.17
  2460	-0.0341214	-0.17	0.17
  2461	-0.0616279	-0.17	0.17
  2462	-0.0339361	-0.17	0.17
  2463	-0.0688224	-0.17	0.17
  2464	-0.0510923	-0.17	0.17
  2465	-0.0222863	-0.17	0.17
  2466	-0.0703955	-0.17	0.17
  2467	-0.0343836	-0.17	0.17
  2468	-0.0643707	-0.17	0.17
  2469	-0.0789597	-0.17	0.17
  2470	-0.0724798	-0.17	0.17
  2471	-0.0160211	-0.17	0.17
  2472	-0.065946	-0.17	0.17
  2473	-0.0571405	-0.17	0.17
  2474	-0.0505654	-0.17	0.17
  2475	-0.0571577	-0.17	0.17
  2476	-0.0559664	-0.17	0.17
  2477	-0.0735131	-0.17	0.17
  2478	-0.0678214	-0.17	0.17
  2479	-0.0792873	-0.17	0.17
  2480	-0.062549	-0.17	0.17
  2481	-0.0399804	-0.17	0.17
  2482	-0.0130039	-0.17	0.17
  2483	-0.0584326	-0.17	0.17
  2484	-0.0415321	-0.17	0.17
  2485	-0.0431712	-0.17	0.17
  2486	-0.0688836	-0.17	0.17
  2487	-0.0759715	-0.17	0.17
  2488	-0.0724286	-0.17	0.17
  2489	-0.0734092	-0.17	0.17
  2490	-0.0630594	-0.17	0.17
  2491	-0.0648193	-0.17	0.17
  2492	-0.0404563	-0.17	0.17
  2493	-0.0381277	-0.17	0.17
  2494	-0.0595884	-0.17	0.17
  2495	-0.0620676	-0.17	0.17
  2496	-0.0558765	-0.17	0.17
  2497	-0.0783537	-0.17	0.17
  2498	-0.0474411	-0.17	0.17
  2499	-0.0679507	-0.17	0.17
  2500	-0.0182315	-0.17	0.17
  2501	-0.0565137	-0.17	0.17
  2502	-0.0462421	-0.17	0.17
  2503	-0.073473	-0.17	0.17
  2504	-0.0742545	-0.17	0.17
  2505	-0.0224065	-0.17	0.17
  2506	-0.0628792	-0.17	0.17
  2507	-0.07946	-0.17	0.17
  2508	-0.0559188	-0.17	0.17
  2509	-0.0719503	-0.17	0.17
  2510	-0.0579394	-0.17	0.17
  2511	-0.0489516	-0.17	0.17
  2512	-0.064451	-0.17	0.17
  2513	-0.0433273	-0.17	0.17
  2514	-0.0802443	-0.17	0.17
  2515	-0.0735959	-0.17	0.17
  2516	-0.0546555	-0.17	0.17
  2517	-0.014696	-0.17	0.17
  2518	-0.051929	-0.17	0.17
  2519	-0.0661014	-0.17	0.17
  2520	-0.0499928	-0.17	0.17
  2521	-0.0690602	-0.17	0.17
  2522	-0.0749602	-0.17	0.17
  2523	-0.0409903	-0.17	0.17
  2524	-0.0715927	-0.17	0.17
  2525	-0.077748	-0.17	0.17
  2526	-0.0770935	-0.17	0.17
  2527	-0.0797024	-0.17	0.17
  2528	-0.0391648	-0.17	0.17
  2529	-0.0458071	-0.17	0.17
  2530	-0.0544649	-0.17	0.17
  2531	-0.079044	-0.17	0.17
  2532	-0.0492698	-0.17	0.17
  2533	-0.0283216	-0.17	0.17
  2534	-0.0794692	-0.17	0.17
  2535	-0.0566695	-0.17	0.17
  2536	-0.0555744	-0.17	0.17
  2537	-0.0754528	-0.17	0.17
  2538	-0.0419399	-0.17	0.17
  2539	-0.080015	-0.17	0.17
  2540	-0.0709472	-0.17	0.17
  2541	-0.054819	-0.17	0.17
  2542	-0.0787243	-0.17	0.17
  2543	-0.0428077	-0.17	0.17
  2544	-0.0569596	-0.17	0.17
  2545	-0.0766861	-0.17	0.17
  2546	-0.0704361	-0.17	0.17
  2547	-0.0777509	-0.17	0.17
  2548	-0.0806609	-0.17	0.17
  2549	-0.0443902	-0.17	0.17
  2550	-0.0724042	-0.17	0.17
  2551	-0.0426716	-0.17	0.17
  2552	-0.0733335	-0.17	0.17
  2553	-0.0511456	-0.17	0.17
  2554	-0.0723992	-0.17	0.17
  2555	-0.0406405	-0.17	0.17
  2556	-0.030609	-0.17	0.17
  2557	-0.037974	-0.17	0.17
  2558	-0.038151	-0.17	0.17
  2559	-0.0495944	-0.17	0.17
  2560	-0.0346655	-0.17	0.17
  2561	-0.0402466	-0.17	0.17
  2562	-0.0792667	-0.17	0.17
  2563	-0.0758161	-0.17	0.17
  2564	-0.0703988	-0.17	0.17
  2565	-0.063303	-0.17	0.17
  2566	-0.051895	-0.17	0.17
  2567	-0.0471445	-0.17	0.17
  2568	-0.0479303	-0.17	0.17
  2569	-0.0340828	-0.17	0.17
  2570	-0.0659473	-0.17	0.17
  2571	-0.0714129	-0.17	0.17
  2572	-0.0629758	-0.17	0.17
  2573	-0.0624901	-0.17	0.17
  2574	-0.0530723	-0.17	0.17
  2575	-0.0710604	-0.17	0.17
  2576	-0.0482951	-0.17	0.17
  2577	-0.0403268	-0.17	0.17
  2578	-0.0710462	-0.17	0.17
  2579	-0.0719729	-0.17	0.17
  2580	-0.0782165	-0.17	0.17
  2581	-0.068146	-0.17	0.17
  2582	-0.0428899	-0.17	0.17
  2583	-0.0684874	-0.17	0.17
  2584	-0.0672387	-0.17	0.17
  2585	-0.0322943	-0.17	0.17
  2586	-0.0695324	-0.17	0.17
  2587	-0.0779854	-0.17	0.17
  2588	-0.0131386	-0.17	0.17
  2589	-0.0427591	-0.17	0.17
  2590	-0.068627	-0.17	0.17
  2591	-0.0546037	-0.17	0.17
  2592	-0.0687283	-0.17	0.17
  2593	-0.0589589	-0.17	0.17
  2594	-0.0798094	-0.17	0.17
  2595	-0.0651423	-0.17	0.17
  2596	-0.0594794	-0.17	0.17
  2597	-0.0472821	-0.17	0.17
  2598	-0.0737995	-0.17	0.17
  2599	-0.0687981	-0.17	0.17
  2600	-0.0628314	-0.17	0.17
  2601	-0.0420186	-0.17	0.17
  2602	-0.0481575	-0.17	0.17
  2603	-0.080573	-0.17	0.17
  2604	-0.0791804	-0.17	0.17
  2605	-0.0573184	-0.17	0.17
  2606	-0.0788791	-0.17	0.17
  2607	-0.0785134	-0.17	0.17
  2608	-0.0418685	-0.17	0.17
  2609	-0.0800905	-0.17	0.17
  2610	-0.040434	-0.17	0.17
  2611	-0.0783319	-0.17	0.17
  2612	-0.0671039	-0.17	0.17
  2613	-0.0716469	-0.17	0.17
  2614	-0.0692938	-0.17	0.17
  2615	-0.0743923	-0.17	0.17
  2616	-0.0798638	-0.17	0.17
  2617	-0.0760903	-0.17	0.17
  2618	-0.0778789	-0.17	0.17
  2619	-0.0620171	-0.17	0.17
  2620	-0.0805347	-0.17	0.17
  2621	-0.073048	-0.17	0.17
  2622	-0.0796516	-0.17	0.17
  2623	-0.0724838	-0.17	0.17
  2624	-0.0466476	-0.17	0.17
  2625	-0.0776139	-0.17	0.17
  2626	-0.0596305	-0.17	0.17
  2627	-0.0523009	-0.17	0.17
  2628	-0.0269106	-0.17	0.17
  2629	-0.0785123	-0.17	0.17
  2630	-0.0523164	-0.17	0.17
  2631	-0.0802302	-0.17	0.17
  2632	-0.0545065	-0.17	0.17
  2633	-0.0604461	-0.17	0.17
  2634	-0.0362191	-0.17	0.17
  2635	-0.0527985	-0.17	0.17
  2636	-0.0615728	-0.17	0.17
  2637	-0.0603988	-0.17	0.17
  2638	-0.0241981	-0.17	0.17
  2639	-0.0563488	-0.17	0.17
  2640	-0.0590187	-0.17	0.17
  2641	-0.0637068	-0.17	0.17
  2642	-0.0525264	-0.17	0.17
  2643	-0.0669762	-0.17	0.17
  2644	-0.034491	-0.17	0.17
  2645	-0.0529463	-0.17	0.17
  2646	-0.0711393	-0.17	0.17
  2647	-0.0363006	-0.17	0.17
  2648	-0.0722838	-0.17	0.17
  2649	-0.0777084	-0.17	0.17
  2650	-0.0532244	-0.17	0.17
  2651	-0.0731455	-0.17	0.17
  2652	-0.0396832	-0.17	0.17
  2653	-0.0385929	-0.17	0.17
  2654	-0.0401488	-0.17	0.17
  2655	-0.077235	-0.17	0.17
  2656	-0.0714367	-0.17	0.17
  2657	-0.069302	-0.17	0.17
  2658	-0.0545853	-0.17	0.17
  2659	-0.0730808	-0.17	0.17
  2660	-0.0697831	-0.17	0.17
  2661	-0.0690141	-0.17	0.17
  2662	-0.0800142	-0.17	0.17
  2663	-0.0607455	-0.17	0.17
  2664	-0.0649278	-0.17	0.17
  2665	-0.0788835	-0.17	0.17
  2666	-0.0197792	-0.17	0.17
  2667	-0.065679	-0.17	0.17
  2668	-0.0526866	-0.17	0.17
  2669	-0.0781409	-0.17	0.17
  2670	-0.0596543	-0.17	0.17
  2671	-0.0321128	-0.17	0.17
  2672	-0.0493909	-0.17	0.17
  2673	-0.0727976	-0.17	0.17
  2674	-0.0380051	-0.17	0.17
  2675	-0.052607	-0.17	0.17
  2676	-0.0512269	-0.17	0.17
  2677	-0.0526822	-0.17	0.17
  2678	-0.0505276	-0.17	0.17
  2679	-0.0774499	-0.17	0.17
  2680	-0.07277	-0.17	0.17
  2681	-0.0522532	-0.17	0.17
  2682	-0.0770074	-0.17	0.17
  2683	-0.0653219	-0.17	0.17
  2684	-0.0539231	-0.17	0.17
  2685	-0.0422518	-0.17	0.17
  2686	-0.070144	-0.17	0.17
  2687	-0.0433827	-0.17	0.17
  2688	-0.0318896	-0.17	0.17
  2689	-0.0527936	-0.17	0.17
  2690	-0.0690208	-0.17	0.17
  2691	-0.0518993	-0.17	0.17
  2692	-0.0318801	-0.17	0.17
  2693	-0.0802688	-0.17	0.17
  2694	-0.0732257	-0.17	0.17
  2695	-0.0647035	-0.17	0.17
  2696	-0.0394836	-0.17	0.17
  2697	-0.0603732	-0.17	0.17
  2698	-0.0203846	-0.17	0.17
  2699	-0.06173	-0.17	0.17
  2700	-0.0638399	-0.17	0.17
  2701	-0.0774774	-0.17	0.17
  2702	-0.0690882	-0.17	0.17
  2703	-0.0230532	-0.17	0.17
  2704	-0.0502939	-0.17	0.17
  2705	-0.0796095	-0.17	0.17
  2706	-0.0722923	-0.17	0.17
  2707	-0.0721169	-0.17	0.17
  2708	-0.0487835	-0.17	0.17
  2709	-0.0182508	-0.17	0.17
  2710	-0.0774046	-0.17	0.17
  2711	-0.0568844	-0.17	0.17
  2712	-0.0486599	-0.17	0.17
  2713	-0.0804002	-0.17	0.17
  2714	-0.0766494	-0.17	0.17
  2715	-0.0675624	-0.17	0.17
  2716	-0.039733	-0.17	0.17
  2717	-0.0321249	-0.17	0.17
  2718	-0.0759153	-0.17	0.17
  2719	-0.0777249	-0.17	0.17
  2720	-0.016908	-0.17	0.17
  2721	-0.0307115	-0.17	0.17
  2722	-0.0385729	-0.17	0.17
  2723	-0.041048	-0.17	0.17
  2724	-0.0509468	-0.17	0.17
  2725	-0.0466365	-0.17	0.17
  2726	-0.059187	-0.17	0.17
  2727	-0.060564	-0.17	0.17
  2728	-0.057771	-0.17	0.17
  2729	-0.0616058	-0.17	0.17
  2730	-0.0370054	-0.17	0.17
  2731	-0.0661168	-0.17	0.17
  2732	-0.0691299	-0.17	0.17
  2733	-0.0708252	-0.17	0.17
  2734	-0.0799801	-0.17	0.17
  2735	-0.0673891	-0.17	0.17
  2736	-0.0748618	-0.17	0.17
  2737	-0.078465	-0.17	0.17
  2738	-0.0204108	-0.17	0.17
  2739	-0.0598233	-0.17	0.17
  2740	-0.0730727	-0.17	0.17
  2741	-0.0225652	-0.17	0.17
  2742	-0.0533256	-0.17	0.17
  2743	-0.0789742	-0.17	0.17
  2744	-0.0770872	-0.17	0.17
  2745	-0.0631973	-0.17	0.17
  2746	-0.050601	-0.17	0.17
  2747	-0.0680689	-0.17	0.17
  2748	-0.0718124	-0.17	0.17
  2749	-0.0652892	-0.17	0.17
  2750	-0.0747848	-0.17	0.17
  2751	-0.0557695	-0.17	0.17
  2752	-0.0135898	-0.17	0.17
  2753	-0.0391472	-0.17	0.17
  2754	-0.0602179	-0.17	0.17
  2755	-0.0533279	-0.17	0.17
  2756	-0.0391639	-0.17	0.17
  2757	-0.0533578	-0.17	0.17
  2758	-0.0777537	-0.17	0.17
  2759	-0.0588691	-0.17	0.17
  2760	-0.0771126	-0.17	0.17
  2761	-0.0706953	-0.17	0.17
  2762	-0.0391771	-0.17	0.17
  2763	-0.0329552	-0.17	0.17
  2764	-0.0594037	-0.17	0.17
  2765	-0.0675818	-0.17	0.17
  2766	-0.0771312	-0.17	0.17
  2767	-0.0640303	-0.17	0.17
  2768	-0.06973	-0.17	0.17
  2769	-0.0747343	-0.17	0.17
  2770	-0.0756813	-0.17	0.17
  2771	-0.062505	-0.17	0.17
  2772	-0.0792857	-0.17	0.17
  2773	-0.0462167	-0.17	0.17
  2774	-0.0669147	-0.17	0.17
  2775	-0.068699	-0.17	0.17
  2776	-0.0458767	-0.17	0.17
  2777	-0.0164271	-0.17	0.17
  2778	-0.0586816	-0.17	0.17
  2779	-0.0801469	-0.17	0.17
  2780	-0.0785542	-0.17	0.17
  2781	-0.027677	-0.17	0.17
  2782	-0.0725706	-0.17	0.17
  2783	-0.0729107	-0.17	0.17
  2784	-0.0739271	-0.17	0.17
  2785	-0.0494187	-0.17	0.17
  2786	-0.0785014	-0.17	0.17
  2787	-0.043273	-0.17	0.17
  2788	-0.0484045	-0.17	0.17
  2789	-0.078311	-0.17	0.17
  2790	-0.0795607	-0.17	0.17
  2791	-0.0715493	-0.17	0.17
  2792	-0.0553211	-0.17	0.17
  2793	-0.078207	-0.17	0.17
  2794	-0.0285767	-0.17	0.17
  2795	-0.0697429	-0.17	0.17
  2796	-0.0721506	-0.17	0.17
  2797	-0.0691049	-0.17	0.17
  2798	-0.0300375	-0.17	0.17
  2799	-0.0517333	-0.17	0.17
  2800	-0.0699843	-0.17	0.17
  2801	-0.0786926	-0.17	0.17
  2802	-0.0642577	-0.17	0.17
  2803	-0.0492944	-0.17	0.17
  2804	-0.0605763	-0.17	0.17
  2805	-0.0679321	-0.17	0.17
  2806	-0.0554209	-0.17	0.17
  2807	-0.0320232	-0.17	0.17
  2808	-0.0595276	-0.17	0.17
  2809	-0.063287	-0.17	0.17
  2810	-0.0599321	-0.17	0.17
  2811	-0.0536625	-0.17	0.17
  2812	-0.0774379	-0.17	0.17
  2813	-0.0587892	-0.17	0.17
  2814	-0.0414684	-0.17	0.17
  2815	-0.0540114	-0.17	0.17
  2816	-0.0565865	-0.17	0.17
  2817	-0.0226076	-0.17	0.17
  2818	-0.0751419	-0.17	0.17
  2819	-0.0422833	-0.17	0.17
  2820	-0.013964	-0.17	0.17
  2821	-0.0700754	-0.17	0.17
  2822	-0.0538095	-0.17	0.17
  2823	-0.0805846	-0.17	0.17
  2824	-0.0664542	-0.17	0.17
  2825	-0.0270557	-0.17	0.17
  2826	-0.0786921	-0.17	0.17
  2827	-0.0739941	-0.17	0.17
  2828	-0.0635561	-0.17	0.17
  2829	-0.0715171	-0.17	0.17
  2830	-0.0800867	-0.17	0.17
  2831	-0.0495388	-0.17	0.17
  2832	-0.0771403	-0.17	0.17
  2833	-0.0191006	-0.17	0.17
  2834	-0.0479626	-0.17	0.17
  2835	-0.0801478	-0.17	0.17
  2836	-0.0515207	-0.17	0.17
  2837	-0.0535173	-0.17	0.17
  2838	-0.0543936	-0.17	0.17
  2839	-0.075943	-0.17	0.17
  2840	-0.06577	-0.17	0.17
  2841	-0.0152295	-0.17	0.17
  2842	-0.0646992	-0.17	0.17
  2843	-0.0375965	-0.17	0.17
  2844	-0.07951	-0.17	0.17
  2845	-0.0162169	-0.17	0.17
  2846	-0.0760174	-0.17	0.17
  2847	-0.0171769	-0.17	0.17
  2848	-0.0743847	-0.17	0.17
  2849	-0.0763939	-0.17	0.17
  2850	-0.0798557	-0.17	0.17
  2851	-0.0791031	-0.17	0.17
  2852	-0.0616766	-0.17	0.17
  2853	-0.0637024	-0.17	0.17
  2854	-0.0800049	-0.17	0.17
  2855	-0.0788147	-0.17	0.17
  2856	-0.0651765	-0.17	0.17
  2857	-0.0619547	-0.17	0.17
  2858	-0.0679277	-0.17	0.17
  2859	-0.0680148	-0.17	0.17
  2860	-0.0660489	-0.17	0.17
  2861	-0.0774777	-0.17	0.17
  2862	-0.0775028	-0.17	0.17
  2863	-0.0601913	-0.17	0.17
  2864	-0.0542061	-0.17	0.17
  2865	-0.0431604	-0.17	0.17
  2866	-0.0779857	-0.17	0.17
  2867	-0.0733172	-0.17	0.17
  2868	-0.0493582	-0.17	0.17
  2869	-0.0661237	-0.17	0.17
  2870	-0.076585	-0.17	0.17
  2871	-0.0598963	-0.17	0.17
  2872	-0.0772973	-0.17	0.17
  2873	-0.0587884	-0.17	0.17
  2874	-0.0508782	-0.17	0.17
  2875	-0.0403506	-0.17	0.17
  2876	-0.0754892	-0.17	0.17
  2877	-0.0538634	-0.17	0.17
  2878	-0.0795028	-0.17	0.17
  2879	-0.0793276	-0.17	0.17
  2880	-0.0412232	-0.17	0.17
  2881	-0.0524534	-0.17	0.17
  2882	-0.0696331	-0.17	0.17
  2883	-0.0672841	-0.17	0.17
  2884	-0.0613594	-0.17	0.17
  2885	-0.0781878	-0.17	0.17
  2886	-0.0335632	-0.17	0.17
  2887	-0.025136	-0.17	0.17
  2888	-0.0579209	-0.17	0.17
  2889	-0.0539804	-0.17	0.17
  2890	-0.0282681	-0.17	0.17
  2891	-0.0190783	-0.17	0.17
  2892	-0.0789609	-0.17	0.17
  2893	-0.048831	-0.17	0.17
  2894	-0.0391157	-0.17	0.17
  2895	-0.0160866	-0.17	0.17
  2896	-0.0310819	-0.17	0.17
  2897	-0.0681927	-0.17	0.17
  2898	-0.0804215	-0.17	0.17
  2899	-0.0769593	-0.17	0.17
  2900	-0.0532566	-0.17	0.17
  2901	-0.0808875	-0.17	0.17
  2902	-0.0644443	-0.17	0.17
  2903	-0.0615188	-0.17	0.17
  2904	-0.0299699	-0.17	0.17
  2905	-0.0649561	-0.17	0.17
  2906	-0.0711767	-0.17	0.17
  2907	-0.0510976	-0.17	0.17
  2908	-0.0713678	-0.17	0.17
  2909	-0.0799433	-0.17	0.17
  2910	-0.0503454	-0.17	0.17
  2911	-0.0628176	-0.17	0.17
  2912	-0.0793368	-0.17	0.17
  2913	-0.0453163	-0.17	0.17
  2914	-0.0425563	-0.17	0.17
  2915	-0.0573276	-0.17	0.17
  2916	-0.0351347	-0.17	0.17
  2917	-0.080369	-0.17	0.17
  2918	-0.0537743	-0.17	0.17
  2919	-0.0539104	-0.17	0.17
  2920	-0.0518657	-0.17	0.17
  2921	-0.0686341	-0.17	0.17
  2922	-0.0724967	-0.17	0.17
  2923	-0.0602929	-0.17	0.17
  2924	-0.0630523	-0.17	0.17
  2925	-0.0782663	-0.17	0.17
  2926	-0.0428876	-0.17	0.17
  2927	-0.0683461	-0.17	0.17
  2928	-0.072577	-0.17	0.17
  2929	-0.0523905	-0.17	0.17
  2930	-0.0805146	-0.17	0.17
  2931	-0.0499681	-0.17	0.17
  2932	-0.0777426	-0.17	0.17
  2933	-0.0219998	-0.17	0.17
  2934	-0.0628108	-0.17	0.17
  2935	-0.0526881	-0.17	0.17
  2936	-0.0566947	-0.17	0.17
  2937	-0.0333845	-0.17	0.17
  2938	-0.0428941	-0.17	0.17
  2939	-0.0628772	-0.17	0.17
  2940	-0.0769768	-0.17	0.17
  2941	-0.0624305	-0.17	0.17
  2942	-0.039755	-0.17	0.17
  2943	-0.0782525	-0.17	0.17
  2944	-0.0557922	-0.17	0.17
  2945	-0.0624337	-0.17	0.17
  2946	-0.0737228	-0.17	0.17
  2947	-0.0516349	-0.17	0.17
  2948	-0.074642	-0.17	0.17
  2949	-0.0524907	-0.17	0.17
  2950	-0.0597751	-0.17	0.17
  2951	-0.0631037	-0.17	0.17
  2952	-0.0658441	-0.17	0.17
  2953	-0.0404099	-0.17	0.17
  2954	-0.059965	-0.17	0.17
  2955	-0.064408	-0.17	0.17
  2956	-0.0714018	-0.17	0.17
  2957	-0.0251057	-0.17	0.17
  2958	-0.0526811	-0.17	0.17
  2959	-0.068155	-0.17	0.17
  2960	-0.0353453	-0.17	0.17
  2961	-0.0648877	-0.17	0.17
  2962	-0.0553039	-0.17	0.17
  2963	-0.0804405	-0.17	0.17
  2964	-0.080436	-0.17	0.17
  2965	-0.0487383	-0.17	0.17
  2966	-0.0500609	-0.17	0.17
  2967	-0.0308352	-0.17	0.17
  2968	-0.0785401	-0.17	0.17
  2969	-0.0803558	-0.17	0.17
  2970	-0.0589846	-0.17	0.17
  2971	-0.0423795	-0.17	0.17
  2972	-0.0763924	-0.17	0.17
  2973	-0.0441715	-0.17	0.17
  2974	-0.045764	-0.17	0.17
  2975	-0.0503063	-0.17	0.17
  2976	-0.0647779	-0.17	0.17
  2977	-0.0802157	-0.17	0.17
  2978	-0.0297064	-0.17	0.17
  2979	-0.0544457	-0.17	0.17
  2980	-0.0684963	-0.17	0.17
  2981	-0.0703667	-0.17	0.17
  2982	-0.0678722	-0.17	0.17
  2983	-0.0667035	-0.17	0.17
  2984	-0.0556853	-0.17	0.17
  2985	-0.0686314	-0.17	0.17
  2986	-0.0508865	-0.17	0.17
  2987	-0.077094	-0.17	0.17
  2988	-0.0751903	-0.17	0.17
  2989	-0.0442912	-0.17	0.17
  2990	-0.027783	-0.17	0.17
  2991	-0.0354335	-0.17	0.17
  2992	-0.0622235	-0.17	0.17
  2993	-0.0778697	-0.17	0.17
  2994	-0.0369324	-0.17	0.17
  2995	-0.078548	-0.17	0.17
  2996	-0.0786448	-0.17	0.17
  2997	-0.0202947	-0.17	0.17
  2998	-0.077602	-0.17	0.17
  2999	-0.0480106	-0.17	0.17
  3000	-0.0720778	-0.17	0.17
  3001	-0.080609	-0.17	0.17
  3002	-0.0773405	-0.17	0.17
  3003	-0.0592198	-0.17	0.17
  3004	-0.0444626	-0.17	0.17
  3005	-0.064089	-0.17	0.17
  3006	-0.0307704	-0.17	0.17
  3007	-0.0507969	-0.17	0.17
  3008	-0.0803782	-0.17	0.17
  3009	-0.0785168	-0.17	0.17
  3010	-0.0557856	-0.17	0.17
  3011	-0.0763628	-0.17	0.17
  3012	-0.0793077	-0.17	0.17
  3013	-0.0443085	-0.17	0.17
  3014	-0.0563259	-0.17	0.17
  3015	-0.0620516	-0.17	0.17
  3016	-0.0807908	-0.17	0.17
  3017	-0.0714159	-0.17	0.17
  3018	-0.033653	-0.17	0.17
  3019	-0.07634	-0.17	0.17
  3020	-0.041242	-0.17	0.17
  3021	-0.0435422	-0.17	0.17
  3022	-0.0707708	-0.17	0.17
  3023	-0.0769486	-0.17	0.17
  3024	-0.0747693	-0.17	0.17
  3025	-0.0761137	-0.17	0.17
  3026	-0.0141605	-0.17	0.17
  3027	-0.0314068	-0.17	0.17
  3028	-0.0773418	-0.17	0.17
  3029	-0.048626	-0.17	0.17
  3030	-0.0716606	-0.17	0.17
  3031	-0.042936	-0.17	0.17
  3032	-0.0432898	-0.17	0.17
  3033	-0.0251549	-0.17	0.17
  3034	-0.0698242	-0.17	0.17
  3035	-0.0625326	-0.17	0.17
  3036	-0.0279967	-0.17	0.17
  3037	-0.0541472	-0.17	0.17
  3038	-0.020929	-0.17	0.17
  3039	-0.0766922	-0.17	0.17
  3040	-0.0616311	-0.17	0.17
  3041	-0.059482	-0.17	0.17
  3042	-0.0451575	-0.17	0.17
  3043	-0.0308933	-0.17	0.17
  3044	-0.0790918	-0.17	0.17
  3045	-0.0798278	-0.17	0.17
  3046	-0.0535055	-0.17	0.17
  3047	-0.0638145	-0.17	0.17
  3048	-0.05751	-0.17	0.17
  3049	-0.0178552	-0.17	0.17
  3050	-0.0636673	-0.17	0.17
  3051	-0.0792515	-0.17	0.17
  3052	-0.0377405	-0.17	0.17
  3053	-0.0798538	-0.17	0.17
  3054	-0.0191656	-0.17	0.17
  3055	-0.069388	-0.17	0.17
  3056	-0.0692841	-0.17	0.17
  3057	-0.0470054	-0.17	0.17
  3058	-0.0800099	-0.17	0.17
  3059	-0.0409405	-0.17	0.17
  3060	-0.0687698	-0.17	0.17
  3061	-0.0801646	-0.17	0.17
  3062	-0.0479484	-0.17	0.17
  3063	-0.0696695	-0.17	0.17
  3064	-0.0444302	-0.17	0.17
  3065	-0.0465167	-0.17	0.17
  3066	-0.0680491	-0.17	0.17
  3067	-0.028764	-0.17	0.17
  3068	-0.0577666	-0.17	0.17
  3069	-0.0282554	-0.17	0.17
  3070	-0.0798165	-0.17	0.17
  3071	-0.0185941	-0.17	0.17
  3072	-0.0455816	-0.17	0.17
  3073	-0.0738254	-0.17	0.17
  3074	-0.0647613	-0.17	0.17
  3075	-0.0218731	-0.17	0.17
  3076	-0.0571695	-0.17	0.17
  3077	-0.070051	-0.17	0.17
  3078	-0.0533763	-0.17	0.17
  3079	-0.0796009	-0.17	0.17
  3080	-0.0578475	-0.17	0.17
  3081	-0.0606741	-0.17	0.17
  3082	-0.0782997	-0.17	0.17
  3083	-0.0695245	-0.17	0.17
  3084	-0.0653433	-0.17	0.17
  3085	-0.0776633	-0.17	0.17
  3086	-0.0549418	-0.17	0.17
  3087	-0.0719235	-0.17	0.17
  3088	-0.0758356	-0.17	0.17
  3089	-0.077145	-0.17	0.17
  3090	-0.0806948	-0.17	0.17
  3091	-0.0626574	-0.17	0.17
  3092	-0.0348107	-0.17	0.17
  3093	-0.0649339	-0.17	0.17
  3094	-0.0404292	-0.17	0.17
  3095	-0.0445487	-0.17	0.17
  3096	-0.0542337	-0.17	0.17
  3097	-0.0618414	-0.17	0.17
  3098	-0.0805051	-0.17	0.17
  3099	-0.0369026	-0.17	0.17
  3100	-0.0648336	-0.17	0.17
  3101	-0.0354084	-0.17	0.17
  3102	-0.0329311	-0.17	0.17
  3103	-0.0387683	-0.17	0.17
  3104	-0.0424129	-0.17	0.17
  3105	-0.0694165	-0.17	0.17
  3106	-0.0704206	-0.17	0.17
  3107	-0.0293662	-0.17	0.17
  3108	-0.0319146	-0.17	0.17
  3109	-0.0665283	-0.17	0.17
  3110	-0.0528587	-0.17	0.17
  3111	-0.0466547	-0.17	0.17
  3112	-0.0710574	-0.17	0.17
  3113	-0.074878	-0.17	0.17
  3114	-0.0791962	-0.17	0.17
  3115	-0.0537339	-0.17	0.17
  3116	-0.065703	-0.17	0.17
  3117	-0.0585315	-0.17	0.17
  3118	-0.0727501	-0.17	0.17
  3119	-0.0789345	-0.17	0.17
  3120	-0.080324	-0.17	0.17
  3121	-0.0668709	-0.17	0.17
  3122	-0.0739919	-0.17	0.17
  3123	-0.0654052	-0.17	0.17
  3124	-0.0749322	-0.17	0.17
  3125	-0.0662835	-0.17	0.17
  3126	-0.0468541	-0.17	0.17
  3127	-0.0640487	-0.17	0.17
  3128	-0.0382459	-0.17	0.17
  3129	-0.0445679	-0.17	0.17
  3130	-0.0554622	-0.17	0.17
  3131	-0.0197082	-0.17	0.17
  3132	-0.0414256	-0.17	0.17
  3133	-0.0796135	-0.17	0.17
  3134	-0.0802184	-0.17	0.17
  3135	-0.0707966	-0.17	0.17
  3136	-0.0597686	-0.17	0.17
  3137	-0.0279843	-0.17	0.17
  3138	-0.0753451	-0.17	0.17
  3139	-0.0479028	-0.17	0.17
  3140	-0.0501057	-0.17	0.17
  3141	-0.062781	-0.17	0.17
  3142	-0.0701668	-0.17	0.17
  3143	-0.0404098	-0.17	0.17
  3144	-0.0215684	-0.17	0.17
  3145	-0.0230961	-0.17	0.17
  3146	-0.0337915	-0.17	0.17
  3147	-0.0723305	-0.17	0.17
  3148	-0.0594909	-0.17	0.17
  3149	-0.0800909	-0.17	0.17
  3150	-0.0661274	-0.17	0.17
  3151	-0.0255055	-0.17	0.17
  3152	-0.0653523	-0.17	0.17
  3153	-0.0778899	-0.17	0.17
  3154	-0.0493819	-0.17	0.17
  3155	-0.0500353	-0.17	0.17
  3156	-0.0796732	-0.17	0.17
  3157	-0.0805813	-0.17	0.17
  3158	-0.0435722	-0.17	0.17
  3159	-0.0141575	-0.17	0.17
  3160	-0.0780169	-0.17	0.17
  3161	-0.0594009	-0.17	0.17
  3162	-0.0155691	-0.17	0.17
  3163	-0.0646326	-0.17	0.17
  3164	-0.0756403	-0.17	0.17
  3165	-0.0613346	-0.17	0.17
  3166	-0.0764991	-0.17	0.17
  3167	-0.0433918	-0.17	0.17
  3168	-0.0596131	-0.17	0.17
  3169	-0.0785271	-0.17	0.17
  3170	-0.0552227	-0.17	0.17
  3171	-0.0352815	-0.17	0.17
  3172	-0.0715113	-0.17	0.17
  3173	-0.051147	-0.17	0.17
  3174	-0.0139672	-0.17	0.17
  3175	-0.0561432	-0.17	0.17
  3176	-0.0266709	-0.17	0.17
  3177	-0.0519403	-0.17	0.17
  3178	-0.0463174	-0.17	0.17
  3179	-0.0736724	-0.17	0.17
  3180	-0.0473683	-0.17	0.17
  3181	-0.0755357	-0.17	0.17
  3182	-0.0599594	-0.17	0.17
  3183	-0.0744379	-0.17	0.17
  3184	-0.0221114	-0.17	0.17
  3185	-0.0587285	-0.17	0.17
  3186	-0.0339893	-0.17	0.17
  3187	-0.0734295	-0.17	0.17
  3188	-0.0688305	-0.17	0.17
  3189	-0.0754954	-0.17	0.17
  3190	-0.0676833	-0.17	0.17
  3191	-0.0725143	-0.17	0.17
  3192	-0.0496174	-0.17	0.17
  3193	-0.0556976	-0.17	0.17
  3194	-0.0220734	-0.17	0.17
  3195	-0.0248401	-0.17	0.17
  3196	-0.0352504	-0.17	0.17
  3197	-0.048461	-0.17	0.17
  3198	-0.0784256	-0.17	0.17
  3199	-0.0470432	-0.17	0.17
  3200	-0.0358547	-0.17	0.17
  3201	-0.041631	-0.17	0.17
  3202	-0.0755353	-0.17	0.17
  3203	-0.0784216	-0.17	0.17
  3204	-0.0690624	-0.17	0.17
  3205	-0.0313036	-0.17	0.17
  3206	-0.0602869	-0.17	0.17
  3207	-0.0760519	-0.17	0.17
  3208	-0.080558	-0.17	0.17
  3209	-0.0731243	-0.17	0.17
  3210	-0.0420013	-0.17	0.17
  3211	-0.0555731	-0.17	0.17
  3212	-0.0266055	-0.17	0.17
  3213	-0.0592104	-0.17	0.17
  3214	-0.066789	-0.17	0.17
  3215	-0.0698136	-0.17	0.17
  3216	-0.0560241	-0.17	0.17
  3217	-0.0444498	-0.17	0.17
  3218	-0.0713572	-0.17	0.17
  3219	-0.0724756	-0.17	0.17
  3220	-0.0802501	-0.17	0.17
  3221	-0.0779846	-0.17	0.17
  3222	-0.0642396	-0.17	0.17
  3223	-0.0803009	-0.17	0.17
  3224	-0.0674434	-0.17	0.17
  3225	-0.0209154	-0.17	0.17
  3226	-0.0621329	-0.17	0.17
  3227	-0.0697032	-0.17	0.17
  3228	-0.0638796	-0.17	0.17
  3229	-0.075985	-0.17	0.17
  3230	-0.0598155	-0.17	0.17
  3231	-0.0506298	-0.17	0.17
  3232	-0.0695734	-0.17	0.17
  3233	-0.0780719	-0.17	0.17
  3234	-0.0654091	-0.17	0.17
  3235	-0.0443312	-0.17	0.17
  3236	-0.0597153	-0.17	0.17
  3237	-0.0616	-0.17	0.17
  3238	-0.0339761	-0.17	0.17
  3239	-0.0787079	-0.17	0.17
  3240	-0.0656404	-0.17	0.17
  3241	-0.067443	-0.17	0.17
  3242	-0.0362455	-0.17	0.17
  3243	-0.0487324	-0.17	0.17
  3244	-0.0489714	-0.17	0.17
  3245	-0.026656	-0.17	0.17
  3246	-0.0603285	-0.17	0.17
  3247	-0.0515431	-0.17	0.17
  3248	-0.0492034	-0.17	0.17
  3249	-0.061195	-0.17	0.17
  3250	-0.0303976	-0.17	0.17
  3251	-0.06657	-0.17	0.17
  3252	-0.0500535	-0.17	0.17
  3253	-0.058016	-0.17	0.17
  3254	-0.053735	-0.17	0.17
  3255	-0.0249351	-0.17	0.17
  3256	-0.0805592	-0.17	0.17
  3257	-0.0653327	-0.17	0.17
  3258	-0.0433829	-0.17	0.17
  3259	-0.0586625	-0.17	0.17
  3260	-0.060329	-0.17	0.17
  3261	-0.0538088	-0.17	0.17
  3262	-0.0726403	-0.17	0.17
  3263	-0.0713359	-0.17	0.17
  3264	-0.063836	-0.17	0.17
  3265	-0.0791742	-0.17	0.17
  3266	-0.0433746	-0.17	0.17
  3267	-0.0662594	-0.17	0.17
  3268	-0.0419339	-0.17	0.17
  3269	-0.0576026	-0.17	0.17
  3270	-0.0718964	-0.17	0.17
  3271	-0.075188	-0.17	0.17
  3272	-0.0340753	-0.17	0.17
  3273	-0.0252268	-0.17	0.17
  3274	-0.0738495	-0.17	0.17
  3275	-0.0530219	-0.17	0.17
  3276	-0.061868	-0.17	0.17
  3277	-0.0609249	-0.17	0.17
  3278	-0.0746358	-0.17	0.17
  3279	-0.0305582	-0.17	0.17
  3280	-0.0804549	-0.17	0.17
  3281	-0.0717651	-0.17	0.17
  3282	-0.0366373	-0.17	0.17
  3283	-0.0755449	-0.17	0.17
  3284	-0.0563694	-0.17	0.17
  3285	-0.0641124	-0.17	0.17
  3286	-0.0682436	-0.17	0.17
  3287	-0.0314945	-0.17	0.17
  3288	-0.0687555	-0.17	0.17
  3289	-0.0732082	-0.17	0.17
  3290	-0.0795847	-0.17	0.17
  3291	-0.0494506	-0.17	0.17
  3292	-0.0475593	-0.17	0.17
  3293	-0.0440385	-0.17	0.17
  3294	-0.0312628	-0.17	0.17
  3295	-0.0346486	-0.17	0.17
  3296	-0.0317508	-0.17	0.17
  3297	-0.0804719	-0.17	0.17
  3298	-0.0712154	-0.17	0.17
  3299	-0.0795665	-0.17	0.17
  3300	-0.0454405	-0.17	0.17
  3301	-0.0396945	-0.17	0.17
  3302	-0.057584	-0.17	0.17
  3303	-0.0602903	-0.17	0.17
  3304	-0.0268813	-0.17	0.17
  3305	-0.0506909	-0.17	0.17
  3306	-0.0197066	-0.17	0.17
  3307	-0.0769179	-0.17	0.17
  3308	-0.0545621	-0.17	0.17
  3309	-0.0643468	-0.17	0.17
  3310	-0.0794253	-0.17	0.17
  3311	-0.0655035	-0.17	0.17
  3312	-0.0786275	-0.17	0.17
  3313	-0.080145	-0.17	0.17
  3314	-0.0418486	-0.17	0.17
  3315	-0.0269672	-0.17	0.17
  3316	-0.0416961	-0.17	0.17
  3317	-0.074444	-0.17	0.17
  3318	-0.0712027	-0.17	0.17
  3319	-0.0451277	-0.17	0.17
  3320	-0.0784106	-0.17	0.17
  3321	-0.0452433	-0.17	0.17
  3322	-0.0385996	-0.17	0.17
  3323	-0.0789701	-0.17	0.17
  3324	-0.0283954	-0.17	0.17
  3325	-0.0200747	-0.17	0.17
  3326	-0.0561539	-0.17	0.17
  3327	-0.0641489	-0.17	0.17
  3328	-0.0697683	-0.17	0.17
  3329	-0.052748	-0.17	0.17
  3330	-0.0780625	-0.17	0.17
  3331	-0.0652051	-0.17	0.17
  3332	-0.0670572	-0.17	0.17
  3333	-0.0731143	-0.17	0.17
  3334	-0.0750344	-0.17	0.17
  3335	-0.0725516	-0.17	0.17
  3336	-0.038422	-0.17	0.17
  3337	-0.0790142	-0.17	0.17
  3338	-0.0794829	-0.17	0.17
  3339	-0.06424	-0.17	0.17
  3340	-0.0540957	-0.17	0.17
  3341	-0.0553998	-0.17	0.17
  3342	-0.0761764	-0.17	0.17
  3343	-0.0332688	-0.17	0.17
  3344	-0.0172504	-0.17	0.17
  3345	-0.0645917	-0.17	0.17
  3346	-0.0499153	-0.17	0.17
  3347	-0.0731765	-0.17	0.17
  3348	-0.0746817	-0.17	0.17
  3349	-0.0686679	-0.17	0.17
  3350	-0.066052	-0.17	0.17
  3351	-0.0443876	-0.17	0.17
  3352	-0.0765736	-0.17	0.17
  3353	-0.0545592	-0.17	0.17
  3354	-0.059476	-0.17	0.17
  3355	-0.0597899	-0.17	0.17
  3356	-0.0558807	-0.17	0.17
  3357	-0.0207356	-0.17	0.17
  3358	-0.0560803	-0.17	0.17
  3359	-0.0591142	-0.17	0.17
  3360	-0.0790746	-0.17	0.17
  3361	-0.0670789	-0.17	0.17
  3362	-0.0474222	-0.17	0.17
  3363	-0.068472	-0.17	0.17
  3364	-0.0674457	-0.17	0.17
  3365	-0.0586643	-0.17	0.17
  3366	-0.063938	-0.17	0.17
  3367	-0.0500431	-0.17	0.17
  3368	-0.0586432	-0.17	0.17
  3369	-0.0522886	-0.17	0.17
  3370	-0.0541703	-0.17	0.17
  3371	-0.0309627	-0.17	0.17
  3372	-0.0497209	-0.17	0.17
  3373	-0.046686	-0.17	0.17
  3374	-0.0543319	-0.17	0.17
  3375	-0.0245085	-0.17	0.17
  3376	-0.0228952	-0.17	0.17
  3377	-0.0784961	-0.17	0.17
  3378	-0.0723471	-0.17	0.17
  3379	-0.0735086	-0.17	0.17
  3380	-0.032601	-0.17	0.17
  3381	-0.0802066	-0.17	0.17
  3382	-0.062695	-0.17	0.17
  3383	-0.044943	-0.17	0.17
  3384	-0.0679894	-0.17	0.17
  3385	-0.0348181	-0.17	0.17
  3386	-0.014403	-0.17	0.17
  3387	-0.0675515	-0.17	0.17
  3388	-0.0473967	-0.17	0.17
  3389	-0.0493583	-0.17	0.17
  3390	-0.0174904	-0.17	0.17
  3391	-0.0772302	-0.17	0.17
  3392	-0.0799528	-0.17	0.17
  3393	-0.0684471	-0.17	0.17
  3394	-0.0737991	-0.17	0.17
  3395	-0.0694658	-0.17	0.17
  3396	-0.0804928	-0.17	0.17
  3397	-0.017676	-0.17	0.17
  3398	-0.0720709	-0.17	0.17
  3399	-0.0440406	-0.17	0.17
  3400	-0.0457515	-0.17	0.17
  3401	-0.0529013	-0.17	0.17
  3402	-0.0807693	-0.17	0.17
  3403	-0.0372439	-0.17	0.17
  3404	-0.0466919	-0.17	0.17
  3405	-0.0366516	-0.17	0.17
  3406	-0.0803439	-0.17	0.17
  3407	-0.0417949	-0.17	0.17
  3408	-0.0655282	-0.17	0.17
  3409	-0.0611367	-0.17	0.17
  3410	-0.0206608	-0.17	0.17
  3411	-0.0481788	-0.17	0.17
  3412	-0.0272752	-0.17	0.17
  3413	-0.0580281	-0.17	0.17
  3414	-0.0786021	-0.17	0.17
  3415	-0.0518711	-0.17	0.17
  3416	-0.0478013	-0.17	0.17
  3417	-0.0735805	-0.17	0.17
  3418	-0.0797808	-0.17	0.17
  3419	-0.0143047	-0.17	0.17
  3420	-0.0567617	-0.17	0.17
  3421	-0.044125	-0.17	0.17
  3422	-0.0555716	-0.17	0.17
  3423	-0.0185333	-0.17	0.17
  3424	-0.0521194	-0.17	0.17
  3425	-0.0703715	-0.17	0.17
  3426	-0.0510683	-0.17	0.17
  3427	-0.06781	-0.17	0.17
  3428	-0.0471712	-0.17	0.17
  3429	-0.0719789	-0.17	0.17
  3430	-0.0749375	-0.17	0.17
  3431	-0.0550223	-0.17	0.17
  3432	-0.0685729	-0.17	0.17
  3433	-0.0591187	-0.17	0.17
  3434	-0.0616722	-0.17	0.17
  3435	-0.0486757	-0.17	0.17
  3436	-0.0733141	-0.17	0.17
  3437	-0.0345712	-0.17	0.17
  3438	-0.0678775	-0.17	0.17
  3439	-0.0422391	-0.17	0.17
  3440	-0.0675169	-0.17	0.17
  3441	-0.0424353	-0.17	0.17
  3442	-0.0609894	-0.17	0.17
  3443	-0.0711189	-0.17	0.17
  3444	-0.0657866	-0.17	0.17
  3445	-0.0752505	-0.17	0.17
  3446	-0.0514008	-0.17	0.17
  3447	-0.0640607	-0.17	0.17
  3448	-0.0722011	-0.17	0.17
  3449	-0.0287207	-0.17	0.17
  3450	-0.0703098	-0.17	0.17
  3451	-0.0711352	-0.17	0.17
  3452	-0.0366917	-0.17	0.17
  3453	-0.0723523	-0.17	0.17
  3454	-0.0315692	-0.17	0.17
  3455	-0.0741774	-0.17	0.17
  3456	-0.0650399	-0.17	0.17
  3457	-0.0708241	-0.17	0.17
  3458	-0.0229029	-0.17	0.17
  3459	-0.0603304	-0.17	0.17
  3460	-0.0751215	-0.17	0.17
  3461	-0.0313486	-0.17	0.17
  3462	-0.0655171	-0.17	0.17
  3463	-0.0426259	-0.17	0.17
  3464	-0.0292113	-0.17	0.17
  3465	-0.043866	-0.17	0.17
  3466	-0.0686586	-0.17	0.17
  3467	-0.0797963	-0.17	0.17
  3468	-0.0706776	-0.17	0.17
  3469	-0.0437844	-0.17	0.17
  3470	-0.0786312	-0.17	0.17
  3471	-0.079119	-0.17	0.17
  3472	-0.0498907	-0.17	0.17
  3473	-0.0558822	-0.17	0.17
  3474	-0.0718513	-0.17	0.17
  3475	-0.0230994	-0.17	0.17
  3476	-0.0544156	-0.17	0.17
  3477	-0.0418492	-0.17	0.17
  3478	-0.0707949	-0.17	0.17
  3479	-0.0446785	-0.17	0.17
  3480	-0.0796737	-0.17	0.17
  3481	-0.0157456	-0.17	0.17
  3482	-0.0266354	-0.17	0.17
  3483	-0.0778091	-0.17	0.17
  3484	-0.0740018	-0.17	0.17
  3485	-0.0780198	-0.17	0.17
  3486	-0.0579658	-0.17	0.17
  3487	-0.0767657	-0.17	0.17
  3488	-0.0476373	-0.17	0.17
  3489	-0.0442187	-0.17	0.17
  3490	-0.0764265	-0.17	0.17
  3491	-0.0743884	-0.17	0.17
  3492	-0.048354	-0.17	0.17
  3493	-0.0131695	-0.17	0.17
  3494	-0.0556801	-0.17	0.17
  3495	-0.06066	-0.17	0.17
  3496	-0.0670121	-0.17	0.17
  3497	-0.0335927	-0.17	0.17
  3498	-0.0636638	-0.17	0.17
  3499	-0.0795113	-0.17	0.17
  3500	-0.0797661	-0.17	0.17
  3501	-0.0777003	-0.17	0.17
  3502	-0.057636	-0.17	0.17
  3503	-0.065236	-0.17	0.17
  3504	-0.0533982	-0.17	0.17
  3505	-0.0537668	-0.17	0.17
  3506	-0.0671133	-0.17	0.17
  3507	-0.0470874	-0.17	0.17
  3508	-0.055126	-0.17	0.17
  3509	-0.0364085	-0.17	0.17
  3510	-0.043555	-0.17	0.17
  3511	-0.0316098	-0.17	0.17
  3512	-0.0663688	-0.17	0.17
  3513	-0.0774706	-0.17	0.17
  3514	-0.0443571	-0.17	0.17
  3515	-0.0648443	-0.17	0.17
  3516	-0.0798418	-0.17	0.17
  3517	-0.0400459	-0.17	0.17
  3518	-0.0781942	-0.17	0.17
  3519	-0.0159621	-0.17	0.17
  3520	-0.0558772	-0.17	0.17
  3521	-0.058164	-0.17	0.17
  3522	-0.0482864	-0.17	0.17
  3523	-0.0624239	-0.17	0.17
  3524	-0.0478733	-0.17	0.17
  3525	-0.0616505	-0.17	0.17
  3526	-0.0525182	-0.17	0.17
  3527	-0.025225	-0.17	0.17
  3528	-0.0806471	-0.17	0.17
  3529	-0.0778632	-0.17	0.17
  3530	-0.0777243	-0.17	0.17
  3531	-0.079745	-0.17	0.17
  3532	-0.0546752	-0.17	0.17
  3533	-0.0803528	-0.17	0.17
  3534	-0.0789913	-0.17	0.17
  3535	-0.051458	-0.17	0.17
  3536	-0.0441732	-0.17	0.17
  3537	-0.0263061	-0.17	0.17
  3538	-0.0617842	-0.17	0.17
  3539	-0.077929	-0.17	0.17
  3540	-0.0457944	-0.17	0.17
  3541	-0.0754539	-0.17	0.17
  3542	-0.0487569	-0.17	0.17
  3543	-0.0237692	-0.17	0.17
  3544	-0.0198522	-0.17	0.17
  3545	-0.0425324	-0.17	0.17
  3546	-0.0774246	-0.17	0.17
  3547	-0.0646042	-0.17	0.17
  3548	-0.0726709	-0.17	0.17
  3549	-0.0471778	-0.17	0.17
  3550	-0.0590199	-0.17	0.17
  3551	-0.0741768	-0.17	0.17
  3552	-0.0526054	-0.17	0.17
  3553	-0.0623936	-0.17	0.17
  3554	-0.0556145	-0.17	0.17
  3555	-0.0380307	-0.17	0.17
  3556	-0.0778004	-0.17	0.17
  3557	-0.0738294	-0.17	0.17
  3558	-0.077954	-0.17	0.17
  3559	-0.0424255	-0.17	0.17
  3560	-0.0266131	-0.17	0.17
  3561	-0.0196209	-0.17	0.17
  3562	-0.0646268	-0.17	0.17
  3563	-0.0211151	-0.17	0.17
  3564	-0.0505396	-0.17	0.17
  3565	-0.0165444	-0.17	0.17
  3566	-0.0802555	-0.17	0.17
  3567	-0.065382	-0.17	0.17
  3568	-0.0505995	-0.17	0.17
  3569	-0.0779323	-0.17	0.17
  3570	-0.0729337	-0.17	0.17
  3571	-0.0657442	-0.17	0.17
  3572	-0.0691934	-0.17	0.17
  3573	-0.0570809	-0.17	0.17
  3574	-0.0760642	-0.17	0.17
  3575	-0.0135471	-0.17	0.17
  3576	-0.0574417	-0.17	0.17
  3577	-0.0804926	-0.17	0.17
  3578	-0.0648969	-0.17	0.17
  3579	-0.0630279	-0.17	0.17
  3580	-0.075526	-0.17	0.17
  3581	-0.0549495	-0.17	0.17
  3582	-0.0702032	-0.17	0.17
  3583	-0.060108	-0.17	0.17
  3584	-0.0469034	-0.17	0.17
  3585	-0.0613397	-0.17	0.17
  3586	-0.0748513	-0.17	0.17
  3587	-0.077074	-0.17	0.17
  3588	-0.0462927	-0.17	0.17
  3589	-0.0754396	-0.17	0.17
  3590	-0.0676426	-0.17	0.17
  3591	-0.0330441	-0.17	0.17
  3592	-0.0615766	-0.17	0.17
  3593	-0.0532147	-0.17	0.17
  3594	-0.0381229	-0.17	0.17
  3595	-0.0158682	-0.17	0.17
  3596	-0.0804078	-0.17	0.17
  3597	-0.0676037	-0.17	0.17
  3598	-0.0791549	-0.17	0.17
  3599	-0.0511629	-0.17	0.17
  3600	-0.0555276	-0.17	0.17
  3601	-0.0414767	-0.17	0.17
  3602	-0.0357644	-0.17	0.17
  3603	-0.0651792	-0.17	0.17
  3604	-0.0358683	-0.17	0.17
  3605	-0.0790951	-0.17	0.17
  3606	-0.0770894	-0.17	0.17
  3607	-0.0727716	-0.17	0.17
  3608	-0.068099	-0.17	0.17
  3609	-0.0521544	-0.17	0.17
  3610	-0.069231	-0.17	0.17
  3611	-0.0473064	-0.17	0.17
  3612	-0.0470809	-0.17	0.17
  3613	-0.0435956	-0.17	0.17
  3614	-0.0322267	-0.17	0.17
  3615	-0.0583119	-0.17	0.17
  3616	-0.0796208	-0.17	0.17
  3617	-0.0603058	-0.17	0.17
  3618	-0.0594128	-0.17	0.17
  3619	-0.0550134	-0.17	0.17
  3620	-0.0538308	-0.17	0.17
  3621	-0.0285378	-0.17	0.17
  3622	-0.0539486	-0.17	0.17
  3623	-0.0643912	-0.17	0.17
  3624	-0.0807989	-0.17	0.17
  3625	-0.01563	-0.17	0.17
  3626	-0.0191103	-0.17	0.17
  3627	-0.0580041	-0.17	0.17
  3628	-0.0281422	-0.17	0.17
  3629	-0.0253403	-0.17	0.17
  3630	-0.0609692	-0.17	0.17
  3631	-0.049124	-0.17	0.17
  3632	-0.0805971	-0.17	0.17
  3633	-0.0481997	-0.17	0.17
  3634	-0.0442147	-0.17	0.17
  3635	-0.0548378	-0.17	0.17
  3636	-0.0310727	-0.17	0.17
  3637	-0.031494	-0.17	0.17
  3638	-0.0685427	-0.17	0.17
  3639	-0.0677802	-0.17	0.17
  3640	-0.066525	-0.17	0.17
  3641	-0.046453	-0.17	0.17
  3642	-0.0803309	-0.17	0.17
  3643	-0.0554875	-0.17	0.17
  3644	-0.0451678	-0.17	0.17
  3645	-0.0675241	-0.17	0.17
  3646	-0.0669847	-0.17	0.17
  3647	-0.0587336	-0.17	0.17
  3648	-0.0627779	-0.17	0.17
  3649	-0.0648739	-0.17	0.17
  3650	-0.0639326	-0.17	0.17
  3651	-0.0617079	-0.17	0.17
  3652	-0.0500098	-0.17	0.17
  3653	-0.0404204	-0.17	0.17
  3654	-0.0693948	-0.17	0.17
  3655	-0.0492866	-0.17	0.17
  3656	-0.0796967	-0.17	0.17
  3657	-0.0247113	-0.17	0.17
  3658	-0.0740808	-0.17	0.17
  3659	-0.0639613	-0.17	0.17
  3660	-0.0798655	-0.17	0.17
  3661	-0.080972	-0.17	0.17
  3662	-0.0777875	-0.17	0.17
  3663	-0.0799354	-0.17	0.17
  3664	-0.0365459	-0.17	0.17
  3665	-0.0661294	-0.17	0.17
  3666	-0.0765466	-0.17	0.17
  3667	-0.0357642	-0.17	0.17
  3668	-0.07363	-0.17	0.17
  3669	-0.0643767	-0.17	0.17
  3670	-0.0736547	-0.17	0.17
  3671	-0.0353766	-0.17	0.17
  3672	-0.0793681	-0.17	0.17
  3673	-0.0372159	-0.17	0.17
  3674	-0.0758841	-0.17	0.17
  3675	-0.061232	-0.17	0.17
  3676	-0.0606297	-0.17	0.17
  3677	-0.0234306	-0.17	0.17
  3678	-0.0788986	-0.17	0.17
  3679	-0.0692729	-0.17	0.17
  3680	-0.0633258	-0.17	0.17
  3681	-0.0521467	-0.17	0.17
  3682	-0.0587275	-0.17	0.17
  3683	-0.0774239	-0.17	0.17
  3684	-0.0428095	-0.17	0.17
  3685	-0.0752132	-0.17	0.17
  3686	-0.061144	-0.17	0.17
  3687	-0.0695639	-0.17	0.17
  3688	-0.0265992	-0.17	0.17
  3689	-0.0765131	-0.17	0.17
  3690	-0.0657354	-0.17	0.17
  3691	-0.0800413	-0.17	0.17
  3692	-0.0709352	-0.17	0.17
  3693	-0.0466447	-0.17	0.17
  3694	-0.0479776	-0.17	0.17
  3695	-0.0805427	-0.17	0.17
  3696	-0.0648675	-0.17	0.17
  3697	-0.0740683	-0.17	0.17
  3698	-0.0630705	-0.17	0.17
  3699	-0.0513246	-0.17	0.17
  3700	-0.0624964	-0.17	0.17
  3701	-0.0186898	-0.17	0.17
  3702	-0.0683743	-0.17	0.17
  3703	-0.0210189	-0.17	0.17
  3704	-0.0361115	-0.17	0.17
  3705	-0.0769672	-0.17	0.17
  3706	-0.0533409	-0.17	0.17
  3707	-0.0238855	-0.17	0.17
  3708	-0.0370069	-0.17	0.17
  3709	-0.0166689	-0.17	0.17
  3710	-0.0772115	-0.17	0.17
  3711	-0.0670846	-0.17	0.17
  3712	-0.0530893	-0.17	0.17
  3713	-0.0485452	-0.17	0.17
  3714	-0.0538201	-0.17	0.17
  3715	-0.0563526	-0.17	0.17
  3716	-0.0772244	-0.17	0.17
  3717	-0.0462799	-0.17	0.17
  3718	-0.0732854	-0.17	0.17
  3719	-0.0803845	-0.17	0.17
  3720	-0.0503986	-0.17	0.17
  3721	-0.0762131	-0.17	0.17
  3722	-0.0769549	-0.17	0.17
  3723	-0.035215	-0.17	0.17
  3724	-0.0303814	-0.17	0.17
  3725	-0.0425912	-0.17	0.17
  3726	-0.0781724	-0.17	0.17
  3727	-0.0602682	-0.17	0.17
  3728	-0.0471131	-0.17	0.17
  3729	-0.0165089	-0.17	0.17
  3730	-0.0459653	-0.17	0.17
  3731	-0.0804991	-0.17	0.17
  3732	-0.0684191	-0.17	0.17
  3733	-0.0400297	-0.17	0.17
  3734	-0.0428963	-0.17	0.17
  3735	-0.0789978	-0.17	0.17
  3736	-0.0809967	-0.17	0.17
  3737	-0.0408575	-0.17	0.17
  3738	-0.0527491	-0.17	0.17
  3739	-0.0690744	-0.17	0.17
  3740	-0.0656535	-0.17	0.17
  3741	-0.027195	-0.17	0.17
  3742	-0.066375	-0.17	0.17
  3743	-0.0615339	-0.17	0.17
  3744	-0.0653888	-0.17	0.17
  3745	-0.0598507	-0.17	0.17
  3746	-0.0498539	-0.17	0.17
  3747	-0.0686957	-0.17	0.17
  3748	-0.0466012	-0.17	0.17
  3749	-0.0378714	-0.17	0.17
  3750	-0.0606751	-0.17	0.17
  3751	-0.061621	-0.17	0.17
  3752	-0.0258856	-0.17	0.17
  3753	-0.0802857	-0.17	0.17
  3754	-0.0335613	-0.17	0.17
  3755	-0.0608644	-0.17	0.17
  3756	-0.0799737	-0.17	0.17
  3757	-0.0676039	-0.17	0.17
  3758	-0.0765314	-0.17	0.17
  3759	-0.0185388	-0.17	0.17
  3760	-0.0611553	-0.17	0.17
  3761	-0.0601261	-0.17	0.17
  3762	-0.0683448	-0.17	0.17
  3763	-0.078727	-0.17	0.17
  3764	-0.0665083	-0.17	0.17
  3765	-0.032772	-0.17	0.17
  3766	-0.0763722	-0.17	0.17
  3767	-0.0619959	-0.17	0.17
  3768	-0.0793134	-0.17	0.17
  3769	-0.0789094	-0.17	0.17
  3770	-0.0750816	-0.17	0.17
  3771	-0.075674	-0.17	0.17
  3772	-0.0745518	-0.17	0.17
  3773	-0.0709687	-0.17	0.17
  3774	-0.0793524	-0.17	0.17
  3775	-0.0789112	-0.17	0.17
  3776	-0.0359344	-0.17	0.17
  3777	-0.0731375	-0.17	0.17
  3778	-0.0563901	-0.17	0.17
  3779	-0.0533096	-0.17	0.17
  3780	-0.0728443	-0.17	0.17
  3781	-0.0786712	-0.17	0.17
  3782	-0.0685507	-0.17	0.17
  3783	-0.0699577	-0.17	0.17
  3784	-0.0650681	-0.17	0.17
  3785	-0.0426169	-0.17	0.17
  3786	-0.0550536	-0.17	0.17
  3787	-0.0227828	-0.17	0.17
  3788	-0.0679563	-0.17	0.17
  3789	-0.051901	-0.17	0.17
  3790	-0.0386671	-0.17	0.17
  3791	-0.0646208	-0.17	0.17
  3792	-0.0602658	-0.17	0.17
  3793	-0.0463268	-0.17	0.17
  3794	-0.0434669	-0.17	0.17
  3795	-0.0616629	-0.17	0.17
  3796	-0.0707614	-0.17	0.17
  3797	-0.0637967	-0.17	0.17
  3798	-0.0364218	-0.17	0.17
  3799	-0.0687598	-0.17	0.17
  3800	-0.0583996	-0.17	0.17
  3801	-0.0725736	-0.17	0.17
  3802	-0.0432571	-0.17	0.17
  3803	-0.0793594	-0.17	0.17
  3804	-0.0622644	-0.17	0.17
  3805	-0.0523213	-0.17	0.17
  3806	-0.0800719	-0.17	0.17
  3807	-0.0508637	-0.17	0.17
  3808	-0.0693691	-0.17	0.17
  3809	-0.0632232	-0.17	0.17
  3810	-0.0617379	-0.17	0.17
  3811	-0.0673402	-0.17	0.17
  3812	-0.0416488	-0.17	0.17
  3813	-0.0184006	-0.17	0.17
  3814	-0.0759486	-0.17	0.17
  3815	-0.0802664	-0.17	0.17
  3816	-0.0483342	-0.17	0.17
  3817	-0.0250894	-0.17	0.17
  3818	-0.0233649	-0.17	0.17
  3819	-0.0554922	-0.17	0.17
  3820	-0.0804603	-0.17	0.17
  3821	-0.067472	-0.17	0.17
  3822	-0.0296052	-0.17	0.17
  3823	-0.0786173	-0.17	0.17
  3824	-0.0744456	-0.17	0.17
  3825	-0.0547707	-0.17	0.17
  3826	-0.0796508	-0.17	0.17
  3827	-0.0441794	-0.17	0.17
  3828	-0.0397854	-0.17	0.17
  3829	-0.041441	-0.17	0.17
  3830	-0.067746	-0.17	0.17
  3831	-0.0804873	-0.17	0.17
  3832	-0.0479953	-0.17	0.17
  3833	-0.069334	-0.17	0.17
  3834	-0.0670384	-0.17	0.17
  3835	-0.0373024	-0.17	0.17
  3836	-0.0138335	-0.17	0.17
  3837	-0.0534117	-0.17	0.17
  3838	-0.0622052	-0.17	0.17
  3839	-0.0654185	-0.17	0.17
  3840	-0.0728099	-0.17	0.17
  3841	-0.0679371	-0.17	0.17
  3842	-0.062779	-0.17	0.17
  3843	-0.0450084	-0.17	0.17
  3844	-0.070619	-0.17	0.17
  3845	-0.0555535	-0.17	0.17
  3846	-0.044011	-0.17	0.17
  3847	-0.0800723	-0.17	0.17
  3848	-0.0496739	-0.17	0.17
  3849	-0.0376272	-0.17	0.17
  3850	-0.0668203	-0.17	0.17
  3851	-0.0802956	-0.17	0.17
  3852	-0.070719	-0.17	0.17
  3853	-0.0758745	-0.17	0.17
  3854	-0.0801023	-0.17	0.17
  3855	-0.0797168	-0.17	0.17
  3856	-0.0712125	-0.17	0.17
  3857	-0.0806112	-0.17	0.17
  3858	-0.0466925	-0.17	0.17
  3859	-0.0666032	-0.17	0.17
  3860	-0.0358459	-0.17	0.17
  3861	-0.0750449	-0.17	0.17
  3862	-0.0672445	-0.17	0.17
  3863	-0.0502352	-0.17	0.17
  3864	-0.0748452	-0.17	0.17
  3865	-0.0739222	-0.17	0.17
  3866	-0.0750437	-0.17	0.17
  3867	-0.043214	-0.17	0.17
  3868	-0.0618725	-0.17	0.17
  3869	-0.0364276	-0.17	0.17
  3870	-0.0441238	-0.17	0.17
  3871	-0.0784487	-0.17	0.17
  3872	-0.0695874	-0.17	0.17
  3873	-0.0360663	-0.17	0.17
  3874	-0.0670553	-0.17	0.17
  3875	-0.0540905	-0.17	0.17
  3876	-0.0622633	-0.17	0.17
  3877	-0.0643591	-0.17	0.17
  3878	-0.078676	-0.17	0.17
  3879	-0.0423049	-0.17	0.17
  3880	-0.0536969	-0.17	0.17
  3881	-0.0253752	-0.17	0.17
  3882	-0.0519597	-0.17	0.17
  3883	-0.0485544	-0.17	0.17
  3884	-0.0544917	-0.17	0.17
  3885	-0.08033	-0.17	0.17
  3886	-0.0288998	-0.17	0.17
  3887	-0.0415511	-0.17	0.17
  3888	-0.0523011	-0.17	0.17
  3889	-0.0797654	-0.17	0.17
  3890	-0.0714933	-0.17	0.17
  3891	-0.0290335	-0.17	0.17
  3892	-0.0425237	-0.17	0.17
  3893	-0.0206676	-0.17	0.17
  3894	-0.078675	-0.17	0.17
  3895	-0.0793679	-0.17	0.17
  3896	-0.0484609	-0.17	0.17
  3897	-0.0421646	-0.17	0.17
  3898	-0.077811	-0.17	0.17
  3899	-0.0708731	-0.17	0.17
  3900	-0.0455536	-0.17	0.17
  3901	-0.0786846	-0.17	0.17
  3902	-0.0534824	-0.17	0.17
  3903	-0.032065	-0.17	0.17
  3904	-0.063283	-0.17	0.17
  3905	-0.0395999	-0.17	0.17
  3906	-0.065666	-0.17	0.17
  3907	-0.0484217	-0.17	0.17
  3908	-0.0540698	-0.17	0.17
  3909	-0.0763394	-0.17	0.17
  3910	-0.0631466	-0.17	0.17
  3911	-0.0751849	-0.17	0.17
  3912	-0.0797056	-0.17	0.17
  3913	-0.0586401	-0.17	0.17
  3914	-0.0459296	-0.17	0.17
  3915	-0.0741025	-0.17	0.17
  3916	-0.0792015	-0.17	0.17
  3917	-0.0745885	-0.17	0.17
  3918	-0.0521474	-0.17	0.17
  3919	-0.0397701	-0.17	0.17
  3920	-0.0794908	-0.17	0.17
  3921	-0.0605151	-0.17	0.17
  3922	-0.0696814	-0.17	0.17
  3923	-0.0778022	-0.17	0.17
  3924	-0.0618075	-0.17	0.17
  3925	-0.0799372	-0.17	0.17
  3926	-0.0404838	-0.17	0.17
  3927	-0.0661884	-0.17	0.17
  3928	-0.0804438	-0.17	0.17
  3929	-0.0780158	-0.17	0.17
  3930	-0.075031	-0.17	0.17
  3931	-0.0694942	-0.17	0.17
  3932	-0.052088	-0.17	0.17
  3933	-0.0257686	-0.17	0.17
  3934	-0.0730877	-0.17	0.17
  3935	-0.0750427	-0.17	0.17
  3936	-0.0364704	-0.17	0.17
  3937	-0.0391475	-0.17	0.17
  3938	-0.074934	-0.17	0.17
  3939	-0.073629	-0.17	0.17
  3940	-0.0790121	-0.17	0.17
  3941	-0.0773756	-0.17	0.17
  3942	-0.0493263	-0.17	0.17
  3943	-0.0758712	-0.17	0.17
  3944	-0.0325524	-0.17	0.17
  3945	-0.073359	-0.17	0.17
  3946	-0.0663443	-0.17	0.17
  3947	-0.060839	-0.17	0.17
  3948	-0.0796334	-0.17	0.17
  3949	-0.055056	-0.17	0.17
  3950	-0.0178345	-0.17	0.17
  3951	-0.054367	-0.17	0.17
  3952	-0.075442	-0.17	0.17
  3953	-0.0736523	-0.17	0.17
  3954	-0.0790018	-0.17	0.17
  3955	-0.0656303	-0.17	0.17
  3956	-0.0685527	-0.17	0.17
  3957	-0.0478244	-0.17	0.17
  3958	-0.0762966	-0.17	0.17
  3959	-0.0183509	-0.17	0.17
  3960	-0.0776638	-0.17	0.17
  3961	-0.0802984	-0.17	0.17
  3962	-0.0536359	-0.17	0.17
  3963	-0.074064	-0.17	0.17
  3964	-0.0360719	-0.17	0.17
  3965	-0.0394976	-0.17	0.17
  3966	-0.0181614	-0.17	0.17
  3967	-0.0139051	-0.17	0.17
  3968	-0.0408317	-0.17	0.17
  3969	-0.080392	-0.17	0.17
  3970	-0.0661617	-0.17	0.17
  3971	-0.0663138	-0.17	0.17
  3972	-0.017578	-0.17	0.17
  3973	-0.0626651	-0.17	0.17
  3974	-0.0585507	-0.17	0.17
  3975	-0.0775076	-0.17	0.17
  3976	-0.076943	-0.17	0.17
  3977	-0.078655	-0.17	0.17
  3978	-0.0500328	-0.17	0.17
  3979	-0.0684113	-0.17	0.17
  3980	-0.0778765	-0.17	0.17
  3981	-0.0607287	-0.17	0.17
  3982	-0.0416013	-0.17	0.17
  3983	-0.04749	-0.17	0.17
  3984	-0.0553851	-0.17	0.17
  3985	-0.0583907	-0.17	0.17
  3986	-0.0456777	-0.17	0.17
  3987	-0.0652617	-0.17	0.17
  3988	-0.0298409	-0.17	0.17
  3989	-0.0433065	-0.17	0.17
  3990	-0.057397	-0.17	0.17
  3991	-0.0599505	-0.17	0.17
  3992	-0.0765966	-0.17	0.17
  3993	-0.0264267	-0.17	0.17
  3994	-0.0641731	-0.17	0.17
  3995	-0.0136305	-0.17	0.17
  3996	-0.0776767	-0.17	0.17
  3997	-0.076425	-0.17	0.17
  3998	-0.0490217	-0.17	0.17
  3999	-0.016843	-0.17	0.17
  4000	-0.0673349	-0.17	0.17
  4001	-0.0519024	-0.17	0.17
  4002	-0.0556018	-0.17	0.17
  4003	-0.0353122	-0.17	0.17
  4004	-0.0732632	-0.17	0.17
  4005	-0.0596189	-0.17	0.17
  4006	-0.0317367	-0.17	0.17
  4007	-0.0720049	-0.17	0.17
  4008	-0.0764409	-0.17	0.17
  4009	-0.0211714	-0.17	0.17
  4010	-0.0363982	-0.17	0.17
  4011	-0.0793517	-0.17	0.17
  4012	-0.0616748	-0.17	0.17
  4013	-0.0713587	-0.17	0.17
  4014	-0.060322	-0.17	0.17
  4015	-0.0615993	-0.17	0.17
  4016	-0.059847	-0.17	0.17
  4017	-0.0543069	-0.17	0.17
  4018	-0.0278127	-0.17	0.17
  4019	-0.0428032	-0.17	0.17
  4020	-0.037424	-0.17	0.17
  4021	-0.0486899	-0.17	0.17
  4022	-0.0735661	-0.17	0.17
  4023	-0.0507425	-0.17	0.17
  4024	-0.0732308	-0.17	0.17
  4025	-0.0481976	-0.17	0.17
  4026	-0.043635	-0.17	0.17
  4027	-0.032376	-0.17	0.17
  4028	-0.0570201	-0.17	0.17
  4029	-0.0749755	-0.17	0.17
  4030	-0.0534991	-0.17	0.17
  4031	-0.0647502	-0.17	0.17
  4032	-0.0803555	-0.17	0.17
  4033	-0.0709672	-0.17	0.17
  4034	-0.0732942	-0.17	0.17
  4035	-0.0637387	-0.17	0.17
  4036	-0.0803185	-0.17	0.17
  4037	-0.0507628	-0.17	0.17
  4038	-0.0383166	-0.17	0.17
  4039	-0.0792795	-0.17	0.17
  4040	-0.0725695	-0.17	0.17
  4041	-0.0702648	-0.17	0.17
  4042	-0.0754396	-0.17	0.17
  4043	-0.0797612	-0.17	0.17
  4044	-0.0229721	-0.17	0.17
  4045	-0.0598016	-0.17	0.17
  4046	-0.0805562	-0.17	0.17
  4047	-0.0702208	-0.17	0.17
  4048	-0.0777729	-0.17	0.17
  4049	-0.0750238	-0.17	0.17
  4050	-0.0184586	-0.17	0.17
  4051	-0.0680594	-0.17	0.17
  4052	-0.0623193	-0.17	0.17
  4053	-0.0605767	-0.17	0.17
  4054	-0.0668071	-0.17	0.17
  4055	-0.0711892	-0.17	0.17
  4056	-0.0305777	-0.17	0.17
  4057	-0.0809937	-0.17	0.17
  4058	-0.0745798	-0.17	0.17
  4059	-0.0534637	-0.17	0.17
  4060	-0.0444325	-0.17	0.17
  4061	-0.0547299	-0.17	0.17
  4062	-0.0582459	-0.17	0.17
  4063	-0.052432	-0.17	0.17
  4064	-0.0310414	-0.17	0.17
  4065	-0.0756211	-0.17	0.17
  4066	-0.0573188	-0.17	0.17
  4067	-0.0239	-0.17	0.17
  4068	-0.0798805	-0.17	0.17
  4069	-0.0483114	-0.17	0.17
  4070	-0.038832	-0.17	0.17
  4071	-0.03061	-0.17	0.17
  4072	-0.0477963	-0.17	0.17
  4073	-0.0579631	-0.17	0.17
  4074	-0.0772172	-0.17	0.17
  4075	-0.0806096	-0.17	0.17
  4076	-0.0762345	-0.17	0.17
  4077	-0.0693984	-0.17	0.17
  4078	-0.0196806	-0.17	0.17
  4079	-0.0785533	-0.17	0.17
  4080	-0.0733421	-0.17	0.17
  4081	-0.0803392	-0.17	0.17
  4082	-0.0528231	-0.17	0.17
  4083	-0.0620845	-0.17	0.17
  4084	-0.0795348	-0.17	0.17
  4085	-0.0396933	-0.17	0.17
  4086	-0.0689989	-0.17	0.17
  4087	-0.0525568	-0.17	0.17
  4088	-0.0443412	-0.17	0.17
  4089	-0.0567605	-0.17	0.17
  4090	-0.0752449	-0.17	0.17
  4091	-0.0448127	-0.17	0.17
  4092	-0.0462037	-0.17	0.17
  4093	-0.0764872	-0.17	0.17
  4094	-0.0567318	-0.17	0.17
  4095	-0.042055	-0.17	0.17
  4096	-0.0723665	-0.17	0.17
  4097	-0.071979	-0.17	0.17
  4098	-0.0562549	-0.17	0.17
  4099	-0.0398355	-0.17	0.17
  4100	-0.0721213	-0.17	0.17
  4101	-0.0646766	-0.17	0.17
  4102	-0.0603436	-0.17	0.17
  4103	-0.0461985	-0.17	0.17
  4104	-0.0786368	-0.17	0.17
  4105	-0.079586	-0.17	0.17
  4106	-0.0794828	-0.17	0.17
  4107	-0.0137361	-0.17	0.17
  4108	-0.0512576	-0.17	0.17
  4109	-0.0345412	-0.17	0.17
  4110	-0.0711106	-0.17	0.17
  4111	-0.0764264	-0.17	0.17
  4112	-0.0680716	-0.17	0.17
  4113	-0.080959	-0.17	0.17
  4114	-0.0528388	-0.17	0.17
  4115	-0.0786187	-0.17	0.17
  4116	-0.0231844	-0.17	0.17
  4117	-0.0643551	-0.17	0.17
  4118	-0.0473364	-0.17	0.17
  4119	-0.0636038	-0.17	0.17
  4120	-0.0747181	-0.17	0.17
  4121	-0.0331841	-0.17	0.17
  4122	-0.0528157	-0.17	0.17
  4123	-0.047953	-0.17	0.17
  4124	-0.0806006	-0.17	0.17
  4125	-0.0337283	-0.17	0.17
  4126	-0.0622618	-0.17	0.17
  4127	-0.0774413	-0.17	0.17
  4128	-0.080983	-0.17	0.17
  4129	-0.0714726	-0.17	0.17
  4130	-0.075532	-0.17	0.17
  4131	-0.0619316	-0.17	0.17
  4132	-0.0406653	-0.17	0.17
  4133	-0.033916	-0.17	0.17
  4134	-0.071151	-0.17	0.17
  4135	-0.0656193	-0.17	0.17
  4136	-0.0710216	-0.17	0.17
  4137	-0.0262438	-0.17	0.17
  4138	-0.0619612	-0.17	0.17
  4139	-0.0591443	-0.17	0.17
  4140	-0.0417829	-0.17	0.17
  4141	-0.079297	-0.17	0.17
  4142	-0.0577016	-0.17	0.17
  4143	-0.058943	-0.17	0.17
  4144	-0.0347621	-0.17	0.17
  4145	-0.0552498	-0.17	0.17
  4146	-0.0772655	-0.17	0.17
  4147	-0.0765352	-0.17	0.17
  4148	-0.057567	-0.17	0.17
  4149	-0.0650907	-0.17	0.17
  4150	-0.0506558	-0.17	0.17
  4151	-0.0182733	-0.17	0.17
  4152	-0.0723934	-0.17	0.17
  4153	-0.0680528	-0.17	0.17
  4154	-0.0276148	-0.17	0.17
  4155	-0.071419	-0.17	0.17
  4156	-0.0722726	-0.17	0.17
  4157	-0.0647737	-0.17	0.17
  4158	-0.0628268	-0.17	0.17
  4159	-0.040642	-0.17	0.17
  4160	-0.0246329	-0.17	0.17
  4161	-0.0205286	-0.17	0.17
  4162	-0.0334791	-0.17	0.17
  4163	-0.0703544	-0.17	0.17
  4164	-0.0700263	-0.17	0.17
  4165	-0.0762237	-0.17	0.17
  4166	-0.0341194	-0.17	0.17
  4167	-0.0548275	-0.17	0.17
  4168	-0.0245376	-0.17	0.17
  4169	-0.0789301	-0.17	0.17
  4170	-0.0530946	-0.17	0.17
  4171	-0.0166663	-0.17	0.17
  4172	-0.0544756	-0.17	0.17
  4173	-0.0790306	-0.17	0.17
  4174	-0.0703595	-0.17	0.17
  4175	-0.0777774	-0.17	0.17
  4176	-0.0587466	-0.17	0.17
  4177	-0.066777	-0.17	0.17
  4178	-0.0378356	-0.17	0.17
  4179	-0.0764006	-0.17	0.17
  4180	-0.0802653	-0.17	0.17
  4181	-0.076478	-0.17	0.17
  4182	-0.0586854	-0.17	0.17
  4183	-0.0493767	-0.17	0.17
  4184	-0.0790263	-0.17	0.17
  4185	-0.0340292	-0.17	0.17
  4186	-0.0293647	-0.17	0.17
  4187	-0.0804338	-0.17	0.17
  4188	-0.0578153	-0.17	0.17
  4189	-0.0603732	-0.17	0.17
  4190	-0.0802736	-0.17	0.17
  4191	-0.0478376	-0.17	0.17
  4192	-0.0594695	-0.17	0.17
  4193	-0.0236535	-0.17	0.17
  4194	-0.0222919	-0.17	0.17
  4195	-0.0655153	-0.17	0.17
  4196	-0.0783523	-0.17	0.17
  4197	-0.0637389	-0.17	0.17
  4198	-0.0596333	-0.17	0.17
  4199	-0.0563119	-0.17	0.17
  4200	-0.0709372	-0.17	0.17
  4201	-0.0800553	-0.17	0.17
  4202	-0.0758618	-0.17	0.17
  4203	-0.0781865	-0.17	0.17
  4204	-0.060042	-0.17	0.17
  4205	-0.0692962	-0.17	0.17
  4206	-0.0378432	-0.17	0.17
  4207	-0.0780413	-0.17	0.17
  4208	-0.0712053	-0.17	0.17
  4209	-0.0660215	-0.17	0.17
  4210	-0.0695525	-0.17	0.17
  4211	-0.0665846	-0.17	0.17
  4212	-0.0652427	-0.17	0.17
  4213	-0.0335248	-0.17	0.17
  4214	-0.0785092	-0.17	0.17
  4215	-0.0422045	-0.17	0.17
  4216	-0.0745576	-0.17	0.17
  4217	-0.0795524	-0.17	0.17
  4218	-0.0442914	-0.17	0.17
  4219	-0.0343142	-0.17	0.17
  4220	-0.0737839	-0.17	0.17
  4221	-0.0224704	-0.17	0.17
  4222	-0.0795677	-0.17	0.17
  4223	-0.0789865	-0.17	0.17
  4224	-0.0455431	-0.17	0.17
  4225	-0.0177127	-0.17	0.17
  4226	-0.0572107	-0.17	0.17
  4227	-0.0784173	-0.17	0.17
  4228	-0.0757769	-0.17	0.17
  4229	-0.0532145	-0.17	0.17
  4230	-0.052684	-0.17	0.17
  4231	-0.0561065	-0.17	0.17
  4232	-0.066866	-0.17	0.17
  4233	-0.0432994	-0.17	0.17
  4234	-0.0649064	-0.17	0.17
  4235	-0.0684274	-0.17	0.17
  4236	-0.0366133	-0.17	0.17
  4237	-0.0532922	-0.17	0.17
  4238	-0.0298383	-0.17	0.17
  4239	-0.056778	-0.17	0.17
  4240	-0.0634557	-0.17	0.17
  4241	-0.0616035	-0.17	0.17
  4242	-0.0575425	-0.17	0.17
  4243	-0.0445624	-0.17	0.17
  4244	-0.0530678	-0.17	0.17
  4245	-0.0503756	-0.17	0.17
  4246	-0.0807737	-0.17	0.17
  4247	-0.0750596	-0.17	0.17
  4248	-0.054617	-0.17	0.17
  4249	-0.0618834	-0.17	0.17
  4250	-0.0713339	-0.17	0.17
  4251	-0.0667713	-0.17	0.17
  4252	-0.0393457	-0.17	0.17
  4253	-0.0791863	-0.17	0.17
  4254	-0.0748911	-0.17	0.17
  4255	-0.0566962	-0.17	0.17
  4256	-0.0537523	-0.17	0.17
  4257	-0.0733053	-0.17	0.17
  4258	-0.0644892	-0.17	0.17
  4259	-0.0776564	-0.17	0.17
  4260	-0.0684445	-0.17	0.17
  4261	-0.0603128	-0.17	0.17
  4262	-0.0676738	-0.17	0.17
  4263	-0.0750477	-0.17	0.17
  4264	-0.0203002	-0.17	0.17
  4265	-0.0599837	-0.17	0.17
  4266	-0.0659644	-0.17	0.17
  4267	-0.0512892	-0.17	0.17
  4268	-0.0255672	-0.17	0.17
  4269	-0.0400154	-0.17	0.17
  4270	-0.0495246	-0.17	0.17
  4271	-0.0504841	-0.17	0.17
  4272	-0.0292692	-0.17	0.17
  4273	-0.0566542	-0.17	0.17
  4274	-0.0743826	-0.17	0.17
  4275	-0.0688832	-0.17	0.17
  4276	-0.027139	-0.17	0.17
  4277	-0.0461542	-0.17	0.17
  4278	-0.0725704	-0.17	0.17
  4279	-0.0563444	-0.17	0.17
  4280	-0.0798017	-0.17	0.17
  4281	-0.060988	-0.17	0.17
  4282	-0.0781502	-0.17	0.17
  4283	-0.0640476	-0.17	0.17
  4284	-0.03579	-0.17	0.17
  4285	-0.0206213	-0.17	0.17
  4286	-0.0799667	-0.17	0.17
  4287	-0.0519123	-0.17	0.17
  4288	-0.0803416	-0.17	0.17
  4289	-0.059463	-0.17	0.17
  4290	-0.062812	-0.17	0.17
  4291	-0.0798901	-0.17	0.17
  4292	-0.0408235	-0.17	0.17
  4293	-0.0679321	-0.17	0.17
  4294	-0.0440657	-0.17	0.17
  4295	-0.0629304	-0.17	0.17
  4296	-0.056332	-0.17	0.17
  4297	-0.0539882	-0.17	0.17
  4298	-0.0784992	-0.17	0.17
  4299	-0.0367551	-0.17	0.17
  4300	-0.0729535	-0.17	0.17
  4301	-0.0655609	-0.17	0.17
  4302	-0.063604	-0.17	0.17
  4303	-0.0500207	-0.17	0.17
  4304	-0.0435551	-0.17	0.17
  4305	-0.0328679	-0.17	0.17
  4306	-0.0804537	-0.17	0.17
  4307	-0.0708654	-0.17	0.17
  4308	-0.08056	-0.17	0.17
  4309	-0.0671172	-0.17	0.17
  4310	-0.0445336	-0.17	0.17
  4311	-0.0706085	-0.17	0.17
  4312	-0.0550449	-0.17	0.17
  4313	-0.0786975	-0.17	0.17
  4314	-0.0533035	-0.17	0.17
  4315	-0.0378707	-0.17	0.17
  4316	-0.06296	-0.17	0.17
  4317	-0.0352569	-0.17	0.17
  4318	-0.0645491	-0.17	0.17
  4319	-0.0387413	-0.17	0.17
  4320	-0.0562792	-0.17	0.17
  4321	-0.030746	-0.17	0.17
  4322	-0.0715015	-0.17	0.17
  4323	-0.0615781	-0.17	0.17
  4324	-0.0804057	-0.17	0.17
  4325	-0.057257	-0.17	0.17
  4326	-0.0185966	-0.17	0.17
  4327	-0.0735787	-0.17	0.17
  4328	-0.0502305	-0.17	0.17
  4329	-0.0387709	-0.17	0.17
  4330	-0.0599827	-0.17	0.17
  4331	-0.0750493	-0.17	0.17
  4332	-0.0529641	-0.17	0.17
  4333	-0.0681096	-0.17	0.17
  4334	-0.039481	-0.17	0.17
  4335	-0.0391593	-0.17	0.17
  4336	-0.0609754	-0.17	0.17
  4337	-0.0744511	-0.17	0.17
  4338	-0.0630532	-0.17	0.17
  4339	-0.0691168	-0.17	0.17
  4340	-0.0742554	-0.17	0.17
  4341	-0.0322745	-0.17	0.17
  4342	-0.0627754	-0.17	0.17
  4343	-0.0158344	-0.17	0.17
  4344	-0.0257767	-0.17	0.17
  4345	-0.0797075	-0.17	0.17
  4346	-0.0693661	-0.17	0.17
  4347	-0.0457041	-0.17	0.17
  4348	-0.0299156	-0.17	0.17
  4349	-0.0414157	-0.17	0.17
  4350	-0.0185244	-0.17	0.17
  4351	-0.0600129	-0.17	0.17
  4352	-0.0469696	-0.17	0.17
  4353	-0.0695935	-0.17	0.17
  4354	-0.0534972	-0.17	0.17
  4355	-0.0711057	-0.17	0.17
  4356	-0.0330708	-0.17	0.17
  4357	-0.0561214	-0.17	0.17
  4358	-0.0580206	-0.17	0.17
  4359	-0.0579433	-0.17	0.17
  4360	-0.0627238	-0.17	0.17
  4361	-0.0610944	-0.17	0.17
  4362	-0.0669155	-0.17	0.17
  4363	-0.0710563	-0.17	0.17
  4364	-0.0262686	-0.17	0.17
  4365	-0.0705982	-0.17	0.17
  4366	-0.0536793	-0.17	0.17
  4367	-0.0403361	-0.17	0.17
  4368	-0.0193105	-0.17	0.17
  4369	-0.0626286	-0.17	0.17
  4370	-0.0737366	-0.17	0.17
  4371	-0.0796122	-0.17	0.17
  4372	-0.0534928	-0.17	0.17
  4373	-0.0589774	-0.17	0.17
  4374	-0.0417582	-0.17	0.17
  4375	-0.035555	-0.17	0.17
  4376	-0.0583627	-0.17	0.17
  4377	-0.0610585	-0.17	0.17
  4378	-0.0654366	-0.17	0.17
  4379	-0.0652357	-0.17	0.17
  4380	-0.0560775	-0.17	0.17
  4381	-0.0751023	-0.17	0.17
  4382	-0.0252055	-0.17	0.17
  4383	-0.058105	-0.17	0.17
  4384	-0.060011	-0.17	0.17
  4385	-0.0644812	-0.17	0.17
  4386	-0.0481237	-0.17	0.17
  4387	-0.0807547	-0.17	0.17
  4388	-0.0711584	-0.17	0.17
  4389	-0.0649089	-0.17	0.17
  4390	-0.080572	-0.17	0.17
  4391	-0.0674235	-0.17	0.17
  4392	-0.0586405	-0.17	0.17
  4393	-0.0520829	-0.17	0.17
  4394	-0.0560433	-0.17	0.17
  4395	-0.0210024	-0.17	0.17
  4396	-0.0755072	-0.17	0.17
  4397	-0.0416346	-0.17	0.17
  4398	-0.0523241	-0.17	0.17
  4399	-0.0353794	-0.17	0.17
  4400	-0.0331847	-0.17	0.17
  4401	-0.0796926	-0.17	0.17
  4402	-0.0798748	-0.17	0.17
  4403	-0.0588878	-0.17	0.17
  4404	-0.0507981	-0.17	0.17
  4405	-0.0533656	-0.17	0.17
  4406	-0.0298847	-0.17	0.17
  4407	-0.0614445	-0.17	0.17
  4408	-0.0649722	-0.17	0.17
  4409	-0.0574693	-0.17	0.17
  4410	-0.0579265	-0.17	0.17
  4411	-0.079109	-0.17	0.17
  4412	-0.0792643	-0.17	0.17
  4413	-0.0565332	-0.17	0.17
  4414	-0.0283292	-0.17	0.17
  4415	-0.0650338	-0.17	0.17
  4416	-0.0669055	-0.17	0.17
  4417	-0.0704891	-0.17	0.17
  4418	-0.0473654	-0.17	0.17
  4419	-0.0797285	-0.17	0.17
  4420	-0.0711862	-0.17	0.17
  4421	-0.0607814	-0.17	0.17
  4422	-0.0694204	-0.17	0.17
  4423	-0.0465837	-0.17	0.17
  4424	-0.0692894	-0.17	0.17
  4425	-0.0745885	-0.17	0.17
  4426	-0.0516455	-0.17	0.17
  4427	-0.0625782	-0.17	0.17
  4428	-0.080668	-0.17	0.17
  4429	-0.0796482	-0.17	0.17
  4430	-0.0595745	-0.17	0.17
  4431	-0.0768683	-0.17	0.17
  4432	-0.0217659	-0.17	0.17
  4433	-0.022579	-0.17	0.17
  4434	-0.078797	-0.17	0.17
  4435	-0.0650252	-0.17	0.17
  4436	-0.0745411	-0.17	0.17
  4437	-0.0507559	-0.17	0.17
  4438	-0.0405721	-0.17	0.17
  4439	-0.0484381	-0.17	0.17
  4440	-0.0303353	-0.17	0.17
  4441	-0.066338	-0.17	0.17
  4442	-0.0541035	-0.17	0.17
  4443	-0.0175327	-0.17	0.17
  4444	-0.0370267	-0.17	0.17
  4445	-0.0363427	-0.17	0.17
  4446	-0.0608606	-0.17	0.17
  4447	-0.0562062	-0.17	0.17
  4448	-0.0241478	-0.17	0.17
  4449	-0.0494663	-0.17	0.17
  4450	-0.0574073	-0.17	0.17
  4451	-0.079023	-0.17	0.17
  4452	-0.0176369	-0.17	0.17
  4453	-0.066075	-0.17	0.17
  4454	-0.0697156	-0.17	0.17
  4455	-0.0236289	-0.17	0.17
  4456	-0.0764267	-0.17	0.17
  4457	-0.0523597	-0.17	0.17
  4458	-0.0429889	-0.17	0.17
  4459	-0.0510512	-0.17	0.17
  4460	-0.0735607	-0.17	0.17
  4461	-0.0800264	-0.17	0.17
  4462	-0.0594151	-0.17	0.17
  4463	-0.0458528	-0.17	0.17
  4464	-0.0420914	-0.17	0.17
  4465	-0.0261711	-0.17	0.17
  4466	-0.0776033	-0.17	0.17
  4467	-0.0759652	-0.17	0.17
  4468	-0.0529096	-0.17	0.17
  4469	-0.0615944	-0.17	0.17
  4470	-0.032909	-0.17	0.17
  4471	-0.0727613	-0.17	0.17
  4472	-0.0719947	-0.17	0.17
  4473	-0.0379372	-0.17	0.17
  4474	-0.0411365	-0.17	0.17
  4475	-0.0636159	-0.17	0.17
  4476	-0.0514405	-0.17	0.17
  4477	-0.0556067	-0.17	0.17
  4478	-0.0465892	-0.17	0.17
  4479	-0.03884	-0.17	0.17
  4480	-0.0642662	-0.17	0.17
  4481	-0.0585602	-0.17	0.17
  4482	-0.0461815	-0.17	0.17
  4483	-0.0587791	-0.17	0.17
  4484	-0.0715651	-0.17	0.17
  4485	-0.040409	-0.17	0.17
  4486	-0.0496065	-0.17	0.17
  4487	-0.0504425	-0.17	0.17
  4488	-0.0542499	-0.17	0.17
  4489	-0.0571476	-0.17	0.17
  4490	-0.0740884	-0.17	0.17
  4491	-0.059561	-0.17	0.17
  4492	-0.0800834	-0.17	0.17
  4493	-0.0792325	-0.17	0.17
  4494	-0.0728135	-0.17	0.17
  4495	-0.0364943	-0.17	0.17
  4496	-0.0689682	-0.17	0.17
  4497	-0.080034	-0.17	0.17
  4498	-0.0783627	-0.17	0.17
  4499	-0.0624372	-0.17	0.17
  4500	-0.0727488	-0.17	0.17
  4501	-0.058465	-0.17	0.17
  4502	-0.0801761	-0.17	0.17
  4503	-0.0537463	-0.17	0.17
  4504	-0.0533207	-0.17	0.17
  4505	-0.0567086	-0.17	0.17
  4506	-0.0694881	-0.17	0.17
  4507	-0.038269	-0.17	0.17
  4508	-0.0573013	-0.17	0.17
  4509	-0.0318794	-0.17	0.17
  4510	-0.0494054	-0.17	0.17
  4511	-0.0655824	-0.17	0.17
  4512	-0.0325654	-0.17	0.17
  4513	-0.0510414	-0.17	0.17
  4514	-0.0704847	-0.17	0.17
  4515	-0.0197513	-0.17	0.17
  4516	-0.0352493	-0.17	0.17
  4517	-0.0393483	-0.17	0.17
  4518	-0.0537249	-0.17	0.17
  4519	-0.0594722	-0.17	0.17
  4520	-0.0140422	-0.17	0.17
  4521	-0.0454623	-0.17	0.17
  4522	-0.0528441	-0.17	0.17
  4523	-0.0736362	-0.17	0.17
  4524	-0.077148	-0.17	0.17
  4525	-0.0672984	-0.17	0.17
  4526	-0.0728294	-0.17	0.17
  4527	-0.0767925	-0.17	0.17
  4528	-0.0509333	-0.17	0.17
  4529	-0.0580316	-0.17	0.17
  4530	-0.0781563	-0.17	0.17
  4531	-0.0781202	-0.17	0.17
  4532	-0.0457501	-0.17	0.17
  4533	-0.077345	-0.17	0.17
  4534	-0.070102	-0.17	0.17
  4535	-0.0670393	-0.17	0.17
  4536	-0.0544703	-0.17	0.17
  4537	-0.0687478	-0.17	0.17
  4538	-0.0559954	-0.17	0.17
  4539	-0.0774556	-0.17	0.17
  4540	-0.0802353	-0.17	0.17
  4541	-0.0726812	-0.17	0.17
  4542	-0.0578178	-0.17	0.17
  4543	-0.0770824	-0.17	0.17
  4544	-0.0730285	-0.17	0.17
  4545	-0.0706573	-0.17	0.17
  4546	-0.0802121	-0.17	0.17
  4547	-0.0438623	-0.17	0.17
  4548	-0.0669832	-0.17	0.17
  4549	-0.0797121	-0.17	0.17
  4550	-0.0781224	-0.17	0.17
  4551	-0.0569845	-0.17	0.17
  4552	-0.0705164	-0.17	0.17
  4553	-0.0615021	-0.17	0.17
  4554	-0.0798964	-0.17	0.17
  4555	-0.0421887	-0.17	0.17
  4556	-0.0667562	-0.17	0.17
  4557	-0.0770469	-0.17	0.17
  4558	-0.0720073	-0.17	0.17
  4559	-0.0608166	-0.17	0.17
  4560	-0.0778269	-0.17	0.17
  4561	-0.0570213	-0.17	0.17
  4562	-0.0398707	-0.17	0.17
  4563	-0.0749823	-0.17	0.17
  4564	-0.0793444	-0.17	0.17
  4565	-0.0615808	-0.17	0.17
  4566	-0.0260027	-0.17	0.17
  4567	-0.0399812	-0.17	0.17
  4568	-0.0789348	-0.17	0.17
  4569	-0.0606327	-0.17	0.17
  4570	-0.0526569	-0.17	0.17
  4571	-0.0749675	-0.17	0.17
  4572	-0.0681214	-0.17	0.17
  4573	-0.0313278	-0.17	0.17
  4574	-0.0771532	-0.17	0.17
  4575	-0.0568381	-0.17	0.17
  4576	-0.0467676	-0.17	0.17
  4577	-0.0664835	-0.17	0.17
  4578	-0.0614612	-0.17	0.17
  4579	-0.0605711	-0.17	0.17
  4580	-0.0802469	-0.17	0.17
  4581	-0.0647514	-0.17	0.17
  4582	-0.0709649	-0.17	0.17
  4583	-0.0776254	-0.17	0.17
  4584	-0.0646967	-0.17	0.17
  4585	-0.0765548	-0.17	0.17
  4586	-0.0518441	-0.17	0.17
  4587	-0.0269136	-0.17	0.17
  4588	-0.0314511	-0.17	0.17
  4589	-0.0639093	-0.17	0.17
  4590	-0.0488863	-0.17	0.17
  4591	-0.0541141	-0.17	0.17
  4592	-0.0794621	-0.17	0.17
  4593	-0.0658579	-0.17	0.17
  4594	-0.0558148	-0.17	0.17
  4595	-0.0307542	-0.17	0.17
  4596	-0.0709907	-0.17	0.17
  4597	-0.0781777	-0.17	0.17
  4598	-0.0804112	-0.17	0.17
  4599	-0.0514998	-0.17	0.17
  4600	-0.0364226	-0.17	0.17
  4601	-0.0796942	-0.17	0.17
  4602	-0.0773371	-0.17	0.17
  4603	-0.0424845	-0.17	0.17
  4604	-0.0475437	-0.17	0.17
  4605	-0.0637948	-0.17	0.17
  4606	-0.063146	-0.17	0.17
  4607	-0.0728008	-0.17	0.17
  4608	-0.0793343	-0.17	0.17
  4609	-0.0625174	-0.17	0.17
  4610	-0.0267162	-0.17	0.17
  4611	-0.0507854	-0.17	0.17
  4612	-0.0457723	-0.17	0.17
  4613	-0.0322254	-0.17	0.17
  4614	-0.0562188	-0.17	0.17
  4615	-0.077467	-0.17	0.17
  4616	-0.0799002	-0.17	0.17
  4617	-0.0290408	-0.17	0.17
  4618	-0.0805351	-0.17	0.17
  4619	-0.0708838	-0.17	0.17
  4620	-0.0495341	-0.17	0.17
  4621	-0.0482765	-0.17	0.17
  4622	-0.0459623	-0.17	0.17
  4623	-0.0700926	-0.17	0.17
  4624	-0.0358881	-0.17	0.17
  4625	-0.0587804	-0.17	0.17
  4626	-0.067348	-0.17	0.17
  4627	-0.0694357	-0.17	0.17
  4628	-0.0435968	-0.17	0.17
  4629	-0.0744736	-0.17	0.17
  4630	-0.0256058	-0.17	0.17
  4631	-0.0246802	-0.17	0.17
  4632	-0.0732787	-0.17	0.17
  4633	-0.0688935	-0.17	0.17
  4634	-0.042028	-0.17	0.17
  4635	-0.0638708	-0.17	0.17
  4636	-0.0677265	-0.17	0.17
  4637	-0.0424119	-0.17	0.17
  4638	-0.0493782	-0.17	0.17
  4639	-0.0780517	-0.17	0.17
  4640	-0.0479143	-0.17	0.17
  4641	-0.0748935	-0.17	0.17
  4642	-0.0717899	-0.17	0.17
  4643	-0.0690493	-0.17	0.17
  4644	-0.0775906	-0.17	0.17
  4645	-0.0711427	-0.17	0.17
  4646	-0.0787163	-0.17	0.17
  4647	-0.0531171	-0.17	0.17
  4648	-0.0783159	-0.17	0.17
  4649	-0.0709104	-0.17	0.17
  4650	-0.0461628	-0.17	0.17
  4651	-0.0199835	-0.17	0.17
  4652	-0.0526126	-0.17	0.17
  4653	-0.0529874	-0.17	0.17
  4654	-0.0793364	-0.17	0.17
  4655	-0.0277364	-0.17	0.17
  4656	-0.073221	-0.17	0.17
  4657	-0.0752806	-0.17	0.17
  4658	-0.0519784	-0.17	0.17
  4659	-0.0800279	-0.17	0.17
  4660	-0.0670407	-0.17	0.17
  4661	-0.0632605	-0.17	0.17
  4662	-0.0786237	-0.17	0.17
  4663	-0.064311	-0.17	0.17
  4664	-0.0781952	-0.17	0.17
  4665	-0.0468076	-0.17	0.17
  4666	-0.0516115	-0.17	0.17
  4667	-0.0625761	-0.17	0.17
  4668	-0.0459734	-0.17	0.17
  4669	-0.0333991	-0.17	0.17
  4670	-0.0341142	-0.17	0.17
  4671	-0.0619309	-0.17	0.17
  4672	-0.0614844	-0.17	0.17
  4673	-0.0805927	-0.17	0.17
  4674	-0.0369179	-0.17	0.17
  4675	-0.0801967	-0.17	0.17
  4676	-0.0439204	-0.17	0.17
  4677	-0.0777774	-0.17	0.17
  4678	-0.0137571	-0.17	0.17
  4679	-0.0767896	-0.17	0.17
  4680	-0.0325182	-0.17	0.17
  4681	-0.0804376	-0.17	0.17
  4682	-0.0652456	-0.17	0.17
  4683	-0.0685272	-0.17	0.17
  4684	-0.0486314	-0.17	0.17
  4685	-0.0293912	-0.17	0.17
  4686	-0.0410518	-0.17	0.17
  4687	-0.0405726	-0.17	0.17
  4688	-0.0657257	-0.17	0.17
  4689	-0.0207302	-0.17	0.17
  4690	-0.0648382	-0.17	0.17
  4691	-0.0485787	-0.17	0.17
  4692	-0.0648893	-0.17	0.17
  4693	-0.0421538	-0.17	0.17
  4694	-0.0808483	-0.17	0.17
  4695	-0.078269	-0.17	0.17
  4696	-0.0716898	-0.17	0.17
  4697	-0.0753823	-0.17	0.17
  4698	-0.0407029	-0.17	0.17
  4699	-0.0775489	-0.17	0.17
  4700	-0.0310525	-0.17	0.17
  4701	-0.0262596	-0.17	0.17
  4702	-0.0469713	-0.17	0.17
  4703	-0.0372139	-0.17	0.17
  4704	-0.06122	-0.17	0.17
  4705	-0.0786637	-0.17	0.17
  4706	-0.0528438	-0.17	0.17
  4707	-0.0743368	-0.17	0.17
  4708	-0.0518321	-0.17	0.17
  4709	-0.0556722	-0.17	0.17
  4710	-0.0491684	-0.17	0.17
  4711	-0.0229802	-0.17	0.17
  4712	-0.0223694	-0.17	0.17
  4713	-0.0351235	-0.17	0.17
  4714	-0.051545	-0.17	0.17
  4715	-0.0643533	-0.17	0.17
  4716	-0.0427511	-0.17	0.17
  4717	-0.0618032	-0.17	0.17
  4718	-0.0441244	-0.17	0.17
  4719	-0.0586302	-0.17	0.17
  4720	-0.0624213	-0.17	0.17
  4721	-0.0575393	-0.17	0.17
  4722	-0.0263135	-0.17	0.17
  4723	-0.0167233	-0.17	0.17
  4724	-0.0756673	-0.17	0.17
  4725	-0.0201469	-0.17	0.17
  4726	-0.0653208	-0.17	0.17
  4727	-0.0758867	-0.17	0.17
  4728	-0.0776623	-0.17	0.17
  4729	-0.0630854	-0.17	0.17
  4730	-0.0362755	-0.17	0.17
  4731	-0.0780928	-0.17	0.17
  4732	-0.0644393	-0.17	0.17
  4733	-0.0432957	-0.17	0.17
  4734	-0.0573733	-0.17	0.17
  4735	-0.0793759	-0.17	0.17
  4736	-0.035581	-0.17	0.17
  4737	-0.0509992	-0.17	0.17
  4738	-0.0314652	-0.17	0.17
  4739	-0.0807767	-0.17	0.17
  4740	-0.0737933	-0.17	0.17
  4741	-0.0639041	-0.17	0.17
  4742	-0.0797639	-0.17	0.17
  4743	-0.0567214	-0.17	0.17
  4744	-0.0183105	-0.17	0.17
  4745	-0.0724655	-0.17	0.17
  4746	-0.0668045	-0.17	0.17
  4747	-0.0735689	-0.17	0.17
  4748	-0.0628492	-0.17	0.17
  4749	-0.0767276	-0.17	0.17
  4750	-0.0735828	-0.17	0.17
  4751	-0.0598183	-0.17	0.17
  4752	-0.074687	-0.17	0.17
  4753	-0.0779348	-0.17	0.17
  4754	-0.0556962	-0.17	0.17
  4755	-0.0747266	-0.17	0.17
  4756	-0.0760178	-0.17	0.17
  4757	-0.0789436	-0.17	0.17
  4758	-0.0678748	-0.17	0.17
  4759	-0.0522619	-0.17	0.17
  4760	-0.0214869	-0.17	0.17
  4761	-0.0555927	-0.17	0.17
  4762	-0.0690398	-0.17	0.17
  4763	-0.0622368	-0.17	0.17
  4764	-0.0755759	-0.17	0.17
  4765	-0.0390152	-0.17	0.17
  4766	-0.0536713	-0.17	0.17
  4767	-0.0661733	-0.17	0.17
  4768	-0.0664628	-0.17	0.17
  4769	-0.0660442	-0.17	0.17
  4770	-0.0534208	-0.17	0.17
  4771	-0.0700739	-0.17	0.17
  4772	-0.0595245	-0.17	0.17
  4773	-0.0752886	-0.17	0.17
  4774	-0.0795946	-0.17	0.17
  4775	-0.0696331	-0.17	0.17
  4776	-0.0789466	-0.17	0.17
  4777	-0.0805735	-0.17	0.17
  4778	-0.0686931	-0.17	0.17
  4779	-0.0623227	-0.17	0.17
  4780	-0.0534747	-0.17	0.17
  4781	-0.0792478	-0.17	0.17
  4782	-0.0621391	-0.17	0.17
  4783	-0.0734093	-0.17	0.17
  4784	-0.0618779	-0.17	0.17
  4785	-0.0672267	-0.17	0.17
  4786	-0.0327302	-0.17	0.17
  4787	-0.0683996	-0.17	0.17
  4788	-0.0763342	-0.17	0.17
  4789	-0.0245341	-0.17	0.17
  4790	-0.0773885	-0.17	0.17
  4791	-0.0536235	-0.17	0.17
  4792	-0.0541102	-0.17	0.17
  4793	-0.0547096	-0.17	0.17
  4794	-0.0754564	-0.17	0.17
  4795	-0.045701	-0.17	0.17
  4796	-0.0522562	-0.17	0.17
  4797	-0.0645972	-0.17	0.17
  4798	-0.0544482	-0.17	0.17
  4799	-0.0198637	-0.17	0.17
  4800	-0.0709639	-0.17	0.17
  4801	-0.0786154	-0.17	0.17
  4802	-0.0501198	-0.17	0.17
  4803	-0.0315998	-0.17	0.17
  4804	-0.0268521	-0.17	0.17
  4805	-0.076006	-0.17	0.17
  4806	-0.0431401	-0.17	0.17
  4807	-0.0640075	-0.17	0.17
  4808	-0.0672662	-0.17	0.17
  4809	-0.0395875	-0.17	0.17
  4810	-0.0620755	-0.17	0.17
  4811	-0.0354802	-0.17	0.17
  4812	-0.0379362	-0.17	0.17
  4813	-0.0358061	-0.17	0.17
  4814	-0.0782595	-0.17	0.17
  4815	-0.0432695	-0.17	0.17
  4816	-0.0538499	-0.17	0.17
  4817	-0.0575629	-0.17	0.17
  4818	-0.0382141	-0.17	0.17
  4819	-0.0483449	-0.17	0.17
  4820	-0.05609	-0.17	0.17
  4821	-0.0653007	-0.17	0.17
  4822	-0.0730216	-0.17	0.17
  4823	-0.0561992	-0.17	0.17
  4824	-0.0805505	-0.17	0.17
  4825	-0.0652255	-0.17	0.17
  4826	-0.0714514	-0.17	0.17
  4827	-0.0152197	-0.17	0.17
  4828	-0.0416667	-0.17	0.17
  4829	-0.0380248	-0.17	0.17
  4830	-0.0705068	-0.17	0.17
  4831	-0.0520522	-0.17	0.17
  4832	-0.054198	-0.17	0.17
  4833	-0.0557726	-0.17	0.17
  4834	-0.0669915	-0.17	0.17
  4835	-0.0793907	-0.17	0.17
  4836	-0.0251775	-0.17	0.17
  4837	-0.0635424	-0.17	0.17
  4838	-0.0768715	-0.17	0.17
  4839	-0.0807337	-0.17	0.17
  4840	-0.0590606	-0.17	0.17
  4841	-0.079576	-0.17	0.17
  4842	-0.0789669	-0.17	0.17
  4843	-0.0557442	-0.17	0.17
  4844	-0.0787489	-0.17	0.17
  4845	-0.0494718	-0.17	0.17
  4846	-0.0701776	-0.17	0.17
  4847	-0.0736597	-0.17	0.17
  4848	-0.0318707	-0.17	0.17
  4849	-0.0716508	-0.17	0.17
  4850	-0.0264056	-0.17	0.17
  4851	-0.048264	-0.17	0.17
  4852	-0.0789284	-0.17	0.17
  4853	-0.0665178	-0.17	0.17
  4854	-0.0410817	-0.17	0.17
  4855	-0.0309922	-0.17	0.17
  4856	-0.0731812	-0.17	0.17
  4857	-0.0720107	-0.17	0.17
  4858	-0.0195896	-0.17	0.17
  4859	-0.0792283	-0.17	0.17
  4860	-0.0765439	-0.17	0.17
  4861	-0.0456279	-0.17	0.17
  4862	-0.0696367	-0.17	0.17
  4863	-0.0295775	-0.17	0.17
  4864	-0.0800457	-0.17	0.17
  4865	-0.0628339	-0.17	0.17
  4866	-0.0748881	-0.17	0.17
  4867	-0.0793823	-0.17	0.17
  4868	-0.0772772	-0.17	0.17
  4869	-0.0608502	-0.17	0.17
  4870	-0.0324488	-0.17	0.17
  4871	-0.0741674	-0.17	0.17
  4872	-0.0636252	-0.17	0.17
  4873	-0.0293582	-0.17	0.17
  4874	-0.0793939	-0.17	0.17
  4875	-0.0775346	-0.17	0.17
  4876	-0.0635453	-0.17	0.17
  4877	-0.0406986	-0.17	0.17
  4878	-0.0773224	-0.17	0.17
  4879	-0.0132737	-0.17	0.17
  4880	-0.0574927	-0.17	0.17
  4881	-0.0400447	-0.17	0.17
  4882	-0.0542038	-0.17	0.17
  4883	-0.0562145	-0.17	0.17
  4884	-0.0755464	-0.17	0.17
  4885	-0.0790789	-0.17	0.17
  4886	-0.0696166	-0.17	0.17
  4887	-0.0472145	-0.17	0.17
  4888	-0.0797972	-0.17	0.17
  4889	-0.0699769	-0.17	0.17
  4890	-0.0498912	-0.17	0.17
  4891	-0.0350646	-0.17	0.17
  4892	-0.0598892	-0.17	0.17
  4893	-0.059412	-0.17	0.17
  4894	-0.0638836	-0.17	0.17
  4895	-0.0591369	-0.17	0.17
  4896	-0.0352059	-0.17	0.17
  4897	-0.0664875	-0.17	0.17
  4898	-0.0720553	-0.17	0.17
  4899	-0.0730266	-0.17	0.17
  4900	-0.017198	-0.17	0.17
  4901	-0.0699972	-0.17	0.17
  4902	-0.0793203	-0.17	0.17
  4903	-0.0630357	-0.17	0.17
  4904	-0.0366279	-0.17	0.17
  4905	-0.0450811	-0.17	0.17
  4906	-0.0793571	-0.17	0.17
  4907	-0.0345291	-0.17	0.17
  4908	-0.0698701	-0.17	0.17
  4909	-0.0545991	-0.17	0.17
  4910	-0.0656798	-0.17	0.17
  4911	-0.0597305	-0.17	0.17
  4912	-0.079923	-0.17	0.17
  4913	-0.0727148	-0.17	0.17
  4914	-0.0730257	-0.17	0.17
  4915	-0.0339058	-0.17	0.17
  4916	-0.0787485	-0.17	0.17
  4917	-0.0555799	-0.17	0.17
  4918	-0.0467672	-0.17	0.17
  4919	-0.0799453	-0.17	0.17
  4920	-0.0724233	-0.17	0.17
  4921	-0.0623433	-0.17	0.17
  4922	-0.0473885	-0.17	0.17
  4923	-0.0760112	-0.17	0.17
  4924	-0.0510452	-0.17	0.17
  4925	-0.0792261	-0.17	0.17
  4926	-0.0631618	-0.17	0.17
  4927	-0.0592795	-0.17	0.17
  4928	-0.0737965	-0.17	0.17
  4929	-0.0800518	-0.17	0.17
  4930	-0.0271702	-0.17	0.17
  4931	-0.071015	-0.17	0.17
  4932	-0.0589547	-0.17	0.17
  4933	-0.0655007	-0.17	0.17
  4934	-0.0699252	-0.17	0.17
  4935	-0.0723898	-0.17	0.17
  4936	-0.0365239	-0.17	0.17
  4937	-0.0666288	-0.17	0.17
  4938	-0.0529061	-0.17	0.17
  4939	-0.0498259	-0.17	0.17
  4940	-0.0650801	-0.17	0.17
  4941	-0.046233	-0.17	0.17
  4942	-0.0801238	-0.17	0.17
  4943	-0.0720674	-0.17	0.17
  4944	-0.0795512	-0.17	0.17
  4945	-0.0792256	-0.17	0.17
  4946	-0.0714231	-0.17	0.17
  4947	-0.0804417	-0.17	0.17
  4948	-0.0804332	-0.17	0.17
  4949	-0.0788714	-0.17	0.17
  4950	-0.0233066	-0.17	0.17
  4951	-0.0165347	-0.17	0.17
  4952	-0.0794612	-0.17	0.17
  4953	-0.0515136	-0.17	0.17
  4954	-0.0427073	-0.17	0.17
  4955	-0.0562098	-0.17	0.17
  4956	-0.049586	-0.17	0.17
  4957	-0.0403255	-0.17	0.17
  4958	-0.0462283	-0.17	0.17
  4959	-0.0677535	-0.17	0.17
  4960	-0.0557918	-0.17	0.17
  4961	-0.0440329	-0.17	0.17
  4962	-0.0703788	-0.17	0.17
  4963	-0.0476263	-0.17	0.17
  4964	-0.0752967	-0.17	0.17
  4965	-0.05019	-0.17	0.17
  4966	-0.0736806	-0.17	0.17
  4967	-0.0590467	-0.17	0.17
  4968	-0.0803195	-0.17	0.17
  4969	-0.0787516	-0.17	0.17
  4970	-0.0808853	-0.17	0.17
  4971	-0.053883	-0.17	0.17
  4972	-0.0593778	-0.17	0.17
  4973	-0.057548	-0.17	0.17
  4974	-0.0623651	-0.17	0.17
  4975	-0.064248	-0.17	0.17
  4976	-0.0637686	-0.17	0.17
  4977	-0.0712603	-0.17	0.17
  4978	-0.0511456	-0.17	0.17
  4979	-0.0776089	-0.17	0.17
  4980	-0.0674352	-0.17	0.17
  4981	-0.0409285	-0.17	0.17
  4982	-0.0266707	-0.17	0.17
  4983	-0.07911	-0.17	0.17
  4984	-0.0672374	-0.17	0.17
  4985	-0.0305615	-0.17	0.17
  4986	-0.0525067	-0.17	0.17
  4987	-0.0136131	-0.17	0.17
  4988	-0.0668824	-0.17	0.17
  4989	-0.0796477	-0.17	0.17
  4990	-0.0805413	-0.17	0.17
  4991	-0.0653943	-0.17	0.17
  4992	-0.0518224	-0.17	0.17
  4993	-0.0680367	-0.17	0.17
  4994	-0.0697242	-0.17	0.17
  4995	-0.0790746	-0.17	0.17
  4996	-0.0793708	-0.17	0.17
  4997	-0.0790516	-0.17	0.17
  4998	-0.0581333	-0.17	0.17
  4999	-0.0801646	-0.17	0.17
  5000	-0.0770479	-0.17	0.17
  5001	-0.0362184	-0.17	0.17
  5002	-0.0688796	-0.17	0.17
  5003	-0.0773453	-0.17	0.17
  5004	-0.0791651	-0.17	0.17
  5005	-0.0535715	-0.17	0.17
  5006	-0.0265476	-0.17	0.17
  5007	-0.0800174	-0.17	0.17
  5008	-0.0566665	-0.17	0.17
  5009	-0.0467868	-0.17	0.17
  5010	-0.0787212	-0.17	0.17
  5011	-0.0616211	-0.17	0.17
  5012	-0.0460441	-0.17	0.17
  5013	-0.04368	-0.17	0.17
  5014	-0.0438383	-0.17	0.17
  5015	-0.0415639	-0.17	0.17
  5016	-0.0764807	-0.17	0.17
  5017	-0.0806709	-0.17	0.17
  5018	-0.0552428	-0.17	0.17
  5019	-0.0147509	-0.17	0.17
  5020	-0.0363887	-0.17	0.17
  5021	-0.05744	-0.17	0.17
  5022	-0.0766852	-0.17	0.17
  5023	-0.0792471	-0.17	0.17
  5024	-0.0733249	-0.17	0.17
  5025	-0.026524	-0.17	0.17
  5026	-0.0752185	-0.17	0.17
  5027	-0.0677842	-0.17	0.17
  5028	-0.0431746	-0.17	0.17
  5029	-0.0646327	-0.17	0.17
  5030	-0.0798887	-0.17	0.17
  5031	-0.077789	-0.17	0.17
  5032	-0.0791287	-0.17	0.17
  5033	-0.0726043	-0.17	0.17
  5034	-0.0619446	-0.17	0.17
  5035	-0.0244415	-0.17	0.17
  5036	-0.062812	-0.17	0.17
  5037	-0.0494731	-0.17	0.17
  5038	-0.0689282	-0.17	0.17
  5039	-0.037312	-0.17	0.17
  5040	-0.0692695	-0.17	0.17
  5041	-0.0729312	-0.17	0.17
  5042	-0.0733085	-0.17	0.17
  5043	-0.0662212	-0.17	0.17
  5044	-0.0766053	-0.17	0.17
  5045	-0.0798374	-0.17	0.17
  5046	-0.0757976	-0.17	0.17
  5047	-0.0471946	-0.17	0.17
  5048	-0.0795956	-0.17	0.17
  5049	-0.0488973	-0.17	0.17
  5050	-0.0798805	-0.17	0.17
  5051	-0.0777051	-0.17	0.17
  5052	-0.0711688	-0.17	0.17
  5053	-0.0364655	-0.17	0.17
  5054	-0.0671402	-0.17	0.17
  5055	-0.0521619	-0.17	0.17
  5056	-0.069686	-0.17	0.17
  5057	-0.0371342	-0.17	0.17
  5058	-0.072382	-0.17	0.17
  5059	-0.0431988	-0.17	0.17
  5060	-0.0475234	-0.17	0.17
  5061	-0.0694169	-0.17	0.17
  5062	-0.0782117	-0.17	0.17
  5063	-0.054987	-0.17	0.17
  5064	-0.0358962	-0.17	0.17
  5065	-0.0602994	-0.17	0.17
  5066	-0.0525745	-0.17	0.17
  5067	-0.035423	-0.17	0.17
  5068	-0.0235123	-0.17	0.17
  5069	-0.0757939	-0.17	0.17
  5070	-0.074257	-0.17	0.17
  5071	-0.0745122	-0.17	0.17
  5072	-0.0768587	-0.17	0.17
  5073	-0.0581259	-0.17	0.17
  5074	-0.0754598	-0.17	0.17
  5075	-0.0573855	-0.17	0.17
  5076	-0.0802823	-0.17	0.17
  5077	-0.0720287	-0.17	0.17
  5078	-0.0793127	-0.17	0.17
  5079	-0.0679899	-0.17	0.17
  5080	-0.0247702	-0.17	0.17
  5081	-0.0526659	-0.17	0.17
  5082	-0.0492482	-0.17	0.17
  5083	-0.0799738	-0.17	0.17
  5084	-0.0499559	-0.17	0.17
  5085	-0.0424398	-0.17	0.17
  5086	-0.0794344	-0.17	0.17
  5087	-0.01838	-0.17	0.17
  5088	-0.0737153	-0.17	0.17
  5089	-0.0760175	-0.17	0.17
  5090	-0.0527624	-0.17	0.17
  5091	-0.0384049	-0.17	0.17
  5092	-0.0630744	-0.17	0.17
  5093	-0.0755294	-0.17	0.17
  5094	-0.0416675	-0.17	0.17
  5095	-0.0554096	-0.17	0.17
  5096	-0.0629264	-0.17	0.17
  5097	-0.0715833	-0.17	0.17
  5098	-0.0763348	-0.17	0.17
  5099	-0.0666903	-0.17	0.17
  5100	-0.0602624	-0.17	0.17
  5101	-0.0645126	-0.17	0.17
  5102	-0.0375925	-0.17	0.17
  5103	-0.0804571	-0.17	0.17
  5104	-0.0785801	-0.17	0.17
  5105	-0.0785885	-0.17	0.17
  5106	-0.0714596	-0.17	0.17
  5107	-0.0345325	-0.17	0.17
  5108	-0.0590343	-0.17	0.17
  5109	-0.0329879	-0.17	0.17
  5110	-0.0358858	-0.17	0.17
  5111	-0.034251	-0.17	0.17
  5112	-0.058882	-0.17	0.17
  5113	-0.0674523	-0.17	0.17
  5114	-0.0575134	-0.17	0.17
  5115	-0.0677033	-0.17	0.17
  5116	-0.029858	-0.17	0.17
  5117	-0.0148231	-0.17	0.17
  5118	-0.0657773	-0.17	0.17
  5119	-0.0564151	-0.17	0.17
  5120	-0.0382995	-0.17	0.17
  5121	-0.0516852	-0.17	0.17
  5122	-0.0775227	-0.17	0.17
  5123	-0.0713068	-0.17	0.17
  5124	-0.0647907	-0.17	0.17
  5125	-0.0505188	-0.17	0.17
  5126	-0.0613556	-0.17	0.17
  5127	-0.0756627	-0.17	0.17
  5128	-0.0701285	-0.17	0.17
  5129	-0.0507006	-0.17	0.17
  5130	-0.0471913	-0.17	0.17
  5131	-0.0740471	-0.17	0.17
  5132	-0.058414	-0.17	0.17
  5133	-0.0592782	-0.17	0.17
  5134	-0.0577425	-0.17	0.17
  5135	-0.0658054	-0.17	0.17
  5136	-0.0803477	-0.17	0.17
  5137	-0.039234	-0.17	0.17
  5138	-0.0401898	-0.17	0.17
  5139	-0.0602448	-0.17	0.17
  5140	-0.0629918	-0.17	0.17
  5141	-0.0552879	-0.17	0.17
  5142	-0.0679445	-0.17	0.17
  5143	-0.0601429	-0.17	0.17
  5144	-0.0577091	-0.17	0.17
  5145	-0.0625449	-0.17	0.17
  5146	-0.048265	-0.17	0.17
  5147	-0.0788046	-0.17	0.17
  5148	-0.0381303	-0.17	0.17
  5149	-0.0685907	-0.17	0.17
  5150	-0.0792297	-0.17	0.17
  5151	-0.0563163	-0.17	0.17
  5152	-0.0415864	-0.17	0.17
  5153	-0.0466407	-0.17	0.17
  5154	-0.0642775	-0.17	0.17
  5155	-0.0565088	-0.17	0.17
  5156	-0.075192	-0.17	0.17
  5157	-0.0755648	-0.17	0.17
  5158	-0.0755531	-0.17	0.17
  5159	-0.0696462	-0.17	0.17
  5160	-0.0753293	-0.17	0.17
  5161	-0.0552381	-0.17	0.17
  5162	-0.0642846	-0.17	0.17
  5163	-0.0278321	-0.17	0.17
  5164	-0.0529934	-0.17	0.17
  5165	-0.0217286	-0.17	0.17
  5166	-0.0298424	-0.17	0.17
  5167	-0.0613681	-0.17	0.17
  5168	-0.0732842	-0.17	0.17
  5169	-0.0787737	-0.17	0.17
  5170	-0.0542656	-0.17	0.17
  5171	-0.0583101	-0.17	0.17
  5172	-0.0680317	-0.17	0.17
  5173	-0.0581553	-0.17	0.17
  5174	-0.0358939	-0.17	0.17
  5175	-0.0348001	-0.17	0.17
  5176	-0.0730322	-0.17	0.17
  5177	-0.0753379	-0.17	0.17
  5178	-0.0438054	-0.17	0.17
  5179	-0.057174	-0.17	0.17
  5180	-0.0801404	-0.17	0.17
  5181	-0.0752445	-0.17	0.17
  5182	-0.0590006	-0.17	0.17
  5183	-0.078292	-0.17	0.17
  5184	-0.0623756	-0.17	0.17
  5185	-0.0675558	-0.17	0.17
  5186	-0.0664344	-0.17	0.17
  5187	-0.050373	-0.17	0.17
  5188	-0.0546611	-0.17	0.17
  5189	-0.0688551	-0.17	0.17
  5190	-0.0552396	-0.17	0.17
  5191	-0.0732502	-0.17	0.17
  5192	-0.013906	-0.17	0.17
  5193	-0.0708984	-0.17	0.17
  5194	-0.078895	-0.17	0.17
  5195	-0.0358358	-0.17	0.17
  5196	-0.0292668	-0.17	0.17
  5197	-0.0805154	-0.17	0.17
  5198	-0.0678613	-0.17	0.17
  5199	-0.0558151	-0.17	0.17
  5200	-0.0525511	-0.17	0.17
  5201	-0.0628355	-0.17	0.17
  5202	-0.0665628	-0.17	0.17
  5203	-0.0382019	-0.17	0.17
  5204	-0.0627834	-0.17	0.17
  5205	-0.0385174	-0.17	0.17
  5206	-0.0383264	-0.17	0.17
  5207	-0.0743502	-0.17	0.17
  5208	-0.0661956	-0.17	0.17
  5209	-0.0657885	-0.17	0.17
  5210	-0.0703601	-0.17	0.17
  5211	-0.0376546	-0.17	0.17
  5212	-0.0344977	-0.17	0.17
  5213	-0.0799771	-0.17	0.17
  5214	-0.0806916	-0.17	0.17
  5215	-0.0207716	-0.17	0.17
  5216	-0.0636791	-0.17	0.17
  5217	-0.0365261	-0.17	0.17
  5218	-0.05548	-0.17	0.17
  5219	-0.0688443	-0.17	0.17
  5220	-0.0253619	-0.17	0.17
  5221	-0.0146281	-0.17	0.17
  5222	-0.0682606	-0.17	0.17
  5223	-0.0715537	-0.17	0.17
  5224	-0.0730539	-0.17	0.17
  5225	-0.0591806	-0.17	0.17
  5226	-0.0613287	-0.17	0.17
  5227	-0.024013	-0.17	0.17
  5228	-0.078183	-0.17	0.17
  5229	-0.0494273	-0.17	0.17
  5230	-0.0629787	-0.17	0.17
  5231	-0.0576991	-0.17	0.17
  5232	-0.079755	-0.17	0.17
  5233	-0.0422869	-0.17	0.17
  5234	-0.0789456	-0.17	0.17
  5235	-0.050944	-0.17	0.17
  5236	-0.0298844	-0.17	0.17
  5237	-0.0775993	-0.17	0.17
  5238	-0.0561095	-0.17	0.17
  5239	-0.0804334	-0.17	0.17
  5240	-0.064401	-0.17	0.17
  5241	-0.0450765	-0.17	0.17
  5242	-0.0799112	-0.17	0.17
  5243	-0.0784903	-0.17	0.17
  5244	-0.0794397	-0.17	0.17
  5245	-0.0459632	-0.17	0.17
  5246	-0.0365905	-0.17	0.17
  5247	-0.0489468	-0.17	0.17
  5248	-0.0382963	-0.17	0.17
  5249	-0.0782507	-0.17	0.17
  5250	-0.0650435	-0.17	0.17
  5251	-0.0595215	-0.17	0.17
  5252	-0.071008	-0.17	0.17
  5253	-0.0651157	-0.17	0.17
  5254	-0.0792013	-0.17	0.17
  5255	-0.075963	-0.17	0.17
  5256	-0.0629141	-0.17	0.17
  5257	-0.0556282	-0.17	0.17
  5258	-0.0627486	-0.17	0.17
  5259	-0.0761853	-0.17	0.17
  5260	-0.0713311	-0.17	0.17
  5261	-0.0727249	-0.17	0.17
  5262	-0.0627934	-0.17	0.17
  5263	-0.0673723	-0.17	0.17
  5264	-0.0522847	-0.17	0.17
  5265	-0.0749764	-0.17	0.17
  5266	-0.0515962	-0.17	0.17
  5267	-0.0294145	-0.17	0.17
  5268	-0.0445087	-0.17	0.17
  5269	-0.0469094	-0.17	0.17
  5270	-0.0217744	-0.17	0.17
  5271	-0.0164332	-0.17	0.17
  5272	-0.063922	-0.17	0.17
  5273	-0.0455707	-0.17	0.17
  5274	-0.0666374	-0.17	0.17
  5275	-0.0791526	-0.17	0.17
  5276	-0.0543532	-0.17	0.17
  5277	-0.0227119	-0.17	0.17
  5278	-0.0650266	-0.17	0.17
  5279	-0.0707656	-0.17	0.17
  5280	-0.0444517	-0.17	0.17
  5281	-0.0787397	-0.17	0.17
  5282	-0.0694579	-0.17	0.17
  5283	-0.0709781	-0.17	0.17
  5284	-0.0786197	-0.17	0.17
  5285	-0.0246778	-0.17	0.17
  5286	-0.0621005	-0.17	0.17
  5287	-0.0500444	-0.17	0.17
  5288	-0.0535373	-0.17	0.17
  5289	-0.0222695	-0.17	0.17
  5290	-0.0538076	-0.17	0.17
  5291	-0.0458053	-0.17	0.17
  5292	-0.0426618	-0.17	0.17
  5293	-0.0661547	-0.17	0.17
  5294	-0.0130923	-0.17	0.17
  5295	-0.0551321	-0.17	0.17
  5296	-0.0753518	-0.17	0.17
  5297	-0.0343034	-0.17	0.17
  5298	-0.0704739	-0.17	0.17
  5299	-0.0673326	-0.17	0.17
  5300	-0.0694237	-0.17	0.17
  5301	-0.0586989	-0.17	0.17
  5302	-0.0656311	-0.17	0.17
  5303	-0.021534	-0.17	0.17
  5304	-0.0451346	-0.17	0.17
  5305	-0.0612896	-0.17	0.17
  5306	-0.0757718	-0.17	0.17
  5307	-0.0639333	-0.17	0.17
  5308	-0.0728319	-0.17	0.17
  5309	-0.0485889	-0.17	0.17
  5310	-0.0534434	-0.17	0.17
  5311	-0.045523	-0.17	0.17
  5312	-0.0591521	-0.17	0.17
  5313	-0.0688555	-0.17	0.17
  5314	-0.0526421	-0.17	0.17
  5315	-0.0660424	-0.17	0.17
  5316	-0.0720312	-0.17	0.17
  5317	-0.0681446	-0.17	0.17
  5318	-0.0502132	-0.17	0.17
  5319	-0.0766336	-0.17	0.17
  5320	-0.0800766	-0.17	0.17
  5321	-0.0778983	-0.17	0.17
  5322	-0.0676844	-0.17	0.17
  5323	-0.0531838	-0.17	0.17
  5324	-0.0702284	-0.17	0.17
  5325	-0.0579185	-0.17	0.17
  5326	-0.0447367	-0.17	0.17
  5327	-0.0347391	-0.17	0.17
  5328	-0.0459877	-0.17	0.17
  5329	-0.0370125	-0.17	0.17
  5330	-0.0700544	-0.17	0.17
  5331	-0.0566274	-0.17	0.17
  5332	-0.0396652	-0.17	0.17
  5333	-0.0628689	-0.17	0.17
  5334	-0.0189186	-0.17	0.17
  5335	-0.0585059	-0.17	0.17
  5336	-0.0659344	-0.17	0.17
  5337	-0.0675502	-0.17	0.17
  5338	-0.0562756	-0.17	0.17
  5339	-0.0680431	-0.17	0.17
  5340	-0.0195617	-0.17	0.17
  5341	-0.0691038	-0.17	0.17
  5342	-0.0157693	-0.17	0.17
  5343	-0.0564713	-0.17	0.17
  5344	-0.0721113	-0.17	0.17
  5345	-0.0540821	-0.17	0.17
  5346	-0.0587371	-0.17	0.17
  5347	-0.0529573	-0.17	0.17
  5348	-0.0614523	-0.17	0.17
  5349	-0.0792392	-0.17	0.17
  5350	-0.0555084	-0.17	0.17
  5351	-0.0736669	-0.17	0.17
  5352	-0.0553799	-0.17	0.17
  5353	-0.0682816	-0.17	0.17
  5354	-0.0434366	-0.17	0.17
  5355	-0.0779822	-0.17	0.17
  5356	-0.0632466	-0.17	0.17
  5357	-0.0665059	-0.17	0.17
  5358	-0.0552664	-0.17	0.17
  5359	-0.0200826	-0.17	0.17
  5360	-0.0593817	-0.17	0.17
  5361	-0.0668958	-0.17	0.17
  5362	-0.0635557	-0.17	0.17
  5363	-0.0217914	-0.17	0.17
  5364	-0.0436539	-0.17	0.17
  5365	-0.0660267	-0.17	0.17
  5366	-0.0613272	-0.17	0.17
  5367	-0.0806358	-0.17	0.17
  5368	-0.0500652	-0.17	0.17
  5369	-0.0319784	-0.17	0.17
  5370	-0.0158848	-0.17	0.17
  5371	-0.0785936	-0.17	0.17
  5372	-0.0329171	-0.17	0.17
  5373	-0.077182	-0.17	0.17
  5374	-0.0686629	-0.17	0.17
  5375	-0.0348872	-0.17	0.17
  5376	-0.0571066	-0.17	0.17
  5377	-0.0158568	-0.17	0.17
  5378	-0.0756832	-0.17	0.17
  5379	-0.0543875	-0.17	0.17
  5380	-0.0615247	-0.17	0.17
  5381	-0.0763638	-0.17	0.17
  5382	-0.0200201	-0.17	0.17
  5383	-0.066621	-0.17	0.17
  5384	-0.064519	-0.17	0.17
  5385	-0.0295882	-0.17	0.17
  5386	-0.0570602	-0.17	0.17
  5387	-0.0800897	-0.17	0.17
  5388	-0.0607896	-0.17	0.17
  5389	-0.0263898	-0.17	0.17
  5390	-0.0339058	-0.17	0.17
  5391	-0.045715	-0.17	0.17
  5392	-0.0414345	-0.17	0.17
  5393	-0.0471246	-0.17	0.17
  5394	-0.0658425	-0.17	0.17
  5395	-0.0690225	-0.17	0.17
  5396	-0.0468439	-0.17	0.17
  5397	-0.0356222	-0.17	0.17
  5398	-0.053344	-0.17	0.17
  5399	-0.0780264	-0.17	0.17
  5400	-0.03623	-0.17	0.17
  5401	-0.0410982	-0.17	0.17
  5402	-0.0736196	-0.17	0.17
  5403	-0.0779213	-0.17	0.17
  5404	-0.017269	-0.17	0.17
  5405	-0.0566103	-0.17	0.17
  5406	-0.0619522	-0.17	0.17
  5407	-0.02146	-0.17	0.17
  5408	-0.0780316	-0.17	0.17
  5409	-0.0436285	-0.17	0.17
  5410	-0.0739091	-0.17	0.17
  5411	-0.0195608	-0.17	0.17
  5412	-0.0697245	-0.17	0.17
  5413	-0.0527585	-0.17	0.17
  5414	-0.0659243	-0.17	0.17
  5415	-0.0454939	-0.17	0.17
  5416	-0.0536404	-0.17	0.17
  5417	-0.0470795	-0.17	0.17
  5418	-0.0774164	-0.17	0.17
  5419	-0.0432532	-0.17	0.17
  5420	-0.0300989	-0.17	0.17
  5421	-0.0774163	-0.17	0.17
  5422	-0.0789023	-0.17	0.17
  5423	-0.0761965	-0.17	0.17
  5424	-0.0806938	-0.17	0.17
  5425	-0.0566852	-0.17	0.17
  5426	-0.0207363	-0.17	0.17
  5427	-0.0802118	-0.17	0.17
  5428	-0.0549761	-0.17	0.17
  5429	-0.0369062	-0.17	0.17
  5430	-0.0666588	-0.17	0.17
  5431	-0.051741	-0.17	0.17
  5432	-0.0663067	-0.17	0.17
  5433	-0.0781551	-0.17	0.17
  5434	-0.0696081	-0.17	0.17
  5435	-0.0609686	-0.17	0.17
  5436	-0.0328964	-0.17	0.17
  5437	-0.0726782	-0.17	0.17
  5438	-0.0712019	-0.17	0.17
  5439	-0.0481951	-0.17	0.17
  5440	-0.0468936	-0.17	0.17
  5441	-0.0699689	-0.17	0.17
  5442	-0.041005	-0.17	0.17
  5443	-0.0449175	-0.17	0.17
  5444	-0.0534242	-0.17	0.17
  5445	-0.0577971	-0.17	0.17
  5446	-0.0323144	-0.17	0.17
  5447	-0.0535695	-0.17	0.17
  5448	-0.0643204	-0.17	0.17
  5449	-0.0806843	-0.17	0.17
  5450	-0.0714814	-0.17	0.17
  5451	-0.0465073	-0.17	0.17
  5452	-0.073221	-0.17	0.17
  5453	-0.0678447	-0.17	0.17
  5454	-0.0702937	-0.17	0.17
  5455	-0.0477651	-0.17	0.17
  5456	-0.0597819	-0.17	0.17
  5457	-0.0740744	-0.17	0.17
  5458	-0.0705032	-0.17	0.17
  5459	-0.0507295	-0.17	0.17
  5460	-0.0319768	-0.17	0.17
  5461	-0.0755394	-0.17	0.17
  5462	-0.0497736	-0.17	0.17
  5463	-0.0533005	-0.17	0.17
  5464	-0.0597579	-0.17	0.17
  5465	-0.070301	-0.17	0.17
  5466	-0.0723173	-0.17	0.17
  5467	-0.0739073	-0.17	0.17
  5468	-0.0594663	-0.17	0.17
  5469	-0.0694962	-0.17	0.17
  5470	-0.0803552	-0.17	0.17
  5471	-0.0418398	-0.17	0.17
  5472	-0.0222988	-0.17	0.17
  5473	-0.0555926	-0.17	0.17
  5474	-0.0786721	-0.17	0.17
  5475	-0.0803266	-0.17	0.17
  5476	-0.0803298	-0.17	0.17
  5477	-0.0567096	-0.17	0.17
  5478	-0.0624808	-0.17	0.17
  5479	-0.0613998	-0.17	0.17
  5480	-0.0622629	-0.17	0.17
  5481	-0.0541751	-0.17	0.17
  5482	-0.0349286	-0.17	0.17
  5483	-0.0434902	-0.17	0.17
  5484	-0.0543983	-0.17	0.17
  5485	-0.0592676	-0.17	0.17
  5486	-0.0795356	-0.17	0.17
  5487	-0.0706643	-0.17	0.17
  5488	-0.0787029	-0.17	0.17
  5489	-0.0624098	-0.17	0.17
  5490	-0.045191	-0.17	0.17
  5491	-0.0561497	-0.17	0.17
  5492	-0.0630132	-0.17	0.17
  5493	-0.0720747	-0.17	0.17
  5494	-0.0694746	-0.17	0.17
  5495	-0.0503979	-0.17	0.17
  5496	-0.0656198	-0.17	0.17
  5497	-0.0514656	-0.17	0.17
  5498	-0.0508662	-0.17	0.17
  5499	-0.0269356	-0.17	0.17
  5500	-0.05028	-0.17	0.17
  5501	-0.040341	-0.17	0.17
  5502	-0.0804736	-0.17	0.17
  5503	-0.0746173	-0.17	0.17
  5504	-0.037405	-0.17	0.17
  5505	-0.0806862	-0.17	0.17
  5506	-0.0735299	-0.17	0.17
  5507	-0.0484631	-0.17	0.17
  5508	-0.0707705	-0.17	0.17
  5509	-0.0696347	-0.17	0.17
  5510	-0.0492369	-0.17	0.17
  5511	-0.0734716	-0.17	0.17
  5512	-0.0791788	-0.17	0.17
  5513	-0.0523671	-0.17	0.17
  5514	-0.0349396	-0.17	0.17
  5515	-0.0767503	-0.17	0.17
  5516	-0.0311291	-0.17	0.17
  5517	-0.0661637	-0.17	0.17
  5518	-0.0646068	-0.17	0.17
  5519	-0.0436651	-0.17	0.17
  5520	-0.0763013	-0.17	0.17
  5521	-0.0591898	-0.17	0.17
  5522	-0.0658177	-0.17	0.17
  5523	-0.0472176	-0.17	0.17
  5524	-0.0388226	-0.17	0.17
  5525	-0.057369	-0.17	0.17
  5526	-0.0623459	-0.17	0.17
  5527	-0.0760653	-0.17	0.17
  5528	-0.0187642	-0.17	0.17
  5529	-0.0131318	-0.17	0.17
  5530	-0.0774859	-0.17	0.17
  5531	-0.0633325	-0.17	0.17
  5532	-0.0696498	-0.17	0.17
  5533	-0.0543845	-0.17	0.17
  5534	-0.0705847	-0.17	0.17
  5535	-0.0488563	-0.17	0.17
  5536	-0.0564981	-0.17	0.17
  5537	-0.0773506	-0.17	0.17
  5538	-0.0462902	-0.17	0.17
  5539	-0.0806334	-0.17	0.17
  5540	-0.0247228	-0.17	0.17
  5541	-0.0520694	-0.17	0.17
  5542	-0.0650578	-0.17	0.17
  5543	-0.0327853	-0.17	0.17
  5544	-0.0333785	-0.17	0.17
  5545	-0.0715183	-0.17	0.17
  5546	-0.0301254	-0.17	0.17
  5547	-0.0755394	-0.17	0.17
  5548	-0.0480474	-0.17	0.17
  5549	-0.0468658	-0.17	0.17
  5550	-0.0786185	-0.17	0.17
  5551	-0.0135125	-0.17	0.17
  5552	-0.0611617	-0.17	0.17
  5553	-0.0593524	-0.17	0.17
  5554	-0.0762237	-0.17	0.17
  5555	-0.0530909	-0.17	0.17
  5556	-0.0544037	-0.17	0.17
  5557	-0.0641522	-0.17	0.17
  5558	-0.0507	-0.17	0.17
  5559	-0.0637924	-0.17	0.17
  5560	-0.0729302	-0.17	0.17
  5561	-0.0270491	-0.17	0.17
  5562	-0.0302383	-0.17	0.17
  5563	-0.0539343	-0.17	0.17
  5564	-0.0800656	-0.17	0.17
  5565	-0.0554228	-0.17	0.17
  5566	-0.0697187	-0.17	0.17
  5567	-0.0598941	-0.17	0.17
  5568	-0.0419082	-0.17	0.17
  5569	-0.0735503	-0.17	0.17
  5570	-0.0766967	-0.17	0.17
  5571	-0.0426523	-0.17	0.17
  5572	-0.0776125	-0.17	0.17
  5573	-0.0719076	-0.17	0.17
  5574	-0.0471382	-0.17	0.17
  5575	-0.0540717	-0.17	0.17
  5576	-0.0349118	-0.17	0.17
  5577	-0.0670635	-0.17	0.17
  5578	-0.0507624	-0.17	0.17
  5579	-0.0670739	-0.17	0.17
  5580	-0.0806964	-0.17	0.17
  5581	-0.0593141	-0.17	0.17
  5582	-0.0578086	-0.17	0.17
  5583	-0.0791171	-0.17	0.17
  5584	-0.0483169	-0.17	0.17
  5585	-0.0702061	-0.17	0.17
  5586	-0.0684079	-0.17	0.17
  5587	-0.0797939	-0.17	0.17
  5588	-0.0603967	-0.17	0.17
  5589	-0.0806259	-0.17	0.17
  5590	-0.0662052	-0.17	0.17
  5591	-0.045384	-0.17	0.17
  5592	-0.0544581	-0.17	0.17
  5593	-0.0596834	-0.17	0.17
  5594	-0.0790702	-0.17	0.17
  5595	-0.0753199	-0.17	0.17
  5596	-0.0534512	-0.17	0.17
  5597	-0.0408278	-0.17	0.17
  5598	-0.0607882	-0.17	0.17
  5599	-0.0364054	-0.17	0.17
  5600	-0.0779049	-0.17	0.17
  5601	-0.073831	-0.17	0.17
  5602	-0.0731765	-0.17	0.17
  5603	-0.0595252	-0.17	0.17
  5604	-0.0484552	-0.17	0.17
  5605	-0.0539667	-0.17	0.17
  5606	-0.0718784	-0.17	0.17
  5607	-0.0801294	-0.17	0.17
  5608	-0.0722025	-0.17	0.17
  5609	-0.0530711	-0.17	0.17
  5610	-0.0763971	-0.17	0.17
  5611	-0.0742959	-0.17	0.17
  5612	-0.028278	-0.17	0.17
  5613	-0.0426215	-0.17	0.17
  5614	-0.0727809	-0.17	0.17
  5615	-0.017107	-0.17	0.17
  5616	-0.0586816	-0.17	0.17
  5617	-0.0562332	-0.17	0.17
  5618	-0.0750437	-0.17	0.17
  5619	-0.0202335	-0.17	0.17
  5620	-0.0587078	-0.17	0.17
  5621	-0.0704056	-0.17	0.17
  5622	-0.0422148	-0.17	0.17
  5623	-0.0187503	-0.17	0.17
  5624	-0.0448386	-0.17	0.17
  5625	-0.016325	-0.17	0.17
  5626	-0.0533147	-0.17	0.17
  5627	-0.0799703	-0.17	0.17
  5628	-0.07913	-0.17	0.17
  5629	-0.0568584	-0.17	0.17
  5630	-0.0677784	-0.17	0.17
  5631	-0.0448851	-0.17	0.17
  5632	-0.0207293	-0.17	0.17
  5633	-0.0777749	-0.17	0.17
  5634	-0.0633468	-0.17	0.17
  5635	-0.0748427	-0.17	0.17
  5636	-0.0545492	-0.17	0.17
  5637	-0.0466321	-0.17	0.17
  5638	-0.0633035	-0.17	0.17
  5639	-0.0773752	-0.17	0.17
  5640	-0.0735063	-0.17	0.17
  5641	-0.0422909	-0.17	0.17
  5642	-0.0639874	-0.17	0.17
  5643	-0.0667802	-0.17	0.17
  5644	-0.0741413	-0.17	0.17
  5645	-0.0518158	-0.17	0.17
  5646	-0.0704939	-0.17	0.17
  5647	-0.075781	-0.17	0.17
  5648	-0.0697484	-0.17	0.17
  5649	-0.0642037	-0.17	0.17
  5650	-0.0625321	-0.17	0.17
  5651	-0.0795819	-0.17	0.17
  5652	-0.070807	-0.17	0.17
  5653	-0.0637631	-0.17	0.17
  5654	-0.0664184	-0.17	0.17
  5655	-0.0679347	-0.17	0.17
  5656	-0.0356625	-0.17	0.17
  5657	-0.075076	-0.17	0.17
  5658	-0.0167146	-0.17	0.17
  5659	-0.053981	-0.17	0.17
  5660	-0.0326994	-0.17	0.17
  5661	-0.0660816	-0.17	0.17
  5662	-0.0491661	-0.17	0.17
  5663	-0.0652557	-0.17	0.17
  5664	-0.0593837	-0.17	0.17
  5665	-0.031174	-0.17	0.17
  5666	-0.040608	-0.17	0.17
  5667	-0.0236449	-0.17	0.17
  5668	-0.0395878	-0.17	0.17
  5669	-0.0254427	-0.17	0.17
  5670	-0.0770545	-0.17	0.17
  5671	-0.0541471	-0.17	0.17
  5672	-0.0653228	-0.17	0.17
  5673	-0.0182939	-0.17	0.17
  5674	-0.0768371	-0.17	0.17
  5675	-0.0800609	-0.17	0.17
  5676	-0.0257977	-0.17	0.17
  5677	-0.051512	-0.17	0.17
  5678	-0.0609217	-0.17	0.17
  5679	-0.066856	-0.17	0.17
  5680	-0.080806	-0.17	0.17
  5681	-0.0652194	-0.17	0.17
  5682	-0.0612975	-0.17	0.17
  5683	-0.0473612	-0.17	0.17
  5684	-0.0804226	-0.17	0.17
  5685	-0.0539673	-0.17	0.17
  5686	-0.0520815	-0.17	0.17
  5687	-0.0460496	-0.17	0.17
  5688	-0.0279629	-0.17	0.17
  5689	-0.0371781	-0.17	0.17
  5690	-0.0725235	-0.17	0.17
  5691	-0.0387709	-0.17	0.17
  5692	-0.0596386	-0.17	0.17
  5693	-0.0244913	-0.17	0.17
  5694	-0.0764941	-0.17	0.17
  5695	-0.0803408	-0.17	0.17
  5696	-0.0775687	-0.17	0.17
  5697	-0.0794943	-0.17	0.17
  5698	-0.0691006	-0.17	0.17
  5699	-0.053448	-0.17	0.17
  5700	-0.0719958	-0.17	0.17
  5701	-0.0671584	-0.17	0.17
  5702	-0.0445534	-0.17	0.17
  5703	-0.0130567	-0.17	0.17
  5704	-0.0797277	-0.17	0.17
  5705	-0.0648036	-0.17	0.17
  5706	-0.0201352	-0.17	0.17
  5707	-0.0718889	-0.17	0.17
  5708	-0.0330935	-0.17	0.17
  5709	-0.0782411	-0.17	0.17
  5710	-0.0706755	-0.17	0.17
  5711	-0.0798997	-0.17	0.17
  5712	-0.0264478	-0.17	0.17
  5713	-0.0603306	-0.17	0.17
  5714	-0.0486895	-0.17	0.17
  5715	-0.0768399	-0.17	0.17
  5716	-0.0744588	-0.17	0.17
  5717	-0.0381704	-0.17	0.17
  5718	-0.0595746	-0.17	0.17
  5719	-0.0739914	-0.17	0.17
  5720	-0.0340451	-0.17	0.17
  5721	-0.0229845	-0.17	0.17
  5722	-0.0789664	-0.17	0.17
  5723	-0.0744203	-0.17	0.17
  5724	-0.0785314	-0.17	0.17
  5725	-0.0457945	-0.17	0.17
  5726	-0.0733969	-0.17	0.17
  5727	-0.0564871	-0.17	0.17
  5728	-0.0688565	-0.17	0.17
  5729	-0.0357831	-0.17	0.17
  5730	-0.0572089	-0.17	0.17
  5731	-0.0499265	-0.17	0.17
  5732	-0.0143291	-0.17	0.17
  5733	-0.0289247	-0.17	0.17
  5734	-0.0749226	-0.17	0.17
  5735	-0.0618281	-0.17	0.17
  5736	-0.0753198	-0.17	0.17
  5737	-0.0593482	-0.17	0.17
  5738	-0.0720356	-0.17	0.17
  5739	-0.0604455	-0.17	0.17
  5740	-0.077338	-0.17	0.17
  5741	-0.0735468	-0.17	0.17
  5742	-0.0603448	-0.17	0.17
  5743	-0.0496536	-0.17	0.17
  5744	-0.0555677	-0.17	0.17
  5745	-0.0490105	-0.17	0.17
  5746	-0.076098	-0.17	0.17
  5747	-0.0529998	-0.17	0.17
  5748	-0.0522077	-0.17	0.17
  5749	-0.0393246	-0.17	0.17
  5750	-0.0753633	-0.17	0.17
  5751	-0.0256688	-0.17	0.17
  5752	-0.02412	-0.17	0.17
  5753	-0.0526461	-0.17	0.17
  5754	-0.0438767	-0.17	0.17
  5755	-0.0771368	-0.17	0.17
  5756	-0.0776634	-0.17	0.17
  5757	-0.0664999	-0.17	0.17
  5758	-0.0721185	-0.17	0.17
  5759	-0.0720813	-0.17	0.17
  5760	-0.0504423	-0.17	0.17
  5761	-0.0359861	-0.17	0.17
  5762	-0.0354431	-0.17	0.17
  5763	-0.054841	-0.17	0.17
  5764	-0.0689138	-0.17	0.17
  5765	-0.0200648	-0.17	0.17
  5766	-0.0317847	-0.17	0.17
  5767	-0.079007	-0.17	0.17
  5768	-0.0504974	-0.17	0.17
  5769	-0.0695353	-0.17	0.17
  5770	-0.0333521	-0.17	0.17
  5771	-0.0742392	-0.17	0.17
  5772	-0.0672527	-0.17	0.17
  5773	-0.072012	-0.17	0.17
  5774	-0.0555019	-0.17	0.17
  5775	-0.0786198	-0.17	0.17
  5776	-0.0493689	-0.17	0.17
  5777	-0.0399805	-0.17	0.17
  5778	-0.0651792	-0.17	0.17
  5779	-0.0806432	-0.17	0.17
  5780	-0.0303733	-0.17	0.17
  5781	-0.0570628	-0.17	0.17
  5782	-0.0364465	-0.17	0.17
  5783	-0.0585735	-0.17	0.17
  5784	-0.0299859	-0.17	0.17
  5785	-0.0414843	-0.17	0.17
  5786	-0.0648193	-0.17	0.17
  5787	-0.049843	-0.17	0.17
  5788	-0.0319427	-0.17	0.17
  5789	-0.0764008	-0.17	0.17
  5790	-0.0166878	-0.17	0.17
  5791	-0.0701969	-0.17	0.17
  5792	-0.0444599	-0.17	0.17
  5793	-0.0741712	-0.17	0.17
  5794	-0.0692337	-0.17	0.17
  5795	-0.0541549	-0.17	0.17
  5796	-0.0662091	-0.17	0.17
  5797	-0.047881	-0.17	0.17
  5798	-0.0660864	-0.17	0.17
  5799	-0.055615	-0.17	0.17
  5800	-0.0542249	-0.17	0.17
  5801	-0.0530999	-0.17	0.17
  5802	-0.079142	-0.17	0.17
  5803	-0.0624573	-0.17	0.17
  5804	-0.0696096	-0.17	0.17
  5805	-0.0697428	-0.17	0.17
  5806	-0.0505211	-0.17	0.17
  5807	-0.0713893	-0.17	0.17
  5808	-0.0712252	-0.17	0.17
  5809	-0.0238844	-0.17	0.17
  5810	-0.0471154	-0.17	0.17
  5811	-0.0304789	-0.17	0.17
  5812	-0.0542034	-0.17	0.17
  5813	-0.0760473	-0.17	0.17
  5814	-0.0805302	-0.17	0.17
  5815	-0.0530223	-0.17	0.17
  5816	-0.0678397	-0.17	0.17
  5817	-0.056077	-0.17	0.17
  5818	-0.0154253	-0.17	0.17
  5819	-0.0344979	-0.17	0.17
  5820	-0.0468851	-0.17	0.17
  5821	-0.0768716	-0.17	0.17
  5822	-0.0787848	-0.17	0.17
  5823	-0.024846	-0.17	0.17
  5824	-0.0801765	-0.17	0.17
  5825	-0.0605716	-0.17	0.17
  5826	-0.0625242	-0.17	0.17
  5827	-0.0539879	-0.17	0.17
  5828	-0.0674957	-0.17	0.17
  5829	-0.0174683	-0.17	0.17
  5830	-0.0767902	-0.17	0.17
  5831	-0.0738284	-0.17	0.17
  5832	-0.0750903	-0.17	0.17
  5833	-0.0612801	-0.17	0.17
  5834	-0.0763392	-0.17	0.17
  5835	-0.0235425	-0.17	0.17
  5836	-0.05596	-0.17	0.17
  5837	-0.0412548	-0.17	0.17
  5838	-0.0728385	-0.17	0.17
  5839	-0.0669613	-0.17	0.17
  5840	-0.0250493	-0.17	0.17
  5841	-0.0167033	-0.17	0.17
  5842	-0.0769195	-0.17	0.17
  5843	-0.065292	-0.17	0.17
  5844	-0.0638055	-0.17	0.17
  5845	-0.0632051	-0.17	0.17
  5846	-0.0801636	-0.17	0.17
  5847	-0.0385663	-0.17	0.17
  5848	-0.0372529	-0.17	0.17
  5849	-0.0659839	-0.17	0.17
  5850	-0.0580394	-0.17	0.17
  5851	-0.05463	-0.17	0.17
  5852	-0.0713792	-0.17	0.17
  5853	-0.0628634	-0.17	0.17
  5854	-0.0794211	-0.17	0.17
  5855	-0.0480782	-0.17	0.17
  5856	-0.0426051	-0.17	0.17
  5857	-0.0565299	-0.17	0.17
  5858	-0.0534028	-0.17	0.17
  5859	-0.0787646	-0.17	0.17
  5860	-0.0734713	-0.17	0.17
  5861	-0.0390546	-0.17	0.17
  5862	-0.0747438	-0.17	0.17
  5863	-0.0717279	-0.17	0.17
  5864	-0.0617286	-0.17	0.17
  5865	-0.0504098	-0.17	0.17
  5866	-0.0199404	-0.17	0.17
  5867	-0.0615874	-0.17	0.17
  5868	-0.0741204	-0.17	0.17
  5869	-0.0420598	-0.17	0.17
  5870	-0.0751638	-0.17	0.17
  5871	-0.0307388	-0.17	0.17
  5872	-0.0616588	-0.17	0.17
  5873	-0.0584285	-0.17	0.17
  5874	-0.0598401	-0.17	0.17
  5875	-0.0712887	-0.17	0.17
  5876	-0.0755924	-0.17	0.17
  5877	-0.0714989	-0.17	0.17
  5878	-0.0663708	-0.17	0.17
  5879	-0.0693447	-0.17	0.17
  5880	-0.077048	-0.17	0.17
  5881	-0.0181828	-0.17	0.17
  5882	-0.0698297	-0.17	0.17
  5883	-0.0721988	-0.17	0.17
  5884	-0.0735427	-0.17	0.17
  5885	-0.0779155	-0.17	0.17
  5886	-0.0520223	-0.17	0.17
  5887	-0.0724354	-0.17	0.17
  5888	-0.0667477	-0.17	0.17
  5889	-0.0659443	-0.17	0.17
  5890	-0.0661318	-0.17	0.17
  5891	-0.021968	-0.17	0.17
  5892	-0.0525123	-0.17	0.17
  5893	-0.0776062	-0.17	0.17
  5894	-0.0671435	-0.17	0.17
  5895	-0.0636692	-0.17	0.17
  5896	-0.0600691	-0.17	0.17
  5897	-0.0808201	-0.17	0.17
  5898	-0.0786647	-0.17	0.17
  5899	-0.0430568	-0.17	0.17
  5900	-0.058729	-0.17	0.17
  5901	-0.080598	-0.17	0.17
  5902	-0.0531296	-0.17	0.17
  5903	-0.0785831	-0.17	0.17
  5904	-0.0784477	-0.17	0.17
  5905	-0.0413432	-0.17	0.17
  5906	-0.0780143	-0.17	0.17
  5907	-0.0640519	-0.17	0.17
  5908	-0.0145429	-0.17	0.17
  5909	-0.0544618	-0.17	0.17
  5910	-0.0606233	-0.17	0.17
  5911	-0.0536999	-0.17	0.17
  5912	-0.0530901	-0.17	0.17
  5913	-0.0793424	-0.17	0.17
  5914	-0.0182458	-0.17	0.17
  5915	-0.0759067	-0.17	0.17
  5916	-0.0630454	-0.17	0.17
  5917	-0.0563853	-0.17	0.17
  5918	-0.0502507	-0.17	0.17
  5919	-0.0579154	-0.17	0.17
  5920	-0.0250144	-0.17	0.17
  5921	-0.0687647	-0.17	0.17
  5922	-0.0196824	-0.17	0.17
  5923	-0.0373954	-0.17	0.17
  5924	-0.044548	-0.17	0.17
  5925	-0.0741092	-0.17	0.17
  5926	-0.0764656	-0.17	0.17
  5927	-0.0367224	-0.17	0.17
  5928	-0.0296799	-0.17	0.17
  5929	-0.0559261	-0.17	0.17
  5930	-0.0414272	-0.17	0.17
  5931	-0.0788518	-0.17	0.17
  5932	-0.0696259	-0.17	0.17
  5933	-0.0660587	-0.17	0.17
  5934	-0.0493108	-0.17	0.17
  5935	-0.0578829	-0.17	0.17
  5936	-0.0587103	-0.17	0.17
  5937	-0.0616725	-0.17	0.17
  5938	-0.044636	-0.17	0.17
  5939	-0.0806248	-0.17	0.17
  5940	-0.0318566	-0.17	0.17
  5941	-0.0566422	-0.17	0.17
  5942	-0.0762279	-0.17	0.17
  5943	-0.025558	-0.17	0.17
  5944	-0.0600393	-0.17	0.17
  5945	-0.079684	-0.17	0.17
  5946	-0.0654279	-0.17	0.17
  5947	-0.0773543	-0.17	0.17
  5948	-0.0356965	-0.17	0.17
  5949	-0.0737012	-0.17	0.17
  5950	-0.0736765	-0.17	0.17
  5951	-0.0787803	-0.17	0.17
  5952	-0.0607545	-0.17	0.17
  5953	-0.0178818	-0.17	0.17
  5954	-0.0250801	-0.17	0.17
  5955	-0.0804798	-0.17	0.17
  5956	-0.0445328	-0.17	0.17
  5957	-0.043472	-0.17	0.17
  5958	-0.0775629	-0.17	0.17
  5959	-0.0696845	-0.17	0.17
  5960	-0.0584505	-0.17	0.17
  5961	-0.0610645	-0.17	0.17
  5962	-0.0753377	-0.17	0.17
  5963	-0.0282216	-0.17	0.17
  5964	-0.0147048	-0.17	0.17
  5965	-0.0485722	-0.17	0.17
  5966	-0.0190697	-0.17	0.17
  5967	-0.0681601	-0.17	0.17
  5968	-0.0773107	-0.17	0.17
  5969	-0.0133527	-0.17	0.17
  5970	-0.0353048	-0.17	0.17
  5971	-0.0578067	-0.17	0.17
  5972	-0.0191201	-0.17	0.17
  5973	-0.0791014	-0.17	0.17
  5974	-0.0630711	-0.17	0.17
  5975	-0.0305134	-0.17	0.17
  5976	-0.0561183	-0.17	0.17
  5977	-0.0762944	-0.17	0.17
  5978	-0.0717431	-0.17	0.17
  5979	-0.0581545	-0.17	0.17
  5980	-0.0519336	-0.17	0.17
  5981	-0.0784244	-0.17	0.17
  5982	-0.0288479	-0.17	0.17
  5983	-0.0613706	-0.17	0.17
  5984	-0.0759799	-0.17	0.17
  5985	-0.0628527	-0.17	0.17
  5986	-0.0476118	-0.17	0.17
  5987	-0.0455658	-0.17	0.17
  5988	-0.0174232	-0.17	0.17
  5989	-0.0243759	-0.17	0.17
  5990	-0.0788334	-0.17	0.17
  5991	-0.0465673	-0.17	0.17
  5992	-0.0310592	-0.17	0.17
  5993	-0.0535382	-0.17	0.17
  5994	-0.0672338	-0.17	0.17
  5995	-0.0729731	-0.17	0.17
  5996	-0.0678579	-0.17	0.17
  5997	-0.0232169	-0.17	0.17
  5998	-0.035016	-0.17	0.17
  5999	-0.0527319	-0.17	0.17
  6000	-0.0575394	-0.17	0.17
  6001	-0.0596257	-0.17	0.17
  6002	-0.0281142	-0.17	0.17
  6003	-0.0299476	-0.17	0.17
  6004	-0.055879	-0.17	0.17
  6005	-0.0673463	-0.17	0.17
  6006	-0.0660442	-0.17	0.17
  6007	-0.0534729	-0.17	0.17
  6008	-0.0435739	-0.17	0.17
  6009	-0.0249633	-0.17	0.17
  6010	-0.0754963	-0.17	0.17
  6011	-0.0639398	-0.17	0.17
  6012	-0.0642512	-0.17	0.17
  6013	-0.0615423	-0.17	0.17
  6014	-0.0630834	-0.17	0.17
  6015	-0.0780658	-0.17	0.17
  6016	-0.0628591	-0.17	0.17
  6017	-0.0777986	-0.17	0.17
  6018	-0.0630451	-0.17	0.17
  6019	-0.0722163	-0.17	0.17
  6020	-0.0633137	-0.17	0.17
  6021	-0.0549162	-0.17	0.17
  6022	-0.0710372	-0.17	0.17
  6023	-0.0489932	-0.17	0.17
  6024	-0.0589738	-0.17	0.17
  6025	-0.0753219	-0.17	0.17
  6026	-0.0786391	-0.17	0.17
  6027	-0.0779909	-0.17	0.17
  6028	-0.0194165	-0.17	0.17
  6029	-0.0476193	-0.17	0.17
  6030	-0.0782306	-0.17	0.17
  6031	-0.0417615	-0.17	0.17
  6032	-0.0718736	-0.17	0.17
  6033	-0.0769269	-0.17	0.17
  6034	-0.07932	-0.17	0.17
  6035	-0.0749337	-0.17	0.17
  6036	-0.0712053	-0.17	0.17
  6037	-0.0788795	-0.17	0.17
  6038	-0.052731	-0.17	0.17
  6039	-0.067177	-0.17	0.17
  6040	-0.0526614	-0.17	0.17
  6041	-0.0390191	-0.17	0.17
  6042	-0.0544395	-0.17	0.17
  6043	-0.0735786	-0.17	0.17
  6044	-0.0460411	-0.17	0.17
  6045	-0.0732025	-0.17	0.17
  6046	-0.0212091	-0.17	0.17
  6047	-0.0802374	-0.17	0.17
  6048	-0.0282869	-0.17	0.17
  6049	-0.076917	-0.17	0.17
  6050	-0.0287018	-0.17	0.17
  6051	-0.0643022	-0.17	0.17
  6052	-0.069784	-0.17	0.17
  6053	-0.0587494	-0.17	0.17
  6054	-0.0685629	-0.17	0.17
  6055	-0.0804826	-0.17	0.17
  6056	-0.0674021	-0.17	0.17
  6057	-0.0514998	-0.17	0.17
  6058	-0.0767999	-0.17	0.17
  6059	-0.0706658	-0.17	0.17
  6060	-0.076144	-0.17	0.17
  6061	-0.0335886	-0.17	0.17
  6062	-0.05294	-0.17	0.17
  6063	-0.0539741	-0.17	0.17
  6064	-0.0497728	-0.17	0.17
  6065	-0.068238	-0.17	0.17
  6066	-0.0726021	-0.17	0.17
  6067	-0.0608039	-0.17	0.17
  6068	-0.049372	-0.17	0.17
  6069	-0.0464475	-0.17	0.17
  6070	-0.0514935	-0.17	0.17
  6071	-0.0667644	-0.17	0.17
  6072	-0.0797341	-0.17	0.17
  6073	-0.0374493	-0.17	0.17
  6074	-0.0779425	-0.17	0.17
  6075	-0.0490602	-0.17	0.17
  6076	-0.0656797	-0.17	0.17
  6077	-0.0610761	-0.17	0.17
  6078	-0.0504116	-0.17	0.17
  6079	-0.0589678	-0.17	0.17
  6080	-0.0670217	-0.17	0.17
  6081	-0.0615869	-0.17	0.17
  6082	-0.0744021	-0.17	0.17
  6083	-0.0612773	-0.17	0.17
  6084	-0.0138074	-0.17	0.17
  6085	-0.0790292	-0.17	0.17
  6086	-0.0461386	-0.17	0.17
  6087	-0.0704733	-0.17	0.17
  6088	-0.0721517	-0.17	0.17
  6089	-0.0585161	-0.17	0.17
  6090	-0.0668421	-0.17	0.17
  6091	-0.0496652	-0.17	0.17
  6092	-0.0776214	-0.17	0.17
  6093	-0.0493198	-0.17	0.17
  6094	-0.0503743	-0.17	0.17
  6095	-0.0550219	-0.17	0.17
  6096	-0.0407629	-0.17	0.17
  6097	-0.0456751	-0.17	0.17
  6098	-0.0779424	-0.17	0.17
  6099	-0.0190839	-0.17	0.17
  6100	-0.0791523	-0.17	0.17
  6101	-0.071906	-0.17	0.17
  6102	-0.0675366	-0.17	0.17
  6103	-0.0463317	-0.17	0.17
  6104	-0.0402424	-0.17	0.17
  6105	-0.0701749	-0.17	0.17
  6106	-0.0505344	-0.17	0.17
  6107	-0.0587747	-0.17	0.17
  6108	-0.059058	-0.17	0.17
  6109	-0.0552046	-0.17	0.17
  6110	-0.047392	-0.17	0.17
  6111	-0.0799414	-0.17	0.17
  6112	-0.0178207	-0.17	0.17
  6113	-0.0682634	-0.17	0.17
  6114	-0.0330111	-0.17	0.17
  6115	-0.075414	-0.17	0.17
  6116	-0.0553003	-0.17	0.17
  6117	-0.0365659	-0.17	0.17
  6118	-0.0676932	-0.17	0.17
  6119	-0.0788709	-0.17	0.17
  6120	-0.060084	-0.17	0.17
  6121	-0.0226865	-0.17	0.17
  6122	-0.0805224	-0.17	0.17
  6123	-0.0703228	-0.17	0.17
  6124	-0.0489696	-0.17	0.17
  6125	-0.0542528	-0.17	0.17
  6126	-0.0575411	-0.17	0.17
  6127	-0.0586551	-0.17	0.17
  6128	-0.0798164	-0.17	0.17
  6129	-0.0336964	-0.17	0.17
  6130	-0.0284544	-0.17	0.17
  6131	-0.0611304	-0.17	0.17
  6132	-0.0750475	-0.17	0.17
  6133	-0.0254001	-0.17	0.17
  6134	-0.0614559	-0.17	0.17
  6135	-0.0557074	-0.17	0.17
  6136	-0.0786036	-0.17	0.17
  6137	-0.0721355	-0.17	0.17
  6138	-0.0288236	-0.17	0.17
  6139	-0.041555	-0.17	0.17
  6140	-0.0592423	-0.17	0.17
  6141	-0.0761903	-0.17	0.17
  6142	-0.0632875	-0.17	0.17
  6143	-0.078115	-0.17	0.17
  6144	-0.0528518	-0.17	0.17
  6145	-0.0791463	-0.17	0.17
  6146	-0.0418023	-0.17	0.17
  6147	-0.051585	-0.17	0.17
  6148	-0.0708507	-0.17	0.17
  6149	-0.0677464	-0.17	0.17
  6150	-0.0563513	-0.17	0.17
  6151	-0.0805872	-0.17	0.17
  6152	-0.0607004	-0.17	0.17
  6153	-0.0457539	-0.17	0.17
  6154	-0.079583	-0.17	0.17
  6155	-0.0574371	-0.17	0.17
  6156	-0.0592696	-0.17	0.17
  6157	-0.0737272	-0.17	0.17
  6158	-0.0210285	-0.17	0.17
  6159	-0.0181475	-0.17	0.17
  6160	-0.0797875	-0.17	0.17
  6161	-0.0773494	-0.17	0.17
  6162	-0.0708189	-0.17	0.17
  6163	-0.0578111	-0.17	0.17
  6164	-0.0309804	-0.17	0.17
  6165	-0.0616553	-0.17	0.17
  6166	-0.0355664	-0.17	0.17
  6167	-0.0686838	-0.17	0.17
  6168	-0.0798211	-0.17	0.17
  6169	-0.0462775	-0.17	0.17
  6170	-0.0428114	-0.17	0.17
  6171	-0.0298463	-0.17	0.17
  6172	-0.0551058	-0.17	0.17
  6173	-0.0257339	-0.17	0.17
  6174	-0.0808324	-0.17	0.17
  6175	-0.0389394	-0.17	0.17
  6176	-0.0639435	-0.17	0.17
  6177	-0.0675965	-0.17	0.17
  6178	-0.0794184	-0.17	0.17
  6179	-0.036884	-0.17	0.17
  6180	-0.0443372	-0.17	0.17
  6181	-0.0775426	-0.17	0.17
  6182	-0.0523407	-0.17	0.17
  6183	-0.0620764	-0.17	0.17
  6184	-0.0700325	-0.17	0.17
  6185	-0.0691724	-0.17	0.17
  6186	-0.0694819	-0.17	0.17
  6187	-0.0572786	-0.17	0.17
  6188	-0.053864	-0.17	0.17
  6189	-0.0477734	-0.17	0.17
  6190	-0.0777501	-0.17	0.17
  6191	-0.0312647	-0.17	0.17
  6192	-0.065658	-0.17	0.17
  6193	-0.0754324	-0.17	0.17
  6194	-0.040429	-0.17	0.17
  6195	-0.0748676	-0.17	0.17
  6196	-0.0674195	-0.17	0.17
  6197	-0.0509554	-0.17	0.17
  6198	-0.040488	-0.17	0.17
  6199	-0.0547004	-0.17	0.17
  6200	-0.0785556	-0.17	0.17
  6201	-0.0737835	-0.17	0.17
  6202	-0.05109	-0.17	0.17
  6203	-0.0713652	-0.17	0.17
  6204	-0.0690545	-0.17	0.17
  6205	-0.0624045	-0.17	0.17
  6206	-0.0366184	-0.17	0.17
  6207	-0.0396528	-0.17	0.17
  6208	-0.0182682	-0.17	0.17
  6209	-0.0775433	-0.17	0.17
  6210	-0.0787734	-0.17	0.17
  6211	-0.071301	-0.17	0.17
  6212	-0.0462957	-0.17	0.17
  6213	-0.0585388	-0.17	0.17
  6214	-0.0771068	-0.17	0.17
  6215	-0.0630283	-0.17	0.17
  6216	-0.0685642	-0.17	0.17
  6217	-0.0602405	-0.17	0.17
  6218	-0.0474152	-0.17	0.17
  6219	-0.0687526	-0.17	0.17
  6220	-0.0664632	-0.17	0.17
  6221	-0.0409121	-0.17	0.17
  6222	-0.0551588	-0.17	0.17
  6223	-0.0542646	-0.17	0.17
  6224	-0.0765462	-0.17	0.17
  6225	-0.0752869	-0.17	0.17
  6226	-0.0707816	-0.17	0.17
  6227	-0.0625675	-0.17	0.17
  6228	-0.0739379	-0.17	0.17
  6229	-0.0420129	-0.17	0.17
  6230	-0.0146416	-0.17	0.17
  6231	-0.0794363	-0.17	0.17
  6232	-0.0693785	-0.17	0.17
  6233	-0.0197626	-0.17	0.17
  6234	-0.0743481	-0.17	0.17
  6235	-0.0478379	-0.17	0.17
  6236	-0.0338707	-0.17	0.17
  6237	-0.0675157	-0.17	0.17
  6238	-0.0648288	-0.17	0.17
  6239	-0.0744272	-0.17	0.17
  6240	-0.0496118	-0.17	0.17
  6241	-0.0804178	-0.17	0.17
  6242	-0.0477688	-0.17	0.17
  6243	-0.015837	-0.17	0.17
  6244	-0.0282709	-0.17	0.17
  6245	-0.0681247	-0.17	0.17
  6246	-0.0429435	-0.17	0.17
  6247	-0.0384746	-0.17	0.17
  6248	-0.0574091	-0.17	0.17
  6249	-0.0376353	-0.17	0.17
  6250	-0.0150881	-0.17	0.17
  6251	-0.0176443	-0.17	0.17
  6252	-0.0717332	-0.17	0.17
  6253	-0.0213751	-0.17	0.17
  6254	-0.0509918	-0.17	0.17
  6255	-0.0404647	-0.17	0.17
  6256	-0.0764229	-0.17	0.17
  6257	-0.0699949	-0.17	0.17
  6258	-0.0495922	-0.17	0.17
  6259	-0.0585088	-0.17	0.17
  6260	-0.0707599	-0.17	0.17
  6261	-0.0776931	-0.17	0.17
  6262	-0.0561312	-0.17	0.17
  6263	-0.0791507	-0.17	0.17
  6264	-0.0792417	-0.17	0.17
  6265	-0.0537794	-0.17	0.17
  6266	-0.0701235	-0.17	0.17
  6267	-0.0529379	-0.17	0.17
  6268	-0.0489439	-0.17	0.17
  6269	-0.060175	-0.17	0.17
  6270	-0.0671162	-0.17	0.17
  6271	-0.0321306	-0.17	0.17
  6272	-0.0797648	-0.17	0.17
  6273	-0.0638172	-0.17	0.17
  6274	-0.0800303	-0.17	0.17
  6275	-0.0732302	-0.17	0.17
  6276	-0.0417342	-0.17	0.17
  6277	-0.0804328	-0.17	0.17
  6278	-0.0801042	-0.17	0.17
  6279	-0.0701627	-0.17	0.17
  6280	-0.0566395	-0.17	0.17
  6281	-0.0496121	-0.17	0.17
  6282	-0.0571543	-0.17	0.17
  6283	-0.0664069	-0.17	0.17
  6284	-0.0435869	-0.17	0.17
  6285	-0.0568822	-0.17	0.17
  6286	-0.0351433	-0.17	0.17
  6287	-0.0718977	-0.17	0.17
  6288	-0.0770706	-0.17	0.17
  6289	-0.0725526	-0.17	0.17
  6290	-0.0495988	-0.17	0.17
  6291	-0.0525804	-0.17	0.17
  6292	-0.0764697	-0.17	0.17
  6293	-0.0741569	-0.17	0.17
  6294	-0.0435889	-0.17	0.17
  6295	-0.0421033	-0.17	0.17
  6296	-0.0723462	-0.17	0.17
  6297	-0.0752221	-0.17	0.17
  6298	-0.048409	-0.17	0.17
  6299	-0.0640202	-0.17	0.17
  6300	-0.078445	-0.17	0.17
  6301	-0.0517285	-0.17	0.17
  6302	-0.0532946	-0.17	0.17
  6303	-0.0410275	-0.17	0.17
  6304	-0.0210628	-0.17	0.17
  6305	-0.0491696	-0.17	0.17
  6306	-0.0732867	-0.17	0.17
  6307	-0.059412	-0.17	0.17
  6308	-0.0359384	-0.17	0.17
  6309	-0.0648517	-0.17	0.17
  6310	-0.0733196	-0.17	0.17
  6311	-0.0721858	-0.17	0.17
  6312	-0.0598755	-0.17	0.17
  6313	-0.0787952	-0.17	0.17
  6314	-0.077492	-0.17	0.17
  6315	-0.0496925	-0.17	0.17
  6316	-0.0641748	-0.17	0.17
  6317	-0.0607356	-0.17	0.17
  6318	-0.0543922	-0.17	0.17
  6319	-0.0712051	-0.17	0.17
  6320	-0.0759199	-0.17	0.17
  6321	-0.0346876	-0.17	0.17
  6322	-0.0753323	-0.17	0.17
  6323	-0.0323231	-0.17	0.17
  6324	-0.0675147	-0.17	0.17
  6325	-0.0781371	-0.17	0.17
  6326	-0.0502534	-0.17	0.17
  6327	-0.0559802	-0.17	0.17
  6328	-0.0493363	-0.17	0.17
  6329	-0.0406411	-0.17	0.17
  6330	-0.049483	-0.17	0.17
  6331	-0.0776551	-0.17	0.17
  6332	-0.0346813	-0.17	0.17
  6333	-0.0446278	-0.17	0.17
  6334	-0.0741182	-0.17	0.17
  6335	-0.0688791	-0.17	0.17
  6336	-0.0612666	-0.17	0.17
  6337	-0.0608153	-0.17	0.17
  6338	-0.0550688	-0.17	0.17
  6339	-0.043197	-0.17	0.17
  6340	-0.076779	-0.17	0.17
  6341	-0.016612	-0.17	0.17
  6342	-0.0474504	-0.17	0.17
  6343	-0.0519951	-0.17	0.17
  6344	-0.0493136	-0.17	0.17
  6345	-0.0495921	-0.17	0.17
  6346	-0.0603047	-0.17	0.17
  6347	-0.0221991	-0.17	0.17
  6348	-0.0656118	-0.17	0.17
  6349	-0.0132146	-0.17	0.17
  6350	-0.0284026	-0.17	0.17
  6351	-0.0509633	-0.17	0.17
  6352	-0.0129951	-0.17	0.17
  6353	-0.0635082	-0.17	0.17
  6354	-0.0595864	-0.17	0.17
  6355	-0.0790753	-0.17	0.17
  6356	-0.0565068	-0.17	0.17
  6357	-0.0548912	-0.17	0.17
  6358	-0.0368502	-0.17	0.17
  6359	-0.0643462	-0.17	0.17
  6360	-0.0525186	-0.17	0.17
  6361	-0.0763474	-0.17	0.17
  6362	-0.049587	-0.17	0.17
  6363	-0.024218	-0.17	0.17
  6364	-0.0542467	-0.17	0.17
  6365	-0.0305837	-0.17	0.17
  6366	-0.0645307	-0.17	0.17
  6367	-0.0787843	-0.17	0.17
  6368	-0.0461487	-0.17	0.17
  6369	-0.073771	-0.17	0.17
  6370	-0.0687776	-0.17	0.17
  6371	-0.0669616	-0.17	0.17
  6372	-0.0762979	-0.17	0.17
  6373	-0.0354555	-0.17	0.17
  6374	-0.0660345	-0.17	0.17
  6375	-0.0454307	-0.17	0.17
  6376	-0.0476527	-0.17	0.17
  6377	-0.0802674	-0.17	0.17
  6378	-0.0666566	-0.17	0.17
  6379	-0.0736971	-0.17	0.17
  6380	-0.0255847	-0.17	0.17
  6381	-0.0759753	-0.17	0.17
  6382	-0.0128352	-0.17	0.17
  6383	-0.0791751	-0.17	0.17
  6384	-0.0734964	-0.17	0.17
  6385	-0.0526888	-0.17	0.17
  6386	-0.0654955	-0.17	0.17
  6387	-0.0686735	-0.17	0.17
  6388	-0.0692596	-0.17	0.17
  6389	-0.0751518	-0.17	0.17
  6390	-0.0796674	-0.17	0.17
  6391	-0.0614119	-0.17	0.17
  6392	-0.0416507	-0.17	0.17
  6393	-0.0224392	-0.17	0.17
  6394	-0.0744127	-0.17	0.17
  6395	-0.0190534	-0.17	0.17
  6396	-0.0365043	-0.17	0.17
  6397	-0.0792197	-0.17	0.17
  6398	-0.0535737	-0.17	0.17
  6399	-0.0246207	-0.17	0.17
  6400	-0.0518219	-0.17	0.17
  6401	-0.0439269	-0.17	0.17
  6402	-0.0608319	-0.17	0.17
  6403	-0.0783304	-0.17	0.17
  6404	-0.0675647	-0.17	0.17
  6405	-0.0557768	-0.17	0.17
  6406	-0.0746716	-0.17	0.17
  6407	-0.0770473	-0.17	0.17
  6408	-0.061873	-0.17	0.17
  6409	-0.0467254	-0.17	0.17
  6410	-0.0616925	-0.17	0.17
  6411	-0.0519878	-0.17	0.17
  6412	-0.0740477	-0.17	0.17
  6413	-0.0487482	-0.17	0.17
  6414	-0.0547302	-0.17	0.17
  6415	-0.0686059	-0.17	0.17
  6416	-0.0487867	-0.17	0.17
  6417	-0.0701517	-0.17	0.17
  6418	-0.0407071	-0.17	0.17
  6419	-0.0718449	-0.17	0.17
  6420	-0.0614081	-0.17	0.17
  6421	-0.0622179	-0.17	0.17
  6422	-0.0793245	-0.17	0.17
  6423	-0.0794389	-0.17	0.17
  6424	-0.0676483	-0.17	0.17
  6425	-0.0699391	-0.17	0.17
  6426	-0.0306295	-0.17	0.17
  6427	-0.0559885	-0.17	0.17
  6428	-0.0711383	-0.17	0.17
  6429	-0.0247414	-0.17	0.17
  6430	-0.0157872	-0.17	0.17
  6431	-0.073014	-0.17	0.17
  6432	-0.0678038	-0.17	0.17
  6433	-0.0635546	-0.17	0.17
  6434	-0.0540306	-0.17	0.17
  6435	-0.0381475	-0.17	0.17
  6436	-0.0703112	-0.17	0.17
  6437	-0.041081	-0.17	0.17
  6438	-0.0289055	-0.17	0.17
  6439	-0.0804764	-0.17	0.17
  6440	-0.0362302	-0.17	0.17
  6441	-0.071268	-0.17	0.17
  6442	-0.080909	-0.17	0.17
  6443	-0.0745874	-0.17	0.17
  6444	-0.0371742	-0.17	0.17
  6445	-0.0566543	-0.17	0.17
  6446	-0.0140926	-0.17	0.17
  6447	-0.0585612	-0.17	0.17
  6448	-0.080077	-0.17	0.17
  6449	-0.0546991	-0.17	0.17
  6450	-0.054874	-0.17	0.17
  6451	-0.0797643	-0.17	0.17
  6452	-0.0443848	-0.17	0.17
  6453	-0.066864	-0.17	0.17
  6454	-0.0701939	-0.17	0.17
  6455	-0.0279636	-0.17	0.17
  6456	-0.024628	-0.17	0.17
  6457	-0.0558057	-0.17	0.17
  6458	-0.0798374	-0.17	0.17
  6459	-0.0417406	-0.17	0.17
  6460	-0.0132511	-0.17	0.17
  6461	-0.0443263	-0.17	0.17
  6462	-0.0797	-0.17	0.17
  6463	-0.0234131	-0.17	0.17
  6464	-0.0781002	-0.17	0.17
  6465	-0.0398396	-0.17	0.17
  6466	-0.0568382	-0.17	0.17
  6467	-0.052932	-0.17	0.17
  6468	-0.0719268	-0.17	0.17
  6469	-0.0259574	-0.17	0.17
  6470	-0.0526438	-0.17	0.17
  6471	-0.0546588	-0.17	0.17
  6472	-0.0172379	-0.17	0.17
  6473	-0.0606451	-0.17	0.17
  6474	-0.0640778	-0.17	0.17
  6475	-0.057253	-0.17	0.17
  6476	-0.0782729	-0.17	0.17
  6477	-0.0719854	-0.17	0.17
  6478	-0.0253915	-0.17	0.17
  6479	-0.0506129	-0.17	0.17
  6480	-0.0364476	-0.17	0.17
  6481	-0.0516699	-0.17	0.17
  6482	-0.0345259	-0.17	0.17
  6483	-0.0277313	-0.17	0.17
  6484	-0.0461813	-0.17	0.17
  6485	-0.0718817	-0.17	0.17
  6486	-0.049827	-0.17	0.17
  6487	-0.0651994	-0.17	0.17
  6488	-0.0790345	-0.17	0.17
  6489	-0.017055	-0.17	0.17
  6490	-0.0723915	-0.17	0.17
  6491	-0.0750426	-0.17	0.17
  6492	-0.0804748	-0.17	0.17
  6493	-0.0777027	-0.17	0.17
  6494	-0.0602095	-0.17	0.17
  6495	-0.0772193	-0.17	0.17
  6496	-0.0794682	-0.17	0.17
  6497	-0.0281315	-0.17	0.17
  6498	-0.0668412	-0.17	0.17
  6499	-0.0444379	-0.17	0.17
  6500	-0.0451843	-0.17	0.17
  6501	-0.0519201	-0.17	0.17
  6502	-0.0310131	-0.17	0.17
  6503	-0.0721225	-0.17	0.17
  6504	-0.0769687	-0.17	0.17
  6505	-0.0806724	-0.17	0.17
  6506	-0.0538476	-0.17	0.17
  6507	-0.0412312	-0.17	0.17
  6508	-0.0803625	-0.17	0.17
  6509	-0.0169237	-0.17	0.17
  6510	-0.0801182	-0.17	0.17
  6511	-0.0729556	-0.17	0.17
  6512	-0.0619109	-0.17	0.17
  6513	-0.0450284	-0.17	0.17
  6514	-0.0784658	-0.17	0.17
  6515	-0.0444991	-0.17	0.17
  6516	-0.067033	-0.17	0.17
  6517	-0.0641897	-0.17	0.17
  6518	-0.0509074	-0.17	0.17
  6519	-0.0738032	-0.17	0.17
  6520	-0.0770606	-0.17	0.17
  6521	-0.0528408	-0.17	0.17
  6522	-0.0799778	-0.17	0.17
  6523	-0.0678346	-0.17	0.17
  6524	-0.0550337	-0.17	0.17
  6525	-0.0731264	-0.17	0.17
  6526	-0.0729952	-0.17	0.17
  6527	-0.0497472	-0.17	0.17
  6528	-0.0407875	-0.17	0.17
  6529	-0.0141537	-0.17	0.17
  6530	-0.0665197	-0.17	0.17
  6531	-0.0558871	-0.17	0.17
  6532	-0.04249	-0.17	0.17
  6533	-0.0660796	-0.17	0.17
  6534	-0.0744626	-0.17	0.17
  6535	-0.0522043	-0.17	0.17
  6536	-0.0723598	-0.17	0.17
  6537	-0.0534345	-0.17	0.17
  6538	-0.0489106	-0.17	0.17
  6539	-0.0784817	-0.17	0.17
  6540	-0.0783539	-0.17	0.17
  6541	-0.0664584	-0.17	0.17
  6542	-0.0456149	-0.17	0.17
  6543	-0.071241	-0.17	0.17
  6544	-0.0805989	-0.17	0.17
  6545	-0.0566177	-0.17	0.17
  6546	-0.0512271	-0.17	0.17
  6547	-0.0809068	-0.17	0.17
  6548	-0.0746562	-0.17	0.17
  6549	-0.0785389	-0.17	0.17
  6550	-0.0683585	-0.17	0.17
  6551	-0.0590956	-0.17	0.17
  6552	-0.0129243	-0.17	0.17
  6553	-0.0770652	-0.17	0.17
  6554	-0.0468518	-0.17	0.17
  6555	-0.0175661	-0.17	0.17
  6556	-0.0440268	-0.17	0.17
  6557	-0.0741374	-0.17	0.17
  6558	-0.0614401	-0.17	0.17
  6559	-0.0381594	-0.17	0.17
  6560	-0.0794315	-0.17	0.17
  6561	-0.0301506	-0.17	0.17
  6562	-0.0552604	-0.17	0.17
  6563	-0.0762949	-0.17	0.17
  6564	-0.0795864	-0.17	0.17
  6565	-0.0748954	-0.17	0.17
  6566	-0.0622547	-0.17	0.17
  6567	-0.0746209	-0.17	0.17
  6568	-0.0708629	-0.17	0.17
  6569	-0.0621771	-0.17	0.17
  6570	-0.0799546	-0.17	0.17
  6571	-0.063091	-0.17	0.17
  6572	-0.0604082	-0.17	0.17
  6573	-0.078861	-0.17	0.17
  6574	-0.0635206	-0.17	0.17
  6575	-0.0608599	-0.17	0.17
  6576	-0.0699574	-0.17	0.17
  6577	-0.0784823	-0.17	0.17
  6578	-0.0350893	-0.17	0.17
  6579	-0.026132	-0.17	0.17
  6580	-0.0782107	-0.17	0.17
  6581	-0.0770951	-0.17	0.17
  6582	-0.0750638	-0.17	0.17
  6583	-0.0743203	-0.17	0.17
  6584	-0.079085	-0.17	0.17
  6585	-0.0698223	-0.17	0.17
  6586	-0.0577905	-0.17	0.17
  6587	-0.0718236	-0.17	0.17
  6588	-0.0733414	-0.17	0.17
  6589	-0.0336827	-0.17	0.17
  6590	-0.0797223	-0.17	0.17
  6591	-0.0785561	-0.17	0.17
  6592	-0.0536398	-0.17	0.17
  6593	-0.0495619	-0.17	0.17
  6594	-0.074851	-0.17	0.17
  6595	-0.0600345	-0.17	0.17
  6596	-0.0552395	-0.17	0.17
  6597	-0.0779845	-0.17	0.17
  6598	-0.0584688	-0.17	0.17
  6599	-0.050386	-0.17	0.17
  6600	-0.0574455	-0.17	0.17
  6601	-0.0680271	-0.17	0.17
  6602	-0.0653188	-0.17	0.17
  6603	-0.0584925	-0.17	0.17
  6604	-0.0190164	-0.17	0.17
  6605	-0.0239271	-0.17	0.17
  6606	-0.0770935	-0.17	0.17
  6607	-0.0588378	-0.17	0.17
  6608	-0.079344	-0.17	0.17
  6609	-0.0775009	-0.17	0.17
  6610	-0.0612328	-0.17	0.17
  6611	-0.0491818	-0.17	0.17
  6612	-0.0371482	-0.17	0.17
  6613	-0.0758654	-0.17	0.17
  6614	-0.0624223	-0.17	0.17
  6615	-0.0774699	-0.17	0.17
  6616	-0.0169825	-0.17	0.17
  6617	-0.0642775	-0.17	0.17
  6618	-0.0766247	-0.17	0.17
  6619	-0.0792417	-0.17	0.17
  6620	-0.0553483	-0.17	0.17
  6621	-0.0438269	-0.17	0.17
  6622	-0.04959	-0.17	0.17
  6623	-0.066047	-0.17	0.17
  6624	-0.0480223	-0.17	0.17
  6625	-0.019566	-0.17	0.17
  6626	-0.0743185	-0.17	0.17
  6627	-0.0779377	-0.17	0.17
  6628	-0.0367244	-0.17	0.17
  6629	-0.0266699	-0.17	0.17
  6630	-0.073655	-0.17	0.17
  6631	-0.069468	-0.17	0.17
  6632	-0.0767522	-0.17	0.17
  6633	-0.0365953	-0.17	0.17
  6634	-0.0785161	-0.17	0.17
  6635	-0.0733794	-0.17	0.17
  6636	-0.0770855	-0.17	0.17
  6637	-0.0275576	-0.17	0.17
  6638	-0.0712424	-0.17	0.17
  6639	-0.0736832	-0.17	0.17
  6640	-0.0559871	-0.17	0.17
  6641	-0.0793309	-0.17	0.17
  6642	-0.076858	-0.17	0.17
  6643	-0.0765566	-0.17	0.17
  6644	-0.0692437	-0.17	0.17
  6645	-0.0666464	-0.17	0.17
  6646	-0.0687002	-0.17	0.17
  6647	-0.073821	-0.17	0.17
  6648	-0.0754162	-0.17	0.17
  6649	-0.0467999	-0.17	0.17
  6650	-0.077594	-0.17	0.17
  6651	-0.0287647	-0.17	0.17
  6652	-0.0358223	-0.17	0.17
  6653	-0.0423034	-0.17	0.17
  6654	-0.0617366	-0.17	0.17
  6655	-0.0667976	-0.17	0.17
  6656	-0.0806485	-0.17	0.17
  6657	-0.0531752	-0.17	0.17
  6658	-0.0709182	-0.17	0.17
  6659	-0.0667673	-0.17	0.17
  6660	-0.0662696	-0.17	0.17
  6661	-0.0687892	-0.17	0.17
  6662	-0.0523369	-0.17	0.17
  6663	-0.076906	-0.17	0.17
  6664	-0.0616431	-0.17	0.17
  6665	-0.0764108	-0.17	0.17
  6666	-0.076394	-0.17	0.17
  6667	-0.0445061	-0.17	0.17
  6668	-0.0690804	-0.17	0.17
  6669	-0.0557463	-0.17	0.17
  6670	-0.0707586	-0.17	0.17
  6671	-0.0362992	-0.17	0.17
  6672	-0.0622934	-0.17	0.17
  6673	-0.04079	-0.17	0.17
  6674	-0.057614	-0.17	0.17
  6675	-0.0655343	-0.17	0.17
  6676	-0.0259215	-0.17	0.17
  6677	-0.0673483	-0.17	0.17
  6678	-0.0800657	-0.17	0.17
  6679	-0.0471323	-0.17	0.17
  6680	-0.049989	-0.17	0.17
  6681	-0.0644623	-0.17	0.17
  6682	-0.0197484	-0.17	0.17
  6683	-0.0460159	-0.17	0.17
  6684	-0.0722564	-0.17	0.17
  6685	-0.0390146	-0.17	0.17
  6686	-0.0712795	-0.17	0.17
  6687	-0.071653	-0.17	0.17
  6688	-0.0783131	-0.17	0.17
  6689	-0.0556672	-0.17	0.17
  6690	-0.0612714	-0.17	0.17
  6691	-0.0788788	-0.17	0.17
  6692	-0.0574796	-0.17	0.17
  6693	-0.0564634	-0.17	0.17
  6694	-0.0486598	-0.17	0.17
  6695	-0.0679489	-0.17	0.17
  6696	-0.0131536	-0.17	0.17
  6697	-0.0525859	-0.17	0.17
  6698	-0.051322	-0.17	0.17
  6699	-0.0748183	-0.17	0.17
  6700	-0.0624321	-0.17	0.17
  6701	-0.0304671	-0.17	0.17
  6702	-0.0753882	-0.17	0.17
  6703	-0.0629962	-0.17	0.17
  6704	-0.0779938	-0.17	0.17
  6705	-0.0552332	-0.17	0.17
  6706	-0.0629303	-0.17	0.17
  6707	-0.0779481	-0.17	0.17
  6708	-0.0709102	-0.17	0.17
  6709	-0.0780304	-0.17	0.17
  6710	-0.0792758	-0.17	0.17
  6711	-0.0360096	-0.17	0.17
  6712	-0.0664916	-0.17	0.17
  6713	-0.0138979	-0.17	0.17
  6714	-0.0454307	-0.17	0.17
  6715	-0.0615573	-0.17	0.17
  6716	-0.0510233	-0.17	0.17
  6717	-0.0368037	-0.17	0.17
  6718	-0.0742222	-0.17	0.17
  6719	-0.0601001	-0.17	0.17
  6720	-0.0505494	-0.17	0.17
  6721	-0.0763751	-0.17	0.17
  6722	-0.0446099	-0.17	0.17
  6723	-0.0588449	-0.17	0.17
  6724	-0.0369946	-0.17	0.17
  6725	-0.0570958	-0.17	0.17
  6726	-0.0574009	-0.17	0.17
  6727	-0.074324	-0.17	0.17
  6728	-0.0458888	-0.17	0.17
  6729	-0.0763556	-0.17	0.17
  6730	-0.0493535	-0.17	0.17
  6731	-0.0657947	-0.17	0.17
  6732	-0.0481769	-0.17	0.17
  6733	-0.0682877	-0.17	0.17
  6734	-0.0210996	-0.17	0.17
  6735	-0.0633907	-0.17	0.17
  6736	-0.0782574	-0.17	0.17
  6737	-0.0202409	-0.17	0.17
  6738	-0.0627161	-0.17	0.17
  6739	-0.0559962	-0.17	0.17
  6740	-0.0667205	-0.17	0.17
  6741	-0.0807009	-0.17	0.17
  6742	-0.0798544	-0.17	0.17
  6743	-0.0549519	-0.17	0.17
  6744	-0.0203614	-0.17	0.17
  6745	-0.0455412	-0.17	0.17
  6746	-0.0673962	-0.17	0.17
  6747	-0.0615685	-0.17	0.17
  6748	-0.0721617	-0.17	0.17
  6749	-0.0541818	-0.17	0.17
  6750	-0.0539728	-0.17	0.17
  6751	-0.0616597	-0.17	0.17
  6752	-0.0459803	-0.17	0.17
  6753	-0.0586029	-0.17	0.17
  6754	-0.0618331	-0.17	0.17
  6755	-0.047209	-0.17	0.17
  6756	-0.0789677	-0.17	0.17
  6757	-0.0706838	-0.17	0.17
  6758	-0.0714225	-0.17	0.17
  6759	-0.0400688	-0.17	0.17
  6760	-0.0446908	-0.17	0.17
  6761	-0.0394521	-0.17	0.17
  6762	-0.0158781	-0.17	0.17
  6763	-0.0647851	-0.17	0.17
  6764	-0.0556517	-0.17	0.17
  6765	-0.0783399	-0.17	0.17
  6766	-0.0759991	-0.17	0.17
  6767	-0.0757183	-0.17	0.17
  6768	-0.056627	-0.17	0.17
  6769	-0.0808235	-0.17	0.17
  6770	-0.0613093	-0.17	0.17
  6771	-0.0328413	-0.17	0.17
  6772	-0.0413532	-0.17	0.17
  6773	-0.0344757	-0.17	0.17
  6774	-0.076091	-0.17	0.17
  6775	-0.0774555	-0.17	0.17
  6776	-0.0807091	-0.17	0.17
  6777	-0.0491843	-0.17	0.17
  6778	-0.0590328	-0.17	0.17
  6779	-0.0742726	-0.17	0.17
  6780	-0.0716831	-0.17	0.17
  6781	-0.0733378	-0.17	0.17
  6782	-0.0696867	-0.17	0.17
  6783	-0.067046	-0.17	0.17
  6784	-0.0554421	-0.17	0.17
  6785	-0.0801787	-0.17	0.17
  6786	-0.0546645	-0.17	0.17
  6787	-0.0626738	-0.17	0.17
  6788	-0.0679269	-0.17	0.17
  6789	-0.0176436	-0.17	0.17
  6790	-0.0148658	-0.17	0.17
  6791	-0.0778523	-0.17	0.17
  6792	-0.0649406	-0.17	0.17
  6793	-0.0728878	-0.17	0.17
  6794	-0.0683774	-0.17	0.17
  6795	-0.0457582	-0.17	0.17
  6796	-0.037028	-0.17	0.17
  6797	-0.0639622	-0.17	0.17
  6798	-0.0164612	-0.17	0.17
  6799	-0.079372	-0.17	0.17
  6800	-0.0461095	-0.17	0.17
  6801	-0.0538735	-0.17	0.17
  6802	-0.0800928	-0.17	0.17
  6803	-0.0289578	-0.17	0.17
  6804	-0.064069	-0.17	0.17
  6805	-0.0780418	-0.17	0.17
  6806	-0.0511807	-0.17	0.17
  6807	-0.0580917	-0.17	0.17
  6808	-0.0354137	-0.17	0.17
  6809	-0.0733118	-0.17	0.17
  6810	-0.0380957	-0.17	0.17
  6811	-0.0303823	-0.17	0.17
  6812	-0.0587685	-0.17	0.17
  6813	-0.0497717	-0.17	0.17
  6814	-0.0173395	-0.17	0.17
  6815	-0.0632093	-0.17	0.17
  6816	-0.0689579	-0.17	0.17
  6817	-0.0802903	-0.17	0.17
  6818	-0.0623272	-0.17	0.17
  6819	-0.0213986	-0.17	0.17
  6820	-0.0732772	-0.17	0.17
  6821	-0.0777767	-0.17	0.17
  6822	-0.0728985	-0.17	0.17
  6823	-0.0799391	-0.17	0.17
  6824	-0.0533909	-0.17	0.17
  6825	-0.0757482	-0.17	0.17
  6826	-0.0754035	-0.17	0.17
  6827	-0.0653377	-0.17	0.17
  6828	-0.0513743	-0.17	0.17
  6829	-0.0378557	-0.17	0.17
  6830	-0.0768721	-0.17	0.17
  6831	-0.0565216	-0.17	0.17
  6832	-0.0579501	-0.17	0.17
  6833	-0.0495117	-0.17	0.17
  6834	-0.0200744	-0.17	0.17
  6835	-0.0668982	-0.17	0.17
  6836	-0.0626146	-0.17	0.17
  6837	-0.0322617	-0.17	0.17
  6838	-0.0639069	-0.17	0.17
  6839	-0.0328096	-0.17	0.17
  6840	-0.0691508	-0.17	0.17
  6841	-0.0594778	-0.17	0.17
  6842	-0.0803631	-0.17	0.17
  6843	-0.0151785	-0.17	0.17
  6844	-0.0689488	-0.17	0.17
  6845	-0.073832	-0.17	0.17
  6846	-0.0199937	-0.17	0.17
  6847	-0.0535202	-0.17	0.17
  6848	-0.0692603	-0.17	0.17
  6849	-0.0650648	-0.17	0.17
  6850	-0.0720853	-0.17	0.17
  6851	-0.059942	-0.17	0.17
  6852	-0.0361823	-0.17	0.17
  6853	-0.0583354	-0.17	0.17
  6854	-0.0740765	-0.17	0.17
  6855	-0.0724447	-0.17	0.17
  6856	-0.0186165	-0.17	0.17
  6857	-0.0732051	-0.17	0.17
  6858	-0.0395406	-0.17	0.17
  6859	-0.0702921	-0.17	0.17
  6860	-0.0673288	-0.17	0.17
  6861	-0.0378548	-0.17	0.17
  6862	-0.0759855	-0.17	0.17
  6863	-0.0408954	-0.17	0.17
  6864	-0.0653014	-0.17	0.17
  6865	-0.0610695	-0.17	0.17
  6866	-0.0596512	-0.17	0.17
  6867	-0.0611106	-0.17	0.17
  6868	-0.0789085	-0.17	0.17
  6869	-0.0795632	-0.17	0.17
  6870	-0.0447621	-0.17	0.17
  6871	-0.0791141	-0.17	0.17
  6872	-0.0527004	-0.17	0.17
  6873	-0.0617923	-0.17	0.17
  6874	-0.0607777	-0.17	0.17
  6875	-0.0513292	-0.17	0.17
  6876	-0.0807776	-0.17	0.17
  6877	-0.0468536	-0.17	0.17
  6878	-0.0637716	-0.17	0.17
  6879	-0.0641009	-0.17	0.17
  6880	-0.0611423	-0.17	0.17
  6881	-0.0661306	-0.17	0.17
  6882	-0.0507288	-0.17	0.17
  6883	-0.0391255	-0.17	0.17
  6884	-0.079255	-0.17	0.17
  6885	-0.067827	-0.17	0.17
  6886	-0.0742159	-0.17	0.17
  6887	-0.0277197	-0.17	0.17
  6888	-0.0509036	-0.17	0.17
  6889	-0.080488	-0.17	0.17
  6890	-0.057708	-0.17	0.17
  6891	-0.0675662	-0.17	0.17
  6892	-0.0502983	-0.17	0.17
  6893	-0.0731259	-0.17	0.17
  6894	-0.0480728	-0.17	0.17
  6895	-0.0276321	-0.17	0.17
  6896	-0.07836	-0.17	0.17
  6897	-0.0802813	-0.17	0.17
  6898	-0.0599938	-0.17	0.17
  6899	-0.0784839	-0.17	0.17
  6900	-0.0561364	-0.17	0.17
  6901	-0.063955	-0.17	0.17
  6902	-0.0610399	-0.17	0.17
  6903	-0.0494877	-0.17	0.17
  6904	-0.0783164	-0.17	0.17
  6905	-0.0713556	-0.17	0.17
  6906	-0.0443169	-0.17	0.17
  6907	-0.0316405	-0.17	0.17
  6908	-0.0708606	-0.17	0.17
  6909	-0.0634167	-0.17	0.17
  6910	-0.0408336	-0.17	0.17
  6911	-0.0770994	-0.17	0.17
  6912	-0.0574696	-0.17	0.17
  6913	-0.074356	-0.17	0.17
  6914	-0.0158762	-0.17	0.17
  6915	-0.0742243	-0.17	0.17
  6916	-0.0489484	-0.17	0.17
  6917	-0.0559297	-0.17	0.17
  6918	-0.0750486	-0.17	0.17
  6919	-0.0317661	-0.17	0.17
  6920	-0.0757652	-0.17	0.17
  6921	-0.0586058	-0.17	0.17
  6922	-0.077645	-0.17	0.17
  6923	-0.0339128	-0.17	0.17
  6924	-0.0734071	-0.17	0.17
  6925	-0.0137894	-0.17	0.17
  6926	-0.0711215	-0.17	0.17
  6927	-0.0571694	-0.17	0.17
  6928	-0.0544894	-0.17	0.17
  6929	-0.0500091	-0.17	0.17
  6930	-0.0673538	-0.17	0.17
  6931	-0.0635311	-0.17	0.17
  6932	-0.0499129	-0.17	0.17
  6933	-0.0560119	-0.17	0.17
  6934	-0.0681299	-0.17	0.17
  6935	-0.0718877	-0.17	0.17
  6936	-0.0219438	-0.17	0.17
  6937	-0.0231588	-0.17	0.17
  6938	-0.0698497	-0.17	0.17
  6939	-0.080157	-0.17	0.17
  6940	-0.0198099	-0.17	0.17
  6941	-0.0577503	-0.17	0.17
  6942	-0.0702861	-0.17	0.17
  6943	-0.0177909	-0.17	0.17
  6944	-0.0359269	-0.17	0.17
  6945	-0.0743078	-0.17	0.17
  6946	-0.0767328	-0.17	0.17
  6947	-0.0153553	-0.17	0.17
  6948	-0.0790658	-0.17	0.17
  6949	-0.0738402	-0.17	0.17
  6950	-0.067708	-0.17	0.17
  6951	-0.0780605	-0.17	0.17
  6952	-0.0292977	-0.17	0.17
  6953	-0.0515247	-0.17	0.17
  6954	-0.058532	-0.17	0.17
  6955	-0.047155	-0.17	0.17
  6956	-0.0159851	-0.17	0.17
  6957	-0.0737822	-0.17	0.17
  6958	-0.0193909	-0.17	0.17
  6959	-0.0408171	-0.17	0.17
  6960	-0.0263002	-0.17	0.17
  6961	-0.0250444	-0.17	0.17
  6962	-0.0686913	-0.17	0.17
  6963	-0.0528344	-0.17	0.17
  6964	-0.0441506	-0.17	0.17
  6965	-0.0497063	-0.17	0.17
  6966	-0.0660301	-0.17	0.17
  6967	-0.0468847	-0.17	0.17
  6968	-0.0639959	-0.17	0.17
  6969	-0.0338652	-0.17	0.17
  6970	-0.0744879	-0.17	0.17
  6971	-0.0741264	-0.17	0.17
  6972	-0.0545588	-0.17	0.17
  6973	-0.0773141	-0.17	0.17
  6974	-0.0637519	-0.17	0.17
  6975	-0.0553152	-0.17	0.17
  6976	-0.071132	-0.17	0.17
  6977	-0.0528688	-0.17	0.17
  6978	-0.0782619	-0.17	0.17
  6979	-0.0772996	-0.17	0.17
  6980	-0.0723955	-0.17	0.17
  6981	-0.0769966	-0.17	0.17
  6982	-0.0437094	-0.17	0.17
  6983	-0.064565	-0.17	0.17
  6984	-0.0802529	-0.17	0.17
  6985	-0.0809589	-0.17	0.17
  6986	-0.0766326	-0.17	0.17
  6987	-0.0369799	-0.17	0.17
  6988	-0.0365558	-0.17	0.17
  6989	-0.0604734	-0.17	0.17
  6990	-0.0565731	-0.17	0.17
  6991	-0.0311411	-0.17	0.17
  6992	-0.0496623	-0.17	0.17
  6993	-0.0668784	-0.17	0.17
  6994	-0.0683112	-0.17	0.17
  6995	-0.0433892	-0.17	0.17
  6996	-0.0383201	-0.17	0.17
  6997	-0.050415	-0.17	0.17
  6998	-0.0209075	-0.17	0.17
  6999	-0.0560249	-0.17	0.17
  7000	-0.0641255	-0.17	0.17
  7001	-0.0782358	-0.17	0.17
  7002	-0.0499672	-0.17	0.17
  7003	-0.0533035	-0.17	0.17
  7004	-0.049123	-0.17	0.17
  7005	-0.0795719	-0.17	0.17
  7006	-0.0768334	-0.17	0.17
  7007	-0.0575482	-0.17	0.17
  7008	-0.068623	-0.17	0.17
  7009	-0.0657885	-0.17	0.17
  7010	-0.0685888	-0.17	0.17
  7011	-0.0787576	-0.17	0.17
  7012	-0.0658813	-0.17	0.17
  7013	-0.0770494	-0.17	0.17
  7014	-0.0578802	-0.17	0.17
  7015	-0.0529606	-0.17	0.17
  7016	-0.05731	-0.17	0.17
  7017	-0.0461763	-0.17	0.17
  7018	-0.0309461	-0.17	0.17
  7019	-0.0438225	-0.17	0.17
  7020	-0.080305	-0.17	0.17
  7021	-0.0678095	-0.17	0.17
  7022	-0.0435014	-0.17	0.17
  7023	-0.028469	-0.17	0.17
  7024	-0.0305498	-0.17	0.17
  7025	-0.0480732	-0.17	0.17
  7026	-0.0475008	-0.17	0.17
  7027	-0.0397163	-0.17	0.17
  7028	-0.0753834	-0.17	0.17
  7029	-0.0751664	-0.17	0.17
  7030	-0.0624962	-0.17	0.17
  7031	-0.0807094	-0.17	0.17
  7032	-0.0788275	-0.17	0.17
  7033	-0.0546133	-0.17	0.17
  7034	-0.069258	-0.17	0.17
  7035	-0.0367464	-0.17	0.17
  7036	-0.0556861	-0.17	0.17
  7037	-0.0494015	-0.17	0.17
  7038	-0.0568253	-0.17	0.17
  7039	-0.0722999	-0.17	0.17
  7040	-0.0559085	-0.17	0.17
  7041	-0.0591819	-0.17	0.17
  7042	-0.0752128	-0.17	0.17
  7043	-0.0674738	-0.17	0.17
  7044	-0.0722258	-0.17	0.17
  7045	-0.0554042	-0.17	0.17
  7046	-0.059517	-0.17	0.17
  7047	-0.0431356	-0.17	0.17
  7048	-0.0394388	-0.17	0.17
  7049	-0.0544686	-0.17	0.17
  7050	-0.0366377	-0.17	0.17
  7051	-0.0491018	-0.17	0.17
  7052	-0.0793263	-0.17	0.17
  7053	-0.0700738	-0.17	0.17
  7054	-0.0705472	-0.17	0.17
  7055	-0.0448659	-0.17	0.17
  7056	-0.0287381	-0.17	0.17
  7057	-0.0700143	-0.17	0.17
  7058	-0.0785528	-0.17	0.17
  7059	-0.0237062	-0.17	0.17
  7060	-0.0592518	-0.17	0.17
  7061	-0.0690667	-0.17	0.17
  7062	-0.0786248	-0.17	0.17
  7063	-0.0417386	-0.17	0.17
  7064	-0.0579531	-0.17	0.17
  7065	-0.0584307	-0.17	0.17
  7066	-0.0637687	-0.17	0.17
  7067	-0.0711776	-0.17	0.17
  7068	-0.0163787	-0.17	0.17
  7069	-0.0560355	-0.17	0.17
  7070	-0.0757949	-0.17	0.17
  7071	-0.0539584	-0.17	0.17
  7072	-0.0579739	-0.17	0.17
  7073	-0.0639061	-0.17	0.17
  7074	-0.0429187	-0.17	0.17
  7075	-0.0625117	-0.17	0.17
  7076	-0.0435167	-0.17	0.17
  7077	-0.0561954	-0.17	0.17
  7078	-0.0521157	-0.17	0.17
  7079	-0.0336057	-0.17	0.17
  7080	-0.0637247	-0.17	0.17
  7081	-0.0643327	-0.17	0.17
  7082	-0.0692858	-0.17	0.17
  7083	-0.0754314	-0.17	0.17
  7084	-0.0807974	-0.17	0.17
  7085	-0.0657946	-0.17	0.17
  7086	-0.0267207	-0.17	0.17
  7087	-0.0782111	-0.17	0.17
  7088	-0.051502	-0.17	0.17
  7089	-0.0684053	-0.17	0.17
  7090	-0.0252459	-0.17	0.17
  7091	-0.0675588	-0.17	0.17
  7092	-0.0411888	-0.17	0.17
  7093	-0.080804	-0.17	0.17
  7094	-0.0803713	-0.17	0.17
  7095	-0.0692838	-0.17	0.17
  7096	-0.0507042	-0.17	0.17
  7097	-0.078521	-0.17	0.17
  7098	-0.0561071	-0.17	0.17
  7099	-0.0689683	-0.17	0.17
  7100	-0.072099	-0.17	0.17
  7101	-0.0749098	-0.17	0.17
  7102	-0.0727088	-0.17	0.17
  7103	-0.0736948	-0.17	0.17
  7104	-0.0480256	-0.17	0.17
  7105	-0.0674779	-0.17	0.17
  7106	-0.0601363	-0.17	0.17
  7107	-0.0587292	-0.17	0.17
  7108	-0.02848	-0.17	0.17
  7109	-0.0517233	-0.17	0.17
  7110	-0.0605825	-0.17	0.17
  7111	-0.0371283	-0.17	0.17
  7112	-0.0609491	-0.17	0.17
  7113	-0.0248046	-0.17	0.17
  7114	-0.0797759	-0.17	0.17
  7115	-0.0482843	-0.17	0.17
  7116	-0.0490008	-0.17	0.17
  7117	-0.0631289	-0.17	0.17
  7118	-0.0325932	-0.17	0.17
  7119	-0.0201512	-0.17	0.17
  7120	-0.0343241	-0.17	0.17
  7121	-0.0715503	-0.17	0.17
  7122	-0.0734032	-0.17	0.17
  7123	-0.0409796	-0.17	0.17
  7124	-0.0501722	-0.17	0.17
  7125	-0.0147025	-0.17	0.17
  7126	-0.0799949	-0.17	0.17
  7127	-0.0651415	-0.17	0.17
  7128	-0.0566458	-0.17	0.17
  7129	-0.0250662	-0.17	0.17
  7130	-0.0543326	-0.17	0.17
  7131	-0.06082	-0.17	0.17
  7132	-0.0444525	-0.17	0.17
  7133	-0.0786964	-0.17	0.17
  7134	-0.0654534	-0.17	0.17
  7135	-0.0764449	-0.17	0.17
  7136	-0.0760381	-0.17	0.17
  7137	-0.0672415	-0.17	0.17
  7138	-0.0578689	-0.17	0.17
  7139	-0.0399801	-0.17	0.17
  7140	-0.0134403	-0.17	0.17
  7141	-0.075755	-0.17	0.17
  7142	-0.0636452	-0.17	0.17
  7143	-0.0735329	-0.17	0.17
  7144	-0.0790241	-0.17	0.17
  7145	-0.059764	-0.17	0.17
  7146	-0.075515	-0.17	0.17
  7147	-0.066646	-0.17	0.17
  7148	-0.0262651	-0.17	0.17
  7149	-0.0522434	-0.17	0.17
  7150	-0.0229995	-0.17	0.17
  7151	-0.0790909	-0.17	0.17
  7152	-0.0784756	-0.17	0.17
  7153	-0.0490544	-0.17	0.17
  7154	-0.0157372	-0.17	0.17
  7155	-0.0716968	-0.17	0.17
  7156	-0.0449859	-0.17	0.17
  7157	-0.0779635	-0.17	0.17
  7158	-0.0366328	-0.17	0.17
  7159	-0.0711592	-0.17	0.17
  7160	-0.0798752	-0.17	0.17
  7161	-0.0790402	-0.17	0.17
  7162	-0.0805386	-0.17	0.17
  7163	-0.0760564	-0.17	0.17
  7164	-0.0538377	-0.17	0.17
  7165	-0.0512195	-0.17	0.17
  7166	-0.0469594	-0.17	0.17
  7167	-0.0767181	-0.17	0.17
  7168	-0.0318126	-0.17	0.17
  7169	-0.0332374	-0.17	0.17
  7170	-0.0576035	-0.17	0.17
  7171	-0.0515254	-0.17	0.17
  7172	-0.0245474	-0.17	0.17
  7173	-0.0792627	-0.17	0.17
  7174	-0.061093	-0.17	0.17
  7175	-0.0746787	-0.17	0.17
  7176	-0.0770024	-0.17	0.17
  7177	-0.0542984	-0.17	0.17
  7178	-0.0793918	-0.17	0.17
  7179	-0.0786734	-0.17	0.17
  7180	-0.0728093	-0.17	0.17
  7181	-0.0445457	-0.17	0.17
  7182	-0.0693718	-0.17	0.17
  7183	-0.0779553	-0.17	0.17
  7184	-0.024836	-0.17	0.17
  7185	-0.0585832	-0.17	0.17
  7186	-0.0744541	-0.17	0.17
  7187	-0.0432875	-0.17	0.17
  7188	-0.06722	-0.17	0.17
  7189	-0.0583176	-0.17	0.17
  7190	-0.064778	-0.17	0.17
  7191	-0.0802562	-0.17	0.17
  7192	-0.0528436	-0.17	0.17
  7193	-0.0775015	-0.17	0.17
  7194	-0.0613767	-0.17	0.17
  7195	-0.0552821	-0.17	0.17
  7196	-0.0726618	-0.17	0.17
  7197	-0.0551976	-0.17	0.17
  7198	-0.0789776	-0.17	0.17
  7199	-0.0331501	-0.17	0.17
  7200	-0.0739963	-0.17	0.17
  7201	-0.039473	-0.17	0.17
  7202	-0.0364528	-0.17	0.17
  7203	-0.0674437	-0.17	0.17
  7204	-0.0482831	-0.17	0.17
  7205	-0.0675137	-0.17	0.17
  7206	-0.0610099	-0.17	0.17
  7207	-0.0537533	-0.17	0.17
  7208	-0.0515543	-0.17	0.17
  7209	-0.0525205	-0.17	0.17
  7210	-0.076633	-0.17	0.17
  7211	-0.0642623	-0.17	0.17
  7212	-0.0660127	-0.17	0.17
  7213	-0.0503915	-0.17	0.17
  7214	-0.0769973	-0.17	0.17
  7215	-0.0798759	-0.17	0.17
  7216	-0.0754783	-0.17	0.17
  7217	-0.0773234	-0.17	0.17
  7218	-0.0218258	-0.17	0.17
  7219	-0.0724773	-0.17	0.17
  7220	-0.0673862	-0.17	0.17
  7221	-0.0644916	-0.17	0.17
  7222	-0.0786184	-0.17	0.17
  7223	-0.0483108	-0.17	0.17
  7224	-0.0634441	-0.17	0.17
  7225	-0.0689914	-0.17	0.17
  7226	-0.0709138	-0.17	0.17
  7227	-0.0499436	-0.17	0.17
  7228	-0.0667418	-0.17	0.17
  7229	-0.0547904	-0.17	0.17
  7230	-0.05871	-0.17	0.17
  7231	-0.0436739	-0.17	0.17
  7232	-0.071126	-0.17	0.17
  7233	-0.0160492	-0.17	0.17
  7234	-0.0795964	-0.17	0.17
  7235	-0.0715791	-0.17	0.17
  7236	-0.0744038	-0.17	0.17
  7237	-0.060306	-0.17	0.17
  7238	-0.0806453	-0.17	0.17
  7239	-0.0254278	-0.17	0.17
  7240	-0.0359699	-0.17	0.17
  7241	-0.0554467	-0.17	0.17
  7242	-0.077406	-0.17	0.17
  7243	-0.0619188	-0.17	0.17
  7244	-0.0161966	-0.17	0.17
  7245	-0.067266	-0.17	0.17
  7246	-0.078604	-0.17	0.17
  7247	-0.0575685	-0.17	0.17
  7248	-0.0736017	-0.17	0.17
  7249	-0.0141356	-0.17	0.17
  7250	-0.0571036	-0.17	0.17
  7251	-0.0620844	-0.17	0.17
  7252	-0.0741907	-0.17	0.17
  7253	-0.0517872	-0.17	0.17
  7254	-0.0601006	-0.17	0.17
  7255	-0.0246243	-0.17	0.17
  7256	-0.0654668	-0.17	0.17
  7257	-0.056228	-0.17	0.17
  7258	-0.0630333	-0.17	0.17
  7259	-0.0795823	-0.17	0.17
  7260	-0.0541979	-0.17	0.17
  7261	-0.0570051	-0.17	0.17
  7262	-0.0370405	-0.17	0.17
  7263	-0.0772336	-0.17	0.17
  7264	-0.0738735	-0.17	0.17
  7265	-0.0600467	-0.17	0.17
  7266	-0.0146611	-0.17	0.17
  7267	-0.0650634	-0.17	0.17
  7268	-0.0727125	-0.17	0.17
  7269	-0.072239	-0.17	0.17
  7270	-0.0676237	-0.17	0.17
  7271	-0.0520169	-0.17	0.17
  7272	-0.0509436	-0.17	0.17
  7273	-0.0569446	-0.17	0.17
  7274	-0.0785791	-0.17	0.17
  7275	-0.0350817	-0.17	0.17
  7276	-0.0696012	-0.17	0.17
  7277	-0.0568234	-0.17	0.17
  7278	-0.0807059	-0.17	0.17
  7279	-0.0722513	-0.17	0.17
  7280	-0.0712925	-0.17	0.17
  7281	-0.0458811	-0.17	0.17
  7282	-0.0379457	-0.17	0.17
  7283	-0.0781481	-0.17	0.17
  7284	-0.0800069	-0.17	0.17
  7285	-0.0537494	-0.17	0.17
  7286	-0.0580763	-0.17	0.17
  7287	-0.0367222	-0.17	0.17
  7288	-0.0653176	-0.17	0.17
  7289	-0.0560613	-0.17	0.17
  7290	-0.0383365	-0.17	0.17
  7291	-0.0708966	-0.17	0.17
  7292	-0.0756966	-0.17	0.17
  7293	-0.0320025	-0.17	0.17
  7294	-0.0651621	-0.17	0.17
  7295	-0.0642223	-0.17	0.17
  7296	-0.0477781	-0.17	0.17
  7297	-0.0579082	-0.17	0.17
  7298	-0.0180695	-0.17	0.17
  7299	-0.0782002	-0.17	0.17
  7300	-0.0769938	-0.17	0.17
  7301	-0.0779075	-0.17	0.17
  7302	-0.0359934	-0.17	0.17
  7303	-0.0629899	-0.17	0.17
  7304	-0.0693275	-0.17	0.17
  7305	-0.0651201	-0.17	0.17
  7306	-0.0328262	-0.17	0.17
  7307	-0.0619758	-0.17	0.17
  7308	-0.0777928	-0.17	0.17
  7309	-0.0793134	-0.17	0.17
  7310	-0.0631544	-0.17	0.17
  7311	-0.07066	-0.17	0.17
  7312	-0.0691424	-0.17	0.17
  7313	-0.0790549	-0.17	0.17
  7314	-0.0775918	-0.17	0.17
  7315	-0.0544209	-0.17	0.17
  7316	-0.0672236	-0.17	0.17
  7317	-0.0771442	-0.17	0.17
  7318	-0.0740342	-0.17	0.17
  7319	-0.0441983	-0.17	0.17
  7320	-0.0555366	-0.17	0.17
  7321	-0.0643346	-0.17	0.17
  7322	-0.0485428	-0.17	0.17
  7323	-0.0608309	-0.17	0.17
  7324	-0.038465	-0.17	0.17
  7325	-0.0473937	-0.17	0.17
  7326	-0.0498419	-0.17	0.17
  7327	-0.0620155	-0.17	0.17
  7328	-0.0705416	-0.17	0.17
  7329	-0.0522226	-0.17	0.17
  7330	-0.0734821	-0.17	0.17
  7331	-0.0781677	-0.17	0.17
  7332	-0.0350667	-0.17	0.17
  7333	-0.0370346	-0.17	0.17
  7334	-0.0460242	-0.17	0.17
  7335	-0.0501973	-0.17	0.17
  7336	-0.0698995	-0.17	0.17
  7337	-0.0525944	-0.17	0.17
  7338	-0.0526725	-0.17	0.17
  7339	-0.0630881	-0.17	0.17
  7340	-0.0647746	-0.17	0.17
  7341	-0.0719616	-0.17	0.17
  7342	-0.0505013	-0.17	0.17
  7343	-0.0748032	-0.17	0.17
  7344	-0.029775	-0.17	0.17
  7345	-0.0405127	-0.17	0.17
  7346	-0.0758972	-0.17	0.17
  7347	-0.0394273	-0.17	0.17
  7348	-0.0425692	-0.17	0.17
  7349	-0.0572915	-0.17	0.17
  7350	-0.0436344	-0.17	0.17
  7351	-0.0645626	-0.17	0.17
  7352	-0.0580362	-0.17	0.17
  7353	-0.0604639	-0.17	0.17
  7354	-0.0519341	-0.17	0.17
  7355	-0.0772163	-0.17	0.17
  7356	-0.0513617	-0.17	0.17
  7357	-0.0784382	-0.17	0.17
  7358	-0.0313039	-0.17	0.17
  7359	-0.0692995	-0.17	0.17
  7360	-0.0174549	-0.17	0.17
  7361	-0.0490716	-0.17	0.17
  7362	-0.0806171	-0.17	0.17
  7363	-0.0430779	-0.17	0.17
  7364	-0.0581282	-0.17	0.17
  7365	-0.0519156	-0.17	0.17
  7366	-0.0516289	-0.17	0.17
  7367	-0.0756725	-0.17	0.17
  7368	-0.0526796	-0.17	0.17
  7369	-0.0613879	-0.17	0.17
  7370	-0.0563608	-0.17	0.17
  7371	-0.073071	-0.17	0.17
  7372	-0.0695693	-0.17	0.17
  7373	-0.0412274	-0.17	0.17
  7374	-0.039453	-0.17	0.17
  7375	-0.0292695	-0.17	0.17
  7376	-0.0634782	-0.17	0.17
  7377	-0.0568135	-0.17	0.17
  7378	-0.0129121	-0.17	0.17
  7379	-0.0543238	-0.17	0.17
  7380	-0.0600521	-0.17	0.17
  7381	-0.0696629	-0.17	0.17
  7382	-0.0374484	-0.17	0.17
  7383	-0.0778061	-0.17	0.17
  7384	-0.0690891	-0.17	0.17
  7385	-0.0385389	-0.17	0.17
  7386	-0.0743857	-0.17	0.17
  7387	-0.065121	-0.17	0.17
  7388	-0.0758817	-0.17	0.17
  7389	-0.0641162	-0.17	0.17
  7390	-0.0611575	-0.17	0.17
  7391	-0.0582386	-0.17	0.17
  7392	-0.0283259	-0.17	0.17
  7393	-0.0174716	-0.17	0.17
  7394	-0.0532276	-0.17	0.17
  7395	-0.0659498	-0.17	0.17
  7396	-0.0363133	-0.17	0.17
  7397	-0.0805352	-0.17	0.17
  7398	-0.0635081	-0.17	0.17
  7399	-0.0392985	-0.17	0.17
  7400	-0.055925	-0.17	0.17
  7401	-0.0779454	-0.17	0.17
  7402	-0.0671454	-0.17	0.17
  7403	-0.0449795	-0.17	0.17
  7404	-0.0742576	-0.17	0.17
  7405	-0.0285159	-0.17	0.17
  7406	-0.0785163	-0.17	0.17
  7407	-0.0735336	-0.17	0.17
  7408	-0.0798944	-0.17	0.17
  7409	-0.0486482	-0.17	0.17
  7410	-0.0761598	-0.17	0.17
  7411	-0.0600074	-0.17	0.17
  7412	-0.040725	-0.17	0.17
  7413	-0.0418369	-0.17	0.17
  7414	-0.0690681	-0.17	0.17
  7415	-0.0798971	-0.17	0.17
  7416	-0.0246018	-0.17	0.17
  7417	-0.06653	-0.17	0.17
  7418	-0.0544739	-0.17	0.17
  7419	-0.078794	-0.17	0.17
  7420	-0.074379	-0.17	0.17
  7421	-0.0783407	-0.17	0.17
  7422	-0.0775547	-0.17	0.17
  7423	-0.0653743	-0.17	0.17
  7424	-0.0775926	-0.17	0.17
  7425	-0.025465	-0.17	0.17
  7426	-0.0696052	-0.17	0.17
  7427	-0.0806033	-0.17	0.17
  7428	-0.0778974	-0.17	0.17
  7429	-0.0705615	-0.17	0.17
  7430	-0.0797062	-0.17	0.17
  7431	-0.0303036	-0.17	0.17
  7432	-0.0246586	-0.17	0.17
  7433	-0.0748002	-0.17	0.17
  7434	-0.0766293	-0.17	0.17
  7435	-0.0378477	-0.17	0.17
  7436	-0.0193896	-0.17	0.17
  7437	-0.0682356	-0.17	0.17
  7438	-0.0768525	-0.17	0.17
  7439	-0.0703754	-0.17	0.17
  7440	-0.0685815	-0.17	0.17
  7441	-0.0796834	-0.17	0.17
  7442	-0.0357219	-0.17	0.17
  7443	-0.0547329	-0.17	0.17
  7444	-0.0518262	-0.17	0.17
  7445	-0.0757382	-0.17	0.17
  7446	-0.073126	-0.17	0.17
  7447	-0.0696369	-0.17	0.17
  7448	-0.0481884	-0.17	0.17
  7449	-0.054733	-0.17	0.17
  7450	-0.0748441	-0.17	0.17
  7451	-0.0584291	-0.17	0.17
  7452	-0.0485556	-0.17	0.17
  7453	-0.0432139	-0.17	0.17
  7454	-0.0756756	-0.17	0.17
  7455	-0.0412058	-0.17	0.17
  7456	-0.0613917	-0.17	0.17
  7457	-0.0712382	-0.17	0.17
  7458	-0.0791353	-0.17	0.17
  7459	-0.0495107	-0.17	0.17
  7460	-0.0615733	-0.17	0.17
  7461	-0.059354	-0.17	0.17
  7462	-0.0724054	-0.17	0.17
  7463	-0.0139533	-0.17	0.17
  7464	-0.0673264	-0.17	0.17
  7465	-0.0563486	-0.17	0.17
  7466	-0.0796099	-0.17	0.17
  7467	-0.0511487	-0.17	0.17
  7468	-0.0471832	-0.17	0.17
  7469	-0.069941	-0.17	0.17
  7470	-0.0734668	-0.17	0.17
  7471	-0.0659822	-0.17	0.17
  7472	-0.0658663	-0.17	0.17
  7473	-0.0703128	-0.17	0.17
  7474	-0.0750239	-0.17	0.17
  7475	-0.0578961	-0.17	0.17
  7476	-0.0245241	-0.17	0.17
  7477	-0.0800434	-0.17	0.17
  7478	-0.0627388	-0.17	0.17
  7479	-0.0607102	-0.17	0.17
  7480	-0.0654639	-0.17	0.17
  7481	-0.0557681	-0.17	0.17
  7482	-0.0636911	-0.17	0.17
  7483	-0.0796716	-0.17	0.17
  7484	-0.0620797	-0.17	0.17
  7485	-0.0704441	-0.17	0.17
  7486	-0.0614366	-0.17	0.17
  7487	-0.0170279	-0.17	0.17
  7488	-0.0797381	-0.17	0.17
  7489	-0.0484264	-0.17	0.17
  7490	-0.0595733	-0.17	0.17
  7491	-0.053502	-0.17	0.17
  7492	-0.0373447	-0.17	0.17
  7493	-0.051321	-0.17	0.17
  7494	-0.0695557	-0.17	0.17
  7495	-0.0644526	-0.17	0.17
  7496	-0.054739	-0.17	0.17
  7497	-0.0774494	-0.17	0.17
  7498	-0.0782379	-0.17	0.17
  7499	-0.0584651	-0.17	0.17
  7500	-0.0641051	-0.17	0.17
  7501	-0.0745248	-0.17	0.17
  7502	-0.0802634	-0.17	0.17
  7503	-0.0506543	-0.17	0.17
  7504	-0.0450937	-0.17	0.17
  7505	-0.0764801	-0.17	0.17
  7506	-0.0573875	-0.17	0.17
  7507	-0.022092	-0.17	0.17
  7508	-0.0746236	-0.17	0.17
  7509	-0.0547707	-0.17	0.17
  7510	-0.050414	-0.17	0.17
  7511	-0.0344022	-0.17	0.17
  7512	-0.0653989	-0.17	0.17
  7513	-0.0436007	-0.17	0.17
  7514	-0.0774268	-0.17	0.17
  7515	-0.0642269	-0.17	0.17
  7516	-0.0372859	-0.17	0.17
  7517	-0.0519011	-0.17	0.17
  7518	-0.0369138	-0.17	0.17
  7519	-0.0605353	-0.17	0.17
  7520	-0.0731513	-0.17	0.17
  7521	-0.0725933	-0.17	0.17
  7522	-0.0782737	-0.17	0.17
  7523	-0.0801818	-0.17	0.17
  7524	-0.0388863	-0.17	0.17
  7525	-0.0639382	-0.17	0.17
  7526	-0.0630538	-0.17	0.17
  7527	-0.0574985	-0.17	0.17
  7528	-0.0742421	-0.17	0.17
  7529	-0.0467144	-0.17	0.17
  7530	-0.0773056	-0.17	0.17
  7531	-0.0756714	-0.17	0.17
  7532	-0.0383425	-0.17	0.17
  7533	-0.027719	-0.17	0.17
  7534	-0.0589016	-0.17	0.17
  7535	-0.0550698	-0.17	0.17
  7536	-0.0574497	-0.17	0.17
  7537	-0.0300674	-0.17	0.17
  7538	-0.0494963	-0.17	0.17
  7539	-0.0684557	-0.17	0.17
  7540	-0.0714985	-0.17	0.17
  7541	-0.0722685	-0.17	0.17
  7542	-0.0773469	-0.17	0.17
  7543	-0.0713564	-0.17	0.17
  7544	-0.0803756	-0.17	0.17
  7545	-0.0510846	-0.17	0.17
  7546	-0.072929	-0.17	0.17
  7547	-0.0221287	-0.17	0.17
  7548	-0.0760558	-0.17	0.17
  7549	-0.022123	-0.17	0.17
  7550	-0.0670574	-0.17	0.17
  7551	-0.0780081	-0.17	0.17
  7552	-0.0337221	-0.17	0.17
  7553	-0.0373368	-0.17	0.17
  7554	-0.0565544	-0.17	0.17
  7555	-0.0754789	-0.17	0.17
  7556	-0.02353	-0.17	0.17
  7557	-0.0767393	-0.17	0.17
  7558	-0.0732685	-0.17	0.17
  7559	-0.0452938	-0.17	0.17
  7560	-0.0791356	-0.17	0.17
  7561	-0.0674958	-0.17	0.17
  7562	-0.0773596	-0.17	0.17
  7563	-0.0235124	-0.17	0.17
  7564	-0.0711704	-0.17	0.17
  7565	-0.0566398	-0.17	0.17
  7566	-0.0370539	-0.17	0.17
  7567	-0.0605471	-0.17	0.17
  7568	-0.0695519	-0.17	0.17
  7569	-0.0809028	-0.17	0.17
  7570	-0.0588587	-0.17	0.17
  7571	-0.0130074	-0.17	0.17
  7572	-0.0730309	-0.17	0.17
  7573	-0.0529438	-0.17	0.17
  7574	-0.0524842	-0.17	0.17
  7575	-0.0452437	-0.17	0.17
  7576	-0.0763563	-0.17	0.17
  7577	-0.0485436	-0.17	0.17
  7578	-0.0676338	-0.17	0.17
  7579	-0.0664305	-0.17	0.17
  7580	-0.0409788	-0.17	0.17
  7581	-0.0725487	-0.17	0.17
  7582	-0.0491535	-0.17	0.17
  7583	-0.0784077	-0.17	0.17
  7584	-0.0659942	-0.17	0.17
  7585	-0.0563681	-0.17	0.17
  7586	-0.0472203	-0.17	0.17
  7587	-0.0770002	-0.17	0.17
  7588	-0.0740342	-0.17	0.17
  7589	-0.0630164	-0.17	0.17
  7590	-0.0466035	-0.17	0.17
  7591	-0.0466537	-0.17	0.17
  7592	-0.0790884	-0.17	0.17
  7593	-0.0681233	-0.17	0.17
  7594	-0.0406865	-0.17	0.17
  7595	-0.0166332	-0.17	0.17
  7596	-0.0738182	-0.17	0.17
  7597	-0.0350814	-0.17	0.17
  7598	-0.0567804	-0.17	0.17
  7599	-0.0662422	-0.17	0.17
  7600	-0.0738468	-0.17	0.17
  7601	-0.0773223	-0.17	0.17
  7602	-0.0740071	-0.17	0.17
  7603	-0.0666192	-0.17	0.17
  7604	-0.038944	-0.17	0.17
  7605	-0.0773013	-0.17	0.17
  7606	-0.0506936	-0.17	0.17
  7607	-0.0733676	-0.17	0.17
  7608	-0.0592153	-0.17	0.17
  7609	-0.0771817	-0.17	0.17
  7610	-0.063663	-0.17	0.17
  7611	-0.0793315	-0.17	0.17
  7612	-0.0769421	-0.17	0.17
  7613	-0.0662375	-0.17	0.17
  7614	-0.0792356	-0.17	0.17
  7615	-0.0259734	-0.17	0.17
  7616	-0.0780235	-0.17	0.17
  7617	-0.0680477	-0.17	0.17
  7618	-0.0703573	-0.17	0.17
  7619	-0.0454704	-0.17	0.17
  7620	-0.0478403	-0.17	0.17
  7621	-0.0655808	-0.17	0.17
  7622	-0.0696012	-0.17	0.17
  7623	-0.039604	-0.17	0.17
  7624	-0.0412125	-0.17	0.17
  7625	-0.0430362	-0.17	0.17
  7626	-0.0798355	-0.17	0.17
  7627	-0.0664088	-0.17	0.17
  7628	-0.0737835	-0.17	0.17
  7629	-0.0326099	-0.17	0.17
  7630	-0.0748868	-0.17	0.17
  7631	-0.0522652	-0.17	0.17
  7632	-0.0682195	-0.17	0.17
  7633	-0.0281685	-0.17	0.17
  7634	-0.0806194	-0.17	0.17
  7635	-0.0747023	-0.17	0.17
  7636	-0.0149426	-0.17	0.17
  7637	-0.0640541	-0.17	0.17
  7638	-0.0758404	-0.17	0.17
  7639	-0.0129583	-0.17	0.17
  7640	-0.0777179	-0.17	0.17
  7641	-0.0660155	-0.17	0.17
  7642	-0.0750279	-0.17	0.17
  7643	-0.0598155	-0.17	0.17
  7644	-0.013235	-0.17	0.17
  7645	-0.0806342	-0.17	0.17
  7646	-0.0763608	-0.17	0.17
  7647	-0.0414237	-0.17	0.17
  7648	-0.0613809	-0.17	0.17
  7649	-0.0744166	-0.17	0.17
  7650	-0.0423603	-0.17	0.17
  7651	-0.0349746	-0.17	0.17
  7652	-0.0689278	-0.17	0.17
  7653	-0.018908	-0.17	0.17
  7654	-0.0662328	-0.17	0.17
  7655	-0.0715977	-0.17	0.17
  7656	-0.0752091	-0.17	0.17
  7657	-0.0633509	-0.17	0.17
  7658	-0.0451736	-0.17	0.17
  7659	-0.0668244	-0.17	0.17
  7660	-0.0488262	-0.17	0.17
  7661	-0.073883	-0.17	0.17
  7662	-0.044671	-0.17	0.17
  7663	-0.060972	-0.17	0.17
  7664	-0.0286376	-0.17	0.17
  7665	-0.075505	-0.17	0.17
  7666	-0.0636463	-0.17	0.17
  7667	-0.0302828	-0.17	0.17
  7668	-0.0593313	-0.17	0.17
  7669	-0.0711326	-0.17	0.17
  7670	-0.0797011	-0.17	0.17
  7671	-0.0636073	-0.17	0.17
  7672	-0.0599965	-0.17	0.17
  7673	-0.0706325	-0.17	0.17
  7674	-0.0425208	-0.17	0.17
  7675	-0.0531146	-0.17	0.17
  7676	-0.0682096	-0.17	0.17
  7677	-0.075775	-0.17	0.17
  7678	-0.0801702	-0.17	0.17
  7679	-0.0801539	-0.17	0.17
  7680	-0.0796492	-0.17	0.17
  7681	-0.0656392	-0.17	0.17
  7682	-0.0743638	-0.17	0.17
  7683	-0.0299858	-0.17	0.17
  7684	-0.0781577	-0.17	0.17
  7685	-0.0530096	-0.17	0.17
  7686	-0.0658985	-0.17	0.17
  7687	-0.0715321	-0.17	0.17
  7688	-0.050854	-0.17	0.17
  7689	-0.052641	-0.17	0.17
  7690	-0.042642	-0.17	0.17
  7691	-0.054353	-0.17	0.17
  7692	-0.0289787	-0.17	0.17
  7693	-0.0285603	-0.17	0.17
  7694	-0.0727589	-0.17	0.17
  7695	-0.0489698	-0.17	0.17
  7696	-0.0807075	-0.17	0.17
  7697	-0.0774642	-0.17	0.17
  7698	-0.034067	-0.17	0.17
  7699	-0.0564037	-0.17	0.17
  7700	-0.0725218	-0.17	0.17
  7701	-0.0704757	-0.17	0.17
  7702	-0.0591451	-0.17	0.17
  7703	-0.0538428	-0.17	0.17
  7704	-0.0480614	-0.17	0.17
  7705	-0.0491406	-0.17	0.17
  7706	-0.0422533	-0.17	0.17
  7707	-0.0604307	-0.17	0.17
  7708	-0.0741795	-0.17	0.17
  7709	-0.0776673	-0.17	0.17
  7710	-0.0209791	-0.17	0.17
  7711	-0.075448	-0.17	0.17
  7712	-0.0280514	-0.17	0.17
  7713	-0.073699	-0.17	0.17
  7714	-0.0796328	-0.17	0.17
  7715	-0.035335	-0.17	0.17
  7716	-0.0662467	-0.17	0.17
  7717	-0.0736739	-0.17	0.17
  7718	-0.0697167	-0.17	0.17
  7719	-0.0514477	-0.17	0.17
  7720	-0.0725411	-0.17	0.17
  7721	-0.0753144	-0.17	0.17
  7722	-0.0641438	-0.17	0.17
  7723	-0.0595842	-0.17	0.17
  7724	-0.0647075	-0.17	0.17
  7725	-0.0795779	-0.17	0.17
  7726	-0.0390938	-0.17	0.17
  7727	-0.0571832	-0.17	0.17
  7728	-0.076821	-0.17	0.17
  7729	-0.0206748	-0.17	0.17
  7730	-0.0720656	-0.17	0.17
  7731	-0.0200888	-0.17	0.17
  7732	-0.0161133	-0.17	0.17
  7733	-0.0410194	-0.17	0.17
  7734	-0.0794236	-0.17	0.17
  7735	-0.0499948	-0.17	0.17
  7736	-0.0733528	-0.17	0.17
  7737	-0.0271729	-0.17	0.17
  7738	-0.0774414	-0.17	0.17
  7739	-0.0550252	-0.17	0.17
  7740	-0.0360503	-0.17	0.17
  7741	-0.0558586	-0.17	0.17
  7742	-0.076271	-0.17	0.17
  7743	-0.079643	-0.17	0.17
  7744	-0.0791628	-0.17	0.17
  7745	-0.0399804	-0.17	0.17
  7746	-0.0794668	-0.17	0.17
  7747	-0.0411972	-0.17	0.17
  7748	-0.0593673	-0.17	0.17
  7749	-0.0313046	-0.17	0.17
  7750	-0.0806964	-0.17	0.17
  7751	-0.0746301	-0.17	0.17
  7752	-0.0791478	-0.17	0.17
  7753	-0.0750491	-0.17	0.17
  7754	-0.01608	-0.17	0.17
  7755	-0.0701917	-0.17	0.17
  7756	-0.0685319	-0.17	0.17
  7757	-0.0446684	-0.17	0.17
  7758	-0.0683673	-0.17	0.17
  7759	-0.0761485	-0.17	0.17
  7760	-0.0656421	-0.17	0.17
  7761	-0.0220488	-0.17	0.17
  7762	-0.0585015	-0.17	0.17
  7763	-0.0570211	-0.17	0.17
  7764	-0.0227314	-0.17	0.17
  7765	-0.0799703	-0.17	0.17
  7766	-0.0420615	-0.17	0.17
  7767	-0.0175639	-0.17	0.17
  7768	-0.0233387	-0.17	0.17
  7769	-0.0718107	-0.17	0.17
  7770	-0.051215	-0.17	0.17
  7771	-0.0747059	-0.17	0.17
  7772	-0.0682014	-0.17	0.17
  7773	-0.0253307	-0.17	0.17
  7774	-0.0655854	-0.17	0.17
  7775	-0.0702361	-0.17	0.17
  7776	-0.0567417	-0.17	0.17
  7777	-0.077255	-0.17	0.17
  7778	-0.0549602	-0.17	0.17
  7779	-0.0423089	-0.17	0.17
  7780	-0.065575	-0.17	0.17
  7781	-0.0385758	-0.17	0.17
  7782	-0.0804625	-0.17	0.17
  7783	-0.0742155	-0.17	0.17
  7784	-0.060582	-0.17	0.17
  7785	-0.0421681	-0.17	0.17
  7786	-0.035796	-0.17	0.17
  7787	-0.0779449	-0.17	0.17
  7788	-0.0793741	-0.17	0.17
  7789	-0.0629591	-0.17	0.17
  7790	-0.0547833	-0.17	0.17
  7791	-0.0525524	-0.17	0.17
  7792	-0.0707335	-0.17	0.17
  7793	-0.0783191	-0.17	0.17
  7794	-0.0255739	-0.17	0.17
  7795	-0.0758827	-0.17	0.17
  7796	-0.0320946	-0.17	0.17
  7797	-0.0504252	-0.17	0.17
  7798	-0.0733905	-0.17	0.17
  7799	-0.0774382	-0.17	0.17
  7800	-0.0622163	-0.17	0.17
  7801	-0.0561958	-0.17	0.17
  7802	-0.0482244	-0.17	0.17
  7803	-0.0519861	-0.17	0.17
  7804	-0.0797187	-0.17	0.17
  7805	-0.0459445	-0.17	0.17
  7806	-0.0665412	-0.17	0.17
  7807	-0.0724323	-0.17	0.17
  7808	-0.0544856	-0.17	0.17
  7809	-0.0582022	-0.17	0.17
  7810	-0.0658792	-0.17	0.17
  7811	-0.0625835	-0.17	0.17
  7812	-0.0807442	-0.17	0.17
  7813	-0.0472396	-0.17	0.17
  7814	-0.0162572	-0.17	0.17
  7815	-0.0793978	-0.17	0.17
  7816	-0.0794749	-0.17	0.17
  7817	-0.0668213	-0.17	0.17
  7818	-0.0795204	-0.17	0.17
  7819	-0.0538231	-0.17	0.17
  7820	-0.0785513	-0.17	0.17
  7821	-0.0662767	-0.17	0.17
  7822	-0.0385947	-0.17	0.17
  7823	-0.0664493	-0.17	0.17
  7824	-0.0690082	-0.17	0.17
  7825	-0.0536807	-0.17	0.17
  7826	-0.0471555	-0.17	0.17
  7827	-0.0318494	-0.17	0.17
  7828	-0.0344791	-0.17	0.17
  7829	-0.0417922	-0.17	0.17
  7830	-0.0752734	-0.17	0.17
  7831	-0.0669054	-0.17	0.17
  7832	-0.0703222	-0.17	0.17
  7833	-0.0730684	-0.17	0.17
  7834	-0.0688044	-0.17	0.17
  7835	-0.0662515	-0.17	0.17
  7836	-0.0610281	-0.17	0.17
  7837	-0.0524857	-0.17	0.17
  7838	-0.0551954	-0.17	0.17
  7839	-0.0768795	-0.17	0.17
  7840	-0.0596245	-0.17	0.17
  7841	-0.0353084	-0.17	0.17
  7842	-0.0609617	-0.17	0.17
  7843	-0.0577649	-0.17	0.17
  7844	-0.0753163	-0.17	0.17
  7845	-0.0438125	-0.17	0.17
  7846	-0.0568128	-0.17	0.17
  7847	-0.0632349	-0.17	0.17
  7848	-0.0587227	-0.17	0.17
  7849	-0.079425	-0.17	0.17
  7850	-0.0745353	-0.17	0.17
  7851	-0.0628444	-0.17	0.17
  7852	-0.0582427	-0.17	0.17
  7853	-0.0724918	-0.17	0.17
  7854	-0.048545	-0.17	0.17
  7855	-0.0637858	-0.17	0.17
  7856	-0.0649513	-0.17	0.17
  7857	-0.0705213	-0.17	0.17
  7858	-0.0782058	-0.17	0.17
  7859	-0.0317322	-0.17	0.17
  7860	-0.0673997	-0.17	0.17
  7861	-0.0789646	-0.17	0.17
  7862	-0.0799192	-0.17	0.17
  7863	-0.0468451	-0.17	0.17
  7864	-0.0684593	-0.17	0.17
  7865	-0.0717736	-0.17	0.17
  7866	-0.0754116	-0.17	0.17
  7867	-0.0646835	-0.17	0.17
  7868	-0.0601417	-0.17	0.17
  7869	-0.0598097	-0.17	0.17
  7870	-0.033781	-0.17	0.17
  7871	-0.0731901	-0.17	0.17
  7872	-0.0713668	-0.17	0.17
  7873	-0.0735083	-0.17	0.17
  7874	-0.0349112	-0.17	0.17
  7875	-0.0790754	-0.17	0.17
  7876	-0.0801701	-0.17	0.17
  7877	-0.0603278	-0.17	0.17
  7878	-0.0407087	-0.17	0.17
  7879	-0.0656849	-0.17	0.17
  7880	-0.0492704	-0.17	0.17
  7881	-0.0802515	-0.17	0.17
  7882	-0.062499	-0.17	0.17
  7883	-0.0479369	-0.17	0.17
  7884	-0.0761418	-0.17	0.17
  7885	-0.0799501	-0.17	0.17
  7886	-0.0299556	-0.17	0.17
  7887	-0.0792618	-0.17	0.17
  7888	-0.0625751	-0.17	0.17
  7889	-0.0757406	-0.17	0.17
  7890	-0.0732723	-0.17	0.17
  7891	-0.0544732	-0.17	0.17
  7892	-0.0710492	-0.17	0.17
  7893	-0.0520332	-0.17	0.17
  7894	-0.0693908	-0.17	0.17
  7895	-0.0313637	-0.17	0.17
  7896	-0.0677217	-0.17	0.17
  7897	-0.0791289	-0.17	0.17
  7898	-0.0785944	-0.17	0.17
  7899	-0.0390172	-0.17	0.17
  7900	-0.0782051	-0.17	0.17
  7901	-0.0391573	-0.17	0.17
  7902	-0.0648437	-0.17	0.17
  7903	-0.0576901	-0.17	0.17
  7904	-0.0392866	-0.17	0.17
  7905	-0.05158	-0.17	0.17
  7906	-0.079273	-0.17	0.17
  7907	-0.0248772	-0.17	0.17
  7908	-0.0480893	-0.17	0.17
  7909	-0.0580528	-0.17	0.17
  7910	-0.0618514	-0.17	0.17
  7911	-0.0698062	-0.17	0.17
  7912	-0.0736826	-0.17	0.17
  7913	-0.0596958	-0.17	0.17
  7914	-0.0281068	-0.17	0.17
  7915	-0.0722548	-0.17	0.17
  7916	-0.0427195	-0.17	0.17
  7917	-0.07185	-0.17	0.17
  7918	-0.0451214	-0.17	0.17
  7919	-0.0783176	-0.17	0.17
  7920	-0.056766	-0.17	0.17
  7921	-0.0439166	-0.17	0.17
  7922	-0.0699794	-0.17	0.17
  7923	-0.0577553	-0.17	0.17
  7924	-0.0694497	-0.17	0.17
  7925	-0.0480224	-0.17	0.17
  7926	-0.0638147	-0.17	0.17
  7927	-0.0754856	-0.17	0.17
  7928	-0.0550064	-0.17	0.17
  7929	-0.0472065	-0.17	0.17
  7930	-0.0505673	-0.17	0.17
  7931	-0.0432751	-0.17	0.17
  7932	-0.0622471	-0.17	0.17
  7933	-0.0184085	-0.17	0.17
  7934	-0.0686284	-0.17	0.17
  7935	-0.0632817	-0.17	0.17
  7936	-0.0689593	-0.17	0.17
  7937	-0.0381157	-0.17	0.17
  7938	-0.0711528	-0.17	0.17
  7939	-0.072912	-0.17	0.17
  7940	-0.0695962	-0.17	0.17
  7941	-0.0579169	-0.17	0.17
  7942	-0.0363908	-0.17	0.17
  7943	-0.0782343	-0.17	0.17
  7944	-0.0708939	-0.17	0.17
  7945	-0.0376583	-0.17	0.17
  7946	-0.0486331	-0.17	0.17
  7947	-0.0690435	-0.17	0.17
  7948	-0.0717131	-0.17	0.17
  7949	-0.0797392	-0.17	0.17
  7950	-0.0790556	-0.17	0.17
  7951	-0.0803455	-0.17	0.17
  7952	-0.0656841	-0.17	0.17
  7953	-0.0470387	-0.17	0.17
  7954	-0.0693785	-0.17	0.17
  7955	-0.0800228	-0.17	0.17
  7956	-0.0749045	-0.17	0.17
  7957	-0.0676832	-0.17	0.17
  7958	-0.0361837	-0.17	0.17
  7959	-0.0772093	-0.17	0.17
  7960	-0.0773531	-0.17	0.17
  7961	-0.0658506	-0.17	0.17
  7962	-0.0609998	-0.17	0.17
  7963	-0.0584244	-0.17	0.17
  7964	-0.0609973	-0.17	0.17
  7965	-0.0781258	-0.17	0.17
  7966	-0.0538136	-0.17	0.17
  7967	-0.0806586	-0.17	0.17
  7968	-0.0662998	-0.17	0.17
  7969	-0.0743176	-0.17	0.17
  7970	-0.0798426	-0.17	0.17
  7971	-0.0785163	-0.17	0.17
  7972	-0.0637077	-0.17	0.17
  7973	-0.0715112	-0.17	0.17
  7974	-0.079621	-0.17	0.17
  7975	-0.0798236	-0.17	0.17
  7976	-0.0574286	-0.17	0.17
  7977	-0.0391107	-0.17	0.17
  7978	-0.0654982	-0.17	0.17
  7979	-0.0617359	-0.17	0.17
  7980	-0.0470448	-0.17	0.17
  7981	-0.0387224	-0.17	0.17
  7982	-0.0760461	-0.17	0.17
  7983	-0.0501551	-0.17	0.17
  7984	-0.0800955	-0.17	0.17
  7985	-0.0341549	-0.17	0.17
  7986	-0.0478364	-0.17	0.17
  7987	-0.0477087	-0.17	0.17
  7988	-0.0525328	-0.17	0.17
  7989	-0.0785293	-0.17	0.17
  7990	-0.0715116	-0.17	0.17
  7991	-0.0726009	-0.17	0.17
  7992	-0.0805881	-0.17	0.17
  7993	-0.0227126	-0.17	0.17
  7994	-0.0805162	-0.17	0.17
  7995	-0.0704854	-0.17	0.17
  7996	-0.0636382	-0.17	0.17
  7997	-0.0653366	-0.17	0.17
  7998	-0.0169863	-0.17	0.17
  7999	-0.0721416	-0.17	0.17
  8000	-0.0759735	-0.17	0.17
  8001	-0.0507429	-0.17	0.17
  8002	-0.0691922	-0.17	0.17
  8003	-0.0477903	-0.17	0.17
  8004	-0.0620509	-0.17	0.17
  8005	-0.013253	-0.17	0.17
  8006	-0.0636008	-0.17	0.17
  8007	-0.0760998	-0.17	0.17
  8008	-0.0653294	-0.17	0.17
  8009	-0.0553329	-0.17	0.17
  8010	-0.0429344	-0.17	0.17
  8011	-0.0639743	-0.17	0.17
  8012	-0.0787013	-0.17	0.17
  8013	-0.0793127	-0.17	0.17
  8014	-0.0210787	-0.17	0.17
  8015	-0.0780719	-0.17	0.17
  8016	-0.0724558	-0.17	0.17
  8017	-0.071035	-0.17	0.17
  8018	-0.0798935	-0.17	0.17
  8019	-0.0369412	-0.17	0.17
  8020	-0.0610417	-0.17	0.17
  8021	-0.0681153	-0.17	0.17
  8022	-0.0610654	-0.17	0.17
  8023	-0.0500387	-0.17	0.17
  8024	-0.0616	-0.17	0.17
  8025	-0.039545	-0.17	0.17
  8026	-0.0584409	-0.17	0.17
  8027	-0.0481959	-0.17	0.17
  8028	-0.0555746	-0.17	0.17
  8029	-0.0781232	-0.17	0.17
  8030	-0.0596074	-0.17	0.17
  8031	-0.0399276	-0.17	0.17
  8032	-0.0762378	-0.17	0.17
  8033	-0.0651595	-0.17	0.17
  8034	-0.0786185	-0.17	0.17
  8035	-0.0699997	-0.17	0.17
  8036	-0.0407123	-0.17	0.17
  8037	-0.0169218	-0.17	0.17
  8038	-0.0632587	-0.17	0.17
  8039	-0.0297373	-0.17	0.17
  8040	-0.078353	-0.17	0.17
  8041	-0.0758024	-0.17	0.17
  8042	-0.0176377	-0.17	0.17
  8043	-0.0339046	-0.17	0.17
  8044	-0.0209175	-0.17	0.17
  8045	-0.0585372	-0.17	0.17
  8046	-0.0596668	-0.17	0.17
  8047	-0.06867	-0.17	0.17
  8048	-0.0806425	-0.17	0.17
  8049	-0.0646319	-0.17	0.17
  8050	-0.0144822	-0.17	0.17
  8051	-0.0483149	-0.17	0.17
  8052	-0.0799662	-0.17	0.17
  8053	-0.0643421	-0.17	0.17
  8054	-0.0718894	-0.17	0.17
  8055	-0.0682398	-0.17	0.17
  8056	-0.0780655	-0.17	0.17
  8057	-0.0766156	-0.17	0.17
  8058	-0.051108	-0.17	0.17
  8059	-0.0318701	-0.17	0.17
  8060	-0.0484436	-0.17	0.17
  8061	-0.0283437	-0.17	0.17
  8062	-0.0713439	-0.17	0.17
  8063	-0.0175433	-0.17	0.17
  8064	-0.0236703	-0.17	0.17
  8065	-0.0232414	-0.17	0.17
  8066	-0.0807681	-0.17	0.17
  8067	-0.057334	-0.17	0.17
  8068	-0.0336397	-0.17	0.17
  8069	-0.0771207	-0.17	0.17
  8070	-0.0646841	-0.17	0.17
  8071	-0.0799599	-0.17	0.17
  8072	-0.0778034	-0.17	0.17
  8073	-0.0608874	-0.17	0.17
  8074	-0.060229	-0.17	0.17
  8075	-0.0443143	-0.17	0.17
  8076	-0.0505576	-0.17	0.17
  8077	-0.0777861	-0.17	0.17
  8078	-0.0503831	-0.17	0.17
  8079	-0.0500531	-0.17	0.17
  8080	-0.0614777	-0.17	0.17
  8081	-0.0805036	-0.17	0.17
  8082	-0.0749072	-0.17	0.17
  8083	-0.0642046	-0.17	0.17
  8084	-0.0682987	-0.17	0.17
  8085	-0.0590081	-0.17	0.17
  8086	-0.0561573	-0.17	0.17
  8087	-0.0641097	-0.17	0.17
  8088	-0.0763517	-0.17	0.17
  8089	-0.0600438	-0.17	0.17
  8090	-0.01328	-0.17	0.17
  8091	-0.0631288	-0.17	0.17
  8092	-0.0755412	-0.17	0.17
  8093	-0.0576077	-0.17	0.17
  8094	-0.0443285	-0.17	0.17
  8095	-0.0688249	-0.17	0.17
  8096	-0.0224247	-0.17	0.17
  8097	-0.0577066	-0.17	0.17
  8098	-0.0608902	-0.17	0.17
  8099	-0.0408268	-0.17	0.17
  8100	-0.0558569	-0.17	0.17
  8101	-0.0549691	-0.17	0.17
  8102	-0.0627743	-0.17	0.17
  8103	-0.0790923	-0.17	0.17
  8104	-0.056239	-0.17	0.17
  8105	-0.0785577	-0.17	0.17
  8106	-0.0354555	-0.17	0.17
  8107	-0.0708297	-0.17	0.17
  8108	-0.0761707	-0.17	0.17
  8109	-0.078294	-0.17	0.17
  8110	-0.0767667	-0.17	0.17
  8111	-0.0787085	-0.17	0.17
  8112	-0.0798051	-0.17	0.17
  8113	-0.0309173	-0.17	0.17
  8114	-0.0397326	-0.17	0.17
  8115	-0.0647051	-0.17	0.17
  8116	-0.0131146	-0.17	0.17
  8117	-0.0634856	-0.17	0.17
  8118	-0.0707188	-0.17	0.17
  8119	-0.0365726	-0.17	0.17
  8120	-0.0506772	-0.17	0.17
  8121	-0.0694028	-0.17	0.17
  8122	-0.0770997	-0.17	0.17
  8123	-0.0452036	-0.17	0.17
  8124	-0.049697	-0.17	0.17
  8125	-0.063899	-0.17	0.17
  8126	-0.0762001	-0.17	0.17
  8127	-0.08029	-0.17	0.17
  8128	-0.0677152	-0.17	0.17
  8129	-0.0790814	-0.17	0.17
  8130	-0.0168842	-0.17	0.17
  8131	-0.0524233	-0.17	0.17
  8132	-0.0725929	-0.17	0.17
  8133	-0.0462567	-0.17	0.17
  8134	-0.037498	-0.17	0.17
  8135	-0.0713309	-0.17	0.17
  8136	-0.0624295	-0.17	0.17
  8137	-0.067591	-0.17	0.17
  8138	-0.0779904	-0.17	0.17
  8139	-0.0613621	-0.17	0.17
  8140	-0.0805575	-0.17	0.17
  8141	-0.0421688	-0.17	0.17
  8142	-0.0616424	-0.17	0.17
  8143	-0.068175	-0.17	0.17
  8144	-0.0522994	-0.17	0.17
  8145	-0.0761486	-0.17	0.17
  8146	-0.0798731	-0.17	0.17
  8147	-0.0800612	-0.17	0.17
  8148	-0.0734429	-0.17	0.17
  8149	-0.0786283	-0.17	0.17
  8150	-0.0312615	-0.17	0.17
  8151	-0.0544606	-0.17	0.17
  8152	-0.0805992	-0.17	0.17
  8153	-0.0338424	-0.17	0.17
  8154	-0.0687583	-0.17	0.17
  8155	-0.0272395	-0.17	0.17
  8156	-0.0343041	-0.17	0.17
  8157	-0.0794534	-0.17	0.17
  8158	-0.0256786	-0.17	0.17
  8159	-0.0760182	-0.17	0.17
  8160	-0.0374037	-0.17	0.17
  8161	-0.0757076	-0.17	0.17
  8162	-0.050661	-0.17	0.17
  8163	-0.0596232	-0.17	0.17
  8164	-0.0276552	-0.17	0.17
  8165	-0.0806236	-0.17	0.17
  8166	-0.0436828	-0.17	0.17
  8167	-0.0790671	-0.17	0.17
  8168	-0.0450912	-0.17	0.17
  8169	-0.0411383	-0.17	0.17
  8170	-0.0756307	-0.17	0.17
  8171	-0.0524086	-0.17	0.17
  8172	-0.0517605	-0.17	0.17
  8173	-0.061883	-0.17	0.17
  8174	-0.0313512	-0.17	0.17
  8175	-0.0652673	-0.17	0.17
  8176	-0.0775219	-0.17	0.17
  8177	-0.0524115	-0.17	0.17
  8178	-0.0509466	-0.17	0.17
  8179	-0.048865	-0.17	0.17
  8180	-0.0465941	-0.17	0.17
  8181	-0.0664238	-0.17	0.17
  8182	-0.0534486	-0.17	0.17
  8183	-0.028187	-0.17	0.17
  8184	-0.033267	-0.17	0.17
  8185	-0.0315949	-0.17	0.17
  8186	-0.0425433	-0.17	0.17
  8187	-0.0363862	-0.17	0.17
  8188	-0.0454528	-0.17	0.17
  8189	-0.0605273	-0.17	0.17
  8190	-0.0510397	-0.17	0.17
  8191	-0.0546269	-0.17	0.17
  8192	-0.0615553	-0.17	0.17
  8193	-0.049509	-0.17	0.17
  8194	-0.0722409	-0.17	0.17
  8195	-0.0783257	-0.17	0.17
  8196	-0.0802428	-0.17	0.17
  8197	-0.0520585	-0.17	0.17
  8198	-0.0522505	-0.17	0.17
  8199	-0.0752247	-0.17	0.17
  8200	-0.0141176	-0.17	0.17
  8201	-0.0647022	-0.17	0.17
  8202	-0.0761455	-0.17	0.17
  8203	-0.0777017	-0.17	0.17
  8204	-0.0386224	-0.17	0.17
  8205	-0.0712335	-0.17	0.17
  8206	-0.0514642	-0.17	0.17
  8207	-0.0545151	-0.17	0.17
  8208	-0.0461465	-0.17	0.17
  8209	-0.06392	-0.17	0.17
  8210	-0.0686253	-0.17	0.17
  8211	-0.0628712	-0.17	0.17
  8212	-0.0605502	-0.17	0.17
  8213	-0.031203	-0.17	0.17
  8214	-0.0686102	-0.17	0.17
  8215	-0.0584451	-0.17	0.17
  8216	-0.0689947	-0.17	0.17
  8217	-0.0504514	-0.17	0.17
  8218	-0.0757338	-0.17	0.17
  8219	-0.0186708	-0.17	0.17
  8220	-0.0799636	-0.17	0.17
  8221	-0.0539163	-0.17	0.17
  8222	-0.0481351	-0.17	0.17
  8223	-0.0779277	-0.17	0.17
  8224	-0.0174606	-0.17	0.17
  8225	-0.0471331	-0.17	0.17
  8226	-0.0804576	-0.17	0.17
  8227	-0.0482991	-0.17	0.17
  8228	-0.0528437	-0.17	0.17
  8229	-0.0468174	-0.17	0.17
  8230	-0.0753032	-0.17	0.17
  8231	-0.0553426	-0.17	0.17
  8232	-0.0784198	-0.17	0.17
  8233	-0.0662848	-0.17	0.17
  8234	-0.0728621	-0.17	0.17
  8235	-0.0707489	-0.17	0.17
  8236	-0.0615548	-0.17	0.17
  8237	-0.0757482	-0.17	0.17
  8238	-0.0714237	-0.17	0.17
  8239	-0.0633243	-0.17	0.17
  8240	-0.0713629	-0.17	0.17
  8241	-0.0698545	-0.17	0.17
  8242	-0.0566256	-0.17	0.17
  8243	-0.0270989	-0.17	0.17
  8244	-0.0783936	-0.17	0.17
  8245	-0.0793295	-0.17	0.17
  8246	-0.0497149	-0.17	0.17
  8247	-0.0780531	-0.17	0.17
  8248	-0.0219689	-0.17	0.17
  8249	-0.021383	-0.17	0.17
  8250	-0.0589177	-0.17	0.17
  8251	-0.0181831	-0.17	0.17
  8252	-0.0441914	-0.17	0.17
  8253	-0.0657023	-0.17	0.17
  8254	-0.0564841	-0.17	0.17
  8255	-0.0501498	-0.17	0.17
  8256	-0.0796635	-0.17	0.17
  8257	-0.0771941	-0.17	0.17
  8258	-0.0469391	-0.17	0.17
  8259	-0.0710084	-0.17	0.17
  8260	-0.075095	-0.17	0.17
  8261	-0.0252511	-0.17	0.17
  8262	-0.0654424	-0.17	0.17
  8263	-0.0795605	-0.17	0.17
  8264	-0.0618375	-0.17	0.17
  8265	-0.0750903	-0.17	0.17
  8266	-0.07931	-0.17	0.17
  8267	-0.0662296	-0.17	0.17
  8268	-0.0402843	-0.17	0.17
  8269	-0.0742977	-0.17	0.17
  8270	-0.0765575	-0.17	0.17
  8271	-0.0589462	-0.17	0.17
  8272	-0.066364	-0.17	0.17
  8273	-0.0487353	-0.17	0.17
  8274	-0.0655115	-0.17	0.17
  8275	-0.0211474	-0.17	0.17
  8276	-0.0435559	-0.17	0.17
  8277	-0.0725935	-0.17	0.17
  8278	-0.0667508	-0.17	0.17
  8279	-0.0449986	-0.17	0.17
  8280	-0.057558	-0.17	0.17
  8281	-0.0634724	-0.17	0.17
  8282	-0.079276	-0.17	0.17
  8283	-0.0638704	-0.17	0.17
  8284	-0.0701595	-0.17	0.17
  8285	-0.0798739	-0.17	0.17
  8286	-0.0633301	-0.17	0.17
  8287	-0.0421405	-0.17	0.17
  8288	-0.0580258	-0.17	0.17
  8289	-0.0777882	-0.17	0.17
  8290	-0.0441538	-0.17	0.17
  8291	-0.0386425	-0.17	0.17
  8292	-0.0365706	-0.17	0.17
  8293	-0.0653024	-0.17	0.17
  8294	-0.073205	-0.17	0.17
  8295	-0.0617941	-0.17	0.17
  8296	-0.0775514	-0.17	0.17
  8297	-0.078765	-0.17	0.17
  8298	-0.0612418	-0.17	0.17
  8299	-0.0514397	-0.17	0.17
  8300	-0.0685836	-0.17	0.17
  8301	-0.0754129	-0.17	0.17
  8302	-0.0635617	-0.17	0.17
  8303	-0.0342445	-0.17	0.17
  8304	-0.0792537	-0.17	0.17
  8305	-0.0702856	-0.17	0.17
  8306	-0.0406788	-0.17	0.17
  8307	-0.0657105	-0.17	0.17
  8308	-0.0434249	-0.17	0.17
  8309	-0.0804865	-0.17	0.17
  8310	-0.0797108	-0.17	0.17
  8311	-0.0435336	-0.17	0.17
  8312	-0.0783005	-0.17	0.17
  8313	-0.060937	-0.17	0.17
  8314	-0.0756543	-0.17	0.17
  8315	-0.0351567	-0.17	0.17
  8316	-0.0509231	-0.17	0.17
  8317	-0.0516802	-0.17	0.17
  8318	-0.077857	-0.17	0.17
  8319	-0.0411104	-0.17	0.17
  8320	-0.0324674	-0.17	0.17
  8321	-0.0566973	-0.17	0.17
  8322	-0.0727287	-0.17	0.17
  8323	-0.0549484	-0.17	0.17
  8324	-0.0765642	-0.17	0.17
  8325	-0.0742672	-0.17	0.17
  8326	-0.0558657	-0.17	0.17
  8327	-0.0447969	-0.17	0.17
  8328	-0.0733996	-0.17	0.17
  8329	-0.0442443	-0.17	0.17
  8330	-0.079404	-0.17	0.17
  8331	-0.0562818	-0.17	0.17
  8332	-0.0659532	-0.17	0.17
  8333	-0.0608178	-0.17	0.17
  8334	-0.0390552	-0.17	0.17
  8335	-0.0735539	-0.17	0.17
  8336	-0.0789936	-0.17	0.17
  8337	-0.0385326	-0.17	0.17
  8338	-0.0424773	-0.17	0.17
  8339	-0.0572959	-0.17	0.17
  8340	-0.0563492	-0.17	0.17
  8341	-0.0257858	-0.17	0.17
  8342	-0.0433417	-0.17	0.17
  8343	-0.0773001	-0.17	0.17
  8344	-0.0753703	-0.17	0.17
  8345	-0.0802498	-0.17	0.17
  8346	-0.0564665	-0.17	0.17
  8347	-0.0734929	-0.17	0.17
  8348	-0.0376865	-0.17	0.17
  8349	-0.0471633	-0.17	0.17
  8350	-0.0292143	-0.17	0.17
  8351	-0.0451	-0.17	0.17
  8352	-0.052297	-0.17	0.17
  8353	-0.0791256	-0.17	0.17
  8354	-0.0403671	-0.17	0.17
  8355	-0.0660039	-0.17	0.17
  8356	-0.0470962	-0.17	0.17
  8357	-0.0346195	-0.17	0.17
  8358	-0.0795917	-0.17	0.17
  8359	-0.0743012	-0.17	0.17
  8360	-0.0454109	-0.17	0.17
  8361	-0.0713902	-0.17	0.17
  8362	-0.0762808	-0.17	0.17
  8363	-0.0773082	-0.17	0.17
  8364	-0.0513161	-0.17	0.17
  8365	-0.071518	-0.17	0.17
  8366	-0.0515224	-0.17	0.17
  8367	-0.079495	-0.17	0.17
  8368	-0.0677984	-0.17	0.17
  8369	-0.0703891	-0.17	0.17
  8370	-0.0297403	-0.17	0.17
  8371	-0.0155717	-0.17	0.17
  8372	-0.0683428	-0.17	0.17
  8373	-0.0796074	-0.17	0.17
  8374	-0.0464831	-0.17	0.17
  8375	-0.0485311	-0.17	0.17
  8376	-0.0791853	-0.17	0.17
  8377	-0.0529361	-0.17	0.17
  8378	-0.0437148	-0.17	0.17
  8379	-0.0707058	-0.17	0.17
  8380	-0.0665457	-0.17	0.17
  8381	-0.0643149	-0.17	0.17
  8382	-0.0615131	-0.17	0.17
  8383	-0.0552549	-0.17	0.17
  8384	-0.0620435	-0.17	0.17
  8385	-0.0615361	-0.17	0.17
  8386	-0.0275055	-0.17	0.17
  8387	-0.0714632	-0.17	0.17
  8388	-0.0575425	-0.17	0.17
  8389	-0.0644052	-0.17	0.17
  8390	-0.0269114	-0.17	0.17
  8391	-0.065084	-0.17	0.17
  8392	-0.0603926	-0.17	0.17
  8393	-0.074412	-0.17	0.17
  8394	-0.0387377	-0.17	0.17
  8395	-0.0314974	-0.17	0.17
  8396	-0.0413198	-0.17	0.17
  8397	-0.0540352	-0.17	0.17
  8398	-0.0626805	-0.17	0.17
  8399	-0.0447096	-0.17	0.17
  8400	-0.0535303	-0.17	0.17
  8401	-0.0621138	-0.17	0.17
  8402	-0.079279	-0.17	0.17
  8403	-0.0215385	-0.17	0.17
  8404	-0.0686095	-0.17	0.17
  8405	-0.0217988	-0.17	0.17
  8406	-0.0511502	-0.17	0.17
  8407	-0.0531004	-0.17	0.17
  8408	-0.076745	-0.17	0.17
  8409	-0.0662789	-0.17	0.17
  8410	-0.033551	-0.17	0.17
  8411	-0.0659405	-0.17	0.17
  8412	-0.0792561	-0.17	0.17
  8413	-0.0788012	-0.17	0.17
  8414	-0.0491397	-0.17	0.17
  8415	-0.0687781	-0.17	0.17
  8416	-0.0749304	-0.17	0.17
  8417	-0.0733688	-0.17	0.17
  8418	-0.0698765	-0.17	0.17
  8419	-0.0240452	-0.17	0.17
  8420	-0.0801738	-0.17	0.17
  8421	-0.0807783	-0.17	0.17
  8422	-0.0777789	-0.17	0.17
  8423	-0.0696302	-0.17	0.17
  8424	-0.066512	-0.17	0.17
  8425	-0.0514029	-0.17	0.17
  8426	-0.0381346	-0.17	0.17
  8427	-0.0310357	-0.17	0.17
  8428	-0.0765419	-0.17	0.17
  8429	-0.0592527	-0.17	0.17
  8430	-0.0757392	-0.17	0.17
  8431	-0.0756342	-0.17	0.17
  8432	-0.069603	-0.17	0.17
  8433	-0.0629767	-0.17	0.17
  8434	-0.0523981	-0.17	0.17
  8435	-0.0359248	-0.17	0.17
  8436	-0.0460046	-0.17	0.17
  8437	-0.0798912	-0.17	0.17
  8438	-0.0670515	-0.17	0.17
  8439	-0.0501333	-0.17	0.17
  8440	-0.0633495	-0.17	0.17
  8441	-0.0442618	-0.17	0.17
  8442	-0.043674	-0.17	0.17
  8443	-0.0620515	-0.17	0.17
  8444	-0.0529109	-0.17	0.17
  8445	-0.071877	-0.17	0.17
  8446	-0.0423902	-0.17	0.17
  8447	-0.0611173	-0.17	0.17
  8448	-0.0799965	-0.17	0.17
  8449	-0.0396143	-0.17	0.17
  8450	-0.0739168	-0.17	0.17
  8451	-0.0473052	-0.17	0.17
  8452	-0.0243152	-0.17	0.17
  8453	-0.0788288	-0.17	0.17
  8454	-0.0439473	-0.17	0.17
  8455	-0.0180321	-0.17	0.17
  8456	-0.06512	-0.17	0.17
  8457	-0.0323977	-0.17	0.17
  8458	-0.0518575	-0.17	0.17
  8459	-0.0736192	-0.17	0.17
  8460	-0.0530377	-0.17	0.17
  8461	-0.0353342	-0.17	0.17
  8462	-0.0802507	-0.17	0.17
  8463	-0.0587276	-0.17	0.17
  8464	-0.0531681	-0.17	0.17
  8465	-0.0547852	-0.17	0.17
  8466	-0.0778675	-0.17	0.17
  8467	-0.0704582	-0.17	0.17
  8468	-0.0697948	-0.17	0.17
  8469	-0.0383165	-0.17	0.17
  8470	-0.0659017	-0.17	0.17
  8471	-0.0470618	-0.17	0.17
  8472	-0.056086	-0.17	0.17
  8473	-0.058307	-0.17	0.17
  8474	-0.0721499	-0.17	0.17
  8475	-0.0556917	-0.17	0.17
  8476	-0.0422331	-0.17	0.17
  8477	-0.0761613	-0.17	0.17
  8478	-0.0426647	-0.17	0.17
  8479	-0.0607089	-0.17	0.17
  8480	-0.075187	-0.17	0.17
  8481	-0.0788646	-0.17	0.17
  8482	-0.0789235	-0.17	0.17
  8483	-0.018628	-0.17	0.17
  8484	-0.0184996	-0.17	0.17
  8485	-0.0324195	-0.17	0.17
  8486	-0.037153	-0.17	0.17
  8487	-0.0365201	-0.17	0.17
  8488	-0.035794	-0.17	0.17
  8489	-0.022846	-0.17	0.17
  8490	-0.0761713	-0.17	0.17
  8491	-0.0774044	-0.17	0.17
  8492	-0.0675731	-0.17	0.17
  8493	-0.0534349	-0.17	0.17
  8494	-0.0413353	-0.17	0.17
  8495	-0.0788463	-0.17	0.17
  8496	-0.024782	-0.17	0.17
  8497	-0.0417112	-0.17	0.17
  8498	-0.0674739	-0.17	0.17
  8499	-0.0530321	-0.17	0.17
  8500	-0.0716832	-0.17	0.17
  8501	-0.0667573	-0.17	0.17
  8502	-0.0745799	-0.17	0.17
  8503	-0.0292706	-0.17	0.17
  8504	-0.0806671	-0.17	0.17
  8505	-0.0455217	-0.17	0.17
  8506	-0.0754745	-0.17	0.17
  8507	-0.0797449	-0.17	0.17
  8508	-0.078892	-0.17	0.17
  8509	-0.0802957	-0.17	0.17
  8510	-0.0182763	-0.17	0.17
  8511	-0.0408754	-0.17	0.17
  8512	-0.07623	-0.17	0.17
  8513	-0.0610103	-0.17	0.17
  8514	-0.0578719	-0.17	0.17
  8515	-0.0582625	-0.17	0.17
  8516	-0.0785329	-0.17	0.17
  8517	-0.0732804	-0.17	0.17
  8518	-0.0594225	-0.17	0.17
  8519	-0.0802839	-0.17	0.17
  8520	-0.0683157	-0.17	0.17
  8521	-0.0681317	-0.17	0.17
  8522	-0.0529731	-0.17	0.17
  8523	-0.0209114	-0.17	0.17
  8524	-0.0801827	-0.17	0.17
  8525	-0.0749173	-0.17	0.17
  8526	-0.0444754	-0.17	0.17
  8527	-0.0451284	-0.17	0.17
  8528	-0.0544113	-0.17	0.17
  8529	-0.0796417	-0.17	0.17
  8530	-0.0774829	-0.17	0.17
  8531	-0.080194	-0.17	0.17
  8532	-0.048654	-0.17	0.17
  8533	-0.0719436	-0.17	0.17
  8534	-0.0382911	-0.17	0.17
  8535	-0.0789673	-0.17	0.17
  8536	-0.0464495	-0.17	0.17
  8537	-0.0542729	-0.17	0.17
  8538	-0.0414191	-0.17	0.17
  8539	-0.0582841	-0.17	0.17
  8540	-0.0136146	-0.17	0.17
  8541	-0.0623657	-0.17	0.17
  8542	-0.0715929	-0.17	0.17
  8543	-0.0696006	-0.17	0.17
  8544	-0.067978	-0.17	0.17
  8545	-0.0509649	-0.17	0.17
  8546	-0.0781138	-0.17	0.17
  8547	-0.0747172	-0.17	0.17
  8548	-0.037092	-0.17	0.17
  8549	-0.0653592	-0.17	0.17
  8550	-0.0757371	-0.17	0.17
  8551	-0.0756388	-0.17	0.17
  8552	-0.0590433	-0.17	0.17
  8553	-0.0725628	-0.17	0.17
  8554	-0.044525	-0.17	0.17
  8555	-0.054262	-0.17	0.17
  8556	-0.076034	-0.17	0.17
  8557	-0.0278304	-0.17	0.17
  8558	-0.0520253	-0.17	0.17
  8559	-0.0178205	-0.17	0.17
  8560	-0.0606067	-0.17	0.17
  8561	-0.0806311	-0.17	0.17
  8562	-0.0320532	-0.17	0.17
  8563	-0.0591643	-0.17	0.17
  8564	-0.0628419	-0.17	0.17
  8565	-0.0418292	-0.17	0.17
  8566	-0.0542205	-0.17	0.17
  8567	-0.0805406	-0.17	0.17
  8568	-0.0374723	-0.17	0.17
  8569	-0.0521389	-0.17	0.17
  8570	-0.073474	-0.17	0.17
  8571	-0.0646644	-0.17	0.17
  8572	-0.0762552	-0.17	0.17
  8573	-0.055771	-0.17	0.17
  8574	-0.0275777	-0.17	0.17
  8575	-0.0442343	-0.17	0.17
  8576	-0.0661941	-0.17	0.17
  8577	-0.0395411	-0.17	0.17
  8578	-0.0677712	-0.17	0.17
  8579	-0.0633644	-0.17	0.17
  8580	-0.0358485	-0.17	0.17
  8581	-0.0728721	-0.17	0.17
  8582	-0.0567922	-0.17	0.17
  8583	-0.0717457	-0.17	0.17
  8584	-0.0754778	-0.17	0.17
  8585	-0.0743551	-0.17	0.17
  8586	-0.0314177	-0.17	0.17
  8587	-0.0724413	-0.17	0.17
  8588	-0.043992	-0.17	0.17
  8589	-0.0765111	-0.17	0.17
  8590	-0.0605824	-0.17	0.17
  8591	-0.0734534	-0.17	0.17
  8592	-0.022721	-0.17	0.17
  8593	-0.0741828	-0.17	0.17
  8594	-0.0743649	-0.17	0.17
  8595	-0.0469417	-0.17	0.17
  8596	-0.0525323	-0.17	0.17
  8597	-0.0202731	-0.17	0.17
  8598	-0.0641457	-0.17	0.17
  8599	-0.0499474	-0.17	0.17
  8600	-0.0209134	-0.17	0.17
  8601	-0.0786641	-0.17	0.17
  8602	-0.057945	-0.17	0.17
  8603	-0.0624067	-0.17	0.17
  8604	-0.0577411	-0.17	0.17
  8605	-0.0793355	-0.17	0.17
  8606	-0.0366531	-0.17	0.17
  8607	-0.0731941	-0.17	0.17
  8608	-0.0526071	-0.17	0.17
  8609	-0.0709052	-0.17	0.17
  8610	-0.035067	-0.17	0.17
  8611	-0.0738899	-0.17	0.17
  8612	-0.050257	-0.17	0.17
  8613	-0.0554459	-0.17	0.17
  8614	-0.0536203	-0.17	0.17
  8615	-0.0762596	-0.17	0.17
  8616	-0.021684	-0.17	0.17
  8617	-0.0580427	-0.17	0.17
  8618	-0.0460159	-0.17	0.17
  8619	-0.0602473	-0.17	0.17
  8620	-0.0285678	-0.17	0.17
  8621	-0.0708583	-0.17	0.17
  8622	-0.0641794	-0.17	0.17
  8623	-0.0687612	-0.17	0.17
  8624	-0.0796344	-0.17	0.17
  8625	-0.0351631	-0.17	0.17
  8626	-0.0580516	-0.17	0.17
  8627	-0.0737889	-0.17	0.17
  8628	-0.0254138	-0.17	0.17
  8629	-0.0598501	-0.17	0.17
  8630	-0.0736578	-0.17	0.17
  8631	-0.0407587	-0.17	0.17
  8632	-0.0204816	-0.17	0.17
  8633	-0.0667875	-0.17	0.17
  8634	-0.0630431	-0.17	0.17
  8635	-0.0620858	-0.17	0.17
  8636	-0.0806204	-0.17	0.17
  8637	-0.0491685	-0.17	0.17
  8638	-0.0420276	-0.17	0.17
  8639	-0.0706571	-0.17	0.17
  8640	-0.0679881	-0.17	0.17
  8641	-0.0694147	-0.17	0.17
  8642	-0.0644543	-0.17	0.17
  8643	-0.0719189	-0.17	0.17
  8644	-0.0742108	-0.17	0.17
  8645	-0.071292	-0.17	0.17
  8646	-0.0469744	-0.17	0.17
  8647	-0.0457358	-0.17	0.17
  8648	-0.0458954	-0.17	0.17
  8649	-0.0493928	-0.17	0.17
  8650	-0.0634376	-0.17	0.17
  8651	-0.0526275	-0.17	0.17
  8652	-0.0136538	-0.17	0.17
  8653	-0.0625934	-0.17	0.17
  8654	-0.0513613	-0.17	0.17
  8655	-0.0541063	-0.17	0.17
  8656	-0.0510937	-0.17	0.17
  8657	-0.0655961	-0.17	0.17
  8658	-0.0358015	-0.17	0.17
  8659	-0.0716212	-0.17	0.17
  8660	-0.0537053	-0.17	0.17
  8661	-0.0729861	-0.17	0.17
  8662	-0.0645613	-0.17	0.17
  8663	-0.0570423	-0.17	0.17
  8664	-0.0712565	-0.17	0.17
  8665	-0.0793279	-0.17	0.17
  8666	-0.0396937	-0.17	0.17
  8667	-0.0480002	-0.17	0.17
  8668	-0.0793379	-0.17	0.17
  8669	-0.0330781	-0.17	0.17
  8670	-0.0695733	-0.17	0.17
  8671	-0.0485372	-0.17	0.17
  8672	-0.0587865	-0.17	0.17
  8673	-0.0788858	-0.17	0.17
  8674	-0.0597633	-0.17	0.17
  8675	-0.0506208	-0.17	0.17
  8676	-0.0606734	-0.17	0.17
  8677	-0.078822	-0.17	0.17
  8678	-0.0550941	-0.17	0.17
  8679	-0.0805101	-0.17	0.17
  8680	-0.0349227	-0.17	0.17
  8681	-0.0764264	-0.17	0.17
  8682	-0.0548789	-0.17	0.17
  8683	-0.0745197	-0.17	0.17
  8684	-0.0447324	-0.17	0.17
  8685	-0.0791322	-0.17	0.17
  8686	-0.0659058	-0.17	0.17
  8687	-0.071088	-0.17	0.17
  8688	-0.0615206	-0.17	0.17
  8689	-0.063893	-0.17	0.17
  8690	-0.0537642	-0.17	0.17
  8691	-0.0758351	-0.17	0.17
  8692	-0.0308067	-0.17	0.17
  8693	-0.0566087	-0.17	0.17
  8694	-0.0752805	-0.17	0.17
  8695	-0.0685821	-0.17	0.17
  8696	-0.0577777	-0.17	0.17
  8697	-0.0724725	-0.17	0.17
  8698	-0.0458234	-0.17	0.17
  8699	-0.0669174	-0.17	0.17
  8700	-0.0602542	-0.17	0.17
  8701	-0.0800665	-0.17	0.17
  8702	-0.0648209	-0.17	0.17
  8703	-0.0720689	-0.17	0.17
  8704	-0.0460613	-0.17	0.17
  8705	-0.05225	-0.17	0.17
  8706	-0.068743	-0.17	0.17
  8707	-0.043621	-0.17	0.17
  8708	-0.0246101	-0.17	0.17
  8709	-0.0589111	-0.17	0.17
  8710	-0.0612896	-0.17	0.17
  8711	-0.077456	-0.17	0.17
  8712	-0.0428466	-0.17	0.17
  8713	-0.0679803	-0.17	0.17
  8714	-0.0742671	-0.17	0.17
  8715	-0.0280761	-0.17	0.17
  8716	-0.0181774	-0.17	0.17
  8717	-0.0445782	-0.17	0.17
  8718	-0.0639661	-0.17	0.17
  8719	-0.0145129	-0.17	0.17
  8720	-0.0509381	-0.17	0.17
  8721	-0.0752211	-0.17	0.17
  8722	-0.0486983	-0.17	0.17
  8723	-0.0795717	-0.17	0.17
  8724	-0.0515139	-0.17	0.17
  8725	-0.0212716	-0.17	0.17
  8726	-0.0659323	-0.17	0.17
  8727	-0.0344405	-0.17	0.17
  8728	-0.0552224	-0.17	0.17
  8729	-0.0428274	-0.17	0.17
  8730	-0.0608083	-0.17	0.17
  8731	-0.0771277	-0.17	0.17
  8732	-0.063755	-0.17	0.17
  8733	-0.073776	-0.17	0.17
  8734	-0.0764121	-0.17	0.17
  8735	-0.0142446	-0.17	0.17
  8736	-0.0316485	-0.17	0.17
  8737	-0.0766105	-0.17	0.17
  8738	-0.0791884	-0.17	0.17
  8739	-0.0669092	-0.17	0.17
  8740	-0.0803223	-0.17	0.17
  8741	-0.0782063	-0.17	0.17
  8742	-0.077847	-0.17	0.17
  8743	-0.0271817	-0.17	0.17
  8744	-0.0559447	-0.17	0.17
  8745	-0.03367	-0.17	0.17
  8746	-0.0719433	-0.17	0.17
  8747	-0.0789159	-0.17	0.17
  8748	-0.0689568	-0.17	0.17
  8749	-0.0539309	-0.17	0.17
  8750	-0.0792174	-0.17	0.17
  8751	-0.0559252	-0.17	0.17
  8752	-0.0728978	-0.17	0.17
  8753	-0.0402374	-0.17	0.17
  8754	-0.0474923	-0.17	0.17
  8755	-0.0625119	-0.17	0.17
  8756	-0.0644714	-0.17	0.17
  8757	-0.0763264	-0.17	0.17
  8758	-0.0665007	-0.17	0.17
  8759	-0.0611464	-0.17	0.17
  8760	-0.0738337	-0.17	0.17
  8761	-0.0581909	-0.17	0.17
  8762	-0.0542686	-0.17	0.17
  8763	-0.0557911	-0.17	0.17
  8764	-0.0578741	-0.17	0.17
  8765	-0.0169832	-0.17	0.17
  8766	-0.0468278	-0.17	0.17
  8767	-0.0608089	-0.17	0.17
  8768	-0.0738571	-0.17	0.17
  8769	-0.0545677	-0.17	0.17
  8770	-0.0798282	-0.17	0.17
  8771	-0.0778841	-0.17	0.17
  8772	-0.0386317	-0.17	0.17
  8773	-0.0760216	-0.17	0.17
  8774	-0.0148362	-0.17	0.17
  8775	-0.0319589	-0.17	0.17
  8776	-0.0670384	-0.17	0.17
  8777	-0.068253	-0.17	0.17
  8778	-0.0562093	-0.17	0.17
  8779	-0.0224549	-0.17	0.17
  8780	-0.0400771	-0.17	0.17
  8781	-0.0470678	-0.17	0.17
  8782	-0.0542514	-0.17	0.17
  8783	-0.078086	-0.17	0.17
  8784	-0.0470538	-0.17	0.17
  8785	-0.0293211	-0.17	0.17
  8786	-0.0703643	-0.17	0.17
  8787	-0.0728105	-0.17	0.17
  8788	-0.041868	-0.17	0.17
  8789	-0.072216	-0.17	0.17
  8790	-0.0654639	-0.17	0.17
  8791	-0.0619975	-0.17	0.17
  8792	-0.0759428	-0.17	0.17
  8793	-0.042893	-0.17	0.17
  8794	-0.0145702	-0.17	0.17
  8795	-0.0140023	-0.17	0.17
  8796	-0.0572244	-0.17	0.17
  8797	-0.0705448	-0.17	0.17
  8798	-0.0621086	-0.17	0.17
  8799	-0.0699823	-0.17	0.17
  8800	-0.0545365	-0.17	0.17
  8801	-0.0234683	-0.17	0.17
  8802	-0.0804216	-0.17	0.17
  8803	-0.0790416	-0.17	0.17
  8804	-0.0626563	-0.17	0.17
  8805	-0.0665141	-0.17	0.17
  8806	-0.0777974	-0.17	0.17
  8807	-0.0572784	-0.17	0.17
  8808	-0.0652234	-0.17	0.17
  8809	-0.0392819	-0.17	0.17
  8810	-0.0716327	-0.17	0.17
  8811	-0.0504129	-0.17	0.17
  8812	-0.0466055	-0.17	0.17
  8813	-0.0236438	-0.17	0.17
  8814	-0.0614022	-0.17	0.17
  8815	-0.0178345	-0.17	0.17
  8816	-0.0495326	-0.17	0.17
  8817	-0.0743632	-0.17	0.17
  8818	-0.0411774	-0.17	0.17
  8819	-0.0766797	-0.17	0.17
  8820	-0.0759121	-0.17	0.17
  8821	-0.052002	-0.17	0.17
  8822	-0.0582524	-0.17	0.17
  8823	-0.0499145	-0.17	0.17
  8824	-0.051375	-0.17	0.17
  8825	-0.0540235	-0.17	0.17
  8826	-0.0167181	-0.17	0.17
  8827	-0.0596112	-0.17	0.17
  8828	-0.0614762	-0.17	0.17
  8829	-0.0534356	-0.17	0.17
  8830	-0.0782072	-0.17	0.17
  8831	-0.0607624	-0.17	0.17
  8832	-0.0677622	-0.17	0.17
  8833	-0.0704532	-0.17	0.17
  8834	-0.0559724	-0.17	0.17
  8835	-0.063883	-0.17	0.17
  8836	-0.071697	-0.17	0.17
  8837	-0.0730367	-0.17	0.17
  8838	-0.0448943	-0.17	0.17
  8839	-0.0734601	-0.17	0.17
  8840	-0.0228718	-0.17	0.17
  8841	-0.072945	-0.17	0.17
  8842	-0.0732224	-0.17	0.17
  8843	-0.0783113	-0.17	0.17
  8844	-0.0733143	-0.17	0.17
  8845	-0.0711141	-0.17	0.17
  8846	-0.0495149	-0.17	0.17
  8847	-0.0544108	-0.17	0.17
  8848	-0.0483798	-0.17	0.17
  8849	-0.0368733	-0.17	0.17
  8850	-0.0245405	-0.17	0.17
  8851	-0.0391745	-0.17	0.17
  8852	-0.0783133	-0.17	0.17
  8853	-0.0641836	-0.17	0.17
  8854	-0.0719773	-0.17	0.17
  8855	-0.0739331	-0.17	0.17
  8856	-0.0463568	-0.17	0.17
  8857	-0.0702197	-0.17	0.17
  8858	-0.0215998	-0.17	0.17
  8859	-0.0726653	-0.17	0.17
  8860	-0.072573	-0.17	0.17
  8861	-0.0653909	-0.17	0.17
  8862	-0.0384232	-0.17	0.17
  8863	-0.0636791	-0.17	0.17
  8864	-0.0791792	-0.17	0.17
  8865	-0.0764621	-0.17	0.17
  8866	-0.0797179	-0.17	0.17
  8867	-0.077494	-0.17	0.17
  8868	-0.0588877	-0.17	0.17
  8869	-0.056077	-0.17	0.17
  8870	-0.065254	-0.17	0.17
  8871	-0.0764641	-0.17	0.17
  8872	-0.0574756	-0.17	0.17
  8873	-0.0777336	-0.17	0.17
  8874	-0.0789249	-0.17	0.17
  8875	-0.0403339	-0.17	0.17
  8876	-0.0334721	-0.17	0.17
  8877	-0.037122	-0.17	0.17
  8878	-0.0557516	-0.17	0.17
  8879	-0.0803989	-0.17	0.17
  8880	-0.019887	-0.17	0.17
  8881	-0.0652686	-0.17	0.17
  8882	-0.0782377	-0.17	0.17
  8883	-0.0790094	-0.17	0.17
  8884	-0.0678679	-0.17	0.17
  8885	-0.0686623	-0.17	0.17
  8886	-0.0212877	-0.17	0.17
  8887	-0.0428968	-0.17	0.17
  8888	-0.0657934	-0.17	0.17
  8889	-0.0148178	-0.17	0.17
  8890	-0.0673737	-0.17	0.17
  8891	-0.0474117	-0.17	0.17
  8892	-0.0662832	-0.17	0.17
  8893	-0.019229	-0.17	0.17
  8894	-0.0258048	-0.17	0.17
  8895	-0.0620965	-0.17	0.17
  8896	-0.0414897	-0.17	0.17
  8897	-0.028523	-0.17	0.17
  8898	-0.0540784	-0.17	0.17
  8899	-0.0680298	-0.17	0.17
  8900	-0.013693	-0.17	0.17
  8901	-0.0453098	-0.17	0.17
  8902	-0.0407929	-0.17	0.17
  8903	-0.038083	-0.17	0.17
  8904	-0.080129	-0.17	0.17
  8905	-0.0619738	-0.17	0.17
  8906	-0.0370543	-0.17	0.17
  8907	-0.0182082	-0.17	0.17
  8908	-0.0445559	-0.17	0.17
  8909	-0.068543	-0.17	0.17
  8910	-0.0671101	-0.17	0.17
  8911	-0.0702156	-0.17	0.17
  8912	-0.0609382	-0.17	0.17
  8913	-0.0287622	-0.17	0.17
  8914	-0.0496669	-0.17	0.17
  8915	-0.0789566	-0.17	0.17
  8916	-0.0136731	-0.17	0.17
  8917	-0.0684147	-0.17	0.17
  8918	-0.0512001	-0.17	0.17
  8919	-0.0702404	-0.17	0.17
  8920	-0.0807933	-0.17	0.17
  8921	-0.0514381	-0.17	0.17
  8922	-0.0803042	-0.17	0.17
  8923	-0.0635821	-0.17	0.17
  8924	-0.0808648	-0.17	0.17
  8925	-0.0788218	-0.17	0.17
  8926	-0.0704546	-0.17	0.17
  8927	-0.0800119	-0.17	0.17
  8928	-0.0268706	-0.17	0.17
  8929	-0.0435148	-0.17	0.17
  8930	-0.0754925	-0.17	0.17
  8931	-0.0568693	-0.17	0.17
  8932	-0.066382	-0.17	0.17
  8933	-0.0754019	-0.17	0.17
  8934	-0.0709376	-0.17	0.17
  8935	-0.0466759	-0.17	0.17
  8936	-0.0700029	-0.17	0.17
  8937	-0.070614	-0.17	0.17
  8938	-0.0441682	-0.17	0.17
  8939	-0.0469449	-0.17	0.17
  8940	-0.0630743	-0.17	0.17
  8941	-0.0795936	-0.17	0.17
  8942	-0.0783552	-0.17	0.17
  8943	-0.0569999	-0.17	0.17
  8944	-0.0744901	-0.17	0.17
  8945	-0.0339487	-0.17	0.17
  8946	-0.0674816	-0.17	0.17
  8947	-0.0463358	-0.17	0.17
  8948	-0.0711778	-0.17	0.17
  8949	-0.0563865	-0.17	0.17
  8950	-0.0655289	-0.17	0.17
  8951	-0.0571722	-0.17	0.17
  8952	-0.0799895	-0.17	0.17
  8953	-0.0767996	-0.17	0.17
  8954	-0.0795207	-0.17	0.17
  8955	-0.0644076	-0.17	0.17
  8956	-0.0382167	-0.17	0.17
  8957	-0.017207	-0.17	0.17
  8958	-0.0132427	-0.17	0.17
  8959	-0.0680978	-0.17	0.17
  8960	-0.0655116	-0.17	0.17
  8961	-0.0551807	-0.17	0.17
  8962	-0.0656016	-0.17	0.17
  8963	-0.0718174	-0.17	0.17
  8964	-0.0670694	-0.17	0.17
  8965	-0.0562516	-0.17	0.17
  8966	-0.0642394	-0.17	0.17
  8967	-0.0576862	-0.17	0.17
  8968	-0.041829	-0.17	0.17
  8969	-0.0491656	-0.17	0.17
  8970	-0.0784077	-0.17	0.17
  8971	-0.0802812	-0.17	0.17
  8972	-0.0738072	-0.17	0.17
  8973	-0.0723216	-0.17	0.17
  8974	-0.0526728	-0.17	0.17
  8975	-0.072594	-0.17	0.17
  8976	-0.0474176	-0.17	0.17
  8977	-0.0683834	-0.17	0.17
  8978	-0.0630134	-0.17	0.17
  8979	-0.0471506	-0.17	0.17
  8980	-0.0762465	-0.17	0.17
  8981	-0.0790168	-0.17	0.17
  8982	-0.0708706	-0.17	0.17
  8983	-0.0646668	-0.17	0.17
  8984	-0.0386917	-0.17	0.17
  8985	-0.0582596	-0.17	0.17
  8986	-0.0677778	-0.17	0.17
  8987	-0.0643423	-0.17	0.17
  8988	-0.0606069	-0.17	0.17
  8989	-0.0799185	-0.17	0.17
  8990	-0.0231625	-0.17	0.17
  8991	-0.0791656	-0.17	0.17
  8992	-0.0745065	-0.17	0.17
  8993	-0.022174	-0.17	0.17
  8994	-0.073842	-0.17	0.17
  8995	-0.0568484	-0.17	0.17
  8996	-0.0396757	-0.17	0.17
  8997	-0.0724069	-0.17	0.17
  8998	-0.0647697	-0.17	0.17
  8999	-0.0368263	-0.17	0.17
  9000	-0.0202211	-0.17	0.17
  9001	-0.0209585	-0.17	0.17
  9002	-0.0302804	-0.17	0.17
  9003	-0.0766282	-0.17	0.17
  9004	-0.0142611	-0.17	0.17
  9005	-0.0793147	-0.17	0.17
  9006	-0.07674	-0.17	0.17
  9007	-0.049291	-0.17	0.17
  9008	-0.0688929	-0.17	0.17
  9009	-0.0306015	-0.17	0.17
  9010	-0.0576067	-0.17	0.17
  9011	-0.0685665	-0.17	0.17
  9012	-0.0492863	-0.17	0.17
  9013	-0.0589733	-0.17	0.17
  9014	-0.0257811	-0.17	0.17
  9015	-0.0758494	-0.17	0.17
  9016	-0.0430223	-0.17	0.17
  9017	-0.0807292	-0.17	0.17
  9018	-0.0727822	-0.17	0.17
  9019	-0.07931	-0.17	0.17
  9020	-0.0797714	-0.17	0.17
  9021	-0.0741309	-0.17	0.17
  9022	-0.0149957	-0.17	0.17
  9023	-0.056787	-0.17	0.17
  9024	-0.0723408	-0.17	0.17
  9025	-0.0439604	-0.17	0.17
  9026	-0.0775804	-0.17	0.17
  9027	-0.0762557	-0.17	0.17
  9028	-0.0792645	-0.17	0.17
  9029	-0.0772998	-0.17	0.17
  9030	-0.0220898	-0.17	0.17
  9031	-0.0600935	-0.17	0.17
  9032	-0.045033	-0.17	0.17
  9033	-0.0681031	-0.17	0.17
  9034	-0.0469828	-0.17	0.17
  9035	-0.0579197	-0.17	0.17
  9036	-0.0766207	-0.17	0.17
  9037	-0.0751457	-0.17	0.17
  9038	-0.0187421	-0.17	0.17
  9039	-0.0244475	-0.17	0.17
  9040	-0.0324585	-0.17	0.17
  9041	-0.0548119	-0.17	0.17
  9042	-0.0590285	-0.17	0.17
  9043	-0.0335864	-0.17	0.17
  9044	-0.0718472	-0.17	0.17
  9045	-0.0339213	-0.17	0.17
  9046	-0.0710965	-0.17	0.17
  9047	-0.0258173	-0.17	0.17
  9048	-0.0139148	-0.17	0.17
  9049	-0.0776512	-0.17	0.17
  9050	-0.0376795	-0.17	0.17
  9051	-0.0643299	-0.17	0.17
  9052	-0.0711763	-0.17	0.17
  9053	-0.0795364	-0.17	0.17
  9054	-0.0393382	-0.17	0.17
  9055	-0.0662595	-0.17	0.17
  9056	-0.0564936	-0.17	0.17
  9057	-0.0511941	-0.17	0.17
  9058	-0.0799023	-0.17	0.17
  9059	-0.0707806	-0.17	0.17
  9060	-0.0707645	-0.17	0.17
  9061	-0.0242023	-0.17	0.17
  9062	-0.0794428	-0.17	0.17
  9063	-0.0410979	-0.17	0.17
  9064	-0.0799849	-0.17	0.17
  9065	-0.0676103	-0.17	0.17
  9066	-0.0482856	-0.17	0.17
  9067	-0.0782879	-0.17	0.17
  9068	-0.0622423	-0.17	0.17
  9069	-0.0795408	-0.17	0.17
  9070	-0.0133205	-0.17	0.17
  9071	-0.050211	-0.17	0.17
  9072	-0.0726815	-0.17	0.17
  9073	-0.0505234	-0.17	0.17
  9074	-0.0679942	-0.17	0.17
  9075	-0.0149728	-0.17	0.17
  9076	-0.0789413	-0.17	0.17
  9077	-0.0224426	-0.17	0.17
  9078	-0.0724124	-0.17	0.17
  9079	-0.0472734	-0.17	0.17
  9080	-0.0806788	-0.17	0.17
  9081	-0.0394524	-0.17	0.17
  9082	-0.075911	-0.17	0.17
  9083	-0.0759263	-0.17	0.17
  9084	-0.0453703	-0.17	0.17
  9085	-0.0680932	-0.17	0.17
  9086	-0.0805682	-0.17	0.17
  9087	-0.0543541	-0.17	0.17
  9088	-0.079787	-0.17	0.17
  9089	-0.0565125	-0.17	0.17
  9090	-0.0611738	-0.17	0.17
  9091	-0.0786708	-0.17	0.17
  9092	-0.0457662	-0.17	0.17
  9093	-0.0625356	-0.17	0.17
  9094	-0.0672284	-0.17	0.17
  9095	-0.0571217	-0.17	0.17
  9096	-0.0580416	-0.17	0.17
  9097	-0.0633089	-0.17	0.17
  9098	-0.075416	-0.17	0.17
  9099	-0.07231	-0.17	0.17
  9100	-0.0798356	-0.17	0.17
  9101	-0.057958	-0.17	0.17
  9102	-0.0751649	-0.17	0.17
  9103	-0.0773233	-0.17	0.17
  9104	-0.0490367	-0.17	0.17
  9105	-0.0732156	-0.17	0.17
  9106	-0.0164562	-0.17	0.17
  9107	-0.0739138	-0.17	0.17
  9108	-0.0726248	-0.17	0.17
  9109	-0.0712042	-0.17	0.17
  9110	-0.07321	-0.17	0.17
  9111	-0.0330364	-0.17	0.17
  9112	-0.0528648	-0.17	0.17
  9113	-0.067005	-0.17	0.17
  9114	-0.0755573	-0.17	0.17
  9115	-0.0681337	-0.17	0.17
  9116	-0.0286419	-0.17	0.17
  9117	-0.0786818	-0.17	0.17
  9118	-0.0743162	-0.17	0.17
  9119	-0.0666296	-0.17	0.17
  9120	-0.0470419	-0.17	0.17
  9121	-0.0652022	-0.17	0.17
  9122	-0.0153329	-0.17	0.17
  9123	-0.0297179	-0.17	0.17
  9124	-0.0539251	-0.17	0.17
  9125	-0.038983	-0.17	0.17
  9126	-0.0752635	-0.17	0.17
  9127	-0.0410041	-0.17	0.17
  9128	-0.0730478	-0.17	0.17
  9129	-0.0397581	-0.17	0.17
  9130	-0.063779	-0.17	0.17
  9131	-0.0788315	-0.17	0.17
  9132	-0.079565	-0.17	0.17
  9133	-0.067167	-0.17	0.17
  9134	-0.0540586	-0.17	0.17
  9135	-0.0771961	-0.17	0.17
  9136	-0.0696814	-0.17	0.17
  9137	-0.0648534	-0.17	0.17
  9138	-0.0481058	-0.17	0.17
  9139	-0.0263071	-0.17	0.17
  9140	-0.0297081	-0.17	0.17
  9141	-0.0497363	-0.17	0.17
  9142	-0.0799238	-0.17	0.17
  9143	-0.0317266	-0.17	0.17
  9144	-0.059419	-0.17	0.17
  9145	-0.0459067	-0.17	0.17
  9146	-0.0721359	-0.17	0.17
  9147	-0.0626864	-0.17	0.17
  9148	-0.0217023	-0.17	0.17
  9149	-0.0153661	-0.17	0.17
  9150	-0.0366942	-0.17	0.17
  9151	-0.063522	-0.17	0.17
  9152	-0.0800798	-0.17	0.17
  9153	-0.0792206	-0.17	0.17
  9154	-0.0807439	-0.17	0.17
  9155	-0.0656988	-0.17	0.17
  9156	-0.0731221	-0.17	0.17
  9157	-0.0754893	-0.17	0.17
  9158	-0.0477967	-0.17	0.17
  9159	-0.0523047	-0.17	0.17
  9160	-0.0508457	-0.17	0.17
  9161	-0.0489928	-0.17	0.17
  9162	-0.0349511	-0.17	0.17
  9163	-0.0158928	-0.17	0.17
  9164	-0.0525061	-0.17	0.17
  9165	-0.0618225	-0.17	0.17
  9166	-0.0762558	-0.17	0.17
  9167	-0.0450981	-0.17	0.17
  9168	-0.044026	-0.17	0.17
  9169	-0.0711075	-0.17	0.17
  9170	-0.0240882	-0.17	0.17
  9171	-0.0392188	-0.17	0.17
  9172	-0.0736134	-0.17	0.17
  9173	-0.0593981	-0.17	0.17
  9174	-0.0704734	-0.17	0.17
  9175	-0.0523667	-0.17	0.17
  9176	-0.0131807	-0.17	0.17
  9177	-0.0767932	-0.17	0.17
  9178	-0.0608645	-0.17	0.17
  9179	-0.0600498	-0.17	0.17
  9180	-0.0784414	-0.17	0.17
  9181	-0.0243181	-0.17	0.17
  9182	-0.0559274	-0.17	0.17
  9183	-0.0539143	-0.17	0.17
  9184	-0.0744737	-0.17	0.17
  9185	-0.0639924	-0.17	0.17
  9186	-0.0707822	-0.17	0.17
  9187	-0.0728754	-0.17	0.17
  9188	-0.051469	-0.17	0.17
  9189	-0.0594828	-0.17	0.17
  9190	-0.020073	-0.17	0.17
  9191	-0.0767321	-0.17	0.17
  9192	-0.0604173	-0.17	0.17
  9193	-0.0414062	-0.17	0.17
  9194	-0.076042	-0.17	0.17
  9195	-0.0521955	-0.17	0.17
  9196	-0.0382361	-0.17	0.17
  9197	-0.0782097	-0.17	0.17
  9198	-0.0682352	-0.17	0.17
  9199	-0.0759042	-0.17	0.17
  9200	-0.0586418	-0.17	0.17
  9201	-0.072805	-0.17	0.17
  9202	-0.0466866	-0.17	0.17
  9203	-0.0433714	-0.17	0.17
  9204	-0.0382673	-0.17	0.17
  9205	-0.0758886	-0.17	0.17
  9206	-0.0638801	-0.17	0.17
  9207	-0.0798116	-0.17	0.17
  9208	-0.0744265	-0.17	0.17
  9209	-0.0802585	-0.17	0.17
  9210	-0.0699821	-0.17	0.17
  9211	-0.071768	-0.17	0.17
  9212	-0.0685273	-0.17	0.17
  9213	-0.069232	-0.17	0.17
  9214	-0.061555	-0.17	0.17
  9215	-0.0785058	-0.17	0.17
  9216	-0.0728018	-0.17	0.17
  9217	-0.048631	-0.17	0.17
  9218	-0.062709	-0.17	0.17
  9219	-0.0552668	-0.17	0.17
  9220	-0.0781978	-0.17	0.17
  9221	-0.0674452	-0.17	0.17
  9222	-0.0615567	-0.17	0.17
  9223	-0.0787253	-0.17	0.17
  9224	-0.0432685	-0.17	0.17
  9225	-0.0800511	-0.17	0.17
  9226	-0.067011	-0.17	0.17
  9227	-0.0502086	-0.17	0.17
  9228	-0.0535353	-0.17	0.17
  9229	-0.044728	-0.17	0.17
  9230	-0.0577534	-0.17	0.17
  9231	-0.0746139	-0.17	0.17
  9232	-0.0671862	-0.17	0.17
  9233	-0.0451737	-0.17	0.17
  9234	-0.0773338	-0.17	0.17
  9235	-0.0611251	-0.17	0.17
  9236	-0.0757865	-0.17	0.17
  9237	-0.0331382	-0.17	0.17
  9238	-0.061892	-0.17	0.17
  9239	-0.0450372	-0.17	0.17
  9240	-0.079222	-0.17	0.17
  9241	-0.0662115	-0.17	0.17
  9242	-0.063074	-0.17	0.17
  9243	-0.0520679	-0.17	0.17
  9244	-0.0442853	-0.17	0.17
  9245	-0.0799187	-0.17	0.17
  9246	-0.0404876	-0.17	0.17
  9247	-0.0717929	-0.17	0.17
  9248	-0.0466862	-0.17	0.17
  9249	-0.0751786	-0.17	0.17
  9250	-0.0799554	-0.17	0.17
  9251	-0.0598467	-0.17	0.17
  9252	-0.0569481	-0.17	0.17
  9253	-0.0599465	-0.17	0.17
  9254	-0.0784096	-0.17	0.17
  9255	-0.0479127	-0.17	0.17
  9256	-0.0427563	-0.17	0.17
  9257	-0.0663863	-0.17	0.17
  9258	-0.0688139	-0.17	0.17
  9259	-0.0739285	-0.17	0.17
  9260	-0.0658986	-0.17	0.17
  9261	-0.063723	-0.17	0.17
  9262	-0.023995	-0.17	0.17
  9263	-0.0303938	-0.17	0.17
  9264	-0.0795869	-0.17	0.17
  9265	-0.0503764	-0.17	0.17
  9266	-0.0630411	-0.17	0.17
  9267	-0.0556854	-0.17	0.17
  9268	-0.0635229	-0.17	0.17
  9269	-0.0698524	-0.17	0.17
  9270	-0.0685338	-0.17	0.17
  9271	-0.0702469	-0.17	0.17
  9272	-0.076675	-0.17	0.17
  9273	-0.050211	-0.17	0.17
  9274	-0.0490296	-0.17	0.17
  9275	-0.0454485	-0.17	0.17
  9276	-0.0650646	-0.17	0.17
  9277	-0.0588514	-0.17	0.17
  9278	-0.0789719	-0.17	0.17
  9279	-0.0394659	-0.17	0.17
  9280	-0.030308	-0.17	0.17
  9281	-0.0620157	-0.17	0.17
  9282	-0.0795293	-0.17	0.17
  9283	-0.0790457	-0.17	0.17
  9284	-0.0554327	-0.17	0.17
  9285	-0.0334494	-0.17	0.17
  9286	-0.0729982	-0.17	0.17
  9287	-0.0627107	-0.17	0.17
  9288	-0.0741739	-0.17	0.17
  9289	-0.0730935	-0.17	0.17
  9290	-0.0734759	-0.17	0.17
  9291	-0.0795157	-0.17	0.17
  9292	-0.071125	-0.17	0.17
  9293	-0.044419	-0.17	0.17
  9294	-0.0194972	-0.17	0.17
  9295	-0.0264651	-0.17	0.17
  9296	-0.0751079	-0.17	0.17
  9297	-0.0803619	-0.17	0.17
  9298	-0.0569885	-0.17	0.17
  9299	-0.0660714	-0.17	0.17
  9300	-0.0581457	-0.17	0.17
  9301	-0.0414406	-0.17	0.17
  9302	-0.0737829	-0.17	0.17
  9303	-0.0688147	-0.17	0.17
  9304	-0.0308033	-0.17	0.17
  9305	-0.0413942	-0.17	0.17
  9306	-0.0649517	-0.17	0.17
  9307	-0.0795086	-0.17	0.17
  9308	-0.0761652	-0.17	0.17
  9309	-0.0707966	-0.17	0.17
  9310	-0.0228874	-0.17	0.17
  9311	-0.0509266	-0.17	0.17
  9312	-0.0795726	-0.17	0.17
  9313	-0.0610387	-0.17	0.17
  9314	-0.0601928	-0.17	0.17
  9315	-0.0798184	-0.17	0.17
  9316	-0.0635106	-0.17	0.17
  9317	-0.07484	-0.17	0.17
  9318	-0.0573249	-0.17	0.17
  9319	-0.0186464	-0.17	0.17
  9320	-0.0242314	-0.17	0.17
  9321	-0.0719677	-0.17	0.17
  9322	-0.0411272	-0.17	0.17
  9323	-0.0687815	-0.17	0.17
  9324	-0.0414896	-0.17	0.17
  9325	-0.0336934	-0.17	0.17
  9326	-0.0250717	-0.17	0.17
  9327	-0.0706444	-0.17	0.17
  9328	-0.0640155	-0.17	0.17
  9329	-0.046443	-0.17	0.17
  9330	-0.0400335	-0.17	0.17
  9331	-0.0493163	-0.17	0.17
  9332	-0.0660508	-0.17	0.17
  9333	-0.0480828	-0.17	0.17
  9334	-0.0539217	-0.17	0.17
  9335	-0.0808061	-0.17	0.17
  9336	-0.0448346	-0.17	0.17
  9337	-0.0775629	-0.17	0.17
  9338	-0.0595589	-0.17	0.17
  9339	-0.0480731	-0.17	0.17
  9340	-0.0696723	-0.17	0.17
  9341	-0.0640853	-0.17	0.17
  9342	-0.0796362	-0.17	0.17
  9343	-0.0759862	-0.17	0.17
  9344	-0.0518631	-0.17	0.17
  9345	-0.0519748	-0.17	0.17
  9346	-0.0222166	-0.17	0.17
  9347	-0.055743	-0.17	0.17
  9348	-0.0784312	-0.17	0.17
  9349	-0.0769188	-0.17	0.17
  9350	-0.0713673	-0.17	0.17
  9351	-0.0806544	-0.17	0.17
  9352	-0.069759	-0.17	0.17
  9353	-0.0317162	-0.17	0.17
  9354	-0.0430859	-0.17	0.17
  9355	-0.0636886	-0.17	0.17
  9356	-0.0161711	-0.17	0.17
  9357	-0.0618612	-0.17	0.17
  9358	-0.0687015	-0.17	0.17
  9359	-0.0668264	-0.17	0.17
  9360	-0.0795329	-0.17	0.17
  9361	-0.0763153	-0.17	0.17
  9362	-0.0729512	-0.17	0.17
  9363	-0.0459521	-0.17	0.17
  9364	-0.059117	-0.17	0.17
  9365	-0.0607524	-0.17	0.17
  9366	-0.0129387	-0.17	0.17
  9367	-0.0592092	-0.17	0.17
  9368	-0.0723646	-0.17	0.17
  9369	-0.0141472	-0.17	0.17
  9370	-0.0722607	-0.17	0.17
  9371	-0.0750823	-0.17	0.17
  9372	-0.0740746	-0.17	0.17
  9373	-0.029007	-0.17	0.17
  9374	-0.0316665	-0.17	0.17
  9375	-0.0442992	-0.17	0.17
  9376	-0.0805031	-0.17	0.17
  9377	-0.0777301	-0.17	0.17
  9378	-0.0363384	-0.17	0.17
  9379	-0.0515258	-0.17	0.17
  9380	-0.063441	-0.17	0.17
  9381	-0.0679379	-0.17	0.17
  9382	-0.0801476	-0.17	0.17
  9383	-0.0286566	-0.17	0.17
  9384	-0.0522729	-0.17	0.17
  9385	-0.0575387	-0.17	0.17
  9386	-0.0595369	-0.17	0.17
  9387	-0.0666351	-0.17	0.17
  9388	-0.0740137	-0.17	0.17
  9389	-0.0766048	-0.17	0.17
  9390	-0.0708351	-0.17	0.17
  9391	-0.0671417	-0.17	0.17
  9392	-0.0195723	-0.17	0.17
  9393	-0.0740836	-0.17	0.17
  9394	-0.0266407	-0.17	0.17
  9395	-0.0730803	-0.17	0.17
  9396	-0.0595822	-0.17	0.17
  9397	-0.0682314	-0.17	0.17
  9398	-0.0521965	-0.17	0.17
  9399	-0.0503486	-0.17	0.17
  9400	-0.03423	-0.17	0.17
  9401	-0.0305707	-0.17	0.17
  9402	-0.0620928	-0.17	0.17
  9403	-0.0433722	-0.17	0.17
  9404	-0.0795592	-0.17	0.17
  9405	-0.043977	-0.17	0.17
  9406	-0.074042	-0.17	0.17
  9407	-0.0491798	-0.17	0.17
  9408	-0.0770572	-0.17	0.17
  9409	-0.0447075	-0.17	0.17
  9410	-0.0615869	-0.17	0.17
  9411	-0.0430165	-0.17	0.17
  9412	-0.0708521	-0.17	0.17
  9413	-0.0293613	-0.17	0.17
  9414	-0.0727313	-0.17	0.17
  9415	-0.0632754	-0.17	0.17
  9416	-0.0660332	-0.17	0.17
  9417	-0.05241	-0.17	0.17
  9418	-0.0790339	-0.17	0.17
  9419	-0.068399	-0.17	0.17
  9420	-0.0272123	-0.17	0.17
  9421	-0.0628808	-0.17	0.17
  9422	-0.0761023	-0.17	0.17
  9423	-0.0297833	-0.17	0.17
  9424	-0.0511388	-0.17	0.17
  9425	-0.0777917	-0.17	0.17
  9426	-0.078855	-0.17	0.17
  9427	-0.0442021	-0.17	0.17
  9428	-0.0345035	-0.17	0.17
  9429	-0.0738302	-0.17	0.17
  9430	-0.0690869	-0.17	0.17
  9431	-0.0773323	-0.17	0.17
  9432	-0.0704085	-0.17	0.17
  9433	-0.0419851	-0.17	0.17
  9434	-0.0172219	-0.17	0.17
  9435	-0.0556541	-0.17	0.17
  9436	-0.0800433	-0.17	0.17
  9437	-0.0620614	-0.17	0.17
  9438	-0.0792584	-0.17	0.17
  9439	-0.0440386	-0.17	0.17
  9440	-0.0691369	-0.17	0.17
  9441	-0.0309975	-0.17	0.17
  9442	-0.0532798	-0.17	0.17
  9443	-0.0379498	-0.17	0.17
  9444	-0.0251303	-0.17	0.17
  9445	-0.0716798	-0.17	0.17
  9446	-0.0751611	-0.17	0.17
  9447	-0.071456	-0.17	0.17
  9448	-0.0337858	-0.17	0.17
  9449	-0.0739102	-0.17	0.17
  9450	-0.0682386	-0.17	0.17
  9451	-0.0245133	-0.17	0.17
  9452	-0.0474839	-0.17	0.17
  9453	-0.0203874	-0.17	0.17
  9454	-0.0759062	-0.17	0.17
  9455	-0.0793478	-0.17	0.17
  9456	-0.0766541	-0.17	0.17
  9457	-0.0687419	-0.17	0.17
  9458	-0.0803972	-0.17	0.17
  9459	-0.0724392	-0.17	0.17
  9460	-0.0523297	-0.17	0.17
  9461	-0.0258353	-0.17	0.17
  9462	-0.0616255	-0.17	0.17
  9463	-0.0216471	-0.17	0.17
  9464	-0.0270152	-0.17	0.17
  9465	-0.0775476	-0.17	0.17
  9466	-0.0482312	-0.17	0.17
  9467	-0.0523217	-0.17	0.17
  9468	-0.0561637	-0.17	0.17
  9469	-0.075014	-0.17	0.17
  9470	-0.0726672	-0.17	0.17
  9471	-0.07896	-0.17	0.17
  9472	-0.0549734	-0.17	0.17
  9473	-0.0617854	-0.17	0.17
  9474	-0.0539555	-0.17	0.17
  9475	-0.0241893	-0.17	0.17
  9476	-0.0162502	-0.17	0.17
  9477	-0.0578745	-0.17	0.17
  9478	-0.0696099	-0.17	0.17
  9479	-0.0794317	-0.17	0.17
  9480	-0.0626114	-0.17	0.17
  9481	-0.0632397	-0.17	0.17
  9482	-0.0261756	-0.17	0.17
  9483	-0.0652399	-0.17	0.17
  9484	-0.0548313	-0.17	0.17
  9485	-0.0279458	-0.17	0.17
  9486	-0.0664574	-0.17	0.17
  9487	-0.0626161	-0.17	0.17
  9488	-0.0600606	-0.17	0.17
  9489	-0.0728295	-0.17	0.17
  9490	-0.0482652	-0.17	0.17
  9491	-0.0606869	-0.17	0.17
  9492	-0.0548566	-0.17	0.17
  9493	-0.0355393	-0.17	0.17
  9494	-0.0580778	-0.17	0.17
  9495	-0.0784867	-0.17	0.17
  9496	-0.0569182	-0.17	0.17
  9497	-0.0754176	-0.17	0.17
  9498	-0.0750918	-0.17	0.17
  9499	-0.0680482	-0.17	0.17
  9500	-0.0755819	-0.17	0.17
  9501	-0.0392536	-0.17	0.17
  9502	-0.0673756	-0.17	0.17
  9503	-0.0671297	-0.17	0.17
  9504	-0.074888	-0.17	0.17
  9505	-0.0432719	-0.17	0.17
  9506	-0.058881	-0.17	0.17
  9507	-0.0792328	-0.17	0.17
  9508	-0.0131687	-0.17	0.17
  9509	-0.0360039	-0.17	0.17
  9510	-0.0684106	-0.17	0.17
  9511	-0.079523	-0.17	0.17
  9512	-0.0343532	-0.17	0.17
  9513	-0.0735593	-0.17	0.17
  9514	-0.0630548	-0.17	0.17
  9515	-0.0568005	-0.17	0.17
  9516	-0.0504162	-0.17	0.17
  9517	-0.0552773	-0.17	0.17
  9518	-0.0788086	-0.17	0.17
  9519	-0.0537501	-0.17	0.17
  9520	-0.069975	-0.17	0.17
  9521	-0.0808165	-0.17	0.17
  9522	-0.0372551	-0.17	0.17
  9523	-0.0290632	-0.17	0.17
  9524	-0.0692705	-0.17	0.17
  9525	-0.0528677	-0.17	0.17
  9526	-0.0400555	-0.17	0.17
  9527	-0.0430623	-0.17	0.17
  9528	-0.0550667	-0.17	0.17
  9529	-0.0780928	-0.17	0.17
  9530	-0.0689337	-0.17	0.17
  9531	-0.0455162	-0.17	0.17
  9532	-0.0778778	-0.17	0.17
  9533	-0.0762184	-0.17	0.17
  9534	-0.0646423	-0.17	0.17
  9535	-0.0779156	-0.17	0.17
  9536	-0.0778988	-0.17	0.17
  9537	-0.0795042	-0.17	0.17
  9538	-0.0553025	-0.17	0.17
  9539	-0.0156335	-0.17	0.17
  9540	-0.0132943	-0.17	0.17
  9541	-0.0527277	-0.17	0.17
  9542	-0.0317336	-0.17	0.17
  9543	-0.0796237	-0.17	0.17
  9544	-0.0670147	-0.17	0.17
  9545	-0.0610441	-0.17	0.17
  9546	-0.0659347	-0.17	0.17
  9547	-0.0763252	-0.17	0.17
  9548	-0.0671812	-0.17	0.17
  9549	-0.0623695	-0.17	0.17
  9550	-0.0682544	-0.17	0.17
  9551	-0.0520986	-0.17	0.17
  9552	-0.051367	-0.17	0.17
  9553	-0.0544906	-0.17	0.17
  9554	-0.0566391	-0.17	0.17
  9555	-0.0542935	-0.17	0.17
  9556	-0.0736267	-0.17	0.17
  9557	-0.0585829	-0.17	0.17
  9558	-0.0169463	-0.17	0.17
  9559	-0.0802057	-0.17	0.17
  9560	-0.0805853	-0.17	0.17
  9561	-0.0777919	-0.17	0.17
  9562	-0.0458368	-0.17	0.17
  9563	-0.0134287	-0.17	0.17
  9564	-0.0534661	-0.17	0.17
  9565	-0.0779464	-0.17	0.17
  9566	-0.0738053	-0.17	0.17
  9567	-0.0572094	-0.17	0.17
  9568	-0.0709566	-0.17	0.17
  9569	-0.0520058	-0.17	0.17
  9570	-0.0314071	-0.17	0.17
  9571	-0.0437	-0.17	0.17
  9572	-0.0579045	-0.17	0.17
  9573	-0.0654211	-0.17	0.17
  9574	-0.0480716	-0.17	0.17
  9575	-0.071081	-0.17	0.17
  9576	-0.0779596	-0.17	0.17
  9577	-0.0686481	-0.17	0.17
  9578	-0.0804571	-0.17	0.17
  9579	-0.0755994	-0.17	0.17
  9580	-0.0720849	-0.17	0.17
  9581	-0.0803984	-0.17	0.17
  9582	-0.075781	-0.17	0.17
  9583	-0.0257447	-0.17	0.17
  9584	-0.0484433	-0.17	0.17
  9585	-0.0525398	-0.17	0.17
  9586	-0.0778029	-0.17	0.17
  9587	-0.0802288	-0.17	0.17
  9588	-0.0639752	-0.17	0.17
  9589	-0.0565748	-0.17	0.17
  9590	-0.0737888	-0.17	0.17
  9591	-0.0520865	-0.17	0.17
  9592	-0.0612197	-0.17	0.17
  9593	-0.0250876	-0.17	0.17
  9594	-0.0577247	-0.17	0.17
  9595	-0.0448079	-0.17	0.17
  9596	-0.0207114	-0.17	0.17
  9597	-0.0732132	-0.17	0.17
  9598	-0.0770665	-0.17	0.17
  9599	-0.0538927	-0.17	0.17
  9600	-0.0520442	-0.17	0.17
  9601	-0.0351713	-0.17	0.17
  9602	-0.0656411	-0.17	0.17
  9603	-0.0156793	-0.17	0.17
  9604	-0.035371	-0.17	0.17
  9605	-0.0539232	-0.17	0.17
  9606	-0.0482731	-0.17	0.17
  9607	-0.0631026	-0.17	0.17
  9608	-0.0586848	-0.17	0.17
  9609	-0.0705685	-0.17	0.17
  9610	-0.0727577	-0.17	0.17
  9611	-0.0555606	-0.17	0.17
  9612	-0.0307808	-0.17	0.17
  9613	-0.0310104	-0.17	0.17
  9614	-0.0635835	-0.17	0.17
  9615	-0.0797806	-0.17	0.17
  9616	-0.0567401	-0.17	0.17
  9617	-0.0286659	-0.17	0.17
  9618	-0.0651568	-0.17	0.17
  9619	-0.0730657	-0.17	0.17
  9620	-0.0807894	-0.17	0.17
  9621	-0.0466435	-0.17	0.17
  9622	-0.0689116	-0.17	0.17
  9623	-0.0797568	-0.17	0.17
  9624	-0.0742318	-0.17	0.17
  9625	-0.0631081	-0.17	0.17
  9626	-0.0676905	-0.17	0.17
  9627	-0.0549551	-0.17	0.17
  9628	-0.0546957	-0.17	0.17
  9629	-0.0483627	-0.17	0.17
  9630	-0.0634041	-0.17	0.17
  9631	-0.0775276	-0.17	0.17
  9632	-0.0760935	-0.17	0.17
  9633	-0.0586752	-0.17	0.17
  9634	-0.0740193	-0.17	0.17
  9635	-0.0793898	-0.17	0.17
  9636	-0.0622323	-0.17	0.17
  9637	-0.0563893	-0.17	0.17
  9638	-0.040843	-0.17	0.17
  9639	-0.0799874	-0.17	0.17
  9640	-0.042832	-0.17	0.17
  9641	-0.0554346	-0.17	0.17
  9642	-0.0512114	-0.17	0.17
  9643	-0.0710998	-0.17	0.17
  9644	-0.0796973	-0.17	0.17
  9645	-0.0273198	-0.17	0.17
  9646	-0.0311329	-0.17	0.17
  9647	-0.0351945	-0.17	0.17
  9648	-0.0788957	-0.17	0.17
  9649	-0.0457613	-0.17	0.17
  9650	-0.0585928	-0.17	0.17
  9651	-0.0481694	-0.17	0.17
  9652	-0.0768861	-0.17	0.17
  9653	-0.0357839	-0.17	0.17
  9654	-0.0286434	-0.17	0.17
  9655	-0.0734409	-0.17	0.17
  9656	-0.0528813	-0.17	0.17
  9657	-0.0472701	-0.17	0.17
  9658	-0.0676037	-0.17	0.17
  9659	-0.0775677	-0.17	0.17
  9660	-0.0680893	-0.17	0.17
  9661	-0.066789	-0.17	0.17
  9662	-0.0667715	-0.17	0.17
  9663	-0.0774436	-0.17	0.17
  9664	-0.0195743	-0.17	0.17
  9665	-0.079105	-0.17	0.17
  9666	-0.0719727	-0.17	0.17
  9667	-0.0793652	-0.17	0.17
  9668	-0.0733673	-0.17	0.17
  9669	-0.0335342	-0.17	0.17
  9670	-0.0648563	-0.17	0.17
  9671	-0.0615961	-0.17	0.17
  9672	-0.0271879	-0.17	0.17
  9673	-0.069373	-0.17	0.17
  9674	-0.0594867	-0.17	0.17
  9675	-0.0490313	-0.17	0.17
  9676	-0.0592586	-0.17	0.17
  9677	-0.0799411	-0.17	0.17
  9678	-0.0580392	-0.17	0.17
  9679	-0.0738051	-0.17	0.17
  9680	-0.0552481	-0.17	0.17
  9681	-0.0528417	-0.17	0.17
  9682	-0.0792264	-0.17	0.17
  9683	-0.0423478	-0.17	0.17
  9684	-0.0467821	-0.17	0.17
  9685	-0.023702	-0.17	0.17
  9686	-0.0410984	-0.17	0.17
  9687	-0.0416646	-0.17	0.17
  9688	-0.0545107	-0.17	0.17
  9689	-0.0418343	-0.17	0.17
  9690	-0.0729719	-0.17	0.17
  9691	-0.0794064	-0.17	0.17
  9692	-0.0669647	-0.17	0.17
  9693	-0.0767889	-0.17	0.17
  9694	-0.0804438	-0.17	0.17
  9695	-0.0324156	-0.17	0.17
  9696	-0.0779586	-0.17	0.17
  9697	-0.0793534	-0.17	0.17
  9698	-0.0771643	-0.17	0.17
  9699	-0.0748366	-0.17	0.17
  9700	-0.0543853	-0.17	0.17
  9701	-0.078677	-0.17	0.17
  9702	-0.058081	-0.17	0.17
  9703	-0.0450079	-0.17	0.17
  9704	-0.0477649	-0.17	0.17
  9705	-0.0727733	-0.17	0.17
  9706	-0.0649627	-0.17	0.17
  9707	-0.0322409	-0.17	0.17
  9708	-0.0533046	-0.17	0.17
  9709	-0.0469499	-0.17	0.17
  9710	-0.0686382	-0.17	0.17
  9711	-0.0743579	-0.17	0.17
  9712	-0.0548041	-0.17	0.17
  9713	-0.0713372	-0.17	0.17
  9714	-0.0441076	-0.17	0.17
  9715	-0.0730876	-0.17	0.17
  9716	-0.0731443	-0.17	0.17
  9717	-0.0765525	-0.17	0.17
  9718	-0.0599459	-0.17	0.17
  9719	-0.0508115	-0.17	0.17
  9720	-0.0665646	-0.17	0.17
  9721	-0.0408218	-0.17	0.17
  9722	-0.0518546	-0.17	0.17
  9723	-0.0535122	-0.17	0.17
  9724	-0.0712994	-0.17	0.17
  9725	-0.0811012	-0.17	0.17
  9726	-0.0636569	-0.17	0.17
  9727	-0.0703468	-0.17	0.17
  9728	-0.0741775	-0.17	0.17
  9729	-0.0781381	-0.17	0.17
  9730	-0.0704297	-0.17	0.17
  9731	-0.0556509	-0.17	0.17
  9732	-0.062376	-0.17	0.17
  9733	-0.0754819	-0.17	0.17
  9734	-0.0655182	-0.17	0.17
  9735	-0.0788187	-0.17	0.17
  9736	-0.0731434	-0.17	0.17
  9737	-0.078622	-0.17	0.17
  9738	-0.0646151	-0.17	0.17
  9739	-0.0764825	-0.17	0.17
  9740	-0.0270022	-0.17	0.17
  9741	-0.0776223	-0.17	0.17
  9742	-0.0737431	-0.17	0.17
  9743	-0.0479239	-0.17	0.17
  9744	-0.0163302	-0.17	0.17
  9745	-0.0706516	-0.17	0.17
  9746	-0.0498997	-0.17	0.17
  9747	-0.0713195	-0.17	0.17
  9748	-0.0699138	-0.17	0.17
  9749	-0.0674937	-0.17	0.17
  9750	-0.0731433	-0.17	0.17
  9751	-0.0687347	-0.17	0.17
  9752	-0.0644965	-0.17	0.17
  9753	-0.057576	-0.17	0.17
  9754	-0.016872	-0.17	0.17
  9755	-0.0684117	-0.17	0.17
  9756	-0.0773893	-0.17	0.17
  9757	-0.0695399	-0.17	0.17
  9758	-0.0601458	-0.17	0.17
  9759	-0.0565734	-0.17	0.17
  9760	-0.0505372	-0.17	0.17
  9761	-0.0637844	-0.17	0.17
  9762	-0.0569022	-0.17	0.17
  9763	-0.0583527	-0.17	0.17
  9764	-0.0606098	-0.17	0.17
  9765	-0.0623769	-0.17	0.17
  9766	-0.0666847	-0.17	0.17
  9767	-0.0784053	-0.17	0.17
  9768	-0.0807259	-0.17	0.17
  9769	-0.0530158	-0.17	0.17
  9770	-0.0565808	-0.17	0.17
  9771	-0.0538539	-0.17	0.17
  9772	-0.0399379	-0.17	0.17
  9773	-0.0687943	-0.17	0.17
  9774	-0.0453628	-0.17	0.17
  9775	-0.0518669	-0.17	0.17
  9776	-0.0789854	-0.17	0.17
  9777	-0.0790951	-0.17	0.17
  9778	-0.0671124	-0.17	0.17
  9779	-0.0708636	-0.17	0.17
  9780	-0.0374822	-0.17	0.17
  9781	-0.0441406	-0.17	0.17
  9782	-0.07468	-0.17	0.17
  9783	-0.0462763	-0.17	0.17
  9784	-0.0467843	-0.17	0.17
  9785	-0.0626881	-0.17	0.17
  9786	-0.0591234	-0.17	0.17
  9787	-0.0799679	-0.17	0.17
  9788	-0.0763351	-0.17	0.17
  9789	-0.0716836	-0.17	0.17
  9790	-0.0531777	-0.17	0.17
  9791	-0.0682116	-0.17	0.17
  9792	-0.0796179	-0.17	0.17
  9793	-0.0255471	-0.17	0.17
  9794	-0.0556221	-0.17	0.17
  9795	-0.0667811	-0.17	0.17
  9796	-0.075149	-0.17	0.17
  9797	-0.0586505	-0.17	0.17
  9798	-0.0772524	-0.17	0.17
  9799	-0.0726074	-0.17	0.17
  9800	-0.0445269	-0.17	0.17
  9801	-0.0344304	-0.17	0.17
  9802	-0.0466677	-0.17	0.17
  9803	-0.0509074	-0.17	0.17
  9804	-0.060473	-0.17	0.17
  9805	-0.0753187	-0.17	0.17
  9806	-0.0661728	-0.17	0.17
  9807	-0.0632581	-0.17	0.17
  9808	-0.0666638	-0.17	0.17
  9809	-0.0767241	-0.17	0.17
  9810	-0.0656462	-0.17	0.17
  9811	-0.0731668	-0.17	0.17
  9812	-0.0737701	-0.17	0.17
  9813	-0.0457567	-0.17	0.17
  9814	-0.0559079	-0.17	0.17
  9815	-0.0733348	-0.17	0.17
  9816	-0.058875	-0.17	0.17
  9817	-0.0575497	-0.17	0.17
  9818	-0.0548234	-0.17	0.17
  9819	-0.0663973	-0.17	0.17
  9820	-0.0693379	-0.17	0.17
  9821	-0.0278537	-0.17	0.17
  9822	-0.0756238	-0.17	0.17
  9823	-0.0491933	-0.17	0.17
  9824	-0.0582759	-0.17	0.17
  9825	-0.0805741	-0.17	0.17
  9826	-0.0525378	-0.17	0.17
  9827	-0.0327672	-0.17	0.17
  9828	-0.0757168	-0.17	0.17
  9829	-0.0554711	-0.17	0.17
  9830	-0.0788329	-0.17	0.17
  9831	-0.0707308	-0.17	0.17
  9832	-0.0174898	-0.17	0.17
  9833	-0.0581795	-0.17	0.17
  9834	-0.0256268	-0.17	0.17
  9835	-0.0597671	-0.17	0.17
  9836	-0.060502	-0.17	0.17
  9837	-0.0583667	-0.17	0.17
  9838	-0.0741644	-0.17	0.17
  9839	-0.068809	-0.17	0.17
  9840	-0.0648661	-0.17	0.17
  9841	-0.0259631	-0.17	0.17
  9842	-0.0788855	-0.17	0.17
  9843	-0.0632094	-0.17	0.17
  9844	-0.0244028	-0.17	0.17
  9845	-0.0277678	-0.17	0.17
  9846	-0.019826	-0.17	0.17
  9847	-0.0623329	-0.17	0.17
  9848	-0.0188711	-0.17	0.17
  9849	-0.0690761	-0.17	0.17
  9850	-0.0544936	-0.17	0.17
  9851	-0.0781015	-0.17	0.17
  9852	-0.0675007	-0.17	0.17
  9853	-0.061191	-0.17	0.17
  9854	-0.0544431	-0.17	0.17
  9855	-0.039545	-0.17	0.17
  9856	-0.0764206	-0.17	0.17
  9857	-0.0234852	-0.17	0.17
  9858	-0.0450059	-0.17	0.17
  9859	-0.0587038	-0.17	0.17
  9860	-0.0612265	-0.17	0.17
  9861	-0.0291671	-0.17	0.17
  9862	-0.0206271	-0.17	0.17
  9863	-0.0629991	-0.17	0.17
  9864	-0.0729917	-0.17	0.17
  9865	-0.0385447	-0.17	0.17
  9866	-0.0483654	-0.17	0.17
  9867	-0.0701826	-0.17	0.17
  9868	-0.0389251	-0.17	0.17
  9869	-0.0771424	-0.17	0.17
  9870	-0.053078	-0.17	0.17
  9871	-0.0450364	-0.17	0.17
  9872	-0.0795329	-0.17	0.17
  9873	-0.0776058	-0.17	0.17
  9874	-0.0760921	-0.17	0.17
  9875	-0.0781031	-0.17	0.17
  9876	-0.0508237	-0.17	0.17
  9877	-0.0639385	-0.17	0.17
  9878	-0.0135386	-0.17	0.17
  9879	-0.0561265	-0.17	0.17
  9880	-0.057313	-0.17	0.17
  9881	-0.0283278	-0.17	0.17
  9882	-0.0668308	-0.17	0.17
  9883	-0.0539178	-0.17	0.17
  9884	-0.0804161	-0.17	0.17
  9885	-0.0396011	-0.17	0.17
  9886	-0.0705011	-0.17	0.17
  9887	-0.0802205	-0.17	0.17
  9888	-0.0513014	-0.17	0.17
  9889	-0.0583209	-0.17	0.17
  9890	-0.0691685	-0.17	0.17
  9891	-0.0506381	-0.17	0.17
  9892	-0.0199471	-0.17	0.17
  9893	-0.0668633	-0.17	0.17
  9894	-0.0311653	-0.17	0.17
  9895	-0.0586274	-0.17	0.17
  9896	-0.060377	-0.17	0.17
  9897	-0.0673924	-0.17	0.17
  9898	-0.0692016	-0.17	0.17
  9899	-0.0733361	-0.17	0.17
  9900	-0.0761898	-0.17	0.17
  9901	-0.0671177	-0.17	0.17
  9902	-0.0784075	-0.17	0.17
  9903	-0.0800563	-0.17	0.17
  9904	-0.0490993	-0.17	0.17
  9905	-0.0579067	-0.17	0.17
  9906	-0.0670348	-0.17	0.17
  9907	-0.071747	-0.17	0.17
  9908	-0.0759111	-0.17	0.17
  9909	-0.0474234	-0.17	0.17
  9910	-0.077974	-0.17	0.17
  9911	-0.0548225	-0.17	0.17
  9912	-0.0635763	-0.17	0.17
  9913	-0.049367	-0.17	0.17
  9914	-0.0750173	-0.17	0.17
  9915	-0.0635247	-0.17	0.17
  9916	-0.0665063	-0.17	0.17
  9917	-0.0753345	-0.17	0.17
  9918	-0.0760042	-0.17	0.17
  9919	-0.0655536	-0.17	0.17
  9920	-0.0681402	-0.17	0.17
  9921	-0.0521357	-0.17	0.17
  9922	-0.0684278	-0.17	0.17
  9923	-0.0462311	-0.17	0.17
  9924	-0.0532071	-0.17	0.17
  9925	-0.0423178	-0.17	0.17
  9926	-0.080559	-0.17	0.17
  9927	-0.0564776	-0.17	0.17
  9928	-0.0656763	-0.17	0.17
  9929	-0.0495287	-0.17	0.17
  9930	-0.0750293	-0.17	0.17
  9931	-0.0676846	-0.17	0.17
  9932	-0.0530325	-0.17	0.17
  9933	-0.0475888	-0.17	0.17
  9934	-0.0706646	-0.17	0.17
  9935	-0.0306892	-0.17	0.17
  9936	-0.0328466	-0.17	0.17
  9937	-0.0769728	-0.17	0.17
  9938	-0.0659541	-0.17	0.17
  9939	-0.0708171	-0.17	0.17
  9940	-0.0703726	-0.17	0.17
  9941	-0.0171909	-0.17	0.17
  9942	-0.035979	-0.17	0.17
  9943	-0.0316702	-0.17	0.17
  9944	-0.070012	-0.17	0.17
  9945	-0.0632557	-0.17	0.17
  9946	-0.0647468	-0.17	0.17
  9947	-0.0539471	-0.17	0.17
  9948	-0.0255279	-0.17	0.17
  9949	-0.062411	-0.17	0.17
  9950	-0.0718036	-0.17	0.17
  9951	-0.0493762	-0.17	0.17
  9952	-0.0642245	-0.17	0.17
  9953	-0.0654843	-0.17	0.17
  9954	-0.0470945	-0.17	0.17
  9955	-0.0575169	-0.17	0.17
  9956	-0.027412	-0.17	0.17
  9957	-0.0798141	-0.17	0.17
  9958	-0.0664052	-0.17	0.17
  9959	-0.0597403	-0.17	0.17
  9960	-0.0741716	-0.17	0.17
  9961	-0.0667539	-0.17	0.17
  9962	-0.0517465	-0.17	0.17
  9963	-0.0589094	-0.17	0.17
  9964	-0.0783426	-0.17	0.17
  9965	-0.076713	-0.17	0.17
  9966	-0.0701097	-0.17	0.17
  9967	-0.0663685	-0.17	0.17
  9968	-0.0629025	-0.17	0.17
  9969	-0.0479186	-0.17	0.17
  9970	-0.060409	-0.17	0.17
  9971	-0.0743731	-0.17	0.17
  9972	-0.0523649	-0.17	0.17
  9973	-0.0500163	-0.17	0.17
  9974	-0.045952	-0.17	0.17
  9975	-0.0738366	-0.17	0.17
  9976	-0.0645373	-0.17	0.17
  9977	-0.0376685	-0.17	0.17
  9978	-0.0787798	-0.17	0.17
  9979	-0.0473385	-0.17	0.17
  9980	-0.0654853	-0.17	0.17
  9981	-0.0139146	-0.17	0.17
  9982	-0.0166444	-0.17	0.17
  9983	-0.0653144	-0.17	0.17
  9984	-0.0799704	-0.17	0.17
  9985	-0.0743251	-0.17	0.17
  9986	-0.07521	-0.17	0.17
  9987	-0.0736127	-0.17	0.17
  9988	-0.0398844	-0.17	0.17
  9989	-0.0681703	-0.17	0.17
  9990	-0.0439545	-0.17	0.17
  9991	-0.0474794	-0.17	0.17
  9992	-0.0784144	-0.17	0.17
  9993	-0.0676023	-0.17	0.17
  9994	-0.0497626	-0.17	0.17
  9995	-0.0328383	-0.17	0.17
  9996	-0.0522962	-0.17	0.17
  9997	-0.0736585	-0.17	0.17
  9998	-0.0672387	-0.17	0.17
  9999	-0.0583997	-0.17	0.17
 10000	-0.0276123	-0.17	0.17
