Measurement: SNMMAX
  step	MAX(0.707*V(v1)-0.707*V(v2))	FROM	TO
     1	0.0922823	-0.198	0.198
     2	0.0926093	-0.198	0.198
     3	0.0861762	-0.198	0.198
     4	0.0852001	-0.198	0.198
     5	0.0756498	-0.198	0.198
     6	0.0825142	-0.198	0.198
     7	0.055152	-0.198	0.198
     8	0.0810748	-0.198	0.198
     9	0.0768229	-0.198	0.198
    10	0.0566546	-0.198	0.198
    11	0.0817484	-0.198	0.198
    12	0.0797394	-0.198	0.198
    13	0.0711723	-0.198	0.198
    14	0.092355	-0.198	0.198
    15	0.056348	-0.198	0.198
    16	0.0890245	-0.198	0.198
    17	0.0276081	-0.198	0.198
    18	0.0301088	-0.198	0.198
    19	0.0971639	-0.198	0.198
    20	0.0473362	-0.198	0.198
    21	0.0679856	-0.198	0.198
    22	0.0436842	-0.198	0.198
    23	0.0663301	-0.198	0.198
    24	0.0574044	-0.198	0.198
    25	0.0446232	-0.198	0.198
    26	0.0851033	-0.198	0.198
    27	0.0860723	-0.198	0.198
    28	0.0672897	-0.198	0.198
    29	0.0483256	-0.198	0.198
    30	0.0555908	-0.198	0.198
    31	0.0944533	-0.198	0.198
    32	0.0924033	-0.198	0.198
    33	0.0540406	-0.198	0.198
    34	0.0522611	-0.198	0.198
    35	0.0869672	-0.198	0.198
    36	0.092381	-0.198	0.198
    37	0.0917771	-0.198	0.198
    38	0.080931	-0.198	0.198
    39	0.0745657	-0.198	0.198
    40	0.0767044	-0.198	0.198
    41	0.0610346	-0.198	0.198
    42	0.0597723	-0.198	0.198
    43	0.05581	-0.198	0.198
    44	0.083572	-0.198	0.198
    45	0.0802626	-0.198	0.198
    46	0.088185	-0.198	0.198
    47	0.0954321	-0.198	0.198
    48	0.0769141	-0.198	0.198
    49	0.0874438	-0.198	0.198
    50	0.0891074	-0.198	0.198
    51	0.0946116	-0.198	0.198
    52	0.0767604	-0.198	0.198
    53	0.0317507	-0.198	0.198
    54	0.0691649	-0.198	0.198
    55	0.0678956	-0.198	0.198
    56	0.0720898	-0.198	0.198
    57	0.0730107	-0.198	0.198
    58	0.0843643	-0.198	0.198
    59	0.0155819	-0.198	0.198
    60	0.0910988	-0.198	0.198
    61	0.047243	-0.198	0.198
    62	0.0854475	-0.198	0.198
    63	0.085032	-0.198	0.198
    64	0.0907502	-0.198	0.198
    65	0.0694416	-0.198	0.198
    66	0.0404015	-0.198	0.198
    67	0.034563	-0.198	0.198
    68	0.0273007	-0.198	0.198
    69	0.0621205	-0.198	0.198
    70	0.0976152	-0.198	0.198
    71	0.0754812	-0.198	0.198
    72	0.0913972	-0.198	0.198
    73	0.0879827	-0.198	0.198
    74	0.0840756	-0.198	0.198
    75	0.0952328	-0.198	0.198
    76	0.0973593	-0.198	0.198
    77	0.0984345	-0.198	0.198
    78	0.0942325	-0.198	0.198
    79	0.0865679	-0.198	0.198
    80	0.0498754	-0.198	0.198
    81	0.0705714	-0.198	0.198
    82	0.0791127	-0.198	0.198
    83	0.0950296	-0.198	0.198
    84	0.0791009	-0.198	0.198
    85	0.0194246	-0.198	0.198
    86	0.0700348	-0.198	0.198
    87	0.0843331	-0.198	0.198
    88	0.0394912	-0.198	0.198
    89	0.0643362	-0.198	0.198
    90	0.082879	-0.198	0.198
    91	0.0915006	-0.198	0.198
    92	0.0873911	-0.198	0.198
    93	0.0731805	-0.198	0.198
    94	0.097594	-0.198	0.198
    95	0.0829065	-0.198	0.198
    96	0.0906134	-0.198	0.198
    97	0.0780947	-0.198	0.198
    98	0.097995	-0.198	0.198
    99	0.0956609	-0.198	0.198
   100	0.0818293	-0.198	0.198
   101	0.0875381	-0.198	0.198
   102	0.0946084	-0.198	0.198
   103	0.082528	-0.198	0.198
   104	0.0749659	-0.198	0.198
   105	0.0195943	-0.198	0.198
   106	0.0610985	-0.198	0.198
   107	0.0763292	-0.198	0.198
   108	0.0854161	-0.198	0.198
   109	0.078214	-0.198	0.198
   110	0.0906092	-0.198	0.198
   111	0.0961118	-0.198	0.198
   112	0.0809236	-0.198	0.198
   113	0.0884045	-0.198	0.198
   114	0.0889607	-0.198	0.198
   115	0.083223	-0.198	0.198
   116	0.0660568	-0.198	0.198
   117	0.0981275	-0.198	0.198
   118	0.0629413	-0.198	0.198
   119	0.0847481	-0.198	0.198
   120	0.094662	-0.198	0.198
   121	0.0661659	-0.198	0.198
   122	0.0979105	-0.198	0.198
   123	0.0882072	-0.198	0.198
   124	0.0718128	-0.198	0.198
   125	0.0912548	-0.198	0.198
   126	0.0567343	-0.198	0.198
   127	0.0793179	-0.198	0.198
   128	0.0834052	-0.198	0.198
   129	0.0925447	-0.198	0.198
   130	0.0680988	-0.198	0.198
   131	0.0593686	-0.198	0.198
   132	0.0847149	-0.198	0.198
   133	0.0849882	-0.198	0.198
   134	0.0905852	-0.198	0.198
   135	0.0649161	-0.198	0.198
   136	0.0811678	-0.198	0.198
   137	0.0388242	-0.198	0.198
   138	0.0491103	-0.198	0.198
   139	0.090866	-0.198	0.198
   140	0.0436094	-0.198	0.198
   141	0.0633968	-0.198	0.198
   142	0.0970816	-0.198	0.198
   143	0.0951701	-0.198	0.198
   144	0.0976731	-0.198	0.198
   145	0.0976963	-0.198	0.198
   146	0.0775766	-0.198	0.198
   147	0.0764336	-0.198	0.198
   148	0.0419083	-0.198	0.198
   149	0.095301	-0.198	0.198
   150	0.0906189	-0.198	0.198
   151	0.090883	-0.198	0.198
   152	0.0933327	-0.198	0.198
   153	0.0787328	-0.198	0.198
   154	0.066312	-0.198	0.198
   155	0.0634172	-0.198	0.198
   156	0.0859723	-0.198	0.198
   157	0.0828678	-0.198	0.198
   158	0.0733762	-0.198	0.198
   159	0.0878558	-0.198	0.198
   160	0.0939247	-0.198	0.198
   161	0.0577151	-0.198	0.198
   162	0.0950813	-0.198	0.198
   163	0.0908264	-0.198	0.198
   164	0.0853574	-0.198	0.198
   165	0.041026	-0.198	0.198
   166	0.0964005	-0.198	0.198
   167	0.0863025	-0.198	0.198
   168	0.0786436	-0.198	0.198
   169	0.0881259	-0.198	0.198
   170	0.0933018	-0.198	0.198
   171	0.0806174	-0.198	0.198
   172	0.0733881	-0.198	0.198
   173	0.0697524	-0.198	0.198
   174	0.0953194	-0.198	0.198
   175	0.0337226	-0.198	0.198
   176	0.0564654	-0.198	0.198
   177	0.0539005	-0.198	0.198
   178	0.0774113	-0.198	0.198
   179	0.0489788	-0.198	0.198
   180	0.070502	-0.198	0.198
   181	0.0654472	-0.198	0.198
   182	0.0845933	-0.198	0.198
   183	0.0927528	-0.198	0.198
   184	0.0932312	-0.198	0.198
   185	0.0422775	-0.198	0.198
   186	0.0780818	-0.198	0.198
   187	0.051993	-0.198	0.198
   188	0.0800627	-0.198	0.198
   189	0.097197	-0.198	0.198
   190	0.0536858	-0.198	0.198
   191	0.0984645	-0.198	0.198
   192	0.087467	-0.198	0.198
   193	0.0684288	-0.198	0.198
   194	0.0604035	-0.198	0.198
   195	0.0949086	-0.198	0.198
   196	0.055871	-0.198	0.198
   197	0.0980172	-0.198	0.198
   198	0.0945823	-0.198	0.198
   199	0.0595586	-0.198	0.198
   200	0.0757177	-0.198	0.198
   201	0.0692923	-0.198	0.198
   202	0.0607345	-0.198	0.198
   203	0.0900218	-0.198	0.198
   204	0.0867426	-0.198	0.198
   205	0.0884312	-0.198	0.198
   206	0.0917889	-0.198	0.198
   207	0.0769609	-0.198	0.198
   208	0.0517304	-0.198	0.198
   209	0.0564038	-0.198	0.198
   210	0.0588678	-0.198	0.198
   211	0.072491	-0.198	0.198
   212	0.0761092	-0.198	0.198
   213	0.0680926	-0.198	0.198
   214	0.0632499	-0.198	0.198
   215	0.0938983	-0.198	0.198
   216	0.0793383	-0.198	0.198
   217	0.074763	-0.198	0.198
   218	0.0778692	-0.198	0.198
   219	0.0473843	-0.198	0.198
   220	0.075466	-0.198	0.198
   221	0.0947261	-0.198	0.198
   222	0.0935539	-0.198	0.198
   223	0.0975195	-0.198	0.198
   224	0.0894325	-0.198	0.198
   225	0.0950858	-0.198	0.198
   226	0.0422379	-0.198	0.198
   227	0.0701523	-0.198	0.198
   228	0.0753005	-0.198	0.198
   229	0.0638634	-0.198	0.198
   230	0.0624723	-0.198	0.198
   231	0.0970188	-0.198	0.198
   232	0.097772	-0.198	0.198
   233	0.0913187	-0.198	0.198
   234	0.0886943	-0.198	0.198
   235	0.0808211	-0.198	0.198
   236	0.0727565	-0.198	0.198
   237	0.0911249	-0.198	0.198
   238	0.046448	-0.198	0.198
   239	0.0794846	-0.198	0.198
   240	0.0613447	-0.198	0.198
   241	0.0785241	-0.198	0.198
   242	0.0594302	-0.198	0.198
   243	0.0927965	-0.198	0.198
   244	0.0415005	-0.198	0.198
   245	0.0729014	-0.198	0.198
   246	0.0645206	-0.198	0.198
   247	0.0639423	-0.198	0.198
   248	0.0969459	-0.198	0.198
   249	0.0968357	-0.198	0.198
   250	0.0865941	-0.198	0.198
   251	0.0795923	-0.198	0.198
   252	0.0390131	-0.198	0.198
   253	0.0426432	-0.198	0.198
   254	0.0338389	-0.198	0.198
   255	0.0986622	-0.198	0.198
   256	0.0512551	-0.198	0.198
   257	0.0967221	-0.198	0.198
   258	0.0699943	-0.198	0.198
   259	0.0782125	-0.198	0.198
   260	0.0461209	-0.198	0.198
   261	0.0759093	-0.198	0.198
   262	0.0698653	-0.198	0.198
   263	0.0937491	-0.198	0.198
   264	0.0824282	-0.198	0.198
   265	0.0719566	-0.198	0.198
   266	0.0744197	-0.198	0.198
   267	0.0872921	-0.198	0.198
   268	0.0804986	-0.198	0.198
   269	0.0724199	-0.198	0.198
   270	0.0804031	-0.198	0.198
   271	0.0619278	-0.198	0.198
   272	0.0751473	-0.198	0.198
   273	0.0674191	-0.198	0.198
   274	0.0810561	-0.198	0.198
   275	0.0974331	-0.198	0.198
   276	0.0982526	-0.198	0.198
   277	0.0975635	-0.198	0.198
   278	0.0767917	-0.198	0.198
   279	0.0962334	-0.198	0.198
   280	0.0846719	-0.198	0.198
   281	0.0823619	-0.198	0.198
   282	0.0973973	-0.198	0.198
   283	0.0385533	-0.198	0.198
   284	0.0967589	-0.198	0.198
   285	0.0757525	-0.198	0.198
   286	0.0782389	-0.198	0.198
   287	0.0907286	-0.198	0.198
   288	0.0610737	-0.198	0.198
   289	0.0875447	-0.198	0.198
   290	0.0866555	-0.198	0.198
   291	0.0511266	-0.198	0.198
   292	0.0898581	-0.198	0.198
   293	0.0958423	-0.198	0.198
   294	0.0956099	-0.198	0.198
   295	0.061417	-0.198	0.198
   296	0.0903639	-0.198	0.198
   297	0.0706399	-0.198	0.198
   298	0.0792539	-0.198	0.198
   299	0.0833114	-0.198	0.198
   300	0.073799	-0.198	0.198
   301	0.0950314	-0.198	0.198
   302	0.0779483	-0.198	0.198
   303	0.0813259	-0.198	0.198
   304	0.0739543	-0.198	0.198
   305	0.0819852	-0.198	0.198
   306	0.0980648	-0.198	0.198
   307	0.0984416	-0.198	0.198
   308	0.084998	-0.198	0.198
   309	0.094596	-0.198	0.198
   310	0.0850334	-0.198	0.198
   311	0.0728127	-0.198	0.198
   312	0.0754989	-0.198	0.198
   313	0.0885452	-0.198	0.198
   314	0.0926975	-0.198	0.198
   315	0.0792084	-0.198	0.198
   316	0.0895017	-0.198	0.198
   317	0.0633062	-0.198	0.198
   318	0.0671817	-0.198	0.198
   319	0.0966529	-0.198	0.198
   320	0.0650915	-0.198	0.198
   321	0.087911	-0.198	0.198
   322	0.0804065	-0.198	0.198
   323	0.0735821	-0.198	0.198
   324	0.0788955	-0.198	0.198
   325	0.0485114	-0.198	0.198
   326	0.0614369	-0.198	0.198
   327	0.0710771	-0.198	0.198
   328	0.0619938	-0.198	0.198
   329	0.094583	-0.198	0.198
   330	0.0788207	-0.198	0.198
   331	0.0429236	-0.198	0.198
   332	0.0786616	-0.198	0.198
   333	0.0835924	-0.198	0.198
   334	0.0910719	-0.198	0.198
   335	0.0493434	-0.198	0.198
   336	0.0840545	-0.198	0.198
   337	0.0904332	-0.198	0.198
   338	0.0760841	-0.198	0.198
   339	0.0943378	-0.198	0.198
   340	0.0825442	-0.198	0.198
   341	0.0816506	-0.198	0.198
   342	0.0669372	-0.198	0.198
   343	0.0908082	-0.198	0.198
   344	0.0558224	-0.198	0.198
   345	0.0935691	-0.198	0.198
   346	0.0626713	-0.198	0.198
   347	0.051452	-0.198	0.198
   348	0.0512144	-0.198	0.198
   349	0.0963243	-0.198	0.198
   350	0.0672052	-0.198	0.198
   351	0.0432926	-0.198	0.198
   352	0.0794422	-0.198	0.198
   353	0.0719145	-0.198	0.198
   354	0.0565387	-0.198	0.198
   355	0.0742372	-0.198	0.198
   356	0.0954648	-0.198	0.198
   357	0.0454526	-0.198	0.198
   358	0.0646571	-0.198	0.198
   359	0.0918869	-0.198	0.198
   360	0.0927525	-0.198	0.198
   361	0.0857187	-0.198	0.198
   362	0.0338151	-0.198	0.198
   363	0.0558387	-0.198	0.198
   364	0.0716449	-0.198	0.198
   365	0.0968374	-0.198	0.198
   366	0.0938116	-0.198	0.198
   367	0.0546882	-0.198	0.198
   368	0.0621568	-0.198	0.198
   369	0.0823196	-0.198	0.198
   370	0.0785807	-0.198	0.198
   371	0.0860577	-0.198	0.198
   372	0.0865678	-0.198	0.198
   373	0.089771	-0.198	0.198
   374	0.0432698	-0.198	0.198
   375	0.09188	-0.198	0.198
   376	0.0686512	-0.198	0.198
   377	0.0600198	-0.198	0.198
   378	0.0502067	-0.198	0.198
   379	0.0469527	-0.198	0.198
   380	0.086536	-0.198	0.198
   381	0.0945461	-0.198	0.198
   382	0.0780469	-0.198	0.198
   383	0.0818838	-0.198	0.198
   384	0.06885	-0.198	0.198
   385	0.0691855	-0.198	0.198
   386	0.086556	-0.198	0.198
   387	0.0518626	-0.198	0.198
   388	0.0674153	-0.198	0.198
   389	0.0608607	-0.198	0.198
   390	0.0949287	-0.198	0.198
   391	0.0946783	-0.198	0.198
   392	0.0645668	-0.198	0.198
   393	0.0980641	-0.198	0.198
   394	0.0813979	-0.198	0.198
   395	0.0797842	-0.198	0.198
   396	0.0618559	-0.198	0.198
   397	0.0980905	-0.198	0.198
   398	0.075004	-0.198	0.198
   399	0.0970383	-0.198	0.198
   400	0.016278	-0.198	0.198
   401	0.0818018	-0.198	0.198
   402	0.084273	-0.198	0.198
   403	0.0725197	-0.198	0.198
   404	0.0687331	-0.198	0.198
   405	0.0954764	-0.198	0.198
   406	0.0599187	-0.198	0.198
   407	0.0782567	-0.198	0.198
   408	0.0819045	-0.198	0.198
   409	0.0601551	-0.198	0.198
   410	0.0949807	-0.198	0.198
   411	0.0808198	-0.198	0.198
   412	0.0782583	-0.198	0.198
   413	0.0878119	-0.198	0.198
   414	0.075949	-0.198	0.198
   415	0.0878125	-0.198	0.198
   416	0.086882	-0.198	0.198
   417	0.0984556	-0.198	0.198
   418	0.0951137	-0.198	0.198
   419	0.0404412	-0.198	0.198
   420	0.062129	-0.198	0.198
   421	0.0872446	-0.198	0.198
   422	0.0983173	-0.198	0.198
   423	0.0504713	-0.198	0.198
   424	0.0785729	-0.198	0.198
   425	0.0814001	-0.198	0.198
   426	0.0728136	-0.198	0.198
   427	0.0327138	-0.198	0.198
   428	0.0697581	-0.198	0.198
   429	0.0809388	-0.198	0.198
   430	0.0904275	-0.198	0.198
   431	0.0475231	-0.198	0.198
   432	0.0655169	-0.198	0.198
   433	0.0968991	-0.198	0.198
   434	0.0737475	-0.198	0.198
   435	0.0795652	-0.198	0.198
   436	0.0597459	-0.198	0.198
   437	0.0919192	-0.198	0.198
   438	0.0932569	-0.198	0.198
   439	0.0610174	-0.198	0.198
   440	0.0764355	-0.198	0.198
   441	0.0979096	-0.198	0.198
   442	0.0749898	-0.198	0.198
   443	0.082077	-0.198	0.198
   444	0.0923317	-0.198	0.198
   445	0.09596	-0.198	0.198
   446	0.0709896	-0.198	0.198
   447	0.0974151	-0.198	0.198
   448	0.0899825	-0.198	0.198
   449	0.0607751	-0.198	0.198
   450	0.083908	-0.198	0.198
   451	0.0896506	-0.198	0.198
   452	0.0792627	-0.198	0.198
   453	0.0722957	-0.198	0.198
   454	0.0586218	-0.198	0.198
   455	0.0964624	-0.198	0.198
   456	0.0740403	-0.198	0.198
   457	0.0558821	-0.198	0.198
   458	0.072352	-0.198	0.198
   459	0.0837858	-0.198	0.198
   460	0.0511527	-0.198	0.198
   461	0.0724802	-0.198	0.198
   462	0.09328	-0.198	0.198
   463	0.0864561	-0.198	0.198
   464	0.0977826	-0.198	0.198
   465	0.0801015	-0.198	0.198
   466	0.0941705	-0.198	0.198
   467	0.0725451	-0.198	0.198
   468	0.0750384	-0.198	0.198
   469	0.0766685	-0.198	0.198
   470	0.0958436	-0.198	0.198
   471	0.0790039	-0.198	0.198
   472	0.094403	-0.198	0.198
   473	0.0693726	-0.198	0.198
   474	0.0980295	-0.198	0.198
   475	0.0965549	-0.198	0.198
   476	0.065859	-0.198	0.198
   477	0.0882168	-0.198	0.198
   478	0.0685271	-0.198	0.198
   479	0.0970594	-0.198	0.198
   480	0.0546835	-0.198	0.198
   481	0.0922035	-0.198	0.198
   482	0.0883451	-0.198	0.198
   483	0.0381293	-0.198	0.198
   484	0.0982323	-0.198	0.198
   485	0.0854211	-0.198	0.198
   486	0.0804471	-0.198	0.198
   487	0.0702697	-0.198	0.198
   488	0.0608225	-0.198	0.198
   489	0.079038	-0.198	0.198
   490	0.0669912	-0.198	0.198
   491	0.0898634	-0.198	0.198
   492	0.0940693	-0.198	0.198
   493	0.0536648	-0.198	0.198
   494	0.0645567	-0.198	0.198
   495	0.0875295	-0.198	0.198
   496	0.0973454	-0.198	0.198
   497	0.0869144	-0.198	0.198
   498	0.0853339	-0.198	0.198
   499	0.076473	-0.198	0.198
   500	0.096368	-0.198	0.198
   501	0.0729584	-0.198	0.198
   502	0.0694482	-0.198	0.198
   503	0.0821245	-0.198	0.198
   504	0.0987831	-0.198	0.198
   505	0.080029	-0.198	0.198
   506	0.0746514	-0.198	0.198
   507	0.0657696	-0.198	0.198
   508	0.0737569	-0.198	0.198
   509	0.096662	-0.198	0.198
   510	0.0653955	-0.198	0.198
   511	0.0240893	-0.198	0.198
   512	0.0839288	-0.198	0.198
   513	0.0558407	-0.198	0.198
   514	0.0970085	-0.198	0.198
   515	0.064104	-0.198	0.198
   516	0.074738	-0.198	0.198
   517	0.0936852	-0.198	0.198
   518	0.0634584	-0.198	0.198
   519	0.0538125	-0.198	0.198
   520	0.0590426	-0.198	0.198
   521	0.096601	-0.198	0.198
   522	0.0283106	-0.198	0.198
   523	0.0828775	-0.198	0.198
   524	0.0795205	-0.198	0.198
   525	0.0460459	-0.198	0.198
   526	0.0435976	-0.198	0.198
   527	0.0919494	-0.198	0.198
   528	0.0760221	-0.198	0.198
   529	0.0947501	-0.198	0.198
   530	0.0886191	-0.198	0.198
   531	0.0801629	-0.198	0.198
   532	0.0785617	-0.198	0.198
   533	0.0905123	-0.198	0.198
   534	0.0824878	-0.198	0.198
   535	0.0973782	-0.198	0.198
   536	0.085406	-0.198	0.198
   537	0.0876832	-0.198	0.198
   538	0.0670368	-0.198	0.198
   539	0.0620282	-0.198	0.198
   540	0.0739914	-0.198	0.198
   541	0.0349582	-0.198	0.198
   542	0.0960814	-0.198	0.198
   543	0.0512996	-0.198	0.198
   544	0.0545179	-0.198	0.198
   545	0.081008	-0.198	0.198
   546	0.0670634	-0.198	0.198
   547	0.0823086	-0.198	0.198
   548	0.0220196	-0.198	0.198
   549	0.096144	-0.198	0.198
   550	0.0980528	-0.198	0.198
   551	0.0897605	-0.198	0.198
   552	0.0799851	-0.198	0.198
   553	0.089676	-0.198	0.198
   554	0.0787512	-0.198	0.198
   555	0.0390702	-0.198	0.198
   556	0.0442527	-0.198	0.198
   557	0.0971938	-0.198	0.198
   558	0.0796518	-0.198	0.198
   559	0.0657396	-0.198	0.198
   560	0.0902294	-0.198	0.198
   561	0.0706202	-0.198	0.198
   562	0.0962074	-0.198	0.198
   563	0.0370321	-0.198	0.198
   564	0.0954684	-0.198	0.198
   565	0.0964455	-0.198	0.198
   566	0.0530079	-0.198	0.198
   567	0.0976636	-0.198	0.198
   568	0.0631884	-0.198	0.198
   569	0.094266	-0.198	0.198
   570	0.086375	-0.198	0.198
   571	0.097226	-0.198	0.198
   572	0.078289	-0.198	0.198
   573	0.048231	-0.198	0.198
   574	0.0966361	-0.198	0.198
   575	0.0933541	-0.198	0.198
   576	0.0613477	-0.198	0.198
   577	0.0745653	-0.198	0.198
   578	0.0708142	-0.198	0.198
   579	0.0920496	-0.198	0.198
   580	0.0648123	-0.198	0.198
   581	0.0984036	-0.198	0.198
   582	0.0955911	-0.198	0.198
   583	0.033088	-0.198	0.198
   584	0.0825642	-0.198	0.198
   585	0.0623941	-0.198	0.198
   586	0.0682765	-0.198	0.198
   587	0.080515	-0.198	0.198
   588	0.0513007	-0.198	0.198
   589	0.05909	-0.198	0.198
   590	0.0948573	-0.198	0.198
   591	0.0542305	-0.198	0.198
   592	0.0844978	-0.198	0.198
   593	0.0383201	-0.198	0.198
   594	0.0983275	-0.198	0.198
   595	0.0970964	-0.198	0.198
   596	0.0978645	-0.198	0.198
   597	0.0395501	-0.198	0.198
   598	0.097665	-0.198	0.198
   599	0.077055	-0.198	0.198
   600	0.0971568	-0.198	0.198
   601	0.0982629	-0.198	0.198
   602	0.0717056	-0.198	0.198
   603	0.0983662	-0.198	0.198
   604	0.0666204	-0.198	0.198
   605	0.0848803	-0.198	0.198
   606	0.0739307	-0.198	0.198
   607	0.0744997	-0.198	0.198
   608	0.0899973	-0.198	0.198
   609	0.0628494	-0.198	0.198
   610	0.0923919	-0.198	0.198
   611	0.0962324	-0.198	0.198
   612	0.0146554	-0.198	0.198
   613	0.0749842	-0.198	0.198
   614	0.0850516	-0.198	0.198
   615	0.0725154	-0.198	0.198
   616	0.0697932	-0.198	0.198
   617	0.0961168	-0.198	0.198
   618	0.0900776	-0.198	0.198
   619	0.0417998	-0.198	0.198
   620	0.0916164	-0.198	0.198
   621	0.0864476	-0.198	0.198
   622	0.075366	-0.198	0.198
   623	0.0617441	-0.198	0.198
   624	0.0615999	-0.198	0.198
   625	0.095367	-0.198	0.198
   626	0.0926751	-0.198	0.198
   627	0.0625553	-0.198	0.198
   628	0.0650187	-0.198	0.198
   629	0.0605205	-0.198	0.198
   630	0.0241832	-0.198	0.198
   631	0.0664178	-0.198	0.198
   632	0.0734746	-0.198	0.198
   633	0.081332	-0.198	0.198
   634	0.0817736	-0.198	0.198
   635	0.0179474	-0.198	0.198
   636	0.0910927	-0.198	0.198
   637	0.0606645	-0.198	0.198
   638	0.0964454	-0.198	0.198
   639	0.0980225	-0.198	0.198
   640	0.08311	-0.198	0.198
   641	0.0662467	-0.198	0.198
   642	0.0706321	-0.198	0.198
   643	0.0740191	-0.198	0.198
   644	0.0698975	-0.198	0.198
   645	0.0982323	-0.198	0.198
   646	0.0444	-0.198	0.198
   647	0.0903201	-0.198	0.198
   648	0.0667917	-0.198	0.198
   649	0.0389454	-0.198	0.198
   650	0.0632445	-0.198	0.198
   651	0.0920043	-0.198	0.198
   652	0.0599615	-0.198	0.198
   653	0.088666	-0.198	0.198
   654	0.0743969	-0.198	0.198
   655	0.0458502	-0.198	0.198
   656	0.0716159	-0.198	0.198
   657	0.0807134	-0.198	0.198
   658	0.0569862	-0.198	0.198
   659	0.0841958	-0.198	0.198
   660	0.0963567	-0.198	0.198
   661	0.0745696	-0.198	0.198
   662	0.0969636	-0.198	0.198
   663	0.0593935	-0.198	0.198
   664	0.0970675	-0.198	0.198
   665	0.092819	-0.198	0.198
   666	0.0356591	-0.198	0.198
   667	0.0541171	-0.198	0.198
   668	0.0861818	-0.198	0.198
   669	0.0628096	-0.198	0.198
   670	0.0593819	-0.198	0.198
   671	0.0756998	-0.198	0.198
   672	0.0922148	-0.198	0.198
   673	0.0817929	-0.198	0.198
   674	0.0565432	-0.198	0.198
   675	0.0754352	-0.198	0.198
   676	0.0976692	-0.198	0.198
   677	0.0757281	-0.198	0.198
   678	0.0873738	-0.198	0.198
   679	0.075936	-0.198	0.198
   680	0.072272	-0.198	0.198
   681	0.0836802	-0.198	0.198
   682	0.0965104	-0.198	0.198
   683	0.0902577	-0.198	0.198
   684	0.0974714	-0.198	0.198
   685	0.0603122	-0.198	0.198
   686	0.0644733	-0.198	0.198
   687	0.0411244	-0.198	0.198
   688	0.0671182	-0.198	0.198
   689	0.0738012	-0.198	0.198
   690	0.0718766	-0.198	0.198
   691	0.0899	-0.198	0.198
   692	0.0841505	-0.198	0.198
   693	0.0894567	-0.198	0.198
   694	0.0780411	-0.198	0.198
   695	0.0631314	-0.198	0.198
   696	0.0414813	-0.198	0.198
   697	0.0769357	-0.198	0.198
   698	0.0311371	-0.198	0.198
   699	0.07	-0.198	0.198
   700	0.0641837	-0.198	0.198
   701	0.0981051	-0.198	0.198
   702	0.0950376	-0.198	0.198
   703	0.0605544	-0.198	0.198
   704	0.0838509	-0.198	0.198
   705	0.0944524	-0.198	0.198
   706	0.0315642	-0.198	0.198
   707	0.0967959	-0.198	0.198
   708	0.0399214	-0.198	0.198
   709	0.0868133	-0.198	0.198
   710	0.0980243	-0.198	0.198
   711	0.0843118	-0.198	0.198
   712	0.0799099	-0.198	0.198
   713	0.0951056	-0.198	0.198
   714	0.0952195	-0.198	0.198
   715	0.0564817	-0.198	0.198
   716	0.0469926	-0.198	0.198
   717	0.0939125	-0.198	0.198
   718	0.0749557	-0.198	0.198
   719	0.0872572	-0.198	0.198
   720	0.0820019	-0.198	0.198
   721	0.0239308	-0.198	0.198
   722	0.0582634	-0.198	0.198
   723	0.0435626	-0.198	0.198
   724	0.0732557	-0.198	0.198
   725	0.0861545	-0.198	0.198
   726	0.0913462	-0.198	0.198
   727	0.0641356	-0.198	0.198
   728	0.0681412	-0.198	0.198
   729	0.0861775	-0.198	0.198
   730	0.0905955	-0.198	0.198
   731	0.0882221	-0.198	0.198
   732	0.0941919	-0.198	0.198
   733	0.0830849	-0.198	0.198
   734	0.078477	-0.198	0.198
   735	0.0921787	-0.198	0.198
   736	0.0830781	-0.198	0.198
   737	0.0882688	-0.198	0.198
   738	0.0972344	-0.198	0.198
   739	0.0974443	-0.198	0.198
   740	0.093654	-0.198	0.198
   741	0.0947036	-0.198	0.198
   742	0.0420944	-0.198	0.198
   743	0.0793732	-0.198	0.198
   744	0.07927	-0.198	0.198
   745	0.0921401	-0.198	0.198
   746	0.0639728	-0.198	0.198
   747	0.097674	-0.198	0.198
   748	0.0477109	-0.198	0.198
   749	0.0892715	-0.198	0.198
   750	0.0942336	-0.198	0.198
   751	0.0766468	-0.198	0.198
   752	0.076319	-0.198	0.198
   753	0.0540436	-0.198	0.198
   754	0.0636611	-0.198	0.198
   755	0.0887026	-0.198	0.198
   756	0.0927014	-0.198	0.198
   757	0.0962483	-0.198	0.198
   758	0.0869397	-0.198	0.198
   759	0.0795714	-0.198	0.198
   760	0.0589296	-0.198	0.198
   761	0.0478905	-0.198	0.198
   762	0.0883384	-0.198	0.198
   763	0.0412457	-0.198	0.198
   764	0.0771869	-0.198	0.198
   765	0.0916126	-0.198	0.198
   766	0.0633792	-0.198	0.198
   767	0.0958126	-0.198	0.198
   768	0.0953807	-0.198	0.198
   769	0.0524576	-0.198	0.198
   770	0.0941903	-0.198	0.198
   771	0.0790349	-0.198	0.198
   772	0.0848749	-0.198	0.198
   773	0.0924906	-0.198	0.198
   774	0.0663717	-0.198	0.198
   775	0.0332783	-0.198	0.198
   776	0.0577853	-0.198	0.198
   777	0.0947502	-0.198	0.198
   778	0.0680321	-0.198	0.198
   779	0.0628733	-0.198	0.198
   780	0.0779033	-0.198	0.198
   781	0.0964441	-0.198	0.198
   782	0.0639587	-0.198	0.198
   783	0.0953952	-0.198	0.198
   784	0.0704215	-0.198	0.198
   785	0.0904099	-0.198	0.198
   786	0.0729787	-0.198	0.198
   787	0.0977997	-0.198	0.198
   788	0.0814585	-0.198	0.198
   789	0.0555104	-0.198	0.198
   790	0.0762793	-0.198	0.198
   791	0.0915202	-0.198	0.198
   792	0.0771791	-0.198	0.198
   793	0.0679545	-0.198	0.198
   794	0.0863479	-0.198	0.198
   795	0.0819622	-0.198	0.198
   796	0.0960976	-0.198	0.198
   797	0.0904326	-0.198	0.198
   798	0.0588666	-0.198	0.198
   799	0.082067	-0.198	0.198
   800	0.0721176	-0.198	0.198
   801	0.0977872	-0.198	0.198
   802	0.0363179	-0.198	0.198
   803	0.0668129	-0.198	0.198
   804	0.0967566	-0.198	0.198
   805	0.0859481	-0.198	0.198
   806	0.061188	-0.198	0.198
   807	0.0885051	-0.198	0.198
   808	0.0611361	-0.198	0.198
   809	0.0683874	-0.198	0.198
   810	0.0759208	-0.198	0.198
   811	0.048013	-0.198	0.198
   812	0.0374053	-0.198	0.198
   813	0.0598231	-0.198	0.198
   814	0.0739859	-0.198	0.198
   815	0.0387051	-0.198	0.198
   816	0.0519437	-0.198	0.198
   817	0.0812357	-0.198	0.198
   818	0.0639342	-0.198	0.198
   819	0.070047	-0.198	0.198
   820	0.0904174	-0.198	0.198
   821	0.0767604	-0.198	0.198
   822	0.0667088	-0.198	0.198
   823	0.0918643	-0.198	0.198
   824	0.0301092	-0.198	0.198
   825	0.0596383	-0.198	0.198
   826	0.0732519	-0.198	0.198
   827	0.0931965	-0.198	0.198
   828	0.0929598	-0.198	0.198
   829	0.0834847	-0.198	0.198
   830	0.0653689	-0.198	0.198
   831	0.0741241	-0.198	0.198
   832	0.0428629	-0.198	0.198
   833	0.0771323	-0.198	0.198
   834	0.0446829	-0.198	0.198
   835	0.0707817	-0.198	0.198
   836	0.083034	-0.198	0.198
   837	0.0575773	-0.198	0.198
   838	0.0666044	-0.198	0.198
   839	0.0691228	-0.198	0.198
   840	0.050857	-0.198	0.198
   841	0.0946429	-0.198	0.198
   842	0.0906467	-0.198	0.198
   843	0.0588403	-0.198	0.198
   844	0.0904421	-0.198	0.198
   845	0.0946127	-0.198	0.198
   846	0.0977314	-0.198	0.198
   847	0.0841119	-0.198	0.198
   848	0.0892805	-0.198	0.198
   849	0.0883924	-0.198	0.198
   850	0.0751063	-0.198	0.198
   851	0.0795511	-0.198	0.198
   852	0.0804525	-0.198	0.198
   853	0.0366881	-0.198	0.198
   854	0.0522435	-0.198	0.198
   855	0.0813931	-0.198	0.198
   856	0.0964545	-0.198	0.198
   857	0.0793046	-0.198	0.198
   858	0.0901607	-0.198	0.198
   859	0.0886036	-0.198	0.198
   860	0.0946808	-0.198	0.198
   861	0.0653595	-0.198	0.198
   862	0.0971105	-0.198	0.198
   863	0.0901197	-0.198	0.198
   864	0.0621527	-0.198	0.198
   865	0.0668514	-0.198	0.198
   866	0.0624319	-0.198	0.198
   867	0.0539439	-0.198	0.198
   868	0.0768878	-0.198	0.198
   869	0.0536709	-0.198	0.198
   870	0.0563585	-0.198	0.198
   871	0.0944756	-0.198	0.198
   872	0.0625387	-0.198	0.198
   873	0.0725122	-0.198	0.198
   874	0.0649786	-0.198	0.198
   875	0.0724569	-0.198	0.198
   876	0.0703502	-0.198	0.198
   877	0.084863	-0.198	0.198
   878	0.0888682	-0.198	0.198
   879	0.0772736	-0.198	0.198
   880	0.0879653	-0.198	0.198
   881	0.0496985	-0.198	0.198
   882	0.0410728	-0.198	0.198
   883	0.048344	-0.198	0.198
   884	0.0927218	-0.198	0.198
   885	0.0979647	-0.198	0.198
   886	0.0884725	-0.198	0.198
   887	0.0905134	-0.198	0.198
   888	0.0799374	-0.198	0.198
   889	0.0610529	-0.198	0.198
   890	0.083328	-0.198	0.198
   891	0.0203183	-0.198	0.198
   892	0.0982372	-0.198	0.198
   893	0.0736501	-0.198	0.198
   894	0.0536334	-0.198	0.198
   895	0.0822918	-0.198	0.198
   896	0.0683477	-0.198	0.198
   897	0.0966517	-0.198	0.198
   898	0.0903908	-0.198	0.198
   899	0.0919704	-0.198	0.198
   900	0.0867053	-0.198	0.198
   901	0.0632167	-0.198	0.198
   902	0.0789673	-0.198	0.198
   903	0.0378217	-0.198	0.198
   904	0.0740938	-0.198	0.198
   905	0.0867231	-0.198	0.198
   906	0.033069	-0.198	0.198
   907	0.0828488	-0.198	0.198
   908	0.0732443	-0.198	0.198
   909	0.0481522	-0.198	0.198
   910	0.0951939	-0.198	0.198
   911	0.0602707	-0.198	0.198
   912	0.0689539	-0.198	0.198
   913	0.0802144	-0.198	0.198
   914	0.0809061	-0.198	0.198
   915	0.0677382	-0.198	0.198
   916	0.0980137	-0.198	0.198
   917	0.0879627	-0.198	0.198
   918	0.0367701	-0.198	0.198
   919	0.0569679	-0.198	0.198
   920	0.0819616	-0.198	0.198
   921	0.0686985	-0.198	0.198
   922	0.0469801	-0.198	0.198
   923	0.0779475	-0.198	0.198
   924	0.0669473	-0.198	0.198
   925	0.0849797	-0.198	0.198
   926	0.0938641	-0.198	0.198
   927	0.0473151	-0.198	0.198
   928	0.0304036	-0.198	0.198
   929	0.0523395	-0.198	0.198
   930	0.091234	-0.198	0.198
   931	0.0711638	-0.198	0.198
   932	0.0540839	-0.198	0.198
   933	0.0686212	-0.198	0.198
   934	0.0490189	-0.198	0.198
   935	0.0739182	-0.198	0.198
   936	0.0638711	-0.198	0.198
   937	0.08936	-0.198	0.198
   938	0.0272058	-0.198	0.198
   939	0.0838095	-0.198	0.198
   940	0.0263087	-0.198	0.198
   941	0.0952729	-0.198	0.198
   942	0.0426163	-0.198	0.198
   943	0.0879898	-0.198	0.198
   944	0.0853622	-0.198	0.198
   945	0.0774304	-0.198	0.198
   946	0.092028	-0.198	0.198
   947	0.0175383	-0.198	0.198
   948	0.0684933	-0.198	0.198
   949	0.0935234	-0.198	0.198
   950	0.0781478	-0.198	0.198
   951	0.0782601	-0.198	0.198
   952	0.04394	-0.198	0.198
   953	0.0759601	-0.198	0.198
   954	0.0820268	-0.198	0.198
   955	0.0738636	-0.198	0.198
   956	0.0615217	-0.198	0.198
   957	0.0806214	-0.198	0.198
   958	0.0892598	-0.198	0.198
   959	0.0979241	-0.198	0.198
   960	0.0824436	-0.198	0.198
   961	0.0300725	-0.198	0.198
   962	0.0805048	-0.198	0.198
   963	0.0720713	-0.198	0.198
   964	0.0741933	-0.198	0.198
   965	0.0709302	-0.198	0.198
   966	0.0904605	-0.198	0.198
   967	0.0936679	-0.198	0.198
   968	0.0572196	-0.198	0.198
   969	0.0840119	-0.198	0.198
   970	0.0881838	-0.198	0.198
   971	0.0681413	-0.198	0.198
   972	0.0901729	-0.198	0.198
   973	0.0862496	-0.198	0.198
   974	0.0874813	-0.198	0.198
   975	0.0303646	-0.198	0.198
   976	0.0908945	-0.198	0.198
   977	0.0805733	-0.198	0.198
   978	0.0898325	-0.198	0.198
   979	0.0625689	-0.198	0.198
   980	0.0883361	-0.198	0.198
   981	0.0858073	-0.198	0.198
   982	0.0813169	-0.198	0.198
   983	0.0542369	-0.198	0.198
   984	0.0758768	-0.198	0.198
   985	0.0845322	-0.198	0.198
   986	0.0885662	-0.198	0.198
   987	0.042247	-0.198	0.198
   988	0.0827132	-0.198	0.198
   989	0.078161	-0.198	0.198
   990	0.0906599	-0.198	0.198
   991	0.0981569	-0.198	0.198
   992	0.0949546	-0.198	0.198
   993	0.0614952	-0.198	0.198
   994	0.0245295	-0.198	0.198
   995	0.0959123	-0.198	0.198
   996	0.0634406	-0.198	0.198
   997	0.0361725	-0.198	0.198
   998	0.0759929	-0.198	0.198
   999	0.0936558	-0.198	0.198
  1000	0.0935806	-0.198	0.198
  1001	0.0648534	-0.198	0.198
  1002	0.0951766	-0.198	0.198
  1003	0.0655476	-0.198	0.198
  1004	0.0938566	-0.198	0.198
  1005	0.0652851	-0.198	0.198
  1006	0.0438696	-0.198	0.198
  1007	0.0837077	-0.198	0.198
  1008	0.0586995	-0.198	0.198
  1009	0.087833	-0.198	0.198
  1010	0.084025	-0.198	0.198
  1011	0.0700773	-0.198	0.198
  1012	0.0391776	-0.198	0.198
  1013	0.094772	-0.198	0.198
  1014	0.0261732	-0.198	0.198
  1015	0.0967696	-0.198	0.198
  1016	0.0525638	-0.198	0.198
  1017	0.0589174	-0.198	0.198
  1018	0.0963676	-0.198	0.198
  1019	0.085161	-0.198	0.198
  1020	0.0962667	-0.198	0.198
  1021	0.0499344	-0.198	0.198
  1022	0.0649668	-0.198	0.198
  1023	0.0841216	-0.198	0.198
  1024	0.0564499	-0.198	0.198
  1025	0.090336	-0.198	0.198
  1026	0.0847934	-0.198	0.198
  1027	0.0907425	-0.198	0.198
  1028	0.0605772	-0.198	0.198
  1029	0.0773146	-0.198	0.198
  1030	0.0938415	-0.198	0.198
  1031	0.070451	-0.198	0.198
  1032	0.0742092	-0.198	0.198
  1033	0.086522	-0.198	0.198
  1034	0.0570016	-0.198	0.198
  1035	0.0887611	-0.198	0.198
  1036	0.0643085	-0.198	0.198
  1037	0.0372504	-0.198	0.198
  1038	0.0459723	-0.198	0.198
  1039	0.0891424	-0.198	0.198
  1040	0.0680666	-0.198	0.198
  1041	0.0566634	-0.198	0.198
  1042	0.0550162	-0.198	0.198
  1043	0.0666368	-0.198	0.198
  1044	0.0756476	-0.198	0.198
  1045	0.0927757	-0.198	0.198
  1046	0.0572747	-0.198	0.198
  1047	0.0691804	-0.198	0.198
  1048	0.0976635	-0.198	0.198
  1049	0.0636407	-0.198	0.198
  1050	0.0850394	-0.198	0.198
  1051	0.0562135	-0.198	0.198
  1052	0.0309387	-0.198	0.198
  1053	0.0673463	-0.198	0.198
  1054	0.0823077	-0.198	0.198
  1055	0.0959299	-0.198	0.198
  1056	0.0761677	-0.198	0.198
  1057	0.0955432	-0.198	0.198
  1058	0.0903798	-0.198	0.198
  1059	0.0746115	-0.198	0.198
  1060	0.0835095	-0.198	0.198
  1061	0.0676071	-0.198	0.198
  1062	0.0658396	-0.198	0.198
  1063	0.0900009	-0.198	0.198
  1064	0.0773233	-0.198	0.198
  1065	0.073373	-0.198	0.198
  1066	0.0205329	-0.198	0.198
  1067	0.0559621	-0.198	0.198
  1068	0.0792782	-0.198	0.198
  1069	0.0558869	-0.198	0.198
  1070	0.0669064	-0.198	0.198
  1071	0.0908914	-0.198	0.198
  1072	0.0795139	-0.198	0.198
  1073	0.09509	-0.198	0.198
  1074	0.0961605	-0.198	0.198
  1075	0.0864714	-0.198	0.198
  1076	0.0675452	-0.198	0.198
  1077	0.0872864	-0.198	0.198
  1078	0.0795617	-0.198	0.198
  1079	0.0604402	-0.198	0.198
  1080	0.0582982	-0.198	0.198
  1081	0.0720335	-0.198	0.198
  1082	0.0802687	-0.198	0.198
  1083	0.0842231	-0.198	0.198
  1084	0.0327815	-0.198	0.198
  1085	0.0984407	-0.198	0.198
  1086	0.0737387	-0.198	0.198
  1087	0.0694572	-0.198	0.198
  1088	0.067165	-0.198	0.198
  1089	0.0817372	-0.198	0.198
  1090	0.095778	-0.198	0.198
  1091	0.0918097	-0.198	0.198
  1092	0.0767199	-0.198	0.198
  1093	0.0470415	-0.198	0.198
  1094	0.0965681	-0.198	0.198
  1095	0.0693646	-0.198	0.198
  1096	0.0775	-0.198	0.198
  1097	0.0966124	-0.198	0.198
  1098	0.0715081	-0.198	0.198
  1099	0.0853624	-0.198	0.198
  1100	0.0761533	-0.198	0.198
  1101	0.0676062	-0.198	0.198
  1102	0.0656172	-0.198	0.198
  1103	0.0836829	-0.198	0.198
  1104	0.0966552	-0.198	0.198
  1105	0.0704229	-0.198	0.198
  1106	0.0572917	-0.198	0.198
  1107	0.0791719	-0.198	0.198
  1108	0.0974815	-0.198	0.198
  1109	0.0890912	-0.198	0.198
  1110	0.0600125	-0.198	0.198
  1111	0.0524763	-0.198	0.198
  1112	0.0965957	-0.198	0.198
  1113	0.0946013	-0.198	0.198
  1114	0.0746607	-0.198	0.198
  1115	0.0540522	-0.198	0.198
  1116	0.0817647	-0.198	0.198
  1117	0.0951277	-0.198	0.198
  1118	0.0911142	-0.198	0.198
  1119	0.0169897	-0.198	0.198
  1120	0.0929449	-0.198	0.198
  1121	0.0740506	-0.198	0.198
  1122	0.0918814	-0.198	0.198
  1123	0.077871	-0.198	0.198
  1124	0.0824887	-0.198	0.198
  1125	0.079607	-0.198	0.198
  1126	0.0875372	-0.198	0.198
  1127	0.0763091	-0.198	0.198
  1128	0.0593058	-0.198	0.198
  1129	0.0586543	-0.198	0.198
  1130	0.0946613	-0.198	0.198
  1131	0.0928184	-0.198	0.198
  1132	0.0768958	-0.198	0.198
  1133	0.0888879	-0.198	0.198
  1134	0.0972145	-0.198	0.198
  1135	0.0936801	-0.198	0.198
  1136	0.0871556	-0.198	0.198
  1137	0.0923217	-0.198	0.198
  1138	0.0586084	-0.198	0.198
  1139	0.0602701	-0.198	0.198
  1140	0.0948488	-0.198	0.198
  1141	0.0554272	-0.198	0.198
  1142	0.0476858	-0.198	0.198
  1143	0.0956827	-0.198	0.198
  1144	0.0808883	-0.198	0.198
  1145	0.0918591	-0.198	0.198
  1146	0.0918162	-0.198	0.198
  1147	0.0948049	-0.198	0.198
  1148	0.0640395	-0.198	0.198
  1149	0.0689405	-0.198	0.198
  1150	0.0959354	-0.198	0.198
  1151	0.0513355	-0.198	0.198
  1152	0.0788381	-0.198	0.198
  1153	0.0439009	-0.198	0.198
  1154	0.0453891	-0.198	0.198
  1155	0.0948768	-0.198	0.198
  1156	0.097309	-0.198	0.198
  1157	0.0640796	-0.198	0.198
  1158	0.0988726	-0.198	0.198
  1159	0.065024	-0.198	0.198
  1160	0.053515	-0.198	0.198
  1161	0.0911448	-0.198	0.198
  1162	0.0921641	-0.198	0.198
  1163	0.0860252	-0.198	0.198
  1164	0.0935494	-0.198	0.198
  1165	0.0971127	-0.198	0.198
  1166	0.0820517	-0.198	0.198
  1167	0.096442	-0.198	0.198
  1168	0.0305955	-0.198	0.198
  1169	0.0817037	-0.198	0.198
  1170	0.0966161	-0.198	0.198
  1171	0.0819383	-0.198	0.198
  1172	0.08788	-0.198	0.198
  1173	0.0899115	-0.198	0.198
  1174	0.0884323	-0.198	0.198
  1175	0.0911555	-0.198	0.198
  1176	0.0857066	-0.198	0.198
  1177	0.0928788	-0.198	0.198
  1178	0.0713057	-0.198	0.198
  1179	0.0531844	-0.198	0.198
  1180	0.0714155	-0.198	0.198
  1181	0.0943573	-0.198	0.198
  1182	0.0968361	-0.198	0.198
  1183	0.0519577	-0.198	0.198
  1184	0.0678266	-0.198	0.198
  1185	0.0944047	-0.198	0.198
  1186	0.0969036	-0.198	0.198
  1187	0.0769735	-0.198	0.198
  1188	0.0794627	-0.198	0.198
  1189	0.0972584	-0.198	0.198
  1190	0.0828142	-0.198	0.198
  1191	0.0961547	-0.198	0.198
  1192	0.069251	-0.198	0.198
  1193	0.03468	-0.198	0.198
  1194	0.0982395	-0.198	0.198
  1195	0.0847752	-0.198	0.198
  1196	0.0966909	-0.198	0.198
  1197	0.0533389	-0.198	0.198
  1198	0.0977049	-0.198	0.198
  1199	0.0199845	-0.198	0.198
  1200	0.0839215	-0.198	0.198
  1201	0.0826548	-0.198	0.198
  1202	0.0889397	-0.198	0.198
  1203	0.0775171	-0.198	0.198
  1204	0.0227714	-0.198	0.198
  1205	0.0239453	-0.198	0.198
  1206	0.0438947	-0.198	0.198
  1207	0.070172	-0.198	0.198
  1208	0.0297726	-0.198	0.198
  1209	0.0974587	-0.198	0.198
  1210	0.0684217	-0.198	0.198
  1211	0.0938512	-0.198	0.198
  1212	0.0818629	-0.198	0.198
  1213	0.0653263	-0.198	0.198
  1214	0.0893602	-0.198	0.198
  1215	0.0617498	-0.198	0.198
  1216	0.0280303	-0.198	0.198
  1217	0.088539	-0.198	0.198
  1218	0.0334533	-0.198	0.198
  1219	0.0964429	-0.198	0.198
  1220	0.0784537	-0.198	0.198
  1221	0.0887569	-0.198	0.198
  1222	0.078888	-0.198	0.198
  1223	0.0890686	-0.198	0.198
  1224	0.0925633	-0.198	0.198
  1225	0.0958093	-0.198	0.198
  1226	0.0648901	-0.198	0.198
  1227	0.0528068	-0.198	0.198
  1228	0.0968472	-0.198	0.198
  1229	0.0918426	-0.198	0.198
  1230	0.069699	-0.198	0.198
  1231	0.0698598	-0.198	0.198
  1232	0.0305002	-0.198	0.198
  1233	0.082186	-0.198	0.198
  1234	0.0672816	-0.198	0.198
  1235	0.0796881	-0.198	0.198
  1236	0.0909015	-0.198	0.198
  1237	0.0546582	-0.198	0.198
  1238	0.0974468	-0.198	0.198
  1239	0.0152376	-0.198	0.198
  1240	0.0702955	-0.198	0.198
  1241	0.0868562	-0.198	0.198
  1242	0.0800279	-0.198	0.198
  1243	0.0924021	-0.198	0.198
  1244	0.0830595	-0.198	0.198
  1245	0.0800958	-0.198	0.198
  1246	0.0779281	-0.198	0.198
  1247	0.0942813	-0.198	0.198
  1248	0.0647832	-0.198	0.198
  1249	0.0664119	-0.198	0.198
  1250	0.0974911	-0.198	0.198
  1251	0.0758275	-0.198	0.198
  1252	0.0975887	-0.198	0.198
  1253	0.0794723	-0.198	0.198
  1254	0.0913309	-0.198	0.198
  1255	0.0948789	-0.198	0.198
  1256	0.0870746	-0.198	0.198
  1257	0.0690578	-0.198	0.198
  1258	0.0751463	-0.198	0.198
  1259	0.0517357	-0.198	0.198
  1260	0.0601246	-0.198	0.198
  1261	0.0935484	-0.198	0.198
  1262	0.0281785	-0.198	0.198
  1263	0.0932555	-0.198	0.198
  1264	0.0984654	-0.198	0.198
  1265	0.0941542	-0.198	0.198
  1266	0.0231277	-0.198	0.198
  1267	0.0604937	-0.198	0.198
  1268	0.0829054	-0.198	0.198
  1269	0.0600523	-0.198	0.198
  1270	0.0753885	-0.198	0.198
  1271	0.0780803	-0.198	0.198
  1272	0.0956013	-0.198	0.198
  1273	0.014846	-0.198	0.198
  1274	0.0613114	-0.198	0.198
  1275	0.0942968	-0.198	0.198
  1276	0.0462307	-0.198	0.198
  1277	0.093909	-0.198	0.198
  1278	0.0767774	-0.198	0.198
  1279	0.0891416	-0.198	0.198
  1280	0.0575089	-0.198	0.198
  1281	0.0787366	-0.198	0.198
  1282	0.0383812	-0.198	0.198
  1283	0.0772632	-0.198	0.198
  1284	0.0396341	-0.198	0.198
  1285	0.0702024	-0.198	0.198
  1286	0.0596812	-0.198	0.198
  1287	0.079731	-0.198	0.198
  1288	0.0770432	-0.198	0.198
  1289	0.0563201	-0.198	0.198
  1290	0.0600802	-0.198	0.198
  1291	0.0655544	-0.198	0.198
  1292	0.0866658	-0.198	0.198
  1293	0.0724106	-0.198	0.198
  1294	0.0633172	-0.198	0.198
  1295	0.0959647	-0.198	0.198
  1296	0.0970474	-0.198	0.198
  1297	0.0798052	-0.198	0.198
  1298	0.0685804	-0.198	0.198
  1299	0.0290005	-0.198	0.198
  1300	0.0560442	-0.198	0.198
  1301	0.0977835	-0.198	0.198
  1302	0.0555402	-0.198	0.198
  1303	0.0649973	-0.198	0.198
  1304	0.0641037	-0.198	0.198
  1305	0.0547391	-0.198	0.198
  1306	0.0964361	-0.198	0.198
  1307	0.0932471	-0.198	0.198
  1308	0.0968701	-0.198	0.198
  1309	0.039373	-0.198	0.198
  1310	0.0494191	-0.198	0.198
  1311	0.0973477	-0.198	0.198
  1312	0.0850424	-0.198	0.198
  1313	0.0864227	-0.198	0.198
  1314	0.0623175	-0.198	0.198
  1315	0.0595479	-0.198	0.198
  1316	0.0737926	-0.198	0.198
  1317	0.0391774	-0.198	0.198
  1318	0.0966534	-0.198	0.198
  1319	0.0834125	-0.198	0.198
  1320	0.0632571	-0.198	0.198
  1321	0.0897186	-0.198	0.198
  1322	0.0642743	-0.198	0.198
  1323	0.0766749	-0.198	0.198
  1324	0.0720862	-0.198	0.198
  1325	0.0905633	-0.198	0.198
  1326	0.0769053	-0.198	0.198
  1327	0.0814218	-0.198	0.198
  1328	0.0745478	-0.198	0.198
  1329	0.0901891	-0.198	0.198
  1330	0.0682705	-0.198	0.198
  1331	0.0674911	-0.198	0.198
  1332	0.0449726	-0.198	0.198
  1333	0.0569016	-0.198	0.198
  1334	0.0941604	-0.198	0.198
  1335	0.0520017	-0.198	0.198
  1336	0.0854151	-0.198	0.198
  1337	0.0965348	-0.198	0.198
  1338	0.0460278	-0.198	0.198
  1339	0.0802481	-0.198	0.198
  1340	0.0556016	-0.198	0.198
  1341	0.0635685	-0.198	0.198
  1342	0.0683888	-0.198	0.198
  1343	0.0821145	-0.198	0.198
  1344	0.0609998	-0.198	0.198
  1345	0.0417443	-0.198	0.198
  1346	0.0970485	-0.198	0.198
  1347	0.0895046	-0.198	0.198
  1348	0.0387736	-0.198	0.198
  1349	0.0567096	-0.198	0.198
  1350	0.0797405	-0.198	0.198
  1351	0.0656605	-0.198	0.198
  1352	0.0723808	-0.198	0.198
  1353	0.0686016	-0.198	0.198
  1354	0.0852826	-0.198	0.198
  1355	0.0819866	-0.198	0.198
  1356	0.097126	-0.198	0.198
  1357	0.0954439	-0.198	0.198
  1358	0.0863956	-0.198	0.198
  1359	0.0885307	-0.198	0.198
  1360	0.0762044	-0.198	0.198
  1361	0.0836608	-0.198	0.198
  1362	0.0950229	-0.198	0.198
  1363	0.0745348	-0.198	0.198
  1364	0.0880298	-0.198	0.198
  1365	0.0460905	-0.198	0.198
  1366	0.0949228	-0.198	0.198
  1367	0.0821944	-0.198	0.198
  1368	0.0811651	-0.198	0.198
  1369	0.068011	-0.198	0.198
  1370	0.0822493	-0.198	0.198
  1371	0.0568305	-0.198	0.198
  1372	0.0778593	-0.198	0.198
  1373	0.0785347	-0.198	0.198
  1374	0.0707296	-0.198	0.198
  1375	0.0970813	-0.198	0.198
  1376	0.0906158	-0.198	0.198
  1377	0.0919366	-0.198	0.198
  1378	0.0775691	-0.198	0.198
  1379	0.0723925	-0.198	0.198
  1380	0.0773821	-0.198	0.198
  1381	0.0793927	-0.198	0.198
  1382	0.0843591	-0.198	0.198
  1383	0.0660076	-0.198	0.198
  1384	0.0430942	-0.198	0.198
  1385	0.0952118	-0.198	0.198
  1386	0.0981548	-0.198	0.198
  1387	0.0844943	-0.198	0.198
  1388	0.0808818	-0.198	0.198
  1389	0.0894767	-0.198	0.198
  1390	0.0874906	-0.198	0.198
  1391	0.0949384	-0.198	0.198
  1392	0.0948878	-0.198	0.198
  1393	0.0581543	-0.198	0.198
  1394	0.0365331	-0.198	0.198
  1395	0.0927209	-0.198	0.198
  1396	0.0984067	-0.198	0.198
  1397	0.074378	-0.198	0.198
  1398	0.0618567	-0.198	0.198
  1399	0.0713265	-0.198	0.198
  1400	0.0931679	-0.198	0.198
  1401	0.0858344	-0.198	0.198
  1402	0.0703598	-0.198	0.198
  1403	0.0966648	-0.198	0.198
  1404	0.0734667	-0.198	0.198
  1405	0.0925237	-0.198	0.198
  1406	0.0726669	-0.198	0.198
  1407	0.0925754	-0.198	0.198
  1408	0.0906736	-0.198	0.198
  1409	0.0877714	-0.198	0.198
  1410	0.0256269	-0.198	0.198
  1411	0.0407023	-0.198	0.198
  1412	0.0846507	-0.198	0.198
  1413	0.0422175	-0.198	0.198
  1414	0.0832098	-0.198	0.198
  1415	0.0981599	-0.198	0.198
  1416	0.0968418	-0.198	0.198
  1417	0.0970362	-0.198	0.198
  1418	0.0588462	-0.198	0.198
  1419	0.0938608	-0.198	0.198
  1420	0.0954629	-0.198	0.198
  1421	0.0859055	-0.198	0.198
  1422	0.0919152	-0.198	0.198
  1423	0.0909107	-0.198	0.198
  1424	0.0410937	-0.198	0.198
  1425	0.0984137	-0.198	0.198
  1426	0.0565742	-0.198	0.198
  1427	0.0616543	-0.198	0.198
  1428	0.0706557	-0.198	0.198
  1429	0.0274002	-0.198	0.198
  1430	0.0874274	-0.198	0.198
  1431	0.0629841	-0.198	0.198
  1432	0.0845544	-0.198	0.198
  1433	0.0239894	-0.198	0.198
  1434	0.0304974	-0.198	0.198
  1435	0.0425767	-0.198	0.198
  1436	0.0840999	-0.198	0.198
  1437	0.0768738	-0.198	0.198
  1438	0.0711401	-0.198	0.198
  1439	0.0938375	-0.198	0.198
  1440	0.0501228	-0.198	0.198
  1441	0.057327	-0.198	0.198
  1442	0.0494425	-0.198	0.198
  1443	0.0715924	-0.198	0.198
  1444	0.0973608	-0.198	0.198
  1445	0.0610901	-0.198	0.198
  1446	0.077715	-0.198	0.198
  1447	0.0738622	-0.198	0.198
  1448	0.0826836	-0.198	0.198
  1449	0.0890925	-0.198	0.198
  1450	0.0688587	-0.198	0.198
  1451	0.0763178	-0.198	0.198
  1452	0.0907079	-0.198	0.198
  1453	0.0621193	-0.198	0.198
  1454	0.0870399	-0.198	0.198
  1455	0.0468688	-0.198	0.198
  1456	0.0914268	-0.198	0.198
  1457	0.0953711	-0.198	0.198
  1458	0.0702845	-0.198	0.198
  1459	0.0797399	-0.198	0.198
  1460	0.0729786	-0.198	0.198
  1461	0.0828212	-0.198	0.198
  1462	0.0559888	-0.198	0.198
  1463	0.0934113	-0.198	0.198
  1464	0.0478722	-0.198	0.198
  1465	0.0948593	-0.198	0.198
  1466	0.0677887	-0.198	0.198
  1467	0.0510513	-0.198	0.198
  1468	0.0791181	-0.198	0.198
  1469	0.0733304	-0.198	0.198
  1470	0.0861422	-0.198	0.198
  1471	0.0616843	-0.198	0.198
  1472	0.0510528	-0.198	0.198
  1473	0.0895308	-0.198	0.198
  1474	0.0751238	-0.198	0.198
  1475	0.0584397	-0.198	0.198
  1476	0.0220202	-0.198	0.198
  1477	0.0942912	-0.198	0.198
  1478	0.0952403	-0.198	0.198
  1479	0.0939471	-0.198	0.198
  1480	0.0903137	-0.198	0.198
  1481	0.069087	-0.198	0.198
  1482	0.0831449	-0.198	0.198
  1483	0.0917363	-0.198	0.198
  1484	0.0907496	-0.198	0.198
  1485	0.0779077	-0.198	0.198
  1486	0.0772239	-0.198	0.198
  1487	0.0552546	-0.198	0.198
  1488	0.084743	-0.198	0.198
  1489	0.0442299	-0.198	0.198
  1490	0.0804603	-0.198	0.198
  1491	0.0698138	-0.198	0.198
  1492	0.0951206	-0.198	0.198
  1493	0.075062	-0.198	0.198
  1494	0.0863101	-0.198	0.198
  1495	0.0553075	-0.198	0.198
  1496	0.0400017	-0.198	0.198
  1497	0.0972343	-0.198	0.198
  1498	0.0979311	-0.198	0.198
  1499	0.0914093	-0.198	0.198
  1500	0.0848647	-0.198	0.198
  1501	0.0451941	-0.198	0.198
  1502	0.0719986	-0.198	0.198
  1503	0.0782247	-0.198	0.198
  1504	0.0458071	-0.198	0.198
  1505	0.054942	-0.198	0.198
  1506	0.084513	-0.198	0.198
  1507	0.0455632	-0.198	0.198
  1508	0.0585103	-0.198	0.198
  1509	0.0886707	-0.198	0.198
  1510	0.0626518	-0.198	0.198
  1511	0.0910022	-0.198	0.198
  1512	0.0933125	-0.198	0.198
  1513	0.071203	-0.198	0.198
  1514	0.0354017	-0.198	0.198
  1515	0.0976098	-0.198	0.198
  1516	0.086388	-0.198	0.198
  1517	0.0792222	-0.198	0.198
  1518	0.0732468	-0.198	0.198
  1519	0.0213273	-0.198	0.198
  1520	0.0553337	-0.198	0.198
  1521	0.0605766	-0.198	0.198
  1522	0.0924384	-0.198	0.198
  1523	0.097071	-0.198	0.198
  1524	0.0837494	-0.198	0.198
  1525	0.0861967	-0.198	0.198
  1526	0.0910971	-0.198	0.198
  1527	0.0975795	-0.198	0.198
  1528	0.0906218	-0.198	0.198
  1529	0.0777736	-0.198	0.198
  1530	0.0669872	-0.198	0.198
  1531	0.053338	-0.198	0.198
  1532	0.0977149	-0.198	0.198
  1533	0.0973866	-0.198	0.198
  1534	0.0334862	-0.198	0.198
  1535	0.095073	-0.198	0.198
  1536	0.0841541	-0.198	0.198
  1537	0.0959487	-0.198	0.198
  1538	0.0744522	-0.198	0.198
  1539	0.0868559	-0.198	0.198
  1540	0.0520469	-0.198	0.198
  1541	0.0955648	-0.198	0.198
  1542	0.0841463	-0.198	0.198
  1543	0.0573585	-0.198	0.198
  1544	0.0760515	-0.198	0.198
  1545	0.0938184	-0.198	0.198
  1546	0.0576332	-0.198	0.198
  1547	0.0664202	-0.198	0.198
  1548	0.0844321	-0.198	0.198
  1549	0.043155	-0.198	0.198
  1550	0.071131	-0.198	0.198
  1551	0.0535215	-0.198	0.198
  1552	0.0643401	-0.198	0.198
  1553	0.0920072	-0.198	0.198
  1554	0.0858389	-0.198	0.198
  1555	0.0534983	-0.198	0.198
  1556	0.0612905	-0.198	0.198
  1557	0.0881285	-0.198	0.198
  1558	0.0716622	-0.198	0.198
  1559	0.0617329	-0.198	0.198
  1560	0.0697697	-0.198	0.198
  1561	0.0935949	-0.198	0.198
  1562	0.0974498	-0.198	0.198
  1563	0.0741303	-0.198	0.198
  1564	0.0753769	-0.198	0.198
  1565	0.0484137	-0.198	0.198
  1566	0.0711764	-0.198	0.198
  1567	0.0797269	-0.198	0.198
  1568	0.0717062	-0.198	0.198
  1569	0.0667707	-0.198	0.198
  1570	0.0983088	-0.198	0.198
  1571	0.0789713	-0.198	0.198
  1572	0.0857424	-0.198	0.198
  1573	0.0794026	-0.198	0.198
  1574	0.0886992	-0.198	0.198
  1575	0.0856302	-0.198	0.198
  1576	0.0974939	-0.198	0.198
  1577	0.0830263	-0.198	0.198
  1578	0.0785136	-0.198	0.198
  1579	0.0948964	-0.198	0.198
  1580	0.0949669	-0.198	0.198
  1581	0.0479502	-0.198	0.198
  1582	0.0840538	-0.198	0.198
  1583	0.0771863	-0.198	0.198
  1584	0.0516263	-0.198	0.198
  1585	0.0972677	-0.198	0.198
  1586	0.0928817	-0.198	0.198
  1587	0.0909383	-0.198	0.198
  1588	0.0867493	-0.198	0.198
  1589	0.0278524	-0.198	0.198
  1590	0.0689639	-0.198	0.198
  1591	0.053413	-0.198	0.198
  1592	0.0561167	-0.198	0.198
  1593	0.0981368	-0.198	0.198
  1594	0.0853324	-0.198	0.198
  1595	0.098322	-0.198	0.198
  1596	0.0518624	-0.198	0.198
  1597	0.0816965	-0.198	0.198
  1598	0.0808763	-0.198	0.198
  1599	0.084852	-0.198	0.198
  1600	0.0473457	-0.198	0.198
  1601	0.0960857	-0.198	0.198
  1602	0.0489531	-0.198	0.198
  1603	0.0956759	-0.198	0.198
  1604	0.0398137	-0.198	0.198
  1605	0.0818975	-0.198	0.198
  1606	0.0664256	-0.198	0.198
  1607	0.0982921	-0.198	0.198
  1608	0.0619796	-0.198	0.198
  1609	0.0825581	-0.198	0.198
  1610	0.0974854	-0.198	0.198
  1611	0.094785	-0.198	0.198
  1612	0.0565404	-0.198	0.198
  1613	0.0900683	-0.198	0.198
  1614	0.0979787	-0.198	0.198
  1615	0.0835846	-0.198	0.198
  1616	0.065966	-0.198	0.198
  1617	0.0910866	-0.198	0.198
  1618	0.0754923	-0.198	0.198
  1619	0.095387	-0.198	0.198
  1620	0.0982684	-0.198	0.198
  1621	0.0403759	-0.198	0.198
  1622	0.0833383	-0.198	0.198
  1623	0.0978616	-0.198	0.198
  1624	0.0983376	-0.198	0.198
  1625	0.0577092	-0.198	0.198
  1626	0.082306	-0.198	0.198
  1627	0.0937787	-0.198	0.198
  1628	0.0448338	-0.198	0.198
  1629	0.0979021	-0.198	0.198
  1630	0.0640256	-0.198	0.198
  1631	0.0952176	-0.198	0.198
  1632	0.0989893	-0.198	0.198
  1633	0.0819416	-0.198	0.198
  1634	0.0869783	-0.198	0.198
  1635	0.0405466	-0.198	0.198
  1636	0.0697035	-0.198	0.198
  1637	0.058427	-0.198	0.198
  1638	0.0851087	-0.198	0.198
  1639	0.0605697	-0.198	0.198
  1640	0.0453956	-0.198	0.198
  1641	0.0841749	-0.198	0.198
  1642	0.0654385	-0.198	0.198
  1643	0.0843215	-0.198	0.198
  1644	0.0603206	-0.198	0.198
  1645	0.0810794	-0.198	0.198
  1646	0.0742051	-0.198	0.198
  1647	0.0817652	-0.198	0.198
  1648	0.0533864	-0.198	0.198
  1649	0.0691201	-0.198	0.198
  1650	0.0581184	-0.198	0.198
  1651	0.0711782	-0.198	0.198
  1652	0.0793165	-0.198	0.198
  1653	0.0779086	-0.198	0.198
  1654	0.0970312	-0.198	0.198
  1655	0.0928607	-0.198	0.198
  1656	0.0398141	-0.198	0.198
  1657	0.0875091	-0.198	0.198
  1658	0.0698935	-0.198	0.198
  1659	0.0877091	-0.198	0.198
  1660	0.0889571	-0.198	0.198
  1661	0.0741702	-0.198	0.198
  1662	0.0957514	-0.198	0.198
  1663	0.0956968	-0.198	0.198
  1664	0.0372763	-0.198	0.198
  1665	0.0970963	-0.198	0.198
  1666	0.0491149	-0.198	0.198
  1667	0.0966988	-0.198	0.198
  1668	0.0734897	-0.198	0.198
  1669	0.0888711	-0.198	0.198
  1670	0.0394575	-0.198	0.198
  1671	0.0777643	-0.198	0.198
  1672	0.0813041	-0.198	0.198
  1673	0.0663716	-0.198	0.198
  1674	0.0843543	-0.198	0.198
  1675	0.0936171	-0.198	0.198
  1676	0.0876765	-0.198	0.198
  1677	0.0712089	-0.198	0.198
  1678	0.0830366	-0.198	0.198
  1679	0.0375504	-0.198	0.198
  1680	0.0979363	-0.198	0.198
  1681	0.0437091	-0.198	0.198
  1682	0.0745323	-0.198	0.198
  1683	0.0606315	-0.198	0.198
  1684	0.0704963	-0.198	0.198
  1685	0.0802947	-0.198	0.198
  1686	0.0333877	-0.198	0.198
  1687	0.0923738	-0.198	0.198
  1688	0.0301984	-0.198	0.198
  1689	0.0481287	-0.198	0.198
  1690	0.0922252	-0.198	0.198
  1691	0.0973455	-0.198	0.198
  1692	0.0934656	-0.198	0.198
  1693	0.0784711	-0.198	0.198
  1694	0.0683269	-0.198	0.198
  1695	0.0976834	-0.198	0.198
  1696	0.0583287	-0.198	0.198
  1697	0.0819051	-0.198	0.198
  1698	0.0936811	-0.198	0.198
  1699	0.0884896	-0.198	0.198
  1700	0.0860927	-0.198	0.198
  1701	0.0709392	-0.198	0.198
  1702	0.0809127	-0.198	0.198
  1703	0.0904422	-0.198	0.198
  1704	0.0855505	-0.198	0.198
  1705	0.0826798	-0.198	0.198
  1706	0.0971583	-0.198	0.198
  1707	0.0786153	-0.198	0.198
  1708	0.069967	-0.198	0.198
  1709	0.0864877	-0.198	0.198
  1710	0.0744403	-0.198	0.198
  1711	0.0845378	-0.198	0.198
  1712	0.0557024	-0.198	0.198
  1713	0.0780393	-0.198	0.198
  1714	0.0858402	-0.198	0.198
  1715	0.076241	-0.198	0.198
  1716	0.0906568	-0.198	0.198
  1717	0.0767252	-0.198	0.198
  1718	0.0753504	-0.198	0.198
  1719	0.0953182	-0.198	0.198
  1720	0.0649294	-0.198	0.198
  1721	0.064413	-0.198	0.198
  1722	0.0903819	-0.198	0.198
  1723	0.0973031	-0.198	0.198
  1724	0.080595	-0.198	0.198
  1725	0.0898255	-0.198	0.198
  1726	0.0960101	-0.198	0.198
  1727	0.0482704	-0.198	0.198
  1728	0.0726666	-0.198	0.198
  1729	0.0975832	-0.198	0.198
  1730	0.088329	-0.198	0.198
  1731	0.0519081	-0.198	0.198
  1732	0.0899499	-0.198	0.198
  1733	0.0799865	-0.198	0.198
  1734	0.0811999	-0.198	0.198
  1735	0.0860183	-0.198	0.198
  1736	0.0641439	-0.198	0.198
  1737	0.0834415	-0.198	0.198
  1738	0.097677	-0.198	0.198
  1739	0.0950441	-0.198	0.198
  1740	0.0509358	-0.198	0.198
  1741	0.0963925	-0.198	0.198
  1742	0.0889553	-0.198	0.198
  1743	0.086939	-0.198	0.198
  1744	0.0493115	-0.198	0.198
  1745	0.0981518	-0.198	0.198
  1746	0.0668557	-0.198	0.198
  1747	0.0919162	-0.198	0.198
  1748	0.0959465	-0.198	0.198
  1749	0.095055	-0.198	0.198
  1750	0.0712774	-0.198	0.198
  1751	0.0978018	-0.198	0.198
  1752	0.0721419	-0.198	0.198
  1753	0.0659075	-0.198	0.198
  1754	0.0528477	-0.198	0.198
  1755	0.0921526	-0.198	0.198
  1756	0.0753745	-0.198	0.198
  1757	0.0922056	-0.198	0.198
  1758	0.0941416	-0.198	0.198
  1759	0.0816018	-0.198	0.198
  1760	0.0911862	-0.198	0.198
  1761	0.0598972	-0.198	0.198
  1762	0.0874287	-0.198	0.198
  1763	0.0413359	-0.198	0.198
  1764	0.0972011	-0.198	0.198
  1765	0.0900022	-0.198	0.198
  1766	0.0908901	-0.198	0.198
  1767	0.0934115	-0.198	0.198
  1768	0.083378	-0.198	0.198
  1769	0.0939003	-0.198	0.198
  1770	0.0512645	-0.198	0.198
  1771	0.0617042	-0.198	0.198
  1772	0.0850308	-0.198	0.198
  1773	0.0889468	-0.198	0.198
  1774	0.098707	-0.198	0.198
  1775	0.0846468	-0.198	0.198
  1776	0.077264	-0.198	0.198
  1777	0.0962831	-0.198	0.198
  1778	0.0712347	-0.198	0.198
  1779	0.0503629	-0.198	0.198
  1780	0.0279376	-0.198	0.198
  1781	0.0754066	-0.198	0.198
  1782	0.0886847	-0.198	0.198
  1783	0.0934912	-0.198	0.198
  1784	0.0526325	-0.198	0.198
  1785	0.0970488	-0.198	0.198
  1786	0.0840661	-0.198	0.198
  1787	0.090319	-0.198	0.198
  1788	0.070995	-0.198	0.198
  1789	0.0941703	-0.198	0.198
  1790	0.0937524	-0.198	0.198
  1791	0.0748617	-0.198	0.198
  1792	0.0762664	-0.198	0.198
  1793	0.0953862	-0.198	0.198
  1794	0.0828107	-0.198	0.198
  1795	0.0712016	-0.198	0.198
  1796	0.0931839	-0.198	0.198
  1797	0.0606185	-0.198	0.198
  1798	0.0646836	-0.198	0.198
  1799	0.067701	-0.198	0.198
  1800	0.0731829	-0.198	0.198
  1801	0.0746716	-0.198	0.198
  1802	0.0785955	-0.198	0.198
  1803	0.0636263	-0.198	0.198
  1804	0.0880664	-0.198	0.198
  1805	0.0844217	-0.198	0.198
  1806	0.0734088	-0.198	0.198
  1807	0.0668875	-0.198	0.198
  1808	0.0752464	-0.198	0.198
  1809	0.0975898	-0.198	0.198
  1810	0.0828747	-0.198	0.198
  1811	0.0390871	-0.198	0.198
  1812	0.0862211	-0.198	0.198
  1813	0.080772	-0.198	0.198
  1814	0.0838084	-0.198	0.198
  1815	0.0987601	-0.198	0.198
  1816	0.090239	-0.198	0.198
  1817	0.0758563	-0.198	0.198
  1818	0.0887488	-0.198	0.198
  1819	0.0886269	-0.198	0.198
  1820	0.0696694	-0.198	0.198
  1821	0.090562	-0.198	0.198
  1822	0.0708597	-0.198	0.198
  1823	0.0979167	-0.198	0.198
  1824	0.0936449	-0.198	0.198
  1825	0.0828796	-0.198	0.198
  1826	0.0837112	-0.198	0.198
  1827	0.0960116	-0.198	0.198
  1828	0.076111	-0.198	0.198
  1829	0.0765754	-0.198	0.198
  1830	0.0900656	-0.198	0.198
  1831	0.0591589	-0.198	0.198
  1832	0.0455033	-0.198	0.198
  1833	0.0640425	-0.198	0.198
  1834	0.0904553	-0.198	0.198
  1835	0.0957247	-0.198	0.198
  1836	0.0981507	-0.198	0.198
  1837	0.0489369	-0.198	0.198
  1838	0.0819069	-0.198	0.198
  1839	0.0972362	-0.198	0.198
  1840	0.0838402	-0.198	0.198
  1841	0.0732481	-0.198	0.198
  1842	0.0967918	-0.198	0.198
  1843	0.0912136	-0.198	0.198
  1844	0.0802687	-0.198	0.198
  1845	0.0732185	-0.198	0.198
  1846	0.0774017	-0.198	0.198
  1847	0.0792295	-0.198	0.198
  1848	0.0801857	-0.198	0.198
  1849	0.0652049	-0.198	0.198
  1850	0.0832535	-0.198	0.198
  1851	0.0855622	-0.198	0.198
  1852	0.0970674	-0.198	0.198
  1853	0.0618061	-0.198	0.198
  1854	0.06268	-0.198	0.198
  1855	0.0967608	-0.198	0.198
  1856	0.0549862	-0.198	0.198
  1857	0.0789657	-0.198	0.198
  1858	0.0948141	-0.198	0.198
  1859	0.0770067	-0.198	0.198
  1860	0.0843061	-0.198	0.198
  1861	0.0522893	-0.198	0.198
  1862	0.0980292	-0.198	0.198
  1863	0.098309	-0.198	0.198
  1864	0.095634	-0.198	0.198
  1865	0.0642006	-0.198	0.198
  1866	0.0944053	-0.198	0.198
  1867	0.0800719	-0.198	0.198
  1868	0.0973487	-0.198	0.198
  1869	0.0341235	-0.198	0.198
  1870	0.096499	-0.198	0.198
  1871	0.0972112	-0.198	0.198
  1872	0.0729029	-0.198	0.198
  1873	0.0829698	-0.198	0.198
  1874	0.0674358	-0.198	0.198
  1875	0.0744163	-0.198	0.198
  1876	0.0644338	-0.198	0.198
  1877	0.0597486	-0.198	0.198
  1878	0.0824048	-0.198	0.198
  1879	0.0861983	-0.198	0.198
  1880	0.0586955	-0.198	0.198
  1881	0.0808565	-0.198	0.198
  1882	0.0398645	-0.198	0.198
  1883	0.0200466	-0.198	0.198
  1884	0.0663705	-0.198	0.198
  1885	0.0581149	-0.198	0.198
  1886	0.0599287	-0.198	0.198
  1887	0.043832	-0.198	0.198
  1888	0.0885222	-0.198	0.198
  1889	0.0791166	-0.198	0.198
  1890	0.023064	-0.198	0.198
  1891	0.0956068	-0.198	0.198
  1892	0.0453752	-0.198	0.198
  1893	0.071675	-0.198	0.198
  1894	0.0564566	-0.198	0.198
  1895	0.0563693	-0.198	0.198
  1896	0.0948977	-0.198	0.198
  1897	0.0814927	-0.198	0.198
  1898	0.086687	-0.198	0.198
  1899	0.0665578	-0.198	0.198
  1900	0.0985302	-0.198	0.198
  1901	0.076352	-0.198	0.198
  1902	0.0800499	-0.198	0.198
  1903	0.0786546	-0.198	0.198
  1904	0.0885201	-0.198	0.198
  1905	0.098246	-0.198	0.198
  1906	0.0794248	-0.198	0.198
  1907	0.0919449	-0.198	0.198
  1908	0.0975105	-0.198	0.198
  1909	0.0890444	-0.198	0.198
  1910	0.0982019	-0.198	0.198
  1911	0.0980355	-0.198	0.198
  1912	0.0857827	-0.198	0.198
  1913	0.0797798	-0.198	0.198
  1914	0.0616031	-0.198	0.198
  1915	0.0974904	-0.198	0.198
  1916	0.0776412	-0.198	0.198
  1917	0.0931312	-0.198	0.198
  1918	0.0707825	-0.198	0.198
  1919	0.0930931	-0.198	0.198
  1920	0.0659359	-0.198	0.198
  1921	0.0658502	-0.198	0.198
  1922	0.0935527	-0.198	0.198
  1923	0.0560394	-0.198	0.198
  1924	0.0428065	-0.198	0.198
  1925	0.0589674	-0.198	0.198
  1926	0.0807966	-0.198	0.198
  1927	0.0953625	-0.198	0.198
  1928	0.0522857	-0.198	0.198
  1929	0.0887912	-0.198	0.198
  1930	0.0781419	-0.198	0.198
  1931	0.0878081	-0.198	0.198
  1932	0.0893377	-0.198	0.198
  1933	0.0800141	-0.198	0.198
  1934	0.0768694	-0.198	0.198
  1935	0.0702361	-0.198	0.198
  1936	0.0610887	-0.198	0.198
  1937	0.0972496	-0.198	0.198
  1938	0.0557387	-0.198	0.198
  1939	0.0441499	-0.198	0.198
  1940	0.0159236	-0.198	0.198
  1941	0.0788913	-0.198	0.198
  1942	0.0770006	-0.198	0.198
  1943	0.0647876	-0.198	0.198
  1944	0.0565866	-0.198	0.198
  1945	0.083984	-0.198	0.198
  1946	0.0832737	-0.198	0.198
  1947	0.0970713	-0.198	0.198
  1948	0.0860438	-0.198	0.198
  1949	0.078666	-0.198	0.198
  1950	0.0885411	-0.198	0.198
  1951	0.071203	-0.198	0.198
  1952	0.0585122	-0.198	0.198
  1953	0.0641079	-0.198	0.198
  1954	0.0687814	-0.198	0.198
  1955	0.0960828	-0.198	0.198
  1956	0.0655872	-0.198	0.198
  1957	0.0979356	-0.198	0.198
  1958	0.0895418	-0.198	0.198
  1959	0.0982311	-0.198	0.198
  1960	0.0873833	-0.198	0.198
  1961	0.0903841	-0.198	0.198
  1962	0.0762893	-0.198	0.198
  1963	0.0502822	-0.198	0.198
  1964	0.0684839	-0.198	0.198
  1965	0.0720931	-0.198	0.198
  1966	0.0964718	-0.198	0.198
  1967	0.0810271	-0.198	0.198
  1968	0.0441137	-0.198	0.198
  1969	0.0785275	-0.198	0.198
  1970	0.0916021	-0.198	0.198
  1971	0.0532864	-0.198	0.198
  1972	0.035969	-0.198	0.198
  1973	0.0731266	-0.198	0.198
  1974	0.0816904	-0.198	0.198
  1975	0.09604	-0.198	0.198
  1976	0.0976313	-0.198	0.198
  1977	0.08275	-0.198	0.198
  1978	0.0610521	-0.198	0.198
  1979	0.0765511	-0.198	0.198
  1980	0.0760517	-0.198	0.198
  1981	0.0942996	-0.198	0.198
  1982	0.0739689	-0.198	0.198
  1983	0.078607	-0.198	0.198
  1984	0.0984095	-0.198	0.198
  1985	0.0790514	-0.198	0.198
  1986	0.071498	-0.198	0.198
  1987	0.0512694	-0.198	0.198
  1988	0.0872315	-0.198	0.198
  1989	0.0867838	-0.198	0.198
  1990	0.0799162	-0.198	0.198
  1991	0.0727355	-0.198	0.198
  1992	0.0410381	-0.198	0.198
  1993	0.0963796	-0.198	0.198
  1994	0.0746262	-0.198	0.198
  1995	0.0633022	-0.198	0.198
  1996	0.0418662	-0.198	0.198
  1997	0.060807	-0.198	0.198
  1998	0.0697769	-0.198	0.198
  1999	0.0816535	-0.198	0.198
  2000	0.0829179	-0.198	0.198
  2001	0.0970664	-0.198	0.198
  2002	0.0958588	-0.198	0.198
  2003	0.0643445	-0.198	0.198
  2004	0.0972639	-0.198	0.198
  2005	0.0760922	-0.198	0.198
  2006	0.0909754	-0.198	0.198
  2007	0.0909881	-0.198	0.198
  2008	0.0663216	-0.198	0.198
  2009	0.082521	-0.198	0.198
  2010	0.0434658	-0.198	0.198
  2011	0.0699167	-0.198	0.198
  2012	0.0929339	-0.198	0.198
  2013	0.0799933	-0.198	0.198
  2014	0.0978161	-0.198	0.198
  2015	0.0750775	-0.198	0.198
  2016	0.096982	-0.198	0.198
  2017	0.0919935	-0.198	0.198
  2018	0.084461	-0.198	0.198
  2019	0.045493	-0.198	0.198
  2020	0.0984474	-0.198	0.198
  2021	0.0975221	-0.198	0.198
  2022	0.0585061	-0.198	0.198
  2023	0.0677926	-0.198	0.198
  2024	0.0648442	-0.198	0.198
  2025	0.0965664	-0.198	0.198
  2026	0.0580745	-0.198	0.198
  2027	0.052066	-0.198	0.198
  2028	0.0950175	-0.198	0.198
  2029	0.0941079	-0.198	0.198
  2030	0.0479118	-0.198	0.198
  2031	0.0633287	-0.198	0.198
  2032	0.0667141	-0.198	0.198
  2033	0.084027	-0.198	0.198
  2034	0.0910893	-0.198	0.198
  2035	0.0668034	-0.198	0.198
  2036	0.0809811	-0.198	0.198
  2037	0.0549699	-0.198	0.198
  2038	0.0794477	-0.198	0.198
  2039	0.0866265	-0.198	0.198
  2040	0.0955655	-0.198	0.198
  2041	0.0916844	-0.198	0.198
  2042	0.0685238	-0.198	0.198
  2043	0.088595	-0.198	0.198
  2044	0.0756327	-0.198	0.198
  2045	0.0328553	-0.198	0.198
  2046	0.0896267	-0.198	0.198
  2047	0.0529173	-0.198	0.198
  2048	0.0856497	-0.198	0.198
  2049	0.088731	-0.198	0.198
  2050	0.0801536	-0.198	0.198
  2051	0.0970947	-0.198	0.198
  2052	0.0760338	-0.198	0.198
  2053	0.0615152	-0.198	0.198
  2054	0.0921715	-0.198	0.198
  2055	0.0596796	-0.198	0.198
  2056	0.0466333	-0.198	0.198
  2057	0.0672538	-0.198	0.198
  2058	0.0719303	-0.198	0.198
  2059	0.0366813	-0.198	0.198
  2060	0.096179	-0.198	0.198
  2061	0.0936935	-0.198	0.198
  2062	0.0868231	-0.198	0.198
  2063	0.0793722	-0.198	0.198
  2064	0.0460427	-0.198	0.198
  2065	0.0932427	-0.198	0.198
  2066	0.0667007	-0.198	0.198
  2067	0.062941	-0.198	0.198
  2068	0.0703486	-0.198	0.198
  2069	0.087652	-0.198	0.198
  2070	0.0340073	-0.198	0.198
  2071	0.0836049	-0.198	0.198
  2072	0.0971692	-0.198	0.198
  2073	0.0954902	-0.198	0.198
  2074	0.0643868	-0.198	0.198
  2075	0.0890319	-0.198	0.198
  2076	0.0469798	-0.198	0.198
  2077	0.0975954	-0.198	0.198
  2078	0.0564904	-0.198	0.198
  2079	0.0980458	-0.198	0.198
  2080	0.028489	-0.198	0.198
  2081	0.0878946	-0.198	0.198
  2082	0.0573064	-0.198	0.198
  2083	0.096543	-0.198	0.198
  2084	0.0725961	-0.198	0.198
  2085	0.0583568	-0.198	0.198
  2086	0.0861628	-0.198	0.198
  2087	0.0972676	-0.198	0.198
  2088	0.0427429	-0.198	0.198
  2089	0.0825533	-0.198	0.198
  2090	0.0656013	-0.198	0.198
  2091	0.046323	-0.198	0.198
  2092	0.0437677	-0.198	0.198
  2093	0.0923374	-0.198	0.198
  2094	0.0693828	-0.198	0.198
  2095	0.0619204	-0.198	0.198
  2096	0.0950579	-0.198	0.198
  2097	0.0453468	-0.198	0.198
  2098	0.0684009	-0.198	0.198
  2099	0.0928282	-0.198	0.198
  2100	0.0978099	-0.198	0.198
  2101	0.0322235	-0.198	0.198
  2102	0.0765957	-0.198	0.198
  2103	0.0827079	-0.198	0.198
  2104	0.0788004	-0.198	0.198
  2105	0.0959369	-0.198	0.198
  2106	0.0912371	-0.198	0.198
  2107	0.0781509	-0.198	0.198
  2108	0.0638012	-0.198	0.198
  2109	0.098655	-0.198	0.198
  2110	0.0985542	-0.198	0.198
  2111	0.0685818	-0.198	0.198
  2112	0.0815372	-0.198	0.198
  2113	0.0741196	-0.198	0.198
  2114	0.0907251	-0.198	0.198
  2115	0.056824	-0.198	0.198
  2116	0.0869611	-0.198	0.198
  2117	0.0795182	-0.198	0.198
  2118	0.0712779	-0.198	0.198
  2119	0.0613752	-0.198	0.198
  2120	0.0935692	-0.198	0.198
  2121	0.082178	-0.198	0.198
  2122	0.0929005	-0.198	0.198
  2123	0.0764797	-0.198	0.198
  2124	0.075656	-0.198	0.198
  2125	0.0484561	-0.198	0.198
  2126	0.0681635	-0.198	0.198
  2127	0.0928962	-0.198	0.198
  2128	0.090746	-0.198	0.198
  2129	0.09668	-0.198	0.198
  2130	0.0917567	-0.198	0.198
  2131	0.0673798	-0.198	0.198
  2132	0.097405	-0.198	0.198
  2133	0.0315124	-0.198	0.198
  2134	0.0975845	-0.198	0.198
  2135	0.0922328	-0.198	0.198
  2136	0.0877255	-0.198	0.198
  2137	0.070912	-0.198	0.198
  2138	0.0621543	-0.198	0.198
  2139	0.0840129	-0.198	0.198
  2140	0.072153	-0.198	0.198
  2141	0.0974682	-0.198	0.198
  2142	0.0864086	-0.198	0.198
  2143	0.089506	-0.198	0.198
  2144	0.0576387	-0.198	0.198
  2145	0.0732394	-0.198	0.198
  2146	0.0628053	-0.198	0.198
  2147	0.0641822	-0.198	0.198
  2148	0.0602999	-0.198	0.198
  2149	0.0628436	-0.198	0.198
  2150	0.0956267	-0.198	0.198
  2151	0.016762	-0.198	0.198
  2152	0.0503984	-0.198	0.198
  2153	0.0817358	-0.198	0.198
  2154	0.0650432	-0.198	0.198
  2155	0.0889934	-0.198	0.198
  2156	0.0978708	-0.198	0.198
  2157	0.0966705	-0.198	0.198
  2158	0.0808335	-0.198	0.198
  2159	0.0811616	-0.198	0.198
  2160	0.0650972	-0.198	0.198
  2161	0.087836	-0.198	0.198
  2162	0.0875435	-0.198	0.198
  2163	0.0950628	-0.198	0.198
  2164	0.0794849	-0.198	0.198
  2165	0.0403676	-0.198	0.198
  2166	0.0715612	-0.198	0.198
  2167	0.0647803	-0.198	0.198
  2168	0.0912545	-0.198	0.198
  2169	0.0932282	-0.198	0.198
  2170	0.0777631	-0.198	0.198
  2171	0.0608756	-0.198	0.198
  2172	0.0319484	-0.198	0.198
  2173	0.0631749	-0.198	0.198
  2174	0.0565523	-0.198	0.198
  2175	0.0928598	-0.198	0.198
  2176	0.090638	-0.198	0.198
  2177	0.0617349	-0.198	0.198
  2178	0.0554757	-0.198	0.198
  2179	0.0907733	-0.198	0.198
  2180	0.0692405	-0.198	0.198
  2181	0.051599	-0.198	0.198
  2182	0.0669902	-0.198	0.198
  2183	0.0585064	-0.198	0.198
  2184	0.0921203	-0.198	0.198
  2185	0.0546585	-0.198	0.198
  2186	0.0449412	-0.198	0.198
  2187	0.0417183	-0.198	0.198
  2188	0.089077	-0.198	0.198
  2189	0.0849838	-0.198	0.198
  2190	0.0846312	-0.198	0.198
  2191	0.0448896	-0.198	0.198
  2192	0.0758994	-0.198	0.198
  2193	0.0797611	-0.198	0.198
  2194	0.0682754	-0.198	0.198
  2195	0.0975029	-0.198	0.198
  2196	0.0201493	-0.198	0.198
  2197	0.0819496	-0.198	0.198
  2198	0.0932462	-0.198	0.198
  2199	0.08433	-0.198	0.198
  2200	0.0723091	-0.198	0.198
  2201	0.0883914	-0.198	0.198
  2202	0.0743163	-0.198	0.198
  2203	0.0673593	-0.198	0.198
  2204	0.0876516	-0.198	0.198
  2205	0.082286	-0.198	0.198
  2206	0.0839052	-0.198	0.198
  2207	0.018992	-0.198	0.198
  2208	0.0960656	-0.198	0.198
  2209	0.0365309	-0.198	0.198
  2210	0.0734063	-0.198	0.198
  2211	0.0624876	-0.198	0.198
  2212	0.0959584	-0.198	0.198
  2213	0.0950476	-0.198	0.198
  2214	0.0981419	-0.198	0.198
  2215	0.0863007	-0.198	0.198
  2216	0.0618043	-0.198	0.198
  2217	0.0967969	-0.198	0.198
  2218	0.0939867	-0.198	0.198
  2219	0.0258517	-0.198	0.198
  2220	0.0881338	-0.198	0.198
  2221	0.0616467	-0.198	0.198
  2222	0.072695	-0.198	0.198
  2223	0.0176908	-0.198	0.198
  2224	0.0638391	-0.198	0.198
  2225	0.0781901	-0.198	0.198
  2226	0.0952448	-0.198	0.198
  2227	0.0727716	-0.198	0.198
  2228	0.0903223	-0.198	0.198
  2229	0.0933909	-0.198	0.198
  2230	0.0476437	-0.198	0.198
  2231	0.0948877	-0.198	0.198
  2232	0.0752116	-0.198	0.198
  2233	0.0400203	-0.198	0.198
  2234	0.0726885	-0.198	0.198
  2235	0.0904334	-0.198	0.198
  2236	0.0583706	-0.198	0.198
  2237	0.0974324	-0.198	0.198
  2238	0.0815376	-0.198	0.198
  2239	0.0343906	-0.198	0.198
  2240	0.0816604	-0.198	0.198
  2241	0.0974126	-0.198	0.198
  2242	0.0783972	-0.198	0.198
  2243	0.0533591	-0.198	0.198
  2244	0.0806561	-0.198	0.198
  2245	0.0732598	-0.198	0.198
  2246	0.05798	-0.198	0.198
  2247	0.0511425	-0.198	0.198
  2248	0.0808367	-0.198	0.198
  2249	0.0835329	-0.198	0.198
  2250	0.0717204	-0.198	0.198
  2251	0.0890483	-0.198	0.198
  2252	0.0723125	-0.198	0.198
  2253	0.0966636	-0.198	0.198
  2254	0.0789624	-0.198	0.198
  2255	0.0700074	-0.198	0.198
  2256	0.0563931	-0.198	0.198
  2257	0.0822392	-0.198	0.198
  2258	0.0965927	-0.198	0.198
  2259	0.0870102	-0.198	0.198
  2260	0.071519	-0.198	0.198
  2261	0.0664591	-0.198	0.198
  2262	0.0972658	-0.198	0.198
  2263	0.090666	-0.198	0.198
  2264	0.0939925	-0.198	0.198
  2265	0.0743012	-0.198	0.198
  2266	0.0640342	-0.198	0.198
  2267	0.0913277	-0.198	0.198
  2268	0.0932432	-0.198	0.198
  2269	0.0716389	-0.198	0.198
  2270	0.0800433	-0.198	0.198
  2271	0.0656605	-0.198	0.198
  2272	0.0866434	-0.198	0.198
  2273	0.0852177	-0.198	0.198
  2274	0.08069	-0.198	0.198
  2275	0.067918	-0.198	0.198
  2276	0.0945026	-0.198	0.198
  2277	0.0811713	-0.198	0.198
  2278	0.0282763	-0.198	0.198
  2279	0.0660169	-0.198	0.198
  2280	0.0896583	-0.198	0.198
  2281	0.0880197	-0.198	0.198
  2282	0.0738226	-0.198	0.198
  2283	0.0849613	-0.198	0.198
  2284	0.0910168	-0.198	0.198
  2285	0.0664316	-0.198	0.198
  2286	0.038725	-0.198	0.198
  2287	0.0933797	-0.198	0.198
  2288	0.095066	-0.198	0.198
  2289	0.0526609	-0.198	0.198
  2290	0.0833805	-0.198	0.198
  2291	0.0615802	-0.198	0.198
  2292	0.0863706	-0.198	0.198
  2293	0.0638991	-0.198	0.198
  2294	0.0561635	-0.198	0.198
  2295	0.0894972	-0.198	0.198
  2296	0.0893088	-0.198	0.198
  2297	0.0609154	-0.198	0.198
  2298	0.0575858	-0.198	0.198
  2299	0.0874261	-0.198	0.198
  2300	0.0857841	-0.198	0.198
  2301	0.0940397	-0.198	0.198
  2302	0.0564096	-0.198	0.198
  2303	0.0891683	-0.198	0.198
  2304	0.0979071	-0.198	0.198
  2305	0.097615	-0.198	0.198
  2306	0.0576852	-0.198	0.198
  2307	0.0956752	-0.198	0.198
  2308	0.0650273	-0.198	0.198
  2309	0.0360596	-0.198	0.198
  2310	0.090056	-0.198	0.198
  2311	0.0144641	-0.198	0.198
  2312	0.0614901	-0.198	0.198
  2313	0.0958723	-0.198	0.198
  2314	0.0789335	-0.198	0.198
  2315	0.0806772	-0.198	0.198
  2316	0.0828558	-0.198	0.198
  2317	0.0783506	-0.198	0.198
  2318	0.0741132	-0.198	0.198
  2319	0.0541993	-0.198	0.198
  2320	0.0912873	-0.198	0.198
  2321	0.0982697	-0.198	0.198
  2322	0.0816608	-0.198	0.198
  2323	0.0643052	-0.198	0.198
  2324	0.0491879	-0.198	0.198
  2325	0.0915917	-0.198	0.198
  2326	0.0806757	-0.198	0.198
  2327	0.0883898	-0.198	0.198
  2328	0.0696073	-0.198	0.198
  2329	0.0722266	-0.198	0.198
  2330	0.096533	-0.198	0.198
  2331	0.0854704	-0.198	0.198
  2332	0.0959298	-0.198	0.198
  2333	0.0921181	-0.198	0.198
  2334	0.0963118	-0.198	0.198
  2335	0.0570824	-0.198	0.198
  2336	0.0965228	-0.198	0.198
  2337	0.0583871	-0.198	0.198
  2338	0.077005	-0.198	0.198
  2339	0.0635206	-0.198	0.198
  2340	0.0634967	-0.198	0.198
  2341	0.0655519	-0.198	0.198
  2342	0.0975718	-0.198	0.198
  2343	0.063777	-0.198	0.198
  2344	0.0922777	-0.198	0.198
  2345	0.054582	-0.198	0.198
  2346	0.0575812	-0.198	0.198
  2347	0.0961296	-0.198	0.198
  2348	0.061897	-0.198	0.198
  2349	0.0948	-0.198	0.198
  2350	0.0382159	-0.198	0.198
  2351	0.0911821	-0.198	0.198
  2352	0.0821282	-0.198	0.198
  2353	0.0666505	-0.198	0.198
  2354	0.0921547	-0.198	0.198
  2355	0.0843253	-0.198	0.198
  2356	0.0545739	-0.198	0.198
  2357	0.05215	-0.198	0.198
  2358	0.0644911	-0.198	0.198
  2359	0.0726503	-0.198	0.198
  2360	0.0805363	-0.198	0.198
  2361	0.0939851	-0.198	0.198
  2362	0.0612386	-0.198	0.198
  2363	0.0261095	-0.198	0.198
  2364	0.0634859	-0.198	0.198
  2365	0.0877786	-0.198	0.198
  2366	0.0931394	-0.198	0.198
  2367	0.0548177	-0.198	0.198
  2368	0.0504189	-0.198	0.198
  2369	0.0770539	-0.198	0.198
  2370	0.0952522	-0.198	0.198
  2371	0.0977759	-0.198	0.198
  2372	0.0943955	-0.198	0.198
  2373	0.0627824	-0.198	0.198
  2374	0.0693538	-0.198	0.198
  2375	0.0810125	-0.198	0.198
  2376	0.0462892	-0.198	0.198
  2377	0.0598251	-0.198	0.198
  2378	0.0905824	-0.198	0.198
  2379	0.0783321	-0.198	0.198
  2380	0.0712357	-0.198	0.198
  2381	0.0933661	-0.198	0.198
  2382	0.0744505	-0.198	0.198
  2383	0.0902029	-0.198	0.198
  2384	0.0565227	-0.198	0.198
  2385	0.0652273	-0.198	0.198
  2386	0.0928651	-0.198	0.198
  2387	0.0686453	-0.198	0.198
  2388	0.0868539	-0.198	0.198
  2389	0.095014	-0.198	0.198
  2390	0.0969444	-0.198	0.198
  2391	0.0867677	-0.198	0.198
  2392	0.0956226	-0.198	0.198
  2393	0.0866824	-0.198	0.198
  2394	0.0720712	-0.198	0.198
  2395	0.0542189	-0.198	0.198
  2396	0.091254	-0.198	0.198
  2397	0.0768621	-0.198	0.198
  2398	0.0855813	-0.198	0.198
  2399	0.0610124	-0.198	0.198
  2400	0.0748478	-0.198	0.198
  2401	0.086921	-0.198	0.198
  2402	0.0469914	-0.198	0.198
  2403	0.0175167	-0.198	0.198
  2404	0.0592254	-0.198	0.198
  2405	0.0415343	-0.198	0.198
  2406	0.0885529	-0.198	0.198
  2407	0.0794839	-0.198	0.198
  2408	0.094302	-0.198	0.198
  2409	0.0823675	-0.198	0.198
  2410	0.0578556	-0.198	0.198
  2411	0.094856	-0.198	0.198
  2412	0.0806481	-0.198	0.198
  2413	0.0697172	-0.198	0.198
  2414	0.092818	-0.198	0.198
  2415	0.0966421	-0.198	0.198
  2416	0.0526416	-0.198	0.198
  2417	0.0970626	-0.198	0.198
  2418	0.0757464	-0.198	0.198
  2419	0.0542338	-0.198	0.198
  2420	0.0687555	-0.198	0.198
  2421	0.0839042	-0.198	0.198
  2422	0.0860247	-0.198	0.198
  2423	0.0957254	-0.198	0.198
  2424	0.0932299	-0.198	0.198
  2425	0.0660555	-0.198	0.198
  2426	0.0966808	-0.198	0.198
  2427	0.0707654	-0.198	0.198
  2428	0.0754622	-0.198	0.198
  2429	0.085633	-0.198	0.198
  2430	0.0773048	-0.198	0.198
  2431	0.0970108	-0.198	0.198
  2432	0.0724871	-0.198	0.198
  2433	0.0870824	-0.198	0.198
  2434	0.0882473	-0.198	0.198
  2435	0.0808687	-0.198	0.198
  2436	0.0802569	-0.198	0.198
  2437	0.0494547	-0.198	0.198
  2438	0.0887265	-0.198	0.198
  2439	0.0743599	-0.198	0.198
  2440	0.0818351	-0.198	0.198
  2441	0.076123	-0.198	0.198
  2442	0.0922927	-0.198	0.198
  2443	0.0912025	-0.198	0.198
  2444	0.0502212	-0.198	0.198
  2445	0.0968244	-0.198	0.198
  2446	0.0771334	-0.198	0.198
  2447	0.093937	-0.198	0.198
  2448	0.069223	-0.198	0.198
  2449	0.0782467	-0.198	0.198
  2450	0.0948296	-0.198	0.198
  2451	0.074517	-0.198	0.198
  2452	0.0526647	-0.198	0.198
  2453	0.070257	-0.198	0.198
  2454	0.0864256	-0.198	0.198
  2455	0.0652265	-0.198	0.198
  2456	0.0966106	-0.198	0.198
  2457	0.0979873	-0.198	0.198
  2458	0.0897864	-0.198	0.198
  2459	0.091505	-0.198	0.198
  2460	0.052621	-0.198	0.198
  2461	0.0796604	-0.198	0.198
  2462	0.05211	-0.198	0.198
  2463	0.0863983	-0.198	0.198
  2464	0.0688638	-0.198	0.198
  2465	0.040723	-0.198	0.198
  2466	0.0877562	-0.198	0.198
  2467	0.0525083	-0.198	0.198
  2468	0.0821778	-0.198	0.198
  2469	0.0964686	-0.198	0.198
  2470	0.0903728	-0.198	0.198
  2471	0.0252251	-0.198	0.198
  2472	0.0833077	-0.198	0.198
  2473	0.0752993	-0.198	0.198
  2474	0.0689674	-0.198	0.198
  2475	0.0748798	-0.198	0.198
  2476	0.0738387	-0.198	0.198
  2477	0.0913219	-0.198	0.198
  2478	0.0852822	-0.198	0.198
  2479	0.0964875	-0.198	0.198
  2480	0.0801705	-0.198	0.198
  2481	0.0578491	-0.198	0.198
  2482	0.0317208	-0.198	0.198
  2483	0.0763074	-0.198	0.198
  2484	0.059437	-0.198	0.198
  2485	0.0613648	-0.198	0.198
  2486	0.086661	-0.198	0.198
  2487	0.0930879	-0.198	0.198
  2488	0.0895778	-0.198	0.198
  2489	0.0912869	-0.198	0.198
  2490	0.0806121	-0.198	0.198
  2491	0.0827451	-0.198	0.198
  2492	0.0585981	-0.198	0.198
  2493	0.0558922	-0.198	0.198
  2494	0.0775824	-0.198	0.198
  2495	0.0800989	-0.198	0.198
  2496	0.0737193	-0.198	0.198
  2497	0.0958525	-0.198	0.198
  2498	0.0653161	-0.198	0.198
  2499	0.0853906	-0.198	0.198
  2500	0.0366395	-0.198	0.198
  2501	0.0743452	-0.198	0.198
  2502	0.0642737	-0.198	0.198
  2503	0.0908024	-0.198	0.198
  2504	0.0914612	-0.198	0.198
  2505	0.0163	-0.198	0.198
  2506	0.0807599	-0.198	0.198
  2507	0.096754	-0.198	0.198
  2508	0.0738872	-0.198	0.198
  2509	0.0893356	-0.198	0.198
  2510	0.0760896	-0.198	0.198
  2511	0.0671635	-0.198	0.198
  2512	0.0823262	-0.198	0.198
  2513	0.0613424	-0.198	0.198
  2514	0.0979568	-0.198	0.198
  2515	0.0911503	-0.198	0.198
  2516	0.0729034	-0.198	0.198
  2517	0.0331021	-0.198	0.198
  2518	0.0699452	-0.198	0.198
  2519	0.0839633	-0.198	0.198
  2520	0.0680461	-0.198	0.198
  2521	0.0862726	-0.198	0.198
  2522	0.0925543	-0.198	0.198
  2523	0.0592186	-0.198	0.198
  2524	0.0885627	-0.198	0.198
  2525	0.0953716	-0.198	0.198
  2526	0.0943127	-0.198	0.198
  2527	0.0972938	-0.198	0.198
  2528	0.0572196	-0.198	0.198
  2529	0.0636658	-0.198	0.198
  2530	0.0724632	-0.198	0.198
  2531	0.0966238	-0.198	0.198
  2532	0.0675342	-0.198	0.198
  2533	0.0462544	-0.198	0.198
  2534	0.0970835	-0.198	0.198
  2535	0.07492	-0.198	0.198
  2536	0.0737116	-0.198	0.198
  2537	0.0923343	-0.198	0.198
  2538	0.0598658	-0.198	0.198
  2539	0.0976426	-0.198	0.198
  2540	0.0883892	-0.198	0.198
  2541	0.0726767	-0.198	0.198
  2542	0.0962311	-0.198	0.198
  2543	0.0605579	-0.198	0.198
  2544	0.0749795	-0.198	0.198
  2545	0.0943149	-0.198	0.198
  2546	0.0874765	-0.198	0.198
  2547	0.0953303	-0.198	0.198
  2548	0.0986226	-0.198	0.198
  2549	0.061326	-0.198	0.198
  2550	0.0900082	-0.198	0.198
  2551	0.0606621	-0.198	0.198
  2552	0.0898389	-0.198	0.198
  2553	0.0691741	-0.198	0.198
  2554	0.0899291	-0.198	0.198
  2555	0.0588238	-0.198	0.198
  2556	0.0489958	-0.198	0.198
  2557	0.0558315	-0.198	0.198
  2558	0.0564086	-0.198	0.198
  2559	0.0677584	-0.198	0.198
  2560	0.0530199	-0.198	0.198
  2561	0.0581793	-0.198	0.198
  2562	0.0967916	-0.198	0.198
  2563	0.0931952	-0.198	0.198
  2564	0.0881062	-0.198	0.198
  2565	0.0814044	-0.198	0.198
  2566	0.0698346	-0.198	0.198
  2567	0.0650943	-0.198	0.198
  2568	0.0659645	-0.198	0.198
  2569	0.0522624	-0.198	0.198
  2570	0.0837731	-0.198	0.198
  2571	0.0887334	-0.198	0.198
  2572	0.0808261	-0.198	0.198
  2573	0.0805876	-0.198	0.198
  2574	0.0708847	-0.198	0.198
  2575	0.0884559	-0.198	0.198
  2576	0.066192	-0.198	0.198
  2577	0.0583545	-0.198	0.198
  2578	0.0881725	-0.198	0.198
  2579	0.0897908	-0.198	0.198
  2580	0.0961667	-0.198	0.198
  2581	0.0857295	-0.198	0.198
  2582	0.0607547	-0.198	0.198
  2583	0.0861537	-0.198	0.198
  2584	0.0846056	-0.198	0.198
  2585	0.0509542	-0.198	0.198
  2586	0.0863127	-0.198	0.198
  2587	0.095638	-0.198	0.198
  2588	0.0308551	-0.198	0.198
  2589	0.0608361	-0.198	0.198
  2590	0.0859526	-0.198	0.198
  2591	0.0726436	-0.198	0.198
  2592	0.086103	-0.198	0.198
  2593	0.0771034	-0.198	0.198
  2594	0.0972798	-0.198	0.198
  2595	0.0829642	-0.198	0.198
  2596	0.0772813	-0.198	0.198
  2597	0.0651516	-0.198	0.198
  2598	0.0910841	-0.198	0.198
  2599	0.0866605	-0.198	0.198
  2600	0.0806599	-0.198	0.198
  2601	0.0601123	-0.198	0.198
  2602	0.0658344	-0.198	0.198
  2603	0.0983369	-0.198	0.198
  2604	0.0964106	-0.198	0.198
  2605	0.0756812	-0.198	0.198
  2606	0.0962866	-0.198	0.198
  2607	0.0961246	-0.198	0.198
  2608	0.0596639	-0.198	0.198
  2609	0.0976338	-0.198	0.198
  2610	0.0584672	-0.198	0.198
  2611	0.0953361	-0.198	0.198
  2612	0.0843332	-0.198	0.198
  2613	0.0890014	-0.198	0.198
  2614	0.0868601	-0.198	0.198
  2615	0.0917396	-0.198	0.198
  2616	0.0973175	-0.198	0.198
  2617	0.0936478	-0.198	0.198
  2618	0.0956973	-0.198	0.198
  2619	0.079666	-0.198	0.198
  2620	0.0983268	-0.198	0.198
  2621	0.0907371	-0.198	0.198
  2622	0.0970039	-0.198	0.198
  2623	0.089761	-0.198	0.198
  2624	0.0647962	-0.198	0.198
  2625	0.0944507	-0.198	0.198
  2626	0.0775337	-0.198	0.198
  2627	0.0700958	-0.198	0.198
  2628	0.0452778	-0.198	0.198
  2629	0.0961517	-0.198	0.198
  2630	0.0705013	-0.198	0.198
  2631	0.0978565	-0.198	0.198
  2632	0.072325	-0.198	0.198
  2633	0.0780285	-0.198	0.198
  2634	0.0546208	-0.198	0.198
  2635	0.0707588	-0.198	0.198
  2636	0.0789012	-0.198	0.198
  2637	0.0781217	-0.198	0.198
  2638	0.0424471	-0.198	0.198
  2639	0.0744896	-0.198	0.198
  2640	0.076459	-0.198	0.198
  2641	0.0810772	-0.198	0.198
  2642	0.0703475	-0.198	0.198
  2643	0.0844479	-0.198	0.198
  2644	0.052928	-0.198	0.198
  2645	0.0710866	-0.198	0.198
  2646	0.0884485	-0.198	0.198
  2647	0.0540764	-0.198	0.198
  2648	0.0894437	-0.198	0.198
  2649	0.095241	-0.198	0.198
  2650	0.0712645	-0.198	0.198
  2651	0.0905149	-0.198	0.198
  2652	0.0580059	-0.198	0.198
  2653	0.0570053	-0.198	0.198
  2654	0.0582891	-0.198	0.198
  2655	0.0948921	-0.198	0.198
  2656	0.0888525	-0.198	0.198
  2657	0.0871064	-0.198	0.198
  2658	0.0725276	-0.198	0.198
  2659	0.0906713	-0.198	0.198
  2660	0.0870601	-0.198	0.198
  2661	0.086241	-0.198	0.198
  2662	0.097529	-0.198	0.198
  2663	0.0782722	-0.198	0.198
  2664	0.0829365	-0.198	0.198
  2665	0.0958892	-0.198	0.198
  2666	0.0382222	-0.198	0.198
  2667	0.0832448	-0.198	0.198
  2668	0.0705325	-0.198	0.198
  2669	0.095025	-0.198	0.198
  2670	0.0775198	-0.198	0.198
  2671	0.0502468	-0.198	0.198
  2672	0.0675726	-0.198	0.198
  2673	0.0898601	-0.198	0.198
  2674	0.0562258	-0.198	0.198
  2675	0.0706127	-0.198	0.198
  2676	0.0689252	-0.198	0.198
  2677	0.0706178	-0.198	0.198
  2678	0.0683831	-0.198	0.198
  2679	0.0943238	-0.198	0.198
  2680	0.0903993	-0.198	0.198
  2681	0.0701253	-0.198	0.198
  2682	0.0946769	-0.198	0.198
  2683	0.0831339	-0.198	0.198
  2684	0.0719507	-0.198	0.198
  2685	0.0600257	-0.198	0.198
  2686	0.0881097	-0.198	0.198
  2687	0.0611663	-0.198	0.198
  2688	0.050041	-0.198	0.198
  2689	0.0708618	-0.198	0.198
  2690	0.0866328	-0.198	0.198
  2691	0.0701114	-0.198	0.198
  2692	0.0501114	-0.198	0.198
  2693	0.0979064	-0.198	0.198
  2694	0.0905796	-0.198	0.198
  2695	0.0823761	-0.198	0.198
  2696	0.0576818	-0.198	0.198
  2697	0.078452	-0.198	0.198
  2698	0.03925	-0.198	0.198
  2699	0.0785261	-0.198	0.198
  2700	0.0816227	-0.198	0.198
  2701	0.0945525	-0.198	0.198
  2702	0.0862087	-0.198	0.198
  2703	0.0414597	-0.198	0.198
  2704	0.0683423	-0.198	0.198
  2705	0.0971182	-0.198	0.198
  2706	0.0894443	-0.198	0.198
  2707	0.0897527	-0.198	0.198
  2708	0.0668431	-0.198	0.198
  2709	0.021505	-0.198	0.198
  2710	0.0951555	-0.198	0.198
  2711	0.0750686	-0.198	0.198
  2712	0.0666353	-0.198	0.198
  2713	0.0980808	-0.198	0.198
  2714	0.0934836	-0.198	0.198
  2715	0.0846977	-0.198	0.198
  2716	0.0573487	-0.198	0.198
  2717	0.0505066	-0.198	0.198
  2718	0.0934662	-0.198	0.198
  2719	0.0952601	-0.198	0.198
  2720	0.0354052	-0.198	0.198
  2721	0.0492205	-0.198	0.198
  2722	0.0570233	-0.198	0.198
  2723	0.0589211	-0.198	0.198
  2724	0.0690056	-0.198	0.198
  2725	0.0646082	-0.198	0.198
  2726	0.0771057	-0.198	0.198
  2727	0.0783652	-0.198	0.198
  2728	0.0761778	-0.198	0.198
  2729	0.0792584	-0.198	0.198
  2730	0.0552752	-0.198	0.198
  2731	0.083928	-0.198	0.198
  2732	0.086555	-0.198	0.198
  2733	0.0879152	-0.198	0.198
  2734	0.0974742	-0.198	0.198
  2735	0.084867	-0.198	0.198
  2736	0.092196	-0.198	0.198
  2737	0.0960621	-0.198	0.198
  2738	0.0388216	-0.198	0.198
  2739	0.0773315	-0.198	0.198
  2740	0.0903123	-0.198	0.198
  2741	0.0409867	-0.198	0.198
  2742	0.0716488	-0.198	0.198
  2743	0.0962794	-0.198	0.198
  2744	0.0943694	-0.198	0.198
  2745	0.080792	-0.198	0.198
  2746	0.0689014	-0.198	0.198
  2747	0.0855969	-0.198	0.198
  2748	0.0894912	-0.198	0.198
  2749	0.0823521	-0.198	0.198
  2750	0.0924505	-0.198	0.198
  2751	0.0740807	-0.198	0.198
  2752	0.0317778	-0.198	0.198
  2753	0.0570697	-0.198	0.198
  2754	0.0780896	-0.198	0.198
  2755	0.0708636	-0.198	0.198
  2756	0.0576644	-0.198	0.198
  2757	0.0713526	-0.198	0.198
  2758	0.0955134	-0.198	0.198
  2759	0.0768645	-0.198	0.198
  2760	0.0939315	-0.198	0.198
  2761	0.0878405	-0.198	0.198
  2762	0.0573546	-0.198	0.198
  2763	0.0511744	-0.198	0.198
  2764	0.0772183	-0.198	0.198
  2765	0.0850243	-0.198	0.198
  2766	0.0944948	-0.198	0.198
  2767	0.0816799	-0.198	0.198
  2768	0.0870415	-0.198	0.198
  2769	0.0923161	-0.198	0.198
  2770	0.0928574	-0.198	0.198
  2771	0.0804158	-0.198	0.198
  2772	0.0969079	-0.198	0.198
  2773	0.064011	-0.198	0.198
  2774	0.0842427	-0.198	0.198
  2775	0.0860403	-0.198	0.198
  2776	0.0639535	-0.198	0.198
  2777	0.0243649	-0.198	0.198
  2778	0.0765937	-0.198	0.198
  2779	0.0981512	-0.198	0.198
  2780	0.0960741	-0.198	0.198
  2781	0.0455216	-0.198	0.198
  2782	0.0898807	-0.198	0.198
  2783	0.0902536	-0.198	0.198
  2784	0.0912545	-0.198	0.198
  2785	0.0673399	-0.198	0.198
  2786	0.0959225	-0.198	0.198
  2787	0.0613276	-0.198	0.198
  2788	0.0666788	-0.198	0.198
  2789	0.0957185	-0.198	0.198
  2790	0.0969187	-0.198	0.198
  2791	0.0893379	-0.198	0.198
  2792	0.0734239	-0.198	0.198
  2793	0.0951728	-0.198	0.198
  2794	0.0466877	-0.198	0.198
  2795	0.0870828	-0.198	0.198
  2796	0.0899882	-0.198	0.198
  2797	0.0863594	-0.198	0.198
  2798	0.048497	-0.198	0.198
  2799	0.0697088	-0.198	0.198
  2800	0.0871925	-0.198	0.198
  2801	0.0962963	-0.198	0.198
  2802	0.0821345	-0.198	0.198
  2803	0.0672918	-0.198	0.198
  2804	0.078371	-0.198	0.198
  2805	0.0854005	-0.198	0.198
  2806	0.0736385	-0.198	0.198
  2807	0.0503175	-0.198	0.198
  2808	0.0774215	-0.198	0.198
  2809	0.0808751	-0.198	0.198
  2810	0.0781969	-0.198	0.198
  2811	0.0718814	-0.198	0.198
  2812	0.0942896	-0.198	0.198
  2813	0.077045	-0.198	0.198
  2814	0.0594355	-0.198	0.198
  2815	0.0720203	-0.198	0.198
  2816	0.0746732	-0.198	0.198
  2817	0.0406456	-0.198	0.198
  2818	0.092853	-0.198	0.198
  2819	0.0600937	-0.198	0.198
  2820	0.029233	-0.198	0.198
  2821	0.0874007	-0.198	0.198
  2822	0.0716479	-0.198	0.198
  2823	0.0983547	-0.198	0.198
  2824	0.0836287	-0.198	0.198
  2825	0.0450761	-0.198	0.198
  2826	0.0961314	-0.198	0.198
  2827	0.0911777	-0.198	0.198
  2828	0.0813591	-0.198	0.198
  2829	0.0886892	-0.198	0.198
  2830	0.0978687	-0.198	0.198
  2831	0.0674874	-0.198	0.198
  2832	0.0949144	-0.198	0.198
  2833	0.0377245	-0.198	0.198
  2834	0.0660065	-0.198	0.198
  2835	0.0978774	-0.198	0.198
  2836	0.0694665	-0.198	0.198
  2837	0.0714666	-0.198	0.198
  2838	0.07187	-0.198	0.198
  2839	0.0937605	-0.198	0.198
  2840	0.0835641	-0.198	0.198
  2841	0.0339119	-0.198	0.198
  2842	0.0823397	-0.198	0.198
  2843	0.0552243	-0.198	0.198
  2844	0.0970868	-0.198	0.198
  2845	0.0346473	-0.198	0.198
  2846	0.0936871	-0.198	0.198
  2847	0.0236781	-0.198	0.198
  2848	0.0919149	-0.198	0.198
  2849	0.0930413	-0.198	0.198
  2850	0.0973731	-0.198	0.198
  2851	0.0967723	-0.198	0.198
  2852	0.0794388	-0.198	0.198
  2853	0.0813131	-0.198	0.198
  2854	0.0976353	-0.198	0.198
  2855	0.0962614	-0.198	0.198
  2856	0.0830731	-0.198	0.198
  2857	0.0801995	-0.198	0.198
  2858	0.0850008	-0.198	0.198
  2859	0.0849043	-0.198	0.198
  2860	0.0838371	-0.198	0.198
  2861	0.0942537	-0.198	0.198
  2862	0.0949379	-0.198	0.198
  2863	0.0784049	-0.198	0.198
  2864	0.0721741	-0.198	0.198
  2865	0.0610909	-0.198	0.198
  2866	0.0955848	-0.198	0.198
  2867	0.0909375	-0.198	0.198
  2868	0.0675659	-0.198	0.198
  2869	0.0836628	-0.198	0.198
  2870	0.0941123	-0.198	0.198
  2871	0.0779171	-0.198	0.198
  2872	0.094711	-0.198	0.198
  2873	0.07664	-0.198	0.198
  2874	0.0685106	-0.198	0.198
  2875	0.0585583	-0.198	0.198
  2876	0.0930319	-0.198	0.198
  2877	0.071727	-0.198	0.198
  2878	0.0968809	-0.198	0.198
  2879	0.0968993	-0.198	0.198
  2880	0.0592711	-0.198	0.198
  2881	0.0706887	-0.198	0.198
  2882	0.0869274	-0.198	0.198
  2883	0.0847782	-0.198	0.198
  2884	0.079065	-0.198	0.198
  2885	0.0958561	-0.198	0.198
  2886	0.0518353	-0.198	0.198
  2887	0.0428756	-0.198	0.198
  2888	0.0760132	-0.198	0.198
  2889	0.0719358	-0.198	0.198
  2890	0.0462897	-0.198	0.198
  2891	0.020205	-0.198	0.198
  2892	0.0965529	-0.198	0.198
  2893	0.0667288	-0.198	0.198
  2894	0.0567533	-0.198	0.198
  2895	0.0346248	-0.198	0.198
  2896	0.0492527	-0.198	0.198
  2897	0.0857726	-0.198	0.198
  2898	0.098277	-0.198	0.198
  2899	0.0947815	-0.198	0.198
  2900	0.071134	-0.198	0.198
  2901	0.0988049	-0.198	0.198
  2902	0.0822022	-0.198	0.198
  2903	0.0794381	-0.198	0.198
  2904	0.048099	-0.198	0.198
  2905	0.0822673	-0.198	0.198
  2906	0.0884473	-0.198	0.198
  2907	0.0693398	-0.198	0.198
  2908	0.0878656	-0.198	0.198
  2909	0.097443	-0.198	0.198
  2910	0.0686503	-0.198	0.198
  2911	0.0806485	-0.198	0.198
  2912	0.0965839	-0.198	0.198
  2913	0.0630377	-0.198	0.198
  2914	0.0604375	-0.198	0.198
  2915	0.0755203	-0.198	0.198
  2916	0.0533362	-0.198	0.198
  2917	0.0980362	-0.198	0.198
  2918	0.0714334	-0.198	0.198
  2919	0.0715078	-0.198	0.198
  2920	0.06965	-0.198	0.198
  2921	0.085774	-0.198	0.198
  2922	0.0893989	-0.198	0.198
  2923	0.0780875	-0.198	0.198
  2924	0.0809425	-0.198	0.198
  2925	0.0955325	-0.198	0.198
  2926	0.0605716	-0.198	0.198
  2927	0.0855441	-0.198	0.198
  2928	0.0902821	-0.198	0.198
  2929	0.0703223	-0.198	0.198
  2930	0.0982612	-0.198	0.198
  2931	0.0679991	-0.198	0.198
  2932	0.095429	-0.198	0.198
  2933	0.0170085	-0.198	0.198
  2934	0.0806346	-0.198	0.198
  2935	0.0704357	-0.198	0.198
  2936	0.074736	-0.198	0.198
  2937	0.0514495	-0.198	0.198
  2938	0.061141	-0.198	0.198
  2939	0.0808237	-0.198	0.198
  2940	0.0943621	-0.198	0.198
  2941	0.0801009	-0.198	0.198
  2942	0.0578792	-0.198	0.198
  2943	0.0957692	-0.198	0.198
  2944	0.0720988	-0.198	0.198
  2945	0.0800807	-0.198	0.198
  2946	0.0908041	-0.198	0.198
  2947	0.0695831	-0.198	0.198
  2948	0.0920809	-0.198	0.198
  2949	0.0703981	-0.198	0.198
  2950	0.0774659	-0.198	0.198
  2951	0.0805035	-0.198	0.198
  2952	0.08297	-0.198	0.198
  2953	0.0584616	-0.198	0.198
  2954	0.0778779	-0.198	0.198
  2955	0.0824914	-0.198	0.198
  2956	0.0891316	-0.198	0.198
  2957	0.0431129	-0.198	0.198
  2958	0.0706986	-0.198	0.198
  2959	0.0856196	-0.198	0.198
  2960	0.053484	-0.198	0.198
  2961	0.0825504	-0.198	0.198
  2962	0.0734361	-0.198	0.198
  2963	0.0981396	-0.198	0.198
  2964	0.0981593	-0.198	0.198
  2965	0.0668086	-0.198	0.198
  2966	0.0678642	-0.198	0.198
  2967	0.049157	-0.198	0.198
  2968	0.0959659	-0.198	0.198
  2969	0.0981932	-0.198	0.198
  2970	0.0769332	-0.198	0.198
  2971	0.0603091	-0.198	0.198
  2972	0.0938989	-0.198	0.198
  2973	0.0624296	-0.198	0.198
  2974	0.0635784	-0.198	0.198
  2975	0.0679298	-0.198	0.198
  2976	0.0826796	-0.198	0.198
  2977	0.0982116	-0.198	0.198
  2978	0.047993	-0.198	0.198
  2979	0.0722513	-0.198	0.198
  2980	0.0864493	-0.198	0.198
  2981	0.0880167	-0.198	0.198
  2982	0.0848481	-0.198	0.198
  2983	0.0840496	-0.198	0.198
  2984	0.0738369	-0.198	0.198
  2985	0.0855507	-0.198	0.198
  2986	0.0688933	-0.198	0.198
  2987	0.0945823	-0.198	0.198
  2988	0.0926779	-0.198	0.198
  2989	0.061986	-0.198	0.198
  2990	0.0460825	-0.198	0.198
  2991	0.0538506	-0.198	0.198
  2992	0.0801807	-0.198	0.198
  2993	0.0953527	-0.198	0.198
  2994	0.0549949	-0.198	0.198
  2995	0.0959449	-0.198	0.198
  2996	0.0960999	-0.198	0.198
  2997	0.0385399	-0.198	0.198
  2998	0.0953062	-0.198	0.198
  2999	0.0661202	-0.198	0.198
  3000	0.0896163	-0.198	0.198
  3001	0.0983849	-0.198	0.198
  3002	0.0951051	-0.198	0.198
  3003	0.0773725	-0.198	0.198
  3004	0.0621936	-0.198	0.198
  3005	0.0818527	-0.198	0.198
  3006	0.048914	-0.198	0.198
  3007	0.0689118	-0.198	0.198
  3008	0.0980904	-0.198	0.198
  3009	0.0959099	-0.198	0.198
  3010	0.0739798	-0.198	0.198
  3011	0.0940011	-0.198	0.198
  3012	0.096747	-0.198	0.198
  3013	0.0621376	-0.198	0.198
  3014	0.0743318	-0.198	0.198
  3015	0.0797991	-0.198	0.198
  3016	0.0987448	-0.198	0.198
  3017	0.0891338	-0.198	0.198
  3018	0.0521087	-0.198	0.198
  3019	0.0939725	-0.198	0.198
  3020	0.0591937	-0.198	0.198
  3021	0.0616489	-0.198	0.198
  3022	0.0882373	-0.198	0.198
  3023	0.0942877	-0.198	0.198
  3024	0.0924023	-0.198	0.198
  3025	0.0935846	-0.198	0.198
  3026	0.0326295	-0.198	0.198
  3027	0.0499253	-0.198	0.198
  3028	0.0948475	-0.198	0.198
  3029	0.0662599	-0.198	0.198
  3030	0.0890112	-0.198	0.198
  3031	0.0609132	-0.198	0.198
  3032	0.0614124	-0.198	0.198
  3033	0.0434709	-0.198	0.198
  3034	0.0870929	-0.198	0.198
  3035	0.0802148	-0.198	0.198
  3036	0.0463195	-0.198	0.198
  3037	0.0724684	-0.198	0.198
  3038	0.0391784	-0.198	0.198
  3039	0.0941238	-0.198	0.198
  3040	0.0795524	-0.198	0.198
  3041	0.0773134	-0.198	0.198
  3042	0.0631406	-0.198	0.198
  3043	0.0492321	-0.198	0.198
  3044	0.0966905	-0.198	0.198
  3045	0.0972727	-0.198	0.198
  3046	0.0718295	-0.198	0.198
  3047	0.0814592	-0.198	0.198
  3048	0.0757359	-0.198	0.198
  3049	0.0230494	-0.198	0.198
  3050	0.0813928	-0.198	0.198
  3051	0.0965966	-0.198	0.198
  3052	0.0559389	-0.198	0.198
  3053	0.0978157	-0.198	0.198
  3054	0.0200172	-0.198	0.198
  3055	0.0868581	-0.198	0.198
  3056	0.0866291	-0.198	0.198
  3057	0.0646885	-0.198	0.198
  3058	0.0976764	-0.198	0.198
  3059	0.0587959	-0.198	0.198
  3060	0.0866166	-0.198	0.198
  3061	0.0980173	-0.198	0.198
  3062	0.0657501	-0.198	0.198
  3063	0.0872356	-0.198	0.198
  3064	0.062594	-0.198	0.198
  3065	0.0644219	-0.198	0.198
  3066	0.0854079	-0.198	0.198
  3067	0.0471812	-0.198	0.198
  3068	0.0758402	-0.198	0.198
  3069	0.0465254	-0.198	0.198
  3070	0.097251	-0.198	0.198
  3071	0.0371084	-0.198	0.198
  3072	0.0634294	-0.198	0.198
  3073	0.0914003	-0.198	0.198
  3074	0.0821721	-0.198	0.198
  3075	0.0401587	-0.198	0.198
  3076	0.0754992	-0.198	0.198
  3077	0.0872373	-0.198	0.198
  3078	0.0713587	-0.198	0.198
  3079	0.097194	-0.198	0.198
  3080	0.0760196	-0.198	0.198
  3081	0.0785628	-0.198	0.198
  3082	0.0959411	-0.198	0.198
  3083	0.0871392	-0.198	0.198
  3084	0.0830616	-0.198	0.198
  3085	0.0949217	-0.198	0.198
  3086	0.0729061	-0.198	0.198
  3087	0.0894166	-0.198	0.198
  3088	0.0933876	-0.198	0.198
  3089	0.0948106	-0.198	0.198
  3090	0.0985218	-0.198	0.198
  3091	0.080367	-0.198	0.198
  3092	0.0530684	-0.198	0.198
  3093	0.0824101	-0.198	0.198
  3094	0.0583414	-0.198	0.198
  3095	0.062308	-0.198	0.198
  3096	0.0722235	-0.198	0.198
  3097	0.0800121	-0.198	0.198
  3098	0.0983005	-0.198	0.198
  3099	0.0550923	-0.198	0.198
  3100	0.082218	-0.198	0.198
  3101	0.0537825	-0.198	0.198
  3102	0.0514144	-0.198	0.198
  3103	0.0571113	-0.198	0.198
  3104	0.060678	-0.198	0.198
  3105	0.086592	-0.198	0.198
  3106	0.0869837	-0.198	0.198
  3107	0.0479324	-0.198	0.198
  3108	0.05049	-0.198	0.198
  3109	0.0839405	-0.198	0.198
  3110	0.070959	-0.198	0.198
  3111	0.0648365	-0.198	0.198
  3112	0.0885196	-0.198	0.198
  3113	0.0924375	-0.198	0.198
  3114	0.0969904	-0.198	0.198
  3115	0.0719259	-0.198	0.198
  3116	0.0835788	-0.198	0.198
  3117	0.0765296	-0.198	0.198
  3118	0.0903903	-0.198	0.198
  3119	0.0963431	-0.198	0.198
  3120	0.0980906	-0.198	0.198
  3121	0.0839187	-0.198	0.198
  3122	0.0914531	-0.198	0.198
  3123	0.0825989	-0.198	0.198
  3124	0.0919482	-0.198	0.198
  3125	0.0833391	-0.198	0.198
  3126	0.0643966	-0.198	0.198
  3127	0.0818401	-0.198	0.198
  3128	0.0565011	-0.198	0.198
  3129	0.0627497	-0.198	0.198
  3130	0.0734493	-0.198	0.198
  3131	0.0383013	-0.198	0.198
  3132	0.0595595	-0.198	0.198
  3133	0.0974508	-0.198	0.198
  3134	0.0978889	-0.198	0.198
  3135	0.0881372	-0.198	0.198
  3136	0.0776799	-0.198	0.198
  3137	0.0461269	-0.198	0.198
  3138	0.0927823	-0.198	0.198
  3139	0.06585	-0.198	0.198
  3140	0.0683049	-0.198	0.198
  3141	0.080376	-0.198	0.198
  3142	0.0874376	-0.198	0.198
  3143	0.05879	-0.198	0.198
  3144	0.0402904	-0.198	0.198
  3145	0.0407665	-0.198	0.198
  3146	0.052146	-0.198	0.198
  3147	0.0900577	-0.198	0.198
  3148	0.0772911	-0.198	0.198
  3149	0.0978489	-0.198	0.198
  3150	0.0827729	-0.198	0.198
  3151	0.0438624	-0.198	0.198
  3152	0.08284	-0.198	0.198
  3153	0.0955519	-0.198	0.198
  3154	0.0674976	-0.198	0.198
  3155	0.0678524	-0.198	0.198
  3156	0.0971474	-0.198	0.198
  3157	0.0984855	-0.198	0.198
  3158	0.06185	-0.198	0.198
  3159	0.0292373	-0.198	0.198
  3160	0.0958459	-0.198	0.198
  3161	0.0769943	-0.198	0.198
  3162	0.0267687	-0.198	0.198
  3163	0.0824266	-0.198	0.198
  3164	0.0929444	-0.198	0.198
  3165	0.0792096	-0.198	0.198
  3166	0.0939947	-0.198	0.198
  3167	0.0613757	-0.198	0.198
  3168	0.0773538	-0.198	0.198
  3169	0.0958469	-0.198	0.198
  3170	0.0732444	-0.198	0.198
  3171	0.0535121	-0.198	0.198
  3172	0.0892239	-0.198	0.198
  3173	0.0690948	-0.198	0.198
  3174	0.0321729	-0.198	0.198
  3175	0.0739814	-0.198	0.198
  3176	0.0449211	-0.198	0.198
  3177	0.0698488	-0.198	0.198
  3178	0.0643019	-0.198	0.198
  3179	0.0913612	-0.198	0.198
  3180	0.0651863	-0.198	0.198
  3181	0.0929008	-0.198	0.198
  3182	0.0776411	-0.198	0.198
  3183	0.0916322	-0.198	0.198
  3184	0.0405021	-0.198	0.198
  3185	0.0765185	-0.198	0.198
  3186	0.0520821	-0.198	0.198
  3187	0.090698	-0.198	0.198
  3188	0.0862364	-0.198	0.198
  3189	0.0925685	-0.198	0.198
  3190	0.0852718	-0.198	0.198
  3191	0.089632	-0.198	0.198
  3192	0.0675526	-0.198	0.198
  3193	0.0737181	-0.198	0.198
  3194	0.04062	-0.198	0.198
  3195	0.0435484	-0.198	0.198
  3196	0.05343	-0.198	0.198
  3197	0.0663504	-0.198	0.198
  3198	0.0960588	-0.198	0.198
  3199	0.0647256	-0.198	0.198
  3200	0.0538832	-0.198	0.198
  3201	0.059596	-0.198	0.198
  3202	0.0933338	-0.198	0.198
  3203	0.0957493	-0.198	0.198
  3204	0.0866982	-0.198	0.198
  3205	0.0498658	-0.198	0.198
  3206	0.0781875	-0.198	0.198
  3207	0.0936921	-0.198	0.198
  3208	0.098346	-0.198	0.198
  3209	0.0905948	-0.198	0.198
  3210	0.0601398	-0.198	0.198
  3211	0.0738319	-0.198	0.198
  3212	0.0446366	-0.198	0.198
  3213	0.077178	-0.198	0.198
  3214	0.0840325	-0.198	0.198
  3215	0.0874333	-0.198	0.198
  3216	0.0740464	-0.198	0.198
  3217	0.0617084	-0.198	0.198
  3218	0.0885977	-0.198	0.198
  3219	0.0894305	-0.198	0.198
  3220	0.0978662	-0.198	0.198
  3221	0.0951488	-0.198	0.198
  3222	0.0820558	-0.198	0.198
  3223	0.0980107	-0.198	0.198
  3224	0.0849596	-0.198	0.198
  3225	0.0389305	-0.198	0.198
  3226	0.0799346	-0.198	0.198
  3227	0.0874425	-0.198	0.198
  3228	0.0816387	-0.198	0.198
  3229	0.0935362	-0.198	0.198
  3230	0.0773821	-0.198	0.198
  3231	0.0686985	-0.198	0.198
  3232	0.0870968	-0.198	0.198
  3233	0.095714	-0.198	0.198
  3234	0.0822874	-0.198	0.198
  3235	0.0616728	-0.198	0.198
  3236	0.0777649	-0.198	0.198
  3237	0.0789664	-0.198	0.198
  3238	0.0522466	-0.198	0.198
  3239	0.0966767	-0.198	0.198
  3240	0.083066	-0.198	0.198
  3241	0.0851859	-0.198	0.198
  3242	0.0546338	-0.198	0.198
  3243	0.066839	-0.198	0.198
  3244	0.0667786	-0.198	0.198
  3245	0.0449544	-0.198	0.198
  3246	0.0786635	-0.198	0.198
  3247	0.0695317	-0.198	0.198
  3248	0.0670758	-0.198	0.198
  3249	0.0791958	-0.198	0.198
  3250	0.0485582	-0.198	0.198
  3251	0.0842707	-0.198	0.198
  3252	0.0680221	-0.198	0.198
  3253	0.0761326	-0.198	0.198
  3254	0.0718225	-0.198	0.198
  3255	0.0434835	-0.198	0.198
  3256	0.0983828	-0.198	0.198
  3257	0.0828974	-0.198	0.198
  3258	0.0613	-0.198	0.198
  3259	0.0766383	-0.198	0.198
  3260	0.0781017	-0.198	0.198
  3261	0.0721926	-0.198	0.198
  3262	0.0902121	-0.198	0.198
  3263	0.0886865	-0.198	0.198
  3264	0.0816158	-0.198	0.198
  3265	0.0966628	-0.198	0.198
  3266	0.0613447	-0.198	0.198
  3267	0.0841609	-0.198	0.198
  3268	0.0599677	-0.198	0.198
  3269	0.0755541	-0.198	0.198
  3270	0.0898744	-0.198	0.198
  3271	0.0928874	-0.198	0.198
  3272	0.0518912	-0.198	0.198
  3273	0.0435915	-0.198	0.198
  3274	0.0910707	-0.198	0.198
  3275	0.0712717	-0.198	0.198
  3276	0.0797924	-0.198	0.198
  3277	0.0788025	-0.198	0.198
  3278	0.0922168	-0.198	0.198
  3279	0.0487127	-0.198	0.198
  3280	0.0983423	-0.198	0.198
  3281	0.0894092	-0.198	0.198
  3282	0.054814	-0.198	0.198
  3283	0.0930132	-0.198	0.198
  3284	0.0744674	-0.198	0.198
  3285	0.0815223	-0.198	0.198
  3286	0.0853423	-0.198	0.198
  3287	0.0498277	-0.198	0.198
  3288	0.0861484	-0.198	0.198
  3289	0.090647	-0.198	0.198
  3290	0.0975914	-0.198	0.198
  3291	0.0673449	-0.198	0.198
  3292	0.0655316	-0.198	0.198
  3293	0.0619966	-0.198	0.198
  3294	0.0495604	-0.198	0.198
  3295	0.0532163	-0.198	0.198
  3296	0.0498666	-0.198	0.198
  3297	0.0982506	-0.198	0.198
  3298	0.0885894	-0.198	0.198
  3299	0.0971987	-0.198	0.198
  3300	0.0630124	-0.198	0.198
  3301	0.0579406	-0.198	0.198
  3302	0.0755215	-0.198	0.198
  3303	0.077964	-0.198	0.198
  3304	0.0448535	-0.198	0.198
  3305	0.0685978	-0.198	0.198
  3306	0.0376949	-0.198	0.198
  3307	0.0947384	-0.198	0.198
  3308	0.072584	-0.198	0.198
  3309	0.0815353	-0.198	0.198
  3310	0.0969059	-0.198	0.198
  3311	0.0829092	-0.198	0.198
  3312	0.0961406	-0.198	0.198
  3313	0.0980856	-0.198	0.198
  3314	0.0602443	-0.198	0.198
  3315	0.0454462	-0.198	0.198
  3316	0.0599002	-0.198	0.198
  3317	0.091728	-0.198	0.198
  3318	0.0866074	-0.198	0.198
  3319	0.0628248	-0.198	0.198
  3320	0.0955132	-0.198	0.198
  3321	0.0634214	-0.198	0.198
  3322	0.0565073	-0.198	0.198
  3323	0.0967101	-0.198	0.198
  3324	0.0469735	-0.198	0.198
  3325	0.0380221	-0.198	0.198
  3326	0.0742933	-0.198	0.198
  3327	0.0822908	-0.198	0.198
  3328	0.0873666	-0.198	0.198
  3329	0.070815	-0.198	0.198
  3330	0.0953603	-0.198	0.198
  3331	0.0829121	-0.198	0.198
  3332	0.0848768	-0.198	0.198
  3333	0.0907351	-0.198	0.198
  3334	0.0920928	-0.198	0.198
  3335	0.0901049	-0.198	0.198
  3336	0.056542	-0.198	0.198
  3337	0.0967587	-0.198	0.198
  3338	0.0972574	-0.198	0.198
  3339	0.0818339	-0.198	0.198
  3340	0.0721565	-0.198	0.198
  3341	0.0735827	-0.198	0.198
  3342	0.0939446	-0.198	0.198
  3343	0.0516035	-0.198	0.198
  3344	0.0232552	-0.198	0.198
  3345	0.0823595	-0.198	0.198
  3346	0.0677764	-0.198	0.198
  3347	0.0905694	-0.198	0.198
  3348	0.0918603	-0.198	0.198
  3349	0.0858842	-0.198	0.198
  3350	0.0831912	-0.198	0.198
  3351	0.0625122	-0.198	0.198
  3352	0.0941328	-0.198	0.198
  3353	0.0724913	-0.198	0.198
  3354	0.0777324	-0.198	0.198
  3355	0.0778313	-0.198	0.198
  3356	0.0739364	-0.198	0.198
  3357	0.0177605	-0.198	0.198
  3358	0.074195	-0.198	0.198
  3359	0.0767082	-0.198	0.198
  3360	0.0966865	-0.198	0.198
  3361	0.08482	-0.198	0.198
  3362	0.064834	-0.198	0.198
  3363	0.0852877	-0.198	0.198
  3364	0.0848289	-0.198	0.198
  3365	0.0765421	-0.198	0.198
  3366	0.0817379	-0.198	0.198
  3367	0.0681253	-0.198	0.198
  3368	0.0767109	-0.198	0.198
  3369	0.0703693	-0.198	0.198
  3370	0.0719622	-0.198	0.198
  3371	0.0490083	-0.198	0.198
  3372	0.0678156	-0.198	0.198
  3373	0.0647992	-0.198	0.198
  3374	0.0720916	-0.198	0.198
  3375	0.0428985	-0.198	0.198
  3376	0.0412455	-0.198	0.198
  3377	0.0953296	-0.198	0.198
  3378	0.0895927	-0.198	0.198
  3379	0.0907745	-0.198	0.198
  3380	0.0506126	-0.198	0.198
  3381	0.0978076	-0.198	0.198
  3382	0.080409	-0.198	0.198
  3383	0.0629499	-0.198	0.198
  3384	0.0855387	-0.198	0.198
  3385	0.0533207	-0.198	0.198
  3386	0.0328761	-0.198	0.198
  3387	0.0849102	-0.198	0.198
  3388	0.0652972	-0.198	0.198
  3389	0.0669888	-0.198	0.198
  3390	0.0358593	-0.198	0.198
  3391	0.0946705	-0.198	0.198
  3392	0.0975367	-0.198	0.198
  3393	0.0859671	-0.198	0.198
  3394	0.0914833	-0.198	0.198
  3395	0.0864771	-0.198	0.198
  3396	0.0982298	-0.198	0.198
  3397	0.0362631	-0.198	0.198
  3398	0.0896201	-0.198	0.198
  3399	0.0623828	-0.198	0.198
  3400	0.0635023	-0.198	0.198
  3401	0.07088	-0.198	0.198
  3402	0.0986215	-0.198	0.198
  3403	0.0553614	-0.198	0.198
  3404	0.0643938	-0.198	0.198
  3405	0.0542804	-0.198	0.198
  3406	0.0980567	-0.198	0.198
  3407	0.0599073	-0.198	0.198
  3408	0.0832026	-0.198	0.198
  3409	0.0790061	-0.198	0.198
  3410	0.0182789	-0.198	0.198
  3411	0.0663564	-0.198	0.198
  3412	0.0457199	-0.198	0.198
  3413	0.0762146	-0.198	0.198
  3414	0.0964359	-0.198	0.198
  3415	0.0699563	-0.198	0.198
  3416	0.0656625	-0.198	0.198
  3417	0.0914928	-0.198	0.198
  3418	0.0974099	-0.198	0.198
  3419	0.0284449	-0.198	0.198
  3420	0.0747712	-0.198	0.198
  3421	0.0622816	-0.198	0.198
  3422	0.073496	-0.198	0.198
  3423	0.0369472	-0.198	0.198
  3424	0.0698386	-0.198	0.198
  3425	0.0879769	-0.198	0.198
  3426	0.0692111	-0.198	0.198
  3427	0.0856238	-0.198	0.198
  3428	0.0650822	-0.198	0.198
  3429	0.089008	-0.198	0.198
  3430	0.0920782	-0.198	0.198
  3431	0.0730089	-0.198	0.198
  3432	0.0854346	-0.198	0.198
  3433	0.0774049	-0.198	0.198
  3434	0.0794818	-0.198	0.198
  3435	0.0665364	-0.198	0.198
  3436	0.0909702	-0.198	0.198
  3437	0.0527335	-0.198	0.198
  3438	0.0855401	-0.198	0.198
  3439	0.0602013	-0.198	0.198
  3440	0.0847585	-0.198	0.198
  3441	0.0606911	-0.198	0.198
  3442	0.0788771	-0.198	0.198
  3443	0.0887738	-0.198	0.198
  3444	0.08349	-0.198	0.198
  3445	0.0929661	-0.198	0.198
  3446	0.0689636	-0.198	0.198
  3447	0.0819828	-0.198	0.198
  3448	0.0895277	-0.198	0.198
  3449	0.01786	-0.198	0.198
  3450	0.0878353	-0.198	0.198
  3451	0.0886533	-0.198	0.198
  3452	0.0549704	-0.198	0.198
  3453	0.0898157	-0.198	0.198
  3454	0.050037	-0.198	0.198
  3455	0.0917946	-0.198	0.198
  3456	0.0824541	-0.198	0.198
  3457	0.0884748	-0.198	0.198
  3458	0.01512	-0.198	0.198
  3459	0.0783906	-0.198	0.198
  3460	0.092369	-0.198	0.198
  3461	0.0496133	-0.198	0.198
  3462	0.0831955	-0.198	0.198
  3463	0.0606728	-0.198	0.198
  3464	0.0472167	-0.198	0.198
  3465	0.0619776	-0.198	0.198
  3466	0.0860906	-0.198	0.198
  3467	0.0974729	-0.198	0.198
  3468	0.0880171	-0.198	0.198
  3469	0.0614184	-0.198	0.198
  3470	0.0960275	-0.198	0.198
  3471	0.0967453	-0.198	0.198
  3472	0.0682531	-0.198	0.198
  3473	0.0740787	-0.198	0.198
  3474	0.08949	-0.198	0.198
  3475	0.0415668	-0.198	0.198
  3476	0.0720832	-0.198	0.198
  3477	0.0601671	-0.198	0.198
  3478	0.0878824	-0.198	0.198
  3479	0.0625256	-0.198	0.198
  3480	0.0971507	-0.198	0.198
  3481	0.0342165	-0.198	0.198
  3482	0.0448452	-0.198	0.198
  3483	0.0955762	-0.198	0.198
  3484	0.0910344	-0.198	0.198
  3485	0.0952343	-0.198	0.198
  3486	0.0762724	-0.198	0.198
  3487	0.094407	-0.198	0.198
  3488	0.0656977	-0.198	0.198
  3489	0.0625421	-0.198	0.198
  3490	0.0938365	-0.198	0.198
  3491	0.0916119	-0.198	0.198
  3492	0.0662744	-0.198	0.198
  3493	0.030411	-0.198	0.198
  3494	0.0733406	-0.198	0.198
  3495	0.0787669	-0.198	0.198
  3496	0.0844504	-0.198	0.198
  3497	0.0517132	-0.198	0.198
  3498	0.0807758	-0.198	0.198
  3499	0.0973256	-0.198	0.198
  3500	0.0974596	-0.198	0.198
  3501	0.0945005	-0.198	0.198
  3502	0.0757744	-0.198	0.198
  3503	0.082831	-0.198	0.198
  3504	0.0710471	-0.198	0.198
  3505	0.0719193	-0.198	0.198
  3506	0.0843567	-0.198	0.198
  3507	0.065034	-0.198	0.198
  3508	0.0732138	-0.198	0.198
  3509	0.0546326	-0.198	0.198
  3510	0.0615451	-0.198	0.198
  3511	0.0500155	-0.198	0.198
  3512	0.0840178	-0.198	0.198
  3513	0.0952756	-0.198	0.198
  3514	0.0621164	-0.198	0.198
  3515	0.0823885	-0.198	0.198
  3516	0.0975153	-0.198	0.198
  3517	0.0583435	-0.198	0.198
  3518	0.0960458	-0.198	0.198
  3519	0.0344125	-0.198	0.198
  3520	0.0735591	-0.198	0.198
  3521	0.0761346	-0.198	0.198
  3522	0.0666413	-0.198	0.198
  3523	0.0800243	-0.198	0.198
  3524	0.0657322	-0.198	0.198
  3525	0.0794107	-0.198	0.198
  3526	0.0707274	-0.198	0.198
  3527	0.0433902	-0.198	0.198
  3528	0.0984412	-0.198	0.198
  3529	0.0951441	-0.198	0.198
  3530	0.0950075	-0.198	0.198
  3531	0.0975959	-0.198	0.198
  3532	0.0728869	-0.198	0.198
  3533	0.0981546	-0.198	0.198
  3534	0.0966818	-0.198	0.198
  3535	0.0694509	-0.198	0.198
  3536	0.062447	-0.198	0.198
  3537	0.0441992	-0.198	0.198
  3538	0.0798805	-0.198	0.198
  3539	0.0954871	-0.198	0.198
  3540	0.063342	-0.198	0.198
  3541	0.0923453	-0.198	0.198
  3542	0.0667096	-0.198	0.198
  3543	0.0419795	-0.198	0.198
  3544	0.0380781	-0.198	0.198
  3545	0.060445	-0.198	0.198
  3546	0.0949805	-0.198	0.198
  3547	0.082092	-0.198	0.198
  3548	0.0903638	-0.198	0.198
  3549	0.0652422	-0.198	0.198
  3550	0.0767848	-0.198	0.198
  3551	0.0909959	-0.198	0.198
  3552	0.0705238	-0.198	0.198
  3553	0.0805217	-0.198	0.198
  3554	0.0738979	-0.198	0.198
  3555	0.0560217	-0.198	0.198
  3556	0.0954776	-0.198	0.198
  3557	0.0912902	-0.198	0.198
  3558	0.0956498	-0.198	0.198
  3559	0.0602904	-0.198	0.198
  3560	0.0450219	-0.198	0.198
  3561	0.0376301	-0.198	0.198
  3562	0.0822645	-0.198	0.198
  3563	0.0395753	-0.198	0.198
  3564	0.0681657	-0.198	0.198
  3565	0.034655	-0.198	0.198
  3566	0.0978891	-0.198	0.198
  3567	0.0830611	-0.198	0.198
  3568	0.0687097	-0.198	0.198
  3569	0.0951654	-0.198	0.198
  3570	0.0903493	-0.198	0.198
  3571	0.0836456	-0.198	0.198
  3572	0.0868997	-0.198	0.198
  3573	0.0754086	-0.198	0.198
  3574	0.0938133	-0.198	0.198
  3575	0.0298442	-0.198	0.198
  3576	0.0757392	-0.198	0.198
  3577	0.0982788	-0.198	0.198
  3578	0.0824927	-0.198	0.198
  3579	0.0807403	-0.198	0.198
  3580	0.0932792	-0.198	0.198
  3581	0.0725882	-0.198	0.198
  3582	0.0878985	-0.198	0.198
  3583	0.077661	-0.198	0.198
  3584	0.0649889	-0.198	0.198
  3585	0.0791921	-0.198	0.198
  3586	0.0917207	-0.198	0.198
  3587	0.0946602	-0.198	0.198
  3588	0.0641987	-0.198	0.198
  3589	0.0931719	-0.198	0.198
  3590	0.0854532	-0.198	0.198
  3591	0.0512965	-0.198	0.198
  3592	0.0795239	-0.198	0.198
  3593	0.0715224	-0.198	0.198
  3594	0.0562812	-0.198	0.198
  3595	0.0257361	-0.198	0.198
  3596	0.098204	-0.198	0.198
  3597	0.0847016	-0.198	0.198
  3598	0.0966548	-0.198	0.198
  3599	0.0681744	-0.198	0.198
  3600	0.0733775	-0.198	0.198
  3601	0.0596309	-0.198	0.198
  3602	0.0540327	-0.198	0.198
  3603	0.0822034	-0.198	0.198
  3604	0.0537638	-0.198	0.198
  3605	0.096451	-0.198	0.198
  3606	0.0948801	-0.198	0.198
  3607	0.090127	-0.198	0.198
  3608	0.0855026	-0.198	0.198
  3609	0.0698756	-0.198	0.198
  3610	0.0869425	-0.198	0.198
  3611	0.0650091	-0.198	0.198
  3612	0.0645527	-0.198	0.198
  3613	0.0616954	-0.198	0.198
  3614	0.0505511	-0.198	0.198
  3615	0.0763203	-0.198	0.198
  3616	0.0975306	-0.198	0.198
  3617	0.0780527	-0.198	0.198
  3618	0.076948	-0.198	0.198
  3619	0.0728585	-0.198	0.198
  3620	0.0719268	-0.198	0.198
  3621	0.0468856	-0.198	0.198
  3622	0.0718536	-0.198	0.198
  3623	0.0820268	-0.198	0.198
  3624	0.0986725	-0.198	0.198
  3625	0.0273655	-0.198	0.198
  3626	0.0373634	-0.198	0.198
  3627	0.0757865	-0.198	0.198
  3628	0.0466305	-0.198	0.198
  3629	0.043716	-0.198	0.198
  3630	0.0788941	-0.198	0.198
  3631	0.066982	-0.198	0.198
  3632	0.0983659	-0.198	0.198
  3633	0.0660144	-0.198	0.198
  3634	0.0618648	-0.198	0.198
  3635	0.0726714	-0.198	0.198
  3636	0.0496754	-0.198	0.198
  3637	0.0501422	-0.198	0.198
  3638	0.0860384	-0.198	0.198
  3639	0.0850931	-0.198	0.198
  3640	0.0837784	-0.198	0.198
  3641	0.0645714	-0.198	0.198
  3642	0.09817	-0.198	0.198
  3643	0.0735486	-0.198	0.198
  3644	0.0630031	-0.198	0.198
  3645	0.0845922	-0.198	0.198
  3646	0.0845584	-0.198	0.198
  3647	0.0769214	-0.198	0.198
  3648	0.08023	-0.198	0.198
  3649	0.0822384	-0.198	0.198
  3650	0.0818013	-0.198	0.198
  3651	0.079554	-0.198	0.198
  3652	0.068253	-0.198	0.198
  3653	0.0585945	-0.198	0.198
  3654	0.0863446	-0.198	0.198
  3655	0.0671578	-0.198	0.198
  3656	0.0975802	-0.198	0.198
  3657	0.0154145	-0.198	0.198
  3658	0.0914883	-0.198	0.198
  3659	0.081256	-0.198	0.198
  3660	0.0973653	-0.198	0.198
  3661	0.0989867	-0.198	0.198
  3662	0.0957251	-0.198	0.198
  3663	0.0977782	-0.198	0.198
  3664	0.054895	-0.198	0.198
  3665	0.0837482	-0.198	0.198
  3666	0.094291	-0.198	0.198
  3667	0.0535004	-0.198	0.198
  3668	0.0909334	-0.198	0.198
  3669	0.082092	-0.198	0.198
  3670	0.0910399	-0.198	0.198
  3671	0.0537668	-0.198	0.198
  3672	0.0971413	-0.198	0.198
  3673	0.05513	-0.198	0.198
  3674	0.0936665	-0.198	0.198
  3675	0.0789553	-0.198	0.198
  3676	0.0783681	-0.198	0.198
  3677	0.0144054	-0.198	0.198
  3678	0.0959115	-0.198	0.198
  3679	0.0867095	-0.198	0.198
  3680	0.08085	-0.198	0.198
  3681	0.0703916	-0.198	0.198
  3682	0.0764959	-0.198	0.198
  3683	0.0946773	-0.198	0.198
  3684	0.0609173	-0.198	0.198
  3685	0.0932112	-0.198	0.198
  3686	0.0787186	-0.198	0.198
  3687	0.0868633	-0.198	0.198
  3688	0.0446341	-0.198	0.198
  3689	0.0940742	-0.198	0.198
  3690	0.0832743	-0.198	0.198
  3691	0.0977313	-0.198	0.198
  3692	0.0880059	-0.198	0.198
  3693	0.0646457	-0.198	0.198
  3694	0.0655479	-0.198	0.198
  3695	0.0984699	-0.198	0.198
  3696	0.0829779	-0.198	0.198
  3697	0.0898689	-0.198	0.198
  3698	0.0808661	-0.198	0.198
  3699	0.0697076	-0.198	0.198
  3700	0.0806102	-0.198	0.198
  3701	0.036734	-0.198	0.198
  3702	0.0855764	-0.198	0.198
  3703	0.0392163	-0.198	0.198
  3704	0.0541288	-0.198	0.198
  3705	0.0940798	-0.198	0.198
  3706	0.0711359	-0.198	0.198
  3707	0.0146156	-0.198	0.198
  3708	0.0550396	-0.198	0.198
  3709	0.0238749	-0.198	0.198
  3710	0.0938882	-0.198	0.198
  3711	0.0848562	-0.198	0.198
  3712	0.0712505	-0.198	0.198
  3713	0.0662384	-0.198	0.198
  3714	0.0719463	-0.198	0.198
  3715	0.0742748	-0.198	0.198
  3716	0.0947989	-0.198	0.198
  3717	0.0644366	-0.198	0.198
  3718	0.0907723	-0.198	0.198
  3719	0.0981423	-0.198	0.198
  3720	0.0686255	-0.198	0.198
  3721	0.0936219	-0.198	0.198
  3722	0.0946603	-0.198	0.198
  3723	0.0533114	-0.198	0.198
  3724	0.0484838	-0.198	0.198
  3725	0.0609102	-0.198	0.198
  3726	0.095795	-0.198	0.198
  3727	0.0780402	-0.198	0.198
  3728	0.0646353	-0.198	0.198
  3729	0.0349365	-0.198	0.198
  3730	0.0633115	-0.198	0.198
  3731	0.0983107	-0.198	0.198
  3732	0.0859837	-0.198	0.198
  3733	0.0579316	-0.198	0.198
  3734	0.0609961	-0.198	0.198
  3735	0.0962551	-0.198	0.198
  3736	0.0990322	-0.198	0.198
  3737	0.0587306	-0.198	0.198
  3738	0.0708664	-0.198	0.198
  3739	0.0868825	-0.198	0.198
  3740	0.0832541	-0.198	0.198
  3741	0.0453764	-0.198	0.198
  3742	0.083852	-0.198	0.198
  3743	0.0788943	-0.198	0.198
  3744	0.0831478	-0.198	0.198
  3745	0.0777413	-0.198	0.198
  3746	0.0674642	-0.198	0.198
  3747	0.0858757	-0.198	0.198
  3748	0.0648504	-0.198	0.198
  3749	0.0560566	-0.198	0.198
  3750	0.078775	-0.198	0.198
  3751	0.0794017	-0.198	0.198
  3752	0.0439128	-0.198	0.198
  3753	0.0979831	-0.198	0.198
  3754	0.0519042	-0.198	0.198
  3755	0.0782814	-0.198	0.198
  3756	0.0978435	-0.198	0.198
  3757	0.0847689	-0.198	0.198
  3758	0.0941394	-0.198	0.198
  3759	0.0365616	-0.198	0.198
  3760	0.0791227	-0.198	0.198
  3761	0.0781483	-0.198	0.198
  3762	0.0860122	-0.198	0.198
  3763	0.0960905	-0.198	0.198
  3764	0.0836693	-0.198	0.198
  3765	0.0511073	-0.198	0.198
  3766	0.0940106	-0.198	0.198
  3767	0.0797384	-0.198	0.198
  3768	0.0970263	-0.198	0.198
  3769	0.0966579	-0.198	0.198
  3770	0.0924593	-0.198	0.198
  3771	0.0930598	-0.198	0.198
  3772	0.0921119	-0.198	0.198
  3773	0.0886957	-0.198	0.198
  3774	0.0972009	-0.198	0.198
  3775	0.0963613	-0.198	0.198
  3776	0.0542227	-0.198	0.198
  3777	0.0899118	-0.198	0.198
  3778	0.0743287	-0.198	0.198
  3779	0.070782	-0.198	0.198
  3780	0.0899182	-0.198	0.198
  3781	0.0955934	-0.198	0.198
  3782	0.0859266	-0.198	0.198
  3783	0.0848185	-0.198	0.198
  3784	0.0829204	-0.198	0.198
  3785	0.0606957	-0.198	0.198
  3786	0.0729192	-0.198	0.198
  3787	0.0409301	-0.198	0.198
  3788	0.0855562	-0.198	0.198
  3789	0.0696521	-0.198	0.198
  3790	0.056949	-0.198	0.198
  3791	0.082098	-0.198	0.198
  3792	0.078233	-0.198	0.198
  3793	0.0641753	-0.198	0.198
  3794	0.0611508	-0.198	0.198
  3795	0.0796625	-0.198	0.198
  3796	0.0883598	-0.198	0.198
  3797	0.0816324	-0.198	0.198
  3798	0.0545593	-0.198	0.198
  3799	0.0859917	-0.198	0.198
  3800	0.0763012	-0.198	0.198
  3801	0.0896985	-0.198	0.198
  3802	0.0611532	-0.198	0.198
  3803	0.0972181	-0.198	0.198
  3804	0.080023	-0.198	0.198
  3805	0.0706323	-0.198	0.198
  3806	0.0977934	-0.198	0.198
  3807	0.0691677	-0.198	0.198
  3808	0.0868366	-0.198	0.198
  3809	0.0810177	-0.198	0.198
  3810	0.079439	-0.198	0.198
  3811	0.0846092	-0.198	0.198
  3812	0.0599075	-0.198	0.198
  3813	0.0215924	-0.198	0.198
  3814	0.0932543	-0.198	0.198
  3815	0.0979553	-0.198	0.198
  3816	0.0663224	-0.198	0.198
  3817	0.0432737	-0.198	0.198
  3818	0.0419494	-0.198	0.198
  3819	0.0738939	-0.198	0.198
  3820	0.0982095	-0.198	0.198
  3821	0.0848509	-0.198	0.198
  3822	0.047955	-0.198	0.198
  3823	0.0957937	-0.198	0.198
  3824	0.0915471	-0.198	0.198
  3825	0.0728294	-0.198	0.198
  3826	0.0970036	-0.198	0.198
  3827	0.0620946	-0.198	0.198
  3828	0.0577253	-0.198	0.198
  3829	0.0591076	-0.198	0.198
  3830	0.0845052	-0.198	0.198
  3831	0.0984241	-0.198	0.198
  3832	0.06596	-0.198	0.198
  3833	0.0864291	-0.198	0.198
  3834	0.0844817	-0.198	0.198
  3835	0.0556826	-0.198	0.198
  3836	0.0290623	-0.198	0.198
  3837	0.0713537	-0.198	0.198
  3838	0.0803658	-0.198	0.198
  3839	0.0832673	-0.198	0.198
  3840	0.0901408	-0.198	0.198
  3841	0.085616	-0.198	0.198
  3842	0.0802975	-0.198	0.198
  3843	0.0631535	-0.198	0.198
  3844	0.0877025	-0.198	0.198
  3845	0.0735522	-0.198	0.198
  3846	0.0619322	-0.198	0.198
  3847	0.0977234	-0.198	0.198
  3848	0.0677267	-0.198	0.198
  3849	0.0556004	-0.198	0.198
  3850	0.0845643	-0.198	0.198
  3851	0.0982597	-0.198	0.198
  3852	0.0883652	-0.198	0.198
  3853	0.0937033	-0.198	0.198
  3854	0.0976598	-0.198	0.198
  3855	0.0974188	-0.198	0.198
  3856	0.0886577	-0.198	0.198
  3857	0.0984385	-0.198	0.198
  3858	0.0646979	-0.198	0.198
  3859	0.0837651	-0.198	0.198
  3860	0.0542983	-0.198	0.198
  3861	0.0928404	-0.198	0.198
  3862	0.0847615	-0.198	0.198
  3863	0.0684142	-0.198	0.198
  3864	0.0925774	-0.198	0.198
  3865	0.0911578	-0.198	0.198
  3866	0.0929533	-0.198	0.198
  3867	0.0613312	-0.198	0.198
  3868	0.0797585	-0.198	0.198
  3869	0.0546641	-0.198	0.198
  3870	0.0617919	-0.198	0.198
  3871	0.0955354	-0.198	0.198
  3872	0.087336	-0.198	0.198
  3873	0.0544138	-0.198	0.198
  3874	0.084264	-0.198	0.198
  3875	0.0721198	-0.198	0.198
  3876	0.0797311	-0.198	0.198
  3877	0.0822158	-0.198	0.198
  3878	0.0959557	-0.198	0.198
  3879	0.0602651	-0.198	0.198
  3880	0.0714429	-0.198	0.198
  3881	0.0436522	-0.198	0.198
  3882	0.0694093	-0.198	0.198
  3883	0.0662092	-0.198	0.198
  3884	0.0726626	-0.198	0.198
  3885	0.098147	-0.198	0.198
  3886	0.0473892	-0.198	0.198
  3887	0.059681	-0.198	0.198
  3888	0.0698233	-0.198	0.198
  3889	0.0972381	-0.198	0.198
  3890	0.0884197	-0.198	0.198
  3891	0.0473734	-0.198	0.198
  3892	0.0605479	-0.198	0.198
  3893	0.039227	-0.198	0.198
  3894	0.0959284	-0.198	0.198
  3895	0.0965993	-0.198	0.198
  3896	0.0667414	-0.198	0.198
  3897	0.0604722	-0.198	0.198
  3898	0.0955064	-0.198	0.198
  3899	0.0878912	-0.198	0.198
  3900	0.0632974	-0.198	0.198
  3901	0.0962446	-0.198	0.198
  3902	0.0716212	-0.198	0.198
  3903	0.0503829	-0.198	0.198
  3904	0.0809919	-0.198	0.198
  3905	0.0577753	-0.198	0.198
  3906	0.0836304	-0.198	0.198
  3907	0.0663326	-0.198	0.198
  3908	0.0717921	-0.198	0.198
  3909	0.0936631	-0.198	0.198
  3910	0.0809828	-0.198	0.198
  3911	0.0930954	-0.198	0.198
  3912	0.097306	-0.198	0.198
  3913	0.0763785	-0.198	0.198
  3914	0.0637052	-0.198	0.198
  3915	0.091632	-0.198	0.198
  3916	0.0969281	-0.198	0.198
  3917	0.0919311	-0.198	0.198
  3918	0.0701688	-0.198	0.198
  3919	0.0581529	-0.198	0.198
  3920	0.0973	-0.198	0.198
  3921	0.078608	-0.198	0.198
  3922	0.0870996	-0.198	0.198
  3923	0.095201	-0.198	0.198
  3924	0.0792112	-0.198	0.198
  3925	0.0976352	-0.198	0.198
  3926	0.0582091	-0.198	0.198
  3927	0.0835618	-0.198	0.198
  3928	0.0982843	-0.198	0.198
  3929	0.0951205	-0.198	0.198
  3930	0.0925488	-0.198	0.198
  3931	0.085749	-0.198	0.198
  3932	0.0698031	-0.198	0.198
  3933	0.0439232	-0.198	0.198
  3934	0.0903265	-0.198	0.198
  3935	0.0926899	-0.198	0.198
  3936	0.0551501	-0.198	0.198
  3937	0.0568083	-0.198	0.198
  3938	0.092509	-0.198	0.198
  3939	0.0908936	-0.198	0.198
  3940	0.0965862	-0.198	0.198
  3941	0.0948091	-0.198	0.198
  3942	0.066672	-0.198	0.198
  3943	0.0931704	-0.198	0.198
  3944	0.0507321	-0.198	0.198
  3945	0.0909832	-0.198	0.198
  3946	0.0838279	-0.198	0.198
  3947	0.0787184	-0.198	0.198
  3948	0.0973357	-0.198	0.198
  3949	0.0727257	-0.198	0.198
  3950	0.0362376	-0.198	0.198
  3951	0.0723766	-0.198	0.198
  3952	0.0931225	-0.198	0.198
  3953	0.0908526	-0.198	0.198
  3954	0.0968697	-0.198	0.198
  3955	0.0830871	-0.198	0.198
  3956	0.0859782	-0.198	0.198
  3957	0.0659217	-0.198	0.198
  3958	0.0932851	-0.198	0.198
  3959	0.0368561	-0.198	0.198
  3960	0.0954155	-0.198	0.198
  3961	0.0980611	-0.198	0.198
  3962	0.0717453	-0.198	0.198
  3963	0.0914531	-0.198	0.198
  3964	0.054127	-0.198	0.198
  3965	0.0571858	-0.198	0.198
  3966	0.0368628	-0.198	0.198
  3967	0.0288905	-0.198	0.198
  3968	0.059383	-0.198	0.198
  3969	0.0981269	-0.198	0.198
  3970	0.0832744	-0.198	0.198
  3971	0.0840816	-0.198	0.198
  3972	0.0226184	-0.198	0.198
  3973	0.080672	-0.198	0.198
  3974	0.0763117	-0.198	0.198
  3975	0.0950579	-0.198	0.198
  3976	0.094533	-0.198	0.198
  3977	0.096098	-0.198	0.198
  3978	0.0679034	-0.198	0.198
  3979	0.0861657	-0.198	0.198
  3980	0.0955353	-0.198	0.198
  3981	0.079032	-0.198	0.198
  3982	0.0596266	-0.198	0.198
  3983	0.0656248	-0.198	0.198
  3984	0.0730443	-0.198	0.198
  3985	0.0767829	-0.198	0.198
  3986	0.0637088	-0.198	0.198
  3987	0.0823505	-0.198	0.198
  3988	0.048308	-0.198	0.198
  3989	0.0612721	-0.198	0.198
  3990	0.0755315	-0.198	0.198
  3991	0.0780438	-0.198	0.198
  3992	0.0944334	-0.198	0.198
  3993	0.0445975	-0.198	0.198
  3994	0.082153	-0.198	0.198
  3995	0.0317484	-0.198	0.198
  3996	0.095218	-0.198	0.198
  3997	0.0943012	-0.198	0.198
  3998	0.0670998	-0.198	0.198
  3999	0.0355447	-0.198	0.198
  4000	0.0847366	-0.198	0.198
  4001	0.0702318	-0.198	0.198
  4002	0.0740404	-0.198	0.198
  4003	0.0536743	-0.198	0.198
  4004	0.0909225	-0.198	0.198
  4005	0.0770744	-0.198	0.198
  4006	0.0501841	-0.198	0.198
  4007	0.089713	-0.198	0.198
  4008	0.0939881	-0.198	0.198
  4009	0.0170039	-0.198	0.198
  4010	0.0549047	-0.198	0.198
  4011	0.096629	-0.198	0.198
  4012	0.0796487	-0.198	0.198
  4013	0.089065	-0.198	0.198
  4014	0.078397	-0.198	0.198
  4015	0.0796335	-0.198	0.198
  4016	0.0774491	-0.198	0.198
  4017	0.0721826	-0.198	0.198
  4018	0.0460657	-0.198	0.198
  4019	0.0604333	-0.198	0.198
  4020	0.0553036	-0.198	0.198
  4021	0.0664085	-0.198	0.198
  4022	0.0912606	-0.198	0.198
  4023	0.0689618	-0.198	0.198
  4024	0.0906482	-0.198	0.198
  4025	0.0660597	-0.198	0.198
  4026	0.0612411	-0.198	0.198
  4027	0.0506073	-0.198	0.198
  4028	0.075179	-0.198	0.198
  4029	0.0923574	-0.198	0.198
  4030	0.0715693	-0.198	0.198
  4031	0.0821664	-0.198	0.198
  4032	0.0980205	-0.198	0.198
  4033	0.0885015	-0.198	0.198
  4034	0.0909732	-0.198	0.198
  4035	0.0813501	-0.198	0.198
  4036	0.0979797	-0.198	0.198
  4037	0.068778	-0.198	0.198
  4038	0.0563404	-0.198	0.198
  4039	0.0968478	-0.198	0.198
  4040	0.0897103	-0.198	0.198
  4041	0.0877728	-0.198	0.198
  4042	0.0915755	-0.198	0.198
  4043	0.0975907	-0.198	0.198
  4044	0.0410989	-0.198	0.198
  4045	0.0775896	-0.198	0.198
  4046	0.0983081	-0.198	0.198
  4047	0.0870402	-0.198	0.198
  4048	0.0954662	-0.198	0.198
  4049	0.092726	-0.198	0.198
  4050	0.036753	-0.198	0.198
  4051	0.0851291	-0.198	0.198
  4052	0.0803113	-0.198	0.198
  4053	0.0782896	-0.198	0.198
  4054	0.0846606	-0.198	0.198
  4055	0.0880288	-0.198	0.198
  4056	0.0486622	-0.198	0.198
  4057	0.0989505	-0.198	0.198
  4058	0.0924907	-0.198	0.198
  4059	0.0714435	-0.198	0.198
  4060	0.0620273	-0.198	0.198
  4061	0.0725894	-0.198	0.198
  4062	0.0763074	-0.198	0.198
  4063	0.0707001	-0.198	0.198
  4064	0.0493878	-0.198	0.198
  4065	0.0931628	-0.198	0.198
  4066	0.0749183	-0.198	0.198
  4067	0.0422093	-0.198	0.198
  4068	0.0973634	-0.198	0.198
  4069	0.0664592	-0.198	0.198
  4070	0.0567594	-0.198	0.198
  4071	0.0487822	-0.198	0.198
  4072	0.0655255	-0.198	0.198
  4073	0.0760981	-0.198	0.198
  4074	0.0945393	-0.198	0.198
  4075	0.0983936	-0.198	0.198
  4076	0.0936575	-0.198	0.198
  4077	0.0869297	-0.198	0.198
  4078	0.0191897	-0.198	0.198
  4079	0.0960908	-0.198	0.198
  4080	0.0908547	-0.198	0.198
  4081	0.0981924	-0.198	0.198
  4082	0.0709662	-0.198	0.198
  4083	0.0799061	-0.198	0.198
  4084	0.0970697	-0.198	0.198
  4085	0.0578425	-0.198	0.198
  4086	0.0861575	-0.198	0.198
  4087	0.0704796	-0.198	0.198
  4088	0.0622811	-0.198	0.198
  4089	0.0749503	-0.198	0.198
  4090	0.0927808	-0.198	0.198
  4091	0.0629924	-0.198	0.198
  4092	0.0643814	-0.198	0.198
  4093	0.0938846	-0.198	0.198
  4094	0.0748621	-0.198	0.198
  4095	0.0598145	-0.198	0.198
  4096	0.089947	-0.198	0.198
  4097	0.0897406	-0.198	0.198
  4098	0.0740123	-0.198	0.198
  4099	0.0578701	-0.198	0.198
  4100	0.0898096	-0.198	0.198
  4101	0.0825062	-0.198	0.198
  4102	0.0783728	-0.198	0.198
  4103	0.0636474	-0.198	0.198
  4104	0.095808	-0.198	0.198
  4105	0.0973209	-0.198	0.198
  4106	0.0970628	-0.198	0.198
  4107	0.0322315	-0.198	0.198
  4108	0.0690431	-0.198	0.198
  4109	0.0532191	-0.198	0.198
  4110	0.0888018	-0.198	0.198
  4111	0.0941767	-0.198	0.198
  4112	0.085689	-0.198	0.198
  4113	0.0989908	-0.198	0.198
  4114	0.0708398	-0.198	0.198
  4115	0.0962069	-0.198	0.198
  4116	0.0141234	-0.198	0.198
  4117	0.0822422	-0.198	0.198
  4118	0.0655766	-0.198	0.198
  4119	0.0814752	-0.198	0.198
  4120	0.0919845	-0.198	0.198
  4121	0.0515439	-0.198	0.198
  4122	0.070897	-0.198	0.198
  4123	0.0658513	-0.198	0.198
  4124	0.0984425	-0.198	0.198
  4125	0.0523828	-0.198	0.198
  4126	0.0803201	-0.198	0.198
  4127	0.0953006	-0.198	0.198
  4128	0.098976	-0.198	0.198
  4129	0.0885847	-0.198	0.198
  4130	0.0928966	-0.198	0.198
  4131	0.0796889	-0.198	0.198
  4132	0.0585932	-0.198	0.198
  4133	0.0521422	-0.198	0.198
  4134	0.0884449	-0.198	0.198
  4135	0.082899	-0.198	0.198
  4136	0.0883982	-0.198	0.198
  4137	0.0447224	-0.198	0.198
  4138	0.0796521	-0.198	0.198
  4139	0.0768795	-0.198	0.198
  4140	0.0597048	-0.198	0.198
  4141	0.0971168	-0.198	0.198
  4142	0.0756988	-0.198	0.198
  4143	0.0768809	-0.198	0.198
  4144	0.0531439	-0.198	0.198
  4145	0.0733948	-0.198	0.198
  4146	0.0950212	-0.198	0.198
  4147	0.0941087	-0.198	0.198
  4148	0.0754176	-0.198	0.198
  4149	0.0823909	-0.198	0.198
  4150	0.0680496	-0.198	0.198
  4151	0.0368029	-0.198	0.198
  4152	0.0895269	-0.198	0.198
  4153	0.0856692	-0.198	0.198
  4154	0.0455086	-0.198	0.198
  4155	0.0893194	-0.198	0.198
  4156	0.0894324	-0.198	0.198
  4157	0.082738	-0.198	0.198
  4158	0.0804038	-0.198	0.198
  4159	0.0587078	-0.198	0.198
  4160	0.0424678	-0.198	0.198
  4161	0.0180848	-0.198	0.198
  4162	0.0515407	-0.198	0.198
  4163	0.087875	-0.198	0.198
  4164	0.0870859	-0.198	0.198
  4165	0.0935722	-0.198	0.198
  4166	0.0524389	-0.198	0.198
  4167	0.0726112	-0.198	0.198
  4168	0.0427032	-0.198	0.198
  4169	0.0962061	-0.198	0.198
  4170	0.0711428	-0.198	0.198
  4171	0.0248076	-0.198	0.198
  4172	0.0724083	-0.198	0.198
  4173	0.0968949	-0.198	0.198
  4174	0.0877837	-0.198	0.198
  4175	0.095122	-0.198	0.198
  4176	0.0762614	-0.198	0.198
  4177	0.0844042	-0.198	0.198
  4178	0.0560077	-0.198	0.198
  4179	0.0941592	-0.198	0.198
  4180	0.0980129	-0.198	0.198
  4181	0.0941466	-0.198	0.198
  4182	0.0768989	-0.198	0.198
  4183	0.0673005	-0.198	0.198
  4184	0.0963668	-0.198	0.198
  4185	0.0521493	-0.198	0.198
  4186	0.0477669	-0.198	0.198
  4187	0.0982389	-0.198	0.198
  4188	0.0758235	-0.198	0.198
  4189	0.0782618	-0.198	0.198
  4190	0.0981229	-0.198	0.198
  4191	0.0660704	-0.198	0.198
  4192	0.0772664	-0.198	0.198
  4193	0.041846	-0.198	0.198
  4194	0.0403378	-0.198	0.198
  4195	0.083417	-0.198	0.198
  4196	0.0956941	-0.198	0.198
  4197	0.0815645	-0.198	0.198
  4198	0.0776543	-0.198	0.198
  4199	0.0743878	-0.198	0.198
  4200	0.0883151	-0.198	0.198
  4201	0.0976344	-0.198	0.198
  4202	0.0933507	-0.198	0.198
  4203	0.0954604	-0.198	0.198
  4204	0.0779471	-0.198	0.198
  4205	0.0868221	-0.198	0.198
  4206	0.0558319	-0.198	0.198
  4207	0.0957715	-0.198	0.198
  4208	0.0887913	-0.198	0.198
  4209	0.0829095	-0.198	0.198
  4210	0.0869594	-0.198	0.198
  4211	0.0839195	-0.198	0.198
  4212	0.0824546	-0.198	0.198
  4213	0.0518093	-0.198	0.198
  4214	0.0960015	-0.198	0.198
  4215	0.0604026	-0.198	0.198
  4216	0.0919398	-0.198	0.198
  4217	0.0971539	-0.198	0.198
  4218	0.0622511	-0.198	0.198
  4219	0.0526436	-0.198	0.198
  4220	0.091179	-0.198	0.198
  4221	0.0152868	-0.198	0.198
  4222	0.096881	-0.198	0.198
  4223	0.0962852	-0.198	0.198
  4224	0.063856	-0.198	0.198
  4225	0.0361902	-0.198	0.198
  4226	0.0754774	-0.198	0.198
  4227	0.0957835	-0.198	0.198
  4228	0.093014	-0.198	0.198
  4229	0.0714739	-0.198	0.198
  4230	0.0706127	-0.198	0.198
  4231	0.0737663	-0.198	0.198
  4232	0.0846127	-0.198	0.198
  4233	0.0611022	-0.198	0.198
  4234	0.0826356	-0.198	0.198
  4235	0.0853746	-0.198	0.198
  4236	0.0551363	-0.198	0.198
  4237	0.0713136	-0.198	0.198
  4238	0.0477934	-0.198	0.198
  4239	0.0748773	-0.198	0.198
  4240	0.0807123	-0.198	0.198
  4241	0.0787296	-0.198	0.198
  4242	0.0758338	-0.198	0.198
  4243	0.0625419	-0.198	0.198
  4244	0.0713549	-0.198	0.198
  4245	0.0683427	-0.198	0.198
  4246	0.0986883	-0.198	0.198
  4247	0.0909356	-0.198	0.198
  4248	0.0722588	-0.198	0.198
  4249	0.0797066	-0.198	0.198
  4250	0.0887462	-0.198	0.198
  4251	0.0841543	-0.198	0.198
  4252	0.0573131	-0.198	0.198
  4253	0.0965544	-0.198	0.198
  4254	0.0922894	-0.198	0.198
  4255	0.0746861	-0.198	0.198
  4256	0.0718034	-0.198	0.198
  4257	0.0906232	-0.198	0.198
  4258	0.0822725	-0.198	0.198
  4259	0.0951382	-0.198	0.198
  4260	0.0858179	-0.198	0.198
  4261	0.0776717	-0.198	0.198
  4262	0.0854897	-0.198	0.198
  4263	0.092236	-0.198	0.198
  4264	0.0382054	-0.198	0.198
  4265	0.0778596	-0.198	0.198
  4266	0.0835394	-0.198	0.198
  4267	0.0691135	-0.198	0.198
  4268	0.0436583	-0.198	0.198
  4269	0.0576137	-0.198	0.198
  4270	0.0675736	-0.198	0.198
  4271	0.0683849	-0.198	0.198
  4272	0.0476708	-0.198	0.198
  4273	0.074774	-0.198	0.198
  4274	0.0918653	-0.198	0.198
  4275	0.0863787	-0.198	0.198
  4276	0.0452624	-0.198	0.198
  4277	0.0639002	-0.198	0.198
  4278	0.0898018	-0.198	0.198
  4279	0.0740121	-0.198	0.198
  4280	0.097501	-0.198	0.198
  4281	0.0787767	-0.198	0.198
  4282	0.095596	-0.198	0.198
  4283	0.0816327	-0.198	0.198
  4284	0.0542078	-0.198	0.198
  4285	0.0387012	-0.198	0.198
  4286	0.0975038	-0.198	0.198
  4287	0.0699074	-0.198	0.198
  4288	0.0981501	-0.198	0.198
  4289	0.0774623	-0.198	0.198
  4290	0.0807781	-0.198	0.198
  4291	0.0973863	-0.198	0.198
  4292	0.0591019	-0.198	0.198
  4293	0.0854039	-0.198	0.198
  4294	0.0620588	-0.198	0.198
  4295	0.080998	-0.198	0.198
  4296	0.0739428	-0.198	0.198
  4297	0.0716378	-0.198	0.198
  4298	0.0960064	-0.198	0.198
  4299	0.0551892	-0.198	0.198
  4300	0.090549	-0.198	0.198
  4301	0.0829876	-0.198	0.198
  4302	0.0811325	-0.198	0.198
  4303	0.0681565	-0.198	0.198
  4304	0.0612302	-0.198	0.198
  4305	0.0509893	-0.198	0.198
  4306	0.0983464	-0.198	0.198
  4307	0.0885789	-0.198	0.198
  4308	0.098387	-0.198	0.198
  4309	0.0845208	-0.198	0.198
  4310	0.0624467	-0.198	0.198
  4311	0.0880572	-0.198	0.198
  4312	0.0731537	-0.198	0.198
  4313	0.0963861	-0.198	0.198
  4314	0.0712685	-0.198	0.198
  4315	0.0558479	-0.198	0.198
  4316	0.0806225	-0.198	0.198
  4317	0.0533714	-0.198	0.198
  4318	0.0820629	-0.198	0.198
  4319	0.0565941	-0.198	0.198
  4320	0.0741092	-0.198	0.198
  4321	0.0494078	-0.198	0.198
  4322	0.0884813	-0.198	0.198
  4323	0.0796941	-0.198	0.198
  4324	0.0982635	-0.198	0.198
  4325	0.0757536	-0.198	0.198
  4326	0.0213885	-0.198	0.198
  4327	0.090953	-0.198	0.198
  4328	0.068454	-0.198	0.198
  4329	0.0570603	-0.198	0.198
  4330	0.0779793	-0.198	0.198
  4331	0.0926739	-0.198	0.198
  4332	0.0709249	-0.198	0.198
  4333	0.0859278	-0.198	0.198
  4334	0.0575545	-0.198	0.198
  4335	0.0572546	-0.198	0.198
  4336	0.0787491	-0.198	0.198
  4337	0.0911545	-0.198	0.198
  4338	0.0809757	-0.198	0.198
  4339	0.0866586	-0.198	0.198
  4340	0.0915878	-0.198	0.198
  4341	0.0504768	-0.198	0.198
  4342	0.0798108	-0.198	0.198
  4343	0.0258275	-0.198	0.198
  4344	0.0155107	-0.198	0.198
  4345	0.0971635	-0.198	0.198
  4346	0.0863197	-0.198	0.198
  4347	0.0633852	-0.198	0.198
  4348	0.0483573	-0.198	0.198
  4349	0.0590418	-0.198	0.198
  4350	0.0368619	-0.198	0.198
  4351	0.0774992	-0.198	0.198
  4352	0.0650072	-0.198	0.198
  4353	0.0873261	-0.198	0.198
  4354	0.0715235	-0.198	0.198
  4355	0.0889396	-0.198	0.198
  4356	0.0515225	-0.198	0.198
  4357	0.0740276	-0.198	0.198
  4358	0.0757128	-0.198	0.198
  4359	0.0755951	-0.198	0.198
  4360	0.0804584	-0.198	0.198
  4361	0.0788431	-0.198	0.198
  4362	0.0842315	-0.198	0.198
  4363	0.0885383	-0.198	0.198
  4364	0.0445954	-0.198	0.198
  4365	0.0877214	-0.198	0.198
  4366	0.0717711	-0.198	0.198
  4367	0.0587849	-0.198	0.198
  4368	0.0373224	-0.198	0.198
  4369	0.0802719	-0.198	0.198
  4370	0.0914039	-0.198	0.198
  4371	0.0969465	-0.198	0.198
  4372	0.0713335	-0.198	0.198
  4373	0.0771732	-0.198	0.198
  4374	0.0598942	-0.198	0.198
  4375	0.0536993	-0.198	0.198
  4376	0.0761375	-0.198	0.198
  4377	0.0783913	-0.198	0.198
  4378	0.0834681	-0.198	0.198
  4379	0.0827145	-0.198	0.198
  4380	0.0744952	-0.198	0.198
  4381	0.0917788	-0.198	0.198
  4382	0.0434714	-0.198	0.198
  4383	0.0758063	-0.198	0.198
  4384	0.0780633	-0.198	0.198
  4385	0.0823374	-0.198	0.198
  4386	0.0660222	-0.198	0.198
  4387	0.0986067	-0.198	0.198
  4388	0.0889576	-0.198	0.198
  4389	0.0824585	-0.198	0.198
  4390	0.0983525	-0.198	0.198
  4391	0.0847277	-0.198	0.198
  4392	0.0762888	-0.198	0.198
  4393	0.0701927	-0.198	0.198
  4394	0.0740049	-0.198	0.198
  4395	0.0388319	-0.198	0.198
  4396	0.0931125	-0.198	0.198
  4397	0.0597985	-0.198	0.198
  4398	0.0705782	-0.198	0.198
  4399	0.0533897	-0.198	0.198
  4400	0.051455	-0.198	0.198
  4401	0.0971637	-0.198	0.198
  4402	0.0974019	-0.198	0.198
  4403	0.0765225	-0.198	0.198
  4404	0.0687665	-0.198	0.198
  4405	0.0708909	-0.198	0.198
  4406	0.0483644	-0.198	0.198
  4407	0.0795129	-0.198	0.198
  4408	0.0826739	-0.198	0.198
  4409	0.0755722	-0.198	0.198
  4410	0.0757711	-0.198	0.198
  4411	0.096357	-0.198	0.198
  4412	0.0967223	-0.198	0.198
  4413	0.0746181	-0.198	0.198
  4414	0.0468972	-0.198	0.198
  4415	0.0825769	-0.198	0.198
  4416	0.0846303	-0.198	0.198
  4417	0.0876654	-0.198	0.198
  4418	0.0654445	-0.198	0.198
  4419	0.0974934	-0.198	0.198
  4420	0.089073	-0.198	0.198
  4421	0.0787041	-0.198	0.198
  4422	0.0865675	-0.198	0.198
  4423	0.06487	-0.198	0.198
  4424	0.086858	-0.198	0.198
  4425	0.0920962	-0.198	0.198
  4426	0.0699797	-0.198	0.198
  4427	0.0802466	-0.198	0.198
  4428	0.0985855	-0.198	0.198
  4429	0.0969953	-0.198	0.198
  4430	0.0776705	-0.198	0.198
  4431	0.0945035	-0.198	0.198
  4432	0.0399254	-0.198	0.198
  4433	0.040938	-0.198	0.198
  4434	0.096302	-0.198	0.198
  4435	0.082448	-0.198	0.198
  4436	0.0920492	-0.198	0.198
  4437	0.0681712	-0.198	0.198
  4438	0.0587126	-0.198	0.198
  4439	0.066414	-0.198	0.198
  4440	0.0490433	-0.198	0.198
  4441	0.0840975	-0.198	0.198
  4442	0.0720238	-0.198	0.198
  4443	0.022524	-0.198	0.198
  4444	0.0553326	-0.198	0.198
  4445	0.0545418	-0.198	0.198
  4446	0.0784746	-0.198	0.198
  4447	0.074191	-0.198	0.198
  4448	0.0417313	-0.198	0.198
  4449	0.067456	-0.198	0.198
  4450	0.0756685	-0.198	0.198
  4451	0.0967558	-0.198	0.198
  4452	0.0358133	-0.198	0.198
  4453	0.0837917	-0.198	0.198
  4454	0.0870477	-0.198	0.198
  4455	0.0418993	-0.198	0.198
  4456	0.0938835	-0.198	0.198
  4457	0.070339	-0.198	0.198
  4458	0.0604284	-0.198	0.198
  4459	0.0691629	-0.198	0.198
  4460	0.0910566	-0.198	0.198
  4461	0.0976944	-0.198	0.198
  4462	0.0775177	-0.198	0.198
  4463	0.0637469	-0.198	0.198
  4464	0.0600982	-0.198	0.198
  4465	0.044534	-0.198	0.198
  4466	0.0951174	-0.198	0.198
  4467	0.0929377	-0.198	0.198
  4468	0.0707515	-0.198	0.198
  4469	0.0792248	-0.198	0.198
  4470	0.0512964	-0.198	0.198
  4471	0.0900043	-0.198	0.198
  4472	0.089351	-0.198	0.198
  4473	0.0557114	-0.198	0.198
  4474	0.059099	-0.198	0.198
  4475	0.0814517	-0.198	0.198
  4476	0.0692416	-0.198	0.198
  4477	0.073658	-0.198	0.198
  4478	0.0643581	-0.198	0.198
  4479	0.0571467	-0.198	0.198
  4480	0.0821513	-0.198	0.198
  4481	0.0766221	-0.198	0.198
  4482	0.0639932	-0.198	0.198
  4483	0.076249	-0.198	0.198
  4484	0.089273	-0.198	0.198
  4485	0.0583282	-0.198	0.198
  4486	0.0673036	-0.198	0.198
  4487	0.0680996	-0.198	0.198
  4488	0.0720514	-0.198	0.198
  4489	0.0752574	-0.198	0.198
  4490	0.0916317	-0.198	0.198
  4491	0.0777327	-0.198	0.198
  4492	0.0979047	-0.198	0.198
  4493	0.0968843	-0.198	0.198
  4494	0.0901105	-0.198	0.198
  4495	0.0547513	-0.198	0.198
  4496	0.0862212	-0.198	0.198
  4497	0.0977788	-0.198	0.198
  4498	0.096091	-0.198	0.198
  4499	0.0803785	-0.198	0.198
  4500	0.0903714	-0.198	0.198
  4501	0.0758751	-0.198	0.198
  4502	0.0979809	-0.198	0.198
  4503	0.0717356	-0.198	0.198
  4504	0.0713403	-0.198	0.198
  4505	0.0748016	-0.198	0.198
  4506	0.0869577	-0.198	0.198
  4507	0.0560383	-0.198	0.198
  4508	0.075397	-0.198	0.198
  4509	0.0505261	-0.198	0.198
  4510	0.0673105	-0.198	0.198
  4511	0.0829855	-0.198	0.198
  4512	0.0505016	-0.198	0.198
  4513	0.0689203	-0.198	0.198
  4514	0.0883638	-0.198	0.198
  4515	0.0381318	-0.198	0.198
  4516	0.0528821	-0.198	0.198
  4517	0.0573285	-0.198	0.198
  4518	0.0716019	-0.198	0.198
  4519	0.0775686	-0.198	0.198
  4520	0.0292891	-0.198	0.198
  4521	0.0633561	-0.198	0.198
  4522	0.0707243	-0.198	0.198
  4523	0.0909544	-0.198	0.198
  4524	0.0949165	-0.198	0.198
  4525	0.0848999	-0.198	0.198
  4526	0.0899131	-0.198	0.198
  4527	0.0942935	-0.198	0.198
  4528	0.0686599	-0.198	0.198
  4529	0.0752666	-0.198	0.198
  4530	0.0953995	-0.198	0.198
  4531	0.0958044	-0.198	0.198
  4532	0.0636458	-0.198	0.198
  4533	0.094498	-0.198	0.198
  4534	0.0874029	-0.198	0.198
  4535	0.0841769	-0.198	0.198
  4536	0.0718394	-0.198	0.198
  4537	0.0858615	-0.198	0.198
  4538	0.0737128	-0.198	0.198
  4539	0.0941644	-0.198	0.198
  4540	0.0980229	-0.198	0.198
  4541	0.090012	-0.198	0.198
  4542	0.0760057	-0.198	0.198
  4543	0.0944454	-0.198	0.198
  4544	0.0898263	-0.198	0.198
  4545	0.0878845	-0.198	0.198
  4546	0.0978165	-0.198	0.198
  4547	0.0616066	-0.198	0.198
  4548	0.0844699	-0.198	0.198
  4549	0.097342	-0.198	0.198
  4550	0.0950928	-0.198	0.198
  4551	0.0751379	-0.198	0.198
  4552	0.0878761	-0.198	0.198
  4553	0.0794996	-0.198	0.198
  4554	0.0977144	-0.198	0.198
  4555	0.0599229	-0.198	0.198
  4556	0.0845594	-0.198	0.198
  4557	0.0944862	-0.198	0.198
  4558	0.0888912	-0.198	0.198
  4559	0.0784011	-0.198	0.198
  4560	0.0950585	-0.198	0.198
  4561	0.0752	-0.198	0.198
  4562	0.0570544	-0.198	0.198
  4563	0.0918506	-0.198	0.198
  4564	0.0965611	-0.198	0.198
  4565	0.0789808	-0.198	0.198
  4566	0.0439496	-0.198	0.198
  4567	0.0580319	-0.198	0.198
  4568	0.0968604	-0.198	0.198
  4569	0.0786183	-0.198	0.198
  4570	0.0704827	-0.198	0.198
  4571	0.0927929	-0.198	0.198
  4572	0.0852064	-0.198	0.198
  4573	0.0498495	-0.198	0.198
  4574	0.0944073	-0.198	0.198
  4575	0.0751207	-0.198	0.198
  4576	0.0643458	-0.198	0.198
  4577	0.0843806	-0.198	0.198
  4578	0.0793055	-0.198	0.198
  4579	0.0784963	-0.198	0.198
  4580	0.0979487	-0.198	0.198
  4581	0.0827451	-0.198	0.198
  4582	0.0882854	-0.198	0.198
  4583	0.0944333	-0.198	0.198
  4584	0.0819842	-0.198	0.198
  4585	0.0938558	-0.198	0.198
  4586	0.0697346	-0.198	0.198
  4587	0.017707	-0.198	0.198
  4588	0.0495629	-0.198	0.198
  4589	0.0813845	-0.198	0.198
  4590	0.0665158	-0.198	0.198
  4591	0.0724069	-0.198	0.198
  4592	0.0970613	-0.198	0.198
  4593	0.083542	-0.198	0.198
  4594	0.0733655	-0.198	0.198
  4595	0.0491562	-0.198	0.198
  4596	0.087746	-0.198	0.198
  4597	0.0950734	-0.198	0.198
  4598	0.0981947	-0.198	0.198
  4599	0.0693673	-0.198	0.198
  4600	0.054837	-0.198	0.198
  4601	0.0973528	-0.198	0.198
  4602	0.0945291	-0.198	0.198
  4603	0.0604636	-0.198	0.198
  4604	0.06551	-0.198	0.198
  4605	0.081379	-0.198	0.198
  4606	0.0804875	-0.198	0.198
  4607	0.0906024	-0.198	0.198
  4608	0.0965847	-0.198	0.198
  4609	0.0803005	-0.198	0.198
  4610	0.0446145	-0.198	0.198
  4611	0.0685396	-0.198	0.198
  4612	0.063628	-0.198	0.198
  4613	0.0504475	-0.198	0.198
  4614	0.0739353	-0.198	0.198
  4615	0.095275	-0.198	0.198
  4616	0.0978463	-0.198	0.198
  4617	0.0187925	-0.198	0.198
  4618	0.0982961	-0.198	0.198
  4619	0.0878887	-0.198	0.198
  4620	0.0674183	-0.198	0.198
  4621	0.0663932	-0.198	0.198
  4622	0.0635942	-0.198	0.198
  4623	0.0877427	-0.198	0.198
  4624	0.0541593	-0.198	0.198
  4625	0.0769935	-0.198	0.198
  4626	0.0844969	-0.198	0.198
  4627	0.0871418	-0.198	0.198
  4628	0.061392	-0.198	0.198
  4629	0.0919811	-0.198	0.198
  4630	0.0437423	-0.198	0.198
  4631	0.0428481	-0.198	0.198
  4632	0.090152	-0.198	0.198
  4633	0.0859785	-0.198	0.198
  4634	0.0597214	-0.198	0.198
  4635	0.0819482	-0.198	0.198
  4636	0.085281	-0.198	0.198
  4637	0.0600148	-0.198	0.198
  4638	0.0670442	-0.198	0.198
  4639	0.0955397	-0.198	0.198
  4640	0.0657835	-0.198	0.198
  4641	0.0918115	-0.198	0.198
  4642	0.0890886	-0.198	0.198
  4643	0.086451	-0.198	0.198
  4644	0.0950509	-0.198	0.198
  4645	0.0881964	-0.198	0.198
  4646	0.0963496	-0.198	0.198
  4647	0.0711571	-0.198	0.198
  4648	0.0957842	-0.198	0.198
  4649	0.0884298	-0.198	0.198
  4650	0.0640087	-0.198	0.198
  4651	0.0386866	-0.198	0.198
  4652	0.0693363	-0.198	0.198
  4653	0.0710893	-0.198	0.198
  4654	0.0970012	-0.198	0.198
  4655	0.0458774	-0.198	0.198
  4656	0.0905143	-0.198	0.198
  4657	0.0929746	-0.198	0.198
  4658	0.0700063	-0.198	0.198
  4659	0.0975764	-0.198	0.198
  4660	0.0845697	-0.198	0.198
  4661	0.0811781	-0.198	0.198
  4662	0.0960791	-0.198	0.198
  4663	0.0818638	-0.198	0.198
  4664	0.0954266	-0.198	0.198
  4665	0.0650295	-0.198	0.198
  4666	0.0697792	-0.198	0.198
  4667	0.080384	-0.198	0.198
  4668	0.0642423	-0.198	0.198
  4669	0.0519459	-0.198	0.198
  4670	0.0524885	-0.198	0.198
  4671	0.0796262	-0.198	0.198
  4672	0.0792944	-0.198	0.198
  4673	0.0986759	-0.198	0.198
  4674	0.0552974	-0.198	0.198
  4675	0.0978304	-0.198	0.198
  4676	0.061706	-0.198	0.198
  4677	0.0949547	-0.198	0.198
  4678	0.0290939	-0.198	0.198
  4679	0.0946971	-0.198	0.198
  4680	0.050698	-0.198	0.198
  4681	0.0981558	-0.198	0.198
  4682	0.0825995	-0.198	0.198
  4683	0.0861057	-0.198	0.198
  4684	0.0665072	-0.198	0.198
  4685	0.0472581	-0.198	0.198
  4686	0.0590655	-0.198	0.198
  4687	0.0590605	-0.198	0.198
  4688	0.0833005	-0.198	0.198
  4689	0.038954	-0.198	0.198
  4690	0.082882	-0.198	0.198
  4691	0.066571	-0.198	0.198
  4692	0.0825895	-0.198	0.198
  4693	0.060009	-0.198	0.198
  4694	0.0987322	-0.198	0.198
  4695	0.09564	-0.198	0.198
  4696	0.0895262	-0.198	0.198
  4697	0.0927643	-0.198	0.198
  4698	0.0582773	-0.198	0.198
  4699	0.0949271	-0.198	0.198
  4700	0.0494623	-0.198	0.198
  4701	0.0443874	-0.198	0.198
  4702	0.0643729	-0.198	0.198
  4703	0.0556082	-0.198	0.198
  4704	0.07898	-0.198	0.198
  4705	0.0964489	-0.198	0.198
  4706	0.0709002	-0.198	0.198
  4707	0.0912914	-0.198	0.198
  4708	0.0698692	-0.198	0.198
  4709	0.0735391	-0.198	0.198
  4710	0.0673169	-0.198	0.198
  4711	0.0416416	-0.198	0.198
  4712	0.0409158	-0.198	0.198
  4713	0.0533741	-0.198	0.198
  4714	0.0694585	-0.198	0.198
  4715	0.0821443	-0.198	0.198
  4716	0.0606061	-0.198	0.198
  4717	0.0793983	-0.198	0.198
  4718	0.0623854	-0.198	0.198
  4719	0.0757188	-0.198	0.198
  4720	0.0804498	-0.198	0.198
  4721	0.0753192	-0.198	0.198
  4722	0.0445742	-0.198	0.198
  4723	0.0350516	-0.198	0.198
  4724	0.0927317	-0.198	0.198
  4725	0.0187574	-0.198	0.198
  4726	0.0826655	-0.198	0.198
  4727	0.093136	-0.198	0.198
  4728	0.0950955	-0.198	0.198
  4729	0.0804195	-0.198	0.198
  4730	0.0543438	-0.198	0.198
  4731	0.0957319	-0.198	0.198
  4732	0.082286	-0.198	0.198
  4733	0.0610953	-0.198	0.198
  4734	0.0757104	-0.198	0.198
  4735	0.0971795	-0.198	0.198
  4736	0.0536178	-0.198	0.198
  4737	0.0687087	-0.198	0.198
  4738	0.0493483	-0.198	0.198
  4739	0.0986273	-0.198	0.198
  4740	0.0910179	-0.198	0.198
  4741	0.081653	-0.198	0.198
  4742	0.0973449	-0.198	0.198
  4743	0.0746763	-0.198	0.198
  4744	0.0368347	-0.198	0.198
  4745	0.0894837	-0.198	0.198
  4746	0.0834193	-0.198	0.198
  4747	0.0900189	-0.198	0.198
  4748	0.0804065	-0.198	0.198
  4749	0.094553	-0.198	0.198
  4750	0.0906575	-0.198	0.198
  4751	0.077916	-0.198	0.198
  4752	0.091807	-0.198	0.198
  4753	0.095718	-0.198	0.198
  4754	0.0738279	-0.198	0.198
  4755	0.0914875	-0.198	0.198
  4756	0.0928338	-0.198	0.198
  4757	0.0967104	-0.198	0.198
  4758	0.0856323	-0.198	0.198
  4759	0.0702923	-0.198	0.198
  4760	0.0398442	-0.198	0.198
  4761	0.0736437	-0.198	0.198
  4762	0.0863128	-0.198	0.198
  4763	0.0800511	-0.198	0.198
  4764	0.0928906	-0.198	0.198
  4765	0.0573361	-0.198	0.198
  4766	0.0717736	-0.198	0.198
  4767	0.0838099	-0.198	0.198
  4768	0.0842875	-0.198	0.198
  4769	0.083523	-0.198	0.198
  4770	0.0713594	-0.198	0.198
  4771	0.0877906	-0.198	0.198
  4772	0.0772109	-0.198	0.198
  4773	0.0928375	-0.198	0.198
  4774	0.0973065	-0.198	0.198
  4775	0.0868475	-0.198	0.198
  4776	0.0964892	-0.198	0.198
  4777	0.098342	-0.198	0.198
  4778	0.0857931	-0.198	0.198
  4779	0.0800327	-0.198	0.198
  4780	0.0712653	-0.198	0.198
  4781	0.0965563	-0.198	0.198
  4782	0.0801589	-0.198	0.198
  4783	0.09112	-0.198	0.198
  4784	0.0787756	-0.198	0.198
  4785	0.0849565	-0.198	0.198
  4786	0.051403	-0.198	0.198
  4787	0.0858749	-0.198	0.198
  4788	0.0939306	-0.198	0.198
  4789	0.0427283	-0.198	0.198
  4790	0.0947505	-0.198	0.198
  4791	0.0714655	-0.198	0.198
  4792	0.0719377	-0.198	0.198
  4793	0.0728903	-0.198	0.198
  4794	0.0929098	-0.198	0.198
  4795	0.0635586	-0.198	0.198
  4796	0.0704114	-0.198	0.198
  4797	0.0817064	-0.198	0.198
  4798	0.0727935	-0.198	0.198
  4799	0.0384962	-0.198	0.198
  4800	0.0886778	-0.198	0.198
  4801	0.0963063	-0.198	0.198
  4802	0.068446	-0.198	0.198
  4803	0.0502034	-0.198	0.198
  4804	0.0450779	-0.198	0.198
  4805	0.0935592	-0.198	0.198
  4806	0.0611159	-0.198	0.198
  4807	0.081716	-0.198	0.198
  4808	0.0849903	-0.198	0.198
  4809	0.0575893	-0.198	0.198
  4810	0.0800692	-0.198	0.198
  4811	0.0537264	-0.198	0.198
  4812	0.055939	-0.198	0.198
  4813	0.0543483	-0.198	0.198
  4814	0.0953764	-0.198	0.198
  4815	0.0609026	-0.198	0.198
  4816	0.0709654	-0.198	0.198
  4817	0.0754794	-0.198	0.198
  4818	0.0562691	-0.198	0.198
  4819	0.0666403	-0.198	0.198
  4820	0.0740382	-0.198	0.198
  4821	0.0831375	-0.198	0.198
  4822	0.0903914	-0.198	0.198
  4823	0.0744179	-0.198	0.198
  4824	0.09836	-0.198	0.198
  4825	0.0828749	-0.198	0.198
  4826	0.0888746	-0.198	0.198
  4827	0.0265784	-0.198	0.198
  4828	0.0597757	-0.198	0.198
  4829	0.0562207	-0.198	0.198
  4830	0.0881411	-0.198	0.198
  4831	0.0703649	-0.198	0.198
  4832	0.0720754	-0.198	0.198
  4833	0.073656	-0.198	0.198
  4834	0.084303	-0.198	0.198
  4835	0.0971116	-0.198	0.198
  4836	0.0434143	-0.198	0.198
  4837	0.0811547	-0.198	0.198
  4838	0.0943688	-0.198	0.198
  4839	0.0985748	-0.198	0.198
  4840	0.076594	-0.198	0.198
  4841	0.0969323	-0.198	0.198
  4842	0.0967153	-0.198	0.198
  4843	0.0739893	-0.198	0.198
  4844	0.095698	-0.198	0.198
  4845	0.0676679	-0.198	0.198
  4846	0.0869911	-0.198	0.198
  4847	0.0913175	-0.198	0.198
  4848	0.0501021	-0.198	0.198
  4849	0.0895174	-0.198	0.198
  4850	0.0447584	-0.198	0.198
  4851	0.0658625	-0.198	0.198
  4852	0.0966699	-0.198	0.198
  4853	0.0842748	-0.198	0.198
  4854	0.0591205	-0.198	0.198
  4855	0.049192	-0.198	0.198
  4856	0.0906769	-0.198	0.198
  4857	0.0896171	-0.198	0.198
  4858	0.0377206	-0.198	0.198
  4859	0.0964431	-0.198	0.198
  4860	0.0938443	-0.198	0.198
  4861	0.0635064	-0.198	0.198
  4862	0.0866947	-0.198	0.198
  4863	0.0475038	-0.198	0.198
  4864	0.0975808	-0.198	0.198
  4865	0.0806091	-0.198	0.198
  4866	0.0918882	-0.198	0.198
  4867	0.0967122	-0.198	0.198
  4868	0.0947312	-0.198	0.198
  4869	0.0783276	-0.198	0.198
  4870	0.0507516	-0.198	0.198
  4871	0.0919882	-0.198	0.198
  4872	0.0815853	-0.198	0.198
  4873	0.0479913	-0.198	0.198
  4874	0.0972128	-0.198	0.198
  4875	0.0948618	-0.198	0.198
  4876	0.0811003	-0.198	0.198
  4877	0.0586415	-0.198	0.198
  4878	0.0945336	-0.198	0.198
  4879	0.0308068	-0.198	0.198
  4880	0.0752884	-0.198	0.198
  4881	0.0578021	-0.198	0.198
  4882	0.0724351	-0.198	0.198
  4883	0.0744095	-0.198	0.198
  4884	0.0933202	-0.198	0.198
  4885	0.0965171	-0.198	0.198
  4886	0.0871445	-0.198	0.198
  4887	0.0652407	-0.198	0.198
  4888	0.0972144	-0.198	0.198
  4889	0.0876317	-0.198	0.198
  4890	0.0678077	-0.198	0.198
  4891	0.0528056	-0.198	0.198
  4892	0.0776421	-0.198	0.198
  4893	0.0773902	-0.198	0.198
  4894	0.0811894	-0.198	0.198
  4895	0.0772322	-0.198	0.198
  4896	0.0534901	-0.198	0.198
  4897	0.0839385	-0.198	0.198
  4898	0.0895801	-0.198	0.198
  4899	0.0906933	-0.198	0.198
  4900	0.0357013	-0.198	0.198
  4901	0.0874479	-0.198	0.198
  4902	0.0966501	-0.198	0.198
  4903	0.0799792	-0.198	0.198
  4904	0.0550585	-0.198	0.198
  4905	0.0629936	-0.198	0.198
  4906	0.097204	-0.198	0.198
  4907	0.0524647	-0.198	0.198
  4908	0.0873365	-0.198	0.198
  4909	0.0728762	-0.198	0.198
  4910	0.0834024	-0.198	0.198
  4911	0.0777248	-0.198	0.198
  4912	0.0975771	-0.198	0.198
  4913	0.0900817	-0.198	0.198
  4914	0.0903413	-0.198	0.198
  4915	0.0521656	-0.198	0.198
  4916	0.0966803	-0.198	0.198
  4917	0.0737238	-0.198	0.198
  4918	0.064697	-0.198	0.198
  4919	0.097627	-0.198	0.198
  4920	0.0897918	-0.198	0.198
  4921	0.079305	-0.198	0.198
  4922	0.0651485	-0.198	0.198
  4923	0.0935194	-0.198	0.198
  4924	0.0686979	-0.198	0.198
  4925	0.0970128	-0.198	0.198
  4926	0.0807221	-0.198	0.198
  4927	0.0772179	-0.198	0.198
  4928	0.091426	-0.198	0.198
  4929	0.0976348	-0.198	0.198
  4930	0.0452255	-0.198	0.198
  4931	0.0884853	-0.198	0.198
  4932	0.076938	-0.198	0.198
  4933	0.0832645	-0.198	0.198
  4934	0.0869356	-0.198	0.198
  4935	0.0897574	-0.198	0.198
  4936	0.0550653	-0.198	0.198
  4937	0.0840668	-0.198	0.198
  4938	0.0707915	-0.198	0.198
  4939	0.0676849	-0.198	0.198
  4940	0.0827906	-0.198	0.198
  4941	0.0641928	-0.198	0.198
  4942	0.0979334	-0.198	0.198
  4943	0.0892488	-0.198	0.198
  4944	0.0971994	-0.198	0.198
  4945	0.0965071	-0.198	0.198
  4946	0.0888955	-0.198	0.198
  4947	0.0982668	-0.198	0.198
  4948	0.0982628	-0.198	0.198
  4949	0.0961313	-0.198	0.198
  4950	0.0416606	-0.198	0.198
  4951	0.0245237	-0.198	0.198
  4952	0.097173	-0.198	0.198
  4953	0.0695203	-0.198	0.198
  4954	0.0611824	-0.198	0.198
  4955	0.0741699	-0.198	0.198
  4956	0.0677052	-0.198	0.198
  4957	0.058535	-0.198	0.198
  4958	0.0641065	-0.198	0.198
  4959	0.0851704	-0.198	0.198
  4960	0.0742217	-0.198	0.198
  4961	0.0617203	-0.198	0.198
  4962	0.0874442	-0.198	0.198
  4963	0.0658354	-0.198	0.198
  4964	0.092822	-0.198	0.198
  4965	0.0682765	-0.198	0.198
  4966	0.0915389	-0.198	0.198
  4967	0.0768452	-0.198	0.198
  4968	0.0982373	-0.198	0.198
  4969	0.0957311	-0.198	0.198
  4970	0.098787	-0.198	0.198
  4971	0.0721049	-0.198	0.198
  4972	0.0771665	-0.198	0.198
  4973	0.0757023	-0.198	0.198
  4974	0.0796953	-0.198	0.198
  4975	0.0819105	-0.198	0.198
  4976	0.0817022	-0.198	0.198
  4977	0.0889719	-0.198	0.198
  4978	0.0691736	-0.198	0.198
  4979	0.0949513	-0.198	0.198
  4980	0.0847381	-0.198	0.198
  4981	0.0585359	-0.198	0.198
  4982	0.0445409	-0.198	0.198
  4983	0.0965349	-0.198	0.198
  4984	0.0848723	-0.198	0.198
  4985	0.0491783	-0.198	0.198
  4986	0.0700549	-0.198	0.198
  4987	0.0293995	-0.198	0.198
  4988	0.084498	-0.198	0.198
  4989	0.0970246	-0.198	0.198
  4990	0.0986563	-0.198	0.198
  4991	0.0832082	-0.198	0.198
  4992	0.0697619	-0.198	0.198
  4993	0.0837577	-0.198	0.198
  4994	0.0867199	-0.198	0.198
  4995	0.0967174	-0.198	0.198
  4996	0.0966203	-0.198	0.198
  4997	0.0969063	-0.198	0.198
  4998	0.0757517	-0.198	0.198
  4999	0.0981103	-0.198	0.198
  5000	0.0946336	-0.198	0.198
  5001	0.054386	-0.198	0.198
  5002	0.0865108	-0.198	0.198
  5003	0.0938996	-0.198	0.198
  5004	0.0964596	-0.198	0.198
  5005	0.0714621	-0.198	0.198
  5006	0.0446701	-0.198	0.198
  5007	0.0975279	-0.198	0.198
  5008	0.0746605	-0.198	0.198
  5009	0.0645267	-0.198	0.198
  5010	0.0962148	-0.198	0.198
  5011	0.0795475	-0.198	0.198
  5012	0.0638784	-0.198	0.198
  5013	0.0619325	-0.198	0.198
  5014	0.0617334	-0.198	0.198
  5015	0.0596847	-0.198	0.198
  5016	0.0938838	-0.198	0.198
  5017	0.0984742	-0.198	0.198
  5018	0.0733183	-0.198	0.198
  5019	0.0272897	-0.198	0.198
  5020	0.0546531	-0.198	0.198
  5021	0.0751733	-0.198	0.198
  5022	0.0937119	-0.198	0.198
  5023	0.0971616	-0.198	0.198
  5024	0.0908021	-0.198	0.198
  5025	0.0446549	-0.198	0.198
  5026	0.0921619	-0.198	0.198
  5027	0.0854667	-0.198	0.198
  5028	0.0609753	-0.198	0.198
  5029	0.082313	-0.198	0.198
  5030	0.0973915	-0.198	0.198
  5031	0.0952592	-0.198	0.198
  5032	0.0966292	-0.198	0.198
  5033	0.0901948	-0.198	0.198
  5034	0.0800477	-0.198	0.198
  5035	0.0427467	-0.198	0.198
  5036	0.0805228	-0.198	0.198
  5037	0.0671897	-0.198	0.198
  5038	0.0863814	-0.198	0.198
  5039	0.0556097	-0.198	0.198
  5040	0.0869504	-0.198	0.198
  5041	0.0907297	-0.198	0.198
  5042	0.0900725	-0.198	0.198
  5043	0.0837729	-0.198	0.198
  5044	0.0940653	-0.198	0.198
  5045	0.0972738	-0.198	0.198
  5046	0.0933051	-0.198	0.198
  5047	0.0653369	-0.198	0.198
  5048	0.0975029	-0.198	0.198
  5049	0.066715	-0.198	0.198
  5050	0.0974368	-0.198	0.198
  5051	0.0952937	-0.198	0.198
  5052	0.0882881	-0.198	0.198
  5053	0.0546641	-0.198	0.198
  5054	0.0847542	-0.198	0.198
  5055	0.0700013	-0.198	0.198
  5056	0.087393	-0.198	0.198
  5057	0.0553097	-0.198	0.198
  5058	0.0900849	-0.198	0.198
  5059	0.0607817	-0.198	0.198
  5060	0.0654313	-0.198	0.198
  5061	0.0866611	-0.198	0.198
  5062	0.0953752	-0.198	0.198
  5063	0.0730924	-0.198	0.198
  5064	0.0541387	-0.198	0.198
  5065	0.0784014	-0.198	0.198
  5066	0.0699381	-0.198	0.198
  5067	0.0535706	-0.198	0.198
  5068	0.0418398	-0.198	0.198
  5069	0.0935407	-0.198	0.198
  5070	0.0921478	-0.198	0.198
  5071	0.0920794	-0.198	0.198
  5072	0.0946981	-0.198	0.198
  5073	0.0763602	-0.198	0.198
  5074	0.0925435	-0.198	0.198
  5075	0.0747389	-0.198	0.198
  5076	0.0979268	-0.198	0.198
  5077	0.0893997	-0.198	0.198
  5078	0.0965142	-0.198	0.198
  5079	0.0855012	-0.198	0.198
  5080	0.043131	-0.198	0.198
  5081	0.07074	-0.198	0.198
  5082	0.0669167	-0.198	0.198
  5083	0.0976336	-0.198	0.198
  5084	0.0678474	-0.198	0.198
  5085	0.0600528	-0.198	0.198
  5086	0.0966859	-0.198	0.198
  5087	0.0369702	-0.198	0.198
  5088	0.090465	-0.198	0.198
  5089	0.0931634	-0.198	0.198
  5090	0.070469	-0.198	0.198
  5091	0.0565276	-0.198	0.198
  5092	0.081025	-0.198	0.198
  5093	0.0927491	-0.198	0.198
  5094	0.0590942	-0.198	0.198
  5095	0.0734282	-0.198	0.198
  5096	0.0806321	-0.198	0.198
  5097	0.0887975	-0.198	0.198
  5098	0.0940262	-0.198	0.198
  5099	0.0843856	-0.198	0.198
  5100	0.0781184	-0.198	0.198
  5101	0.0818403	-0.198	0.198
  5102	0.0554883	-0.198	0.198
  5103	0.0982758	-0.198	0.198
  5104	0.0959205	-0.198	0.198
  5105	0.0960149	-0.198	0.198
  5106	0.0885961	-0.198	0.198
  5107	0.0525934	-0.198	0.198
  5108	0.0772927	-0.198	0.198
  5109	0.0510044	-0.198	0.198
  5110	0.0541906	-0.198	0.198
  5111	0.0527345	-0.198	0.198
  5112	0.0767196	-0.198	0.198
  5113	0.0846767	-0.198	0.198
  5114	0.0752182	-0.198	0.198
  5115	0.0852721	-0.198	0.198
  5116	0.0481045	-0.198	0.198
  5117	0.0328306	-0.198	0.198
  5118	0.0830861	-0.198	0.198
  5119	0.0743388	-0.198	0.198
  5120	0.0565607	-0.198	0.198
  5121	0.0698969	-0.198	0.198
  5122	0.0949439	-0.198	0.198
  5123	0.0884847	-0.198	0.198
  5124	0.0820982	-0.198	0.198
  5125	0.0684752	-0.198	0.198
  5126	0.079063	-0.198	0.198
  5127	0.0923515	-0.198	0.198
  5128	0.0879025	-0.198	0.198
  5129	0.0684837	-0.198	0.198
  5130	0.0652613	-0.198	0.198
  5131	0.091256	-0.198	0.198
  5132	0.0767285	-0.198	0.198
  5133	0.0773333	-0.198	0.198
  5134	0.0755398	-0.198	0.198
  5135	0.0834595	-0.198	0.198
  5136	0.0980185	-0.198	0.198
  5137	0.057455	-0.198	0.198
  5138	0.0581266	-0.198	0.198
  5139	0.0782192	-0.198	0.198
  5140	0.0808444	-0.198	0.198
  5141	0.0733337	-0.198	0.198
  5142	0.0854749	-0.198	0.198
  5143	0.0783742	-0.198	0.198
  5144	0.0759647	-0.198	0.198
  5145	0.0803431	-0.198	0.198
  5146	0.0663885	-0.198	0.198
  5147	0.0961586	-0.198	0.198
  5148	0.0563122	-0.198	0.198
  5149	0.0856756	-0.198	0.198
  5150	0.0972138	-0.198	0.198
  5151	0.0740568	-0.198	0.198
  5152	0.0599117	-0.198	0.198
  5153	0.0641414	-0.198	0.198
  5154	0.0821498	-0.198	0.198
  5155	0.0745096	-0.198	0.198
  5156	0.0926573	-0.198	0.198
  5157	0.0927144	-0.198	0.198
  5158	0.0931581	-0.198	0.198
  5159	0.0872524	-0.198	0.198
  5160	0.0929816	-0.198	0.198
  5161	0.0733691	-0.198	0.198
  5162	0.0821536	-0.198	0.198
  5163	0.0464331	-0.198	0.198
  5164	0.0711952	-0.198	0.198
  5165	0.0400527	-0.198	0.198
  5166	0.0480419	-0.198	0.198
  5167	0.0789621	-0.198	0.198
  5168	0.0912805	-0.198	0.198
  5169	0.0964992	-0.198	0.198
  5170	0.0725037	-0.198	0.198
  5171	0.0762796	-0.198	0.198
  5172	0.0851063	-0.198	0.198
  5173	0.0760745	-0.198	0.198
  5174	0.0535803	-0.198	0.198
  5175	0.0528877	-0.198	0.198
  5176	0.0903933	-0.198	0.198
  5177	0.0928997	-0.198	0.198
  5178	0.0615089	-0.198	0.198
  5179	0.0745461	-0.198	0.198
  5180	0.0977067	-0.198	0.198
  5181	0.0927273	-0.198	0.198
  5182	0.0767338	-0.198	0.198
  5183	0.0959635	-0.198	0.198
  5184	0.0804589	-0.198	0.198
  5185	0.0850524	-0.198	0.198
  5186	0.083538	-0.198	0.198
  5187	0.0681056	-0.198	0.198
  5188	0.0726948	-0.198	0.198
  5189	0.0862818	-0.198	0.198
  5190	0.0729686	-0.198	0.198
  5191	0.0904397	-0.198	0.198
  5192	0.0293819	-0.198	0.198
  5193	0.0885641	-0.198	0.198
  5194	0.0965451	-0.198	0.198
  5195	0.0540857	-0.198	0.198
  5196	0.047516	-0.198	0.198
  5197	0.0985559	-0.198	0.198
  5198	0.0858726	-0.198	0.198
  5199	0.0736621	-0.198	0.198
  5200	0.0704188	-0.198	0.198
  5201	0.0806018	-0.198	0.198
  5202	0.0842427	-0.198	0.198
  5203	0.0565233	-0.198	0.198
  5204	0.0808178	-0.198	0.198
  5205	0.0565438	-0.198	0.198
  5206	0.0565711	-0.198	0.198
  5207	0.0916792	-0.198	0.198
  5208	0.0838816	-0.198	0.198
  5209	0.0834915	-0.198	0.198
  5210	0.0879097	-0.198	0.198
  5211	0.0560779	-0.198	0.198
  5212	0.0529287	-0.198	0.198
  5213	0.097595	-0.198	0.198
  5214	0.0985085	-0.198	0.198
  5215	0.0391025	-0.198	0.198
  5216	0.0805117	-0.198	0.198
  5217	0.0548553	-0.198	0.198
  5218	0.073335	-0.198	0.198
  5219	0.0864697	-0.198	0.198
  5220	0.0436286	-0.198	0.198
  5221	0.0277179	-0.198	0.198
  5222	0.0859071	-0.198	0.198
  5223	0.0889969	-0.198	0.198
  5224	0.0904364	-0.198	0.198
  5225	0.0772145	-0.198	0.198
  5226	0.0788437	-0.198	0.198
  5227	0.0424264	-0.198	0.198
  5228	0.0957237	-0.198	0.198
  5229	0.0675548	-0.198	0.198
  5230	0.0810299	-0.198	0.198
  5231	0.0758155	-0.198	0.198
  5232	0.0975062	-0.198	0.198
  5233	0.0601199	-0.198	0.198
  5234	0.0964615	-0.198	0.198
  5235	0.0689167	-0.198	0.198
  5236	0.0481671	-0.198	0.198
  5237	0.0947166	-0.198	0.198
  5238	0.0736952	-0.198	0.198
  5239	0.0981413	-0.198	0.198
  5240	0.0823263	-0.198	0.198
  5241	0.0630538	-0.198	0.198
  5242	0.0973783	-0.198	0.198
  5243	0.0954583	-0.198	0.198
  5244	0.0969938	-0.198	0.198
  5245	0.0642011	-0.198	0.198
  5246	0.0549736	-0.198	0.198
  5247	0.0668882	-0.198	0.198
  5248	0.0563484	-0.198	0.198
  5249	0.09588	-0.198	0.198
  5250	0.0819719	-0.198	0.198
  5251	0.0773034	-0.198	0.198
  5252	0.0888996	-0.198	0.198
  5253	0.0826809	-0.198	0.198
  5254	0.0966711	-0.198	0.198
  5255	0.09343	-0.198	0.198
  5256	0.0802015	-0.198	0.198
  5257	0.0734557	-0.198	0.198
  5258	0.0809881	-0.198	0.198
  5259	0.0926369	-0.198	0.198
  5260	0.0877249	-0.198	0.198
  5261	0.0903215	-0.198	0.198
  5262	0.0802702	-0.198	0.198
  5263	0.0850577	-0.198	0.198
  5264	0.0699538	-0.198	0.198
  5265	0.0927773	-0.198	0.198
  5266	0.0695555	-0.198	0.198
  5267	0.047711	-0.198	0.198
  5268	0.0624447	-0.198	0.198
  5269	0.0648106	-0.198	0.198
  5270	0.0401663	-0.198	0.198
  5271	0.0347533	-0.198	0.198
  5272	0.0817218	-0.198	0.198
  5273	0.0633891	-0.198	0.198
  5274	0.0840518	-0.198	0.198
  5275	0.0963202	-0.198	0.198
  5276	0.0724497	-0.198	0.198
  5277	0.0409415	-0.198	0.198
  5278	0.0826906	-0.198	0.198
  5279	0.0877148	-0.198	0.198
  5280	0.0624087	-0.198	0.198
  5281	0.0966108	-0.198	0.198
  5282	0.0860842	-0.198	0.198
  5283	0.0882468	-0.198	0.198
  5284	0.0964397	-0.198	0.198
  5285	0.0430991	-0.198	0.198
  5286	0.0800423	-0.198	0.198
  5287	0.0680868	-0.198	0.198
  5288	0.0715957	-0.198	0.198
  5289	0.0405785	-0.198	0.198
  5290	0.0719742	-0.198	0.198
  5291	0.0637038	-0.198	0.198
  5292	0.0607886	-0.198	0.198
  5293	0.0835758	-0.198	0.198
  5294	0.0304896	-0.198	0.198
  5295	0.0730434	-0.198	0.198
  5296	0.0928673	-0.198	0.198
  5297	0.0523462	-0.198	0.198
  5298	0.0879609	-0.198	0.198
  5299	0.0846809	-0.198	0.198
  5300	0.0865818	-0.198	0.198
  5301	0.0765843	-0.198	0.198
  5302	0.0831661	-0.198	0.198
  5303	0.03946	-0.198	0.198
  5304	0.062911	-0.198	0.198
  5305	0.0790862	-0.198	0.198
  5306	0.0934983	-0.198	0.198
  5307	0.0814769	-0.198	0.198
  5308	0.0896478	-0.198	0.198
  5309	0.0663996	-0.198	0.198
  5310	0.071411	-0.198	0.198
  5311	0.063305	-0.198	0.198
  5312	0.0769438	-0.198	0.198
  5313	0.0867431	-0.198	0.198
  5314	0.0707022	-0.198	0.198
  5315	0.0834176	-0.198	0.198
  5316	0.0896381	-0.198	0.198
  5317	0.0855113	-0.198	0.198
  5318	0.0684418	-0.198	0.198
  5319	0.0941514	-0.198	0.198
  5320	0.0976587	-0.198	0.198
  5321	0.0957098	-0.198	0.198
  5322	0.0847536	-0.198	0.198
  5323	0.0712415	-0.198	0.198
  5324	0.0871432	-0.198	0.198
  5325	0.0757705	-0.198	0.198
  5326	0.0626646	-0.198	0.198
  5327	0.052647	-0.198	0.198
  5328	0.0640771	-0.198	0.198
  5329	0.054961	-0.198	0.198
  5330	0.0872642	-0.198	0.198
  5331	0.0745791	-0.198	0.198
  5332	0.0579397	-0.198	0.198
  5333	0.0805784	-0.198	0.198
  5334	0.0372011	-0.198	0.198
  5335	0.0763945	-0.198	0.198
  5336	0.0835596	-0.198	0.198
  5337	0.0850567	-0.198	0.198
  5338	0.0743863	-0.198	0.198
  5339	0.0855948	-0.198	0.198
  5340	0.0380508	-0.198	0.198
  5341	0.0869822	-0.198	0.198
  5342	0.0302584	-0.198	0.198
  5343	0.0746153	-0.198	0.198
  5344	0.0892907	-0.198	0.198
  5345	0.0721372	-0.198	0.198
  5346	0.076622	-0.198	0.198
  5347	0.0708451	-0.198	0.198
  5348	0.0792619	-0.198	0.198
  5349	0.0967634	-0.198	0.198
  5350	0.0736801	-0.198	0.198
  5351	0.0910561	-0.198	0.198
  5352	0.0732433	-0.198	0.198
  5353	0.0857094	-0.198	0.198
  5354	0.0614883	-0.198	0.198
  5355	0.0954727	-0.198	0.198
  5356	0.0807058	-0.198	0.198
  5357	0.0842498	-0.198	0.198
  5358	0.0731669	-0.198	0.198
  5359	0.0214796	-0.198	0.198
  5360	0.077054	-0.198	0.198
  5361	0.0842971	-0.198	0.198
  5362	0.0803452	-0.198	0.198
  5363	0.0402599	-0.198	0.198
  5364	0.0616485	-0.198	0.198
  5365	0.0829523	-0.198	0.198
  5366	0.079036	-0.198	0.198
  5367	0.0984272	-0.198	0.198
  5368	0.0681037	-0.198	0.198
  5369	0.0504467	-0.198	0.198
  5370	0.0341134	-0.198	0.198
  5371	0.0960866	-0.198	0.198
  5372	0.0509675	-0.198	0.198
  5373	0.094796	-0.198	0.198
  5374	0.086244	-0.198	0.198
  5375	0.0533074	-0.198	0.198
  5376	0.0753092	-0.198	0.198
  5377	0.0252297	-0.198	0.198
  5378	0.0931175	-0.198	0.198
  5379	0.0720291	-0.198	0.198
  5380	0.0792994	-0.198	0.198
  5381	0.0940348	-0.198	0.198
  5382	0.0187068	-0.198	0.198
  5383	0.0841967	-0.198	0.198
  5384	0.0822468	-0.198	0.198
  5385	0.0480144	-0.198	0.198
  5386	0.0753023	-0.198	0.198
  5387	0.0976675	-0.198	0.198
  5388	0.0785207	-0.198	0.198
  5389	0.0443572	-0.198	0.198
  5390	0.0521308	-0.198	0.198
  5391	0.0639413	-0.198	0.198
  5392	0.0596144	-0.198	0.198
  5393	0.0650476	-0.198	0.198
  5394	0.0831053	-0.198	0.198
  5395	0.086495	-0.198	0.198
  5396	0.0645001	-0.198	0.198
  5397	0.0533636	-0.198	0.198
  5398	0.0711543	-0.198	0.198
  5399	0.0953378	-0.198	0.198
  5400	0.0541051	-0.198	0.198
  5401	0.0589772	-0.198	0.198
  5402	0.0910717	-0.198	0.198
  5403	0.0954196	-0.198	0.198
  5404	0.0229511	-0.198	0.198
  5405	0.0741391	-0.198	0.198
  5406	0.079514	-0.198	0.198
  5407	0.0403082	-0.198	0.198
  5408	0.0952391	-0.198	0.198
  5409	0.0615207	-0.198	0.198
  5410	0.0912066	-0.198	0.198
  5411	0.0379072	-0.198	0.198
  5412	0.086993	-0.198	0.198
  5413	0.0708923	-0.198	0.198
  5414	0.0839559	-0.198	0.198
  5415	0.0633215	-0.198	0.198
  5416	0.0715906	-0.198	0.198
  5417	0.0649466	-0.198	0.198
  5418	0.0949784	-0.198	0.198
  5419	0.0611542	-0.198	0.198
  5420	0.0486667	-0.198	0.198
  5421	0.0950013	-0.198	0.198
  5422	0.0966464	-0.198	0.198
  5423	0.0936847	-0.198	0.198
  5424	0.0985566	-0.198	0.198
  5425	0.074856	-0.198	0.198
  5426	0.0177786	-0.198	0.198
  5427	0.098176	-0.198	0.198
  5428	0.0728938	-0.198	0.198
  5429	0.0552093	-0.198	0.198
  5430	0.0843113	-0.198	0.198
  5431	0.0695832	-0.198	0.198
  5432	0.0837547	-0.198	0.198
  5433	0.0958289	-0.198	0.198
  5434	0.0871141	-0.198	0.198
  5435	0.0790581	-0.198	0.198
  5436	0.0513669	-0.198	0.198
  5437	0.0904614	-0.198	0.198
  5438	0.0889089	-0.198	0.198
  5439	0.0665164	-0.198	0.198
  5440	0.064808	-0.198	0.198
  5441	0.0874436	-0.198	0.198
  5442	0.0584187	-0.198	0.198
  5443	0.0626139	-0.198	0.198
  5444	0.0714666	-0.198	0.198
  5445	0.0757167	-0.198	0.198
  5446	0.0505796	-0.198	0.198
  5447	0.0711389	-0.198	0.198
  5448	0.0822256	-0.198	0.198
  5449	0.0985036	-0.198	0.198
  5450	0.0889167	-0.198	0.198
  5451	0.0644111	-0.198	0.198
  5452	0.0906732	-0.198	0.198
  5453	0.0853773	-0.198	0.198
  5454	0.0876069	-0.198	0.198
  5455	0.0658361	-0.198	0.198
  5456	0.0777212	-0.198	0.198
  5457	0.091753	-0.198	0.198
  5458	0.088471	-0.198	0.198
  5459	0.0683289	-0.198	0.198
  5460	0.049807	-0.198	0.198
  5461	0.0927704	-0.198	0.198
  5462	0.0681022	-0.198	0.198
  5463	0.0710963	-0.198	0.198
  5464	0.0779158	-0.198	0.198
  5465	0.0879402	-0.198	0.198
  5466	0.0895023	-0.198	0.198
  5467	0.0914635	-0.198	0.198
  5468	0.0774768	-0.198	0.198
  5469	0.0868796	-0.198	0.198
  5470	0.0982824	-0.198	0.198
  5471	0.0595782	-0.198	0.198
  5472	0.0406183	-0.198	0.198
  5473	0.0738885	-0.198	0.198
  5474	0.0959407	-0.198	0.198
  5475	0.0979882	-0.198	0.198
  5476	0.0981344	-0.198	0.198
  5477	0.0749508	-0.198	0.198
  5478	0.0799763	-0.198	0.198
  5479	0.0795115	-0.198	0.198
  5480	0.08029	-0.198	0.198
  5481	0.0720928	-0.198	0.198
  5482	0.0534281	-0.198	0.198
  5483	0.061359	-0.198	0.198
  5484	0.0723606	-0.198	0.198
  5485	0.0771152	-0.198	0.198
  5486	0.0972705	-0.198	0.198
  5487	0.0878719	-0.198	0.198
  5488	0.0964137	-0.198	0.198
  5489	0.0802162	-0.198	0.198
  5490	0.0631492	-0.198	0.198
  5491	0.0742346	-0.198	0.198
  5492	0.0809173	-0.198	0.198
  5493	0.0895724	-0.198	0.198
  5494	0.0869256	-0.198	0.198
  5495	0.0681828	-0.198	0.198
  5496	0.0833842	-0.198	0.198
  5497	0.0696018	-0.198	0.198
  5498	0.0687404	-0.198	0.198
  5499	0.0450867	-0.198	0.198
  5500	0.068223	-0.198	0.198
  5501	0.0582824	-0.198	0.198
  5502	0.0982116	-0.198	0.198
  5503	0.0910404	-0.198	0.198
  5504	0.0555476	-0.198	0.198
  5505	0.0985303	-0.198	0.198
  5506	0.0906845	-0.198	0.198
  5507	0.0665641	-0.198	0.198
  5508	0.0884049	-0.198	0.198
  5509	0.0870099	-0.198	0.198
  5510	0.0669538	-0.198	0.198
  5511	0.0910663	-0.198	0.198
  5512	0.0964058	-0.198	0.198
  5513	0.0703198	-0.198	0.198
  5514	0.0535158	-0.198	0.198
  5515	0.0941684	-0.198	0.198
  5516	0.0489803	-0.198	0.198
  5517	0.0838473	-0.198	0.198
  5518	0.0821669	-0.198	0.198
  5519	0.0610454	-0.198	0.198
  5520	0.0936484	-0.198	0.198
  5521	0.0767981	-0.198	0.198
  5522	0.0832732	-0.198	0.198
  5523	0.0654431	-0.198	0.198
  5524	0.0569111	-0.198	0.198
  5525	0.0758726	-0.198	0.198
  5526	0.0798273	-0.198	0.198
  5527	0.0935807	-0.198	0.198
  5528	0.0373237	-0.198	0.198
  5529	0.0312385	-0.198	0.198
  5530	0.0950641	-0.198	0.198
  5531	0.0810302	-0.198	0.198
  5532	0.0870396	-0.198	0.198
  5533	0.0724816	-0.198	0.198
  5534	0.0880663	-0.198	0.198
  5535	0.0669296	-0.198	0.198
  5536	0.0739061	-0.198	0.198
  5537	0.0949785	-0.198	0.198
  5538	0.0638574	-0.198	0.198
  5539	0.0984337	-0.198	0.198
  5540	0.0432282	-0.198	0.198
  5541	0.0696998	-0.198	0.198
  5542	0.082724	-0.198	0.198
  5543	0.051221	-0.198	0.198
  5544	0.0518825	-0.198	0.198
  5545	0.0887517	-0.198	0.198
  5546	0.0480121	-0.198	0.198
  5547	0.0929277	-0.198	0.198
  5548	0.0661322	-0.198	0.198
  5549	0.0651332	-0.198	0.198
  5550	0.0965429	-0.198	0.198
  5551	0.0300759	-0.198	0.198
  5552	0.0789303	-0.198	0.198
  5553	0.0774955	-0.198	0.198
  5554	0.0940425	-0.198	0.198
  5555	0.0709544	-0.198	0.198
  5556	0.0721975	-0.198	0.198
  5557	0.0815861	-0.198	0.198
  5558	0.0687094	-0.198	0.198
  5559	0.0814106	-0.198	0.198
  5560	0.0902776	-0.198	0.198
  5561	0.0453404	-0.198	0.198
  5562	0.0481862	-0.198	0.198
  5563	0.0716751	-0.198	0.198
  5564	0.0979852	-0.198	0.198
  5565	0.073311	-0.198	0.198
  5566	0.0872885	-0.198	0.198
  5567	0.0779252	-0.198	0.198
  5568	0.0599427	-0.198	0.198
  5569	0.0903444	-0.198	0.198
  5570	0.0945767	-0.198	0.198
  5571	0.0608041	-0.198	0.198
  5572	0.0950099	-0.198	0.198
  5573	0.0893784	-0.198	0.198
  5574	0.0648646	-0.198	0.198
  5575	0.0720133	-0.198	0.198
  5576	0.0534174	-0.198	0.198
  5577	0.0846046	-0.198	0.198
  5578	0.0686287	-0.198	0.198
  5579	0.0844156	-0.198	0.198
  5580	0.0985416	-0.198	0.198
  5581	0.077174	-0.198	0.198
  5582	0.0760292	-0.198	0.198
  5583	0.0963945	-0.198	0.198
  5584	0.0660936	-0.198	0.198
  5585	0.0877146	-0.198	0.198
  5586	0.0856901	-0.198	0.198
  5587	0.0974998	-0.198	0.198
  5588	0.078239	-0.198	0.198
  5589	0.0985114	-0.198	0.198
  5590	0.0838789	-0.198	0.198
  5591	0.0633789	-0.198	0.198
  5592	0.0714128	-0.198	0.198
  5593	0.0774396	-0.198	0.198
  5594	0.096557	-0.198	0.198
  5595	0.0932216	-0.198	0.198
  5596	0.0714965	-0.198	0.198
  5597	0.0587691	-0.198	0.198
  5598	0.0789033	-0.198	0.198
  5599	0.0541109	-0.198	0.198
  5600	0.0953609	-0.198	0.198
  5601	0.0906747	-0.198	0.198
  5602	0.0906341	-0.198	0.198
  5603	0.077728	-0.198	0.198
  5604	0.0664151	-0.198	0.198
  5605	0.0719268	-0.198	0.198
  5606	0.0892738	-0.198	0.198
  5607	0.0976916	-0.198	0.198
  5608	0.0896315	-0.198	0.198
  5609	0.0713351	-0.198	0.198
  5610	0.0937106	-0.198	0.198
  5611	0.0922049	-0.198	0.198
  5612	0.0463988	-0.198	0.198
  5613	0.0604184	-0.198	0.198
  5614	0.0900669	-0.198	0.198
  5615	0.0355035	-0.198	0.198
  5616	0.0765098	-0.198	0.198
  5617	0.0743069	-0.198	0.198
  5618	0.0924557	-0.198	0.198
  5619	0.0185349	-0.198	0.198
  5620	0.0761803	-0.198	0.198
  5621	0.087687	-0.198	0.198
  5622	0.06034	-0.198	0.198
  5623	0.0374295	-0.198	0.198
  5624	0.0625721	-0.198	0.198
  5625	0.0344503	-0.198	0.198
  5626	0.0714101	-0.198	0.198
  5627	0.097466	-0.198	0.198
  5628	0.0965688	-0.198	0.198
  5629	0.0749518	-0.198	0.198
  5630	0.0849006	-0.198	0.198
  5631	0.0622514	-0.198	0.198
  5632	0.0390137	-0.198	0.198
  5633	0.0949651	-0.198	0.198
  5634	0.0810673	-0.198	0.198
  5635	0.0921021	-0.198	0.198
  5636	0.0727684	-0.198	0.198
  5637	0.06443	-0.198	0.198
  5638	0.0811394	-0.198	0.198
  5639	0.0943587	-0.198	0.198
  5640	0.0911724	-0.198	0.198
  5641	0.0604167	-0.198	0.198
  5642	0.0816847	-0.198	0.198
  5643	0.0835821	-0.198	0.198
  5644	0.0913313	-0.198	0.198
  5645	0.0695965	-0.198	0.198
  5646	0.0877996	-0.198	0.198
  5647	0.0933703	-0.198	0.198
  5648	0.0873497	-0.198	0.198
  5649	0.0817082	-0.198	0.198
  5650	0.0804522	-0.198	0.198
  5651	0.0974871	-0.198	0.198
  5652	0.0882647	-0.198	0.198
  5653	0.0808474	-0.198	0.198
  5654	0.0836699	-0.198	0.198
  5655	0.0850118	-0.198	0.198
  5656	0.0534399	-0.198	0.198
  5657	0.0927439	-0.198	0.198
  5658	0.0351812	-0.198	0.198
  5659	0.0719057	-0.198	0.198
  5660	0.0513053	-0.198	0.198
  5661	0.0831553	-0.198	0.198
  5662	0.0670388	-0.198	0.198
  5663	0.0830675	-0.198	0.198
  5664	0.0771664	-0.198	0.198
  5665	0.0493059	-0.198	0.198
  5666	0.0584173	-0.198	0.198
  5667	0.0417671	-0.198	0.198
  5668	0.057675	-0.198	0.198
  5669	0.0433737	-0.198	0.198
  5670	0.0944614	-0.198	0.198
  5671	0.0722776	-0.198	0.198
  5672	0.0831971	-0.198	0.198
  5673	0.0367733	-0.198	0.198
  5674	0.0942722	-0.198	0.198
  5675	0.0977981	-0.198	0.198
  5676	0.0438176	-0.198	0.198
  5677	0.069859	-0.198	0.198
  5678	0.0784547	-0.198	0.198
  5679	0.0847731	-0.198	0.198
  5680	0.0987855	-0.198	0.198
  5681	0.0829701	-0.198	0.198
  5682	0.0789723	-0.198	0.198
  5683	0.0652121	-0.198	0.198
  5684	0.0981595	-0.198	0.198
  5685	0.0721947	-0.198	0.198
  5686	0.0703273	-0.198	0.198
  5687	0.0638882	-0.198	0.198
  5688	0.0462822	-0.198	0.198
  5689	0.0553291	-0.198	0.198
  5690	0.0899566	-0.198	0.198
  5691	0.0572858	-0.198	0.198
  5692	0.0773489	-0.198	0.198
  5693	0.0428902	-0.198	0.198
  5694	0.0941776	-0.198	0.198
  5695	0.0980424	-0.198	0.198
  5696	0.0950606	-0.198	0.198
  5697	0.0968093	-0.198	0.198
  5698	0.0866232	-0.198	0.198
  5699	0.0709565	-0.198	0.198
  5700	0.0894926	-0.198	0.198
  5701	0.0846303	-0.198	0.198
  5702	0.0625814	-0.198	0.198
  5703	0.0313182	-0.198	0.198
  5704	0.0972446	-0.198	0.198
  5705	0.0825604	-0.198	0.198
  5706	0.0381802	-0.198	0.198
  5707	0.0892564	-0.198	0.198
  5708	0.0507748	-0.198	0.198
  5709	0.0955627	-0.198	0.198
  5710	0.0881681	-0.198	0.198
  5711	0.0973592	-0.198	0.198
  5712	0.0447769	-0.198	0.198
  5713	0.0778659	-0.198	0.198
  5714	0.0667758	-0.198	0.198
  5715	0.0937152	-0.198	0.198
  5716	0.0915873	-0.198	0.198
  5717	0.0560249	-0.198	0.198
  5718	0.0777179	-0.198	0.198
  5719	0.0915031	-0.198	0.198
  5720	0.0524934	-0.198	0.198
  5721	0.0413699	-0.198	0.198
  5722	0.0960737	-0.198	0.198
  5723	0.0922341	-0.198	0.198
  5724	0.0961297	-0.198	0.198
  5725	0.063427	-0.198	0.198
  5726	0.0907167	-0.198	0.198
  5727	0.0747736	-0.198	0.198
  5728	0.086287	-0.198	0.198
  5729	0.0538679	-0.198	0.198
  5730	0.0752073	-0.198	0.198
  5731	0.0682571	-0.198	0.198
  5732	0.0327071	-0.198	0.198
  5733	0.0474297	-0.198	0.198
  5734	0.092511	-0.198	0.198
  5735	0.079346	-0.198	0.198
  5736	0.0928184	-0.198	0.198
  5737	0.077428	-0.198	0.198
  5738	0.0897709	-0.198	0.198
  5739	0.0782886	-0.198	0.198
  5740	0.0951336	-0.198	0.198
  5741	0.0905243	-0.198	0.198
  5742	0.0782551	-0.198	0.198
  5743	0.0677138	-0.198	0.198
  5744	0.0735666	-0.198	0.198
  5745	0.0667098	-0.198	0.198
  5746	0.0936872	-0.198	0.198
  5747	0.0705848	-0.198	0.198
  5748	0.070152	-0.198	0.198
  5749	0.0570311	-0.198	0.198
  5750	0.0929675	-0.198	0.198
  5751	0.043789	-0.198	0.198
  5752	0.0424327	-0.198	0.198
  5753	0.0703964	-0.198	0.198
  5754	0.0615189	-0.198	0.198
  5755	0.0945801	-0.198	0.198
  5756	0.0955127	-0.198	0.198
  5757	0.0839	-0.198	0.198
  5758	0.089709	-0.198	0.198
  5759	0.0897331	-0.198	0.198
  5760	0.0684989	-0.198	0.198
  5761	0.0542481	-0.198	0.198
  5762	0.0533844	-0.198	0.198
  5763	0.0723942	-0.198	0.198
  5764	0.086385	-0.198	0.198
  5765	0.0384739	-0.198	0.198
  5766	0.0498785	-0.198	0.198
  5767	0.0962878	-0.198	0.198
  5768	0.0682891	-0.198	0.198
  5769	0.0870666	-0.198	0.198
  5770	0.0519869	-0.198	0.198
  5771	0.0910208	-0.198	0.198
  5772	0.0845255	-0.198	0.198
  5773	0.0895948	-0.198	0.198
  5774	0.0737502	-0.198	0.198
  5775	0.0959717	-0.198	0.198
  5776	0.0675858	-0.198	0.198
  5777	0.0582717	-0.198	0.198
  5778	0.0827952	-0.198	0.198
  5779	0.0984429	-0.198	0.198
  5780	0.0488936	-0.198	0.198
  5781	0.0751278	-0.198	0.198
  5782	0.0546824	-0.198	0.198
  5783	0.0762492	-0.198	0.198
  5784	0.0483168	-0.198	0.198
  5785	0.0594877	-0.198	0.198
  5786	0.0818797	-0.198	0.198
  5787	0.0679001	-0.198	0.198
  5788	0.0501667	-0.198	0.198
  5789	0.0938546	-0.198	0.198
  5790	0.0351649	-0.198	0.198
  5791	0.0879106	-0.198	0.198
  5792	0.0624359	-0.198	0.198
  5793	0.0913033	-0.198	0.198
  5794	0.0866308	-0.198	0.198
  5795	0.0721138	-0.198	0.198
  5796	0.0838999	-0.198	0.198
  5797	0.0657457	-0.198	0.198
  5798	0.0835808	-0.198	0.198
  5799	0.0734429	-0.198	0.198
  5800	0.0724373	-0.198	0.198
  5801	0.070945	-0.198	0.198
  5802	0.096755	-0.198	0.198
  5803	0.0806144	-0.198	0.198
  5804	0.0873603	-0.198	0.198
  5805	0.086922	-0.198	0.198
  5806	0.0684956	-0.198	0.198
  5807	0.0892603	-0.198	0.198
  5808	0.0887935	-0.198	0.198
  5809	0.0147528	-0.198	0.198
  5810	0.0650695	-0.198	0.198
  5811	0.0486562	-0.198	0.198
  5812	0.0722225	-0.198	0.198
  5813	0.0932971	-0.198	0.198
  5814	0.0982894	-0.198	0.198
  5815	0.0705972	-0.198	0.198
  5816	0.0852851	-0.198	0.198
  5817	0.0741475	-0.198	0.198
  5818	0.0262177	-0.198	0.198
  5819	0.0528965	-0.198	0.198
  5820	0.0642533	-0.198	0.198
  5821	0.094447	-0.198	0.198
  5822	0.0957535	-0.198	0.198
  5823	0.0429034	-0.198	0.198
  5824	0.0978189	-0.198	0.198
  5825	0.0785147	-0.198	0.198
  5826	0.0809194	-0.198	0.198
  5827	0.0720917	-0.198	0.198
  5828	0.0851242	-0.198	0.198
  5829	0.0225787	-0.198	0.198
  5830	0.093454	-0.198	0.198
  5831	0.0915584	-0.198	0.198
  5832	0.0924688	-0.198	0.198
  5833	0.079051	-0.198	0.198
  5834	0.0937171	-0.198	0.198
  5835	0.0419973	-0.198	0.198
  5836	0.0738857	-0.198	0.198
  5837	0.0589881	-0.198	0.198
  5838	0.0903989	-0.198	0.198
  5839	0.0844948	-0.198	0.198
  5840	0.0433338	-0.198	0.198
  5841	0.0352349	-0.198	0.198
  5842	0.0946785	-0.198	0.198
  5843	0.0823365	-0.198	0.198
  5844	0.0816695	-0.198	0.198
  5845	0.081056	-0.198	0.198
  5846	0.0977538	-0.198	0.198
  5847	0.056755	-0.198	0.198
  5848	0.0554753	-0.198	0.198
  5849	0.0836162	-0.198	0.198
  5850	0.0761197	-0.198	0.198
  5851	0.0724649	-0.198	0.198
  5852	0.0889804	-0.198	0.198
  5853	0.0799332	-0.198	0.198
  5854	0.0971131	-0.198	0.198
  5855	0.0663096	-0.198	0.198
  5856	0.0600581	-0.198	0.198
  5857	0.0745304	-0.198	0.198
  5858	0.0712509	-0.198	0.198
  5859	0.0964283	-0.198	0.198
  5860	0.0911219	-0.198	0.198
  5861	0.0565872	-0.198	0.198
  5862	0.0924608	-0.198	0.198
  5863	0.089115	-0.198	0.198
  5864	0.0794793	-0.198	0.198
  5865	0.0683218	-0.198	0.198
  5866	0.0382789	-0.198	0.198
  5867	0.0794441	-0.198	0.198
  5868	0.0916154	-0.198	0.198
  5869	0.0597695	-0.198	0.198
  5870	0.0924257	-0.198	0.198
  5871	0.0490485	-0.198	0.198
  5872	0.0788937	-0.198	0.198
  5873	0.0762614	-0.198	0.198
  5874	0.0779768	-0.198	0.198
  5875	0.0881093	-0.198	0.198
  5876	0.0933388	-0.198	0.198
  5877	0.0888751	-0.198	0.198
  5878	0.084214	-0.198	0.198
  5879	0.0867649	-0.198	0.198
  5880	0.0946732	-0.198	0.198
  5881	0.0362076	-0.198	0.198
  5882	0.0872759	-0.198	0.198
  5883	0.0899458	-0.198	0.198
  5884	0.0910126	-0.198	0.198
  5885	0.0948557	-0.198	0.198
  5886	0.070066	-0.198	0.198
  5887	0.0893818	-0.198	0.198
  5888	0.0844906	-0.198	0.198
  5889	0.0838816	-0.198	0.198
  5890	0.0833229	-0.198	0.198
  5891	0.0400109	-0.198	0.198
  5892	0.0704417	-0.198	0.198
  5893	0.0953076	-0.198	0.198
  5894	0.0848682	-0.198	0.198
  5895	0.0812657	-0.198	0.198
  5896	0.0781013	-0.198	0.198
  5897	0.098751	-0.198	0.198
  5898	0.0956876	-0.198	0.198
  5899	0.0610714	-0.198	0.198
  5900	0.076343	-0.198	0.198
  5901	0.0985663	-0.198	0.198
  5902	0.0713721	-0.198	0.198
  5903	0.0964045	-0.198	0.198
  5904	0.0962533	-0.198	0.198
  5905	0.0589256	-0.198	0.198
  5906	0.0956881	-0.198	0.198
  5907	0.0819354	-0.198	0.198
  5908	0.0330036	-0.198	0.198
  5909	0.0724216	-0.198	0.198
  5910	0.0784346	-0.198	0.198
  5911	0.0712499	-0.198	0.198
  5912	0.0712844	-0.198	0.198
  5913	0.0966996	-0.198	0.198
  5914	0.0214548	-0.198	0.198
  5915	0.0925989	-0.198	0.198
  5916	0.080903	-0.198	0.198
  5917	0.0746527	-0.198	0.198
  5918	0.0678317	-0.198	0.198
  5919	0.0755839	-0.198	0.198
  5920	0.0428769	-0.198	0.198
  5921	0.0857502	-0.198	0.198
  5922	0.0193126	-0.198	0.198
  5923	0.0556184	-0.198	0.198
  5924	0.0625268	-0.198	0.198
  5925	0.0917712	-0.198	0.198
  5926	0.0940187	-0.198	0.198
  5927	0.0550851	-0.198	0.198
  5928	0.0478523	-0.198	0.198
  5929	0.0738395	-0.198	0.198
  5930	0.0595457	-0.198	0.198
  5931	0.0965205	-0.198	0.198
  5932	0.0870534	-0.198	0.198
  5933	0.0833553	-0.198	0.198
  5934	0.0670096	-0.198	0.198
  5935	0.0756506	-0.198	0.198
  5936	0.0765768	-0.198	0.198
  5937	0.0793769	-0.198	0.198
  5938	0.062592	-0.198	0.198
  5939	0.0984082	-0.198	0.198
  5940	0.0499738	-0.198	0.198
  5941	0.074082	-0.198	0.198
  5942	0.0936649	-0.198	0.198
  5943	0.0437698	-0.198	0.198
  5944	0.0778601	-0.198	0.198
  5945	0.0973396	-0.198	0.198
  5946	0.083196	-0.198	0.198
  5947	0.0946595	-0.198	0.198
  5948	0.0536326	-0.198	0.198
  5949	0.0911856	-0.198	0.198
  5950	0.0914067	-0.198	0.198
  5951	0.0963233	-0.198	0.198
  5952	0.0784727	-0.198	0.198
  5953	0.0362085	-0.198	0.198
  5954	0.0434081	-0.198	0.198
  5955	0.0982392	-0.198	0.198
  5956	0.0623252	-0.198	0.198
  5957	0.0611374	-0.198	0.198
  5958	0.0951738	-0.198	0.198
  5959	0.0873296	-0.198	0.198
  5960	0.0765572	-0.198	0.198
  5961	0.0789094	-0.198	0.198
  5962	0.0929572	-0.198	0.198
  5963	0.0463967	-0.198	0.198
  5964	0.0312982	-0.198	0.198
  5965	0.0664539	-0.198	0.198
  5966	0.0202177	-0.198	0.198
  5967	0.0851497	-0.198	0.198
  5968	0.0946773	-0.198	0.198
  5969	0.0299795	-0.198	0.198
  5970	0.0528475	-0.198	0.198
  5971	0.0759561	-0.198	0.198
  5972	0.0372567	-0.198	0.198
  5973	0.0968678	-0.198	0.198
  5974	0.0807675	-0.198	0.198
  5975	0.0489225	-0.198	0.198
  5976	0.0742113	-0.198	0.198
  5977	0.0940038	-0.198	0.198
  5978	0.0890831	-0.198	0.198
  5979	0.0761739	-0.198	0.198
  5980	0.0699957	-0.198	0.198
  5981	0.0958589	-0.198	0.198
  5982	0.0469378	-0.198	0.198
  5983	0.0793957	-0.198	0.198
  5984	0.0934787	-0.198	0.198
  5985	0.0804466	-0.198	0.198
  5986	0.0654949	-0.198	0.198
  5987	0.0634667	-0.198	0.198
  5988	0.0358125	-0.198	0.198
  5989	0.0424019	-0.198	0.198
  5990	0.0962991	-0.198	0.198
  5991	0.0645324	-0.198	0.198
  5992	0.0493225	-0.198	0.198
  5993	0.0714361	-0.198	0.198
  5994	0.0848199	-0.198	0.198
  5995	0.0905276	-0.198	0.198
  5996	0.0855153	-0.198	0.198
  5997	0.04127	-0.198	0.198
  5998	0.0530898	-0.198	0.198
  5999	0.0707444	-0.198	0.198
  6000	0.0753115	-0.198	0.198
  6001	0.077134	-0.198	0.198
  6002	0.0465525	-0.198	0.198
  6003	0.0485326	-0.198	0.198
  6004	0.0738604	-0.198	0.198
  6005	0.0845542	-0.198	0.198
  6006	0.0833526	-0.198	0.198
  6007	0.0714693	-0.198	0.198
  6008	0.0612348	-0.198	0.198
  6009	0.0435401	-0.198	0.198
  6010	0.0928994	-0.198	0.198
  6011	0.0812607	-0.198	0.198
  6012	0.0818523	-0.198	0.198
  6013	0.0792686	-0.198	0.198
  6014	0.0807278	-0.198	0.198
  6015	0.0951863	-0.198	0.198
  6016	0.0804973	-0.198	0.198
  6017	0.0947388	-0.198	0.198
  6018	0.0811803	-0.198	0.198
  6019	0.0900259	-0.198	0.198
  6020	0.0807935	-0.198	0.198
  6021	0.073299	-0.198	0.198
  6022	0.0885459	-0.198	0.198
  6023	0.0668616	-0.198	0.198
  6024	0.0768412	-0.198	0.198
  6025	0.092996	-0.198	0.198
  6026	0.096269	-0.198	0.198
  6027	0.0955923	-0.198	0.198
  6028	0.0374447	-0.198	0.198
  6029	0.065531	-0.198	0.198
  6030	0.0959582	-0.198	0.198
  6031	0.059906	-0.198	0.198
  6032	0.0895313	-0.198	0.198
  6033	0.0947493	-0.198	0.198
  6034	0.0965241	-0.198	0.198
  6035	0.0927663	-0.198	0.198
  6036	0.0888536	-0.198	0.198
  6037	0.0966404	-0.198	0.198
  6038	0.070804	-0.198	0.198
  6039	0.0848296	-0.198	0.198
  6040	0.0710848	-0.198	0.198
  6041	0.0567717	-0.198	0.198
  6042	0.0726577	-0.198	0.198
  6043	0.0908698	-0.198	0.198
  6044	0.0643191	-0.198	0.198
  6045	0.0909008	-0.198	0.198
  6046	0.0396066	-0.198	0.198
  6047	0.0979047	-0.198	0.198
  6048	0.0466091	-0.198	0.198
  6049	0.0942742	-0.198	0.198
  6050	0.0466327	-0.198	0.198
  6051	0.0820335	-0.198	0.198
  6052	0.0872039	-0.198	0.198
  6053	0.076591	-0.198	0.198
  6054	0.0860531	-0.198	0.198
  6055	0.0982806	-0.198	0.198
  6056	0.0849338	-0.198	0.198
  6057	0.0693896	-0.198	0.198
  6058	0.0936975	-0.198	0.198
  6059	0.0881612	-0.198	0.198
  6060	0.0934586	-0.198	0.198
  6061	0.0518215	-0.198	0.198
  6062	0.0710281	-0.198	0.198
  6063	0.0719916	-0.198	0.198
  6064	0.0678607	-0.198	0.198
  6065	0.0851361	-0.198	0.198
  6066	0.0902861	-0.198	0.198
  6067	0.0786271	-0.198	0.198
  6068	0.0674413	-0.198	0.198
  6069	0.0642028	-0.198	0.198
  6070	0.069439	-0.198	0.198
  6071	0.0843899	-0.198	0.198
  6072	0.0971651	-0.198	0.198
  6073	0.0553828	-0.198	0.198
  6074	0.0952173	-0.198	0.198
  6075	0.0670361	-0.198	0.198
  6076	0.0833477	-0.198	0.198
  6077	0.0783975	-0.198	0.198
  6078	0.0683486	-0.198	0.198
  6079	0.0764425	-0.198	0.198
  6080	0.084819	-0.198	0.198
  6081	0.0798587	-0.198	0.198
  6082	0.0919323	-0.198	0.198
  6083	0.0787782	-0.198	0.198
  6084	0.029255	-0.198	0.198
  6085	0.096699	-0.198	0.198
  6086	0.0643478	-0.198	0.198
  6087	0.0880109	-0.198	0.198
  6088	0.0896682	-0.198	0.198
  6089	0.0766934	-0.198	0.198
  6090	0.0841615	-0.198	0.198
  6091	0.0680993	-0.198	0.198
  6092	0.0948994	-0.198	0.198
  6093	0.0673634	-0.198	0.198
  6094	0.0684786	-0.198	0.198
  6095	0.0732014	-0.198	0.198
  6096	0.0588956	-0.198	0.198
  6097	0.0637849	-0.198	0.198
  6098	0.0958354	-0.198	0.198
  6099	0.0373143	-0.198	0.198
  6100	0.0968621	-0.198	0.198
  6101	0.0894205	-0.198	0.198
  6102	0.0852769	-0.198	0.198
  6103	0.0643583	-0.198	0.198
  6104	0.0586195	-0.198	0.198
  6105	0.0874874	-0.198	0.198
  6106	0.0687723	-0.198	0.198
  6107	0.0764535	-0.198	0.198
  6108	0.0767351	-0.198	0.198
  6109	0.0730577	-0.198	0.198
  6110	0.0650779	-0.198	0.198
  6111	0.0974908	-0.198	0.198
  6112	0.0227735	-0.198	0.198
  6113	0.0858773	-0.198	0.198
  6114	0.0509253	-0.198	0.198
  6115	0.0932953	-0.198	0.198
  6116	0.0731715	-0.198	0.198
  6117	0.0550449	-0.198	0.198
  6118	0.0852453	-0.198	0.198
  6119	0.095882	-0.198	0.198
  6120	0.0780592	-0.198	0.198
  6121	0.0411059	-0.198	0.198
  6122	0.0983071	-0.198	0.198
  6123	0.0870614	-0.198	0.198
  6124	0.0669773	-0.198	0.198
  6125	0.0720928	-0.198	0.198
  6126	0.0758596	-0.198	0.198
  6127	0.0766921	-0.198	0.198
  6128	0.0977462	-0.198	0.198
  6129	0.0520443	-0.198	0.198
  6130	0.0464367	-0.198	0.198
  6131	0.0792296	-0.198	0.198
  6132	0.0929199	-0.198	0.198
  6133	0.0434789	-0.198	0.198
  6134	0.0791407	-0.198	0.198
  6135	0.0739582	-0.198	0.198
  6136	0.0960778	-0.198	0.198
  6137	0.0895703	-0.198	0.198
  6138	0.0469502	-0.198	0.198
  6139	0.0595092	-0.198	0.198
  6140	0.0774834	-0.198	0.198
  6141	0.0939287	-0.198	0.198
  6142	0.079773	-0.198	0.198
  6143	0.0951107	-0.198	0.198
  6144	0.0705951	-0.198	0.198
  6145	0.0968306	-0.198	0.198
  6146	0.059593	-0.198	0.198
  6147	0.0695156	-0.198	0.198
  6148	0.0886672	-0.198	0.198
  6149	0.0851098	-0.198	0.198
  6150	0.0745769	-0.198	0.198
  6151	0.0983787	-0.198	0.198
  6152	0.0785494	-0.198	0.198
  6153	0.063338	-0.198	0.198
  6154	0.0973125	-0.198	0.198
  6155	0.0756571	-0.198	0.198
  6156	0.0774431	-0.198	0.198
  6157	0.0915273	-0.198	0.198
  6158	0.0394659	-0.198	0.198
  6159	0.0217919	-0.198	0.198
  6160	0.0975847	-0.198	0.198
  6161	0.095032	-0.198	0.198
  6162	0.0884258	-0.198	0.198
  6163	0.0760505	-0.198	0.198
  6164	0.0494319	-0.198	0.198
  6165	0.0795029	-0.198	0.198
  6166	0.0538853	-0.198	0.198
  6167	0.0857564	-0.198	0.198
  6168	0.0975623	-0.198	0.198
  6169	0.0640634	-0.198	0.198
  6170	0.0610423	-0.198	0.198
  6171	0.048339	-0.198	0.198
  6172	0.0732079	-0.198	0.198
  6173	0.0441039	-0.198	0.198
  6174	0.0987792	-0.198	0.198
  6175	0.0570359	-0.198	0.198
  6176	0.0813662	-0.198	0.198
  6177	0.0850346	-0.198	0.198
  6178	0.0968482	-0.198	0.198
  6179	0.0548716	-0.198	0.198
  6180	0.0625875	-0.198	0.198
  6181	0.0953764	-0.198	0.198
  6182	0.0699509	-0.198	0.198
  6183	0.0796223	-0.198	0.198
  6184	0.0878707	-0.198	0.198
  6185	0.0869372	-0.198	0.198
  6186	0.0869231	-0.198	0.198
  6187	0.075476	-0.198	0.198
  6188	0.0721271	-0.198	0.198
  6189	0.0656815	-0.198	0.198
  6190	0.0953835	-0.198	0.198
  6191	0.0494148	-0.198	0.198
  6192	0.0828086	-0.198	0.198
  6193	0.0921514	-0.198	0.198
  6194	0.058465	-0.198	0.198
  6195	0.0924592	-0.198	0.198
  6196	0.0848387	-0.198	0.198
  6197	0.0691936	-0.198	0.198
  6198	0.0587679	-0.198	0.198
  6199	0.0727567	-0.198	0.198
  6200	0.0954454	-0.198	0.198
  6201	0.090784	-0.198	0.198
  6202	0.0692193	-0.198	0.198
  6203	0.0891759	-0.198	0.198
  6204	0.0863712	-0.198	0.198
  6205	0.0799958	-0.198	0.198
  6206	0.0544798	-0.198	0.198
  6207	0.0578523	-0.198	0.198
  6208	0.0365614	-0.198	0.198
  6209	0.0948051	-0.198	0.198
  6210	0.0962102	-0.198	0.198
  6211	0.0890326	-0.198	0.198
  6212	0.0643299	-0.198	0.198
  6213	0.0764404	-0.198	0.198
  6214	0.0944567	-0.198	0.198
  6215	0.0809795	-0.198	0.198
  6216	0.0854831	-0.198	0.198
  6217	0.0783126	-0.198	0.198
  6218	0.0656934	-0.198	0.198
  6219	0.0865528	-0.198	0.198
  6220	0.0840605	-0.198	0.198
  6221	0.058281	-0.198	0.198
  6222	0.0732978	-0.198	0.198
  6223	0.0719568	-0.198	0.198
  6224	0.0941791	-0.198	0.198
  6225	0.0930176	-0.198	0.198
  6226	0.0883145	-0.198	0.198
  6227	0.080825	-0.198	0.198
  6228	0.0914897	-0.198	0.198
  6229	0.0601243	-0.198	0.198
  6230	0.0275299	-0.198	0.198
  6231	0.0967856	-0.198	0.198
  6232	0.0865701	-0.198	0.198
  6233	0.0383639	-0.198	0.198
  6234	0.0911031	-0.198	0.198
  6235	0.0657148	-0.198	0.198
  6236	0.0523672	-0.198	0.198
  6237	0.0846934	-0.198	0.198
  6238	0.082242	-0.198	0.198
  6239	0.092246	-0.198	0.198
  6240	0.067574	-0.198	0.198
  6241	0.098307	-0.198	0.198
  6242	0.065987	-0.198	0.198
  6243	0.0253421	-0.198	0.198
  6244	0.0466522	-0.198	0.198
  6245	0.0857106	-0.198	0.198
  6246	0.0609631	-0.198	0.198
  6247	0.056518	-0.198	0.198
  6248	0.0752228	-0.198	0.198
  6249	0.056097	-0.198	0.198
  6250	0.0267989	-0.198	0.198
  6251	0.0361045	-0.198	0.198
  6252	0.0891163	-0.198	0.198
  6253	0.039718	-0.198	0.198
  6254	0.0689405	-0.198	0.198
  6255	0.0584545	-0.198	0.198
  6256	0.0938856	-0.198	0.198
  6257	0.0865461	-0.198	0.198
  6258	0.0678573	-0.198	0.198
  6259	0.0763022	-0.198	0.198
  6260	0.0874654	-0.198	0.198
  6261	0.0949662	-0.198	0.198
  6262	0.0745126	-0.198	0.198
  6263	0.0965044	-0.198	0.198
  6264	0.0969639	-0.198	0.198
  6265	0.0720116	-0.198	0.198
  6266	0.0874999	-0.198	0.198
  6267	0.0711036	-0.198	0.198
  6268	0.0671226	-0.198	0.198
  6269	0.0779758	-0.198	0.198
  6270	0.0847846	-0.198	0.198
  6271	0.0502603	-0.198	0.198
  6272	0.0972364	-0.198	0.198
  6273	0.0813695	-0.198	0.198
  6274	0.0976008	-0.198	0.198
  6275	0.090858	-0.198	0.198
  6276	0.0601407	-0.198	0.198
  6277	0.0981307	-0.198	0.198
  6278	0.0977669	-0.198	0.198
  6279	0.0876651	-0.198	0.198
  6280	0.0745385	-0.198	0.198
  6281	0.067432	-0.198	0.198
  6282	0.0748197	-0.198	0.198
  6283	0.0830425	-0.198	0.198
  6284	0.0617302	-0.198	0.198
  6285	0.074839	-0.198	0.198
  6286	0.0535304	-0.198	0.198
  6287	0.0897942	-0.198	0.198
  6288	0.0947824	-0.198	0.198
  6289	0.0900913	-0.198	0.198
  6290	0.0675254	-0.198	0.198
  6291	0.070353	-0.198	0.198
  6292	0.0942137	-0.198	0.198
  6293	0.0911878	-0.198	0.198
  6294	0.061616	-0.198	0.198
  6295	0.0601626	-0.198	0.198
  6296	0.0899238	-0.198	0.198
  6297	0.0931159	-0.198	0.198
  6298	0.0657047	-0.198	0.198
  6299	0.0820815	-0.198	0.198
  6300	0.0959908	-0.198	0.198
  6301	0.0692266	-0.198	0.198
  6302	0.0714027	-0.198	0.198
  6303	0.0588522	-0.198	0.198
  6304	0.0392241	-0.198	0.198
  6305	0.0669219	-0.198	0.198
  6306	0.0905303	-0.198	0.198
  6307	0.0771427	-0.198	0.198
  6308	0.0541641	-0.198	0.198
  6309	0.082574	-0.198	0.198
  6310	0.090882	-0.198	0.198
  6311	0.0899023	-0.198	0.198
  6312	0.0773833	-0.198	0.198
  6313	0.0964872	-0.198	0.198
  6314	0.0953337	-0.198	0.198
  6315	0.0677434	-0.198	0.198
  6316	0.0823299	-0.198	0.198
  6317	0.0784206	-0.198	0.198
  6318	0.0724004	-0.198	0.198
  6319	0.088815	-0.198	0.198
  6320	0.0928678	-0.198	0.198
  6321	0.0529896	-0.198	0.198
  6322	0.0928228	-0.198	0.198
  6323	0.02139	-0.198	0.198
  6324	0.0851513	-0.198	0.198
  6325	0.0956133	-0.198	0.198
  6326	0.0680707	-0.198	0.198
  6327	0.0741039	-0.198	0.198
  6328	0.0674645	-0.198	0.198
  6329	0.0591255	-0.198	0.198
  6330	0.0674256	-0.198	0.198
  6331	0.0951121	-0.198	0.198
  6332	0.0530625	-0.198	0.198
  6333	0.0622789	-0.198	0.198
  6334	0.0918152	-0.198	0.198
  6335	0.0862809	-0.198	0.198
  6336	0.0793522	-0.198	0.198
  6337	0.078362	-0.198	0.198
  6338	0.0731047	-0.198	0.198
  6339	0.0615671	-0.198	0.198
  6340	0.0940394	-0.198	0.198
  6341	0.0247867	-0.198	0.198
  6342	0.0653959	-0.198	0.198
  6343	0.0696973	-0.198	0.198
  6344	0.0671242	-0.198	0.198
  6345	0.0673383	-0.198	0.198
  6346	0.0783515	-0.198	0.198
  6347	0.0406616	-0.198	0.198
  6348	0.0834872	-0.198	0.198
  6349	0.0316192	-0.198	0.198
  6350	0.046453	-0.198	0.198
  6351	0.0688877	-0.198	0.198
  6352	0.0308695	-0.198	0.198
  6353	0.0811112	-0.198	0.198
  6354	0.0773792	-0.198	0.198
  6355	0.0961914	-0.198	0.198
  6356	0.0745433	-0.198	0.198
  6357	0.0728719	-0.198	0.198
  6358	0.0552593	-0.198	0.198
  6359	0.0823644	-0.198	0.198
  6360	0.0706753	-0.198	0.198
  6361	0.0937022	-0.198	0.198
  6362	0.0676101	-0.198	0.198
  6363	0.0423407	-0.198	0.198
  6364	0.072294	-0.198	0.198
  6365	0.0486978	-0.198	0.198
  6366	0.0816006	-0.198	0.198
  6367	0.095992	-0.198	0.198
  6368	0.0640095	-0.198	0.198
  6369	0.0911068	-0.198	0.198
  6370	0.0863398	-0.198	0.198
  6371	0.0842681	-0.198	0.198
  6372	0.0938884	-0.198	0.198
  6373	0.0539538	-0.198	0.198
  6374	0.0837636	-0.198	0.198
  6375	0.0636052	-0.198	0.198
  6376	0.0653203	-0.198	0.198
  6377	0.0979094	-0.198	0.198
  6378	0.0841306	-0.198	0.198
  6379	0.091013	-0.198	0.198
  6380	0.0437694	-0.198	0.198
  6381	0.0933408	-0.198	0.198
  6382	0.0308721	-0.198	0.198
  6383	0.096373	-0.198	0.198
  6384	0.0906117	-0.198	0.198
  6385	0.0707002	-0.198	0.198
  6386	0.0830627	-0.198	0.198
  6387	0.0862723	-0.198	0.198
  6388	0.0868031	-0.198	0.198
  6389	0.0928683	-0.198	0.198
  6390	0.0972604	-0.198	0.198
  6391	0.0796821	-0.198	0.198
  6392	0.0598908	-0.198	0.198
  6393	0.0405395	-0.198	0.198
  6394	0.0921524	-0.198	0.198
  6395	0.0376991	-0.198	0.198
  6396	0.0547606	-0.198	0.198
  6397	0.0965826	-0.198	0.198
  6398	0.0714334	-0.198	0.198
  6399	0.0429685	-0.198	0.198
  6400	0.0694486	-0.198	0.198
  6401	0.0622361	-0.198	0.198
  6402	0.0789856	-0.198	0.198
  6403	0.0956435	-0.198	0.198
  6404	0.0851785	-0.198	0.198
  6405	0.0736993	-0.198	0.198
  6406	0.0919326	-0.198	0.198
  6407	0.094508	-0.198	0.198
  6408	0.0798325	-0.198	0.198
  6409	0.064555	-0.198	0.198
  6410	0.0797354	-0.198	0.198
  6411	0.0698153	-0.198	0.198
  6412	0.0914703	-0.198	0.198
  6413	0.0664788	-0.198	0.198
  6414	0.0728749	-0.198	0.198
  6415	0.0862241	-0.198	0.198
  6416	0.0665158	-0.198	0.198
  6417	0.0874735	-0.198	0.198
  6418	0.0590939	-0.198	0.198
  6419	0.0895686	-0.198	0.198
  6420	0.0790809	-0.198	0.198
  6421	0.0799208	-0.198	0.198
  6422	0.097029	-0.198	0.198
  6423	0.0971923	-0.198	0.198
  6424	0.085105	-0.198	0.198
  6425	0.0873096	-0.198	0.198
  6426	0.0488695	-0.198	0.198
  6427	0.0740871	-0.198	0.198
  6428	0.0885516	-0.198	0.198
  6429	0.0428264	-0.198	0.198
  6430	0.0340944	-0.198	0.198
  6431	0.09042	-0.198	0.198
  6432	0.085388	-0.198	0.198
  6433	0.0813086	-0.198	0.198
  6434	0.0718627	-0.198	0.198
  6435	0.0562522	-0.198	0.198
  6436	0.0875606	-0.198	0.198
  6437	0.0590429	-0.198	0.198
  6438	0.046991	-0.198	0.198
  6439	0.0981996	-0.198	0.198
  6440	0.0545734	-0.198	0.198
  6441	0.0888699	-0.198	0.198
  6442	0.0988409	-0.198	0.198
  6443	0.0922284	-0.198	0.198
  6444	0.0552143	-0.198	0.198
  6445	0.0741852	-0.198	0.198
  6446	0.0322655	-0.198	0.198
  6447	0.0764934	-0.198	0.198
  6448	0.0978786	-0.198	0.198
  6449	0.0727982	-0.198	0.198
  6450	0.0729165	-0.198	0.198
  6451	0.097582	-0.198	0.198
  6452	0.0623571	-0.198	0.198
  6453	0.0843864	-0.198	0.198
  6454	0.0877752	-0.198	0.198
  6455	0.0462135	-0.198	0.198
  6456	0.0428849	-0.198	0.198
  6457	0.0740639	-0.198	0.198
  6458	0.0975278	-0.198	0.198
  6459	0.0594975	-0.198	0.198
  6460	0.0312275	-0.198	0.198
  6461	0.0621621	-0.198	0.198
  6462	0.0975641	-0.198	0.198
  6463	0.0420572	-0.198	0.198
  6464	0.0956551	-0.198	0.198
  6465	0.0577469	-0.198	0.198
  6466	0.0752555	-0.198	0.198
  6467	0.0709505	-0.198	0.198
  6468	0.089429	-0.198	0.198
  6469	0.0440563	-0.198	0.198
  6470	0.0708373	-0.198	0.198
  6471	0.0721818	-0.198	0.198
  6472	0.0230945	-0.198	0.198
  6473	0.0780854	-0.198	0.198
  6474	0.0814808	-0.198	0.198
  6475	0.0750496	-0.198	0.198
  6476	0.0953616	-0.198	0.198
  6477	0.0889863	-0.198	0.198
  6478	0.0432418	-0.198	0.198
  6479	0.0688794	-0.198	0.198
  6480	0.0546167	-0.198	0.198
  6481	0.0696893	-0.198	0.198
  6482	0.0527085	-0.198	0.198
  6483	0.046	-0.198	0.198
  6484	0.0642785	-0.198	0.198
  6485	0.0891883	-0.198	0.198
  6486	0.067941	-0.198	0.198
  6487	0.0830556	-0.198	0.198
  6488	0.0968715	-0.198	0.198
  6489	0.0354596	-0.198	0.198
  6490	0.0893834	-0.198	0.198
  6491	0.0926096	-0.198	0.198
  6492	0.0981908	-0.198	0.198
  6493	0.0950636	-0.198	0.198
  6494	0.0783593	-0.198	0.198
  6495	0.0946636	-0.198	0.198
  6496	0.0969066	-0.198	0.198
  6497	0.0466711	-0.198	0.198
  6498	0.0841955	-0.198	0.198
  6499	0.0624469	-0.198	0.198
  6500	0.0633325	-0.198	0.198
  6501	0.0701664	-0.198	0.198
  6502	0.0493998	-0.198	0.198
  6503	0.0898998	-0.198	0.198
  6504	0.0948722	-0.198	0.198
  6505	0.0985351	-0.198	0.198
  6506	0.0719711	-0.198	0.198
  6507	0.0594778	-0.198	0.198
  6508	0.0981283	-0.198	0.198
  6509	0.0235511	-0.198	0.198
  6510	0.0978607	-0.198	0.198
  6511	0.0896525	-0.198	0.198
  6512	0.0797947	-0.198	0.198
  6513	0.0628845	-0.198	0.198
  6514	0.0960999	-0.198	0.198
  6515	0.0623156	-0.198	0.198
  6516	0.0843118	-0.198	0.198
  6517	0.0820342	-0.198	0.198
  6518	0.0690198	-0.198	0.198
  6519	0.0911782	-0.198	0.198
  6520	0.094495	-0.198	0.198
  6521	0.0704655	-0.198	0.198
  6522	0.0975223	-0.198	0.198
  6523	0.085264	-0.198	0.198
  6524	0.0732283	-0.198	0.198
  6525	0.0904241	-0.198	0.198
  6526	0.0905929	-0.198	0.198
  6527	0.0679867	-0.198	0.198
  6528	0.0590925	-0.198	0.198
  6529	0.0284274	-0.198	0.198
  6530	0.0837876	-0.198	0.198
  6531	0.0735971	-0.198	0.198
  6532	0.0605998	-0.198	0.198
  6533	0.0833787	-0.198	0.198
  6534	0.0920098	-0.198	0.198
  6535	0.0700441	-0.198	0.198
  6536	0.0898136	-0.198	0.198
  6537	0.0716052	-0.198	0.198
  6538	0.0670955	-0.198	0.198
  6539	0.0960469	-0.198	0.198
  6540	0.0959738	-0.198	0.198
  6541	0.0842151	-0.198	0.198
  6542	0.0635087	-0.198	0.198
  6543	0.0887866	-0.198	0.198
  6544	0.0983882	-0.198	0.198
  6545	0.0747199	-0.198	0.198
  6546	0.0690127	-0.198	0.198
  6547	0.098821	-0.198	0.198
  6548	0.0915889	-0.198	0.198
  6549	0.0957832	-0.198	0.198
  6550	0.0856823	-0.198	0.198
  6551	0.0769978	-0.198	0.198
  6552	0.0311067	-0.198	0.198
  6553	0.0946051	-0.198	0.198
  6554	0.0647768	-0.198	0.198
  6555	0.0360641	-0.198	0.198
  6556	0.0617729	-0.198	0.198
  6557	0.0915571	-0.198	0.198
  6558	0.0791529	-0.198	0.198
  6559	0.0563429	-0.198	0.198
  6560	0.0967856	-0.198	0.198
  6561	0.0484184	-0.198	0.198
  6562	0.0733929	-0.198	0.198
  6563	0.0941923	-0.198	0.198
  6564	0.0969118	-0.198	0.198
  6565	0.0920209	-0.198	0.198
  6566	0.0800716	-0.198	0.198
  6567	0.0922443	-0.198	0.198
  6568	0.0875534	-0.198	0.198
  6569	0.079578	-0.198	0.198
  6570	0.0975574	-0.198	0.198
  6571	0.0807443	-0.198	0.198
  6572	0.0777198	-0.198	0.198
  6573	0.0963845	-0.198	0.198
  6574	0.0813286	-0.198	0.198
  6575	0.0790823	-0.198	0.198
  6576	0.0867528	-0.198	0.198
  6577	0.0960988	-0.198	0.198
  6578	0.0535776	-0.198	0.198
  6579	0.0443903	-0.198	0.198
  6580	0.0954331	-0.198	0.198
  6581	0.0948923	-0.198	0.198
  6582	0.0926227	-0.198	0.198
  6583	0.0918064	-0.198	0.198
  6584	0.0965683	-0.198	0.198
  6585	0.0869349	-0.198	0.198
  6586	0.0756459	-0.198	0.198
  6587	0.089419	-0.198	0.198
  6588	0.090989	-0.198	0.198
  6589	0.0518516	-0.198	0.198
  6590	0.0971682	-0.198	0.198
  6591	0.0962837	-0.198	0.198
  6592	0.0716176	-0.198	0.198
  6593	0.0676444	-0.198	0.198
  6594	0.0925615	-0.198	0.198
  6595	0.0773774	-0.198	0.198
  6596	0.0733555	-0.198	0.198
  6597	0.0953682	-0.198	0.198
  6598	0.0762522	-0.198	0.198
  6599	0.0685463	-0.198	0.198
  6600	0.0750957	-0.198	0.198
  6601	0.0847932	-0.198	0.198
  6602	0.0829212	-0.198	0.198
  6603	0.0764952	-0.198	0.198
  6604	0.0375481	-0.198	0.198
  6605	0.0419281	-0.198	0.198
  6606	0.0946458	-0.198	0.198
  6607	0.0766821	-0.198	0.198
  6608	0.0969581	-0.198	0.198
  6609	0.0952757	-0.198	0.198
  6610	0.0789273	-0.198	0.198
  6611	0.0668059	-0.198	0.198
  6612	0.0550863	-0.198	0.198
  6613	0.0932831	-0.198	0.198
  6614	0.0799744	-0.198	0.198
  6615	0.0950648	-0.198	0.198
  6616	0.0356198	-0.198	0.198
  6617	0.0819557	-0.198	0.198
  6618	0.0939164	-0.198	0.198
  6619	0.0968678	-0.198	0.198
  6620	0.073114	-0.198	0.198
  6621	0.061638	-0.198	0.198
  6622	0.0677989	-0.198	0.198
  6623	0.0836614	-0.198	0.198
  6624	0.0659283	-0.198	0.198
  6625	0.0207502	-0.198	0.198
  6626	0.091826	-0.198	0.198
  6627	0.0954572	-0.198	0.198
  6628	0.0550912	-0.198	0.198
  6629	0.044921	-0.198	0.198
  6630	0.0911999	-0.198	0.198
  6631	0.0865844	-0.198	0.198
  6632	0.0945426	-0.198	0.198
  6633	0.0548012	-0.198	0.198
  6634	0.0961973	-0.198	0.198
  6635	0.0909286	-0.198	0.198
  6636	0.0942136	-0.198	0.198
  6637	0.0459989	-0.198	0.198
  6638	0.0888991	-0.198	0.198
  6639	0.0912248	-0.198	0.198
  6640	0.0740425	-0.198	0.198
  6641	0.0967507	-0.198	0.198
  6642	0.0941481	-0.198	0.198
  6643	0.0940731	-0.198	0.198
  6644	0.0863737	-0.198	0.198
  6645	0.0841517	-0.198	0.198
  6646	0.0862404	-0.198	0.198
  6647	0.0917264	-0.198	0.198
  6648	0.0930907	-0.198	0.198
  6649	0.064457	-0.198	0.198
  6650	0.0950827	-0.198	0.198
  6651	0.0471564	-0.198	0.198
  6652	0.053748	-0.198	0.198
  6653	0.0602538	-0.198	0.198
  6654	0.079336	-0.198	0.198
  6655	0.084446	-0.198	0.198
  6656	0.09851	-0.198	0.198
  6657	0.0711401	-0.198	0.198
  6658	0.0882899	-0.198	0.198
  6659	0.0846685	-0.198	0.198
  6660	0.0836117	-0.198	0.198
  6661	0.0862088	-0.198	0.198
  6662	0.0702924	-0.198	0.198
  6663	0.0943884	-0.198	0.198
  6664	0.0796675	-0.198	0.198
  6665	0.0936342	-0.198	0.198
  6666	0.0939651	-0.198	0.198
  6667	0.062684	-0.198	0.198
  6668	0.0864822	-0.198	0.198
  6669	0.0737268	-0.198	0.198
  6670	0.0880987	-0.198	0.198
  6671	0.0544406	-0.198	0.198
  6672	0.0794255	-0.198	0.198
  6673	0.0586219	-0.198	0.198
  6674	0.0756848	-0.198	0.198
  6675	0.082949	-0.198	0.198
  6676	0.0444929	-0.198	0.198
  6677	0.0846652	-0.198	0.198
  6678	0.0976079	-0.198	0.198
  6679	0.0651918	-0.198	0.198
  6680	0.0679	-0.198	0.198
  6681	0.0817783	-0.198	0.198
  6682	0.0377415	-0.198	0.198
  6683	0.0636654	-0.198	0.198
  6684	0.08999	-0.198	0.198
  6685	0.0571148	-0.198	0.198
  6686	0.0892662	-0.198	0.198
  6687	0.0882249	-0.198	0.198
  6688	0.0957384	-0.198	0.198
  6689	0.0736482	-0.198	0.198
  6690	0.0791664	-0.198	0.198
  6691	0.0963131	-0.198	0.198
  6692	0.0753827	-0.198	0.198
  6693	0.0739522	-0.198	0.198
  6694	0.0665692	-0.198	0.198
  6695	0.0851448	-0.198	0.198
  6696	0.0307202	-0.198	0.198
  6697	0.070867	-0.198	0.198
  6698	0.0691207	-0.198	0.198
  6699	0.0922684	-0.198	0.198
  6700	0.0803661	-0.198	0.198
  6701	0.0483817	-0.198	0.198
  6702	0.092956	-0.198	0.198
  6703	0.0808514	-0.198	0.198
  6704	0.0953551	-0.198	0.198
  6705	0.07357	-0.198	0.198
  6706	0.0810852	-0.198	0.198
  6707	0.0949104	-0.198	0.198
  6708	0.0881863	-0.198	0.198
  6709	0.0954243	-0.198	0.198
  6710	0.0970458	-0.198	0.198
  6711	0.0245474	-0.198	0.198
  6712	0.0839565	-0.198	0.198
  6713	0.0293386	-0.198	0.198
  6714	0.0632569	-0.198	0.198
  6715	0.0790212	-0.198	0.198
  6716	0.0687871	-0.198	0.198
  6717	0.0549781	-0.198	0.198
  6718	0.0918888	-0.198	0.198
  6719	0.0778384	-0.198	0.198
  6720	0.0686315	-0.198	0.198
  6721	0.0938601	-0.198	0.198
  6722	0.0625745	-0.198	0.198
  6723	0.0765002	-0.198	0.198
  6724	0.0554437	-0.198	0.198
  6725	0.0748692	-0.198	0.198
  6726	0.075429	-0.198	0.198
  6727	0.0921269	-0.198	0.198
  6728	0.063584	-0.198	0.198
  6729	0.094278	-0.198	0.198
  6730	0.0676389	-0.198	0.198
  6731	0.0830592	-0.198	0.198
  6732	0.065649	-0.198	0.198
  6733	0.0856532	-0.198	0.198
  6734	0.0395682	-0.198	0.198
  6735	0.0811411	-0.198	0.198
  6736	0.0957452	-0.198	0.198
  6737	0.0189209	-0.198	0.198
  6738	0.0804584	-0.198	0.198
  6739	0.0741748	-0.198	0.198
  6740	0.0843855	-0.198	0.198
  6741	0.0985247	-0.198	0.198
  6742	0.0975267	-0.198	0.198
  6743	0.0729506	-0.198	0.198
  6744	0.0386412	-0.198	0.198
  6745	0.0636732	-0.198	0.198
  6746	0.0845295	-0.198	0.198
  6747	0.0795275	-0.198	0.198
  6748	0.0895479	-0.198	0.198
  6749	0.0721993	-0.198	0.198
  6750	0.0719131	-0.198	0.198
  6751	0.0795818	-0.198	0.198
  6752	0.0638123	-0.198	0.198
  6753	0.0766347	-0.198	0.198
  6754	0.0791176	-0.198	0.198
  6755	0.065253	-0.198	0.198
  6756	0.0960923	-0.198	0.198
  6757	0.0885552	-0.198	0.198
  6758	0.088801	-0.198	0.198
  6759	0.0584283	-0.198	0.198
  6760	0.0626276	-0.198	0.198
  6761	0.0575526	-0.198	0.198
  6762	0.034286	-0.198	0.198
  6763	0.0823979	-0.198	0.198
  6764	0.0738428	-0.198	0.198
  6765	0.0961453	-0.198	0.198
  6766	0.0932905	-0.198	0.198
  6767	0.0933361	-0.198	0.198
  6768	0.0748574	-0.198	0.198
  6769	0.0987664	-0.198	0.198
  6770	0.0790024	-0.198	0.198
  6771	0.051284	-0.198	0.198
  6772	0.0596586	-0.198	0.198
  6773	0.0527826	-0.198	0.198
  6774	0.0937654	-0.198	0.198
  6775	0.0947535	-0.198	0.198
  6776	0.0985303	-0.198	0.198
  6777	0.0672857	-0.198	0.198
  6778	0.077208	-0.198	0.198
  6779	0.091691	-0.198	0.198
  6780	0.0887225	-0.198	0.198
  6781	0.0905013	-0.198	0.198
  6782	0.0872971	-0.198	0.198
  6783	0.0848447	-0.198	0.198
  6784	0.0733197	-0.198	0.198
  6785	0.0977906	-0.198	0.198
  6786	0.0721719	-0.198	0.198
  6787	0.0803604	-0.198	0.198
  6788	0.0850817	-0.198	0.198
  6789	0.0358325	-0.198	0.198
  6790	0.0269858	-0.198	0.198
  6791	0.095176	-0.198	0.198
  6792	0.0827502	-0.198	0.198
  6793	0.0902758	-0.198	0.198
  6794	0.085872	-0.198	0.198
  6795	0.0635485	-0.198	0.198
  6796	0.055329	-0.198	0.198
  6797	0.0814819	-0.198	0.198
  6798	0.0242696	-0.198	0.198
  6799	0.0968465	-0.198	0.198
  6800	0.0641141	-0.198	0.198
  6801	0.0718095	-0.198	0.198
  6802	0.0977012	-0.198	0.198
  6803	0.0188769	-0.198	0.198
  6804	0.0814927	-0.198	0.198
  6805	0.0949509	-0.198	0.198
  6806	0.0690814	-0.198	0.198
  6807	0.0757993	-0.198	0.198
  6808	0.0535966	-0.198	0.198
  6809	0.0911173	-0.198	0.198
  6810	0.0563014	-0.198	0.198
  6811	0.0488318	-0.198	0.198
  6812	0.0765216	-0.198	0.198
  6813	0.0678137	-0.198	0.198
  6814	0.0355875	-0.198	0.198
  6815	0.0807699	-0.198	0.198
  6816	0.0863488	-0.198	0.198
  6817	0.0980685	-0.198	0.198
  6818	0.0802522	-0.198	0.198
  6819	0.039996	-0.198	0.198
  6820	0.0911668	-0.198	0.198
  6821	0.0949246	-0.198	0.198
  6822	0.0906256	-0.198	0.198
  6823	0.0977367	-0.198	0.198
  6824	0.0715388	-0.198	0.198
  6825	0.092857	-0.198	0.198
  6826	0.092218	-0.198	0.198
  6827	0.0829425	-0.198	0.198
  6828	0.06946	-0.198	0.198
  6829	0.055845	-0.198	0.198
  6830	0.0940876	-0.198	0.198
  6831	0.0745424	-0.198	0.198
  6832	0.0757192	-0.198	0.198
  6833	0.067911	-0.198	0.198
  6834	0.0385956	-0.198	0.198
  6835	0.0846248	-0.198	0.198
  6836	0.0806861	-0.198	0.198
  6837	0.0509488	-0.198	0.198
  6838	0.0813627	-0.198	0.198
  6839	0.0512937	-0.198	0.198
  6840	0.0864086	-0.198	0.198
  6841	0.0772743	-0.198	0.198
  6842	0.0980631	-0.198	0.198
  6843	0.0265453	-0.198	0.198
  6844	0.0863476	-0.198	0.198
  6845	0.0916741	-0.198	0.198
  6846	0.0386121	-0.198	0.198
  6847	0.0711945	-0.198	0.198
  6848	0.0868417	-0.198	0.198
  6849	0.0826535	-0.198	0.198
  6850	0.0896473	-0.198	0.198
  6851	0.077521	-0.198	0.198
  6852	0.0542207	-0.198	0.198
  6853	0.076271	-0.198	0.198
  6854	0.0916017	-0.198	0.198
  6855	0.0894546	-0.198	0.198
  6856	0.0367357	-0.198	0.198
  6857	0.0908811	-0.198	0.198
  6858	0.0577021	-0.198	0.198
  6859	0.0871632	-0.198	0.198
  6860	0.0849248	-0.198	0.198
  6861	0.0559231	-0.198	0.198
  6862	0.093889	-0.198	0.198
  6863	0.059096	-0.198	0.198
  6864	0.082453	-0.198	0.198
  6865	0.0785865	-0.198	0.198
  6866	0.0775855	-0.198	0.198
  6867	0.0790693	-0.198	0.198
  6868	0.0965799	-0.198	0.198
  6869	0.0970582	-0.198	0.198
  6870	0.0624774	-0.198	0.198
  6871	0.0964858	-0.198	0.198
  6872	0.0708769	-0.198	0.198
  6873	0.0797537	-0.198	0.198
  6874	0.078519	-0.198	0.198
  6875	0.0696258	-0.198	0.198
  6876	0.0986286	-0.198	0.198
  6877	0.0648917	-0.198	0.198
  6878	0.0816062	-0.198	0.198
  6879	0.0813681	-0.198	0.198
  6880	0.0790912	-0.198	0.198
  6881	0.0835904	-0.198	0.198
  6882	0.0688022	-0.198	0.198
  6883	0.0572724	-0.198	0.198
  6884	0.0965733	-0.198	0.198
  6885	0.0848796	-0.198	0.198
  6886	0.0921424	-0.198	0.198
  6887	0.0460623	-0.198	0.198
  6888	0.0690568	-0.198	0.198
  6889	0.098369	-0.198	0.198
  6890	0.0752315	-0.198	0.198
  6891	0.0848847	-0.198	0.198
  6892	0.0682338	-0.198	0.198
  6893	0.0906105	-0.198	0.198
  6894	0.0659719	-0.198	0.198
  6895	0.0463368	-0.198	0.198
  6896	0.095323	-0.198	0.198
  6897	0.0980683	-0.198	0.198
  6898	0.0778726	-0.198	0.198
  6899	0.0955881	-0.198	0.198
  6900	0.0742994	-0.198	0.198
  6901	0.0820941	-0.198	0.198
  6902	0.0789713	-0.198	0.198
  6903	0.067237	-0.198	0.198
  6904	0.0953393	-0.198	0.198
  6905	0.0890338	-0.198	0.198
  6906	0.0623933	-0.198	0.198
  6907	0.0499505	-0.198	0.198
  6908	0.0878529	-0.198	0.198
  6909	0.0811512	-0.198	0.198
  6910	0.0587867	-0.198	0.198
  6911	0.0946391	-0.198	0.198
  6912	0.0753239	-0.198	0.198
  6913	0.0921317	-0.198	0.198
  6914	0.0253172	-0.198	0.198
  6915	0.0917816	-0.198	0.198
  6916	0.0668233	-0.198	0.198
  6917	0.0738661	-0.198	0.198
  6918	0.0922899	-0.198	0.198
  6919	0.0497915	-0.198	0.198
  6920	0.093501	-0.198	0.198
  6921	0.0762584	-0.198	0.198
  6922	0.0942511	-0.198	0.198
  6923	0.0521962	-0.198	0.198
  6924	0.0906042	-0.198	0.198
  6925	0.0321265	-0.198	0.198
  6926	0.0890329	-0.198	0.198
  6927	0.0749883	-0.198	0.198
  6928	0.0724704	-0.198	0.198
  6929	0.0678158	-0.198	0.198
  6930	0.0843331	-0.198	0.198
  6931	0.0809503	-0.198	0.198
  6932	0.0679653	-0.198	0.198
  6933	0.0742117	-0.198	0.198
  6934	0.0855723	-0.198	0.198
  6935	0.0892525	-0.198	0.198
  6936	0.0405525	-0.198	0.198
  6937	0.0143561	-0.198	0.198
  6938	0.0875145	-0.198	0.198
  6939	0.0977712	-0.198	0.198
  6940	0.0382179	-0.198	0.198
  6941	0.0761855	-0.198	0.198
  6942	0.0871192	-0.198	0.198
  6943	0.0356466	-0.198	0.198
  6944	0.0541378	-0.198	0.198
  6945	0.0920786	-0.198	0.198
  6946	0.0940071	-0.198	0.198
  6947	0.0285204	-0.198	0.198
  6948	0.0966031	-0.198	0.198
  6949	0.0915355	-0.198	0.198
  6950	0.0845491	-0.198	0.198
  6951	0.0956837	-0.198	0.198
  6952	0.0472056	-0.198	0.198
  6953	0.0696512	-0.198	0.198
  6954	0.0760452	-0.198	0.198
  6955	0.0651544	-0.198	0.198
  6956	0.0254142	-0.198	0.198
  6957	0.0913067	-0.198	0.198
  6958	0.0375412	-0.198	0.198
  6959	0.0587465	-0.198	0.198
  6960	0.0444102	-0.198	0.198
  6961	0.0434814	-0.198	0.198
  6962	0.0858316	-0.198	0.198
  6963	0.0705826	-0.198	0.198
  6964	0.0621355	-0.198	0.198
  6965	0.0677202	-0.198	0.198
  6966	0.0838071	-0.198	0.198
  6967	0.0647481	-0.198	0.198
  6968	0.081369	-0.198	0.198
  6969	0.0525439	-0.198	0.198
  6970	0.0923333	-0.198	0.198
  6971	0.0913834	-0.198	0.198
  6972	0.072777	-0.198	0.198
  6973	0.0951136	-0.198	0.198
  6974	0.081087	-0.198	0.198
  6975	0.0733386	-0.198	0.198
  6976	0.0884707	-0.198	0.198
  6977	0.070486	-0.198	0.198
  6978	0.0957584	-0.198	0.198
  6979	0.0947285	-0.198	0.198
  6980	0.090029	-0.198	0.198
  6981	0.0942481	-0.198	0.198
  6982	0.0616855	-0.198	0.198
  6983	0.0821561	-0.198	0.198
  6984	0.0980743	-0.198	0.198
  6985	0.0989481	-0.198	0.198
  6986	0.0943979	-0.198	0.198
  6987	0.054946	-0.198	0.198
  6988	0.0547866	-0.198	0.198
  6989	0.07842	-0.198	0.198
  6990	0.0745459	-0.198	0.198
  6991	0.0494943	-0.198	0.198
  6992	0.0675867	-0.198	0.198
  6993	0.0846083	-0.198	0.198
  6994	0.0858878	-0.198	0.198
  6995	0.0614323	-0.198	0.198
  6996	0.0562005	-0.198	0.198
  6997	0.0683979	-0.198	0.198
  6998	0.0390931	-0.198	0.198
  6999	0.0739614	-0.198	0.198
  7000	0.0818983	-0.198	0.198
  7001	0.0958565	-0.198	0.198
  7002	0.0680494	-0.198	0.198
  7003	0.0712012	-0.198	0.198
  7004	0.067104	-0.198	0.198
  7005	0.0970294	-0.198	0.198
  7006	0.0947081	-0.198	0.198
  7007	0.0756106	-0.198	0.198
  7008	0.085884	-0.198	0.198
  7009	0.0836065	-0.198	0.198
  7010	0.0861749	-0.198	0.198
  7011	0.0964633	-0.198	0.198
  7012	0.0834358	-0.198	0.198
  7013	0.0944178	-0.198	0.198
  7014	0.0759865	-0.198	0.198
  7015	0.0709497	-0.198	0.198
  7016	0.0754352	-0.198	0.198
  7017	0.0637718	-0.198	0.198
  7018	0.0492387	-0.198	0.198
  7019	0.061959	-0.198	0.198
  7020	0.0982861	-0.198	0.198
  7021	0.0849902	-0.198	0.198
  7022	0.0614684	-0.198	0.198
  7023	0.0469052	-0.198	0.198
  7024	0.0489114	-0.198	0.198
  7025	0.0663536	-0.198	0.198
  7026	0.0652893	-0.198	0.198
  7027	0.0576503	-0.198	0.198
  7028	0.0926694	-0.198	0.198
  7029	0.092967	-0.198	0.198
  7030	0.0800945	-0.198	0.198
  7031	0.0985361	-0.198	0.198
  7032	0.096398	-0.198	0.198
  7033	0.0729407	-0.198	0.198
  7034	0.0861751	-0.198	0.198
  7035	0.0548871	-0.198	0.198
  7036	0.07406	-0.198	0.198
  7037	0.0675443	-0.198	0.198
  7038	0.0748056	-0.198	0.198
  7039	0.0898423	-0.198	0.198
  7040	0.0737655	-0.198	0.198
  7041	0.0765605	-0.198	0.198
  7042	0.0924241	-0.198	0.198
  7043	0.0851799	-0.198	0.198
  7044	0.0899911	-0.198	0.198
  7045	0.0733559	-0.198	0.198
  7046	0.0776654	-0.198	0.198
  7047	0.0609825	-0.198	0.198
  7048	0.0576042	-0.198	0.198
  7049	0.0724468	-0.198	0.198
  7050	0.0548098	-0.198	0.198
  7051	0.0672956	-0.198	0.198
  7052	0.0967727	-0.198	0.198
  7053	0.0873777	-0.198	0.198
  7054	0.088328	-0.198	0.198
  7055	0.0624153	-0.198	0.198
  7056	0.0471313	-0.198	0.198
  7057	0.0870683	-0.198	0.198
  7058	0.0957892	-0.198	0.198
  7059	0.041992	-0.198	0.198
  7060	0.0771445	-0.198	0.198
  7061	0.0866109	-0.198	0.198
  7062	0.0961338	-0.198	0.198
  7063	0.0593307	-0.198	0.198
  7064	0.0759652	-0.198	0.198
  7065	0.0762798	-0.198	0.198
  7066	0.0815187	-0.198	0.198
  7067	0.088581	-0.198	0.198
  7068	0.0253332	-0.198	0.198
  7069	0.0741361	-0.198	0.198
  7070	0.0932946	-0.198	0.198
  7071	0.071771	-0.198	0.198
  7072	0.0760876	-0.198	0.198
  7073	0.081501	-0.198	0.198
  7074	0.0607149	-0.198	0.198
  7075	0.0800117	-0.198	0.198
  7076	0.0613736	-0.198	0.198
  7077	0.073841	-0.198	0.198
  7078	0.0700301	-0.198	0.198
  7079	0.0518369	-0.198	0.198
  7080	0.0818684	-0.198	0.198
  7081	0.0817783	-0.198	0.198
  7082	0.0868664	-0.198	0.198
  7083	0.093254	-0.198	0.198
  7084	0.0986576	-0.198	0.198
  7085	0.0836125	-0.198	0.198
  7086	0.0169077	-0.198	0.198
  7087	0.0953038	-0.198	0.198
  7088	0.0692669	-0.198	0.198
  7089	0.0857061	-0.198	0.198
  7090	0.0436594	-0.198	0.198
  7091	0.0854484	-0.198	0.198
  7092	0.0590618	-0.198	0.198
  7093	0.0987293	-0.198	0.198
  7094	0.0980884	-0.198	0.198
  7095	0.0869101	-0.198	0.198
  7096	0.068165	-0.198	0.198
  7097	0.0964114	-0.198	0.198
  7098	0.0741533	-0.198	0.198
  7099	0.0866313	-0.198	0.198
  7100	0.0898818	-0.198	0.198
  7101	0.0925036	-0.198	0.198
  7102	0.0896196	-0.198	0.198
  7103	0.0913673	-0.198	0.198
  7104	0.0660401	-0.198	0.198
  7105	0.0850487	-0.198	0.198
  7106	0.0775602	-0.198	0.198
  7107	0.0765348	-0.198	0.198
  7108	0.0466686	-0.198	0.198
  7109	0.0696445	-0.198	0.198
  7110	0.0783111	-0.198	0.198
  7111	0.055142	-0.198	0.198
  7112	0.0784976	-0.198	0.198
  7113	0.0431956	-0.198	0.198
  7114	0.0972032	-0.198	0.198
  7115	0.0664721	-0.198	0.198
  7116	0.0670147	-0.198	0.198
  7117	0.080812	-0.198	0.198
  7118	0.0510732	-0.198	0.198
  7119	0.0382119	-0.198	0.198
  7120	0.0528169	-0.198	0.198
  7121	0.088706	-0.198	0.198
  7122	0.0904385	-0.198	0.198
  7123	0.0588935	-0.198	0.198
  7124	0.0683563	-0.198	0.198
  7125	0.0279019	-0.198	0.198
  7126	0.097904	-0.198	0.198
  7127	0.0821444	-0.198	0.198
  7128	0.0749183	-0.198	0.198
  7129	0.0433631	-0.198	0.198
  7130	0.072383	-0.198	0.198
  7131	0.0779826	-0.198	0.198
  7132	0.0620524	-0.198	0.198
  7133	0.0965034	-0.198	0.198
  7134	0.0827891	-0.198	0.198
  7135	0.0936157	-0.198	0.198
  7136	0.0938568	-0.198	0.198
  7137	0.0845209	-0.198	0.198
  7138	0.0758777	-0.198	0.198
  7139	0.0579848	-0.198	0.198
  7140	0.0297903	-0.198	0.198
  7141	0.0934397	-0.198	0.198
  7142	0.081601	-0.198	0.198
  7143	0.090704	-0.198	0.198
  7144	0.0966689	-0.198	0.198
  7145	0.0779631	-0.198	0.198
  7146	0.0932139	-0.198	0.198
  7147	0.084196	-0.198	0.198
  7148	0.0444963	-0.198	0.198
  7149	0.0704296	-0.198	0.198
  7150	0.014362	-0.198	0.198
  7151	0.0965784	-0.198	0.198
  7152	0.0959862	-0.198	0.198
  7153	0.0668465	-0.198	0.198
  7154	0.0339915	-0.198	0.198
  7155	0.0883412	-0.198	0.198
  7156	0.0621588	-0.198	0.198
  7157	0.0958489	-0.198	0.198
  7158	0.0546253	-0.198	0.198
  7159	0.0882785	-0.198	0.198
  7160	0.0973274	-0.198	0.198
  7161	0.0966327	-0.198	0.198
  7162	0.0982865	-0.198	0.198
  7163	0.0935405	-0.198	0.198
  7164	0.0720424	-0.198	0.198
  7165	0.0691956	-0.198	0.198
  7166	0.0648192	-0.198	0.198
  7167	0.0936887	-0.198	0.198
  7168	0.0504969	-0.198	0.198
  7169	0.0514319	-0.198	0.198
  7170	0.0756743	-0.198	0.198
  7171	0.0693452	-0.198	0.198
  7172	0.0429631	-0.198	0.198
  7173	0.0966508	-0.198	0.198
  7174	0.079139	-0.198	0.198
  7175	0.09237	-0.198	0.198
  7176	0.0946805	-0.198	0.198
  7177	0.0718503	-0.198	0.198
  7178	0.0970387	-0.198	0.198
  7179	0.096354	-0.198	0.198
  7180	0.0898735	-0.198	0.198
  7181	0.0624505	-0.198	0.198
  7182	0.0868849	-0.198	0.198
  7183	0.0952078	-0.198	0.198
  7184	0.0426357	-0.198	0.198
  7185	0.0764663	-0.198	0.198
  7186	0.0919023	-0.198	0.198
  7187	0.060907	-0.198	0.198
  7188	0.0844373	-0.198	0.198
  7189	0.0761272	-0.198	0.198
  7190	0.0828988	-0.198	0.198
  7191	0.0978871	-0.198	0.198
  7192	0.0705623	-0.198	0.198
  7193	0.0948726	-0.198	0.198
  7194	0.0785611	-0.198	0.198
  7195	0.0735094	-0.198	0.198
  7196	0.0902645	-0.198	0.198
  7197	0.0730119	-0.198	0.198
  7198	0.0967818	-0.198	0.198
  7199	0.0511177	-0.198	0.198
  7200	0.0916971	-0.198	0.198
  7201	0.057467	-0.198	0.198
  7202	0.0544186	-0.198	0.198
  7203	0.0851082	-0.198	0.198
  7204	0.0662433	-0.198	0.198
  7205	0.085196	-0.198	0.198
  7206	0.0791376	-0.198	0.198
  7207	0.0718054	-0.198	0.198
  7208	0.0693099	-0.198	0.198
  7209	0.0704184	-0.198	0.198
  7210	0.0940804	-0.198	0.198
  7211	0.0819442	-0.198	0.198
  7212	0.083251	-0.198	0.198
  7213	0.0679915	-0.198	0.198
  7214	0.0943057	-0.198	0.198
  7215	0.0975669	-0.198	0.198
  7216	0.0932672	-0.198	0.198
  7217	0.0950619	-0.198	0.198
  7218	0.0398319	-0.198	0.198
  7219	0.0896658	-0.198	0.198
  7220	0.0850418	-0.198	0.198
  7221	0.0815972	-0.198	0.198
  7222	0.0960595	-0.198	0.198
  7223	0.0662372	-0.198	0.198
  7224	0.0816871	-0.198	0.198
  7225	0.086806	-0.198	0.198
  7226	0.0887187	-0.198	0.198
  7227	0.0681189	-0.198	0.198
  7228	0.0843141	-0.198	0.198
  7229	0.0724391	-0.198	0.198
  7230	0.0767119	-0.198	0.198
  7231	0.0614145	-0.198	0.198
  7232	0.0884743	-0.198	0.198
  7233	0.0340851	-0.198	0.198
  7234	0.0969529	-0.198	0.198
  7235	0.089219	-0.198	0.198
  7236	0.0917004	-0.198	0.198
  7237	0.0780235	-0.198	0.198
  7238	0.0984858	-0.198	0.198
  7239	0.0434792	-0.198	0.198
  7240	0.0538341	-0.198	0.198
  7241	0.0732428	-0.198	0.198
  7242	0.0950857	-0.198	0.198
  7243	0.0798301	-0.198	0.198
  7244	0.0342514	-0.198	0.198
  7245	0.084567	-0.198	0.198
  7246	0.0963358	-0.198	0.198
  7247	0.0757296	-0.198	0.198
  7248	0.0911082	-0.198	0.198
  7249	0.0284202	-0.198	0.198
  7250	0.0749672	-0.198	0.198
  7251	0.079985	-0.198	0.198
  7252	0.0916539	-0.198	0.198
  7253	0.0700659	-0.198	0.198
  7254	0.0780989	-0.198	0.198
  7255	0.0432398	-0.198	0.198
  7256	0.0827933	-0.198	0.198
  7257	0.0740976	-0.198	0.198
  7258	0.0810177	-0.198	0.198
  7259	0.0971869	-0.198	0.198
  7260	0.0722437	-0.198	0.198
  7261	0.0752107	-0.198	0.198
  7262	0.0550118	-0.198	0.198
  7263	0.0944205	-0.198	0.198
  7264	0.0914356	-0.198	0.198
  7265	0.0779675	-0.198	0.198
  7266	0.0331615	-0.198	0.198
  7267	0.0823584	-0.198	0.198
  7268	0.0898563	-0.198	0.198
  7269	0.0899698	-0.198	0.198
  7270	0.0850393	-0.198	0.198
  7271	0.0698051	-0.198	0.198
  7272	0.0690599	-0.198	0.198
  7273	0.0750966	-0.198	0.198
  7274	0.0963324	-0.198	0.198
  7275	0.0534927	-0.198	0.198
  7276	0.0873352	-0.198	0.198
  7277	0.0749327	-0.198	0.198
  7278	0.0985692	-0.198	0.198
  7279	0.0888614	-0.198	0.198
  7280	0.0889756	-0.198	0.198
  7281	0.0638723	-0.198	0.198
  7282	0.0558211	-0.198	0.198
  7283	0.0960585	-0.198	0.198
  7284	0.0976763	-0.198	0.198
  7285	0.0717153	-0.198	0.198
  7286	0.0763281	-0.198	0.198
  7287	0.0551817	-0.198	0.198
  7288	0.0828191	-0.198	0.198
  7289	0.0743681	-0.198	0.198
  7290	0.0563969	-0.198	0.198
  7291	0.0886036	-0.198	0.198
  7292	0.0933796	-0.198	0.198
  7293	0.0506965	-0.198	0.198
  7294	0.0829425	-0.198	0.198
  7295	0.0821016	-0.198	0.198
  7296	0.0660018	-0.198	0.198
  7297	0.0761921	-0.198	0.198
  7298	0.0365518	-0.198	0.198
  7299	0.0959876	-0.198	0.198
  7300	0.0944679	-0.198	0.198
  7301	0.0953694	-0.198	0.198
  7302	0.0539573	-0.198	0.198
  7303	0.0807405	-0.198	0.198
  7304	0.0867982	-0.198	0.198
  7305	0.0829191	-0.198	0.198
  7306	0.0508484	-0.198	0.198
  7307	0.0801177	-0.198	0.198
  7308	0.0952362	-0.198	0.198
  7309	0.0965256	-0.198	0.198
  7310	0.0802274	-0.198	0.198
  7311	0.0883321	-0.198	0.198
  7312	0.0867418	-0.198	0.198
  7313	0.0965617	-0.198	0.198
  7314	0.0956457	-0.198	0.198
  7315	0.0723371	-0.198	0.198
  7316	0.0847664	-0.198	0.198
  7317	0.0946372	-0.198	0.198
  7318	0.091642	-0.198	0.198
  7319	0.0618402	-0.198	0.198
  7320	0.0736729	-0.198	0.198
  7321	0.082111	-0.198	0.198
  7322	0.0666174	-0.198	0.198
  7323	0.0785622	-0.198	0.198
  7324	0.0565139	-0.198	0.198
  7325	0.0655959	-0.198	0.198
  7326	0.0677293	-0.198	0.198
  7327	0.0794306	-0.198	0.198
  7328	0.0879586	-0.198	0.198
  7329	0.070282	-0.198	0.198
  7330	0.0914417	-0.198	0.198
  7331	0.0960692	-0.198	0.198
  7332	0.0531908	-0.198	0.198
  7333	0.0551228	-0.198	0.198
  7334	0.064121	-0.198	0.198
  7335	0.0680181	-0.198	0.198
  7336	0.0869057	-0.198	0.198
  7337	0.0704203	-0.198	0.198
  7338	0.0707618	-0.198	0.198
  7339	0.0807626	-0.198	0.198
  7340	0.0824814	-0.198	0.198
  7341	0.0895881	-0.198	0.198
  7342	0.068901	-0.198	0.198
  7343	0.0917737	-0.198	0.198
  7344	0.0478186	-0.198	0.198
  7345	0.0587557	-0.198	0.198
  7346	0.0932393	-0.198	0.198
  7347	0.0576513	-0.198	0.198
  7348	0.0605812	-0.198	0.198
  7349	0.0749533	-0.198	0.198
  7350	0.0619079	-0.198	0.198
  7351	0.0822318	-0.198	0.198
  7352	0.0763528	-0.198	0.198
  7353	0.0782837	-0.198	0.198
  7354	0.0701848	-0.198	0.198
  7355	0.0942844	-0.198	0.198
  7356	0.0693535	-0.198	0.198
  7357	0.095833	-0.198	0.198
  7358	0.0497237	-0.198	0.198
  7359	0.0867786	-0.198	0.198
  7360	0.0233184	-0.198	0.198
  7361	0.0669236	-0.198	0.198
  7362	0.0984812	-0.198	0.198
  7363	0.0611272	-0.198	0.198
  7364	0.0760051	-0.198	0.198
  7365	0.0697733	-0.198	0.198
  7366	0.0696587	-0.198	0.198
  7367	0.0932818	-0.198	0.198
  7368	0.0706304	-0.198	0.198
  7369	0.0794297	-0.198	0.198
  7370	0.0744257	-0.198	0.198
  7371	0.0903012	-0.198	0.198
  7372	0.0870949	-0.198	0.198
  7373	0.0591704	-0.198	0.198
  7374	0.057295	-0.198	0.198
  7375	0.047563	-0.198	0.198
  7376	0.0813904	-0.198	0.198
  7377	0.0752774	-0.198	0.198
  7378	0.0310458	-0.198	0.198
  7379	0.072487	-0.198	0.198
  7380	0.0780935	-0.198	0.198
  7381	0.0871176	-0.198	0.198
  7382	0.0554299	-0.198	0.198
  7383	0.0954301	-0.198	0.198
  7384	0.0863227	-0.198	0.198
  7385	0.0566791	-0.198	0.198
  7386	0.0918497	-0.198	0.198
  7387	0.0828824	-0.198	0.198
  7388	0.0933119	-0.198	0.198
  7389	0.0818836	-0.198	0.198
  7390	0.0781213	-0.198	0.198
  7391	0.0760416	-0.198	0.198
  7392	0.0463041	-0.198	0.198
  7393	0.0228557	-0.198	0.198
  7394	0.0707126	-0.198	0.198
  7395	0.0830068	-0.198	0.198
  7396	0.0544846	-0.198	0.198
  7397	0.0982784	-0.198	0.198
  7398	0.0813241	-0.198	0.198
  7399	0.0571855	-0.198	0.198
  7400	0.0740235	-0.198	0.198
  7401	0.0957825	-0.198	0.198
  7402	0.0844469	-0.198	0.198
  7403	0.0630189	-0.198	0.198
  7404	0.0918716	-0.198	0.198
  7405	0.0467478	-0.198	0.198
  7406	0.0961544	-0.198	0.198
  7407	0.0910491	-0.198	0.198
  7408	0.0976085	-0.198	0.198
  7409	0.0663198	-0.198	0.198
  7410	0.0933409	-0.198	0.198
  7411	0.0779945	-0.198	0.198
  7412	0.0589841	-0.198	0.198
  7413	0.0599103	-0.198	0.198
  7414	0.0866978	-0.198	0.198
  7415	0.097469	-0.198	0.198
  7416	0.0430637	-0.198	0.198
  7417	0.0839247	-0.198	0.198
  7418	0.0725106	-0.198	0.198
  7419	0.0963938	-0.198	0.198
  7420	0.0919842	-0.198	0.198
  7421	0.0959574	-0.198	0.198
  7422	0.095126	-0.198	0.198
  7423	0.08289	-0.198	0.198
  7424	0.09484	-0.198	0.198
  7425	0.0437713	-0.198	0.198
  7426	0.0871433	-0.198	0.198
  7427	0.0985023	-0.198	0.198
  7428	0.0951872	-0.198	0.198
  7429	0.0884538	-0.198	0.198
  7430	0.0974124	-0.198	0.198
  7431	0.0482916	-0.198	0.198
  7432	0.0431145	-0.198	0.198
  7433	0.0916753	-0.198	0.198
  7434	0.094151	-0.198	0.198
  7435	0.0561842	-0.198	0.198
  7436	0.0200517	-0.198	0.198
  7437	0.0859695	-0.198	0.198
  7438	0.0942676	-0.198	0.198
  7439	0.0879291	-0.198	0.198
  7440	0.0860366	-0.198	0.198
  7441	0.0971488	-0.198	0.198
  7442	0.0538315	-0.198	0.198
  7443	0.072974	-0.198	0.198
  7444	0.0699562	-0.198	0.198
  7445	0.0931252	-0.198	0.198
  7446	0.0905224	-0.198	0.198
  7447	0.0874441	-0.198	0.198
  7448	0.0659305	-0.198	0.198
  7449	0.0732447	-0.198	0.198
  7450	0.0924559	-0.198	0.198
  7451	0.0767383	-0.198	0.198
  7452	0.0656083	-0.198	0.198
  7453	0.0602228	-0.198	0.198
  7454	0.0935254	-0.198	0.198
  7455	0.0590541	-0.198	0.198
  7456	0.079407	-0.198	0.198
  7457	0.0890212	-0.198	0.198
  7458	0.0969628	-0.198	0.198
  7459	0.067687	-0.198	0.198
  7460	0.0790121	-0.198	0.198
  7461	0.0773136	-0.198	0.198
  7462	0.0898403	-0.198	0.198
  7463	0.0290933	-0.198	0.198
  7464	0.0849367	-0.198	0.198
  7465	0.0744345	-0.198	0.198
  7466	0.0969439	-0.198	0.198
  7467	0.0689785	-0.198	0.198
  7468	0.0651642	-0.198	0.198
  7469	0.0872117	-0.198	0.198
  7470	0.0907063	-0.198	0.198
  7471	0.0836045	-0.198	0.198
  7472	0.0833947	-0.198	0.198
  7473	0.0869217	-0.198	0.198
  7474	0.092405	-0.198	0.198
  7475	0.0758281	-0.198	0.198
  7476	0.0429594	-0.198	0.198
  7477	0.0977281	-0.198	0.198
  7478	0.0806434	-0.198	0.198
  7479	0.0784628	-0.198	0.198
  7480	0.0833279	-0.198	0.198
  7481	0.0736155	-0.198	0.198
  7482	0.0811506	-0.198	0.198
  7483	0.0975449	-0.198	0.198
  7484	0.080323	-0.198	0.198
  7485	0.0878332	-0.198	0.198
  7486	0.0793998	-0.198	0.198
  7487	0.0246572	-0.198	0.198
  7488	0.0972995	-0.198	0.198
  7489	0.0661998	-0.198	0.198
  7490	0.0771395	-0.198	0.198
  7491	0.0711759	-0.198	0.198
  7492	0.0554958	-0.198	0.198
  7493	0.0695347	-0.198	0.198
  7494	0.0870554	-0.198	0.198
  7495	0.0818999	-0.198	0.198
  7496	0.0731143	-0.198	0.198
  7497	0.0951999	-0.198	0.198
  7498	0.0956925	-0.198	0.198
  7499	0.0763357	-0.198	0.198
  7500	0.0815894	-0.198	0.198
  7501	0.0923673	-0.198	0.198
  7502	0.0981134	-0.198	0.198
  7503	0.0687757	-0.198	0.198
  7504	0.0627834	-0.198	0.198
  7505	0.0941374	-0.198	0.198
  7506	0.075787	-0.198	0.198
  7507	0.0404837	-0.198	0.198
  7508	0.0925526	-0.198	0.198
  7509	0.0730389	-0.198	0.198
  7510	0.0681465	-0.198	0.198
  7511	0.0528443	-0.198	0.198
  7512	0.0832826	-0.198	0.198
  7513	0.0617138	-0.198	0.198
  7514	0.0946351	-0.198	0.198
  7515	0.0821595	-0.198	0.198
  7516	0.0555921	-0.198	0.198
  7517	0.0696391	-0.198	0.198
  7518	0.0552201	-0.198	0.198
  7519	0.0787461	-0.198	0.198
  7520	0.0896504	-0.198	0.198
  7521	0.0901095	-0.198	0.198
  7522	0.0958209	-0.198	0.198
  7523	0.0978105	-0.198	0.198
  7524	0.0570416	-0.198	0.198
  7525	0.081829	-0.198	0.198
  7526	0.0803286	-0.198	0.198
  7527	0.0753631	-0.198	0.198
  7528	0.0912786	-0.198	0.198
  7529	0.0647548	-0.198	0.198
  7530	0.0949411	-0.198	0.198
  7531	0.0931779	-0.198	0.198
  7532	0.056394	-0.198	0.198
  7533	0.0456155	-0.198	0.198
  7534	0.0767271	-0.198	0.198
  7535	0.0731334	-0.198	0.198
  7536	0.0757844	-0.198	0.198
  7537	0.0484902	-0.198	0.198
  7538	0.0673108	-0.198	0.198
  7539	0.0861277	-0.198	0.198
  7540	0.0889578	-0.198	0.198
  7541	0.090131	-0.198	0.198
  7542	0.0950175	-0.198	0.198
  7543	0.0889662	-0.198	0.198
  7544	0.0984009	-0.198	0.198
  7545	0.0691351	-0.198	0.198
  7546	0.090363	-0.198	0.198
  7547	0.0409286	-0.198	0.198
  7548	0.0932182	-0.198	0.198
  7549	0.0407368	-0.198	0.198
  7550	0.0841841	-0.198	0.198
  7551	0.094724	-0.198	0.198
  7552	0.0523822	-0.198	0.198
  7553	0.0555694	-0.198	0.198
  7554	0.0747153	-0.198	0.198
  7555	0.0930482	-0.198	0.198
  7556	0.0148196	-0.198	0.198
  7557	0.094263	-0.198	0.198
  7558	0.090847	-0.198	0.198
  7559	0.063067	-0.198	0.198
  7560	0.0969304	-0.198	0.198
  7561	0.0850192	-0.198	0.198
  7562	0.0952646	-0.198	0.198
  7563	0.0412797	-0.198	0.198
  7564	0.0888706	-0.198	0.198
  7565	0.0744456	-0.198	0.198
  7566	0.0553214	-0.198	0.198
  7567	0.0784517	-0.198	0.198
  7568	0.0870436	-0.198	0.198
  7569	0.0988156	-0.198	0.198
  7570	0.0772004	-0.198	0.198
  7571	0.030773	-0.198	0.198
  7572	0.0900664	-0.198	0.198
  7573	0.0711665	-0.198	0.198
  7574	0.0706046	-0.198	0.198
  7575	0.0632168	-0.198	0.198
  7576	0.0942094	-0.198	0.198
  7577	0.0662245	-0.198	0.198
  7578	0.0852609	-0.198	0.198
  7579	0.0839079	-0.198	0.198
  7580	0.0588135	-0.198	0.198
  7581	0.0900408	-0.198	0.198
  7582	0.0669086	-0.198	0.198
  7583	0.095979	-0.198	0.198
  7584	0.0836895	-0.198	0.198
  7585	0.0746205	-0.198	0.198
  7586	0.0650918	-0.198	0.198
  7587	0.0943813	-0.198	0.198
  7588	0.0915607	-0.198	0.198
  7589	0.0804797	-0.198	0.198
  7590	0.0644815	-0.198	0.198
  7591	0.0645956	-0.198	0.198
  7592	0.0968264	-0.198	0.198
  7593	0.0849698	-0.198	0.198
  7594	0.0586337	-0.198	0.198
  7595	0.0348214	-0.198	0.198
  7596	0.0910515	-0.198	0.198
  7597	0.0532461	-0.198	0.198
  7598	0.0747839	-0.198	0.198
  7599	0.0836942	-0.198	0.198
  7600	0.0911521	-0.198	0.198
  7601	0.0941883	-0.198	0.198
  7602	0.0916015	-0.198	0.198
  7603	0.0842401	-0.198	0.198
  7604	0.0574677	-0.198	0.198
  7605	0.0950328	-0.198	0.198
  7606	0.0685309	-0.198	0.198
  7607	0.0909	-0.198	0.198
  7608	0.0773428	-0.198	0.198
  7609	0.0935818	-0.198	0.198
  7610	0.0811882	-0.198	0.198
  7611	0.0970491	-0.198	0.198
  7612	0.0945904	-0.198	0.198
  7613	0.0833973	-0.198	0.198
  7614	0.0968874	-0.198	0.198
  7615	0.0439865	-0.198	0.198
  7616	0.095344	-0.198	0.198
  7617	0.0852867	-0.198	0.198
  7618	0.0878201	-0.198	0.198
  7619	0.0630325	-0.198	0.198
  7620	0.0657752	-0.198	0.198
  7621	0.0830305	-0.198	0.198
  7622	0.0867874	-0.198	0.198
  7623	0.057186	-0.198	0.198
  7624	0.0592302	-0.198	0.198
  7625	0.0606029	-0.198	0.198
  7626	0.0973487	-0.198	0.198
  7627	0.0838547	-0.198	0.198
  7628	0.0915492	-0.198	0.198
  7629	0.0510772	-0.198	0.198
  7630	0.0923777	-0.198	0.198
  7631	0.0701614	-0.198	0.198
  7632	0.0856057	-0.198	0.198
  7633	0.0462969	-0.198	0.198
  7634	0.0984627	-0.198	0.198
  7635	0.0920714	-0.198	0.198
  7636	0.0331452	-0.198	0.198
  7637	0.0812744	-0.198	0.198
  7638	0.0935034	-0.198	0.198
  7639	0.031062	-0.198	0.198
  7640	0.0954394	-0.198	0.198
  7641	0.0835077	-0.198	0.198
  7642	0.0924906	-0.198	0.198
  7643	0.0778656	-0.198	0.198
  7644	0.0306877	-0.198	0.198
  7645	0.0985367	-0.198	0.198
  7646	0.0937668	-0.198	0.198
  7647	0.0593605	-0.198	0.198
  7648	0.0795354	-0.198	0.198
  7649	0.0918698	-0.198	0.198
  7650	0.0602045	-0.198	0.198
  7651	0.0532669	-0.198	0.198
  7652	0.0863946	-0.198	0.198
  7653	0.0373128	-0.198	0.198
  7654	0.0838258	-0.198	0.198
  7655	0.0882484	-0.198	0.198
  7656	0.0929312	-0.198	0.198
  7657	0.0809348	-0.198	0.198
  7658	0.062657	-0.198	0.198
  7659	0.084284	-0.198	0.198
  7660	0.0670237	-0.198	0.198
  7661	0.0913514	-0.198	0.198
  7662	0.0628112	-0.198	0.198
  7663	0.0788647	-0.198	0.198
  7664	0.0470174	-0.198	0.198
  7665	0.0928169	-0.198	0.198
  7666	0.0814648	-0.198	0.198
  7667	0.0487673	-0.198	0.198
  7668	0.0774745	-0.198	0.198
  7669	0.0890173	-0.198	0.198
  7670	0.0974947	-0.198	0.198
  7671	0.08165	-0.198	0.198
  7672	0.0781505	-0.198	0.198
  7673	0.0881223	-0.198	0.198
  7674	0.0605011	-0.198	0.198
  7675	0.0708763	-0.198	0.198
  7676	0.0850871	-0.198	0.198
  7677	0.0929249	-0.198	0.198
  7678	0.0979473	-0.198	0.198
  7679	0.097725	-0.198	0.198
  7680	0.0974903	-0.198	0.198
  7681	0.082881	-0.198	0.198
  7682	0.0919728	-0.198	0.198
  7683	0.0481778	-0.198	0.198
  7684	0.0959196	-0.198	0.198
  7685	0.0708727	-0.198	0.198
  7686	0.0837036	-0.198	0.198
  7687	0.0893509	-0.198	0.198
  7688	0.0687296	-0.198	0.198
  7689	0.0705362	-0.198	0.198
  7690	0.0608123	-0.198	0.198
  7691	0.0721561	-0.198	0.198
  7692	0.0467184	-0.198	0.198
  7693	0.0468823	-0.198	0.198
  7694	0.0903193	-0.198	0.198
  7695	0.0665919	-0.198	0.198
  7696	0.0986596	-0.198	0.198
  7697	0.0951005	-0.198	0.198
  7698	0.0522776	-0.198	0.198
  7699	0.0744539	-0.198	0.198
  7700	0.0899575	-0.198	0.198
  7701	0.0876824	-0.198	0.198
  7702	0.0773403	-0.198	0.198
  7703	0.0716323	-0.198	0.198
  7704	0.0661671	-0.198	0.198
  7705	0.0670651	-0.198	0.198
  7706	0.060069	-0.198	0.198
  7707	0.0779713	-0.198	0.198
  7708	0.091501	-0.198	0.198
  7709	0.0951997	-0.198	0.198
  7710	0.0394018	-0.198	0.198
  7711	0.0930467	-0.198	0.198
  7712	0.0463871	-0.198	0.198
  7713	0.090761	-0.198	0.198
  7714	0.0976035	-0.198	0.198
  7715	0.053161	-0.198	0.198
  7716	0.0837207	-0.198	0.198
  7717	0.0916112	-0.198	0.198
  7718	0.0874566	-0.198	0.198
  7719	0.0692729	-0.198	0.198
  7720	0.0901494	-0.198	0.198
  7721	0.0921366	-0.198	0.198
  7722	0.082	-0.198	0.198
  7723	0.0771704	-0.198	0.198
  7724	0.0819324	-0.198	0.198
  7725	0.0968955	-0.198	0.198
  7726	0.0572893	-0.198	0.198
  7727	0.0751325	-0.198	0.198
  7728	0.0942577	-0.198	0.198
  7729	0.0184529	-0.198	0.198
  7730	0.0892619	-0.198	0.198
  7731	0.0383998	-0.198	0.198
  7732	0.0343537	-0.198	0.198
  7733	0.0591069	-0.198	0.198
  7734	0.09669	-0.198	0.198
  7735	0.0675587	-0.198	0.198
  7736	0.0906999	-0.198	0.198
  7737	0.0169519	-0.198	0.198
  7738	0.0947447	-0.198	0.198
  7739	0.0723885	-0.198	0.198
  7740	0.0545806	-0.198	0.198
  7741	0.0740212	-0.198	0.198
  7742	0.0936878	-0.198	0.198
  7743	0.0971242	-0.198	0.198
  7744	0.0963676	-0.198	0.198
  7745	0.0584236	-0.198	0.198
  7746	0.0968116	-0.198	0.198
  7747	0.0594899	-0.198	0.198
  7748	0.0774403	-0.198	0.198
  7749	0.0499404	-0.198	0.198
  7750	0.0986063	-0.198	0.198
  7751	0.0917682	-0.198	0.198
  7752	0.0966024	-0.198	0.198
  7753	0.0925647	-0.198	0.198
  7754	0.0342973	-0.198	0.198
  7755	0.0875013	-0.198	0.198
  7756	0.0858621	-0.198	0.198
  7757	0.0628722	-0.198	0.198
  7758	0.0853953	-0.198	0.198
  7759	0.09361	-0.198	0.198
  7760	0.0831874	-0.198	0.198
  7761	0.0399502	-0.198	0.198
  7762	0.076422	-0.198	0.198
  7763	0.075304	-0.198	0.198
  7764	0.0406761	-0.198	0.198
  7765	0.0978235	-0.198	0.198
  7766	0.0599743	-0.198	0.198
  7767	0.0358776	-0.198	0.198
  7768	0.0414347	-0.198	0.198
  7769	0.08937	-0.198	0.198
  7770	0.0693285	-0.198	0.198
  7771	0.0923231	-0.198	0.198
  7772	0.085069	-0.198	0.198
  7773	0.0433155	-0.198	0.198
  7774	0.0833252	-0.198	0.198
  7775	0.0879825	-0.198	0.198
  7776	0.0746912	-0.198	0.198
  7777	0.0942999	-0.198	0.198
  7778	0.0727864	-0.198	0.198
  7779	0.0603552	-0.198	0.198
  7780	0.0833327	-0.198	0.198
  7781	0.056418	-0.198	0.198
  7782	0.0983718	-0.198	0.198
  7783	0.0917008	-0.198	0.198
  7784	0.0789191	-0.198	0.198
  7785	0.0597295	-0.198	0.198
  7786	0.0542935	-0.198	0.198
  7787	0.0954776	-0.198	0.198
  7788	0.0966026	-0.198	0.198
  7789	0.0805351	-0.198	0.198
  7790	0.0726145	-0.198	0.198
  7791	0.070545	-0.198	0.198
  7792	0.0885109	-0.198	0.198
  7793	0.0958685	-0.198	0.198
  7794	0.0438554	-0.198	0.198
  7795	0.0932641	-0.198	0.198
  7796	0.0504754	-0.198	0.198
  7797	0.0685288	-0.198	0.198
  7798	0.0907657	-0.198	0.198
  7799	0.0945581	-0.198	0.198
  7800	0.0800226	-0.198	0.198
  7801	0.0742709	-0.198	0.198
  7802	0.0661905	-0.198	0.198
  7803	0.0697931	-0.198	0.198
  7804	0.0972366	-0.198	0.198
  7805	0.0637107	-0.198	0.198
  7806	0.0836947	-0.198	0.198
  7807	0.0890638	-0.198	0.198
  7808	0.0723888	-0.198	0.198
  7809	0.0759428	-0.198	0.198
  7810	0.0834452	-0.198	0.198
  7811	0.080467	-0.198	0.198
  7812	0.0986517	-0.198	0.198
  7813	0.0650074	-0.198	0.198
  7814	0.034745	-0.198	0.198
  7815	0.0969292	-0.198	0.198
  7816	0.0974005	-0.198	0.198
  7817	0.0844532	-0.198	0.198
  7818	0.0969356	-0.198	0.198
  7819	0.0719905	-0.198	0.198
  7820	0.0961529	-0.198	0.198
  7821	0.0833761	-0.198	0.198
  7822	0.056802	-0.198	0.198
  7823	0.0837743	-0.198	0.198
  7824	0.0860589	-0.198	0.198
  7825	0.0719009	-0.198	0.198
  7826	0.0651206	-0.198	0.198
  7827	0.0505565	-0.198	0.198
  7828	0.0530762	-0.198	0.198
  7829	0.0598099	-0.198	0.198
  7830	0.0921405	-0.198	0.198
  7831	0.083874	-0.198	0.198
  7832	0.0879026	-0.198	0.198
  7833	0.0905074	-0.198	0.198
  7834	0.086128	-0.198	0.198
  7835	0.0832964	-0.198	0.198
  7836	0.0792499	-0.198	0.198
  7837	0.0705801	-0.198	0.198
  7838	0.0733078	-0.198	0.198
  7839	0.0942639	-0.198	0.198
  7840	0.0773825	-0.198	0.198
  7841	0.0534456	-0.198	0.198
  7842	0.0789311	-0.198	0.198
  7843	0.0755408	-0.198	0.198
  7844	0.0930759	-0.198	0.198
  7845	0.0614697	-0.198	0.198
  7846	0.0748712	-0.198	0.198
  7847	0.0809202	-0.198	0.198
  7848	0.0763218	-0.198	0.198
  7849	0.0967496	-0.198	0.198
  7850	0.092218	-0.198	0.198
  7851	0.0805476	-0.198	0.198
  7852	0.0762346	-0.198	0.198
  7853	0.0896714	-0.198	0.198
  7854	0.066528	-0.198	0.198
  7855	0.0813214	-0.198	0.198
  7856	0.0825305	-0.198	0.198
  7857	0.0881188	-0.198	0.198
  7858	0.0956949	-0.198	0.198
  7859	0.0500861	-0.198	0.198
  7860	0.0850192	-0.198	0.198
  7861	0.0962861	-0.198	0.198
  7862	0.09774	-0.198	0.198
  7863	0.0647629	-0.198	0.198
  7864	0.085214	-0.198	0.198
  7865	0.0890649	-0.198	0.198
  7866	0.0933208	-0.198	0.198
  7867	0.0821703	-0.198	0.198
  7868	0.078335	-0.198	0.198
  7869	0.0774121	-0.198	0.198
  7870	0.051778	-0.198	0.198
  7871	0.0908798	-0.198	0.198
  7872	0.0890744	-0.198	0.198
  7873	0.090791	-0.198	0.198
  7874	0.0529592	-0.198	0.198
  7875	0.0968364	-0.198	0.198
  7876	0.0979917	-0.198	0.198
  7877	0.0782245	-0.198	0.198
  7878	0.0591222	-0.198	0.198
  7879	0.0829371	-0.198	0.198
  7880	0.0670349	-0.198	0.198
  7881	0.0978686	-0.198	0.198
  7882	0.0802475	-0.198	0.198
  7883	0.0657834	-0.198	0.198
  7884	0.0931542	-0.198	0.198
  7885	0.0976928	-0.198	0.198
  7886	0.0481881	-0.198	0.198
  7887	0.0970263	-0.198	0.198
  7888	0.080011	-0.198	0.198
  7889	0.09338	-0.198	0.198
  7890	0.0906329	-0.198	0.198
  7891	0.0726666	-0.198	0.198
  7892	0.0886831	-0.198	0.198
  7893	0.069891	-0.198	0.198
  7894	0.086591	-0.198	0.198
  7895	0.0496062	-0.198	0.198
  7896	0.0849423	-0.198	0.198
  7897	0.096499	-0.198	0.198
  7898	0.096257	-0.198	0.198
  7899	0.0569304	-0.198	0.198
  7900	0.0959106	-0.198	0.198
  7901	0.0573987	-0.198	0.198
  7902	0.0824618	-0.198	0.198
  7903	0.0752929	-0.198	0.198
  7904	0.0574904	-0.198	0.198
  7905	0.069781	-0.198	0.198
  7906	0.0965871	-0.198	0.198
  7907	0.0429033	-0.198	0.198
  7908	0.0661243	-0.198	0.198
  7909	0.0757854	-0.198	0.198
  7910	0.0795044	-0.198	0.198
  7911	0.0870801	-0.198	0.198
  7912	0.0913966	-0.198	0.198
  7913	0.0778972	-0.198	0.198
  7914	0.0463069	-0.198	0.198
  7915	0.0889606	-0.198	0.198
  7916	0.0606166	-0.198	0.198
  7917	0.0892297	-0.198	0.198
  7918	0.0630948	-0.198	0.198
  7919	0.0961195	-0.198	0.198
  7920	0.0749469	-0.198	0.198
  7921	0.0616231	-0.198	0.198
  7922	0.087662	-0.198	0.198
  7923	0.0754862	-0.198	0.198
  7924	0.086808	-0.198	0.198
  7925	0.0660099	-0.198	0.198
  7926	0.0814495	-0.198	0.198
  7927	0.092906	-0.198	0.198
  7928	0.0731709	-0.198	0.198
  7929	0.0653263	-0.198	0.198
  7930	0.0684972	-0.198	0.198
  7931	0.0609871	-0.198	0.198
  7932	0.0799164	-0.198	0.198
  7933	0.0210994	-0.198	0.198
  7934	0.0856232	-0.198	0.198
  7935	0.0807382	-0.198	0.198
  7936	0.0856383	-0.198	0.198
  7937	0.0566091	-0.198	0.198
  7938	0.0887024	-0.198	0.198
  7939	0.0903547	-0.198	0.198
  7940	0.0871969	-0.198	0.198
  7941	0.0758574	-0.198	0.198
  7942	0.0547912	-0.198	0.198
  7943	0.0959736	-0.198	0.198
  7944	0.0885033	-0.198	0.198
  7945	0.0559109	-0.198	0.198
  7946	0.0667048	-0.198	0.198
  7947	0.0867842	-0.198	0.198
  7948	0.0892279	-0.198	0.198
  7949	0.0974415	-0.198	0.198
  7950	0.0969835	-0.198	0.198
  7951	0.0980064	-0.198	0.198
  7952	0.0833612	-0.198	0.198
  7953	0.0648281	-0.198	0.198
  7954	0.0867319	-0.198	0.198
  7955	0.0975406	-0.198	0.198
  7956	0.0922192	-0.198	0.198
  7957	0.0851542	-0.198	0.198
  7958	0.0540986	-0.198	0.198
  7959	0.0946162	-0.198	0.198
  7960	0.0945914	-0.198	0.198
  7961	0.0834446	-0.198	0.198
  7962	0.0785573	-0.198	0.198
  7963	0.0765287	-0.198	0.198
  7964	0.0788009	-0.198	0.198
  7965	0.0959437	-0.198	0.198
  7966	0.0717331	-0.198	0.198
  7967	0.0984698	-0.198	0.198
  7968	0.083779	-0.198	0.198
  7969	0.0917725	-0.198	0.198
  7970	0.0976114	-0.198	0.198
  7971	0.0958423	-0.198	0.198
  7972	0.0813714	-0.198	0.198
  7973	0.0886454	-0.198	0.198
  7974	0.0971345	-0.198	0.198
  7975	0.0973944	-0.198	0.198
  7976	0.0754267	-0.198	0.198
  7977	0.0573189	-0.198	0.198
  7978	0.0833761	-0.198	0.198
  7979	0.079674	-0.198	0.198
  7980	0.064617	-0.198	0.198
  7981	0.0565395	-0.198	0.198
  7982	0.0933529	-0.198	0.198
  7983	0.0683182	-0.198	0.198
  7984	0.0978161	-0.198	0.198
  7985	0.0520936	-0.198	0.198
  7986	0.065915	-0.198	0.198
  7987	0.0658454	-0.198	0.198
  7988	0.0704128	-0.198	0.198
  7989	0.0958033	-0.198	0.198
  7990	0.0889208	-0.198	0.198
  7991	0.0901909	-0.198	0.198
  7992	0.0983561	-0.198	0.198
  7993	0.0147725	-0.198	0.198
  7994	0.0982905	-0.198	0.198
  7995	0.0875419	-0.198	0.198
  7996	0.0812919	-0.198	0.198
  7997	0.0829513	-0.198	0.198
  7998	0.0238136	-0.198	0.198
  7999	0.0898297	-0.198	0.198
  8000	0.0935543	-0.198	0.198
  8001	0.0688783	-0.198	0.198
  8002	0.0860475	-0.198	0.198
  8003	0.0655146	-0.198	0.198
  8004	0.0801754	-0.198	0.198
  8005	0.0306833	-0.198	0.198
  8006	0.0813178	-0.198	0.198
  8007	0.0932806	-0.198	0.198
  8008	0.0828412	-0.198	0.198
  8009	0.073296	-0.198	0.198
  8010	0.0606546	-0.198	0.198
  8011	0.0818434	-0.198	0.198
  8012	0.0960322	-0.198	0.198
  8013	0.0969983	-0.198	0.198
  8014	0.0393729	-0.198	0.198
  8015	0.0955806	-0.198	0.198
  8016	0.08977	-0.198	0.198
  8017	0.0882331	-0.198	0.198
  8018	0.0974064	-0.198	0.198
  8019	0.0551927	-0.198	0.198
  8020	0.0789041	-0.198	0.198
  8021	0.0853024	-0.198	0.198
  8022	0.0787913	-0.198	0.198
  8023	0.0680784	-0.198	0.198
  8024	0.0789906	-0.198	0.198
  8025	0.0576593	-0.198	0.198
  8026	0.0766669	-0.198	0.198
  8027	0.0662054	-0.198	0.198
  8028	0.0737905	-0.198	0.198
  8029	0.0960424	-0.198	0.198
  8030	0.0770488	-0.198	0.198
  8031	0.057499	-0.198	0.198
  8032	0.0933609	-0.198	0.198
  8033	0.0826187	-0.198	0.198
  8034	0.0963468	-0.198	0.198
  8035	0.0866811	-0.198	0.198
  8036	0.0586736	-0.198	0.198
  8037	0.0353417	-0.198	0.198
  8038	0.08115	-0.198	0.198
  8039	0.0478996	-0.198	0.198
  8040	0.0957995	-0.198	0.198
  8041	0.093013	-0.198	0.198
  8042	0.0360356	-0.198	0.198
  8043	0.0517381	-0.198	0.198
  8044	0.0392323	-0.198	0.198
  8045	0.0767098	-0.198	0.198
  8046	0.0774049	-0.198	0.198
  8047	0.0865012	-0.198	0.198
  8048	0.0984484	-0.198	0.198
  8049	0.0823675	-0.198	0.198
  8050	0.0326469	-0.198	0.198
  8051	0.0662115	-0.198	0.198
  8052	0.097475	-0.198	0.198
  8053	0.0816035	-0.198	0.198
  8054	0.0889625	-0.198	0.198
  8055	0.0852163	-0.198	0.198
  8056	0.0952482	-0.198	0.198
  8057	0.094156	-0.198	0.198
  8058	0.0691454	-0.198	0.198
  8059	0.050031	-0.198	0.198
  8060	0.0664732	-0.198	0.198
  8061	0.0468123	-0.198	0.198
  8062	0.0887563	-0.198	0.198
  8063	0.0358753	-0.198	0.198
  8064	0.0419069	-0.198	0.198
  8065	0.0417238	-0.198	0.198
  8066	0.0986832	-0.198	0.198
  8067	0.0753462	-0.198	0.198
  8068	0.0515659	-0.198	0.198
  8069	0.094732	-0.198	0.198
  8070	0.0821959	-0.198	0.198
  8071	0.0977298	-0.198	0.198
  8072	0.0951599	-0.198	0.198
  8073	0.0792017	-0.198	0.198
  8074	0.0781673	-0.198	0.198
  8075	0.0621167	-0.198	0.198
  8076	0.0685119	-0.198	0.198
  8077	0.0954147	-0.198	0.198
  8078	0.0682856	-0.198	0.198
  8079	0.0682174	-0.198	0.198
  8080	0.0794878	-0.198	0.198
  8081	0.0982937	-0.198	0.198
  8082	0.0925109	-0.198	0.198
  8083	0.0819761	-0.198	0.198
  8084	0.0858764	-0.198	0.198
  8085	0.0768414	-0.198	0.198
  8086	0.0741066	-0.198	0.198
  8087	0.0816713	-0.198	0.198
  8088	0.0932855	-0.198	0.198
  8089	0.0775142	-0.198	0.198
  8090	0.0319179	-0.198	0.198
  8091	0.0807558	-0.198	0.198
  8092	0.0924759	-0.198	0.198
  8093	0.0756051	-0.198	0.198
  8094	0.0621769	-0.198	0.198
  8095	0.0859987	-0.198	0.198
  8096	0.0408855	-0.198	0.198
  8097	0.0753121	-0.198	0.198
  8098	0.07864	-0.198	0.198
  8099	0.0585463	-0.198	0.198
  8100	0.0740435	-0.198	0.198
  8101	0.0728331	-0.198	0.198
  8102	0.0806116	-0.198	0.198
  8103	0.0966135	-0.198	0.198
  8104	0.0744972	-0.198	0.198
  8105	0.0958068	-0.198	0.198
  8106	0.0538283	-0.198	0.198
  8107	0.0878414	-0.198	0.198
  8108	0.0940577	-0.198	0.198
  8109	0.0954185	-0.198	0.198
  8110	0.0945934	-0.198	0.198
  8111	0.0965115	-0.198	0.198
  8112	0.0976699	-0.198	0.198
  8113	0.0487156	-0.198	0.198
  8114	0.0577047	-0.198	0.198
  8115	0.0814618	-0.198	0.198
  8116	0.0308002	-0.198	0.198
  8117	0.081397	-0.198	0.198
  8118	0.0882659	-0.198	0.198
  8119	0.0547071	-0.198	0.198
  8120	0.068376	-0.198	0.198
  8121	0.0869093	-0.198	0.198
  8122	0.0949429	-0.198	0.198
  8123	0.0632313	-0.198	0.198
  8124	0.0680089	-0.198	0.198
  8125	0.0814646	-0.198	0.198
  8126	0.0928999	-0.198	0.198
  8127	0.0979441	-0.198	0.198
  8128	0.0851641	-0.198	0.198
  8129	0.0966145	-0.198	0.198
  8130	0.0243541	-0.198	0.198
  8131	0.070238	-0.198	0.198
  8132	0.0897246	-0.198	0.198
  8133	0.0641253	-0.198	0.198
  8134	0.0554806	-0.198	0.198
  8135	0.0885037	-0.198	0.198
  8136	0.0803763	-0.198	0.198
  8137	0.0851903	-0.198	0.198
  8138	0.0954659	-0.198	0.198
  8139	0.0778308	-0.198	0.198
  8140	0.0983399	-0.198	0.198
  8141	0.0603622	-0.198	0.198
  8142	0.0792576	-0.198	0.198
  8143	0.0861015	-0.198	0.198
  8144	0.0701836	-0.198	0.198
  8145	0.0939923	-0.198	0.198
  8146	0.0973303	-0.198	0.198
  8147	0.0976718	-0.198	0.198
  8148	0.0913548	-0.198	0.198
  8149	0.0963058	-0.198	0.198
  8150	0.0494478	-0.198	0.198
  8151	0.0722509	-0.198	0.198
  8152	0.0983691	-0.198	0.198
  8153	0.0519962	-0.198	0.198
  8154	0.0855087	-0.198	0.198
  8155	0.0456486	-0.198	0.198
  8156	0.0523813	-0.198	0.198
  8157	0.0974604	-0.198	0.198
  8158	0.0156988	-0.198	0.198
  8159	0.0923746	-0.198	0.198
  8160	0.0553165	-0.198	0.198
  8161	0.0931275	-0.198	0.198
  8162	0.0685739	-0.198	0.198
  8163	0.0774299	-0.198	0.198
  8164	0.0458448	-0.198	0.198
  8165	0.0984076	-0.198	0.198
  8166	0.0616819	-0.198	0.198
  8167	0.0967663	-0.198	0.198
  8168	0.0629515	-0.198	0.198
  8169	0.0592547	-0.198	0.198
  8170	0.0934235	-0.198	0.198
  8171	0.0708164	-0.198	0.198
  8172	0.0693695	-0.198	0.198
  8173	0.0793905	-0.198	0.198
  8174	0.0492126	-0.198	0.198
  8175	0.0827722	-0.198	0.198
  8176	0.095016	-0.198	0.198
  8177	0.0703338	-0.198	0.198
  8178	0.0685758	-0.198	0.198
  8179	0.066703	-0.198	0.198
  8180	0.0645072	-0.198	0.198
  8181	0.0837268	-0.198	0.198
  8182	0.0712521	-0.198	0.198
  8183	0.0465864	-0.198	0.198
  8184	0.0520089	-0.198	0.198
  8185	0.0500673	-0.198	0.198
  8186	0.0603551	-0.198	0.198
  8187	0.0547384	-0.198	0.198
  8188	0.0634286	-0.198	0.198
  8189	0.0782839	-0.198	0.198
  8190	0.0690585	-0.198	0.198
  8191	0.0727472	-0.198	0.198
  8192	0.0790045	-0.198	0.198
  8193	0.067303	-0.198	0.198
  8194	0.0894214	-0.198	0.198
  8195	0.0954801	-0.198	0.198
  8196	0.097901	-0.198	0.198
  8197	0.069964	-0.198	0.198
  8198	0.0700767	-0.198	0.198
  8199	0.0925855	-0.198	0.198
  8200	0.0325618	-0.198	0.198
  8201	0.0821454	-0.198	0.198
  8202	0.093422	-0.198	0.198
  8203	0.0947782	-0.198	0.198
  8204	0.056729	-0.198	0.198
  8205	0.0886543	-0.198	0.198
  8206	0.0697146	-0.198	0.198
  8207	0.0723157	-0.198	0.198
  8208	0.0638798	-0.198	0.198
  8209	0.0812373	-0.198	0.198
  8210	0.0862938	-0.198	0.198
  8211	0.0805853	-0.198	0.198
  8212	0.0784216	-0.198	0.198
  8213	0.0497137	-0.198	0.198
  8214	0.086429	-0.198	0.198
  8215	0.076324	-0.198	0.198
  8216	0.0866018	-0.198	0.198
  8217	0.0687632	-0.198	0.198
  8218	0.0930695	-0.198	0.198
  8219	0.0208537	-0.198	0.198
  8220	0.0976847	-0.198	0.198
  8221	0.0718515	-0.198	0.198
  8222	0.0659639	-0.198	0.198
  8223	0.0953728	-0.198	0.198
  8224	0.0358861	-0.198	0.198
  8225	0.0651128	-0.198	0.198
  8226	0.0981758	-0.198	0.198
  8227	0.0659518	-0.198	0.198
  8228	0.0710672	-0.198	0.198
  8229	0.0649477	-0.198	0.198
  8230	0.0927159	-0.198	0.198
  8231	0.0735367	-0.198	0.198
  8232	0.0956517	-0.198	0.198
  8233	0.0841647	-0.198	0.198
  8234	0.0898618	-0.198	0.198
  8235	0.0878705	-0.198	0.198
  8236	0.0790589	-0.198	0.198
  8237	0.0935722	-0.198	0.198
  8238	0.0883976	-0.198	0.198
  8239	0.0811394	-0.198	0.198
  8240	0.0883965	-0.198	0.198
  8241	0.0873842	-0.198	0.198
  8242	0.0747547	-0.198	0.198
  8243	0.0453978	-0.198	0.198
  8244	0.0953946	-0.198	0.198
  8245	0.0965986	-0.198	0.198
  8246	0.0677443	-0.198	0.198
  8247	0.0955951	-0.198	0.198
  8248	0.0401817	-0.198	0.198
  8249	0.0168255	-0.198	0.198
  8250	0.076933	-0.198	0.198
  8251	0.0362652	-0.198	0.198
  8252	0.0619406	-0.198	0.198
  8253	0.0831715	-0.198	0.198
  8254	0.0745752	-0.198	0.198
  8255	0.0679812	-0.198	0.198
  8256	0.0970713	-0.198	0.198
  8257	0.0941732	-0.198	0.198
  8258	0.0652315	-0.198	0.198
  8259	0.0888511	-0.198	0.198
  8260	0.0926272	-0.198	0.198
  8261	0.0436305	-0.198	0.198
  8262	0.0830332	-0.198	0.198
  8263	0.0970961	-0.198	0.198
  8264	0.0796732	-0.198	0.198
  8265	0.0923478	-0.198	0.198
  8266	0.0969772	-0.198	0.198
  8267	0.083625	-0.198	0.198
  8268	0.0579945	-0.198	0.198
  8269	0.0916615	-0.198	0.198
  8270	0.0942456	-0.198	0.198
  8271	0.0768597	-0.198	0.198
  8272	0.0842706	-0.198	0.198
  8273	0.0667542	-0.198	0.198
  8274	0.083109	-0.198	0.198
  8275	0.0391607	-0.198	0.198
  8276	0.0612367	-0.198	0.198
  8277	0.0901486	-0.198	0.198
  8278	0.0844081	-0.198	0.198
  8279	0.0628119	-0.198	0.198
  8280	0.0753409	-0.198	0.198
  8281	0.0812737	-0.198	0.198
  8282	0.0969518	-0.198	0.198
  8283	0.0812835	-0.198	0.198
  8284	0.0873474	-0.198	0.198
  8285	0.0978245	-0.198	0.198
  8286	0.0806173	-0.198	0.198
  8287	0.0604061	-0.198	0.198
  8288	0.0760311	-0.198	0.198
  8289	0.0950932	-0.198	0.198
  8290	0.0621062	-0.198	0.198
  8291	0.056992	-0.198	0.198
  8292	0.0551048	-0.198	0.198
  8293	0.0831775	-0.198	0.198
  8294	0.0906982	-0.198	0.198
  8295	0.0793219	-0.198	0.198
  8296	0.0948392	-0.198	0.198
  8297	0.0959162	-0.198	0.198
  8298	0.0783628	-0.198	0.198
  8299	0.0691709	-0.198	0.198
  8300	0.0861886	-0.198	0.198
  8301	0.092668	-0.198	0.198
  8302	0.0811906	-0.198	0.198
  8303	0.0523906	-0.198	0.198
  8304	0.0965495	-0.198	0.198
  8305	0.0878551	-0.198	0.198
  8306	0.0587039	-0.198	0.198
  8307	0.0832454	-0.198	0.198
  8308	0.0609363	-0.198	0.198
  8309	0.098241	-0.198	0.198
  8310	0.0975159	-0.198	0.198
  8311	0.0612573	-0.198	0.198
  8312	0.0960091	-0.198	0.198
  8313	0.0782423	-0.198	0.198
  8314	0.0930327	-0.198	0.198
  8315	0.0533689	-0.198	0.198
  8316	0.0688715	-0.198	0.198
  8317	0.0696408	-0.198	0.198
  8318	0.0945988	-0.198	0.198
  8319	0.0586792	-0.198	0.198
  8320	0.0510385	-0.198	0.198
  8321	0.0742694	-0.198	0.198
  8322	0.0902255	-0.198	0.198
  8323	0.073103	-0.198	0.198
  8324	0.0941663	-0.198	0.198
  8325	0.091443	-0.198	0.198
  8326	0.0734794	-0.198	0.198
  8327	0.0625702	-0.198	0.198
  8328	0.09076	-0.198	0.198
  8329	0.0621939	-0.198	0.198
  8330	0.0973255	-0.198	0.198
  8331	0.0744816	-0.198	0.198
  8332	0.0834645	-0.198	0.198
  8333	0.0785038	-0.198	0.198
  8334	0.057066	-0.198	0.198
  8335	0.0911686	-0.198	0.198
  8336	0.0966866	-0.198	0.198
  8337	0.0564338	-0.198	0.198
  8338	0.0604075	-0.198	0.198
  8339	0.0755758	-0.198	0.198
  8340	0.0743436	-0.198	0.198
  8341	0.0436445	-0.198	0.198
  8342	0.0614837	-0.198	0.198
  8343	0.0945954	-0.198	0.198
  8344	0.0928758	-0.198	0.198
  8345	0.0979557	-0.198	0.198
  8346	0.0744718	-0.198	0.198
  8347	0.0907006	-0.198	0.198
  8348	0.0559557	-0.198	0.198
  8349	0.065066	-0.198	0.198
  8350	0.0470556	-0.198	0.198
  8351	0.0627955	-0.198	0.198
  8352	0.0703972	-0.198	0.198
  8353	0.0969321	-0.198	0.198
  8354	0.0582462	-0.198	0.198
  8355	0.0832671	-0.198	0.198
  8356	0.0646854	-0.198	0.198
  8357	0.0531121	-0.198	0.198
  8358	0.0969421	-0.198	0.198
  8359	0.0919266	-0.198	0.198
  8360	0.0630071	-0.198	0.198
  8361	0.0883237	-0.198	0.198
  8362	0.0939204	-0.198	0.198
  8363	0.0945484	-0.198	0.198
  8364	0.0691216	-0.198	0.198
  8365	0.0892955	-0.198	0.198
  8366	0.0695416	-0.198	0.198
  8367	0.0967843	-0.198	0.198
  8368	0.084966	-0.198	0.198
  8369	0.0874614	-0.198	0.198
  8370	0.0482711	-0.198	0.198
  8371	0.0262135	-0.198	0.198
  8372	0.085314	-0.198	0.198
  8373	0.0970513	-0.198	0.198
  8374	0.0644276	-0.198	0.198
  8375	0.0666777	-0.198	0.198
  8376	0.0970557	-0.198	0.198
  8377	0.0707092	-0.198	0.198
  8378	0.0617668	-0.198	0.198
  8379	0.0879936	-0.198	0.198
  8380	0.0840449	-0.198	0.198
  8381	0.0816036	-0.198	0.198
  8382	0.0788246	-0.198	0.198
  8383	0.0734122	-0.198	0.198
  8384	0.0800892	-0.198	0.198
  8385	0.0796584	-0.198	0.198
  8386	0.0455838	-0.198	0.198
  8387	0.0889132	-0.198	0.198
  8388	0.075012	-0.198	0.198
  8389	0.081337	-0.198	0.198
  8390	0.0451233	-0.198	0.198
  8391	0.0825924	-0.198	0.198
  8392	0.0780805	-0.198	0.198
  8393	0.092255	-0.198	0.198
  8394	0.0567654	-0.198	0.198
  8395	0.0498677	-0.198	0.198
  8396	0.0591643	-0.198	0.198
  8397	0.0719728	-0.198	0.198
  8398	0.0803842	-0.198	0.198
  8399	0.0625113	-0.198	0.198
  8400	0.0715131	-0.198	0.198
  8401	0.0799326	-0.198	0.198
  8402	0.0969816	-0.198	0.198
  8403	0.0165072	-0.198	0.198
  8404	0.085996	-0.198	0.198
  8405	0.0402059	-0.198	0.198
  8406	0.0690374	-0.198	0.198
  8407	0.0710306	-0.198	0.198
  8408	0.0944791	-0.198	0.198
  8409	0.0834891	-0.198	0.198
  8410	0.0520864	-0.198	0.198
  8411	0.08353	-0.198	0.198
  8412	0.0966988	-0.198	0.198
  8413	0.0966073	-0.198	0.198
  8414	0.0671395	-0.198	0.198
  8415	0.0862959	-0.198	0.198
  8416	0.0922908	-0.198	0.198
  8417	0.0907163	-0.198	0.198
  8418	0.0870376	-0.198	0.198
  8419	0.0428527	-0.198	0.198
  8420	0.0980085	-0.198	0.198
  8421	0.0986585	-0.198	0.198
  8422	0.0957241	-0.198	0.198
  8423	0.0871834	-0.198	0.198
  8424	0.0844881	-0.198	0.198
  8425	0.0692387	-0.198	0.198
  8426	0.0561474	-0.198	0.198
  8427	0.0492599	-0.198	0.198
  8428	0.0939202	-0.198	0.198
  8429	0.0772727	-0.198	0.198
  8430	0.0930153	-0.198	0.198
  8431	0.0929409	-0.198	0.198
  8432	0.0869958	-0.198	0.198
  8433	0.0809651	-0.198	0.198
  8434	0.0706075	-0.198	0.198
  8435	0.0540175	-0.198	0.198
  8436	0.0637935	-0.198	0.198
  8437	0.0973738	-0.198	0.198
  8438	0.0843511	-0.198	0.198
  8439	0.0680934	-0.198	0.198
  8440	0.0812908	-0.198	0.198
  8441	0.0621868	-0.198	0.198
  8442	0.0621504	-0.198	0.198
  8443	0.0797223	-0.198	0.198
  8444	0.0711263	-0.198	0.198
  8445	0.0895825	-0.198	0.198
  8446	0.0601707	-0.198	0.198
  8447	0.0787095	-0.198	0.198
  8448	0.0977007	-0.198	0.198
  8449	0.057741	-0.198	0.198
  8450	0.0913698	-0.198	0.198
  8451	0.0651633	-0.198	0.198
  8452	0.0421206	-0.198	0.198
  8453	0.0965277	-0.198	0.198
  8454	0.0619902	-0.198	0.198
  8455	0.0361057	-0.198	0.198
  8456	0.0825823	-0.198	0.198
  8457	0.0507892	-0.198	0.198
  8458	0.0697052	-0.198	0.198
  8459	0.0911827	-0.198	0.198
  8460	0.0712936	-0.198	0.198
  8461	0.0532585	-0.198	0.198
  8462	0.0979766	-0.198	0.198
  8463	0.076703	-0.198	0.198
  8464	0.0708722	-0.198	0.198
  8465	0.0728649	-0.198	0.198
  8466	0.0953623	-0.198	0.198
  8467	0.0875736	-0.198	0.198
  8468	0.0873999	-0.198	0.198
  8469	0.0560491	-0.198	0.198
  8470	0.0837693	-0.198	0.198
  8471	0.0647999	-0.198	0.198
  8472	0.0741532	-0.198	0.198
  8473	0.0760626	-0.198	0.198
  8474	0.0897848	-0.198	0.198
  8475	0.0736325	-0.198	0.198
  8476	0.0595926	-0.198	0.198
  8477	0.0939748	-0.198	0.198
  8478	0.0606621	-0.198	0.198
  8479	0.0789537	-0.198	0.198
  8480	0.0929214	-0.198	0.198
  8481	0.0961486	-0.198	0.198
  8482	0.0967395	-0.198	0.198
  8483	0.0370008	-0.198	0.198
  8484	0.0371773	-0.198	0.198
  8485	0.05071	-0.198	0.198
  8486	0.0556834	-0.198	0.198
  8487	0.0545301	-0.198	0.198
  8488	0.0539291	-0.198	0.198
  8489	0.0412696	-0.198	0.198
  8490	0.093846	-0.198	0.198
  8491	0.0949315	-0.198	0.198
  8492	0.0850618	-0.198	0.198
  8493	0.0714727	-0.198	0.198
  8494	0.0592592	-0.198	0.198
  8495	0.0964568	-0.198	0.198
  8496	0.043214	-0.198	0.198
  8497	0.0595952	-0.198	0.198
  8498	0.0845347	-0.198	0.198
  8499	0.0710075	-0.198	0.198
  8500	0.0893172	-0.198	0.198
  8501	0.0840719	-0.198	0.198
  8502	0.0925024	-0.198	0.198
  8503	0.0475532	-0.198	0.198
  8504	0.0985183	-0.198	0.198
  8505	0.0634459	-0.198	0.198
  8506	0.0928157	-0.198	0.198
  8507	0.0974268	-0.198	0.198
  8508	0.0965389	-0.198	0.198
  8509	0.097953	-0.198	0.198
  8510	0.0215332	-0.198	0.198
  8511	0.0588746	-0.198	0.198
  8512	0.0939424	-0.198	0.198
  8513	0.0789842	-0.198	0.198
  8514	0.0759902	-0.198	0.198
  8515	0.0763653	-0.198	0.198
  8516	0.0963534	-0.198	0.198
  8517	0.0904466	-0.198	0.198
  8518	0.0773287	-0.198	0.198
  8519	0.0979353	-0.198	0.198
  8520	0.0857145	-0.198	0.198
  8521	0.0855209	-0.198	0.198
  8522	0.0707953	-0.198	0.198
  8523	0.0183728	-0.198	0.198
  8524	0.097874	-0.198	0.198
  8525	0.0927323	-0.198	0.198
  8526	0.0625804	-0.198	0.198
  8527	0.0632575	-0.198	0.198
  8528	0.0724401	-0.198	0.198
  8529	0.0970102	-0.198	0.198
  8530	0.0945699	-0.198	0.198
  8531	0.0977833	-0.198	0.198
  8532	0.0665815	-0.198	0.198
  8533	0.0891468	-0.198	0.198
  8534	0.0563169	-0.198	0.198
  8535	0.0962812	-0.198	0.198
  8536	0.0643819	-0.198	0.198
  8537	0.0724944	-0.198	0.198
  8538	0.0592437	-0.198	0.198
  8539	0.0761017	-0.198	0.198
  8540	0.0299834	-0.198	0.198
  8541	0.0804696	-0.198	0.198
  8542	0.0890796	-0.198	0.198
  8543	0.0871274	-0.198	0.198
  8544	0.0852857	-0.198	0.198
  8545	0.0689942	-0.198	0.198
  8546	0.0955423	-0.198	0.198
  8547	0.0915257	-0.198	0.198
  8548	0.055396	-0.198	0.198
  8549	0.0830944	-0.198	0.198
  8550	0.0929328	-0.198	0.198
  8551	0.0925195	-0.198	0.198
  8552	0.0769995	-0.198	0.198
  8553	0.08837	-0.198	0.198
  8554	0.0624416	-0.198	0.198
  8555	0.0724186	-0.198	0.198
  8556	0.0935878	-0.198	0.198
  8557	0.0460759	-0.198	0.198
  8558	0.0699073	-0.198	0.198
  8559	0.0232164	-0.198	0.198
  8560	0.0781808	-0.198	0.198
  8561	0.0984342	-0.198	0.198
  8562	0.0498332	-0.198	0.198
  8563	0.0767898	-0.198	0.198
  8564	0.08091	-0.198	0.198
  8565	0.0595822	-0.198	0.198
  8566	0.0722922	-0.198	0.198
  8567	0.0983151	-0.198	0.198
  8568	0.0556467	-0.198	0.198
  8569	0.0699854	-0.198	0.198
  8570	0.090628	-0.198	0.198
  8571	0.0825595	-0.198	0.198
  8572	0.0939365	-0.198	0.198
  8573	0.0736692	-0.198	0.198
  8574	0.0459562	-0.198	0.198
  8575	0.0622419	-0.198	0.198
  8576	0.0836685	-0.198	0.198
  8577	0.0575745	-0.198	0.198
  8578	0.0852623	-0.198	0.198
  8579	0.0815039	-0.198	0.198
  8580	0.0535641	-0.198	0.198
  8581	0.0906128	-0.198	0.198
  8582	0.0745787	-0.198	0.198
  8583	0.0888915	-0.198	0.198
  8584	0.0918717	-0.198	0.198
  8585	0.0920865	-0.198	0.198
  8586	0.0495376	-0.198	0.198
  8587	0.0901129	-0.198	0.198
  8588	0.061825	-0.198	0.198
  8589	0.092908	-0.198	0.198
  8590	0.0785405	-0.198	0.198
  8591	0.0911643	-0.198	0.198
  8592	0.014768	-0.198	0.198
  8593	0.0914624	-0.198	0.198
  8594	0.0918042	-0.198	0.198
  8595	0.065026	-0.198	0.198
  8596	0.0704065	-0.198	0.198
  8597	0.0388505	-0.198	0.198
  8598	0.0819477	-0.198	0.198
  8599	0.0680659	-0.198	0.198
  8600	0.0173647	-0.198	0.198
  8601	0.0965199	-0.198	0.198
  8602	0.0756768	-0.198	0.198
  8603	0.0800501	-0.198	0.198
  8604	0.075972	-0.198	0.198
  8605	0.0968725	-0.198	0.198
  8606	0.0553448	-0.198	0.198
  8607	0.089982	-0.198	0.198
  8608	0.0701992	-0.198	0.198
  8609	0.0882572	-0.198	0.198
  8610	0.0537548	-0.198	0.198
  8611	0.0911053	-0.198	0.198
  8612	0.0680802	-0.198	0.198
  8613	0.0732763	-0.198	0.198
  8614	0.0718862	-0.198	0.198
  8615	0.0935414	-0.198	0.198
  8616	0.0164343	-0.198	0.198
  8617	0.0756749	-0.198	0.198
  8618	0.0640159	-0.198	0.198
  8619	0.0780062	-0.198	0.198
  8620	0.0469023	-0.198	0.198
  8621	0.0885533	-0.198	0.198
  8622	0.0818842	-0.198	0.198
  8623	0.0864487	-0.198	0.198
  8624	0.096975	-0.198	0.198
  8625	0.0530888	-0.198	0.198
  8626	0.0763358	-0.198	0.198
  8627	0.0912228	-0.198	0.198
  8628	0.015606	-0.198	0.198
  8629	0.077149	-0.198	0.198
  8630	0.0907874	-0.198	0.198
  8631	0.0587524	-0.198	0.198
  8632	0.0182496	-0.198	0.198
  8633	0.0843686	-0.198	0.198
  8634	0.0810618	-0.198	0.198
  8635	0.0799225	-0.198	0.198
  8636	0.0984052	-0.198	0.198
  8637	0.0671518	-0.198	0.198
  8638	0.0599294	-0.198	0.198
  8639	0.088313	-0.198	0.198
  8640	0.0857407	-0.198	0.198
  8641	0.0868586	-0.198	0.198
  8642	0.0819341	-0.198	0.198
  8643	0.0898131	-0.198	0.198
  8644	0.0915608	-0.198	0.198
  8645	0.0884715	-0.198	0.198
  8646	0.0647672	-0.198	0.198
  8647	0.0637364	-0.198	0.198
  8648	0.0638362	-0.198	0.198
  8649	0.067242	-0.198	0.198
  8650	0.0809839	-0.198	0.198
  8651	0.0704764	-0.198	0.198
  8652	0.0320524	-0.198	0.198
  8653	0.0804078	-0.198	0.198
  8654	0.0693968	-0.198	0.198
  8655	0.0719804	-0.198	0.198
  8656	0.0688323	-0.198	0.198
  8657	0.0830611	-0.198	0.198
  8658	0.0539632	-0.198	0.198
  8659	0.0894728	-0.198	0.198
  8660	0.071362	-0.198	0.198
  8661	0.0905092	-0.198	0.198
  8662	0.0821608	-0.198	0.198
  8663	0.0753532	-0.198	0.198
  8664	0.0890373	-0.198	0.198
  8665	0.0970108	-0.198	0.198
  8666	0.0579893	-0.198	0.198
  8667	0.0658151	-0.198	0.198
  8668	0.0969731	-0.198	0.198
  8669	0.0511792	-0.198	0.198
  8670	0.0874782	-0.198	0.198
  8671	0.0666229	-0.198	0.198
  8672	0.0764616	-0.198	0.198
  8673	0.096509	-0.198	0.198
  8674	0.0778345	-0.198	0.198
  8675	0.0686725	-0.198	0.198
  8676	0.0786252	-0.198	0.198
  8677	0.0959252	-0.198	0.198
  8678	0.0733654	-0.198	0.198
  8679	0.0982802	-0.198	0.198
  8680	0.0530049	-0.198	0.198
  8681	0.0938907	-0.198	0.198
  8682	0.0731532	-0.198	0.198
  8683	0.0918417	-0.198	0.198
  8684	0.0625217	-0.198	0.198
  8685	0.0966487	-0.198	0.198
  8686	0.0834576	-0.198	0.198
  8687	0.0885271	-0.198	0.198
  8688	0.079181	-0.198	0.198
  8689	0.0816393	-0.198	0.198
  8690	0.0719804	-0.198	0.198
  8691	0.0933389	-0.198	0.198
  8692	0.0491283	-0.198	0.198
  8693	0.0746049	-0.198	0.198
  8694	0.092739	-0.198	0.198
  8695	0.0863524	-0.198	0.198
  8696	0.075784	-0.198	0.198
  8697	0.0898054	-0.198	0.198
  8698	0.0635954	-0.198	0.198
  8699	0.0839162	-0.198	0.198
  8700	0.0778438	-0.198	0.198
  8701	0.0976001	-0.198	0.198
  8702	0.0822303	-0.198	0.198
  8703	0.0899635	-0.198	0.198
  8704	0.0634995	-0.198	0.198
  8705	0.0700137	-0.198	0.198
  8706	0.0863962	-0.198	0.198
  8707	0.0616582	-0.198	0.198
  8708	0.0433791	-0.198	0.198
  8709	0.0768504	-0.198	0.198
  8710	0.0793732	-0.198	0.198
  8711	0.0948319	-0.198	0.198
  8712	0.0609989	-0.198	0.198
  8713	0.0855351	-0.198	0.198
  8714	0.0914977	-0.198	0.198
  8715	0.0463989	-0.198	0.198
  8716	0.0219837	-0.198	0.198
  8717	0.0626413	-0.198	0.198
  8718	0.0815578	-0.198	0.198
  8719	0.0276528	-0.198	0.198
  8720	0.0685721	-0.198	0.198
  8721	0.0929736	-0.198	0.198
  8722	0.0666052	-0.198	0.198
  8723	0.0972184	-0.198	0.198
  8724	0.0696049	-0.198	0.198
  8725	0.0397149	-0.198	0.198
  8726	0.0838147	-0.198	0.198
  8727	0.0525017	-0.198	0.198
  8728	0.0730648	-0.198	0.198
  8729	0.0603539	-0.198	0.198
  8730	0.0777778	-0.198	0.198
  8731	0.0947059	-0.198	0.198
  8732	0.0817531	-0.198	0.198
  8733	0.0915905	-0.198	0.198
  8734	0.0940454	-0.198	0.198
  8735	0.0281175	-0.198	0.198
  8736	0.050162	-0.198	0.198
  8737	0.0942307	-0.198	0.198
  8738	0.096852	-0.198	0.198
  8739	0.084007	-0.198	0.198
  8740	0.0981103	-0.198	0.198
  8741	0.0952455	-0.198	0.198
  8742	0.0950779	-0.198	0.198
  8743	0.0457732	-0.198	0.198
  8744	0.0740073	-0.198	0.198
  8745	0.0517701	-0.198	0.198
  8746	0.0898401	-0.198	0.198
  8747	0.0965147	-0.198	0.198
  8748	0.0867009	-0.198	0.198
  8749	0.0720018	-0.198	0.198
  8750	0.0967183	-0.198	0.198
  8751	0.073645	-0.198	0.198
  8752	0.0906876	-0.198	0.198
  8753	0.0580907	-0.198	0.198
  8754	0.0653104	-0.198	0.198
  8755	0.0799222	-0.198	0.198
  8756	0.0822323	-0.198	0.198
  8757	0.0933406	-0.198	0.198
  8758	0.083886	-0.198	0.198
  8759	0.0787846	-0.198	0.198
  8760	0.0911453	-0.198	0.198
  8761	0.0762329	-0.198	0.198
  8762	0.0723848	-0.198	0.198
  8763	0.0738555	-0.198	0.198
  8764	0.0762241	-0.198	0.198
  8765	0.0233817	-0.198	0.198
  8766	0.0649232	-0.198	0.198
  8767	0.078866	-0.198	0.198
  8768	0.0914815	-0.198	0.198
  8769	0.0726901	-0.198	0.198
  8770	0.0973162	-0.198	0.198
  8771	0.0956386	-0.198	0.198
  8772	0.0565156	-0.198	0.198
  8773	0.0938063	-0.198	0.198
  8774	0.0284475	-0.198	0.198
  8775	0.0505274	-0.198	0.198
  8776	0.0847587	-0.198	0.198
  8777	0.0853185	-0.198	0.198
  8778	0.0741211	-0.198	0.198
  8779	0.0405255	-0.198	0.198
  8780	0.0582306	-0.198	0.198
  8781	0.0654477	-0.198	0.198
  8782	0.0723774	-0.198	0.198
  8783	0.0953731	-0.198	0.198
  8784	0.0650292	-0.198	0.198
  8785	0.047534	-0.198	0.198
  8786	0.0880676	-0.198	0.198
  8787	0.0903833	-0.198	0.198
  8788	0.0599433	-0.198	0.198
  8789	0.089706	-0.198	0.198
  8790	0.0830065	-0.198	0.198
  8791	0.0795875	-0.198	0.198
  8792	0.0932854	-0.198	0.198
  8793	0.0606109	-0.198	0.198
  8794	0.0292534	-0.198	0.198
  8795	0.0326016	-0.198	0.198
  8796	0.0749879	-0.198	0.198
  8797	0.0876917	-0.198	0.198
  8798	0.0792727	-0.198	0.198
  8799	0.0871595	-0.198	0.198
  8800	0.0726364	-0.198	0.198
  8801	0.0417364	-0.198	0.198
  8802	0.0982069	-0.198	0.198
  8803	0.0968959	-0.198	0.198
  8804	0.0806369	-0.198	0.198
  8805	0.0842888	-0.198	0.198
  8806	0.0955088	-0.198	0.198
  8807	0.0753927	-0.198	0.198
  8808	0.0822365	-0.198	0.198
  8809	0.0569685	-0.198	0.198
  8810	0.0889959	-0.198	0.198
  8811	0.0684095	-0.198	0.198
  8812	0.0643043	-0.198	0.198
  8813	0.0418753	-0.198	0.198
  8814	0.07908	-0.198	0.198
  8815	0.0361695	-0.198	0.198
  8816	0.0678381	-0.198	0.198
  8817	0.0916797	-0.198	0.198
  8818	0.0592336	-0.198	0.198
  8819	0.0944391	-0.198	0.198
  8820	0.0932189	-0.198	0.198
  8821	0.0687009	-0.198	0.198
  8822	0.0761972	-0.198	0.198
  8823	0.0676932	-0.198	0.198
  8824	0.0691436	-0.198	0.198
  8825	0.0721474	-0.198	0.198
  8826	0.0246843	-0.198	0.198
  8827	0.077422	-0.198	0.198
  8828	0.079378	-0.198	0.198
  8829	0.0713211	-0.198	0.198
  8830	0.0960848	-0.198	0.198
  8831	0.0787848	-0.198	0.198
  8832	0.0852889	-0.198	0.198
  8833	0.0878721	-0.198	0.198
  8834	0.0738455	-0.198	0.198
  8835	0.0814513	-0.198	0.198
  8836	0.0891285	-0.198	0.198
  8837	0.090374	-0.198	0.198
  8838	0.0629669	-0.198	0.198
  8839	0.0905729	-0.198	0.198
  8840	0.0413028	-0.198	0.198
  8841	0.0906536	-0.198	0.198
  8842	0.090479	-0.198	0.198
  8843	0.095922	-0.198	0.198
  8844	0.0909877	-0.198	0.198
  8845	0.0880687	-0.198	0.198
  8846	0.0675967	-0.198	0.198
  8847	0.072106	-0.198	0.198
  8848	0.0663205	-0.198	0.198
  8849	0.055297	-0.198	0.198
  8850	0.0427783	-0.198	0.198
  8851	0.0571925	-0.198	0.198
  8852	0.0957594	-0.198	0.198
  8853	0.0822964	-0.198	0.198
  8854	0.0896371	-0.198	0.198
  8855	0.091255	-0.198	0.198
  8856	0.0640412	-0.198	0.198
  8857	0.0878145	-0.198	0.198
  8858	0.0402456	-0.198	0.198
  8859	0.0904432	-0.198	0.198
  8860	0.0897673	-0.198	0.198
  8861	0.0830249	-0.198	0.198
  8862	0.0565455	-0.198	0.198
  8863	0.0813167	-0.198	0.198
  8864	0.0969119	-0.198	0.198
  8865	0.0938185	-0.198	0.198
  8866	0.0973445	-0.198	0.198
  8867	0.0943588	-0.198	0.198
  8868	0.0763805	-0.198	0.198
  8869	0.0738781	-0.198	0.198
  8870	0.0821199	-0.198	0.198
  8871	0.0939903	-0.198	0.198
  8872	0.0751543	-0.198	0.198
  8873	0.0955398	-0.198	0.198
  8874	0.0966164	-0.198	0.198
  8875	0.0580828	-0.198	0.198
  8876	0.0517131	-0.198	0.198
  8877	0.0549947	-0.198	0.198
  8878	0.073922	-0.198	0.198
  8879	0.0980827	-0.198	0.198
  8880	0.0195842	-0.198	0.198
  8881	0.0826408	-0.198	0.198
  8882	0.0961135	-0.198	0.198
  8883	0.0962775	-0.198	0.198
  8884	0.0855171	-0.198	0.198
  8885	0.0863	-0.198	0.198
  8886	0.0174653	-0.198	0.198
  8887	0.0604537	-0.198	0.198
  8888	0.0833519	-0.198	0.198
  8889	0.0282269	-0.198	0.198
  8890	0.0851234	-0.198	0.198
  8891	0.0651101	-0.198	0.198
  8892	0.0838597	-0.198	0.198
  8893	0.0378812	-0.198	0.198
  8894	0.0441715	-0.198	0.198
  8895	0.079844	-0.198	0.198
  8896	0.0596427	-0.198	0.198
  8897	0.0469564	-0.198	0.198
  8898	0.0720749	-0.198	0.198
  8899	0.0853894	-0.198	0.198
  8900	0.0318887	-0.198	0.198
  8901	0.0634157	-0.198	0.198
  8902	0.0589431	-0.198	0.198
  8903	0.0562336	-0.198	0.198
  8904	0.0978215	-0.198	0.198
  8905	0.0794908	-0.198	0.198
  8906	0.0556942	-0.198	0.198
  8907	0.0367984	-0.198	0.198
  8908	0.0624263	-0.198	0.198
  8909	0.0861294	-0.198	0.198
  8910	0.0844743	-0.198	0.198
  8911	0.0879576	-0.198	0.198
  8912	0.0788504	-0.198	0.198
  8913	0.047278	-0.198	0.198
  8914	0.0675986	-0.198	0.198
  8915	0.0966975	-0.198	0.198
  8916	0.0295855	-0.198	0.198
  8917	0.0858094	-0.198	0.198
  8918	0.0691141	-0.198	0.198
  8919	0.0873244	-0.198	0.198
  8920	0.0986543	-0.198	0.198
  8921	0.0696838	-0.198	0.198
  8922	0.0979446	-0.198	0.198
  8923	0.0814562	-0.198	0.198
  8924	0.0987941	-0.198	0.198
  8925	0.0960341	-0.198	0.198
  8926	0.0876506	-0.198	0.198
  8927	0.0977446	-0.198	0.198
  8928	0.0453373	-0.198	0.198
  8929	0.0614293	-0.198	0.198
  8930	0.0930969	-0.198	0.198
  8931	0.0746697	-0.198	0.198
  8932	0.0835923	-0.198	0.198
  8933	0.0933081	-0.198	0.198
  8934	0.0881659	-0.198	0.198
  8935	0.0646723	-0.198	0.198
  8936	0.0877828	-0.198	0.198
  8937	0.0885141	-0.198	0.198
  8938	0.0622791	-0.198	0.198
  8939	0.0647449	-0.198	0.198
  8940	0.081187	-0.198	0.198
  8941	0.0972517	-0.198	0.198
  8942	0.0959703	-0.198	0.198
  8943	0.0749771	-0.198	0.198
  8944	0.09227	-0.198	0.198
  8945	0.0523991	-0.198	0.198
  8946	0.0850992	-0.198	0.198
  8947	0.0634785	-0.198	0.198
  8948	0.0886474	-0.198	0.198
  8949	0.0743932	-0.198	0.198
  8950	0.083204	-0.198	0.198
  8951	0.0751727	-0.198	0.198
  8952	0.0975451	-0.198	0.198
  8953	0.0944839	-0.198	0.198
  8954	0.0969847	-0.198	0.198
  8955	0.0819897	-0.198	0.198
  8956	0.0565597	-0.198	0.198
  8957	0.0236389	-0.198	0.198
  8958	0.0306781	-0.198	0.198
  8959	0.0858159	-0.198	0.198
  8960	0.083119	-0.198	0.198
  8961	0.0731807	-0.198	0.198
  8962	0.0829915	-0.198	0.198
  8963	0.089169	-0.198	0.198
  8964	0.0845053	-0.198	0.198
  8965	0.074095	-0.198	0.198
  8966	0.0815735	-0.198	0.198
  8967	0.0757423	-0.198	0.198
  8968	0.0601524	-0.198	0.198
  8969	0.0671942	-0.198	0.198
  8970	0.0955148	-0.198	0.198
  8971	0.0980868	-0.198	0.198
  8972	0.0913781	-0.198	0.198
  8973	0.0899347	-0.198	0.198
  8974	0.0703451	-0.198	0.198
  8975	0.0901511	-0.198	0.198
  8976	0.0652927	-0.198	0.198
  8977	0.0858255	-0.198	0.198
  8978	0.0800648	-0.198	0.198
  8979	0.0652545	-0.198	0.198
  8980	0.0931194	-0.198	0.198
  8981	0.0963258	-0.198	0.198
  8982	0.088679	-0.198	0.198
  8983	0.0821536	-0.198	0.198
  8984	0.056858	-0.198	0.198
  8985	0.0763774	-0.198	0.198
  8986	0.0853742	-0.198	0.198
  8987	0.0817523	-0.198	0.198
  8988	0.0786686	-0.198	0.198
  8989	0.0973855	-0.198	0.198
  8990	0.0414099	-0.198	0.198
  8991	0.0967683	-0.198	0.198
  8992	0.0919834	-0.198	0.198
  8993	0.0404235	-0.198	0.198
  8994	0.0908156	-0.198	0.198
  8995	0.0750389	-0.198	0.198
  8996	0.0577984	-0.198	0.198
  8997	0.0899968	-0.198	0.198
  8998	0.0825406	-0.198	0.198
  8999	0.0553621	-0.198	0.198
  9000	0.0386455	-0.198	0.198
  9001	0.0395838	-0.198	0.198
  9002	0.0483456	-0.198	0.198
  9003	0.0940072	-0.198	0.198
  9004	0.0281503	-0.198	0.198
  9005	0.097118	-0.198	0.198
  9006	0.0945386	-0.198	0.198
  9007	0.0672261	-0.198	0.198
  9008	0.0864257	-0.198	0.198
  9009	0.0491546	-0.198	0.198
  9010	0.0753487	-0.198	0.198
  9011	0.0849668	-0.198	0.198
  9012	0.0669219	-0.198	0.198
  9013	0.0770309	-0.198	0.198
  9014	0.043948	-0.198	0.198
  9015	0.0931611	-0.198	0.198
  9016	0.0613456	-0.198	0.198
  9017	0.0985644	-0.198	0.198
  9018	0.0900617	-0.198	0.198
  9019	0.0968827	-0.198	0.198
  9020	0.0972591	-0.198	0.198
  9021	0.0917091	-0.198	0.198
  9022	0.0268523	-0.198	0.198
  9023	0.0750822	-0.198	0.198
  9024	0.0894944	-0.198	0.198
  9025	0.0621859	-0.198	0.198
  9026	0.0944708	-0.198	0.198
  9027	0.0935569	-0.198	0.198
  9028	0.0966331	-0.198	0.198
  9029	0.0947698	-0.198	0.198
  9030	0.0407518	-0.198	0.198
  9031	0.0777746	-0.198	0.198
  9032	0.0632801	-0.198	0.198
  9033	0.0848379	-0.198	0.198
  9034	0.064879	-0.198	0.198
  9035	0.0759346	-0.198	0.198
  9036	0.0942101	-0.198	0.198
  9037	0.0926696	-0.198	0.198
  9038	0.0209128	-0.198	0.198
  9039	0.0425907	-0.198	0.198
  9040	0.0507599	-0.198	0.198
  9041	0.0727656	-0.198	0.198
  9042	0.0768922	-0.198	0.198
  9043	0.0517305	-0.198	0.198
  9044	0.0896049	-0.198	0.198
  9045	0.05223	-0.198	0.198
  9046	0.0879354	-0.198	0.198
  9047	0.0440755	-0.198	0.198
  9048	0.0296621	-0.198	0.198
  9049	0.0953775	-0.198	0.198
  9050	0.0558064	-0.198	0.198
  9051	0.0813811	-0.198	0.198
  9052	0.0888464	-0.198	0.198
  9053	0.0969441	-0.198	0.198
  9054	0.056915	-0.198	0.198
  9055	0.0834906	-0.198	0.198
  9056	0.074719	-0.198	0.198
  9057	0.0691389	-0.198	0.198
  9058	0.0973924	-0.198	0.198
  9059	0.0882907	-0.198	0.198
  9060	0.0883251	-0.198	0.198
  9061	0.0156749	-0.198	0.198
  9062	0.0971575	-0.198	0.198
  9063	0.0592116	-0.198	0.198
  9064	0.0974896	-0.198	0.198
  9065	0.0849979	-0.198	0.198
  9066	0.0662348	-0.198	0.198
  9067	0.0958604	-0.198	0.198
  9068	0.0799362	-0.198	0.198
  9069	0.0972213	-0.198	0.198
  9070	0.0299128	-0.198	0.198
  9071	0.0680306	-0.198	0.198
  9072	0.0904776	-0.198	0.198
  9073	0.0685069	-0.198	0.198
  9074	0.0856152	-0.198	0.198
  9075	0.0332809	-0.198	0.198
  9076	0.0959793	-0.198	0.198
  9077	0.0151478	-0.198	0.198
  9078	0.0902025	-0.198	0.198
  9079	0.0646983	-0.198	0.198
  9080	0.0985205	-0.198	0.198
  9081	0.057601	-0.198	0.198
  9082	0.0932048	-0.198	0.198
  9083	0.0934225	-0.198	0.198
  9084	0.0632963	-0.198	0.198
  9085	0.0858149	-0.198	0.198
  9086	0.0983246	-0.198	0.198
  9087	0.0725072	-0.198	0.198
  9088	0.0971953	-0.198	0.198
  9089	0.0742331	-0.198	0.198
  9090	0.0791884	-0.198	0.198
  9091	0.0965273	-0.198	0.198
  9092	0.0637253	-0.198	0.198
  9093	0.0805858	-0.198	0.198
  9094	0.0842267	-0.198	0.198
  9095	0.0747483	-0.198	0.198
  9096	0.0759165	-0.198	0.198
  9097	0.0813368	-0.198	0.198
  9098	0.0924771	-0.198	0.198
  9099	0.0897571	-0.198	0.198
  9100	0.0974073	-0.198	0.198
  9101	0.0759454	-0.198	0.198
  9102	0.0927476	-0.198	0.198
  9103	0.0952008	-0.198	0.198
  9104	0.0668235	-0.198	0.198
  9105	0.0904631	-0.198	0.198
  9106	0.0246048	-0.198	0.198
  9107	0.0913673	-0.198	0.198
  9108	0.0899329	-0.198	0.198
  9109	0.0887645	-0.198	0.198
  9110	0.0901844	-0.198	0.198
  9111	0.0511538	-0.198	0.198
  9112	0.0701368	-0.198	0.198
  9113	0.0849941	-0.198	0.198
  9114	0.0929878	-0.198	0.198
  9115	0.0848192	-0.198	0.198
  9116	0.0471799	-0.198	0.198
  9117	0.0963429	-0.198	0.198
  9118	0.0916823	-0.198	0.198
  9119	0.0840815	-0.198	0.198
  9120	0.0651766	-0.198	0.198
  9121	0.0820297	-0.198	0.198
  9122	0.0272213	-0.198	0.198
  9123	0.0481413	-0.198	0.198
  9124	0.0721348	-0.198	0.198
  9125	0.0571185	-0.198	0.198
  9126	0.0929332	-0.198	0.198
  9127	0.0589566	-0.198	0.198
  9128	0.0898053	-0.198	0.198
  9129	0.0580445	-0.198	0.198
  9130	0.0813339	-0.198	0.198
  9131	0.0965376	-0.198	0.198
  9132	0.097237	-0.198	0.198
  9133	0.084653	-0.198	0.198
  9134	0.0721949	-0.198	0.198
  9135	0.0949541	-0.198	0.198
  9136	0.0868332	-0.198	0.198
  9137	0.082642	-0.198	0.198
  9138	0.0660698	-0.198	0.198
  9139	0.0444737	-0.198	0.198
  9140	0.0478537	-0.198	0.198
  9141	0.0680106	-0.198	0.198
  9142	0.0974585	-0.198	0.198
  9143	0.0500145	-0.198	0.198
  9144	0.0770536	-0.198	0.198
  9145	0.0634279	-0.198	0.198
  9146	0.0893291	-0.198	0.198
  9147	0.0807155	-0.198	0.198
  9148	0.0397875	-0.198	0.198
  9149	0.0338657	-0.198	0.198
  9150	0.0551309	-0.198	0.198
  9151	0.0814489	-0.198	0.198
  9152	0.0976464	-0.198	0.198
  9153	0.0964936	-0.198	0.198
  9154	0.0985935	-0.198	0.198
  9155	0.0828069	-0.198	0.198
  9156	0.0905052	-0.198	0.198
  9157	0.0931768	-0.198	0.198
  9158	0.0658036	-0.198	0.198
  9159	0.0703281	-0.198	0.198
  9160	0.0685835	-0.198	0.198
  9161	0.066988	-0.198	0.198
  9162	0.0530972	-0.198	0.198
  9163	0.0252339	-0.198	0.198
  9164	0.0701232	-0.198	0.198
  9165	0.0794933	-0.198	0.198
  9166	0.093793	-0.198	0.198
  9167	0.0627751	-0.198	0.198
  9168	0.0618212	-0.198	0.198
  9169	0.0880473	-0.198	0.198
  9170	0.0422523	-0.198	0.198
  9171	0.0570982	-0.198	0.198
  9172	0.0903949	-0.198	0.198
  9173	0.0770179	-0.198	0.198
  9174	0.0879152	-0.198	0.198
  9175	0.0701274	-0.198	0.198
  9176	0.031526	-0.198	0.198
  9177	0.094373	-0.198	0.198
  9178	0.078735	-0.198	0.198
  9179	0.0782974	-0.198	0.198
  9180	0.0958383	-0.198	0.198
  9181	0.0148109	-0.198	0.198
  9182	0.0743168	-0.198	0.198
  9183	0.0714332	-0.198	0.198
  9184	0.0917045	-0.198	0.198
  9185	0.081341	-0.198	0.198
  9186	0.0882579	-0.198	0.198
  9187	0.0903927	-0.198	0.198
  9188	0.0689971	-0.198	0.198
  9189	0.076963	-0.198	0.198
  9190	0.0186476	-0.198	0.198
  9191	0.0945345	-0.198	0.198
  9192	0.0781175	-0.198	0.198
  9193	0.0593403	-0.198	0.198
  9194	0.0932835	-0.198	0.198
  9195	0.0700966	-0.198	0.198
  9196	0.0561069	-0.198	0.198
  9197	0.0955781	-0.198	0.198
  9198	0.0859153	-0.198	0.198
  9199	0.0932494	-0.198	0.198
  9200	0.0762884	-0.198	0.198
  9201	0.0906977	-0.198	0.198
  9202	0.0645034	-0.198	0.198
  9203	0.0614408	-0.198	0.198
  9204	0.056395	-0.198	0.198
  9205	0.0935855	-0.198	0.198
  9206	0.0820468	-0.198	0.198
  9207	0.0972687	-0.198	0.198
  9208	0.0916963	-0.198	0.198
  9209	0.0978853	-0.198	0.198
  9210	0.0874568	-0.198	0.198
  9211	0.0895158	-0.198	0.198
  9212	0.0859533	-0.198	0.198
  9213	0.0864069	-0.198	0.198
  9214	0.0796682	-0.198	0.198
  9215	0.0955328	-0.198	0.198
  9216	0.0898768	-0.198	0.198
  9217	0.0668611	-0.198	0.198
  9218	0.0804738	-0.198	0.198
  9219	0.0734873	-0.198	0.198
  9220	0.0956658	-0.198	0.198
  9221	0.0850776	-0.198	0.198
  9222	0.0794603	-0.198	0.198
  9223	0.0961981	-0.198	0.198
  9224	0.0613583	-0.198	0.198
  9225	0.0977696	-0.198	0.198
  9226	0.0844558	-0.198	0.198
  9227	0.0683618	-0.198	0.198
  9228	0.0717228	-0.198	0.198
  9229	0.0630245	-0.198	0.198
  9230	0.0754479	-0.198	0.198
  9231	0.0923383	-0.198	0.198
  9232	0.0849109	-0.198	0.198
  9233	0.063167	-0.198	0.198
  9234	0.0949356	-0.198	0.198
  9235	0.0787395	-0.198	0.198
  9236	0.0934906	-0.198	0.198
  9237	0.0519283	-0.198	0.198
  9238	0.0799978	-0.198	0.198
  9239	0.062817	-0.198	0.198
  9240	0.0963832	-0.198	0.198
  9241	0.0835337	-0.198	0.198
  9242	0.0809425	-0.198	0.198
  9243	0.0703476	-0.198	0.198
  9244	0.0621552	-0.198	0.198
  9245	0.0974954	-0.198	0.198
  9246	0.0589017	-0.198	0.198
  9247	0.0894434	-0.198	0.198
  9248	0.0646775	-0.198	0.198
  9249	0.0929852	-0.198	0.198
  9250	0.0974467	-0.198	0.198
  9251	0.0775995	-0.198	0.198
  9252	0.0751085	-0.198	0.198
  9253	0.0776852	-0.198	0.198
  9254	0.0962731	-0.198	0.198
  9255	0.0658928	-0.198	0.198
  9256	0.0608149	-0.198	0.198
  9257	0.0842059	-0.198	0.198
  9258	0.0861495	-0.198	0.198
  9259	0.091444	-0.198	0.198
  9260	0.083544	-0.198	0.198
  9261	0.0814383	-0.198	0.198
  9262	0.0419599	-0.198	0.198
  9263	0.048621	-0.198	0.198
  9264	0.0969064	-0.198	0.198
  9265	0.0680372	-0.198	0.198
  9266	0.0805455	-0.198	0.198
  9267	0.0737476	-0.198	0.198
  9268	0.080946	-0.198	0.198
  9269	0.0875206	-0.198	0.198
  9270	0.085534	-0.198	0.198
  9271	0.087763	-0.198	0.198
  9272	0.0941352	-0.198	0.198
  9273	0.0681499	-0.198	0.198
  9274	0.0671578	-0.198	0.198
  9275	0.0635267	-0.198	0.198
  9276	0.0816843	-0.198	0.198
  9277	0.0766526	-0.198	0.198
  9278	0.0967411	-0.198	0.198
  9279	0.0577148	-0.198	0.198
  9280	0.0484771	-0.198	0.198
  9281	0.0795548	-0.198	0.198
  9282	0.0970436	-0.198	0.198
  9283	0.0964976	-0.198	0.198
  9284	0.0735446	-0.198	0.198
  9285	0.0513977	-0.198	0.198
  9286	0.0902719	-0.198	0.198
  9287	0.0802513	-0.198	0.198
  9288	0.0918575	-0.198	0.198
  9289	0.0909755	-0.198	0.198
  9290	0.0907738	-0.198	0.198
  9291	0.0968993	-0.198	0.198
  9292	0.0877791	-0.198	0.198
  9293	0.0620626	-0.198	0.198
  9294	0.0380262	-0.198	0.198
  9295	0.0449326	-0.198	0.198
  9296	0.0923428	-0.198	0.198
  9297	0.0980303	-0.198	0.198
  9298	0.0750391	-0.198	0.198
  9299	0.0838434	-0.198	0.198
  9300	0.076209	-0.198	0.198
  9301	0.0595068	-0.198	0.198
  9302	0.0910857	-0.198	0.198
  9303	0.0863635	-0.198	0.198
  9304	0.0490376	-0.198	0.198
  9305	0.0594123	-0.198	0.198
  9306	0.0826328	-0.198	0.198
  9307	0.0972382	-0.198	0.198
  9308	0.0930743	-0.198	0.198
  9309	0.0880115	-0.198	0.198
  9310	0.0413399	-0.198	0.198
  9311	0.068646	-0.198	0.198
  9312	0.0974843	-0.198	0.198
  9313	0.0786593	-0.198	0.198
  9314	0.0781639	-0.198	0.198
  9315	0.097809	-0.198	0.198
  9316	0.0815087	-0.198	0.198
  9317	0.0923622	-0.198	0.198
  9318	0.0755946	-0.198	0.198
  9319	0.0375469	-0.198	0.198
  9320	0.0427571	-0.198	0.198
  9321	0.0890395	-0.198	0.198
  9322	0.0588238	-0.198	0.198
  9323	0.086378	-0.198	0.198
  9324	0.0599393	-0.198	0.198
  9325	0.0519714	-0.198	0.198
  9326	0.0435893	-0.198	0.198
  9327	0.0883783	-0.198	0.198
  9328	0.0817832	-0.198	0.198
  9329	0.0645143	-0.198	0.198
  9330	0.0582081	-0.198	0.198
  9331	0.067443	-0.198	0.198
  9332	0.0837668	-0.198	0.198
  9333	0.0660511	-0.198	0.198
  9334	0.0717332	-0.198	0.198
  9335	0.0986741	-0.198	0.198
  9336	0.0626956	-0.198	0.198
  9337	0.0949808	-0.198	0.198
  9338	0.077379	-0.198	0.198
  9339	0.0663185	-0.198	0.198
  9340	0.087287	-0.198	0.198
  9341	0.0817622	-0.198	0.198
  9342	0.0970618	-0.198	0.198
  9343	0.0932936	-0.198	0.198
  9344	0.0694599	-0.198	0.198
  9345	0.0700051	-0.198	0.198
  9346	0.0406637	-0.198	0.198
  9347	0.07379	-0.198	0.198
  9348	0.0962157	-0.198	0.198
  9349	0.0938653	-0.198	0.198
  9350	0.0888993	-0.198	0.198
  9351	0.0984535	-0.198	0.198
  9352	0.087337	-0.198	0.198
  9353	0.0499132	-0.198	0.198
  9354	0.0611636	-0.198	0.198
  9355	0.0811225	-0.198	0.198
  9356	0.0347299	-0.198	0.198
  9357	0.0796349	-0.198	0.198
  9358	0.0860927	-0.198	0.198
  9359	0.0840252	-0.198	0.198
  9360	0.0972266	-0.198	0.198
  9361	0.0934578	-0.198	0.198
  9362	0.0903269	-0.198	0.198
  9363	0.0634327	-0.198	0.198
  9364	0.0762486	-0.198	0.198
  9365	0.0786608	-0.198	0.198
  9366	0.0311676	-0.198	0.198
  9367	0.0771428	-0.198	0.198
  9368	0.0898787	-0.198	0.198
  9369	0.0282562	-0.198	0.198
  9370	0.0899413	-0.198	0.198
  9371	0.092694	-0.198	0.198
  9372	0.0911001	-0.198	0.198
  9373	0.0471871	-0.198	0.198
  9374	0.0495354	-0.198	0.198
  9375	0.0624107	-0.198	0.198
  9376	0.0982619	-0.198	0.198
  9377	0.0954538	-0.198	0.198
  9378	0.0546523	-0.198	0.198
  9379	0.0696267	-0.198	0.198
  9380	0.0806564	-0.198	0.198
  9381	0.0856179	-0.198	0.198
  9382	0.0977822	-0.198	0.198
  9383	0.0469462	-0.198	0.198
  9384	0.0696386	-0.198	0.198
  9385	0.0751298	-0.198	0.198
  9386	0.0774385	-0.198	0.198
  9387	0.0843183	-0.198	0.198
  9388	0.0914311	-0.198	0.198
  9389	0.0941992	-0.198	0.198
  9390	0.0881881	-0.198	0.198
  9391	0.084642	-0.198	0.198
  9392	0.0196042	-0.198	0.198
  9393	0.0914912	-0.198	0.198
  9394	0.0446796	-0.198	0.198
  9395	0.0897389	-0.198	0.198
  9396	0.0775979	-0.198	0.198
  9397	0.0858744	-0.198	0.198
  9398	0.0697705	-0.198	0.198
  9399	0.068459	-0.198	0.198
  9400	0.0526343	-0.198	0.198
  9401	0.0490186	-0.198	0.198
  9402	0.0799972	-0.198	0.198
  9403	0.0617161	-0.198	0.198
  9404	0.0971408	-0.198	0.198
  9405	0.0622583	-0.198	0.198
  9406	0.091929	-0.198	0.198
  9407	0.0668603	-0.198	0.198
  9408	0.0946673	-0.198	0.198
  9409	0.0624628	-0.198	0.198
  9410	0.079645	-0.198	0.198
  9411	0.0610638	-0.198	0.198
  9412	0.0885807	-0.198	0.198
  9413	0.0477384	-0.198	0.198
  9414	0.0900004	-0.198	0.198
  9415	0.0809095	-0.198	0.198
  9416	0.0839259	-0.198	0.198
  9417	0.0703281	-0.198	0.198
  9418	0.0961886	-0.198	0.198
  9419	0.085021	-0.198	0.198
  9420	0.0456525	-0.198	0.198
  9421	0.0808352	-0.198	0.198
  9422	0.0930375	-0.198	0.198
  9423	0.0479049	-0.198	0.198
  9424	0.0690414	-0.198	0.198
  9425	0.0955115	-0.198	0.198
  9426	0.0963139	-0.198	0.198
  9427	0.0622257	-0.198	0.198
  9428	0.0528369	-0.198	0.198
  9429	0.0902833	-0.198	0.198
  9430	0.0856207	-0.198	0.198
  9431	0.0946858	-0.198	0.198
  9432	0.0881352	-0.198	0.198
  9433	0.0603726	-0.198	0.198
  9434	0.035295	-0.198	0.198
  9435	0.0736219	-0.198	0.198
  9436	0.0978462	-0.198	0.198
  9437	0.0796671	-0.198	0.198
  9438	0.0964344	-0.198	0.198
  9439	0.0620216	-0.198	0.198
  9440	0.0860888	-0.198	0.198
  9441	0.0491284	-0.198	0.198
  9442	0.0714506	-0.198	0.198
  9443	0.0562796	-0.198	0.198
  9444	0.0431538	-0.198	0.198
  9445	0.0888319	-0.198	0.198
  9446	0.0929549	-0.198	0.198
  9447	0.0886926	-0.198	0.198
  9448	0.0523273	-0.198	0.198
  9449	0.0911691	-0.198	0.198
  9450	0.0861897	-0.198	0.198
  9451	0.0425873	-0.198	0.198
  9452	0.0654162	-0.198	0.198
  9453	0.0384778	-0.198	0.198
  9454	0.0934499	-0.198	0.198
  9455	0.0970187	-0.198	0.198
  9456	0.0943072	-0.198	0.198
  9457	0.0865418	-0.198	0.198
  9458	0.0981355	-0.198	0.198
  9459	0.0893222	-0.198	0.198
  9460	0.0702607	-0.198	0.198
  9461	0.0437917	-0.198	0.198
  9462	0.0798193	-0.198	0.198
  9463	0.0165548	-0.198	0.198
  9464	0.0454251	-0.198	0.198
  9465	0.0951085	-0.198	0.198
  9466	0.0660884	-0.198	0.198
  9467	0.070298	-0.198	0.198
  9468	0.0742951	-0.198	0.198
  9469	0.0914811	-0.198	0.198
  9470	0.0901242	-0.198	0.198
  9471	0.0964326	-0.198	0.198
  9472	0.073016	-0.198	0.198
  9473	0.0799837	-0.198	0.198
  9474	0.0720996	-0.198	0.198
  9475	0.0427407	-0.198	0.198
  9476	0.025913	-0.198	0.198
  9477	0.075965	-0.198	0.198
  9478	0.0872521	-0.198	0.198
  9479	0.0967746	-0.198	0.198
  9480	0.0802777	-0.198	0.198
  9481	0.0803945	-0.198	0.198
  9482	0.0441602	-0.198	0.198
  9483	0.0831768	-0.198	0.198
  9484	0.073151	-0.198	0.198
  9485	0.046289	-0.198	0.198
  9486	0.084336	-0.198	0.198
  9487	0.0802807	-0.198	0.198
  9488	0.0775297	-0.198	0.198
  9489	0.090415	-0.198	0.198
  9490	0.0665337	-0.198	0.198
  9491	0.0787153	-0.198	0.198
  9492	0.0728122	-0.198	0.198
  9493	0.0538101	-0.198	0.198
  9494	0.0759533	-0.198	0.198
  9495	0.0963353	-0.198	0.198
  9496	0.0748645	-0.198	0.198
  9497	0.09304	-0.198	0.198
  9498	0.0923387	-0.198	0.198
  9499	0.0852012	-0.198	0.198
  9500	0.0929712	-0.198	0.198
  9501	0.0575141	-0.198	0.198
  9502	0.0850063	-0.198	0.198
  9503	0.0845649	-0.198	0.198
  9504	0.0926523	-0.198	0.198
  9505	0.0607717	-0.198	0.198
  9506	0.0769071	-0.198	0.198
  9507	0.0965644	-0.198	0.198
  9508	0.0308291	-0.198	0.198
  9509	0.0540566	-0.198	0.198
  9510	0.085833	-0.198	0.198
  9511	0.0973641	-0.198	0.198
  9512	0.0527965	-0.198	0.198
  9513	0.0911482	-0.198	0.198
  9514	0.0803541	-0.198	0.198
  9515	0.0746066	-0.198	0.198
  9516	0.0683953	-0.198	0.198
  9517	0.0734275	-0.198	0.198
  9518	0.0965832	-0.198	0.198
  9519	0.0716634	-0.198	0.198
  9520	0.0874813	-0.198	0.198
  9521	0.0986959	-0.198	0.198
  9522	0.0554972	-0.198	0.198
  9523	0.0473442	-0.198	0.198
  9524	0.0865161	-0.198	0.198
  9525	0.0711335	-0.198	0.198
  9526	0.0575689	-0.198	0.198
  9527	0.0604521	-0.198	0.198
  9528	0.0729133	-0.198	0.198
  9529	0.0956387	-0.198	0.198
  9530	0.086287	-0.198	0.198
  9531	0.0635532	-0.198	0.198
  9532	0.0955985	-0.198	0.198
  9533	0.0938972	-0.198	0.198
  9534	0.0820842	-0.198	0.198
  9535	0.0952666	-0.198	0.198
  9536	0.0949167	-0.198	0.198
  9537	0.0967875	-0.198	0.198
  9538	0.0736447	-0.198	0.198
  9539	0.0344285	-0.198	0.198
  9540	0.0299532	-0.198	0.198
  9541	0.0709157	-0.198	0.198
  9542	0.0503273	-0.198	0.198
  9543	0.0974792	-0.198	0.198
  9544	0.084674	-0.198	0.198
  9545	0.0789566	-0.198	0.198
  9546	0.0832987	-0.198	0.198
  9547	0.0939096	-0.198	0.198
  9548	0.0847696	-0.198	0.198
  9549	0.0803147	-0.198	0.198
  9550	0.0853735	-0.198	0.198
  9551	0.0704263	-0.198	0.198
  9552	0.0694993	-0.198	0.198
  9553	0.0727916	-0.198	0.198
  9554	0.0746377	-0.198	0.198
  9555	0.0719803	-0.198	0.198
  9556	0.0914276	-0.198	0.198
  9557	0.0763116	-0.198	0.198
  9558	0.0353524	-0.198	0.198
  9559	0.0978789	-0.198	0.198
  9560	0.0983498	-0.198	0.198
  9561	0.0948177	-0.198	0.198
  9562	0.0636491	-0.198	0.198
  9563	0.0316656	-0.198	0.198
  9564	0.071003	-0.198	0.198
  9565	0.0950315	-0.198	0.198
  9566	0.0913971	-0.198	0.198
  9567	0.0754619	-0.198	0.198
  9568	0.0878658	-0.198	0.198
  9569	0.0703257	-0.198	0.198
  9570	0.0493893	-0.198	0.198
  9571	0.0614072	-0.198	0.198
  9572	0.0758186	-0.198	0.198
  9573	0.0833235	-0.198	0.198
  9574	0.0663514	-0.198	0.198
  9575	0.0884659	-0.198	0.198
  9576	0.0952687	-0.198	0.198
  9577	0.0862352	-0.198	0.198
  9578	0.0983765	-0.198	0.198
  9579	0.0931763	-0.198	0.198
  9580	0.0895903	-0.198	0.198
  9581	0.0981387	-0.198	0.198
  9582	0.0922024	-0.198	0.198
  9583	0.0442763	-0.198	0.198
  9584	0.0664679	-0.198	0.198
  9585	0.0707692	-0.198	0.198
  9586	0.0954135	-0.198	0.198
  9587	0.0979857	-0.198	0.198
  9588	0.0820375	-0.198	0.198
  9589	0.0746624	-0.198	0.198
  9590	0.0911182	-0.198	0.198
  9591	0.0699968	-0.198	0.198
  9592	0.0785586	-0.198	0.198
  9593	0.0433592	-0.198	0.198
  9594	0.0758921	-0.198	0.198
  9595	0.0623972	-0.198	0.198
  9596	0.0387587	-0.198	0.198
  9597	0.0903113	-0.198	0.198
  9598	0.0947916	-0.198	0.198
  9599	0.0721002	-0.198	0.198
  9600	0.0700052	-0.198	0.198
  9601	0.0535525	-0.198	0.198
  9602	0.0834297	-0.198	0.198
  9603	0.0258516	-0.198	0.198
  9604	0.0537614	-0.198	0.198
  9605	0.0720545	-0.198	0.198
  9606	0.0659929	-0.198	0.198
  9607	0.0809729	-0.198	0.198
  9608	0.076382	-0.198	0.198
  9609	0.0883283	-0.198	0.198
  9610	0.0902059	-0.198	0.198
  9611	0.073658	-0.198	0.198
  9612	0.0493336	-0.198	0.198
  9613	0.0494663	-0.198	0.198
  9614	0.0811739	-0.198	0.198
  9615	0.0975248	-0.198	0.198
  9616	0.0749963	-0.198	0.198
  9617	0.0465952	-0.198	0.198
  9618	0.0824778	-0.198	0.198
  9619	0.0904719	-0.198	0.198
  9620	0.0988361	-0.198	0.198
  9621	0.0647664	-0.198	0.198
  9622	0.086478	-0.198	0.198
  9623	0.0974915	-0.198	0.198
  9624	0.0917515	-0.198	0.198
  9625	0.080057	-0.198	0.198
  9626	0.0852354	-0.198	0.198
  9627	0.0727979	-0.198	0.198
  9628	0.0728734	-0.198	0.198
  9629	0.0661357	-0.198	0.198
  9630	0.0813099	-0.198	0.198
  9631	0.094504	-0.198	0.198
  9632	0.0939721	-0.198	0.198
  9633	0.0764893	-0.198	0.198
  9634	0.0915204	-0.198	0.198
  9635	0.0970526	-0.198	0.198
  9636	0.0802283	-0.198	0.198
  9637	0.074129	-0.198	0.198
  9638	0.0594391	-0.198	0.198
  9639	0.0976807	-0.198	0.198
  9640	0.0607051	-0.198	0.198
  9641	0.0734508	-0.198	0.198
  9642	0.0692556	-0.198	0.198
  9643	0.0888503	-0.198	0.198
  9644	0.0974596	-0.198	0.198
  9645	0.0456477	-0.198	0.198
  9646	0.0494827	-0.198	0.198
  9647	0.0533779	-0.198	0.198
  9648	0.0965	-0.198	0.198
  9649	0.0633911	-0.198	0.198
  9650	0.0768654	-0.198	0.198
  9651	0.0664991	-0.198	0.198
  9652	0.0945054	-0.198	0.198
  9653	0.0540255	-0.198	0.198
  9654	0.0468142	-0.198	0.198
  9655	0.0904174	-0.198	0.198
  9656	0.0707887	-0.198	0.198
  9657	0.0653387	-0.198	0.198
  9658	0.0852906	-0.198	0.198
  9659	0.0955241	-0.198	0.198
  9660	0.0855618	-0.198	0.198
  9661	0.0840356	-0.198	0.198
  9662	0.0842489	-0.198	0.198
  9663	0.0946598	-0.198	0.198
  9664	0.0383482	-0.198	0.198
  9665	0.0967926	-0.198	0.198
  9666	0.0898257	-0.198	0.198
  9667	0.0969016	-0.198	0.198
  9668	0.0912752	-0.198	0.198
  9669	0.0516367	-0.198	0.198
  9670	0.082368	-0.198	0.198
  9671	0.0796585	-0.198	0.198
  9672	0.0453375	-0.198	0.198
  9673	0.0860855	-0.198	0.198
  9674	0.0772563	-0.198	0.198
  9675	0.0664324	-0.198	0.198
  9676	0.0773346	-0.198	0.198
  9677	0.097891	-0.198	0.198
  9678	0.0759775	-0.198	0.198
  9679	0.0911736	-0.198	0.198
  9680	0.0734984	-0.198	0.198
  9681	0.0707647	-0.198	0.198
  9682	0.0969703	-0.198	0.198
  9683	0.0598797	-0.198	0.198
  9684	0.0651582	-0.198	0.198
  9685	0.0422288	-0.198	0.198
  9686	0.0595332	-0.198	0.198
  9687	0.0597711	-0.198	0.198
  9688	0.0726715	-0.198	0.198
  9689	0.0598217	-0.198	0.198
  9690	0.0902829	-0.198	0.198
  9691	0.0971781	-0.198	0.198
  9692	0.0842214	-0.198	0.198
  9693	0.0942943	-0.198	0.198
  9694	0.0982816	-0.198	0.198
  9695	0.0504817	-0.198	0.198
  9696	0.0951603	-0.198	0.198
  9697	0.0966157	-0.198	0.198
  9698	0.0944853	-0.198	0.198
  9699	0.0926038	-0.198	0.198
  9700	0.0722963	-0.198	0.198
  9701	0.0958907	-0.198	0.198
  9702	0.0762307	-0.198	0.198
  9703	0.0631888	-0.198	0.198
  9704	0.0654628	-0.198	0.198
  9705	0.0903743	-0.198	0.198
  9706	0.0825645	-0.198	0.198
  9707	0.0505261	-0.198	0.198
  9708	0.0703418	-0.198	0.198
  9709	0.0649133	-0.198	0.198
  9710	0.0862799	-0.198	0.198
  9711	0.0921639	-0.198	0.198
  9712	0.0725604	-0.198	0.198
  9713	0.088945	-0.198	0.198
  9714	0.0617822	-0.198	0.198
  9715	0.0906877	-0.198	0.198
  9716	0.0904972	-0.198	0.198
  9717	0.0943773	-0.198	0.198
  9718	0.0782705	-0.198	0.198
  9719	0.0690685	-0.198	0.198
  9720	0.0842044	-0.198	0.198
  9721	0.0585461	-0.198	0.198
  9722	0.0701645	-0.198	0.198
  9723	0.0713299	-0.198	0.198
  9724	0.0886399	-0.198	0.198
  9725	0.0991175	-0.198	0.198
  9726	0.081702	-0.198	0.198
  9727	0.0881419	-0.198	0.198
  9728	0.0916972	-0.198	0.198
  9729	0.0955753	-0.198	0.198
  9730	0.0880764	-0.198	0.198
  9731	0.0732324	-0.198	0.198
  9732	0.0803596	-0.198	0.198
  9733	0.0929696	-0.198	0.198
  9734	0.0829725	-0.198	0.198
  9735	0.0962448	-0.198	0.198
  9736	0.0905575	-0.198	0.198
  9737	0.0961304	-0.198	0.198
  9738	0.0824482	-0.198	0.198
  9739	0.0934973	-0.198	0.198
  9740	0.0452128	-0.198	0.198
  9741	0.0949896	-0.198	0.198
  9742	0.0909125	-0.198	0.198
  9743	0.0658061	-0.198	0.198
  9744	0.0250514	-0.198	0.198
  9745	0.088431	-0.198	0.198
  9746	0.0676879	-0.198	0.198
  9747	0.0880849	-0.198	0.198
  9748	0.0873105	-0.198	0.198
  9749	0.0849151	-0.198	0.198
  9750	0.0907294	-0.198	0.198
  9751	0.0859529	-0.198	0.198
  9752	0.0819136	-0.198	0.198
  9753	0.0757954	-0.198	0.198
  9754	0.0247462	-0.198	0.198
  9755	0.0857358	-0.198	0.198
  9756	0.0948461	-0.198	0.198
  9757	0.0869196	-0.198	0.198
  9758	0.077842	-0.198	0.198
  9759	0.0746649	-0.198	0.198
  9760	0.0683127	-0.198	0.198
  9761	0.0815824	-0.198	0.198
  9762	0.0746318	-0.198	0.198
  9763	0.0759578	-0.198	0.198
  9764	0.0788793	-0.198	0.198
  9765	0.0797281	-0.198	0.198
  9766	0.0843195	-0.198	0.198
  9767	0.0963344	-0.198	0.198
  9768	0.0985601	-0.198	0.198
  9769	0.0708546	-0.198	0.198
  9770	0.0745551	-0.198	0.198
  9771	0.0710892	-0.198	0.198
  9772	0.0582634	-0.198	0.198
  9773	0.0859808	-0.198	0.198
  9774	0.0634212	-0.198	0.198
  9775	0.0699975	-0.198	0.198
  9776	0.096041	-0.198	0.198
  9777	0.0965458	-0.198	0.198
  9778	0.0845862	-0.198	0.198
  9779	0.0884602	-0.198	0.198
  9780	0.0552756	-0.198	0.198
  9781	0.0620381	-0.198	0.198
  9782	0.0917682	-0.198	0.198
  9783	0.0643102	-0.198	0.198
  9784	0.0643241	-0.198	0.198
  9785	0.0803634	-0.198	0.198
  9786	0.077015	-0.198	0.198
  9787	0.0975128	-0.198	0.198
  9788	0.0938991	-0.198	0.198
  9789	0.0890084	-0.198	0.198
  9790	0.0713	-0.198	0.198
  9791	0.0854516	-0.198	0.198
  9792	0.0972609	-0.198	0.198
  9793	0.0439634	-0.198	0.198
  9794	0.0738911	-0.198	0.198
  9795	0.0840738	-0.198	0.198
  9796	0.092197	-0.198	0.198
  9797	0.076099	-0.198	0.198
  9798	0.0943842	-0.198	0.198
  9799	0.0895407	-0.198	0.198
  9800	0.06202	-0.198	0.198
  9801	0.0517403	-0.198	0.198
  9802	0.0643494	-0.198	0.198
  9803	0.0691115	-0.198	0.198
  9804	0.0782305	-0.198	0.198
  9805	0.0930908	-0.198	0.198
  9806	0.0837487	-0.198	0.198
  9807	0.0811304	-0.198	0.198
  9808	0.0843181	-0.198	0.198
  9809	0.0944075	-0.198	0.198
  9810	0.0830842	-0.198	0.198
  9811	0.0899685	-0.198	0.198
  9812	0.0915482	-0.198	0.198
  9813	0.0634574	-0.198	0.198
  9814	0.0740819	-0.198	0.198
  9815	0.0909142	-0.198	0.198
  9816	0.0767996	-0.198	0.198
  9817	0.0756368	-0.198	0.198
  9818	0.0726195	-0.198	0.198
  9819	0.0842138	-0.198	0.198
  9820	0.0868467	-0.198	0.198
  9821	0.0462924	-0.198	0.198
  9822	0.0927388	-0.198	0.198
  9823	0.0672947	-0.198	0.198
  9824	0.0761464	-0.198	0.198
  9825	0.0983351	-0.198	0.198
  9826	0.0699945	-0.198	0.198
  9827	0.051067	-0.198	0.198
  9828	0.0929487	-0.198	0.198
  9829	0.0732145	-0.198	0.198
  9830	0.0966791	-0.198	0.198
  9831	0.0882087	-0.198	0.198
  9832	0.036119	-0.198	0.198
  9833	0.0756387	-0.198	0.198
  9834	0.0155515	-0.198	0.198
  9835	0.0777136	-0.198	0.198
  9836	0.0783659	-0.198	0.198
  9837	0.0757138	-0.198	0.198
  9838	0.0915499	-0.198	0.198
  9839	0.0859516	-0.198	0.198
  9840	0.082475	-0.198	0.198
  9841	0.0441078	-0.198	0.198
  9842	0.0964101	-0.198	0.198
  9843	0.0806345	-0.198	0.198
  9844	0.0425674	-0.198	0.198
  9845	0.0463264	-0.198	0.198
  9846	0.0382152	-0.198	0.198
  9847	0.0801493	-0.198	0.198
  9848	0.0204803	-0.198	0.198
  9849	0.0867464	-0.198	0.198
  9850	0.0721323	-0.198	0.198
  9851	0.0952779	-0.198	0.198
  9852	0.0851138	-0.198	0.198
  9853	0.0785834	-0.198	0.198
  9854	0.0725476	-0.198	0.198
  9855	0.05748	-0.198	0.198
  9856	0.0940736	-0.198	0.198
  9857	0.0418307	-0.198	0.198
  9858	0.0628142	-0.198	0.198
  9859	0.0764412	-0.198	0.198
  9860	0.0794358	-0.198	0.198
  9861	0.0473904	-0.198	0.198
  9862	0.0388997	-0.198	0.198
  9863	0.080811	-0.198	0.198
  9864	0.0906837	-0.198	0.198
  9865	0.0566419	-0.198	0.198
  9866	0.0662046	-0.198	0.198
  9867	0.087805	-0.198	0.198
  9868	0.057039	-0.198	0.198
  9869	0.0940284	-0.198	0.198
  9870	0.0709522	-0.198	0.198
  9871	0.0629383	-0.198	0.198
  9872	0.0971734	-0.198	0.198
  9873	0.0951342	-0.198	0.198
  9874	0.0939064	-0.198	0.198
  9875	0.0951191	-0.198	0.198
  9876	0.068761	-0.198	0.198
  9877	0.0814609	-0.198	0.198
  9878	0.0316669	-0.198	0.198
  9879	0.0744663	-0.198	0.198
  9880	0.0752067	-0.198	0.198
  9881	0.0463219	-0.198	0.198
  9882	0.0843533	-0.198	0.198
  9883	0.0719325	-0.198	0.198
  9884	0.0981661	-0.198	0.198
  9885	0.0579542	-0.198	0.198
  9886	0.087432	-0.198	0.198
  9887	0.0978237	-0.198	0.198
  9888	0.0694447	-0.198	0.198
  9889	0.0766264	-0.198	0.198
  9890	0.0863403	-0.198	0.198
  9891	0.068738	-0.198	0.198
  9892	0.0193198	-0.198	0.198
  9893	0.0841577	-0.198	0.198
  9894	0.0492077	-0.198	0.198
  9895	0.076476	-0.198	0.198
  9896	0.0782771	-0.198	0.198
  9897	0.0847417	-0.198	0.198
  9898	0.0864283	-0.198	0.198
  9899	0.0910617	-0.198	0.198
  9900	0.0940017	-0.198	0.198
  9901	0.0842914	-0.198	0.198
  9902	0.0955831	-0.198	0.198
  9903	0.0979103	-0.198	0.198
  9904	0.067096	-0.198	0.198
  9905	0.075555	-0.198	0.198
  9906	0.0847496	-0.198	0.198
  9907	0.0888675	-0.198	0.198
  9908	0.093276	-0.198	0.198
  9909	0.0655501	-0.198	0.198
  9910	0.0955952	-0.198	0.198
  9911	0.0728191	-0.198	0.198
  9912	0.0813843	-0.198	0.198
  9913	0.0670994	-0.198	0.198
  9914	0.0923147	-0.198	0.198
  9915	0.0810608	-0.198	0.198
  9916	0.0837024	-0.198	0.198
  9917	0.09245	-0.198	0.198
  9918	0.0934812	-0.198	0.198
  9919	0.0829914	-0.198	0.198
  9920	0.0856423	-0.198	0.198
  9921	0.0704586	-0.198	0.198
  9922	0.0858515	-0.198	0.198
  9923	0.0642691	-0.198	0.198
  9924	0.0710932	-0.198	0.198
  9925	0.0602741	-0.198	0.198
  9926	0.0984788	-0.198	0.198
  9927	0.0746031	-0.198	0.198
  9928	0.083621	-0.198	0.198
  9929	0.0672106	-0.198	0.198
  9930	0.0927323	-0.198	0.198
  9931	0.0853438	-0.198	0.198
  9932	0.0709318	-0.198	0.198
  9933	0.065521	-0.198	0.198
  9934	0.0885652	-0.198	0.198
  9935	0.049134	-0.198	0.198
  9936	0.0511625	-0.198	0.198
  9937	0.0941819	-0.198	0.198
  9938	0.0833624	-0.198	0.198
  9939	0.0877461	-0.198	0.198
  9940	0.0878048	-0.198	0.198
  9941	0.0352897	-0.198	0.198
  9942	0.0542398	-0.198	0.198
  9943	0.0498828	-0.198	0.198
  9944	0.0877298	-0.198	0.198
  9945	0.0808354	-0.198	0.198
  9946	0.0825621	-0.198	0.198
  9947	0.0720612	-0.198	0.198
  9948	0.0437487	-0.198	0.198
  9949	0.0802447	-0.198	0.198
  9950	0.0890961	-0.198	0.198
  9951	0.0675058	-0.198	0.198
  9952	0.0819834	-0.198	0.198
  9953	0.0831342	-0.198	0.198
  9954	0.0645725	-0.198	0.198
  9955	0.0753659	-0.198	0.198
  9956	0.0455302	-0.198	0.198
  9957	0.097649	-0.198	0.198
  9958	0.0841156	-0.198	0.198
  9959	0.0780839	-0.198	0.198
  9960	0.0918654	-0.198	0.198
  9961	0.0840387	-0.198	0.198
  9962	0.0696442	-0.198	0.198
  9963	0.0768542	-0.198	0.198
  9964	0.096137	-0.198	0.198
  9965	0.0942758	-0.198	0.198
  9966	0.0871368	-0.198	0.198
  9967	0.0836734	-0.198	0.198
  9968	0.0807835	-0.198	0.198
  9969	0.0658221	-0.198	0.198
  9970	0.077746	-0.198	0.198
  9971	0.0919036	-0.198	0.198
  9972	0.070386	-0.198	0.198
  9973	0.0681121	-0.198	0.198
  9974	0.0637856	-0.198	0.198
  9975	0.0912347	-0.198	0.198
  9976	0.0822908	-0.198	0.198
  9977	0.0561407	-0.198	0.198
  9978	0.0961384	-0.198	0.198
  9979	0.0653117	-0.198	0.198
  9980	0.0831086	-0.198	0.198
  9981	0.028951	-0.198	0.198
  9982	0.0353402	-0.198	0.198
  9983	0.082963	-0.198	0.198
  9984	0.0974601	-0.198	0.198
  9985	0.0919672	-0.198	0.198
  9986	0.0927672	-0.198	0.198
  9987	0.0908658	-0.198	0.198
  9988	0.0575454	-0.198	0.198
  9989	0.0851183	-0.198	0.198
  9990	0.0622917	-0.198	0.198
  9991	0.0655826	-0.198	0.198
  9992	0.095982	-0.198	0.198
  9993	0.0850734	-0.198	0.198
  9994	0.0681907	-0.198	0.198
  9995	0.0515092	-0.198	0.198
  9996	0.0702466	-0.198	0.198
  9997	0.0912269	-0.198	0.198
  9998	0.0848664	-0.198	0.198
  9999	0.0763974	-0.198	0.198
 10000	0.0459561	-0.198	0.198

Measurement: SNMMIN
  step	MIN(0.707*V(v1)-0.707*V(v2))	FROM	TO
     1	-0.0922573	-0.198	0.198
     2	-0.0925665	-0.198	0.198
     3	-0.086422	-0.198	0.198
     4	-0.0854858	-0.198	0.198
     5	-0.0756226	-0.198	0.198
     6	-0.0826782	-0.198	0.198
     7	-0.0551654	-0.198	0.198
     8	-0.0812017	-0.198	0.198
     9	-0.0768202	-0.198	0.198
    10	-0.0566795	-0.198	0.198
    11	-0.0819017	-0.198	0.198
    12	-0.0798329	-0.198	0.198
    13	-0.0710508	-0.198	0.198
    14	-0.0923363	-0.198	0.198
    15	-0.0563622	-0.198	0.198
    16	-0.0891598	-0.198	0.198
    17	-0.0276379	-0.198	0.198
    18	-0.0300852	-0.198	0.198
    19	-0.0968175	-0.198	0.198
    20	-0.0473622	-0.198	0.198
    21	-0.0678876	-0.198	0.198
    22	-0.0437634	-0.198	0.198
    23	-0.0663341	-0.198	0.198
    24	-0.0574033	-0.198	0.198
    25	-0.0447098	-0.198	0.198
    26	-0.0853852	-0.198	0.198
    27	-0.0863322	-0.198	0.198
    28	-0.0672126	-0.198	0.198
    29	-0.0482525	-0.198	0.198
    30	-0.0555978	-0.198	0.198
    31	-0.0942967	-0.198	0.198
    32	-0.0923736	-0.198	0.198
    33	-0.0540058	-0.198	0.198
    34	-0.05219	-0.198	0.198
    35	-0.0871845	-0.198	0.198
    36	-0.0923505	-0.198	0.198
    37	-0.0917871	-0.198	0.198
    38	-0.0810571	-0.198	0.198
    39	-0.0745157	-0.198	0.198
    40	-0.0766908	-0.198	0.198
    41	-0.0611499	-0.198	0.198
    42	-0.059872	-0.198	0.198
    43	-0.0558002	-0.198	0.198
    44	-0.0837984	-0.198	0.198
    45	-0.0803711	-0.198	0.198
    46	-0.0883623	-0.198	0.198
    47	-0.095209	-0.198	0.198
    48	-0.076898	-0.198	0.198
    49	-0.0876555	-0.198	0.198
    50	-0.0892468	-0.198	0.198
    51	-0.0944443	-0.198	0.198
    52	-0.0767693	-0.198	0.198
    53	-0.0316963	-0.198	0.198
    54	-0.0690687	-0.198	0.198
    55	-0.0678141	-0.198	0.198
    56	-0.0719772	-0.198	0.198
    57	-0.0729308	-0.198	0.198
    58	-0.0846306	-0.198	0.198
    59	-0.0155817	-0.198	0.198
    60	-0.090863	-0.198	0.198
    61	-0.0472674	-0.198	0.198
    62	-0.0857175	-0.198	0.198
    63	-0.0853153	-0.198	0.198
    64	-0.0908098	-0.198	0.198
    65	-0.0693144	-0.198	0.198
    66	-0.0404627	-0.198	0.198
    67	-0.0345321	-0.198	0.198
    68	-0.0273382	-0.198	0.198
    69	-0.0622375	-0.198	0.198
    70	-0.0972298	-0.198	0.198
    71	-0.0754472	-0.198	0.198
    72	-0.09142	-0.198	0.198
    73	-0.0881627	-0.198	0.198
    74	-0.084319	-0.198	0.198
    75	-0.0950207	-0.198	0.198
    76	-0.096968	-0.198	0.198
    77	-0.0979979	-0.198	0.198
    78	-0.0940895	-0.198	0.198
    79	-0.0868053	-0.198	0.198
    80	-0.0497982	-0.198	0.198
    81	-0.0704376	-0.198	0.198
    82	-0.0791814	-0.198	0.198
    83	-0.094837	-0.198	0.198
    84	-0.0791764	-0.198	0.198
    85	-0.0194285	-0.198	0.198
    86	-0.0698904	-0.198	0.198
    87	-0.0845776	-0.198	0.198
    88	-0.0394943	-0.198	0.198
    89	-0.064348	-0.198	0.198
    90	-0.083079	-0.198	0.198
    91	-0.0915235	-0.198	0.198
    92	-0.0876146	-0.198	0.198
    93	-0.0730853	-0.198	0.198
    94	-0.0972224	-0.198	0.198
    95	-0.0830983	-0.198	0.198
    96	-0.0906783	-0.198	0.198
    97	-0.078134	-0.198	0.198
    98	-0.097563	-0.198	0.198
    99	-0.0954082	-0.198	0.198
   100	-0.0819871	-0.198	0.198
   101	-0.0877433	-0.198	0.198
   102	-0.0944401	-0.198	0.198
   103	-0.0826967	-0.198	0.198
   104	-0.0749172	-0.198	0.198
   105	-0.0195932	-0.198	0.198
   106	-0.0611635	-0.198	0.198
   107	-0.0763237	-0.198	0.198
   108	-0.0856932	-0.198	0.198
   109	-0.0782626	-0.198	0.198
   110	-0.0906808	-0.198	0.198
   111	-0.095844	-0.198	0.198
   112	-0.0810545	-0.198	0.198
   113	-0.0885741	-0.198	0.198
   114	-0.089122	-0.198	0.198
   115	-0.0834342	-0.198	0.198
   116	-0.0660503	-0.198	0.198
   117	-0.0976924	-0.198	0.198
   118	-0.063028	-0.198	0.198
   119	-0.0850229	-0.198	0.198
   120	-0.0944874	-0.198	0.198
   121	-0.0661442	-0.198	0.198
   122	-0.0974856	-0.198	0.198
   123	-0.0883778	-0.198	0.198
   124	-0.0716839	-0.198	0.198
   125	-0.0912875	-0.198	0.198
   126	-0.0567121	-0.198	0.198
   127	-0.0793868	-0.198	0.198
   128	-0.0836306	-0.198	0.198
   129	-0.0923147	-0.198	0.198
   130	-0.0679663	-0.198	0.198
   131	-0.0594184	-0.198	0.198
   132	-0.0849952	-0.198	0.198
   133	-0.085276	-0.198	0.198
   134	-0.0906533	-0.198	0.198
   135	-0.0649325	-0.198	0.198
   136	-0.0812808	-0.198	0.198
   137	-0.0388235	-0.198	0.198
   138	-0.049094	-0.198	0.198
   139	-0.0909171	-0.198	0.198
   140	-0.0436967	-0.198	0.198
   141	-0.06347	-0.198	0.198
   142	-0.0966885	-0.198	0.198
   143	-0.0949646	-0.198	0.198
   144	-0.0972664	-0.198	0.198
   145	-0.0973035	-0.198	0.198
   146	-0.0776077	-0.198	0.198
   147	-0.0764137	-0.198	0.198
   148	-0.0419559	-0.198	0.198
   149	-0.0951083	-0.198	0.198
   150	-0.0906973	-0.198	0.198
   151	-0.0909342	-0.198	0.198
   152	-0.0932473	-0.198	0.198
   153	-0.0787835	-0.198	0.198
   154	-0.0662711	-0.198	0.198
   155	-0.0634682	-0.198	0.198
   156	-0.0862284	-0.198	0.198
   157	-0.0830733	-0.198	0.198
   158	-0.0732906	-0.198	0.198
   159	-0.0880633	-0.198	0.198
   160	-0.0938018	-0.198	0.198
   161	-0.0577614	-0.198	0.198
   162	-0.0948517	-0.198	0.198
   163	-0.0908854	-0.198	0.198
   164	-0.0856305	-0.198	0.198
   165	-0.0410763	-0.198	0.198
   166	-0.0960877	-0.198	0.198
   167	-0.0865488	-0.198	0.198
   168	-0.0786893	-0.198	0.198
   169	-0.0882995	-0.198	0.198
   170	-0.0932199	-0.198	0.198
   171	-0.0807368	-0.198	0.198
   172	-0.0733113	-0.198	0.198
   173	-0.0696086	-0.198	0.198
   174	-0.0951019	-0.198	0.198
   175	-0.0336533	-0.198	0.198
   176	-0.0564656	-0.198	0.198
   177	-0.0538352	-0.198	0.198
   178	-0.0774221	-0.198	0.198
   179	-0.0489893	-0.198	0.198
   180	-0.0703627	-0.198	0.198
   181	-0.0654368	-0.198	0.198
   182	-0.0848695	-0.198	0.198
   183	-0.092702	-0.198	0.198
   184	-0.0931625	-0.198	0.198
   185	-0.0423369	-0.198	0.198
   186	-0.078127	-0.198	0.198
   187	-0.0519233	-0.198	0.198
   188	-0.0801675	-0.198	0.198
   189	-0.096848	-0.198	0.198
   190	-0.0536287	-0.198	0.198
   191	-0.0979911	-0.198	0.198
   192	-0.0876655	-0.198	0.198
   193	-0.0683167	-0.198	0.198
   194	-0.060463	-0.198	0.198
   195	-0.0946636	-0.198	0.198
   196	-0.0558543	-0.198	0.198
   197	-0.097583	-0.198	0.198
   198	-0.0944051	-0.198	0.198
   199	-0.0596208	-0.198	0.198
   200	-0.0756996	-0.198	0.198
   201	-0.0691803	-0.198	0.198
   202	-0.060854	-0.198	0.198
   203	-0.0901134	-0.198	0.198
   204	-0.0869812	-0.198	0.198
   205	-0.0885954	-0.198	0.198
   206	-0.0917911	-0.198	0.198
   207	-0.0769711	-0.198	0.198
   208	-0.0516653	-0.198	0.198
   209	-0.0563968	-0.198	0.198
   210	-0.0589086	-0.198	0.198
   211	-0.0723844	-0.198	0.198
   212	-0.0760914	-0.198	0.198
   213	-0.0679823	-0.198	0.198
   214	-0.0633416	-0.198	0.198
   215	-0.093793	-0.198	0.198
   216	-0.0794194	-0.198	0.198
   217	-0.0747115	-0.198	0.198
   218	-0.0778927	-0.198	0.198
   219	-0.0474078	-0.198	0.198
   220	-0.075437	-0.198	0.198
   221	-0.0945524	-0.198	0.198
   222	-0.093455	-0.198	0.198
   223	-0.0971432	-0.198	0.198
   224	-0.0895517	-0.198	0.198
   225	-0.094779	-0.198	0.198
   226	-0.0422874	-0.198	0.198
   227	-0.0700138	-0.198	0.198
   228	-0.0752623	-0.198	0.198
   229	-0.0638867	-0.198	0.198
   230	-0.0625815	-0.198	0.198
   231	-0.0966438	-0.198	0.198
   232	-0.0973648	-0.198	0.198
   233	-0.0913541	-0.198	0.198
   234	-0.0888453	-0.198	0.198
   235	-0.0809522	-0.198	0.198
   236	-0.0726696	-0.198	0.198
   237	-0.0911618	-0.198	0.198
   238	-0.0464181	-0.198	0.198
   239	-0.0795605	-0.198	0.198
   240	-0.0614496	-0.198	0.198
   241	-0.0785756	-0.198	0.198
   242	-0.0595135	-0.198	0.198
   243	-0.0927423	-0.198	0.198
   244	-0.041547	-0.198	0.198
   245	-0.0728155	-0.198	0.198
   246	-0.0645327	-0.198	0.198
   247	-0.0639966	-0.198	0.198
   248	-0.0966137	-0.198	0.198
   249	-0.0964873	-0.198	0.198
   250	-0.0868267	-0.198	0.198
   251	-0.0796765	-0.198	0.198
   252	-0.0390041	-0.198	0.198
   253	-0.042719	-0.198	0.198
   254	-0.0337753	-0.198	0.198
   255	-0.0981949	-0.198	0.198
   256	-0.0511811	-0.198	0.198
   257	-0.0963438	-0.198	0.198
   258	-0.0698569	-0.198	0.198
   259	-0.0782534	-0.198	0.198
   260	-0.0461641	-0.198	0.198
   261	-0.0758933	-0.198	0.198
   262	-0.0697295	-0.198	0.198
   263	-0.0936451	-0.198	0.198
   264	-0.0826076	-0.198	0.198
   265	-0.0718526	-0.198	0.198
   266	-0.0743617	-0.198	0.198
   267	-0.0874972	-0.198	0.198
   268	-0.0806178	-0.198	0.198
   269	-0.0723077	-0.198	0.198
   270	-0.0805203	-0.198	0.198
   271	-0.0620375	-0.198	0.198
   272	-0.0751131	-0.198	0.198
   273	-0.0673783	-0.198	0.198
   274	-0.0811655	-0.198	0.198
   275	-0.0970642	-0.198	0.198
   276	-0.0978077	-0.198	0.198
   277	-0.0971579	-0.198	0.198
   278	-0.0767923	-0.198	0.198
   279	-0.0958692	-0.198	0.198
   280	-0.08494	-0.198	0.198
   281	-0.0825466	-0.198	0.198
   282	-0.0969929	-0.198	0.198
   283	-0.038558	-0.198	0.198
   284	-0.0964528	-0.198	0.198
   285	-0.0757352	-0.198	0.198
   286	-0.0782767	-0.198	0.198
   287	-0.0907875	-0.198	0.198
   288	-0.0611664	-0.198	0.198
   289	-0.0877437	-0.198	0.198
   290	-0.0868855	-0.198	0.198
   291	-0.0510418	-0.198	0.198
   292	-0.0899604	-0.198	0.198
   293	-0.095592	-0.198	0.198
   294	-0.095367	-0.198	0.198
   295	-0.0615055	-0.198	0.198
   296	-0.0904403	-0.198	0.198
   297	-0.0705023	-0.198	0.198
   298	-0.0793299	-0.198	0.198
   299	-0.0835351	-0.198	0.198
   300	-0.0737345	-0.198	0.198
   301	-0.0948374	-0.198	0.198
   302	-0.077988	-0.198	0.198
   303	-0.0814718	-0.198	0.198
   304	-0.0738869	-0.198	0.198
   305	-0.0821565	-0.198	0.198
   306	-0.0976435	-0.198	0.198
   307	-0.0979865	-0.198	0.198
   308	-0.085283	-0.198	0.198
   309	-0.0944015	-0.198	0.198
   310	-0.0853273	-0.198	0.198
   311	-0.0727284	-0.198	0.198
   312	-0.0754755	-0.198	0.198
   313	-0.0887049	-0.198	0.198
   314	-0.0926525	-0.198	0.198
   315	-0.079285	-0.198	0.198
   316	-0.0896207	-0.198	0.198
   317	-0.063402	-0.198	0.198
   318	-0.067143	-0.198	0.198
   319	-0.0963117	-0.198	0.198
   320	-0.065123	-0.198	0.198
   321	-0.0881002	-0.198	0.198
   322	-0.0805146	-0.198	0.198
   323	-0.0735042	-0.198	0.198
   324	-0.0789651	-0.198	0.198
   325	-0.0485018	-0.198	0.198
   326	-0.0615472	-0.198	0.198
   327	-0.0709498	-0.198	0.198
   328	-0.062114	-0.198	0.198
   329	-0.0944093	-0.198	0.198
   330	-0.0788716	-0.198	0.198
   331	-0.0430101	-0.198	0.198
   332	-0.0787161	-0.198	0.198
   333	-0.0838252	-0.198	0.198
   334	-0.0911168	-0.198	0.198
   335	-0.0493279	-0.198	0.198
   336	-0.0843073	-0.198	0.198
   337	-0.0905069	-0.198	0.198
   338	-0.0760731	-0.198	0.198
   339	-0.0941895	-0.198	0.198
   340	-0.0827381	-0.198	0.198
   341	-0.0818054	-0.198	0.198
   342	-0.0668799	-0.198	0.198
   343	-0.0908648	-0.198	0.198
   344	-0.0558698	-0.198	0.198
   345	-0.0934701	-0.198	0.198
   346	-0.0627526	-0.198	0.198
   347	-0.0513673	-0.198	0.198
   348	-0.0511567	-0.198	0.198
   349	-0.0960017	-0.198	0.198
   350	-0.0671518	-0.198	0.198
   351	-0.0433498	-0.198	0.198
   352	-0.0795189	-0.198	0.198
   353	-0.071801	-0.198	0.198
   354	-0.056546	-0.198	0.198
   355	-0.074171	-0.198	0.198
   356	-0.0951184	-0.198	0.198
   357	-0.0455025	-0.198	0.198
   358	-0.064707	-0.198	0.198
   359	-0.0918763	-0.198	0.198
   360	-0.0927011	-0.198	0.198
   361	-0.0859826	-0.198	0.198
   362	-0.033746	-0.198	0.198
   363	-0.0558126	-0.198	0.198
   364	-0.0715284	-0.198	0.198
   365	-0.0965143	-0.198	0.198
   366	-0.0936966	-0.198	0.198
   367	-0.054662	-0.198	0.198
   368	-0.0622332	-0.198	0.198
   369	-0.0825022	-0.198	0.198
   370	-0.0786173	-0.198	0.198
   371	-0.0863072	-0.198	0.198
   372	-0.0868146	-0.198	0.198
   373	-0.0898794	-0.198	0.198
   374	-0.0433371	-0.198	0.198
   375	-0.0918773	-0.198	0.198
   376	-0.0685635	-0.198	0.198
   377	-0.0600654	-0.198	0.198
   378	-0.0501493	-0.198	0.198
   379	-0.0469816	-0.198	0.198
   380	-0.0867776	-0.198	0.198
   381	-0.0943828	-0.198	0.198
   382	-0.0780807	-0.198	0.198
   383	-0.0820529	-0.198	0.198
   384	-0.0687608	-0.198	0.198
   385	-0.0691002	-0.198	0.198
   386	-0.0867895	-0.198	0.198
   387	-0.0517858	-0.198	0.198
   388	-0.0673722	-0.198	0.198
   389	-0.060962	-0.198	0.198
   390	-0.0947038	-0.198	0.198
   391	-0.0944595	-0.198	0.198
   392	-0.0646346	-0.198	0.198
   393	-0.0976372	-0.198	0.198
   394	-0.0815248	-0.198	0.198
   395	-0.079881	-0.198	0.198
   396	-0.0619682	-0.198	0.198
   397	-0.0976559	-0.198	0.198
   398	-0.0749549	-0.198	0.198
   399	-0.0967092	-0.198	0.198
   400	-0.0162779	-0.198	0.198
   401	-0.0819678	-0.198	0.198
   402	-0.0845357	-0.198	0.198
   403	-0.0724039	-0.198	0.198
   404	-0.0686393	-0.198	0.198
   405	-0.0952466	-0.198	0.198
   406	-0.0599786	-0.198	0.198
   407	-0.0782918	-0.198	0.198
   408	-0.0820735	-0.198	0.198
   409	-0.0602221	-0.198	0.198
   410	-0.094702	-0.198	0.198
   411	-0.0809329	-0.198	0.198
   412	-0.0783026	-0.198	0.198
   413	-0.0880058	-0.198	0.198
   414	-0.0759356	-0.198	0.198
   415	-0.0880001	-0.198	0.198
   416	-0.0871032	-0.198	0.198
   417	-0.0980092	-0.198	0.198
   418	-0.0948665	-0.198	0.198
   419	-0.0404907	-0.198	0.198
   420	-0.0622348	-0.198	0.198
   421	-0.087459	-0.198	0.198
   422	-0.0978804	-0.198	0.198
   423	-0.0504052	-0.198	0.198
   424	-0.0786181	-0.198	0.198
   425	-0.081551	-0.198	0.198
   426	-0.0727287	-0.198	0.198
   427	-0.0326494	-0.198	0.198
   428	-0.0696214	-0.198	0.198
   429	-0.0810633	-0.198	0.198
   430	-0.0905001	-0.198	0.198
   431	-0.0475138	-0.198	0.198
   432	-0.0654818	-0.198	0.198
   433	-0.0965666	-0.198	0.198
   434	-0.0736702	-0.198	0.198
   435	-0.0796538	-0.198	0.198
   436	-0.0598125	-0.198	0.198
   437	-0.0919158	-0.198	0.198
   438	-0.0931756	-0.198	0.198
   439	-0.0610917	-0.198	0.198
   440	-0.0764323	-0.198	0.198
   441	-0.0974931	-0.198	0.198
   442	-0.074942	-0.198	0.198
   443	-0.0822527	-0.198	0.198
   444	-0.0923067	-0.198	0.198
   445	-0.0956021	-0.198	0.198
   446	-0.0708461	-0.198	0.198
   447	-0.0970505	-0.198	0.198
   448	-0.090078	-0.198	0.198
   449	-0.0608822	-0.198	0.198
   450	-0.0841347	-0.198	0.198
   451	-0.0897602	-0.198	0.198
   452	-0.0793436	-0.198	0.198
   453	-0.0722011	-0.198	0.198
   454	-0.0586532	-0.198	0.198
   455	-0.0961261	-0.198	0.198
   456	-0.0739827	-0.198	0.198
   457	-0.0558767	-0.198	0.198
   458	-0.0722479	-0.198	0.198
   459	-0.0840001	-0.198	0.198
   460	-0.0510792	-0.198	0.198
   461	-0.0723893	-0.198	0.198
   462	-0.0931203	-0.198	0.198
   463	-0.0867075	-0.198	0.198
   464	-0.0973827	-0.198	0.198
   465	-0.0801964	-0.198	0.198
   466	-0.0940373	-0.198	0.198
   467	-0.0724304	-0.198	0.198
   468	-0.074995	-0.198	0.198
   469	-0.0766494	-0.198	0.198
   470	-0.0955703	-0.198	0.198
   471	-0.0790751	-0.198	0.198
   472	-0.094266	-0.198	0.198
   473	-0.0692213	-0.198	0.198
   474	-0.0976083	-0.198	0.198
   475	-0.0962343	-0.198	0.198
   476	-0.0658334	-0.198	0.198
   477	-0.0883857	-0.198	0.198
   478	-0.0684435	-0.198	0.198
   479	-0.0967016	-0.198	0.198
   480	-0.0546264	-0.198	0.198
   481	-0.0921739	-0.198	0.198
   482	-0.0885088	-0.198	0.198
   483	-0.0381546	-0.198	0.198
   484	-0.0977965	-0.198	0.198
   485	-0.0857023	-0.198	0.198
   486	-0.080551	-0.198	0.198
   487	-0.0701326	-0.198	0.198
   488	-0.0609244	-0.198	0.198
   489	-0.0791047	-0.198	0.198
   490	-0.0669675	-0.198	0.198
   491	-0.0899612	-0.198	0.198
   492	-0.0939373	-0.198	0.198
   493	-0.0536308	-0.198	0.198
   494	-0.0646164	-0.198	0.198
   495	-0.0877455	-0.198	0.198
   496	-0.0969964	-0.198	0.198
   497	-0.0871413	-0.198	0.198
   498	-0.0856209	-0.198	0.198
   499	-0.0764689	-0.198	0.198
   500	-0.09607	-0.198	0.198
   501	-0.0728559	-0.198	0.198
   502	-0.0692999	-0.198	0.198
   503	-0.0822905	-0.198	0.198
   504	-0.0983061	-0.198	0.198
   505	-0.0801343	-0.198	0.198
   506	-0.0745986	-0.198	0.198
   507	-0.0657435	-0.198	0.198
   508	-0.0736929	-0.198	0.198
   509	-0.0962917	-0.198	0.198
   510	-0.0653981	-0.198	0.198
   511	-0.0241406	-0.198	0.198
   512	-0.0841774	-0.198	0.198
   513	-0.0558263	-0.198	0.198
   514	-0.0966354	-0.198	0.198
   515	-0.0641786	-0.198	0.198
   516	-0.0746892	-0.198	0.198
   517	-0.0935778	-0.198	0.198
   518	-0.0635469	-0.198	0.198
   519	-0.0537908	-0.198	0.198
   520	-0.0590711	-0.198	0.198
   521	-0.0962921	-0.198	0.198
   522	-0.0283117	-0.198	0.198
   523	-0.0830827	-0.198	0.198
   524	-0.0795975	-0.198	0.198
   525	-0.0460524	-0.198	0.198
   526	-0.0436586	-0.198	0.198
   527	-0.0919521	-0.198	0.198
   528	-0.0759989	-0.198	0.198
   529	-0.0945612	-0.198	0.198
   530	-0.0888058	-0.198	0.198
   531	-0.0802674	-0.198	0.198
   532	-0.0786084	-0.198	0.198
   533	-0.0905799	-0.198	0.198
   534	-0.0826714	-0.198	0.198
   535	-0.0970125	-0.198	0.198
   536	-0.0856837	-0.198	0.198
   537	-0.0878788	-0.198	0.198
   538	-0.0669875	-0.198	0.198
   539	-0.0621142	-0.198	0.198
   540	-0.0739311	-0.198	0.198
   541	-0.0348915	-0.198	0.198
   542	-0.0958004	-0.198	0.198
   543	-0.0512175	-0.198	0.198
   544	-0.0544706	-0.198	0.198
   545	-0.0811409	-0.198	0.198
   546	-0.0669906	-0.198	0.198
   547	-0.0824835	-0.198	0.198
   548	-0.0220495	-0.198	0.198
   549	-0.0958522	-0.198	0.198
   550	-0.0976348	-0.198	0.198
   551	-0.0898636	-0.198	0.198
   552	-0.0800885	-0.198	0.198
   553	-0.0897823	-0.198	0.198
   554	-0.078811	-0.198	0.198
   555	-0.0390658	-0.198	0.198
   556	-0.0443381	-0.198	0.198
   557	-0.0968304	-0.198	0.198
   558	-0.0797421	-0.198	0.198
   559	-0.065746	-0.198	0.198
   560	-0.0903113	-0.198	0.198
   561	-0.0704737	-0.198	0.198
   562	-0.0959095	-0.198	0.198
   563	-0.0370039	-0.198	0.198
   564	-0.0952457	-0.198	0.198
   565	-0.096142	-0.198	0.198
   566	-0.0529225	-0.198	0.198
   567	-0.0972827	-0.198	0.198
   568	-0.0632839	-0.198	0.198
   569	-0.0941331	-0.198	0.198
   570	-0.0866151	-0.198	0.198
   571	-0.0968383	-0.198	0.198
   572	-0.0783328	-0.198	0.198
   573	-0.0482149	-0.198	0.198
   574	-0.0962584	-0.198	0.198
   575	-0.0932607	-0.198	0.198
   576	-0.061436	-0.198	0.198
   577	-0.0745171	-0.198	0.198
   578	-0.0706891	-0.198	0.198
   579	-0.0920425	-0.198	0.198
   580	-0.0648616	-0.198	0.198
   581	-0.0979536	-0.198	0.198
   582	-0.0953541	-0.198	0.198
   583	-0.0330298	-0.198	0.198
   584	-0.0827554	-0.198	0.198
   585	-0.0625152	-0.198	0.198
   586	-0.0681796	-0.198	0.198
   587	-0.080614	-0.198	0.198
   588	-0.0512251	-0.198	0.198
   589	-0.0591499	-0.198	0.198
   590	-0.0946746	-0.198	0.198
   591	-0.0541965	-0.198	0.198
   592	-0.0847491	-0.198	0.198
   593	-0.0383379	-0.198	0.198
   594	-0.0978869	-0.198	0.198
   595	-0.0967527	-0.198	0.198
   596	-0.0974377	-0.198	0.198
   597	-0.039593	-0.198	0.198
   598	-0.097259	-0.198	0.198
   599	-0.0770718	-0.198	0.198
   600	-0.0968195	-0.198	0.198
   601	-0.0978236	-0.198	0.198
   602	-0.0715979	-0.198	0.198
   603	-0.0979281	-0.198	0.198
   604	-0.0665622	-0.198	0.198
   605	-0.0851499	-0.198	0.198
   606	-0.0738499	-0.198	0.198
   607	-0.0744425	-0.198	0.198
   608	-0.0900888	-0.198	0.198
   609	-0.0628967	-0.198	0.198
   610	-0.092368	-0.198	0.198
   611	-0.0959426	-0.198	0.198
   612	-0.0146552	-0.198	0.198
   613	-0.0749302	-0.198	0.198
   614	-0.0853377	-0.198	0.198
   615	-0.0724196	-0.198	0.198
   616	-0.069645	-0.198	0.198
   617	-0.095796	-0.198	0.198
   618	-0.0901711	-0.198	0.198
   619	-0.041883	-0.198	0.198
   620	-0.0916284	-0.198	0.198
   621	-0.0866836	-0.198	0.198
   622	-0.0753391	-0.198	0.198
   623	-0.0618327	-0.198	0.198
   624	-0.0617058	-0.198	0.198
   625	-0.0951484	-0.198	0.198
   626	-0.0926293	-0.198	0.198
   627	-0.0626581	-0.198	0.198
   628	-0.0650767	-0.198	0.198
   629	-0.0606285	-0.198	0.198
   630	-0.0242374	-0.198	0.198
   631	-0.0663632	-0.198	0.198
   632	-0.0734002	-0.198	0.198
   633	-0.0814608	-0.198	0.198
   634	-0.0819225	-0.198	0.198
   635	-0.0179315	-0.198	0.198
   636	-0.0911339	-0.198	0.198
   637	-0.0607531	-0.198	0.198
   638	-0.0961044	-0.198	0.198
   639	-0.0975953	-0.198	0.198
   640	-0.0833236	-0.198	0.198
   641	-0.0662344	-0.198	0.198
   642	-0.0705025	-0.198	0.198
   643	-0.0739543	-0.198	0.198
   644	-0.0697507	-0.198	0.198
   645	-0.097799	-0.198	0.198
   646	-0.0444863	-0.198	0.198
   647	-0.0904055	-0.198	0.198
   648	-0.0667628	-0.198	0.198
   649	-0.0389469	-0.198	0.198
   650	-0.0633637	-0.198	0.198
   651	-0.0919947	-0.198	0.198
   652	-0.0600564	-0.198	0.198
   653	-0.0888204	-0.198	0.198
   654	-0.0743312	-0.198	0.198
   655	-0.0458805	-0.198	0.198
   656	-0.0714989	-0.198	0.198
   657	-0.0808297	-0.198	0.198
   658	-0.0569704	-0.198	0.198
   659	-0.0844446	-0.198	0.198
   660	-0.0960665	-0.198	0.198
   661	-0.0745047	-0.198	0.198
   662	-0.0965787	-0.198	0.198
   663	-0.0594584	-0.198	0.198
   664	-0.0967082	-0.198	0.198
   665	-0.092764	-0.198	0.198
   666	-0.035623	-0.198	0.198
   667	-0.054062	-0.198	0.198
   668	-0.086427	-0.198	0.198
   669	-0.0628856	-0.198	0.198
   670	-0.0594242	-0.198	0.198
   671	-0.0756785	-0.198	0.198
   672	-0.0921935	-0.198	0.198
   673	-0.0819556	-0.198	0.198
   674	-0.0565399	-0.198	0.198
   675	-0.0754053	-0.198	0.198
   676	-0.0972528	-0.198	0.198
   677	-0.075706	-0.198	0.198
   678	-0.0875916	-0.198	0.198
   679	-0.075923	-0.198	0.198
   680	-0.0721752	-0.198	0.198
   681	-0.0839166	-0.198	0.198
   682	-0.0962116	-0.198	0.198
   683	-0.0903368	-0.198	0.198
   684	-0.0970653	-0.198	0.198
   685	-0.0603768	-0.198	0.198
   686	-0.0644852	-0.198	0.198
   687	-0.0411552	-0.198	0.198
   688	-0.0670375	-0.198	0.198
   689	-0.0737381	-0.198	0.198
   690	-0.0717698	-0.198	0.198
   691	-0.0899959	-0.198	0.198
   692	-0.0844082	-0.198	0.198
   693	-0.0895732	-0.198	0.198
   694	-0.0780719	-0.198	0.198
   695	-0.0631933	-0.198	0.198
   696	-0.0415345	-0.198	0.198
   697	-0.0769355	-0.198	0.198
   698	-0.0310979	-0.198	0.198
   699	-0.0698591	-0.198	0.198
   700	-0.0642527	-0.198	0.198
   701	-0.0976665	-0.198	0.198
   702	-0.0948423	-0.198	0.198
   703	-0.0606695	-0.198	0.198
   704	-0.084095	-0.198	0.198
   705	-0.094296	-0.198	0.198
   706	-0.0315121	-0.198	0.198
   707	-0.0964767	-0.198	0.198
   708	-0.0399278	-0.198	0.198
   709	-0.0870395	-0.198	0.198
   710	-0.0976057	-0.198	0.198
   711	-0.0845761	-0.198	0.198
   712	-0.0800107	-0.198	0.198
   713	-0.0949097	-0.198	0.198
   714	-0.0949182	-0.198	0.198
   715	-0.0564903	-0.198	0.198
   716	-0.0470081	-0.198	0.198
   717	-0.0936668	-0.198	0.198
   718	-0.0749008	-0.198	0.198
   719	-0.0874636	-0.198	0.198
   720	-0.0821724	-0.198	0.198
   721	-0.0239877	-0.198	0.198
   722	-0.0583135	-0.198	0.198
   723	-0.0436328	-0.198	0.198
   724	-0.0731735	-0.198	0.198
   725	-0.0864261	-0.198	0.198
   726	-0.0913793	-0.198	0.198
   727	-0.064214	-0.198	0.198
   728	-0.0680763	-0.198	0.198
   729	-0.0864232	-0.198	0.198
   730	-0.0906659	-0.198	0.198
   731	-0.0884022	-0.198	0.198
   732	-0.0940518	-0.198	0.198
   733	-0.0832971	-0.198	0.198
   734	-0.0785256	-0.198	0.198
   735	-0.0921605	-0.198	0.198
   736	-0.0832923	-0.198	0.198
   737	-0.088444	-0.198	0.198
   738	-0.0968799	-0.198	0.198
   739	-0.0970584	-0.198	0.198
   740	-0.0935078	-0.198	0.198
   741	-0.0945352	-0.198	0.198
   742	-0.0421574	-0.198	0.198
   743	-0.0794537	-0.198	0.198
   744	-0.0793504	-0.198	0.198
   745	-0.0921284	-0.198	0.198
   746	-0.0640485	-0.198	0.198
   747	-0.0972759	-0.198	0.198
   748	-0.0476584	-0.198	0.198
   749	-0.0893988	-0.198	0.198
   750	-0.0940917	-0.198	0.198
   751	-0.0766294	-0.198	0.198
   752	-0.0763117	-0.198	0.198
   753	-0.0539917	-0.198	0.198
   754	-0.0636838	-0.198	0.198
   755	-0.0888514	-0.198	0.198
   756	-0.0926529	-0.198	0.198
   757	-0.0959084	-0.198	0.198
   758	-0.0871584	-0.198	0.198
   759	-0.0796593	-0.198	0.198
   760	-0.0589996	-0.198	0.198
   761	-0.0478986	-0.198	0.198
   762	-0.0885029	-0.198	0.198
   763	-0.0412946	-0.198	0.198
   764	-0.0771853	-0.198	0.198
   765	-0.0916329	-0.198	0.198
   766	-0.063471	-0.198	0.198
   767	-0.0955783	-0.198	0.198
   768	-0.0951549	-0.198	0.198
   769	-0.0524094	-0.198	0.198
   770	-0.0940508	-0.198	0.198
   771	-0.0791079	-0.198	0.198
   772	-0.0851612	-0.198	0.198
   773	-0.0924541	-0.198	0.198
   774	-0.0663495	-0.198	0.198
   775	-0.0332221	-0.198	0.198
   776	-0.0578646	-0.198	0.198
   777	-0.0945795	-0.198	0.198
   778	-0.0679705	-0.198	0.198
   779	-0.0629566	-0.198	0.198
   780	-0.0779358	-0.198	0.198
   781	-0.0961474	-0.198	0.198
   782	-0.0640302	-0.198	0.198
   783	-0.0950631	-0.198	0.198
   784	-0.0702731	-0.198	0.198
   785	-0.0904831	-0.198	0.198
   786	-0.0728832	-0.198	0.198
   787	-0.0973925	-0.198	0.198
   788	-0.0816063	-0.198	0.198
   789	-0.0555013	-0.198	0.198
   790	-0.0762536	-0.198	0.198
   791	-0.0915364	-0.198	0.198
   792	-0.077197	-0.198	0.198
   793	-0.067859	-0.198	0.198
   794	-0.0865887	-0.198	0.198
   795	-0.0821337	-0.198	0.198
   796	-0.0958195	-0.198	0.198
   797	-0.090511	-0.198	0.198
   798	-0.0588924	-0.198	0.198
   799	-0.0822255	-0.198	0.198
   800	-0.0719945	-0.198	0.198
   801	-0.0973771	-0.198	0.198
   802	-0.0362962	-0.198	0.198
   803	-0.0667647	-0.198	0.198
   804	-0.0964125	-0.198	0.198
   805	-0.0862016	-0.198	0.198
   806	-0.0612995	-0.198	0.198
   807	-0.0886865	-0.198	0.198
   808	-0.0612389	-0.198	0.198
   809	-0.0682461	-0.198	0.198
   810	-0.0759033	-0.198	0.198
   811	-0.0480284	-0.198	0.198
   812	-0.0373784	-0.198	0.198
   813	-0.0598916	-0.198	0.198
   814	-0.0739176	-0.198	0.198
   815	-0.0387085	-0.198	0.198
   816	-0.0518687	-0.198	0.198
   817	-0.081363	-0.198	0.198
   818	-0.0640135	-0.198	0.198
   819	-0.0699046	-0.198	0.198
   820	-0.0904964	-0.198	0.198
   821	-0.0767523	-0.198	0.198
   822	-0.0666593	-0.198	0.198
   823	-0.0918682	-0.198	0.198
   824	-0.0300974	-0.198	0.198
   825	-0.0597184	-0.198	0.198
   826	-0.073164	-0.198	0.198
   827	-0.0931093	-0.198	0.198
   828	-0.0928961	-0.198	0.198
   829	-0.0837027	-0.198	0.198
   830	-0.0653441	-0.198	0.198
   831	-0.0740608	-0.198	0.198
   832	-0.0429173	-0.198	0.198
   833	-0.0771474	-0.198	0.198
   834	-0.0447557	-0.198	0.198
   835	-0.0706554	-0.198	0.198
   836	-0.0832405	-0.198	0.198
   837	-0.0575932	-0.198	0.198
   838	-0.0665989	-0.198	0.198
   839	-0.0690228	-0.198	0.198
   840	-0.0507706	-0.198	0.198
   841	-0.0944775	-0.198	0.198
   842	-0.0907246	-0.198	0.198
   843	-0.0588638	-0.198	0.198
   844	-0.0904558	-0.198	0.198
   845	-0.0944452	-0.198	0.198
   846	-0.0973501	-0.198	0.198
   847	-0.0843666	-0.198	0.198
   848	-0.0894047	-0.198	0.198
   849	-0.0885586	-0.198	0.198
   850	-0.0750697	-0.198	0.198
   851	-0.079641	-0.198	0.198
   852	-0.080561	-0.198	0.198
   853	-0.0366613	-0.198	0.198
   854	-0.0521688	-0.198	0.198
   855	-0.0815393	-0.198	0.198
   856	-0.0961539	-0.198	0.198
   857	-0.0793804	-0.198	0.198
   858	-0.0902445	-0.198	0.198
   859	-0.0887566	-0.198	0.198
   860	-0.0945078	-0.198	0.198
   861	-0.0653668	-0.198	0.198
   862	-0.0967382	-0.198	0.198
   863	-0.0902192	-0.198	0.198
   864	-0.0622547	-0.198	0.198
   865	-0.0668058	-0.198	0.198
   866	-0.0625106	-0.198	0.198
   867	-0.0538731	-0.198	0.198
   868	-0.0768773	-0.198	0.198
   869	-0.0536175	-0.198	0.198
   870	-0.056394	-0.198	0.198
   871	-0.0943284	-0.198	0.198
   872	-0.0626607	-0.198	0.198
   873	-0.072409	-0.198	0.198
   874	-0.0650092	-0.198	0.198
   875	-0.0723601	-0.198	0.198
   876	-0.0701996	-0.198	0.198
   877	-0.0851344	-0.198	0.198
   878	-0.0890107	-0.198	0.198
   879	-0.0772882	-0.198	0.198
   880	-0.088167	-0.198	0.198
   881	-0.0496153	-0.198	0.198
   882	-0.0410911	-0.198	0.198
   883	-0.048352	-0.198	0.198
   884	-0.0926718	-0.198	0.198
   885	-0.0975349	-0.198	0.198
   886	-0.0886308	-0.198	0.198
   887	-0.0905808	-0.198	0.198
   888	-0.0800367	-0.198	0.198
   889	-0.0611358	-0.198	0.198
   890	-0.0835496	-0.198	0.198
   891	-0.0203181	-0.198	0.198
   892	-0.0978066	-0.198	0.198
   893	-0.073578	-0.198	0.198
   894	-0.0535689	-0.198	0.198
   895	-0.0824762	-0.198	0.198
   896	-0.0682755	-0.198	0.198
   897	-0.0963408	-0.198	0.198
   898	-0.0904741	-0.198	0.198
   899	-0.0919666	-0.198	0.198
   900	-0.0869489	-0.198	0.198
   901	-0.0632846	-0.198	0.198
   902	-0.0790215	-0.198	0.198
   903	-0.037803	-0.198	0.198
   904	-0.0740367	-0.198	0.198
   905	-0.0869549	-0.198	0.198
   906	-0.032999	-0.198	0.198
   907	-0.0830201	-0.198	0.198
   908	-0.0731685	-0.198	0.198
   909	-0.0481222	-0.198	0.198
   910	-0.0949862	-0.198	0.198
   911	-0.0603623	-0.198	0.198
   912	-0.0688351	-0.198	0.198
   913	-0.0803255	-0.198	0.198
   914	-0.0810378	-0.198	0.198
   915	-0.0676751	-0.198	0.198
   916	-0.0975797	-0.198	0.198
   917	-0.0881419	-0.198	0.198
   918	-0.0367396	-0.198	0.198
   919	-0.0569662	-0.198	0.198
   920	-0.0821297	-0.198	0.198
   921	-0.0685973	-0.198	0.198
   922	-0.0469962	-0.198	0.198
   923	-0.0779838	-0.198	0.198
   924	-0.0669038	-0.198	0.198
   925	-0.0852649	-0.198	0.198
   926	-0.0937495	-0.198	0.198
   927	-0.0472946	-0.198	0.198
   928	-0.0303912	-0.198	0.198
   929	-0.052269	-0.198	0.198
   930	-0.0912655	-0.198	0.198
   931	-0.0710441	-0.198	0.198
   932	-0.0540169	-0.198	0.198
   933	-0.0685502	-0.198	0.198
   934	-0.0489534	-0.198	0.198
   935	-0.0738455	-0.198	0.198
   936	-0.0639218	-0.198	0.198
   937	-0.0895093	-0.198	0.198
   938	-0.0272489	-0.198	0.198
   939	-0.0840416	-0.198	0.198
   940	-0.0263591	-0.198	0.198
   941	-0.0950689	-0.198	0.198
   942	-0.0426585	-0.198	0.198
   943	-0.0881709	-0.198	0.198
   944	-0.0856359	-0.198	0.198
   945	-0.0774568	-0.198	0.198
   946	-0.0920187	-0.198	0.198
   947	-0.0175098	-0.198	0.198
   948	-0.0684015	-0.198	0.198
   949	-0.0934263	-0.198	0.198
   950	-0.0781738	-0.198	0.198
   951	-0.0782966	-0.198	0.198
   952	-0.0439958	-0.198	0.198
   953	-0.0759433	-0.198	0.198
   954	-0.0821957	-0.198	0.198
   955	-0.0737812	-0.198	0.198
   956	-0.0616158	-0.198	0.198
   957	-0.0807257	-0.198	0.198
   958	-0.0893846	-0.198	0.198
   959	-0.0975092	-0.198	0.198
   960	-0.082633	-0.198	0.198
   961	-0.0300535	-0.198	0.198
   962	-0.0806256	-0.198	0.198
   963	-0.0719632	-0.198	0.198
   964	-0.0741194	-0.198	0.198
   965	-0.0707962	-0.198	0.198
   966	-0.0905324	-0.198	0.198
   967	-0.0933953	-0.198	0.198
   968	-0.0572314	-0.198	0.198
   969	-0.0842473	-0.198	0.198
   970	-0.0883558	-0.198	0.198
   971	-0.0680338	-0.198	0.198
   972	-0.0902716	-0.198	0.198
   973	-0.0864931	-0.198	0.198
   974	-0.0876868	-0.198	0.198
   975	-0.0303639	-0.198	0.198
   976	-0.0909431	-0.198	0.198
   977	-0.0806942	-0.198	0.198
   978	-0.0899316	-0.198	0.198
   979	-0.0626872	-0.198	0.198
   980	-0.0885005	-0.198	0.198
   981	-0.0860758	-0.198	0.198
   982	-0.081457	-0.198	0.198
   983	-0.0541875	-0.198	0.198
   984	-0.0758439	-0.198	0.198
   985	-0.0848062	-0.198	0.198
   986	-0.088733	-0.198	0.198
   987	-0.0423146	-0.198	0.198
   988	-0.0828949	-0.198	0.198
   989	-0.0782062	-0.198	0.198
   990	-0.0907327	-0.198	0.198
   991	-0.0977268	-0.198	0.198
   992	-0.0947137	-0.198	0.198
   993	-0.0616029	-0.198	0.198
   994	-0.0245856	-0.198	0.198
   995	-0.0956558	-0.198	0.198
   996	-0.0635169	-0.198	0.198
   997	-0.0361534	-0.198	0.198
   998	-0.0759757	-0.198	0.198
   999	-0.0935502	-0.198	0.198
  1000	-0.0934799	-0.198	0.198
  1001	-0.0648376	-0.198	0.198
  1002	-0.0949707	-0.198	0.198
  1003	-0.0655921	-0.198	0.198
  1004	-0.0937398	-0.198	0.198
  1005	-0.0653219	-0.198	0.198
  1006	-0.0439314	-0.198	0.198
  1007	-0.0839468	-0.198	0.198
  1008	-0.0587435	-0.198	0.198
  1009	-0.0880175	-0.198	0.198
  1010	-0.084275	-0.198	0.198
  1011	-0.0699295	-0.198	0.198
  1012	-0.0391908	-0.198	0.198
  1013	-0.0946164	-0.198	0.198
  1014	-0.0262434	-0.198	0.198
  1015	-0.0964338	-0.198	0.198
  1016	-0.0524797	-0.198	0.198
  1017	-0.0589657	-0.198	0.198
  1018	-0.0960677	-0.198	0.198
  1019	-0.0854405	-0.198	0.198
  1020	-0.0959672	-0.198	0.198
  1021	-0.0498545	-0.198	0.198
  1022	-0.0649832	-0.198	0.198
  1023	-0.0843697	-0.198	0.198
  1024	-0.0564653	-0.198	0.198
  1025	-0.0904153	-0.198	0.198
  1026	-0.085078	-0.198	0.198
  1027	-0.0907987	-0.198	0.198
  1028	-0.0606668	-0.198	0.198
  1029	-0.0773365	-0.198	0.198
  1030	-0.0937241	-0.198	0.198
  1031	-0.0703162	-0.198	0.198
  1032	-0.0741429	-0.198	0.198
  1033	-0.0867574	-0.198	0.198
  1034	-0.0570202	-0.198	0.198
  1035	-0.088922	-0.198	0.198
  1036	-0.0643554	-0.198	0.198
  1037	-0.0372226	-0.198	0.198
  1038	-0.0460431	-0.198	0.198
  1039	-0.089286	-0.198	0.198
  1040	-0.0679675	-0.198	0.198
  1041	-0.0566346	-0.198	0.198
  1042	-0.0550094	-0.198	0.198
  1043	-0.066615	-0.198	0.198
  1044	-0.0756271	-0.198	0.198
  1045	-0.0927252	-0.198	0.198
  1046	-0.0572652	-0.198	0.198
  1047	-0.0690306	-0.198	0.198
  1048	-0.0972742	-0.198	0.198
  1049	-0.0637414	-0.198	0.198
  1050	-0.0853238	-0.198	0.198
  1051	-0.0561986	-0.198	0.198
  1052	-0.0308908	-0.198	0.198
  1053	-0.0672986	-0.198	0.198
  1054	-0.0824869	-0.198	0.198
  1055	-0.0956747	-0.198	0.198
  1056	-0.0761551	-0.198	0.198
  1057	-0.0951955	-0.198	0.198
  1058	-0.0904682	-0.198	0.198
  1059	-0.0745669	-0.198	0.198
  1060	-0.0837408	-0.198	0.198
  1061	-0.0675853	-0.198	0.198
  1062	-0.0658502	-0.198	0.198
  1063	-0.0900922	-0.198	0.198
  1064	-0.0773434	-0.198	0.198
  1065	-0.0732794	-0.198	0.198
  1066	-0.0205437	-0.198	0.198
  1067	-0.0559564	-0.198	0.198
  1068	-0.0793466	-0.198	0.198
  1069	-0.0558985	-0.198	0.198
  1070	-0.0668948	-0.198	0.198
  1071	-0.0909397	-0.198	0.198
  1072	-0.0795955	-0.198	0.198
  1073	-0.0948591	-0.198	0.198
  1074	-0.0958812	-0.198	0.198
  1075	-0.0867098	-0.198	0.198
  1076	-0.0675275	-0.198	0.198
  1077	-0.0874974	-0.198	0.198
  1078	-0.0796517	-0.198	0.198
  1079	-0.060524	-0.198	0.198
  1080	-0.0583641	-0.198	0.198
  1081	-0.0719204	-0.198	0.198
  1082	-0.0803816	-0.198	0.198
  1083	-0.0844761	-0.198	0.198
  1084	-0.0327278	-0.198	0.198
  1085	-0.0979855	-0.198	0.198
  1086	-0.0736615	-0.198	0.198
  1087	-0.0693079	-0.198	0.198
  1088	-0.0671271	-0.198	0.198
  1089	-0.0818912	-0.198	0.198
  1090	-0.0954331	-0.198	0.198
  1091	-0.0918112	-0.198	0.198
  1092	-0.0767233	-0.198	0.198
  1093	-0.0470826	-0.198	0.198
  1094	-0.0962517	-0.198	0.198
  1095	-0.0692264	-0.198	0.198
  1096	-0.0775237	-0.198	0.198
  1097	-0.0962745	-0.198	0.198
  1098	-0.071398	-0.198	0.198
  1099	-0.0856422	-0.198	0.198
  1100	-0.0761345	-0.198	0.198
  1101	-0.0675416	-0.198	0.198
  1102	-0.065615	-0.198	0.198
  1103	-0.0839203	-0.198	0.198
  1104	-0.0963399	-0.198	0.198
  1105	-0.0702921	-0.198	0.198
  1106	-0.0573287	-0.198	0.198
  1107	-0.07925	-0.198	0.198
  1108	-0.0970752	-0.198	0.198
  1109	-0.0892237	-0.198	0.198
  1110	-0.0601216	-0.198	0.198
  1111	-0.0524189	-0.198	0.198
  1112	-0.0963044	-0.198	0.198
  1113	-0.0944339	-0.198	0.198
  1114	-0.0746063	-0.198	0.198
  1115	-0.053988	-0.198	0.198
  1116	-0.0819261	-0.198	0.198
  1117	-0.0949042	-0.198	0.198
  1118	-0.0911553	-0.198	0.198
  1119	-0.0169896	-0.198	0.198
  1120	-0.0928821	-0.198	0.198
  1121	-0.0739827	-0.198	0.198
  1122	-0.0918881	-0.198	0.198
  1123	-0.0779092	-0.198	0.198
  1124	-0.0826803	-0.198	0.198
  1125	-0.0796886	-0.198	0.198
  1126	-0.0877834	-0.198	0.198
  1127	-0.0762948	-0.198	0.198
  1128	-0.0593947	-0.198	0.198
  1129	-0.0586862	-0.198	0.198
  1130	-0.0943817	-0.198	0.198
  1131	-0.0927644	-0.198	0.198
  1132	-0.0769003	-0.198	0.198
  1133	-0.0890294	-0.198	0.198
  1134	-0.0968339	-0.198	0.198
  1135	-0.0935748	-0.198	0.198
  1136	-0.0873824	-0.198	0.198
  1137	-0.0923001	-0.198	0.198
  1138	-0.0586753	-0.198	0.198
  1139	-0.0603524	-0.198	0.198
  1140	-0.0946668	-0.198	0.198
  1141	-0.0553909	-0.198	0.198
  1142	-0.0476379	-0.198	0.198
  1143	-0.0954374	-0.198	0.198
  1144	-0.0810171	-0.198	0.198
  1145	-0.0918584	-0.198	0.198
  1146	-0.0918239	-0.198	0.198
  1147	-0.0946237	-0.198	0.198
  1148	-0.0640927	-0.198	0.198
  1149	-0.0688214	-0.198	0.198
  1150	-0.0956676	-0.198	0.198
  1151	-0.0512793	-0.198	0.198
  1152	-0.0789041	-0.198	0.198
  1153	-0.0439865	-0.198	0.198
  1154	-0.0454784	-0.198	0.198
  1155	-0.0946934	-0.198	0.198
  1156	-0.0969266	-0.198	0.198
  1157	-0.064115	-0.198	0.198
  1158	-0.0983964	-0.198	0.198
  1159	-0.0650517	-0.198	0.198
  1160	-0.053446	-0.198	0.198
  1161	-0.0911805	-0.198	0.198
  1162	-0.0921457	-0.198	0.198
  1163	-0.086282	-0.198	0.198
  1164	-0.0934502	-0.198	0.198
  1165	-0.0967678	-0.198	0.198
  1166	-0.082227	-0.198	0.198
  1167	-0.0961496	-0.198	0.198
  1168	-0.0305295	-0.198	0.198
  1169	-0.0818572	-0.198	0.198
  1170	-0.0963102	-0.198	0.198
  1171	-0.0821029	-0.198	0.198
  1172	-0.0880627	-0.198	0.198
  1173	-0.0900372	-0.198	0.198
  1174	-0.0885937	-0.198	0.198
  1175	-0.0911948	-0.198	0.198
  1176	-0.0859721	-0.198	0.198
  1177	-0.0928216	-0.198	0.198
  1178	-0.0711825	-0.198	0.198
  1179	-0.0531101	-0.198	0.198
  1180	-0.0712987	-0.198	0.198
  1181	-0.094161	-0.198	0.198
  1182	-0.0965246	-0.198	0.198
  1183	-0.0518856	-0.198	0.198
  1184	-0.0677519	-0.198	0.198
  1185	-0.0941986	-0.198	0.198
  1186	-0.0965731	-0.198	0.198
  1187	-0.0769738	-0.198	0.198
  1188	-0.079521	-0.198	0.198
  1189	-0.0969077	-0.198	0.198
  1190	-0.0830029	-0.198	0.198
  1191	-0.0958848	-0.198	0.198
  1192	-0.0690923	-0.198	0.198
  1193	-0.0346226	-0.198	0.198
  1194	-0.097794	-0.198	0.198
  1195	-0.0850434	-0.198	0.198
  1196	-0.0963134	-0.198	0.198
  1197	-0.0532822	-0.198	0.198
  1198	-0.0972885	-0.198	0.198
  1199	-0.0199844	-0.198	0.198
  1200	-0.0841573	-0.198	0.198
  1201	-0.0828332	-0.198	0.198
  1202	-0.0890851	-0.198	0.198
  1203	-0.0775399	-0.198	0.198
  1204	-0.0228113	-0.198	0.198
  1205	-0.023996	-0.198	0.198
  1206	-0.0439636	-0.198	0.198
  1207	-0.070037	-0.198	0.198
  1208	-0.0297137	-0.198	0.198
  1209	-0.097086	-0.198	0.198
  1210	-0.068311	-0.198	0.198
  1211	-0.0936885	-0.198	0.198
  1212	-0.0820158	-0.198	0.198
  1213	-0.0653322	-0.198	0.198
  1214	-0.0894809	-0.198	0.198
  1215	-0.061829	-0.198	0.198
  1216	-0.0280739	-0.198	0.198
  1217	-0.0887102	-0.198	0.198
  1218	-0.0333913	-0.198	0.198
  1219	-0.0961513	-0.198	0.198
  1220	-0.0785067	-0.198	0.198
  1221	-0.0889035	-0.198	0.198
  1222	-0.0789537	-0.198	0.198
  1223	-0.0892019	-0.198	0.198
  1224	-0.0925225	-0.198	0.198
  1225	-0.0955685	-0.198	0.198
  1226	-0.0649246	-0.198	0.198
  1227	-0.0527568	-0.198	0.198
  1228	-0.0965284	-0.198	0.198
  1229	-0.0918419	-0.198	0.198
  1230	-0.0695525	-0.198	0.198
  1231	-0.0697097	-0.198	0.198
  1232	-0.0304822	-0.198	0.198
  1233	-0.0823602	-0.198	0.198
  1234	-0.0671829	-0.198	0.198
  1235	-0.0797788	-0.198	0.198
  1236	-0.0909498	-0.198	0.198
  1237	-0.0546078	-0.198	0.198
  1238	-0.0970493	-0.198	0.198
  1239	-0.015191	-0.198	0.198
  1240	-0.070145	-0.198	0.198
  1241	-0.087081	-0.198	0.198
  1242	-0.0801304	-0.198	0.198
  1243	-0.0923706	-0.198	0.198
  1244	-0.083247	-0.198	0.198
  1245	-0.0801744	-0.198	0.198
  1246	-0.0779594	-0.198	0.198
  1247	-0.0941368	-0.198	0.198
  1248	-0.0648202	-0.198	0.198
  1249	-0.0663824	-0.198	0.198
  1250	-0.0971132	-0.198	0.198
  1251	-0.0758117	-0.198	0.198
  1252	-0.0971853	-0.198	0.198
  1253	-0.0795521	-0.198	0.198
  1254	-0.0913652	-0.198	0.198
  1255	-0.0947032	-0.198	0.198
  1256	-0.0872898	-0.198	0.198
  1257	-0.0689527	-0.198	0.198
  1258	-0.0750882	-0.198	0.198
  1259	-0.0516613	-0.198	0.198
  1260	-0.0602129	-0.198	0.198
  1261	-0.0934493	-0.198	0.198
  1262	-0.0281863	-0.198	0.198
  1263	-0.0931759	-0.198	0.198
  1264	-0.0980199	-0.198	0.198
  1265	-0.0940196	-0.198	0.198
  1266	-0.023166	-0.198	0.198
  1267	-0.0605654	-0.198	0.198
  1268	-0.0831038	-0.198	0.198
  1269	-0.0600953	-0.198	0.198
  1270	-0.0753588	-0.198	0.198
  1271	-0.0781169	-0.198	0.198
  1272	-0.0952897	-0.198	0.198
  1273	-0.014796	-0.198	0.198
  1274	-0.0613952	-0.198	0.198
  1275	-0.0941536	-0.198	0.198
  1276	-0.0462486	-0.198	0.198
  1277	-0.0936881	-0.198	0.198
  1278	-0.0767863	-0.198	0.198
  1279	-0.0892716	-0.198	0.198
  1280	-0.0575023	-0.198	0.198
  1281	-0.0787968	-0.198	0.198
  1282	-0.0383856	-0.198	0.198
  1283	-0.0772827	-0.198	0.198
  1284	-0.0396483	-0.198	0.198
  1285	-0.0700673	-0.198	0.198
  1286	-0.0597755	-0.198	0.198
  1287	-0.0798261	-0.198	0.198
  1288	-0.077055	-0.198	0.198
  1289	-0.0562936	-0.198	0.198
  1290	-0.0601549	-0.198	0.198
  1291	-0.0655335	-0.198	0.198
  1292	-0.0868967	-0.198	0.198
  1293	-0.0723124	-0.198	0.198
  1294	-0.0634072	-0.198	0.198
  1295	-0.0956405	-0.198	0.198
  1296	-0.0966699	-0.198	0.198
  1297	-0.0798991	-0.198	0.198
  1298	-0.0684775	-0.198	0.198
  1299	-0.0290156	-0.198	0.198
  1300	-0.0560088	-0.198	0.198
  1301	-0.0973886	-0.198	0.198
  1302	-0.0555127	-0.198	0.198
  1303	-0.0650092	-0.198	0.198
  1304	-0.0641558	-0.198	0.198
  1305	-0.0547033	-0.198	0.198
  1306	-0.096154	-0.198	0.198
  1307	-0.0931664	-0.198	0.198
  1308	-0.0965473	-0.198	0.198
  1309	-0.0393982	-0.198	0.198
  1310	-0.0493886	-0.198	0.198
  1311	-0.0969545	-0.198	0.198
  1312	-0.0853281	-0.198	0.198
  1313	-0.0866733	-0.198	0.198
  1314	-0.0624159	-0.198	0.198
  1315	-0.0596347	-0.198	0.198
  1316	-0.0737294	-0.198	0.198
  1317	-0.0391875	-0.198	0.198
  1318	-0.0963088	-0.198	0.198
  1319	-0.0836235	-0.198	0.198
  1320	-0.0633702	-0.198	0.198
  1321	-0.0898233	-0.198	0.198
  1322	-0.0643435	-0.198	0.198
  1323	-0.0766727	-0.198	0.198
  1324	-0.0719698	-0.198	0.198
  1325	-0.0906286	-0.198	0.198
  1326	-0.0769178	-0.198	0.198
  1327	-0.0815694	-0.198	0.198
  1328	-0.0745017	-0.198	0.198
  1329	-0.0902715	-0.198	0.198
  1330	-0.0681697	-0.198	0.198
  1331	-0.0673838	-0.198	0.198
  1332	-0.0450394	-0.198	0.198
  1333	-0.0569044	-0.198	0.198
  1334	-0.0940318	-0.198	0.198
  1335	-0.0519203	-0.198	0.198
  1336	-0.085686	-0.198	0.198
  1337	-0.0962234	-0.198	0.198
  1338	-0.046091	-0.198	0.198
  1339	-0.080342	-0.198	0.198
  1340	-0.0556054	-0.198	0.198
  1341	-0.0636113	-0.198	0.198
  1342	-0.0683218	-0.198	0.198
  1343	-0.0822874	-0.198	0.198
  1344	-0.0610912	-0.198	0.198
  1345	-0.041772	-0.198	0.198
  1346	-0.0966998	-0.198	0.198
  1347	-0.0896186	-0.198	0.198
  1348	-0.0387691	-0.198	0.198
  1349	-0.0567463	-0.198	0.198
  1350	-0.079805	-0.198	0.198
  1351	-0.0656443	-0.198	0.198
  1352	-0.0722869	-0.198	0.198
  1353	-0.0684769	-0.198	0.198
  1354	-0.0855763	-0.198	0.198
  1355	-0.0821377	-0.198	0.198
  1356	-0.0967862	-0.198	0.198
  1357	-0.0952203	-0.198	0.198
  1358	-0.0866593	-0.198	0.198
  1359	-0.0886955	-0.198	0.198
  1360	-0.0761817	-0.198	0.198
  1361	-0.0838668	-0.198	0.198
  1362	-0.0948265	-0.198	0.198
  1363	-0.0744814	-0.198	0.198
  1364	-0.0882108	-0.198	0.198
  1365	-0.0460962	-0.198	0.198
  1366	-0.0946175	-0.198	0.198
  1367	-0.0823685	-0.198	0.198
  1368	-0.0813031	-0.198	0.198
  1369	-0.0679184	-0.198	0.198
  1370	-0.0824193	-0.198	0.198
  1371	-0.0568238	-0.198	0.198
  1372	-0.0778849	-0.198	0.198
  1373	-0.0785928	-0.198	0.198
  1374	-0.0705777	-0.198	0.198
  1375	-0.0967038	-0.198	0.198
  1376	-0.0906349	-0.198	0.198
  1377	-0.0919416	-0.198	0.198
  1378	-0.0776	-0.198	0.198
  1379	-0.0722999	-0.198	0.198
  1380	-0.0774077	-0.198	0.198
  1381	-0.0794759	-0.198	0.198
  1382	-0.0846165	-0.198	0.198
  1383	-0.0660555	-0.198	0.198
  1384	-0.0431674	-0.198	0.198
  1385	-0.0949958	-0.198	0.198
  1386	-0.097725	-0.198	0.198
  1387	-0.0847657	-0.198	0.198
  1388	-0.0810156	-0.198	0.198
  1389	-0.0895919	-0.198	0.198
  1390	-0.0876888	-0.198	0.198
  1391	-0.0947595	-0.198	0.198
  1392	-0.0947005	-0.198	0.198
  1393	-0.0581968	-0.198	0.198
  1394	-0.0364979	-0.198	0.198
  1395	-0.0926715	-0.198	0.198
  1396	-0.0979559	-0.198	0.198
  1397	-0.0743273	-0.198	0.198
  1398	-0.0619784	-0.198	0.198
  1399	-0.071212	-0.198	0.198
  1400	-0.0930919	-0.198	0.198
  1401	-0.0861001	-0.198	0.198
  1402	-0.0702289	-0.198	0.198
  1403	-0.0963364	-0.198	0.198
  1404	-0.0733887	-0.198	0.198
  1405	-0.092487	-0.198	0.198
  1406	-0.0725777	-0.198	0.198
  1407	-0.092534	-0.198	0.198
  1408	-0.0907336	-0.198	0.198
  1409	-0.0879621	-0.198	0.198
  1410	-0.0256712	-0.198	0.198
  1411	-0.0407373	-0.198	0.198
  1412	-0.0849298	-0.198	0.198
  1413	-0.0422521	-0.198	0.198
  1414	-0.0834276	-0.198	0.198
  1415	-0.0977232	-0.198	0.198
  1416	-0.0964638	-0.198	0.198
  1417	-0.0966888	-0.198	0.198
  1418	-0.0588957	-0.198	0.198
  1419	-0.0937462	-0.198	0.198
  1420	-0.095135	-0.198	0.198
  1421	-0.0861604	-0.198	0.198
  1422	-0.0919188	-0.198	0.198
  1423	-0.0909615	-0.198	0.198
  1424	-0.041126	-0.198	0.198
  1425	-0.0979637	-0.198	0.198
  1426	-0.0565673	-0.198	0.198
  1427	-0.0617587	-0.198	0.198
  1428	-0.0705181	-0.198	0.198
  1429	-0.0274455	-0.198	0.198
  1430	-0.0876298	-0.198	0.198
  1431	-0.0630472	-0.198	0.198
  1432	-0.0848294	-0.198	0.198
  1433	-0.0240569	-0.198	0.198
  1434	-0.0304777	-0.198	0.198
  1435	-0.0426069	-0.198	0.198
  1436	-0.0843355	-0.198	0.198
  1437	-0.0768835	-0.198	0.198
  1438	-0.0710089	-0.198	0.198
  1439	-0.0937201	-0.198	0.198
  1440	-0.050105	-0.198	0.198
  1441	-0.0573706	-0.198	0.198
  1442	-0.0494202	-0.198	0.198
  1443	-0.0714704	-0.198	0.198
  1444	-0.0969741	-0.198	0.198
  1445	-0.0612027	-0.198	0.198
  1446	-0.0777398	-0.198	0.198
  1447	-0.0738005	-0.198	0.198
  1448	-0.0828802	-0.198	0.198
  1449	-0.0892304	-0.198	0.198
  1450	-0.0687417	-0.198	0.198
  1451	-0.076302	-0.198	0.198
  1452	-0.0907771	-0.198	0.198
  1453	-0.0622085	-0.198	0.198
  1454	-0.0872559	-0.198	0.198
  1455	-0.0468706	-0.198	0.198
  1456	-0.091451	-0.198	0.198
  1457	-0.0951517	-0.198	0.198
  1458	-0.0701393	-0.198	0.198
  1459	-0.0798292	-0.198	0.198
  1460	-0.0728855	-0.198	0.198
  1461	-0.0830206	-0.198	0.198
  1462	-0.0559519	-0.198	0.198
  1463	-0.0933206	-0.198	0.198
  1464	-0.0478989	-0.198	0.198
  1465	-0.0946753	-0.198	0.198
  1466	-0.0677081	-0.198	0.198
  1467	-0.0509945	-0.198	0.198
  1468	-0.079194	-0.198	0.198
  1469	-0.0732393	-0.198	0.198
  1470	-0.0863893	-0.198	0.198
  1471	-0.0617845	-0.198	0.198
  1472	-0.0510053	-0.198	0.198
  1473	-0.0896441	-0.198	0.198
  1474	-0.0750752	-0.198	0.198
  1475	-0.0584957	-0.198	0.198
  1476	-0.022051	-0.198	0.198
  1477	-0.094144	-0.198	0.198
  1478	-0.0950338	-0.198	0.198
  1479	-0.0938281	-0.198	0.198
  1480	-0.0902883	-0.198	0.198
  1481	-0.0689463	-0.198	0.198
  1482	-0.0833541	-0.198	0.198
  1483	-0.0917461	-0.198	0.198
  1484	-0.0908087	-0.198	0.198
  1485	-0.077941	-0.198	0.198
  1486	-0.0772371	-0.198	0.198
  1487	-0.0552227	-0.198	0.198
  1488	-0.0850255	-0.198	0.198
  1489	-0.04425	-0.198	0.198
  1490	-0.0805754	-0.198	0.198
  1491	-0.0696664	-0.198	0.198
  1492	-0.0948754	-0.198	0.198
  1493	-0.0750065	-0.198	0.198
  1494	-0.0865509	-0.198	0.198
  1495	-0.0552742	-0.198	0.198
  1496	-0.0400393	-0.198	0.198
  1497	-0.096854	-0.198	0.198
  1498	-0.0975245	-0.198	0.198
  1499	-0.0914312	-0.198	0.198
  1500	-0.0851529	-0.198	0.198
  1501	-0.0452833	-0.198	0.198
  1502	-0.0718977	-0.198	0.198
  1503	-0.078268	-0.198	0.198
  1504	-0.045824	-0.198	0.198
  1505	-0.0549141	-0.198	0.198
  1506	-0.084778	-0.198	0.198
  1507	-0.0456182	-0.198	0.198
  1508	-0.0585773	-0.198	0.198
  1509	-0.0888264	-0.198	0.198
  1510	-0.0627712	-0.198	0.198
  1511	-0.0910541	-0.198	0.198
  1512	-0.0932278	-0.198	0.198
  1513	-0.0710864	-0.198	0.198
  1514	-0.0353498	-0.198	0.198
  1515	-0.0971992	-0.198	0.198
  1516	-0.0866399	-0.198	0.198
  1517	-0.0792981	-0.198	0.198
  1518	-0.07317	-0.198	0.198
  1519	-0.0213538	-0.198	0.198
  1520	-0.0553098	-0.198	0.198
  1521	-0.0606512	-0.198	0.198
  1522	-0.0924061	-0.198	0.198
  1523	-0.0967373	-0.198	0.198
  1524	-0.0839674	-0.198	0.198
  1525	-0.0864457	-0.198	0.198
  1526	-0.091135	-0.198	0.198
  1527	-0.0971792	-0.198	0.198
  1528	-0.0906837	-0.198	0.198
  1529	-0.0778044	-0.198	0.198
  1530	-0.0669633	-0.198	0.198
  1531	-0.0532808	-0.198	0.198
  1532	-0.0973133	-0.198	0.198
  1533	-0.0970074	-0.198	0.198
  1534	-0.033424	-0.198	0.198
  1535	-0.0948629	-0.198	0.198
  1536	-0.0844112	-0.198	0.198
  1537	-0.0956458	-0.198	0.198
  1538	-0.0743989	-0.198	0.198
  1539	-0.0870781	-0.198	0.198
  1540	-0.0519571	-0.198	0.198
  1541	-0.09532	-0.198	0.198
  1542	-0.0843995	-0.198	0.198
  1543	-0.057385	-0.198	0.198
  1544	-0.0760412	-0.198	0.198
  1545	-0.0937054	-0.198	0.198
  1546	-0.0576592	-0.198	0.198
  1547	-0.0664034	-0.198	0.198
  1548	-0.0847015	-0.198	0.198
  1549	-0.0432368	-0.198	0.198
  1550	-0.071014	-0.198	0.198
  1551	-0.0534284	-0.198	0.198
  1552	-0.0643478	-0.198	0.198
  1553	-0.0920007	-0.198	0.198
  1554	-0.0861111	-0.198	0.198
  1555	-0.0534272	-0.198	0.198
  1556	-0.0614114	-0.198	0.198
  1557	-0.0883015	-0.198	0.198
  1558	-0.0715422	-0.198	0.198
  1559	-0.0618367	-0.198	0.198
  1560	-0.0696282	-0.198	0.198
  1561	-0.093493	-0.198	0.198
  1562	-0.0970837	-0.198	0.198
  1563	-0.0740568	-0.198	0.198
  1564	-0.0753477	-0.198	0.198
  1565	-0.0483745	-0.198	0.198
  1566	-0.0710571	-0.198	0.198
  1567	-0.0798221	-0.198	0.198
  1568	-0.0715922	-0.198	0.198
  1569	-0.0667493	-0.198	0.198
  1570	-0.0978708	-0.198	0.198
  1571	-0.0790426	-0.198	0.198
  1572	-0.0860273	-0.198	0.198
  1573	-0.0794564	-0.198	0.198
  1574	-0.0888508	-0.198	0.198
  1575	-0.0858947	-0.198	0.198
  1576	-0.0971391	-0.198	0.198
  1577	-0.0832339	-0.198	0.198
  1578	-0.078568	-0.198	0.198
  1579	-0.0947145	-0.198	0.198
  1580	-0.0947665	-0.198	0.198
  1581	-0.0479397	-0.198	0.198
  1582	-0.0843074	-0.198	0.198
  1583	-0.0771843	-0.198	0.198
  1584	-0.0515339	-0.198	0.198
  1585	-0.0968972	-0.198	0.198
  1586	-0.0928255	-0.198	0.198
  1587	-0.0909883	-0.198	0.198
  1588	-0.0869846	-0.198	0.198
  1589	-0.0278759	-0.198	0.198
  1590	-0.0688481	-0.198	0.198
  1591	-0.0533711	-0.198	0.198
  1592	-0.0560979	-0.198	0.198
  1593	-0.0976973	-0.198	0.198
  1594	-0.0856256	-0.198	0.198
  1595	-0.0978765	-0.198	0.198
  1596	-0.0517741	-0.198	0.198
  1597	-0.0818533	-0.198	0.198
  1598	-0.0810074	-0.198	0.198
  1599	-0.0851398	-0.198	0.198
  1600	-0.0473641	-0.198	0.198
  1601	-0.0957989	-0.198	0.198
  1602	-0.0489723	-0.198	0.198
  1603	-0.09544	-0.198	0.198
  1604	-0.0398166	-0.198	0.198
  1605	-0.0820637	-0.198	0.198
  1606	-0.066412	-0.198	0.198
  1607	-0.0978462	-0.198	0.198
  1608	-0.0620902	-0.198	0.198
  1609	-0.0827447	-0.198	0.198
  1610	-0.0970777	-0.198	0.198
  1611	-0.0946074	-0.198	0.198
  1612	-0.056535	-0.198	0.198
  1613	-0.0901548	-0.198	0.198
  1614	-0.0975717	-0.198	0.198
  1615	-0.0838178	-0.198	0.198
  1616	-0.0659488	-0.198	0.198
  1617	-0.091125	-0.198	0.198
  1618	-0.0754467	-0.198	0.198
  1619	-0.0951684	-0.198	0.198
  1620	-0.0978221	-0.198	0.198
  1621	-0.0403864	-0.198	0.198
  1622	-0.0835629	-0.198	0.198
  1623	-0.097435	-0.198	0.198
  1624	-0.0978879	-0.198	0.198
  1625	-0.0577218	-0.198	0.198
  1626	-0.0824905	-0.198	0.198
  1627	-0.0936598	-0.198	0.198
  1628	-0.044909	-0.198	0.198
  1629	-0.0975041	-0.198	0.198
  1630	-0.0641119	-0.198	0.198
  1631	-0.0950059	-0.198	0.198
  1632	-0.0985131	-0.198	0.198
  1633	-0.0821129	-0.198	0.198
  1634	-0.0872018	-0.198	0.198
  1635	-0.0406007	-0.198	0.198
  1636	-0.0695538	-0.198	0.198
  1637	-0.0584759	-0.198	0.198
  1638	-0.0853933	-0.198	0.198
  1639	-0.0606235	-0.198	0.198
  1640	-0.045457	-0.198	0.198
  1641	-0.0844284	-0.198	0.198
  1642	-0.065425	-0.198	0.198
  1643	-0.0845635	-0.198	0.198
  1644	-0.0603817	-0.198	0.198
  1645	-0.0812095	-0.198	0.198
  1646	-0.0741493	-0.198	0.198
  1647	-0.0819252	-0.198	0.198
  1648	-0.0533607	-0.198	0.198
  1649	-0.0689924	-0.198	0.198
  1650	-0.0581766	-0.198	0.198
  1651	-0.0710608	-0.198	0.198
  1652	-0.0793977	-0.198	0.198
  1653	-0.0779449	-0.198	0.198
  1654	-0.0966403	-0.198	0.198
  1655	-0.0928032	-0.198	0.198
  1656	-0.0398361	-0.198	0.198
  1657	-0.0877059	-0.198	0.198
  1658	-0.0697431	-0.198	0.198
  1659	-0.0878999	-0.198	0.198
  1660	-0.0891346	-0.198	0.198
  1661	-0.074102	-0.198	0.198
  1662	-0.0954697	-0.198	0.198
  1663	-0.0953554	-0.198	0.198
  1664	-0.0372416	-0.198	0.198
  1665	-0.0967201	-0.198	0.198
  1666	-0.0490603	-0.198	0.198
  1667	-0.0963962	-0.198	0.198
  1668	-0.0734173	-0.198	0.198
  1669	-0.0890142	-0.198	0.198
  1670	-0.039451	-0.198	0.198
  1671	-0.0777904	-0.198	0.198
  1672	-0.0814426	-0.198	0.198
  1673	-0.0663269	-0.198	0.198
  1674	-0.0846064	-0.198	0.198
  1675	-0.0935139	-0.198	0.198
  1676	-0.0878669	-0.198	0.198
  1677	-0.0710644	-0.198	0.198
  1678	-0.0832494	-0.198	0.198
  1679	-0.0375661	-0.198	0.198
  1680	-0.0975258	-0.198	0.198
  1681	-0.0437762	-0.198	0.198
  1682	-0.0744843	-0.198	0.198
  1683	-0.0606919	-0.198	0.198
  1684	-0.0703668	-0.198	0.198
  1685	-0.0804079	-0.198	0.198
  1686	-0.0333297	-0.198	0.198
  1687	-0.0923437	-0.198	0.198
  1688	-0.0301658	-0.198	0.198
  1689	-0.0481152	-0.198	0.198
  1690	-0.0922036	-0.198	0.198
  1691	-0.0969776	-0.198	0.198
  1692	-0.0933735	-0.198	0.198
  1693	-0.0784791	-0.198	0.198
  1694	-0.0681959	-0.198	0.198
  1695	-0.0972755	-0.198	0.198
  1696	-0.0583706	-0.198	0.198
  1697	-0.0820689	-0.198	0.198
  1698	-0.0935739	-0.198	0.198
  1699	-0.0886506	-0.198	0.198
  1700	-0.086358	-0.198	0.198
  1701	-0.0708165	-0.198	0.198
  1702	-0.0810472	-0.198	0.198
  1703	-0.0905148	-0.198	0.198
  1704	-0.0858174	-0.198	0.198
  1705	-0.0828577	-0.198	0.198
  1706	-0.0968245	-0.198	0.198
  1707	-0.0786735	-0.198	0.198
  1708	-0.0698281	-0.198	0.198
  1709	-0.0867225	-0.198	0.198
  1710	-0.074391	-0.198	0.198
  1711	-0.0848106	-0.198	0.198
  1712	-0.0556928	-0.198	0.198
  1713	-0.0780792	-0.198	0.198
  1714	-0.0861005	-0.198	0.198
  1715	-0.0762225	-0.198	0.198
  1716	-0.0907167	-0.198	0.198
  1717	-0.0767293	-0.198	0.198
  1718	-0.0752926	-0.198	0.198
  1719	-0.0951065	-0.198	0.198
  1720	-0.0649893	-0.198	0.198
  1721	-0.0644546	-0.198	0.198
  1722	-0.090455	-0.198	0.198
  1723	-0.0969434	-0.198	0.198
  1724	-0.0807017	-0.198	0.198
  1725	-0.089933	-0.198	0.198
  1726	-0.0957482	-0.198	0.198
  1727	-0.0483034	-0.198	0.198
  1728	-0.0725786	-0.198	0.198
  1729	-0.0971776	-0.198	0.198
  1730	-0.0884952	-0.198	0.198
  1731	-0.0518235	-0.198	0.198
  1732	-0.0900439	-0.198	0.198
  1733	-0.0800862	-0.198	0.198
  1734	-0.0813439	-0.198	0.198
  1735	-0.0862708	-0.198	0.198
  1736	-0.0642157	-0.198	0.198
  1737	-0.0836683	-0.198	0.198
  1738	-0.0972922	-0.198	0.198
  1739	-0.0948619	-0.198	0.198
  1740	-0.0508537	-0.198	0.198
  1741	-0.0960825	-0.198	0.198
  1742	-0.0890947	-0.198	0.198
  1743	-0.0871607	-0.198	0.198
  1744	-0.0492734	-0.198	0.198
  1745	-0.0977235	-0.198	0.198
  1746	-0.0668258	-0.198	0.198
  1747	-0.0919045	-0.198	0.198
  1748	-0.0956618	-0.198	0.198
  1749	-0.0948272	-0.198	0.198
  1750	-0.0711484	-0.198	0.198
  1751	-0.0974024	-0.198	0.198
  1752	-0.0720147	-0.198	0.198
  1753	-0.0658811	-0.198	0.198
  1754	-0.0527825	-0.198	0.198
  1755	-0.0921348	-0.198	0.198
  1756	-0.075348	-0.198	0.198
  1757	-0.09217	-0.198	0.198
  1758	-0.0938695	-0.198	0.198
  1759	-0.0817525	-0.198	0.198
  1760	-0.091226	-0.198	0.198
  1761	-0.0599592	-0.198	0.198
  1762	-0.0876292	-0.198	0.198
  1763	-0.0413915	-0.198	0.198
  1764	-0.0968384	-0.198	0.198
  1765	-0.090095	-0.198	0.198
  1766	-0.090912	-0.198	0.198
  1767	-0.0933105	-0.198	0.198
  1768	-0.0835727	-0.198	0.198
  1769	-0.0937783	-0.198	0.198
  1770	-0.0511866	-0.198	0.198
  1771	-0.0618226	-0.198	0.198
  1772	-0.0853128	-0.198	0.198
  1773	-0.0890862	-0.198	0.198
  1774	-0.0982368	-0.198	0.198
  1775	-0.084914	-0.198	0.198
  1776	-0.0772733	-0.198	0.198
  1777	-0.096003	-0.198	0.198
  1778	-0.0711064	-0.198	0.198
  1779	-0.0503162	-0.198	0.198
  1780	-0.027933	-0.198	0.198
  1781	-0.0753739	-0.198	0.198
  1782	-0.0888346	-0.198	0.198
  1783	-0.0933965	-0.198	0.198
  1784	-0.0525537	-0.198	0.198
  1785	-0.0967092	-0.198	0.198
  1786	-0.0843177	-0.198	0.198
  1787	-0.0904208	-0.198	0.198
  1788	-0.0708523	-0.198	0.198
  1789	-0.0940339	-0.198	0.198
  1790	-0.0936404	-0.198	0.198
  1791	-0.0748164	-0.198	0.198
  1792	-0.0762529	-0.198	0.198
  1793	-0.0951704	-0.198	0.198
  1794	-0.0830133	-0.198	0.198
  1795	-0.0710793	-0.198	0.198
  1796	-0.0931084	-0.198	0.198
  1797	-0.0607211	-0.198	0.198
  1798	-0.0646854	-0.198	0.198
  1799	-0.0676075	-0.198	0.198
  1800	-0.0730854	-0.198	0.198
  1801	-0.0746137	-0.198	0.198
  1802	-0.0786552	-0.198	0.198
  1803	-0.0637181	-0.198	0.198
  1804	-0.0882445	-0.198	0.198
  1805	-0.0846775	-0.198	0.198
  1806	-0.0733338	-0.198	0.198
  1807	-0.0668577	-0.198	0.198
  1808	-0.0752025	-0.198	0.198
  1809	-0.0972065	-0.198	0.198
  1810	-0.0830794	-0.198	0.198
  1811	-0.0390784	-0.198	0.198
  1812	-0.0864667	-0.198	0.198
  1813	-0.0808875	-0.198	0.198
  1814	-0.0840507	-0.198	0.198
  1815	-0.0982818	-0.198	0.198
  1816	-0.0903196	-0.198	0.198
  1817	-0.0758406	-0.198	0.198
  1818	-0.0888981	-0.198	0.198
  1819	-0.0887792	-0.198	0.198
  1820	-0.0695568	-0.198	0.198
  1821	-0.0906287	-0.198	0.198
  1822	-0.0707366	-0.198	0.198
  1823	-0.0974911	-0.198	0.198
  1824	-0.0935439	-0.198	0.198
  1825	-0.0830825	-0.198	0.198
  1826	-0.0839378	-0.198	0.198
  1827	-0.0957472	-0.198	0.198
  1828	-0.0760913	-0.198	0.198
  1829	-0.0765794	-0.198	0.198
  1830	-0.0901577	-0.198	0.198
  1831	-0.0592075	-0.198	0.198
  1832	-0.0455592	-0.198	0.198
  1833	-0.0640847	-0.198	0.198
  1834	-0.090527	-0.198	0.198
  1835	-0.095425	-0.198	0.198
  1836	-0.097725	-0.198	0.198
  1837	-0.048883	-0.198	0.198
  1838	-0.082062	-0.198	0.198
  1839	-0.0968656	-0.198	0.198
  1840	-0.0840761	-0.198	0.198
  1841	-0.0731459	-0.198	0.198
  1842	-0.096479	-0.198	0.198
  1843	-0.0912467	-0.198	0.198
  1844	-0.0803717	-0.198	0.198
  1845	-0.0731398	-0.198	0.198
  1846	-0.0774204	-0.198	0.198
  1847	-0.0792795	-0.198	0.198
  1848	-0.0802802	-0.198	0.198
  1849	-0.065199	-0.198	0.198
  1850	-0.083466	-0.198	0.198
  1851	-0.0858405	-0.198	0.198
  1852	-0.0967318	-0.198	0.198
  1853	-0.0618928	-0.198	0.198
  1854	-0.062784	-0.198	0.198
  1855	-0.0964486	-0.198	0.198
  1856	-0.0549953	-0.198	0.198
  1857	-0.0790327	-0.198	0.198
  1858	-0.0946372	-0.198	0.198
  1859	-0.077022	-0.198	0.198
  1860	-0.0845564	-0.198	0.198
  1861	-0.0522355	-0.198	0.198
  1862	-0.0976051	-0.198	0.198
  1863	-0.0978706	-0.198	0.198
  1864	-0.0953206	-0.198	0.198
  1865	-0.0642693	-0.198	0.198
  1866	-0.0942478	-0.198	0.198
  1867	-0.0801749	-0.198	0.198
  1868	-0.0969594	-0.198	0.198
  1869	-0.034063	-0.198	0.198
  1870	-0.0961288	-0.198	0.198
  1871	-0.0968542	-0.198	0.198
  1872	-0.0728142	-0.198	0.198
  1873	-0.0831775	-0.198	0.198
  1874	-0.067342	-0.198	0.198
  1875	-0.074358	-0.198	0.198
  1876	-0.0645173	-0.198	0.198
  1877	-0.0598012	-0.198	0.198
  1878	-0.0825933	-0.198	0.198
  1879	-0.0864433	-0.198	0.198
  1880	-0.058735	-0.198	0.198
  1881	-0.0809885	-0.198	0.198
  1882	-0.0399234	-0.198	0.198
  1883	-0.0200427	-0.198	0.198
  1884	-0.0663045	-0.198	0.198
  1885	-0.0581417	-0.198	0.198
  1886	-0.0600429	-0.198	0.198
  1887	-0.0438957	-0.198	0.198
  1888	-0.0886787	-0.198	0.198
  1889	-0.0791818	-0.198	0.198
  1890	-0.023064	-0.198	0.198
  1891	-0.0953778	-0.198	0.198
  1892	-0.045438	-0.198	0.198
  1893	-0.0715583	-0.198	0.198
  1894	-0.0564512	-0.198	0.198
  1895	-0.0563459	-0.198	0.198
  1896	-0.0947068	-0.198	0.198
  1897	-0.0816317	-0.198	0.198
  1898	-0.0869176	-0.198	0.198
  1899	-0.0665532	-0.198	0.198
  1900	-0.0980747	-0.198	0.198
  1901	-0.0763482	-0.198	0.198
  1902	-0.080145	-0.198	0.198
  1903	-0.0787088	-0.198	0.198
  1904	-0.0886877	-0.198	0.198
  1905	-0.0978009	-0.198	0.198
  1906	-0.0794998	-0.198	0.198
  1907	-0.0919388	-0.198	0.198
  1908	-0.0971298	-0.198	0.198
  1909	-0.0891805	-0.198	0.198
  1910	-0.0977585	-0.198	0.198
  1911	-0.0976308	-0.198	0.198
  1912	-0.0860689	-0.198	0.198
  1913	-0.0798705	-0.198	0.198
  1914	-0.0617174	-0.198	0.198
  1915	-0.0971009	-0.198	0.198
  1916	-0.077673	-0.198	0.198
  1917	-0.0930582	-0.198	0.198
  1918	-0.0706389	-0.198	0.198
  1919	-0.0930228	-0.198	0.198
  1920	-0.065943	-0.198	0.198
  1921	-0.0658576	-0.198	0.198
  1922	-0.0934532	-0.198	0.198
  1923	-0.0560181	-0.198	0.198
  1924	-0.0428731	-0.198	0.198
  1925	-0.0590251	-0.198	0.198
  1926	-0.0809038	-0.198	0.198
  1927	-0.0950632	-0.198	0.198
  1928	-0.0521948	-0.198	0.198
  1929	-0.0889412	-0.198	0.198
  1930	-0.0781888	-0.198	0.198
  1931	-0.0879941	-0.198	0.198
  1932	-0.0894681	-0.198	0.198
  1933	-0.080118	-0.198	0.198
  1934	-0.0768808	-0.198	0.198
  1935	-0.0700965	-0.198	0.198
  1936	-0.0611596	-0.198	0.198
  1937	-0.0968828	-0.198	0.198
  1938	-0.0557045	-0.198	0.198
  1939	-0.0442197	-0.198	0.198
  1940	-0.0159234	-0.198	0.198
  1941	-0.0789601	-0.198	0.198
  1942	-0.0769951	-0.198	0.198
  1943	-0.0648136	-0.198	0.198
  1944	-0.0565932	-0.198	0.198
  1945	-0.0842278	-0.198	0.198
  1946	-0.0834848	-0.198	0.198
  1947	-0.0967385	-0.198	0.198
  1948	-0.0862938	-0.198	0.198
  1949	-0.0787282	-0.198	0.198
  1950	-0.0887384	-0.198	0.198
  1951	-0.0710814	-0.198	0.198
  1952	-0.0585529	-0.198	0.198
  1953	-0.0641484	-0.198	0.198
  1954	-0.0686617	-0.198	0.198
  1955	-0.0958091	-0.198	0.198
  1956	-0.0656278	-0.198	0.198
  1957	-0.0975189	-0.198	0.198
  1958	-0.0896544	-0.198	0.198
  1959	-0.0977942	-0.198	0.198
  1960	-0.0876383	-0.198	0.198
  1961	-0.0904676	-0.198	0.198
  1962	-0.0762858	-0.198	0.198
  1963	-0.0502009	-0.198	0.198
  1964	-0.0683441	-0.198	0.198
  1965	-0.0719895	-0.198	0.198
  1966	-0.0961388	-0.198	0.198
  1967	-0.0811643	-0.198	0.198
  1968	-0.044189	-0.198	0.198
  1969	-0.0785813	-0.198	0.198
  1970	-0.0916239	-0.198	0.198
  1971	-0.0532436	-0.198	0.198
  1972	-0.0359442	-0.198	0.198
  1973	-0.0730432	-0.198	0.198
  1974	-0.0818527	-0.198	0.198
  1975	-0.0957706	-0.198	0.198
  1976	-0.0972556	-0.198	0.198
  1977	-0.0829404	-0.198	0.198
  1978	-0.0611732	-0.198	0.198
  1979	-0.0765535	-0.198	0.198
  1980	-0.0760159	-0.198	0.198
  1981	-0.094155	-0.198	0.198
  1982	-0.0738981	-0.198	0.198
  1983	-0.0786601	-0.198	0.198
  1984	-0.0979567	-0.198	0.198
  1985	-0.0791129	-0.198	0.198
  1986	-0.0713796	-0.198	0.198
  1987	-0.0512069	-0.198	0.198
  1988	-0.0874492	-0.198	0.198
  1989	-0.0870127	-0.198	0.198
  1990	-0.0800166	-0.198	0.198
  1991	-0.0726463	-0.198	0.198
  1992	-0.0411185	-0.198	0.198
  1993	-0.0960811	-0.198	0.198
  1994	-0.0745809	-0.198	0.198
  1995	-0.063397	-0.198	0.198
  1996	-0.0419171	-0.198	0.198
  1997	-0.0609014	-0.198	0.198
  1998	-0.0696349	-0.198	0.198
  1999	-0.0818058	-0.198	0.198
  2000	-0.0831115	-0.198	0.198
  2001	-0.0966772	-0.198	0.198
  2002	-0.0955949	-0.198	0.198
  2003	-0.0644058	-0.198	0.198
  2004	-0.0969027	-0.198	0.198
  2005	-0.0760818	-0.198	0.198
  2006	-0.0910255	-0.198	0.198
  2007	-0.0910339	-0.198	0.198
  2008	-0.0663145	-0.198	0.198
  2009	-0.0826958	-0.198	0.198
  2010	-0.0435424	-0.198	0.198
  2011	-0.0697772	-0.198	0.198
  2012	-0.0928278	-0.198	0.198
  2013	-0.0800774	-0.198	0.198
  2014	-0.0973961	-0.198	0.198
  2015	-0.07504	-0.198	0.198
  2016	-0.0966297	-0.198	0.198
  2017	-0.0919844	-0.198	0.198
  2018	-0.0847261	-0.198	0.198
  2019	-0.0455683	-0.198	0.198
  2020	-0.0980022	-0.198	0.198
  2021	-0.0971486	-0.198	0.198
  2022	-0.0585534	-0.198	0.198
  2023	-0.0677097	-0.198	0.198
  2024	-0.0648504	-0.198	0.198
  2025	-0.0962613	-0.198	0.198
  2026	-0.0580782	-0.198	0.198
  2027	-0.0520069	-0.198	0.198
  2028	-0.09478	-0.198	0.198
  2029	-0.0938287	-0.198	0.198
  2030	-0.0478876	-0.198	0.198
  2031	-0.0634002	-0.198	0.198
  2032	-0.0667217	-0.198	0.198
  2033	-0.0842738	-0.198	0.198
  2034	-0.0910257	-0.198	0.198
  2035	-0.0667679	-0.198	0.198
  2036	-0.0810942	-0.198	0.198
  2037	-0.0549588	-0.198	0.198
  2038	-0.079534	-0.198	0.198
  2039	-0.0868675	-0.198	0.198
  2040	-0.0953423	-0.198	0.198
  2041	-0.0916969	-0.198	0.198
  2042	-0.0684113	-0.198	0.198
  2043	-0.0887687	-0.198	0.198
  2044	-0.0756069	-0.198	0.198
  2045	-0.0327903	-0.198	0.198
  2046	-0.0897352	-0.198	0.198
  2047	-0.0528282	-0.198	0.198
  2048	-0.0859157	-0.198	0.198
  2049	-0.0888867	-0.198	0.198
  2050	-0.0802611	-0.198	0.198
  2051	-0.0967457	-0.198	0.198
  2052	-0.0760237	-0.198	0.198
  2053	-0.0616233	-0.198	0.198
  2054	-0.0921664	-0.198	0.198
  2055	-0.0597471	-0.198	0.198
  2056	-0.046709	-0.198	0.198
  2057	-0.0672154	-0.198	0.198
  2058	-0.0718156	-0.198	0.198
  2059	-0.0366445	-0.198	0.198
  2060	-0.0959016	-0.198	0.198
  2061	-0.0935497	-0.198	0.198
  2062	-0.0870459	-0.198	0.198
  2063	-0.0794553	-0.198	0.198
  2064	-0.0460894	-0.198	0.198
  2065	-0.093164	-0.198	0.198
  2066	-0.0666872	-0.198	0.198
  2067	-0.0630268	-0.198	0.198
  2068	-0.0702087	-0.198	0.198
  2069	-0.0878438	-0.198	0.198
  2070	-0.0339402	-0.198	0.198
  2071	-0.0838389	-0.198	0.198
  2072	-0.0968082	-0.198	0.198
  2073	-0.095195	-0.198	0.198
  2074	-0.0644276	-0.198	0.198
  2075	-0.0891844	-0.198	0.198
  2076	-0.0470032	-0.198	0.198
  2077	-0.0971834	-0.198	0.198
  2078	-0.0564872	-0.198	0.198
  2079	-0.0976191	-0.198	0.198
  2080	-0.0285029	-0.198	0.198
  2081	-0.0880896	-0.198	0.198
  2082	-0.0573225	-0.198	0.198
  2083	-0.0962273	-0.198	0.198
  2084	-0.0724968	-0.198	0.198
  2085	-0.0583926	-0.198	0.198
  2086	-0.086472	-0.198	0.198
  2087	-0.0969066	-0.198	0.198
  2088	-0.0427672	-0.198	0.198
  2089	-0.0827383	-0.198	0.198
  2090	-0.0655935	-0.198	0.198
  2091	-0.0463685	-0.198	0.198
  2092	-0.0438464	-0.198	0.198
  2093	-0.0923093	-0.198	0.198
  2094	-0.0692534	-0.198	0.198
  2095	-0.0620224	-0.198	0.198
  2096	-0.0948619	-0.198	0.198
  2097	-0.0454338	-0.198	0.198
  2098	-0.0683307	-0.198	0.198
  2099	-0.0927933	-0.198	0.198
  2100	-0.09741	-0.198	0.198
  2101	-0.032173	-0.198	0.198
  2102	-0.0765994	-0.198	0.198
  2103	-0.0829079	-0.198	0.198
  2104	-0.0788625	-0.198	0.198
  2105	-0.095661	-0.198	0.198
  2106	-0.0912695	-0.198	0.198
  2107	-0.0781766	-0.198	0.198
  2108	-0.0638886	-0.198	0.198
  2109	-0.0981892	-0.198	0.198
  2110	-0.0980921	-0.198	0.198
  2111	-0.068486	-0.198	0.198
  2112	-0.0816196	-0.198	0.198
  2113	-0.074054	-0.198	0.198
  2114	-0.0907829	-0.198	0.198
  2115	-0.0568252	-0.198	0.198
  2116	-0.0871808	-0.198	0.198
  2117	-0.0795818	-0.198	0.198
  2118	-0.0711533	-0.198	0.198
  2119	-0.0614622	-0.198	0.198
  2120	-0.0934687	-0.198	0.198
  2121	-0.0823512	-0.198	0.198
  2122	-0.0928423	-0.198	0.198
  2123	-0.0764738	-0.198	0.198
  2124	-0.0756361	-0.198	0.198
  2125	-0.0484439	-0.198	0.198
  2126	-0.0680363	-0.198	0.198
  2127	-0.0928363	-0.198	0.198
  2128	-0.0908031	-0.198	0.198
  2129	-0.0963705	-0.198	0.198
  2130	-0.091762	-0.198	0.198
  2131	-0.067321	-0.198	0.198
  2132	-0.0970099	-0.198	0.198
  2133	-0.0314513	-0.198	0.198
  2134	-0.0971847	-0.198	0.198
  2135	-0.0922157	-0.198	0.198
  2136	-0.0879165	-0.198	0.198
  2137	-0.0707865	-0.198	0.198
  2138	-0.0622617	-0.198	0.198
  2139	-0.084261	-0.198	0.198
  2140	-0.0720474	-0.198	0.198
  2141	-0.0970902	-0.198	0.198
  2142	-0.0866463	-0.198	0.198
  2143	-0.089648	-0.198	0.198
  2144	-0.0576589	-0.198	0.198
  2145	-0.0731608	-0.198	0.198
  2146	-0.0628876	-0.198	0.198
  2147	-0.0642155	-0.198	0.198
  2148	-0.0603923	-0.198	0.198
  2149	-0.0629653	-0.198	0.198
  2150	-0.0953924	-0.198	0.198
  2151	-0.0167243	-0.198	0.198
  2152	-0.0503511	-0.198	0.198
  2153	-0.0818923	-0.198	0.198
  2154	-0.0650237	-0.198	0.198
  2155	-0.0891317	-0.198	0.198
  2156	-0.0974484	-0.198	0.198
  2157	-0.0962933	-0.198	0.198
  2158	-0.0809601	-0.198	0.198
  2159	-0.0813034	-0.198	0.198
  2160	-0.0650734	-0.198	0.198
  2161	-0.0880654	-0.198	0.198
  2162	-0.0877725	-0.198	0.198
  2163	-0.0948632	-0.198	0.198
  2164	-0.0795727	-0.198	0.198
  2165	-0.0403905	-0.198	0.198
  2166	-0.0714427	-0.198	0.198
  2167	-0.0648291	-0.198	0.198
  2168	-0.0912844	-0.198	0.198
  2169	-0.0931772	-0.198	0.198
  2170	-0.077788	-0.198	0.198
  2171	-0.0609785	-0.198	0.198
  2172	-0.0319169	-0.198	0.198
  2173	-0.063295	-0.198	0.198
  2174	-0.0565515	-0.198	0.198
  2175	-0.0928021	-0.198	0.198
  2176	-0.0907087	-0.198	0.198
  2177	-0.0618523	-0.198	0.198
  2178	-0.055426	-0.198	0.198
  2179	-0.0908375	-0.198	0.198
  2180	-0.0691082	-0.198	0.198
  2181	-0.0515125	-0.198	0.198
  2182	-0.0669187	-0.198	0.198
  2183	-0.0585488	-0.198	0.198
  2184	-0.0921143	-0.198	0.198
  2185	-0.0546251	-0.198	0.198
  2186	-0.0450298	-0.198	0.198
  2187	-0.0417742	-0.198	0.198
  2188	-0.0892263	-0.198	0.198
  2189	-0.085276	-0.198	0.198
  2190	-0.0849085	-0.198	0.198
  2191	-0.0449704	-0.198	0.198
  2192	-0.0758737	-0.198	0.198
  2193	-0.0798494	-0.198	0.198
  2194	-0.0682221	-0.198	0.198
  2195	-0.0971047	-0.198	0.198
  2196	-0.0201506	-0.198	0.198
  2197	-0.0821173	-0.198	0.198
  2198	-0.093031	-0.198	0.198
  2199	-0.0845898	-0.198	0.198
  2200	-0.0721949	-0.198	0.198
  2201	-0.0885542	-0.198	0.198
  2202	-0.0742578	-0.198	0.198
  2203	-0.0673267	-0.198	0.198
  2204	-0.0878448	-0.198	0.198
  2205	-0.0824695	-0.198	0.198
  2206	-0.0841516	-0.198	0.198
  2207	-0.0189918	-0.198	0.198
  2208	-0.0958008	-0.198	0.198
  2209	-0.0365204	-0.198	0.198
  2210	-0.0733213	-0.198	0.198
  2211	-0.0625634	-0.198	0.198
  2212	-0.0957033	-0.198	0.198
  2213	-0.0947327	-0.198	0.198
  2214	-0.0976995	-0.198	0.198
  2215	-0.0865417	-0.198	0.198
  2216	-0.0619152	-0.198	0.198
  2217	-0.0964835	-0.198	0.198
  2218	-0.0938647	-0.198	0.198
  2219	-0.0259151	-0.198	0.198
  2220	-0.0883207	-0.198	0.198
  2221	-0.0617683	-0.198	0.198
  2222	-0.0725835	-0.198	0.198
  2223	-0.0176676	-0.198	0.198
  2224	-0.0638625	-0.198	0.198
  2225	-0.0782354	-0.198	0.198
  2226	-0.095012	-0.198	0.198
  2227	-0.0726806	-0.198	0.198
  2228	-0.0904026	-0.198	0.198
  2229	-0.0930791	-0.198	0.198
  2230	-0.0476214	-0.198	0.198
  2231	-0.0946628	-0.198	0.198
  2232	-0.0751696	-0.198	0.198
  2233	-0.0400454	-0.198	0.198
  2234	-0.0725861	-0.198	0.198
  2235	-0.0905058	-0.198	0.198
  2236	-0.0584291	-0.198	0.198
  2237	-0.0970473	-0.198	0.198
  2238	-0.0816907	-0.198	0.198
  2239	-0.0343208	-0.198	0.198
  2240	-0.0818154	-0.198	0.198
  2241	-0.0970467	-0.198	0.198
  2242	-0.0784517	-0.198	0.198
  2243	-0.0533256	-0.198	0.198
  2244	-0.0807713	-0.198	0.198
  2245	-0.0731677	-0.198	0.198
  2246	-0.0579888	-0.198	0.198
  2247	-0.0510657	-0.198	0.198
  2248	-0.080961	-0.198	0.198
  2249	-0.0837635	-0.198	0.198
  2250	-0.0716141	-0.198	0.198
  2251	-0.0891946	-0.198	0.198
  2252	-0.0722118	-0.198	0.198
  2253	-0.0963636	-0.198	0.198
  2254	-0.0790318	-0.198	0.198
  2255	-0.0698699	-0.198	0.198
  2256	-0.0563955	-0.198	0.198
  2257	-0.0824129	-0.198	0.198
  2258	-0.0962679	-0.198	0.198
  2259	-0.0872286	-0.198	0.198
  2260	-0.0713728	-0.198	0.198
  2261	-0.0663885	-0.198	0.198
  2262	-0.0968668	-0.198	0.198
  2263	-0.090728	-0.198	0.198
  2264	-0.0938709	-0.198	0.198
  2265	-0.0742302	-0.198	0.198
  2266	-0.0641	-0.198	0.198
  2267	-0.0913557	-0.198	0.198
  2268	-0.0931645	-0.198	0.198
  2269	-0.0715232	-0.198	0.198
  2270	-0.0801484	-0.198	0.198
  2271	-0.065655	-0.198	0.198
  2272	-0.0868798	-0.198	0.198
  2273	-0.0854976	-0.198	0.198
  2274	-0.0808149	-0.198	0.198
  2275	-0.0678529	-0.198	0.198
  2276	-0.0943455	-0.198	0.198
  2277	-0.0813062	-0.198	0.198
  2278	-0.028288	-0.198	0.198
  2279	-0.065989	-0.198	0.198
  2280	-0.0896642	-0.198	0.198
  2281	-0.0881968	-0.198	0.198
  2282	-0.0737326	-0.198	0.198
  2283	-0.0852316	-0.198	0.198
  2284	-0.0910597	-0.198	0.198
  2285	-0.0663987	-0.198	0.198
  2286	-0.0387219	-0.198	0.198
  2287	-0.093291	-0.198	0.198
  2288	-0.0948603	-0.198	0.198
  2289	-0.0525862	-0.198	0.198
  2290	-0.0835902	-0.198	0.198
  2291	-0.0616495	-0.198	0.198
  2292	-0.0866128	-0.198	0.198
  2293	-0.0639574	-0.198	0.198
  2294	-0.056153	-0.198	0.198
  2295	-0.0896279	-0.198	0.198
  2296	-0.0894388	-0.198	0.198
  2297	-0.0610167	-0.198	0.198
  2298	-0.0575714	-0.198	0.198
  2299	-0.087654	-0.198	0.198
  2300	-0.0860433	-0.198	0.198
  2301	-0.0939129	-0.198	0.198
  2302	-0.0564171	-0.198	0.198
  2303	-0.0893233	-0.198	0.198
  2304	-0.0974884	-0.198	0.198
  2305	-0.0972012	-0.198	0.198
  2306	-0.0577137	-0.198	0.198
  2307	-0.0953326	-0.198	0.198
  2308	-0.0650322	-0.198	0.198
  2309	-0.036018	-0.198	0.198
  2310	-0.0901586	-0.198	0.198
  2311	-0.0144194	-0.198	0.198
  2312	-0.0615942	-0.198	0.198
  2313	-0.0956155	-0.198	0.198
  2314	-0.0790036	-0.198	0.198
  2315	-0.0807976	-0.198	0.198
  2316	-0.0830507	-0.198	0.198
  2317	-0.0783963	-0.198	0.198
  2318	-0.0740343	-0.198	0.198
  2319	-0.0541608	-0.198	0.198
  2320	-0.0913236	-0.198	0.198
  2321	-0.0978233	-0.198	0.198
  2322	-0.0817996	-0.198	0.198
  2323	-0.0643637	-0.198	0.198
  2324	-0.0491212	-0.198	0.198
  2325	-0.0916045	-0.198	0.198
  2326	-0.0808023	-0.198	0.198
  2327	-0.0885541	-0.198	0.198
  2328	-0.0694601	-0.198	0.198
  2329	-0.0721271	-0.198	0.198
  2330	-0.0962298	-0.198	0.198
  2331	-0.0857413	-0.198	0.198
  2332	-0.0955799	-0.198	0.198
  2333	-0.0921025	-0.198	0.198
  2334	-0.0960244	-0.198	0.198
  2335	-0.0571048	-0.198	0.198
  2336	-0.096222	-0.198	0.198
  2337	-0.0584347	-0.198	0.198
  2338	-0.0770204	-0.198	0.198
  2339	-0.0636207	-0.198	0.198
  2340	-0.0635553	-0.198	0.198
  2341	-0.0655432	-0.198	0.198
  2342	-0.097175	-0.198	0.198
  2343	-0.0638729	-0.198	0.198
  2344	-0.0922587	-0.198	0.198
  2345	-0.0545472	-0.198	0.198
  2346	-0.057614	-0.198	0.198
  2347	-0.095865	-0.198	0.198
  2348	-0.0619867	-0.198	0.198
  2349	-0.0946309	-0.198	0.198
  2350	-0.0382255	-0.198	0.198
  2351	-0.0912276	-0.198	0.198
  2352	-0.082283	-0.198	0.198
  2353	-0.0666085	-0.198	0.198
  2354	-0.092138	-0.198	0.198
  2355	-0.0845862	-0.198	0.198
  2356	-0.0545234	-0.198	0.198
  2357	-0.0520857	-0.198	0.198
  2358	-0.064544	-0.198	0.198
  2359	-0.0725461	-0.198	0.198
  2360	-0.0806501	-0.198	0.198
  2361	-0.0938544	-0.198	0.198
  2362	-0.0613426	-0.198	0.198
  2363	-0.0261654	-0.198	0.198
  2364	-0.0635889	-0.198	0.198
  2365	-0.0879753	-0.198	0.198
  2366	-0.0930672	-0.198	0.198
  2367	-0.0548047	-0.198	0.198
  2368	-0.0503317	-0.198	0.198
  2369	-0.0770654	-0.198	0.198
  2370	-0.0950326	-0.198	0.198
  2371	-0.0973688	-0.198	0.198
  2372	-0.0942465	-0.198	0.198
  2373	-0.0628644	-0.198	0.198
  2374	-0.069205	-0.198	0.198
  2375	-0.0811405	-0.198	0.198
  2376	-0.0463356	-0.198	0.198
  2377	-0.0598764	-0.198	0.198
  2378	-0.0906477	-0.198	0.198
  2379	-0.0783661	-0.198	0.198
  2380	-0.071119	-0.198	0.198
  2381	-0.0932911	-0.198	0.198
  2382	-0.0743978	-0.198	0.198
  2383	-0.0902903	-0.198	0.198
  2384	-0.0565118	-0.198	0.198
  2385	-0.0652592	-0.198	0.198
  2386	-0.0928105	-0.198	0.198
  2387	-0.0685417	-0.198	0.198
  2388	-0.0870832	-0.198	0.198
  2389	-0.094807	-0.198	0.198
  2390	-0.0965766	-0.198	0.198
  2391	-0.0869942	-0.198	0.198
  2392	-0.0953737	-0.198	0.198
  2393	-0.0869106	-0.198	0.198
  2394	-0.0719505	-0.198	0.198
  2395	-0.0541681	-0.198	0.198
  2396	-0.091284	-0.198	0.198
  2397	-0.076854	-0.198	0.198
  2398	-0.0858477	-0.198	0.198
  2399	-0.0611045	-0.198	0.198
  2400	-0.0748085	-0.198	0.198
  2401	-0.0871409	-0.198	0.198
  2402	-0.0470447	-0.198	0.198
  2403	-0.017486	-0.198	0.198
  2404	-0.0592582	-0.198	0.198
  2405	-0.0415617	-0.198	0.198
  2406	-0.0887105	-0.198	0.198
  2407	-0.0795551	-0.198	0.198
  2408	-0.0941568	-0.198	0.198
  2409	-0.0825506	-0.198	0.198
  2410	-0.057861	-0.198	0.198
  2411	-0.0946806	-0.198	0.198
  2412	-0.0807733	-0.198	0.198
  2413	-0.0695937	-0.198	0.198
  2414	-0.0927633	-0.198	0.198
  2415	-0.0963372	-0.198	0.198
  2416	-0.0525799	-0.198	0.198
  2417	-0.0967227	-0.198	0.198
  2418	-0.0757068	-0.198	0.198
  2419	-0.0541983	-0.198	0.198
  2420	-0.068635	-0.198	0.198
  2421	-0.0841503	-0.198	0.198
  2422	-0.0862757	-0.198	0.198
  2423	-0.0954814	-0.198	0.198
  2424	-0.0931511	-0.198	0.198
  2425	-0.0660161	-0.198	0.198
  2426	-0.0963677	-0.198	0.198
  2427	-0.0706412	-0.198	0.198
  2428	-0.0754139	-0.198	0.198
  2429	-0.0859432	-0.198	0.198
  2430	-0.0773128	-0.198	0.198
  2431	-0.0966374	-0.198	0.198
  2432	-0.0723749	-0.198	0.198
  2433	-0.0873252	-0.198	0.198
  2434	-0.0884446	-0.198	0.198
  2435	-0.0809757	-0.198	0.198
  2436	-0.080368	-0.198	0.198
  2437	-0.0494047	-0.198	0.198
  2438	-0.088875	-0.198	0.198
  2439	-0.074304	-0.198	0.198
  2440	-0.0820012	-0.198	0.198
  2441	-0.0761113	-0.198	0.198
  2442	-0.0922671	-0.198	0.198
  2443	-0.0911214	-0.198	0.198
  2444	-0.0501417	-0.198	0.198
  2445	-0.0965168	-0.198	0.198
  2446	-0.0771512	-0.198	0.198
  2447	-0.0938139	-0.198	0.198
  2448	-0.0691401	-0.198	0.198
  2449	-0.0782684	-0.198	0.198
  2450	-0.0945279	-0.198	0.198
  2451	-0.0744597	-0.198	0.198
  2452	-0.0525857	-0.198	0.198
  2453	-0.0701158	-0.198	0.198
  2454	-0.0866688	-0.198	0.198
  2455	-0.0652798	-0.198	0.198
  2456	-0.0962996	-0.198	0.198
  2457	-0.0975682	-0.198	0.198
  2458	-0.0898947	-0.198	0.198
  2459	-0.0915299	-0.198	0.198
  2460	-0.052531	-0.198	0.198
  2461	-0.0797377	-0.198	0.198
  2462	-0.052038	-0.198	0.198
  2463	-0.0866364	-0.198	0.198
  2464	-0.0687214	-0.198	0.198
  2465	-0.0407453	-0.198	0.198
  2466	-0.0879455	-0.198	0.198
  2467	-0.0524457	-0.198	0.198
  2468	-0.0823472	-0.198	0.198
  2469	-0.0961672	-0.198	0.198
  2470	-0.0904321	-0.198	0.198
  2471	-0.0252953	-0.198	0.198
  2472	-0.0835312	-0.198	0.198
  2473	-0.0752578	-0.198	0.198
  2474	-0.0688979	-0.198	0.198
  2475	-0.0748414	-0.198	0.198
  2476	-0.0737751	-0.198	0.198
  2477	-0.0913569	-0.198	0.198
  2478	-0.0855576	-0.198	0.198
  2479	-0.096128	-0.198	0.198
  2480	-0.0802797	-0.198	0.198
  2481	-0.0578928	-0.198	0.198
  2482	-0.0317033	-0.198	0.198
  2483	-0.0763016	-0.198	0.198
  2484	-0.0595092	-0.198	0.198
  2485	-0.0614555	-0.198	0.198
  2486	-0.0868964	-0.198	0.198
  2487	-0.0930192	-0.198	0.198
  2488	-0.089698	-0.198	0.198
  2489	-0.0913278	-0.198	0.198
  2490	-0.0807366	-0.198	0.198
  2491	-0.0829275	-0.198	0.198
  2492	-0.0586333	-0.198	0.198
  2493	-0.0559089	-0.198	0.198
  2494	-0.0776043	-0.198	0.198
  2495	-0.0801893	-0.198	0.198
  2496	-0.0736537	-0.198	0.198
  2497	-0.0955983	-0.198	0.198
  2498	-0.0653211	-0.198	0.198
  2499	-0.0856628	-0.198	0.198
  2500	-0.0366076	-0.198	0.198
  2501	-0.0742939	-0.198	0.198
  2502	-0.0643317	-0.198	0.198
  2503	-0.0908571	-0.198	0.198
  2504	-0.0914852	-0.198	0.198
  2505	-0.0162696	-0.198	0.198
  2506	-0.0808788	-0.198	0.198
  2507	-0.0964034	-0.198	0.198
  2508	-0.0738216	-0.198	0.198
  2509	-0.0894583	-0.198	0.198
  2510	-0.0760667	-0.198	0.198
  2511	-0.0671426	-0.198	0.198
  2512	-0.0824971	-0.198	0.198
  2513	-0.0614473	-0.198	0.198
  2514	-0.097542	-0.198	0.198
  2515	-0.0911858	-0.198	0.198
  2516	-0.0728009	-0.198	0.198
  2517	-0.0330337	-0.198	0.198
  2518	-0.0697981	-0.198	0.198
  2519	-0.0841939	-0.198	0.198
  2520	-0.0679711	-0.198	0.198
  2521	-0.0865233	-0.198	0.198
  2522	-0.0923991	-0.198	0.198
  2523	-0.0592595	-0.198	0.198
  2524	-0.0887386	-0.198	0.198
  2525	-0.0951557	-0.198	0.198
  2526	-0.0941632	-0.198	0.198
  2527	-0.0969284	-0.198	0.198
  2528	-0.0572354	-0.198	0.198
  2529	-0.063723	-0.198	0.198
  2530	-0.0723652	-0.198	0.198
  2531	-0.0963134	-0.198	0.198
  2532	-0.0675055	-0.198	0.198
  2533	-0.0462492	-0.198	0.198
  2534	-0.0967377	-0.198	0.198
  2535	-0.0748635	-0.198	0.198
  2536	-0.0736335	-0.198	0.198
  2537	-0.0923144	-0.198	0.198
  2538	-0.0599453	-0.198	0.198
  2539	-0.0972488	-0.198	0.198
  2540	-0.0885514	-0.198	0.198
  2541	-0.0725883	-0.198	0.198
  2542	-0.0959483	-0.198	0.198
  2543	-0.0606683	-0.198	0.198
  2544	-0.0749372	-0.198	0.198
  2545	-0.0941701	-0.198	0.198
  2546	-0.0876933	-0.198	0.198
  2547	-0.0951161	-0.198	0.198
  2548	-0.0981696	-0.198	0.198
  2549	-0.0614153	-0.198	0.198
  2550	-0.0901	-0.198	0.198
  2551	-0.0607535	-0.198	0.198
  2552	-0.0899702	-0.198	0.198
  2553	-0.069049	-0.198	0.198
  2554	-0.0900238	-0.198	0.198
  2555	-0.0588602	-0.198	0.198
  2556	-0.0489816	-0.198	0.198
  2557	-0.0558394	-0.198	0.198
  2558	-0.056394	-0.198	0.198
  2559	-0.0677087	-0.198	0.198
  2560	-0.0529448	-0.198	0.198
  2561	-0.0582237	-0.198	0.198
  2562	-0.0964646	-0.198	0.198
  2563	-0.0931177	-0.198	0.198
  2564	-0.0882835	-0.198	0.198
  2565	-0.081538	-0.198	0.198
  2566	-0.0696891	-0.198	0.198
  2567	-0.0651157	-0.198	0.198
  2568	-0.0659658	-0.198	0.198
  2569	-0.0521922	-0.198	0.198
  2570	-0.0839987	-0.198	0.198
  2571	-0.088884	-0.198	0.198
  2572	-0.0809486	-0.198	0.198
  2573	-0.0806888	-0.198	0.198
  2574	-0.0707621	-0.198	0.198
  2575	-0.0886161	-0.198	0.198
  2576	-0.0661687	-0.198	0.198
  2577	-0.0583943	-0.198	0.198
  2578	-0.0883556	-0.198	0.198
  2579	-0.0898635	-0.198	0.198
  2580	-0.0959212	-0.198	0.198
  2581	-0.0859906	-0.198	0.198
  2582	-0.0608592	-0.198	0.198
  2583	-0.0864024	-0.198	0.198
  2584	-0.084882	-0.198	0.198
  2585	-0.0509144	-0.198	0.198
  2586	-0.0865941	-0.198	0.198
  2587	-0.0954043	-0.198	0.198
  2588	-0.030821	-0.198	0.198
  2589	-0.0609242	-0.198	0.198
  2590	-0.0862091	-0.198	0.198
  2591	-0.0725475	-0.198	0.198
  2592	-0.0863528	-0.198	0.198
  2593	-0.0771054	-0.198	0.198
  2594	-0.0969023	-0.198	0.198
  2595	-0.0831604	-0.198	0.198
  2596	-0.0773023	-0.198	0.198
  2597	-0.0651616	-0.198	0.198
  2598	-0.0911256	-0.198	0.198
  2599	-0.0869008	-0.198	0.198
  2600	-0.0807781	-0.198	0.198
  2601	-0.0601829	-0.198	0.198
  2602	-0.0658001	-0.198	0.198
  2603	-0.0978868	-0.198	0.198
  2604	-0.0960892	-0.198	0.198
  2605	-0.0756362	-0.198	0.198
  2606	-0.0959238	-0.198	0.198
  2607	-0.0958539	-0.198	0.198
  2608	-0.0597507	-0.198	0.198
  2609	-0.0972252	-0.198	0.198
  2610	-0.0585087	-0.198	0.198
  2611	-0.0950932	-0.198	0.198
  2612	-0.0845985	-0.198	0.198
  2613	-0.0891394	-0.198	0.198
  2614	-0.0870815	-0.198	0.198
  2615	-0.0917453	-0.198	0.198
  2616	-0.0969309	-0.198	0.198
  2617	-0.0935435	-0.198	0.198
  2618	-0.0954664	-0.198	0.198
  2619	-0.0797587	-0.198	0.198
  2620	-0.0978773	-0.198	0.198
  2621	-0.0907963	-0.198	0.198
  2622	-0.096624	-0.198	0.198
  2623	-0.0898673	-0.198	0.198
  2624	-0.0648508	-0.198	0.198
  2625	-0.0942715	-0.198	0.198
  2626	-0.0775582	-0.198	0.198
  2627	-0.0699593	-0.198	0.198
  2628	-0.0453556	-0.198	0.198
  2629	-0.0958237	-0.198	0.198
  2630	-0.0703552	-0.198	0.198
  2631	-0.0974309	-0.198	0.198
  2632	-0.0722302	-0.198	0.198
  2633	-0.0780723	-0.198	0.198
  2634	-0.0545664	-0.198	0.198
  2635	-0.0706291	-0.198	0.198
  2636	-0.0789655	-0.198	0.198
  2637	-0.0781674	-0.198	0.198
  2638	-0.0425098	-0.198	0.198
  2639	-0.0744294	-0.198	0.198
  2640	-0.0764546	-0.198	0.198
  2641	-0.0812168	-0.198	0.198
  2642	-0.070215	-0.198	0.198
  2643	-0.0847156	-0.198	0.198
  2644	-0.0528462	-0.198	0.198
  2645	-0.0709538	-0.198	0.198
  2646	-0.0886114	-0.198	0.198
  2647	-0.0540654	-0.198	0.198
  2648	-0.0895695	-0.198	0.198
  2649	-0.0950319	-0.198	0.198
  2650	-0.0711406	-0.198	0.198
  2651	-0.090583	-0.198	0.198
  2652	-0.0580158	-0.198	0.198
  2653	-0.0569902	-0.198	0.198
  2654	-0.0583183	-0.198	0.198
  2655	-0.0947101	-0.198	0.198
  2656	-0.0889956	-0.198	0.198
  2657	-0.0873271	-0.198	0.198
  2658	-0.0724334	-0.198	0.198
  2659	-0.0907312	-0.198	0.198
  2660	-0.0872791	-0.198	0.198
  2661	-0.0864921	-0.198	0.198
  2662	-0.0971288	-0.198	0.198
  2663	-0.0783225	-0.198	0.198
  2664	-0.0831204	-0.198	0.198
  2665	-0.095565	-0.198	0.198
  2666	-0.0382087	-0.198	0.198
  2667	-0.0834625	-0.198	0.198
  2668	-0.0704027	-0.198	0.198
  2669	-0.0947959	-0.198	0.198
  2670	-0.0775453	-0.198	0.198
  2671	-0.0501606	-0.198	0.198
  2672	-0.0675322	-0.198	0.198
  2673	-0.0899711	-0.198	0.198
  2674	-0.0562108	-0.198	0.198
  2675	-0.0704782	-0.198	0.198
  2676	-0.0687732	-0.198	0.198
  2677	-0.0704865	-0.198	0.198
  2678	-0.0682701	-0.198	0.198
  2679	-0.0939958	-0.198	0.198
  2680	-0.0904732	-0.198	0.198
  2681	-0.0699873	-0.198	0.198
  2682	-0.0945097	-0.198	0.198
  2683	-0.0833367	-0.198	0.198
  2684	-0.0718409	-0.198	0.198
  2685	-0.0601222	-0.198	0.198
  2686	-0.0883019	-0.198	0.198
  2687	-0.0612876	-0.198	0.198
  2688	-0.0499628	-0.198	0.198
  2689	-0.0707287	-0.198	0.198
  2690	-0.0868632	-0.198	0.198
  2691	-0.0699688	-0.198	0.198
  2692	-0.0500426	-0.198	0.198
  2693	-0.0974865	-0.198	0.198
  2694	-0.0906448	-0.198	0.198
  2695	-0.0825584	-0.198	0.198
  2696	-0.0576948	-0.198	0.198
  2697	-0.0784927	-0.198	0.198
  2698	-0.0392287	-0.198	0.198
  2699	-0.078551	-0.198	0.198
  2700	-0.0817744	-0.198	0.198
  2701	-0.094382	-0.198	0.198
  2702	-0.0864675	-0.198	0.198
  2703	-0.0414953	-0.198	0.198
  2704	-0.0682547	-0.198	0.198
  2705	-0.0967616	-0.198	0.198
  2706	-0.0895705	-0.198	0.198
  2707	-0.089857	-0.198	0.198
  2708	-0.0668155	-0.198	0.198
  2709	-0.021525	-0.198	0.198
  2710	-0.0949128	-0.198	0.198
  2711	-0.0750199	-0.198	0.198
  2712	-0.0666052	-0.198	0.198
  2713	-0.0976464	-0.198	0.198
  2714	-0.0933836	-0.198	0.198
  2715	-0.0849776	-0.198	0.198
  2716	-0.0574037	-0.198	0.198
  2717	-0.050447	-0.198	0.198
  2718	-0.0933729	-0.198	0.198
  2719	-0.0950497	-0.198	0.198
  2720	-0.0353538	-0.198	0.198
  2721	-0.0492145	-0.198	0.198
  2722	-0.057006	-0.198	0.198
  2723	-0.0589855	-0.198	0.198
  2724	-0.0688916	-0.198	0.198
  2725	-0.0646484	-0.198	0.198
  2726	-0.0771185	-0.198	0.198
  2727	-0.0784159	-0.198	0.198
  2728	-0.0761421	-0.198	0.198
  2729	-0.0793386	-0.198	0.198
  2730	-0.0552406	-0.198	0.198
  2731	-0.0841603	-0.198	0.198
  2732	-0.0867878	-0.198	0.198
  2733	-0.0881111	-0.198	0.198
  2734	-0.0970728	-0.198	0.198
  2735	-0.0851518	-0.198	0.198
  2736	-0.0921768	-0.198	0.198
  2737	-0.0957955	-0.198	0.198
  2738	-0.0388181	-0.198	0.198
  2739	-0.0773539	-0.198	0.198
  2740	-0.0903938	-0.198	0.198
  2741	-0.041014	-0.198	0.198
  2742	-0.0715159	-0.198	0.198
  2743	-0.0959808	-0.198	0.198
  2744	-0.0942167	-0.198	0.198
  2745	-0.080922	-0.198	0.198
  2746	-0.0688225	-0.198	0.198
  2747	-0.0858619	-0.198	0.198
  2748	-0.0896086	-0.198	0.198
  2749	-0.0825302	-0.198	0.198
  2750	-0.0924188	-0.198	0.198
  2751	-0.0740002	-0.198	0.198
  2752	-0.031718	-0.198	0.198
  2753	-0.057094	-0.198	0.198
  2754	-0.0781303	-0.198	0.198
  2755	-0.0707387	-0.198	0.198
  2756	-0.0576554	-0.198	0.198
  2757	-0.0712325	-0.198	0.198
  2758	-0.0952507	-0.198	0.198
  2759	-0.076868	-0.198	0.198
  2760	-0.0937955	-0.198	0.198
  2761	-0.0880361	-0.198	0.198
  2762	-0.0573631	-0.198	0.198
  2763	-0.0510864	-0.198	0.198
  2764	-0.0772374	-0.198	0.198
  2765	-0.0853081	-0.198	0.198
  2766	-0.0943343	-0.198	0.198
  2767	-0.0818386	-0.198	0.198
  2768	-0.0872598	-0.198	0.198
  2769	-0.09229	-0.198	0.198
  2770	-0.0928024	-0.198	0.198
  2771	-0.0805224	-0.198	0.198
  2772	-0.0965769	-0.198	0.198
  2773	-0.06405	-0.198	0.198
  2774	-0.0845044	-0.198	0.198
  2775	-0.0862933	-0.198	0.198
  2776	-0.0640269	-0.198	0.198
  2777	-0.0244179	-0.198	0.198
  2778	-0.0765937	-0.198	0.198
  2779	-0.097742	-0.198	0.198
  2780	-0.0958039	-0.198	0.198
  2781	-0.0455224	-0.198	0.198
  2782	-0.0899804	-0.198	0.198
  2783	-0.0903348	-0.198	0.198
  2784	-0.0912862	-0.198	0.198
  2785	-0.0672764	-0.198	0.198
  2786	-0.0956602	-0.198	0.198
  2787	-0.0614289	-0.198	0.198
  2788	-0.0666832	-0.198	0.198
  2789	-0.0953805	-0.198	0.198
  2790	-0.0965622	-0.198	0.198
  2791	-0.0894668	-0.198	0.198
  2792	-0.0733413	-0.198	0.198
  2793	-0.0949409	-0.198	0.198
  2794	-0.0466988	-0.198	0.198
  2795	-0.0872985	-0.198	0.198
  2796	-0.0900903	-0.198	0.198
  2797	-0.0866049	-0.198	0.198
  2798	-0.0485052	-0.198	0.198
  2799	-0.0695596	-0.198	0.198
  2800	-0.0874099	-0.198	0.198
  2801	-0.0960124	-0.198	0.198
  2802	-0.0822987	-0.198	0.198
  2803	-0.0672395	-0.198	0.198
  2804	-0.078422	-0.198	0.198
  2805	-0.0856721	-0.198	0.198
  2806	-0.0735539	-0.198	0.198
  2807	-0.0502516	-0.198	0.198
  2808	-0.0774434	-0.198	0.198
  2809	-0.0810079	-0.198	0.198
  2810	-0.0782197	-0.198	0.198
  2811	-0.0717595	-0.198	0.198
  2812	-0.0941262	-0.198	0.198
  2813	-0.0770391	-0.198	0.198
  2814	-0.0595023	-0.198	0.198
  2815	-0.0719128	-0.198	0.198
  2816	-0.0746204	-0.198	0.198
  2817	-0.0406964	-0.198	0.198
  2818	-0.0927999	-0.198	0.198
  2819	-0.0601884	-0.198	0.198
  2820	-0.0292298	-0.198	0.198
  2821	-0.0876048	-0.198	0.198
  2822	-0.0715392	-0.198	0.198
  2823	-0.0979068	-0.198	0.198
  2824	-0.0838632	-0.198	0.198
  2825	-0.0451145	-0.198	0.198
  2826	-0.0958536	-0.198	0.198
  2827	-0.0912174	-0.198	0.198
  2828	-0.081501	-0.198	0.198
  2829	-0.0888479	-0.198	0.198
  2830	-0.0974675	-0.198	0.198
  2831	-0.0674216	-0.198	0.198
  2832	-0.0947354	-0.198	0.198
  2833	-0.037695	-0.198	0.198
  2834	-0.0660076	-0.198	0.198
  2835	-0.0974531	-0.198	0.198
  2836	-0.0693183	-0.198	0.198
  2837	-0.0713507	-0.198	0.198
  2838	-0.0717612	-0.198	0.198
  2839	-0.093658	-0.198	0.198
  2840	-0.0837837	-0.198	0.198
  2841	-0.0338473	-0.198	0.198
  2842	-0.0825218	-0.198	0.198
  2843	-0.0552431	-0.198	0.198
  2844	-0.0966975	-0.198	0.198
  2845	-0.0345906	-0.198	0.198
  2846	-0.0935829	-0.198	0.198
  2847	-0.0237355	-0.198	0.198
  2848	-0.0919101	-0.198	0.198
  2849	-0.0929644	-0.198	0.198
  2850	-0.0969929	-0.198	0.198
  2851	-0.0964544	-0.198	0.198
  2852	-0.0795219	-0.198	0.198
  2853	-0.0814603	-0.198	0.198
  2854	-0.0972196	-0.198	0.198
  2855	-0.0959027	-0.198	0.198
  2856	-0.0832689	-0.198	0.198
  2857	-0.0802796	-0.198	0.198
  2858	-0.085293	-0.198	0.198
  2859	-0.0851863	-0.198	0.198
  2860	-0.0840672	-0.198	0.198
  2861	-0.0940856	-0.198	0.198
  2862	-0.0947479	-0.198	0.198
  2863	-0.0784364	-0.198	0.198
  2864	-0.0720716	-0.198	0.198
  2865	-0.0611973	-0.198	0.198
  2866	-0.0952818	-0.198	0.198
  2867	-0.0909848	-0.198	0.198
  2868	-0.0675291	-0.198	0.198
  2869	-0.0838973	-0.198	0.198
  2870	-0.0939785	-0.198	0.198
  2871	-0.0779465	-0.198	0.198
  2872	-0.0945363	-0.198	0.198
  2873	-0.0766431	-0.198	0.198
  2874	-0.0683705	-0.198	0.198
  2875	-0.0585875	-0.198	0.198
  2876	-0.0929644	-0.198	0.198
  2877	-0.0716193	-0.198	0.198
  2878	-0.0965323	-0.198	0.198
  2879	-0.0965198	-0.198	0.198
  2880	-0.0593276	-0.198	0.198
  2881	-0.070543	-0.198	0.198
  2882	-0.0871506	-0.198	0.198
  2883	-0.0850588	-0.198	0.198
  2884	-0.0791384	-0.198	0.198
  2885	-0.0956073	-0.198	0.198
  2886	-0.0517524	-0.198	0.198
  2887	-0.0429265	-0.198	0.198
  2888	-0.0759914	-0.198	0.198
  2889	-0.0718289	-0.198	0.198
  2890	-0.0462975	-0.198	0.198
  2891	-0.0202092	-0.198	0.198
  2892	-0.0962487	-0.198	0.198
  2893	-0.0666857	-0.198	0.198
  2894	-0.0567953	-0.198	0.198
  2895	-0.0345626	-0.198	0.198
  2896	-0.0492009	-0.198	0.198
  2897	-0.0860322	-0.198	0.198
  2898	-0.0978458	-0.198	0.198
  2899	-0.0946138	-0.198	0.198
  2900	-0.0710144	-0.198	0.198
  2901	-0.0983272	-0.198	0.198
  2902	-0.0823748	-0.198	0.198
  2903	-0.0795149	-0.198	0.198
  2904	-0.0480743	-0.198	0.198
  2905	-0.0824499	-0.198	0.198
  2906	-0.0886118	-0.198	0.198
  2907	-0.0692351	-0.198	0.198
  2908	-0.0880988	-0.198	0.198
  2909	-0.0970379	-0.198	0.198
  2910	-0.0685823	-0.198	0.198
  2911	-0.0807662	-0.198	0.198
  2912	-0.0962444	-0.198	0.198
  2913	-0.063102	-0.198	0.198
  2914	-0.0605334	-0.198	0.198
  2915	-0.075482	-0.198	0.198
  2916	-0.0532765	-0.198	0.198
  2917	-0.0976038	-0.198	0.198
  2918	-0.0713217	-0.198	0.198
  2919	-0.0713964	-0.198	0.198
  2920	-0.069506	-0.198	0.198
  2921	-0.0860466	-0.198	0.198
  2922	-0.0895402	-0.198	0.198
  2923	-0.0781306	-0.198	0.198
  2924	-0.0810667	-0.198	0.198
  2925	-0.0951894	-0.198	0.198
  2926	-0.0606884	-0.198	0.198
  2927	-0.0858207	-0.198	0.198
  2928	-0.0903639	-0.198	0.198
  2929	-0.0701858	-0.198	0.198
  2930	-0.09782	-0.198	0.198
  2931	-0.0679232	-0.198	0.198
  2932	-0.0952112	-0.198	0.198
  2933	-0.0169878	-0.198	0.198
  2934	-0.0807521	-0.198	0.198
  2935	-0.070306	-0.198	0.198
  2936	-0.0746871	-0.198	0.198
  2937	-0.0513768	-0.198	0.198
  2938	-0.0612224	-0.198	0.198
  2939	-0.0809412	-0.198	0.198
  2940	-0.0942106	-0.198	0.198
  2941	-0.0802069	-0.198	0.198
  2942	-0.0579018	-0.198	0.198
  2943	-0.0954427	-0.198	0.198
  2944	-0.0719353	-0.198	0.198
  2945	-0.0801866	-0.198	0.198
  2946	-0.0908671	-0.198	0.198
  2947	-0.0694329	-0.198	0.198
  2948	-0.092067	-0.198	0.198
  2949	-0.0702639	-0.198	0.198
  2950	-0.0774937	-0.198	0.198
  2951	-0.0806234	-0.198	0.198
  2952	-0.0831757	-0.198	0.198
  2953	-0.0585014	-0.198	0.198
  2954	-0.0779112	-0.198	0.198
  2955	-0.0826388	-0.198	0.198
  2956	-0.0892668	-0.198	0.198
  2957	-0.043195	-0.198	0.198
  2958	-0.0705651	-0.198	0.198
  2959	-0.085884	-0.198	0.198
  2960	-0.0534313	-0.198	0.198
  2961	-0.0827392	-0.198	0.198
  2962	-0.0733522	-0.198	0.198
  2963	-0.0977025	-0.198	0.198
  2964	-0.097718	-0.198	0.198
  2965	-0.0667836	-0.198	0.198
  2966	-0.0677662	-0.198	0.198
  2967	-0.0491299	-0.198	0.198
  2968	-0.0956187	-0.198	0.198
  2969	-0.0977679	-0.198	0.198
  2970	-0.0769404	-0.198	0.198
  2971	-0.0603979	-0.198	0.198
  2972	-0.0937784	-0.198	0.198
  2973	-0.0625409	-0.198	0.198
  2974	-0.0636333	-0.198	0.198
  2975	-0.0678126	-0.198	0.198
  2976	-0.0828612	-0.198	0.198
  2977	-0.0977635	-0.198	0.198
  2978	-0.0479938	-0.198	0.198
  2979	-0.0721553	-0.198	0.198
  2980	-0.0867032	-0.198	0.198
  2981	-0.0881957	-0.198	0.198
  2982	-0.0851306	-0.198	0.198
  2983	-0.0843032	-0.198	0.198
  2984	-0.0737609	-0.198	0.198
  2985	-0.0853529	-0.198	0.198
  2986	-0.0687775	-0.198	0.198
  2987	-0.0944173	-0.198	0.198
  2988	-0.0926305	-0.198	0.198
  2989	-0.062078	-0.198	0.198
  2990	-0.046134	-0.198	0.198
  2991	-0.0537835	-0.198	0.198
  2992	-0.0802777	-0.198	0.198
  2993	-0.0951345	-0.198	0.198
  2994	-0.0549716	-0.198	0.198
  2995	-0.095596	-0.198	0.198
  2996	-0.0958252	-0.198	0.198
  2997	-0.0385433	-0.198	0.198
  2998	-0.0950976	-0.198	0.198
  2999	-0.0661251	-0.198	0.198
  3000	-0.0897252	-0.198	0.198
  3001	-0.0979326	-0.198	0.198
  3002	-0.0949128	-0.198	0.198
  3003	-0.0773807	-0.198	0.198
  3004	-0.0622834	-0.198	0.198
  3005	-0.082013	-0.198	0.198
  3006	-0.048868	-0.198	0.198
  3007	-0.0688089	-0.198	0.198
  3008	-0.0976525	-0.198	0.198
  3009	-0.0955621	-0.198	0.198
  3010	-0.0739045	-0.198	0.198
  3011	-0.0938765	-0.198	0.198
  3012	-0.096418	-0.198	0.198
  3013	-0.0622396	-0.198	0.198
  3014	-0.0742748	-0.198	0.198
  3015	-0.0798936	-0.198	0.198
  3016	-0.0982665	-0.198	0.198
  3017	-0.0892685	-0.198	0.198
  3018	-0.0520144	-0.198	0.198
  3019	-0.0938496	-0.198	0.198
  3020	-0.0592568	-0.198	0.198
  3021	-0.0617534	-0.198	0.198
  3022	-0.0884055	-0.198	0.198
  3023	-0.0941409	-0.198	0.198
  3024	-0.0923724	-0.198	0.198
  3025	-0.0934833	-0.198	0.198
  3026	-0.0325764	-0.198	0.198
  3027	-0.0499002	-0.198	0.198
  3028	-0.0946649	-0.198	0.198
  3029	-0.0662067	-0.198	0.198
  3030	-0.0891489	-0.198	0.198
  3031	-0.0610115	-0.198	0.198
  3032	-0.06151	-0.198	0.198
  3033	-0.0435418	-0.198	0.198
  3034	-0.087311	-0.198	0.198
  3035	-0.0803242	-0.198	0.198
  3036	-0.0463679	-0.198	0.198
  3037	-0.0723521	-0.198	0.198
  3038	-0.0391905	-0.198	0.198
  3039	-0.0938596	-0.198	0.198
  3040	-0.0796325	-0.198	0.198
  3041	-0.0773345	-0.198	0.198
  3042	-0.0632281	-0.198	0.198
  3043	-0.049205	-0.198	0.198
  3044	-0.0963757	-0.198	0.198
  3045	-0.0968763	-0.198	0.198
  3046	-0.0717002	-0.198	0.198
  3047	-0.0816105	-0.198	0.198
  3048	-0.0757007	-0.198	0.198
  3049	-0.0231054	-0.198	0.198
  3050	-0.0815391	-0.198	0.198
  3051	-0.0962725	-0.198	0.198
  3052	-0.0559206	-0.198	0.198
  3053	-0.0974314	-0.198	0.198
  3054	-0.0200178	-0.198	0.198
  3055	-0.0870794	-0.198	0.198
  3056	-0.0868613	-0.198	0.198
  3057	-0.064694	-0.198	0.198
  3058	-0.0972831	-0.198	0.198
  3059	-0.0588594	-0.198	0.198
  3060	-0.0868576	-0.198	0.198
  3061	-0.0975965	-0.198	0.198
  3062	-0.0657316	-0.198	0.198
  3063	-0.0874431	-0.198	0.198
  3064	-0.0627169	-0.198	0.198
  3065	-0.0644603	-0.198	0.198
  3066	-0.0856814	-0.198	0.198
  3067	-0.047219	-0.198	0.198
  3068	-0.0758153	-0.198	0.198
  3069	-0.0465624	-0.198	0.198
  3070	-0.0968685	-0.198	0.198
  3071	-0.0370766	-0.198	0.198
  3072	-0.0634926	-0.198	0.198
  3073	-0.0914232	-0.198	0.198
  3074	-0.0823521	-0.198	0.198
  3075	-0.0401826	-0.198	0.198
  3076	-0.0754518	-0.198	0.198
  3077	-0.0874541	-0.198	0.198
  3078	-0.0712394	-0.198	0.198
  3079	-0.0968375	-0.198	0.198
  3080	-0.0759939	-0.198	0.198
  3081	-0.0786159	-0.198	0.198
  3082	-0.0956258	-0.198	0.198
  3083	-0.0873512	-0.198	0.198
  3084	-0.0832666	-0.198	0.198
  3085	-0.0947296	-0.198	0.198
  3086	-0.072819	-0.198	0.198
  3087	-0.0895344	-0.198	0.198
  3088	-0.0932991	-0.198	0.198
  3089	-0.0946343	-0.198	0.198
  3090	-0.0980615	-0.198	0.198
  3091	-0.0804804	-0.198	0.198
  3092	-0.0530007	-0.198	0.198
  3093	-0.0825985	-0.198	0.198
  3094	-0.0583908	-0.198	0.198
  3095	-0.0623976	-0.198	0.198
  3096	-0.072121	-0.198	0.198
  3097	-0.0800914	-0.198	0.198
  3098	-0.0978529	-0.198	0.198
  3099	-0.0550606	-0.198	0.198
  3100	-0.0823995	-0.198	0.198
  3101	-0.0537172	-0.198	0.198
  3102	-0.0513403	-0.198	0.198
  3103	-0.057103	-0.198	0.198
  3104	-0.0607475	-0.198	0.198
  3105	-0.0868335	-0.198	0.198
  3106	-0.0872532	-0.198	0.198
  3107	-0.0479669	-0.198	0.198
  3108	-0.0504547	-0.198	0.198
  3109	-0.084189	-0.198	0.198
  3110	-0.0708261	-0.198	0.198
  3111	-0.0648936	-0.198	0.198
  3112	-0.0886762	-0.198	0.198
  3113	-0.0924043	-0.198	0.198
  3114	-0.0966362	-0.198	0.198
  3115	-0.0718066	-0.198	0.198
  3116	-0.0837942	-0.198	0.198
  3117	-0.0765246	-0.198	0.198
  3118	-0.0904648	-0.198	0.198
  3119	-0.0960466	-0.198	0.198
  3120	-0.0976552	-0.198	0.198
  3121	-0.0841619	-0.198	0.198
  3122	-0.0914727	-0.198	0.198
  3123	-0.0827917	-0.198	0.198
  3124	-0.0919501	-0.198	0.198
  3125	-0.0835577	-0.198	0.198
  3126	-0.0644037	-0.198	0.198
  3127	-0.0819987	-0.198	0.198
  3128	-0.0564882	-0.198	0.198
  3129	-0.0628705	-0.198	0.198
  3130	-0.0733731	-0.198	0.198
  3131	-0.0382807	-0.198	0.198
  3132	-0.059615	-0.198	0.198
  3133	-0.0970708	-0.198	0.198
  3134	-0.097461	-0.198	0.198
  3135	-0.0883118	-0.198	0.198
  3136	-0.077708	-0.198	0.198
  3137	-0.0461571	-0.198	0.198
  3138	-0.0927289	-0.198	0.198
  3139	-0.0658449	-0.198	0.198
  3140	-0.0682378	-0.198	0.198
  3141	-0.0804922	-0.198	0.198
  3142	-0.0876425	-0.198	0.198
  3143	-0.058811	-0.198	0.198
  3144	-0.0402867	-0.198	0.198
  3145	-0.0408509	-0.198	0.198
  3146	-0.0520586	-0.198	0.198
  3147	-0.0901509	-0.198	0.198
  3148	-0.0773124	-0.198	0.198
  3149	-0.097429	-0.198	0.198
  3150	-0.08295	-0.198	0.198
  3151	-0.0439371	-0.198	0.198
  3152	-0.0830444	-0.198	0.198
  3153	-0.0952633	-0.198	0.198
  3154	-0.067452	-0.198	0.198
  3155	-0.0677564	-0.198	0.198
  3156	-0.0967845	-0.198	0.198
  3157	-0.0980303	-0.198	0.198
  3158	-0.0619457	-0.198	0.198
  3159	-0.0292234	-0.198	0.198
  3160	-0.0955807	-0.198	0.198
  3161	-0.077009	-0.198	0.198
  3162	-0.0267949	-0.198	0.198
  3163	-0.0826053	-0.198	0.198
  3164	-0.0928824	-0.198	0.198
  3165	-0.0792817	-0.198	0.198
  3166	-0.093868	-0.198	0.198
  3167	-0.061484	-0.198	0.198
  3168	-0.077378	-0.198	0.198
  3169	-0.095586	-0.198	0.198
  3170	-0.073162	-0.198	0.198
  3171	-0.0534528	-0.198	0.198
  3172	-0.0893544	-0.198	0.198
  3173	-0.068963	-0.198	0.198
  3174	-0.0321063	-0.198	0.198
  3175	-0.0739217	-0.198	0.198
  3176	-0.0449941	-0.198	0.198
  3177	-0.0697047	-0.198	0.198
  3178	-0.0643535	-0.198	0.198
  3179	-0.0912923	-0.198	0.198
  3180	-0.0651892	-0.198	0.198
  3181	-0.0928409	-0.198	0.198
  3182	-0.0776739	-0.198	0.198
  3183	-0.0916472	-0.198	0.198
  3184	-0.040524	-0.198	0.198
  3185	-0.07652	-0.198	0.198
  3186	-0.052016	-0.198	0.198
  3187	-0.0907596	-0.198	0.198
  3188	-0.0864808	-0.198	0.198
  3189	-0.0925324	-0.198	0.198
  3190	-0.085548	-0.198	0.198
  3191	-0.0897512	-0.198	0.198
  3192	-0.0674825	-0.198	0.198
  3193	-0.0736464	-0.198	0.198
  3194	-0.0406342	-0.198	0.198
  3195	-0.0435952	-0.198	0.198
  3196	-0.0533733	-0.198	0.198
  3197	-0.0663204	-0.198	0.198
  3198	-0.0957352	-0.198	0.198
  3199	-0.0647298	-0.198	0.198
  3200	-0.0538452	-0.198	0.198
  3201	-0.0596664	-0.198	0.198
  3202	-0.0932563	-0.198	0.198
  3203	-0.0954966	-0.198	0.198
  3204	-0.0869268	-0.198	0.198
  3205	-0.0498473	-0.198	0.198
  3206	-0.0782296	-0.198	0.198
  3207	-0.0935868	-0.198	0.198
  3208	-0.097902	-0.198	0.198
  3209	-0.0906577	-0.198	0.198
  3210	-0.0602073	-0.198	0.198
  3211	-0.0737492	-0.198	0.198
  3212	-0.0446872	-0.198	0.198
  3213	-0.0771907	-0.198	0.198
  3214	-0.0842852	-0.198	0.198
  3215	-0.0876343	-0.198	0.198
  3216	-0.073982	-0.198	0.198
  3217	-0.0617856	-0.198	0.198
  3218	-0.0887571	-0.198	0.198
  3219	-0.0895675	-0.198	0.198
  3220	-0.0974456	-0.198	0.198
  3221	-0.0949359	-0.198	0.198
  3222	-0.0822205	-0.198	0.198
  3223	-0.0975771	-0.198	0.198
  3224	-0.085245	-0.198	0.198
  3225	-0.0389575	-0.198	0.198
  3226	-0.0800313	-0.198	0.198
  3227	-0.0876472	-0.198	0.198
  3228	-0.0817919	-0.198	0.198
  3229	-0.0934387	-0.198	0.198
  3230	-0.0774072	-0.198	0.198
  3231	-0.0685987	-0.198	0.198
  3232	-0.0873092	-0.198	0.198
  3233	-0.0954745	-0.198	0.198
  3234	-0.0824545	-0.198	0.198
  3235	-0.0617523	-0.198	0.198
  3236	-0.0777889	-0.198	0.198
  3237	-0.0790342	-0.198	0.198
  3238	-0.0521696	-0.198	0.198
  3239	-0.0963429	-0.198	0.198
  3240	-0.0832798	-0.198	0.198
  3241	-0.0854696	-0.198	0.198
  3242	-0.0545806	-0.198	0.198
  3243	-0.0668174	-0.198	0.198
  3244	-0.0667232	-0.198	0.198
  3245	-0.0450321	-0.198	0.198
  3246	-0.0786944	-0.198	0.198
  3247	-0.069386	-0.198	0.198
  3248	-0.0670167	-0.198	0.198
  3249	-0.0792615	-0.198	0.198
  3250	-0.0485252	-0.198	0.198
  3251	-0.0845221	-0.198	0.198
  3252	-0.0679375	-0.198	0.198
  3253	-0.0761124	-0.198	0.198
  3254	-0.071707	-0.198	0.198
  3255	-0.0435389	-0.198	0.198
  3256	-0.0979314	-0.198	0.198
  3257	-0.0831021	-0.198	0.198
  3258	-0.0614124	-0.198	0.198
  3259	-0.076637	-0.198	0.198
  3260	-0.0781458	-0.198	0.198
  3261	-0.0720667	-0.198	0.198
  3262	-0.09014	-0.198	0.198
  3263	-0.0888381	-0.198	0.198
  3264	-0.0817674	-0.198	0.198
  3265	-0.0963444	-0.198	0.198
  3266	-0.0614535	-0.198	0.198
  3267	-0.0843964	-0.198	0.198
  3268	-0.0600401	-0.198	0.198
  3269	-0.0755276	-0.198	0.198
  3270	-0.0899913	-0.198	0.198
  3271	-0.0928319	-0.198	0.198
  3272	-0.0518437	-0.198	0.198
  3273	-0.0436609	-0.198	0.198
  3274	-0.0911148	-0.198	0.198
  3275	-0.0711361	-0.198	0.198
  3276	-0.0798794	-0.198	0.198
  3277	-0.0788628	-0.198	0.198
  3278	-0.0921962	-0.198	0.198
  3279	-0.0486743	-0.198	0.198
  3280	-0.0979079	-0.198	0.198
  3281	-0.0895292	-0.198	0.198
  3282	-0.0547788	-0.198	0.198
  3283	-0.0929464	-0.198	0.198
  3284	-0.074409	-0.198	0.198
  3285	-0.0816784	-0.198	0.198
  3286	-0.0856323	-0.198	0.198
  3287	-0.0497823	-0.198	0.198
  3288	-0.0863961	-0.198	0.198
  3289	-0.0907076	-0.198	0.198
  3290	-0.0972286	-0.198	0.198
  3291	-0.067278	-0.198	0.198
  3292	-0.0655407	-0.198	0.198
  3293	-0.062117	-0.198	0.198
  3294	-0.0495181	-0.198	0.198
  3295	-0.0531305	-0.198	0.198
  3296	-0.0497879	-0.198	0.198
  3297	-0.0978148	-0.198	0.198
  3298	-0.0887445	-0.198	0.198
  3299	-0.0968079	-0.198	0.198
  3300	-0.0630643	-0.198	0.198
  3301	-0.0579549	-0.198	0.198
  3302	-0.0754948	-0.198	0.198
  3303	-0.0780058	-0.198	0.198
  3304	-0.04489	-0.198	0.198
  3305	-0.068482	-0.198	0.198
  3306	-0.0377064	-0.198	0.198
  3307	-0.0945735	-0.198	0.198
  3308	-0.0724875	-0.198	0.198
  3309	-0.0816866	-0.198	0.198
  3310	-0.0965661	-0.198	0.198
  3311	-0.0831171	-0.198	0.198
  3312	-0.095865	-0.198	0.198
  3313	-0.0976773	-0.198	0.198
  3314	-0.0602945	-0.198	0.198
  3315	-0.0455314	-0.198	0.198
  3316	-0.0599573	-0.198	0.198
  3317	-0.0917356	-0.198	0.198
  3318	-0.0868902	-0.198	0.198
  3319	-0.0628929	-0.198	0.198
  3320	-0.0951655	-0.198	0.198
  3321	-0.0635222	-0.198	0.198
  3322	-0.0565228	-0.198	0.198
  3323	-0.0964004	-0.198	0.198
  3324	-0.0470329	-0.198	0.198
  3325	-0.0380416	-0.198	0.198
  3326	-0.0742285	-0.198	0.198
  3327	-0.0824438	-0.198	0.198
  3328	-0.0875697	-0.198	0.198
  3329	-0.0706812	-0.198	0.198
  3330	-0.0951366	-0.198	0.198
  3331	-0.0831122	-0.198	0.198
  3332	-0.0851453	-0.198	0.198
  3333	-0.0907924	-0.198	0.198
  3334	-0.0920854	-0.198	0.198
  3335	-0.0900295	-0.198	0.198
  3336	-0.0565403	-0.198	0.198
  3337	-0.0964112	-0.198	0.198
  3338	-0.0969064	-0.198	0.198
  3339	-0.0819995	-0.198	0.198
  3340	-0.0720491	-0.198	0.198
  3341	-0.0734991	-0.198	0.198
  3342	-0.0938282	-0.198	0.198
  3343	-0.0515132	-0.198	0.198
  3344	-0.023301	-0.198	0.198
  3345	-0.0825371	-0.198	0.198
  3346	-0.0676886	-0.198	0.198
  3347	-0.0906343	-0.198	0.198
  3348	-0.0918633	-0.198	0.198
  3349	-0.0861482	-0.198	0.198
  3350	-0.0834065	-0.198	0.198
  3351	-0.0626336	-0.198	0.198
  3352	-0.0939982	-0.198	0.198
  3353	-0.0723968	-0.198	0.198
  3354	-0.0777437	-0.198	0.198
  3355	-0.0778574	-0.198	0.198
  3356	-0.0738679	-0.198	0.198
  3357	-0.0177376	-0.198	0.198
  3358	-0.0741293	-0.198	0.198
  3359	-0.0767151	-0.198	0.198
  3360	-0.0963233	-0.198	0.198
  3361	-0.0850909	-0.198	0.198
  3362	-0.0648211	-0.198	0.198
  3363	-0.0855851	-0.198	0.198
  3364	-0.0851145	-0.198	0.198
  3365	-0.0765419	-0.198	0.198
  3366	-0.0818926	-0.198	0.198
  3367	-0.0680508	-0.198	0.198
  3368	-0.0767072	-0.198	0.198
  3369	-0.0702266	-0.198	0.198
  3370	-0.0718606	-0.198	0.198
  3371	-0.0489432	-0.198	0.198
  3372	-0.067755	-0.198	0.198
  3373	-0.0648496	-0.198	0.198
  3374	-0.0719929	-0.198	0.198
  3375	-0.0429545	-0.198	0.198
  3376	-0.0412815	-0.198	0.198
  3377	-0.0950335	-0.198	0.198
  3378	-0.089708	-0.198	0.198
  3379	-0.0908324	-0.198	0.198
  3380	-0.0505329	-0.198	0.198
  3381	-0.097386	-0.198	0.198
  3382	-0.0805236	-0.198	0.198
  3383	-0.0630458	-0.198	0.198
  3384	-0.0858057	-0.198	0.198
  3385	-0.0532404	-0.198	0.198
  3386	-0.032818	-0.198	0.198
  3387	-0.0851996	-0.198	0.198
  3388	-0.0653059	-0.198	0.198
  3389	-0.0669084	-0.198	0.198
  3390	-0.03582	-0.198	0.198
  3391	-0.094499	-0.198	0.198
  3392	-0.0971483	-0.198	0.198
  3393	-0.0862197	-0.198	0.198
  3394	-0.0915044	-0.198	0.198
  3395	-0.0867342	-0.198	0.198
  3396	-0.0977905	-0.198	0.198
  3397	-0.0362174	-0.198	0.198
  3398	-0.089729	-0.198	0.198
  3399	-0.0624865	-0.198	0.198
  3400	-0.0635556	-0.198	0.198
  3401	-0.0707517	-0.198	0.198
  3402	-0.0981575	-0.198	0.198
  3403	-0.0553398	-0.198	0.198
  3404	-0.0644107	-0.198	0.198
  3405	-0.0542827	-0.198	0.198
  3406	-0.0976323	-0.198	0.198
  3407	-0.0599719	-0.198	0.198
  3408	-0.0834147	-0.198	0.198
  3409	-0.0790725	-0.198	0.198
  3410	-0.0182675	-0.198	0.198
  3411	-0.066361	-0.198	0.198
  3412	-0.0457956	-0.198	0.198
  3413	-0.0761927	-0.198	0.198
  3414	-0.0961302	-0.198	0.198
  3415	-0.0698059	-0.198	0.198
  3416	-0.0656539	-0.198	0.198
  3417	-0.0915165	-0.198	0.198
  3418	-0.0970372	-0.198	0.198
  3419	-0.0284601	-0.198	0.198
  3420	-0.0747245	-0.198	0.198
  3421	-0.0623973	-0.198	0.198
  3422	-0.0734232	-0.198	0.198
  3423	-0.0369188	-0.198	0.198
  3424	-0.0696987	-0.198	0.198
  3425	-0.0881564	-0.198	0.198
  3426	-0.0690991	-0.198	0.198
  3427	-0.085897	-0.198	0.198
  3428	-0.0650995	-0.198	0.198
  3429	-0.0891605	-0.198	0.198
  3430	-0.0920698	-0.198	0.198
  3431	-0.072923	-0.198	0.198
  3432	-0.0857407	-0.198	0.198
  3433	-0.0774061	-0.198	0.198
  3434	-0.0795645	-0.198	0.198
  3435	-0.0664962	-0.198	0.198
  3436	-0.0910168	-0.198	0.198
  3437	-0.0526712	-0.198	0.198
  3438	-0.0858093	-0.198	0.198
  3439	-0.060285	-0.198	0.198
  3440	-0.0850422	-0.198	0.198
  3441	-0.0607616	-0.198	0.198
  3442	-0.0789391	-0.198	0.198
  3443	-0.0889218	-0.198	0.198
  3444	-0.0837115	-0.198	0.198
  3445	-0.0929067	-0.198	0.198
  3446	-0.0688077	-0.198	0.198
  3447	-0.0821393	-0.198	0.198
  3448	-0.0896432	-0.198	0.198
  3449	-0.0178599	-0.198	0.198
  3450	-0.0880194	-0.198	0.198
  3451	-0.0888041	-0.198	0.198
  3452	-0.0549301	-0.198	0.198
  3453	-0.0899156	-0.198	0.198
  3454	-0.0500026	-0.198	0.198
  3455	-0.0917975	-0.198	0.198
  3456	-0.0826446	-0.198	0.198
  3457	-0.0886351	-0.198	0.198
  3458	-0.0150717	-0.198	0.198
  3459	-0.0784306	-0.198	0.198
  3460	-0.0923416	-0.198	0.198
  3461	-0.0495648	-0.198	0.198
  3462	-0.0834072	-0.198	0.198
  3463	-0.0607596	-0.198	0.198
  3464	-0.0471969	-0.198	0.198
  3465	-0.0620896	-0.198	0.198
  3466	-0.0863395	-0.198	0.198
  3467	-0.0970982	-0.198	0.198
  3468	-0.0881966	-0.198	0.198
  3469	-0.0615204	-0.198	0.198
  3470	-0.095756	-0.198	0.198
  3471	-0.0964275	-0.198	0.198
  3472	-0.0682079	-0.198	0.198
  3473	-0.0740056	-0.198	0.198
  3474	-0.0896063	-0.198	0.198
  3475	-0.0415964	-0.198	0.198
  3476	-0.0719841	-0.198	0.198
  3477	-0.0602214	-0.198	0.198
  3478	-0.0880797	-0.198	0.198
  3479	-0.0626186	-0.198	0.198
  3480	-0.0967878	-0.198	0.198
  3481	-0.034153	-0.198	0.198
  3482	-0.0449151	-0.198	0.198
  3483	-0.0953514	-0.198	0.198
  3484	-0.091087	-0.198	0.198
  3485	-0.0950171	-0.198	0.198
  3486	-0.076245	-0.198	0.198
  3487	-0.0942566	-0.198	0.198
  3488	-0.0657115	-0.198	0.198
  3489	-0.0626511	-0.198	0.198
  3490	-0.0937193	-0.198	0.198
  3491	-0.0916272	-0.198	0.198
  3492	-0.0662509	-0.198	0.198
  3493	-0.0303997	-0.198	0.198
  3494	-0.0732669	-0.198	0.198
  3495	-0.0788146	-0.198	0.198
  3496	-0.0847191	-0.198	0.198
  3497	-0.0516397	-0.198	0.198
  3498	-0.0808953	-0.198	0.198
  3499	-0.0969508	-0.198	0.198
  3500	-0.0970871	-0.198	0.198
  3501	-0.0943121	-0.198	0.198
  3502	-0.0757448	-0.198	0.198
  3503	-0.0830325	-0.198	0.198
  3504	-0.0709282	-0.198	0.198
  3505	-0.0718021	-0.198	0.198
  3506	-0.0846231	-0.198	0.198
  3507	-0.0650571	-0.198	0.198
  3508	-0.0731274	-0.198	0.198
  3509	-0.054591	-0.198	0.198
  3510	-0.0616569	-0.198	0.198
  3511	-0.049974	-0.198	0.198
  3512	-0.084262	-0.198	0.198
  3513	-0.0950735	-0.198	0.198
  3514	-0.0622114	-0.198	0.198
  3515	-0.082575	-0.198	0.198
  3516	-0.0971367	-0.198	0.198
  3517	-0.0583617	-0.198	0.198
  3518	-0.0957917	-0.198	0.198
  3519	-0.0343521	-0.198	0.198
  3520	-0.0734904	-0.198	0.198
  3521	-0.0761212	-0.198	0.198
  3522	-0.0666562	-0.198	0.198
  3523	-0.0801291	-0.198	0.198
  3524	-0.0657208	-0.198	0.198
  3525	-0.079493	-0.198	0.198
  3526	-0.070584	-0.198	0.198
  3527	-0.0434714	-0.198	0.198
  3528	-0.0979874	-0.198	0.198
  3529	-0.0948163	-0.198	0.198
  3530	-0.094685	-0.198	0.198
  3531	-0.0972073	-0.198	0.198
  3532	-0.0727863	-0.198	0.198
  3533	-0.0977176	-0.198	0.198
  3534	-0.096372	-0.198	0.198
  3535	-0.0693093	-0.198	0.198
  3536	-0.0625575	-0.198	0.198
  3537	-0.0442398	-0.198	0.198
  3538	-0.0799606	-0.198	0.198
  3539	-0.0952612	-0.198	0.198
  3540	-0.0633824	-0.198	0.198
  3541	-0.0923246	-0.198	0.198
  3542	-0.0666739	-0.198	0.198
  3543	-0.0420374	-0.198	0.198
  3544	-0.0380765	-0.198	0.198
  3545	-0.0605383	-0.198	0.198
  3546	-0.0947899	-0.198	0.198
  3547	-0.0822687	-0.198	0.198
  3548	-0.0904412	-0.198	0.198
  3549	-0.0652722	-0.198	0.198
  3550	-0.0767935	-0.198	0.198
  3551	-0.091057	-0.198	0.198
  3552	-0.0703914	-0.198	0.198
  3553	-0.0806189	-0.198	0.198
  3554	-0.0738151	-0.198	0.198
  3555	-0.0560215	-0.198	0.198
  3556	-0.095256	-0.198	0.198
  3557	-0.0913183	-0.198	0.198
  3558	-0.0954167	-0.198	0.198
  3559	-0.0603846	-0.198	0.198
  3560	-0.0451097	-0.198	0.198
  3561	-0.0376391	-0.198	0.198
  3562	-0.082444	-0.198	0.198
  3563	-0.0395794	-0.198	0.198
  3564	-0.0680392	-0.198	0.198
  3565	-0.0346176	-0.198	0.198
  3566	-0.0974621	-0.198	0.198
  3567	-0.0832678	-0.198	0.198
  3568	-0.0686148	-0.198	0.198
  3569	-0.0949543	-0.198	0.198
  3570	-0.0904246	-0.198	0.198
  3571	-0.0838619	-0.198	0.198
  3572	-0.0871232	-0.198	0.198
  3573	-0.075359	-0.198	0.198
  3574	-0.0937043	-0.198	0.198
  3575	-0.0298363	-0.198	0.198
  3576	-0.0757	-0.198	0.198
  3577	-0.0978321	-0.198	0.198
  3578	-0.0826818	-0.198	0.198
  3579	-0.0808656	-0.198	0.198
  3580	-0.0931457	-0.198	0.198
  3581	-0.0724986	-0.198	0.198
  3582	-0.0880836	-0.198	0.198
  3583	-0.0776938	-0.198	0.198
  3584	-0.0650299	-0.198	0.198
  3585	-0.0792646	-0.198	0.198
  3586	-0.0917387	-0.198	0.198
  3587	-0.0944918	-0.198	0.198
  3588	-0.0642445	-0.198	0.198
  3589	-0.0930357	-0.198	0.198
  3590	-0.0857318	-0.198	0.198
  3591	-0.0512078	-0.198	0.198
  3592	-0.0796018	-0.198	0.198
  3593	-0.071388	-0.198	0.198
  3594	-0.0562719	-0.198	0.198
  3595	-0.0257912	-0.198	0.198
  3596	-0.097763	-0.198	0.198
  3597	-0.0849808	-0.198	0.198
  3598	-0.0963378	-0.198	0.198
  3599	-0.0680386	-0.198	0.198
  3600	-0.0733042	-0.198	0.198
  3601	-0.0596862	-0.198	0.198
  3602	-0.0539785	-0.198	0.198
  3603	-0.0823738	-0.198	0.198
  3604	-0.0537384	-0.198	0.198
  3605	-0.0961414	-0.198	0.198
  3606	-0.0947042	-0.198	0.198
  3607	-0.090214	-0.198	0.198
  3608	-0.0857718	-0.198	0.198
  3609	-0.0697362	-0.198	0.198
  3610	-0.0871647	-0.198	0.198
  3611	-0.0650058	-0.198	0.198
  3612	-0.0645512	-0.198	0.198
  3613	-0.0618016	-0.198	0.198
  3614	-0.0504823	-0.198	0.198
  3615	-0.0763097	-0.198	0.198
  3616	-0.0971505	-0.198	0.198
  3617	-0.078096	-0.198	0.198
  3618	-0.0769603	-0.198	0.198
  3619	-0.0727742	-0.198	0.198
  3620	-0.071813	-0.198	0.198
  3621	-0.0469229	-0.198	0.198
  3622	-0.071747	-0.198	0.198
  3623	-0.082198	-0.198	0.198
  3624	-0.0982064	-0.198	0.198
  3625	-0.027367	-0.198	0.198
  3626	-0.0373503	-0.198	0.198
  3627	-0.0757697	-0.198	0.198
  3628	-0.0466893	-0.198	0.198
  3629	-0.0437868	-0.198	0.198
  3630	-0.078955	-0.198	0.198
  3631	-0.0669247	-0.198	0.198
  3632	-0.0979155	-0.198	0.198
  3633	-0.0659878	-0.198	0.198
  3634	-0.061956	-0.198	0.198
  3635	-0.0725834	-0.198	0.198
  3636	-0.0496669	-0.198	0.198
  3637	-0.0501252	-0.198	0.198
  3638	-0.0862885	-0.198	0.198
  3639	-0.0853784	-0.198	0.198
  3640	-0.0840205	-0.198	0.198
  3641	-0.0646299	-0.198	0.198
  3642	-0.0977358	-0.198	0.198
  3643	-0.073471	-0.198	0.198
  3644	-0.0630808	-0.198	0.198
  3645	-0.0848658	-0.198	0.198
  3646	-0.0848271	-0.198	0.198
  3647	-0.0769165	-0.198	0.198
  3648	-0.0803415	-0.198	0.198
  3649	-0.0824206	-0.198	0.198
  3650	-0.0819547	-0.198	0.198
  3651	-0.0796375	-0.198	0.198
  3652	-0.0681935	-0.198	0.198
  3653	-0.058627	-0.198	0.198
  3654	-0.0866113	-0.198	0.198
  3655	-0.0670954	-0.198	0.198
  3656	-0.0972097	-0.198	0.198
  3657	-0.0154143	-0.198	0.198
  3658	-0.0915065	-0.198	0.198
  3659	-0.0814003	-0.198	0.198
  3660	-0.0969833	-0.198	0.198
  3661	-0.098512	-0.198	0.198
  3662	-0.0954994	-0.198	0.198
  3663	-0.0973742	-0.198	0.198
  3664	-0.0548486	-0.198	0.198
  3665	-0.0839832	-0.198	0.198
  3666	-0.0941517	-0.198	0.198
  3667	-0.0534829	-0.198	0.198
  3668	-0.0909821	-0.198	0.198
  3669	-0.0822626	-0.198	0.198
  3670	-0.0910815	-0.198	0.198
  3671	-0.0537002	-0.198	0.198
  3672	-0.0967996	-0.198	0.198
  3673	-0.0551214	-0.198	0.198
  3674	-0.0935233	-0.198	0.198
  3675	-0.0790251	-0.198	0.198
  3676	-0.0784205	-0.198	0.198
  3677	-0.0144052	-0.198	0.198
  3678	-0.09559	-0.198	0.198
  3679	-0.0869365	-0.198	0.198
  3680	-0.0809827	-0.198	0.198
  3681	-0.0702406	-0.198	0.198
  3682	-0.0764971	-0.198	0.198
  3683	-0.0945027	-0.198	0.198
  3684	-0.0610047	-0.198	0.198
  3685	-0.0931537	-0.198	0.198
  3686	-0.0787828	-0.198	0.198
  3687	-0.0870886	-0.198	0.198
  3688	-0.0446853	-0.198	0.198
  3689	-0.0939433	-0.198	0.198
  3690	-0.083494	-0.198	0.198
  3691	-0.0973133	-0.198	0.198
  3692	-0.0881992	-0.198	0.198
  3693	-0.0646881	-0.198	0.198
  3694	-0.0655153	-0.198	0.198
  3695	-0.0980275	-0.198	0.198
  3696	-0.0831566	-0.198	0.198
  3697	-0.0899612	-0.198	0.198
  3698	-0.0809923	-0.198	0.198
  3699	-0.0696046	-0.198	0.198
  3700	-0.080711	-0.198	0.198
  3701	-0.036728	-0.198	0.198
  3702	-0.0858516	-0.198	0.198
  3703	-0.0392328	-0.198	0.198
  3704	-0.0540955	-0.198	0.198
  3705	-0.093945	-0.198	0.198
  3706	-0.0710183	-0.198	0.198
  3707	-0.0146154	-0.198	0.198
  3708	-0.0550195	-0.198	0.198
  3709	-0.0239142	-0.198	0.198
  3710	-0.0937419	-0.198	0.198
  3711	-0.0851267	-0.198	0.198
  3712	-0.0711197	-0.198	0.198
  3713	-0.0661911	-0.198	0.198
  3714	-0.0718312	-0.198	0.198
  3715	-0.0742198	-0.198	0.198
  3716	-0.0945324	-0.198	0.198
  3717	-0.0645037	-0.198	0.198
  3718	-0.0908265	-0.198	0.198
  3719	-0.0977146	-0.198	0.198
  3720	-0.0685489	-0.198	0.198
  3721	-0.0935182	-0.198	0.198
  3722	-0.0944954	-0.198	0.198
  3723	-0.0532594	-0.198	0.198
  3724	-0.0484438	-0.198	0.198
  3725	-0.0609808	-0.198	0.198
  3726	-0.0955489	-0.198	0.198
  3727	-0.0780826	-0.198	0.198
  3728	-0.0646336	-0.198	0.198
  3729	-0.0348832	-0.198	0.198
  3730	-0.0633444	-0.198	0.198
  3731	-0.0978636	-0.198	0.198
  3732	-0.086236	-0.198	0.198
  3733	-0.0579739	-0.198	0.198
  3734	-0.0610859	-0.198	0.198
  3735	-0.0959539	-0.198	0.198
  3736	-0.0985577	-0.198	0.198
  3737	-0.0587911	-0.198	0.198
  3738	-0.0707309	-0.198	0.198
  3739	-0.0871115	-0.198	0.198
  3740	-0.083471	-0.198	0.198
  3741	-0.0454303	-0.198	0.198
  3742	-0.0840957	-0.198	0.198
  3743	-0.0789596	-0.198	0.198
  3744	-0.083354	-0.198	0.198
  3745	-0.0777718	-0.198	0.198
  3746	-0.0673642	-0.198	0.198
  3747	-0.0861422	-0.198	0.198
  3748	-0.0649147	-0.198	0.198
  3749	-0.0560414	-0.198	0.198
  3750	-0.0788234	-0.198	0.198
  3751	-0.0794831	-0.198	0.198
  3752	-0.0439798	-0.198	0.198
  3753	-0.0975641	-0.198	0.198
  3754	-0.0518174	-0.198	0.198
  3755	-0.0783294	-0.198	0.198
  3756	-0.0974505	-0.198	0.198
  3757	-0.0850524	-0.198	0.198
  3758	-0.0940054	-0.198	0.198
  3759	-0.036555	-0.198	0.198
  3760	-0.079188	-0.198	0.198
  3761	-0.0781838	-0.198	0.198
  3762	-0.0862658	-0.198	0.198
  3763	-0.0958122	-0.198	0.198
  3764	-0.0839052	-0.198	0.198
  3765	-0.0510245	-0.198	0.198
  3766	-0.0938854	-0.198	0.198
  3767	-0.0798312	-0.198	0.198
  3768	-0.0966905	-0.198	0.198
  3769	-0.0963527	-0.198	0.198
  3770	-0.0924248	-0.198	0.198
  3771	-0.0929903	-0.198	0.198
  3772	-0.0920967	-0.198	0.198
  3773	-0.0888495	-0.198	0.198
  3774	-0.0968588	-0.198	0.198
  3775	-0.0960656	-0.198	0.198
  3776	-0.05417	-0.198	0.198
  3777	-0.0900331	-0.198	0.198
  3778	-0.0742743	-0.198	0.198
  3779	-0.0706533	-0.198	0.198
  3780	-0.0900258	-0.198	0.198
  3781	-0.0952719	-0.198	0.198
  3782	-0.0861823	-0.198	0.198
  3783	-0.0851171	-0.198	0.198
  3784	-0.0831133	-0.198	0.198
  3785	-0.0607804	-0.198	0.198
  3786	-0.0728357	-0.198	0.198
  3787	-0.0409762	-0.198	0.198
  3788	-0.0858233	-0.198	0.198
  3789	-0.0695086	-0.198	0.198
  3790	-0.0569422	-0.198	0.198
  3791	-0.082275	-0.198	0.198
  3792	-0.0782735	-0.198	0.198
  3793	-0.0642151	-0.198	0.198
  3794	-0.0612646	-0.198	0.198
  3795	-0.0797418	-0.198	0.198
  3796	-0.0885237	-0.198	0.198
  3797	-0.0817818	-0.198	0.198
  3798	-0.0545231	-0.198	0.198
  3799	-0.0862511	-0.198	0.198
  3800	-0.0762944	-0.198	0.198
  3801	-0.0898142	-0.198	0.198
  3802	-0.061264	-0.198	0.198
  3803	-0.0968753	-0.198	0.198
  3804	-0.080124	-0.198	0.198
  3805	-0.0704811	-0.198	0.198
  3806	-0.0973738	-0.198	0.198
  3807	-0.069078	-0.198	0.198
  3808	-0.0870587	-0.198	0.198
  3809	-0.0811489	-0.198	0.198
  3810	-0.0795237	-0.198	0.198
  3811	-0.0848865	-0.198	0.198
  3812	-0.0599606	-0.198	0.198
  3813	-0.02162	-0.198	0.198
  3814	-0.0931736	-0.198	0.198
  3815	-0.0975242	-0.198	0.198
  3816	-0.0663053	-0.198	0.198
  3817	-0.0433513	-0.198	0.198
  3818	-0.0419778	-0.198	0.198
  3819	-0.0738032	-0.198	0.198
  3820	-0.0977743	-0.198	0.198
  3821	-0.0851375	-0.198	0.198
  3822	-0.0479649	-0.198	0.198
  3823	-0.0955271	-0.198	0.198
  3824	-0.0915696	-0.198	0.198
  3825	-0.0727363	-0.198	0.198
  3826	-0.0966233	-0.198	0.198
  3827	-0.0622075	-0.198	0.198
  3828	-0.0577604	-0.198	0.198
  3829	-0.0591941	-0.198	0.198
  3830	-0.0847636	-0.198	0.198
  3831	-0.0979865	-0.198	0.198
  3832	-0.0659532	-0.198	0.198
  3833	-0.0866818	-0.198	0.198
  3834	-0.0847515	-0.198	0.198
  3835	-0.0556468	-0.198	0.198
  3836	-0.0290779	-0.198	0.198
  3837	-0.071236	-0.198	0.198
  3838	-0.0804562	-0.198	0.198
  3839	-0.083473	-0.198	0.198
  3840	-0.0902277	-0.198	0.198
  3841	-0.0858832	-0.198	0.198
  3842	-0.0804116	-0.198	0.198
  3843	-0.0632587	-0.198	0.198
  3844	-0.0879074	-0.198	0.198
  3845	-0.0734777	-0.198	0.198
  3846	-0.0620502	-0.198	0.198
  3847	-0.0973038	-0.198	0.198
  3848	-0.0676644	-0.198	0.198
  3849	-0.0555946	-0.198	0.198
  3850	-0.0848249	-0.198	0.198
  3851	-0.0978041	-0.198	0.198
  3852	-0.0885299	-0.198	0.198
  3853	-0.093605	-0.198	0.198
  3854	-0.0972454	-0.198	0.198
  3855	-0.0970503	-0.198	0.198
  3856	-0.0888087	-0.198	0.198
  3857	-0.09799	-0.198	0.198
  3858	-0.0647391	-0.198	0.198
  3859	-0.0840051	-0.198	0.198
  3860	-0.0542356	-0.198	0.198
  3861	-0.0927917	-0.198	0.198
  3862	-0.0850406	-0.198	0.198
  3863	-0.0683401	-0.198	0.198
  3864	-0.0925409	-0.198	0.198
  3865	-0.0911969	-0.198	0.198
  3866	-0.0928898	-0.198	0.198
  3867	-0.0614273	-0.198	0.198
  3868	-0.0798463	-0.198	0.198
  3869	-0.054622	-0.198	0.198
  3870	-0.0618867	-0.198	0.198
  3871	-0.0952834	-0.198	0.198
  3872	-0.0875452	-0.198	0.198
  3873	-0.0543599	-0.198	0.198
  3874	-0.0845262	-0.198	0.198
  3875	-0.0720134	-0.198	0.198
  3876	-0.0798262	-0.198	0.198
  3877	-0.0823839	-0.198	0.198
  3878	-0.0956834	-0.198	0.198
  3879	-0.0603503	-0.198	0.198
  3880	-0.0713317	-0.198	0.198
  3881	-0.0437291	-0.198	0.198
  3882	-0.0692566	-0.198	0.198
  3883	-0.0661596	-0.198	0.198
  3884	-0.0725597	-0.198	0.198
  3885	-0.0977241	-0.198	0.198
  3886	-0.0474295	-0.198	0.198
  3887	-0.0597394	-0.198	0.198
  3888	-0.0696801	-0.198	0.198
  3889	-0.0968656	-0.198	0.198
  3890	-0.0886046	-0.198	0.198
  3891	-0.0473973	-0.198	0.198
  3892	-0.0606339	-0.198	0.198
  3893	-0.0392206	-0.198	0.198
  3894	-0.0956565	-0.198	0.198
  3895	-0.0962509	-0.198	0.198
  3896	-0.0667442	-0.198	0.198
  3897	-0.0605339	-0.198	0.198
  3898	-0.0952835	-0.198	0.198
  3899	-0.0880927	-0.198	0.198
  3900	-0.0633562	-0.198	0.198
  3901	-0.0958992	-0.198	0.198
  3902	-0.0714989	-0.198	0.198
  3903	-0.0503184	-0.198	0.198
  3904	-0.0811256	-0.198	0.198
  3905	-0.0577918	-0.198	0.198
  3906	-0.0838421	-0.198	0.198
  3907	-0.0663057	-0.198	0.198
  3908	-0.0716877	-0.198	0.198
  3909	-0.0935569	-0.198	0.198
  3910	-0.0811109	-0.198	0.198
  3911	-0.0930387	-0.198	0.198
  3912	-0.0969402	-0.198	0.198
  3913	-0.0763771	-0.198	0.198
  3914	-0.0637518	-0.198	0.198
  3915	-0.0916423	-0.198	0.198
  3916	-0.0966008	-0.198	0.198
  3917	-0.0919265	-0.198	0.198
  3918	-0.0700255	-0.198	0.198
  3919	-0.0581612	-0.198	0.198
  3920	-0.0969477	-0.198	0.198
  3921	-0.0786521	-0.198	0.198
  3922	-0.0873127	-0.198	0.198
  3923	-0.0949918	-0.198	0.198
  3924	-0.0792882	-0.198	0.198
  3925	-0.097248	-0.198	0.198
  3926	-0.0582722	-0.198	0.198
  3927	-0.0837955	-0.198	0.198
  3928	-0.0978416	-0.198	0.198
  3929	-0.0947816	-0.198	0.198
  3930	-0.0925089	-0.198	0.198
  3931	-0.0860529	-0.198	0.198
  3932	-0.0696626	-0.198	0.198
  3933	-0.0440071	-0.198	0.198
  3934	-0.0904074	-0.198	0.198
  3935	-0.0926442	-0.198	0.198
  3936	-0.0550869	-0.198	0.198
  3937	-0.0568496	-0.198	0.198
  3938	-0.092472	-0.198	0.198
  3939	-0.0909455	-0.198	0.198
  3940	-0.0962786	-0.198	0.198
  3941	-0.094628	-0.198	0.198
  3942	-0.0665912	-0.198	0.198
  3943	-0.0930949	-0.198	0.198
  3944	-0.0506412	-0.198	0.198
  3945	-0.0910283	-0.198	0.198
  3946	-0.0840705	-0.198	0.198
  3947	-0.0787762	-0.198	0.198
  3948	-0.0969742	-0.198	0.198
  3949	-0.0726395	-0.198	0.198
  3950	-0.036201	-0.198	0.198
  3951	-0.0722763	-0.198	0.198
  3952	-0.0930526	-0.198	0.198
  3953	-0.0909086	-0.198	0.198
  3954	-0.0965547	-0.198	0.198
  3955	-0.0833013	-0.198	0.198
  3956	-0.0862311	-0.198	0.198
  3957	-0.0659321	-0.198	0.198
  3958	-0.0932034	-0.198	0.198
  3959	-0.0368217	-0.198	0.198
  3960	-0.0952012	-0.198	0.198
  3961	-0.0976273	-0.198	0.198
  3962	-0.0716271	-0.198	0.198
  3963	-0.0914734	-0.198	0.198
  3964	-0.0540906	-0.198	0.198
  3965	-0.0572321	-0.198	0.198
  3966	-0.036819	-0.198	0.198
  3967	-0.0289108	-0.198	0.198
  3968	-0.0594043	-0.198	0.198
  3969	-0.0976982	-0.198	0.198
  3970	-0.0834923	-0.198	0.198
  3971	-0.0843221	-0.198	0.198
  3972	-0.0226533	-0.198	0.198
  3973	-0.0807813	-0.198	0.198
  3974	-0.0763083	-0.198	0.198
  3975	-0.0948619	-0.198	0.198
  3976	-0.0943731	-0.198	0.198
  3977	-0.095823	-0.198	0.198
  3978	-0.0678116	-0.198	0.198
  3979	-0.0864175	-0.198	0.198
  3980	-0.095309	-0.198	0.198
  3981	-0.0790749	-0.198	0.198
  3982	-0.0596924	-0.198	0.198
  3983	-0.06565	-0.198	0.198
  3984	-0.0729644	-0.198	0.198
  3985	-0.0767623	-0.198	0.198
  3986	-0.0637846	-0.198	0.198
  3987	-0.0825296	-0.198	0.198
  3988	-0.0483221	-0.198	0.198
  3989	-0.0613796	-0.198	0.198
  3990	-0.0754965	-0.198	0.198
  3991	-0.0780727	-0.198	0.198
  3992	-0.0942893	-0.198	0.198
  3993	-0.0446682	-0.198	0.198
  3994	-0.0823118	-0.198	0.198
  3995	-0.0316819	-0.198	0.198
  3996	-0.0949235	-0.198	0.198
  3997	-0.094168	-0.198	0.198
  3998	-0.0670649	-0.198	0.198
  3999	-0.0354856	-0.198	0.198
  4000	-0.0850179	-0.198	0.198
  4001	-0.0700989	-0.198	0.198
  4002	-0.0739506	-0.198	0.198
  4003	-0.0536082	-0.198	0.198
  4004	-0.0909715	-0.198	0.198
  4005	-0.0770879	-0.198	0.198
  4006	-0.0501428	-0.198	0.198
  4007	-0.0898215	-0.198	0.198
  4008	-0.0938625	-0.198	0.198
  4009	-0.0169705	-0.198	0.198
  4010	-0.054848	-0.198	0.198
  4011	-0.096256	-0.198	0.198
  4012	-0.0797289	-0.198	0.198
  4013	-0.0892022	-0.198	0.198
  4014	-0.0784364	-0.198	0.198
  4015	-0.07971	-0.198	0.198
  4016	-0.0774764	-0.198	0.198
  4017	-0.0720836	-0.198	0.198
  4018	-0.046112	-0.198	0.198
  4019	-0.0605516	-0.198	0.198
  4020	-0.0553007	-0.198	0.198
  4021	-0.0663575	-0.198	0.198
  4022	-0.0912937	-0.198	0.198
  4023	-0.0688702	-0.198	0.198
  4024	-0.090709	-0.198	0.198
  4025	-0.066037	-0.198	0.198
  4026	-0.0613455	-0.198	0.198
  4027	-0.0505249	-0.198	0.198
  4028	-0.0751345	-0.198	0.198
  4029	-0.0923287	-0.198	0.198
  4030	-0.0714498	-0.198	0.198
  4031	-0.0823462	-0.198	0.198
  4032	-0.0975917	-0.198	0.198
  4033	-0.0886588	-0.198	0.198
  4034	-0.0910203	-0.198	0.198
  4035	-0.0814985	-0.198	0.198
  4036	-0.097548	-0.198	0.198
  4037	-0.0686682	-0.198	0.198
  4038	-0.056343	-0.198	0.198
  4039	-0.0965188	-0.198	0.198
  4040	-0.0898247	-0.198	0.198
  4041	-0.0879594	-0.198	0.198
  4042	-0.0915678	-0.198	0.198
  4043	-0.097216	-0.198	0.198
  4044	-0.0411494	-0.198	0.198
  4045	-0.0776192	-0.198	0.198
  4046	-0.0978602	-0.198	0.198
  4047	-0.0872903	-0.198	0.198
  4048	-0.0951897	-0.198	0.198
  4049	-0.0926799	-0.198	0.198
  4050	-0.0367293	-0.198	0.198
  4051	-0.0854271	-0.198	0.198
  4052	-0.0804104	-0.198	0.198
  4053	-0.0783402	-0.198	0.198
  4054	-0.0849183	-0.198	0.198
  4055	-0.0882363	-0.198	0.198
  4056	-0.0486141	-0.198	0.198
  4057	-0.0984757	-0.198	0.198
  4058	-0.0924689	-0.198	0.198
  4059	-0.0713259	-0.198	0.198
  4060	-0.0621093	-0.198	0.198
  4061	-0.0724992	-0.198	0.198
  4062	-0.0762942	-0.198	0.198
  4063	-0.0705527	-0.198	0.198
  4064	-0.0493572	-0.198	0.198
  4065	-0.0930876	-0.198	0.198
  4066	-0.074879	-0.198	0.198
  4067	-0.0422596	-0.198	0.198
  4068	-0.0969783	-0.198	0.198
  4069	-0.0664565	-0.198	0.198
  4070	-0.0567776	-0.198	0.198
  4071	-0.0487445	-0.198	0.198
  4072	-0.0655071	-0.198	0.198
  4073	-0.0760762	-0.198	0.198
  4074	-0.0943753	-0.198	0.198
  4075	-0.0979438	-0.198	0.198
  4076	-0.0935515	-0.198	0.198
  4077	-0.0871484	-0.198	0.198
  4078	-0.0191795	-0.198	0.198
  4079	-0.09582	-0.198	0.198
  4080	-0.0909048	-0.198	0.198
  4081	-0.0977582	-0.198	0.198
  4082	-0.0708311	-0.198	0.198
  4083	-0.0800012	-0.198	0.198
  4084	-0.0967197	-0.198	0.198
  4085	-0.0578624	-0.198	0.198
  4086	-0.0864156	-0.198	0.198
  4087	-0.0703463	-0.198	0.198
  4088	-0.0623915	-0.198	0.198
  4089	-0.0748983	-0.198	0.198
  4090	-0.0927278	-0.198	0.198
  4091	-0.063106	-0.198	0.198
  4092	-0.0644527	-0.198	0.198
  4093	-0.0937643	-0.198	0.198
  4094	-0.0748115	-0.198	0.198
  4095	-0.0599078	-0.198	0.198
  4096	-0.0900413	-0.198	0.198
  4097	-0.0898501	-0.198	0.198
  4098	-0.0739541	-0.198	0.198
  4099	-0.0578998	-0.198	0.198
  4100	-0.0899129	-0.198	0.198
  4101	-0.0826859	-0.198	0.198
  4102	-0.0784141	-0.198	0.198
  4103	-0.0636733	-0.198	0.198
  4104	-0.0954535	-0.198	0.198
  4105	-0.0969341	-0.198	0.198
  4106	-0.0967166	-0.198	0.198
  4107	-0.0321887	-0.198	0.198
  4108	-0.0688946	-0.198	0.198
  4109	-0.0531272	-0.198	0.198
  4110	-0.0889498	-0.198	0.198
  4111	-0.0940449	-0.198	0.198
  4112	-0.0859521	-0.198	0.198
  4113	-0.0985151	-0.198	0.198
  4114	-0.0707097	-0.198	0.198
  4115	-0.0959292	-0.198	0.198
  4116	-0.0140888	-0.198	0.198
  4117	-0.0824095	-0.198	0.198
  4118	-0.0656157	-0.198	0.198
  4119	-0.0816176	-0.198	0.198
  4120	-0.0919784	-0.198	0.198
  4121	-0.0514517	-0.198	0.198
  4122	-0.070764	-0.198	0.198
  4123	-0.0658403	-0.198	0.198
  4124	-0.0979883	-0.198	0.198
  4125	-0.0522956	-0.198	0.198
  4126	-0.0804155	-0.198	0.198
  4127	-0.0950998	-0.198	0.198
  4128	-0.0984997	-0.198	0.198
  4129	-0.0887511	-0.198	0.198
  4130	-0.0928369	-0.198	0.198
  4131	-0.0797797	-0.198	0.198
  4132	-0.0586462	-0.198	0.198
  4133	-0.0520668	-0.198	0.198
  4134	-0.0886085	-0.198	0.198
  4135	-0.0831057	-0.198	0.198
  4136	-0.0885612	-0.198	0.198
  4137	-0.044804	-0.198	0.198
  4138	-0.0797436	-0.198	0.198
  4139	-0.0768911	-0.198	0.198
  4140	-0.0597812	-0.198	0.198
  4141	-0.0967797	-0.198	0.198
  4142	-0.0756739	-0.198	0.198
  4143	-0.0768872	-0.198	0.198
  4144	-0.0530687	-0.198	0.198
  4145	-0.0733092	-0.198	0.198
  4146	-0.0947882	-0.198	0.198
  4147	-0.0939758	-0.198	0.198
  4148	-0.0753907	-0.198	0.198
  4149	-0.082578	-0.198	0.198
  4150	-0.0679175	-0.198	0.198
  4151	-0.0367665	-0.198	0.198
  4152	-0.0896502	-0.198	0.198
  4153	-0.0859329	-0.198	0.198
  4154	-0.0455168	-0.198	0.198
  4155	-0.0894364	-0.198	0.198
  4156	-0.0895588	-0.198	0.198
  4157	-0.0829178	-0.198	0.198
  4158	-0.0805211	-0.198	0.198
  4159	-0.0587514	-0.198	0.198
  4160	-0.04254	-0.198	0.198
  4161	-0.018066	-0.198	0.198
  4162	-0.0514695	-0.198	0.198
  4163	-0.0880576	-0.198	0.198
  4164	-0.0873166	-0.198	0.198
  4165	-0.0934716	-0.198	0.198
  4166	-0.0523579	-0.198	0.198
  4167	-0.0725228	-0.198	0.198
  4168	-0.0427767	-0.198	0.198
  4169	-0.0959114	-0.198	0.198
  4170	-0.0710161	-0.198	0.198
  4171	-0.024866	-0.198	0.198
  4172	-0.072312	-0.198	0.198
  4173	-0.0965778	-0.198	0.198
  4174	-0.0879705	-0.198	0.198
  4175	-0.0949174	-0.198	0.198
  4176	-0.0762543	-0.198	0.198
  4177	-0.0846645	-0.198	0.198
  4178	-0.0559927	-0.198	0.198
  4179	-0.0940289	-0.198	0.198
  4180	-0.0975962	-0.198	0.198
  4181	-0.0940137	-0.198	0.198
  4182	-0.0768919	-0.198	0.198
  4183	-0.0672389	-0.198	0.198
  4184	-0.0959978	-0.198	0.198
  4185	-0.052082	-0.198	0.198
  4186	-0.047788	-0.198	0.198
  4187	-0.0978068	-0.198	0.198
  4188	-0.0758011	-0.198	0.198
  4189	-0.0783065	-0.198	0.198
  4190	-0.0977047	-0.198	0.198
  4191	-0.0660916	-0.198	0.198
  4192	-0.0772872	-0.198	0.198
  4193	-0.0419031	-0.198	0.198
  4194	-0.0403832	-0.198	0.198
  4195	-0.0836249	-0.198	0.198
  4196	-0.0954464	-0.198	0.198
  4197	-0.0817122	-0.198	0.198
  4198	-0.0776767	-0.198	0.198
  4199	-0.0743287	-0.198	0.198
  4200	-0.0884815	-0.198	0.198
  4201	-0.0972185	-0.198	0.198
  4202	-0.0932638	-0.198	0.198
  4203	-0.0952281	-0.198	0.198
  4204	-0.0779825	-0.198	0.198
  4205	-0.0870446	-0.198	0.198
  4206	-0.0558287	-0.198	0.198
  4207	-0.0955311	-0.198	0.198
  4208	-0.088937	-0.198	0.198
  4209	-0.0831028	-0.198	0.198
  4210	-0.0871779	-0.198	0.198
  4211	-0.0841677	-0.198	0.198
  4212	-0.0826423	-0.198	0.198
  4213	-0.0517252	-0.198	0.198
  4214	-0.0957358	-0.198	0.198
  4215	-0.0604712	-0.198	0.198
  4216	-0.0917488	-0.198	0.198
  4217	-0.0967629	-0.198	0.198
  4218	-0.0623646	-0.198	0.198
  4219	-0.0525648	-0.198	0.198
  4220	-0.0912134	-0.198	0.198
  4221	-0.0152366	-0.198	0.198
  4222	-0.0965145	-0.198	0.198
  4223	-0.0959854	-0.198	0.198
  4224	-0.0639581	-0.198	0.198
  4225	-0.0361491	-0.198	0.198
  4226	-0.0754336	-0.198	0.198
  4227	-0.0955298	-0.198	0.198
  4228	-0.0929486	-0.198	0.198
  4229	-0.0713416	-0.198	0.198
  4230	-0.0704816	-0.198	0.198
  4231	-0.0737017	-0.198	0.198
  4232	-0.084875	-0.198	0.198
  4233	-0.0612202	-0.198	0.198
  4234	-0.0828247	-0.198	0.198
  4235	-0.0856759	-0.198	0.198
  4236	-0.0550823	-0.198	0.198
  4237	-0.0711916	-0.198	0.198
  4238	-0.0477492	-0.198	0.198
  4239	-0.0748288	-0.198	0.198
  4240	-0.0808357	-0.198	0.198
  4241	-0.0787785	-0.198	0.198
  4242	-0.0757971	-0.198	0.198
  4243	-0.0626494	-0.198	0.198
  4244	-0.0712187	-0.198	0.198
  4245	-0.0682449	-0.198	0.198
  4246	-0.0982191	-0.198	0.198
  4247	-0.0906409	-0.198	0.198
  4248	-0.0721627	-0.198	0.198
  4249	-0.0797956	-0.198	0.198
  4250	-0.0888939	-0.198	0.198
  4251	-0.0844118	-0.198	0.198
  4252	-0.0573381	-0.198	0.198
  4253	-0.0962366	-0.198	0.198
  4254	-0.0922643	-0.198	0.198
  4255	-0.0746383	-0.198	0.198
  4256	-0.0716894	-0.198	0.198
  4257	-0.0906871	-0.198	0.198
  4258	-0.0824464	-0.198	0.198
  4259	-0.0949352	-0.198	0.198
  4260	-0.0860774	-0.198	0.198
  4261	-0.0776989	-0.198	0.198
  4262	-0.0857674	-0.198	0.198
  4263	-0.0922175	-0.198	0.198
  4264	-0.038231	-0.198	0.198
  4265	-0.0778939	-0.198	0.198
  4266	-0.0837681	-0.198	0.198
  4267	-0.0689662	-0.198	0.198
  4268	-0.0437399	-0.198	0.198
  4269	-0.0576752	-0.198	0.198
  4270	-0.0675168	-0.198	0.198
  4271	-0.0682772	-0.198	0.198
  4272	-0.0476943	-0.198	0.198
  4273	-0.0747218	-0.198	0.198
  4274	-0.0918631	-0.198	0.198
  4275	-0.086617	-0.198	0.198
  4276	-0.0453113	-0.198	0.198
  4277	-0.0639376	-0.198	0.198
  4278	-0.0899079	-0.198	0.198
  4279	-0.073953	-0.198	0.198
  4280	-0.0971255	-0.198	0.198
  4281	-0.0788394	-0.198	0.198
  4282	-0.0953592	-0.198	0.198
  4283	-0.0817914	-0.198	0.198
  4284	-0.054146	-0.198	0.198
  4285	-0.0387195	-0.198	0.198
  4286	-0.0971125	-0.198	0.198
  4287	-0.0697607	-0.198	0.198
  4288	-0.0977263	-0.198	0.198
  4289	-0.0774809	-0.198	0.198
  4290	-0.080893	-0.198	0.198
  4291	-0.0969823	-0.198	0.198
  4292	-0.0591367	-0.198	0.198
  4293	-0.0856753	-0.198	0.198
  4294	-0.0621813	-0.198	0.198
  4295	-0.0811138	-0.198	0.198
  4296	-0.0738809	-0.198	0.198
  4297	-0.0715299	-0.198	0.198
  4298	-0.0957409	-0.198	0.198
  4299	-0.0551417	-0.198	0.198
  4300	-0.0906149	-0.198	0.198
  4301	-0.0831983	-0.198	0.198
  4302	-0.0812748	-0.198	0.198
  4303	-0.0680874	-0.198	0.198
  4304	-0.0613411	-0.198	0.198
  4305	-0.0509061	-0.198	0.198
  4306	-0.097912	-0.198	0.198
  4307	-0.088737	-0.198	0.198
  4308	-0.0979434	-0.198	0.198
  4309	-0.0847931	-0.198	0.198
  4310	-0.0625494	-0.198	0.198
  4311	-0.0882328	-0.198	0.198
  4312	-0.0730649	-0.198	0.198
  4313	-0.0960526	-0.198	0.198
  4314	-0.0711481	-0.198	0.198
  4315	-0.055846	-0.198	0.198
  4316	-0.0807454	-0.198	0.198
  4317	-0.0533189	-0.198	0.198
  4318	-0.0822382	-0.198	0.198
  4319	-0.0566159	-0.198	0.198
  4320	-0.0740526	-0.198	0.198
  4321	-0.0494129	-0.198	0.198
  4322	-0.0886602	-0.198	0.198
  4323	-0.0797675	-0.198	0.198
  4324	-0.0978337	-0.198	0.198
  4325	-0.0757011	-0.198	0.198
  4326	-0.0214152	-0.198	0.198
  4327	-0.0909992	-0.198	0.198
  4328	-0.0683839	-0.198	0.198
  4329	-0.057055	-0.198	0.198
  4330	-0.0780115	-0.198	0.198
  4331	-0.0926285	-0.198	0.198
  4332	-0.0707982	-0.198	0.198
  4333	-0.0861911	-0.198	0.198
  4334	-0.057575	-0.198	0.198
  4335	-0.0572677	-0.198	0.198
  4336	-0.0788115	-0.198	0.198
  4337	-0.0912079	-0.198	0.198
  4338	-0.0810992	-0.198	0.198
  4339	-0.0868871	-0.198	0.198
  4340	-0.0916018	-0.198	0.198
  4341	-0.050394	-0.198	0.198
  4342	-0.0798916	-0.198	0.198
  4343	-0.0258803	-0.198	0.198
  4344	-0.0155105	-0.198	0.198
  4345	-0.0967965	-0.198	0.198
  4346	-0.0865871	-0.198	0.198
  4347	-0.063435	-0.198	0.198
  4348	-0.0483672	-0.198	0.198
  4349	-0.0591302	-0.198	0.198
  4350	-0.0368369	-0.198	0.198
  4351	-0.0775259	-0.198	0.198
  4352	-0.0650419	-0.198	0.198
  4353	-0.0875349	-0.198	0.198
  4354	-0.0714052	-0.198	0.198
  4355	-0.0890885	-0.198	0.198
  4356	-0.0514418	-0.198	0.198
  4357	-0.0739673	-0.198	0.198
  4358	-0.0756947	-0.198	0.198
  4359	-0.0755736	-0.198	0.198
  4360	-0.0805739	-0.198	0.198
  4361	-0.078909	-0.198	0.198
  4362	-0.0844928	-0.198	0.198
  4363	-0.088694	-0.198	0.198
  4364	-0.0446842	-0.198	0.198
  4365	-0.087923	-0.198	0.198
  4366	-0.0716544	-0.198	0.198
  4367	-0.058801	-0.198	0.198
  4368	-0.0373269	-0.198	0.198
  4369	-0.080384	-0.198	0.198
  4370	-0.0914287	-0.198	0.198
  4371	-0.0965773	-0.198	0.198
  4372	-0.0712187	-0.198	0.198
  4373	-0.077174	-0.198	0.198
  4374	-0.0599566	-0.198	0.198
  4375	-0.0536494	-0.198	0.198
  4376	-0.0761296	-0.198	0.198
  4377	-0.0784396	-0.198	0.198
  4378	-0.0836437	-0.198	0.198
  4379	-0.0829143	-0.198	0.198
  4380	-0.0744172	-0.198	0.198
  4381	-0.0917931	-0.198	0.198
  4382	-0.043546	-0.198	0.198
  4383	-0.0757905	-0.198	0.198
  4384	-0.078095	-0.198	0.198
  4385	-0.0825097	-0.198	0.198
  4386	-0.0660052	-0.198	0.198
  4387	-0.0981444	-0.198	0.198
  4388	-0.0891037	-0.198	0.198
  4389	-0.0826474	-0.198	0.198
  4390	-0.0979068	-0.198	0.198
  4391	-0.0850099	-0.198	0.198
  4392	-0.0762851	-0.198	0.198
  4393	-0.0700452	-0.198	0.198
  4394	-0.0739422	-0.198	0.198
  4395	-0.038873	-0.198	0.198
  4396	-0.0929359	-0.198	0.198
  4397	-0.0598566	-0.198	0.198
  4398	-0.0704295	-0.198	0.198
  4399	-0.0533492	-0.198	0.198
  4400	-0.0513671	-0.198	0.198
  4401	-0.0967987	-0.198	0.198
  4402	-0.0969958	-0.198	0.198
  4403	-0.0765248	-0.198	0.198
  4404	-0.0686512	-0.198	0.198
  4405	-0.0707661	-0.198	0.198
  4406	-0.0483785	-0.198	0.198
  4407	-0.0795839	-0.198	0.198
  4408	-0.0828656	-0.198	0.198
  4409	-0.0755397	-0.198	0.198
  4410	-0.0757529	-0.198	0.198
  4411	-0.0960444	-0.198	0.198
  4412	-0.0963969	-0.198	0.198
  4413	-0.0745641	-0.198	0.198
  4414	-0.0469575	-0.198	0.198
  4415	-0.0827703	-0.198	0.198
  4416	-0.0848945	-0.198	0.198
  4417	-0.0878662	-0.198	0.198
  4418	-0.0654693	-0.198	0.198
  4419	-0.0971227	-0.198	0.198
  4420	-0.0892195	-0.198	0.198
  4421	-0.0787597	-0.198	0.198
  4422	-0.0868117	-0.198	0.198
  4423	-0.0649377	-0.198	0.198
  4424	-0.0870795	-0.198	0.198
  4425	-0.0920815	-0.198	0.198
  4426	-0.0698587	-0.198	0.198
  4427	-0.0803573	-0.198	0.198
  4428	-0.098124	-0.198	0.198
  4429	-0.0966183	-0.198	0.198
  4430	-0.0776895	-0.198	0.198
  4431	-0.0943466	-0.198	0.198
  4432	-0.0399552	-0.198	0.198
  4433	-0.0409686	-0.198	0.198
  4434	-0.0960136	-0.198	0.198
  4435	-0.0826383	-0.198	0.198
  4436	-0.092037	-0.198	0.198
  4437	-0.0680348	-0.198	0.198
  4438	-0.0587502	-0.198	0.198
  4439	-0.0663921	-0.198	0.198
  4440	-0.0490629	-0.198	0.198
  4441	-0.0843391	-0.198	0.198
  4442	-0.0719201	-0.198	0.198
  4443	-0.0225521	-0.198	0.198
  4444	-0.0552963	-0.198	0.198
  4445	-0.0545006	-0.198	0.198
  4446	-0.0785316	-0.198	0.198
  4447	-0.0741317	-0.198	0.198
  4448	-0.041791	-0.198	0.198
  4449	-0.0673965	-0.198	0.198
  4450	-0.0756298	-0.198	0.198
  4451	-0.0964423	-0.198	0.198
  4452	-0.0357856	-0.198	0.198
  4453	-0.084024	-0.198	0.198
  4454	-0.087265	-0.198	0.198
  4455	-0.0419514	-0.198	0.198
  4456	-0.0937635	-0.198	0.198
  4457	-0.0702007	-0.198	0.198
  4458	-0.0605437	-0.198	0.198
  4459	-0.069049	-0.198	0.198
  4460	-0.0910966	-0.198	0.198
  4461	-0.0972996	-0.198	0.198
  4462	-0.0775325	-0.198	0.198
  4463	-0.0638056	-0.198	0.198
  4464	-0.0601757	-0.198	0.198
  4465	-0.0446202	-0.198	0.198
  4466	-0.0949164	-0.198	0.198
  4467	-0.092879	-0.198	0.198
  4468	-0.0706258	-0.198	0.198
  4469	-0.0793042	-0.198	0.198
  4470	-0.0512145	-0.198	0.198
  4471	-0.0901005	-0.198	0.198
  4472	-0.0894736	-0.198	0.198
  4473	-0.0557241	-0.198	0.198
  4474	-0.0591592	-0.198	0.198
  4475	-0.0815951	-0.198	0.198
  4476	-0.0690904	-0.198	0.198
  4477	-0.0735834	-0.198	0.198
  4478	-0.0643832	-0.198	0.198
  4479	-0.0571417	-0.198	0.198
  4480	-0.0823156	-0.198	0.198
  4481	-0.0766165	-0.198	0.198
  4482	-0.0640347	-0.198	0.198
  4483	-0.0762399	-0.198	0.198
  4484	-0.0894011	-0.198	0.198
  4485	-0.0583767	-0.198	0.198
  4486	-0.0672169	-0.198	0.198
  4487	-0.0679782	-0.198	0.198
  4488	-0.0719514	-0.198	0.198
  4489	-0.0752174	-0.198	0.198
  4490	-0.0916422	-0.198	0.198
  4491	-0.0777491	-0.198	0.198
  4492	-0.0975031	-0.198	0.198
  4493	-0.0965567	-0.198	0.198
  4494	-0.0901998	-0.198	0.198
  4495	-0.0547091	-0.198	0.198
  4496	-0.0864716	-0.198	0.198
  4497	-0.0973624	-0.198	0.198
  4498	-0.0958274	-0.198	0.198
  4499	-0.0804824	-0.198	0.198
  4500	-0.0904465	-0.198	0.198
  4501	-0.0758534	-0.198	0.198
  4502	-0.0975717	-0.198	0.198
  4503	-0.0716233	-0.198	0.198
  4504	-0.0712188	-0.198	0.198
  4505	-0.0747516	-0.198	0.198
  4506	-0.0871753	-0.198	0.198
  4507	-0.0560571	-0.198	0.198
  4508	-0.0753608	-0.198	0.198
  4509	-0.0504976	-0.198	0.198
  4510	-0.0672462	-0.198	0.198
  4511	-0.0831963	-0.198	0.198
  4512	-0.0504263	-0.198	0.198
  4513	-0.0687875	-0.198	0.198
  4514	-0.088501	-0.198	0.198
  4515	-0.0381208	-0.198	0.198
  4516	-0.0528611	-0.198	0.198
  4517	-0.0573526	-0.198	0.198
  4518	-0.0714912	-0.198	0.198
  4519	-0.077585	-0.198	0.198
  4520	-0.0292788	-0.198	0.198
  4521	-0.0634269	-0.198	0.198
  4522	-0.070597	-0.198	0.198
  4523	-0.0910017	-0.198	0.198
  4524	-0.0947371	-0.198	0.198
  4525	-0.0851813	-0.198	0.198
  4526	-0.0900206	-0.198	0.198
  4527	-0.0940358	-0.198	0.198
  4528	-0.0685216	-0.198	0.198
  4529	-0.0752192	-0.198	0.198
  4530	-0.0951706	-0.198	0.198
  4531	-0.0955599	-0.198	0.198
  4532	-0.0637079	-0.198	0.198
  4533	-0.0941799	-0.198	0.198
  4534	-0.0876079	-0.198	0.198
  4535	-0.084434	-0.198	0.198
  4536	-0.0717249	-0.198	0.198
  4537	-0.0861329	-0.198	0.198
  4538	-0.0736478	-0.198	0.198
  4539	-0.093996	-0.198	0.198
  4540	-0.0975939	-0.198	0.198
  4541	-0.0901051	-0.198	0.198
  4542	-0.0759788	-0.198	0.198
  4543	-0.0942882	-0.198	0.198
  4544	-0.0899511	-0.198	0.198
  4545	-0.0880739	-0.198	0.198
  4546	-0.0974003	-0.198	0.198
  4547	-0.0617142	-0.198	0.198
  4548	-0.0847381	-0.198	0.198
  4549	-0.0969753	-0.198	0.198
  4550	-0.0948692	-0.198	0.198
  4551	-0.0750928	-0.198	0.198
  4552	-0.0880607	-0.198	0.198
  4553	-0.0795742	-0.198	0.198
  4554	-0.0973287	-0.198	0.198
  4555	-0.0600208	-0.198	0.198
  4556	-0.0848164	-0.198	0.198
  4557	-0.094327	-0.198	0.198
  4558	-0.0890574	-0.198	0.198
  4559	-0.0784558	-0.198	0.198
  4560	-0.0948554	-0.198	0.198
  4561	-0.0751548	-0.198	0.198
  4562	-0.0571305	-0.198	0.198
  4563	-0.0918607	-0.198	0.198
  4564	-0.0962016	-0.198	0.198
  4565	-0.0790502	-0.198	0.198
  4566	-0.044004	-0.198	0.198
  4567	-0.0580634	-0.198	0.198
  4568	-0.096535	-0.198	0.198
  4569	-0.0786685	-0.198	0.198
  4570	-0.0703524	-0.198	0.198
  4571	-0.0927485	-0.198	0.198
  4572	-0.085502	-0.198	0.198
  4573	-0.0498269	-0.198	0.198
  4574	-0.0942517	-0.198	0.198
  4575	-0.075067	-0.198	0.198
  4576	-0.0643569	-0.198	0.198
  4577	-0.0846248	-0.198	0.198
  4578	-0.0793817	-0.198	0.198
  4579	-0.078546	-0.198	0.198
  4580	-0.0975184	-0.198	0.198
  4581	-0.0829233	-0.198	0.198
  4582	-0.0884547	-0.198	0.198
  4583	-0.0942523	-0.198	0.198
  4584	-0.0821555	-0.198	0.198
  4585	-0.0937373	-0.198	0.198
  4586	-0.0695893	-0.198	0.198
  4587	-0.0177069	-0.198	0.198
  4588	-0.0494921	-0.198	0.198
  4589	-0.0815358	-0.198	0.198
  4590	-0.066453	-0.198	0.198
  4591	-0.0722912	-0.198	0.198
  4592	-0.0967164	-0.198	0.198
  4593	-0.0837664	-0.198	0.198
  4594	-0.0732893	-0.198	0.198
  4595	-0.0491394	-0.198	0.198
  4596	-0.087971	-0.198	0.198
  4597	-0.0948411	-0.198	0.198
  4598	-0.0977535	-0.198	0.198
  4599	-0.0692164	-0.198	0.198
  4600	-0.0547853	-0.198	0.198
  4601	-0.0969871	-0.198	0.198
  4602	-0.0943639	-0.198	0.198
  4603	-0.0605516	-0.198	0.198
  4604	-0.0655191	-0.198	0.198
  4605	-0.081529	-0.198	0.198
  4606	-0.0806056	-0.198	0.198
  4607	-0.0906732	-0.198	0.198
  4608	-0.096246	-0.198	0.198
  4609	-0.0804092	-0.198	0.198
  4610	-0.0446458	-0.198	0.198
  4611	-0.068409	-0.198	0.198
  4612	-0.063686	-0.198	0.198
  4613	-0.0503682	-0.198	0.198
  4614	-0.0738752	-0.198	0.198
  4615	-0.0950731	-0.198	0.198
  4616	-0.0974584	-0.198	0.198
  4617	-0.0187923	-0.198	0.198
  4618	-0.0978478	-0.198	0.198
  4619	-0.0880911	-0.198	0.198
  4620	-0.0673473	-0.198	0.198
  4621	-0.0663892	-0.198	0.198
  4622	-0.0636331	-0.198	0.198
  4623	-0.0879325	-0.198	0.198
  4624	-0.0541068	-0.198	0.198
  4625	-0.0769889	-0.198	0.198
  4626	-0.0847682	-0.198	0.198
  4627	-0.0873564	-0.198	0.198
  4628	-0.0615109	-0.198	0.198
  4629	-0.0919726	-0.198	0.198
  4630	-0.043828	-0.198	0.198
  4631	-0.0429239	-0.198	0.198
  4632	-0.0902571	-0.198	0.198
  4633	-0.0862479	-0.198	0.198
  4634	-0.0598186	-0.198	0.198
  4635	-0.082094	-0.198	0.198
  4636	-0.0855564	-0.198	0.198
  4637	-0.0601261	-0.198	0.198
  4638	-0.0669646	-0.198	0.198
  4639	-0.0953081	-0.198	0.198
  4640	-0.0657715	-0.198	0.198
  4641	-0.0915217	-0.198	0.198
  4642	-0.0892245	-0.198	0.198
  4643	-0.0866879	-0.198	0.198
  4644	-0.0948535	-0.198	0.198
  4645	-0.0883829	-0.198	0.198
  4646	-0.0960628	-0.198	0.198
  4647	-0.0710311	-0.198	0.198
  4648	-0.0955341	-0.198	0.198
  4649	-0.08859	-0.198	0.198
  4650	-0.0640537	-0.198	0.198
  4651	-0.0386656	-0.198	0.198
  4652	-0.06916	-0.198	0.198
  4653	-0.0709588	-0.198	0.198
  4654	-0.0966649	-0.198	0.198
  4655	-0.0459136	-0.198	0.198
  4656	-0.0905842	-0.198	0.198
  4657	-0.0929139	-0.198	0.198
  4658	-0.0698598	-0.198	0.198
  4659	-0.097164	-0.198	0.198
  4660	-0.0848406	-0.198	0.198
  4661	-0.0813084	-0.198	0.198
  4662	-0.095806	-0.198	0.198
  4663	-0.0820313	-0.198	0.198
  4664	-0.095195	-0.198	0.198
  4665	-0.0650849	-0.198	0.198
  4666	-0.0696456	-0.198	0.198
  4667	-0.0804944	-0.198	0.198
  4668	-0.064328	-0.198	0.198
  4669	-0.0518601	-0.198	0.198
  4670	-0.0524046	-0.198	0.198
  4671	-0.0797168	-0.198	0.198
  4672	-0.0793716	-0.198	0.198
  4673	-0.0982272	-0.198	0.198
  4674	-0.0552554	-0.198	0.198
  4675	-0.0974053	-0.198	0.198
  4676	-0.0618152	-0.198	0.198
  4677	-0.0947576	-0.198	0.198
  4678	-0.0291152	-0.198	0.198
  4679	-0.09454	-0.198	0.198
  4680	-0.0506066	-0.198	0.198
  4681	-0.0977148	-0.198	0.198
  4682	-0.0827954	-0.198	0.198
  4683	-0.086354	-0.198	0.198
  4684	-0.0664698	-0.198	0.198
  4685	-0.0472153	-0.198	0.198
  4686	-0.0591207	-0.198	0.198
  4687	-0.0590794	-0.198	0.198
  4688	-0.0835201	-0.198	0.198
  4689	-0.0389648	-0.198	0.198
  4690	-0.0830496	-0.198	0.198
  4691	-0.0665453	-0.198	0.198
  4692	-0.0827783	-0.198	0.198
  4693	-0.0600978	-0.198	0.198
  4694	-0.0982609	-0.198	0.198
  4695	-0.0953975	-0.198	0.198
  4696	-0.0896494	-0.198	0.198
  4697	-0.0927122	-0.198	0.198
  4698	-0.0583538	-0.198	0.198
  4699	-0.0947369	-0.198	0.198
  4700	-0.0494376	-0.198	0.198
  4701	-0.0444574	-0.198	0.198
  4702	-0.0643746	-0.198	0.198
  4703	-0.0555703	-0.198	0.198
  4704	-0.0790496	-0.198	0.198
  4705	-0.0961306	-0.198	0.198
  4706	-0.0707685	-0.198	0.198
  4707	-0.0913324	-0.198	0.198
  4708	-0.0697197	-0.198	0.198
  4709	-0.073469	-0.198	0.198
  4710	-0.0672824	-0.198	0.198
  4711	-0.0416608	-0.198	0.198
  4712	-0.0409345	-0.198	0.198
  4713	-0.0533113	-0.198	0.198
  4714	-0.0693075	-0.198	0.198
  4715	-0.0823133	-0.198	0.198
  4716	-0.0607082	-0.198	0.198
  4717	-0.0794834	-0.198	0.198
  4718	-0.0624953	-0.198	0.198
  4719	-0.075675	-0.198	0.198
  4720	-0.080551	-0.198	0.198
  4721	-0.0752911	-0.198	0.198
  4722	-0.0446562	-0.198	0.198
  4723	-0.035005	-0.198	0.198
  4724	-0.0926857	-0.198	0.198
  4725	-0.0187479	-0.198	0.198
  4726	-0.0828639	-0.198	0.198
  4727	-0.0930631	-0.198	0.198
  4728	-0.0948945	-0.198	0.198
  4729	-0.0805351	-0.198	0.198
  4730	-0.0543097	-0.198	0.198
  4731	-0.0954909	-0.198	0.198
  4732	-0.0824571	-0.198	0.198
  4733	-0.0612135	-0.198	0.198
  4734	-0.0756679	-0.198	0.198
  4735	-0.0968134	-0.198	0.198
  4736	-0.0535752	-0.198	0.198
  4737	-0.0685668	-0.198	0.198
  4738	-0.049262	-0.198	0.198
  4739	-0.0981618	-0.198	0.198
  4740	-0.0910646	-0.198	0.198
  4741	-0.0818071	-0.198	0.198
  4742	-0.0969741	-0.198	0.198
  4743	-0.0746296	-0.198	0.198
  4744	-0.036799	-0.198	0.198
  4745	-0.0896149	-0.198	0.198
  4746	-0.0836231	-0.198	0.198
  4747	-0.0901399	-0.198	0.198
  4748	-0.0805241	-0.198	0.198
  4749	-0.0943735	-0.198	0.198
  4750	-0.0907283	-0.198	0.198
  4751	-0.0779413	-0.198	0.198
  4752	-0.0918145	-0.198	0.198
  4753	-0.0954484	-0.198	0.198
  4754	-0.0737528	-0.198	0.198
  4755	-0.0915206	-0.198	0.198
  4756	-0.09278	-0.198	0.198
  4757	-0.0964021	-0.198	0.198
  4758	-0.0859022	-0.198	0.198
  4759	-0.0701507	-0.198	0.198
  4760	-0.0398586	-0.198	0.198
  4761	-0.0735688	-0.198	0.198
  4762	-0.0865591	-0.198	0.198
  4763	-0.0801509	-0.198	0.198
  4764	-0.0928317	-0.198	0.198
  4765	-0.0573336	-0.198	0.198
  4766	-0.0716563	-0.198	0.198
  4767	-0.0840466	-0.198	0.198
  4768	-0.0845326	-0.198	0.198
  4769	-0.0837537	-0.198	0.198
  4770	-0.0712419	-0.198	0.198
  4771	-0.0879808	-0.198	0.198
  4772	-0.0772318	-0.198	0.198
  4773	-0.0927814	-0.198	0.198
  4774	-0.0969177	-0.198	0.198
  4775	-0.0870774	-0.198	0.198
  4776	-0.0961878	-0.198	0.198
  4777	-0.0978953	-0.198	0.198
  4778	-0.0860678	-0.198	0.198
  4779	-0.0801356	-0.198	0.198
  4780	-0.0711503	-0.198	0.198
  4781	-0.0961819	-0.198	0.198
  4782	-0.0802517	-0.198	0.198
  4783	-0.0910711	-0.198	0.198
  4784	-0.0788138	-0.198	0.198
  4785	-0.0852335	-0.198	0.198
  4786	-0.0513475	-0.198	0.198
  4787	-0.0861307	-0.198	0.198
  4788	-0.0938094	-0.198	0.198
  4789	-0.0428	-0.198	0.198
  4790	-0.0945724	-0.198	0.198
  4791	-0.0713532	-0.198	0.198
  4792	-0.0718349	-0.198	0.198
  4793	-0.0727916	-0.198	0.198
  4794	-0.0928489	-0.198	0.198
  4795	-0.063619	-0.198	0.198
  4796	-0.0702654	-0.198	0.198
  4797	-0.081861	-0.198	0.198
  4798	-0.0726824	-0.198	0.198
  4799	-0.0384761	-0.198	0.198
  4800	-0.0888319	-0.198	0.198
  4801	-0.0960251	-0.198	0.198
  4802	-0.0683889	-0.198	0.198
  4803	-0.0501798	-0.198	0.198
  4804	-0.0451443	-0.198	0.198
  4805	-0.0934603	-0.198	0.198
  4806	-0.0612189	-0.198	0.198
  4807	-0.0818739	-0.198	0.198
  4808	-0.085269	-0.198	0.198
  4809	-0.0576165	-0.198	0.198
  4810	-0.0801609	-0.198	0.198
  4811	-0.0536692	-0.198	0.198
  4812	-0.0559365	-0.198	0.198
  4813	-0.0542807	-0.198	0.198
  4814	-0.0951416	-0.198	0.198
  4815	-0.0610182	-0.198	0.198
  4816	-0.070821	-0.198	0.198
  4817	-0.0754523	-0.198	0.198
  4818	-0.0562679	-0.198	0.198
  4819	-0.0666485	-0.198	0.198
  4820	-0.0739768	-0.198	0.198
  4821	-0.0833392	-0.198	0.198
  4822	-0.0904654	-0.198	0.198
  4823	-0.0743513	-0.198	0.198
  4824	-0.0979171	-0.198	0.198
  4825	-0.083076	-0.198	0.198
  4826	-0.0890167	-0.198	0.198
  4827	-0.0266307	-0.198	0.198
  4828	-0.0598378	-0.198	0.198
  4829	-0.0562075	-0.198	0.198
  4830	-0.0883147	-0.198	0.198
  4831	-0.0702239	-0.198	0.198
  4832	-0.0719742	-0.198	0.198
  4833	-0.073588	-0.198	0.198
  4834	-0.0845673	-0.198	0.198
  4835	-0.0967368	-0.198	0.198
  4836	-0.0434901	-0.198	0.198
  4837	-0.0812964	-0.198	0.198
  4838	-0.094218	-0.198	0.198
  4839	-0.0981116	-0.198	0.198
  4840	-0.0765964	-0.198	0.198
  4841	-0.0965487	-0.198	0.198
  4842	-0.0963715	-0.198	0.198
  4843	-0.073911	-0.198	0.198
  4844	-0.0953899	-0.198	0.198
  4845	-0.0676257	-0.198	0.198
  4846	-0.0872435	-0.198	0.198
  4847	-0.0913465	-0.198	0.198
  4848	-0.0500336	-0.198	0.198
  4849	-0.0896429	-0.198	0.198
  4850	-0.0448464	-0.198	0.198
  4851	-0.0658208	-0.198	0.198
  4852	-0.0963634	-0.198	0.198
  4853	-0.0845234	-0.198	0.198
  4854	-0.0591747	-0.198	0.198
  4855	-0.0491464	-0.198	0.198
  4856	-0.0907357	-0.198	0.198
  4857	-0.089727	-0.198	0.198
  4858	-0.0377212	-0.198	0.198
  4859	-0.0960782	-0.198	0.198
  4860	-0.0937265	-0.198	0.198
  4861	-0.0635708	-0.198	0.198
  4862	-0.0869403	-0.198	0.198
  4863	-0.0474633	-0.198	0.198
  4864	-0.0971701	-0.198	0.198
  4865	-0.080728	-0.198	0.198
  4866	-0.0916075	-0.198	0.198
  4867	-0.0963744	-0.198	0.198
  4868	-0.0945558	-0.198	0.198
  4869	-0.0783788	-0.198	0.198
  4870	-0.0506746	-0.198	0.198
  4871	-0.0919886	-0.198	0.198
  4872	-0.0817265	-0.198	0.198
  4873	-0.048031	-0.198	0.198
  4874	-0.0968472	-0.198	0.198
  4875	-0.0946754	-0.198	0.198
  4876	-0.0812412	-0.198	0.198
  4877	-0.0586942	-0.198	0.198
  4878	-0.0943685	-0.198	0.198
  4879	-0.030767	-0.198	0.198
  4880	-0.0752594	-0.198	0.198
  4881	-0.0578546	-0.198	0.198
  4882	-0.0723237	-0.198	0.198
  4883	-0.0743441	-0.198	0.198
  4884	-0.0932423	-0.198	0.198
  4885	-0.0961463	-0.198	0.198
  4886	-0.0873552	-0.198	0.198
  4887	-0.0652662	-0.198	0.198
  4888	-0.0968313	-0.198	0.198
  4889	-0.0876762	-0.198	0.198
  4890	-0.0677253	-0.198	0.198
  4891	-0.0527768	-0.198	0.198
  4892	-0.0776739	-0.198	0.198
  4893	-0.0774078	-0.198	0.198
  4894	-0.0813316	-0.198	0.198
  4895	-0.0772401	-0.198	0.198
  4896	-0.0534266	-0.198	0.198
  4897	-0.0841862	-0.198	0.198
  4898	-0.0896907	-0.198	0.198
  4899	-0.0907539	-0.198	0.198
  4900	-0.0356531	-0.198	0.198
  4901	-0.0876473	-0.198	0.198
  4902	-0.0962727	-0.198	0.198
  4903	-0.0800613	-0.198	0.198
  4904	-0.0550092	-0.198	0.198
  4905	-0.0630775	-0.198	0.198
  4906	-0.0968616	-0.198	0.198
  4907	-0.0524166	-0.198	0.198
  4908	-0.0875401	-0.198	0.198
  4909	-0.0727712	-0.198	0.198
  4910	-0.0836198	-0.198	0.198
  4911	-0.0777505	-0.198	0.198
  4912	-0.0971916	-0.198	0.198
  4913	-0.0901705	-0.198	0.198
  4914	-0.090419	-0.198	0.198
  4915	-0.0520882	-0.198	0.198
  4916	-0.0963839	-0.198	0.198
  4917	-0.0736456	-0.198	0.198
  4918	-0.0647293	-0.198	0.198
  4919	-0.0972148	-0.198	0.198
  4920	-0.0898942	-0.198	0.198
  4921	-0.0793644	-0.198	0.198
  4922	-0.0651462	-0.198	0.198
  4923	-0.0934224	-0.198	0.198
  4924	-0.0685517	-0.198	0.198
  4925	-0.096682	-0.198	0.198
  4926	-0.0808501	-0.198	0.198
  4927	-0.0772328	-0.198	0.198
  4928	-0.0914486	-0.198	0.198
  4929	-0.0972364	-0.198	0.198
  4930	-0.0452654	-0.198	0.198
  4931	-0.0886433	-0.198	0.198
  4932	-0.0769439	-0.198	0.198
  4933	-0.0834748	-0.198	0.198
  4934	-0.0871756	-0.198	0.198
  4935	-0.0898614	-0.198	0.198
  4936	-0.0550089	-0.198	0.198
  4937	-0.0843198	-0.198	0.198
  4938	-0.0706652	-0.198	0.198
  4939	-0.0676005	-0.198	0.198
  4940	-0.0829862	-0.198	0.198
  4941	-0.064245	-0.198	0.198
  4942	-0.0975286	-0.198	0.198
  4943	-0.0893824	-0.198	0.198
  4944	-0.0968459	-0.198	0.198
  4945	-0.0961837	-0.198	0.198
  4946	-0.0890361	-0.198	0.198
  4947	-0.097834	-0.198	0.198
  4948	-0.0978207	-0.198	0.198
  4949	-0.0958419	-0.198	0.198
  4950	-0.0417029	-0.198	0.198
  4951	-0.0245886	-0.198	0.198
  4952	-0.0967929	-0.198	0.198
  4953	-0.0693774	-0.198	0.198
  4954	-0.0612479	-0.198	0.198
  4955	-0.0741111	-0.198	0.198
  4956	-0.0676519	-0.198	0.198
  4957	-0.0585636	-0.198	0.198
  4958	-0.064152	-0.198	0.198
  4959	-0.0854501	-0.198	0.198
  4960	-0.0741366	-0.198	0.198
  4961	-0.061819	-0.198	0.198
  4962	-0.0876605	-0.198	0.198
  4963	-0.065862	-0.198	0.198
  4964	-0.0927665	-0.198	0.198
  4965	-0.0681964	-0.198	0.198
  4966	-0.0915655	-0.198	0.198
  4967	-0.0768549	-0.198	0.198
  4968	-0.0978144	-0.198	0.198
  4969	-0.0954346	-0.198	0.198
  4970	-0.0983101	-0.198	0.198
  4971	-0.0719874	-0.198	0.198
  4972	-0.0771848	-0.198	0.198
  4973	-0.0756701	-0.198	0.198
  4974	-0.0797858	-0.198	0.198
  4975	-0.0820768	-0.198	0.198
  4976	-0.0818487	-0.198	0.198
  4977	-0.0891133	-0.198	0.198
  4978	-0.0690485	-0.198	0.198
  4979	-0.0947588	-0.198	0.198
  4980	-0.0850209	-0.198	0.198
  4981	-0.0586153	-0.198	0.198
  4982	-0.04457	-0.198	0.198
  4983	-0.0962233	-0.198	0.198
  4984	-0.0851509	-0.198	0.198
  4985	-0.049185	-0.198	0.198
  4986	-0.0699164	-0.198	0.198
  4987	-0.0294137	-0.198	0.198
  4988	-0.0847625	-0.198	0.198
  4989	-0.0966587	-0.198	0.198
  4990	-0.0981831	-0.198	0.198
  4991	-0.0834137	-0.198	0.198
  4992	-0.0696151	-0.198	0.198
  4993	-0.0839665	-0.198	0.198
  4994	-0.0869692	-0.198	0.198
  4995	-0.0963565	-0.198	0.198
  4996	-0.0962759	-0.198	0.198
  4997	-0.0965877	-0.198	0.198
  4998	-0.0757338	-0.198	0.198
  4999	-0.0977002	-0.198	0.198
  5000	-0.094467	-0.198	0.198
  5001	-0.0543447	-0.198	0.198
  5002	-0.086746	-0.198	0.198
  5003	-0.0937318	-0.198	0.198
  5004	-0.0960879	-0.198	0.198
  5005	-0.0713483	-0.198	0.198
  5006	-0.0447328	-0.198	0.198
  5007	-0.0971246	-0.198	0.198
  5008	-0.0746119	-0.198	0.198
  5009	-0.0645432	-0.198	0.198
  5010	-0.0959327	-0.198	0.198
  5011	-0.0796271	-0.198	0.198
  5012	-0.0639262	-0.198	0.198
  5013	-0.0620321	-0.198	0.198
  5014	-0.061854	-0.198	0.198
  5015	-0.0597439	-0.198	0.198
  5016	-0.0937636	-0.198	0.198
  5017	-0.098018	-0.198	0.198
  5018	-0.0732349	-0.198	0.198
  5019	-0.0273374	-0.198	0.198
  5020	-0.0546088	-0.198	0.198
  5021	-0.0751419	-0.198	0.198
  5022	-0.0936014	-0.198	0.198
  5023	-0.0968107	-0.198	0.198
  5024	-0.0908548	-0.198	0.198
  5025	-0.0447191	-0.198	0.198
  5026	-0.0921523	-0.198	0.198
  5027	-0.085739	-0.198	0.198
  5028	-0.0610906	-0.198	0.198
  5029	-0.0824928	-0.198	0.198
  5030	-0.097007	-0.198	0.198
  5031	-0.0950474	-0.198	0.198
  5032	-0.0963143	-0.198	0.198
  5033	-0.0902777	-0.198	0.198
  5034	-0.0801322	-0.198	0.198
  5035	-0.0428061	-0.198	0.198
  5036	-0.0806411	-0.198	0.198
  5037	-0.0671092	-0.198	0.198
  5038	-0.0866199	-0.198	0.198
  5039	-0.0555785	-0.198	0.198
  5040	-0.0871712	-0.198	0.198
  5041	-0.0907941	-0.198	0.198
  5042	-0.0901858	-0.198	0.198
  5043	-0.0840113	-0.198	0.198
  5044	-0.0939338	-0.198	0.198
  5045	-0.0968878	-0.198	0.198
  5046	-0.0932211	-0.198	0.198
  5047	-0.0653729	-0.198	0.198
  5048	-0.0971404	-0.198	0.198
  5049	-0.0666631	-0.198	0.198
  5050	-0.0970551	-0.198	0.198
  5051	-0.0950823	-0.198	0.198
  5052	-0.0884667	-0.198	0.198
  5053	-0.0546248	-0.198	0.198
  5054	-0.085029	-0.198	0.198
  5055	-0.0698622	-0.198	0.198
  5056	-0.0875982	-0.198	0.198
  5057	-0.0552826	-0.198	0.198
  5058	-0.090176	-0.198	0.198
  5059	-0.0608964	-0.198	0.198
  5060	-0.0654362	-0.198	0.198
  5061	-0.0868962	-0.198	0.198
  5062	-0.0951439	-0.198	0.198
  5063	-0.0730024	-0.198	0.198
  5064	-0.054088	-0.198	0.198
  5065	-0.0784395	-0.198	0.198
  5066	-0.06979	-0.198	0.198
  5067	-0.0535185	-0.198	0.198
  5068	-0.0418868	-0.198	0.198
  5069	-0.0934483	-0.198	0.198
  5070	-0.0921194	-0.198	0.198
  5071	-0.0920661	-0.198	0.198
  5072	-0.0945148	-0.198	0.198
  5073	-0.076339	-0.198	0.198
  5074	-0.0925089	-0.198	0.198
  5075	-0.0746845	-0.198	0.198
  5076	-0.0974979	-0.198	0.198
  5077	-0.0895198	-0.198	0.198
  5078	-0.0961574	-0.198	0.198
  5079	-0.0857693	-0.198	0.198
  5080	-0.0431928	-0.198	0.198
  5081	-0.0706044	-0.198	0.198
  5082	-0.0668421	-0.198	0.198
  5083	-0.0972435	-0.198	0.198
  5084	-0.0677604	-0.198	0.198
  5085	-0.0601641	-0.198	0.198
  5086	-0.0963253	-0.198	0.198
  5087	-0.0369329	-0.198	0.198
  5088	-0.0905575	-0.198	0.198
  5089	-0.0930897	-0.198	0.198
  5090	-0.07034	-0.198	0.198
  5091	-0.0565255	-0.198	0.198
  5092	-0.0811486	-0.198	0.198
  5093	-0.0927	-0.198	0.198
  5094	-0.0591982	-0.198	0.198
  5095	-0.07335	-0.198	0.198
  5096	-0.0807542	-0.198	0.198
  5097	-0.0889495	-0.198	0.198
  5098	-0.0939017	-0.198	0.198
  5099	-0.0846418	-0.198	0.198
  5100	-0.0781604	-0.198	0.198
  5101	-0.0820071	-0.198	0.198
  5102	-0.0554872	-0.198	0.198
  5103	-0.0978416	-0.198	0.198
  5104	-0.0955681	-0.198	0.198
  5105	-0.0957456	-0.198	0.198
  5106	-0.0887607	-0.198	0.198
  5107	-0.0525371	-0.198	0.198
  5108	-0.0772928	-0.198	0.198
  5109	-0.0509296	-0.198	0.198
  5110	-0.0541362	-0.198	0.198
  5111	-0.0526471	-0.198	0.198
  5112	-0.0767252	-0.198	0.198
  5113	-0.0849568	-0.198	0.198
  5114	-0.0751879	-0.198	0.198
  5115	-0.085548	-0.198	0.198
  5116	-0.0480969	-0.198	0.198
  5117	-0.0327788	-0.198	0.198
  5118	-0.0833006	-0.198	0.198
  5119	-0.0742852	-0.198	0.198
  5120	-0.0565485	-0.198	0.198
  5121	-0.0697638	-0.198	0.198
  5122	-0.0947533	-0.198	0.198
  5123	-0.0886518	-0.198	0.198
  5124	-0.0822743	-0.198	0.198
  5125	-0.0683705	-0.198	0.198
  5126	-0.0791363	-0.198	0.198
  5127	-0.0923276	-0.198	0.198
  5128	-0.0880092	-0.198	0.198
  5129	-0.0683584	-0.198	0.198
  5130	-0.0652914	-0.198	0.198
  5131	-0.0912908	-0.198	0.198
  5132	-0.0767113	-0.198	0.198
  5133	-0.0773458	-0.198	0.198
  5134	-0.0755168	-0.198	0.198
  5135	-0.0836821	-0.198	0.198
  5136	-0.0975916	-0.198	0.198
  5137	-0.057462	-0.198	0.198
  5138	-0.0581696	-0.198	0.198
  5139	-0.078259	-0.198	0.198
  5140	-0.0809673	-0.198	0.198
  5141	-0.0732521	-0.198	0.198
  5142	-0.0857439	-0.198	0.198
  5143	-0.0784038	-0.198	0.198
  5144	-0.075933	-0.198	0.198
  5145	-0.0804526	-0.198	0.198
  5146	-0.0663854	-0.198	0.198
  5147	-0.0958741	-0.198	0.198
  5148	-0.0563016	-0.198	0.198
  5149	-0.0859555	-0.198	0.198
  5150	-0.0968796	-0.198	0.198
  5151	-0.0739995	-0.198	0.198
  5152	-0.0599599	-0.198	0.198
  5153	-0.0641543	-0.198	0.198
  5154	-0.0823148	-0.198	0.198
  5155	-0.0744571	-0.198	0.198
  5156	-0.0926111	-0.198	0.198
  5157	-0.0926684	-0.198	0.198
  5158	-0.0930842	-0.198	0.198
  5159	-0.0874599	-0.198	0.198
  5160	-0.0929192	-0.198	0.198
  5161	-0.0732838	-0.198	0.198
  5162	-0.0823189	-0.198	0.198
  5163	-0.0465073	-0.198	0.198
  5164	-0.071061	-0.198	0.198
  5165	-0.0400724	-0.198	0.198
  5166	-0.0480294	-0.198	0.198
  5167	-0.0790337	-0.198	0.198
  5168	-0.0913299	-0.198	0.198
  5169	-0.096205	-0.198	0.198
  5170	-0.0723933	-0.198	0.198
  5171	-0.0762697	-0.198	0.198
  5172	-0.0854034	-0.198	0.198
  5173	-0.0760615	-0.198	0.198
  5174	-0.0535674	-0.198	0.198
  5175	-0.0528335	-0.198	0.198
  5176	-0.0904674	-0.198	0.198
  5177	-0.0928402	-0.198	0.198
  5178	-0.061615	-0.198	0.198
  5179	-0.0744878	-0.198	0.198
  5180	-0.097292	-0.198	0.198
  5181	-0.0926771	-0.198	0.198
  5182	-0.0767417	-0.198	0.198
  5183	-0.0957069	-0.198	0.198
  5184	-0.080557	-0.198	0.198
  5185	-0.0853349	-0.198	0.198
  5186	-0.0837667	-0.198	0.198
  5187	-0.0679906	-0.198	0.198
  5188	-0.0726	-0.198	0.198
  5189	-0.0865242	-0.198	0.198
  5190	-0.0728878	-0.198	0.198
  5191	-0.0905169	-0.198	0.198
  5192	-0.0293748	-0.198	0.198
  5193	-0.0887212	-0.198	0.198
  5194	-0.0961955	-0.198	0.198
  5195	-0.0540336	-0.198	0.198
  5196	-0.0475247	-0.198	0.198
  5197	-0.0980847	-0.198	0.198
  5198	-0.0861501	-0.198	0.198
  5199	-0.0735951	-0.198	0.198
  5200	-0.0702863	-0.198	0.198
  5201	-0.0807207	-0.198	0.198
  5202	-0.0844941	-0.198	0.198
  5203	-0.0565061	-0.198	0.198
  5204	-0.0809299	-0.198	0.198
  5205	-0.0565498	-0.198	0.198
  5206	-0.0565603	-0.198	0.198
  5207	-0.0916885	-0.198	0.198
  5208	-0.0841187	-0.198	0.198
  5209	-0.0837131	-0.198	0.198
  5210	-0.0880911	-0.198	0.198
  5211	-0.0560459	-0.198	0.198
  5212	-0.0528472	-0.198	0.198
  5213	-0.097181	-0.198	0.198
  5214	-0.0980512	-0.198	0.198
  5215	-0.039108	-0.198	0.198
  5216	-0.0806075	-0.198	0.198
  5217	-0.0548096	-0.198	0.198
  5218	-0.0732607	-0.198	0.198
  5219	-0.0867063	-0.198	0.198
  5220	-0.0437058	-0.198	0.198
  5221	-0.0277497	-0.198	0.198
  5222	-0.0861636	-0.198	0.198
  5223	-0.0891335	-0.198	0.198
  5224	-0.090508	-0.198	0.198
  5225	-0.077225	-0.198	0.198
  5226	-0.0789112	-0.198	0.198
  5227	-0.0424731	-0.198	0.198
  5228	-0.0954803	-0.198	0.198
  5229	-0.0675085	-0.198	0.198
  5230	-0.0811477	-0.198	0.198
  5231	-0.075788	-0.198	0.198
  5232	-0.097109	-0.198	0.198
  5233	-0.0602132	-0.198	0.198
  5234	-0.096161	-0.198	0.198
  5235	-0.0687955	-0.198	0.198
  5236	-0.0481627	-0.198	0.198
  5237	-0.0945353	-0.198	0.198
  5238	-0.0736272	-0.198	0.198
  5239	-0.097707	-0.198	0.198
  5240	-0.0824943	-0.198	0.198
  5241	-0.0631432	-0.198	0.198
  5242	-0.0969799	-0.198	0.198
  5243	-0.0951964	-0.198	0.198
  5244	-0.0966078	-0.198	0.198
  5245	-0.0642847	-0.198	0.198
  5246	-0.0549261	-0.198	0.198
  5247	-0.0668444	-0.198	0.198
  5248	-0.0563488	-0.198	0.198
  5249	-0.095566	-0.198	0.198
  5250	-0.0821286	-0.198	0.198
  5251	-0.0773255	-0.198	0.198
  5252	-0.0890213	-0.198	0.198
  5253	-0.0828776	-0.198	0.198
  5254	-0.0963508	-0.198	0.198
  5255	-0.0933382	-0.198	0.198
  5256	-0.0803079	-0.198	0.198
  5257	-0.0733845	-0.198	0.198
  5258	-0.0810925	-0.198	0.198
  5259	-0.0923131	-0.198	0.198
  5260	-0.0879685	-0.198	0.198
  5261	-0.0903985	-0.198	0.198
  5262	-0.0803833	-0.198	0.198
  5263	-0.0853412	-0.198	0.198
  5264	-0.0698158	-0.198	0.198
  5265	-0.0926927	-0.198	0.198
  5266	-0.0694051	-0.198	0.198
  5267	-0.0477208	-0.198	0.198
  5268	-0.06255	-0.198	0.198
  5269	-0.0648358	-0.198	0.198
  5270	-0.0401832	-0.198	0.198
  5271	-0.0347037	-0.198	0.198
  5272	-0.081876	-0.198	0.198
  5273	-0.0634503	-0.198	0.198
  5274	-0.0843047	-0.198	0.198
  5275	-0.095962	-0.198	0.198
  5276	-0.0723465	-0.198	0.198
  5277	-0.0409813	-0.198	0.198
  5278	-0.0828845	-0.198	0.198
  5279	-0.0879282	-0.198	0.198
  5280	-0.0625173	-0.198	0.198
  5281	-0.0963159	-0.198	0.198
  5282	-0.0863861	-0.198	0.198
  5283	-0.0884196	-0.198	0.198
  5284	-0.0961547	-0.198	0.198
  5285	-0.0431563	-0.198	0.198
  5286	-0.0801359	-0.198	0.198
  5287	-0.0680089	-0.198	0.198
  5288	-0.0714773	-0.198	0.198
  5289	-0.040607	-0.198	0.198
  5290	-0.0718574	-0.198	0.198
  5291	-0.0637644	-0.198	0.198
  5292	-0.0608714	-0.198	0.198
  5293	-0.0838095	-0.198	0.198
  5294	-0.0304804	-0.198	0.198
  5295	-0.0729612	-0.198	0.198
  5296	-0.0928092	-0.198	0.198
  5297	-0.0522877	-0.198	0.198
  5298	-0.0881401	-0.198	0.198
  5299	-0.0849608	-0.198	0.198
  5300	-0.0868248	-0.198	0.198
  5301	-0.076585	-0.198	0.198
  5302	-0.0833817	-0.198	0.198
  5303	-0.0395024	-0.198	0.198
  5304	-0.0629848	-0.198	0.198
  5305	-0.0791577	-0.198	0.198
  5306	-0.0934076	-0.198	0.198
  5307	-0.081631	-0.198	0.198
  5308	-0.089781	-0.198	0.198
  5309	-0.0663587	-0.198	0.198
  5310	-0.0712933	-0.198	0.198
  5311	-0.0633676	-0.198	0.198
  5312	-0.0769562	-0.198	0.198
  5313	-0.0869332	-0.198	0.198
  5314	-0.0705666	-0.198	0.198
  5315	-0.0836455	-0.198	0.198
  5316	-0.089747	-0.198	0.198
  5317	-0.0857812	-0.198	0.198
  5318	-0.0683728	-0.198	0.198
  5319	-0.094015	-0.198	0.198
  5320	-0.0972576	-0.198	0.198
  5321	-0.0954777	-0.198	0.198
  5322	-0.0850345	-0.198	0.198
  5323	-0.0711162	-0.198	0.198
  5324	-0.0873822	-0.198	0.198
  5325	-0.075752	-0.198	0.198
  5326	-0.0627627	-0.198	0.198
  5327	-0.0526036	-0.198	0.198
  5328	-0.0641481	-0.198	0.198
  5329	-0.0549467	-0.198	0.198
  5330	-0.0874787	-0.198	0.198
  5331	-0.0745302	-0.198	0.198
  5332	-0.0579518	-0.198	0.198
  5333	-0.0806985	-0.198	0.198
  5334	-0.037184	-0.198	0.198
  5335	-0.0763904	-0.198	0.198
  5336	-0.0837872	-0.198	0.198
  5337	-0.0853391	-0.198	0.198
  5338	-0.0743253	-0.198	0.198
  5339	-0.08586	-0.198	0.198
  5340	-0.0380324	-0.198	0.198
  5341	-0.0872119	-0.198	0.198
  5342	-0.0302145	-0.198	0.198
  5343	-0.0745579	-0.198	0.198
  5344	-0.0894226	-0.198	0.198
  5345	-0.0720298	-0.198	0.198
  5346	-0.0766236	-0.198	0.198
  5347	-0.0707197	-0.198	0.198
  5348	-0.0793382	-0.198	0.198
  5349	-0.0964387	-0.198	0.198
  5350	-0.0735993	-0.198	0.198
  5351	-0.0910968	-0.198	0.198
  5352	-0.0731667	-0.198	0.198
  5353	-0.0859713	-0.198	0.198
  5354	-0.0615935	-0.198	0.198
  5355	-0.095157	-0.198	0.198
  5356	-0.0808335	-0.198	0.198
  5357	-0.0844982	-0.198	0.198
  5358	-0.0730877	-0.198	0.198
  5359	-0.0215345	-0.198	0.198
  5360	-0.0770708	-0.198	0.198
  5361	-0.0845602	-0.198	0.198
  5362	-0.0804329	-0.198	0.198
  5363	-0.0402735	-0.198	0.198
  5364	-0.0617624	-0.198	0.198
  5365	-0.0831491	-0.198	0.198
  5366	-0.0791085	-0.198	0.198
  5367	-0.0979747	-0.198	0.198
  5368	-0.0680245	-0.198	0.198
  5369	-0.0504001	-0.198	0.198
  5370	-0.0340618	-0.198	0.198
  5371	-0.0958144	-0.198	0.198
  5372	-0.0508895	-0.198	0.198
  5373	-0.0946193	-0.198	0.198
  5374	-0.0864876	-0.198	0.198
  5375	-0.0532321	-0.198	0.198
  5376	-0.0752654	-0.198	0.198
  5377	-0.0252874	-0.198	0.198
  5378	-0.0930444	-0.198	0.198
  5379	-0.0719285	-0.198	0.198
  5380	-0.0793779	-0.198	0.198
  5381	-0.0939091	-0.198	0.198
  5382	-0.0186921	-0.198	0.198
  5383	-0.0844509	-0.198	0.198
  5384	-0.0824223	-0.198	0.198
  5385	-0.0480318	-0.198	0.198
  5386	-0.0752557	-0.198	0.198
  5387	-0.0972506	-0.198	0.198
  5388	-0.0785777	-0.198	0.198
  5389	-0.044405	-0.198	0.198
  5390	-0.0520554	-0.198	0.198
  5391	-0.0640317	-0.198	0.198
  5392	-0.0596674	-0.198	0.198
  5393	-0.0650674	-0.198	0.198
  5394	-0.08332	-0.198	0.198
  5395	-0.0867294	-0.198	0.198
  5396	-0.0645093	-0.198	0.198
  5397	-0.0533436	-0.198	0.198
  5398	-0.0710368	-0.198	0.198
  5399	-0.0951163	-0.198	0.198
  5400	-0.0540867	-0.198	0.198
  5401	-0.0590422	-0.198	0.198
  5402	-0.091111	-0.198	0.198
  5403	-0.095197	-0.198	0.198
  5404	-0.0229845	-0.198	0.198
  5405	-0.0740786	-0.198	0.198
  5406	-0.0796028	-0.198	0.198
  5407	-0.0402984	-0.198	0.198
  5408	-0.0950212	-0.198	0.198
  5409	-0.0616405	-0.198	0.198
  5410	-0.0912415	-0.198	0.198
  5411	-0.0378953	-0.198	0.198
  5412	-0.0872149	-0.198	0.198
  5413	-0.0707563	-0.198	0.198
  5414	-0.0841752	-0.198	0.198
  5415	-0.0633858	-0.198	0.198
  5416	-0.0714771	-0.198	0.198
  5417	-0.0649632	-0.198	0.198
  5418	-0.0947881	-0.198	0.198
  5419	-0.0612646	-0.198	0.198
  5420	-0.0486822	-0.198	0.198
  5421	-0.0948099	-0.198	0.198
  5422	-0.0963418	-0.198	0.198
  5423	-0.0935774	-0.198	0.198
  5424	-0.0981007	-0.198	0.198
  5425	-0.0748029	-0.198	0.198
  5426	-0.0177563	-0.198	0.198
  5427	-0.0977269	-0.198	0.198
  5428	-0.0728082	-0.198	0.198
  5429	-0.0551712	-0.198	0.198
  5430	-0.0845667	-0.198	0.198
  5431	-0.0694367	-0.198	0.198
  5432	-0.0839951	-0.198	0.198
  5433	-0.0955822	-0.198	0.198
  5434	-0.0873258	-0.198	0.198
  5435	-0.0791149	-0.198	0.198
  5436	-0.0512927	-0.198	0.198
  5437	-0.0905381	-0.198	0.198
  5438	-0.0890528	-0.198	0.198
  5439	-0.066532	-0.198	0.198
  5440	-0.0648348	-0.198	0.198
  5441	-0.087643	-0.198	0.198
  5442	-0.0585088	-0.198	0.198
  5443	-0.0626882	-0.198	0.198
  5444	-0.0713464	-0.198	0.198
  5445	-0.0756951	-0.198	0.198
  5446	-0.0505025	-0.198	0.198
  5447	-0.07102	-0.198	0.198
  5448	-0.0823913	-0.198	0.198
  5449	-0.0980474	-0.198	0.198
  5450	-0.0890568	-0.198	0.198
  5451	-0.0644497	-0.198	0.198
  5452	-0.0907324	-0.198	0.198
  5453	-0.0856495	-0.198	0.198
  5454	-0.0878035	-0.198	0.198
  5455	-0.0658464	-0.198	0.198
  5456	-0.0777492	-0.198	0.198
  5457	-0.0917598	-0.198	0.198
  5458	-0.0886486	-0.198	0.198
  5459	-0.068194	-0.198	0.198
  5460	-0.04973	-0.198	0.198
  5461	-0.0927198	-0.198	0.198
  5462	-0.0680591	-0.198	0.198
  5463	-0.070978	-0.198	0.198
  5464	-0.0779378	-0.198	0.198
  5465	-0.088122	-0.198	0.198
  5466	-0.0896243	-0.198	0.198
  5467	-0.0914829	-0.198	0.198
  5468	-0.0774951	-0.198	0.198
  5469	-0.0871016	-0.198	0.198
  5470	-0.0978563	-0.198	0.198
  5471	-0.0596683	-0.198	0.198
  5472	-0.0406467	-0.198	0.198
  5473	-0.0738046	-0.198	0.198
  5474	-0.0956689	-0.198	0.198
  5475	-0.0975631	-0.198	0.198
  5476	-0.0976991	-0.198	0.198
  5477	-0.0748956	-0.198	0.198
  5478	-0.0800798	-0.198	0.198
  5479	-0.0795799	-0.198	0.198
  5480	-0.0803864	-0.198	0.198
  5481	-0.0719906	-0.198	0.198
  5482	-0.0533496	-0.198	0.198
  5483	-0.0614771	-0.198	0.198
  5484	-0.0722621	-0.198	0.198
  5485	-0.0771306	-0.198	0.198
  5486	-0.0969163	-0.198	0.198
  5487	-0.0880628	-0.198	0.198
  5488	-0.0961254	-0.198	0.198
  5489	-0.0803215	-0.198	0.198
  5490	-0.0632336	-0.198	0.198
  5491	-0.0741715	-0.198	0.198
  5492	-0.08104	-0.198	0.198
  5493	-0.0896833	-0.198	0.198
  5494	-0.0871446	-0.198	0.198
  5495	-0.0680701	-0.198	0.198
  5496	-0.0835987	-0.198	0.198
  5497	-0.069472	-0.198	0.198
  5498	-0.0686147	-0.198	0.198
  5499	-0.0451435	-0.198	0.198
  5500	-0.068127	-0.198	0.198
  5501	-0.0583281	-0.198	0.198
  5502	-0.0977746	-0.198	0.198
  5503	-0.0910968	-0.198	0.198
  5504	-0.0555271	-0.198	0.198
  5505	-0.0980748	-0.198	0.198
  5506	-0.0907508	-0.198	0.198
  5507	-0.0665519	-0.198	0.198
  5508	-0.0885677	-0.198	0.198
  5509	-0.0872272	-0.198	0.198
  5510	-0.0668823	-0.198	0.198
  5511	-0.0911067	-0.198	0.198
  5512	-0.0960844	-0.198	0.198
  5513	-0.0701824	-0.198	0.198
  5514	-0.0534338	-0.198	0.198
  5515	-0.09403	-0.198	0.198
  5516	-0.0488915	-0.198	0.198
  5517	-0.0840833	-0.198	0.198
  5518	-0.082345	-0.198	0.198
  5519	-0.0611426	-0.198	0.198
  5520	-0.0935431	-0.198	0.198
  5521	-0.0768075	-0.198	0.198
  5522	-0.0834946	-0.198	0.198
  5523	-0.0654851	-0.198	0.198
  5524	-0.0569186	-0.198	0.198
  5525	-0.0758227	-0.198	0.198
  5526	-0.0799257	-0.198	0.198
  5527	-0.0934801	-0.198	0.198
  5528	-0.0372923	-0.198	0.198
  5529	-0.0311858	-0.198	0.198
  5530	-0.0947847	-0.198	0.198
  5531	-0.0811655	-0.198	0.198
  5532	-0.0872555	-0.198	0.198
  5533	-0.072379	-0.198	0.198
  5534	-0.0882413	-0.198	0.198
  5535	-0.0669005	-0.198	0.198
  5536	-0.0738351	-0.198	0.198
  5537	-0.0947898	-0.198	0.198
  5538	-0.0638832	-0.198	0.198
  5539	-0.0979782	-0.198	0.198
  5540	-0.043282	-0.198	0.198
  5541	-0.0695571	-0.198	0.198
  5542	-0.082919	-0.198	0.198
  5543	-0.051147	-0.198	0.198
  5544	-0.0517938	-0.198	0.198
  5545	-0.0889048	-0.198	0.198
  5546	-0.0479506	-0.198	0.198
  5547	-0.092866	-0.198	0.198
  5548	-0.0661337	-0.198	0.198
  5549	-0.0651902	-0.198	0.198
  5550	-0.0962412	-0.198	0.198
  5551	-0.0300581	-0.198	0.198
  5552	-0.0789982	-0.198	0.198
  5553	-0.0775074	-0.198	0.198
  5554	-0.0939225	-0.198	0.198
  5555	-0.0708318	-0.198	0.198
  5556	-0.0721005	-0.198	0.198
  5557	-0.0817447	-0.198	0.198
  5558	-0.0686017	-0.198	0.198
  5559	-0.0815609	-0.198	0.198
  5560	-0.0903576	-0.198	0.198
  5561	-0.0454085	-0.198	0.198
  5562	-0.0481294	-0.198	0.198
  5563	-0.0715684	-0.198	0.198
  5564	-0.0975711	-0.198	0.198
  5565	-0.0732353	-0.198	0.198
  5566	-0.0874941	-0.198	0.198
  5567	-0.0779543	-0.198	0.198
  5568	-0.0600145	-0.198	0.198
  5569	-0.0904422	-0.198	0.198
  5570	-0.0944258	-0.198	0.198
  5571	-0.0608853	-0.198	0.198
  5572	-0.0948143	-0.198	0.198
  5573	-0.089498	-0.198	0.198
  5574	-0.0648685	-0.198	0.198
  5575	-0.0719085	-0.198	0.198
  5576	-0.0533384	-0.198	0.198
  5577	-0.0848764	-0.198	0.198
  5578	-0.0685067	-0.198	0.198
  5579	-0.0846844	-0.198	0.198
  5580	-0.0980851	-0.198	0.198
  5581	-0.0771906	-0.198	0.198
  5582	-0.0760011	-0.198	0.198
  5583	-0.096082	-0.198	0.198
  5584	-0.06606	-0.198	0.198
  5585	-0.0879034	-0.198	0.198
  5586	-0.0859573	-0.198	0.198
  5587	-0.0971248	-0.198	0.198
  5588	-0.0782848	-0.198	0.198
  5589	-0.0980618	-0.198	0.198
  5590	-0.0841166	-0.198	0.198
  5591	-0.0634606	-0.198	0.198
  5592	-0.0712672	-0.198	0.198
  5593	-0.0774659	-0.198	0.198
  5594	-0.0962472	-0.198	0.198
  5595	-0.0931568	-0.198	0.198
  5596	-0.0713767	-0.198	0.198
  5597	-0.0588245	-0.198	0.198
  5598	-0.0789543	-0.198	0.198
  5599	-0.0541054	-0.198	0.198
  5600	-0.0951415	-0.198	0.198
  5601	-0.0907531	-0.198	0.198
  5602	-0.0906952	-0.198	0.198
  5603	-0.0777425	-0.198	0.198
  5604	-0.0663911	-0.198	0.198
  5605	-0.0718196	-0.198	0.198
  5606	-0.089399	-0.198	0.198
  5607	-0.0972773	-0.198	0.198
  5608	-0.0897401	-0.198	0.198
  5609	-0.0711998	-0.198	0.198
  5610	-0.0936014	-0.198	0.198
  5611	-0.0921989	-0.198	0.198
  5612	-0.0464188	-0.198	0.198
  5613	-0.0605215	-0.198	0.198
  5614	-0.0901586	-0.198	0.198
  5615	-0.0354585	-0.198	0.198
  5616	-0.0765102	-0.198	0.198
  5617	-0.074246	-0.198	0.198
  5618	-0.0924211	-0.198	0.198
  5619	-0.0185214	-0.198	0.198
  5620	-0.0761695	-0.198	0.198
  5621	-0.0878818	-0.198	0.198
  5622	-0.060413	-0.198	0.198
  5623	-0.0373936	-0.198	0.198
  5624	-0.0626513	-0.198	0.198
  5625	-0.0344094	-0.198	0.198
  5626	-0.0712861	-0.198	0.198
  5627	-0.0970623	-0.198	0.198
  5628	-0.0962552	-0.198	0.198
  5629	-0.0749055	-0.198	0.198
  5630	-0.0851893	-0.198	0.198
  5631	-0.0623155	-0.198	0.198
  5632	-0.039021	-0.198	0.198
  5633	-0.0947676	-0.198	0.198
  5634	-0.0812031	-0.198	0.198
  5635	-0.0920896	-0.198	0.198
  5636	-0.0726648	-0.198	0.198
  5637	-0.0644559	-0.198	0.198
  5638	-0.0812726	-0.198	0.198
  5639	-0.0941989	-0.198	0.198
  5640	-0.0912091	-0.198	0.198
  5641	-0.0604914	-0.198	0.198
  5642	-0.081842	-0.198	0.198
  5643	-0.0838007	-0.198	0.198
  5644	-0.0913627	-0.198	0.198
  5645	-0.0694517	-0.198	0.198
  5646	-0.0879889	-0.198	0.198
  5647	-0.0932835	-0.198	0.198
  5648	-0.0875535	-0.198	0.198
  5649	-0.0818709	-0.198	0.198
  5650	-0.0805595	-0.198	0.198
  5651	-0.0971257	-0.198	0.198
  5652	-0.0884318	-0.198	0.198
  5653	-0.0809682	-0.198	0.198
  5654	-0.0839076	-0.198	0.198
  5655	-0.0853046	-0.198	0.198
  5656	-0.0534186	-0.198	0.198
  5657	-0.0926956	-0.198	0.198
  5658	-0.0351288	-0.198	0.198
  5659	-0.0717995	-0.198	0.198
  5660	-0.0512453	-0.198	0.198
  5661	-0.0833668	-0.198	0.198
  5662	-0.066981	-0.198	0.198
  5663	-0.083268	-0.198	0.198
  5664	-0.0771848	-0.198	0.198
  5665	-0.0492462	-0.198	0.198
  5666	-0.0584773	-0.198	0.198
  5667	-0.0418286	-0.198	0.198
  5668	-0.0576967	-0.198	0.198
  5669	-0.0434391	-0.198	0.198
  5670	-0.0943036	-0.198	0.198
  5671	-0.072169	-0.198	0.198
  5672	-0.0833987	-0.198	0.198
  5673	-0.0367391	-0.198	0.198
  5674	-0.0941271	-0.198	0.198
  5675	-0.0973997	-0.198	0.198
  5676	-0.0438858	-0.198	0.198
  5677	-0.069745	-0.198	0.198
  5678	-0.0785107	-0.198	0.198
  5679	-0.0850097	-0.198	0.198
  5680	-0.0983068	-0.198	0.198
  5681	-0.0831702	-0.198	0.198
  5682	-0.0790435	-0.198	0.198
  5683	-0.0652179	-0.198	0.198
  5684	-0.0977182	-0.198	0.198
  5685	-0.0720786	-0.198	0.198
  5686	-0.0701793	-0.198	0.198
  5687	-0.0639362	-0.198	0.198
  5688	-0.0463311	-0.198	0.198
  5689	-0.0553043	-0.198	0.198
  5690	-0.0900503	-0.198	0.198
  5691	-0.0572689	-0.198	0.198
  5692	-0.0773734	-0.198	0.198
  5693	-0.0429454	-0.198	0.198
  5694	-0.0940433	-0.198	0.198
  5695	-0.097618	-0.198	0.198
  5696	-0.0948632	-0.198	0.198
  5697	-0.0964568	-0.198	0.198
  5698	-0.0868529	-0.198	0.198
  5699	-0.0708323	-0.198	0.198
  5700	-0.089607	-0.198	0.198
  5701	-0.0849055	-0.198	0.198
  5702	-0.0626931	-0.198	0.198
  5703	-0.0312753	-0.198	0.198
  5704	-0.0968771	-0.198	0.198
  5705	-0.0827456	-0.198	0.198
  5706	-0.0381939	-0.198	0.198
  5707	-0.0893829	-0.198	0.198
  5708	-0.0507195	-0.198	0.198
  5709	-0.0953244	-0.198	0.198
  5710	-0.088339	-0.198	0.198
  5711	-0.0969664	-0.198	0.198
  5712	-0.044862	-0.198	0.198
  5713	-0.0779044	-0.198	0.198
  5714	-0.0667541	-0.198	0.198
  5715	-0.0935997	-0.198	0.198
  5716	-0.0916068	-0.198	0.198
  5717	-0.0560364	-0.198	0.198
  5718	-0.0777355	-0.198	0.198
  5719	-0.0915201	-0.198	0.198
  5720	-0.0524048	-0.198	0.198
  5721	-0.0414055	-0.198	0.198
  5722	-0.0957668	-0.198	0.198
  5723	-0.0922206	-0.198	0.198
  5724	-0.0957963	-0.198	0.198
  5725	-0.0634711	-0.198	0.198
  5726	-0.0907759	-0.198	0.198
  5727	-0.0747111	-0.198	0.198
  5728	-0.0865292	-0.198	0.198
  5729	-0.0538252	-0.198	0.198
  5730	-0.075171	-0.198	0.198
  5731	-0.068208	-0.198	0.198
  5732	-0.0326449	-0.198	0.198
  5733	-0.0474706	-0.198	0.198
  5734	-0.0924742	-0.198	0.198
  5735	-0.0794293	-0.198	0.198
  5736	-0.092763	-0.198	0.198
  5737	-0.0774416	-0.198	0.198
  5738	-0.0898777	-0.198	0.198
  5739	-0.0783358	-0.198	0.198
  5740	-0.0949059	-0.198	0.198
  5741	-0.0906059	-0.198	0.198
  5742	-0.0782988	-0.198	0.198
  5743	-0.0676529	-0.198	0.198
  5744	-0.0734925	-0.198	0.198
  5745	-0.0666457	-0.198	0.198
  5746	-0.093581	-0.198	0.198
  5747	-0.0704564	-0.198	0.198
  5748	-0.0700119	-0.198	0.198
  5749	-0.057073	-0.198	0.198
  5750	-0.0929048	-0.198	0.198
  5751	-0.0438715	-0.198	0.198
  5752	-0.0424864	-0.198	0.198
  5753	-0.0702659	-0.198	0.198
  5754	-0.0616189	-0.198	0.198
  5755	-0.0944147	-0.198	0.198
  5756	-0.0952774	-0.198	0.198
  5757	-0.084147	-0.198	0.198
  5758	-0.0898144	-0.198	0.198
  5759	-0.0898388	-0.198	0.198
  5760	-0.0684059	-0.198	0.198
  5761	-0.0541977	-0.198	0.198
  5762	-0.0533494	-0.198	0.198
  5763	-0.0722985	-0.198	0.198
  5764	-0.0866233	-0.198	0.198
  5765	-0.0384658	-0.198	0.198
  5766	-0.0497964	-0.198	0.198
  5767	-0.0959861	-0.198	0.198
  5768	-0.0681727	-0.198	0.198
  5769	-0.0872802	-0.198	0.198
  5770	-0.0519093	-0.198	0.198
  5771	-0.0910812	-0.198	0.198
  5772	-0.0847992	-0.198	0.198
  5773	-0.0897053	-0.198	0.198
  5774	-0.0736662	-0.198	0.198
  5775	-0.0956181	-0.198	0.198
  5776	-0.0675494	-0.198	0.198
  5777	-0.058289	-0.198	0.198
  5778	-0.0829946	-0.198	0.198
  5779	-0.0979902	-0.198	0.198
  5780	-0.0488979	-0.198	0.198
  5781	-0.075087	-0.198	0.198
  5782	-0.0546407	-0.198	0.198
  5783	-0.0762446	-0.198	0.198
  5784	-0.0483145	-0.198	0.198
  5785	-0.0595525	-0.198	0.198
  5786	-0.0820389	-0.198	0.198
  5787	-0.0678314	-0.198	0.198
  5788	-0.0500953	-0.198	0.198
  5789	-0.0937364	-0.198	0.198
  5790	-0.0351118	-0.198	0.198
  5791	-0.088096	-0.198	0.198
  5792	-0.062546	-0.198	0.198
  5793	-0.0913381	-0.198	0.198
  5794	-0.0868614	-0.198	0.198
  5795	-0.0720104	-0.198	0.198
  5796	-0.0841376	-0.198	0.198
  5797	-0.0657345	-0.198	0.198
  5798	-0.0838134	-0.198	0.198
  5799	-0.0733714	-0.198	0.198
  5800	-0.0723271	-0.198	0.198
  5801	-0.0708227	-0.198	0.198
  5802	-0.0964358	-0.198	0.198
  5803	-0.0807127	-0.198	0.198
  5804	-0.0875686	-0.198	0.198
  5805	-0.0871512	-0.198	0.198
  5806	-0.0683924	-0.198	0.198
  5807	-0.0893975	-0.198	0.198
  5808	-0.0889388	-0.198	0.198
  5809	-0.0147526	-0.198	0.198
  5810	-0.0650922	-0.198	0.198
  5811	-0.0486229	-0.198	0.198
  5812	-0.0721186	-0.198	0.198
  5813	-0.0932142	-0.198	0.198
  5814	-0.0978471	-0.198	0.198
  5815	-0.0704687	-0.198	0.198
  5816	-0.0855606	-0.198	0.198
  5817	-0.0740831	-0.198	0.198
  5818	-0.0262753	-0.198	0.198
  5819	-0.0528167	-0.198	0.198
  5820	-0.0642578	-0.198	0.198
  5821	-0.0942924	-0.198	0.198
  5822	-0.0954454	-0.198	0.198
  5823	-0.0429896	-0.198	0.198
  5824	-0.0974096	-0.198	0.198
  5825	-0.0785641	-0.198	0.198
  5826	-0.0810127	-0.198	0.198
  5827	-0.0719807	-0.198	0.198
  5828	-0.0854059	-0.198	0.198
  5829	-0.0226026	-0.198	0.198
  5830	-0.0933447	-0.198	0.198
  5831	-0.0915773	-0.198	0.198
  5832	-0.0924337	-0.198	0.198
  5833	-0.0791223	-0.198	0.198
  5834	-0.0936074	-0.198	0.198
  5835	-0.0420344	-0.198	0.198
  5836	-0.0738216	-0.198	0.198
  5837	-0.0590663	-0.198	0.198
  5838	-0.0904716	-0.198	0.198
  5839	-0.0847625	-0.198	0.198
  5840	-0.0434047	-0.198	0.198
  5841	-0.0351799	-0.198	0.198
  5842	-0.0944674	-0.198	0.198
  5843	-0.0825132	-0.198	0.198
  5844	-0.0818188	-0.198	0.198
  5845	-0.0811858	-0.198	0.198
  5846	-0.0973339	-0.198	0.198
  5847	-0.0567517	-0.198	0.198
  5848	-0.0554474	-0.198	0.198
  5849	-0.0838457	-0.198	0.198
  5850	-0.076101	-0.198	0.198
  5851	-0.0723726	-0.198	0.198
  5852	-0.0891183	-0.198	0.198
  5853	-0.0800202	-0.198	0.198
  5854	-0.0967693	-0.198	0.198
  5855	-0.0663223	-0.198	0.198
  5856	-0.060182	-0.198	0.198
  5857	-0.0744784	-0.198	0.198
  5858	-0.0711344	-0.198	0.198
  5859	-0.0961368	-0.198	0.198
  5860	-0.0911607	-0.198	0.198
  5861	-0.0566331	-0.198	0.198
  5862	-0.0923541	-0.198	0.198
  5863	-0.0892473	-0.198	0.198
  5864	-0.079564	-0.198	0.198
  5865	-0.068218	-0.198	0.198
  5866	-0.0382725	-0.198	0.198
  5867	-0.0795239	-0.198	0.198
  5868	-0.0916265	-0.198	0.198
  5869	-0.0598663	-0.198	0.198
  5870	-0.0923948	-0.198	0.198
  5871	-0.0490229	-0.198	0.198
  5872	-0.0789536	-0.198	0.198
  5873	-0.0762555	-0.198	0.198
  5874	-0.0780015	-0.198	0.198
  5875	-0.0883144	-0.198	0.198
  5876	-0.0932586	-0.198	0.198
  5877	-0.0890181	-0.198	0.198
  5878	-0.0844552	-0.198	0.198
  5879	-0.0869902	-0.198	0.198
  5880	-0.0945049	-0.198	0.198
  5881	-0.0361962	-0.198	0.198
  5882	-0.0874819	-0.198	0.198
  5883	-0.0900451	-0.198	0.198
  5884	-0.0910548	-0.198	0.198
  5885	-0.0945205	-0.198	0.198
  5886	-0.0699197	-0.198	0.198
  5887	-0.0895216	-0.198	0.198
  5888	-0.0847484	-0.198	0.198
  5889	-0.0841044	-0.198	0.198
  5890	-0.0835451	-0.198	0.198
  5891	-0.0400516	-0.198	0.198
  5892	-0.0703074	-0.198	0.198
  5893	-0.0950988	-0.198	0.198
  5894	-0.085142	-0.198	0.198
  5895	-0.0814116	-0.198	0.198
  5896	-0.078135	-0.198	0.198
  5897	-0.0982838	-0.198	0.198
  5898	-0.0954098	-0.198	0.198
  5899	-0.0611701	-0.198	0.198
  5900	-0.0763403	-0.198	0.198
  5901	-0.0980869	-0.198	0.198
  5902	-0.0712389	-0.198	0.198
  5903	-0.0960978	-0.198	0.198
  5904	-0.0959533	-0.198	0.198
  5905	-0.059015	-0.198	0.198
  5906	-0.0953941	-0.198	0.198
  5907	-0.0820925	-0.198	0.198
  5908	-0.0329417	-0.198	0.198
  5909	-0.0723245	-0.198	0.198
  5910	-0.078487	-0.198	0.198
  5911	-0.0711324	-0.198	0.198
  5912	-0.0711523	-0.198	0.198
  5913	-0.0963668	-0.198	0.198
  5914	-0.0214725	-0.198	0.198
  5915	-0.0925576	-0.198	0.198
  5916	-0.0810276	-0.198	0.198
  5917	-0.0745885	-0.198	0.198
  5918	-0.0677155	-0.198	0.198
  5919	-0.0755623	-0.198	0.198
  5920	-0.0429439	-0.198	0.198
  5921	-0.0860353	-0.198	0.198
  5922	-0.0193071	-0.198	0.198
  5923	-0.0555928	-0.198	0.198
  5924	-0.0626346	-0.198	0.198
  5925	-0.0917765	-0.198	0.198
  5926	-0.0938912	-0.198	0.198
  5927	-0.0550408	-0.198	0.198
  5928	-0.0478411	-0.198	0.198
  5929	-0.0737748	-0.198	0.198
  5930	-0.0596021	-0.198	0.198
  5931	-0.0962221	-0.198	0.198
  5932	-0.0872681	-0.198	0.198
  5933	-0.0835805	-0.198	0.198
  5934	-0.0669343	-0.198	0.198
  5935	-0.0756307	-0.198	0.198
  5936	-0.0765779	-0.198	0.198
  5937	-0.0794597	-0.198	0.198
  5938	-0.0626954	-0.198	0.198
  5939	-0.0979562	-0.198	0.198
  5940	-0.0498925	-0.198	0.198
  5941	-0.0740163	-0.198	0.198
  5942	-0.0935585	-0.198	0.198
  5943	-0.0438538	-0.198	0.198
  5944	-0.0778963	-0.198	0.198
  5945	-0.0969425	-0.198	0.198
  5946	-0.0834035	-0.198	0.198
  5947	-0.0944869	-0.198	0.198
  5948	-0.0536018	-0.198	0.198
  5949	-0.091219	-0.198	0.198
  5950	-0.0913545	-0.198	0.198
  5951	-0.0960348	-0.198	0.198
  5952	-0.0785285	-0.198	0.198
  5953	-0.0361759	-0.198	0.198
  5954	-0.043477	-0.198	0.198
  5955	-0.0978023	-0.198	0.198
  5956	-0.0624179	-0.198	0.198
  5957	-0.0612498	-0.198	0.198
  5958	-0.0949713	-0.198	0.198
  5959	-0.0875351	-0.198	0.198
  5960	-0.0765477	-0.198	0.198
  5961	-0.078974	-0.198	0.198
  5962	-0.0928953	-0.198	0.198
  5963	-0.0464246	-0.198	0.198
  5964	-0.0312567	-0.198	0.198
  5965	-0.0664192	-0.198	0.198
  5966	-0.0202221	-0.198	0.198
  5967	-0.0854466	-0.198	0.198
  5968	-0.0945044	-0.198	0.198
  5969	-0.0299795	-0.198	0.198
  5970	-0.0528306	-0.198	0.198
  5971	-0.0759301	-0.198	0.198
  5972	-0.0372505	-0.198	0.198
  5973	-0.0965473	-0.198	0.198
  5974	-0.0808942	-0.198	0.198
  5975	-0.0489131	-0.198	0.198
  5976	-0.0741472	-0.198	0.198
  5977	-0.0938813	-0.198	0.198
  5978	-0.089218	-0.198	0.198
  5979	-0.0761594	-0.198	0.198
  5980	-0.0698472	-0.198	0.198
  5981	-0.095602	-0.198	0.198
  5982	-0.046939	-0.198	0.198
  5983	-0.0794658	-0.198	0.198
  5984	-0.0933841	-0.198	0.198
  5985	-0.0805652	-0.198	0.198
  5986	-0.0654947	-0.198	0.198
  5987	-0.0635349	-0.198	0.198
  5988	-0.0357715	-0.198	0.198
  5989	-0.0424823	-0.198	0.198
  5990	-0.0959404	-0.198	0.198
  5991	-0.0645743	-0.198	0.198
  5992	-0.0492824	-0.198	0.198
  5993	-0.0713216	-0.198	0.198
  5994	-0.0850987	-0.198	0.198
  5995	-0.0905941	-0.198	0.198
  5996	-0.0857852	-0.198	0.198
  5997	-0.0413294	-0.198	0.198
  5998	-0.0530397	-0.198	0.198
  5999	-0.070612	-0.198	0.198
  6000	-0.0752833	-0.198	0.198
  6001	-0.0771509	-0.198	0.198
  6002	-0.046608	-0.198	0.198
  6003	-0.0485534	-0.198	0.198
  6004	-0.0737936	-0.198	0.198
  6005	-0.0848288	-0.198	0.198
  6006	-0.0835779	-0.198	0.198
  6007	-0.0713514	-0.198	0.198
  6008	-0.0613442	-0.198	0.198
  6009	-0.0435946	-0.198	0.198
  6010	-0.0928393	-0.198	0.198
  6011	-0.0814059	-0.198	0.198
  6012	-0.0820183	-0.198	0.198
  6013	-0.0793476	-0.198	0.198
  6014	-0.0808546	-0.198	0.198
  6015	-0.0949678	-0.198	0.198
  6016	-0.0806167	-0.198	0.198
  6017	-0.0945444	-0.198	0.198
  6018	-0.0812975	-0.198	0.198
  6019	-0.0900817	-0.198	0.198
  6020	-0.0809243	-0.198	0.198
  6021	-0.0731963	-0.198	0.198
  6022	-0.0887012	-0.198	0.198
  6023	-0.0668101	-0.198	0.198
  6024	-0.076849	-0.198	0.198
  6025	-0.0929334	-0.198	0.198
  6026	-0.0959882	-0.198	0.198
  6027	-0.0953601	-0.198	0.198
  6028	-0.0374496	-0.198	0.198
  6029	-0.0655329	-0.198	0.198
  6030	-0.0957043	-0.198	0.198
  6031	-0.059968	-0.198	0.198
  6032	-0.0896463	-0.198	0.198
  6033	-0.0945837	-0.198	0.198
  6034	-0.0961672	-0.198	0.198
  6035	-0.0927239	-0.198	0.198
  6036	-0.0889979	-0.198	0.198
  6037	-0.0963371	-0.198	0.198
  6038	-0.0706696	-0.198	0.198
  6039	-0.0851056	-0.198	0.198
  6040	-0.0709352	-0.198	0.198
  6041	-0.0568051	-0.198	0.198
  6042	-0.0725518	-0.198	0.198
  6043	-0.0909221	-0.198	0.198
  6044	-0.0644033	-0.198	0.198
  6045	-0.0909522	-0.198	0.198
  6046	-0.039615	-0.198	0.198
  6047	-0.0974759	-0.198	0.198
  6048	-0.0466503	-0.198	0.198
  6049	-0.0939904	-0.198	0.198
  6050	-0.0466171	-0.198	0.198
  6051	-0.0822014	-0.198	0.198
  6052	-0.0874131	-0.198	0.198
  6053	-0.0765932	-0.198	0.198
  6054	-0.0863027	-0.198	0.198
  6055	-0.0978345	-0.198	0.198
  6056	-0.0852194	-0.198	0.198
  6057	-0.0692383	-0.198	0.198
  6058	-0.0935843	-0.198	0.198
  6059	-0.0883323	-0.198	0.198
  6060	-0.0933652	-0.198	0.198
  6061	-0.0517412	-0.198	0.198
  6062	-0.0708972	-0.198	0.198
  6063	-0.0718831	-0.198	0.198
  6064	-0.0677975	-0.198	0.198
  6065	-0.0854293	-0.198	0.198
  6066	-0.0903669	-0.198	0.198
  6067	-0.0786845	-0.198	0.198
  6068	-0.0673922	-0.198	0.198
  6069	-0.0642314	-0.198	0.198
  6070	-0.069292	-0.198	0.198
  6071	-0.0846496	-0.198	0.198
  6072	-0.0967936	-0.198	0.198
  6073	-0.0553767	-0.198	0.198
  6074	-0.0950037	-0.198	0.198
  6075	-0.066991	-0.198	0.198
  6076	-0.0835655	-0.198	0.198
  6077	-0.0784454	-0.198	0.198
  6078	-0.0682468	-0.198	0.198
  6079	-0.076439	-0.198	0.198
  6080	-0.0850865	-0.198	0.198
  6081	-0.0799271	-0.198	0.198
  6082	-0.0919266	-0.198	0.198
  6083	-0.0788436	-0.198	0.198
  6084	-0.029261	-0.198	0.198
  6085	-0.0963869	-0.198	0.198
  6086	-0.0644236	-0.198	0.198
  6087	-0.0881882	-0.198	0.198
  6088	-0.0897747	-0.198	0.198
  6089	-0.0766834	-0.198	0.198
  6090	-0.0844199	-0.198	0.198
  6091	-0.0680682	-0.198	0.198
  6092	-0.0947094	-0.198	0.198
  6093	-0.0673141	-0.198	0.198
  6094	-0.0683925	-0.198	0.198
  6095	-0.0731095	-0.198	0.198
  6096	-0.0589375	-0.198	0.198
  6097	-0.0638671	-0.198	0.198
  6098	-0.0955989	-0.198	0.198
  6099	-0.0373021	-0.198	0.198
  6100	-0.096502	-0.198	0.198
  6101	-0.0893524	-0.198	0.198
  6102	-0.0855576	-0.198	0.198
  6103	-0.0644131	-0.198	0.198
  6104	-0.0586374	-0.198	0.198
  6105	-0.0876887	-0.198	0.198
  6106	-0.0686909	-0.198	0.198
  6107	-0.0764543	-0.198	0.198
  6108	-0.0767432	-0.198	0.198
  6109	-0.0729774	-0.198	0.198
  6110	-0.0650706	-0.198	0.198
  6111	-0.0971028	-0.198	0.198
  6112	-0.0228209	-0.198	0.198
  6113	-0.0861341	-0.198	0.198
  6114	-0.0508573	-0.198	0.198
  6115	-0.0932249	-0.198	0.198
  6116	-0.0730933	-0.198	0.198
  6117	-0.0549922	-0.198	0.198
  6118	-0.0855219	-0.198	0.198
  6119	-0.0955491	-0.198	0.198
  6120	-0.0780946	-0.198	0.198
  6121	-0.0411351	-0.198	0.198
  6122	-0.0978665	-0.198	0.198
  6123	-0.0873164	-0.198	0.198
  6124	-0.0669383	-0.198	0.198
  6125	-0.0719929	-0.198	0.198
  6126	-0.0758219	-0.198	0.198
  6127	-0.0766894	-0.198	0.198
  6128	-0.0973527	-0.198	0.198
  6129	-0.0519591	-0.198	0.198
  6130	-0.0464345	-0.198	0.198
  6131	-0.0792907	-0.198	0.198
  6132	-0.092871	-0.198	0.198
  6133	-0.0435628	-0.198	0.198
  6134	-0.0792168	-0.198	0.198
  6135	-0.0738788	-0.198	0.198
  6136	-0.0958056	-0.198	0.198
  6137	-0.0896817	-0.198	0.198
  6138	-0.0469567	-0.198	0.198
  6139	-0.0595787	-0.198	0.198
  6140	-0.0774893	-0.198	0.198
  6141	-0.0938121	-0.198	0.198
  6142	-0.0798277	-0.198	0.198
  6143	-0.0948883	-0.198	0.198
  6144	-0.0704682	-0.198	0.198
  6145	-0.0965089	-0.198	0.198
  6146	-0.0596787	-0.198	0.198
  6147	-0.069365	-0.198	0.198
  6148	-0.0888266	-0.198	0.198
  6149	-0.0853927	-0.198	0.198
  6150	-0.0745136	-0.198	0.198
  6151	-0.097926	-0.198	0.198
  6152	-0.0786037	-0.198	0.198
  6153	-0.0633809	-0.198	0.198
  6154	-0.0969545	-0.198	0.198
  6155	-0.0756204	-0.198	0.198
  6156	-0.077452	-0.198	0.198
  6157	-0.0915511	-0.198	0.198
  6158	-0.0394698	-0.198	0.198
  6159	-0.0218183	-0.198	0.198
  6160	-0.0971884	-0.198	0.198
  6161	-0.0948414	-0.198	0.198
  6162	-0.0885871	-0.198	0.198
  6163	-0.0760218	-0.198	0.198
  6164	-0.0494131	-0.198	0.198
  6165	-0.0795848	-0.198	0.198
  6166	-0.0538253	-0.198	0.198
  6167	-0.0860345	-0.198	0.198
  6168	-0.0971843	-0.198	0.198
  6169	-0.0640999	-0.198	0.198
  6170	-0.0611227	-0.198	0.198
  6171	-0.0483552	-0.198	0.198
  6172	-0.0731207	-0.198	0.198
  6173	-0.0441819	-0.198	0.198
  6174	-0.0983022	-0.198	0.198
  6175	-0.057045	-0.198	0.198
  6176	-0.0815168	-0.198	0.198
  6177	-0.0853182	-0.198	0.198
  6178	-0.0965091	-0.198	0.198
  6179	-0.0548526	-0.198	0.198
  6180	-0.0627033	-0.198	0.198
  6181	-0.0951689	-0.198	0.198
  6182	-0.069812	-0.198	0.198
  6183	-0.0797145	-0.198	0.198
  6184	-0.088064	-0.198	0.198
  6185	-0.087162	-0.198	0.198
  6186	-0.0871424	-0.198	0.198
  6187	-0.0754365	-0.198	0.198
  6188	-0.0720074	-0.198	0.198
  6189	-0.0656777	-0.198	0.198
  6190	-0.0950985	-0.198	0.198
  6191	-0.0493547	-0.198	0.198
  6192	-0.0830085	-0.198	0.198
  6193	-0.0921419	-0.198	0.198
  6194	-0.0585062	-0.198	0.198
  6195	-0.0924253	-0.198	0.198
  6196	-0.0851239	-0.198	0.198
  6197	-0.0690946	-0.198	0.198
  6198	-0.0587958	-0.198	0.198
  6199	-0.0726621	-0.198	0.198
  6200	-0.0951621	-0.198	0.198
  6201	-0.0908511	-0.198	0.198
  6202	-0.0691053	-0.198	0.198
  6203	-0.0892672	-0.198	0.198
  6204	-0.0866135	-0.198	0.198
  6205	-0.0800998	-0.198	0.198
  6206	-0.054465	-0.198	0.198
  6207	-0.0578684	-0.198	0.198
  6208	-0.0365353	-0.198	0.198
  6209	-0.0946215	-0.198	0.198
  6210	-0.095926	-0.198	0.198
  6211	-0.0891722	-0.198	0.198
  6212	-0.0643864	-0.198	0.198
  6213	-0.0764369	-0.198	0.198
  6214	-0.0942986	-0.198	0.198
  6215	-0.0811016	-0.198	0.198
  6216	-0.0857831	-0.198	0.198
  6217	-0.0783499	-0.198	0.198
  6218	-0.0657329	-0.198	0.198
  6219	-0.0867199	-0.198	0.198
  6220	-0.0843084	-0.198	0.198
  6221	-0.0583705	-0.198	0.198
  6222	-0.0732104	-0.198	0.198
  6223	-0.0718554	-0.198	0.198
  6224	-0.0939585	-0.198	0.198
  6225	-0.0929557	-0.198	0.198
  6226	-0.0884795	-0.198	0.198
  6227	-0.0808833	-0.198	0.198
  6228	-0.0915077	-0.198	0.198
  6229	-0.0601937	-0.198	0.198
  6230	-0.0275717	-0.198	0.198
  6231	-0.0964043	-0.198	0.198
  6232	-0.0868114	-0.198	0.198
  6233	-0.0383437	-0.198	0.198
  6234	-0.0911591	-0.198	0.198
  6235	-0.0657061	-0.198	0.198
  6236	-0.052274	-0.198	0.198
  6237	-0.0849738	-0.198	0.198
  6238	-0.0824245	-0.198	0.198
  6239	-0.0922322	-0.198	0.198
  6240	-0.0675064	-0.198	0.198
  6241	-0.0978758	-0.198	0.198
  6242	-0.0660095	-0.198	0.198
  6243	-0.0254074	-0.198	0.198
  6244	-0.0466992	-0.198	0.198
  6245	-0.0859724	-0.198	0.198
  6246	-0.0610588	-0.198	0.198
  6247	-0.0565221	-0.198	0.198
  6248	-0.075192	-0.198	0.198
  6249	-0.0560627	-0.198	0.198
  6250	-0.0268485	-0.198	0.198
  6251	-0.0360633	-0.198	0.198
  6252	-0.0892486	-0.198	0.198
  6253	-0.0397315	-0.198	0.198
  6254	-0.0688154	-0.198	0.198
  6255	-0.0584994	-0.198	0.198
  6256	-0.0937655	-0.198	0.198
  6257	-0.0868347	-0.198	0.198
  6258	-0.0678162	-0.198	0.198
  6259	-0.0762981	-0.198	0.198
  6260	-0.0877056	-0.198	0.198
  6261	-0.0947711	-0.198	0.198
  6262	-0.0744375	-0.198	0.198
  6263	-0.0961897	-0.198	0.198
  6264	-0.0966335	-0.198	0.198
  6265	-0.0718915	-0.198	0.198
  6266	-0.0876987	-0.198	0.198
  6267	-0.0709697	-0.198	0.198
  6268	-0.0670991	-0.198	0.198
  6269	-0.0780156	-0.198	0.198
  6270	-0.085058	-0.198	0.198
  6271	-0.0501732	-0.198	0.198
  6272	-0.0968377	-0.198	0.198
  6273	-0.0815197	-0.198	0.198
  6274	-0.0971863	-0.198	0.198
  6275	-0.0909095	-0.198	0.198
  6276	-0.0601878	-0.198	0.198
  6277	-0.0976924	-0.198	0.198
  6278	-0.0973649	-0.198	0.198
  6279	-0.0878558	-0.198	0.198
  6280	-0.0744903	-0.198	0.198
  6281	-0.067353	-0.198	0.198
  6282	-0.0747793	-0.198	0.198
  6283	-0.0832307	-0.198	0.198
  6284	-0.0618336	-0.198	0.198
  6285	-0.0747959	-0.198	0.198
  6286	-0.0534605	-0.198	0.198
  6287	-0.0898838	-0.198	0.198
  6288	-0.0946096	-0.198	0.198
  6289	-0.0901784	-0.198	0.198
  6290	-0.0674553	-0.198	0.198
  6291	-0.0702215	-0.198	0.198
  6292	-0.0940248	-0.198	0.198
  6293	-0.0912322	-0.198	0.198
  6294	-0.0617263	-0.198	0.198
  6295	-0.0602371	-0.198	0.198
  6296	-0.0900191	-0.198	0.198
  6297	-0.0930336	-0.198	0.198
  6298	-0.0656575	-0.198	0.198
  6299	-0.0822327	-0.198	0.198
  6300	-0.0957278	-0.198	0.198
  6301	-0.0690729	-0.198	0.198
  6302	-0.0712778	-0.198	0.198
  6303	-0.0589195	-0.198	0.198
  6304	-0.0392434	-0.198	0.198
  6305	-0.0668551	-0.198	0.198
  6306	-0.090601	-0.198	0.198
  6307	-0.0771613	-0.198	0.198
  6308	-0.054115	-0.198	0.198
  6309	-0.0827612	-0.198	0.198
  6310	-0.0909311	-0.198	0.198
  6311	-0.0900024	-0.198	0.198
  6312	-0.0774073	-0.198	0.198
  6313	-0.096148	-0.198	0.198
  6314	-0.0951296	-0.198	0.198
  6315	-0.0676801	-0.198	0.198
  6316	-0.0824425	-0.198	0.198
  6317	-0.0784755	-0.198	0.198
  6318	-0.0723007	-0.198	0.198
  6319	-0.0889601	-0.198	0.198
  6320	-0.0928135	-0.198	0.198
  6321	-0.0529177	-0.198	0.198
  6322	-0.0927671	-0.198	0.198
  6323	-0.02139	-0.198	0.198
  6324	-0.0854323	-0.198	0.198
  6325	-0.0953761	-0.198	0.198
  6326	-0.067966	-0.198	0.198
  6327	-0.0740356	-0.198	0.198
  6328	-0.0674218	-0.198	0.198
  6329	-0.059146	-0.198	0.198
  6330	-0.0673614	-0.198	0.198
  6331	-0.0949103	-0.198	0.198
  6332	-0.0529862	-0.198	0.198
  6333	-0.0623585	-0.198	0.198
  6334	-0.0918193	-0.198	0.198
  6335	-0.0865239	-0.198	0.198
  6336	-0.0794176	-0.198	0.198
  6337	-0.0784153	-0.198	0.198
  6338	-0.0730186	-0.198	0.198
  6339	-0.0616491	-0.198	0.198
  6340	-0.0939087	-0.198	0.198
  6341	-0.0248479	-0.198	0.198
  6342	-0.0654065	-0.198	0.198
  6343	-0.0695549	-0.198	0.198
  6344	-0.0670561	-0.198	0.198
  6345	-0.067255	-0.198	0.198
  6346	-0.0783913	-0.198	0.198
  6347	-0.0406815	-0.198	0.198
  6348	-0.0836992	-0.198	0.198
  6349	-0.0315821	-0.198	0.198
  6350	-0.0464611	-0.198	0.198
  6351	-0.0687618	-0.198	0.198
  6352	-0.0308448	-0.198	0.198
  6353	-0.0812517	-0.198	0.198
  6354	-0.077403	-0.198	0.198
  6355	-0.0958693	-0.198	0.198
  6356	-0.07449	-0.198	0.198
  6357	-0.0727834	-0.198	0.198
  6358	-0.0552147	-0.198	0.198
  6359	-0.0825279	-0.198	0.198
  6360	-0.070534	-0.198	0.198
  6361	-0.0935934	-0.198	0.198
  6362	-0.0675487	-0.198	0.198
  6363	-0.0424116	-0.198	0.198
  6364	-0.0721902	-0.198	0.198
  6365	-0.0486534	-0.198	0.198
  6366	-0.0817493	-0.198	0.198
  6367	-0.0957103	-0.198	0.198
  6368	-0.0640561	-0.198	0.198
  6369	-0.0911459	-0.198	0.198
  6370	-0.0865798	-0.198	0.198
  6371	-0.084531	-0.198	0.198
  6372	-0.0937698	-0.198	0.198
  6373	-0.0538831	-0.198	0.198
  6374	-0.0839942	-0.198	0.198
  6375	-0.0637001	-0.198	0.198
  6376	-0.0653031	-0.198	0.198
  6377	-0.0974901	-0.198	0.198
  6378	-0.0843854	-0.198	0.198
  6379	-0.0910574	-0.198	0.198
  6380	-0.0438556	-0.198	0.198
  6381	-0.0932544	-0.198	0.198
  6382	-0.0308632	-0.198	0.198
  6383	-0.0960493	-0.198	0.198
  6384	-0.0906832	-0.198	0.198
  6385	-0.070567	-0.198	0.198
  6386	-0.0832736	-0.198	0.198
  6387	-0.0865152	-0.198	0.198
  6388	-0.0870264	-0.198	0.198
  6389	-0.0927414	-0.198	0.198
  6390	-0.096863	-0.198	0.198
  6391	-0.0797455	-0.198	0.198
  6392	-0.059945	-0.198	0.198
  6393	-0.0405834	-0.198	0.198
  6394	-0.0921399	-0.198	0.198
  6395	-0.0376681	-0.198	0.198
  6396	-0.0547187	-0.198	0.198
  6397	-0.0962616	-0.198	0.198
  6398	-0.07132	-0.198	0.198
  6399	-0.0430285	-0.198	0.198
  6400	-0.0693017	-0.198	0.198
  6401	-0.0623387	-0.198	0.198
  6402	-0.0790366	-0.198	0.198
  6403	-0.0953985	-0.198	0.198
  6404	-0.0854582	-0.198	0.198
  6405	-0.0736311	-0.198	0.198
  6406	-0.0919295	-0.198	0.198
  6407	-0.0943476	-0.198	0.198
  6408	-0.0799189	-0.198	0.198
  6409	-0.0645804	-0.198	0.198
  6410	-0.0798144	-0.198	0.198
  6411	-0.0696732	-0.198	0.198
  6412	-0.0914893	-0.198	0.198
  6413	-0.0664263	-0.198	0.198
  6414	-0.072778	-0.198	0.198
  6415	-0.086469	-0.198	0.198
  6416	-0.0664618	-0.198	0.198
  6417	-0.087675	-0.198	0.198
  6418	-0.0591205	-0.198	0.198
  6419	-0.0896842	-0.198	0.198
  6420	-0.0791554	-0.198	0.198
  6421	-0.0800204	-0.198	0.198
  6422	-0.0966925	-0.198	0.198
  6423	-0.0968169	-0.198	0.198
  6424	-0.0853862	-0.198	0.198
  6425	-0.0875158	-0.198	0.198
  6426	-0.0488394	-0.198	0.198
  6427	-0.0740198	-0.198	0.198
  6428	-0.0887075	-0.198	0.198
  6429	-0.0429088	-0.198	0.198
  6430	-0.0340379	-0.198	0.198
  6431	-0.0904921	-0.198	0.198
  6432	-0.0856603	-0.198	0.198
  6433	-0.081451	-0.198	0.198
  6434	-0.0717583	-0.198	0.198
  6435	-0.0562466	-0.198	0.198
  6436	-0.0877617	-0.198	0.198
  6437	-0.0591021	-0.198	0.198
  6438	-0.0469902	-0.198	0.198
  6439	-0.0977611	-0.198	0.198
  6440	-0.0545222	-0.198	0.198
  6441	-0.0890125	-0.198	0.198
  6442	-0.0983635	-0.198	0.198
  6443	-0.0922083	-0.198	0.198
  6444	-0.0551965	-0.198	0.198
  6445	-0.0741258	-0.198	0.198
  6446	-0.0321966	-0.198	0.198
  6447	-0.0764902	-0.198	0.198
  6448	-0.0974779	-0.198	0.198
  6449	-0.0727022	-0.198	0.198
  6450	-0.072826	-0.198	0.198
  6451	-0.0972073	-0.198	0.198
  6452	-0.062469	-0.198	0.198
  6453	-0.0846501	-0.198	0.198
  6454	-0.0879623	-0.198	0.198
  6455	-0.0462558	-0.198	0.198
  6456	-0.0429502	-0.198	0.198
  6457	-0.0739865	-0.198	0.198
  6458	-0.0971225	-0.198	0.198
  6459	-0.0595842	-0.198	0.198
  6460	-0.0311692	-0.198	0.198
  6461	-0.0622642	-0.198	0.198
  6462	-0.0971802	-0.198	0.198
  6463	-0.0420838	-0.198	0.198
  6464	-0.0954171	-0.198	0.198
  6465	-0.0577852	-0.198	0.198
  6466	-0.0751959	-0.198	0.198
  6467	-0.0708216	-0.198	0.198
  6468	-0.0895463	-0.198	0.198
  6469	-0.04413	-0.198	0.198
  6470	-0.0706968	-0.198	0.198
  6471	-0.0720808	-0.198	0.198
  6472	-0.0231334	-0.198	0.198
  6473	-0.0781282	-0.198	0.198
  6474	-0.0816354	-0.198	0.198
  6475	-0.075015	-0.198	0.198
  6476	-0.0951257	-0.198	0.198
  6477	-0.0891414	-0.198	0.198
  6478	-0.0432988	-0.198	0.198
  6479	-0.0687972	-0.198	0.198
  6480	-0.0545789	-0.198	0.198
  6481	-0.0695406	-0.198	0.198
  6482	-0.0526444	-0.198	0.198
  6483	-0.0460498	-0.198	0.198
  6484	-0.0643439	-0.198	0.198
  6485	-0.0893196	-0.198	0.198
  6486	-0.0678779	-0.198	0.198
  6487	-0.0832532	-0.198	0.198
  6488	-0.0965545	-0.198	0.198
  6489	-0.0354136	-0.198	0.198
  6490	-0.0895207	-0.198	0.198
  6491	-0.0925668	-0.198	0.198
  6492	-0.0977493	-0.198	0.198
  6493	-0.0948635	-0.198	0.198
  6494	-0.0783935	-0.198	0.198
  6495	-0.0944925	-0.198	0.198
  6496	-0.0965629	-0.198	0.198
  6497	-0.0467341	-0.198	0.198
  6498	-0.0844551	-0.198	0.198
  6499	-0.0625603	-0.198	0.198
  6500	-0.0634327	-0.198	0.198
  6501	-0.0700258	-0.198	0.198
  6502	-0.049374	-0.198	0.198
  6503	-0.0900027	-0.198	0.198
  6504	-0.0946831	-0.198	0.198
  6505	-0.0980811	-0.198	0.198
  6506	-0.0718566	-0.198	0.198
  6507	-0.0595227	-0.198	0.198
  6508	-0.0976903	-0.198	0.198
  6509	-0.0235938	-0.198	0.198
  6510	-0.0974386	-0.198	0.198
  6511	-0.08979	-0.198	0.198
  6512	-0.0798837	-0.198	0.198
  6513	-0.062968	-0.198	0.198
  6514	-0.0958319	-0.198	0.198
  6515	-0.0624112	-0.198	0.198
  6516	-0.0845765	-0.198	0.198
  6517	-0.0821967	-0.198	0.198
  6518	-0.0689121	-0.198	0.198
  6519	-0.0912129	-0.198	0.198
  6520	-0.0943352	-0.198	0.198
  6521	-0.0703358	-0.198	0.198
  6522	-0.0971301	-0.198	0.198
  6523	-0.0855404	-0.198	0.198
  6524	-0.073136	-0.198	0.198
  6525	-0.0904983	-0.198	0.198
  6526	-0.0906568	-0.198	0.198
  6527	-0.0679374	-0.198	0.198
  6528	-0.0591251	-0.198	0.198
  6529	-0.0284551	-0.198	0.198
  6530	-0.0840303	-0.198	0.198
  6531	-0.0735295	-0.198	0.198
  6532	-0.0606799	-0.198	0.198
  6533	-0.0836049	-0.198	0.198
  6534	-0.0920001	-0.198	0.198
  6535	-0.0699058	-0.198	0.198
  6536	-0.0899136	-0.198	0.198
  6537	-0.0714807	-0.198	0.198
  6538	-0.0670738	-0.198	0.198
  6539	-0.0957804	-0.198	0.198
  6540	-0.0957146	-0.198	0.198
  6541	-0.0844614	-0.198	0.198
  6542	-0.0635748	-0.198	0.198
  6543	-0.088932	-0.198	0.198
  6544	-0.097935	-0.198	0.198
  6545	-0.0746673	-0.198	0.198
  6546	-0.0688654	-0.198	0.198
  6547	-0.0983448	-0.198	0.198
  6548	-0.0916135	-0.198	0.198
  6549	-0.0955231	-0.198	0.198
  6550	-0.085948	-0.198	0.198
  6551	-0.0770084	-0.198	0.198
  6552	-0.0310738	-0.198	0.198
  6553	-0.0944394	-0.198	0.198
  6554	-0.0648059	-0.198	0.198
  6555	-0.0360204	-0.198	0.198
  6556	-0.0618761	-0.198	0.198
  6557	-0.0915715	-0.198	0.198
  6558	-0.0792287	-0.198	0.198
  6559	-0.0563328	-0.198	0.198
  6560	-0.096404	-0.198	0.198
  6561	-0.048405	-0.198	0.198
  6562	-0.073308	-0.198	0.198
  6563	-0.0940453	-0.198	0.198
  6564	-0.0965355	-0.198	0.198
  6565	-0.0920162	-0.198	0.198
  6566	-0.0801719	-0.198	0.198
  6567	-0.092223	-0.198	0.198
  6568	-0.0877908	-0.198	0.198
  6569	-0.0796668	-0.198	0.198
  6570	-0.0971691	-0.198	0.198
  6571	-0.0808715	-0.198	0.198
  6572	-0.0777463	-0.198	0.198
  6573	-0.0960905	-0.198	0.198
  6574	-0.0814694	-0.198	0.198
  6575	-0.0791318	-0.198	0.198
  6576	-0.0870161	-0.198	0.198
  6577	-0.0958302	-0.198	0.198
  6578	-0.0535019	-0.198	0.198
  6579	-0.0444762	-0.198	0.198
  6580	-0.0952005	-0.198	0.198
  6581	-0.0946806	-0.198	0.198
  6582	-0.0925791	-0.198	0.198
  6583	-0.0918074	-0.198	0.198
  6584	-0.0962575	-0.198	0.198
  6585	-0.0871677	-0.198	0.198
  6586	-0.0756244	-0.198	0.198
  6587	-0.0895375	-0.198	0.198
  6588	-0.0910344	-0.198	0.198
  6589	-0.0517764	-0.198	0.198
  6590	-0.0967991	-0.198	0.198
  6591	-0.0960058	-0.198	0.198
  6592	-0.0715035	-0.198	0.198
  6593	-0.067589	-0.198	0.198
  6594	-0.0925251	-0.198	0.198
  6595	-0.0773951	-0.198	0.198
  6596	-0.0732707	-0.198	0.198
  6597	-0.0950427	-0.198	0.198
  6598	-0.076247	-0.198	0.198
  6599	-0.0684644	-0.198	0.198
  6600	-0.0750618	-0.198	0.198
  6601	-0.0850653	-0.198	0.198
  6602	-0.0831257	-0.198	0.198
  6603	-0.0764892	-0.198	0.198
  6604	-0.0375209	-0.198	0.198
  6605	-0.0420028	-0.198	0.198
  6606	-0.0943822	-0.198	0.198
  6607	-0.0766865	-0.198	0.198
  6608	-0.0966226	-0.198	0.198
  6609	-0.0950721	-0.198	0.198
  6610	-0.0789968	-0.198	0.198
  6611	-0.0667319	-0.198	0.198
  6612	-0.0550749	-0.198	0.198
  6613	-0.0932001	-0.198	0.198
  6614	-0.0800779	-0.198	0.198
  6615	-0.0948693	-0.198	0.198
  6616	-0.0355643	-0.198	0.198
  6617	-0.0821229	-0.198	0.198
  6618	-0.0937939	-0.198	0.198
  6619	-0.0965402	-0.198	0.198
  6620	-0.0730361	-0.198	0.198
  6621	-0.0617519	-0.198	0.198
  6622	-0.0677532	-0.198	0.198
  6623	-0.0838933	-0.198	0.198
  6624	-0.0659155	-0.198	0.198
  6625	-0.0207792	-0.198	0.198
  6626	-0.0918259	-0.198	0.198
  6627	-0.0952324	-0.198	0.198
  6628	-0.0550467	-0.198	0.198
  6629	-0.0449941	-0.198	0.198
  6630	-0.0912328	-0.198	0.198
  6631	-0.08683	-0.198	0.198
  6632	-0.0943505	-0.198	0.198
  6633	-0.0547636	-0.198	0.198
  6634	-0.0958741	-0.198	0.198
  6635	-0.0909753	-0.198	0.198
  6636	-0.0940696	-0.198	0.198
  6637	-0.0460679	-0.198	0.198
  6638	-0.0890418	-0.198	0.198
  6639	-0.0912564	-0.198	0.198
  6640	-0.0739765	-0.198	0.198
  6641	-0.0964197	-0.198	0.198
  6642	-0.0940103	-0.198	0.198
  6643	-0.0939416	-0.198	0.198
  6644	-0.086626	-0.198	0.198
  6645	-0.0844065	-0.198	0.198
  6646	-0.0864837	-0.198	0.198
  6647	-0.0917462	-0.198	0.198
  6648	-0.0930226	-0.198	0.198
  6649	-0.0644677	-0.198	0.198
  6650	-0.0948836	-0.198	0.198
  6651	-0.047192	-0.198	0.198
  6652	-0.0537199	-0.198	0.198
  6653	-0.0603396	-0.198	0.198
  6654	-0.0794191	-0.198	0.198
  6655	-0.0847069	-0.198	0.198
  6656	-0.0980524	-0.198	0.198
  6657	-0.0710173	-0.198	0.198
  6658	-0.0884575	-0.198	0.198
  6659	-0.0849235	-0.198	0.198
  6660	-0.0838474	-0.198	0.198
  6661	-0.0864539	-0.198	0.198
  6662	-0.0701543	-0.198	0.198
  6663	-0.0942362	-0.198	0.198
  6664	-0.0797455	-0.198	0.198
  6665	-0.0935301	-0.198	0.198
  6666	-0.0938413	-0.198	0.198
  6667	-0.0628062	-0.198	0.198
  6668	-0.0867181	-0.198	0.198
  6669	-0.073657	-0.198	0.198
  6670	-0.0882749	-0.198	0.198
  6671	-0.0544022	-0.198	0.198
  6672	-0.079498	-0.198	0.198
  6673	-0.0586839	-0.198	0.198
  6674	-0.0756564	-0.198	0.198
  6675	-0.0831583	-0.198	0.198
  6676	-0.0445643	-0.198	0.198
  6677	-0.0849447	-0.198	0.198
  6678	-0.0972045	-0.198	0.198
  6679	-0.065223	-0.198	0.198
  6680	-0.0678132	-0.198	0.198
  6681	-0.0819425	-0.198	0.198
  6682	-0.0377533	-0.198	0.198
  6683	-0.0637036	-0.198	0.198
  6684	-0.0900867	-0.198	0.198
  6685	-0.057125	-0.198	0.198
  6686	-0.0894111	-0.198	0.198
  6687	-0.0884381	-0.198	0.198
  6688	-0.0954904	-0.198	0.198
  6689	-0.0735767	-0.198	0.198
  6690	-0.0792364	-0.198	0.198
  6691	-0.0960205	-0.198	0.198
  6692	-0.0753537	-0.198	0.198
  6693	-0.073886	-0.198	0.198
  6694	-0.0665336	-0.198	0.198
  6695	-0.0854346	-0.198	0.198
  6696	-0.0306922	-0.198	0.198
  6697	-0.0707219	-0.198	0.198
  6698	-0.0689703	-0.198	0.198
  6699	-0.0922442	-0.198	0.198
  6700	-0.08047	-0.198	0.198
  6701	-0.0483137	-0.198	0.198
  6702	-0.0928933	-0.198	0.198
  6703	-0.0809745	-0.198	0.198
  6704	-0.0951338	-0.198	0.198
  6705	-0.0734762	-0.198	0.198
  6706	-0.0811941	-0.198	0.198
  6707	-0.0947028	-0.198	0.198
  6708	-0.0883613	-0.198	0.198
  6709	-0.0951987	-0.198	0.198
  6710	-0.0967115	-0.198	0.198
  6711	-0.0245473	-0.198	0.198
  6712	-0.0842046	-0.198	0.198
  6713	-0.0293341	-0.198	0.198
  6714	-0.063326	-0.198	0.198
  6715	-0.0790935	-0.198	0.198
  6716	-0.0686472	-0.198	0.198
  6717	-0.0549457	-0.198	0.198
  6718	-0.091888	-0.198	0.198
  6719	-0.0778759	-0.198	0.198
  6720	-0.0685363	-0.198	0.198
  6721	-0.0937418	-0.198	0.198
  6722	-0.0626793	-0.198	0.198
  6723	-0.0765021	-0.198	0.198
  6724	-0.0553993	-0.198	0.198
  6725	-0.0748305	-0.198	0.198
  6726	-0.0753966	-0.198	0.198
  6727	-0.0921188	-0.198	0.198
  6728	-0.0636291	-0.198	0.198
  6729	-0.0941493	-0.198	0.198
  6730	-0.0676087	-0.198	0.198
  6731	-0.0832721	-0.198	0.198
  6732	-0.0656078	-0.198	0.198
  6733	-0.0859184	-0.198	0.198
  6734	-0.0395717	-0.198	0.198
  6735	-0.0812781	-0.198	0.198
  6736	-0.0954986	-0.198	0.198
  6737	-0.0189175	-0.198	0.198
  6738	-0.0805736	-0.198	0.198
  6739	-0.0741049	-0.198	0.198
  6740	-0.0846433	-0.198	0.198
  6741	-0.0980643	-0.198	0.198
  6742	-0.0971198	-0.198	0.198
  6743	-0.0728629	-0.198	0.198
  6744	-0.0386437	-0.198	0.198
  6745	-0.0637613	-0.198	0.198
  6746	-0.0848019	-0.198	0.198
  6747	-0.0796049	-0.198	0.198
  6748	-0.089661	-0.198	0.198
  6749	-0.072095	-0.198	0.198
  6750	-0.0718064	-0.198	0.198
  6751	-0.0796627	-0.198	0.198
  6752	-0.0638618	-0.198	0.198
  6753	-0.0766308	-0.198	0.198
  6754	-0.0791872	-0.198	0.198
  6755	-0.0652802	-0.198	0.198
  6756	-0.0957873	-0.198	0.198
  6757	-0.088678	-0.198	0.198
  6758	-0.088947	-0.198	0.198
  6759	-0.0584436	-0.198	0.198
  6760	-0.0627277	-0.198	0.198
  6761	-0.0575709	-0.198	0.198
  6762	-0.0342263	-0.198	0.198
  6763	-0.082583	-0.198	0.198
  6764	-0.0737645	-0.198	0.198
  6765	-0.0958814	-0.198	0.198
  6766	-0.0932077	-0.198	0.198
  6767	-0.0932519	-0.198	0.198
  6768	-0.0748006	-0.198	0.198
  6769	-0.0982989	-0.198	0.198
  6770	-0.0790742	-0.198	0.198
  6771	-0.051209	-0.198	0.198
  6772	-0.0597029	-0.198	0.198
  6773	-0.0527074	-0.198	0.198
  6774	-0.0936566	-0.198	0.198
  6775	-0.0945743	-0.198	0.198
  6776	-0.0980699	-0.198	0.198
  6777	-0.0672466	-0.198	0.198
  6778	-0.0772108	-0.198	0.198
  6779	-0.0916984	-0.198	0.198
  6780	-0.0888872	-0.198	0.198
  6781	-0.0905764	-0.198	0.198
  6782	-0.0875031	-0.198	0.198
  6783	-0.0851131	-0.198	0.198
  6784	-0.0732444	-0.198	0.198
  6785	-0.0973679	-0.198	0.198
  6786	-0.0720701	-0.198	0.198
  6787	-0.0804743	-0.198	0.198
  6788	-0.0853762	-0.198	0.198
  6789	-0.0358042	-0.198	0.198
  6790	-0.0270444	-0.198	0.198
  6791	-0.0949669	-0.198	0.198
  6792	-0.0829394	-0.198	0.198
  6793	-0.090355	-0.198	0.198
  6794	-0.0861278	-0.198	0.198
  6795	-0.0636017	-0.198	0.198
  6796	-0.055293	-0.198	0.198
  6797	-0.0816364	-0.198	0.198
  6798	-0.0243194	-0.198	0.198
  6799	-0.096463	-0.198	0.198
  6800	-0.0641741	-0.198	0.198
  6801	-0.0717009	-0.198	0.198
  6802	-0.0972819	-0.198	0.198
  6803	-0.0188768	-0.198	0.198
  6804	-0.0816478	-0.198	0.198
  6805	-0.0947332	-0.198	0.198
  6806	-0.0689444	-0.198	0.198
  6807	-0.0757833	-0.198	0.198
  6808	-0.0535421	-0.198	0.198
  6809	-0.0911626	-0.198	0.198
  6810	-0.0562888	-0.198	0.198
  6811	-0.0488297	-0.198	0.198
  6812	-0.0765237	-0.198	0.198
  6813	-0.0677465	-0.198	0.198
  6814	-0.0355522	-0.198	0.198
  6815	-0.0808995	-0.198	0.198
  6816	-0.0865896	-0.198	0.198
  6817	-0.0976355	-0.198	0.198
  6818	-0.080353	-0.198	0.198
  6819	-0.0399983	-0.198	0.198
  6820	-0.0912147	-0.198	0.198
  6821	-0.0947286	-0.198	0.198
  6822	-0.0906916	-0.198	0.198
  6823	-0.0973478	-0.198	0.198
  6824	-0.0714144	-0.198	0.198
  6825	-0.0928028	-0.198	0.198
  6826	-0.0922053	-0.198	0.198
  6827	-0.0831477	-0.198	0.198
  6828	-0.0693299	-0.198	0.198
  6829	-0.055842	-0.198	0.198
  6830	-0.0939535	-0.198	0.198
  6831	-0.0744897	-0.198	0.198
  6832	-0.075701	-0.198	0.198
  6833	-0.0678835	-0.198	0.198
  6834	-0.0385827	-0.198	0.198
  6835	-0.0848887	-0.198	0.198
  6836	-0.0807919	-0.198	0.198
  6837	-0.050909	-0.198	0.198
  6838	-0.0815133	-0.198	0.198
  6839	-0.0512231	-0.198	0.198
  6840	-0.0866522	-0.198	0.198
  6841	-0.0772953	-0.198	0.198
  6842	-0.0976266	-0.198	0.198
  6843	-0.0266029	-0.198	0.198
  6844	-0.0865883	-0.198	0.198
  6845	-0.0916926	-0.198	0.198
  6846	-0.0385943	-0.198	0.198
  6847	-0.0710786	-0.198	0.198
  6848	-0.087064	-0.198	0.198
  6849	-0.0828486	-0.198	0.198
  6850	-0.0897551	-0.198	0.198
  6851	-0.0775501	-0.198	0.198
  6852	-0.0541871	-0.198	0.198
  6853	-0.0762622	-0.198	0.198
  6854	-0.0916137	-0.198	0.198
  6855	-0.0895876	-0.198	0.198
  6856	-0.0367239	-0.198	0.198
  6857	-0.0908263	-0.198	0.198
  6858	-0.0577184	-0.198	0.198
  6859	-0.0874045	-0.198	0.198
  6860	-0.0852074	-0.198	0.198
  6861	-0.0559149	-0.198	0.198
  6862	-0.0937642	-0.198	0.198
  6863	-0.0591366	-0.198	0.198
  6864	-0.0826386	-0.198	0.198
  6865	-0.0786462	-0.198	0.198
  6866	-0.0776101	-0.198	0.198
  6867	-0.0791335	-0.198	0.198
  6868	-0.0962771	-0.198	0.198
  6869	-0.096666	-0.198	0.198
  6870	-0.0625574	-0.198	0.198
  6871	-0.0961744	-0.198	0.198
  6872	-0.0707382	-0.198	0.198
  6873	-0.0798377	-0.198	0.198
  6874	-0.0785756	-0.198	0.198
  6875	-0.0695156	-0.198	0.198
  6876	-0.0981631	-0.198	0.198
  6877	-0.0649303	-0.198	0.198
  6878	-0.0817549	-0.198	0.198
  6879	-0.0815157	-0.198	0.198
  6880	-0.0791565	-0.198	0.198
  6881	-0.0838241	-0.198	0.198
  6882	-0.0686987	-0.198	0.198
  6883	-0.0572818	-0.198	0.198
  6884	-0.0962482	-0.198	0.198
  6885	-0.0851658	-0.198	0.198
  6886	-0.092141	-0.198	0.198
  6887	-0.0461193	-0.198	0.198
  6888	-0.0689527	-0.198	0.198
  6889	-0.0979318	-0.198	0.198
  6890	-0.0751977	-0.198	0.198
  6891	-0.0851736	-0.198	0.198
  6892	-0.0681365	-0.198	0.198
  6893	-0.0906726	-0.198	0.198
  6894	-0.0659567	-0.198	0.198
  6895	-0.0464224	-0.198	0.198
  6896	-0.0950753	-0.198	0.198
  6897	-0.09765	-0.198	0.198
  6898	-0.0779071	-0.198	0.198
  6899	-0.095239	-0.198	0.198
  6900	-0.0742334	-0.198	0.198
  6901	-0.0822406	-0.198	0.198
  6902	-0.0790341	-0.198	0.198
  6903	-0.0671579	-0.198	0.198
  6904	-0.0950986	-0.198	0.198
  6905	-0.0891714	-0.198	0.198
  6906	-0.0625156	-0.198	0.198
  6907	-0.0498982	-0.198	0.198
  6908	-0.0880576	-0.198	0.198
  6909	-0.0812892	-0.198	0.198
  6910	-0.0588414	-0.198	0.198
  6911	-0.0944712	-0.198	0.198
  6912	-0.0752948	-0.198	0.198
  6913	-0.092122	-0.198	0.198
  6914	-0.025384	-0.198	0.198
  6915	-0.0917843	-0.198	0.198
  6916	-0.066774	-0.198	0.198
  6917	-0.0738012	-0.198	0.198
  6918	-0.0922672	-0.198	0.198
  6919	-0.0497015	-0.198	0.198
  6920	-0.0934106	-0.198	0.198
  6921	-0.076254	-0.198	0.198
  6922	-0.094053	-0.198	0.198
  6923	-0.0521175	-0.198	0.198
  6924	-0.0906729	-0.198	0.198
  6925	-0.0320732	-0.198	0.198
  6926	-0.0891828	-0.198	0.198
  6927	-0.0749519	-0.198	0.198
  6928	-0.0723734	-0.198	0.198
  6929	-0.0677202	-0.198	0.198
  6930	-0.0845923	-0.198	0.198
  6931	-0.0810861	-0.198	0.198
  6932	-0.0678935	-0.198	0.198
  6933	-0.0741414	-0.198	0.198
  6934	-0.0858385	-0.198	0.198
  6935	-0.089117	-0.198	0.198
  6936	-0.0405622	-0.198	0.198
  6937	-0.0143138	-0.198	0.198
  6938	-0.0875672	-0.198	0.198
  6939	-0.0973629	-0.198	0.198
  6940	-0.0382064	-0.198	0.198
  6941	-0.0761482	-0.198	0.198
  6942	-0.0873651	-0.198	0.198
  6943	-0.0356406	-0.198	0.198
  6944	-0.0540895	-0.198	0.198
  6945	-0.0920715	-0.198	0.198
  6946	-0.0938786	-0.198	0.198
  6947	-0.0284885	-0.198	0.198
  6948	-0.0962923	-0.198	0.198
  6949	-0.0915543	-0.198	0.198
  6950	-0.0848128	-0.198	0.198
  6951	-0.0953797	-0.198	0.198
  6952	-0.0471706	-0.198	0.198
  6953	-0.0695179	-0.198	0.198
  6954	-0.0760322	-0.198	0.198
  6955	-0.0651797	-0.198	0.198
  6956	-0.0254775	-0.198	0.198
  6957	-0.0913339	-0.198	0.198
  6958	-0.0375378	-0.198	0.198
  6959	-0.0588024	-0.198	0.198
  6960	-0.0444773	-0.198	0.198
  6961	-0.043544	-0.198	0.198
  6962	-0.0861022	-0.198	0.198
  6963	-0.0704554	-0.198	0.198
  6964	-0.0622549	-0.198	0.198
  6965	-0.0676533	-0.198	0.198
  6966	-0.0840368	-0.198	0.198
  6967	-0.0647709	-0.198	0.198
  6968	-0.0815191	-0.198	0.198
  6969	-0.0524543	-0.198	0.198
  6970	-0.0923161	-0.198	0.198
  6971	-0.0914101	-0.198	0.198
  6972	-0.0726736	-0.198	0.198
  6973	-0.0949223	-0.198	0.198
  6974	-0.0812262	-0.198	0.198
  6975	-0.0732582	-0.198	0.198
  6976	-0.0886318	-0.198	0.198
  6977	-0.0703565	-0.198	0.198
  6978	-0.0955111	-0.198	0.198
  6979	-0.0945529	-0.198	0.198
  6980	-0.0901205	-0.198	0.198
  6981	-0.0941034	-0.198	0.198
  6982	-0.0618018	-0.198	0.198
  6983	-0.0823331	-0.198	0.198
  6984	-0.0976452	-0.198	0.198
  6985	-0.098471	-0.198	0.198
  6986	-0.0942056	-0.198	0.198
  6987	-0.05493	-0.198	0.198
  6988	-0.0547469	-0.198	0.198
  6989	-0.0784666	-0.198	0.198
  6990	-0.0744954	-0.198	0.198
  6991	-0.0494615	-0.198	0.198
  6992	-0.067514	-0.198	0.198
  6993	-0.0848714	-0.198	0.198
  6994	-0.0861435	-0.198	0.198
  6995	-0.0615369	-0.198	0.198
  6996	-0.0562129	-0.198	0.198
  6997	-0.0682997	-0.198	0.198
  6998	-0.0391087	-0.198	0.198
  6999	-0.0738987	-0.198	0.198
  7000	-0.0820598	-0.198	0.198
  7001	-0.095606	-0.198	0.198
  7002	-0.067978	-0.198	0.198
  7003	-0.0710822	-0.198	0.198
  7004	-0.0670569	-0.198	0.198
  7005	-0.0966378	-0.198	0.198
  7006	-0.0945483	-0.198	0.198
  7007	-0.0755809	-0.198	0.198
  7008	-0.0861456	-0.198	0.198
  7009	-0.0838263	-0.198	0.198
  7010	-0.086421	-0.198	0.198
  7011	-0.096171	-0.198	0.198
  7012	-0.0836611	-0.198	0.198
  7013	-0.0942625	-0.198	0.198
  7014	-0.0759635	-0.198	0.198
  7015	-0.0708222	-0.198	0.198
  7016	-0.0753985	-0.198	0.198
  7017	-0.0638024	-0.198	0.198
  7018	-0.0492052	-0.198	0.198
  7019	-0.0620685	-0.198	0.198
  7020	-0.0978638	-0.198	0.198
  7021	-0.0852837	-0.198	0.198
  7022	-0.0615803	-0.198	0.198
  7023	-0.0469519	-0.198	0.198
  7024	-0.0488964	-0.198	0.198
  7025	-0.0663703	-0.198	0.198
  7026	-0.0652853	-0.198	0.198
  7027	-0.0576845	-0.198	0.198
  7028	-0.0926239	-0.198	0.198
  7029	-0.0928718	-0.198	0.198
  7030	-0.0802015	-0.198	0.198
  7031	-0.0980774	-0.198	0.198
  7032	-0.0960457	-0.198	0.198
  7033	-0.0728339	-0.198	0.198
  7034	-0.0864507	-0.198	0.198
  7035	-0.0548559	-0.198	0.198
  7036	-0.0739749	-0.198	0.198
  7037	-0.0675003	-0.198	0.198
  7038	-0.074761	-0.198	0.198
  7039	-0.089941	-0.198	0.198
  7040	-0.0737006	-0.198	0.198
  7041	-0.0765562	-0.198	0.198
  7042	-0.0923942	-0.198	0.198
  7043	-0.0854623	-0.198	0.198
  7044	-0.0900891	-0.198	0.198
  7045	-0.073279	-0.198	0.198
  7046	-0.0776814	-0.198	0.198
  7047	-0.0610938	-0.198	0.198
  7048	-0.0576183	-0.198	0.198
  7049	-0.0723495	-0.198	0.198
  7050	-0.0547749	-0.198	0.198
  7051	-0.0672675	-0.198	0.198
  7052	-0.096442	-0.198	0.198
  7053	-0.0875835	-0.198	0.198
  7054	-0.0884996	-0.198	0.198
  7055	-0.0624829	-0.198	0.198
  7056	-0.0471677	-0.198	0.198
  7057	-0.0873	-0.198	0.198
  7058	-0.095528	-0.198	0.198
  7059	-0.0420444	-0.198	0.198
  7060	-0.0771592	-0.198	0.198
  7061	-0.0868411	-0.198	0.198
  7062	-0.0958586	-0.198	0.198
  7063	-0.059428	-0.198	0.198
  7064	-0.075946	-0.198	0.198
  7065	-0.0762739	-0.198	0.198
  7066	-0.0816682	-0.198	0.198
  7067	-0.0887359	-0.198	0.198
  7068	-0.0253828	-0.198	0.198
  7069	-0.0740699	-0.198	0.198
  7070	-0.0932112	-0.198	0.198
  7071	-0.0716652	-0.198	0.198
  7072	-0.0760665	-0.198	0.198
  7073	-0.081655	-0.198	0.198
  7074	-0.0608247	-0.198	0.198
  7075	-0.0801164	-0.198	0.198
  7076	-0.0614931	-0.198	0.198
  7077	-0.0737777	-0.198	0.198
  7078	-0.069889	-0.198	0.198
  7079	-0.051757	-0.198	0.198
  7080	-0.0819845	-0.198	0.198
  7081	-0.0819438	-0.198	0.198
  7082	-0.0870878	-0.198	0.198
  7083	-0.0931825	-0.198	0.198
  7084	-0.0981903	-0.198	0.198
  7085	-0.0838326	-0.198	0.198
  7086	-0.0169076	-0.198	0.198
  7087	-0.0950734	-0.198	0.198
  7088	-0.0691168	-0.198	0.198
  7089	-0.0859719	-0.198	0.198
  7090	-0.0437266	-0.198	0.198
  7091	-0.0857319	-0.198	0.198
  7092	-0.0591291	-0.198	0.198
  7093	-0.0982635	-0.198	0.198
  7094	-0.0976613	-0.198	0.198
  7095	-0.0871308	-0.198	0.198
  7096	-0.0680301	-0.198	0.198
  7097	-0.0961326	-0.198	0.198
  7098	-0.0740903	-0.198	0.198
  7099	-0.0868631	-0.198	0.198
  7100	-0.0899858	-0.198	0.198
  7101	-0.0924672	-0.198	0.198
  7102	-0.0897497	-0.198	0.198
  7103	-0.0913941	-0.198	0.198
  7104	-0.0660364	-0.198	0.198
  7105	-0.0853318	-0.198	0.198
  7106	-0.0775867	-0.198	0.198
  7107	-0.0765364	-0.198	0.198
  7108	-0.0466913	-0.198	0.198
  7109	-0.0694965	-0.198	0.198
  7110	-0.0783621	-0.198	0.198
  7111	-0.0551252	-0.198	0.198
  7112	-0.078555	-0.198	0.198
  7113	-0.0432565	-0.198	0.198
  7114	-0.0968259	-0.198	0.198
  7115	-0.0664737	-0.198	0.198
  7116	-0.066975	-0.198	0.198
  7117	-0.0809405	-0.198	0.198
  7118	-0.0510086	-0.198	0.198
  7119	-0.0382248	-0.198	0.198
  7120	-0.05273	-0.198	0.198
  7121	-0.0888649	-0.198	0.198
  7122	-0.0905221	-0.198	0.198
  7123	-0.0589538	-0.198	0.198
  7124	-0.0682852	-0.198	0.198
  7125	-0.0279202	-0.198	0.198
  7126	-0.0974947	-0.198	0.198
  7127	-0.0823115	-0.198	0.198
  7128	-0.0748603	-0.198	0.198
  7129	-0.0434335	-0.198	0.198
  7130	-0.0722809	-0.198	0.198
  7131	-0.0780095	-0.198	0.198
  7132	-0.062134	-0.198	0.198
  7133	-0.096213	-0.198	0.198
  7134	-0.0829921	-0.198	0.198
  7135	-0.0935129	-0.198	0.198
  7136	-0.0937484	-0.198	0.198
  7137	-0.0847944	-0.198	0.198
  7138	-0.0758566	-0.198	0.198
  7139	-0.0580193	-0.198	0.198
  7140	-0.0297946	-0.198	0.198
  7141	-0.0932725	-0.198	0.198
  7142	-0.0817429	-0.198	0.198
  7143	-0.0907687	-0.198	0.198
  7144	-0.096358	-0.198	0.198
  7145	-0.0779839	-0.198	0.198
  7146	-0.0931393	-0.198	0.198
  7147	-0.0844511	-0.198	0.198
  7148	-0.0445767	-0.198	0.198
  7149	-0.0702822	-0.198	0.198
  7150	-0.0143229	-0.198	0.198
  7151	-0.0962082	-0.198	0.198
  7152	-0.0957223	-0.198	0.198
  7153	-0.0667868	-0.198	0.198
  7154	-0.0339369	-0.198	0.198
  7155	-0.0885456	-0.198	0.198
  7156	-0.0622234	-0.198	0.198
  7157	-0.095611	-0.198	0.198
  7158	-0.0546019	-0.198	0.198
  7159	-0.0884575	-0.198	0.198
  7160	-0.0969311	-0.198	0.198
  7161	-0.0963222	-0.198	0.198
  7162	-0.0978424	-0.198	0.198
  7163	-0.093442	-0.198	0.198
  7164	-0.0719247	-0.198	0.198
  7165	-0.069063	-0.198	0.198
  7166	-0.0648393	-0.198	0.198
  7167	-0.0935786	-0.198	0.198
  7168	-0.0504733	-0.198	0.198
  7169	-0.0513491	-0.198	0.198
  7170	-0.0756457	-0.198	0.198
  7171	-0.0691953	-0.198	0.198
  7172	-0.0430184	-0.198	0.198
  7173	-0.0963259	-0.198	0.198
  7174	-0.0792006	-0.198	0.198
  7175	-0.0923436	-0.198	0.198
  7176	-0.0945133	-0.198	0.198
  7177	-0.071744	-0.198	0.198
  7178	-0.0966984	-0.198	0.198
  7179	-0.0960688	-0.198	0.198
  7180	-0.0899837	-0.198	0.198
  7181	-0.0625522	-0.198	0.198
  7182	-0.0871051	-0.198	0.198
  7183	-0.0948751	-0.198	0.198
  7184	-0.0426995	-0.198	0.198
  7185	-0.0764641	-0.198	0.198
  7186	-0.0918982	-0.198	0.198
  7187	-0.0610214	-0.198	0.198
  7188	-0.0847069	-0.198	0.198
  7189	-0.0761184	-0.198	0.198
  7190	-0.0830741	-0.198	0.198
  7191	-0.0974681	-0.198	0.198
  7192	-0.0704349	-0.198	0.198
  7193	-0.0946861	-0.198	0.198
  7194	-0.0786076	-0.198	0.198
  7195	-0.0734213	-0.198	0.198
  7196	-0.0903442	-0.198	0.198
  7197	-0.0729314	-0.198	0.198
  7198	-0.0964699	-0.198	0.198
  7199	-0.0510482	-0.198	0.198
  7200	-0.0917076	-0.198	0.198
  7201	-0.0574925	-0.198	0.198
  7202	-0.0543941	-0.198	0.198
  7203	-0.0853914	-0.198	0.198
  7204	-0.0662257	-0.198	0.198
  7205	-0.085477	-0.198	0.198
  7206	-0.0791944	-0.198	0.198
  7207	-0.0716915	-0.198	0.198
  7208	-0.0691607	-0.198	0.198
  7209	-0.0702849	-0.198	0.198
  7210	-0.0939478	-0.198	0.198
  7211	-0.082111	-0.198	0.198
  7212	-0.0834712	-0.198	0.198
  7213	-0.0678702	-0.198	0.198
  7214	-0.0941575	-0.198	0.198
  7215	-0.0971591	-0.198	0.198
  7216	-0.0931497	-0.198	0.198
  7217	-0.0948714	-0.198	0.198
  7218	-0.039873	-0.198	0.198
  7219	-0.0897801	-0.198	0.198
  7220	-0.0853263	-0.198	0.198
  7221	-0.0817474	-0.198	0.198
  7222	-0.0957096	-0.198	0.198
  7223	-0.0662157	-0.198	0.198
  7224	-0.0817401	-0.198	0.198
  7225	-0.0870383	-0.198	0.198
  7226	-0.0888754	-0.198	0.198
  7227	-0.0680563	-0.198	0.198
  7228	-0.0845731	-0.198	0.198
  7229	-0.0723467	-0.198	0.198
  7230	-0.0767113	-0.198	0.198
  7231	-0.0615269	-0.198	0.198
  7232	-0.0886349	-0.198	0.198
  7233	-0.0340462	-0.198	0.198
  7234	-0.0965914	-0.198	0.198
  7235	-0.0893473	-0.198	0.198
  7236	-0.0917092	-0.198	0.198
  7237	-0.0780666	-0.198	0.198
  7238	-0.0980342	-0.198	0.198
  7239	-0.0435594	-0.198	0.198
  7240	-0.0538123	-0.198	0.198
  7241	-0.0731674	-0.198	0.198
  7242	-0.0948913	-0.198	0.198
  7243	-0.0799189	-0.198	0.198
  7244	-0.0342131	-0.198	0.198
  7245	-0.0848424	-0.198	0.198
  7246	-0.0960542	-0.198	0.198
  7247	-0.0756978	-0.198	0.198
  7248	-0.0911455	-0.198	0.198
  7249	-0.0284502	-0.198	0.198
  7250	-0.0749296	-0.198	0.198
  7251	-0.080079	-0.198	0.198
  7252	-0.091663	-0.198	0.198
  7253	-0.069934	-0.198	0.198
  7254	-0.0781343	-0.198	0.198
  7255	-0.043287	-0.198	0.198
  7256	-0.0829965	-0.198	0.198
  7257	-0.0740399	-0.198	0.198
  7258	-0.0811392	-0.198	0.198
  7259	-0.0967944	-0.198	0.198
  7260	-0.0721389	-0.198	0.198
  7261	-0.0751642	-0.198	0.198
  7262	-0.0549964	-0.198	0.198
  7263	-0.0941082	-0.198	0.198
  7264	-0.0914566	-0.198	0.198
  7265	-0.0780029	-0.198	0.198
  7266	-0.0330994	-0.198	0.198
  7267	-0.0825442	-0.198	0.198
  7268	-0.0899636	-0.198	0.198
  7269	-0.0900673	-0.198	0.198
  7270	-0.0853232	-0.198	0.198
  7271	-0.0696637	-0.198	0.198
  7272	-0.068951	-0.198	0.198
  7273	-0.0750505	-0.198	0.198
  7274	-0.0960521	-0.198	0.198
  7275	-0.0534207	-0.198	0.198
  7276	-0.0875437	-0.198	0.198
  7277	-0.074885	-0.198	0.198
  7278	-0.0981121	-0.198	0.198
  7279	-0.0890422	-0.198	0.198
  7280	-0.0891158	-0.198	0.198
  7281	-0.0639384	-0.198	0.198
  7282	-0.0558273	-0.198	0.198
  7283	-0.0957888	-0.198	0.198
  7284	-0.0972833	-0.198	0.198
  7285	-0.0716037	-0.198	0.198
  7286	-0.0763052	-0.198	0.198
  7287	-0.0551325	-0.198	0.198
  7288	-0.0830224	-0.198	0.198
  7289	-0.0742946	-0.198	0.198
  7290	-0.0563975	-0.198	0.198
  7291	-0.0887605	-0.198	0.198
  7292	-0.0932946	-0.198	0.198
  7293	-0.0506681	-0.198	0.198
  7294	-0.0831402	-0.198	0.198
  7295	-0.0822645	-0.198	0.198
  7296	-0.0660244	-0.198	0.198
  7297	-0.0761641	-0.198	0.198
  7298	-0.0365148	-0.198	0.198
  7299	-0.0957012	-0.198	0.198
  7300	-0.0943103	-0.198	0.198
  7301	-0.0950543	-0.198	0.198
  7302	-0.0539258	-0.198	0.198
  7303	-0.0808645	-0.198	0.198
  7304	-0.0870217	-0.198	0.198
  7305	-0.083115	-0.198	0.198
  7306	-0.0507711	-0.198	0.198
  7307	-0.080202	-0.198	0.198
  7308	-0.0950254	-0.198	0.198
  7309	-0.0961643	-0.198	0.198
  7310	-0.080325	-0.198	0.198
  7311	-0.088499	-0.198	0.198
  7312	-0.086968	-0.198	0.198
  7313	-0.0962527	-0.198	0.198
  7314	-0.0954334	-0.198	0.198
  7315	-0.0722399	-0.198	0.198
  7316	-0.0850447	-0.198	0.198
  7317	-0.0944687	-0.198	0.198
  7318	-0.0916528	-0.198	0.198
  7319	-0.0619313	-0.198	0.198
  7320	-0.073594	-0.198	0.198
  7321	-0.0822796	-0.198	0.198
  7322	-0.0666001	-0.198	0.198
  7323	-0.0786203	-0.198	0.198
  7324	-0.0565175	-0.198	0.198
  7325	-0.06563	-0.198	0.198
  7326	-0.0676465	-0.198	0.198
  7327	-0.0795149	-0.198	0.198
  7328	-0.0881387	-0.198	0.198
  7329	-0.0701388	-0.198	0.198
  7330	-0.0914801	-0.198	0.198
  7331	-0.0958164	-0.198	0.198
  7332	-0.0531348	-0.198	0.198
  7333	-0.0550995	-0.198	0.198
  7334	-0.0641913	-0.198	0.198
  7335	-0.0679159	-0.198	0.198
  7336	-0.0871471	-0.198	0.198
  7337	-0.070289	-0.198	0.198
  7338	-0.0706258	-0.198	0.198
  7339	-0.0808898	-0.198	0.198
  7340	-0.082666	-0.198	0.198
  7341	-0.0896996	-0.198	0.198
  7342	-0.068834	-0.198	0.198
  7343	-0.0917868	-0.198	0.198
  7344	-0.0477882	-0.198	0.198
  7345	-0.0587862	-0.198	0.198
  7346	-0.0931592	-0.198	0.198
  7347	-0.0576618	-0.198	0.198
  7348	-0.0606689	-0.198	0.198
  7349	-0.0749162	-0.198	0.198
  7350	-0.0620053	-0.198	0.198
  7351	-0.0824091	-0.198	0.198
  7352	-0.0763266	-0.198	0.198
  7353	-0.0783315	-0.198	0.198
  7354	-0.0700439	-0.198	0.198
  7355	-0.0941338	-0.198	0.198
  7356	-0.069216	-0.198	0.198
  7357	-0.0955766	-0.198	0.198
  7358	-0.0496926	-0.198	0.198
  7359	-0.0870027	-0.198	0.198
  7360	-0.0233724	-0.198	0.198
  7361	-0.0668678	-0.198	0.198
  7362	-0.0980324	-0.198	0.198
  7363	-0.0612242	-0.198	0.198
  7364	-0.0759918	-0.198	0.198
  7365	-0.0696296	-0.198	0.198
  7366	-0.0695127	-0.198	0.198
  7367	-0.0932006	-0.198	0.198
  7368	-0.0704987	-0.198	0.198
  7369	-0.0794998	-0.198	0.198
  7370	-0.0743682	-0.198	0.198
  7371	-0.0903837	-0.198	0.198
  7372	-0.0873074	-0.198	0.198
  7373	-0.0592338	-0.198	0.198
  7374	-0.0573305	-0.198	0.198
  7375	-0.0475763	-0.198	0.198
  7376	-0.0815279	-0.198	0.198
  7377	-0.0752152	-0.198	0.198
  7378	-0.0310174	-0.198	0.198
  7379	-0.0723808	-0.198	0.198
  7380	-0.0781265	-0.198	0.198
  7381	-0.0873295	-0.198	0.198
  7382	-0.0554206	-0.198	0.198
  7383	-0.0952102	-0.198	0.198
  7384	-0.0865705	-0.198	0.198
  7385	-0.0566782	-0.198	0.198
  7386	-0.0918483	-0.198	0.198
  7387	-0.0830789	-0.198	0.198
  7388	-0.0932272	-0.198	0.198
  7389	-0.0820448	-0.198	0.198
  7390	-0.0781417	-0.198	0.198
  7391	-0.0760308	-0.198	0.198
  7392	-0.0463046	-0.198	0.198
  7393	-0.0228953	-0.198	0.198
  7394	-0.0705831	-0.198	0.198
  7395	-0.0832115	-0.198	0.198
  7396	-0.0544446	-0.198	0.198
  7397	-0.097832	-0.198	0.198
  7398	-0.0814643	-0.198	0.198
  7399	-0.057215	-0.198	0.198
  7400	-0.0739548	-0.198	0.198
  7401	-0.0955466	-0.198	0.198
  7402	-0.0847173	-0.198	0.198
  7403	-0.0631164	-0.198	0.198
  7404	-0.0918704	-0.198	0.198
  7405	-0.0467744	-0.198	0.198
  7406	-0.0958824	-0.198	0.198
  7407	-0.0910894	-0.198	0.198
  7408	-0.0972003	-0.198	0.198
  7409	-0.0662676	-0.198	0.198
  7410	-0.0932557	-0.198	0.198
  7411	-0.0780276	-0.198	0.198
  7412	-0.059018	-0.198	0.198
  7413	-0.0599782	-0.198	0.198
  7414	-0.0869263	-0.198	0.198
  7415	-0.0970858	-0.198	0.198
  7416	-0.0431175	-0.198	0.198
  7417	-0.0841727	-0.198	0.198
  7418	-0.0724118	-0.198	0.198
  7419	-0.0960457	-0.198	0.198
  7420	-0.0919767	-0.198	0.198
  7421	-0.0956993	-0.198	0.198
  7422	-0.094842	-0.198	0.198
  7423	-0.0830957	-0.198	0.198
  7424	-0.0946535	-0.198	0.198
  7425	-0.0438481	-0.198	0.198
  7426	-0.0873541	-0.198	0.198
  7427	-0.0980547	-0.198	0.198
  7428	-0.0949763	-0.198	0.198
  7429	-0.0885944	-0.198	0.198
  7430	-0.0970447	-0.198	0.198
  7431	-0.0482382	-0.198	0.198
  7432	-0.0431696	-0.198	0.198
  7433	-0.0916959	-0.198	0.198
  7434	-0.0939044	-0.198	0.198
  7435	-0.05616	-0.198	0.198
  7436	-0.02006	-0.198	0.198
  7437	-0.086227	-0.198	0.198
  7438	-0.0941226	-0.198	0.198
  7439	-0.0881097	-0.198	0.198
  7440	-0.086287	-0.198	0.198
  7441	-0.096753	-0.198	0.198
  7442	-0.0537862	-0.198	0.198
  7443	-0.0728734	-0.198	0.198
  7444	-0.0698099	-0.198	0.198
  7445	-0.0930518	-0.198	0.198
  7446	-0.0905896	-0.198	0.198
  7447	-0.0875919	-0.198	0.198
  7448	-0.065899	-0.198	0.198
  7449	-0.0731329	-0.198	0.198
  7450	-0.0924226	-0.198	0.198
  7451	-0.0767217	-0.198	0.198
  7452	-0.0655682	-0.198	0.198
  7453	-0.0603392	-0.198	0.198
  7454	-0.0934391	-0.198	0.198
  7455	-0.0591235	-0.198	0.198
  7456	-0.079478	-0.198	0.198
  7457	-0.0891638	-0.198	0.198
  7458	-0.0966173	-0.198	0.198
  7459	-0.0676416	-0.198	0.198
  7460	-0.0790836	-0.198	0.198
  7461	-0.0773301	-0.198	0.198
  7462	-0.0899393	-0.198	0.198
  7463	-0.0290978	-0.198	0.198
  7464	-0.0852191	-0.198	0.198
  7465	-0.0743761	-0.198	0.198
  7466	-0.0965668	-0.198	0.198
  7467	-0.0688376	-0.198	0.198
  7468	-0.065187	-0.198	0.198
  7469	-0.0874252	-0.198	0.198
  7470	-0.0907684	-0.198	0.198
  7471	-0.0838339	-0.198	0.198
  7472	-0.0836192	-0.198	0.198
  7473	-0.0871911	-0.198	0.198
  7474	-0.0923735	-0.198	0.198
  7475	-0.0758088	-0.198	0.198
  7476	-0.0430133	-0.198	0.198
  7477	-0.0973317	-0.198	0.198
  7478	-0.0807574	-0.198	0.198
  7479	-0.0785176	-0.198	0.198
  7480	-0.0835349	-0.198	0.198
  7481	-0.0735475	-0.198	0.198
  7482	-0.0812937	-0.198	0.198
  7483	-0.0971767	-0.198	0.198
  7484	-0.0804068	-0.198	0.198
  7485	-0.0880188	-0.198	0.198
  7486	-0.0794733	-0.198	0.198
  7487	-0.024709	-0.198	0.198
  7488	-0.0969312	-0.198	0.198
  7489	-0.066162	-0.198	0.198
  7490	-0.0771577	-0.198	0.198
  7491	-0.0710596	-0.198	0.198
  7492	-0.0554737	-0.198	0.198
  7493	-0.0694178	-0.198	0.198
  7494	-0.0872693	-0.198	0.198
  7495	-0.0820698	-0.198	0.198
  7496	-0.0730081	-0.198	0.198
  7497	-0.0950005	-0.198	0.198
  7498	-0.0954489	-0.198	0.198
  7499	-0.0763306	-0.198	0.198
  7500	-0.081748	-0.198	0.198
  7501	-0.0923481	-0.198	0.198
  7502	-0.097696	-0.198	0.198
  7503	-0.0686794	-0.198	0.198
  7504	-0.062852	-0.198	0.198
  7505	-0.0940047	-0.198	0.198
  7506	-0.0757421	-0.198	0.198
  7507	-0.0405054	-0.198	0.198
  7508	-0.0925285	-0.198	0.198
  7509	-0.072938	-0.198	0.198
  7510	-0.0680298	-0.198	0.198
  7511	-0.052761	-0.198	0.198
  7512	-0.0834867	-0.198	0.198
  7513	-0.0618193	-0.198	0.198
  7514	-0.0944626	-0.198	0.198
  7515	-0.0823214	-0.198	0.198
  7516	-0.05556	-0.198	0.198
  7517	-0.0694957	-0.198	0.198
  7518	-0.0551819	-0.198	0.198
  7519	-0.078787	-0.198	0.198
  7520	-0.0897924	-0.198	0.198
  7521	-0.0901956	-0.198	0.198
  7522	-0.0954963	-0.198	0.198
  7523	-0.0974001	-0.198	0.198
  7524	-0.0570461	-0.198	0.198
  7525	-0.0819821	-0.198	0.198
  7526	-0.080439	-0.198	0.198
  7527	-0.0753347	-0.198	0.198
  7528	-0.0913178	-0.198	0.198
  7529	-0.0647983	-0.198	0.198
  7530	-0.0947552	-0.198	0.198
  7531	-0.0931015	-0.198	0.198
  7532	-0.0563953	-0.198	0.198
  7533	-0.0456214	-0.198	0.198
  7534	-0.0767331	-0.198	0.198
  7535	-0.0730465	-0.198	0.198
  7536	-0.0757439	-0.198	0.198
  7537	-0.0484944	-0.198	0.198
  7538	-0.0672359	-0.198	0.198
  7539	-0.0863774	-0.198	0.198
  7540	-0.0890959	-0.198	0.198
  7541	-0.0902279	-0.198	0.198
  7542	-0.0948275	-0.198	0.198
  7543	-0.0891048	-0.198	0.198
  7544	-0.097941	-0.198	0.198
  7545	-0.0690145	-0.198	0.198
  7546	-0.0904374	-0.198	0.198
  7547	-0.0409299	-0.198	0.198
  7548	-0.0931409	-0.198	0.198
  7549	-0.0407453	-0.198	0.198
  7550	-0.0844413	-0.198	0.198
  7551	-0.0944101	-0.198	0.198
  7552	-0.0522956	-0.198	0.198
  7553	-0.0555424	-0.198	0.198
  7554	-0.0746594	-0.198	0.198
  7555	-0.0929802	-0.198	0.198
  7556	-0.0148194	-0.198	0.198
  7557	-0.0941195	-0.198	0.198
  7558	-0.0908981	-0.198	0.198
  7559	-0.0631358	-0.198	0.198
  7560	-0.0965805	-0.198	0.198
  7561	-0.0853028	-0.198	0.198
  7562	-0.0950691	-0.198	0.198
  7563	-0.0413648	-0.198	0.198
  7564	-0.0890159	-0.198	0.198
  7565	-0.0743969	-0.198	0.198
  7566	-0.0552877	-0.198	0.198
  7567	-0.078501	-0.198	0.198
  7568	-0.087258	-0.198	0.198
  7569	-0.0983394	-0.198	0.198
  7570	-0.0771931	-0.198	0.198
  7571	-0.0307532	-0.198	0.198
  7572	-0.0901687	-0.198	0.198
  7573	-0.0710306	-0.198	0.198
  7574	-0.070464	-0.198	0.198
  7575	-0.0633009	-0.198	0.198
  7576	-0.0940807	-0.198	0.198
  7577	-0.0661766	-0.198	0.198
  7578	-0.0855382	-0.198	0.198
  7579	-0.0841538	-0.198	0.198
  7580	-0.0588791	-0.198	0.198
  7581	-0.0901302	-0.198	0.198
  7582	-0.0668427	-0.198	0.198
  7583	-0.0957177	-0.198	0.198
  7584	-0.0839189	-0.198	0.198
  7585	-0.0745565	-0.198	0.198
  7586	-0.0651041	-0.198	0.198
  7587	-0.0942285	-0.198	0.198
  7588	-0.0915748	-0.198	0.198
  7589	-0.0805998	-0.198	0.198
  7590	-0.0645148	-0.198	0.198
  7591	-0.0646327	-0.198	0.198
  7592	-0.0965076	-0.198	0.198
  7593	-0.0852533	-0.198	0.198
  7594	-0.0586858	-0.198	0.198
  7595	-0.0347807	-0.198	0.198
  7596	-0.0910962	-0.198	0.198
  7597	-0.0531879	-0.198	0.198
  7598	-0.0747378	-0.198	0.198
  7599	-0.0839321	-0.198	0.198
  7600	-0.0911896	-0.198	0.198
  7601	-0.0940346	-0.198	0.198
  7602	-0.0916142	-0.198	0.198
  7603	-0.0844942	-0.198	0.198
  7604	-0.0574536	-0.198	0.198
  7605	-0.094844	-0.198	0.198
  7606	-0.0684096	-0.198	0.198
  7607	-0.0909479	-0.198	0.198
  7608	-0.0773518	-0.198	0.198
  7609	-0.0934141	-0.198	0.198
  7610	-0.0813324	-0.198	0.198
  7611	-0.0967118	-0.198	0.198
  7612	-0.0944282	-0.198	0.198
  7613	-0.0836217	-0.198	0.198
  7614	-0.0965596	-0.198	0.198
  7615	-0.0440498	-0.198	0.198
  7616	-0.0951223	-0.198	0.198
  7617	-0.0855694	-0.198	0.198
  7618	-0.088005	-0.198	0.198
  7619	-0.0630831	-0.198	0.198
  7620	-0.0657713	-0.198	0.198
  7621	-0.0832427	-0.198	0.198
  7622	-0.0870211	-0.198	0.198
  7623	-0.0572402	-0.198	0.198
  7624	-0.0592884	-0.198	0.198
  7625	-0.0607211	-0.198	0.198
  7626	-0.0969705	-0.198	0.198
  7627	-0.0840991	-0.198	0.198
  7628	-0.0915702	-0.198	0.198
  7629	-0.0510109	-0.198	0.198
  7630	-0.0921993	-0.198	0.198
  7631	-0.0700233	-0.198	0.198
  7632	-0.085872	-0.198	0.198
  7633	-0.0463207	-0.198	0.198
  7634	-0.0980072	-0.198	0.198
  7635	-0.0918726	-0.198	0.198
  7636	-0.0330842	-0.198	0.198
  7637	-0.081417	-0.198	0.198
  7638	-0.0934103	-0.198	0.198
  7639	-0.0310291	-0.198	0.198
  7640	-0.0952222	-0.198	0.198
  7641	-0.0837375	-0.198	0.198
  7642	-0.0924539	-0.198	0.198
  7643	-0.0778921	-0.198	0.198
  7644	-0.0306561	-0.198	0.198
  7645	-0.0980776	-0.198	0.198
  7646	-0.093654	-0.198	0.198
  7647	-0.0594283	-0.198	0.198
  7648	-0.0796019	-0.198	0.198
  7649	-0.0918674	-0.198	0.198
  7650	-0.0602986	-0.198	0.198
  7651	-0.0531996	-0.198	0.198
  7652	-0.0866325	-0.198	0.198
  7653	-0.0372896	-0.198	0.198
  7654	-0.0840649	-0.198	0.198
  7655	-0.0884568	-0.198	0.198
  7656	-0.092874	-0.198	0.198
  7657	-0.0810697	-0.198	0.198
  7658	-0.0627139	-0.198	0.198
  7659	-0.0845454	-0.198	0.198
  7660	-0.0670062	-0.198	0.198
  7661	-0.0913763	-0.198	0.198
  7662	-0.0629258	-0.198	0.198
  7663	-0.0789261	-0.198	0.198
  7664	-0.0470551	-0.198	0.198
  7665	-0.0927625	-0.198	0.198
  7666	-0.0816954	-0.198	0.198
  7667	-0.048771	-0.198	0.198
  7668	-0.0774859	-0.198	0.198
  7669	-0.089166	-0.198	0.198
  7670	-0.0971043	-0.198	0.198
  7671	-0.0817882	-0.198	0.198
  7672	-0.0781789	-0.198	0.198
  7673	-0.088295	-0.198	0.198
  7674	-0.0605898	-0.198	0.198
  7675	-0.0707544	-0.198	0.198
  7676	-0.0853773	-0.198	0.198
  7677	-0.092866	-0.198	0.198
  7678	-0.0975226	-0.198	0.198
  7679	-0.0973102	-0.198	0.198
  7680	-0.097108	-0.198	0.198
  7681	-0.0830863	-0.198	0.198
  7682	-0.091966	-0.198	0.198
  7683	-0.0481604	-0.198	0.198
  7684	-0.09567	-0.198	0.198
  7685	-0.0707486	-0.198	0.198
  7686	-0.0839278	-0.198	0.198
  7687	-0.089481	-0.198	0.198
  7688	-0.0686046	-0.198	0.198
  7689	-0.0704049	-0.198	0.198
  7690	-0.0608923	-0.198	0.198
  7691	-0.0720582	-0.198	0.198
  7692	-0.0466732	-0.198	0.198
  7693	-0.0469167	-0.198	0.198
  7694	-0.0903958	-0.198	0.198
  7695	-0.0665257	-0.198	0.198
  7696	-0.098179	-0.198	0.198
  7697	-0.0949037	-0.198	0.198
  7698	-0.0522052	-0.198	0.198
  7699	-0.0743978	-0.198	0.198
  7700	-0.0900511	-0.198	0.198
  7701	-0.0878808	-0.198	0.198
  7702	-0.0773454	-0.198	0.198
  7703	-0.0715242	-0.198	0.198
  7704	-0.0661699	-0.198	0.198
  7705	-0.0670126	-0.198	0.198
  7706	-0.0601627	-0.198	0.198
  7707	-0.078013	-0.198	0.198
  7708	-0.0915199	-0.198	0.198
  7709	-0.0949045	-0.198	0.198
  7710	-0.0394057	-0.198	0.198
  7711	-0.0929792	-0.198	0.198
  7712	-0.0464354	-0.198	0.198
  7713	-0.090827	-0.198	0.198
  7714	-0.0971998	-0.198	0.198
  7715	-0.0531317	-0.198	0.198
  7716	-0.0839593	-0.198	0.198
  7717	-0.0916392	-0.198	0.198
  7718	-0.0876608	-0.198	0.198
  7719	-0.0691217	-0.198	0.198
  7720	-0.0902347	-0.198	0.198
  7721	-0.0921291	-0.198	0.198
  7722	-0.0821608	-0.198	0.198
  7723	-0.0771899	-0.198	0.198
  7724	-0.0821001	-0.198	0.198
  7725	-0.096528	-0.198	0.198
  7726	-0.0572952	-0.198	0.198
  7727	-0.0750964	-0.198	0.198
  7728	-0.0941136	-0.198	0.198
  7729	-0.0184458	-0.198	0.198
  7730	-0.0893943	-0.198	0.198
  7731	-0.0383968	-0.198	0.198
  7732	-0.0343042	-0.198	0.198
  7733	-0.0591567	-0.198	0.198
  7734	-0.0963402	-0.198	0.198
  7735	-0.0674522	-0.198	0.198
  7736	-0.0907593	-0.198	0.198
  7737	-0.0169517	-0.198	0.198
  7738	-0.0945662	-0.198	0.198
  7739	-0.0722842	-0.198	0.198
  7740	-0.0545174	-0.198	0.198
  7741	-0.0739488	-0.198	0.198
  7742	-0.09358	-0.198	0.198
  7743	-0.0967643	-0.198	0.198
  7744	-0.0960036	-0.198	0.198
  7745	-0.0584329	-0.198	0.198
  7746	-0.0964652	-0.198	0.198
  7747	-0.0595316	-0.198	0.198
  7748	-0.0774546	-0.198	0.198
  7749	-0.0499279	-0.198	0.198
  7750	-0.0981426	-0.198	0.198
  7751	-0.0917773	-0.198	0.198
  7752	-0.0962869	-0.198	0.198
  7753	-0.0925239	-0.198	0.198
  7754	-0.0342486	-0.198	0.198
  7755	-0.0877022	-0.198	0.198
  7756	-0.0861215	-0.198	0.198
  7757	-0.0629918	-0.198	0.198
  7758	-0.0856891	-0.198	0.198
  7759	-0.0935071	-0.198	0.198
  7760	-0.0834035	-0.198	0.198
  7761	-0.0400022	-0.198	0.198
  7762	-0.0764175	-0.198	0.198
  7763	-0.0752548	-0.198	0.198
  7764	-0.0407357	-0.198	0.198
  7765	-0.097431	-0.198	0.198
  7766	-0.0600573	-0.198	0.198
  7767	-0.0358418	-0.198	0.198
  7768	-0.041493	-0.198	0.198
  7769	-0.0894902	-0.198	0.198
  7770	-0.0692077	-0.198	0.198
  7771	-0.0922973	-0.198	0.198
  7772	-0.085358	-0.198	0.198
  7773	-0.04339	-0.198	0.198
  7774	-0.0835388	-0.198	0.198
  7775	-0.0881664	-0.198	0.198
  7776	-0.074645	-0.198	0.198
  7777	-0.0941474	-0.198	0.198
  7778	-0.0727009	-0.198	0.198
  7779	-0.060435	-0.198	0.198
  7780	-0.0835457	-0.198	0.198
  7781	-0.0564375	-0.198	0.198
  7782	-0.0979365	-0.198	0.198
  7783	-0.0917073	-0.198	0.198
  7784	-0.0789568	-0.198	0.198
  7785	-0.0598379	-0.198	0.198
  7786	-0.0542279	-0.198	0.198
  7787	-0.0952517	-0.198	0.198
  7788	-0.0962513	-0.198	0.198
  7789	-0.0806568	-0.198	0.198
  7790	-0.0725254	-0.198	0.198
  7791	-0.0704098	-0.198	0.198
  7792	-0.0886	-0.198	0.198
  7793	-0.0956147	-0.198	0.198
  7794	-0.0439355	-0.198	0.198
  7795	-0.0931823	-0.198	0.198
  7796	-0.0504166	-0.198	0.198
  7797	-0.0684405	-0.198	0.198
  7798	-0.0908213	-0.198	0.198
  7799	-0.0943888	-0.198	0.198
  7800	-0.0801219	-0.198	0.198
  7801	-0.0742092	-0.198	0.198
  7802	-0.0661755	-0.198	0.198
  7803	-0.0696511	-0.198	0.198
  7804	-0.0968372	-0.198	0.198
  7805	-0.0637562	-0.198	0.198
  7806	-0.0839315	-0.198	0.198
  7807	-0.0892337	-0.198	0.198
  7808	-0.0722931	-0.198	0.198
  7809	-0.0759303	-0.198	0.198
  7810	-0.0836705	-0.198	0.198
  7811	-0.0805766	-0.198	0.198
  7812	-0.0981846	-0.198	0.198
  7813	-0.0650108	-0.198	0.198
  7814	-0.0346865	-0.198	0.198
  7815	-0.0965911	-0.198	0.198
  7816	-0.0970474	-0.198	0.198
  7817	-0.0847152	-0.198	0.198
  7818	-0.0965865	-0.198	0.198
  7819	-0.0718739	-0.198	0.198
  7820	-0.0958798	-0.198	0.198
  7821	-0.0835978	-0.198	0.198
  7822	-0.0567981	-0.198	0.198
  7823	-0.0840167	-0.198	0.198
  7824	-0.0863281	-0.198	0.198
  7825	-0.0717793	-0.198	0.198
  7826	-0.065143	-0.198	0.198
  7827	-0.0505337	-0.198	0.198
  7828	-0.0529867	-0.198	0.198
  7829	-0.0598803	-0.198	0.198
  7830	-0.0921328	-0.198	0.198
  7831	-0.0841123	-0.198	0.198
  7832	-0.0880846	-0.198	0.198
  7833	-0.0905748	-0.198	0.198
  7834	-0.0863785	-0.198	0.198
  7835	-0.0835128	-0.198	0.198
  7836	-0.0793041	-0.198	0.198
  7837	-0.0704404	-0.198	0.198
  7838	-0.0732221	-0.198	0.198
  7839	-0.0941189	-0.198	0.198
  7840	-0.0774072	-0.198	0.198
  7841	-0.0533924	-0.198	0.198
  7842	-0.0789908	-0.198	0.198
  7843	-0.0755181	-0.198	0.198
  7844	-0.0930118	-0.198	0.198
  7845	-0.0615724	-0.198	0.198
  7846	-0.0748247	-0.198	0.198
  7847	-0.0810522	-0.198	0.198
  7848	-0.0763183	-0.198	0.198
  7849	-0.0964066	-0.198	0.198
  7850	-0.0921089	-0.198	0.198
  7851	-0.080667	-0.198	0.198
  7852	-0.0762227	-0.198	0.198
  7853	-0.0897858	-0.198	0.198
  7854	-0.0665028	-0.198	0.198
  7855	-0.0814701	-0.198	0.198
  7856	-0.0827214	-0.198	0.198
  7857	-0.0882924	-0.198	0.198
  7858	-0.0953682	-0.198	0.198
  7859	-0.0500357	-0.198	0.198
  7860	-0.085304	-0.198	0.198
  7861	-0.0959883	-0.198	0.198
  7862	-0.0973523	-0.198	0.198
  7863	-0.0647916	-0.198	0.198
  7864	-0.0855056	-0.198	0.198
  7865	-0.0892021	-0.198	0.198
  7866	-0.0932506	-0.198	0.198
  7867	-0.0823498	-0.198	0.198
  7868	-0.0783659	-0.198	0.198
  7869	-0.0774384	-0.198	0.198
  7870	-0.0517152	-0.198	0.198
  7871	-0.0909319	-0.198	0.198
  7872	-0.0892112	-0.198	0.198
  7873	-0.0908475	-0.198	0.198
  7874	-0.0529092	-0.198	0.198
  7875	-0.0965181	-0.198	0.198
  7876	-0.0975827	-0.198	0.198
  7877	-0.0782679	-0.198	0.198
  7878	-0.0591475	-0.198	0.198
  7879	-0.0831449	-0.198	0.198
  7880	-0.0669651	-0.198	0.198
  7881	-0.0974446	-0.198	0.198
  7882	-0.0803559	-0.198	0.198
  7883	-0.0657688	-0.198	0.198
  7884	-0.0930814	-0.198	0.198
  7885	-0.0973039	-0.198	0.198
  7886	-0.0481763	-0.198	0.198
  7887	-0.0966642	-0.198	0.198
  7888	-0.080115	-0.198	0.198
  7889	-0.0932936	-0.198	0.198
  7890	-0.0906953	-0.198	0.198
  7891	-0.0725624	-0.198	0.198
  7892	-0.0888343	-0.198	0.198
  7893	-0.0697494	-0.198	0.198
  7894	-0.0868311	-0.198	0.198
  7895	-0.0495547	-0.198	0.198
  7896	-0.085234	-0.198	0.198
  7897	-0.096126	-0.198	0.198
  7898	-0.0959784	-0.198	0.198
  7899	-0.056953	-0.198	0.198
  7900	-0.0956592	-0.198	0.198
  7901	-0.0574031	-0.198	0.198
  7902	-0.082649	-0.198	0.198
  7903	-0.0752629	-0.198	0.198
  7904	-0.0574994	-0.198	0.198
  7905	-0.0696517	-0.198	0.198
  7906	-0.09626	-0.198	0.198
  7907	-0.0429923	-0.198	0.198
  7908	-0.0661201	-0.198	0.198
  7909	-0.0757691	-0.198	0.198
  7910	-0.0795921	-0.198	0.198
  7911	-0.0872984	-0.198	0.198
  7912	-0.0914234	-0.198	0.198
  7913	-0.0779161	-0.198	0.198
  7914	-0.0463404	-0.198	0.198
  7915	-0.0891326	-0.198	0.198
  7916	-0.0607151	-0.198	0.198
  7917	-0.0893572	-0.198	0.198
  7918	-0.0631826	-0.198	0.198
  7919	-0.0958573	-0.198	0.198
  7920	-0.0748954	-0.198	0.198
  7921	-0.0617263	-0.198	0.198
  7922	-0.087856	-0.198	0.198
  7923	-0.0754625	-0.198	0.198
  7924	-0.0870333	-0.198	0.198
  7925	-0.066004	-0.198	0.198
  7926	-0.0816007	-0.198	0.198
  7927	-0.0928455	-0.198	0.198
  7928	-0.0730792	-0.198	0.198
  7929	-0.06536	-0.198	0.198
  7930	-0.0683884	-0.198	0.198
  7931	-0.0611081	-0.198	0.198
  7932	-0.0800166	-0.198	0.198
  7933	-0.0211081	-0.198	0.198
  7934	-0.0859119	-0.198	0.198
  7935	-0.080867	-0.198	0.198
  7936	-0.0859478	-0.198	0.198
  7937	-0.0565816	-0.198	0.198
  7938	-0.0888514	-0.198	0.198
  7939	-0.0904294	-0.198	0.198
  7940	-0.0874065	-0.198	0.198
  7941	-0.0758385	-0.198	0.198
  7942	-0.0547397	-0.198	0.198
  7943	-0.0956765	-0.198	0.198
  7944	-0.0886615	-0.198	0.198
  7945	-0.0558881	-0.198	0.198
  7946	-0.0666839	-0.198	0.198
  7947	-0.0870134	-0.198	0.198
  7948	-0.0893541	-0.198	0.198
  7949	-0.0970711	-0.198	0.198
  7950	-0.0966635	-0.198	0.198
  7951	-0.0975745	-0.198	0.198
  7952	-0.0835792	-0.198	0.198
  7953	-0.0648399	-0.198	0.198
  7954	-0.0869601	-0.198	0.198
  7955	-0.0971395	-0.198	0.198
  7956	-0.0921991	-0.198	0.198
  7957	-0.0854336	-0.198	0.198
  7958	-0.0540769	-0.198	0.198
  7959	-0.0944479	-0.198	0.198
  7960	-0.0944226	-0.198	0.198
  7961	-0.0836689	-0.198	0.198
  7962	-0.0786166	-0.198	0.198
  7963	-0.0765187	-0.198	0.198
  7964	-0.0788639	-0.198	0.198
  7965	-0.0956951	-0.198	0.198
  7966	-0.0716236	-0.198	0.198
  7967	-0.0980123	-0.198	0.198
  7968	-0.0840197	-0.198	0.198
  7969	-0.0917752	-0.198	0.198
  7970	-0.0972093	-0.198	0.198
  7971	-0.0954919	-0.198	0.198
  7972	-0.0815191	-0.198	0.198
  7973	-0.088808	-0.198	0.198
  7974	-0.096777	-0.198	0.198
  7975	-0.0970182	-0.198	0.198
  7976	-0.0753955	-0.198	0.198
  7977	-0.0573244	-0.198	0.198
  7978	-0.083584	-0.198	0.198
  7979	-0.0797568	-0.198	0.198
  7980	-0.0646159	-0.198	0.198
  7981	-0.0565633	-0.198	0.198
  7982	-0.0932661	-0.198	0.198
  7983	-0.068246	-0.198	0.198
  7984	-0.0974148	-0.198	0.198
  7985	-0.0520398	-0.198	0.198
  7986	-0.0659234	-0.198	0.198
  7987	-0.0658632	-0.198	0.198
  7988	-0.0702797	-0.198	0.198
  7989	-0.0955434	-0.198	0.198
  7990	-0.0890612	-0.198	0.198
  7991	-0.0902739	-0.198	0.198
  7992	-0.0979052	-0.198	0.198
  7993	-0.0147246	-0.198	0.198
  7994	-0.0978426	-0.198	0.198
  7995	-0.0877549	-0.198	0.198
  7996	-0.0814372	-0.198	0.198
  7997	-0.0831565	-0.198	0.198
  7998	-0.0238695	-0.198	0.198
  7999	-0.089932	-0.198	0.198
  8000	-0.0934561	-0.198	0.198
  8001	-0.0687795	-0.198	0.198
  8002	-0.0863328	-0.198	0.198
  8003	-0.0654961	-0.198	0.198
  8004	-0.0802624	-0.198	0.198
  8005	-0.0306508	-0.198	0.198
  8006	-0.0814619	-0.198	0.198
  8007	-0.0930041	-0.198	0.198
  8008	-0.0830452	-0.198	0.198
  8009	-0.0732174	-0.198	0.198
  8010	-0.0607699	-0.198	0.198
  8011	-0.0819982	-0.198	0.198
  8012	-0.0957569	-0.198	0.198
  8013	-0.0966633	-0.198	0.198
  8014	-0.0393847	-0.198	0.198
  8015	-0.0953466	-0.198	0.198
  8016	-0.0898748	-0.198	0.198
  8017	-0.0884098	-0.198	0.198
  8018	-0.0970219	-0.198	0.198
  8019	-0.0551581	-0.198	0.198
  8020	-0.0789679	-0.198	0.198
  8021	-0.0855876	-0.198	0.198
  8022	-0.0788562	-0.198	0.198
  8023	-0.0680005	-0.198	0.198
  8024	-0.0790601	-0.198	0.198
  8025	-0.0576785	-0.198	0.198
  8026	-0.0766535	-0.198	0.198
  8027	-0.0661952	-0.198	0.198
  8028	-0.0737095	-0.198	0.198
  8029	-0.0957763	-0.198	0.198
  8030	-0.0770611	-0.198	0.198
  8031	-0.0575601	-0.198	0.198
  8032	-0.0932746	-0.198	0.198
  8033	-0.0828151	-0.198	0.198
  8034	-0.0960642	-0.198	0.198
  8035	-0.0869555	-0.198	0.198
  8036	-0.0587253	-0.198	0.198
  8037	-0.0352935	-0.198	0.198
  8038	-0.0812808	-0.198	0.198
  8039	-0.0478856	-0.198	0.198
  8040	-0.0955475	-0.198	0.198
  8041	-0.092948	-0.198	0.198
  8042	-0.0359968	-0.198	0.198
  8043	-0.0516872	-0.198	0.198
  8044	-0.0392406	-0.198	0.198
  8045	-0.0767005	-0.198	0.198
  8046	-0.0774306	-0.198	0.198
  8047	-0.0867453	-0.198	0.198
  8048	-0.0979961	-0.198	0.198
  8049	-0.0825469	-0.198	0.198
  8050	-0.0325826	-0.198	0.198
  8051	-0.0661874	-0.198	0.198
  8052	-0.0970815	-0.198	0.198
  8053	-0.0817598	-0.198	0.198
  8054	-0.0891146	-0.198	0.198
  8055	-0.0855159	-0.198	0.198
  8056	-0.0950284	-0.198	0.198
  8057	-0.0940196	-0.198	0.198
  8058	-0.0690227	-0.198	0.198
  8059	-0.0499545	-0.198	0.198
  8060	-0.0664556	-0.198	0.198
  8061	-0.0468647	-0.198	0.198
  8062	-0.0889036	-0.198	0.198
  8063	-0.0358383	-0.198	0.198
  8064	-0.0419616	-0.198	0.198
  8065	-0.0417548	-0.198	0.198
  8066	-0.0982143	-0.198	0.198
  8067	-0.0753126	-0.198	0.198
  8068	-0.0515057	-0.198	0.198
  8069	-0.0945595	-0.198	0.198
  8070	-0.082376	-0.198	0.198
  8071	-0.0973396	-0.198	0.198
  8072	-0.0948399	-0.198	0.198
  8073	-0.0792486	-0.198	0.198
  8074	-0.0782073	-0.198	0.198
  8075	-0.0622163	-0.198	0.198
  8076	-0.0684055	-0.198	0.198
  8077	-0.095196	-0.198	0.198
  8078	-0.0681821	-0.198	0.198
  8079	-0.0681495	-0.198	0.198
  8080	-0.0795613	-0.198	0.198
  8081	-0.0978463	-0.198	0.198
  8082	-0.0923607	-0.198	0.198
  8083	-0.0821402	-0.198	0.198
  8084	-0.0861325	-0.198	0.198
  8085	-0.0768501	-0.198	0.198
  8086	-0.0740467	-0.198	0.198
  8087	-0.0818319	-0.198	0.198
  8088	-0.0932029	-0.198	0.198
  8089	-0.0775408	-0.198	0.198
  8090	-0.0318915	-0.198	0.198
  8091	-0.0808839	-0.198	0.198
  8092	-0.0924469	-0.198	0.198
  8093	-0.0755781	-0.198	0.198
  8094	-0.06228	-0.198	0.198
  8095	-0.0862613	-0.198	0.198
  8096	-0.0409088	-0.198	0.198
  8097	-0.0752828	-0.198	0.198
  8098	-0.0786999	-0.198	0.198
  8099	-0.0586167	-0.198	0.198
  8100	-0.0739701	-0.198	0.198
  8101	-0.0727478	-0.198	0.198
  8102	-0.0807279	-0.198	0.198
  8103	-0.096301	-0.198	0.198
  8104	-0.07443	-0.198	0.198
  8105	-0.095545	-0.198	0.198
  8106	-0.0537637	-0.198	0.198
  8107	-0.0880453	-0.198	0.198
  8108	-0.0939407	-0.198	0.198
  8109	-0.0951807	-0.198	0.198
  8110	-0.0944384	-0.198	0.198
  8111	-0.0962202	-0.198	0.198
  8112	-0.0972909	-0.198	0.198
  8113	-0.0486266	-0.198	0.198
  8114	-0.0577365	-0.198	0.198
  8115	-0.0815902	-0.198	0.198
  8116	-0.0307706	-0.198	0.198
  8117	-0.0815347	-0.198	0.198
  8118	-0.088433	-0.198	0.198
  8119	-0.0546735	-0.198	0.198
  8120	-0.0682469	-0.198	0.198
  8121	-0.0871286	-0.198	0.198
  8122	-0.0947447	-0.198	0.198
  8123	-0.0633212	-0.198	0.198
  8124	-0.0679675	-0.198	0.198
  8125	-0.0816179	-0.198	0.198
  8126	-0.0928371	-0.198	0.198
  8127	-0.097514	-0.198	0.198
  8128	-0.0854435	-0.198	0.198
  8129	-0.0963025	-0.198	0.198
  8130	-0.0244212	-0.198	0.198
  8131	-0.0701037	-0.198	0.198
  8132	-0.0898388	-0.198	0.198
  8133	-0.0641691	-0.198	0.198
  8134	-0.055472	-0.198	0.198
  8135	-0.0886703	-0.198	0.198
  8136	-0.0804798	-0.198	0.198
  8137	-0.0854693	-0.198	0.198
  8138	-0.0952394	-0.198	0.198
  8139	-0.0778195	-0.198	0.198
  8140	-0.0978893	-0.198	0.198
  8141	-0.0604302	-0.198	0.198
  8142	-0.0793382	-0.198	0.198
  8143	-0.0863657	-0.198	0.198
  8144	-0.0700463	-0.198	0.198
  8145	-0.0938768	-0.198	0.198
  8146	-0.0969428	-0.198	0.198
  8147	-0.0972539	-0.198	0.198
  8148	-0.0913859	-0.198	0.198
  8149	-0.0959753	-0.198	0.198
  8150	-0.0493925	-0.198	0.198
  8151	-0.0721551	-0.198	0.198
  8152	-0.0979186	-0.198	0.198
  8153	-0.0519242	-0.198	0.198
  8154	-0.0858143	-0.198	0.198
  8155	-0.0457224	-0.198	0.198
  8156	-0.0523206	-0.198	0.198
  8157	-0.0971082	-0.198	0.198
  8158	-0.0156986	-0.198	0.198
  8159	-0.0920544	-0.198	0.198
  8160	-0.0553111	-0.198	0.198
  8161	-0.0930538	-0.198	0.198
  8162	-0.0684598	-0.198	0.198
  8163	-0.0774548	-0.198	0.198
  8164	-0.0458884	-0.198	0.198
  8165	-0.0979559	-0.198	0.198
  8166	-0.0617962	-0.198	0.198
  8167	-0.0964106	-0.198	0.198
  8168	-0.0630335	-0.198	0.198
  8169	-0.0593053	-0.198	0.198
  8170	-0.0933403	-0.198	0.198
  8171	-0.0706667	-0.198	0.198
  8172	-0.069221	-0.198	0.198
  8173	-0.0794751	-0.198	0.198
  8174	-0.049126	-0.198	0.198
  8175	-0.0829737	-0.198	0.198
  8176	-0.0948217	-0.198	0.198
  8177	-0.0701978	-0.198	0.198
  8178	-0.0684328	-0.198	0.198
  8179	-0.0666539	-0.198	0.198
  8180	-0.0645439	-0.198	0.198
  8181	-0.0839672	-0.198	0.198
  8182	-0.0711366	-0.198	0.198
  8183	-0.046637	-0.198	0.198
  8184	-0.0519417	-0.198	0.198
  8185	-0.0500326	-0.198	0.198
  8186	-0.0604554	-0.198	0.198
  8187	-0.0546893	-0.198	0.198
  8188	-0.0635066	-0.198	0.198
  8189	-0.0783334	-0.198	0.198
  8190	-0.0689372	-0.198	0.198
  8191	-0.072649	-0.198	0.198
  8192	-0.079076	-0.198	0.198
  8193	-0.0672262	-0.198	0.198
  8194	-0.0895473	-0.198	0.198
  8195	-0.0952393	-0.198	0.198
  8196	-0.0974724	-0.198	0.198
  8197	-0.0698221	-0.198	0.198
  8198	-0.0699392	-0.198	0.198
  8199	-0.0925439	-0.198	0.198
  8200	-0.0325081	-0.198	0.198
  8201	-0.0823243	-0.198	0.198
  8202	-0.0933311	-0.198	0.198
  8203	-0.0945903	-0.198	0.198
  8204	-0.0567317	-0.198	0.198
  8205	-0.0888058	-0.198	0.198
  8206	-0.0695946	-0.198	0.198
  8207	-0.072221	-0.198	0.198
  8208	-0.0639165	-0.198	0.198
  8209	-0.0813816	-0.198	0.198
  8210	-0.0865377	-0.198	0.198
  8211	-0.0807056	-0.198	0.198
  8212	-0.0784714	-0.198	0.198
  8213	-0.0496938	-0.198	0.198
  8214	-0.086675	-0.198	0.198
  8215	-0.0763184	-0.198	0.198
  8216	-0.0868333	-0.198	0.198
  8217	-0.0686914	-0.198	0.198
  8218	-0.0929998	-0.198	0.198
  8219	-0.020866	-0.198	0.198
  8220	-0.0972722	-0.198	0.198
  8221	-0.0717438	-0.198	0.198
  8222	-0.0659408	-0.198	0.198
  8223	-0.0951523	-0.198	0.198
  8224	-0.035844	-0.198	0.198
  8225	-0.0651372	-0.198	0.198
  8226	-0.0977393	-0.198	0.198
  8227	-0.0659112	-0.198	0.198
  8228	-0.0709293	-0.198	0.198
  8229	-0.0649952	-0.198	0.198
  8230	-0.0926664	-0.198	0.198
  8231	-0.0734513	-0.198	0.198
  8232	-0.0954018	-0.198	0.198
  8233	-0.0844017	-0.198	0.198
  8234	-0.0899758	-0.198	0.198
  8235	-0.0880663	-0.198	0.198
  8236	-0.079133	-0.198	0.198
  8237	-0.0934817	-0.198	0.198
  8238	-0.0885804	-0.198	0.198
  8239	-0.0812736	-0.198	0.198
  8240	-0.0885757	-0.198	0.198
  8241	-0.0875858	-0.198	0.198
  8242	-0.0747015	-0.198	0.198
  8243	-0.0454654	-0.198	0.198
  8244	-0.0951453	-0.198	0.198
  8245	-0.0962625	-0.198	0.198
  8246	-0.0676783	-0.198	0.198
  8247	-0.095361	-0.198	0.198
  8248	-0.0402112	-0.198	0.198
  8249	-0.0167923	-0.198	0.198
  8250	-0.0769373	-0.198	0.198
  8251	-0.0362502	-0.198	0.198
  8252	-0.0620394	-0.198	0.198
  8253	-0.0833887	-0.198	0.198
  8254	-0.0745199	-0.198	0.198
  8255	-0.0678817	-0.198	0.198
  8256	-0.0966806	-0.198	0.198
  8257	-0.0940275	-0.198	0.198
  8258	-0.065288	-0.198	0.198
  8259	-0.0890043	-0.198	0.198
  8260	-0.092583	-0.198	0.198
  8261	-0.0436996	-0.198	0.198
  8262	-0.0832422	-0.198	0.198
  8263	-0.0967439	-0.198	0.198
  8264	-0.0797606	-0.198	0.198
  8265	-0.0923214	-0.198	0.198
  8266	-0.0966036	-0.198	0.198
  8267	-0.083861	-0.198	0.198
  8268	-0.0580546	-0.198	0.198
  8269	-0.0916711	-0.198	0.198
  8270	-0.094107	-0.198	0.198
  8271	-0.0768664	-0.198	0.198
  8272	-0.0845099	-0.198	0.198
  8273	-0.066725	-0.198	0.198
  8274	-0.0833207	-0.198	0.198
  8275	-0.0391912	-0.198	0.198
  8276	-0.061348	-0.198	0.198
  8277	-0.0902331	-0.198	0.198
  8278	-0.0846671	-0.198	0.198
  8279	-0.0628928	-0.198	0.198
  8280	-0.0753133	-0.198	0.198
  8281	-0.081413	-0.198	0.198
  8282	-0.096581	-0.198	0.198
  8283	-0.0814311	-0.198	0.198
  8284	-0.0875599	-0.198	0.198
  8285	-0.0974386	-0.198	0.198
  8286	-0.0807384	-0.198	0.198
  8287	-0.0604695	-0.198	0.198
  8288	-0.0760138	-0.198	0.198
  8289	-0.0948897	-0.198	0.198
  8290	-0.0622229	-0.198	0.198
  8291	-0.0569811	-0.198	0.198
  8292	-0.0550496	-0.198	0.198
  8293	-0.0833784	-0.198	0.198
  8294	-0.090756	-0.198	0.198
  8295	-0.0794045	-0.198	0.198
  8296	-0.0946536	-0.198	0.198
  8297	-0.0956351	-0.198	0.198
  8298	-0.0783995	-0.198	0.198
  8299	-0.0690197	-0.198	0.198
  8300	-0.0864345	-0.198	0.198
  8301	-0.0926231	-0.198	0.198
  8302	-0.0813332	-0.198	0.198
  8303	-0.0523247	-0.198	0.198
  8304	-0.0962238	-0.198	0.198
  8305	-0.0880389	-0.198	0.198
  8306	-0.0587508	-0.198	0.198
  8307	-0.0834641	-0.198	0.198
  8308	-0.0610422	-0.198	0.198
  8309	-0.0978032	-0.198	0.198
  8310	-0.0971257	-0.198	0.198
  8311	-0.0613723	-0.198	0.198
  8312	-0.0957506	-0.198	0.198
  8313	-0.0782847	-0.198	0.198
  8314	-0.0929648	-0.198	0.198
  8315	-0.0533089	-0.198	0.198
  8316	-0.0687492	-0.198	0.198
  8317	-0.069491	-0.198	0.198
  8318	-0.0942771	-0.198	0.198
  8319	-0.0587645	-0.198	0.198
  8320	-0.0509861	-0.198	0.198
  8321	-0.0742135	-0.198	0.198
  8322	-0.0903062	-0.198	0.198
  8323	-0.0730104	-0.198	0.198
  8324	-0.0940304	-0.198	0.198
  8325	-0.0914689	-0.198	0.198
  8326	-0.0734076	-0.198	0.198
  8327	-0.0626537	-0.198	0.198
  8328	-0.0908161	-0.198	0.198
  8329	-0.0623079	-0.198	0.198
  8330	-0.0969782	-0.198	0.198
  8331	-0.0744177	-0.198	0.198
  8332	-0.0836921	-0.198	0.198
  8333	-0.0785611	-0.198	0.198
  8334	-0.0570827	-0.198	0.198
  8335	-0.0912041	-0.198	0.198
  8336	-0.0963765	-0.198	0.198
  8337	-0.0564485	-0.198	0.198
  8338	-0.0604984	-0.198	0.198
  8339	-0.0755337	-0.198	0.198
  8340	-0.0742874	-0.198	0.198
  8341	-0.0436933	-0.198	0.198
  8342	-0.0615814	-0.198	0.198
  8343	-0.0944272	-0.198	0.198
  8344	-0.0928171	-0.198	0.198
  8345	-0.0975403	-0.198	0.198
  8346	-0.0744182	-0.198	0.198
  8347	-0.0907641	-0.198	0.198
  8348	-0.0559324	-0.198	0.198
  8349	-0.0650827	-0.198	0.198
  8350	-0.0470147	-0.198	0.198
  8351	-0.0628643	-0.198	0.198
  8352	-0.0702539	-0.198	0.198
  8353	-0.0965844	-0.198	0.198
  8354	-0.0582966	-0.198	0.198
  8355	-0.0834884	-0.198	0.198
  8356	-0.0646832	-0.198	0.198
  8357	-0.0530294	-0.198	0.198
  8358	-0.0965596	-0.198	0.198
  8359	-0.0919226	-0.198	0.198
  8360	-0.0630609	-0.198	0.198
  8361	-0.0885123	-0.198	0.198
  8362	-0.093801	-0.198	0.198
  8363	-0.0943827	-0.198	0.198
  8364	-0.0689718	-0.198	0.198
  8365	-0.0894257	-0.198	0.198
  8366	-0.0693994	-0.198	0.198
  8367	-0.0964124	-0.198	0.198
  8368	-0.0852583	-0.198	0.198
  8369	-0.0876766	-0.198	0.198
  8370	-0.0482932	-0.198	0.198
  8371	-0.0262626	-0.198	0.198
  8372	-0.0856153	-0.198	0.198
  8373	-0.0966592	-0.198	0.198
  8374	-0.0644705	-0.198	0.198
  8375	-0.0666669	-0.198	0.198
  8376	-0.0967264	-0.198	0.198
  8377	-0.0705841	-0.198	0.198
  8378	-0.0618786	-0.198	0.198
  8379	-0.0881759	-0.198	0.198
  8380	-0.0842956	-0.198	0.198
  8381	-0.0817607	-0.198	0.198
  8382	-0.0788857	-0.198	0.198
  8383	-0.0733262	-0.198	0.198
  8384	-0.0801785	-0.198	0.198
  8385	-0.0797304	-0.198	0.198
  8386	-0.0456183	-0.198	0.198
  8387	-0.0890533	-0.198	0.198
  8388	-0.0749704	-0.198	0.198
  8389	-0.0814689	-0.198	0.198
  8390	-0.045187	-0.198	0.198
  8391	-0.0827871	-0.198	0.198
  8392	-0.0781256	-0.198	0.198
  8393	-0.0922421	-0.198	0.198
  8394	-0.0567752	-0.198	0.198
  8395	-0.049826	-0.198	0.198
  8396	-0.0592362	-0.198	0.198
  8397	-0.0718674	-0.198	0.198
  8398	-0.0804983	-0.198	0.198
  8399	-0.0625996	-0.198	0.198
  8400	-0.0713967	-0.198	0.198
  8401	-0.0800286	-0.198	0.198
  8402	-0.0966488	-0.198	0.198
  8403	-0.0164691	-0.198	0.198
  8404	-0.0862491	-0.198	0.198
  8405	-0.0402224	-0.198	0.198
  8406	-0.0689007	-0.198	0.198
  8407	-0.0709071	-0.198	0.198
  8408	-0.0943272	-0.198	0.198
  8409	-0.0837186	-0.198	0.198
  8410	-0.0519952	-0.198	0.198
  8411	-0.0837578	-0.198	0.198
  8412	-0.0963743	-0.198	0.198
  8413	-0.0963089	-0.198	0.198
  8414	-0.0670934	-0.198	0.198
  8415	-0.0865372	-0.198	0.198
  8416	-0.092266	-0.198	0.198
  8417	-0.0907749	-0.198	0.198
  8418	-0.0872635	-0.198	0.198
  8419	-0.0428827	-0.198	0.198
  8420	-0.0975859	-0.198	0.198
  8421	-0.0981947	-0.198	0.198
  8422	-0.0954534	-0.198	0.198
  8423	-0.0873928	-0.198	0.198
  8424	-0.0847312	-0.198	0.198
  8425	-0.0690873	-0.198	0.198
  8426	-0.0561476	-0.198	0.198
  8427	-0.049216	-0.198	0.198
  8428	-0.0937975	-0.198	0.198
  8429	-0.0772854	-0.198	0.198
  8430	-0.0929494	-0.198	0.198
  8431	-0.0928791	-0.198	0.198
  8432	-0.0872133	-0.198	0.198
  8433	-0.0810847	-0.198	0.198
  8434	-0.0704619	-0.198	0.198
  8435	-0.0539764	-0.198	0.198
  8436	-0.0638388	-0.198	0.198
  8437	-0.0969715	-0.198	0.198
  8438	-0.0846175	-0.198	0.198
  8439	-0.0680049	-0.198	0.198
  8440	-0.0814234	-0.198	0.198
  8441	-0.0622982	-0.198	0.198
  8442	-0.0622388	-0.198	0.198
  8443	-0.0798164	-0.198	0.198
  8444	-0.07099	-0.198	0.198
  8445	-0.0896967	-0.198	0.198
  8446	-0.0602698	-0.198	0.198
  8447	-0.0787735	-0.198	0.198
  8448	-0.0972856	-0.198	0.198
  8449	-0.0577607	-0.198	0.198
  8450	-0.0913938	-0.198	0.198
  8451	-0.0651716	-0.198	0.198
  8452	-0.0421965	-0.198	0.198
  8453	-0.0962302	-0.198	0.198
  8454	-0.0621082	-0.198	0.198
  8455	-0.0360892	-0.198	0.198
  8456	-0.0827774	-0.198	0.198
  8457	-0.0507221	-0.198	0.198
  8458	-0.0695606	-0.198	0.198
  8459	-0.0912167	-0.198	0.198
  8460	-0.071158	-0.198	0.198
  8461	-0.053223	-0.198	0.198
  8462	-0.0975613	-0.198	0.198
  8463	-0.0767033	-0.198	0.198
  8464	-0.0707505	-0.198	0.198
  8465	-0.0727714	-0.198	0.198
  8466	-0.0951437	-0.198	0.198
  8467	-0.0877816	-0.198	0.198
  8468	-0.0876018	-0.198	0.198
  8469	-0.0560711	-0.198	0.198
  8470	-0.0839923	-0.198	0.198
  8471	-0.0648071	-0.198	0.198
  8472	-0.0740891	-0.198	0.198
  8473	-0.076053	-0.198	0.198
  8474	-0.0898876	-0.198	0.198
  8475	-0.0735622	-0.198	0.198
  8476	-0.0597118	-0.198	0.198
  8477	-0.0938587	-0.198	0.198
  8478	-0.0607529	-0.198	0.198
  8479	-0.0789981	-0.198	0.198
  8480	-0.0928653	-0.198	0.198
  8481	-0.0958599	-0.198	0.198
  8482	-0.0964077	-0.198	0.198
  8483	-0.0369754	-0.198	0.198
  8484	-0.0371383	-0.198	0.198
  8485	-0.0506326	-0.198	0.198
  8486	-0.0556378	-0.198	0.198
  8487	-0.0545038	-0.198	0.198
  8488	-0.0538833	-0.198	0.198
  8489	-0.0413012	-0.198	0.198
  8490	-0.0937322	-0.198	0.198
  8491	-0.0947437	-0.198	0.198
  8492	-0.0853441	-0.198	0.198
  8493	-0.0713529	-0.198	0.198
  8494	-0.0593261	-0.198	0.198
  8495	-0.0961608	-0.198	0.198
  8496	-0.0432724	-0.198	0.198
  8497	-0.0596727	-0.198	0.198
  8498	-0.0848055	-0.198	0.198
  8499	-0.0708818	-0.198	0.198
  8500	-0.0894411	-0.198	0.198
  8501	-0.0843265	-0.198	0.198
  8502	-0.0924807	-0.198	0.198
  8503	-0.0475654	-0.198	0.198
  8504	-0.0980593	-0.198	0.198
  8505	-0.0635174	-0.198	0.198
  8506	-0.092761	-0.198	0.198
  8507	-0.0970563	-0.198	0.198
  8508	-0.0961892	-0.198	0.198
  8509	-0.0975223	-0.198	0.198
  8510	-0.0215552	-0.198	0.198
  8511	-0.0589271	-0.198	0.198
  8512	-0.0938239	-0.198	0.198
  8513	-0.0790452	-0.198	0.198
  8514	-0.0759666	-0.198	0.198
  8515	-0.0763514	-0.198	0.198
  8516	-0.0960502	-0.198	0.198
  8517	-0.0905244	-0.198	0.198
  8518	-0.0773477	-0.198	0.198
  8519	-0.0975147	-0.198	0.198
  8520	-0.0859768	-0.198	0.198
  8521	-0.0857899	-0.198	0.198
  8522	-0.0706708	-0.198	0.198
  8523	-0.0183673	-0.198	0.198
  8524	-0.0974648	-0.198	0.198
  8525	-0.0926909	-0.198	0.198
  8526	-0.0626978	-0.198	0.198
  8527	-0.0633579	-0.198	0.198
  8528	-0.0723402	-0.198	0.198
  8529	-0.0966252	-0.198	0.198
  8530	-0.0943986	-0.198	0.198
  8531	-0.0973663	-0.198	0.198
  8532	-0.0665476	-0.198	0.198
  8533	-0.089284	-0.198	0.198
  8534	-0.056319	-0.198	0.198
  8535	-0.0959832	-0.198	0.198
  8536	-0.0644249	-0.198	0.198
  8537	-0.0723849	-0.198	0.198
  8538	-0.0593191	-0.198	0.198
  8539	-0.0760921	-0.198	0.198
  8540	-0.029964	-0.198	0.198
  8541	-0.0805668	-0.198	0.198
  8542	-0.0892122	-0.198	0.198
  8543	-0.0873386	-0.198	0.198
  8544	-0.085565	-0.198	0.198
  8545	-0.0688769	-0.198	0.198
  8546	-0.0952147	-0.198	0.198
  8547	-0.0912286	-0.198	0.198
  8548	-0.0553609	-0.198	0.198
  8549	-0.0832998	-0.198	0.198
  8550	-0.0928729	-0.198	0.198
  8551	-0.0924877	-0.198	0.198
  8552	-0.0770081	-0.198	0.198
  8553	-0.0885703	-0.198	0.198
  8554	-0.0625448	-0.198	0.198
  8555	-0.0723114	-0.198	0.198
  8556	-0.0934872	-0.198	0.198
  8557	-0.046121	-0.198	0.198
  8558	-0.0697652	-0.198	0.198
  8559	-0.0232762	-0.198	0.198
  8560	-0.078229	-0.198	0.198
  8561	-0.097983	-0.198	0.198
  8562	-0.0497596	-0.198	0.198
  8563	-0.0767992	-0.198	0.198
  8564	-0.081023	-0.198	0.198
  8565	-0.0596711	-0.198	0.198
  8566	-0.0721871	-0.198	0.198
  8567	-0.0978724	-0.198	0.198
  8568	-0.0556253	-0.198	0.198
  8569	-0.0698458	-0.198	0.198
  8570	-0.0906972	-0.198	0.198
  8571	-0.0827374	-0.198	0.198
  8572	-0.0938173	-0.198	0.198
  8573	-0.0736011	-0.198	0.198
  8574	-0.0460196	-0.198	0.198
  8575	-0.0623609	-0.198	0.198
  8576	-0.0839049	-0.198	0.198
  8577	-0.0575988	-0.198	0.198
  8578	-0.0855381	-0.198	0.198
  8579	-0.0816311	-0.198	0.198
  8580	-0.053549	-0.198	0.198
  8581	-0.0906801	-0.198	0.198
  8582	-0.0745333	-0.198	0.198
  8583	-0.0890428	-0.198	0.198
  8584	-0.091867	-0.198	0.198
  8585	-0.0920772	-0.198	0.198
  8586	-0.0494689	-0.198	0.198
  8587	-0.0902016	-0.198	0.198
  8588	-0.0619362	-0.198	0.198
  8589	-0.0928153	-0.198	0.198
  8590	-0.0785899	-0.198	0.198
  8591	-0.0912029	-0.198	0.198
  8592	-0.0147199	-0.198	0.198
  8593	-0.0914844	-0.198	0.198
  8594	-0.0918053	-0.198	0.198
  8595	-0.0650656	-0.198	0.198
  8596	-0.0702735	-0.198	0.198
  8597	-0.038838	-0.198	0.198
  8598	-0.0821094	-0.198	0.198
  8599	-0.0679983	-0.198	0.198
  8600	-0.0173348	-0.198	0.198
  8601	-0.0962309	-0.198	0.198
  8602	-0.0756578	-0.198	0.198
  8603	-0.080155	-0.198	0.198
  8604	-0.075942	-0.198	0.198
  8605	-0.0965396	-0.198	0.198
  8606	-0.055284	-0.198	0.198
  8607	-0.0900992	-0.198	0.198
  8608	-0.0700642	-0.198	0.198
  8609	-0.0884266	-0.198	0.198
  8610	-0.05367	-0.198	0.198
  8611	-0.0911478	-0.198	0.198
  8612	-0.0679758	-0.198	0.198
  8613	-0.0732012	-0.198	0.198
  8614	-0.0717616	-0.198	0.198
  8615	-0.093443	-0.198	0.198
  8616	-0.0163973	-0.198	0.198
  8617	-0.0756552	-0.198	0.198
  8618	-0.0640785	-0.198	0.198
  8619	-0.0780479	-0.198	0.198
  8620	-0.0469377	-0.198	0.198
  8621	-0.0887118	-0.198	0.198
  8622	-0.0820481	-0.198	0.198
  8623	-0.0866878	-0.198	0.198
  8624	-0.0966008	-0.198	0.198
  8625	-0.0530506	-0.198	0.198
  8626	-0.0763112	-0.198	0.198
  8627	-0.0912545	-0.198	0.198
  8628	-0.0156058	-0.198	0.198
  8629	-0.0771577	-0.198	0.198
  8630	-0.0908493	-0.198	0.198
  8631	-0.0588029	-0.198	0.198
  8632	-0.0182341	-0.198	0.198
  8633	-0.0846294	-0.198	0.198
  8634	-0.0811826	-0.198	0.198
  8635	-0.0800175	-0.198	0.198
  8636	-0.0979514	-0.198	0.198
  8637	-0.0671032	-0.198	0.198
  8638	-0.0600124	-0.198	0.198
  8639	-0.0884801	-0.198	0.198
  8640	-0.0860068	-0.198	0.198
  8641	-0.0870802	-0.198	0.198
  8642	-0.0821051	-0.198	0.198
  8643	-0.0899269	-0.198	0.198
  8644	-0.091576	-0.198	0.198
  8645	-0.0886391	-0.198	0.198
  8646	-0.0647814	-0.198	0.198
  8647	-0.0638078	-0.198	0.198
  8648	-0.0638975	-0.198	0.198
  8649	-0.0671737	-0.198	0.198
  8650	-0.0811209	-0.198	0.198
  8651	-0.0703455	-0.198	0.198
  8652	-0.0320058	-0.198	0.198
  8653	-0.0805187	-0.198	0.198
  8654	-0.069263	-0.198	0.198
  8655	-0.0718773	-0.198	0.198
  8656	-0.0686879	-0.198	0.198
  8657	-0.0832742	-0.198	0.198
  8658	-0.0539159	-0.198	0.198
  8659	-0.0895994	-0.198	0.198
  8660	-0.071249	-0.198	0.198
  8661	-0.0905763	-0.198	0.198
  8662	-0.0823378	-0.198	0.198
  8663	-0.0753033	-0.198	0.198
  8664	-0.0891104	-0.198	0.198
  8665	-0.0966747	-0.198	0.198
  8666	-0.0580008	-0.198	0.198
  8667	-0.0657957	-0.198	0.198
  8668	-0.0966375	-0.198	0.198
  8669	-0.0511001	-0.198	0.198
  8670	-0.0876911	-0.198	0.198
  8671	-0.0666067	-0.198	0.198
  8672	-0.0764625	-0.198	0.198
  8673	-0.0962096	-0.198	0.198
  8674	-0.0778591	-0.198	0.198
  8675	-0.0685717	-0.198	0.198
  8676	-0.0786772	-0.198	0.198
  8677	-0.0956357	-0.198	0.198
  8678	-0.0732714	-0.198	0.198
  8679	-0.0978328	-0.198	0.198
  8680	-0.0529528	-0.198	0.198
  8681	-0.0937703	-0.198	0.198
  8682	-0.0730544	-0.198	0.198
  8683	-0.0916393	-0.198	0.198
  8684	-0.0626083	-0.198	0.198
  8685	-0.0962774	-0.198	0.198
  8686	-0.0836838	-0.198	0.198
  8687	-0.0886837	-0.198	0.198
  8688	-0.0792587	-0.198	0.198
  8689	-0.0817932	-0.198	0.198
  8690	-0.0718607	-0.198	0.198
  8691	-0.0932528	-0.198	0.198
  8692	-0.0491019	-0.198	0.198
  8693	-0.0745548	-0.198	0.198
  8694	-0.0926881	-0.198	0.198
  8695	-0.0865984	-0.198	0.198
  8696	-0.0757608	-0.198	0.198
  8697	-0.089908	-0.198	0.198
  8698	-0.0636451	-0.198	0.198
  8699	-0.0841576	-0.198	0.198
  8700	-0.0778823	-0.198	0.198
  8701	-0.0971911	-0.198	0.198
  8702	-0.0824124	-0.198	0.198
  8703	-0.090043	-0.198	0.198
  8704	-0.0635294	-0.198	0.198
  8705	-0.0698763	-0.198	0.198
  8706	-0.086636	-0.198	0.198
  8707	-0.0617687	-0.198	0.198
  8708	-0.0434197	-0.198	0.198
  8709	-0.0768559	-0.198	0.198
  8710	-0.0794393	-0.198	0.198
  8711	-0.0946484	-0.198	0.198
  8712	-0.0610845	-0.198	0.198
  8713	-0.0858023	-0.198	0.198
  8714	-0.091519	-0.198	0.198
  8715	-0.0464455	-0.198	0.198
  8716	-0.022017	-0.198	0.198
  8717	-0.0627524	-0.198	0.198
  8718	-0.0817138	-0.198	0.198
  8719	-0.0276993	-0.198	0.198
  8720	-0.0684297	-0.198	0.198
  8721	-0.0929152	-0.198	0.198
  8722	-0.0665679	-0.198	0.198
  8723	-0.0968633	-0.198	0.198
  8724	-0.0694691	-0.198	0.198
  8725	-0.039722	-0.198	0.198
  8726	-0.0840384	-0.198	0.198
  8727	-0.052444	-0.198	0.198
  8728	-0.072985	-0.198	0.198
  8729	-0.0604757	-0.198	0.198
  8730	-0.0777877	-0.198	0.198
  8731	-0.0945343	-0.198	0.198
  8732	-0.0818974	-0.198	0.198
  8733	-0.0916118	-0.198	0.198
  8734	-0.0939179	-0.198	0.198
  8735	-0.0281592	-0.198	0.198
  8736	-0.0501293	-0.198	0.198
  8737	-0.0940911	-0.198	0.198
  8738	-0.0965275	-0.198	0.198
  8739	-0.0842556	-0.198	0.198
  8740	-0.0976752	-0.198	0.198
  8741	-0.0950153	-0.198	0.198
  8742	-0.0948734	-0.198	0.198
  8743	-0.0458615	-0.198	0.198
  8744	-0.07394	-0.198	0.198
  8745	-0.0516991	-0.198	0.198
  8746	-0.0899279	-0.198	0.198
  8747	-0.0962137	-0.198	0.198
  8748	-0.0869333	-0.198	0.198
  8749	-0.0718908	-0.198	0.198
  8750	-0.096396	-0.198	0.198
  8751	-0.0735786	-0.198	0.198
  8752	-0.0907536	-0.198	0.198
  8753	-0.0581404	-0.198	0.198
  8754	-0.065309	-0.198	0.198
  8755	-0.0800227	-0.198	0.198
  8756	-0.0824058	-0.198	0.198
  8757	-0.0932553	-0.198	0.198
  8758	-0.0841326	-0.198	0.198
  8759	-0.0788507	-0.198	0.198
  8760	-0.091183	-0.198	0.198
  8761	-0.0762188	-0.198	0.198
  8762	-0.0722792	-0.198	0.198
  8763	-0.0737847	-0.198	0.198
  8764	-0.0761929	-0.198	0.198
  8765	-0.0234183	-0.198	0.198
  8766	-0.0649675	-0.198	0.198
  8767	-0.0789193	-0.198	0.198
  8768	-0.0915011	-0.198	0.198
  8769	-0.0725906	-0.198	0.198
  8770	-0.0969144	-0.198	0.198
  8771	-0.0954088	-0.198	0.198
  8772	-0.0565333	-0.198	0.198
  8773	-0.0936993	-0.198	0.198
  8774	-0.0284369	-0.198	0.198
  8775	-0.0504903	-0.198	0.198
  8776	-0.0850283	-0.198	0.198
  8777	-0.0856119	-0.198	0.198
  8778	-0.0740629	-0.198	0.198
  8779	-0.0405717	-0.198	0.198
  8780	-0.0582576	-0.198	0.198
  8781	-0.0655064	-0.198	0.198
  8782	-0.0722711	-0.198	0.198
  8783	-0.0950374	-0.198	0.198
  8784	-0.0650559	-0.198	0.198
  8785	-0.0475373	-0.198	0.198
  8786	-0.0882463	-0.198	0.198
  8787	-0.090457	-0.198	0.198
  8788	-0.0600117	-0.198	0.198
  8789	-0.0898108	-0.198	0.198
  8790	-0.083216	-0.198	0.198
  8791	-0.0796785	-0.198	0.198
  8792	-0.0932026	-0.198	0.198
  8793	-0.0607254	-0.198	0.198
  8794	-0.0292212	-0.198	0.198
  8795	-0.0325586	-0.198	0.198
  8796	-0.0749521	-0.198	0.198
  8797	-0.0878931	-0.198	0.198
  8798	-0.0793417	-0.198	0.198
  8799	-0.0873798	-0.198	0.198
  8800	-0.0725369	-0.198	0.198
  8801	-0.041786	-0.198	0.198
  8802	-0.097765	-0.198	0.198
  8803	-0.096578	-0.198	0.198
  8804	-0.0807466	-0.198	0.198
  8805	-0.084537	-0.198	0.198
  8806	-0.0952863	-0.198	0.198
  8807	-0.0753556	-0.198	0.198
  8808	-0.0824078	-0.198	0.198
  8809	-0.0570108	-0.198	0.198
  8810	-0.089134	-0.198	0.198
  8811	-0.0683126	-0.198	0.198
  8812	-0.0643239	-0.198	0.198
  8813	-0.0419298	-0.198	0.198
  8814	-0.0791544	-0.198	0.198
  8815	-0.036136	-0.198	0.198
  8816	-0.0678026	-0.198	0.198
  8817	-0.0916892	-0.198	0.198
  8818	-0.0592887	-0.198	0.198
  8819	-0.0942909	-0.198	0.198
  8820	-0.0931403	-0.198	0.198
  8821	-0.0685511	-0.198	0.198
  8822	-0.0761863	-0.198	0.198
  8823	-0.0675994	-0.198	0.198
  8824	-0.0689915	-0.198	0.198
  8825	-0.0720365	-0.198	0.198
  8826	-0.0247453	-0.198	0.198
  8827	-0.0774466	-0.198	0.198
  8828	-0.0794538	-0.198	0.198
  8829	-0.0712048	-0.198	0.198
  8830	-0.0958293	-0.198	0.198
  8831	-0.0788378	-0.198	0.198
  8832	-0.0855639	-0.198	0.198
  8833	-0.0880555	-0.198	0.198
  8834	-0.073782	-0.198	0.198
  8835	-0.0816041	-0.198	0.198
  8836	-0.0892595	-0.198	0.198
  8837	-0.0904496	-0.198	0.198
  8838	-0.0630696	-0.198	0.198
  8839	-0.0906465	-0.198	0.198
  8840	-0.0413344	-0.198	0.198
  8841	-0.0907176	-0.198	0.198
  8842	-0.0905518	-0.198	0.198
  8843	-0.0956663	-0.198	0.198
  8844	-0.0909276	-0.198	0.198
  8845	-0.0882669	-0.198	0.198
  8846	-0.067543	-0.198	0.198
  8847	-0.0720076	-0.198	0.198
  8848	-0.0662977	-0.198	0.198
  8849	-0.055252	-0.198	0.198
  8850	-0.0428433	-0.198	0.198
  8851	-0.0572109	-0.198	0.198
  8852	-0.0955105	-0.198	0.198
  8853	-0.0824514	-0.198	0.198
  8854	-0.0897473	-0.198	0.198
  8855	-0.0912868	-0.198	0.198
  8856	-0.0640678	-0.198	0.198
  8857	-0.0880002	-0.198	0.198
  8858	-0.0402488	-0.198	0.198
  8859	-0.0904588	-0.198	0.198
  8860	-0.0898766	-0.198	0.198
  8861	-0.0832321	-0.198	0.198
  8862	-0.0565437	-0.198	0.198
  8863	-0.0814633	-0.198	0.198
  8864	-0.0965862	-0.198	0.198
  8865	-0.0937024	-0.198	0.198
  8866	-0.0969773	-0.198	0.198
  8867	-0.0941906	-0.198	0.198
  8868	-0.076376	-0.198	0.198
  8869	-0.0738166	-0.198	0.198
  8870	-0.0822796	-0.198	0.198
  8871	-0.0938643	-0.198	0.198
  8872	-0.0751222	-0.198	0.198
  8873	-0.0953194	-0.198	0.198
  8874	-0.096269	-0.198	0.198
  8875	-0.0581414	-0.198	0.198
  8876	-0.0516307	-0.198	0.198
  8877	-0.0549873	-0.198	0.198
  8878	-0.0738468	-0.198	0.198
  8879	-0.0976501	-0.198	0.198
  8880	-0.0195905	-0.198	0.198
  8881	-0.0828384	-0.198	0.198
  8882	-0.0958559	-0.198	0.198
  8883	-0.0959753	-0.198	0.198
  8884	-0.0857867	-0.198	0.198
  8885	-0.0865428	-0.198	0.198
  8886	-0.0174452	-0.198	0.198
  8887	-0.0605749	-0.198	0.198
  8888	-0.083574	-0.198	0.198
  8889	-0.0282259	-0.198	0.198
  8890	-0.0854059	-0.198	0.198
  8891	-0.0651029	-0.198	0.198
  8892	-0.0841007	-0.198	0.198
  8893	-0.0378523	-0.198	0.198
  8894	-0.044251	-0.198	0.198
  8895	-0.0799398	-0.198	0.198
  8896	-0.0596984	-0.198	0.198
  8897	-0.0470016	-0.198	0.198
  8898	-0.0719691	-0.198	0.198
  8899	-0.0856634	-0.198	0.198
  8900	-0.0318273	-0.198	0.198
  8901	-0.0635088	-0.198	0.198
  8902	-0.0589845	-0.198	0.198
  8903	-0.0562241	-0.198	0.198
  8904	-0.0974173	-0.198	0.198
  8905	-0.0795787	-0.198	0.198
  8906	-0.055642	-0.198	0.198
  8907	-0.036759	-0.198	0.198
  8908	-0.0625248	-0.198	0.198
  8909	-0.086377	-0.198	0.198
  8910	-0.0847453	-0.198	0.198
  8911	-0.0881423	-0.198	0.198
  8912	-0.0789106	-0.198	0.198
  8913	-0.0473238	-0.198	0.198
  8914	-0.0675263	-0.198	0.198
  8915	-0.0963535	-0.198	0.198
  8916	-0.0295828	-0.198	0.198
  8917	-0.0860686	-0.198	0.198
  8918	-0.0689773	-0.198	0.198
  8919	-0.0875442	-0.198	0.198
  8920	-0.0981868	-0.198	0.198
  8921	-0.0695646	-0.198	0.198
  8922	-0.0975197	-0.198	0.198
  8923	-0.0815979	-0.198	0.198
  8924	-0.0983151	-0.198	0.198
  8925	-0.0956741	-0.198	0.198
  8926	-0.0878509	-0.198	0.198
  8927	-0.0973505	-0.198	0.198
  8928	-0.0454238	-0.198	0.198
  8929	-0.0615449	-0.198	0.198
  8930	-0.0930266	-0.198	0.198
  8931	-0.0746262	-0.198	0.198
  8932	-0.083826	-0.198	0.198
  8933	-0.093221	-0.198	0.198
  8934	-0.0883438	-0.198	0.198
  8935	-0.0647132	-0.198	0.198
  8936	-0.0879762	-0.198	0.198
  8937	-0.0886853	-0.198	0.198
  8938	-0.0623984	-0.198	0.198
  8939	-0.0647607	-0.198	0.198
  8940	-0.0813058	-0.198	0.198
  8941	-0.0968944	-0.198	0.198
  8942	-0.0957112	-0.198	0.198
  8943	-0.0749364	-0.198	0.198
  8944	-0.0922014	-0.198	0.198
  8945	-0.0523091	-0.198	0.198
  8946	-0.0853815	-0.198	0.198
  8947	-0.0635051	-0.198	0.198
  8948	-0.0887986	-0.198	0.198
  8949	-0.0743376	-0.198	0.198
  8950	-0.0834162	-0.198	0.198
  8951	-0.0751356	-0.198	0.198
  8952	-0.0971331	-0.198	0.198
  8953	-0.0943298	-0.198	0.198
  8954	-0.096595	-0.198	0.198
  8955	-0.0821611	-0.198	0.198
  8956	-0.0565416	-0.198	0.198
  8957	-0.0236959	-0.198	0.198
  8958	-0.0306465	-0.198	0.198
  8959	-0.086078	-0.198	0.198
  8960	-0.0833306	-0.198	0.198
  8961	-0.073098	-0.198	0.198
  8962	-0.0832026	-0.198	0.198
  8963	-0.0892998	-0.198	0.198
  8964	-0.0847763	-0.198	0.198
  8965	-0.0740378	-0.198	0.198
  8966	-0.0817304	-0.198	0.198
  8967	-0.0757159	-0.198	0.198
  8968	-0.0602059	-0.198	0.198
  8969	-0.0671496	-0.198	0.198
  8970	-0.0952669	-0.198	0.198
  8971	-0.0976551	-0.198	0.198
  8972	-0.0914022	-0.198	0.198
  8973	-0.0900301	-0.198	0.198
  8974	-0.0702138	-0.198	0.198
  8975	-0.0902356	-0.198	0.198
  8976	-0.0652985	-0.198	0.198
  8977	-0.0860832	-0.198	0.198
  8978	-0.0801555	-0.198	0.198
  8979	-0.0652888	-0.198	0.198
  8980	-0.0930471	-0.198	0.198
  8981	-0.0960233	-0.198	0.198
  8982	-0.0887869	-0.198	0.198
  8983	-0.0823326	-0.198	0.198
  8984	-0.0568583	-0.198	0.198
  8985	-0.076363	-0.198	0.198
  8986	-0.0856472	-0.198	0.198
  8987	-0.0819168	-0.198	0.198
  8988	-0.0787162	-0.198	0.198
  8989	-0.0969904	-0.198	0.198
  8990	-0.0414558	-0.198	0.198
  8991	-0.0964475	-0.198	0.198
  8992	-0.0919748	-0.198	0.198
  8993	-0.040454	-0.198	0.198
  8994	-0.090882	-0.198	0.198
  8995	-0.074989	-0.198	0.198
  8996	-0.0578195	-0.198	0.198
  8997	-0.0900889	-0.198	0.198
  8998	-0.0827245	-0.198	0.198
  8999	-0.0553109	-0.198	0.198
  9000	-0.0386388	-0.198	0.198
  9001	-0.0395788	-0.198	0.198
  9002	-0.0483035	-0.198	0.198
  9003	-0.093879	-0.198	0.198
  9004	-0.0281868	-0.198	0.198
  9005	-0.0967798	-0.198	0.198
  9006	-0.0943857	-0.198	0.198
  9007	-0.0671687	-0.198	0.198
  9008	-0.0866624	-0.198	0.198
  9009	-0.0491553	-0.198	0.198
  9010	-0.0753216	-0.198	0.198
  9011	-0.0852351	-0.198	0.198
  9012	-0.0668445	-0.198	0.198
  9013	-0.0770356	-0.198	0.198
  9014	-0.0440328	-0.198	0.198
  9015	-0.093086	-0.198	0.198
  9016	-0.0614259	-0.198	0.198
  9017	-0.0981018	-0.198	0.198
  9018	-0.0901539	-0.198	0.198
  9019	-0.096551	-0.198	0.198
  9020	-0.0968866	-0.198	0.198
  9021	-0.0917159	-0.198	0.198
  9022	-0.0269063	-0.198	0.198
  9023	-0.0750267	-0.198	0.198
  9024	-0.0896182	-0.198	0.198
  9025	-0.0622937	-0.198	0.198
  9026	-0.0942953	-0.198	0.198
  9027	-0.0934574	-0.198	0.198
  9028	-0.096308	-0.198	0.198
  9029	-0.094484	-0.198	0.198
  9030	-0.0407578	-0.198	0.198
  9031	-0.0778111	-0.198	0.198
  9032	-0.0633924	-0.198	0.198
  9033	-0.0851108	-0.198	0.198
  9034	-0.0649014	-0.198	0.198
  9035	-0.0759145	-0.198	0.198
  9036	-0.0940712	-0.198	0.198
  9037	-0.092623	-0.198	0.198
  9038	-0.0209295	-0.198	0.198
  9039	-0.0426641	-0.198	0.198
  9040	-0.0506825	-0.198	0.198
  9041	-0.0726759	-0.198	0.198
  9042	-0.0769014	-0.198	0.198
  9043	-0.0516556	-0.198	0.198
  9044	-0.0896416	-0.198	0.198
  9045	-0.0521501	-0.198	0.198
  9046	-0.0881469	-0.198	0.198
  9047	-0.0441612	-0.198	0.198
  9048	-0.0296414	-0.198	0.198
  9049	-0.0951648	-0.198	0.198
  9050	-0.0557914	-0.198	0.198
  9051	-0.0815204	-0.198	0.198
  9052	-0.0889917	-0.198	0.198
  9053	-0.0965931	-0.198	0.198
  9054	-0.0569643	-0.198	0.198
  9055	-0.0837205	-0.198	0.198
  9056	-0.0746592	-0.198	0.198
  9057	-0.0690047	-0.198	0.198
  9058	-0.0970053	-0.198	0.198
  9059	-0.0884566	-0.198	0.198
  9060	-0.0884898	-0.198	0.198
  9061	-0.0156748	-0.198	0.198
  9062	-0.0968112	-0.198	0.198
  9063	-0.0592615	-0.198	0.198
  9064	-0.0970925	-0.198	0.198
  9065	-0.0852837	-0.198	0.198
  9066	-0.0662162	-0.198	0.198
  9067	-0.095608	-0.198	0.198
  9068	-0.0800365	-0.198	0.198
  9069	-0.096868	-0.198	0.198
  9070	-0.0299214	-0.198	0.198
  9071	-0.0679278	-0.198	0.198
  9072	-0.0905541	-0.198	0.198
  9073	-0.0684043	-0.198	0.198
  9074	-0.0858809	-0.198	0.198
  9075	-0.0332154	-0.198	0.198
  9076	-0.0956603	-0.198	0.198
  9077	-0.0150938	-0.198	0.198
  9078	-0.0902363	-0.198	0.198
  9079	-0.0646903	-0.198	0.198
  9080	-0.0980607	-0.198	0.198
  9081	-0.0576164	-0.198	0.198
  9082	-0.0931273	-0.198	0.198
  9083	-0.0933313	-0.198	0.198
  9084	-0.0633726	-0.198	0.198
  9085	-0.0860771	-0.198	0.198
  9086	-0.097876	-0.198	0.198
  9087	-0.072402	-0.198	0.198
  9088	-0.0968092	-0.198	0.198
  9089	-0.0741796	-0.198	0.198
  9090	-0.0792532	-0.198	0.198
  9091	-0.0962207	-0.198	0.198
  9092	-0.0637922	-0.198	0.198
  9093	-0.0806899	-0.198	0.198
  9094	-0.0844818	-0.198	0.198
  9095	-0.0747055	-0.198	0.198
  9096	-0.075901	-0.198	0.198
  9097	-0.0814658	-0.198	0.198
  9098	-0.0924468	-0.198	0.198
  9099	-0.0898598	-0.198	0.198
  9100	-0.09703	-0.198	0.198
  9101	-0.0759268	-0.198	0.198
  9102	-0.0926972	-0.198	0.198
  9103	-0.095008	-0.198	0.198
  9104	-0.0667642	-0.198	0.198
  9105	-0.090537	-0.198	0.198
  9106	-0.0246697	-0.198	0.198
  9107	-0.0913915	-0.198	0.198
  9108	-0.0900302	-0.198	0.198
  9109	-0.0889109	-0.198	0.198
  9110	-0.0902835	-0.198	0.198
  9111	-0.0510731	-0.198	0.198
  9112	-0.0699872	-0.198	0.198
  9113	-0.0852561	-0.198	0.198
  9114	-0.0929224	-0.198	0.198
  9115	-0.0850893	-0.198	0.198
  9116	-0.0472304	-0.198	0.198
  9117	-0.0960577	-0.198	0.198
  9118	-0.0916908	-0.198	0.198
  9119	-0.0843349	-0.198	0.198
  9120	-0.0652171	-0.198	0.198
  9121	-0.082184	-0.198	0.198
  9122	-0.0272393	-0.198	0.198
  9123	-0.048155	-0.198	0.198
  9124	-0.0720186	-0.198	0.198
  9125	-0.057126	-0.198	0.198
  9126	-0.0928741	-0.198	0.198
  9127	-0.0590148	-0.198	0.198
  9128	-0.0899328	-0.198	0.198
  9129	-0.0580578	-0.198	0.198
  9130	-0.0814829	-0.198	0.198
  9131	-0.0962396	-0.198	0.198
  9132	-0.0968819	-0.198	0.198
  9133	-0.0849287	-0.198	0.198
  9134	-0.0720842	-0.198	0.198
  9135	-0.0947717	-0.198	0.198
  9136	-0.0870673	-0.198	0.198
  9137	-0.0828286	-0.198	0.198
  9138	-0.0660589	-0.198	0.198
  9139	-0.0445467	-0.198	0.198
  9140	-0.0478384	-0.198	0.198
  9141	-0.0679646	-0.198	0.198
  9142	-0.0970717	-0.198	0.198
  9143	-0.0499571	-0.198	0.198
  9144	-0.0770702	-0.198	0.198
  9145	-0.063464	-0.198	0.198
  9146	-0.0894586	-0.198	0.198
  9147	-0.0808248	-0.198	0.198
  9148	-0.0398212	-0.198	0.198
  9149	-0.033797	-0.198	0.198
  9150	-0.0550823	-0.198	0.198
  9151	-0.0815875	-0.198	0.198
  9152	-0.0972438	-0.198	0.198
  9153	-0.0961704	-0.198	0.198
  9154	-0.0981323	-0.198	0.198
  9155	-0.0830053	-0.198	0.198
  9156	-0.0905735	-0.198	0.198
  9157	-0.093104	-0.198	0.198
  9158	-0.0658074	-0.198	0.198
  9159	-0.0701875	-0.198	0.198
  9160	-0.0684495	-0.198	0.198
  9161	-0.0669471	-0.198	0.198
  9162	-0.0530382	-0.198	0.198
  9163	-0.0252971	-0.198	0.198
  9164	-0.0699874	-0.198	0.198
  9165	-0.0795804	-0.198	0.198
  9166	-0.0936795	-0.198	0.198
  9167	-0.0628428	-0.198	0.198
  9168	-0.0619284	-0.198	0.198
  9169	-0.0882474	-0.198	0.198
  9170	-0.0423184	-0.198	0.198
  9171	-0.0571268	-0.198	0.198
  9172	-0.0904903	-0.198	0.198
  9173	-0.0770334	-0.198	0.198
  9174	-0.0880966	-0.198	0.198
  9175	-0.0699921	-0.198	0.198
  9176	-0.0314861	-0.198	0.198
  9177	-0.0942234	-0.198	0.198
  9178	-0.0787937	-0.198	0.198
  9179	-0.078324	-0.198	0.198
  9180	-0.0955816	-0.198	0.198
  9181	-0.0148107	-0.198	0.198
  9182	-0.0742365	-0.198	0.198
  9183	-0.0713179	-0.198	0.198
  9184	-0.0917146	-0.198	0.198
  9185	-0.0814897	-0.198	0.198
  9186	-0.0884252	-0.198	0.198
  9187	-0.0904654	-0.198	0.198
  9188	-0.0688407	-0.198	0.198
  9189	-0.0769742	-0.198	0.198
  9190	-0.0186328	-0.198	0.198
  9191	-0.0943473	-0.198	0.198
  9192	-0.0781634	-0.198	0.198
  9193	-0.059408	-0.198	0.198
  9194	-0.0932015	-0.198	0.198
  9195	-0.0699571	-0.198	0.198
  9196	-0.0561185	-0.198	0.198
  9197	-0.0953403	-0.198	0.198
  9198	-0.0861726	-0.198	0.198
  9199	-0.0931687	-0.198	0.198
  9200	-0.0762847	-0.198	0.198
  9201	-0.0907466	-0.198	0.198
  9202	-0.064529	-0.198	0.198
  9203	-0.0615434	-0.198	0.198
  9204	-0.0563902	-0.198	0.198
  9205	-0.0934884	-0.198	0.198
  9206	-0.08219	-0.198	0.198
  9207	-0.0968704	-0.198	0.198
  9208	-0.091706	-0.198	0.198
  9209	-0.0974592	-0.198	0.198
  9210	-0.0876557	-0.198	0.198
  9211	-0.0896348	-0.198	0.198
  9212	-0.0862071	-0.198	0.198
  9213	-0.0866551	-0.198	0.198
  9214	-0.0797411	-0.198	0.198
  9215	-0.0951877	-0.198	0.198
  9216	-0.0899864	-0.198	0.198
  9217	-0.0668535	-0.198	0.198
  9218	-0.0805887	-0.198	0.198
  9219	-0.0733992	-0.198	0.198
  9220	-0.0954245	-0.198	0.198
  9221	-0.0853609	-0.198	0.198
  9222	-0.0795385	-0.198	0.198
  9223	-0.0958449	-0.198	0.198
  9224	-0.0614573	-0.198	0.198
  9225	-0.0973722	-0.198	0.198
  9226	-0.0847245	-0.198	0.198
  9227	-0.0682866	-0.198	0.198
  9228	-0.0715997	-0.198	0.198
  9229	-0.0631478	-0.198	0.198
  9230	-0.0754232	-0.198	0.198
  9231	-0.0922405	-0.198	0.198
  9232	-0.0851864	-0.198	0.198
  9233	-0.0632549	-0.198	0.198
  9234	-0.0947491	-0.198	0.198
  9235	-0.0788044	-0.198	0.198
  9236	-0.0933996	-0.198	0.198
  9237	-0.0518687	-0.198	0.198
  9238	-0.0800807	-0.198	0.198
  9239	-0.062894	-0.198	0.198
  9240	-0.0960432	-0.198	0.198
  9241	-0.0837663	-0.198	0.198
  9242	-0.0810678	-0.198	0.198
  9243	-0.0702031	-0.198	0.198
  9244	-0.0622613	-0.198	0.198
  9245	-0.0971103	-0.198	0.198
  9246	-0.0589225	-0.198	0.198
  9247	-0.0894302	-0.198	0.198
  9248	-0.0647178	-0.198	0.198
  9249	-0.092892	-0.198	0.198
  9250	-0.0970435	-0.198	0.198
  9251	-0.0776302	-0.198	0.198
  9252	-0.0750622	-0.198	0.198
  9253	-0.0777185	-0.198	0.198
  9254	-0.096003	-0.198	0.198
  9255	-0.0658902	-0.198	0.198
  9256	-0.060904	-0.198	0.198
  9257	-0.0844483	-0.198	0.198
  9258	-0.0863989	-0.198	0.198
  9259	-0.0914641	-0.198	0.198
  9260	-0.0837702	-0.198	0.198
  9261	-0.0815865	-0.198	0.198
  9262	-0.0420385	-0.198	0.198
  9263	-0.0485961	-0.198	0.198
  9264	-0.0965346	-0.198	0.198
  9265	-0.0679186	-0.198	0.198
  9266	-0.080668	-0.198	0.198
  9267	-0.0736744	-0.198	0.198
  9268	-0.0810817	-0.198	0.198
  9269	-0.087575	-0.198	0.198
  9270	-0.0858254	-0.198	0.198
  9271	-0.08795	-0.198	0.198
  9272	-0.0939992	-0.198	0.198
  9273	-0.0680564	-0.198	0.198
  9274	-0.0671269	-0.198	0.198
  9275	-0.0636134	-0.198	0.198
  9276	-0.0818158	-0.198	0.198
  9277	-0.0766572	-0.198	0.198
  9278	-0.0964305	-0.198	0.198
  9279	-0.0577246	-0.198	0.198
  9280	-0.0484478	-0.198	0.198
  9281	-0.0796448	-0.198	0.198
  9282	-0.0966943	-0.198	0.198
  9283	-0.0961908	-0.198	0.198
  9284	-0.0734642	-0.198	0.198
  9285	-0.0513335	-0.198	0.198
  9286	-0.0903542	-0.198	0.198
  9287	-0.0803639	-0.198	0.198
  9288	-0.0918588	-0.198	0.198
  9289	-0.0910326	-0.198	0.198
  9290	-0.0908308	-0.198	0.198
  9291	-0.0965496	-0.198	0.198
  9292	-0.0880087	-0.198	0.198
  9293	-0.0621477	-0.198	0.198
  9294	-0.0380054	-0.198	0.198
  9295	-0.0450188	-0.198	0.198
  9296	-0.0923171	-0.198	0.198
  9297	-0.0975971	-0.198	0.198
  9298	-0.0749969	-0.198	0.198
  9299	-0.0840746	-0.198	0.198
  9300	-0.0761933	-0.198	0.198
  9301	-0.0595667	-0.198	0.198
  9302	-0.0911267	-0.198	0.198
  9303	-0.0866025	-0.198	0.198
  9304	-0.0490018	-0.198	0.198
  9305	-0.0594743	-0.198	0.198
  9306	-0.0828239	-0.198	0.198
  9307	-0.0968863	-0.198	0.198
  9308	-0.0930059	-0.198	0.198
  9309	-0.0881963	-0.198	0.198
  9310	-0.0413707	-0.198	0.198
  9311	-0.0685076	-0.198	0.198
  9312	-0.097108	-0.198	0.198
  9313	-0.0787217	-0.198	0.198
  9314	-0.0782023	-0.198	0.198
  9315	-0.0973923	-0.198	0.198
  9316	-0.0816451	-0.198	0.198
  9317	-0.0923328	-0.198	0.198
  9318	-0.0755536	-0.198	0.198
  9319	-0.0375025	-0.198	0.198
  9320	-0.0428019	-0.198	0.198
  9321	-0.0891882	-0.198	0.198
  9322	-0.0589018	-0.198	0.198
  9323	-0.0866172	-0.198	0.198
  9324	-0.059979	-0.198	0.198
  9325	-0.0518899	-0.198	0.198
  9326	-0.0436485	-0.198	0.198
  9327	-0.0885456	-0.198	0.198
  9328	-0.0819409	-0.198	0.198
  9329	-0.0645692	-0.198	0.198
  9330	-0.058233	-0.198	0.198
  9331	-0.067401	-0.198	0.198
  9332	-0.0839982	-0.198	0.198
  9333	-0.0660414	-0.198	0.198
  9334	-0.0716267	-0.198	0.198
  9335	-0.0982055	-0.198	0.198
  9336	-0.0627852	-0.198	0.198
  9337	-0.0947876	-0.198	0.198
  9338	-0.0774022	-0.198	0.198
  9339	-0.0663324	-0.198	0.198
  9340	-0.0874934	-0.198	0.198
  9341	-0.0819229	-0.198	0.198
  9342	-0.0967011	-0.198	0.198
  9343	-0.0932105	-0.198	0.198
  9344	-0.0693126	-0.198	0.198
  9345	-0.0698585	-0.198	0.198
  9346	-0.0406845	-0.198	0.198
  9347	-0.0737186	-0.198	0.198
  9348	-0.0959456	-0.198	0.198
  9349	-0.0937415	-0.198	0.198
  9350	-0.0890398	-0.198	0.198
  9351	-0.0979993	-0.198	0.198
  9352	-0.0875409	-0.198	0.198
  9353	-0.0498453	-0.198	0.198
  9354	-0.0612591	-0.198	0.198
  9355	-0.0812645	-0.198	0.198
  9356	-0.034668	-0.198	0.198
  9357	-0.0797235	-0.198	0.198
  9358	-0.0863423	-0.198	0.198
  9359	-0.084277	-0.198	0.198
  9360	-0.0968736	-0.198	0.198
  9361	-0.0933652	-0.198	0.198
  9362	-0.0904039	-0.198	0.198
  9363	-0.0634665	-0.198	0.198
  9364	-0.0762221	-0.198	0.198
  9365	-0.0787158	-0.198	0.198
  9366	-0.0311303	-0.198	0.198
  9367	-0.0771559	-0.198	0.198
  9368	-0.0899756	-0.198	0.198
  9369	-0.0283011	-0.198	0.198
  9370	-0.0900383	-0.198	0.198
  9371	-0.0926472	-0.198	0.198
  9372	-0.0911494	-0.198	0.198
  9373	-0.047195	-0.198	0.198
  9374	-0.0494523	-0.198	0.198
  9375	-0.0625333	-0.198	0.198
  9376	-0.0978154	-0.198	0.198
  9377	-0.0952356	-0.198	0.198
  9378	-0.0546045	-0.198	0.198
  9379	-0.0694912	-0.198	0.198
  9380	-0.0807762	-0.198	0.198
  9381	-0.0858851	-0.198	0.198
  9382	-0.0973756	-0.198	0.198
  9383	-0.046975	-0.198	0.198
  9384	-0.0694857	-0.198	0.198
  9385	-0.0750955	-0.198	0.198
  9386	-0.0774605	-0.198	0.198
  9387	-0.0845725	-0.198	0.198
  9388	-0.0914522	-0.198	0.198
  9389	-0.094061	-0.198	0.198
  9390	-0.0883603	-0.198	0.198
  9391	-0.0849168	-0.198	0.198
  9392	-0.0196045	-0.198	0.198
  9393	-0.0915092	-0.198	0.198
  9394	-0.0447304	-0.198	0.198
  9395	-0.089873	-0.198	0.198
  9396	-0.0776192	-0.198	0.198
  9397	-0.0861319	-0.198	0.198
  9398	-0.0696279	-0.198	0.198
  9399	-0.0683745	-0.198	0.198
  9400	-0.0525505	-0.198	0.198
  9401	-0.0490111	-0.198	0.198
  9402	-0.0800914	-0.198	0.198
  9403	-0.0618036	-0.198	0.198
  9404	-0.0967881	-0.198	0.198
  9405	-0.0623636	-0.198	0.198
  9406	-0.0919366	-0.198	0.198
  9407	-0.066789	-0.198	0.198
  9408	-0.094499	-0.198	0.198
  9409	-0.0625475	-0.198	0.198
  9410	-0.0797204	-0.198	0.198
  9411	-0.0611595	-0.198	0.198
  9412	-0.0887394	-0.198	0.198
  9413	-0.0477573	-0.198	0.198
  9414	-0.0900959	-0.198	0.198
  9415	-0.0810426	-0.198	0.198
  9416	-0.0841531	-0.198	0.198
  9417	-0.0701922	-0.198	0.198
  9418	-0.0958784	-0.198	0.198
  9419	-0.0852985	-0.198	0.198
  9420	-0.0457293	-0.198	0.198
  9421	-0.0809526	-0.198	0.198
  9422	-0.0929719	-0.198	0.198
  9423	-0.0478845	-0.198	0.198
  9424	-0.0689063	-0.198	0.198
  9425	-0.0952387	-0.198	0.198
  9426	-0.0960224	-0.198	0.198
  9427	-0.0623469	-0.198	0.198
  9428	-0.0527606	-0.198	0.198
  9429	-0.0903886	-0.198	0.198
  9430	-0.0859245	-0.198	0.198
  9431	-0.0945121	-0.198	0.198
  9432	-0.0883121	-0.198	0.198
  9433	-0.0604262	-0.198	0.198
  9434	-0.0352682	-0.198	0.198
  9435	-0.0735503	-0.198	0.198
  9436	-0.0974316	-0.198	0.198
  9437	-0.0797605	-0.198	0.198
  9438	-0.0960821	-0.198	0.198
  9439	-0.062144	-0.198	0.198
  9440	-0.0863647	-0.198	0.198
  9441	-0.0490739	-0.198	0.198
  9442	-0.0713231	-0.198	0.198
  9443	-0.0562575	-0.198	0.198
  9444	-0.0432373	-0.198	0.198
  9445	-0.0889855	-0.198	0.198
  9446	-0.0928995	-0.198	0.198
  9447	-0.0888481	-0.198	0.198
  9448	-0.0522308	-0.198	0.198
  9449	-0.091207	-0.198	0.198
  9450	-0.0864525	-0.198	0.198
  9451	-0.0426666	-0.198	0.198
  9452	-0.0654245	-0.198	0.198
  9453	-0.0384921	-0.198	0.198
  9454	-0.0933575	-0.198	0.198
  9455	-0.0966813	-0.198	0.198
  9456	-0.0940854	-0.198	0.198
  9457	-0.0867827	-0.198	0.198
  9458	-0.0976957	-0.198	0.198
  9459	-0.0894682	-0.198	0.198
  9460	-0.070123	-0.198	0.198
  9461	-0.0438512	-0.198	0.198
  9462	-0.0798915	-0.198	0.198
  9463	-0.0165199	-0.198	0.198
  9464	-0.045504	-0.198	0.198
  9465	-0.0949093	-0.198	0.198
  9466	-0.0660641	-0.198	0.198
  9467	-0.0701591	-0.198	0.198
  9468	-0.0742309	-0.198	0.198
  9469	-0.0915093	-0.198	0.198
  9470	-0.0902097	-0.198	0.198
  9471	-0.0961323	-0.198	0.198
  9472	-0.0729277	-0.198	0.198
  9473	-0.0800604	-0.198	0.198
  9474	-0.0719866	-0.198	0.198
  9475	-0.0427836	-0.198	0.198
  9476	-0.0259461	-0.198	0.198
  9477	-0.0759422	-0.198	0.198
  9478	-0.0874605	-0.198	0.198
  9479	-0.096432	-0.198	0.198
  9480	-0.0803894	-0.198	0.198
  9481	-0.0805022	-0.198	0.198
  9482	-0.0442152	-0.198	0.198
  9483	-0.0833739	-0.198	0.198
  9484	-0.0730492	-0.198	0.198
  9485	-0.0463406	-0.198	0.198
  9486	-0.0845796	-0.198	0.198
  9487	-0.0803925	-0.198	0.198
  9488	-0.0775568	-0.198	0.198
  9489	-0.0904873	-0.198	0.198
  9490	-0.0665427	-0.198	0.198
  9491	-0.078766	-0.198	0.198
  9492	-0.0727235	-0.198	0.198
  9493	-0.0537523	-0.198	0.198
  9494	-0.0759387	-0.198	0.198
  9495	-0.0960597	-0.198	0.198
  9496	-0.0748223	-0.198	0.198
  9497	-0.092872	-0.198	0.198
  9498	-0.092313	-0.198	0.198
  9499	-0.085492	-0.198	0.198
  9500	-0.0929069	-0.198	0.198
  9501	-0.0575192	-0.198	0.198
  9502	-0.0852906	-0.198	0.198
  9503	-0.0848384	-0.198	0.198
  9504	-0.0926129	-0.198	0.198
  9505	-0.0608811	-0.198	0.198
  9506	-0.0769103	-0.198	0.198
  9507	-0.0962418	-0.198	0.198
  9508	-0.0307944	-0.198	0.198
  9509	-0.0540193	-0.198	0.198
  9510	-0.0860909	-0.198	0.198
  9511	-0.0970085	-0.198	0.198
  9512	-0.0527124	-0.198	0.198
  9513	-0.0911843	-0.198	0.198
  9514	-0.0804663	-0.198	0.198
  9515	-0.0745616	-0.198	0.198
  9516	-0.0682968	-0.198	0.198
  9517	-0.0733423	-0.198	0.198
  9518	-0.0962534	-0.198	0.198
  9519	-0.0715528	-0.198	0.198
  9520	-0.0876792	-0.198	0.198
  9521	-0.0982281	-0.198	0.198
  9522	-0.0554682	-0.198	0.198
  9523	-0.0473616	-0.198	0.198
  9524	-0.0867564	-0.198	0.198
  9525	-0.0709944	-0.198	0.198
  9526	-0.0576352	-0.198	0.198
  9527	-0.0605649	-0.198	0.198
  9528	-0.0728301	-0.198	0.198
  9529	-0.0953235	-0.198	0.198
  9530	-0.086531	-0.198	0.198
  9531	-0.0636343	-0.198	0.198
  9532	-0.0953206	-0.198	0.198
  9533	-0.0937803	-0.198	0.198
  9534	-0.0822609	-0.198	0.198
  9535	-0.0950515	-0.198	0.198
  9536	-0.0947136	-0.198	0.198
  9537	-0.0964206	-0.198	0.198
  9538	-0.0735522	-0.198	0.198
  9539	-0.0343606	-0.198	0.198
  9540	-0.0299618	-0.198	0.198
  9541	-0.070777	-0.198	0.198
  9542	-0.050299	-0.198	0.198
  9543	-0.0971152	-0.198	0.198
  9544	-0.0849434	-0.198	0.198
  9545	-0.0790197	-0.198	0.198
  9546	-0.0835219	-0.198	0.198
  9547	-0.0937895	-0.198	0.198
  9548	-0.0850462	-0.198	0.198
  9549	-0.0804164	-0.198	0.198
  9550	-0.085661	-0.198	0.198
  9551	-0.0702844	-0.198	0.198
  9552	-0.0693734	-0.198	0.198
  9553	-0.0726833	-0.198	0.198
  9554	-0.0745883	-0.198	0.198
  9555	-0.0718793	-0.198	0.198
  9556	-0.0914567	-0.198	0.198
  9557	-0.0763086	-0.198	0.198
  9558	-0.0353051	-0.198	0.198
  9559	-0.0974674	-0.198	0.198
  9560	-0.0978996	-0.198	0.198
  9561	-0.0946235	-0.198	0.198
  9562	-0.0637016	-0.198	0.198
  9563	-0.031613	-0.198	0.198
  9564	-0.0708806	-0.198	0.198
  9565	-0.0948236	-0.198	0.198
  9566	-0.0914205	-0.198	0.198
  9567	-0.0754187	-0.198	0.198
  9568	-0.0880756	-0.198	0.198
  9569	-0.0701874	-0.198	0.198
  9570	-0.0493034	-0.198	0.198
  9571	-0.0615165	-0.198	0.198
  9572	-0.0757996	-0.198	0.198
  9573	-0.083528	-0.198	0.198
  9574	-0.0663681	-0.198	0.198
  9575	-0.0886259	-0.198	0.198
  9576	-0.0950523	-0.198	0.198
  9577	-0.0864792	-0.198	0.198
  9578	-0.0979417	-0.198	0.198
  9579	-0.0931008	-0.198	0.198
  9580	-0.0897004	-0.198	0.198
  9581	-0.0977095	-0.198	0.198
  9582	-0.0921741	-0.198	0.198
  9583	-0.0443464	-0.198	0.198
  9584	-0.06645	-0.198	0.198
  9585	-0.0706254	-0.198	0.198
  9586	-0.095122	-0.198	0.198
  9587	-0.0975564	-0.198	0.198
  9588	-0.0821872	-0.198	0.198
  9589	-0.0746093	-0.198	0.198
  9590	-0.0911569	-0.198	0.198
  9591	-0.0698552	-0.198	0.198
  9592	-0.0786124	-0.198	0.198
  9593	-0.0434315	-0.198	0.198
  9594	-0.0758637	-0.198	0.198
  9595	-0.0624682	-0.198	0.198
  9596	-0.0387805	-0.198	0.198
  9597	-0.0903986	-0.198	0.198
  9598	-0.0945633	-0.198	0.198
  9599	-0.0719835	-0.198	0.198
  9600	-0.0698618	-0.198	0.198
  9601	-0.0534833	-0.198	0.198
  9602	-0.0836446	-0.198	0.198
  9603	-0.0259115	-0.198	0.198
  9604	-0.0536947	-0.198	0.198
  9605	-0.0719413	-0.198	0.198
  9606	-0.065957	-0.198	0.198
  9607	-0.0810991	-0.198	0.198
  9608	-0.0763809	-0.198	0.198
  9609	-0.0884989	-0.198	0.198
  9610	-0.0902877	-0.198	0.198
  9611	-0.073581	-0.198	0.198
  9612	-0.0493293	-0.198	0.198
  9613	-0.0494471	-0.198	0.198
  9614	-0.0813167	-0.198	0.198
  9615	-0.0971502	-0.198	0.198
  9616	-0.0749412	-0.198	0.198
  9617	-0.0465803	-0.198	0.198
  9618	-0.0826686	-0.198	0.198
  9619	-0.0905414	-0.198	0.198
  9620	-0.0983538	-0.198	0.198
  9621	-0.064819	-0.198	0.198
  9622	-0.0867132	-0.198	0.198
  9623	-0.0970933	-0.198	0.198
  9624	-0.0917554	-0.198	0.198
  9625	-0.0801422	-0.198	0.198
  9626	-0.0855122	-0.198	0.198
  9627	-0.0727124	-0.198	0.198
  9628	-0.0727745	-0.198	0.198
  9629	-0.0661002	-0.198	0.198
  9630	-0.0814451	-0.198	0.198
  9631	-0.0943322	-0.198	0.198
  9632	-0.09386	-0.198	0.198
  9633	-0.0764896	-0.198	0.198
  9634	-0.0915365	-0.198	0.198
  9635	-0.0967121	-0.198	0.198
  9636	-0.0803246	-0.198	0.198
  9637	-0.0740733	-0.198	0.198
  9638	-0.0594587	-0.198	0.198
  9639	-0.0972892	-0.198	0.198
  9640	-0.0608078	-0.198	0.198
  9641	-0.0733732	-0.198	0.198
  9642	-0.0691291	-0.198	0.198
  9643	-0.0889986	-0.198	0.198
  9644	-0.0970914	-0.198	0.198
  9645	-0.0457128	-0.198	0.198
  9646	-0.0494497	-0.198	0.198
  9647	-0.0533202	-0.198	0.198
  9648	-0.0962004	-0.198	0.198
  9649	-0.0634361	-0.198	0.198
  9650	-0.0768541	-0.198	0.198
  9651	-0.0665163	-0.198	0.198
  9652	-0.094348	-0.198	0.198
  9653	-0.0539732	-0.198	0.198
  9654	-0.0468307	-0.198	0.198
  9655	-0.0905046	-0.198	0.198
  9656	-0.0706616	-0.198	0.198
  9657	-0.0653659	-0.198	0.198
  9658	-0.0855687	-0.198	0.198
  9659	-0.095314	-0.198	0.198
  9660	-0.0858281	-0.198	0.198
  9661	-0.0842884	-0.198	0.198
  9662	-0.0845084	-0.198	0.198
  9663	-0.0944856	-0.198	0.198
  9664	-0.0383194	-0.198	0.198
  9665	-0.096474	-0.198	0.198
  9666	-0.0899363	-0.198	0.198
  9667	-0.096519	-0.198	0.198
  9668	-0.0913071	-0.198	0.198
  9669	-0.0515636	-0.198	0.198
  9670	-0.0825545	-0.198	0.198
  9671	-0.0797341	-0.198	0.198
  9672	-0.0453881	-0.198	0.198
  9673	-0.0863809	-0.198	0.198
  9674	-0.0772774	-0.198	0.198
  9675	-0.0663613	-0.198	0.198
  9676	-0.0773461	-0.198	0.198
  9677	-0.0974997	-0.198	0.198
  9678	-0.0759615	-0.198	0.198
  9679	-0.0912087	-0.198	0.198
  9680	-0.0734086	-0.198	0.198
  9681	-0.0706366	-0.198	0.198
  9682	-0.0966406	-0.198	0.198
  9683	-0.0599937	-0.198	0.198
  9684	-0.0652261	-0.198	0.198
  9685	-0.0422651	-0.198	0.198
  9686	-0.0595654	-0.198	0.198
  9687	-0.0598333	-0.198	0.198
  9688	-0.0725693	-0.198	0.198
  9689	-0.059895	-0.198	0.198
  9690	-0.0903636	-0.198	0.198
  9691	-0.0968334	-0.198	0.198
  9692	-0.0844821	-0.198	0.198
  9693	-0.0941485	-0.198	0.198
  9694	-0.0978389	-0.198	0.198
  9695	-0.0503962	-0.198	0.198
  9696	-0.0949483	-0.198	0.198
  9697	-0.0962449	-0.198	0.198
  9698	-0.094325	-0.198	0.198
  9699	-0.0925673	-0.198	0.198
  9700	-0.0721985	-0.198	0.198
  9701	-0.0956189	-0.198	0.198
  9702	-0.0762111	-0.198	0.198
  9703	-0.0632968	-0.198	0.198
  9704	-0.0654434	-0.198	0.198
  9705	-0.0904488	-0.198	0.198
  9706	-0.0827559	-0.198	0.198
  9707	-0.0504531	-0.198	0.198
  9708	-0.0701821	-0.198	0.198
  9709	-0.0649424	-0.198	0.198
  9710	-0.0865235	-0.198	0.198
  9711	-0.0921151	-0.198	0.198
  9712	-0.0724712	-0.198	0.198
  9713	-0.0890845	-0.198	0.198
  9714	-0.061878	-0.198	0.198
  9715	-0.090747	-0.198	0.198
  9716	-0.0905665	-0.198	0.198
  9717	-0.0942362	-0.198	0.198
  9718	-0.0782915	-0.198	0.198
  9719	-0.0689772	-0.198	0.198
  9720	-0.0844562	-0.198	0.198
  9721	-0.058616	-0.198	0.198
  9722	-0.0700322	-0.198	0.198
  9723	-0.0712156	-0.198	0.198
  9724	-0.0887938	-0.198	0.198
  9725	-0.0986448	-0.198	0.198
  9726	-0.0818417	-0.198	0.198
  9727	-0.0882569	-0.198	0.198
  9728	-0.0917041	-0.198	0.198
  9729	-0.0952472	-0.198	0.198
  9730	-0.0882529	-0.198	0.198
  9731	-0.0731545	-0.198	0.198
  9732	-0.0804606	-0.198	0.198
  9733	-0.0929054	-0.198	0.198
  9734	-0.0831824	-0.198	0.198
  9735	-0.0959573	-0.198	0.198
  9736	-0.0906227	-0.198	0.198
  9737	-0.0958555	-0.198	0.198
  9738	-0.0826256	-0.198	0.198
  9739	-0.0934014	-0.198	0.198
  9740	-0.0452742	-0.198	0.198
  9741	-0.0947948	-0.198	0.198
  9742	-0.0909665	-0.198	0.198
  9743	-0.0657948	-0.198	0.198
  9744	-0.0251137	-0.198	0.198
  9745	-0.0885982	-0.198	0.198
  9746	-0.0675953	-0.198	0.198
  9747	-0.0882945	-0.198	0.198
  9748	-0.0875161	-0.198	0.198
  9749	-0.0852027	-0.198	0.198
  9750	-0.0907864	-0.198	0.198
  9751	-0.0862145	-0.198	0.198
  9752	-0.082084	-0.198	0.198
  9753	-0.075762	-0.198	0.198
  9754	-0.0247999	-0.198	0.198
  9755	-0.0859997	-0.198	0.198
  9756	-0.0946629	-0.198	0.198
  9757	-0.0871401	-0.198	0.198
  9758	-0.0778802	-0.198	0.198
  9759	-0.0746116	-0.198	0.198
  9760	-0.0681937	-0.198	0.198
  9761	-0.0817321	-0.198	0.198
  9762	-0.0745876	-0.198	0.198
  9763	-0.0759449	-0.198	0.198
  9764	-0.0788263	-0.198	0.198
  9765	-0.0798204	-0.198	0.198
  9766	-0.084576	-0.198	0.198
  9767	-0.0960496	-0.198	0.198
  9768	-0.0980977	-0.198	0.198
  9769	-0.0707309	-0.198	0.198
  9770	-0.0745047	-0.198	0.198
  9771	-0.0709538	-0.198	0.198
  9772	-0.058278	-0.198	0.198
  9773	-0.0862432	-0.198	0.198
  9774	-0.0635088	-0.198	0.198
  9775	-0.0698494	-0.198	0.198
  9776	-0.0957176	-0.198	0.198
  9777	-0.0962349	-0.198	0.198
  9778	-0.0848595	-0.198	0.198
  9779	-0.0886199	-0.198	0.198
  9780	-0.0552793	-0.198	0.198
  9781	-0.0621505	-0.198	0.198
  9782	-0.0917788	-0.198	0.198
  9783	-0.0643674	-0.198	0.198
  9784	-0.0643334	-0.198	0.198
  9785	-0.0804776	-0.198	0.198
  9786	-0.0770265	-0.198	0.198
  9787	-0.0971023	-0.198	0.198
  9788	-0.0937794	-0.198	0.198
  9789	-0.0891469	-0.198	0.198
  9790	-0.0711724	-0.198	0.198
  9791	-0.0857288	-0.198	0.198
  9792	-0.0968675	-0.198	0.198
  9793	-0.0440357	-0.198	0.198
  9794	-0.073809	-0.198	0.198
  9795	-0.0843285	-0.198	0.198
  9796	-0.0921836	-0.198	0.198
  9797	-0.076085	-0.198	0.198
  9798	-0.0942281	-0.198	0.198
  9799	-0.0896736	-0.198	0.198
  9800	-0.0620955	-0.198	0.198
  9801	-0.0517142	-0.198	0.198
  9802	-0.0643659	-0.198	0.198
  9803	-0.0690116	-0.198	0.198
  9804	-0.0782785	-0.198	0.198
  9805	-0.0930264	-0.198	0.198
  9806	-0.0839853	-0.198	0.198
  9807	-0.0812615	-0.198	0.198
  9808	-0.0845737	-0.198	0.198
  9809	-0.0942583	-0.198	0.198
  9810	-0.0832985	-0.198	0.198
  9811	-0.0896966	-0.198	0.198
  9812	-0.0915698	-0.198	0.198
  9813	-0.0635069	-0.198	0.198
  9814	-0.0740101	-0.198	0.198
  9815	-0.0909619	-0.198	0.198
  9816	-0.0768044	-0.198	0.198
  9817	-0.0756065	-0.198	0.198
  9818	-0.0725311	-0.198	0.198
  9819	-0.0844566	-0.198	0.198
  9820	-0.0870683	-0.198	0.198
  9821	-0.0463541	-0.198	0.198
  9822	-0.0926918	-0.198	0.198
  9823	-0.0672552	-0.198	0.198
  9824	-0.0761367	-0.198	0.198
  9825	-0.0978875	-0.198	0.198
  9826	-0.0698516	-0.198	0.198
  9827	-0.0509808	-0.198	0.198
  9828	-0.0928874	-0.198	0.198
  9829	-0.0731389	-0.198	0.198
  9830	-0.0963775	-0.198	0.198
  9831	-0.0883779	-0.198	0.198
  9832	-0.0360697	-0.198	0.198
  9833	-0.0756129	-0.198	0.198
  9834	-0.0155513	-0.198	0.198
  9835	-0.0777411	-0.198	0.198
  9836	-0.0784145	-0.198	0.198
  9837	-0.0756846	-0.198	0.198
  9838	-0.0915651	-0.198	0.198
  9839	-0.0862179	-0.198	0.198
  9840	-0.082663	-0.198	0.198
  9841	-0.0441863	-0.198	0.198
  9842	-0.096114	-0.198	0.198
  9843	-0.0807594	-0.198	0.198
  9844	-0.0426387	-0.198	0.198
  9845	-0.0463992	-0.198	0.198
  9846	-0.0382048	-0.198	0.198
  9847	-0.080252	-0.198	0.198
  9848	-0.0204866	-0.198	0.198
  9849	-0.0869742	-0.198	0.198
  9850	-0.0720337	-0.198	0.198
  9851	-0.0950553	-0.198	0.198
  9852	-0.0853955	-0.198	0.198
  9853	-0.0786399	-0.198	0.198
  9854	-0.072446	-0.198	0.198
  9855	-0.0575109	-0.198	0.198
  9856	-0.0939448	-0.198	0.198
  9857	-0.0418763	-0.198	0.198
  9858	-0.0628944	-0.198	0.198
  9859	-0.0764414	-0.198	0.198
  9860	-0.079496	-0.198	0.198
  9861	-0.047399	-0.198	0.198
  9862	-0.0389062	-0.198	0.198
  9863	-0.0809347	-0.198	0.198
  9864	-0.0907456	-0.198	0.198
  9865	-0.0566439	-0.198	0.198
  9866	-0.066174	-0.198	0.198
  9867	-0.0879917	-0.198	0.198
  9868	-0.0570467	-0.198	0.198
  9869	-0.0938891	-0.198	0.198
  9870	-0.0708293	-0.198	0.198
  9871	-0.0630254	-0.198	0.198
  9872	-0.0968216	-0.198	0.198
  9873	-0.0949324	-0.198	0.198
  9874	-0.0937628	-0.198	0.198
  9875	-0.0948981	-0.198	0.198
  9876	-0.068642	-0.198	0.198
  9877	-0.0816146	-0.198	0.198
  9878	-0.0316033	-0.198	0.198
  9879	-0.0743928	-0.198	0.198
  9880	-0.0751739	-0.198	0.198
  9881	-0.0463245	-0.198	0.198
  9882	-0.0846157	-0.198	0.198
  9883	-0.071823	-0.198	0.198
  9884	-0.0977248	-0.198	0.198
  9885	-0.0579609	-0.198	0.198
  9886	-0.0876582	-0.198	0.198
  9887	-0.0974022	-0.198	0.198
  9888	-0.0693227	-0.198	0.198
  9889	-0.0766073	-0.198	0.198
  9890	-0.0865911	-0.198	0.198
  9891	-0.0686405	-0.198	0.198
  9892	-0.0193208	-0.198	0.198
  9893	-0.0844159	-0.198	0.198
  9894	-0.049136	-0.198	0.198
  9895	-0.0764751	-0.198	0.198
  9896	-0.0783218	-0.198	0.198
  9897	-0.0850242	-0.198	0.198
  9898	-0.0866728	-0.198	0.198
  9899	-0.091106	-0.198	0.198
  9900	-0.0938839	-0.198	0.198
  9901	-0.0845541	-0.198	0.198
  9902	-0.0953351	-0.198	0.198
  9903	-0.0974979	-0.198	0.198
  9904	-0.0670512	-0.198	0.198
  9905	-0.0755325	-0.198	0.198
  9906	-0.0850191	-0.198	0.198
  9907	-0.0890212	-0.198	0.198
  9908	-0.0931936	-0.198	0.198
  9909	-0.0655769	-0.198	0.198
  9910	-0.0953634	-0.198	0.198
  9911	-0.0727288	-0.198	0.198
  9912	-0.0815269	-0.198	0.198
  9913	-0.0670239	-0.198	0.198
  9914	-0.0922895	-0.198	0.198
  9915	-0.0812006	-0.198	0.198
  9916	-0.0839405	-0.198	0.198
  9917	-0.0924204	-0.198	0.198
  9918	-0.0933863	-0.198	0.198
  9919	-0.0832022	-0.198	0.198
  9920	-0.0859057	-0.198	0.198
  9921	-0.0703147	-0.198	0.198
  9922	-0.0861087	-0.198	0.198
  9923	-0.064328	-0.198	0.198
  9924	-0.0709725	-0.198	0.198
  9925	-0.0603598	-0.198	0.198
  9926	-0.098035	-0.198	0.198
  9927	-0.0745465	-0.198	0.198
  9928	-0.0838336	-0.198	0.198
  9929	-0.0671261	-0.198	0.198
  9930	-0.0926859	-0.198	0.198
  9931	-0.0856193	-0.198	0.198
  9932	-0.0708076	-0.198	0.198
  9933	-0.0655257	-0.198	0.198
  9934	-0.0887342	-0.198	0.198
  9935	-0.0491229	-0.198	0.198
  9936	-0.0510756	-0.198	0.198
  9937	-0.0940413	-0.198	0.198
  9938	-0.0835879	-0.198	0.198
  9939	-0.0879596	-0.198	0.198
  9940	-0.0879907	-0.198	0.198
  9941	-0.035261	-0.198	0.198
  9942	-0.0541893	-0.198	0.198
  9943	-0.0498183	-0.198	0.198
  9944	-0.0879224	-0.198	0.198
  9945	-0.080967	-0.198	0.198
  9946	-0.0827444	-0.198	0.198
  9947	-0.0719491	-0.198	0.198
  9948	-0.0438317	-0.198	0.198
  9949	-0.0803497	-0.198	0.198
  9950	-0.0892319	-0.198	0.198
  9951	-0.0674616	-0.198	0.198
  9952	-0.0821484	-0.198	0.198
  9953	-0.0833449	-0.198	0.198
  9954	-0.0645706	-0.198	0.198
  9955	-0.0753379	-0.198	0.198
  9956	-0.0455717	-0.198	0.198
  9957	-0.0972698	-0.198	0.198
  9958	-0.0843605	-0.198	0.198
  9959	-0.0780988	-0.198	0.198
  9960	-0.0918667	-0.198	0.198
  9961	-0.0842919	-0.198	0.198
  9962	-0.069497	-0.198	0.198
  9963	-0.0768595	-0.198	0.198
  9964	-0.0958423	-0.198	0.198
  9965	-0.0941321	-0.198	0.198
  9966	-0.0873678	-0.198	0.198
  9967	-0.0839116	-0.198	0.198
  9968	-0.0809031	-0.198	0.198
  9969	-0.0658128	-0.198	0.198
  9970	-0.0777745	-0.198	0.198
  9971	-0.0918995	-0.198	0.198
  9972	-0.0702466	-0.198	0.198
  9973	-0.0680398	-0.198	0.198
  9974	-0.0638362	-0.198	0.198
  9975	-0.0912662	-0.198	0.198
  9976	-0.0824667	-0.198	0.198
  9977	-0.0561065	-0.198	0.198
  9978	-0.0958558	-0.198	0.198
  9979	-0.0653285	-0.198	0.198
  9980	-0.0833194	-0.198	0.198
  9981	-0.0289665	-0.198	0.198
  9982	-0.0352791	-0.198	0.198
  9983	-0.0831674	-0.198	0.198
  9984	-0.0970604	-0.198	0.198
  9985	-0.0919614	-0.198	0.198
  9986	-0.0927153	-0.198	0.198
  9987	-0.0909194	-0.198	0.198
  9988	-0.0576007	-0.198	0.198
  9989	-0.0854124	-0.198	0.198
  9990	-0.0623935	-0.198	0.198
  9991	-0.0656055	-0.198	0.198
  9992	-0.0957204	-0.198	0.198
  9993	-0.0853554	-0.198	0.198
  9994	-0.0681554	-0.198	0.198
  9995	-0.0514501	-0.198	0.198
  9996	-0.0701079	-0.198	0.198
  9997	-0.0912586	-0.198	0.198
  9998	-0.0851452	-0.198	0.198
  9999	-0.0763892	-0.198	0.198
 10000	-0.0460157	-0.198	0.198
