Measurement: SNMMAX
  step	MAX(0.707*V(v1)-0.707*V(v2))	FROM	TO
     1	0.109332	-0.226	0.226
     2	0.109736	-0.226	0.226
     3	0.103627	-0.226	0.226
     4	0.10247	-0.226	0.226
     5	0.0930541	-0.226	0.226
     6	0.100469	-0.226	0.226
     7	0.0722431	-0.226	0.226
     8	0.0987298	-0.226	0.226
     9	0.0943708	-0.226	0.226
    10	0.0739793	-0.226	0.226
    11	0.0993757	-0.226	0.226
    12	0.0966562	-0.226	0.226
    13	0.0884533	-0.226	0.226
    14	0.109849	-0.226	0.226
    15	0.073721	-0.226	0.226
    16	0.106422	-0.226	0.226
    17	0.0457246	-0.226	0.226
    18	0.0480576	-0.226	0.226
    19	0.114338	-0.226	0.226
    20	0.0652366	-0.226	0.226
    21	0.0851927	-0.226	0.226
    22	0.0616027	-0.226	0.226
    23	0.0840518	-0.226	0.226
    24	0.0751999	-0.226	0.226
    25	0.0626813	-0.226	0.226
    26	0.102955	-0.226	0.226
    27	0.103231	-0.226	0.226
    28	0.0844677	-0.226	0.226
    29	0.0654862	-0.226	0.226
    30	0.0728556	-0.226	0.226
    31	0.111307	-0.226	0.226
    32	0.109649	-0.226	0.226
    33	0.0714473	-0.226	0.226
    34	0.0697693	-0.226	0.226
    35	0.104415	-0.226	0.226
    36	0.109368	-0.226	0.226
    37	0.109253	-0.226	0.226
    38	0.0985012	-0.226	0.226
    39	0.0918677	-0.226	0.226
    40	0.0943928	-0.226	0.226
    41	0.0784057	-0.226	0.226
    42	0.0771077	-0.226	0.226
    43	0.073322	-0.226	0.226
    44	0.101186	-0.226	0.226
    45	0.0976922	-0.226	0.226
    46	0.105267	-0.226	0.226
    47	0.112322	-0.226	0.226
    48	0.0947471	-0.226	0.226
    49	0.105332	-0.226	0.226
    50	0.106794	-0.226	0.226
    51	0.111432	-0.226	0.226
    52	0.0938549	-0.226	0.226
    53	0.04968	-0.226	0.226
    54	0.0868163	-0.226	0.226
    55	0.0852442	-0.226	0.226
    56	0.0895816	-0.226	0.226
    57	0.0900511	-0.226	0.226
    58	0.101525	-0.226	0.226
    59	0.0297676	-0.226	0.226
    60	0.107636	-0.226	0.226
    61	0.0651076	-0.226	0.226
    62	0.102966	-0.226	0.226
    63	0.102661	-0.226	0.226
    64	0.10767	-0.226	0.226
    65	0.0869005	-0.226	0.226
    66	0.0578901	-0.226	0.226
    67	0.0521083	-0.226	0.226
    68	0.0454625	-0.226	0.226
    69	0.0799525	-0.226	0.226
    70	0.114767	-0.226	0.226
    71	0.0929423	-0.226	0.226
    72	0.108465	-0.226	0.226
    73	0.105245	-0.226	0.226
    74	0.101786	-0.226	0.226
    75	0.111933	-0.226	0.226
    76	0.114624	-0.226	0.226
    77	0.115941	-0.226	0.226
    78	0.11097	-0.226	0.226
    79	0.1038	-0.226	0.226
    80	0.0673614	-0.226	0.226
    81	0.0878812	-0.226	0.226
    82	0.0965923	-0.226	0.226
    83	0.112047	-0.226	0.226
    84	0.0961414	-0.226	0.226
    85	0.0372516	-0.226	0.226
    86	0.0873704	-0.226	0.226
    87	0.100595	-0.226	0.226
    88	0.0574865	-0.226	0.226
    89	0.0814661	-0.226	0.226
    90	0.100445	-0.226	0.226
    91	0.108955	-0.226	0.226
    92	0.104257	-0.226	0.226
    93	0.0907799	-0.226	0.226
    94	0.114984	-0.226	0.226
    95	0.100662	-0.226	0.226
    96	0.107604	-0.226	0.226
    97	0.0955243	-0.226	0.226
    98	0.115239	-0.226	0.226
    99	0.112128	-0.226	0.226
   100	0.0994255	-0.226	0.226
   101	0.10462	-0.226	0.226
   102	0.111299	-0.226	0.226
   103	0.100417	-0.226	0.226
   104	0.0924628	-0.226	0.226
   105	0.0376812	-0.226	0.226
   106	0.079222	-0.226	0.226
   107	0.0936209	-0.226	0.226
   108	0.102709	-0.226	0.226
   109	0.0954344	-0.226	0.226
   110	0.108225	-0.226	0.226
   111	0.113202	-0.226	0.226
   112	0.0983682	-0.226	0.226
   113	0.106148	-0.226	0.226
   114	0.105619	-0.226	0.226
   115	0.100853	-0.226	0.226
   116	0.0835773	-0.226	0.226
   117	0.115303	-0.226	0.226
   118	0.0805204	-0.226	0.226
   119	0.102422	-0.226	0.226
   120	0.11114	-0.226	0.226
   121	0.0835625	-0.226	0.226
   122	0.114993	-0.226	0.226
   123	0.10547	-0.226	0.226
   124	0.0895157	-0.226	0.226
   125	0.108178	-0.226	0.226
   126	0.0746243	-0.226	0.226
   127	0.0957996	-0.226	0.226
   128	0.100436	-0.226	0.226
   129	0.109273	-0.226	0.226
   130	0.0847338	-0.226	0.226
   131	0.0771076	-0.226	0.226
   132	0.10217	-0.226	0.226
   133	0.102379	-0.226	0.226
   134	0.10808	-0.226	0.226
   135	0.0823285	-0.226	0.226
   136	0.0991167	-0.226	0.226
   137	0.0567283	-0.226	0.226
   138	0.0669747	-0.226	0.226
   139	0.108224	-0.226	0.226
   140	0.0614306	-0.226	0.226
   141	0.0809789	-0.226	0.226
   142	0.113925	-0.226	0.226
   143	0.112	-0.226	0.226
   144	0.114659	-0.226	0.226
   145	0.114844	-0.226	0.226
   146	0.094667	-0.226	0.226
   147	0.0926631	-0.226	0.226
   148	0.0598521	-0.226	0.226
   149	0.112805	-0.226	0.226
   150	0.107162	-0.226	0.226
   151	0.107863	-0.226	0.226
   152	0.11037	-0.226	0.226
   153	0.0963355	-0.226	0.226
   154	0.0835451	-0.226	0.226
   155	0.0807188	-0.226	0.226
   156	0.103731	-0.226	0.226
   157	0.100218	-0.226	0.226
   158	0.0908737	-0.226	0.226
   159	0.104639	-0.226	0.226
   160	0.110695	-0.226	0.226
   161	0.0750745	-0.226	0.226
   162	0.111158	-0.226	0.226
   163	0.10763	-0.226	0.226
   164	0.102985	-0.226	0.226
   165	0.0587673	-0.226	0.226
   166	0.112979	-0.226	0.226
   167	0.104093	-0.226	0.226
   168	0.0962884	-0.226	0.226
   169	0.105648	-0.226	0.226
   170	0.11045	-0.226	0.226
   171	0.0980813	-0.226	0.226
   172	0.0906888	-0.226	0.226
   173	0.0869239	-0.226	0.226
   174	0.112072	-0.226	0.226
   175	0.0518492	-0.226	0.226
   176	0.0740156	-0.226	0.226
   177	0.071639	-0.226	0.226
   178	0.0950177	-0.226	0.226
   179	0.0671174	-0.226	0.226
   180	0.0879109	-0.226	0.226
   181	0.0827305	-0.226	0.226
   182	0.101966	-0.226	0.226
   183	0.109584	-0.226	0.226
   184	0.110656	-0.226	0.226
   185	0.0601657	-0.226	0.226
   186	0.0952658	-0.226	0.226
   187	0.0694354	-0.226	0.226
   188	0.097381	-0.226	0.226
   189	0.114374	-0.226	0.226
   190	0.0712689	-0.226	0.226
   191	0.115977	-0.226	0.226
   192	0.104871	-0.226	0.226
   193	0.0856477	-0.226	0.226
   194	0.0783446	-0.226	0.226
   195	0.110772	-0.226	0.226
   196	0.0734691	-0.226	0.226
   197	0.115204	-0.226	0.226
   198	0.110775	-0.226	0.226
   199	0.0772185	-0.226	0.226
   200	0.0927466	-0.226	0.226
   201	0.0868289	-0.226	0.226
   202	0.0781431	-0.226	0.226
   203	0.107429	-0.226	0.226
   204	0.103813	-0.226	0.226
   205	0.106058	-0.226	0.226
   206	0.108812	-0.226	0.226
   207	0.0942969	-0.226	0.226
   208	0.0690653	-0.226	0.226
   209	0.0740157	-0.226	0.226
   210	0.0765705	-0.226	0.226
   211	0.0900284	-0.226	0.226
   212	0.0926614	-0.226	0.226
   213	0.0851981	-0.226	0.226
   214	0.0809953	-0.226	0.226
   215	0.111346	-0.226	0.226
   216	0.0962583	-0.226	0.226
   217	0.0922185	-0.226	0.226
   218	0.0954874	-0.226	0.226
   219	0.065269	-0.226	0.226
   220	0.0927972	-0.226	0.226
   221	0.11165	-0.226	0.226
   222	0.110553	-0.226	0.226
   223	0.115039	-0.226	0.226
   224	0.106918	-0.226	0.226
   225	0.111959	-0.226	0.226
   226	0.0601754	-0.226	0.226
   227	0.0873856	-0.226	0.226
   228	0.0927518	-0.226	0.226
   229	0.0808854	-0.226	0.226
   230	0.0801724	-0.226	0.226
   231	0.113716	-0.226	0.226
   232	0.114833	-0.226	0.226
   233	0.107998	-0.226	0.226
   234	0.105894	-0.226	0.226
   235	0.0981021	-0.226	0.226
   236	0.0895827	-0.226	0.226
   237	0.108384	-0.226	0.226
   238	0.0635927	-0.226	0.226
   239	0.0970669	-0.226	0.226
   240	0.0790662	-0.226	0.226
   241	0.0959747	-0.226	0.226
   242	0.0768493	-0.226	0.226
   243	0.109819	-0.226	0.226
   244	0.0593715	-0.226	0.226
   245	0.0901581	-0.226	0.226
   246	0.0817429	-0.226	0.226
   247	0.0814753	-0.226	0.226
   248	0.114035	-0.226	0.226
   249	0.113516	-0.226	0.226
   250	0.104253	-0.226	0.226
   251	0.0970701	-0.226	0.226
   252	0.0570906	-0.226	0.226
   253	0.0604353	-0.226	0.226
   254	0.0521877	-0.226	0.226
   255	0.116068	-0.226	0.226
   256	0.0686174	-0.226	0.226
   257	0.113391	-0.226	0.226
   258	0.0870131	-0.226	0.226
   259	0.0956898	-0.226	0.226
   260	0.0639496	-0.226	0.226
   261	0.0931822	-0.226	0.226
   262	0.0874129	-0.226	0.226
   263	0.111032	-0.226	0.226
   264	0.100056	-0.226	0.226
   265	0.0891691	-0.226	0.226
   266	0.0918378	-0.226	0.226
   267	0.10474	-0.226	0.226
   268	0.097476	-0.226	0.226
   269	0.0900367	-0.226	0.226
   270	0.097656	-0.226	0.226
   271	0.0794905	-0.226	0.226
   272	0.0923875	-0.226	0.226
   273	0.0850251	-0.226	0.226
   274	0.0989966	-0.226	0.226
   275	0.114603	-0.226	0.226
   276	0.115487	-0.226	0.226
   277	0.114807	-0.226	0.226
   278	0.0942537	-0.226	0.226
   279	0.112949	-0.226	0.226
   280	0.102415	-0.226	0.226
   281	0.0997763	-0.226	0.226
   282	0.11431	-0.226	0.226
   283	0.0563406	-0.226	0.226
   284	0.114129	-0.226	0.226
   285	0.0928541	-0.226	0.226
   286	0.0957969	-0.226	0.226
   287	0.107722	-0.226	0.226
   288	0.0788401	-0.226	0.226
   289	0.105209	-0.226	0.226
   290	0.104015	-0.226	0.226
   291	0.0686322	-0.226	0.226
   292	0.107402	-0.226	0.226
   293	0.112844	-0.226	0.226
   294	0.11221	-0.226	0.226
   295	0.0783745	-0.226	0.226
   296	0.107794	-0.226	0.226
   297	0.0880677	-0.226	0.226
   298	0.0966605	-0.226	0.226
   299	0.100599	-0.226	0.226
   300	0.0909856	-0.226	0.226
   301	0.111976	-0.226	0.226
   302	0.095231	-0.226	0.226
   303	0.0987482	-0.226	0.226
   304	0.0913398	-0.226	0.226
   305	0.0989974	-0.226	0.226
   306	0.115295	-0.226	0.226
   307	0.115755	-0.226	0.226
   308	0.102484	-0.226	0.226
   309	0.110542	-0.226	0.226
   310	0.102125	-0.226	0.226
   311	0.089881	-0.226	0.226
   312	0.092527	-0.226	0.226
   313	0.105675	-0.226	0.226
   314	0.109325	-0.226	0.226
   315	0.0960983	-0.226	0.226
   316	0.107083	-0.226	0.226
   317	0.0811145	-0.226	0.226
   318	0.0847294	-0.226	0.226
   319	0.113974	-0.226	0.226
   320	0.0827165	-0.226	0.226
   321	0.104994	-0.226	0.226
   322	0.0979661	-0.226	0.226
   323	0.0910132	-0.226	0.226
   324	0.0960593	-0.226	0.226
   325	0.0663092	-0.226	0.226
   326	0.0791312	-0.226	0.226
   327	0.0884578	-0.226	0.226
   328	0.0797529	-0.226	0.226
   329	0.110869	-0.226	0.226
   330	0.096472	-0.226	0.226
   331	0.060667	-0.226	0.226
   332	0.09614	-0.226	0.226
   333	0.100626	-0.226	0.226
   334	0.10856	-0.226	0.226
   335	0.0672732	-0.226	0.226
   336	0.101173	-0.226	0.226
   337	0.107441	-0.226	0.226
   338	0.0933411	-0.226	0.226
   339	0.111261	-0.226	0.226
   340	0.0997753	-0.226	0.226
   341	0.0984507	-0.226	0.226
   342	0.0842107	-0.226	0.226
   343	0.107729	-0.226	0.226
   344	0.0723409	-0.226	0.226
   345	0.110638	-0.226	0.226
   346	0.0801147	-0.226	0.226
   347	0.0692104	-0.226	0.226
   348	0.068302	-0.226	0.226
   349	0.113631	-0.226	0.226
   350	0.0846093	-0.226	0.226
   351	0.0613887	-0.226	0.226
   352	0.0969798	-0.226	0.226
   353	0.0893517	-0.226	0.226
   354	0.0740326	-0.226	0.226
   355	0.0917364	-0.226	0.226
   356	0.111909	-0.226	0.226
   357	0.0632244	-0.226	0.226
   358	0.0823506	-0.226	0.226
   359	0.109565	-0.226	0.226
   360	0.109656	-0.226	0.226
   361	0.103467	-0.226	0.226
   362	0.051958	-0.226	0.226
   363	0.0735384	-0.226	0.226
   364	0.0890305	-0.226	0.226
   365	0.113938	-0.226	0.226
   366	0.110767	-0.226	0.226
   367	0.0721354	-0.226	0.226
   368	0.0793284	-0.226	0.226
   369	0.09928	-0.226	0.226
   370	0.0963492	-0.226	0.226
   371	0.103554	-0.226	0.226
   372	0.103618	-0.226	0.226
   373	0.107377	-0.226	0.226
   374	0.0612286	-0.226	0.226
   375	0.108896	-0.226	0.226
   376	0.086199	-0.226	0.226
   377	0.0780155	-0.226	0.226
   378	0.0679273	-0.226	0.226
   379	0.064803	-0.226	0.226
   380	0.103704	-0.226	0.226
   381	0.111323	-0.226	0.226
   382	0.0955709	-0.226	0.226
   383	0.0991439	-0.226	0.226
   384	0.0864552	-0.226	0.226
   385	0.0869664	-0.226	0.226
   386	0.103922	-0.226	0.226
   387	0.0693822	-0.226	0.226
   388	0.0849959	-0.226	0.226
   389	0.078483	-0.226	0.226
   390	0.112332	-0.226	0.226
   391	0.112038	-0.226	0.226
   392	0.0824375	-0.226	0.226
   393	0.115234	-0.226	0.226
   394	0.0975346	-0.226	0.226
   395	0.0968215	-0.226	0.226
   396	0.0796541	-0.226	0.226
   397	0.11525	-0.226	0.226
   398	0.0925297	-0.226	0.226
   399	0.11438	-0.226	0.226
   400	0.0301396	-0.226	0.226
   401	0.0990781	-0.226	0.226
   402	0.101625	-0.226	0.226
   403	0.0902457	-0.226	0.226
   404	0.0862468	-0.226	0.226
   405	0.112185	-0.226	0.226
   406	0.0777031	-0.226	0.226
   407	0.0958784	-0.226	0.226
   408	0.0989605	-0.226	0.226
   409	0.0779284	-0.226	0.226
   410	0.112057	-0.226	0.226
   411	0.0985598	-0.226	0.226
   412	0.0956879	-0.226	0.226
   413	0.105604	-0.226	0.226
   414	0.0931539	-0.226	0.226
   415	0.105425	-0.226	0.226
   416	0.104474	-0.226	0.226
   417	0.115843	-0.226	0.226
   418	0.111097	-0.226	0.226
   419	0.0580798	-0.226	0.226
   420	0.0800922	-0.226	0.226
   421	0.105038	-0.226	0.226
   422	0.115658	-0.226	0.226
   423	0.0681717	-0.226	0.226
   424	0.0961855	-0.226	0.226
   425	0.0987224	-0.226	0.226
   426	0.0896996	-0.226	0.226
   427	0.0505464	-0.226	0.226
   428	0.0872549	-0.226	0.226
   429	0.0985454	-0.226	0.226
   430	0.1075	-0.226	0.226
   431	0.0651341	-0.226	0.226
   432	0.0823992	-0.226	0.226
   433	0.113888	-0.226	0.226
   434	0.091244	-0.226	0.226
   435	0.0965102	-0.226	0.226
   436	0.0774102	-0.226	0.226
   437	0.108814	-0.226	0.226
   438	0.110221	-0.226	0.226
   439	0.0789804	-0.226	0.226
   440	0.0932269	-0.226	0.226
   441	0.115021	-0.226	0.226
   442	0.0924819	-0.226	0.226
   443	0.0994012	-0.226	0.226
   444	0.109097	-0.226	0.226
   445	0.11245	-0.226	0.226
   446	0.0886712	-0.226	0.226
   447	0.114643	-0.226	0.226
   448	0.107484	-0.226	0.226
   449	0.07832	-0.226	0.226
   450	0.100173	-0.226	0.226
   451	0.107129	-0.226	0.226
   452	0.0963683	-0.226	0.226
   453	0.0892536	-0.226	0.226
   454	0.076362	-0.226	0.226
   455	0.112938	-0.226	0.226
   456	0.0910992	-0.226	0.226
   457	0.0733633	-0.226	0.226
   458	0.0897773	-0.226	0.226
   459	0.101779	-0.226	0.226
   460	0.0689442	-0.226	0.226
   461	0.0894496	-0.226	0.226
   462	0.11058	-0.226	0.226
   463	0.104471	-0.226	0.226
   464	0.114942	-0.226	0.226
   465	0.0977151	-0.226	0.226
   466	0.111328	-0.226	0.226
   467	0.0902584	-0.226	0.226
   468	0.0924629	-0.226	0.226
   469	0.0944357	-0.226	0.226
   470	0.112251	-0.226	0.226
   471	0.096298	-0.226	0.226
   472	0.11182	-0.226	0.226
   473	0.0865811	-0.226	0.226
   474	0.115219	-0.226	0.226
   475	0.113218	-0.226	0.226
   476	0.0831077	-0.226	0.226
   477	0.105601	-0.226	0.226
   478	0.0860723	-0.226	0.226
   479	0.113869	-0.226	0.226
   480	0.0725056	-0.226	0.226
   481	0.107856	-0.226	0.226
   482	0.105721	-0.226	0.226
   483	0.0555795	-0.226	0.226
   484	0.115486	-0.226	0.226
   485	0.10263	-0.226	0.226
   486	0.0981151	-0.226	0.226
   487	0.0875228	-0.226	0.226
   488	0.0784278	-0.226	0.226
   489	0.0957343	-0.226	0.226
   490	0.0846339	-0.226	0.226
   491	0.107201	-0.226	0.226
   492	0.110918	-0.226	0.226
   493	0.0710294	-0.226	0.226
   494	0.0823293	-0.226	0.226
   495	0.104418	-0.226	0.226
   496	0.114782	-0.226	0.226
   497	0.104734	-0.226	0.226
   498	0.102499	-0.226	0.226
   499	0.0938398	-0.226	0.226
   500	0.113136	-0.226	0.226
   501	0.0906052	-0.226	0.226
   502	0.0865949	-0.226	0.226
   503	0.0997843	-0.226	0.226
   504	0.116278	-0.226	0.226
   505	0.0971765	-0.226	0.226
   506	0.0920753	-0.226	0.226
   507	0.0829782	-0.226	0.226
   508	0.0907291	-0.226	0.226
   509	0.113661	-0.226	0.226
   510	0.0828066	-0.226	0.226
   511	0.0423635	-0.226	0.226
   512	0.101235	-0.226	0.226
   513	0.0734066	-0.226	0.226
   514	0.113702	-0.226	0.226
   515	0.0819081	-0.226	0.226
   516	0.092119	-0.226	0.226
   517	0.110624	-0.226	0.226
   518	0.0812276	-0.226	0.226
   519	0.0710522	-0.226	0.226
   520	0.0769421	-0.226	0.226
   521	0.113573	-0.226	0.226
   522	0.0461891	-0.226	0.226
   523	0.100266	-0.226	0.226
   524	0.0960614	-0.226	0.226
   525	0.063517	-0.226	0.226
   526	0.0617226	-0.226	0.226
   527	0.108002	-0.226	0.226
   528	0.0935463	-0.226	0.226
   529	0.110967	-0.226	0.226
   530	0.105082	-0.226	0.226
   531	0.0969602	-0.226	0.226
   532	0.0961394	-0.226	0.226
   533	0.107844	-0.226	0.226
   534	0.100076	-0.226	0.226
   535	0.114516	-0.226	0.226
   536	0.102692	-0.226	0.226
   537	0.104845	-0.226	0.226
   538	0.0844284	-0.226	0.226
   539	0.0793176	-0.226	0.226
   540	0.0911832	-0.226	0.226
   541	0.053336	-0.226	0.226
   542	0.112696	-0.226	0.226
   543	0.0687959	-0.226	0.226
   544	0.0721638	-0.226	0.226
   545	0.0984799	-0.226	0.226
   546	0.0842014	-0.226	0.226
   547	0.0999318	-0.226	0.226
   548	0.0400975	-0.226	0.226
   549	0.112678	-0.226	0.226
   550	0.115314	-0.226	0.226
   551	0.107158	-0.226	0.226
   552	0.0970418	-0.226	0.226
   553	0.106919	-0.226	0.226
   554	0.0961663	-0.226	0.226
   555	0.0570833	-0.226	0.226
   556	0.0621585	-0.226	0.226
   557	0.114629	-0.226	0.226
   558	0.0970123	-0.226	0.226
   559	0.0832973	-0.226	0.226
   560	0.107627	-0.226	0.226
   561	0.0882236	-0.226	0.226
   562	0.11274	-0.226	0.226
   563	0.0549943	-0.226	0.226
   564	0.1125	-0.226	0.226
   565	0.113236	-0.226	0.226
   566	0.0708548	-0.226	0.226
   567	0.114981	-0.226	0.226
   568	0.0809576	-0.226	0.226
   569	0.111588	-0.226	0.226
   570	0.103743	-0.226	0.226
   571	0.114014	-0.226	0.226
   572	0.0957513	-0.226	0.226
   573	0.0659147	-0.226	0.226
   574	0.113399	-0.226	0.226
   575	0.109391	-0.226	0.226
   576	0.0781899	-0.226	0.226
   577	0.0918091	-0.226	0.226
   578	0.0879911	-0.226	0.226
   579	0.109896	-0.226	0.226
   580	0.0825468	-0.226	0.226
   581	0.115702	-0.226	0.226
   582	0.112364	-0.226	0.226
   583	0.0508675	-0.226	0.226
   584	0.100029	-0.226	0.226
   585	0.0802093	-0.226	0.226
   586	0.0855993	-0.226	0.226
   587	0.0983109	-0.226	0.226
   588	0.0691085	-0.226	0.226
   589	0.0766548	-0.226	0.226
   590	0.111774	-0.226	0.226
   591	0.0716672	-0.226	0.226
   592	0.102399	-0.226	0.226
   593	0.055913	-0.226	0.226
   594	0.115634	-0.226	0.226
   595	0.114203	-0.226	0.226
   596	0.114989	-0.226	0.226
   597	0.0570822	-0.226	0.226
   598	0.114648	-0.226	0.226
   599	0.0941379	-0.226	0.226
   600	0.114526	-0.226	0.226
   601	0.115516	-0.226	0.226
   602	0.0888639	-0.226	0.226
   603	0.115753	-0.226	0.226
   604	0.083758	-0.226	0.226
   605	0.102767	-0.226	0.226
   606	0.0915746	-0.226	0.226
   607	0.0919416	-0.226	0.226
   608	0.107216	-0.226	0.226
   609	0.0796719	-0.226	0.226
   610	0.1088	-0.226	0.226
   611	0.112929	-0.226	0.226
   612	0.0317175	-0.226	0.226
   613	0.0925952	-0.226	0.226
   614	0.102431	-0.226	0.226
   615	0.0898227	-0.226	0.226
   616	0.0871178	-0.226	0.226
   617	0.112438	-0.226	0.226
   618	0.107023	-0.226	0.226
   619	0.0593414	-0.226	0.226
   620	0.108604	-0.226	0.226
   621	0.103923	-0.226	0.226
   622	0.0923478	-0.226	0.226
   623	0.0789509	-0.226	0.226
   624	0.0793866	-0.226	0.226
   625	0.112248	-0.226	0.226
   626	0.109852	-0.226	0.226
   627	0.080207	-0.226	0.226
   628	0.0829234	-0.226	0.226
   629	0.0771841	-0.226	0.226
   630	0.0424149	-0.226	0.226
   631	0.0835124	-0.226	0.226
   632	0.0907604	-0.226	0.226
   633	0.0991206	-0.226	0.226
   634	0.0995017	-0.226	0.226
   635	0.0358337	-0.226	0.226
   636	0.108022	-0.226	0.226
   637	0.0783562	-0.226	0.226
   638	0.113655	-0.226	0.226
   639	0.115158	-0.226	0.226
   640	0.10054	-0.226	0.226
   641	0.0837668	-0.226	0.226
   642	0.0873204	-0.226	0.226
   643	0.0913775	-0.226	0.226
   644	0.0872322	-0.226	0.226
   645	0.115514	-0.226	0.226
   646	0.0623422	-0.226	0.226
   647	0.107137	-0.226	0.226
   648	0.0843131	-0.226	0.226
   649	0.0568457	-0.226	0.226
   650	0.0813289	-0.226	0.226
   651	0.109139	-0.226	0.226
   652	0.0774062	-0.226	0.226
   653	0.106279	-0.226	0.226
   654	0.0919604	-0.226	0.226
   655	0.0635125	-0.226	0.226
   656	0.0890013	-0.226	0.226
   657	0.0983247	-0.226	0.226
   658	0.0748604	-0.226	0.226
   659	0.101903	-0.226	0.226
   660	0.113315	-0.226	0.226
   661	0.0921949	-0.226	0.226
   662	0.113689	-0.226	0.226
   663	0.0769848	-0.226	0.226
   664	0.113872	-0.226	0.226
   665	0.109915	-0.226	0.226
   666	0.0534997	-0.226	0.226
   667	0.0717706	-0.226	0.226
   668	0.103683	-0.226	0.226
   669	0.0802305	-0.226	0.226
   670	0.0772124	-0.226	0.226
   671	0.0929734	-0.226	0.226
   672	0.109254	-0.226	0.226
   673	0.0992293	-0.226	0.226
   674	0.0741482	-0.226	0.226
   675	0.092147	-0.226	0.226
   676	0.114682	-0.226	0.226
   677	0.0924717	-0.226	0.226
   678	0.104349	-0.226	0.226
   679	0.093087	-0.226	0.226
   680	0.0894442	-0.226	0.226
   681	0.10113	-0.226	0.226
   682	0.113571	-0.226	0.226
   683	0.107495	-0.226	0.226
   684	0.114391	-0.226	0.226
   685	0.0781612	-0.226	0.226
   686	0.0816713	-0.226	0.226
   687	0.0591056	-0.226	0.226
   688	0.084167	-0.226	0.226
   689	0.0908882	-0.226	0.226
   690	0.0891291	-0.226	0.226
   691	0.107196	-0.226	0.226
   692	0.101477	-0.226	0.226
   693	0.106685	-0.226	0.226
   694	0.0956179	-0.226	0.226
   695	0.0804785	-0.226	0.226
   696	0.0592784	-0.226	0.226
   697	0.0944961	-0.226	0.226
   698	0.0491147	-0.226	0.226
   699	0.0866753	-0.226	0.226
   700	0.0819477	-0.226	0.226
   701	0.115333	-0.226	0.226
   702	0.111932	-0.226	0.226
   703	0.077695	-0.226	0.226
   704	0.101271	-0.226	0.226
   705	0.111318	-0.226	0.226
   706	0.0494816	-0.226	0.226
   707	0.113915	-0.226	0.226
   708	0.057971	-0.226	0.226
   709	0.104516	-0.226	0.226
   710	0.115238	-0.226	0.226
   711	0.101494	-0.226	0.226
   712	0.0969418	-0.226	0.226
   713	0.112206	-0.226	0.226
   714	0.11116	-0.226	0.226
   715	0.0739489	-0.226	0.226
   716	0.0647248	-0.226	0.226
   717	0.110878	-0.226	0.226
   718	0.0925687	-0.226	0.226
   719	0.104707	-0.226	0.226
   720	0.0989361	-0.226	0.226
   721	0.0420117	-0.226	0.226
   722	0.0757223	-0.226	0.226
   723	0.0615543	-0.226	0.226
   724	0.0898325	-0.226	0.226
   725	0.103078	-0.226	0.226
   726	0.108056	-0.226	0.226
   727	0.0819939	-0.226	0.226
   728	0.0857447	-0.226	0.226
   729	0.103635	-0.226	0.226
   730	0.108167	-0.226	0.226
   731	0.106044	-0.226	0.226
   732	0.110985	-0.226	0.226
   733	0.100531	-0.226	0.226
   734	0.0959614	-0.226	0.226
   735	0.109391	-0.226	0.226
   736	0.100241	-0.226	0.226
   737	0.105314	-0.226	0.226
   738	0.114355	-0.226	0.226
   739	0.115079	-0.226	0.226
   740	0.109267	-0.226	0.226
   741	0.111821	-0.226	0.226
   742	0.0599085	-0.226	0.226
   743	0.0967583	-0.226	0.226
   744	0.0965144	-0.226	0.226
   745	0.109531	-0.226	0.226
   746	0.0817488	-0.226	0.226
   747	0.114722	-0.226	0.226
   748	0.0649375	-0.226	0.226
   749	0.106804	-0.226	0.226
   750	0.111146	-0.226	0.226
   751	0.0943737	-0.226	0.226
   752	0.0930668	-0.226	0.226
   753	0.0716427	-0.226	0.226
   754	0.080417	-0.226	0.226
   755	0.106043	-0.226	0.226
   756	0.109773	-0.226	0.226
   757	0.113359	-0.226	0.226
   758	0.104495	-0.226	0.226
   759	0.0969244	-0.226	0.226
   760	0.0763526	-0.226	0.226
   761	0.0657285	-0.226	0.226
   762	0.105823	-0.226	0.226
   763	0.0590425	-0.226	0.226
   764	0.0949014	-0.226	0.226
   765	0.109386	-0.226	0.226
   766	0.0811627	-0.226	0.226
   767	0.113212	-0.226	0.226
   768	0.112914	-0.226	0.226
   769	0.0697302	-0.226	0.226
   770	0.11106	-0.226	0.226
   771	0.0962878	-0.226	0.226
   772	0.102381	-0.226	0.226
   773	0.109591	-0.226	0.226
   774	0.0838281	-0.226	0.226
   775	0.0515713	-0.226	0.226
   776	0.0745612	-0.226	0.226
   777	0.111896	-0.226	0.226
   778	0.0856322	-0.226	0.226
   779	0.0803962	-0.226	0.226
   780	0.0953624	-0.226	0.226
   781	0.113415	-0.226	0.226
   782	0.0816825	-0.226	0.226
   783	0.111501	-0.226	0.226
   784	0.0880827	-0.226	0.226
   785	0.107792	-0.226	0.226
   786	0.0904989	-0.226	0.226
   787	0.114888	-0.226	0.226
   788	0.0982458	-0.226	0.226
   789	0.072947	-0.226	0.226
   790	0.0924506	-0.226	0.226
   791	0.108697	-0.226	0.226
   792	0.0944599	-0.226	0.226
   793	0.0851764	-0.226	0.226
   794	0.103996	-0.226	0.226
   795	0.0990431	-0.226	0.226
   796	0.112805	-0.226	0.226
   797	0.107284	-0.226	0.226
   798	0.0767469	-0.226	0.226
   799	0.0998242	-0.226	0.226
   800	0.0898268	-0.226	0.226
   801	0.115168	-0.226	0.226
   802	0.0540326	-0.226	0.226
   803	0.0841404	-0.226	0.226
   804	0.11433	-0.226	0.226
   805	0.103543	-0.226	0.226
   806	0.0788023	-0.226	0.226
   807	0.105208	-0.226	0.226
   808	0.0788197	-0.226	0.226
   809	0.0851168	-0.226	0.226
   810	0.0932532	-0.226	0.226
   811	0.0659531	-0.226	0.226
   812	0.0554258	-0.226	0.226
   813	0.0774888	-0.226	0.226
   814	0.0914086	-0.226	0.226
   815	0.0565344	-0.226	0.226
   816	0.0699763	-0.226	0.226
   817	0.0989906	-0.226	0.226
   818	0.0817404	-0.226	0.226
   819	0.0873364	-0.226	0.226
   820	0.108001	-0.226	0.226
   821	0.0943761	-0.226	0.226
   822	0.0839867	-0.226	0.226
   823	0.109296	-0.226	0.226
   824	0.04821	-0.226	0.226
   825	0.0771436	-0.226	0.226
   826	0.0907388	-0.226	0.226
   827	0.110767	-0.226	0.226
   828	0.109917	-0.226	0.226
   829	0.101199	-0.226	0.226
   830	0.0823954	-0.226	0.226
   831	0.0915036	-0.226	0.226
   832	0.0608831	-0.226	0.226
   833	0.0944651	-0.226	0.226
   834	0.0629542	-0.226	0.226
   835	0.0879846	-0.226	0.226
   836	0.100591	-0.226	0.226
   837	0.0752198	-0.226	0.226
   838	0.0843147	-0.226	0.226
   839	0.0867165	-0.226	0.226
   840	0.0683398	-0.226	0.226
   841	0.111719	-0.226	0.226
   842	0.107156	-0.226	0.226
   843	0.076743	-0.226	0.226
   844	0.108012	-0.226	0.226
   845	0.111417	-0.226	0.226
   846	0.115153	-0.226	0.226
   847	0.101548	-0.226	0.226
   848	0.106677	-0.226	0.226
   849	0.105525	-0.226	0.226
   850	0.0923956	-0.226	0.226
   851	0.0966574	-0.226	0.226
   852	0.0980365	-0.226	0.226
   853	0.0545554	-0.226	0.226
   854	0.0698014	-0.226	0.226
   855	0.0988809	-0.226	0.226
   856	0.113335	-0.226	0.226
   857	0.096759	-0.226	0.226
   858	0.107455	-0.226	0.226
   859	0.106013	-0.226	0.226
   860	0.11139	-0.226	0.226
   861	0.08281	-0.226	0.226
   862	0.113863	-0.226	0.226
   863	0.107862	-0.226	0.226
   864	0.0796884	-0.226	0.226
   865	0.0842203	-0.226	0.226
   866	0.0797643	-0.226	0.226
   867	0.071775	-0.226	0.226
   868	0.0946104	-0.226	0.226
   869	0.0712097	-0.226	0.226
   870	0.07342	-0.226	0.226
   871	0.111777	-0.226	0.226
   872	0.0804561	-0.226	0.226
   873	0.0888876	-0.226	0.226
   874	0.0825602	-0.226	0.226
   875	0.0897613	-0.226	0.226
   876	0.0879403	-0.226	0.226
   877	0.102705	-0.226	0.226
   878	0.106325	-0.226	0.226
   879	0.094723	-0.226	0.226
   880	0.106024	-0.226	0.226
   881	0.0670972	-0.226	0.226
   882	0.0591613	-0.226	0.226
   883	0.0662818	-0.226	0.226
   884	0.109721	-0.226	0.226
   885	0.115081	-0.226	0.226
   886	0.105853	-0.226	0.226
   887	0.107834	-0.226	0.226
   888	0.0968272	-0.226	0.226
   889	0.0789227	-0.226	0.226
   890	0.10079	-0.226	0.226
   891	0.0217189	-0.226	0.226
   892	0.115561	-0.226	0.226
   893	0.090981	-0.226	0.226
   894	0.0712977	-0.226	0.226
   895	0.0995261	-0.226	0.226
   896	0.0859491	-0.226	0.226
   897	0.113684	-0.226	0.226
   898	0.107162	-0.226	0.226
   899	0.108727	-0.226	0.226
   900	0.103717	-0.226	0.226
   901	0.0806636	-0.226	0.226
   902	0.096642	-0.226	0.226
   903	0.0557767	-0.226	0.226
   904	0.0912259	-0.226	0.226
   905	0.104501	-0.226	0.226
   906	0.0510735	-0.226	0.226
   907	0.101004	-0.226	0.226
   908	0.0903803	-0.226	0.226
   909	0.0657017	-0.226	0.226
   910	0.111994	-0.226	0.226
   911	0.077829	-0.226	0.226
   912	0.0863024	-0.226	0.226
   913	0.0974448	-0.226	0.226
   914	0.0978199	-0.226	0.226
   915	0.0852204	-0.226	0.226
   916	0.115208	-0.226	0.226
   917	0.105421	-0.226	0.226
   918	0.054721	-0.226	0.226
   919	0.0746559	-0.226	0.226
   920	0.0994242	-0.226	0.226
   921	0.086125	-0.226	0.226
   922	0.064716	-0.226	0.226
   923	0.0953419	-0.226	0.226
   924	0.0843694	-0.226	0.226
   925	0.101765	-0.226	0.226
   926	0.111026	-0.226	0.226
   927	0.0647861	-0.226	0.226
   928	0.0485678	-0.226	0.226
   929	0.0698567	-0.226	0.226
   930	0.108288	-0.226	0.226
   931	0.0883823	-0.226	0.226
   932	0.0718925	-0.226	0.226
   933	0.0863382	-0.226	0.226
   934	0.0664304	-0.226	0.226
   935	0.0913997	-0.226	0.226
   936	0.0813442	-0.226	0.226
   937	0.104797	-0.226	0.226
   938	0.0454382	-0.226	0.226
   939	0.101516	-0.226	0.226
   940	0.0444376	-0.226	0.226
   941	0.112486	-0.226	0.226
   942	0.0607463	-0.226	0.226
   943	0.10561	-0.226	0.226
   944	0.103044	-0.226	0.226
   945	0.0946332	-0.226	0.226
   946	0.10929	-0.226	0.226
   947	0.0358878	-0.226	0.226
   948	0.0859427	-0.226	0.226
   949	0.110189	-0.226	0.226
   950	0.0958724	-0.226	0.226
   951	0.0958561	-0.226	0.226
   952	0.0614997	-0.226	0.226
   953	0.0933054	-0.226	0.226
   954	0.0995382	-0.226	0.226
   955	0.091509	-0.226	0.226
   956	0.0794138	-0.226	0.226
   957	0.0983902	-0.226	0.226
   958	0.106557	-0.226	0.226
   959	0.115362	-0.226	0.226
   960	0.0997749	-0.226	0.226
   961	0.048069	-0.226	0.226
   962	0.0977405	-0.226	0.226
   963	0.0894584	-0.226	0.226
   964	0.0918211	-0.226	0.226
   965	0.0883968	-0.226	0.226
   966	0.10789	-0.226	0.226
   967	0.109051	-0.226	0.226
   968	0.074821	-0.226	0.226
   969	0.101819	-0.226	0.226
   970	0.105429	-0.226	0.226
   971	0.0853004	-0.226	0.226
   972	0.106838	-0.226	0.226
   973	0.103678	-0.226	0.226
   974	0.104607	-0.226	0.226
   975	0.0487133	-0.226	0.226
   976	0.108173	-0.226	0.226
   977	0.0979384	-0.226	0.226
   978	0.10708	-0.226	0.226
   979	0.0804263	-0.226	0.226
   980	0.1058	-0.226	0.226
   981	0.10375	-0.226	0.226
   982	0.0988863	-0.226	0.226
   983	0.0718463	-0.226	0.226
   984	0.0935126	-0.226	0.226
   985	0.101791	-0.226	0.226
   986	0.106384	-0.226	0.226
   987	0.0600444	-0.226	0.226
   988	0.100509	-0.226	0.226
   989	0.0954747	-0.226	0.226
   990	0.107313	-0.226	0.226
   991	0.115389	-0.226	0.226
   992	0.112276	-0.226	0.226
   993	0.0789111	-0.226	0.226
   994	0.0428413	-0.226	0.226
   995	0.112874	-0.226	0.226
   996	0.0810684	-0.226	0.226
   997	0.053829	-0.226	0.226
   998	0.0933693	-0.226	0.226
   999	0.110321	-0.226	0.226
  1000	0.11006	-0.226	0.226
  1001	0.0814459	-0.226	0.226
  1002	0.112015	-0.226	0.226
  1003	0.0834731	-0.226	0.226
  1004	0.110894	-0.226	0.226
  1005	0.0830283	-0.226	0.226
  1006	0.0614782	-0.226	0.226
  1007	0.101064	-0.226	0.226
  1008	0.076325	-0.226	0.226
  1009	0.105326	-0.226	0.226
  1010	0.101504	-0.226	0.226
  1011	0.0876027	-0.226	0.226
  1012	0.0569785	-0.226	0.226
  1013	0.112482	-0.226	0.226
  1014	0.0446701	-0.226	0.226
  1015	0.113503	-0.226	0.226
  1016	0.0702814	-0.226	0.226
  1017	0.0765537	-0.226	0.226
  1018	0.113091	-0.226	0.226
  1019	0.102812	-0.226	0.226
  1020	0.113712	-0.226	0.226
  1021	0.0671044	-0.226	0.226
  1022	0.0823937	-0.226	0.226
  1023	0.101774	-0.226	0.226
  1024	0.0738374	-0.226	0.226
  1025	0.107824	-0.226	0.226
  1026	0.102197	-0.226	0.226
  1027	0.108046	-0.226	0.226
  1028	0.0782354	-0.226	0.226
  1029	0.094581	-0.226	0.226
  1030	0.11072	-0.226	0.226
  1031	0.087731	-0.226	0.226
  1032	0.0916968	-0.226	0.226
  1033	0.103862	-0.226	0.226
  1034	0.0744823	-0.226	0.226
  1035	0.10563	-0.226	0.226
  1036	0.0818663	-0.226	0.226
  1037	0.055254	-0.226	0.226
  1038	0.0640713	-0.226	0.226
  1039	0.105988	-0.226	0.226
  1040	0.0852918	-0.226	0.226
  1041	0.0746323	-0.226	0.226
  1042	0.0723103	-0.226	0.226
  1043	0.0841813	-0.226	0.226
  1044	0.092811	-0.226	0.226
  1045	0.109466	-0.226	0.226
  1046	0.0751449	-0.226	0.226
  1047	0.0863259	-0.226	0.226
  1048	0.114822	-0.226	0.226
  1049	0.0816152	-0.226	0.226
  1050	0.102762	-0.226	0.226
  1051	0.0738707	-0.226	0.226
  1052	0.0487741	-0.226	0.226
  1053	0.0848559	-0.226	0.226
  1054	0.0998325	-0.226	0.226
  1055	0.112991	-0.226	0.226
  1056	0.0935448	-0.226	0.226
  1057	0.111883	-0.226	0.226
  1058	0.107021	-0.226	0.226
  1059	0.0916528	-0.226	0.226
  1060	0.100675	-0.226	0.226
  1061	0.085499	-0.226	0.226
  1062	0.0834718	-0.226	0.226
  1063	0.107224	-0.226	0.226
  1064	0.0946674	-0.226	0.226
  1065	0.0910216	-0.226	0.226
  1066	0.038595	-0.226	0.226
  1067	0.0734628	-0.226	0.226
  1068	0.096875	-0.226	0.226
  1069	0.0731722	-0.226	0.226
  1070	0.0846533	-0.226	0.226
  1071	0.10805	-0.226	0.226
  1072	0.0969938	-0.226	0.226
  1073	0.112511	-0.226	0.226
  1074	0.112978	-0.226	0.226
  1075	0.104189	-0.226	0.226
  1076	0.0854622	-0.226	0.226
  1077	0.105031	-0.226	0.226
  1078	0.0966347	-0.226	0.226
  1079	0.078118	-0.226	0.226
  1080	0.0755871	-0.226	0.226
  1081	0.0895117	-0.226	0.226
  1082	0.0973571	-0.226	0.226
  1083	0.101863	-0.226	0.226
  1084	0.0509675	-0.226	0.226
  1085	0.115754	-0.226	0.226
  1086	0.0912282	-0.226	0.226
  1087	0.0866494	-0.226	0.226
  1088	0.0847147	-0.226	0.226
  1089	0.0993404	-0.226	0.226
  1090	0.112537	-0.226	0.226
  1091	0.108789	-0.226	0.226
  1092	0.0934789	-0.226	0.226
  1093	0.06504	-0.226	0.226
  1094	0.11331	-0.226	0.226
  1095	0.0866962	-0.226	0.226
  1096	0.0948869	-0.226	0.226
  1097	0.113181	-0.226	0.226
  1098	0.0885622	-0.226	0.226
  1099	0.102636	-0.226	0.226
  1100	0.0936598	-0.226	0.226
  1101	0.0850287	-0.226	0.226
  1102	0.0830468	-0.226	0.226
  1103	0.101089	-0.226	0.226
  1104	0.113575	-0.226	0.226
  1105	0.0875308	-0.226	0.226
  1106	0.0746446	-0.226	0.226
  1107	0.096297	-0.226	0.226
  1108	0.114624	-0.226	0.226
  1109	0.106358	-0.226	0.226
  1110	0.0773093	-0.226	0.226
  1111	0.0698686	-0.226	0.226
  1112	0.114011	-0.226	0.226
  1113	0.111337	-0.226	0.226
  1114	0.0921249	-0.226	0.226
  1115	0.0718122	-0.226	0.226
  1116	0.0992091	-0.226	0.226
  1117	0.111316	-0.226	0.226
  1118	0.108	-0.226	0.226
  1119	0.0279769	-0.226	0.226
  1120	0.109868	-0.226	0.226
  1121	0.0914967	-0.226	0.226
  1122	0.108369	-0.226	0.226
  1123	0.09512	-0.226	0.226
  1124	0.0996387	-0.226	0.226
  1125	0.0971559	-0.226	0.226
  1126	0.10383	-0.226	0.226
  1127	0.0938095	-0.226	0.226
  1128	0.0766228	-0.226	0.226
  1129	0.0763975	-0.226	0.226
  1130	0.111613	-0.226	0.226
  1131	0.109581	-0.226	0.226
  1132	0.0943361	-0.226	0.226
  1133	0.106151	-0.226	0.226
  1134	0.114004	-0.226	0.226
  1135	0.110769	-0.226	0.226
  1136	0.105147	-0.226	0.226
  1137	0.109701	-0.226	0.226
  1138	0.0759778	-0.226	0.226
  1139	0.0779176	-0.226	0.226
  1140	0.112424	-0.226	0.226
  1141	0.0731526	-0.226	0.226
  1142	0.0649621	-0.226	0.226
  1143	0.112398	-0.226	0.226
  1144	0.098355	-0.226	0.226
  1145	0.108792	-0.226	0.226
  1146	0.109284	-0.226	0.226
  1147	0.111552	-0.226	0.226
  1148	0.0815883	-0.226	0.226
  1149	0.0862811	-0.226	0.226
  1150	0.112571	-0.226	0.226
  1151	0.0684318	-0.226	0.226
  1152	0.0961361	-0.226	0.226
  1153	0.0617986	-0.226	0.226
  1154	0.0636295	-0.226	0.226
  1155	0.111829	-0.226	0.226
  1156	0.114153	-0.226	0.226
  1157	0.081443	-0.226	0.226
  1158	0.116408	-0.226	0.226
  1159	0.0825883	-0.226	0.226
  1160	0.0712116	-0.226	0.226
  1161	0.108257	-0.226	0.226
  1162	0.109172	-0.226	0.226
  1163	0.10328	-0.226	0.226
  1164	0.110441	-0.226	0.226
  1165	0.114225	-0.226	0.226
  1166	0.0993247	-0.226	0.226
  1167	0.113538	-0.226	0.226
  1168	0.0480226	-0.226	0.226
  1169	0.09929	-0.226	0.226
  1170	0.113711	-0.226	0.226
  1171	0.0987193	-0.226	0.226
  1172	0.105372	-0.226	0.226
  1173	0.106111	-0.226	0.226
  1174	0.105954	-0.226	0.226
  1175	0.108597	-0.226	0.226
  1176	0.103031	-0.226	0.226
  1177	0.109595	-0.226	0.226
  1178	0.0886931	-0.226	0.226
  1179	0.0708784	-0.226	0.226
  1180	0.0886968	-0.226	0.226
  1181	0.111744	-0.226	0.226
  1182	0.114216	-0.226	0.226
  1183	0.0694239	-0.226	0.226
  1184	0.0852205	-0.226	0.226
  1185	0.111754	-0.226	0.226
  1186	0.11395	-0.226	0.226
  1187	0.094545	-0.226	0.226
  1188	0.097339	-0.226	0.226
  1189	0.114511	-0.226	0.226
  1190	0.100559	-0.226	0.226
  1191	0.113279	-0.226	0.226
  1192	0.0857064	-0.226	0.226
  1193	0.0527438	-0.226	0.226
  1194	0.115505	-0.226	0.226
  1195	0.102605	-0.226	0.226
  1196	0.113566	-0.226	0.226
  1197	0.0708485	-0.226	0.226
  1198	0.114712	-0.226	0.226
  1199	0.0220411	-0.226	0.226
  1200	0.101649	-0.226	0.226
  1201	0.100468	-0.226	0.226
  1202	0.105969	-0.226	0.226
  1203	0.0949365	-0.226	0.226
  1204	0.0408599	-0.226	0.226
  1205	0.0421807	-0.226	0.226
  1206	0.0619898	-0.226	0.226
  1207	0.0872646	-0.226	0.226
  1208	0.0471531	-0.226	0.226
  1209	0.114594	-0.226	0.226
  1210	0.0856539	-0.226	0.226
  1211	0.111269	-0.226	0.226
  1212	0.0995802	-0.226	0.226
  1213	0.082751	-0.226	0.226
  1214	0.106756	-0.226	0.226
  1215	0.078677	-0.226	0.226
  1216	0.0465334	-0.226	0.226
  1217	0.106525	-0.226	0.226
  1218	0.0513679	-0.226	0.226
  1219	0.113567	-0.226	0.226
  1220	0.0958019	-0.226	0.226
  1221	0.106079	-0.226	0.226
  1222	0.0957239	-0.226	0.226
  1223	0.106368	-0.226	0.226
  1224	0.109565	-0.226	0.226
  1225	0.113048	-0.226	0.226
  1226	0.0824867	-0.226	0.226
  1227	0.0701798	-0.226	0.226
  1228	0.11408	-0.226	0.226
  1229	0.108857	-0.226	0.226
  1230	0.0870872	-0.226	0.226
  1231	0.087254	-0.226	0.226
  1232	0.0486068	-0.226	0.226
  1233	0.0997172	-0.226	0.226
  1234	0.0840579	-0.226	0.226
  1235	0.0970766	-0.226	0.226
  1236	0.108192	-0.226	0.226
  1237	0.0723801	-0.226	0.226
  1238	0.114329	-0.226	0.226
  1239	0.0330247	-0.226	0.226
  1240	0.0878855	-0.226	0.226
  1241	0.10413	-0.226	0.226
  1242	0.0973936	-0.226	0.226
  1243	0.109367	-0.226	0.226
  1244	0.100991	-0.226	0.226
  1245	0.0979874	-0.226	0.226
  1246	0.0954288	-0.226	0.226
  1247	0.111222	-0.226	0.226
  1248	0.0823745	-0.226	0.226
  1249	0.0838056	-0.226	0.226
  1250	0.114583	-0.226	0.226
  1251	0.0929917	-0.226	0.226
  1252	0.114534	-0.226	0.226
  1253	0.0969617	-0.226	0.226
  1254	0.108866	-0.226	0.226
  1255	0.112134	-0.226	0.226
  1256	0.104706	-0.226	0.226
  1257	0.0865737	-0.226	0.226
  1258	0.0929034	-0.226	0.226
  1259	0.069194	-0.226	0.226
  1260	0.0776767	-0.226	0.226
  1261	0.110455	-0.226	0.226
  1262	0.0461148	-0.226	0.226
  1263	0.110384	-0.226	0.226
  1264	0.115878	-0.226	0.226
  1265	0.111218	-0.226	0.226
  1266	0.041398	-0.226	0.226
  1267	0.0783157	-0.226	0.226
  1268	0.100532	-0.226	0.226
  1269	0.0780963	-0.226	0.226
  1270	0.0921571	-0.226	0.226
  1271	0.0955644	-0.226	0.226
  1272	0.112659	-0.226	0.226
  1273	0.0331322	-0.226	0.226
  1274	0.0792564	-0.226	0.226
  1275	0.111367	-0.226	0.226
  1276	0.063848	-0.226	0.226
  1277	0.109327	-0.226	0.226
  1278	0.0939392	-0.226	0.226
  1279	0.106507	-0.226	0.226
  1280	0.0754097	-0.226	0.226
  1281	0.0961297	-0.226	0.226
  1282	0.0561406	-0.226	0.226
  1283	0.09457	-0.226	0.226
  1284	0.0575093	-0.226	0.226
  1285	0.0873379	-0.226	0.226
  1286	0.0770512	-0.226	0.226
  1287	0.0969749	-0.226	0.226
  1288	0.0943981	-0.226	0.226
  1289	0.0741513	-0.226	0.226
  1290	0.0777526	-0.226	0.226
  1291	0.0827438	-0.226	0.226
  1292	0.104353	-0.226	0.226
  1293	0.0897248	-0.226	0.226
  1294	0.081062	-0.226	0.226
  1295	0.113079	-0.226	0.226
  1296	0.114246	-0.226	0.226
  1297	0.0966401	-0.226	0.226
  1298	0.0859482	-0.226	0.226
  1299	0.047233	-0.226	0.226
  1300	0.0739253	-0.226	0.226
  1301	0.115029	-0.226	0.226
  1302	0.0731856	-0.226	0.226
  1303	0.0823856	-0.226	0.226
  1304	0.081658	-0.226	0.226
  1305	0.0723004	-0.226	0.226
  1306	0.113794	-0.226	0.226
  1307	0.110111	-0.226	0.226
  1308	0.114047	-0.226	0.226
  1309	0.0570778	-0.226	0.226
  1310	0.0672148	-0.226	0.226
  1311	0.114187	-0.226	0.226
  1312	0.101739	-0.226	0.226
  1313	0.104704	-0.226	0.226
  1314	0.079857	-0.226	0.226
  1315	0.076962	-0.226	0.226
  1316	0.090812	-0.226	0.226
  1317	0.0570155	-0.226	0.226
  1318	0.113219	-0.226	0.226
  1319	0.101198	-0.226	0.226
  1320	0.0812642	-0.226	0.226
  1321	0.107095	-0.226	0.226
  1322	0.0820683	-0.226	0.226
  1323	0.0941283	-0.226	0.226
  1324	0.0896531	-0.226	0.226
  1325	0.107663	-0.226	0.226
  1326	0.0940506	-0.226	0.226
  1327	0.098899	-0.226	0.226
  1328	0.0916264	-0.226	0.226
  1329	0.107424	-0.226	0.226
  1330	0.0855508	-0.226	0.226
  1331	0.0842358	-0.226	0.226
  1332	0.0628209	-0.226	0.226
  1333	0.0745232	-0.226	0.226
  1334	0.111434	-0.226	0.226
  1335	0.0699786	-0.226	0.226
  1336	0.102966	-0.226	0.226
  1337	0.113316	-0.226	0.226
  1338	0.0640478	-0.226	0.226
  1339	0.097972	-0.226	0.226
  1340	0.0729122	-0.226	0.226
  1341	0.0808104	-0.226	0.226
  1342	0.0860604	-0.226	0.226
  1343	0.0996094	-0.226	0.226
  1344	0.0787582	-0.226	0.226
  1345	0.0598622	-0.226	0.226
  1346	0.114519	-0.226	0.226
  1347	0.106847	-0.226	0.226
  1348	0.0567207	-0.226	0.226
  1349	0.073888	-0.226	0.226
  1350	0.097666	-0.226	0.226
  1351	0.0829505	-0.226	0.226
  1352	0.0895218	-0.226	0.226
  1353	0.0857553	-0.226	0.226
  1354	0.102372	-0.226	0.226
  1355	0.0998159	-0.226	0.226
  1356	0.114385	-0.226	0.226
  1357	0.112349	-0.226	0.226
  1358	0.103289	-0.226	0.226
  1359	0.105545	-0.226	0.226
  1360	0.0938139	-0.226	0.226
  1361	0.0993946	-0.226	0.226
  1362	0.111766	-0.226	0.226
  1363	0.0919092	-0.226	0.226
  1364	0.105697	-0.226	0.226
  1365	0.0635623	-0.226	0.226
  1366	0.111743	-0.226	0.226
  1367	0.0989865	-0.226	0.226
  1368	0.098652	-0.226	0.226
  1369	0.085285	-0.226	0.226
  1370	0.0999249	-0.226	0.226
  1371	0.0745422	-0.226	0.226
  1372	0.0954326	-0.226	0.226
  1373	0.0957642	-0.226	0.226
  1374	0.0884849	-0.226	0.226
  1375	0.114304	-0.226	0.226
  1376	0.10824	-0.226	0.226
  1377	0.108243	-0.226	0.226
  1378	0.0946506	-0.226	0.226
  1379	0.089411	-0.226	0.226
  1380	0.0944181	-0.226	0.226
  1381	0.0967012	-0.226	0.226
  1382	0.101095	-0.226	0.226
  1383	0.0841616	-0.226	0.226
  1384	0.0609529	-0.226	0.226
  1385	0.11168	-0.226	0.226
  1386	0.115388	-0.226	0.226
  1387	0.101624	-0.226	0.226
  1388	0.0980167	-0.226	0.226
  1389	0.106754	-0.226	0.226
  1390	0.10503	-0.226	0.226
  1391	0.112214	-0.226	0.226
  1392	0.111595	-0.226	0.226
  1393	0.075663	-0.226	0.226
  1394	0.0545281	-0.226	0.226
  1395	0.109606	-0.226	0.226
  1396	0.115829	-0.226	0.226
  1397	0.0915226	-0.226	0.226
  1398	0.0795614	-0.226	0.226
  1399	0.0884542	-0.226	0.226
  1400	0.110147	-0.226	0.226
  1401	0.103053	-0.226	0.226
  1402	0.0873424	-0.226	0.226
  1403	0.113363	-0.226	0.226
  1404	0.0908432	-0.226	0.226
  1405	0.109748	-0.226	0.226
  1406	0.0898607	-0.226	0.226
  1407	0.109538	-0.226	0.226
  1408	0.107754	-0.226	0.226
  1409	0.105437	-0.226	0.226
  1410	0.0435086	-0.226	0.226
  1411	0.0585441	-0.226	0.226
  1412	0.101928	-0.226	0.226
  1413	0.0603552	-0.226	0.226
  1414	0.100631	-0.226	0.226
  1415	0.115349	-0.226	0.226
  1416	0.113866	-0.226	0.226
  1417	0.11396	-0.226	0.226
  1418	0.076453	-0.226	0.226
  1419	0.111016	-0.226	0.226
  1420	0.112281	-0.226	0.226
  1421	0.103505	-0.226	0.226
  1422	0.109405	-0.226	0.226
  1423	0.108344	-0.226	0.226
  1424	0.0590492	-0.226	0.226
  1425	0.11572	-0.226	0.226
  1426	0.0742261	-0.226	0.226
  1427	0.0790783	-0.226	0.226
  1428	0.088092	-0.226	0.226
  1429	0.0457322	-0.226	0.226
  1430	0.104697	-0.226	0.226
  1431	0.080295	-0.226	0.226
  1432	0.101867	-0.226	0.226
  1433	0.0418444	-0.226	0.226
  1434	0.0485795	-0.226	0.226
  1435	0.0609045	-0.226	0.226
  1436	0.100403	-0.226	0.226
  1437	0.094143	-0.226	0.226
  1438	0.0886304	-0.226	0.226
  1439	0.110438	-0.226	0.226
  1440	0.0682468	-0.226	0.226
  1441	0.074608	-0.226	0.226
  1442	0.0673245	-0.226	0.226
  1443	0.0890729	-0.226	0.226
  1444	0.114221	-0.226	0.226
  1445	0.0786674	-0.226	0.226
  1446	0.0952202	-0.226	0.226
  1447	0.0908498	-0.226	0.226
  1448	0.100117	-0.226	0.226
  1449	0.106727	-0.226	0.226
  1450	0.0861875	-0.226	0.226
  1451	0.0938511	-0.226	0.226
  1452	0.108367	-0.226	0.226
  1453	0.0794901	-0.226	0.226
  1454	0.104653	-0.226	0.226
  1455	0.0644578	-0.226	0.226
  1456	0.108806	-0.226	0.226
  1457	0.112228	-0.226	0.226
  1458	0.0877363	-0.226	0.226
  1459	0.0972122	-0.226	0.226
  1460	0.09045	-0.226	0.226
  1461	0.0996869	-0.226	0.226
  1462	0.0738769	-0.226	0.226
  1463	0.110333	-0.226	0.226
  1464	0.0659065	-0.226	0.226
  1465	0.111691	-0.226	0.226
  1466	0.0851096	-0.226	0.226
  1467	0.0689885	-0.226	0.226
  1468	0.0961465	-0.226	0.226
  1469	0.0909153	-0.226	0.226
  1470	0.10375	-0.226	0.226
  1471	0.079561	-0.226	0.226
  1472	0.0690977	-0.226	0.226
  1473	0.106748	-0.226	0.226
  1474	0.0926974	-0.226	0.226
  1475	0.0758824	-0.226	0.226
  1476	0.0400746	-0.226	0.226
  1477	0.110964	-0.226	0.226
  1478	0.112818	-0.226	0.226
  1479	0.111133	-0.226	0.226
  1480	0.107661	-0.226	0.226
  1481	0.0862855	-0.226	0.226
  1482	0.100746	-0.226	0.226
  1483	0.109151	-0.226	0.226
  1484	0.108206	-0.226	0.226
  1485	0.0953518	-0.226	0.226
  1486	0.0946737	-0.226	0.226
  1487	0.0728849	-0.226	0.226
  1488	0.101916	-0.226	0.226
  1489	0.0614091	-0.226	0.226
  1490	0.0978915	-0.226	0.226
  1491	0.0871276	-0.226	0.226
  1492	0.111119	-0.226	0.226
  1493	0.0927346	-0.226	0.226
  1494	0.103831	-0.226	0.226
  1495	0.0729673	-0.226	0.226
  1496	0.0576866	-0.226	0.226
  1497	0.114534	-0.226	0.226
  1498	0.115198	-0.226	0.226
  1499	0.108541	-0.226	0.226
  1500	0.102205	-0.226	0.226
  1501	0.0633415	-0.226	0.226
  1502	0.0890907	-0.226	0.226
  1503	0.0949368	-0.226	0.226
  1504	0.0633333	-0.226	0.226
  1505	0.0724595	-0.226	0.226
  1506	0.102171	-0.226	0.226
  1507	0.0634032	-0.226	0.226
  1508	0.075851	-0.226	0.226
  1509	0.105753	-0.226	0.226
  1510	0.0805485	-0.226	0.226
  1511	0.108582	-0.226	0.226
  1512	0.110149	-0.226	0.226
  1513	0.0883186	-0.226	0.226
  1514	0.0535031	-0.226	0.226
  1515	0.114571	-0.226	0.226
  1516	0.103473	-0.226	0.226
  1517	0.0966011	-0.226	0.226
  1518	0.0904425	-0.226	0.226
  1519	0.0392487	-0.226	0.226
  1520	0.0728919	-0.226	0.226
  1521	0.0783914	-0.226	0.226
  1522	0.109271	-0.226	0.226
  1523	0.114369	-0.226	0.226
  1524	0.0999217	-0.226	0.226
  1525	0.103962	-0.226	0.226
  1526	0.108272	-0.226	0.226
  1527	0.11453	-0.226	0.226
  1528	0.107767	-0.226	0.226
  1529	0.0951786	-0.226	0.226
  1530	0.0846256	-0.226	0.226
  1531	0.0708532	-0.226	0.226
  1532	0.114771	-0.226	0.226
  1533	0.114325	-0.226	0.226
  1534	0.0514097	-0.226	0.226
  1535	0.111405	-0.226	0.226
  1536	0.101556	-0.226	0.226
  1537	0.113234	-0.226	0.226
  1538	0.0911443	-0.226	0.226
  1539	0.104454	-0.226	0.226
  1540	0.069753	-0.226	0.226
  1541	0.112028	-0.226	0.226
  1542	0.101696	-0.226	0.226
  1543	0.0748414	-0.226	0.226
  1544	0.0932244	-0.226	0.226
  1545	0.110934	-0.226	0.226
  1546	0.0751843	-0.226	0.226
  1547	0.0839478	-0.226	0.226
  1548	0.101797	-0.226	0.226
  1549	0.0608392	-0.226	0.226
  1550	0.0881093	-0.226	0.226
  1551	0.0716899	-0.226	0.226
  1552	0.0813204	-0.226	0.226
  1553	0.108796	-0.226	0.226
  1554	0.10294	-0.226	0.226
  1555	0.0712196	-0.226	0.226
  1556	0.0788126	-0.226	0.226
  1557	0.105446	-0.226	0.226
  1558	0.0891291	-0.226	0.226
  1559	0.0791719	-0.226	0.226
  1560	0.0868277	-0.226	0.226
  1561	0.110331	-0.226	0.226
  1562	0.114707	-0.226	0.226
  1563	0.0917224	-0.226	0.226
  1564	0.0921823	-0.226	0.226
  1565	0.0659339	-0.226	0.226
  1566	0.0883929	-0.226	0.226
  1567	0.0969526	-0.226	0.226
  1568	0.0890613	-0.226	0.226
  1569	0.0843641	-0.226	0.226
  1570	0.115625	-0.226	0.226
  1571	0.0962025	-0.226	0.226
  1572	0.102708	-0.226	0.226
  1573	0.0975227	-0.226	0.226
  1574	0.106261	-0.226	0.226
  1575	0.10327	-0.226	0.226
  1576	0.115043	-0.226	0.226
  1577	0.100548	-0.226	0.226
  1578	0.0958744	-0.226	0.226
  1579	0.11199	-0.226	0.226
  1580	0.111327	-0.226	0.226
  1581	0.065629	-0.226	0.226
  1582	0.10139	-0.226	0.226
  1583	0.0949066	-0.226	0.226
  1584	0.0693491	-0.226	0.226
  1585	0.114169	-0.226	0.226
  1586	0.109491	-0.226	0.226
  1587	0.107846	-0.226	0.226
  1588	0.103875	-0.226	0.226
  1589	0.0459301	-0.226	0.226
  1590	0.0863417	-0.226	0.226
  1591	0.0708173	-0.226	0.226
  1592	0.0737958	-0.226	0.226
  1593	0.115411	-0.226	0.226
  1594	0.102402	-0.226	0.226
  1595	0.115584	-0.226	0.226
  1596	0.0697214	-0.226	0.226
  1597	0.0991982	-0.226	0.226
  1598	0.098258	-0.226	0.226
  1599	0.102139	-0.226	0.226
  1600	0.0651719	-0.226	0.226
  1601	0.112612	-0.226	0.226
  1602	0.0672029	-0.226	0.226
  1603	0.11277	-0.226	0.226
  1604	0.0578923	-0.226	0.226
  1605	0.0988087	-0.226	0.226
  1606	0.0839889	-0.226	0.226
  1607	0.115538	-0.226	0.226
  1608	0.079836	-0.226	0.226
  1609	0.10014	-0.226	0.226
  1610	0.114598	-0.226	0.226
  1611	0.111713	-0.226	0.226
  1612	0.0741671	-0.226	0.226
  1613	0.107923	-0.226	0.226
  1614	0.11531	-0.226	0.226
  1615	0.100998	-0.226	0.226
  1616	0.0833463	-0.226	0.226
  1617	0.108231	-0.226	0.226
  1618	0.0931801	-0.226	0.226
  1619	0.112348	-0.226	0.226
  1620	0.115581	-0.226	0.226
  1621	0.0584751	-0.226	0.226
  1622	0.100645	-0.226	0.226
  1623	0.11501	-0.226	0.226
  1624	0.115682	-0.226	0.226
  1625	0.0754216	-0.226	0.226
  1626	0.0996046	-0.226	0.226
  1627	0.109956	-0.226	0.226
  1628	0.0627406	-0.226	0.226
  1629	0.115279	-0.226	0.226
  1630	0.0819452	-0.226	0.226
  1631	0.111876	-0.226	0.226
  1632	0.116564	-0.226	0.226
  1633	0.0991974	-0.226	0.226
  1634	0.104768	-0.226	0.226
  1635	0.0581546	-0.226	0.226
  1636	0.0870654	-0.226	0.226
  1637	0.0759375	-0.226	0.226
  1638	0.102476	-0.226	0.226
  1639	0.078651	-0.226	0.226
  1640	0.0632673	-0.226	0.226
  1641	0.101751	-0.226	0.226
  1642	0.082679	-0.226	0.226
  1643	0.102248	-0.226	0.226
  1644	0.0782144	-0.226	0.226
  1645	0.0986751	-0.226	0.226
  1646	0.0914102	-0.226	0.226
  1647	0.0992522	-0.226	0.226
  1648	0.0705669	-0.226	0.226
  1649	0.0864514	-0.226	0.226
  1650	0.0754495	-0.226	0.226
  1651	0.0879973	-0.226	0.226
  1652	0.0966033	-0.226	0.226
  1653	0.095269	-0.226	0.226
  1654	0.113846	-0.226	0.226
  1655	0.109941	-0.226	0.226
  1656	0.0576329	-0.226	0.226
  1657	0.104942	-0.226	0.226
  1658	0.08731	-0.226	0.226
  1659	0.105293	-0.226	0.226
  1660	0.105167	-0.226	0.226
  1661	0.09168	-0.226	0.226
  1662	0.113103	-0.226	0.226
  1663	0.112461	-0.226	0.226
  1664	0.0554393	-0.226	0.226
  1665	0.11383	-0.226	0.226
  1666	0.0666399	-0.226	0.226
  1667	0.114044	-0.226	0.226
  1668	0.0902654	-0.226	0.226
  1669	0.106079	-0.226	0.226
  1670	0.0576085	-0.226	0.226
  1671	0.0952727	-0.226	0.226
  1672	0.0979488	-0.226	0.226
  1673	0.0835816	-0.226	0.226
  1674	0.102131	-0.226	0.226
  1675	0.110567	-0.226	0.226
  1676	0.105088	-0.226	0.226
  1677	0.0889939	-0.226	0.226
  1678	0.100326	-0.226	0.226
  1679	0.0550095	-0.226	0.226
  1680	0.115148	-0.226	0.226
  1681	0.061342	-0.226	0.226
  1682	0.0913913	-0.226	0.226
  1683	0.0786422	-0.226	0.226
  1684	0.0876046	-0.226	0.226
  1685	0.0975743	-0.226	0.226
  1686	0.0512154	-0.226	0.226
  1687	0.109356	-0.226	0.226
  1688	0.0480592	-0.226	0.226
  1689	0.0658156	-0.226	0.226
  1690	0.109209	-0.226	0.226
  1691	0.114388	-0.226	0.226
  1692	0.110581	-0.226	0.226
  1693	0.0937157	-0.226	0.226
  1694	0.0852492	-0.226	0.226
  1695	0.114672	-0.226	0.226
  1696	0.0758851	-0.226	0.226
  1697	0.0994315	-0.226	0.226
  1698	0.11031	-0.226	0.226
  1699	0.106086	-0.226	0.226
  1700	0.103149	-0.226	0.226
  1701	0.0881164	-0.226	0.226
  1702	0.0981714	-0.226	0.226
  1703	0.107862	-0.226	0.226
  1704	0.103175	-0.226	0.226
  1705	0.100518	-0.226	0.226
  1706	0.114599	-0.226	0.226
  1707	0.0959508	-0.226	0.226
  1708	0.0870795	-0.226	0.226
  1709	0.104055	-0.226	0.226
  1710	0.0913622	-0.226	0.226
  1711	0.10198	-0.226	0.226
  1712	0.0731856	-0.226	0.226
  1713	0.0954083	-0.226	0.226
  1714	0.103598	-0.226	0.226
  1715	0.0937879	-0.226	0.226
  1716	0.107884	-0.226	0.226
  1717	0.0940516	-0.226	0.226
  1718	0.0931918	-0.226	0.226
  1719	0.112373	-0.226	0.226
  1720	0.0828268	-0.226	0.226
  1721	0.0819451	-0.226	0.226
  1722	0.107613	-0.226	0.226
  1723	0.114436	-0.226	0.226
  1724	0.0983067	-0.226	0.226
  1725	0.106731	-0.226	0.226
  1726	0.113042	-0.226	0.226
  1727	0.0664984	-0.226	0.226
  1728	0.089534	-0.226	0.226
  1729	0.114524	-0.226	0.226
  1730	0.105561	-0.226	0.226
  1731	0.0695577	-0.226	0.226
  1732	0.107139	-0.226	0.226
  1733	0.0973988	-0.226	0.226
  1734	0.0985075	-0.226	0.226
  1735	0.103408	-0.226	0.226
  1736	0.081928	-0.226	0.226
  1737	0.100882	-0.226	0.226
  1738	0.11494	-0.226	0.226
  1739	0.112411	-0.226	0.226
  1740	0.0683644	-0.226	0.226
  1741	0.112995	-0.226	0.226
  1742	0.106165	-0.226	0.226
  1743	0.104639	-0.226	0.226
  1744	0.0670149	-0.226	0.226
  1745	0.115398	-0.226	0.226
  1746	0.0843872	-0.226	0.226
  1747	0.107523	-0.226	0.226
  1748	0.113356	-0.226	0.226
  1749	0.112481	-0.226	0.226
  1750	0.0887768	-0.226	0.226
  1751	0.115304	-0.226	0.226
  1752	0.0899401	-0.226	0.226
  1753	0.0831651	-0.226	0.226
  1754	0.0703582	-0.226	0.226
  1755	0.109255	-0.226	0.226
  1756	0.0924215	-0.226	0.226
  1757	0.109818	-0.226	0.226
  1758	0.109666	-0.226	0.226
  1759	0.099168	-0.226	0.226
  1760	0.107975	-0.226	0.226
  1761	0.0776516	-0.226	0.226
  1762	0.104785	-0.226	0.226
  1763	0.0590809	-0.226	0.226
  1764	0.11412	-0.226	0.226
  1765	0.107106	-0.226	0.226
  1766	0.108568	-0.226	0.226
  1767	0.109367	-0.226	0.226
  1768	0.101407	-0.226	0.226
  1769	0.110396	-0.226	0.226
  1770	0.0686902	-0.226	0.226
  1771	0.0793054	-0.226	0.226
  1772	0.10282	-0.226	0.226
  1773	0.106418	-0.226	0.226
  1774	0.116161	-0.226	0.226
  1775	0.102386	-0.226	0.226
  1776	0.0948183	-0.226	0.226
  1777	0.113389	-0.226	0.226
  1778	0.0887022	-0.226	0.226
  1779	0.0682225	-0.226	0.226
  1780	0.0456501	-0.226	0.226
  1781	0.0927957	-0.226	0.226
  1782	0.105977	-0.226	0.226
  1783	0.110536	-0.226	0.226
  1784	0.0702756	-0.226	0.226
  1785	0.114162	-0.226	0.226
  1786	0.101554	-0.226	0.226
  1787	0.106576	-0.226	0.226
  1788	0.0886628	-0.226	0.226
  1789	0.111191	-0.226	0.226
  1790	0.110498	-0.226	0.226
  1791	0.0922274	-0.226	0.226
  1792	0.0937258	-0.226	0.226
  1793	0.112466	-0.226	0.226
  1794	0.100205	-0.226	0.226
  1795	0.0877712	-0.226	0.226
  1796	0.109836	-0.226	0.226
  1797	0.0781635	-0.226	0.226
  1798	0.0818176	-0.226	0.226
  1799	0.0848466	-0.226	0.226
  1800	0.0908281	-0.226	0.226
  1801	0.0922105	-0.226	0.226
  1802	0.0958389	-0.226	0.226
  1803	0.0814848	-0.226	0.226
  1804	0.105265	-0.226	0.226
  1805	0.102187	-0.226	0.226
  1806	0.0901429	-0.226	0.226
  1807	0.0844311	-0.226	0.226
  1808	0.092787	-0.226	0.226
  1809	0.115095	-0.226	0.226
  1810	0.100286	-0.226	0.226
  1811	0.0571767	-0.226	0.226
  1812	0.103597	-0.226	0.226
  1813	0.0984365	-0.226	0.226
  1814	0.101231	-0.226	0.226
  1815	0.116273	-0.226	0.226
  1816	0.10758	-0.226	0.226
  1817	0.0927678	-0.226	0.226
  1818	0.105925	-0.226	0.226
  1819	0.105926	-0.226	0.226
  1820	0.087353	-0.226	0.226
  1821	0.10797	-0.226	0.226
  1822	0.087983	-0.226	0.226
  1823	0.115199	-0.226	0.226
  1824	0.110831	-0.226	0.226
  1825	0.0998031	-0.226	0.226
  1826	0.101444	-0.226	0.226
  1827	0.11295	-0.226	0.226
  1828	0.0936137	-0.226	0.226
  1829	0.0936603	-0.226	0.226
  1830	0.107575	-0.226	0.226
  1831	0.0768542	-0.226	0.226
  1832	0.0633403	-0.226	0.226
  1833	0.0814726	-0.226	0.226
  1834	0.107499	-0.226	0.226
  1835	0.112937	-0.226	0.226
  1836	0.11543	-0.226	0.226
  1837	0.0664329	-0.226	0.226
  1838	0.0996131	-0.226	0.226
  1839	0.114103	-0.226	0.226
  1840	0.101497	-0.226	0.226
  1841	0.0910081	-0.226	0.226
  1842	0.114066	-0.226	0.226
  1843	0.108514	-0.226	0.226
  1844	0.0978346	-0.226	0.226
  1845	0.0899707	-0.226	0.226
  1846	0.0948422	-0.226	0.226
  1847	0.0971189	-0.226	0.226
  1848	0.0978598	-0.226	0.226
  1849	0.0824542	-0.226	0.226
  1850	0.100883	-0.226	0.226
  1851	0.102731	-0.226	0.226
  1852	0.114314	-0.226	0.226
  1853	0.0790066	-0.226	0.226
  1854	0.0803787	-0.226	0.226
  1855	0.113992	-0.226	0.226
  1856	0.0720946	-0.226	0.226
  1857	0.0963696	-0.226	0.226
  1858	0.111883	-0.226	0.226
  1859	0.0940399	-0.226	0.226
  1860	0.102076	-0.226	0.226
  1861	0.0695979	-0.226	0.226
  1862	0.11519	-0.226	0.226
  1863	0.115619	-0.226	0.226
  1864	0.111741	-0.226	0.226
  1865	0.0819658	-0.226	0.226
  1866	0.110833	-0.226	0.226
  1867	0.0974701	-0.226	0.226
  1868	0.114631	-0.226	0.226
  1869	0.0521383	-0.226	0.226
  1870	0.113076	-0.226	0.226
  1871	0.114239	-0.226	0.226
  1872	0.0902405	-0.226	0.226
  1873	0.100412	-0.226	0.226
  1874	0.0844498	-0.226	0.226
  1875	0.0918373	-0.226	0.226
  1876	0.0824573	-0.226	0.226
  1877	0.0775664	-0.226	0.226
  1878	0.0996754	-0.226	0.226
  1879	0.103646	-0.226	0.226
  1880	0.0763662	-0.226	0.226
  1881	0.0981612	-0.226	0.226
  1882	0.0572466	-0.226	0.226
  1883	0.0385917	-0.226	0.226
  1884	0.083172	-0.226	0.226
  1885	0.075774	-0.226	0.226
  1886	0.0771209	-0.226	0.226
  1887	0.0619827	-0.226	0.226
  1888	0.105853	-0.226	0.226
  1889	0.0966737	-0.226	0.226
  1890	0.0179492	-0.226	0.226
  1891	0.112768	-0.226	0.226
  1892	0.063257	-0.226	0.226
  1893	0.0890779	-0.226	0.226
  1894	0.0740639	-0.226	0.226
  1895	0.0741718	-0.226	0.226
  1896	0.111412	-0.226	0.226
  1897	0.0992089	-0.226	0.226
  1898	0.10439	-0.226	0.226
  1899	0.0842614	-0.226	0.226
  1900	0.116022	-0.226	0.226
  1901	0.0935968	-0.226	0.226
  1902	0.0966401	-0.226	0.226
  1903	0.0961369	-0.226	0.226
  1904	0.105484	-0.226	0.226
  1905	0.115484	-0.226	0.226
  1906	0.0969864	-0.226	0.226
  1907	0.10913	-0.226	0.226
  1908	0.114583	-0.226	0.226
  1909	0.106219	-0.226	0.226
  1910	0.115469	-0.226	0.226
  1911	0.115496	-0.226	0.226
  1912	0.102706	-0.226	0.226
  1913	0.0972511	-0.226	0.226
  1914	0.0793054	-0.226	0.226
  1915	0.114436	-0.226	0.226
  1916	0.0948776	-0.226	0.226
  1917	0.109872	-0.226	0.226
  1918	0.0883888	-0.226	0.226
  1919	0.109801	-0.226	0.226
  1920	0.0835618	-0.226	0.226
  1921	0.0834519	-0.226	0.226
  1922	0.110387	-0.226	0.226
  1923	0.0737289	-0.226	0.226
  1924	0.060675	-0.226	0.226
  1925	0.0765223	-0.226	0.226
  1926	0.0986221	-0.226	0.226
  1927	0.112423	-0.226	0.226
  1928	0.0700633	-0.226	0.226
  1929	0.106419	-0.226	0.226
  1930	0.095322	-0.226	0.226
  1931	0.105331	-0.226	0.226
  1932	0.107034	-0.226	0.226
  1933	0.0970263	-0.226	0.226
  1934	0.0938769	-0.226	0.226
  1935	0.0875397	-0.226	0.226
  1936	0.0791227	-0.226	0.226
  1937	0.114174	-0.226	0.226
  1938	0.0735176	-0.226	0.226
  1939	0.0618834	-0.226	0.226
  1940	0.0289453	-0.226	0.226
  1941	0.0961241	-0.226	0.226
  1942	0.0932199	-0.226	0.226
  1943	0.0822646	-0.226	0.226
  1944	0.0740984	-0.226	0.226
  1945	0.1016	-0.226	0.226
  1946	0.10095	-0.226	0.226
  1947	0.11439	-0.226	0.226
  1948	0.103601	-0.226	0.226
  1949	0.0958754	-0.226	0.226
  1950	0.103948	-0.226	0.226
  1951	0.0885051	-0.226	0.226
  1952	0.0761249	-0.226	0.226
  1953	0.0815388	-0.226	0.226
  1954	0.0860565	-0.226	0.226
  1955	0.112887	-0.226	0.226
  1956	0.0834779	-0.226	0.226
  1957	0.115362	-0.226	0.226
  1958	0.106772	-0.226	0.226
  1959	0.115673	-0.226	0.226
  1960	0.102556	-0.226	0.226
  1961	0.108037	-0.226	0.226
  1962	0.0933907	-0.226	0.226
  1963	0.0678152	-0.226	0.226
  1964	0.0853512	-0.226	0.226
  1965	0.0893789	-0.226	0.226
  1966	0.112966	-0.226	0.226
  1967	0.0983695	-0.226	0.226
  1968	0.0621826	-0.226	0.226
  1969	0.0959195	-0.226	0.226
  1970	0.109152	-0.226	0.226
  1971	0.0706738	-0.226	0.226
  1972	0.053673	-0.226	0.226
  1973	0.0904511	-0.226	0.226
  1974	0.098915	-0.226	0.226
  1975	0.112874	-0.226	0.226
  1976	0.115	-0.226	0.226
  1977	0.100414	-0.226	0.226
  1978	0.0785383	-0.226	0.226
  1979	0.0937465	-0.226	0.226
  1980	0.0938213	-0.226	0.226
  1981	0.111311	-0.226	0.226
  1982	0.0914371	-0.226	0.226
  1983	0.0960805	-0.226	0.226
  1984	0.115796	-0.226	0.226
  1985	0.0966411	-0.226	0.226
  1986	0.0888601	-0.226	0.226
  1987	0.0684615	-0.226	0.226
  1988	0.104318	-0.226	0.226
  1989	0.104539	-0.226	0.226
  1990	0.0972129	-0.226	0.226
  1991	0.0899869	-0.226	0.226
  1992	0.0584181	-0.226	0.226
  1993	0.113877	-0.226	0.226
  1994	0.0917973	-0.226	0.226
  1995	0.0810979	-0.226	0.226
  1996	0.0597621	-0.226	0.226
  1997	0.0784809	-0.226	0.226
  1998	0.0872352	-0.226	0.226
  1999	0.0992257	-0.226	0.226
  2000	0.100651	-0.226	0.226
  2001	0.113834	-0.226	0.226
  2002	0.112437	-0.226	0.226
  2003	0.0820696	-0.226	0.226
  2004	0.114298	-0.226	0.226
  2005	0.0933297	-0.226	0.226
  2006	0.108478	-0.226	0.226
  2007	0.108372	-0.226	0.226
  2008	0.0839192	-0.226	0.226
  2009	0.100305	-0.226	0.226
  2010	0.0611509	-0.226	0.226
  2011	0.0867547	-0.226	0.226
  2012	0.10836	-0.226	0.226
  2013	0.0977363	-0.226	0.226
  2014	0.114859	-0.226	0.226
  2015	0.0923735	-0.226	0.226
  2016	0.114389	-0.226	0.226
  2017	0.109044	-0.226	0.226
  2018	0.101331	-0.226	0.226
  2019	0.0635355	-0.226	0.226
  2020	0.11584	-0.226	0.226
  2021	0.11475	-0.226	0.226
  2022	0.0760515	-0.226	0.226
  2023	0.0850911	-0.226	0.226
  2024	0.0821135	-0.226	0.226
  2025	0.113573	-0.226	0.226
  2026	0.0760059	-0.226	0.226
  2027	0.0693959	-0.226	0.226
  2028	0.112379	-0.226	0.226
  2029	0.110873	-0.226	0.226
  2030	0.0654662	-0.226	0.226
  2031	0.0808744	-0.226	0.226
  2032	0.0846158	-0.226	0.226
  2033	0.101612	-0.226	0.226
  2034	0.108402	-0.226	0.226
  2035	0.0842601	-0.226	0.226
  2036	0.0988177	-0.226	0.226
  2037	0.0723069	-0.226	0.226
  2038	0.0966769	-0.226	0.226
  2039	0.103738	-0.226	0.226
  2040	0.112811	-0.226	0.226
  2041	0.108451	-0.226	0.226
  2042	0.0857739	-0.226	0.226
  2043	0.105363	-0.226	0.226
  2044	0.0929938	-0.226	0.226
  2045	0.0509038	-0.226	0.226
  2046	0.106891	-0.226	0.226
  2047	0.0708134	-0.226	0.226
  2048	0.103016	-0.226	0.226
  2049	0.105743	-0.226	0.226
  2050	0.0974866	-0.226	0.226
  2051	0.114082	-0.226	0.226
  2052	0.0931172	-0.226	0.226
  2053	0.0792536	-0.226	0.226
  2054	0.110017	-0.226	0.226
  2055	0.0773187	-0.226	0.226
  2056	0.0649871	-0.226	0.226
  2057	0.0848289	-0.226	0.226
  2058	0.0893984	-0.226	0.226
  2059	0.0547434	-0.226	0.226
  2060	0.113107	-0.226	0.226
  2061	0.111156	-0.226	0.226
  2062	0.104235	-0.226	0.226
  2063	0.0966563	-0.226	0.226
  2064	0.0638913	-0.226	0.226
  2065	0.109784	-0.226	0.226
  2066	0.0843554	-0.226	0.226
  2067	0.0805107	-0.226	0.226
  2068	0.0877097	-0.226	0.226
  2069	0.105168	-0.226	0.226
  2070	0.0521441	-0.226	0.226
  2071	0.100678	-0.226	0.226
  2072	0.11407	-0.226	0.226
  2073	0.11154	-0.226	0.226
  2074	0.0819038	-0.226	0.226
  2075	0.105802	-0.226	0.226
  2076	0.0647823	-0.226	0.226
  2077	0.114754	-0.226	0.226
  2078	0.0740812	-0.226	0.226
  2079	0.115202	-0.226	0.226
  2080	0.0465747	-0.226	0.226
  2081	0.104872	-0.226	0.226
  2082	0.0748834	-0.226	0.226
  2083	0.11326	-0.226	0.226
  2084	0.0900266	-0.226	0.226
  2085	0.0759813	-0.226	0.226
  2086	0.102452	-0.226	0.226
  2087	0.114763	-0.226	0.226
  2088	0.0594251	-0.226	0.226
  2089	0.0992515	-0.226	0.226
  2090	0.0829661	-0.226	0.226
  2091	0.0642131	-0.226	0.226
  2092	0.0617094	-0.226	0.226
  2093	0.109417	-0.226	0.226
  2094	0.086799	-0.226	0.226
  2095	0.0798569	-0.226	0.226
  2096	0.111999	-0.226	0.226
  2097	0.0636102	-0.226	0.226
  2098	0.0860429	-0.226	0.226
  2099	0.110489	-0.226	0.226
  2100	0.115314	-0.226	0.226
  2101	0.0503058	-0.226	0.226
  2102	0.0937891	-0.226	0.226
  2103	0.0998771	-0.226	0.226
  2104	0.0961979	-0.226	0.226
  2105	0.112424	-0.226	0.226
  2106	0.108565	-0.226	0.226
  2107	0.0958809	-0.226	0.226
  2108	0.0816618	-0.226	0.226
  2109	0.116128	-0.226	0.226
  2110	0.115928	-0.226	0.226
  2111	0.0860209	-0.226	0.226
  2112	0.0997302	-0.226	0.226
  2113	0.0915512	-0.226	0.226
  2114	0.108077	-0.226	0.226
  2115	0.0744448	-0.226	0.226
  2116	0.104616	-0.226	0.226
  2117	0.0973377	-0.226	0.226
  2118	0.0886838	-0.226	0.226
  2119	0.078176	-0.226	0.226
  2120	0.110446	-0.226	0.226
  2121	0.0997258	-0.226	0.226
  2122	0.110089	-0.226	0.226
  2123	0.0938958	-0.226	0.226
  2124	0.0927938	-0.226	0.226
  2125	0.0662181	-0.226	0.226
  2126	0.0850418	-0.226	0.226
  2127	0.109926	-0.226	0.226
  2128	0.108114	-0.226	0.226
  2129	0.113812	-0.226	0.226
  2130	0.108676	-0.226	0.226
  2131	0.0847863	-0.226	0.226
  2132	0.114658	-0.226	0.226
  2133	0.0493182	-0.226	0.226
  2134	0.11454	-0.226	0.226
  2135	0.109607	-0.226	0.226
  2136	0.104974	-0.226	0.226
  2137	0.0881677	-0.226	0.226
  2138	0.0801078	-0.226	0.226
  2139	0.101546	-0.226	0.226
  2140	0.0895204	-0.226	0.226
  2141	0.114524	-0.226	0.226
  2142	0.103988	-0.226	0.226
  2143	0.105947	-0.226	0.226
  2144	0.07525	-0.226	0.226
  2145	0.0899745	-0.226	0.226
  2146	0.0802988	-0.226	0.226
  2147	0.0815536	-0.226	0.226
  2148	0.0778583	-0.226	0.226
  2149	0.0808282	-0.226	0.226
  2150	0.113195	-0.226	0.226
  2151	0.0352069	-0.226	0.226
  2152	0.0682599	-0.226	0.226
  2153	0.0992853	-0.226	0.226
  2154	0.0819396	-0.226	0.226
  2155	0.106173	-0.226	0.226
  2156	0.114936	-0.226	0.226
  2157	0.11353	-0.226	0.226
  2158	0.098309	-0.226	0.226
  2159	0.0985131	-0.226	0.226
  2160	0.0818893	-0.226	0.226
  2161	0.104193	-0.226	0.226
  2162	0.104195	-0.226	0.226
  2163	0.11178	-0.226	0.226
  2164	0.09659	-0.226	0.226
  2165	0.0582852	-0.226	0.226
  2166	0.0889557	-0.226	0.226
  2167	0.0824986	-0.226	0.226
  2168	0.108421	-0.226	0.226
  2169	0.111082	-0.226	0.226
  2170	0.0952945	-0.226	0.226
  2171	0.0778652	-0.226	0.226
  2172	0.0502418	-0.226	0.226
  2173	0.0812479	-0.226	0.226
  2174	0.0741325	-0.226	0.226
  2175	0.109912	-0.226	0.226
  2176	0.107393	-0.226	0.226
  2177	0.0793338	-0.226	0.226
  2178	0.0734111	-0.226	0.226
  2179	0.10839	-0.226	0.226
  2180	0.086577	-0.226	0.226
  2181	0.0693769	-0.226	0.226
  2182	0.0841123	-0.226	0.226
  2183	0.0761001	-0.226	0.226
  2184	0.109628	-0.226	0.226
  2185	0.0721761	-0.226	0.226
  2186	0.0630211	-0.226	0.226
  2187	0.0595316	-0.226	0.226
  2188	0.10587	-0.226	0.226
  2189	0.102107	-0.226	0.226
  2190	0.102055	-0.226	0.226
  2191	0.0628669	-0.226	0.226
  2192	0.0934097	-0.226	0.226
  2193	0.0972727	-0.226	0.226
  2194	0.0860591	-0.226	0.226
  2195	0.114412	-0.226	0.226
  2196	0.0384345	-0.226	0.226
  2197	0.0994136	-0.226	0.226
  2198	0.110233	-0.226	0.226
  2199	0.101919	-0.226	0.226
  2200	0.0899207	-0.226	0.226
  2201	0.105902	-0.226	0.226
  2202	0.0909241	-0.226	0.226
  2203	0.0850331	-0.226	0.226
  2204	0.104928	-0.226	0.226
  2205	0.0993767	-0.226	0.226
  2206	0.100998	-0.226	0.226
  2207	0.0239946	-0.226	0.226
  2208	0.11314	-0.226	0.226
  2209	0.0541427	-0.226	0.226
  2210	0.0909027	-0.226	0.226
  2211	0.0797987	-0.226	0.226
  2212	0.113094	-0.226	0.226
  2213	0.110974	-0.226	0.226
  2214	0.115743	-0.226	0.226
  2215	0.103802	-0.226	0.226
  2216	0.0793477	-0.226	0.226
  2217	0.114067	-0.226	0.226
  2218	0.111147	-0.226	0.226
  2219	0.0440923	-0.226	0.226
  2220	0.105063	-0.226	0.226
  2221	0.0792694	-0.226	0.226
  2222	0.0904084	-0.226	0.226
  2223	0.0357877	-0.226	0.226
  2224	0.0808461	-0.226	0.226
  2225	0.0955314	-0.226	0.226
  2226	0.111453	-0.226	0.226
  2227	0.0900974	-0.226	0.226
  2228	0.107822	-0.226	0.226
  2229	0.10952	-0.226	0.226
  2230	0.0651638	-0.226	0.226
  2231	0.110838	-0.226	0.226
  2232	0.0926985	-0.226	0.226
  2233	0.0578428	-0.226	0.226
  2234	0.0902233	-0.226	0.226
  2235	0.107497	-0.226	0.226
  2236	0.0757686	-0.226	0.226
  2237	0.114359	-0.226	0.226
  2238	0.0989777	-0.226	0.226
  2239	0.0527003	-0.226	0.226
  2240	0.0991736	-0.226	0.226
  2241	0.114609	-0.226	0.226
  2242	0.0955715	-0.226	0.226
  2243	0.0706475	-0.226	0.226
  2244	0.0982482	-0.226	0.226
  2245	0.0908332	-0.226	0.226
  2246	0.075812	-0.226	0.226
  2247	0.0685281	-0.226	0.226
  2248	0.0983715	-0.226	0.226
  2249	0.100571	-0.226	0.226
  2250	0.0886184	-0.226	0.226
  2251	0.106833	-0.226	0.226
  2252	0.089641	-0.226	0.226
  2253	0.114005	-0.226	0.226
  2254	0.0958696	-0.226	0.226
  2255	0.0870713	-0.226	0.226
  2256	0.0739052	-0.226	0.226
  2257	0.099832	-0.226	0.226
  2258	0.113251	-0.226	0.226
  2259	0.104296	-0.226	0.226
  2260	0.0894697	-0.226	0.226
  2261	0.0831927	-0.226	0.226
  2262	0.114133	-0.226	0.226
  2263	0.108082	-0.226	0.226
  2264	0.111179	-0.226	0.226
  2265	0.0919223	-0.226	0.226
  2266	0.081717	-0.226	0.226
  2267	0.108288	-0.226	0.226
  2268	0.109791	-0.226	0.226
  2269	0.0881595	-0.226	0.226
  2270	0.0970854	-0.226	0.226
  2271	0.0830688	-0.226	0.226
  2272	0.103833	-0.226	0.226
  2273	0.103192	-0.226	0.226
  2274	0.0980596	-0.226	0.226
  2275	0.0854407	-0.226	0.226
  2276	0.111533	-0.226	0.226
  2277	0.0987357	-0.226	0.226
  2278	0.0462845	-0.226	0.226
  2279	0.0832955	-0.226	0.226
  2280	0.107071	-0.226	0.226
  2281	0.105368	-0.226	0.226
  2282	0.0915916	-0.226	0.226
  2283	0.102898	-0.226	0.226
  2284	0.108324	-0.226	0.226
  2285	0.0837963	-0.226	0.226
  2286	0.056642	-0.226	0.226
  2287	0.110332	-0.226	0.226
  2288	0.111499	-0.226	0.226
  2289	0.0702464	-0.226	0.226
  2290	0.101165	-0.226	0.226
  2291	0.0798448	-0.226	0.226
  2292	0.104104	-0.226	0.226
  2293	0.0814632	-0.226	0.226
  2294	0.0737599	-0.226	0.226
  2295	0.107334	-0.226	0.226
  2296	0.106287	-0.226	0.226
  2297	0.0785523	-0.226	0.226
  2298	0.0756321	-0.226	0.226
  2299	0.104189	-0.226	0.226
  2300	0.103249	-0.226	0.226
  2301	0.111138	-0.226	0.226
  2302	0.0738723	-0.226	0.226
  2303	0.10573	-0.226	0.226
  2304	0.115284	-0.226	0.226
  2305	0.114756	-0.226	0.226
  2306	0.0752238	-0.226	0.226
  2307	0.112405	-0.226	0.226
  2308	0.0823453	-0.226	0.226
  2309	0.0540818	-0.226	0.226
  2310	0.107805	-0.226	0.226
  2311	0.0325026	-0.226	0.226
  2312	0.0788553	-0.226	0.226
  2313	0.112704	-0.226	0.226
  2314	0.0959452	-0.226	0.226
  2315	0.0974406	-0.226	0.226
  2316	0.100514	-0.226	0.226
  2317	0.0958123	-0.226	0.226
  2318	0.0917987	-0.226	0.226
  2319	0.0716787	-0.226	0.226
  2320	0.108819	-0.226	0.226
  2321	0.115583	-0.226	0.226
  2322	0.0994896	-0.226	0.226
  2323	0.0819884	-0.226	0.226
  2324	0.0666245	-0.226	0.226
  2325	0.108621	-0.226	0.226
  2326	0.0977763	-0.226	0.226
  2327	0.105966	-0.226	0.226
  2328	0.0868127	-0.226	0.226
  2329	0.0894706	-0.226	0.226
  2330	0.114066	-0.226	0.226
  2331	0.103184	-0.226	0.226
  2332	0.112707	-0.226	0.226
  2333	0.109282	-0.226	0.226
  2334	0.113847	-0.226	0.226
  2335	0.0745435	-0.226	0.226
  2336	0.113556	-0.226	0.226
  2337	0.0759006	-0.226	0.226
  2338	0.0940902	-0.226	0.226
  2339	0.0814472	-0.226	0.226
  2340	0.0809475	-0.226	0.226
  2341	0.08289	-0.226	0.226
  2342	0.114535	-0.226	0.226
  2343	0.0817343	-0.226	0.226
  2344	0.109665	-0.226	0.226
  2345	0.0720994	-0.226	0.226
  2346	0.0750515	-0.226	0.226
  2347	0.113356	-0.226	0.226
  2348	0.079193	-0.226	0.226
  2349	0.112089	-0.226	0.226
  2350	0.0558879	-0.226	0.226
  2351	0.107772	-0.226	0.226
  2352	0.0999878	-0.226	0.226
  2353	0.0839903	-0.226	0.226
  2354	0.109379	-0.226	0.226
  2355	0.101265	-0.226	0.226
  2356	0.0722727	-0.226	0.226
  2357	0.0695601	-0.226	0.226
  2358	0.0821674	-0.226	0.226
  2359	0.0902053	-0.226	0.226
  2360	0.0980689	-0.226	0.226
  2361	0.110274	-0.226	0.226
  2362	0.0789389	-0.226	0.226
  2363	0.0442806	-0.226	0.226
  2364	0.0814379	-0.226	0.226
  2365	0.104823	-0.226	0.226
  2366	0.109466	-0.226	0.226
  2367	0.0721421	-0.226	0.226
  2368	0.0678337	-0.226	0.226
  2369	0.0937874	-0.226	0.226
  2370	0.111708	-0.226	0.226
  2371	0.115182	-0.226	0.226
  2372	0.111478	-0.226	0.226
  2373	0.0802665	-0.226	0.226
  2374	0.0864371	-0.226	0.226
  2375	0.0986024	-0.226	0.226
  2376	0.0641821	-0.226	0.226
  2377	0.0776818	-0.226	0.226
  2378	0.107627	-0.226	0.226
  2379	0.0960133	-0.226	0.226
  2380	0.0880369	-0.226	0.226
  2381	0.110818	-0.226	0.226
  2382	0.0917547	-0.226	0.226
  2383	0.107141	-0.226	0.226
  2384	0.0742075	-0.226	0.226
  2385	0.0828981	-0.226	0.226
  2386	0.109412	-0.226	0.226
  2387	0.0860289	-0.226	0.226
  2388	0.10468	-0.226	0.226
  2389	0.111308	-0.226	0.226
  2390	0.113613	-0.226	0.226
  2391	0.104424	-0.226	0.226
  2392	0.112102	-0.226	0.226
  2393	0.104088	-0.226	0.226
  2394	0.0897164	-0.226	0.226
  2395	0.0718408	-0.226	0.226
  2396	0.10837	-0.226	0.226
  2397	0.0945308	-0.226	0.226
  2398	0.103246	-0.226	0.226
  2399	0.0787673	-0.226	0.226
  2400	0.0918336	-0.226	0.226
  2401	0.104284	-0.226	0.226
  2402	0.0651272	-0.226	0.226
  2403	0.0360653	-0.226	0.226
  2404	0.0771271	-0.226	0.226
  2405	0.0596018	-0.226	0.226
  2406	0.105739	-0.226	0.226
  2407	0.097154	-0.226	0.226
  2408	0.111286	-0.226	0.226
  2409	0.0998451	-0.226	0.226
  2410	0.0756969	-0.226	0.226
  2411	0.112077	-0.226	0.226
  2412	0.0976942	-0.226	0.226
  2413	0.0873177	-0.226	0.226
  2414	0.109645	-0.226	0.226
  2415	0.113824	-0.226	0.226
  2416	0.0701164	-0.226	0.226
  2417	0.114194	-0.226	0.226
  2418	0.0934439	-0.226	0.226
  2419	0.0716889	-0.226	0.226
  2420	0.0860132	-0.226	0.226
  2421	0.100977	-0.226	0.226
  2422	0.103483	-0.226	0.226
  2423	0.112632	-0.226	0.226
  2424	0.109504	-0.226	0.226
  2425	0.0832033	-0.226	0.226
  2426	0.113716	-0.226	0.226
  2427	0.0876459	-0.226	0.226
  2428	0.0931851	-0.226	0.226
  2429	0.102254	-0.226	0.226
  2430	0.0949063	-0.226	0.226
  2431	0.113706	-0.226	0.226
  2432	0.0901305	-0.226	0.226
  2433	0.10385	-0.226	0.226
  2434	0.104878	-0.226	0.226
  2435	0.0987394	-0.226	0.226
  2436	0.0975803	-0.226	0.226
  2437	0.0670839	-0.226	0.226
  2438	0.106192	-0.226	0.226
  2439	0.0916929	-0.226	0.226
  2440	0.0991923	-0.226	0.226
  2441	0.0928901	-0.226	0.226
  2442	0.109342	-0.226	0.226
  2443	0.108462	-0.226	0.226
  2444	0.0677572	-0.226	0.226
  2445	0.114266	-0.226	0.226
  2446	0.0943565	-0.226	0.226
  2447	0.110861	-0.226	0.226
  2448	0.0870472	-0.226	0.226
  2449	0.0960928	-0.226	0.226
  2450	0.111647	-0.226	0.226
  2451	0.0919702	-0.226	0.226
  2452	0.0703178	-0.226	0.226
  2453	0.08761	-0.226	0.226
  2454	0.103649	-0.226	0.226
  2455	0.0831465	-0.226	0.226
  2456	0.113547	-0.226	0.226
  2457	0.115152	-0.226	0.226
  2458	0.106724	-0.226	0.226
  2459	0.108181	-0.226	0.226
  2460	0.07046	-0.226	0.226
  2461	0.097324	-0.226	0.226
  2462	0.0696019	-0.226	0.226
  2463	0.103986	-0.226	0.226
  2464	0.0859399	-0.226	0.226
  2465	0.0587265	-0.226	0.226
  2466	0.105019	-0.226	0.226
  2467	0.0699675	-0.226	0.226
  2468	0.0998114	-0.226	0.226
  2469	0.113357	-0.226	0.226
  2470	0.108287	-0.226	0.226
  2471	0.0434236	-0.226	0.226
  2472	0.100561	-0.226	0.226
  2473	0.0928191	-0.226	0.226
  2474	0.0868446	-0.226	0.226
  2475	0.0918979	-0.226	0.226
  2476	0.0910227	-0.226	0.226
  2477	0.108862	-0.226	0.226
  2478	0.102798	-0.226	0.226
  2479	0.112976	-0.226	0.226
  2480	0.0974418	-0.226	0.226
  2481	0.0752725	-0.226	0.226
  2482	0.0501951	-0.226	0.226
  2483	0.0935918	-0.226	0.226
  2484	0.0769677	-0.226	0.226
  2485	0.0792445	-0.226	0.226
  2486	0.104479	-0.226	0.226
  2487	0.109632	-0.226	0.226
  2488	0.106474	-0.226	0.226
  2489	0.108919	-0.226	0.226
  2490	0.09784	-0.226	0.226
  2491	0.100551	-0.226	0.226
  2492	0.07629	-0.226	0.226
  2493	0.0731085	-0.226	0.226
  2494	0.0950671	-0.226	0.226
  2495	0.097794	-0.226	0.226
  2496	0.0908667	-0.226	0.226
  2497	0.112723	-0.226	0.226
  2498	0.0827287	-0.226	0.226
  2499	0.102878	-0.226	0.226
  2500	0.0545904	-0.226	0.226
  2501	0.0914754	-0.226	0.226
  2502	0.0819416	-0.226	0.226
  2503	0.107813	-0.226	0.226
  2504	0.108273	-0.226	0.226
  2505	0.0338972	-0.226	0.226
  2506	0.0983519	-0.226	0.226
  2507	0.113361	-0.226	0.226
  2508	0.0911869	-0.226	0.226
  2509	0.106521	-0.226	0.226
  2510	0.0936439	-0.226	0.226
  2511	0.0848966	-0.226	0.226
  2512	0.100042	-0.226	0.226
  2513	0.079063	-0.226	0.226
  2514	0.115136	-0.226	0.226
  2515	0.108394	-0.226	0.226
  2516	0.0905293	-0.226	0.226
  2517	0.0511662	-0.226	0.226
  2518	0.0873059	-0.226	0.226
  2519	0.101818	-0.226	0.226
  2520	0.0855116	-0.226	0.226
  2521	0.10346	-0.226	0.226
  2522	0.109719	-0.226	0.226
  2523	0.0770159	-0.226	0.226
  2524	0.10532	-0.226	0.226
  2525	0.112406	-0.226	0.226
  2526	0.110856	-0.226	0.226
  2527	0.114301	-0.226	0.226
  2528	0.0747786	-0.226	0.226
  2529	0.0811508	-0.226	0.226
  2530	0.0897999	-0.226	0.226
  2531	0.113607	-0.226	0.226
  2532	0.0853155	-0.226	0.226
  2533	0.0636477	-0.226	0.226
  2534	0.114117	-0.226	0.226
  2535	0.0925479	-0.226	0.226
  2536	0.0912064	-0.226	0.226
  2537	0.108647	-0.226	0.226
  2538	0.0774354	-0.226	0.226
  2539	0.114705	-0.226	0.226
  2540	0.105703	-0.226	0.226
  2541	0.0898465	-0.226	0.226
  2542	0.113115	-0.226	0.226
  2543	0.0780104	-0.226	0.226
  2544	0.092342	-0.226	0.226
  2545	0.111366	-0.226	0.226
  2546	0.104393	-0.226	0.226
  2547	0.112306	-0.226	0.226
  2548	0.116135	-0.226	0.226
  2549	0.0775057	-0.226	0.226
  2550	0.107397	-0.226	0.226
  2551	0.0783258	-0.226	0.226
  2552	0.10589	-0.226	0.226
  2553	0.0865497	-0.226	0.226
  2554	0.107237	-0.226	0.226
  2555	0.0765621	-0.226	0.226
  2556	0.0668553	-0.226	0.226
  2557	0.073149	-0.226	0.226
  2558	0.0741091	-0.226	0.226
  2559	0.0853878	-0.226	0.226
  2560	0.0706873	-0.226	0.226
  2561	0.0756751	-0.226	0.226
  2562	0.113704	-0.226	0.226
  2563	0.110055	-0.226	0.226
  2564	0.105749	-0.226	0.226
  2565	0.0995137	-0.226	0.226
  2566	0.0871089	-0.226	0.226
  2567	0.0826132	-0.226	0.226
  2568	0.0835384	-0.226	0.226
  2569	0.0697623	-0.226	0.226
  2570	0.101572	-0.226	0.226
  2571	0.105887	-0.226	0.226
  2572	0.0983924	-0.226	0.226
  2573	0.0983886	-0.226	0.226
  2574	0.0880045	-0.226	0.226
  2575	0.105713	-0.226	0.226
  2576	0.0835796	-0.226	0.226
  2577	0.075939	-0.226	0.226
  2578	0.105143	-0.226	0.226
  2579	0.107554	-0.226	0.226
  2580	0.113872	-0.226	0.226
  2581	0.103362	-0.226	0.226
  2582	0.0783182	-0.226	0.226
  2583	0.103862	-0.226	0.226
  2584	0.102004	-0.226	0.226
  2585	0.0690629	-0.226	0.226
  2586	0.102988	-0.226	0.226
  2587	0.112712	-0.226	0.226
  2588	0.0488344	-0.226	0.226
  2589	0.0785824	-0.226	0.226
  2590	0.103283	-0.226	0.226
  2591	0.0900278	-0.226	0.226
  2592	0.10348	-0.226	0.226
  2593	0.0947112	-0.226	0.226
  2594	0.11413	-0.226	0.226
  2595	0.100683	-0.226	0.226
  2596	0.0945463	-0.226	0.226
  2597	0.0825669	-0.226	0.226
  2598	0.10802	-0.226	0.226
  2599	0.104589	-0.226	0.226
  2600	0.098191	-0.226	0.226
  2601	0.0778354	-0.226	0.226
  2602	0.0829538	-0.226	0.226
  2603	0.115615	-0.226	0.226
  2604	0.112924	-0.226	0.226
  2605	0.0934458	-0.226	0.226
  2606	0.1131	-0.226	0.226
  2607	0.113146	-0.226	0.226
  2608	0.0771093	-0.226	0.226
  2609	0.114597	-0.226	0.226
  2610	0.0760613	-0.226	0.226
  2611	0.111532	-0.226	0.226
  2612	0.101535	-0.226	0.226
  2613	0.106175	-0.226	0.226
  2614	0.10441	-0.226	0.226
  2615	0.108694	-0.226	0.226
  2616	0.11415	-0.226	0.226
  2617	0.110678	-0.226	0.226
  2618	0.112988	-0.226	0.226
  2619	0.0969285	-0.226	0.226
  2620	0.115657	-0.226	0.226
  2621	0.108174	-0.226	0.226
  2622	0.113703	-0.226	0.226
  2623	0.106792	-0.226	0.226
  2624	0.0825865	-0.226	0.226
  2625	0.110428	-0.226	0.226
  2626	0.0949226	-0.226	0.226
  2627	0.0871967	-0.226	0.226
  2628	0.0633027	-0.226	0.226
  2629	0.113327	-0.226	0.226
  2630	0.0880543	-0.226	0.226
  2631	0.114947	-0.226	0.226
  2632	0.089447	-0.226	0.226
  2633	0.0950825	-0.226	0.226
  2634	0.0723858	-0.226	0.226
  2635	0.088055	-0.226	0.226
  2636	0.0956613	-0.226	0.226
  2637	0.0953546	-0.226	0.226
  2638	0.0603344	-0.226	0.226
  2639	0.0919882	-0.226	0.226
  2640	0.0931761	-0.226	0.226
  2641	0.0981144	-0.226	0.226
  2642	0.0874803	-0.226	0.226
  2643	0.101946	-0.226	0.226
  2644	0.0706868	-0.226	0.226
  2645	0.088587	-0.226	0.226
  2646	0.105609	-0.226	0.226
  2647	0.0712267	-0.226	0.226
  2648	0.106363	-0.226	0.226
  2649	0.112155	-0.226	0.226
  2650	0.0886507	-0.226	0.226
  2651	0.107595	-0.226	0.226
  2652	0.0758333	-0.226	0.226
  2653	0.0748741	-0.226	0.226
  2654	0.0759658	-0.226	0.226
  2655	0.111969	-0.226	0.226
  2656	0.106106	-0.226	0.226
  2657	0.104933	-0.226	0.226
  2658	0.0897995	-0.226	0.226
  2659	0.107995	-0.226	0.226
  2660	0.104273	-0.226	0.226
  2661	0.103446	-0.226	0.226
  2662	0.114449	-0.226	0.226
  2663	0.0952705	-0.226	0.226
  2664	0.100845	-0.226	0.226
  2665	0.112104	-0.226	0.226
  2666	0.0561836	-0.226	0.226
  2667	0.100724	-0.226	0.226
  2668	0.0876952	-0.226	0.226
  2669	0.111056	-0.226	0.226
  2670	0.0948684	-0.226	0.226
  2671	0.0677336	-0.226	0.226
  2672	0.0852379	-0.226	0.226
  2673	0.106631	-0.226	0.226
  2674	0.073887	-0.226	0.226
  2675	0.0879607	-0.226	0.226
  2676	0.0859033	-0.226	0.226
  2677	0.0878859	-0.226	0.226
  2678	0.0855752	-0.226	0.226
  2679	0.11041	-0.226	0.226
  2680	0.107789	-0.226	0.226
  2681	0.0873205	-0.226	0.226
  2682	0.11177	-0.226	0.226
  2683	0.100858	-0.226	0.226
  2684	0.0893218	-0.226	0.226
  2685	0.0774707	-0.226	0.226
  2686	0.106086	-0.226	0.226
  2687	0.0786827	-0.226	0.226
  2688	0.0675525	-0.226	0.226
  2689	0.0882801	-0.226	0.226
  2690	0.104249	-0.226	0.226
  2691	0.0876969	-0.226	0.226
  2692	0.0677139	-0.226	0.226
  2693	0.114994	-0.226	0.226
  2694	0.107636	-0.226	0.226
  2695	0.0998886	-0.226	0.226
  2696	0.0753821	-0.226	0.226
  2697	0.0960786	-0.226	0.226
  2698	0.0576637	-0.226	0.226
  2699	0.0943555	-0.226	0.226
  2700	0.0991845	-0.226	0.226
  2701	0.11087	-0.226	0.226
  2702	0.103296	-0.226	0.226
  2703	0.0594539	-0.226	0.226
  2704	0.0857813	-0.226	0.226
  2705	0.114014	-0.226	0.226
  2706	0.106354	-0.226	0.226
  2707	0.107198	-0.226	0.226
  2708	0.0843951	-0.226	0.226
  2709	0.0396768	-0.226	0.226
  2710	0.112532	-0.226	0.226
  2711	0.0926176	-0.226	0.226
  2712	0.0840938	-0.226	0.226
  2713	0.115237	-0.226	0.226
  2714	0.109595	-0.226	0.226
  2715	0.101819	-0.226	0.226
  2716	0.0744585	-0.226	0.226
  2717	0.0682745	-0.226	0.226
  2718	0.110505	-0.226	0.226
  2719	0.112178	-0.226	0.226
  2720	0.0534947	-0.226	0.226
  2721	0.0672239	-0.226	0.226
  2722	0.0749303	-0.226	0.226
  2723	0.0763993	-0.226	0.226
  2724	0.0864154	-0.226	0.226
  2725	0.0821823	-0.226	0.226
  2726	0.0944841	-0.226	0.226
  2727	0.0957012	-0.226	0.226
  2728	0.0940044	-0.226	0.226
  2729	0.0964938	-0.226	0.226
  2730	0.0729441	-0.226	0.226
  2731	0.101727	-0.226	0.226
  2732	0.103962	-0.226	0.226
  2733	0.104861	-0.226	0.226
  2734	0.11437	-0.226	0.226
  2735	0.102416	-0.226	0.226
  2736	0.109095	-0.226	0.226
  2737	0.113064	-0.226	0.226
  2738	0.0567646	-0.226	0.226
  2739	0.0942263	-0.226	0.226
  2740	0.107258	-0.226	0.226
  2741	0.0589829	-0.226	0.226
  2742	0.0893672	-0.226	0.226
  2743	0.112892	-0.226	0.226
  2744	0.110988	-0.226	0.226
  2745	0.098084	-0.226	0.226
  2746	0.0866395	-0.226	0.226
  2747	0.103173	-0.226	0.226
  2748	0.107007	-0.226	0.226
  2749	0.0990733	-0.226	0.226
  2750	0.109719	-0.226	0.226
  2751	0.0917826	-0.226	0.226
  2752	0.049653	-0.226	0.226
  2753	0.0745075	-0.226	0.226
  2754	0.0954816	-0.226	0.226
  2755	0.0875822	-0.226	0.226
  2756	0.075651	-0.226	0.226
  2757	0.0886871	-0.226	0.226
  2758	0.112896	-0.226	0.226
  2759	0.0943071	-0.226	0.226
  2760	0.10996	-0.226	0.226
  2761	0.104855	-0.226	0.226
  2762	0.0750234	-0.226	0.226
  2763	0.0687383	-0.226	0.226
  2764	0.0944933	-0.226	0.226
  2765	0.102533	-0.226	0.226
  2766	0.111203	-0.226	0.226
  2767	0.0991076	-0.226	0.226
  2768	0.104294	-0.226	0.226
  2769	0.109496	-0.226	0.226
  2770	0.109501	-0.226	0.226
  2771	0.098012	-0.226	0.226
  2772	0.11395	-0.226	0.226
  2773	0.0813952	-0.226	0.226
  2774	0.101556	-0.226	0.226
  2775	0.103384	-0.226	0.226
  2776	0.0816965	-0.226	0.226
  2777	0.0427063	-0.226	0.226
  2778	0.0939344	-0.226	0.226
  2779	0.115704	-0.226	0.226
  2780	0.112974	-0.226	0.226
  2781	0.0628039	-0.226	0.226
  2782	0.106941	-0.226	0.226
  2783	0.107323	-0.226	0.226
  2784	0.108226	-0.226	0.226
  2785	0.0846851	-0.226	0.226
  2786	0.11269	-0.226	0.226
  2787	0.0790812	-0.226	0.226
  2788	0.0845286	-0.226	0.226
  2789	0.112546	-0.226	0.226
  2790	0.113613	-0.226	0.226
  2791	0.107001	-0.226	0.226
  2792	0.0908794	-0.226	0.226
  2793	0.111315	-0.226	0.226
  2794	0.0643263	-0.226	0.226
  2795	0.104364	-0.226	0.226
  2796	0.107668	-0.226	0.226
  2797	0.103589	-0.226	0.226
  2798	0.0664753	-0.226	0.226
  2799	0.0870242	-0.226	0.226
  2800	0.10432	-0.226	0.226
  2801	0.113309	-0.226	0.226
  2802	0.0998355	-0.226	0.226
  2803	0.0847361	-0.226	0.226
  2804	0.0957005	-0.226	0.226
  2805	0.102919	-0.226	0.226
  2806	0.0912276	-0.226	0.226
  2807	0.0679871	-0.226	0.226
  2808	0.0947936	-0.226	0.226
  2809	0.0981665	-0.226	0.226
  2810	0.0959992	-0.226	0.226
  2811	0.0894733	-0.226	0.226
  2812	0.110315	-0.226	0.226
  2813	0.0947643	-0.226	0.226
  2814	0.0770188	-0.226	0.226
  2815	0.0893699	-0.226	0.226
  2816	0.0921089	-0.226	0.226
  2817	0.0583094	-0.226	0.226
  2818	0.110141	-0.226	0.226
  2819	0.0775754	-0.226	0.226
  2820	0.0472506	-0.226	0.226
  2821	0.104647	-0.226	0.226
  2822	0.0887973	-0.226	0.226
  2823	0.115629	-0.226	0.226
  2824	0.100673	-0.226	0.226
  2825	0.0626727	-0.226	0.226
  2826	0.112924	-0.226	0.226
  2827	0.107986	-0.226	0.226
  2828	0.0989198	-0.226	0.226
  2829	0.105677	-0.226	0.226
  2830	0.115134	-0.226	0.226
  2831	0.0848577	-0.226	0.226
  2832	0.112144	-0.226	0.226
  2833	0.055885	-0.226	0.226
  2834	0.0835903	-0.226	0.226
  2835	0.115135	-0.226	0.226
  2836	0.0867486	-0.226	0.226
  2837	0.0887487	-0.226	0.226
  2838	0.0884838	-0.226	0.226
  2839	0.111099	-0.226	0.226
  2840	0.10131	-0.226	0.226
  2841	0.0522672	-0.226	0.226
  2842	0.0998153	-0.226	0.226
  2843	0.0722341	-0.226	0.226
  2844	0.114137	-0.226	0.226
  2845	0.0526887	-0.226	0.226
  2846	0.110848	-0.226	0.226
  2847	0.0416679	-0.226	0.226
  2848	0.109068	-0.226	0.226
  2849	0.108938	-0.226	0.226
  2850	0.114286	-0.226	0.226
  2851	0.113875	-0.226	0.226
  2852	0.096809	-0.226	0.226
  2853	0.0986673	-0.226	0.226
  2854	0.114747	-0.226	0.226
  2855	0.113136	-0.226	0.226
  2856	0.100878	-0.226	0.226
  2857	0.0981245	-0.226	0.226
  2858	0.102075	-0.226	0.226
  2859	0.101696	-0.226	0.226
  2860	0.101603	-0.226	0.226
  2861	0.110168	-0.226	0.226
  2862	0.111721	-0.226	0.226
  2863	0.0961676	-0.226	0.226
  2864	0.0894766	-0.226	0.226
  2865	0.0787273	-0.226	0.226
  2866	0.11271	-0.226	0.226
  2867	0.108276	-0.226	0.226
  2868	0.0852671	-0.226	0.226
  2869	0.101154	-0.226	0.226
  2870	0.11106	-0.226	0.226
  2871	0.09545	-0.226	0.226
  2872	0.111465	-0.226	0.226
  2873	0.0939192	-0.226	0.226
  2874	0.085396	-0.226	0.226
  2875	0.0763059	-0.226	0.226
  2876	0.110101	-0.226	0.226
  2877	0.0889073	-0.226	0.226
  2878	0.1136	-0.226	0.226
  2879	0.113948	-0.226	0.226
  2880	0.0769144	-0.226	0.226
  2881	0.0883012	-0.226	0.226
  2882	0.104168	-0.226	0.226
  2883	0.102335	-0.226	0.226
  2884	0.0963462	-0.226	0.226
  2885	0.112951	-0.226	0.226
  2886	0.0694424	-0.226	0.226
  2887	0.0601212	-0.226	0.226
  2888	0.0935046	-0.226	0.226
  2889	0.0892241	-0.226	0.226
  2890	0.063825	-0.226	0.226
  2891	0.0383733	-0.226	0.226
  2892	0.113552	-0.226	0.226
  2893	0.0840838	-0.226	0.226
  2894	0.0738561	-0.226	0.226
  2895	0.0527867	-0.226	0.226
  2896	0.0668273	-0.226	0.226
  2897	0.103399	-0.226	0.226
  2898	0.115646	-0.226	0.226
  2899	0.112074	-0.226	0.226
  2900	0.0883326	-0.226	0.226
  2901	0.116278	-0.226	0.226
  2902	0.0997877	-0.226	0.226
  2903	0.0969707	-0.226	0.226
  2904	0.0656841	-0.226	0.226
  2905	0.099346	-0.226	0.226
  2906	0.105564	-0.226	0.226
  2907	0.0869656	-0.226	0.226
  2908	0.104072	-0.226	0.226
  2909	0.114355	-0.226	0.226
  2910	0.0864124	-0.226	0.226
  2911	0.0981812	-0.226	0.226
  2912	0.113125	-0.226	0.226
  2913	0.0803844	-0.226	0.226
  2914	0.0779983	-0.226	0.226
  2915	0.0930863	-0.226	0.226
  2916	0.07088	-0.226	0.226
  2917	0.115175	-0.226	0.226
  2918	0.0883408	-0.226	0.226
  2919	0.0883205	-0.226	0.226
  2920	0.0867391	-0.226	0.226
  2921	0.102908	-0.226	0.226
  2922	0.106009	-0.226	0.226
  2923	0.0953976	-0.226	0.226
  2924	0.0985587	-0.226	0.226
  2925	0.112153	-0.226	0.226
  2926	0.0779617	-0.226	0.226
  2927	0.102756	-0.226	0.226
  2928	0.107773	-0.226	0.226
  2929	0.0875868	-0.226	0.226
  2930	0.1155	-0.226	0.226
  2931	0.0854393	-0.226	0.226
  2932	0.112546	-0.226	0.226
  2933	0.0345563	-0.226	0.226
  2934	0.0981588	-0.226	0.226
  2935	0.0874737	-0.226	0.226
  2936	0.0921193	-0.226	0.226
  2937	0.0688288	-0.226	0.226
  2938	0.079058	-0.226	0.226
  2939	0.0984879	-0.226	0.226
  2940	0.111111	-0.226	0.226
  2941	0.0974217	-0.226	0.226
  2942	0.0755245	-0.226	0.226
  2943	0.112762	-0.226	0.226
  2944	0.0868678	-0.226	0.226
  2945	0.0973738	-0.226	0.226
  2946	0.10752	-0.226	0.226
  2947	0.0868678	-0.226	0.226
  2948	0.109113	-0.226	0.226
  2949	0.0876342	-0.226	0.226
  2950	0.0946153	-0.226	0.226
  2951	0.0975251	-0.226	0.226
  2952	0.0998643	-0.226	0.226
  2953	0.0760709	-0.226	0.226
  2954	0.0952987	-0.226	0.226
  2955	0.100658	-0.226	0.226
  2956	0.106735	-0.226	0.226
  2957	0.060793	-0.226	0.226
  2958	0.0880599	-0.226	0.226
  2959	0.103123	-0.226	0.226
  2960	0.0709784	-0.226	0.226
  2961	0.100068	-0.226	0.226
  2962	0.0909255	-0.226	0.226
  2963	0.115319	-0.226	0.226
  2964	0.115387	-0.226	0.226
  2965	0.0843766	-0.226	0.226
  2966	0.0850242	-0.226	0.226
  2967	0.066927	-0.226	0.226
  2968	0.112815	-0.226	0.226
  2969	0.115537	-0.226	0.226
  2970	0.0943319	-0.226	0.226
  2971	0.0779039	-0.226	0.226
  2972	0.110843	-0.226	0.226
  2973	0.0804357	-0.226	0.226
  2974	0.0810121	-0.226	0.226
  2975	0.0848363	-0.226	0.226
  2976	0.100454	-0.226	0.226
  2977	0.115809	-0.226	0.226
  2978	0.0657828	-0.226	0.226
  2979	0.089357	-0.226	0.226
  2980	0.104509	-0.226	0.226
  2981	0.105595	-0.226	0.226
  2982	0.101762	-0.226	0.226
  2983	0.101364	-0.226	0.226
  2984	0.0913485	-0.226	0.226
  2985	0.101833	-0.226	0.226
  2986	0.086245	-0.226	0.226
  2987	0.111436	-0.226	0.226
  2988	0.109714	-0.226	0.226
  2989	0.0793498	-0.226	0.226
  2990	0.0639862	-0.226	0.226
  2991	0.0716016	-0.226	0.226
  2992	0.0978061	-0.226	0.226
  2993	0.112201	-0.226	0.226
  2994	0.0724732	-0.226	0.226
  2995	0.112751	-0.226	0.226
  2996	0.112914	-0.226	0.226
  2997	0.0563396	-0.226	0.226
  2998	0.112446	-0.226	0.226
  2999	0.0837816	-0.226	0.226
  3000	0.106957	-0.226	0.226
  3001	0.115676	-0.226	0.226
  3002	0.112323	-0.226	0.226
  3003	0.0950051	-0.226	0.226
  3004	0.0795964	-0.226	0.226
  3005	0.0994142	-0.226	0.226
  3006	0.0664722	-0.226	0.226
  3007	0.0863969	-0.226	0.226
  3008	0.115306	-0.226	0.226
  3009	0.112711	-0.226	0.226
  3010	0.0915411	-0.226	0.226
  3011	0.111094	-0.226	0.226
  3012	0.113545	-0.226	0.226
  3013	0.0796697	-0.226	0.226
  3014	0.0916744	-0.226	0.226
  3015	0.0971804	-0.226	0.226
  3016	0.116249	-0.226	0.226
  3017	0.106722	-0.226	0.226
  3018	0.0699082	-0.226	0.226
  3019	0.111061	-0.226	0.226
  3020	0.0767525	-0.226	0.226
  3021	0.0794661	-0.226	0.226
  3022	0.105589	-0.226	0.226
  3023	0.110987	-0.226	0.226
  3024	0.109635	-0.226	0.226
  3025	0.110517	-0.226	0.226
  3026	0.0507786	-0.226	0.226
  3027	0.067902	-0.226	0.226
  3028	0.111725	-0.226	0.226
  3029	0.0832909	-0.226	0.226
  3030	0.10618	-0.226	0.226
  3031	0.078579	-0.226	0.226
  3032	0.0792302	-0.226	0.226
  3033	0.0614339	-0.226	0.226
  3034	0.104295	-0.226	0.226
  3035	0.0975576	-0.226	0.226
  3036	0.0642395	-0.226	0.226
  3037	0.0901838	-0.226	0.226
  3038	0.0569927	-0.226	0.226
  3039	0.111017	-0.226	0.226
  3040	0.0970953	-0.226	0.226
  3041	0.0946125	-0.226	0.226
  3042	0.080808	-0.226	0.226
  3043	0.0670188	-0.226	0.226
  3044	0.113699	-0.226	0.226
  3045	0.114106	-0.226	0.226
  3046	0.0895488	-0.226	0.226
  3047	0.0988629	-0.226	0.226
  3048	0.0933476	-0.226	0.226
  3049	0.0408679	-0.226	0.226
  3050	0.0988763	-0.226	0.226
  3051	0.113267	-0.226	0.226
  3052	0.0735699	-0.226	0.226
  3053	0.11531	-0.226	0.226
  3054	0.0382585	-0.226	0.226
  3055	0.104298	-0.226	0.226
  3056	0.103943	-0.226	0.226
  3057	0.0818848	-0.226	0.226
  3058	0.114789	-0.226	0.226
  3059	0.0762522	-0.226	0.226
  3060	0.104527	-0.226	0.226
  3061	0.115464	-0.226	0.226
  3062	0.0830434	-0.226	0.226
  3063	0.104763	-0.226	0.226
  3064	0.0805204	-0.226	0.226
  3065	0.0819234	-0.226	0.226
  3066	0.102805	-0.226	0.226
  3067	0.0651745	-0.226	0.226
  3068	0.0933033	-0.226	0.226
  3069	0.0643711	-0.226	0.226
  3070	0.114057	-0.226	0.226
  3071	0.0551615	-0.226	0.226
  3072	0.0809131	-0.226	0.226
  3073	0.108648	-0.226	0.226
  3074	0.0993708	-0.226	0.226
  3075	0.0580218	-0.226	0.226
  3076	0.0932231	-0.226	0.226
  3077	0.104337	-0.226	0.226
  3078	0.0886792	-0.226	0.226
  3079	0.114202	-0.226	0.226
  3080	0.0935921	-0.226	0.226
  3081	0.0960037	-0.226	0.226
  3082	0.113125	-0.226	0.226
  3083	0.104729	-0.226	0.226
  3084	0.100683	-0.226	0.226
  3085	0.111465	-0.226	0.226
  3086	0.0902029	-0.226	0.226
  3087	0.106719	-0.226	0.226
  3088	0.110435	-0.226	0.226
  3089	0.111899	-0.226	0.226
  3090	0.115891	-0.226	0.226
  3091	0.0977513	-0.226	0.226
  3092	0.0706523	-0.226	0.226
  3093	0.0997105	-0.226	0.226
  3094	0.0758268	-0.226	0.226
  3095	0.0797425	-0.226	0.226
  3096	0.0895509	-0.226	0.226
  3097	0.097845	-0.226	0.226
  3098	0.115638	-0.226	0.226
  3099	0.0726829	-0.226	0.226
  3100	0.0993879	-0.226	0.226
  3101	0.0714915	-0.226	0.226
  3102	0.0692681	-0.226	0.226
  3103	0.0749181	-0.226	0.226
  3104	0.0785861	-0.226	0.226
  3105	0.103719	-0.226	0.226
  3106	0.103339	-0.226	0.226
  3107	0.0660806	-0.226	0.226
  3108	0.0685101	-0.226	0.226
  3109	0.10132	-0.226	0.226
  3110	0.0884138	-0.226	0.226
  3111	0.082669	-0.226	0.226
  3112	0.105848	-0.226	0.226
  3113	0.10958	-0.226	0.226
  3114	0.114386	-0.226	0.226
  3115	0.0894861	-0.226	0.226
  3116	0.10141	-0.226	0.226
  3117	0.0939551	-0.226	0.226
  3118	0.107794	-0.226	0.226
  3119	0.113096	-0.226	0.226
  3120	0.115396	-0.226	0.226
  3121	0.100816	-0.226	0.226
  3122	0.108564	-0.226	0.226
  3123	0.0995491	-0.226	0.226
  3124	0.108478	-0.226	0.226
  3125	0.100173	-0.226	0.226
  3126	0.0814074	-0.226	0.226
  3127	0.0994288	-0.226	0.226
  3128	0.074203	-0.226	0.226
  3129	0.0806934	-0.226	0.226
  3130	0.0907716	-0.226	0.226
  3131	0.0564072	-0.226	0.226
  3132	0.0772898	-0.226	0.226
  3133	0.114898	-0.226	0.226
  3134	0.115051	-0.226	0.226
  3135	0.105354	-0.226	0.226
  3136	0.0950864	-0.226	0.226
  3137	0.0638361	-0.226	0.226
  3138	0.10975	-0.226	0.226
  3139	0.0833213	-0.226	0.226
  3140	0.0859448	-0.226	0.226
  3141	0.0976334	-0.226	0.226
  3142	0.10462	-0.226	0.226
  3143	0.0767099	-0.226	0.226
  3144	0.058555	-0.226	0.226
  3145	0.0579959	-0.226	0.226
  3146	0.06983	-0.226	0.226
  3147	0.107592	-0.226	0.226
  3148	0.0945548	-0.226	0.226
  3149	0.115154	-0.226	0.226
  3150	0.0988771	-0.226	0.226
  3151	0.0618748	-0.226	0.226
  3152	0.100195	-0.226	0.226
  3153	0.112777	-0.226	0.226
  3154	0.0850802	-0.226	0.226
  3155	0.0850311	-0.226	0.226
  3156	0.113999	-0.226	0.226
  3157	0.11593	-0.226	0.226
  3158	0.0798391	-0.226	0.226
  3159	0.0471231	-0.226	0.226
  3160	0.113332	-0.226	0.226
  3161	0.0939841	-0.226	0.226
  3162	0.0446475	-0.226	0.226
  3163	0.100069	-0.226	0.226
  3164	0.109737	-0.226	0.226
  3165	0.096681	-0.226	0.226
  3166	0.110916	-0.226	0.226
  3167	0.0790719	-0.226	0.226
  3168	0.0945546	-0.226	0.226
  3169	0.112476	-0.226	0.226
  3170	0.0906069	-0.226	0.226
  3171	0.071086	-0.226	0.226
  3172	0.106799	-0.226	0.226
  3173	0.0863799	-0.226	0.226
  3174	0.0500536	-0.226	0.226
  3175	0.0911217	-0.226	0.226
  3176	0.0628217	-0.226	0.226
  3177	0.0870873	-0.226	0.226
  3178	0.0819089	-0.226	0.226
  3179	0.108694	-0.226	0.226
  3180	0.0825342	-0.226	0.226
  3181	0.109772	-0.226	0.226
  3182	0.0947919	-0.226	0.226
  3183	0.108414	-0.226	0.226
  3184	0.0584606	-0.226	0.226
  3185	0.0937219	-0.226	0.226
  3186	0.0695002	-0.226	0.226
  3187	0.107647	-0.226	0.226
  3188	0.10364	-0.226	0.226
  3189	0.10911	-0.226	0.226
  3190	0.102934	-0.226	0.226
  3191	0.106487	-0.226	0.226
  3192	0.0849015	-0.226	0.226
  3193	0.0910787	-0.226	0.226
  3194	0.0587226	-0.226	0.226
  3195	0.0618901	-0.226	0.226
  3196	0.0709578	-0.226	0.226
  3197	0.0837187	-0.226	0.226
  3198	0.113226	-0.226	0.226
  3199	0.0819187	-0.226	0.226
  3200	0.0712927	-0.226	0.226
  3201	0.0771852	-0.226	0.226
  3202	0.110688	-0.226	0.226
  3203	0.112389	-0.226	0.226
  3204	0.104339	-0.226	0.226
  3205	0.0679037	-0.226	0.226
  3206	0.0956157	-0.226	0.226
  3207	0.110817	-0.226	0.226
  3208	0.115637	-0.226	0.226
  3209	0.107784	-0.226	0.226
  3210	0.0779031	-0.226	0.226
  3211	0.0914703	-0.226	0.226
  3212	0.0622716	-0.226	0.226
  3213	0.094611	-0.226	0.226
  3214	0.101217	-0.226	0.226
  3215	0.105012	-0.226	0.226
  3216	0.0914084	-0.226	0.226
  3217	0.0783934	-0.226	0.226
  3218	0.10567	-0.226	0.226
  3219	0.106103	-0.226	0.226
  3220	0.114929	-0.226	0.226
  3221	0.111563	-0.226	0.226
  3222	0.0996881	-0.226	0.226
  3223	0.115229	-0.226	0.226
  3224	0.102555	-0.226	0.226
  3225	0.0565322	-0.226	0.226
  3226	0.0973828	-0.226	0.226
  3227	0.105166	-0.226	0.226
  3228	0.0991774	-0.226	0.226
  3229	0.110569	-0.226	0.226
  3230	0.0943644	-0.226	0.226
  3231	0.0861388	-0.226	0.226
  3232	0.104583	-0.226	0.226
  3233	0.112774	-0.226	0.226
  3234	0.0987021	-0.226	0.226
  3235	0.0784978	-0.226	0.226
  3236	0.0953173	-0.226	0.226
  3237	0.0957921	-0.226	0.226
  3238	0.0698424	-0.226	0.226
  3239	0.114283	-0.226	0.226
  3240	0.100372	-0.226	0.226
  3241	0.10304	-0.226	0.226
  3242	0.0723869	-0.226	0.226
  3243	0.0844521	-0.226	0.226
  3244	0.0840152	-0.226	0.226
  3245	0.0629111	-0.226	0.226
  3246	0.096572	-0.226	0.226
  3247	0.086862	-0.226	0.226
  3248	0.0843768	-0.226	0.226
  3249	0.0967941	-0.226	0.226
  3250	0.066159	-0.226	0.226
  3251	0.10199	-0.226	0.226
  3252	0.0853817	-0.226	0.226
  3253	0.0936552	-0.226	0.226
  3254	0.0892619	-0.226	0.226
  3255	0.0616599	-0.226	0.226
  3256	0.115761	-0.226	0.226
  3257	0.100343	-0.226	0.226
  3258	0.0789363	-0.226	0.226
  3259	0.0940475	-0.226	0.226
  3260	0.095389	-0.226	0.226
  3261	0.0899855	-0.226	0.226
  3262	0.107367	-0.226	0.226
  3263	0.105878	-0.226	0.226
  3264	0.0991739	-0.226	0.226
  3265	0.113526	-0.226	0.226
  3266	0.0790276	-0.226	0.226
  3267	0.102076	-0.226	0.226
  3268	0.0776325	-0.226	0.226
  3269	0.0928768	-0.226	0.226
  3270	0.107746	-0.226	0.226
  3271	0.110158	-0.226	0.226
  3272	0.0689959	-0.226	0.226
  3273	0.0616024	-0.226	0.226
  3274	0.107933	-0.226	0.226
  3275	0.0889011	-0.226	0.226
  3276	0.0973557	-0.226	0.226
  3277	0.0962483	-0.226	0.226
  3278	0.109404	-0.226	0.226
  3279	0.066297	-0.226	0.226
  3280	0.115753	-0.226	0.226
  3281	0.106888	-0.226	0.226
  3282	0.0723838	-0.226	0.226
  3283	0.109996	-0.226	0.226
  3284	0.0919164	-0.226	0.226
  3285	0.0986561	-0.226	0.226
  3286	0.102453	-0.226	0.226
  3287	0.067574	-0.226	0.226
  3288	0.103543	-0.226	0.226
  3289	0.107796	-0.226	0.226
  3290	0.115139	-0.226	0.226
  3291	0.084656	-0.226	0.226
  3292	0.0830533	-0.226	0.226
  3293	0.0796956	-0.226	0.226
  3294	0.0672778	-0.226	0.226
  3295	0.0711234	-0.226	0.226
  3296	0.0673393	-0.226	0.226
  3297	0.115524	-0.226	0.226
  3298	0.105813	-0.226	0.226
  3299	0.114332	-0.226	0.226
  3300	0.0801443	-0.226	0.226
  3301	0.0756947	-0.226	0.226
  3302	0.0928277	-0.226	0.226
  3303	0.0951279	-0.226	0.226
  3304	0.0623901	-0.226	0.226
  3305	0.0858402	-0.226	0.226
  3306	0.0552438	-0.226	0.226
  3307	0.112029	-0.226	0.226
  3308	0.0899478	-0.226	0.226
  3309	0.0983555	-0.226	0.226
  3310	0.113761	-0.226	0.226
  3311	0.100175	-0.226	0.226
  3312	0.113032	-0.226	0.226
  3313	0.115558	-0.226	0.226
  3314	0.0782563	-0.226	0.226
  3315	0.0636037	-0.226	0.226
  3316	0.0777098	-0.226	0.226
  3317	0.108608	-0.226	0.226
  3318	0.101454	-0.226	0.226
  3319	0.0801493	-0.226	0.226
  3320	0.111894	-0.226	0.226
  3321	0.0813257	-0.226	0.226
  3322	0.0739073	-0.226	0.226
  3323	0.113904	-0.226	0.226
  3324	0.0651866	-0.226	0.226
  3325	0.0555315	-0.226	0.226
  3326	0.0917902	-0.226	0.226
  3327	0.10028	-0.226	0.226
  3328	0.104924	-0.226	0.226
  3329	0.0882321	-0.226	0.226
  3330	0.111959	-0.226	0.226
  3331	0.100508	-0.226	0.226
  3332	0.102781	-0.226	0.226
  3333	0.108089	-0.226	0.226
  3334	0.108663	-0.226	0.226
  3335	0.107232	-0.226	0.226
  3336	0.0741292	-0.226	0.226
  3337	0.114083	-0.226	0.226
  3338	0.114502	-0.226	0.226
  3339	0.0992145	-0.226	0.226
  3340	0.089565	-0.226	0.226
  3341	0.091131	-0.226	0.226
  3342	0.111203	-0.226	0.226
  3343	0.069285	-0.226	0.226
  3344	0.0413672	-0.226	0.226
  3345	0.0999688	-0.226	0.226
  3346	0.0850169	-0.226	0.226
  3347	0.107672	-0.226	0.226
  3348	0.108602	-0.226	0.226
  3349	0.103098	-0.226	0.226
  3350	0.100132	-0.226	0.226
  3351	0.0803917	-0.226	0.226
  3352	0.111117	-0.226	0.226
  3353	0.0897514	-0.226	0.226
  3354	0.0954956	-0.226	0.226
  3355	0.0953796	-0.226	0.226
  3356	0.0913372	-0.226	0.226
  3357	0.0358804	-0.226	0.226
  3358	0.0916635	-0.226	0.226
  3359	0.0936774	-0.226	0.226
  3360	0.113804	-0.226	0.226
  3361	0.102637	-0.226	0.226
  3362	0.0816104	-0.226	0.226
  3363	0.102022	-0.226	0.226
  3364	0.10227	-0.226	0.226
  3365	0.0938435	-0.226	0.226
  3366	0.0993267	-0.226	0.226
  3367	0.0856226	-0.226	0.226
  3368	0.0942174	-0.226	0.226
  3369	0.0878025	-0.226	0.226
  3370	0.0890514	-0.226	0.226
  3371	0.0664216	-0.226	0.226
  3372	0.0853499	-0.226	0.226
  3373	0.0825426	-0.226	0.226
  3374	0.0891375	-0.226	0.226
  3375	0.0609083	-0.226	0.226
  3376	0.0591864	-0.226	0.226
  3377	0.111308	-0.226	0.226
  3378	0.1066	-0.226	0.226
  3379	0.107714	-0.226	0.226
  3380	0.0679389	-0.226	0.226
  3381	0.114858	-0.226	0.226
  3382	0.0978013	-0.226	0.226
  3383	0.0806569	-0.226	0.226
  3384	0.103142	-0.226	0.226
  3385	0.0711473	-0.226	0.226
  3386	0.0510247	-0.226	0.226
  3387	0.102333	-0.226	0.226
  3388	0.0827429	-0.226	0.226
  3389	0.0839682	-0.226	0.226
  3390	0.0537936	-0.226	0.226
  3391	0.111461	-0.226	0.226
  3392	0.11454	-0.226	0.226
  3393	0.103514	-0.226	0.226
  3394	0.108855	-0.226	0.226
  3395	0.103422	-0.226	0.226
  3396	0.115455	-0.226	0.226
  3397	0.054427	-0.226	0.226
  3398	0.106973	-0.226	0.226
  3399	0.0804697	-0.226	0.226
  3400	0.0808636	-0.226	0.226
  3401	0.088197	-0.226	0.226
  3402	0.116009	-0.226	0.226
  3403	0.0729	-0.226	0.226
  3404	0.0816331	-0.226	0.226
  3405	0.0712379	-0.226	0.226
  3406	0.115241	-0.226	0.226
  3407	0.0776362	-0.226	0.226
  3408	0.100792	-0.226	0.226
  3409	0.0964574	-0.226	0.226
  3410	0.03614	-0.226	0.226
  3411	0.0840938	-0.226	0.226
  3412	0.0638203	-0.226	0.226
  3413	0.093813	-0.226	0.226
  3414	0.113913	-0.226	0.226
  3415	0.0873948	-0.226	0.226
  3416	0.0830371	-0.226	0.226
  3417	0.109264	-0.226	0.226
  3418	0.114468	-0.226	0.226
  3419	0.0465395	-0.226	0.226
  3420	0.0921173	-0.226	0.226
  3421	0.0801817	-0.226	0.226
  3422	0.0907444	-0.226	0.226
  3423	0.0548945	-0.226	0.226
  3424	0.086841	-0.226	0.226
  3425	0.105505	-0.226	0.226
  3426	0.0867162	-0.226	0.226
  3427	0.103545	-0.226	0.226
  3428	0.0825535	-0.226	0.226
  3429	0.105804	-0.226	0.226
  3430	0.108753	-0.226	0.226
  3431	0.0903313	-0.226	0.226
  3432	0.102261	-0.226	0.226
  3433	0.0951783	-0.226	0.226
  3434	0.096905	-0.226	0.226
  3435	0.0838569	-0.226	0.226
  3436	0.108349	-0.226	0.226
  3437	0.0702321	-0.226	0.226
  3438	0.103276	-0.226	0.226
  3439	0.077818	-0.226	0.226
  3440	0.102025	-0.226	0.226
  3441	0.078591	-0.226	0.226
  3442	0.0963383	-0.226	0.226
  3443	0.106309	-0.226	0.226
  3444	0.101136	-0.226	0.226
  3445	0.11025	-0.226	0.226
  3446	0.0857387	-0.226	0.226
  3447	0.0997172	-0.226	0.226
  3448	0.106633	-0.226	0.226
  3449	0.0252349	-0.226	0.226
  3450	0.105279	-0.226	0.226
  3451	0.106036	-0.226	0.226
  3452	0.0726362	-0.226	0.226
  3453	0.107056	-0.226	0.226
  3454	0.0679411	-0.226	0.226
  3455	0.10906	-0.226	0.226
  3456	0.0996849	-0.226	0.226
  3457	0.106025	-0.226	0.226
  3458	0.0329249	-0.226	0.226
  3459	0.0959942	-0.226	0.226
  3460	0.109148	-0.226	0.226
  3461	0.0672868	-0.226	0.226
  3462	0.100788	-0.226	0.226
  3463	0.0783846	-0.226	0.226
  3464	0.0646748	-0.226	0.226
  3465	0.0798184	-0.226	0.226
  3466	0.103532	-0.226	0.226
  3467	0.114594	-0.226	0.226
  3468	0.10524	-0.226	0.226
  3469	0.0787241	-0.226	0.226
  3470	0.112762	-0.226	0.226
  3471	0.113791	-0.226	0.226
  3472	0.0861237	-0.226	0.226
  3473	0.0916428	-0.226	0.226
  3474	0.106957	-0.226	0.226
  3475	0.0596103	-0.226	0.226
  3476	0.0889991	-0.226	0.226
  3477	0.0780978	-0.226	0.226
  3478	0.104827	-0.226	0.226
  3479	0.0800611	-0.226	0.226
  3480	0.114006	-0.226	0.226
  3481	0.0523167	-0.226	0.226
  3482	0.062701	-0.226	0.226
  3483	0.112799	-0.226	0.226
  3484	0.10767	-0.226	0.226
  3485	0.111718	-0.226	0.226
  3486	0.0939986	-0.226	0.226
  3487	0.111464	-0.226	0.226
  3488	0.0833209	-0.226	0.226
  3489	0.0806202	-0.226	0.226
  3490	0.110671	-0.226	0.226
  3491	0.10843	-0.226	0.226
  3492	0.0836863	-0.226	0.226
  3493	0.0485931	-0.226	0.226
  3494	0.0902377	-0.226	0.226
  3495	0.0964438	-0.226	0.226
  3496	0.101912	-0.226	0.226
  3497	0.069153	-0.226	0.226
  3498	0.0973868	-0.226	0.226
  3499	0.114741	-0.226	0.226
  3500	0.114602	-0.226	0.226
  3501	0.110414	-0.226	0.226
  3502	0.0932993	-0.226	0.226
  3503	0.100303	-0.226	0.226
  3504	0.0879418	-0.226	0.226
  3505	0.0894331	-0.226	0.226
  3506	0.101579	-0.226	0.226
  3507	0.0825527	-0.226	0.226
  3508	0.0906521	-0.226	0.226
  3509	0.0722371	-0.226	0.226
  3510	0.0792557	-0.226	0.226
  3511	0.0678417	-0.226	0.226
  3512	0.101659	-0.226	0.226
  3513	0.112547	-0.226	0.226
  3514	0.0795605	-0.226	0.226
  3515	0.0997643	-0.226	0.226
  3516	0.114633	-0.226	0.226
  3517	0.0761628	-0.226	0.226
  3518	0.113382	-0.226	0.226
  3519	0.0524837	-0.226	0.226
  3520	0.0904866	-0.226	0.226
  3521	0.0935094	-0.226	0.226
  3522	0.0846065	-0.226	0.226
  3523	0.0972593	-0.226	0.226
  3524	0.0830997	-0.226	0.226
  3525	0.0967766	-0.226	0.226
  3526	0.0883088	-0.226	0.226
  3527	0.061228	-0.226	0.226
  3528	0.11575	-0.226	0.226
  3529	0.111795	-0.226	0.226
  3530	0.111664	-0.226	0.226
  3531	0.115059	-0.226	0.226
  3532	0.0904697	-0.226	0.226
  3533	0.115513	-0.226	0.226
  3534	0.113811	-0.226	0.226
  3535	0.0867861	-0.226	0.226
  3536	0.0804696	-0.226	0.226
  3537	0.0616444	-0.226	0.226
  3538	0.0976262	-0.226	0.226
  3539	0.112435	-0.226	0.226
  3540	0.0804188	-0.226	0.226
  3541	0.10867	-0.226	0.226
  3542	0.0841349	-0.226	0.226
  3543	0.0598231	-0.226	0.226
  3544	0.0558542	-0.226	0.226
  3545	0.0780326	-0.226	0.226
  3546	0.111925	-0.226	0.226
  3547	0.0993761	-0.226	0.226
  3548	0.107833	-0.226	0.226
  3549	0.0828973	-0.226	0.226
  3550	0.0939761	-0.226	0.226
  3551	0.10736	-0.226	0.226
  3552	0.0877723	-0.226	0.226
  3553	0.0983493	-0.226	0.226
  3554	0.0915661	-0.226	0.226
  3555	0.073478	-0.226	0.226
  3556	0.112583	-0.226	0.226
  3557	0.108414	-0.226	0.226
  3558	0.11278	-0.226	0.226
  3559	0.0778298	-0.226	0.226
  3560	0.0631105	-0.226	0.226
  3561	0.0552002	-0.226	0.226
  3562	0.0997303	-0.226	0.226
  3563	0.0575758	-0.226	0.226
  3564	0.0850599	-0.226	0.226
  3565	0.0523364	-0.226	0.226
  3566	0.114989	-0.226	0.226
  3567	0.100642	-0.226	0.226
  3568	0.0862032	-0.226	0.226
  3569	0.111675	-0.226	0.226
  3570	0.107495	-0.226	0.226
  3571	0.10151	-0.226	0.226
  3572	0.104614	-0.226	0.226
  3573	0.0931299	-0.226	0.226
  3574	0.11106	-0.226	0.226
  3575	0.0479369	-0.226	0.226
  3576	0.0934253	-0.226	0.226
  3577	0.115603	-0.226	0.226
  3578	0.0999345	-0.226	0.226
  3579	0.098157	-0.226	0.226
  3580	0.110696	-0.226	0.226
  3581	0.0894575	-0.226	0.226
  3582	0.10554	-0.226	0.226
  3583	0.0946464	-0.226	0.226
  3584	0.0826857	-0.226	0.226
  3585	0.096639	-0.226	0.226
  3586	0.108081	-0.226	0.226
  3587	0.111644	-0.226	0.226
  3588	0.0817138	-0.226	0.226
  3589	0.110555	-0.226	0.226
  3590	0.10338	-0.226	0.226
  3591	0.0688943	-0.226	0.226
  3592	0.097091	-0.226	0.226
  3593	0.0892219	-0.226	0.226
  3594	0.0738909	-0.226	0.226
  3595	0.0438045	-0.226	0.226
  3596	0.11555	-0.226	0.226
  3597	0.101772	-0.226	0.226
  3598	0.113533	-0.226	0.226
  3599	0.0841072	-0.226	0.226
  3600	0.0905351	-0.226	0.226
  3601	0.0773824	-0.226	0.226
  3602	0.0716556	-0.226	0.226
  3603	0.0988444	-0.226	0.226
  3604	0.0710432	-0.226	0.226
  3605	0.113134	-0.226	0.226
  3606	0.112132	-0.226	0.226
  3607	0.107221	-0.226	0.226
  3608	0.102944	-0.226	0.226
  3609	0.0868804	-0.226	0.226
  3610	0.104661	-0.226	0.226
  3611	0.0822142	-0.226	0.226
  3612	0.0814424	-0.226	0.226
  3613	0.0795092	-0.226	0.226
  3614	0.0682452	-0.226	0.226
  3615	0.0937441	-0.226	0.226
  3616	0.115026	-0.226	0.226
  3617	0.0953078	-0.226	0.226
  3618	0.0938516	-0.226	0.226
  3619	0.090012	-0.226	0.226
  3620	0.0893757	-0.226	0.226
  3621	0.0648077	-0.226	0.226
  3622	0.0890831	-0.226	0.226
  3623	0.0994695	-0.226	0.226
  3624	0.116087	-0.226	0.226
  3625	0.0450216	-0.226	0.226
  3626	0.0551514	-0.226	0.226
  3627	0.0929358	-0.226	0.226
  3628	0.0647422	-0.226	0.226
  3629	0.0617402	-0.226	0.226
  3630	0.0963945	-0.226	0.226
  3631	0.0842706	-0.226	0.226
  3632	0.115644	-0.226	0.226
  3633	0.0833082	-0.226	0.226
  3634	0.079172	-0.226	0.226
  3635	0.0898111	-0.226	0.226
  3636	0.0677787	-0.226	0.226
  3637	0.0682815	-0.226	0.226
  3638	0.103554	-0.226	0.226
  3639	0.102456	-0.226	0.226
  3640	0.100947	-0.226	0.226
  3641	0.0823346	-0.226	0.226
  3642	0.115587	-0.226	0.226
  3643	0.0909559	-0.226	0.226
  3644	0.0804995	-0.226	0.226
  3645	0.101606	-0.226	0.226
  3646	0.102176	-0.226	0.226
  3647	0.0945626	-0.226	0.226
  3648	0.0972972	-0.226	0.226
  3649	0.0993849	-0.226	0.226
  3650	0.0994656	-0.226	0.226
  3651	0.0970203	-0.226	0.226
  3652	0.0859567	-0.226	0.226
  3653	0.0763142	-0.226	0.226
  3654	0.103225	-0.226	0.226
  3655	0.084452	-0.226	0.226
  3656	0.114971	-0.226	0.226
  3657	0.0302219	-0.226	0.226
  3658	0.108534	-0.226	0.226
  3659	0.0982045	-0.226	0.226
  3660	0.114256	-0.226	0.226
  3661	0.116564	-0.226	0.226
  3662	0.113171	-0.226	0.226
  3663	0.115221	-0.226	0.226
  3664	0.0726211	-0.226	0.226
  3665	0.101332	-0.226	0.226
  3666	0.111486	-0.226	0.226
  3667	0.07057	-0.226	0.226
  3668	0.107904	-0.226	0.226
  3669	0.099624	-0.226	0.226
  3670	0.108096	-0.226	0.226
  3671	0.0714899	-0.226	0.226
  3672	0.114383	-0.226	0.226
  3673	0.072476	-0.226	0.226
  3674	0.111126	-0.226	0.226
  3675	0.0962481	-0.226	0.226
  3676	0.0956357	-0.226	0.226
  3677	0.0320016	-0.226	0.226
  3678	0.112134	-0.226	0.226
  3679	0.104121	-0.226	0.226
  3680	0.0980644	-0.226	0.226
  3681	0.088016	-0.226	0.226
  3682	0.0936728	-0.226	0.226
  3683	0.111223	-0.226	0.226
  3684	0.0786948	-0.226	0.226
  3685	0.110834	-0.226	0.226
  3686	0.0958168	-0.226	0.226
  3687	0.104113	-0.226	0.226
  3688	0.0622745	-0.226	0.226
  3689	0.111067	-0.226	0.226
  3690	0.100728	-0.226	0.226
  3691	0.114934	-0.226	0.226
  3692	0.104923	-0.226	0.226
  3693	0.0822543	-0.226	0.226
  3694	0.082527	-0.226	0.226
  3695	0.115935	-0.226	0.226
  3696	0.100997	-0.226	0.226
  3697	0.104925	-0.226	0.226
  3698	0.0983796	-0.226	0.226
  3699	0.0875042	-0.226	0.226
  3700	0.0984299	-0.226	0.226
  3701	0.0543257	-0.226	0.226
  3702	0.102791	-0.226	0.226
  3703	0.0569885	-0.226	0.226
  3704	0.0715364	-0.226	0.226
  3705	0.110508	-0.226	0.226
  3706	0.0882325	-0.226	0.226
  3707	0.031373	-0.226	0.226
  3708	0.0724933	-0.226	0.226
  3709	0.0424789	-0.226	0.226
  3710	0.109704	-0.226	0.226
  3711	0.102708	-0.226	0.226
  3712	0.088775	-0.226	0.226
  3713	0.0833558	-0.226	0.226
  3714	0.08943	-0.226	0.226
  3715	0.0915185	-0.226	0.226
  3716	0.1119	-0.226	0.226
  3717	0.0822577	-0.226	0.226
  3718	0.107967	-0.226	0.226
  3719	0.115385	-0.226	0.226
  3720	0.0862811	-0.226	0.226
  3721	0.110476	-0.226	0.226
  3722	0.1118	-0.226	0.226
  3723	0.0707635	-0.226	0.226
  3724	0.0660107	-0.226	0.226
  3725	0.0788836	-0.226	0.226
  3726	0.11283	-0.226	0.226
  3727	0.0953224	-0.226	0.226
  3728	0.0816009	-0.226	0.226
  3729	0.0529651	-0.226	0.226
  3730	0.0800624	-0.226	0.226
  3731	0.115675	-0.226	0.226
  3732	0.103581	-0.226	0.226
  3733	0.075389	-0.226	0.226
  3734	0.0787707	-0.226	0.226
  3735	0.112803	-0.226	0.226
  3736	0.116638	-0.226	0.226
  3737	0.0761996	-0.226	0.226
  3738	0.0883407	-0.226	0.226
  3739	0.104727	-0.226	0.226
  3740	0.100771	-0.226	0.226
  3741	0.0631718	-0.226	0.226
  3742	0.101295	-0.226	0.226
  3743	0.0957038	-0.226	0.226
  3744	0.100819	-0.226	0.226
  3745	0.0951304	-0.226	0.226
  3746	0.0843825	-0.226	0.226
  3747	0.103049	-0.226	0.226
  3748	0.0827741	-0.226	0.226
  3749	0.0736809	-0.226	0.226
  3750	0.0964453	-0.226	0.226
  3751	0.0967888	-0.226	0.226
  3752	0.06158	-0.226	0.226
  3753	0.115145	-0.226	0.226
  3754	0.0695879	-0.226	0.226
  3755	0.0951211	-0.226	0.226
  3756	0.11522	-0.226	0.226
  3757	0.101939	-0.226	0.226
  3758	0.111182	-0.226	0.226
  3759	0.0541287	-0.226	0.226
  3760	0.0966819	-0.226	0.226
  3761	0.0956975	-0.226	0.226
  3762	0.103729	-0.226	0.226
  3763	0.112781	-0.226	0.226
  3764	0.1007	-0.226	0.226
  3765	0.068801	-0.226	0.226
  3766	0.111103	-0.226	0.226
  3767	0.0971097	-0.226	0.226
  3768	0.114188	-0.226	0.226
  3769	0.113863	-0.226	0.226
  3770	0.109386	-0.226	0.226
  3771	0.10994	-0.226	0.226
  3772	0.109283	-0.226	0.226
  3773	0.106325	-0.226	0.226
  3774	0.114541	-0.226	0.226
  3775	0.11317	-0.226	0.226
  3776	0.0718691	-0.226	0.226
  3777	0.106315	-0.226	0.226
  3778	0.0915919	-0.226	0.226
  3779	0.0873967	-0.226	0.226
  3780	0.106698	-0.226	0.226
  3781	0.111699	-0.226	0.226
  3782	0.103314	-0.226	0.226
  3783	0.0990046	-0.226	0.226
  3784	0.100666	-0.226	0.226
  3785	0.078436	-0.226	0.226
  3786	0.090098	-0.226	0.226
  3787	0.0586966	-0.226	0.226
  3788	0.103217	-0.226	0.226
  3789	0.0866982	-0.226	0.226
  3790	0.0746927	-0.226	0.226
  3791	0.0993701	-0.226	0.226
  3792	0.095732	-0.226	0.226
  3793	0.0816194	-0.226	0.226
  3794	0.0785404	-0.226	0.226
  3795	0.0972928	-0.226	0.226
  3796	0.105855	-0.226	0.226
  3797	0.0992488	-0.226	0.226
  3798	0.0720872	-0.226	0.226
  3799	0.103217	-0.226	0.226
  3800	0.0936137	-0.226	0.226
  3801	0.106557	-0.226	0.226
  3802	0.078764	-0.226	0.226
  3803	0.114572	-0.226	0.226
  3804	0.0974328	-0.226	0.226
  3805	0.0883366	-0.226	0.226
  3806	0.115043	-0.226	0.226
  3807	0.0868918	-0.226	0.226
  3808	0.104275	-0.226	0.226
  3809	0.0985422	-0.226	0.226
  3810	0.0967428	-0.226	0.226
  3811	0.101892	-0.226	0.226
  3812	0.0777678	-0.226	0.226
  3813	0.0395772	-0.226	0.226
  3814	0.110019	-0.226	0.226
  3815	0.115143	-0.226	0.226
  3816	0.0838164	-0.226	0.226
  3817	0.0611234	-0.226	0.226
  3818	0.0601137	-0.226	0.226
  3819	0.0917078	-0.226	0.226
  3820	0.115446	-0.226	0.226
  3821	0.10229	-0.226	0.226
  3822	0.0658245	-0.226	0.226
  3823	0.112227	-0.226	0.226
  3824	0.108223	-0.226	0.226
  3825	0.090235	-0.226	0.226
  3826	0.113704	-0.226	0.226
  3827	0.0797359	-0.226	0.226
  3828	0.0752073	-0.226	0.226
  3829	0.0763915	-0.226	0.226
  3830	0.101036	-0.226	0.226
  3831	0.115899	-0.226	0.226
  3832	0.0834467	-0.226	0.226
  3833	0.103474	-0.226	0.226
  3834	0.101952	-0.226	0.226
  3835	0.0734665	-0.226	0.226
  3836	0.0473192	-0.226	0.226
  3837	0.0886277	-0.226	0.226
  3838	0.0982152	-0.226	0.226
  3839	0.101042	-0.226	0.226
  3840	0.107205	-0.226	0.226
  3841	0.103368	-0.226	0.226
  3842	0.0974563	-0.226	0.226
  3843	0.0810276	-0.226	0.226
  3844	0.104655	-0.226	0.226
  3845	0.0908877	-0.226	0.226
  3846	0.0795886	-0.226	0.226
  3847	0.114864	-0.226	0.226
  3848	0.0852128	-0.226	0.226
  3849	0.0730215	-0.226	0.226
  3850	0.102358	-0.226	0.226
  3851	0.115808	-0.226	0.226
  3852	0.105917	-0.226	0.226
  3853	0.111062	-0.226	0.226
  3854	0.11465	-0.226	0.226
  3855	0.114572	-0.226	0.226
  3856	0.105957	-0.226	0.226
  3857	0.115781	-0.226	0.226
  3858	0.0823091	-0.226	0.226
  3859	0.100808	-0.226	0.226
  3860	0.0721003	-0.226	0.226
  3861	0.110235	-0.226	0.226
  3862	0.102341	-0.226	0.226
  3863	0.0860192	-0.226	0.226
  3864	0.109916	-0.226	0.226
  3865	0.10803	-0.226	0.226
  3866	0.110565	-0.226	0.226
  3867	0.0791397	-0.226	0.226
  3868	0.0972804	-0.226	0.226
  3869	0.0722802	-0.226	0.226
  3870	0.0791282	-0.226	0.226
  3871	0.111845	-0.226	0.226
  3872	0.105078	-0.226	0.226
  3873	0.0721194	-0.226	0.226
  3874	0.101431	-0.226	0.226
  3875	0.0894926	-0.226	0.226
  3876	0.0967742	-0.226	0.226
  3877	0.0999034	-0.226	0.226
  3878	0.112531	-0.226	0.226
  3879	0.0778833	-0.226	0.226
  3880	0.0884736	-0.226	0.226
  3881	0.0615881	-0.226	0.226
  3882	0.0859949	-0.226	0.226
  3883	0.0832738	-0.226	0.226
  3884	0.0901975	-0.226	0.226
  3885	0.115464	-0.226	0.226
  3886	0.065464	-0.226	0.226
  3887	0.0774139	-0.226	0.226
  3888	0.0865272	-0.226	0.226
  3889	0.11409	-0.226	0.226
  3890	0.105134	-0.226	0.226
  3891	0.0652609	-0.226	0.226
  3892	0.0782341	-0.226	0.226
  3893	0.0573128	-0.226	0.226
  3894	0.112468	-0.226	0.226
  3895	0.113122	-0.226	0.226
  3896	0.0845959	-0.226	0.226
  3897	0.0784097	-0.226	0.226
  3898	0.112635	-0.226	0.226
  3899	0.104753	-0.226	0.226
  3900	0.0806604	-0.226	0.226
  3901	0.113293	-0.226	0.226
  3902	0.0891196	-0.226	0.226
  3903	0.0680783	-0.226	0.226
  3904	0.0984253	-0.226	0.226
  3905	0.0754599	-0.226	0.226
  3906	0.101559	-0.226	0.226
  3907	0.0837289	-0.226	0.226
  3908	0.0887884	-0.226	0.226
  3909	0.110409	-0.226	0.226
  3910	0.0985471	-0.226	0.226
  3911	0.110616	-0.226	0.226
  3912	0.114325	-0.226	0.226
  3913	0.0935123	-0.226	0.226
  3914	0.0810818	-0.226	0.226
  3915	0.108807	-0.226	0.226
  3916	0.114107	-0.226	0.226
  3917	0.108863	-0.226	0.226
  3918	0.0875351	-0.226	0.226
  3919	0.0760446	-0.226	0.226
  3920	0.11459	-0.226	0.226
  3921	0.0962596	-0.226	0.226
  3922	0.104467	-0.226	0.226
  3923	0.111936	-0.226	0.226
  3924	0.0961163	-0.226	0.226
  3925	0.114787	-0.226	0.226
  3926	0.0755062	-0.226	0.226
  3927	0.100856	-0.226	0.226
  3928	0.115697	-0.226	0.226
  3929	0.111515	-0.226	0.226
  3930	0.109632	-0.226	0.226
  3931	0.101704	-0.226	0.226
  3932	0.0868001	-0.226	0.226
  3933	0.0617534	-0.226	0.226
  3934	0.10727	-0.226	0.226
  3935	0.109915	-0.226	0.226
  3936	0.0732185	-0.226	0.226
  3937	0.0739449	-0.226	0.226
  3938	0.109664	-0.226	0.226
  3939	0.107822	-0.226	0.226
  3940	0.113562	-0.226	0.226
  3941	0.11159	-0.226	0.226
  3942	0.0832244	-0.226	0.226
  3943	0.109936	-0.226	0.226
  3944	0.0682615	-0.226	0.226
  3945	0.108322	-0.226	0.226
  3946	0.101276	-0.226	0.226
  3947	0.0961601	-0.226	0.226
  3948	0.114488	-0.226	0.226
  3949	0.0896408	-0.226	0.226
  3950	0.0541964	-0.226	0.226
  3951	0.0897265	-0.226	0.226
  3952	0.110349	-0.226	0.226
  3953	0.107708	-0.226	0.226
  3954	0.114232	-0.226	0.226
  3955	0.100431	-0.226	0.226
  3956	0.103418	-0.226	0.226
  3957	0.0835792	-0.226	0.226
  3958	0.109637	-0.226	0.226
  3959	0.0549072	-0.226	0.226
  3960	0.112618	-0.226	0.226
  3961	0.115362	-0.226	0.226
  3962	0.0892097	-0.226	0.226
  3963	0.10848	-0.226	0.226
  3964	0.0715689	-0.226	0.226
  3965	0.0743788	-0.226	0.226
  3966	0.0551439	-0.226	0.226
  3967	0.0471826	-0.226	0.226
  3968	0.0775091	-0.226	0.226
  3969	0.115342	-0.226	0.226
  3970	0.100186	-0.226	0.226
  3971	0.101851	-0.226	0.226
  3972	0.0407833	-0.226	0.226
  3973	0.0983859	-0.226	0.226
  3974	0.0934682	-0.226	0.226
  3975	0.111995	-0.226	0.226
  3976	0.111521	-0.226	0.226
  3977	0.112896	-0.226	0.226
  3978	0.0851473	-0.226	0.226
  3979	0.103982	-0.226	0.226
  3980	0.112616	-0.226	0.226
  3981	0.0969325	-0.226	0.226
  3982	0.0772677	-0.226	0.226
  3983	0.083349	-0.226	0.226
  3984	0.0899415	-0.226	0.226
  3985	0.09463	-0.226	0.226
  3986	0.0814068	-0.226	0.226
  3987	0.0991121	-0.226	0.226
  3988	0.066306	-0.226	0.226
  3989	0.0789473	-0.226	0.226
  3990	0.0930391	-0.226	0.226
  3991	0.0956584	-0.226	0.226
  3992	0.111744	-0.226	0.226
  3993	0.0624149	-0.226	0.226
  3994	0.0999618	-0.226	0.226
  3995	0.049543	-0.226	0.226
  3996	0.11226	-0.226	0.226
  3997	0.111663	-0.226	0.226
  3998	0.0846594	-0.226	0.226
  3999	0.0538689	-0.226	0.226
  4000	0.102189	-0.226	0.226
  4001	0.0879591	-0.226	0.226
  4002	0.0919004	-0.226	0.226
  4003	0.0713687	-0.226	0.226
  4004	0.108309	-0.226	0.226
  4005	0.0938676	-0.226	0.226
  4006	0.0680536	-0.226	0.226
  4007	0.107249	-0.226	0.226
  4008	0.110973	-0.226	0.226
  4009	0.0352801	-0.226	0.226
  4010	0.072782	-0.226	0.226
  4011	0.113233	-0.226	0.226
  4012	0.0972518	-0.226	0.226
  4013	0.106644	-0.226	0.226
  4014	0.0960162	-0.226	0.226
  4015	0.0972972	-0.226	0.226
  4016	0.0944847	-0.226	0.226
  4017	0.0893762	-0.226	0.226
  4018	0.0639139	-0.226	0.226
  4019	0.077759	-0.226	0.226
  4020	0.0726215	-0.226	0.226
  4021	0.0835504	-0.226	0.226
  4022	0.108663	-0.226	0.226
  4023	0.0865833	-0.226	0.226
  4024	0.107773	-0.226	0.226
  4025	0.0834113	-0.226	0.226
  4026	0.0785141	-0.226	0.226
  4027	0.0681974	-0.226	0.226
  4028	0.0926982	-0.226	0.226
  4029	0.109298	-0.226	0.226
  4030	0.0889893	-0.226	0.226
  4031	0.0993712	-0.226	0.226
  4032	0.11515	-0.226	0.226
  4033	0.105913	-0.226	0.226
  4034	0.108379	-0.226	0.226
  4035	0.098708	-0.226	0.226
  4036	0.115118	-0.226	0.226
  4037	0.0861446	-0.226	0.226
  4038	0.0738379	-0.226	0.226
  4039	0.113818	-0.226	0.226
  4040	0.106587	-0.226	0.226
  4041	0.105201	-0.226	0.226
  4042	0.106904	-0.226	0.226
  4043	0.114912	-0.226	0.226
  4044	0.0588522	-0.226	0.226
  4045	0.0948593	-0.226	0.226
  4046	0.115566	-0.226	0.226
  4047	0.103717	-0.226	0.226
  4048	0.112743	-0.226	0.226
  4049	0.110015	-0.226	0.226
  4050	0.0545776	-0.226	0.226
  4051	0.102216	-0.226	0.226
  4052	0.0979821	-0.226	0.226
  4053	0.0955229	-0.226	0.226
  4054	0.102577	-0.226	0.226
  4055	0.104663	-0.226	0.226
  4056	0.0661536	-0.226	0.226
  4057	0.116482	-0.226	0.226
  4058	0.110065	-0.226	0.226
  4059	0.0887608	-0.226	0.226
  4060	0.0792448	-0.226	0.226
  4061	0.0897618	-0.226	0.226
  4062	0.0937844	-0.226	0.226
  4063	0.0883521	-0.226	0.226
  4064	0.0671754	-0.226	0.226
  4065	0.110219	-0.226	0.226
  4066	0.0917654	-0.226	0.226
  4067	0.060132	-0.226	0.226
  4068	0.114233	-0.226	0.226
  4069	0.0841504	-0.226	0.226
  4070	0.0741884	-0.226	0.226
  4071	0.0663857	-0.226	0.226
  4072	0.0827362	-0.226	0.226
  4073	0.0936375	-0.226	0.226
  4074	0.11119	-0.226	0.226
  4075	0.115686	-0.226	0.226
  4076	0.110525	-0.226	0.226
  4077	0.104435	-0.226	0.226
  4078	0.0375199	-0.226	0.226
  4079	0.113014	-0.226	0.226
  4080	0.108073	-0.226	0.226
  4081	0.115631	-0.226	0.226
  4082	0.0884701	-0.226	0.226
  4083	0.0973728	-0.226	0.226
  4084	0.113999	-0.226	0.226
  4085	0.0755075	-0.226	0.226
  4086	0.103291	-0.226	0.226
  4087	0.0877334	-0.226	0.226
  4088	0.0799437	-0.226	0.226
  4089	0.0925059	-0.226	0.226
  4090	0.109865	-0.226	0.226
  4091	0.080921	-0.226	0.226
  4092	0.0822337	-0.226	0.226
  4093	0.110698	-0.226	0.226
  4094	0.0923483	-0.226	0.226
  4095	0.0772346	-0.226	0.226
  4096	0.107313	-0.226	0.226
  4097	0.107341	-0.226	0.226
  4098	0.0910451	-0.226	0.226
  4099	0.0754392	-0.226	0.226
  4100	0.107314	-0.226	0.226
  4101	0.100192	-0.226	0.226
  4102	0.0959439	-0.226	0.226
  4103	0.0805497	-0.226	0.226
  4104	0.112281	-0.226	0.226
  4105	0.114611	-0.226	0.226
  4106	0.114051	-0.226	0.226
  4107	0.0504239	-0.226	0.226
  4108	0.0861363	-0.226	0.226
  4109	0.0712626	-0.226	0.226
  4110	0.10638	-0.226	0.226
  4111	0.11139	-0.226	0.226
  4112	0.103363	-0.226	0.226
  4113	0.116596	-0.226	0.226
  4114	0.0881821	-0.226	0.226
  4115	0.113198	-0.226	0.226
  4116	0.0324224	-0.226	0.226
  4117	0.0999632	-0.226	0.226
  4118	0.083446	-0.226	0.226
  4119	0.0991152	-0.226	0.226
  4120	0.108821	-0.226	0.226
  4121	0.0692548	-0.226	0.226
  4122	0.0883303	-0.226	0.226
  4123	0.0832612	-0.226	0.226
  4124	0.115846	-0.226	0.226
  4125	0.0704148	-0.226	0.226
  4126	0.0980596	-0.226	0.226
  4127	0.112643	-0.226	0.226
  4128	0.116544	-0.226	0.226
  4129	0.10551	-0.226	0.226
  4130	0.109767	-0.226	0.226
  4131	0.0970724	-0.226	0.226
  4132	0.0761037	-0.226	0.226
  4133	0.0696915	-0.226	0.226
  4134	0.105588	-0.226	0.226
  4135	0.100004	-0.226	0.226
  4136	0.105638	-0.226	0.226
  4137	0.0628733	-0.226	0.226
  4138	0.0969608	-0.226	0.226
  4139	0.0940421	-0.226	0.226
  4140	0.0772631	-0.226	0.226
  4141	0.114419	-0.226	0.226
  4142	0.0930766	-0.226	0.226
  4143	0.0942656	-0.226	0.226
  4144	0.0708397	-0.226	0.226
  4145	0.090899	-0.226	0.226
  4146	0.112409	-0.226	0.226
  4147	0.111113	-0.226	0.226
  4148	0.0926236	-0.226	0.226
  4149	0.099468	-0.226	0.226
  4150	0.0845909	-0.226	0.226
  4151	0.0548831	-0.226	0.226
  4152	0.106409	-0.226	0.226
  4153	0.103343	-0.226	0.226
  4154	0.0628791	-0.226	0.226
  4155	0.107337	-0.226	0.226
  4156	0.106352	-0.226	0.226
  4157	0.100583	-0.226	0.226
  4158	0.0976427	-0.226	0.226
  4159	0.0763402	-0.226	0.226
  4160	0.0599108	-0.226	0.226
  4161	0.036188	-0.226	0.226
  4162	0.0689139	-0.226	0.226
  4163	0.105311	-0.226	0.226
  4164	0.10405	-0.226	0.226
  4165	0.110358	-0.226	0.226
  4166	0.0700771	-0.226	0.226
  4167	0.0896867	-0.226	0.226
  4168	0.06053	-0.226	0.226
  4169	0.112778	-0.226	0.226
  4170	0.0885382	-0.226	0.226
  4171	0.0427156	-0.226	0.226
  4172	0.0896692	-0.226	0.226
  4173	0.114253	-0.226	0.226
  4174	0.105116	-0.226	0.226
  4175	0.111784	-0.226	0.226
  4176	0.09308	-0.226	0.226
  4177	0.102061	-0.226	0.226
  4178	0.0736189	-0.226	0.226
  4179	0.111385	-0.226	0.226
  4180	0.115238	-0.226	0.226
  4181	0.111262	-0.226	0.226
  4182	0.0945651	-0.226	0.226
  4183	0.0846516	-0.226	0.226
  4184	0.113077	-0.226	0.226
  4185	0.069594	-0.226	0.226
  4186	0.0657111	-0.226	0.226
  4187	0.115544	-0.226	0.226
  4188	0.0932194	-0.226	0.226
  4189	0.0956825	-0.226	0.226
  4190	0.11548	-0.226	0.226
  4191	0.0839001	-0.226	0.226
  4192	0.094525	-0.226	0.226
  4193	0.0596719	-0.226	0.226
  4194	0.0580015	-0.226	0.226
  4195	0.10126	-0.226	0.226
  4196	0.112353	-0.226	0.226
  4197	0.099165	-0.226	0.226
  4198	0.0951707	-0.226	0.226
  4199	0.0918114	-0.226	0.226
  4200	0.105562	-0.226	0.226
  4201	0.114664	-0.226	0.226
  4202	0.110327	-0.226	0.226
  4203	0.112026	-0.226	0.226
  4204	0.0953642	-0.226	0.226
  4205	0.104328	-0.226	0.226
  4206	0.0732761	-0.226	0.226
  4207	0.112947	-0.226	0.226
  4208	0.106244	-0.226	0.226
  4209	0.0994223	-0.226	0.226
  4210	0.104323	-0.226	0.226
  4211	0.101206	-0.226	0.226
  4212	0.0994149	-0.226	0.226
  4213	0.0694306	-0.226	0.226
  4214	0.112865	-0.226	0.226
  4215	0.0782331	-0.226	0.226
  4216	0.108791	-0.226	0.226
  4217	0.114241	-0.226	0.226
  4218	0.0799397	-0.226	0.226
  4219	0.0702879	-0.226	0.226
  4220	0.108235	-0.226	0.226
  4221	0.0333632	-0.226	0.226
  4222	0.11352	-0.226	0.226
  4223	0.112889	-0.226	0.226
  4224	0.0819225	-0.226	0.226
  4225	0.0542322	-0.226	0.226
  4226	0.0931244	-0.226	0.226
  4227	0.112476	-0.226	0.226
  4228	0.109718	-0.226	0.226
  4229	0.0891148	-0.226	0.226
  4230	0.087873	-0.226	0.226
  4231	0.0906594	-0.226	0.226
  4232	0.102414	-0.226	0.226
  4233	0.0786316	-0.226	0.226
  4234	0.10023	-0.226	0.226
  4235	0.102308	-0.226	0.226
  4236	0.0730391	-0.226	0.226
  4237	0.0886785	-0.226	0.226
  4238	0.0651359	-0.226	0.226
  4239	0.0923274	-0.226	0.226
  4240	0.0975462	-0.226	0.226
  4241	0.0951373	-0.226	0.226
  4242	0.0935187	-0.226	0.226
  4243	0.0802409	-0.226	0.226
  4244	0.0890295	-0.226	0.226
  4245	0.0856787	-0.226	0.226
  4246	0.116131	-0.226	0.226
  4247	0.105781	-0.226	0.226
  4248	0.0891348	-0.226	0.226
  4249	0.0971604	-0.226	0.226
  4250	0.106003	-0.226	0.226
  4251	0.101523	-0.226	0.226
  4252	0.0748014	-0.226	0.226
  4253	0.113255	-0.226	0.226
  4254	0.109255	-0.226	0.226
  4255	0.0920094	-0.226	0.226
  4256	0.0892012	-0.226	0.226
  4257	0.107635	-0.226	0.226
  4258	0.0998901	-0.226	0.226
  4259	0.111985	-0.226	0.226
  4260	0.103209	-0.226	0.226
  4261	0.0943639	-0.226	0.226
  4262	0.103421	-0.226	0.226
  4263	0.108955	-0.226	0.226
  4264	0.0556688	-0.226	0.226
  4265	0.095241	-0.226	0.226
  4266	0.101057	-0.226	0.226
  4267	0.0862545	-0.226	0.226
  4268	0.0614228	-0.226	0.226
  4269	0.074717	-0.226	0.226
  4270	0.0850649	-0.226	0.226
  4271	0.0856344	-0.226	0.226
  4272	0.0656193	-0.226	0.226
  4273	0.092248	-0.226	0.226
  4274	0.108967	-0.226	0.226
  4275	0.103875	-0.226	0.226
  4276	0.0629914	-0.226	0.226
  4277	0.0812273	-0.226	0.226
  4278	0.106777	-0.226	0.226
  4279	0.0909155	-0.226	0.226
  4280	0.114652	-0.226	0.226
  4281	0.0961276	-0.226	0.226
  4282	0.112395	-0.226	0.226
  4283	0.098986	-0.226	0.226
  4284	0.0719714	-0.226	0.226
  4285	0.0563612	-0.226	0.226
  4286	0.114447	-0.226	0.226
  4287	0.0872446	-0.226	0.226
  4288	0.115456	-0.226	0.226
  4289	0.0949449	-0.226	0.226
  4290	0.0984586	-0.226	0.226
  4291	0.114297	-0.226	0.226
  4292	0.0769397	-0.226	0.226
  4293	0.102926	-0.226	0.226
  4294	0.0797982	-0.226	0.226
  4295	0.0988008	-0.226	0.226
  4296	0.0907595	-0.226	0.226
  4297	0.0885297	-0.226	0.226
  4298	0.112889	-0.226	0.226
  4299	0.0730057	-0.226	0.226
  4300	0.107888	-0.226	0.226
  4301	0.100287	-0.226	0.226
  4302	0.0983768	-0.226	0.226
  4303	0.0857215	-0.226	0.226
  4304	0.0786038	-0.226	0.226
  4305	0.0684456	-0.226	0.226
  4306	0.115764	-0.226	0.226
  4307	0.106199	-0.226	0.226
  4308	0.115726	-0.226	0.226
  4309	0.101952	-0.226	0.226
  4310	0.080068	-0.226	0.226
  4311	0.1054	-0.226	0.226
  4312	0.0906163	-0.226	0.226
  4313	0.113633	-0.226	0.226
  4314	0.088569	-0.226	0.226
  4315	0.0732823	-0.226	0.226
  4316	0.0979763	-0.226	0.226
  4317	0.0708413	-0.226	0.226
  4318	0.0993744	-0.226	0.226
  4319	0.0739443	-0.226	0.226
  4320	0.0912386	-0.226	0.226
  4321	0.0676072	-0.226	0.226
  4322	0.105256	-0.226	0.226
  4323	0.0974464	-0.226	0.226
  4324	0.115635	-0.226	0.226
  4325	0.0936852	-0.226	0.226
  4326	0.0393262	-0.226	0.226
  4327	0.108004	-0.226	0.226
  4328	0.0861168	-0.226	0.226
  4329	0.0748156	-0.226	0.226
  4330	0.0954916	-0.226	0.226
  4331	0.109873	-0.226	0.226
  4332	0.0882214	-0.226	0.226
  4333	0.103839	-0.226	0.226
  4334	0.0751431	-0.226	0.226
  4335	0.0748492	-0.226	0.226
  4336	0.0960821	-0.226	0.226
  4337	0.107348	-0.226	0.226
  4338	0.0986272	-0.226	0.226
  4339	0.104192	-0.226	0.226
  4340	0.108537	-0.226	0.226
  4341	0.0680374	-0.226	0.226
  4342	0.0961836	-0.226	0.226
  4343	0.0438816	-0.226	0.226
  4344	0.0291281	-0.226	0.226
  4345	0.113992	-0.226	0.226
  4346	0.103206	-0.226	0.226
  4347	0.0806579	-0.226	0.226
  4348	0.0663203	-0.226	0.226
  4349	0.0762745	-0.226	0.226
  4350	0.0547294	-0.226	0.226
  4351	0.0943753	-0.226	0.226
  4352	0.0826416	-0.226	0.226
  4353	0.105048	-0.226	0.226
  4354	0.0888935	-0.226	0.226
  4355	0.106688	-0.226	0.226
  4356	0.0693374	-0.226	0.226
  4357	0.0912525	-0.226	0.226
  4358	0.0927452	-0.226	0.226
  4359	0.0925649	-0.226	0.226
  4360	0.0978764	-0.226	0.226
  4361	0.0961558	-0.226	0.226
  4362	0.101529	-0.226	0.226
  4363	0.105888	-0.226	0.226
  4364	0.0626034	-0.226	0.226
  4365	0.104718	-0.226	0.226
  4366	0.0892153	-0.226	0.226
  4367	0.0767732	-0.226	0.226
  4368	0.05489	-0.226	0.226
  4369	0.0975762	-0.226	0.226
  4370	0.108762	-0.226	0.226
  4371	0.113614	-0.226	0.226
  4372	0.088487	-0.226	0.226
  4373	0.0948378	-0.226	0.226
  4374	0.0776428	-0.226	0.226
  4375	0.0712053	-0.226	0.226
  4376	0.0932995	-0.226	0.226
  4377	0.0951091	-0.226	0.226
  4378	0.101663	-0.226	0.226
  4379	0.100047	-0.226	0.226
  4380	0.0923287	-0.226	0.226
  4381	0.10787	-0.226	0.226
  4382	0.0613928	-0.226	0.226
  4383	0.0928564	-0.226	0.226
  4384	0.0956375	-0.226	0.226
  4385	0.100035	-0.226	0.226
  4386	0.0834221	-0.226	0.226
  4387	0.115991	-0.226	0.226
  4388	0.10666	-0.226	0.226
  4389	0.0998466	-0.226	0.226
  4390	0.115636	-0.226	0.226
  4391	0.102067	-0.226	0.226
  4392	0.0933019	-0.226	0.226
  4393	0.087659	-0.226	0.226
  4394	0.0912962	-0.226	0.226
  4395	0.0562153	-0.226	0.226
  4396	0.110288	-0.226	0.226
  4397	0.0775669	-0.226	0.226
  4398	0.0882136	-0.226	0.226
  4399	0.0707726	-0.226	0.226
  4400	0.0690689	-0.226	0.226
  4401	0.114011	-0.226	0.226
  4402	0.114361	-0.226	0.226
  4403	0.0935339	-0.226	0.226
  4404	0.0860755	-0.226	0.226
  4405	0.0875926	-0.226	0.226
  4406	0.066376	-0.226	0.226
  4407	0.0972027	-0.226	0.226
  4408	0.100243	-0.226	0.226
  4409	0.0930503	-0.226	0.226
  4410	0.0929909	-0.226	0.226
  4411	0.112893	-0.226	0.226
  4412	0.113545	-0.226	0.226
  4413	0.0920519	-0.226	0.226
  4414	0.0651007	-0.226	0.226
  4415	0.0999689	-0.226	0.226
  4416	0.102411	-0.226	0.226
  4417	0.104727	-0.226	0.226
  4418	0.0831067	-0.226	0.226
  4419	0.114729	-0.226	0.226
  4420	0.106882	-0.226	0.226
  4421	0.0961893	-0.226	0.226
  4422	0.103664	-0.226	0.226
  4423	0.0828439	-0.226	0.226
  4424	0.104411	-0.226	0.226
  4425	0.109207	-0.226	0.226
  4426	0.0877133	-0.226	0.226
  4427	0.0975767	-0.226	0.226
  4428	0.116044	-0.226	0.226
  4429	0.113685	-0.226	0.226
  4430	0.0952639	-0.226	0.226
  4431	0.111551	-0.226	0.226
  4432	0.0576799	-0.226	0.226
  4433	0.0588791	-0.226	0.226
  4434	0.113184	-0.226	0.226
  4435	0.0996888	-0.226	0.226
  4436	0.109165	-0.226	0.226
  4437	0.0847387	-0.226	0.226
  4438	0.0764086	-0.226	0.226
  4439	0.0838868	-0.226	0.226
  4440	0.0673271	-0.226	0.226
  4441	0.10186	-0.226	0.226
  4442	0.089271	-0.226	0.226
  4443	0.0408809	-0.226	0.226
  4444	0.0730354	-0.226	0.226
  4445	0.0721217	-0.226	0.226
  4446	0.0956036	-0.226	0.226
  4447	0.0915093	-0.226	0.226
  4448	0.0587511	-0.226	0.226
  4449	0.08488	-0.226	0.226
  4450	0.093313	-0.226	0.226
  4451	0.113941	-0.226	0.226
  4452	0.0535382	-0.226	0.226
  4453	0.10148	-0.226	0.226
  4454	0.104323	-0.226	0.226
  4455	0.0597899	-0.226	0.226
  4456	0.110769	-0.226	0.226
  4457	0.0876576	-0.226	0.226
  4458	0.0774748	-0.226	0.226
  4459	0.0866325	-0.226	0.226
  4460	0.10824	-0.226	0.226
  4461	0.114809	-0.226	0.226
  4462	0.0951083	-0.226	0.226
  4463	0.0812716	-0.226	0.226
  4464	0.077747	-0.226	0.226
  4465	0.0625734	-0.226	0.226
  4466	0.112006	-0.226	0.226
  4467	0.109308	-0.226	0.226
  4468	0.0879085	-0.226	0.226
  4469	0.0964315	-0.226	0.226
  4470	0.0690435	-0.226	0.226
  4471	0.106978	-0.226	0.226
  4472	0.106502	-0.226	0.226
  4473	0.0729302	-0.226	0.226
  4474	0.0766625	-0.226	0.226
  4475	0.0990534	-0.226	0.226
  4476	0.0863535	-0.226	0.226
  4477	0.0910542	-0.226	0.226
  4478	0.08169	-0.226	0.226
  4479	0.0749214	-0.226	0.226
  4480	0.0998624	-0.226	0.226
  4481	0.0941176	-0.226	0.226
  4482	0.0814008	-0.226	0.226
  4483	0.0929961	-0.226	0.226
  4484	0.106839	-0.226	0.226
  4485	0.0758191	-0.226	0.226
  4486	0.0843579	-0.226	0.226
  4487	0.0850436	-0.226	0.226
  4488	0.0891526	-0.226	0.226
  4489	0.0927256	-0.226	0.226
  4490	0.108823	-0.226	0.226
  4491	0.0954077	-0.226	0.226
  4492	0.115221	-0.226	0.226
  4493	0.113965	-0.226	0.226
  4494	0.107138	-0.226	0.226
  4495	0.072388	-0.226	0.226
  4496	0.103457	-0.226	0.226
  4497	0.115066	-0.226	0.226
  4498	0.113266	-0.226	0.226
  4499	0.0980027	-0.226	0.226
  4500	0.107755	-0.226	0.226
  4501	0.0924933	-0.226	0.226
  4502	0.115278	-0.226	0.226
  4503	0.0890634	-0.226	0.226
  4504	0.088703	-0.226	0.226
  4505	0.0922446	-0.226	0.226
  4506	0.104391	-0.226	0.226
  4507	0.0732676	-0.226	0.226
  4508	0.0928583	-0.226	0.226
  4509	0.0686414	-0.226	0.226
  4510	0.0846375	-0.226	0.226
  4511	0.100256	-0.226	0.226
  4512	0.0677242	-0.226	0.226
  4513	0.0861268	-0.226	0.226
  4514	0.106249	-0.226	0.226
  4515	0.0560376	-0.226	0.226
  4516	0.0697705	-0.226	0.226
  4517	0.0748285	-0.226	0.226
  4518	0.0887987	-0.226	0.226
  4519	0.0951561	-0.226	0.226
  4520	0.0472294	-0.226	0.226
  4521	0.0809014	-0.226	0.226
  4522	0.0879275	-0.226	0.226
  4523	0.10794	-0.226	0.226
  4524	0.112139	-0.226	0.226
  4525	0.102581	-0.226	0.226
  4526	0.106705	-0.226	0.226
  4527	0.11129	-0.226	0.226
  4528	0.0856781	-0.226	0.226
  4529	0.0915292	-0.226	0.226
  4530	0.111923	-0.226	0.226
  4531	0.11292	-0.226	0.226
  4532	0.0811779	-0.226	0.226
  4533	0.110976	-0.226	0.226
  4534	0.104621	-0.226	0.226
  4535	0.101237	-0.226	0.226
  4536	0.0882721	-0.226	0.226
  4537	0.102961	-0.226	0.226
  4538	0.0906909	-0.226	0.226
  4539	0.109986	-0.226	0.226
  4540	0.115366	-0.226	0.226
  4541	0.107086	-0.226	0.226
  4542	0.0935935	-0.226	0.226
  4543	0.111158	-0.226	0.226
  4544	0.106268	-0.226	0.226
  4545	0.10499	-0.226	0.226
  4546	0.11486	-0.226	0.226
  4547	0.079056	-0.226	0.226
  4548	0.101987	-0.226	0.226
  4549	0.1144	-0.226	0.226
  4550	0.111241	-0.226	0.226
  4551	0.0926508	-0.226	0.226
  4552	0.105131	-0.226	0.226
  4553	0.0971161	-0.226	0.226
  4554	0.115022	-0.226	0.226
  4555	0.0773247	-0.226	0.226
  4556	0.102414	-0.226	0.226
  4557	0.111289	-0.226	0.226
  4558	0.105518	-0.226	0.226
  4559	0.0954868	-0.226	0.226
  4560	0.111565	-0.226	0.226
  4561	0.0927424	-0.226	0.226
  4562	0.0735111	-0.226	0.226
  4563	0.108196	-0.226	0.226
  4564	0.113071	-0.226	0.226
  4565	0.0958588	-0.226	0.226
  4566	0.0614965	-0.226	0.226
  4567	0.0756216	-0.226	0.226
  4568	0.114399	-0.226	0.226
  4569	0.0961615	-0.226	0.226
  4570	0.0876206	-0.226	0.226
  4571	0.11023	-0.226	0.226
  4572	0.102309	-0.226	0.226
  4573	0.0678346	-0.226	0.226
  4574	0.110985	-0.226	0.226
  4575	0.0927871	-0.226	0.226
  4576	0.0814147	-0.226	0.226
  4577	0.102314	-0.226	0.226
  4578	0.0967521	-0.226	0.226
  4579	0.0959701	-0.226	0.226
  4580	0.115158	-0.226	0.226
  4581	0.100621	-0.226	0.226
  4582	0.10547	-0.226	0.226
  4583	0.110368	-0.226	0.226
  4584	0.0990001	-0.226	0.226
  4585	0.110554	-0.226	0.226
  4586	0.0869527	-0.226	0.226
  4587	0.0273618	-0.226	0.226
  4588	0.0670395	-0.226	0.226
  4589	0.0985873	-0.226	0.226
  4590	0.0835243	-0.226	0.226
  4591	0.0900875	-0.226	0.226
  4592	0.114075	-0.226	0.226
  4593	0.101173	-0.226	0.226
  4594	0.0900906	-0.226	0.226
  4595	0.067026	-0.226	0.226
  4596	0.104295	-0.226	0.226
  4597	0.111121	-0.226	0.226
  4598	0.115521	-0.226	0.226
  4599	0.0865593	-0.226	0.226
  4600	0.0726219	-0.226	0.226
  4601	0.114448	-0.226	0.226
  4602	0.111011	-0.226	0.226
  4603	0.0781077	-0.226	0.226
  4604	0.0830253	-0.226	0.226
  4605	0.0987092	-0.226	0.226
  4606	0.0974248	-0.226	0.226
  4607	0.10819	-0.226	0.226
  4608	0.11313	-0.226	0.226
  4609	0.0977571	-0.226	0.226
  4610	0.0620447	-0.226	0.226
  4611	0.0855948	-0.226	0.226
  4612	0.0811111	-0.226	0.226
  4613	0.0680309	-0.226	0.226
  4614	0.090911	-0.226	0.226
  4615	0.11255	-0.226	0.226
  4616	0.115321	-0.226	0.226
  4617	0.0244609	-0.226	0.226
  4618	0.115575	-0.226	0.226
  4619	0.104735	-0.226	0.226
  4620	0.0847119	-0.226	0.226
  4621	0.0840474	-0.226	0.226
  4622	0.0807852	-0.226	0.226
  4623	0.105338	-0.226	0.226
  4624	0.0717888	-0.226	0.226
  4625	0.0946651	-0.226	0.226
  4626	0.101612	-0.226	0.226
  4627	0.104842	-0.226	0.226
  4628	0.0789176	-0.226	0.226
  4629	0.109102	-0.226	0.226
  4630	0.0615593	-0.226	0.226
  4631	0.0606807	-0.226	0.226
  4632	0.106663	-0.226	0.226
  4633	0.103038	-0.226	0.226
  4634	0.0770706	-0.226	0.226
  4635	0.0998404	-0.226	0.226
  4636	0.102903	-0.226	0.226
  4637	0.0772832	-0.226	0.226
  4638	0.0840714	-0.226	0.226
  4639	0.112395	-0.226	0.226
  4640	0.0831611	-0.226	0.226
  4641	0.108018	-0.226	0.226
  4642	0.106193	-0.226	0.226
  4643	0.103838	-0.226	0.226
  4644	0.111868	-0.226	0.226
  4645	0.10508	-0.226	0.226
  4646	0.113401	-0.226	0.226
  4647	0.0885431	-0.226	0.226
  4648	0.112614	-0.226	0.226
  4649	0.105829	-0.226	0.226
  4650	0.081459	-0.226	0.226
  4651	0.0569125	-0.226	0.226
  4652	0.0847723	-0.226	0.226
  4653	0.0885459	-0.226	0.226
  4654	0.1141	-0.226	0.226
  4655	0.0635974	-0.226	0.226
  4656	0.107506	-0.226	0.226
  4657	0.110231	-0.226	0.226
  4658	0.0873802	-0.226	0.226
  4659	0.114559	-0.226	0.226
  4660	0.102142	-0.226	0.226
  4661	0.0988411	-0.226	0.226
  4662	0.112893	-0.226	0.226
  4663	0.0992014	-0.226	0.226
  4664	0.111934	-0.226	0.226
  4665	0.0829056	-0.226	0.226
  4666	0.0873126	-0.226	0.226
  4667	0.0978727	-0.226	0.226
  4668	0.0822268	-0.226	0.226
  4669	0.069856	-0.226	0.226
  4670	0.0701867	-0.226	0.226
  4671	0.0969378	-0.226	0.226
  4672	0.0967046	-0.226	0.226
  4673	0.116334	-0.226	0.226
  4674	0.0730662	-0.226	0.226
  4675	0.114936	-0.226	0.226
  4676	0.0792041	-0.226	0.226
  4677	0.111387	-0.226	0.226
  4678	0.0474682	-0.226	0.226
  4679	0.1121	-0.226	0.226
  4680	0.0682281	-0.226	0.226
  4681	0.115375	-0.226	0.226
  4682	0.0997695	-0.226	0.226
  4683	0.103712	-0.226	0.226
  4684	0.0838486	-0.226	0.226
  4685	0.0644747	-0.226	0.226
  4686	0.0766704	-0.226	0.226
  4687	0.0771028	-0.226	0.226
  4688	0.100795	-0.226	0.226
  4689	0.0567432	-0.226	0.226
  4690	0.101046	-0.226	0.226
  4691	0.0840548	-0.226	0.226
  4692	0.10015	-0.226	0.226
  4693	0.0775256	-0.226	0.226
  4694	0.116168	-0.226	0.226
  4695	0.112338	-0.226	0.226
  4696	0.107238	-0.226	0.226
  4697	0.109668	-0.226	0.226
  4698	0.0753953	-0.226	0.226
  4699	0.111634	-0.226	0.226
  4700	0.0673249	-0.226	0.226
  4701	0.0621622	-0.226	0.226
  4702	0.0811586	-0.226	0.226
  4703	0.0734027	-0.226	0.226
  4704	0.0963147	-0.226	0.226
  4705	0.113847	-0.226	0.226
  4706	0.0883052	-0.226	0.226
  4707	0.107804	-0.226	0.226
  4708	0.0872535	-0.226	0.226
  4709	0.0907175	-0.226	0.226
  4710	0.0849547	-0.226	0.226
  4711	0.0598753	-0.226	0.226
  4712	0.0590252	-0.226	0.226
  4713	0.0709611	-0.226	0.226
  4714	0.0867037	-0.226	0.226
  4715	0.0997586	-0.226	0.226
  4716	0.0781535	-0.226	0.226
  4717	0.0965764	-0.226	0.226
  4718	0.0803915	-0.226	0.226
  4719	0.0917649	-0.226	0.226
  4720	0.0981688	-0.226	0.226
  4721	0.0924371	-0.226	0.226
  4722	0.0625038	-0.226	0.226
  4723	0.0529694	-0.226	0.226
  4724	0.109245	-0.226	0.226
  4725	0.0367793	-0.226	0.226
  4726	0.0998306	-0.226	0.226
  4727	0.109843	-0.226	0.226
  4728	0.111877	-0.226	0.226
  4729	0.0973393	-0.226	0.226
  4730	0.0718047	-0.226	0.226
  4731	0.112788	-0.226	0.226
  4732	0.0999694	-0.226	0.226
  4733	0.0786217	-0.226	0.226
  4734	0.0934433	-0.226	0.226
  4735	0.114584	-0.226	0.226
  4736	0.0710261	-0.226	0.226
  4737	0.0857034	-0.226	0.226
  4738	0.0665033	-0.226	0.226
  4739	0.116019	-0.226	0.226
  4740	0.107889	-0.226	0.226
  4741	0.0991824	-0.226	0.226
  4742	0.114339	-0.226	0.226
  4743	0.0919582	-0.226	0.226
  4744	0.0549078	-0.226	0.226
  4745	0.10623	-0.226	0.226
  4746	0.0995652	-0.226	0.226
  4747	0.105977	-0.226	0.226
  4748	0.0976223	-0.226	0.226
  4749	0.112067	-0.226	0.226
  4750	0.107378	-0.226	0.226
  4751	0.0955269	-0.226	0.226
  4752	0.108481	-0.226	0.226
  4753	0.113133	-0.226	0.226
  4754	0.0913163	-0.226	0.226
  4755	0.107725	-0.226	0.226
  4756	0.109	-0.226	0.226
  4757	0.11394	-0.226	0.226
  4758	0.103481	-0.226	0.226
  4759	0.0876686	-0.226	0.226
  4760	0.0577606	-0.226	0.226
  4761	0.0910394	-0.226	0.226
  4762	0.103565	-0.226	0.226
  4763	0.0975211	-0.226	0.226
  4764	0.109702	-0.226	0.226
  4765	0.075132	-0.226	0.226
  4766	0.0892298	-0.226	0.226
  4767	0.101418	-0.226	0.226
  4768	0.102136	-0.226	0.226
  4769	0.100935	-0.226	0.226
  4770	0.0886294	-0.226	0.226
  4771	0.105465	-0.226	0.226
  4772	0.0943371	-0.226	0.226
  4773	0.109932	-0.226	0.226
  4774	0.114561	-0.226	0.226
  4775	0.104003	-0.226	0.226
  4776	0.113422	-0.226	0.226
  4777	0.115612	-0.226	0.226
  4778	0.102881	-0.226	0.226
  4779	0.0973915	-0.226	0.226
  4780	0.088356	-0.226	0.226
  4781	0.113211	-0.226	0.226
  4782	0.0978466	-0.226	0.226
  4783	0.108492	-0.226	0.226
  4784	0.0948008	-0.226	0.226
  4785	0.102776	-0.226	0.226
  4786	0.0694959	-0.226	0.226
  4787	0.103376	-0.226	0.226
  4788	0.11098	-0.226	0.226
  4789	0.0605789	-0.226	0.226
  4790	0.111435	-0.226	0.226
  4791	0.0886201	-0.226	0.226
  4792	0.0890724	-0.226	0.226
  4793	0.0904364	-0.226	0.226
  4794	0.109885	-0.226	0.226
  4795	0.0810479	-0.226	0.226
  4796	0.0879299	-0.226	0.226
  4797	0.0984224	-0.226	0.226
  4798	0.0905382	-0.226	0.226
  4799	0.0566424	-0.226	0.226
  4800	0.106292	-0.226	0.226
  4801	0.113433	-0.226	0.226
  4802	0.0862523	-0.226	0.226
  4803	0.0682782	-0.226	0.226
  4804	0.0629416	-0.226	0.226
  4805	0.110592	-0.226	0.226
  4806	0.0787912	-0.226	0.226
  4807	0.0992088	-0.226	0.226
  4808	0.102808	-0.226	0.226
  4809	0.0751188	-0.226	0.226
  4810	0.0977236	-0.226	0.226
  4811	0.0713204	-0.226	0.226
  4812	0.0734027	-0.226	0.226
  4813	0.0722412	-0.226	0.226
  4814	0.111726	-0.226	0.226
  4815	0.0782317	-0.226	0.226
  4816	0.0869727	-0.226	0.226
  4817	0.0927609	-0.226	0.226
  4818	0.0737906	-0.226	0.226
  4819	0.0845217	-0.226	0.226
  4820	0.0913136	-0.226	0.226
  4821	0.100887	-0.226	0.226
  4822	0.107481	-0.226	0.226
  4823	0.0920079	-0.226	0.226
  4824	0.115676	-0.226	0.226
  4825	0.100408	-0.226	0.226
  4826	0.106135	-0.226	0.226
  4827	0.0448091	-0.226	0.226
  4828	0.0774952	-0.226	0.226
  4829	0.0738603	-0.226	0.226
  4830	0.105693	-0.226	0.226
  4831	0.0880717	-0.226	0.226
  4832	0.0892713	-0.226	0.226
  4833	0.0908543	-0.226	0.226
  4834	0.101603	-0.226	0.226
  4835	0.114387	-0.226	0.226
  4836	0.0613104	-0.226	0.226
  4837	0.0984971	-0.226	0.226
  4838	0.111255	-0.226	0.226
  4839	0.115962	-0.226	0.226
  4840	0.0934669	-0.226	0.226
  4841	0.113644	-0.226	0.226
  4842	0.114047	-0.226	0.226
  4843	0.0916113	-0.226	0.226
  4844	0.111832	-0.226	0.226
  4845	0.0853465	-0.226	0.226
  4846	0.103664	-0.226	0.226
  4847	0.108671	-0.226	0.226
  4848	0.0677052	-0.226	0.226
  4849	0.107269	-0.226	0.226
  4850	0.0627904	-0.226	0.226
  4851	0.0828655	-0.226	0.226
  4852	0.113866	-0.226	0.226
  4853	0.102052	-0.226	0.226
  4854	0.0767489	-0.226	0.226
  4855	0.0668075	-0.226	0.226
  4856	0.107889	-0.226	0.226
  4857	0.107037	-0.226	0.226
  4858	0.05541	-0.226	0.226
  4859	0.112958	-0.226	0.226
  4860	0.110543	-0.226	0.226
  4861	0.0810246	-0.226	0.226
  4862	0.103681	-0.226	0.226
  4863	0.0648148	-0.226	0.226
  4864	0.11454	-0.226	0.226
  4865	0.0980814	-0.226	0.226
  4866	0.108204	-0.226	0.226
  4867	0.113364	-0.226	0.226
  4868	0.11154	-0.226	0.226
  4869	0.0952611	-0.226	0.226
  4870	0.0684176	-0.226	0.226
  4871	0.109489	-0.226	0.226
  4872	0.0993252	-0.226	0.226
  4873	0.066227	-0.226	0.226
  4874	0.11464	-0.226	0.226
  4875	0.111499	-0.226	0.226
  4876	0.098373	-0.226	0.226
  4877	0.0761672	-0.226	0.226
  4878	0.11104	-0.226	0.226
  4879	0.0487085	-0.226	0.226
  4880	0.0924233	-0.226	0.226
  4881	0.0751122	-0.226	0.226
  4882	0.0900414	-0.226	0.226
  4883	0.0919714	-0.226	0.226
  4884	0.110644	-0.226	0.226
  4885	0.113371	-0.226	0.226
  4886	0.104634	-0.226	0.226
  4887	0.0828473	-0.226	0.226
  4888	0.113998	-0.226	0.226
  4889	0.104991	-0.226	0.226
  4890	0.0851162	-0.226	0.226
  4891	0.0698483	-0.226	0.226
  4892	0.0948761	-0.226	0.226
  4893	0.094847	-0.226	0.226
  4894	0.0981471	-0.226	0.226
  4895	0.0947978	-0.226	0.226
  4896	0.0711097	-0.226	0.226
  4897	0.101361	-0.226	0.226
  4898	0.106907	-0.226	0.226
  4899	0.108106	-0.226	0.226
  4900	0.0537881	-0.226	0.226
  4901	0.104831	-0.226	0.226
  4902	0.113334	-0.226	0.226
  4903	0.0962171	-0.226	0.226
  4904	0.0728669	-0.226	0.226
  4905	0.080581	-0.226	0.226
  4906	0.114542	-0.226	0.226
  4907	0.0697387	-0.226	0.226
  4908	0.104744	-0.226	0.226
  4909	0.0905373	-0.226	0.226
  4910	0.10106	-0.226	0.226
  4911	0.0952188	-0.226	0.226
  4912	0.114671	-0.226	0.226
  4913	0.107192	-0.226	0.226
  4914	0.107373	-0.226	0.226
  4915	0.0697515	-0.226	0.226
  4916	0.114124	-0.226	0.226
  4917	0.0912264	-0.226	0.226
  4918	0.0822138	-0.226	0.226
  4919	0.114821	-0.226	0.226
  4920	0.106925	-0.226	0.226
  4921	0.0954966	-0.226	0.226
  4922	0.082423	-0.226	0.226
  4923	0.110502	-0.226	0.226
  4924	0.0856122	-0.226	0.226
  4925	0.114271	-0.226	0.226
  4926	0.0979681	-0.226	0.226
  4927	0.0946236	-0.226	0.226
  4928	0.108736	-0.226	0.226
  4929	0.114641	-0.226	0.226
  4930	0.0628631	-0.226	0.226
  4931	0.105825	-0.226	0.226
  4932	0.0943725	-0.226	0.226
  4933	0.100951	-0.226	0.226
  4934	0.103851	-0.226	0.226
  4935	0.106892	-0.226	0.226
  4936	0.072984	-0.226	0.226
  4937	0.101488	-0.226	0.226
  4938	0.0880006	-0.226	0.226
  4939	0.0849289	-0.226	0.226
  4940	0.100379	-0.226	0.226
  4941	0.081775	-0.226	0.226
  4942	0.115235	-0.226	0.226
  4943	0.106207	-0.226	0.226
  4944	0.114279	-0.226	0.226
  4945	0.113091	-0.226	0.226
  4946	0.10621	-0.226	0.226
  4947	0.115598	-0.226	0.226
  4948	0.115659	-0.226	0.226
  4949	0.112681	-0.226	0.226
  4950	0.0596148	-0.226	0.226
  4951	0.0426202	-0.226	0.226
  4952	0.114432	-0.226	0.226
  4953	0.086871	-0.226	0.226
  4954	0.0793308	-0.226	0.226
  4955	0.091459	-0.226	0.226
  4956	0.0852786	-0.226	0.226
  4957	0.0762831	-0.226	0.226
  4958	0.0815918	-0.226	0.226
  4959	0.102644	-0.226	0.226
  4960	0.0920707	-0.226	0.226
  4961	0.0790872	-0.226	0.226
  4962	0.104392	-0.226	0.226
  4963	0.0836468	-0.226	0.226
  4964	0.10989	-0.226	0.226
  4965	0.085769	-0.226	0.226
  4966	0.109126	-0.226	0.226
  4967	0.0940787	-0.226	0.226
  4968	0.115684	-0.226	0.226
  4969	0.111902	-0.226	0.226
  4970	0.116247	-0.226	0.226
  4971	0.0897004	-0.226	0.226
  4972	0.0944095	-0.226	0.226
  4973	0.0932392	-0.226	0.226
  4974	0.0965365	-0.226	0.226
  4975	0.0993718	-0.226	0.226
  4976	0.0994247	-0.226	0.226
  4977	0.106563	-0.226	0.226
  4978	0.0865487	-0.226	0.226
  4979	0.11161	-0.226	0.226
  4980	0.102077	-0.226	0.226
  4981	0.0757134	-0.226	0.226
  4982	0.061927	-0.226	0.226
  4983	0.113311	-0.226	0.226
  4984	0.102585	-0.226	0.226
  4985	0.0673282	-0.226	0.226
  4986	0.0867993	-0.226	0.226
  4987	0.0477313	-0.226	0.226
  4988	0.102153	-0.226	0.226
  4989	0.113747	-0.226	0.226
  4990	0.116388	-0.226	0.226
  4991	0.100941	-0.226	0.226
  4992	0.0870363	-0.226	0.226
  4993	0.0986999	-0.226	0.226
  4994	0.103632	-0.226	0.226
  4995	0.113883	-0.226	0.226
  4996	0.113165	-0.226	0.226
  4997	0.114252	-0.226	0.226
  4998	0.0926857	-0.226	0.226
  4999	0.115589	-0.226	0.226
  5000	0.111617	-0.226	0.226
  5001	0.0719338	-0.226	0.226
  5002	0.104157	-0.226	0.226
  5003	0.109512	-0.226	0.226
  5004	0.113097	-0.226	0.226
  5005	0.0886757	-0.226	0.226
  5006	0.0624242	-0.226	0.226
  5007	0.114445	-0.226	0.226
  5008	0.0919887	-0.226	0.226
  5009	0.0818103	-0.226	0.226
  5010	0.113081	-0.226	0.226
  5011	0.0970951	-0.226	0.226
  5012	0.0813211	-0.226	0.226
  5013	0.079902	-0.226	0.226
  5014	0.0793672	-0.226	0.226
  5015	0.0774098	-0.226	0.226
  5016	0.110705	-0.226	0.226
  5017	0.115798	-0.226	0.226
  5018	0.0907425	-0.226	0.226
  5019	0.045636	-0.226	0.226
  5020	0.072293	-0.226	0.226
  5021	0.0922242	-0.226	0.226
  5022	0.110067	-0.226	0.226
  5023	0.114676	-0.226	0.226
  5024	0.107983	-0.226	0.226
  5025	0.0624204	-0.226	0.226
  5026	0.108575	-0.226	0.226
  5027	0.103231	-0.226	0.226
  5028	0.0784959	-0.226	0.226
  5029	0.099828	-0.226	0.226
  5030	0.114287	-0.226	0.226
  5031	0.11209	-0.226	0.226
  5032	0.113507	-0.226	0.226
  5033	0.107554	-0.226	0.226
  5034	0.0978128	-0.226	0.226
  5035	0.0606803	-0.226	0.226
  5036	0.0979207	-0.226	0.226
  5037	0.0842786	-0.226	0.226
  5038	0.10383	-0.226	0.226
  5039	0.0733153	-0.226	0.226
  5040	0.104631	-0.226	0.226
  5041	0.108304	-0.226	0.226
  5042	0.106449	-0.226	0.226
  5043	0.101288	-0.226	0.226
  5044	0.110937	-0.226	0.226
  5045	0.114084	-0.226	0.226
  5046	0.110308	-0.226	0.226
  5047	0.0830881	-0.226	0.226
  5048	0.114923	-0.226	0.226
  5049	0.083969	-0.226	0.226
  5050	0.114402	-0.226	0.226
  5051	0.112282	-0.226	0.226
  5052	0.105242	-0.226	0.226
  5053	0.0722477	-0.226	0.226
  5054	0.102433	-0.226	0.226
  5055	0.0871577	-0.226	0.226
  5056	0.10508	-0.226	0.226
  5057	0.0728984	-0.226	0.226
  5058	0.107587	-0.226	0.226
  5059	0.0780415	-0.226	0.226
  5060	0.0828784	-0.226	0.226
  5061	0.103861	-0.226	0.226
  5062	0.111789	-0.226	0.226
  5063	0.0905511	-0.226	0.226
  5064	0.0717426	-0.226	0.226
  5065	0.0960485	-0.226	0.226
  5066	0.0863734	-0.226	0.226
  5067	0.0710754	-0.226	0.226
  5068	0.0597761	-0.226	0.226
  5069	0.110811	-0.226	0.226
  5070	0.109785	-0.226	0.226
  5071	0.109262	-0.226	0.226
  5072	0.112232	-0.226	0.226
  5073	0.094016	-0.226	0.226
  5074	0.109101	-0.226	0.226
  5075	0.091165	-0.226	0.226
  5076	0.115041	-0.226	0.226
  5077	0.106564	-0.226	0.226
  5078	0.113002	-0.226	0.226
  5079	0.103063	-0.226	0.226
  5080	0.061122	-0.226	0.226
  5081	0.0881652	-0.226	0.226
  5082	0.0839558	-0.226	0.226
  5083	0.114736	-0.226	0.226
  5084	0.0851217	-0.226	0.226
  5085	0.0773352	-0.226	0.226
  5086	0.113241	-0.226	0.226
  5087	0.055115	-0.226	0.226
  5088	0.106787	-0.226	0.226
  5089	0.109737	-0.226	0.226
  5090	0.0874504	-0.226	0.226
  5091	0.0741165	-0.226	0.226
  5092	0.0987092	-0.226	0.226
  5093	0.109458	-0.226	0.226
  5094	0.0760659	-0.226	0.226
  5095	0.0907869	-0.226	0.226
  5096	0.0980333	-0.226	0.226
  5097	0.105826	-0.226	0.226
  5098	0.111182	-0.226	0.226
  5099	0.102111	-0.226	0.226
  5100	0.0954958	-0.226	0.226
  5101	0.0988968	-0.226	0.226
  5102	0.0728306	-0.226	0.226
  5103	0.115599	-0.226	0.226
  5104	0.112642	-0.226	0.226
  5105	0.11279	-0.226	0.226
  5106	0.105549	-0.226	0.226
  5107	0.0699978	-0.226	0.226
  5108	0.09503	-0.226	0.226
  5109	0.0683306	-0.226	0.226
  5110	0.0718505	-0.226	0.226
  5111	0.070552	-0.226	0.226
  5112	0.0939885	-0.226	0.226
  5113	0.101912	-0.226	0.226
  5114	0.0922349	-0.226	0.226
  5115	0.102912	-0.226	0.226
  5116	0.0658391	-0.226	0.226
  5117	0.0504404	-0.226	0.226
  5118	0.10025	-0.226	0.226
  5119	0.0915842	-0.226	0.226
  5120	0.0742704	-0.226	0.226
  5121	0.087482	-0.226	0.226
  5122	0.111709	-0.226	0.226
  5123	0.105493	-0.226	0.226
  5124	0.099154	-0.226	0.226
  5125	0.0857884	-0.226	0.226
  5126	0.0963459	-0.226	0.226
  5127	0.108395	-0.226	0.226
  5128	0.105602	-0.226	0.226
  5129	0.0855761	-0.226	0.226
  5130	0.0829226	-0.226	0.226
  5131	0.108088	-0.226	0.226
  5132	0.0944899	-0.226	0.226
  5133	0.0948644	-0.226	0.226
  5134	0.0926916	-0.226	0.226
  5135	0.101052	-0.226	0.226
  5136	0.115153	-0.226	0.226
  5137	0.0751657	-0.226	0.226
  5138	0.0756237	-0.226	0.226
  5139	0.0957245	-0.226	0.226
  5140	0.0984144	-0.226	0.226
  5141	0.0907238	-0.226	0.226
  5142	0.10306	-0.226	0.226
  5143	0.0961534	-0.226	0.226
  5144	0.0936199	-0.226	0.226
  5145	0.0978186	-0.226	0.226
  5146	0.0840519	-0.226	0.226
  5147	0.112836	-0.226	0.226
  5148	0.0739432	-0.226	0.226
  5149	0.102753	-0.226	0.226
  5150	0.114729	-0.226	0.226
  5151	0.0910655	-0.226	0.226
  5152	0.0778358	-0.226	0.226
  5153	0.0811004	-0.226	0.226
  5154	0.0998475	-0.226	0.226
  5155	0.0918461	-0.226	0.226
  5156	0.109669	-0.226	0.226
  5157	0.109339	-0.226	0.226
  5158	0.11029	-0.226	0.226
  5159	0.104826	-0.226	0.226
  5160	0.110187	-0.226	0.226
  5161	0.0908571	-0.226	0.226
  5162	0.0998484	-0.226	0.226
  5163	0.0647039	-0.226	0.226
  5164	0.0887674	-0.226	0.226
  5165	0.0579456	-0.226	0.226
  5166	0.0657212	-0.226	0.226
  5167	0.0961041	-0.226	0.226
  5168	0.109068	-0.226	0.226
  5169	0.113673	-0.226	0.226
  5170	0.0901181	-0.226	0.226
  5171	0.0936616	-0.226	0.226
  5172	0.102197	-0.226	0.226
  5173	0.0933925	-0.226	0.226
  5174	0.0705838	-0.226	0.226
  5175	0.0703256	-0.226	0.226
  5176	0.107473	-0.226	0.226
  5177	0.110004	-0.226	0.226
  5178	0.0789083	-0.226	0.226
  5179	0.090989	-0.226	0.226
  5180	0.114705	-0.226	0.226
  5181	0.109754	-0.226	0.226
  5182	0.0938846	-0.226	0.226
  5183	0.113063	-0.226	0.226
  5184	0.098235	-0.226	0.226
  5185	0.102621	-0.226	0.226
  5186	0.100469	-0.226	0.226
  5187	0.085155	-0.226	0.226
  5188	0.0900719	-0.226	0.226
  5189	0.103706	-0.226	0.226
  5190	0.0899676	-0.226	0.226
  5191	0.107316	-0.226	0.226
  5192	0.0473817	-0.226	0.226
  5193	0.106126	-0.226	0.226
  5194	0.113727	-0.226	0.226
  5195	0.0716943	-0.226	0.226
  5196	0.0652852	-0.226	0.226
  5197	0.116201	-0.226	0.226
  5198	0.10404	-0.226	0.226
  5199	0.0908148	-0.226	0.226
  5200	0.0876081	-0.226	0.226
  5201	0.0980643	-0.226	0.226
  5202	0.101938	-0.226	0.226
  5203	0.0742857	-0.226	0.226
  5204	0.0985715	-0.226	0.226
  5205	0.0740515	-0.226	0.226
  5206	0.0742666	-0.226	0.226
  5207	0.108617	-0.226	0.226
  5208	0.101547	-0.226	0.226
  5209	0.101137	-0.226	0.226
  5210	0.105377	-0.226	0.226
  5211	0.0739185	-0.226	0.226
  5212	0.0706806	-0.226	0.226
  5213	0.114689	-0.226	0.226
  5214	0.115848	-0.226	0.226
  5215	0.0569828	-0.226	0.226
  5216	0.0966278	-0.226	0.226
  5217	0.0725619	-0.226	0.226
  5218	0.0904992	-0.226	0.226
  5219	0.104111	-0.226	0.226
  5220	0.0615553	-0.226	0.226
  5221	0.0458922	-0.226	0.226
  5222	0.103605	-0.226	0.226
  5223	0.106272	-0.226	0.226
  5224	0.107537	-0.226	0.226
  5225	0.0947169	-0.226	0.226
  5226	0.0958736	-0.226	0.226
  5227	0.0604437	-0.226	0.226
  5228	0.11265	-0.226	0.226
  5229	0.0851492	-0.226	0.226
  5230	0.0988181	-0.226	0.226
  5231	0.0933204	-0.226	0.226
  5232	0.114815	-0.226	0.226
  5233	0.077623	-0.226	0.226
  5234	0.113359	-0.226	0.226
  5235	0.08623	-0.226	0.226
  5236	0.0659429	-0.226	0.226
  5237	0.111072	-0.226	0.226
  5238	0.0904741	-0.226	0.226
  5239	0.115327	-0.226	0.226
  5240	0.100094	-0.226	0.226
  5241	0.0807184	-0.226	0.226
  5242	0.114239	-0.226	0.226
  5243	0.111607	-0.226	0.226
  5244	0.114012	-0.226	0.226
  5245	0.0821451	-0.226	0.226
  5246	0.0727339	-0.226	0.226
  5247	0.084288	-0.226	0.226
  5248	0.0738705	-0.226	0.226
  5249	0.113046	-0.226	0.226
  5250	0.0984277	-0.226	0.226
  5251	0.0945476	-0.226	0.226
  5252	0.106919	-0.226	0.226
  5253	0.100107	-0.226	0.226
  5254	0.113509	-0.226	0.226
  5255	0.110372	-0.226	0.226
  5256	0.0970288	-0.226	0.226
  5257	0.0905844	-0.226	0.226
  5258	0.0989699	-0.226	0.226
  5259	0.108194	-0.226	0.226
  5260	0.103805	-0.226	0.226
  5261	0.107679	-0.226	0.226
  5262	0.0973736	-0.226	0.226
  5263	0.102842	-0.226	0.226
  5264	0.0868849	-0.226	0.226
  5265	0.110285	-0.226	0.226
  5266	0.0868526	-0.226	0.226
  5267	0.065528	-0.226	0.226
  5268	0.0800945	-0.226	0.226
  5269	0.0822853	-0.226	0.226
  5270	0.0581187	-0.226	0.226
  5271	0.0526722	-0.226	0.226
  5272	0.0993091	-0.226	0.226
  5273	0.080838	-0.226	0.226
  5274	0.101445	-0.226	0.226
  5275	0.112768	-0.226	0.226
  5276	0.0898988	-0.226	0.226
  5277	0.0587758	-0.226	0.226
  5278	0.100222	-0.226	0.226
  5279	0.104506	-0.226	0.226
  5280	0.0800861	-0.226	0.226
  5281	0.113976	-0.226	0.226
  5282	0.10258	-0.226	0.226
  5283	0.105375	-0.226	0.226
  5284	0.113736	-0.226	0.226
  5285	0.0611421	-0.226	0.226
  5286	0.0976417	-0.226	0.226
  5287	0.0855357	-0.226	0.226
  5288	0.0890022	-0.226	0.226
  5289	0.0584698	-0.226	0.226
  5290	0.0895045	-0.226	0.226
  5291	0.0812363	-0.226	0.226
  5292	0.0785757	-0.226	0.226
  5293	0.100928	-0.226	0.226
  5294	0.0487253	-0.226	0.226
  5295	0.0902772	-0.226	0.226
  5296	0.10992	-0.226	0.226
  5297	0.0697257	-0.226	0.226
  5298	0.105353	-0.226	0.226
  5299	0.102066	-0.226	0.226
  5300	0.10369	-0.226	0.226
  5301	0.0938964	-0.226	0.226
  5302	0.100605	-0.226	0.226
  5303	0.0569781	-0.226	0.226
  5304	0.0803369	-0.226	0.226
  5305	0.0964674	-0.226	0.226
  5306	0.110747	-0.226	0.226
  5307	0.0987696	-0.226	0.226
  5308	0.106128	-0.226	0.226
  5309	0.0836646	-0.226	0.226
  5310	0.0887144	-0.226	0.226
  5311	0.0807177	-0.226	0.226
  5312	0.0941758	-0.226	0.226
  5313	0.10483	-0.226	0.226
  5314	0.0881115	-0.226	0.226
  5315	0.100699	-0.226	0.226
  5316	0.107057	-0.226	0.226
  5317	0.102911	-0.226	0.226
  5318	0.0861125	-0.226	0.226
  5319	0.111084	-0.226	0.226
  5320	0.114665	-0.226	0.226
  5321	0.112992	-0.226	0.226
  5322	0.10179	-0.226	0.226
  5323	0.0886475	-0.226	0.226
  5324	0.103931	-0.226	0.226
  5325	0.0929984	-0.226	0.226
  5326	0.0802934	-0.226	0.226
  5327	0.0698964	-0.226	0.226
  5328	0.0818298	-0.226	0.226
  5329	0.0723342	-0.226	0.226
  5330	0.104389	-0.226	0.226
  5331	0.0918575	-0.226	0.226
  5332	0.0757193	-0.226	0.226
  5333	0.0979791	-0.226	0.226
  5334	0.0550114	-0.226	0.226
  5335	0.0936987	-0.226	0.226
  5336	0.101132	-0.226	0.226
  5337	0.102636	-0.226	0.226
  5338	0.09185	-0.226	0.226
  5339	0.103198	-0.226	0.226
  5340	0.0560507	-0.226	0.226
  5341	0.104913	-0.226	0.226
  5342	0.046734	-0.226	0.226
  5343	0.0921175	-0.226	0.226
  5344	0.106244	-0.226	0.226
  5345	0.0895393	-0.226	0.226
  5346	0.0939358	-0.226	0.226
  5347	0.088057	-0.226	0.226
  5348	0.0966694	-0.226	0.226
  5349	0.113674	-0.226	0.226
  5350	0.0912151	-0.226	0.226
  5351	0.108116	-0.226	0.226
  5352	0.0904181	-0.226	0.226
  5353	0.103167	-0.226	0.226
  5354	0.0792483	-0.226	0.226
  5355	0.112431	-0.226	0.226
  5356	0.097826	-0.226	0.226
  5357	0.102011	-0.226	0.226
  5358	0.0903875	-0.226	0.226
  5359	0.0385308	-0.226	0.226
  5360	0.0941518	-0.226	0.226
  5361	0.101702	-0.226	0.226
  5362	0.0963705	-0.226	0.226
  5363	0.0582819	-0.226	0.226
  5364	0.0793687	-0.226	0.226
  5365	0.0995313	-0.226	0.226
  5366	0.0963186	-0.226	0.226
  5367	0.115731	-0.226	0.226
  5368	0.0855463	-0.226	0.226
  5369	0.068328	-0.226	0.226
  5370	0.0519509	-0.226	0.226
  5371	0.112951	-0.226	0.226
  5372	0.0683379	-0.226	0.226
  5373	0.111816	-0.226	0.226
  5374	0.103846	-0.226	0.226
  5375	0.0710437	-0.226	0.226
  5376	0.0928798	-0.226	0.226
  5377	0.0438126	-0.226	0.226
  5378	0.11005	-0.226	0.226
  5379	0.0889064	-0.226	0.226
  5380	0.0966727	-0.226	0.226
  5381	0.111164	-0.226	0.226
  5382	0.0369791	-0.226	0.226
  5383	0.10178	-0.226	0.226
  5384	0.0998052	-0.226	0.226
  5385	0.065976	-0.226	0.226
  5386	0.0929197	-0.226	0.226
  5387	0.114692	-0.226	0.226
  5388	0.095791	-0.226	0.226
  5389	0.0619136	-0.226	0.226
  5390	0.0696792	-0.226	0.226
  5391	0.0818835	-0.226	0.226
  5392	0.0773879	-0.226	0.226
  5393	0.0825358	-0.226	0.226
  5394	0.10021	-0.226	0.226
  5395	0.103959	-0.226	0.226
  5396	0.0816688	-0.226	0.226
  5397	0.0704337	-0.226	0.226
  5398	0.0882705	-0.226	0.226
  5399	0.111954	-0.226	0.226
  5400	0.0713759	-0.226	0.226
  5401	0.0764632	-0.226	0.226
  5402	0.108203	-0.226	0.226
  5403	0.112288	-0.226	0.226
  5404	0.0413135	-0.226	0.226
  5405	0.0908228	-0.226	0.226
  5406	0.0966606	-0.226	0.226
  5407	0.0587118	-0.226	0.226
  5408	0.111713	-0.226	0.226
  5409	0.0791484	-0.226	0.226
  5410	0.108147	-0.226	0.226
  5411	0.0557807	-0.226	0.226
  5412	0.104201	-0.226	0.226
  5413	0.0883854	-0.226	0.226
  5414	0.101986	-0.226	0.226
  5415	0.0807855	-0.226	0.226
  5416	0.0888736	-0.226	0.226
  5417	0.0823707	-0.226	0.226
  5418	0.111931	-0.226	0.226
  5419	0.0787692	-0.226	0.226
  5420	0.0667781	-0.226	0.226
  5421	0.111984	-0.226	0.226
  5422	0.113845	-0.226	0.226
  5423	0.110628	-0.226	0.226
  5424	0.115948	-0.226	0.226
  5425	0.0923894	-0.226	0.226
  5426	0.0358806	-0.226	0.226
  5427	0.115728	-0.226	0.226
  5428	0.0901357	-0.226	0.226
  5429	0.0729052	-0.226	0.226
  5430	0.101985	-0.226	0.226
  5431	0.0867443	-0.226	0.226
  5432	0.101156	-0.226	0.226
  5433	0.112931	-0.226	0.226
  5434	0.10458	-0.226	0.226
  5435	0.0967372	-0.226	0.226
  5436	0.0692067	-0.226	0.226
  5437	0.108036	-0.226	0.226
  5438	0.106499	-0.226	0.226
  5439	0.0844419	-0.226	0.226
  5440	0.0822992	-0.226	0.226
  5441	0.104854	-0.226	0.226
  5442	0.0753169	-0.226	0.226
  5443	0.0799484	-0.226	0.226
  5444	0.088855	-0.226	0.226
  5445	0.0930148	-0.226	0.226
  5446	0.068208	-0.226	0.226
  5447	0.0879101	-0.226	0.226
  5448	0.0999636	-0.226	0.226
  5449	0.115844	-0.226	0.226
  5450	0.106188	-0.226	0.226
  5451	0.0819115	-0.226	0.226
  5452	0.107836	-0.226	0.226
  5453	0.10297	-0.226	0.226
  5454	0.104827	-0.226	0.226
  5455	0.0834647	-0.226	0.226
  5456	0.095159	-0.226	0.226
  5457	0.109096	-0.226	0.226
  5458	0.106427	-0.226	0.226
  5459	0.0851722	-0.226	0.226
  5460	0.0668718	-0.226	0.226
  5461	0.109491	-0.226	0.226
  5462	0.0859353	-0.226	0.226
  5463	0.0881943	-0.226	0.226
  5464	0.0955883	-0.226	0.226
  5465	0.105511	-0.226	0.226
  5466	0.106446	-0.226	0.226
  5467	0.108684	-0.226	0.226
  5468	0.0949716	-0.226	0.226
  5469	0.104222	-0.226	0.226
  5470	0.115742	-0.226	0.226
  5471	0.0769649	-0.226	0.226
  5472	0.0585192	-0.226	0.226
  5473	0.0915717	-0.226	0.226
  5474	0.112501	-0.226	0.226
  5475	0.11511	-0.226	0.226
  5476	0.115498	-0.226	0.226
  5477	0.0925674	-0.226	0.226
  5478	0.0970778	-0.226	0.226
  5479	0.0972459	-0.226	0.226
  5480	0.0979952	-0.226	0.226
  5481	0.0893368	-0.226	0.226
  5482	0.0712487	-0.226	0.226
  5483	0.0789583	-0.226	0.226
  5484	0.089656	-0.226	0.226
  5485	0.0944194	-0.226	0.226
  5486	0.114464	-0.226	0.226
  5487	0.104956	-0.226	0.226
  5488	0.113568	-0.226	0.226
  5489	0.0976905	-0.226	0.226
  5490	0.0807852	-0.226	0.226
  5491	0.0916687	-0.226	0.226
  5492	0.0985454	-0.226	0.226
  5493	0.106869	-0.226	0.226
  5494	0.10434	-0.226	0.226
  5495	0.0852971	-0.226	0.226
  5496	0.101083	-0.226	0.226
  5497	0.0870991	-0.226	0.226
  5498	0.085942	-0.226	0.226
  5499	0.0628593	-0.226	0.226
  5500	0.0855367	-0.226	0.226
  5501	0.0757905	-0.226	0.226
  5502	0.115436	-0.226	0.226
  5503	0.106856	-0.226	0.226
  5504	0.0731169	-0.226	0.226
  5505	0.115898	-0.226	0.226
  5506	0.1075	-0.226	0.226
  5507	0.0841871	-0.226	0.226
  5508	0.10594	-0.226	0.226
  5509	0.104335	-0.226	0.226
  5510	0.0840585	-0.226	0.226
  5511	0.108364	-0.226	0.226
  5512	0.112915	-0.226	0.226
  5513	0.0876082	-0.226	0.226
  5514	0.0714267	-0.226	0.226
  5515	0.110979	-0.226	0.226
  5516	0.0660874	-0.226	0.226
  5517	0.101507	-0.226	0.226
  5518	0.09954	-0.226	0.226
  5519	0.0779645	-0.226	0.226
  5520	0.110425	-0.226	0.226
  5521	0.0937936	-0.226	0.226
  5522	0.100634	-0.226	0.226
  5523	0.0833002	-0.226	0.226
  5524	0.0744862	-0.226	0.226
  5525	0.0938128	-0.226	0.226
  5526	0.0968971	-0.226	0.226
  5527	0.110566	-0.226	0.226
  5528	0.0554216	-0.226	0.226
  5529	0.0490827	-0.226	0.226
  5530	0.112166	-0.226	0.226
  5531	0.0984549	-0.226	0.226
  5532	0.104379	-0.226	0.226
  5533	0.0899312	-0.226	0.226
  5534	0.105446	-0.226	0.226
  5535	0.0844938	-0.226	0.226
  5536	0.0903907	-0.226	0.226
  5537	0.112017	-0.226	0.226
  5538	0.0809366	-0.226	0.226
  5539	0.115766	-0.226	0.226
  5540	0.0613552	-0.226	0.226
  5541	0.0865752	-0.226	0.226
  5542	0.100261	-0.226	0.226
  5543	0.0690242	-0.226	0.226
  5544	0.0697432	-0.226	0.226
  5545	0.105806	-0.226	0.226
  5546	0.0652212	-0.226	0.226
  5547	0.109824	-0.226	0.226
  5548	0.0837609	-0.226	0.226
  5549	0.083066	-0.226	0.226
  5550	0.114089	-0.226	0.226
  5551	0.048089	-0.226	0.226
  5552	0.0962707	-0.226	0.226
  5553	0.0951261	-0.226	0.226
  5554	0.111356	-0.226	0.226
  5555	0.088137	-0.226	0.226
  5556	0.089288	-0.226	0.226
  5557	0.0987567	-0.226	0.226
  5558	0.0860735	-0.226	0.226
  5559	0.0987812	-0.226	0.226
  5560	0.10735	-0.226	0.226
  5561	0.0632703	-0.226	0.226
  5562	0.0654923	-0.226	0.226
  5563	0.0886976	-0.226	0.226
  5564	0.115479	-0.226	0.226
  5565	0.0905163	-0.226	0.226
  5566	0.104817	-0.226	0.226
  5567	0.095469	-0.226	0.226
  5568	0.0776071	-0.226	0.226
  5569	0.106736	-0.226	0.226
  5570	0.111944	-0.226	0.226
  5571	0.0786144	-0.226	0.226
  5572	0.111743	-0.226	0.226
  5573	0.106658	-0.226	0.226
  5574	0.0821106	-0.226	0.226
  5575	0.0892854	-0.226	0.226
  5576	0.0712455	-0.226	0.226
  5577	0.102193	-0.226	0.226
  5578	0.0858213	-0.226	0.226
  5579	0.101764	-0.226	0.226
  5580	0.115912	-0.226	0.226
  5581	0.094495	-0.226	0.226
  5582	0.0936519	-0.226	0.226
  5583	0.112971	-0.226	0.226
  5584	0.0833331	-0.226	0.226
  5585	0.105147	-0.226	0.226
  5586	0.102988	-0.226	0.226
  5587	0.114659	-0.226	0.226
  5588	0.0956101	-0.226	0.226
  5589	0.115927	-0.226	0.226
  5590	0.101532	-0.226	0.226
  5591	0.0810488	-0.226	0.226
  5592	0.0871542	-0.226	0.226
  5593	0.0946638	-0.226	0.226
  5594	0.113416	-0.226	0.226
  5595	0.110719	-0.226	0.226
  5596	0.0888881	-0.226	0.226
  5597	0.0762993	-0.226	0.226
  5598	0.096598	-0.226	0.226
  5599	0.0711689	-0.226	0.226
  5600	0.112173	-0.226	0.226
  5601	0.107101	-0.226	0.226
  5602	0.107806	-0.226	0.226
  5603	0.0954349	-0.226	0.226
  5604	0.0838678	-0.226	0.226
  5605	0.0892206	-0.226	0.226
  5606	0.106475	-0.226	0.226
  5607	0.114685	-0.226	0.226
  5608	0.106845	-0.226	0.226
  5609	0.0889815	-0.226	0.226
  5610	0.110439	-0.226	0.226
  5611	0.109802	-0.226	0.226
  5612	0.0640655	-0.226	0.226
  5613	0.0779054	-0.226	0.226
  5614	0.107085	-0.226	0.226
  5615	0.0534795	-0.226	0.226
  5616	0.0937554	-0.226	0.226
  5617	0.091728	-0.226	0.226
  5618	0.109423	-0.226	0.226
  5619	0.0366282	-0.226	0.226
  5620	0.092926	-0.226	0.226
  5621	0.104866	-0.226	0.226
  5622	0.0781019	-0.226	0.226
  5623	0.0556655	-0.226	0.226
  5624	0.0799591	-0.226	0.226
  5625	0.0521568	-0.226	0.226
  5626	0.088859	-0.226	0.226
  5627	0.114368	-0.226	0.226
  5628	0.113364	-0.226	0.226
  5629	0.0923952	-0.226	0.226
  5630	0.10203	-0.226	0.226
  5631	0.0790892	-0.226	0.226
  5632	0.0568538	-0.226	0.226
  5633	0.111415	-0.226	0.226
  5634	0.098519	-0.226	0.226
  5635	0.10892	-0.226	0.226
  5636	0.09036	-0.226	0.226
  5637	0.0817955	-0.226	0.226
  5638	0.0987159	-0.226	0.226
  5639	0.110571	-0.226	0.226
  5640	0.108547	-0.226	0.226
  5641	0.0781834	-0.226	0.226
  5642	0.0991632	-0.226	0.226
  5643	0.100049	-0.226	0.226
  5644	0.108134	-0.226	0.226
  5645	0.0866814	-0.226	0.226
  5646	0.104999	-0.226	0.226
  5647	0.110464	-0.226	0.226
  5648	0.104912	-0.226	0.226
  5649	0.0989761	-0.226	0.226
  5650	0.0980605	-0.226	0.226
  5651	0.114904	-0.226	0.226
  5652	0.105604	-0.226	0.226
  5653	0.0974214	-0.226	0.226
  5654	0.100824	-0.226	0.226
  5655	0.102093	-0.226	0.226
  5656	0.0705622	-0.226	0.226
  5657	0.109989	-0.226	0.226
  5658	0.0532444	-0.226	0.226
  5659	0.0891583	-0.226	0.226
  5660	0.069312	-0.226	0.226
  5661	0.0999936	-0.226	0.226
  5662	0.0843423	-0.226	0.226
  5663	0.100785	-0.226	0.226
  5664	0.0944026	-0.226	0.226
  5665	0.0668253	-0.226	0.226
  5666	0.075812	-0.226	0.226
  5667	0.0595332	-0.226	0.226
  5668	0.0752803	-0.226	0.226
  5669	0.060927	-0.226	0.226
  5670	0.111227	-0.226	0.226
  5671	0.0897659	-0.226	0.226
  5672	0.100991	-0.226	0.226
  5673	0.0547981	-0.226	0.226
  5674	0.111092	-0.226	0.226
  5675	0.115004	-0.226	0.226
  5676	0.0614796	-0.226	0.226
  5677	0.0876086	-0.226	0.226
  5678	0.0954767	-0.226	0.226
  5679	0.10298	-0.226	0.226
  5680	0.116327	-0.226	0.226
  5681	0.100616	-0.226	0.226
  5682	0.0962116	-0.226	0.226
  5683	0.0826004	-0.226	0.226
  5684	0.115411	-0.226	0.226
  5685	0.0897965	-0.226	0.226
  5686	0.0879528	-0.226	0.226
  5687	0.0813359	-0.226	0.226
  5688	0.0641997	-0.226	0.226
  5689	0.0728977	-0.226	0.226
  5690	0.107151	-0.226	0.226
  5691	0.0752698	-0.226	0.226
  5692	0.0945136	-0.226	0.226
  5693	0.0609075	-0.226	0.226
  5694	0.111309	-0.226	0.226
  5695	0.115213	-0.226	0.226
  5696	0.11192	-0.226	0.226
  5697	0.113445	-0.226	0.226
  5698	0.104136	-0.226	0.226
  5699	0.08763	-0.226	0.226
  5700	0.106794	-0.226	0.226
  5701	0.102148	-0.226	0.226
  5702	0.0803391	-0.226	0.226
  5703	0.0492907	-0.226	0.226
  5704	0.114154	-0.226	0.226
  5705	0.100176	-0.226	0.226
  5706	0.0557969	-0.226	0.226
  5707	0.106427	-0.226	0.226
  5708	0.0676355	-0.226	0.226
  5709	0.112194	-0.226	0.226
  5710	0.105554	-0.226	0.226
  5711	0.114204	-0.226	0.226
  5712	0.0627793	-0.226	0.226
  5713	0.0948431	-0.226	0.226
  5714	0.0843666	-0.226	0.226
  5715	0.109857	-0.226	0.226
  5716	0.108292	-0.226	0.226
  5717	0.0733479	-0.226	0.226
  5718	0.0953627	-0.226	0.226
  5719	0.108668	-0.226	0.226
  5720	0.0702755	-0.226	0.226
  5721	0.0593438	-0.226	0.226
  5722	0.112418	-0.226	0.226
  5723	0.109705	-0.226	0.226
  5724	0.113241	-0.226	0.226
  5725	0.0806278	-0.226	0.226
  5726	0.107723	-0.226	0.226
  5727	0.092445	-0.226	0.226
  5728	0.103715	-0.226	0.226
  5729	0.0713275	-0.226	0.226
  5730	0.0925597	-0.226	0.226
  5731	0.0860824	-0.226	0.226
  5732	0.0507547	-0.226	0.226
  5733	0.0655228	-0.226	0.226
  5734	0.109681	-0.226	0.226
  5735	0.0964223	-0.226	0.226
  5736	0.109855	-0.226	0.226
  5737	0.0949899	-0.226	0.226
  5738	0.107336	-0.226	0.226
  5739	0.0956638	-0.226	0.226
  5740	0.112584	-0.226	0.226
  5741	0.107135	-0.226	0.226
  5742	0.0956977	-0.226	0.226
  5743	0.0852101	-0.226	0.226
  5744	0.0909023	-0.226	0.226
  5745	0.0838058	-0.226	0.226
  5746	0.110751	-0.226	0.226
  5747	0.0873844	-0.226	0.226
  5748	0.0874312	-0.226	0.226
  5749	0.0742377	-0.226	0.226
  5750	0.110116	-0.226	0.226
  5751	0.0615835	-0.226	0.226
  5752	0.060364	-0.226	0.226
  5753	0.087438	-0.226	0.226
  5754	0.0788315	-0.226	0.226
  5755	0.111378	-0.226	0.226
  5756	0.113042	-0.226	0.226
  5757	0.101261	-0.226	0.226
  5758	0.107103	-0.226	0.226
  5759	0.107199	-0.226	0.226
  5760	0.0859376	-0.226	0.226
  5761	0.0718725	-0.226	0.226
  5762	0.0706982	-0.226	0.226
  5763	0.0891307	-0.226	0.226
  5764	0.103854	-0.226	0.226
  5765	0.0564096	-0.226	0.226
  5766	0.0673243	-0.226	0.226
  5767	0.112868	-0.226	0.226
  5768	0.0854049	-0.226	0.226
  5769	0.104564	-0.226	0.226
  5770	0.070003	-0.226	0.226
  5771	0.107333	-0.226	0.226
  5772	0.101804	-0.226	0.226
  5773	0.106989	-0.226	0.226
  5774	0.091376	-0.226	0.226
  5775	0.11271	-0.226	0.226
  5776	0.0852983	-0.226	0.226
  5777	0.0760818	-0.226	0.226
  5778	0.100286	-0.226	0.226
  5779	0.115756	-0.226	0.226
  5780	0.0669297	-0.226	0.226
  5781	0.092544	-0.226	0.226
  5782	0.0722985	-0.226	0.226
  5783	0.0932957	-0.226	0.226
  5784	0.0661438	-0.226	0.226
  5785	0.0771038	-0.226	0.226
  5786	0.0985386	-0.226	0.226
  5787	0.0853802	-0.226	0.226
  5788	0.0677584	-0.226	0.226
  5789	0.11074	-0.226	0.226
  5790	0.0532403	-0.226	0.226
  5791	0.105574	-0.226	0.226
  5792	0.0801357	-0.226	0.226
  5793	0.108038	-0.226	0.226
  5794	0.104002	-0.226	0.226
  5795	0.0894058	-0.226	0.226
  5796	0.101573	-0.226	0.226
  5797	0.0831197	-0.226	0.226
  5798	0.101016	-0.226	0.226
  5799	0.0905722	-0.226	0.226
  5800	0.090021	-0.226	0.226
  5801	0.0881051	-0.226	0.226
  5802	0.113783	-0.226	0.226
  5803	0.0984797	-0.226	0.226
  5804	0.105103	-0.226	0.226
  5805	0.104034	-0.226	0.226
  5806	0.0858303	-0.226	0.226
  5807	0.107036	-0.226	0.226
  5808	0.106225	-0.226	0.226
  5809	0.0313663	-0.226	0.226
  5810	0.0825953	-0.226	0.226
  5811	0.0662732	-0.226	0.226
  5812	0.0895834	-0.226	0.226
  5813	0.109988	-0.226	0.226
  5814	0.115544	-0.226	0.226
  5815	0.0873806	-0.226	0.226
  5816	0.102784	-0.226	0.226
  5817	0.0915651	-0.226	0.226
  5818	0.0444469	-0.226	0.226
  5819	0.0706123	-0.226	0.226
  5820	0.0809905	-0.226	0.226
  5821	0.11142	-0.226	0.226
  5822	0.111913	-0.226	0.226
  5823	0.0606465	-0.226	0.226
  5824	0.114906	-0.226	0.226
  5825	0.096008	-0.226	0.226
  5826	0.0990575	-0.226	0.226
  5827	0.0895494	-0.226	0.226
  5828	0.102841	-0.226	0.226
  5829	0.0411493	-0.226	0.226
  5830	0.109317	-0.226	0.226
  5831	0.10898	-0.226	0.226
  5832	0.109395	-0.226	0.226
  5833	0.0964024	-0.226	0.226
  5834	0.110524	-0.226	0.226
  5835	0.0600402	-0.226	0.226
  5836	0.0911347	-0.226	0.226
  5837	0.0763369	-0.226	0.226
  5838	0.107708	-0.226	0.226
  5839	0.102064	-0.226	0.226
  5840	0.0612667	-0.226	0.226
  5841	0.053369	-0.226	0.226
  5842	0.112079	-0.226	0.226
  5843	0.0990264	-0.226	0.226
  5844	0.099318	-0.226	0.226
  5845	0.0986411	-0.226	0.226
  5846	0.114791	-0.226	0.226
  5847	0.0744091	-0.226	0.226
  5848	0.07311	-0.226	0.226
  5849	0.101201	-0.226	0.226
  5850	0.093605	-0.226	0.226
  5851	0.089607	-0.226	0.226
  5852	0.106438	-0.226	0.226
  5853	0.0963778	-0.226	0.226
  5854	0.114249	-0.226	0.226
  5855	0.084123	-0.226	0.226
  5856	0.0771405	-0.226	0.226
  5857	0.0918663	-0.226	0.226
  5858	0.0884139	-0.226	0.226
  5859	0.113521	-0.226	0.226
  5860	0.108482	-0.226	0.226
  5861	0.0735325	-0.226	0.226
  5862	0.109828	-0.226	0.226
  5863	0.106318	-0.226	0.226
  5864	0.0968403	-0.226	0.226
  5865	0.0855897	-0.226	0.226
  5866	0.0561516	-0.226	0.226
  5867	0.0969134	-0.226	0.226
  5868	0.108752	-0.226	0.226
  5869	0.0771383	-0.226	0.226
  5870	0.109217	-0.226	0.226
  5871	0.0668095	-0.226	0.226
  5872	0.0955015	-0.226	0.226
  5873	0.0934972	-0.226	0.226
  5874	0.0956314	-0.226	0.226
  5875	0.104714	-0.226	0.226
  5876	0.110627	-0.226	0.226
  5877	0.106082	-0.226	0.226
  5878	0.102074	-0.226	0.226
  5879	0.104155	-0.226	0.226
  5880	0.111708	-0.226	0.226
  5881	0.0537718	-0.226	0.226
  5882	0.104664	-0.226	0.226
  5883	0.107513	-0.226	0.226
  5884	0.108169	-0.226	0.226
  5885	0.11102	-0.226	0.226
  5886	0.0874576	-0.226	0.226
  5887	0.106048	-0.226	0.226
  5888	0.102275	-0.226	0.226
  5889	0.101806	-0.226	0.226
  5890	0.100354	-0.226	0.226
  5891	0.057664	-0.226	0.226
  5892	0.0877031	-0.226	0.226
  5893	0.112444	-0.226	0.226
  5894	0.102673	-0.226	0.226
  5895	0.0986	-0.226	0.226
  5896	0.0956576	-0.226	0.226
  5897	0.116233	-0.226	0.226
  5898	0.111913	-0.226	0.226
  5899	0.078777	-0.226	0.226
  5900	0.0933131	-0.226	0.226
  5901	0.116106	-0.226	0.226
  5902	0.0889927	-0.226	0.226
  5903	0.113862	-0.226	0.226
  5904	0.11369	-0.226	0.226
  5905	0.0760969	-0.226	0.226
  5906	0.112929	-0.226	0.226
  5907	0.0996262	-0.226	0.226
  5908	0.051134	-0.226	0.226
  5909	0.089714	-0.226	0.226
  5910	0.0957862	-0.226	0.226
  5911	0.0879892	-0.226	0.226
  5912	0.0888476	-0.226	0.226
  5913	0.113388	-0.226	0.226
  5914	0.039686	-0.226	0.226
  5915	0.108617	-0.226	0.226
  5916	0.0984829	-0.226	0.226
  5917	0.0923009	-0.226	0.226
  5918	0.0846813	-0.226	0.226
  5919	0.0925758	-0.226	0.226
  5920	0.0603448	-0.226	0.226
  5921	0.102707	-0.226	0.226
  5922	0.0374528	-0.226	0.226
  5923	0.0732587	-0.226	0.226
  5924	0.0802256	-0.226	0.226
  5925	0.109092	-0.226	0.226
  5926	0.111007	-0.226	0.226
  5927	0.0728305	-0.226	0.226
  5928	0.0655076	-0.226	0.226
  5929	0.0910738	-0.226	0.226
  5930	0.077262	-0.226	0.226
  5931	0.11362	-0.226	0.226
  5932	0.104434	-0.226	0.226
  5933	0.100532	-0.226	0.226
  5934	0.0840856	-0.226	0.226
  5935	0.0927741	-0.226	0.226
  5936	0.0938683	-0.226	0.226
  5937	0.0966797	-0.226	0.226
  5938	0.0802593	-0.226	0.226
  5939	0.115703	-0.226	0.226
  5940	0.0674461	-0.226	0.226
  5941	0.0906186	-0.226	0.226
  5942	0.110548	-0.226	0.226
  5943	0.0616561	-0.226	0.226
  5944	0.0951834	-0.226	0.226
  5945	0.114504	-0.226	0.226
  5946	0.100881	-0.226	0.226
  5947	0.111275	-0.226	0.226
  5948	0.0709503	-0.226	0.226
  5949	0.108345	-0.226	0.226
  5950	0.10881	-0.226	0.226
  5951	0.113256	-0.226	0.226
  5952	0.0957251	-0.226	0.226
  5953	0.0540858	-0.226	0.226
  5954	0.0613793	-0.226	0.226
  5955	0.11549	-0.226	0.226
  5956	0.0798017	-0.226	0.226
  5957	0.0785018	-0.226	0.226
  5958	0.112191	-0.226	0.226
  5959	0.104945	-0.226	0.226
  5960	0.0940941	-0.226	0.226
  5961	0.0963288	-0.226	0.226
  5962	0.110125	-0.226	0.226
  5963	0.0641329	-0.226	0.226
  5964	0.04815	-0.226	0.226
  5965	0.083806	-0.226	0.226
  5966	0.0383865	-0.226	0.226
  5967	0.102126	-0.226	0.226
  5968	0.111369	-0.226	0.226
  5969	0.0482259	-0.226	0.226
  5970	0.0695958	-0.226	0.226
  5971	0.093502	-0.226	0.226
  5972	0.0549439	-0.226	0.226
  5973	0.114098	-0.226	0.226
  5974	0.0981694	-0.226	0.226
  5975	0.0668139	-0.226	0.226
  5976	0.0916548	-0.226	0.226
  5977	0.111184	-0.226	0.226
  5978	0.106235	-0.226	0.226
  5979	0.0936007	-0.226	0.226
  5980	0.0874081	-0.226	0.226
  5981	0.112644	-0.226	0.226
  5982	0.0645344	-0.226	0.226
  5983	0.0970328	-0.226	0.226
  5984	0.110454	-0.226	0.226
  5985	0.0977088	-0.226	0.226
  5986	0.0829071	-0.226	0.226
  5987	0.0810148	-0.226	0.226
  5988	0.0537705	-0.226	0.226
  5989	0.0601024	-0.226	0.226
  5990	0.113201	-0.226	0.226
  5991	0.0821026	-0.226	0.226
  5992	0.0670106	-0.226	0.226
  5993	0.0886584	-0.226	0.226
  5994	0.102477	-0.226	0.226
  5995	0.10782	-0.226	0.226
  5996	0.103247	-0.226	0.226
  5997	0.0589636	-0.226	0.226
  5998	0.0705217	-0.226	0.226
  5999	0.0881	-0.226	0.226
  6000	0.0924195	-0.226	0.226
  6001	0.0940128	-0.226	0.226
  6002	0.0646039	-0.226	0.226
  6003	0.0666742	-0.226	0.226
  6004	0.0911753	-0.226	0.226
  6005	0.101754	-0.226	0.226
  6006	0.100545	-0.226	0.226
  6007	0.0888055	-0.226	0.226
  6008	0.0785881	-0.226	0.226
  6009	0.061746	-0.226	0.226
  6010	0.109816	-0.226	0.226
  6011	0.0982473	-0.226	0.226
  6012	0.0992424	-0.226	0.226
  6013	0.0965876	-0.226	0.226
  6014	0.0980702	-0.226	0.226
  6015	0.11154	-0.226	0.226
  6016	0.097814	-0.226	0.226
  6017	0.110844	-0.226	0.226
  6018	0.0990682	-0.226	0.226
  6019	0.107742	-0.226	0.226
  6020	0.097948	-0.226	0.226
  6021	0.0910899	-0.226	0.226
  6022	0.105925	-0.226	0.226
  6023	0.0841712	-0.226	0.226
  6024	0.0941498	-0.226	0.226
  6025	0.110226	-0.226	0.226
  6026	0.113316	-0.226	0.226
  6027	0.112598	-0.226	0.226
  6028	0.0550314	-0.226	0.226
  6029	0.0829769	-0.226	0.226
  6030	0.113131	-0.226	0.226
  6031	0.0776627	-0.226	0.226
  6032	0.107018	-0.226	0.226
  6033	0.112042	-0.226	0.226
  6034	0.113015	-0.226	0.226
  6035	0.110215	-0.226	0.226
  6036	0.106376	-0.226	0.226
  6037	0.113861	-0.226	0.226
  6038	0.0882278	-0.226	0.226
  6039	0.102557	-0.226	0.226
  6040	0.0889281	-0.226	0.226
  6041	0.0740191	-0.226	0.226
  6042	0.0902484	-0.226	0.226
  6043	0.107831	-0.226	0.226
  6044	0.0823119	-0.226	0.226
  6045	0.108336	-0.226	0.226
  6046	0.0575526	-0.226	0.226
  6047	0.11506	-0.226	0.226
  6048	0.0645139	-0.226	0.226
  6049	0.111054	-0.226	0.226
  6050	0.0640004	-0.226	0.226
  6051	0.099577	-0.226	0.226
  6052	0.104567	-0.226	0.226
  6053	0.0938564	-0.226	0.226
  6054	0.103561	-0.226	0.226
  6055	0.115624	-0.226	0.226
  6056	0.102546	-0.226	0.226
  6057	0.0866075	-0.226	0.226
  6058	0.109873	-0.226	0.226
  6059	0.10555	-0.226	0.226
  6060	0.110214	-0.226	0.226
  6061	0.0693857	-0.226	0.226
  6062	0.0884689	-0.226	0.226
  6063	0.0893511	-0.226	0.226
  6064	0.0853831	-0.226	0.226
  6065	0.101974	-0.226	0.226
  6066	0.10775	-0.226	0.226
  6067	0.0960043	-0.226	0.226
  6068	0.0849675	-0.226	0.226
  6069	0.0815253	-0.226	0.226
  6070	0.0867209	-0.226	0.226
  6071	0.102044	-0.226	0.226
  6072	0.113961	-0.226	0.226
  6073	0.072758	-0.226	0.226
  6074	0.111784	-0.226	0.226
  6075	0.0844698	-0.226	0.226
  6076	0.100944	-0.226	0.226
  6077	0.0950975	-0.226	0.226
  6078	0.0856463	-0.226	0.226
  6079	0.0932132	-0.226	0.226
  6080	0.102694	-0.226	0.226
  6081	0.0977864	-0.226	0.226
  6082	0.109084	-0.226	0.226
  6083	0.0957833	-0.226	0.226
  6084	0.0474073	-0.226	0.226
  6085	0.113801	-0.226	0.226
  6086	0.0822445	-0.226	0.226
  6087	0.105458	-0.226	0.226
  6088	0.10698	-0.226	0.226
  6089	0.09431	-0.226	0.226
  6090	0.101456	-0.226	0.226
  6091	0.0860821	-0.226	0.226
  6092	0.11147	-0.226	0.226
  6093	0.0848617	-0.226	0.226
  6094	0.0859803	-0.226	0.226
  6095	0.0907459	-0.226	0.226
  6096	0.0765934	-0.226	0.226
  6097	0.0815796	-0.226	0.226
  6098	0.113224	-0.226	0.226
  6099	0.0550829	-0.226	0.226
  6100	0.114129	-0.226	0.226
  6101	0.106495	-0.226	0.226
  6102	0.103122	-0.226	0.226
  6103	0.0820153	-0.226	0.226
  6104	0.0765281	-0.226	0.226
  6105	0.104714	-0.226	0.226
  6106	0.0864327	-0.226	0.226
  6107	0.0935181	-0.226	0.226
  6108	0.0938167	-0.226	0.226
  6109	0.0902204	-0.226	0.226
  6110	0.0822554	-0.226	0.226
  6111	0.114449	-0.226	0.226
  6112	0.0406922	-0.226	0.226
  6113	0.103538	-0.226	0.226
  6114	0.0681191	-0.226	0.226
  6115	0.110759	-0.226	0.226
  6116	0.0903564	-0.226	0.226
  6117	0.0729001	-0.226	0.226
  6118	0.102867	-0.226	0.226
  6119	0.112109	-0.226	0.226
  6120	0.095555	-0.226	0.226
  6121	0.059103	-0.226	0.226
  6122	0.115591	-0.226	0.226
  6123	0.103636	-0.226	0.226
  6124	0.0844548	-0.226	0.226
  6125	0.0892428	-0.226	0.226
  6126	0.0935746	-0.226	0.226
  6127	0.0941665	-0.226	0.226
  6128	0.115264	-0.226	0.226
  6129	0.0697303	-0.226	0.226
  6130	0.0639002	-0.226	0.226
  6131	0.0969307	-0.226	0.226
  6132	0.110406	-0.226	0.226
  6133	0.0612363	-0.226	0.226
  6134	0.0964039	-0.226	0.226
  6135	0.0915868	-0.226	0.226
  6136	0.112917	-0.226	0.226
  6137	0.106795	-0.226	0.226
  6138	0.0645953	-0.226	0.226
  6139	0.0770853	-0.226	0.226
  6140	0.0952145	-0.226	0.226
  6141	0.111152	-0.226	0.226
  6142	0.0952496	-0.226	0.226
  6143	0.111293	-0.226	0.226
  6144	0.0876264	-0.226	0.226
  6145	0.113953	-0.226	0.226
  6146	0.0770305	-0.226	0.226
  6147	0.0867804	-0.226	0.226
  6148	0.106412	-0.226	0.226
  6149	0.102527	-0.226	0.226
  6150	0.0921751	-0.226	0.226
  6151	0.115702	-0.226	0.226
  6152	0.0959484	-0.226	0.226
  6153	0.0804712	-0.226	0.226
  6154	0.1145	-0.226	0.226
  6155	0.0932584	-0.226	0.226
  6156	0.0951015	-0.226	0.226
  6157	0.10904	-0.226	0.226
  6158	0.0574439	-0.226	0.226
  6159	0.0398811	-0.226	0.226
  6160	0.114963	-0.226	0.226
  6161	0.112143	-0.226	0.226
  6162	0.105927	-0.226	0.226
  6163	0.0936938	-0.226	0.226
  6164	0.067349	-0.226	0.226
  6165	0.096967	-0.226	0.226
  6166	0.0715477	-0.226	0.226
  6167	0.102815	-0.226	0.226
  6168	0.114768	-0.226	0.226
  6169	0.0814339	-0.226	0.226
  6170	0.0789384	-0.226	0.226
  6171	0.0663686	-0.226	0.226
  6172	0.0906628	-0.226	0.226
  6173	0.0621353	-0.226	0.226
  6174	0.116266	-0.226	0.226
  6175	0.0746227	-0.226	0.226
  6176	0.0985015	-0.226	0.226
  6177	0.102538	-0.226	0.226
  6178	0.113635	-0.226	0.226
  6179	0.0722785	-0.226	0.226
  6180	0.0805961	-0.226	0.226
  6181	0.112686	-0.226	0.226
  6182	0.0867937	-0.226	0.226
  6183	0.0967578	-0.226	0.226
  6184	0.105695	-0.226	0.226
  6185	0.104723	-0.226	0.226
  6186	0.104327	-0.226	0.226
  6187	0.0930445	-0.226	0.226
  6188	0.0897718	-0.226	0.226
  6189	0.0831139	-0.226	0.226
  6190	0.112567	-0.226	0.226
  6191	0.0669525	-0.226	0.226
  6192	0.09972	-0.226	0.226
  6193	0.10826	-0.226	0.226
  6194	0.0760613	-0.226	0.226
  6195	0.109638	-0.226	0.226
  6196	0.102321	-0.226	0.226
  6197	0.0868244	-0.226	0.226
  6198	0.0765908	-0.226	0.226
  6199	0.0901595	-0.226	0.226
  6200	0.111494	-0.226	0.226
  6201	0.107401	-0.226	0.226
  6202	0.086709	-0.226	0.226
  6203	0.106949	-0.226	0.226
  6204	0.103669	-0.226	0.226
  6205	0.0972178	-0.226	0.226
  6206	0.0717428	-0.226	0.226
  6207	0.0755611	-0.226	0.226
  6208	0.054391	-0.226	0.226
  6209	0.111353	-0.226	0.226
  6210	0.113	-0.226	0.226
  6211	0.106645	-0.226	0.226
  6212	0.081998	-0.226	0.226
  6213	0.0937609	-0.226	0.226
  6214	0.111152	-0.226	0.226
  6215	0.0986606	-0.226	0.226
  6216	0.102377	-0.226	0.226
  6217	0.0959232	-0.226	0.226
  6218	0.0836085	-0.226	0.226
  6219	0.10438	-0.226	0.226
  6220	0.101652	-0.226	0.226
  6221	0.0751018	-0.226	0.226
  6222	0.0907951	-0.226	0.226
  6223	0.0889094	-0.226	0.226
  6224	0.111383	-0.226	0.226
  6225	0.110316	-0.226	0.226
  6226	0.105737	-0.226	0.226
  6227	0.0990092	-0.226	0.226
  6228	0.108703	-0.226	0.226
  6229	0.0778633	-0.226	0.226
  6230	0.045831	-0.226	0.226
  6231	0.113494	-0.226	0.226
  6232	0.103717	-0.226	0.226
  6233	0.0564774	-0.226	0.226
  6234	0.107371	-0.226	0.226
  6235	0.083106	-0.226	0.226
  6236	0.0702083	-0.226	0.226
  6237	0.101871	-0.226	0.226
  6238	0.0994504	-0.226	0.226
  6239	0.109723	-0.226	0.226
  6240	0.0849555	-0.226	0.226
  6241	0.115719	-0.226	0.226
  6242	0.0838019	-0.226	0.226
  6243	0.0437248	-0.226	0.226
  6244	0.0646274	-0.226	0.226
  6245	0.103347	-0.226	0.226
  6246	0.0786671	-0.226	0.226
  6247	0.0740393	-0.226	0.226
  6248	0.0923752	-0.226	0.226
  6249	0.073976	-0.226	0.226
  6250	0.0450395	-0.226	0.226
  6251	0.0541301	-0.226	0.226
  6252	0.106315	-0.226	0.226
  6253	0.0576197	-0.226	0.226
  6254	0.0862269	-0.226	0.226
  6255	0.0760115	-0.226	0.226
  6256	0.110778	-0.226	0.226
  6257	0.102916	-0.226	0.226
  6258	0.0856182	-0.226	0.226
  6259	0.0934959	-0.226	0.226
  6260	0.10397	-0.226	0.226
  6261	0.11153	-0.226	0.226
  6262	0.0923008	-0.226	0.226
  6263	0.113185	-0.226	0.226
  6264	0.114137	-0.226	0.226
  6265	0.0896193	-0.226	0.226
  6266	0.104797	-0.226	0.226
  6267	0.0886335	-0.226	0.226
  6268	0.0848132	-0.226	0.226
  6269	0.095285	-0.226	0.226
  6270	0.102523	-0.226	0.226
  6271	0.0677418	-0.226	0.226
  6272	0.114116	-0.226	0.226
  6273	0.0986627	-0.226	0.226
  6274	0.114618	-0.226	0.226
  6275	0.108211	-0.226	0.226
  6276	0.0781576	-0.226	0.226
  6277	0.115314	-0.226	0.226
  6278	0.114877	-0.226	0.226
  6279	0.105093	-0.226	0.226
  6280	0.0917531	-0.226	0.226
  6281	0.0846426	-0.226	0.226
  6282	0.0917565	-0.226	0.226
  6283	0.099168	-0.226	0.226
  6284	0.0795849	-0.226	0.226
  6285	0.0921287	-0.226	0.226
  6286	0.0712431	-0.226	0.226
  6287	0.107774	-0.226	0.226
  6288	0.111931	-0.226	0.226
  6289	0.107398	-0.226	0.226
  6290	0.0848653	-0.226	0.226
  6291	0.0874241	-0.226	0.226
  6292	0.111598	-0.226	0.226
  6293	0.107807	-0.226	0.226
  6294	0.0793619	-0.226	0.226
  6295	0.0778589	-0.226	0.226
  6296	0.107288	-0.226	0.226
  6297	0.110688	-0.226	0.226
  6298	0.0822342	-0.226	0.226
  6299	0.0999684	-0.226	0.226
  6300	0.112925	-0.226	0.226
  6301	0.0858946	-0.226	0.226
  6302	0.0888659	-0.226	0.226
  6303	0.0762831	-0.226	0.226
  6304	0.0569661	-0.226	0.226
  6305	0.0840767	-0.226	0.226
  6306	0.107463	-0.226	0.226
  6307	0.0943175	-0.226	0.226
  6308	0.0717545	-0.226	0.226
  6309	0.100155	-0.226	0.226
  6310	0.108156	-0.226	0.226
  6311	0.107435	-0.226	0.226
  6312	0.0942818	-0.226	0.226
  6313	0.113737	-0.226	0.226
  6314	0.112653	-0.226	0.226
  6315	0.0852259	-0.226	0.226
  6316	0.100532	-0.226	0.226
  6317	0.0956312	-0.226	0.226
  6318	0.0897487	-0.226	0.226
  6319	0.106294	-0.226	0.226
  6320	0.109212	-0.226	0.226
  6321	0.0706097	-0.226	0.226
  6322	0.10985	-0.226	0.226
  6323	0.0203321	-0.226	0.226
  6324	0.102876	-0.226	0.226
  6325	0.112453	-0.226	0.226
  6326	0.0852349	-0.226	0.226
  6327	0.0915828	-0.226	0.226
  6328	0.0850658	-0.226	0.226
  6329	0.0771677	-0.226	0.226
  6330	0.0847922	-0.226	0.226
  6331	0.111925	-0.226	0.226
  6332	0.0707554	-0.226	0.226
  6333	0.0795667	-0.226	0.226
  6334	0.109175	-0.226	0.226
  6335	0.103678	-0.226	0.226
  6336	0.0970482	-0.226	0.226
  6337	0.0953949	-0.226	0.226
  6338	0.0904837	-0.226	0.226
  6339	0.0796307	-0.226	0.226
  6340	0.110666	-0.226	0.226
  6341	0.0427331	-0.226	0.226
  6342	0.0828921	-0.226	0.226
  6343	0.0866767	-0.226	0.226
  6344	0.0843429	-0.226	0.226
  6345	0.0844579	-0.226	0.226
  6346	0.095939	-0.226	0.226
  6347	0.0586869	-0.226	0.226
  6348	0.10131	-0.226	0.226
  6349	0.0497339	-0.226	0.226
  6350	0.0640213	-0.226	0.226
  6351	0.0861467	-0.226	0.226
  6352	0.0489723	-0.226	0.226
  6353	0.0984395	-0.226	0.226
  6354	0.0946404	-0.226	0.226
  6355	0.112551	-0.226	0.226
  6356	0.0919213	-0.226	0.226
  6357	0.0901879	-0.226	0.226
  6358	0.0730546	-0.226	0.226
  6359	0.100231	-0.226	0.226
  6360	0.0881953	-0.226	0.226
  6361	0.110482	-0.226	0.226
  6362	0.0850662	-0.226	0.226
  6363	0.0601223	-0.226	0.226
  6364	0.089687	-0.226	0.226
  6365	0.0662284	-0.226	0.226
  6366	0.0982408	-0.226	0.226
  6367	0.11247	-0.226	0.226
  6368	0.0814783	-0.226	0.226
  6369	0.1081	-0.226	0.226
  6370	0.103914	-0.226	0.226
  6371	0.101559	-0.226	0.226
  6372	0.110935	-0.226	0.226
  6373	0.0717867	-0.226	0.226
  6374	0.101462	-0.226	0.226
  6375	0.0814951	-0.226	0.226
  6376	0.0824574	-0.226	0.226
  6377	0.115002	-0.226	0.226
  6378	0.101598	-0.226	0.226
  6379	0.107991	-0.226	0.226
  6380	0.061634	-0.226	0.226
  6381	0.11017	-0.226	0.226
  6382	0.0492265	-0.226	0.226
  6383	0.112843	-0.226	0.226
  6384	0.107385	-0.226	0.226
  6385	0.0880544	-0.226	0.226
  6386	0.100526	-0.226	0.226
  6387	0.103893	-0.226	0.226
  6388	0.10433	-0.226	0.226
  6389	0.110229	-0.226	0.226
  6390	0.11433	-0.226	0.226
  6391	0.0975949	-0.226	0.226
  6392	0.0777329	-0.226	0.226
  6393	0.0582568	-0.226	0.226
  6394	0.109537	-0.226	0.226
  6395	0.0558862	-0.226	0.226
  6396	0.0723971	-0.226	0.226
  6397	0.113276	-0.226	0.226
  6398	0.0886098	-0.226	0.226
  6399	0.0609438	-0.226	0.226
  6400	0.0863199	-0.226	0.226
  6401	0.0802804	-0.226	0.226
  6402	0.0967259	-0.226	0.226
  6403	0.112263	-0.226	0.226
  6404	0.102875	-0.226	0.226
  6405	0.0909448	-0.226	0.226
  6406	0.108767	-0.226	0.226
  6407	0.111335	-0.226	0.226
  6408	0.0974345	-0.226	0.226
  6409	0.081954	-0.226	0.226
  6410	0.0974154	-0.226	0.226
  6411	0.0869578	-0.226	0.226
  6412	0.108535	-0.226	0.226
  6413	0.0836325	-0.226	0.226
  6414	0.0903791	-0.226	0.226
  6415	0.103871	-0.226	0.226
  6416	0.0836652	-0.226	0.226
  6417	0.104711	-0.226	0.226
  6418	0.0770355	-0.226	0.226
  6419	0.107134	-0.226	0.226
  6420	0.0963261	-0.226	0.226
  6421	0.0972633	-0.226	0.226
  6422	0.11418	-0.226	0.226
  6423	0.114516	-0.226	0.226
  6424	0.102626	-0.226	0.226
  6425	0.104611	-0.226	0.226
  6426	0.0665541	-0.226	0.226
  6427	0.0915371	-0.226	0.226
  6428	0.105822	-0.226	0.226
  6429	0.0605905	-0.226	0.226
  6430	0.0520218	-0.226	0.226
  6431	0.107549	-0.226	0.226
  6432	0.103039	-0.226	0.226
  6433	0.0988148	-0.226	0.226
  6434	0.0890035	-0.226	0.226
  6435	0.0738153	-0.226	0.226
  6436	0.104712	-0.226	0.226
  6437	0.0766033	-0.226	0.226
  6438	0.0645788	-0.226	0.226
  6439	0.115408	-0.226	0.226
  6440	0.0722804	-0.226	0.226
  6441	0.106336	-0.226	0.226
  6442	0.116332	-0.226	0.226
  6443	0.109486	-0.226	0.226
  6444	0.072681	-0.226	0.226
  6445	0.090872	-0.226	0.226
  6446	0.0501057	-0.226	0.226
  6447	0.0938492	-0.226	0.226
  6448	0.115169	-0.226	0.226
  6449	0.09025	-0.226	0.226
  6450	0.0903033	-0.226	0.226
  6451	0.114887	-0.226	0.226
  6452	0.0800562	-0.226	0.226
  6453	0.101932	-0.226	0.226
  6454	0.105288	-0.226	0.226
  6455	0.0640506	-0.226	0.226
  6456	0.0607824	-0.226	0.226
  6457	0.0917014	-0.226	0.226
  6458	0.11474	-0.226	0.226
  6459	0.0768978	-0.226	0.226
  6460	0.0490044	-0.226	0.226
  6461	0.0797015	-0.226	0.226
  6462	0.115049	-0.226	0.226
  6463	0.0602844	-0.226	0.226
  6464	0.1126	-0.226	0.226
  6465	0.0752009	-0.226	0.226
  6466	0.0930881	-0.226	0.226
  6467	0.0883125	-0.226	0.226
  6468	0.106741	-0.226	0.226
  6469	0.0618112	-0.226	0.226
  6470	0.0884	-0.226	0.226
  6471	0.0888704	-0.226	0.226
  6472	0.0413344	-0.226	0.226
  6473	0.094943	-0.226	0.226
  6474	0.0986016	-0.226	0.226
  6475	0.0921718	-0.226	0.226
  6476	0.111673	-0.226	0.226
  6477	0.10575	-0.226	0.226
  6478	0.0606679	-0.226	0.226
  6479	0.086572	-0.226	0.226
  6480	0.0721735	-0.226	0.226
  6481	0.087054	-0.226	0.226
  6482	0.070224	-0.226	0.226
  6483	0.0638704	-0.226	0.226
  6484	0.0820302	-0.226	0.226
  6485	0.106295	-0.226	0.226
  6486	0.0854921	-0.226	0.226
  6487	0.100818	-0.226	0.226
  6488	0.114194	-0.226	0.226
  6489	0.0534457	-0.226	0.226
  6490	0.106106	-0.226	0.226
  6491	0.109746	-0.226	0.226
  6492	0.115399	-0.226	0.226
  6493	0.111747	-0.226	0.226
  6494	0.0960527	-0.226	0.226
  6495	0.111459	-0.226	0.226
  6496	0.113706	-0.226	0.226
  6497	0.0648482	-0.226	0.226
  6498	0.101535	-0.226	0.226
  6499	0.0801873	-0.226	0.226
  6500	0.0812014	-0.226	0.226
  6501	0.0877926	-0.226	0.226
  6502	0.0672369	-0.226	0.226
  6503	0.107509	-0.226	0.226
  6504	0.112425	-0.226	0.226
  6505	0.115924	-0.226	0.226
  6506	0.0894515	-0.226	0.226
  6507	0.0773047	-0.226	0.226
  6508	0.11543	-0.226	0.226
  6509	0.0418663	-0.226	0.226
  6510	0.11514	-0.226	0.226
  6511	0.105977	-0.226	0.226
  6512	0.0973171	-0.226	0.226
  6513	0.080413	-0.226	0.226
  6514	0.113151	-0.226	0.226
  6515	0.0798231	-0.226	0.226
  6516	0.101573	-0.226	0.226
  6517	0.0996937	-0.226	0.226
  6518	0.0864942	-0.226	0.226
  6519	0.108212	-0.226	0.226
  6520	0.111291	-0.226	0.226
  6521	0.0873273	-0.226	0.226
  6522	0.114476	-0.226	0.226
  6523	0.102746	-0.226	0.226
  6524	0.0907905	-0.226	0.226
  6525	0.107428	-0.226	0.226
  6526	0.107931	-0.226	0.226
  6527	0.0857034	-0.226	0.226
  6528	0.0769549	-0.226	0.226
  6529	0.0467221	-0.226	0.226
  6530	0.100976	-0.226	0.226
  6531	0.0905653	-0.226	0.226
  6532	0.0783621	-0.226	0.226
  6533	0.100562	-0.226	0.226
  6534	0.109175	-0.226	0.226
  6535	0.087201	-0.226	0.226
  6536	0.107043	-0.226	0.226
  6537	0.0891406	-0.226	0.226
  6538	0.0847963	-0.226	0.226
  6539	0.113007	-0.226	0.226
  6540	0.113006	-0.226	0.226
  6541	0.101986	-0.226	0.226
  6542	0.0810459	-0.226	0.226
  6543	0.106192	-0.226	0.226
  6544	0.115707	-0.226	0.226
  6545	0.0921735	-0.226	0.226
  6546	0.086106	-0.226	0.226
  6547	0.116304	-0.226	0.226
  6548	0.108045	-0.226	0.226
  6549	0.112309	-0.226	0.226
  6550	0.103026	-0.226	0.226
  6551	0.0943526	-0.226	0.226
  6552	0.0491555	-0.226	0.226
  6553	0.111528	-0.226	0.226
  6554	0.0822831	-0.226	0.226
  6555	0.0541329	-0.226	0.226
  6556	0.0792164	-0.226	0.226
  6557	0.108611	-0.226	0.226
  6558	0.0964484	-0.226	0.226
  6559	0.0739765	-0.226	0.226
  6560	0.113502	-0.226	0.226
  6561	0.0661623	-0.226	0.226
  6562	0.0908827	-0.226	0.226
  6563	0.11175	-0.226	0.226
  6564	0.113574	-0.226	0.226
  6565	0.108682	-0.226	0.226
  6566	0.0975458	-0.226	0.226
  6567	0.109479	-0.226	0.226
  6568	0.104033	-0.226	0.226
  6569	0.0965133	-0.226	0.226
  6570	0.114585	-0.226	0.226
  6571	0.0980979	-0.226	0.226
  6572	0.0943388	-0.226	0.226
  6573	0.113291	-0.226	0.226
  6574	0.098892	-0.226	0.226
  6575	0.0969012	-0.226	0.226
  6576	0.103419	-0.226	0.226
  6577	0.113127	-0.226	0.226
  6578	0.0713879	-0.226	0.226
  6579	0.0623258	-0.226	0.226
  6580	0.111928	-0.226	0.226
  6581	0.112351	-0.226	0.226
  6582	0.109748	-0.226	0.226
  6583	0.108917	-0.226	0.226
  6584	0.113423	-0.226	0.226
  6585	0.10397	-0.226	0.226
  6586	0.0928705	-0.226	0.226
  6587	0.10684	-0.226	0.226
  6588	0.108356	-0.226	0.226
  6589	0.0693439	-0.226	0.226
  6590	0.113983	-0.226	0.226
  6591	0.113459	-0.226	0.226
  6592	0.0889322	-0.226	0.226
  6593	0.0851741	-0.226	0.226
  6594	0.109875	-0.226	0.226
  6595	0.0940164	-0.226	0.226
  6596	0.0908263	-0.226	0.226
  6597	0.112167	-0.226	0.226
  6598	0.0934313	-0.226	0.226
  6599	0.0861171	-0.226	0.226
  6600	0.0920293	-0.226	0.226
  6601	0.101377	-0.226	0.226
  6602	0.100409	-0.226	0.226
  6603	0.0939234	-0.226	0.226
  6604	0.0556067	-0.226	0.226
  6605	0.0595919	-0.226	0.226
  6606	0.111715	-0.226	0.226
  6607	0.0939559	-0.226	0.226
  6608	0.11399	-0.226	0.226
  6609	0.112508	-0.226	0.226
  6610	0.0961857	-0.226	0.226
  6611	0.0837877	-0.226	0.226
  6612	0.0724542	-0.226	0.226
  6613	0.11018	-0.226	0.226
  6614	0.0971474	-0.226	0.226
  6615	0.112061	-0.226	0.226
  6616	0.0538638	-0.226	0.226
  6617	0.0994372	-0.226	0.226
  6618	0.110596	-0.226	0.226
  6619	0.113914	-0.226	0.226
  6620	0.0901628	-0.226	0.226
  6621	0.0791719	-0.226	0.226
  6622	0.0854864	-0.226	0.226
  6623	0.101232	-0.226	0.226
  6624	0.0833434	-0.226	0.226
  6625	0.0383715	-0.226	0.226
  6626	0.10896	-0.226	0.226
  6627	0.112354	-0.226	0.226
  6628	0.0728406	-0.226	0.226
  6629	0.0628228	-0.226	0.226
  6630	0.108428	-0.226	0.226
  6631	0.103645	-0.226	0.226
  6632	0.111998	-0.226	0.226
  6633	0.0723956	-0.226	0.226
  6634	0.113437	-0.226	0.226
  6635	0.108184	-0.226	0.226
  6636	0.110647	-0.226	0.226
  6637	0.0640815	-0.226	0.226
  6638	0.106428	-0.226	0.226
  6639	0.108448	-0.226	0.226
  6640	0.0914428	-0.226	0.226
  6641	0.113523	-0.226	0.226
  6642	0.110801	-0.226	0.226
  6643	0.111012	-0.226	0.226
  6644	0.103462	-0.226	0.226
  6645	0.101655	-0.226	0.226
  6646	0.103795	-0.226	0.226
  6647	0.109359	-0.226	0.226
  6648	0.110313	-0.226	0.226
  6649	0.0816295	-0.226	0.226
  6650	0.111938	-0.226	0.226
  6651	0.0651191	-0.226	0.226
  6652	0.0710592	-0.226	0.226
  6653	0.0778632	-0.226	0.226
  6654	0.0965143	-0.226	0.226
  6655	0.102129	-0.226	0.226
  6656	0.115941	-0.226	0.226
  6657	0.0884407	-0.226	0.226
  6658	0.105531	-0.226	0.226
  6659	0.102635	-0.226	0.226
  6660	0.100874	-0.226	0.226
  6661	0.10363	-0.226	0.226
  6662	0.087584	-0.226	0.226
  6663	0.111254	-0.226	0.226
  6664	0.0973235	-0.226	0.226
  6665	0.110258	-0.226	0.226
  6666	0.11098	-0.226	0.226
  6667	0.0806256	-0.226	0.226
  6668	0.103868	-0.226	0.226
  6669	0.0910408	-0.226	0.226
  6670	0.105317	-0.226	0.226
  6671	0.0719679	-0.226	0.226
  6672	0.0959181	-0.226	0.226
  6673	0.076048	-0.226	0.226
  6674	0.0931365	-0.226	0.226
  6675	0.10023	-0.226	0.226
  6676	0.0627257	-0.226	0.226
  6677	0.102012	-0.226	0.226
  6678	0.114565	-0.226	0.226
  6679	0.0828436	-0.226	0.226
  6680	0.0851953	-0.226	0.226
  6681	0.0988121	-0.226	0.226
  6682	0.0552964	-0.226	0.226
  6683	0.0808779	-0.226	0.226
  6684	0.107537	-0.226	0.226
  6685	0.0747079	-0.226	0.226
  6686	0.107193	-0.226	0.226
  6687	0.104501	-0.226	0.226
  6688	0.112511	-0.226	0.226
  6689	0.090963	-0.226	0.226
  6690	0.0966551	-0.226	0.226
  6691	0.1131	-0.226	0.226
  6692	0.0926445	-0.226	0.226
  6693	0.0905714	-0.226	0.226
  6694	0.0839491	-0.226	0.226
  6695	0.102376	-0.226	0.226
  6696	0.0487457	-0.226	0.226
  6697	0.0885347	-0.226	0.226
  6698	0.0862302	-0.226	0.226
  6699	0.109297	-0.226	0.226
  6700	0.097982	-0.226	0.226
  6701	0.0656176	-0.226	0.226
  6702	0.110062	-0.226	0.226
  6703	0.0984248	-0.226	0.226
  6704	0.11204	-0.226	0.226
  6705	0.0913036	-0.226	0.226
  6706	0.0992156	-0.226	0.226
  6707	0.111046	-0.226	0.226
  6708	0.105327	-0.226	0.226
  6709	0.112153	-0.226	0.226
  6710	0.114282	-0.226	0.226
  6711	0.0159722	-0.226	0.226
  6712	0.101397	-0.226	0.226
  6713	0.0473628	-0.226	0.226
  6714	0.0807287	-0.226	0.226
  6715	0.095996	-0.226	0.226
  6716	0.0858537	-0.226	0.226
  6717	0.0725517	-0.226	0.226
  6718	0.109206	-0.226	0.226
  6719	0.0950693	-0.226	0.226
  6720	0.0860939	-0.226	0.226
  6721	0.110782	-0.226	0.226
  6722	0.0802533	-0.226	0.226
  6723	0.0935374	-0.226	0.226
  6724	0.0732845	-0.226	0.226
  6725	0.0919523	-0.226	0.226
  6726	0.0928237	-0.226	0.226
  6727	0.109593	-0.226	0.226
  6728	0.0808657	-0.226	0.226
  6729	0.111702	-0.226	0.226
  6730	0.0854426	-0.226	0.226
  6731	0.100161	-0.226	0.226
  6732	0.0824677	-0.226	0.226
  6733	0.103044	-0.226	0.226
  6734	0.057576	-0.226	0.226
  6735	0.09863	-0.226	0.226
  6736	0.112601	-0.226	0.226
  6737	0.0367738	-0.226	0.226
  6738	0.0978844	-0.226	0.226
  6739	0.0917177	-0.226	0.226
  6740	0.10208	-0.226	0.226
  6741	0.115887	-0.226	0.226
  6742	0.11471	-0.226	0.226
  6743	0.0902871	-0.226	0.226
  6744	0.0564711	-0.226	0.226
  6745	0.0815028	-0.226	0.226
  6746	0.101627	-0.226	0.226
  6747	0.0971068	-0.226	0.226
  6748	0.106719	-0.226	0.226
  6749	0.0895586	-0.226	0.226
  6750	0.0891839	-0.226	0.226
  6751	0.0971277	-0.226	0.226
  6752	0.0812556	-0.226	0.226
  6753	0.0941005	-0.226	0.226
  6754	0.0958294	-0.226	0.226
  6755	0.0828814	-0.226	0.226
  6756	0.11246	-0.226	0.226
  6757	0.106399	-0.226	0.226
  6758	0.106016	-0.226	0.226
  6759	0.0763104	-0.226	0.226
  6760	0.0802692	-0.226	0.226
  6761	0.075164	-0.226	0.226
  6762	0.0523152	-0.226	0.226
  6763	0.0998492	-0.226	0.226
  6764	0.0914006	-0.226	0.226
  6765	0.113421	-0.226	0.226
  6766	0.110034	-0.226	0.226
  6767	0.110467	-0.226	0.226
  6768	0.0924612	-0.226	0.226
  6769	0.116263	-0.226	0.226
  6770	0.0962649	-0.226	0.226
  6771	0.0690937	-0.226	0.226
  6772	0.0775502	-0.226	0.226
  6773	0.0704009	-0.226	0.226
  6774	0.110925	-0.226	0.226
  6775	0.111351	-0.226	0.226
  6776	0.115884	-0.226	0.226
  6777	0.0848635	-0.226	0.226
  6778	0.0948535	-0.226	0.226
  6779	0.108732	-0.226	0.226
  6780	0.105552	-0.226	0.226
  6781	0.107342	-0.226	0.226
  6782	0.104873	-0.226	0.226
  6783	0.102724	-0.226	0.226
  6784	0.0905118	-0.226	0.226
  6785	0.114862	-0.226	0.226
  6786	0.088835	-0.226	0.226
  6787	0.0977195	-0.226	0.226
  6788	0.10227	-0.226	0.226
  6789	0.053571	-0.226	0.226
  6790	0.0454802	-0.226	0.226
  6791	0.111809	-0.226	0.226
  6792	0.100437	-0.226	0.226
  6793	0.107395	-0.226	0.226
  6794	0.103395	-0.226	0.226
  6795	0.0809529	-0.226	0.226
  6796	0.0730274	-0.226	0.226
  6797	0.098747	-0.226	0.226
  6798	0.0426712	-0.226	0.226
  6799	0.113747	-0.226	0.226
  6800	0.0817567	-0.226	0.226
  6801	0.0890755	-0.226	0.226
  6802	0.114774	-0.226	0.226
  6803	0.0245632	-0.226	0.226
  6804	0.0986413	-0.226	0.226
  6805	0.111015	-0.226	0.226
  6806	0.0863129	-0.226	0.226
  6807	0.0928571	-0.226	0.226
  6808	0.0711323	-0.226	0.226
  6809	0.10867	-0.226	0.226
  6810	0.0739524	-0.226	0.226
  6811	0.0667793	-0.226	0.226
  6812	0.0936822	-0.226	0.226
  6813	0.0852801	-0.226	0.226
  6814	0.0534002	-0.226	0.226
  6815	0.0980205	-0.226	0.226
  6816	0.10373	-0.226	0.226
  6817	0.115394	-0.226	0.226
  6818	0.0978503	-0.226	0.226
  6819	0.0581344	-0.226	0.226
  6820	0.108824	-0.226	0.226
  6821	0.111316	-0.226	0.226
  6822	0.108117	-0.226	0.226
  6823	0.115019	-0.226	0.226
  6824	0.0890477	-0.226	0.226
  6825	0.109415	-0.226	0.226
  6826	0.108452	-0.226	0.226
  6827	0.100435	-0.226	0.226
  6828	0.0868997	-0.226	0.226
  6829	0.0732901	-0.226	0.226
  6830	0.110651	-0.226	0.226
  6831	0.091902	-0.226	0.226
  6832	0.0928485	-0.226	0.226
  6833	0.0858572	-0.226	0.226
  6834	0.0566339	-0.226	0.226
  6835	0.102407	-0.226	0.226
  6836	0.0984679	-0.226	0.226
  6837	0.0690889	-0.226	0.226
  6838	0.0985396	-0.226	0.226
  6839	0.0691508	-0.226	0.226
  6840	0.103639	-0.226	0.226
  6841	0.0945329	-0.226	0.226
  6842	0.11526	-0.226	0.226
  6843	0.044869	-0.226	0.226
  6844	0.103737	-0.226	0.226
  6845	0.109229	-0.226	0.226
  6846	0.0567447	-0.226	0.226
  6847	0.0881258	-0.226	0.226
  6848	0.10441	-0.226	0.226
  6849	0.100102	-0.226	0.226
  6850	0.107013	-0.226	0.226
  6851	0.0945311	-0.226	0.226
  6852	0.0716508	-0.226	0.226
  6853	0.0936174	-0.226	0.226
  6854	0.108775	-0.226	0.226
  6855	0.106193	-0.226	0.226
  6856	0.0543998	-0.226	0.226
  6857	0.108197	-0.226	0.226
  6858	0.0753717	-0.226	0.226
  6859	0.103896	-0.226	0.226
  6860	0.102603	-0.226	0.226
  6861	0.0734429	-0.226	0.226
  6862	0.111462	-0.226	0.226
  6863	0.0768626	-0.226	0.226
  6864	0.0993235	-0.226	0.226
  6865	0.0955975	-0.226	0.226
  6866	0.0950095	-0.226	0.226
  6867	0.0966162	-0.226	0.226
  6868	0.113683	-0.226	0.226
  6869	0.113982	-0.226	0.226
  6870	0.0798446	-0.226	0.226
  6871	0.11319	-0.226	0.226
  6872	0.0884197	-0.226	0.226
  6873	0.0973518	-0.226	0.226
  6874	0.0958004	-0.226	0.226
  6875	0.0873137	-0.226	0.226
  6876	0.11602	-0.226	0.226
  6877	0.0825333	-0.226	0.226
  6878	0.0992195	-0.226	0.226
  6879	0.0982883	-0.226	0.226
  6880	0.0966294	-0.226	0.226
  6881	0.100988	-0.226	0.226
  6882	0.0862414	-0.226	0.226
  6883	0.0749116	-0.226	0.226
  6884	0.113207	-0.226	0.226
  6885	0.101909	-0.226	0.226
  6886	0.109767	-0.226	0.226
  6887	0.0640192	-0.226	0.226
  6888	0.0865823	-0.226	0.226
  6889	0.115773	-0.226	0.226
  6890	0.0919838	-0.226	0.226
  6891	0.102258	-0.226	0.226
  6892	0.0855373	-0.226	0.226
  6893	0.107815	-0.226	0.226
  6894	0.0833756	-0.226	0.226
  6895	0.0647555	-0.226	0.226
  6896	0.111463	-0.226	0.226
  6897	0.115345	-0.226	0.226
  6898	0.0952578	-0.226	0.226
  6899	0.111969	-0.226	0.226
  6900	0.0918239	-0.226	0.226
  6901	0.100063	-0.226	0.226
  6902	0.0964836	-0.226	0.226
  6903	0.0843673	-0.226	0.226
  6904	0.111561	-0.226	0.226
  6905	0.10658	-0.226	0.226
  6906	0.0802217	-0.226	0.226
  6907	0.0676612	-0.226	0.226
  6908	0.104687	-0.226	0.226
  6909	0.0986243	-0.226	0.226
  6910	0.0763277	-0.226	0.226
  6911	0.111561	-0.226	0.226
  6912	0.0925287	-0.226	0.226
  6913	0.109563	-0.226	0.226
  6914	0.0436459	-0.226	0.226
  6915	0.108977	-0.226	0.226
  6916	0.0841435	-0.226	0.226
  6917	0.091128	-0.226	0.226
  6918	0.109069	-0.226	0.226
  6919	0.0671504	-0.226	0.226
  6920	0.110761	-0.226	0.226
  6921	0.0932753	-0.226	0.226
  6922	0.109908	-0.226	0.226
  6923	0.0698072	-0.226	0.226
  6924	0.107476	-0.226	0.226
  6925	0.0501509	-0.226	0.226
  6926	0.106877	-0.226	0.226
  6927	0.0921333	-0.226	0.226
  6928	0.0897874	-0.226	0.226
  6929	0.0849837	-0.226	0.226
  6930	0.101182	-0.226	0.226
  6931	0.098041	-0.226	0.226
  6932	0.085435	-0.226	0.226
  6933	0.0917794	-0.226	0.226
  6934	0.103053	-0.226	0.226
  6935	0.106111	-0.226	0.226
  6936	0.0587143	-0.226	0.226
  6937	0.0323913	-0.226	0.226
  6938	0.104904	-0.226	0.226
  6939	0.114822	-0.226	0.226
  6940	0.0561485	-0.226	0.226
  6941	0.094043	-0.226	0.226
  6942	0.103808	-0.226	0.226
  6943	0.0529986	-0.226	0.226
  6944	0.0717147	-0.226	0.226
  6945	0.109509	-0.226	0.226
  6946	0.110655	-0.226	0.226
  6947	0.0459567	-0.226	0.226
  6948	0.11353	-0.226	0.226
  6949	0.108917	-0.226	0.226
  6950	0.101215	-0.226	0.226
  6951	0.112844	-0.226	0.226
  6952	0.0644988	-0.226	0.226
  6953	0.0871371	-0.226	0.226
  6954	0.0928441	-0.226	0.226
  6955	0.0827322	-0.226	0.226
  6956	0.0435396	-0.226	0.226
  6957	0.108503	-0.226	0.226
  6958	0.0552448	-0.226	0.226
  6959	0.0762654	-0.226	0.226
  6960	0.0621615	-0.226	0.226
  6961	0.0615528	-0.226	0.226
  6962	0.102963	-0.226	0.226
  6963	0.0876203	-0.226	0.226
  6964	0.079861	-0.226	0.226
  6965	0.0851572	-0.226	0.226
  6966	0.101559	-0.226	0.226
  6967	0.0821788	-0.226	0.226
  6968	0.098439	-0.226	0.226
  6969	0.0706027	-0.226	0.226
  6970	0.109837	-0.226	0.226
  6971	0.108262	-0.226	0.226
  6972	0.0903675	-0.226	0.226
  6973	0.112377	-0.226	0.226
  6974	0.098076	-0.226	0.226
  6975	0.0907028	-0.226	0.226
  6976	0.105663	-0.226	0.226
  6977	0.0873362	-0.226	0.226
  6978	0.112626	-0.226	0.226
  6979	0.111504	-0.226	0.226
  6980	0.107451	-0.226	0.226
  6981	0.110841	-0.226	0.226
  6982	0.0793922	-0.226	0.226
  6983	0.0995624	-0.226	0.226
  6984	0.115469	-0.226	0.226
  6985	0.11651	-0.226	0.226
  6986	0.111814	-0.226	0.226
  6987	0.0723355	-0.226	0.226
  6988	0.0724019	-0.226	0.226
  6989	0.0959104	-0.226	0.226
  6990	0.0918493	-0.226	0.226
  6991	0.0672844	-0.226	0.226
  6992	0.0849198	-0.226	0.226
  6993	0.102392	-0.226	0.226
  6994	0.103504	-0.226	0.226
  6995	0.0791817	-0.226	0.226
  6996	0.0735577	-0.226	0.226
  6997	0.0857499	-0.226	0.226
  6998	0.0568531	-0.226	0.226
  6999	0.0912231	-0.226	0.226
  7000	0.099473	-0.226	0.226
  7001	0.112889	-0.226	0.226
  7002	0.0855518	-0.226	0.226
  7003	0.0884238	-0.226	0.226
  7004	0.0845398	-0.226	0.226
  7005	0.113896	-0.226	0.226
  7006	0.112069	-0.226	0.226
  7007	0.0930499	-0.226	0.226
  7008	0.103147	-0.226	0.226
  7009	0.101381	-0.226	0.226
  7010	0.103786	-0.226	0.226
  7011	0.113611	-0.226	0.226
  7012	0.100922	-0.226	0.226
  7013	0.11114	-0.226	0.226
  7014	0.0934906	-0.226	0.226
  7015	0.0882783	-0.226	0.226
  7016	0.0929283	-0.226	0.226
  7017	0.0808989	-0.226	0.226
  7018	0.066968	-0.226	0.226
  7019	0.0798212	-0.226	0.226
  7020	0.115813	-0.226	0.226
  7021	0.102208	-0.226	0.226
  7022	0.0791554	-0.226	0.226
  7023	0.0649363	-0.226	0.226
  7024	0.0667441	-0.226	0.226
  7025	0.084232	-0.226	0.226
  7026	0.0825929	-0.226	0.226
  7027	0.0751238	-0.226	0.226
  7028	0.109467	-0.226	0.226
  7029	0.110471	-0.226	0.226
  7030	0.0973328	-0.226	0.226
  7031	0.115888	-0.226	0.226
  7032	0.113459	-0.226	0.226
  7033	0.0906632	-0.226	0.226
  7034	0.103026	-0.226	0.226
  7035	0.0724289	-0.226	0.226
  7036	0.0918393	-0.226	0.226
  7037	0.0851597	-0.226	0.226
  7038	0.0921183	-0.226	0.226
  7039	0.107171	-0.226	0.226
  7040	0.0909306	-0.226	0.226
  7041	0.0931851	-0.226	0.226
  7042	0.109154	-0.226	0.226
  7043	0.102988	-0.226	0.226
  7044	0.107578	-0.226	0.226
  7045	0.090637	-0.226	0.226
  7046	0.095312	-0.226	0.226
  7047	0.078543	-0.226	0.226
  7048	0.075273	-0.226	0.226
  7049	0.0897606	-0.226	0.226
  7050	0.0723757	-0.226	0.226
  7051	0.0849955	-0.226	0.226
  7052	0.113581	-0.226	0.226
  7053	0.104601	-0.226	0.226
  7054	0.106049	-0.226	0.226
  7055	0.079543	-0.226	0.226
  7056	0.065097	-0.226	0.226
  7057	0.104027	-0.226	0.226
  7058	0.112305	-0.226	0.226
  7059	0.0598975	-0.226	0.226
  7060	0.0944982	-0.226	0.226
  7061	0.10415	-0.226	0.226
  7062	0.11302	-0.226	0.226
  7063	0.0765412	-0.226	0.226
  7064	0.0933729	-0.226	0.226
  7065	0.0935345	-0.226	0.226
  7066	0.099038	-0.226	0.226
  7067	0.105839	-0.226	0.226
  7068	0.043228	-0.226	0.226
  7069	0.0915885	-0.226	0.226
  7070	0.110289	-0.226	0.226
  7071	0.0888876	-0.226	0.226
  7072	0.0936049	-0.226	0.226
  7073	0.0988538	-0.226	0.226
  7074	0.0782174	-0.226	0.226
  7075	0.0971223	-0.226	0.226
  7076	0.0789638	-0.226	0.226
  7077	0.0907119	-0.226	0.226
  7078	0.0872751	-0.226	0.226
  7079	0.0693989	-0.226	0.226
  7080	0.100039	-0.226	0.226
  7081	0.0989819	-0.226	0.226
  7082	0.104432	-0.226	0.226
  7083	0.110646	-0.226	0.226
  7084	0.116063	-0.226	0.226
  7085	0.101388	-0.226	0.226
  7086	0.0275046	-0.226	0.226
  7087	0.11162	-0.226	0.226
  7088	0.0863327	-0.226	0.226
  7089	0.103023	-0.226	0.226
  7090	0.0617152	-0.226	0.226
  7091	0.103478	-0.226	0.226
  7092	0.0765467	-0.226	0.226
  7093	0.116204	-0.226	0.226
  7094	0.11528	-0.226	0.226
  7095	0.104527	-0.226	0.226
  7096	0.0848052	-0.226	0.226
  7097	0.1138	-0.226	0.226
  7098	0.091543	-0.226	0.226
  7099	0.104309	-0.226	0.226
  7100	0.107499	-0.226	0.226
  7101	0.109681	-0.226	0.226
  7102	0.106222	-0.226	0.226
  7103	0.108734	-0.226	0.226
  7104	0.0835845	-0.226	0.226
  7105	0.102702	-0.226	0.226
  7106	0.0943461	-0.226	0.226
  7107	0.0937568	-0.226	0.226
  7108	0.0644074	-0.226	0.226
  7109	0.0868982	-0.226	0.226
  7110	0.0955638	-0.226	0.226
  7111	0.0725827	-0.226	0.226
  7112	0.0955441	-0.226	0.226
  7113	0.0612147	-0.226	0.226
  7114	0.113997	-0.226	0.226
  7115	0.0842161	-0.226	0.226
  7116	0.0844977	-0.226	0.226
  7117	0.0982033	-0.226	0.226
  7118	0.0689328	-0.226	0.226
  7119	0.0558446	-0.226	0.226
  7120	0.0706434	-0.226	0.226
  7121	0.105674	-0.226	0.226
  7122	0.107129	-0.226	0.226
  7123	0.076406	-0.226	0.226
  7124	0.0859721	-0.226	0.226
  7125	0.0459187	-0.226	0.226
  7126	0.115385	-0.226	0.226
  7127	0.0987436	-0.226	0.226
  7128	0.0925727	-0.226	0.226
  7129	0.061307	-0.226	0.226
  7130	0.0897796	-0.226	0.226
  7131	0.0943752	-0.226	0.226
  7132	0.079276	-0.226	0.226
  7133	0.113784	-0.226	0.226
  7134	0.0999555	-0.226	0.226
  7135	0.110174	-0.226	0.226
  7136	0.111188	-0.226	0.226
  7137	0.101807	-0.226	0.226
  7138	0.0932773	-0.226	0.226
  7139	0.0755337	-0.226	0.226
  7140	0.0480571	-0.226	0.226
  7141	0.110739	-0.226	0.226
  7142	0.0993378	-0.226	0.226
  7143	0.107537	-0.226	0.226
  7144	0.113738	-0.226	0.226
  7145	0.0956813	-0.226	0.226
  7146	0.110455	-0.226	0.226
  7147	0.101752	-0.226	0.226
  7148	0.0623944	-0.226	0.226
  7149	0.0879842	-0.226	0.226
  7150	0.0327345	-0.226	0.226
  7151	0.113507	-0.226	0.226
  7152	0.112873	-0.226	0.226
  7153	0.0840589	-0.226	0.226
  7154	0.0518612	-0.226	0.226
  7155	0.104703	-0.226	0.226
  7156	0.0786818	-0.226	0.226
  7157	0.113228	-0.226	0.226
  7158	0.0720276	-0.226	0.226
  7159	0.105233	-0.226	0.226
  7160	0.114167	-0.226	0.226
  7161	0.113633	-0.226	0.226
  7162	0.11553	-0.226	0.226
  7163	0.110493	-0.226	0.226
  7164	0.0896175	-0.226	0.226
  7165	0.0865125	-0.226	0.226
  7166	0.0822415	-0.226	0.226
  7167	0.109969	-0.226	0.226
  7168	0.0686661	-0.226	0.226
  7169	0.0689623	-0.226	0.226
  7170	0.0931255	-0.226	0.226
  7171	0.0864799	-0.226	0.226
  7172	0.0609971	-0.226	0.226
  7173	0.113379	-0.226	0.226
  7174	0.0967792	-0.226	0.226
  7175	0.109676	-0.226	0.226
  7176	0.111785	-0.226	0.226
  7177	0.0885883	-0.226	0.226
  7178	0.114114	-0.226	0.226
  7179	0.113468	-0.226	0.226
  7180	0.106645	-0.226	0.226
  7181	0.0800614	-0.226	0.226
  7182	0.104372	-0.226	0.226
  7183	0.111816	-0.226	0.226
  7184	0.0600062	-0.226	0.226
  7185	0.0937688	-0.226	0.226
  7186	0.10896	-0.226	0.226
  7187	0.0782161	-0.226	0.226
  7188	0.101635	-0.226	0.226
  7189	0.0933287	-0.226	0.226
  7190	0.100921	-0.226	0.226
  7191	0.114966	-0.226	0.226
  7192	0.0875601	-0.226	0.226
  7193	0.11157	-0.226	0.226
  7194	0.09505	-0.226	0.226
  7195	0.0911102	-0.226	0.226
  7196	0.107633	-0.226	0.226
  7197	0.0901256	-0.226	0.226
  7198	0.11406	-0.226	0.226
  7199	0.0683804	-0.226	0.226
  7200	0.109072	-0.226	0.226
  7201	0.0749847	-0.226	0.226
  7202	0.071788	-0.226	0.226
  7203	0.102869	-0.226	0.226
  7204	0.083707	-0.226	0.226
  7205	0.102974	-0.226	0.226
  7206	0.0968618	-0.226	0.226
  7207	0.0892045	-0.226	0.226
  7208	0.0863634	-0.226	0.226
  7209	0.0876433	-0.226	0.226
  7210	0.110935	-0.226	0.226
  7211	0.0994288	-0.226	0.226
  7212	0.100339	-0.226	0.226
  7213	0.0848588	-0.226	0.226
  7214	0.110965	-0.226	0.226
  7215	0.114778	-0.226	0.226
  7216	0.110746	-0.226	0.226
  7217	0.112246	-0.226	0.226
  7218	0.057445	-0.226	0.226
  7219	0.106602	-0.226	0.226
  7220	0.102794	-0.226	0.226
  7221	0.0982943	-0.226	0.226
  7222	0.11293	-0.226	0.226
  7223	0.0836588	-0.226	0.226
  7224	0.0998898	-0.226	0.226
  7225	0.104663	-0.226	0.226
  7226	0.106445	-0.226	0.226
  7227	0.0857392	-0.226	0.226
  7228	0.101905	-0.226	0.226
  7229	0.0893243	-0.226	0.226
  7230	0.094152	-0.226	0.226
  7231	0.0788682	-0.226	0.226
  7232	0.105677	-0.226	0.226
  7233	0.0516894	-0.226	0.226
  7234	0.113647	-0.226	0.226
  7235	0.106706	-0.226	0.226
  7236	0.108598	-0.226	0.226
  7237	0.0952434	-0.226	0.226
  7238	0.115846	-0.226	0.226
  7239	0.061201	-0.226	0.226
  7240	0.0710812	-0.226	0.226
  7241	0.0903316	-0.226	0.226
  7242	0.112193	-0.226	0.226
  7243	0.097383	-0.226	0.226
  7244	0.0518752	-0.226	0.226
  7245	0.101884	-0.226	0.226
  7246	0.113516	-0.226	0.226
  7247	0.093275	-0.226	0.226
  7248	0.108299	-0.226	0.226
  7249	0.0467575	-0.226	0.226
  7250	0.0921626	-0.226	0.226
  7251	0.0975384	-0.226	0.226
  7252	0.10875	-0.226	0.226
  7253	0.0877314	-0.226	0.226
  7254	0.0956207	-0.226	0.226
  7255	0.0614751	-0.226	0.226
  7256	0.0999484	-0.226	0.226
  7257	0.0912772	-0.226	0.226
  7258	0.0987361	-0.226	0.226
  7259	0.114278	-0.226	0.226
  7260	0.0896351	-0.226	0.226
  7261	0.0927847	-0.226	0.226
  7262	0.0724087	-0.226	0.226
  7263	0.110949	-0.226	0.226
  7264	0.108665	-0.226	0.226
  7265	0.095402	-0.226	0.226
  7266	0.0513305	-0.226	0.226
  7267	0.099425	-0.226	0.226
  7268	0.106725	-0.226	0.226
  7269	0.107515	-0.226	0.226
  7270	0.102518	-0.226	0.226
  7271	0.0868986	-0.226	0.226
  7272	0.0865366	-0.226	0.226
  7273	0.0926078	-0.226	0.226
  7274	0.113541	-0.226	0.226
  7275	0.0712264	-0.226	0.226
  7276	0.105059	-0.226	0.226
  7277	0.0923944	-0.226	0.226
  7278	0.115962	-0.226	0.226
  7279	0.105138	-0.226	0.226
  7280	0.106532	-0.226	0.226
  7281	0.0815114	-0.226	0.226
  7282	0.0731568	-0.226	0.226
  7283	0.113596	-0.226	0.226
  7284	0.114793	-0.226	0.226
  7285	0.0890162	-0.226	0.226
  7286	0.0940003	-0.226	0.226
  7287	0.0730229	-0.226	0.226
  7288	0.100188	-0.226	0.226
  7289	0.0920645	-0.226	0.226
  7290	0.0739281	-0.226	0.226
  7291	0.106214	-0.226	0.226
  7292	0.110586	-0.226	0.226
  7293	0.0688679	-0.226	0.226
  7294	0.100617	-0.226	0.226
  7295	0.0998023	-0.226	0.226
  7296	0.0838233	-0.226	0.226
  7297	0.0938898	-0.226	0.226
  7298	0.0545872	-0.226	0.226
  7299	0.113403	-0.226	0.226
  7300	0.111315	-0.226	0.226
  7301	0.112287	-0.226	0.226
  7302	0.0713078	-0.226	0.226
  7303	0.0981975	-0.226	0.226
  7304	0.104243	-0.226	0.226
  7305	0.10061	-0.226	0.226
  7306	0.0681848	-0.226	0.226
  7307	0.0979286	-0.226	0.226
  7308	0.112031	-0.226	0.226
  7309	0.113031	-0.226	0.226
  7310	0.0967109	-0.226	0.226
  7311	0.105917	-0.226	0.226
  7312	0.104337	-0.226	0.226
  7313	0.113448	-0.226	0.226
  7314	0.113236	-0.226	0.226
  7315	0.0895787	-0.226	0.226
  7316	0.102373	-0.226	0.226
  7317	0.111498	-0.226	0.226
  7318	0.108909	-0.226	0.226
  7319	0.0791367	-0.226	0.226
  7320	0.0911668	-0.226	0.226
  7321	0.0997076	-0.226	0.226
  7322	0.084203	-0.226	0.226
  7323	0.0958355	-0.226	0.226
  7324	0.0740397	-0.226	0.226
  7325	0.0834123	-0.226	0.226
  7326	0.0850062	-0.226	0.226
  7327	0.0963725	-0.226	0.226
  7328	0.105272	-0.226	0.226
  7329	0.0876909	-0.226	0.226
  7330	0.109168	-0.226	0.226
  7331	0.11347	-0.226	0.226
  7332	0.0706634	-0.226	0.226
  7333	0.0726279	-0.226	0.226
  7334	0.0818807	-0.226	0.226
  7335	0.0851904	-0.226	0.226
  7336	0.103818	-0.226	0.226
  7337	0.0875588	-0.226	0.226
  7338	0.0882043	-0.226	0.226
  7339	0.0981407	-0.226	0.226
  7340	0.100039	-0.226	0.226
  7341	0.107034	-0.226	0.226
  7342	0.0867798	-0.226	0.226
  7343	0.108261	-0.226	0.226
  7344	0.0652997	-0.226	0.226
  7345	0.0765442	-0.226	0.226
  7346	0.11005	-0.226	0.226
  7347	0.075373	-0.226	0.226
  7348	0.0782588	-0.226	0.226
  7349	0.0918939	-0.226	0.226
  7350	0.0798963	-0.226	0.226
  7351	0.099728	-0.226	0.226
  7352	0.094094	-0.226	0.226
  7353	0.0956341	-0.226	0.226
  7354	0.0878163	-0.226	0.226
  7355	0.110627	-0.226	0.226
  7356	0.0866876	-0.226	0.226
  7357	0.112564	-0.226	0.226
  7358	0.0675843	-0.226	0.226
  7359	0.104234	-0.226	0.226
  7360	0.0412665	-0.226	0.226
  7361	0.0842084	-0.226	0.226
  7362	0.115869	-0.226	0.226
  7363	0.0788654	-0.226	0.226
  7364	0.093274	-0.226	0.226
  7365	0.0869524	-0.226	0.226
  7366	0.0870351	-0.226	0.226
  7367	0.110408	-0.226	0.226
  7368	0.0879159	-0.226	0.226
  7369	0.0970862	-0.226	0.226
  7370	0.0918366	-0.226	0.226
  7371	0.107237	-0.226	0.226
  7372	0.104584	-0.226	0.226
  7373	0.0767207	-0.226	0.226
  7374	0.0746669	-0.226	0.226
  7375	0.065384	-0.226	0.226
  7376	0.0990651	-0.226	0.226
  7377	0.0931682	-0.226	0.226
  7378	0.0491389	-0.226	0.226
  7379	0.0900129	-0.226	0.226
  7380	0.0956586	-0.226	0.226
  7381	0.104525	-0.226	0.226
  7382	0.0728521	-0.226	0.226
  7383	0.112465	-0.226	0.226
  7384	0.103531	-0.226	0.226
  7385	0.0742887	-0.226	0.226
  7386	0.10893	-0.226	0.226
  7387	0.100532	-0.226	0.226
  7388	0.110222	-0.226	0.226
  7389	0.0994514	-0.226	0.226
  7390	0.0941878	-0.226	0.226
  7391	0.0932304	-0.226	0.226
  7392	0.0637684	-0.226	0.226
  7393	0.0409819	-0.226	0.226
  7394	0.0873487	-0.226	0.226
  7395	0.0998008	-0.226	0.226
  7396	0.072039	-0.226	0.226
  7397	0.115525	-0.226	0.226
  7398	0.0988952	-0.226	0.226
  7399	0.0745957	-0.226	0.226
  7400	0.0914735	-0.226	0.226
  7401	0.113098	-0.226	0.226
  7402	0.101751	-0.226	0.226
  7403	0.0807634	-0.226	0.226
  7404	0.109127	-0.226	0.226
  7405	0.0645359	-0.226	0.226
  7406	0.113211	-0.226	0.226
  7407	0.108255	-0.226	0.226
  7408	0.114855	-0.226	0.226
  7409	0.0834016	-0.226	0.226
  7410	0.109941	-0.226	0.226
  7411	0.0954982	-0.226	0.226
  7412	0.0767983	-0.226	0.226
  7413	0.077606	-0.226	0.226
  7414	0.104331	-0.226	0.226
  7415	0.114455	-0.226	0.226
  7416	0.0611423	-0.226	0.226
  7417	0.101282	-0.226	0.226
  7418	0.0898914	-0.226	0.226
  7419	0.113501	-0.226	0.226
  7420	0.10922	-0.226	0.226
  7421	0.112985	-0.226	0.226
  7422	0.112217	-0.226	0.226
  7423	0.100281	-0.226	0.226
  7424	0.111369	-0.226	0.226
  7425	0.0617382	-0.226	0.226
  7426	0.104644	-0.226	0.226
  7427	0.115934	-0.226	0.226
  7428	0.111774	-0.226	0.226
  7429	0.106485	-0.226	0.226
  7430	0.114571	-0.226	0.226
  7431	0.0656581	-0.226	0.226
  7432	0.061192	-0.226	0.226
  7433	0.108047	-0.226	0.226
  7434	0.111181	-0.226	0.226
  7435	0.073947	-0.226	0.226
  7436	0.0379964	-0.226	0.226
  7437	0.103771	-0.226	0.226
  7438	0.111064	-0.226	0.226
  7439	0.1054	-0.226	0.226
  7440	0.103506	-0.226	0.226
  7441	0.114023	-0.226	0.226
  7442	0.0713116	-0.226	0.226
  7443	0.0905918	-0.226	0.226
  7444	0.087446	-0.226	0.226
  7445	0.110001	-0.226	0.226
  7446	0.107633	-0.226	0.226
  7447	0.105286	-0.226	0.226
  7448	0.083134	-0.226	0.226
  7449	0.0911963	-0.226	0.226
  7450	0.109659	-0.226	0.226
  7451	0.0944947	-0.226	0.226
  7452	0.081764	-0.226	0.226
  7453	0.0765647	-0.226	0.226
  7454	0.110927	-0.226	0.226
  7455	0.0765167	-0.226	0.226
  7456	0.0970349	-0.226	0.226
  7457	0.106699	-0.226	0.226
  7458	0.114412	-0.226	0.226
  7459	0.0853375	-0.226	0.226
  7460	0.0959502	-0.226	0.226
  7461	0.0947468	-0.226	0.226
  7462	0.107046	-0.226	0.226
  7463	0.0471848	-0.226	0.226
  7464	0.102631	-0.226	0.226
  7465	0.0918696	-0.226	0.226
  7466	0.113617	-0.226	0.226
  7467	0.0861266	-0.226	0.226
  7468	0.0827183	-0.226	0.226
  7469	0.104408	-0.226	0.226
  7470	0.10762	-0.226	0.226
  7471	0.101178	-0.226	0.226
  7472	0.100848	-0.226	0.226
  7473	0.103341	-0.226	0.226
  7474	0.10934	-0.226	0.226
  7475	0.0931456	-0.226	0.226
  7476	0.0610109	-0.226	0.226
  7477	0.114865	-0.226	0.226
  7478	0.0982508	-0.226	0.226
  7479	0.0957528	-0.226	0.226
  7480	0.101124	-0.226	0.226
  7481	0.090769	-0.226	0.226
  7482	0.0983124	-0.226	0.226
  7483	0.114922	-0.226	0.226
  7484	0.0982559	-0.226	0.226
  7485	0.105124	-0.226	0.226
  7486	0.0969743	-0.226	0.226
  7487	0.0424163	-0.226	0.226
  7488	0.114268	-0.226	0.226
  7489	0.0834284	-0.226	0.226
  7490	0.0941024	-0.226	0.226
  7491	0.0881066	-0.226	0.226
  7492	0.0730702	-0.226	0.226
  7493	0.0871226	-0.226	0.226
  7494	0.104517	-0.226	0.226
  7495	0.099117	-0.226	0.226
  7496	0.0908959	-0.226	0.226
  7497	0.1124	-0.226	0.226
  7498	0.112504	-0.226	0.226
  7499	0.0936171	-0.226	0.226
  7500	0.0988223	-0.226	0.226
  7501	0.109864	-0.226	0.226
  7502	0.115471	-0.226	0.226
  7503	0.086279	-0.226	0.226
  7504	0.0800997	-0.226	0.226
  7505	0.11124	-0.226	0.226
  7506	0.093597	-0.226	0.226
  7507	0.0584427	-0.226	0.226
  7508	0.110145	-0.226	0.226
  7509	0.0906892	-0.226	0.226
  7510	0.0851928	-0.226	0.226
  7511	0.0706111	-0.226	0.226
  7512	0.101094	-0.226	0.226
  7513	0.0795405	-0.226	0.226
  7514	0.111126	-0.226	0.226
  7515	0.0999201	-0.226	0.226
  7516	0.0733047	-0.226	0.226
  7517	0.086668	-0.226	0.226
  7518	0.0729191	-0.226	0.226
  7519	0.0965292	-0.226	0.226
  7520	0.10571	-0.226	0.226
  7521	0.107388	-0.226	0.226
  7522	0.11286	-0.226	0.226
  7523	0.114881	-0.226	0.226
  7524	0.0746786	-0.226	0.226
  7525	0.0995183	-0.226	0.226
  7526	0.0971496	-0.226	0.226
  7527	0.0925816	-0.226	0.226
  7528	0.107897	-0.226	0.226
  7529	0.0824072	-0.226	0.226
  7530	0.11199	-0.226	0.226
  7531	0.110191	-0.226	0.226
  7532	0.0739175	-0.226	0.226
  7533	0.0629844	-0.226	0.226
  7534	0.0939831	-0.226	0.226
  7535	0.090544	-0.226	0.226
  7536	0.0935144	-0.226	0.226
  7537	0.0664222	-0.226	0.226
  7538	0.0845222	-0.226	0.226
  7539	0.103844	-0.226	0.226
  7540	0.106253	-0.226	0.226
  7541	0.107833	-0.226	0.226
  7542	0.112112	-0.226	0.226
  7543	0.106435	-0.226	0.226
  7544	0.116032	-0.226	0.226
  7545	0.0865354	-0.226	0.226
  7546	0.107528	-0.226	0.226
  7547	0.0592924	-0.226	0.226
  7548	0.109807	-0.226	0.226
  7549	0.0589002	-0.226	0.226
  7550	0.101229	-0.226	0.226
  7551	0.110569	-0.226	0.226
  7552	0.0704213	-0.226	0.226
  7553	0.0732164	-0.226	0.226
  7554	0.0922371	-0.226	0.226
  7555	0.110148	-0.226	0.226
  7556	0.0319322	-0.226	0.226
  7557	0.111192	-0.226	0.226
  7558	0.108143	-0.226	0.226
  7559	0.0804807	-0.226	0.226
  7560	0.114329	-0.226	0.226
  7561	0.102619	-0.226	0.226
  7562	0.112667	-0.226	0.226
  7563	0.0586598	-0.226	0.226
  7564	0.106455	-0.226	0.226
  7565	0.0915439	-0.226	0.226
  7566	0.0729899	-0.226	0.226
  7567	0.0959016	-0.226	0.226
  7568	0.104497	-0.226	0.226
  7569	0.116297	-0.226	0.226
  7570	0.0950195	-0.226	0.226
  7571	0.0489201	-0.226	0.226
  7572	0.106788	-0.226	0.226
  7573	0.0887637	-0.226	0.226
  7574	0.0880826	-0.226	0.226
  7575	0.0808679	-0.226	0.226
  7576	0.11155	-0.226	0.226
  7577	0.0833254	-0.226	0.226
  7578	0.102969	-0.226	0.226
  7579	0.101357	-0.226	0.226
  7580	0.0762517	-0.226	0.226
  7581	0.107297	-0.226	0.226
  7582	0.0840682	-0.226	0.226
  7583	0.112947	-0.226	0.226
  7584	0.101346	-0.226	0.226
  7585	0.0922507	-0.226	0.226
  7586	0.0825131	-0.226	0.226
  7587	0.111123	-0.226	0.226
  7588	0.108739	-0.226	0.226
  7589	0.0975846	-0.226	0.226
  7590	0.0819456	-0.226	0.226
  7591	0.0821331	-0.226	0.226
  7592	0.114019	-0.226	0.226
  7593	0.101705	-0.226	0.226
  7594	0.0761626	-0.226	0.226
  7595	0.0525891	-0.226	0.226
  7596	0.10793	-0.226	0.226
  7597	0.0707557	-0.226	0.226
  7598	0.0921229	-0.226	0.226
  7599	0.101093	-0.226	0.226
  7600	0.108106	-0.226	0.226
  7601	0.110251	-0.226	0.226
  7602	0.108856	-0.226	0.226
  7603	0.101874	-0.226	0.226
  7604	0.0754692	-0.226	0.226
  7605	0.112207	-0.226	0.226
  7606	0.0856895	-0.226	0.226
  7607	0.108138	-0.226	0.226
  7608	0.094948	-0.226	0.226
  7609	0.108989	-0.226	0.226
  7610	0.0984335	-0.226	0.226
  7611	0.114218	-0.226	0.226
  7612	0.111655	-0.226	0.226
  7613	0.100393	-0.226	0.226
  7614	0.113968	-0.226	0.226
  7615	0.0616302	-0.226	0.226
  7616	0.111973	-0.226	0.226
  7617	0.102558	-0.226	0.226
  7618	0.105194	-0.226	0.226
  7619	0.0801481	-0.226	0.226
  7620	0.0832356	-0.226	0.226
  7621	0.100361	-0.226	0.226
  7622	0.103915	-0.226	0.226
  7623	0.07424	-0.226	0.226
  7624	0.0768462	-0.226	0.226
  7625	0.0778464	-0.226	0.226
  7626	0.114256	-0.226	0.226
  7627	0.101263	-0.226	0.226
  7628	0.109017	-0.226	0.226
  7629	0.0689202	-0.226	0.226
  7630	0.109385	-0.226	0.226
  7631	0.087385	-0.226	0.226
  7632	0.103022	-0.226	0.226
  7633	0.0639789	-0.226	0.226
  7634	0.115867	-0.226	0.226
  7635	0.108902	-0.226	0.226
  7636	0.0509874	-0.226	0.226
  7637	0.098114	-0.226	0.226
  7638	0.110674	-0.226	0.226
  7639	0.0491009	-0.226	0.226
  7640	0.112602	-0.226	0.226
  7641	0.100933	-0.226	0.226
  7642	0.109514	-0.226	0.226
  7643	0.0954248	-0.226	0.226
  7644	0.0486615	-0.226	0.226
  7645	0.115975	-0.226	0.226
  7646	0.110603	-0.226	0.226
  7647	0.0769146	-0.226	0.226
  7648	0.0973161	-0.226	0.226
  7649	0.108936	-0.226	0.226
  7650	0.0777215	-0.226	0.226
  7651	0.0708869	-0.226	0.226
  7652	0.103858	-0.226	0.226
  7653	0.0552383	-0.226	0.226
  7654	0.10139	-0.226	0.226
  7655	0.104626	-0.226	0.226
  7656	0.110226	-0.226	0.226
  7657	0.0982266	-0.226	0.226
  7658	0.0796673	-0.226	0.226
  7659	0.101752	-0.226	0.226
  7660	0.0847461	-0.226	0.226
  7661	0.108479	-0.226	0.226
  7662	0.0806964	-0.226	0.226
  7663	0.0963303	-0.226	0.226
  7664	0.0649723	-0.226	0.226
  7665	0.109632	-0.226	0.226
  7666	0.0993535	-0.226	0.226
  7667	0.0667634	-0.226	0.226
  7668	0.0951038	-0.226	0.226
  7669	0.106827	-0.226	0.226
  7670	0.114871	-0.226	0.226
  7671	0.0994807	-0.226	0.226
  7672	0.0958343	-0.226	0.226
  7673	0.105508	-0.226	0.226
  7674	0.0781481	-0.226	0.226
  7675	0.0879309	-0.226	0.226
  7676	0.101887	-0.226	0.226
  7677	0.109528	-0.226	0.226
  7678	0.115278	-0.226	0.226
  7679	0.114728	-0.226	0.226
  7680	0.114942	-0.226	0.226
  7681	0.0999319	-0.226	0.226
  7682	0.109214	-0.226	0.226
  7683	0.0658403	-0.226	0.226
  7684	0.113137	-0.226	0.226
  7685	0.0880549	-0.226	0.226
  7686	0.101474	-0.226	0.226
  7687	0.107052	-0.226	0.226
  7688	0.085933	-0.226	0.226
  7689	0.0877575	-0.226	0.226
  7690	0.0786397	-0.226	0.226
  7691	0.0892589	-0.226	0.226
  7692	0.0637305	-0.226	0.226
  7693	0.0647732	-0.226	0.226
  7694	0.107634	-0.226	0.226
  7695	0.0835845	-0.226	0.226
  7696	0.116168	-0.226	0.226
  7697	0.112151	-0.226	0.226
  7698	0.0698065	-0.226	0.226
  7699	0.0918478	-0.226	0.226
  7700	0.107155	-0.226	0.226
  7701	0.104777	-0.226	0.226
  7702	0.0950148	-0.226	0.226
  7703	0.0887197	-0.226	0.226
  7704	0.0838208	-0.226	0.226
  7705	0.0844324	-0.226	0.226
  7706	0.0775542	-0.226	0.226
  7707	0.0949644	-0.226	0.226
  7708	0.108445	-0.226	0.226
  7709	0.112228	-0.226	0.226
  7710	0.0573658	-0.226	0.226
  7711	0.110182	-0.226	0.226
  7712	0.0643195	-0.226	0.226
  7713	0.107457	-0.226	0.226
  7714	0.115186	-0.226	0.226
  7715	0.0703332	-0.226	0.226
  7716	0.101147	-0.226	0.226
  7717	0.109295	-0.226	0.226
  7718	0.10518	-0.226	0.226
  7719	0.0864145	-0.226	0.226
  7720	0.107533	-0.226	0.226
  7721	0.10839	-0.226	0.226
  7722	0.0996685	-0.226	0.226
  7723	0.0941636	-0.226	0.226
  7724	0.0988524	-0.226	0.226
  7725	0.11354	-0.226	0.226
  7726	0.0749709	-0.226	0.226
  7727	0.0924301	-0.226	0.226
  7728	0.111081	-0.226	0.226
  7729	0.0362243	-0.226	0.226
  7730	0.106237	-0.226	0.226
  7731	0.0562515	-0.226	0.226
  7732	0.0521959	-0.226	0.226
  7733	0.0767758	-0.226	0.226
  7734	0.11326	-0.226	0.226
  7735	0.0844007	-0.226	0.226
  7736	0.10774	-0.226	0.226
  7737	0.0269976	-0.226	0.226
  7738	0.11135	-0.226	0.226
  7739	0.0888078	-0.226	0.226
  7740	0.0724699	-0.226	0.226
  7741	0.0915456	-0.226	0.226
  7742	0.110545	-0.226	0.226
  7743	0.113984	-0.226	0.226
  7744	0.112871	-0.226	0.226
  7745	0.0763881	-0.226	0.226
  7746	0.113485	-0.226	0.226
  7747	0.0773606	-0.226	0.226
  7748	0.094996	-0.226	0.226
  7749	0.0680742	-0.226	0.226
  7750	0.11605	-0.226	0.226
  7751	0.108469	-0.226	0.226
  7752	0.113419	-0.226	0.226
  7753	0.109644	-0.226	0.226
  7754	0.0521158	-0.226	0.226
  7755	0.104724	-0.226	0.226
  7756	0.103203	-0.226	0.226
  7757	0.0808393	-0.226	0.226
  7758	0.102422	-0.226	0.226
  7759	0.110528	-0.226	0.226
  7760	0.100639	-0.226	0.226
  7761	0.057453	-0.226	0.226
  7762	0.0937615	-0.226	0.226
  7763	0.0929707	-0.226	0.226
  7764	0.0582477	-0.226	0.226
  7765	0.115179	-0.226	0.226
  7766	0.0775383	-0.226	0.226
  7767	0.053752	-0.226	0.226
  7768	0.0591701	-0.226	0.226
  7769	0.106752	-0.226	0.226
  7770	0.0867999	-0.226	0.226
  7771	0.109544	-0.226	0.226
  7772	0.101851	-0.226	0.226
  7773	0.0609535	-0.226	0.226
  7774	0.100993	-0.226	0.226
  7775	0.105682	-0.226	0.226
  7776	0.0919666	-0.226	0.226
  7777	0.110608	-0.226	0.226
  7778	0.0899162	-0.226	0.226
  7779	0.0780502	-0.226	0.226
  7780	0.10102	-0.226	0.226
  7781	0.0737461	-0.226	0.226
  7782	0.115811	-0.226	0.226
  7783	0.108819	-0.226	0.226
  7784	0.0968476	-0.226	0.226
  7785	0.0769289	-0.226	0.226
  7786	0.0721396	-0.226	0.226
  7787	0.112392	-0.226	0.226
  7788	0.113122	-0.226	0.226
  7789	0.0977839	-0.226	0.226
  7790	0.0897515	-0.226	0.226
  7791	0.0878782	-0.226	0.226
  7792	0.106196	-0.226	0.226
  7793	0.112807	-0.226	0.226
  7794	0.0618011	-0.226	0.226
  7795	0.11012	-0.226	0.226
  7796	0.0682438	-0.226	0.226
  7797	0.0860262	-0.226	0.226
  7798	0.107833	-0.226	0.226
  7799	0.110938	-0.226	0.226
  7800	0.0974823	-0.226	0.226
  7801	0.0916938	-0.226	0.226
  7802	0.0836648	-0.226	0.226
  7803	0.0869102	-0.226	0.226
  7804	0.114189	-0.226	0.226
  7805	0.0810748	-0.226	0.226
  7806	0.100717	-0.226	0.226
  7807	0.105352	-0.226	0.226
  7808	0.0896147	-0.226	0.226
  7809	0.0930514	-0.226	0.226
  7810	0.100944	-0.226	0.226
  7811	0.0980393	-0.226	0.226
  7812	0.116087	-0.226	0.226
  7813	0.0823005	-0.226	0.226
  7814	0.0528462	-0.226	0.226
  7815	0.113852	-0.226	0.226
  7816	0.114843	-0.226	0.226
  7817	0.10212	-0.226	0.226
  7818	0.113705	-0.226	0.226
  7819	0.0895216	-0.226	0.226
  7820	0.113162	-0.226	0.226
  7821	0.100281	-0.226	0.226
  7822	0.0744741	-0.226	0.226
  7823	0.101033	-0.226	0.226
  7824	0.103075	-0.226	0.226
  7825	0.0894944	-0.226	0.226
  7826	0.0826574	-0.226	0.226
  7827	0.0687546	-0.226	0.226
  7828	0.0710223	-0.226	0.226
  7829	0.0774535	-0.226	0.226
  7830	0.108454	-0.226	0.226
  7831	0.100644	-0.226	0.226
  7832	0.105406	-0.226	0.226
  7833	0.107668	-0.226	0.226
  7834	0.103447	-0.226	0.226
  7835	0.100109	-0.226	0.226
  7836	0.0970802	-0.226	0.226
  7837	0.0880285	-0.226	0.226
  7838	0.0907743	-0.226	0.226
  7839	0.111022	-0.226	0.226
  7840	0.0946049	-0.226	0.226
  7841	0.0709375	-0.226	0.226
  7842	0.0964791	-0.226	0.226
  7843	0.0926673	-0.226	0.226
  7844	0.110404	-0.226	0.226
  7845	0.0788064	-0.226	0.226
  7846	0.0922741	-0.226	0.226
  7847	0.0983226	-0.226	0.226
  7848	0.0932694	-0.226	0.226
  7849	0.113395	-0.226	0.226
  7850	0.109531	-0.226	0.226
  7851	0.0979394	-0.226	0.226
  7852	0.0936369	-0.226	0.226
  7853	0.106596	-0.226	0.226
  7854	0.0840028	-0.226	0.226
  7855	0.0985909	-0.226	0.226
  7856	0.0999578	-0.226	0.226
  7857	0.105629	-0.226	0.226
  7858	0.112647	-0.226	0.226
  7859	0.0678435	-0.226	0.226
  7860	0.102731	-0.226	0.226
  7861	0.112921	-0.226	0.226
  7862	0.115052	-0.226	0.226
  7863	0.082261	-0.226	0.226
  7864	0.101843	-0.226	0.226
  7865	0.106163	-0.226	0.226
  7866	0.110819	-0.226	0.226
  7867	0.0994604	-0.226	0.226
  7868	0.096072	-0.226	0.226
  7869	0.0944453	-0.226	0.226
  7870	0.0690938	-0.226	0.226
  7871	0.108306	-0.226	0.226
  7872	0.106654	-0.226	0.226
  7873	0.107749	-0.226	0.226
  7874	0.0703633	-0.226	0.226
  7875	0.114059	-0.226	0.226
  7876	0.11531	-0.226	0.226
  7877	0.0956511	-0.226	0.226
  7878	0.0770919	-0.226	0.226
  7879	0.100009	-0.226	0.226
  7880	0.0841988	-0.226	0.226
  7881	0.114939	-0.226	0.226
  7882	0.0976639	-0.226	0.226
  7883	0.0831322	-0.226	0.226
  7884	0.109554	-0.226	0.226
  7885	0.114903	-0.226	0.226
  7886	0.0659008	-0.226	0.226
  7887	0.114374	-0.226	0.226
  7888	0.0970362	-0.226	0.226
  7889	0.110533	-0.226	0.226
  7890	0.107693	-0.226	0.226
  7891	0.0902279	-0.226	0.226
  7892	0.106199	-0.226	0.226
  7893	0.0870698	-0.226	0.226
  7894	0.103746	-0.226	0.226
  7895	0.0672523	-0.226	0.226
  7896	0.102205	-0.226	0.226
  7897	0.11325	-0.226	0.226
  7898	0.113347	-0.226	0.226
  7899	0.0743537	-0.226	0.226
  7900	0.113054	-0.226	0.226
  7901	0.0751251	-0.226	0.226
  7902	0.0999246	-0.226	0.226
  7903	0.0921714	-0.226	0.226
  7904	0.0751876	-0.226	0.226
  7905	0.0873537	-0.226	0.226
  7906	0.113216	-0.226	0.226
  7907	0.0606192	-0.226	0.226
  7908	0.0836897	-0.226	0.226
  7909	0.0928741	-0.226	0.226
  7910	0.0967591	-0.226	0.226
  7911	0.104288	-0.226	0.226
  7912	0.108812	-0.226	0.226
  7913	0.0956136	-0.226	0.226
  7914	0.0640785	-0.226	0.226
  7915	0.105354	-0.226	0.226
  7916	0.0782001	-0.226	0.226
  7917	0.106416	-0.226	0.226
  7918	0.0807525	-0.226	0.226
  7919	0.113391	-0.226	0.226
  7920	0.092492	-0.226	0.226
  7921	0.0790209	-0.226	0.226
  7922	0.105302	-0.226	0.226
  7923	0.0925538	-0.226	0.226
  7924	0.104127	-0.226	0.226
  7925	0.0835221	-0.226	0.226
  7926	0.0988416	-0.226	0.226
  7927	0.109842	-0.226	0.226
  7928	0.0906979	-0.226	0.226
  7929	0.0830484	-0.226	0.226
  7930	0.0857757	-0.226	0.226
  7931	0.0784231	-0.226	0.226
  7932	0.0972214	-0.226	0.226
  7933	0.0395815	-0.226	0.226
  7934	0.102599	-0.226	0.226
  7935	0.0978578	-0.226	0.226
  7936	0.102215	-0.226	0.226
  7937	0.0745414	-0.226	0.226
  7938	0.106119	-0.226	0.226
  7939	0.107531	-0.226	0.226
  7940	0.104767	-0.226	0.226
  7941	0.0931855	-0.226	0.226
  7942	0.0725612	-0.226	0.226
  7943	0.113312	-0.226	0.226
  7944	0.106002	-0.226	0.226
  7945	0.073588	-0.226	0.226
  7946	0.0842811	-0.226	0.226
  7947	0.104548	-0.226	0.226
  7948	0.106568	-0.226	0.226
  7949	0.114595	-0.226	0.226
  7950	0.114425	-0.226	0.226
  7951	0.115139	-0.226	0.226
  7952	0.100968	-0.226	0.226
  7953	0.0821599	-0.226	0.226
  7954	0.104049	-0.226	0.226
  7955	0.114465	-0.226	0.226
  7956	0.109093	-0.226	0.226
  7957	0.102689	-0.226	0.226
  7958	0.0714122	-0.226	0.226
  7959	0.111365	-0.226	0.226
  7960	0.111127	-0.226	0.226
  7961	0.100973	-0.226	0.226
  7962	0.0956205	-0.226	0.226
  7963	0.0940616	-0.226	0.226
  7964	0.0961695	-0.226	0.226
  7965	0.113235	-0.226	0.226
  7966	0.08898	-0.226	0.226
  7967	0.115817	-0.226	0.226
  7968	0.101217	-0.226	0.226
  7969	0.108849	-0.226	0.226
  7970	0.114944	-0.226	0.226
  7971	0.112544	-0.226	0.226
  7972	0.098788	-0.226	0.226
  7973	0.105592	-0.226	0.226
  7974	0.114037	-0.226	0.226
  7975	0.114377	-0.226	0.226
  7976	0.0927907	-0.226	0.226
  7977	0.0750128	-0.226	0.226
  7978	0.101191	-0.226	0.226
  7979	0.0972428	-0.226	0.226
  7980	0.081654	-0.226	0.226
  7981	0.073847	-0.226	0.226
  7982	0.110109	-0.226	0.226
  7983	0.0859086	-0.226	0.226
  7984	0.115001	-0.226	0.226
  7985	0.0693574	-0.226	0.226
  7986	0.0835486	-0.226	0.226
  7987	0.083559	-0.226	0.226
  7988	0.0876165	-0.226	0.226
  7989	0.11237	-0.226	0.226
  7990	0.106162	-0.226	0.226
  7991	0.10755	-0.226	0.226
  7992	0.115638	-0.226	0.226
  7993	0.0331095	-0.226	0.226
  7994	0.115594	-0.226	0.226
  7995	0.104473	-0.226	0.226
  7996	0.098691	-0.226	0.226
  7997	0.100455	-0.226	0.226
  7998	0.0418768	-0.226	0.226
  7999	0.107332	-0.226	0.226
  8000	0.110621	-0.226	0.226
  8001	0.0863928	-0.226	0.226
  8002	0.102831	-0.226	0.226
  8003	0.0827193	-0.226	0.226
  8004	0.0979725	-0.226	0.226
  8005	0.0486453	-0.226	0.226
  8006	0.0987862	-0.226	0.226
  8007	0.109822	-0.226	0.226
  8008	0.100223	-0.226	0.226
  8009	0.0905907	-0.226	0.226
  8010	0.0780847	-0.226	0.226
  8011	0.0995118	-0.226	0.226
  8012	0.112678	-0.226	0.226
  8013	0.114124	-0.226	0.226
  8014	0.0572277	-0.226	0.226
  8015	0.112464	-0.226	0.226
  8016	0.106843	-0.226	0.226
  8017	0.105282	-0.226	0.226
  8018	0.114315	-0.226	0.226
  8019	0.0728427	-0.226	0.226
  8020	0.0963411	-0.226	0.226
  8021	0.102515	-0.226	0.226
  8022	0.0960752	-0.226	0.226
  8023	0.0855244	-0.226	0.226
  8024	0.0958555	-0.226	0.226
  8025	0.0752868	-0.226	0.226
  8026	0.0943321	-0.226	0.226
  8027	0.0837334	-0.226	0.226
  8028	0.0913775	-0.226	0.226
  8029	0.113593	-0.226	0.226
  8030	0.0938179	-0.226	0.226
  8031	0.0745585	-0.226	0.226
  8032	0.109884	-0.226	0.226
  8033	0.0999195	-0.226	0.226
  8034	0.113523	-0.226	0.226
  8035	0.103209	-0.226	0.226
  8036	0.0762164	-0.226	0.226
  8037	0.0533484	-0.226	0.226
  8038	0.0987838	-0.226	0.226
  8039	0.0655394	-0.226	0.226
  8040	0.1126	-0.226	0.226
  8041	0.109684	-0.226	0.226
  8042	0.0539954	-0.226	0.226
  8043	0.0688599	-0.226	0.226
  8044	0.0571014	-0.226	0.226
  8045	0.0943227	-0.226	0.226
  8046	0.0946061	-0.226	0.226
  8047	0.104398	-0.226	0.226
  8048	0.115768	-0.226	0.226
  8049	0.0999445	-0.226	0.226
  8050	0.0504638	-0.226	0.226
  8051	0.0835973	-0.226	0.226
  8052	0.114383	-0.226	0.226
  8053	0.0985407	-0.226	0.226
  8054	0.105815	-0.226	0.226
  8055	0.102182	-0.226	0.226
  8056	0.111688	-0.226	0.226
  8057	0.111116	-0.226	0.226
  8058	0.086531	-0.226	0.226
  8059	0.067554	-0.226	0.226
  8060	0.0840101	-0.226	0.226
  8061	0.0648896	-0.226	0.226
  8062	0.106012	-0.226	0.226
  8063	0.0537695	-0.226	0.226
  8064	0.0597701	-0.226	0.226
  8065	0.0597848	-0.226	0.226
  8066	0.116127	-0.226	0.226
  8067	0.0927202	-0.226	0.226
  8068	0.0687966	-0.226	0.226
  8069	0.111749	-0.226	0.226
  8070	0.0995173	-0.226	0.226
  8071	0.114976	-0.226	0.226
  8072	0.111923	-0.226	0.226
  8073	0.097126	-0.226	0.226
  8074	0.0956326	-0.226	0.226
  8075	0.0796161	-0.226	0.226
  8076	0.08582	-0.226	0.226
  8077	0.112456	-0.226	0.226
  8078	0.0855439	-0.226	0.226
  8079	0.0858163	-0.226	0.226
  8080	0.0971162	-0.226	0.226
  8081	0.115623	-0.226	0.226
  8082	0.109692	-0.226	0.226
  8083	0.099556	-0.226	0.226
  8084	0.103494	-0.226	0.226
  8085	0.094113	-0.226	0.226
  8086	0.0913831	-0.226	0.226
  8087	0.0990018	-0.226	0.226
  8088	0.109563	-0.226	0.226
  8089	0.0943676	-0.226	0.226
  8090	0.0502895	-0.226	0.226
  8091	0.0980812	-0.226	0.226
  8092	0.108845	-0.226	0.226
  8093	0.092978	-0.226	0.226
  8094	0.0797312	-0.226	0.226
  8095	0.103158	-0.226	0.226
  8096	0.0589144	-0.226	0.226
  8097	0.0921962	-0.226	0.226
  8098	0.0959393	-0.226	0.226
  8099	0.0758558	-0.226	0.226
  8100	0.0915959	-0.226	0.226
  8101	0.0900101	-0.226	0.226
  8102	0.098148	-0.226	0.226
  8103	0.113519	-0.226	0.226
  8104	0.0921345	-0.226	0.226
  8105	0.11234	-0.226	0.226
  8106	0.0715374	-0.226	0.226
  8107	0.104699	-0.226	0.226
  8108	0.111457	-0.226	0.226
  8109	0.111779	-0.226	0.226
  8110	0.111891	-0.226	0.226
  8111	0.113787	-0.226	0.226
  8112	0.115037	-0.226	0.226
  8113	0.0657321	-0.226	0.226
  8114	0.0752136	-0.226	0.226
  8115	0.0975713	-0.226	0.226
  8116	0.0488229	-0.226	0.226
  8117	0.0990712	-0.226	0.226
  8118	0.105708	-0.226	0.226
  8119	0.0722375	-0.226	0.226
  8120	0.0853601	-0.226	0.226
  8121	0.104388	-0.226	0.226
  8122	0.112477	-0.226	0.226
  8123	0.0809499	-0.226	0.226
  8124	0.085825	-0.226	0.226
  8125	0.0987812	-0.226	0.226
  8126	0.108892	-0.226	0.226
  8127	0.115074	-0.226	0.226
  8128	0.102673	-0.226	0.226
  8129	0.113536	-0.226	0.226
  8130	0.0422919	-0.226	0.226
  8131	0.0873633	-0.226	0.226
  8132	0.106589	-0.226	0.226
  8133	0.0815976	-0.226	0.226
  8134	0.0729057	-0.226	0.226
  8135	0.105505	-0.226	0.226
  8136	0.098006	-0.226	0.226
  8137	0.102869	-0.226	0.226
  8138	0.112304	-0.226	0.226
  8139	0.0930704	-0.226	0.226
  8140	0.115652	-0.226	0.226
  8141	0.0781861	-0.226	0.226
  8142	0.0964488	-0.226	0.226
  8143	0.104145	-0.226	0.226
  8144	0.087393	-0.226	0.226
  8145	0.111342	-0.226	0.226
  8146	0.114168	-0.226	0.226
  8147	0.11475	-0.226	0.226
  8148	0.109139	-0.226	0.226
  8149	0.113537	-0.226	0.226
  8150	0.0670313	-0.226	0.226
  8151	0.0893367	-0.226	0.226
  8152	0.115648	-0.226	0.226
  8153	0.0694681	-0.226	0.226
  8154	0.102175	-0.226	0.226
  8155	0.0637077	-0.226	0.226
  8156	0.0697941	-0.226	0.226
  8157	0.115007	-0.226	0.226
  8158	0.0290338	-0.226	0.226
  8159	0.107811	-0.226	0.226
  8160	0.0726688	-0.226	0.226
  8161	0.110042	-0.226	0.226
  8162	0.0858256	-0.226	0.226
  8163	0.0947097	-0.226	0.226
  8164	0.0636268	-0.226	0.226
  8165	0.115703	-0.226	0.226
  8166	0.0794079	-0.226	0.226
  8167	0.114019	-0.226	0.226
  8168	0.0804819	-0.226	0.226
  8169	0.0769553	-0.226	0.226
  8170	0.110762	-0.226	0.226
  8171	0.0886406	-0.226	0.226
  8172	0.0862143	-0.226	0.226
  8173	0.096457	-0.226	0.226
  8174	0.0663339	-0.226	0.226
  8175	0.10014	-0.226	0.226
  8176	0.111878	-0.226	0.226
  8177	0.0875871	-0.226	0.226
  8178	0.085456	-0.226	0.226
  8179	0.0839839	-0.226	0.226
  8180	0.0820139	-0.226	0.226
  8181	0.100953	-0.226	0.226
  8182	0.0883593	-0.226	0.226
  8183	0.0645874	-0.226	0.226
  8184	0.0701622	-0.226	0.226
  8185	0.0679757	-0.226	0.226
  8186	0.077852	-0.226	0.226
  8187	0.0724619	-0.226	0.226
  8188	0.0810719	-0.226	0.226
  8189	0.0955658	-0.226	0.226
  8190	0.0864235	-0.226	0.226
  8191	0.0902234	-0.226	0.226
  8192	0.0959567	-0.226	0.226
  8193	0.0844885	-0.226	0.226
  8194	0.106366	-0.226	0.226
  8195	0.111882	-0.226	0.226
  8196	0.115042	-0.226	0.226
  8197	0.087199	-0.226	0.226
  8198	0.0872167	-0.226	0.226
  8199	0.10948	-0.226	0.226
  8200	0.050686	-0.226	0.226
  8201	0.0993812	-0.226	0.226
  8202	0.110134	-0.226	0.226
  8203	0.111071	-0.226	0.226
  8204	0.0743122	-0.226	0.226
  8205	0.105927	-0.226	0.226
  8206	0.0873463	-0.226	0.226
  8207	0.0894147	-0.226	0.226
  8208	0.081191	-0.226	0.226
  8209	0.0982164	-0.226	0.226
  8210	0.103997	-0.226	0.226
  8211	0.0979917	-0.226	0.226
  8212	0.0958351	-0.226	0.226
  8213	0.0676918	-0.226	0.226
  8214	0.104313	-0.226	0.226
  8215	0.0936137	-0.226	0.226
  8216	0.104214	-0.226	0.226
  8217	0.0865271	-0.226	0.226
  8218	0.109889	-0.226	0.226
  8219	0.0390025	-0.226	0.226
  8220	0.114939	-0.226	0.226
  8221	0.0891166	-0.226	0.226
  8222	0.0832791	-0.226	0.226
  8223	0.11217	-0.226	0.226
  8224	0.0538808	-0.226	0.226
  8225	0.0826682	-0.226	0.226
  8226	0.115376	-0.226	0.226
  8227	0.0830293	-0.226	0.226
  8228	0.0886654	-0.226	0.226
  8229	0.0827052	-0.226	0.226
  8230	0.10966	-0.226	0.226
  8231	0.091098	-0.226	0.226
  8232	0.11216	-0.226	0.226
  8233	0.102058	-0.226	0.226
  8234	0.106556	-0.226	0.226
  8235	0.104856	-0.226	0.226
  8236	0.0960923	-0.226	0.226
  8237	0.110937	-0.226	0.226
  8238	0.105171	-0.226	0.226
  8239	0.0986947	-0.226	0.226
  8240	0.105242	-0.226	0.226
  8241	0.104861	-0.226	0.226
  8242	0.0922396	-0.226	0.226
  8243	0.0633339	-0.226	0.226
  8244	0.111586	-0.226	0.226
  8245	0.113168	-0.226	0.226
  8246	0.0851994	-0.226	0.226
  8247	0.112523	-0.226	0.226
  8248	0.0579857	-0.226	0.226
  8249	0.034931	-0.226	0.226
  8250	0.0943998	-0.226	0.226
  8251	0.0538883	-0.226	0.226
  8252	0.0793799	-0.226	0.226
  8253	0.100538	-0.226	0.226
  8254	0.0920163	-0.226	0.226
  8255	0.0851698	-0.226	0.226
  8256	0.113858	-0.226	0.226
  8257	0.110404	-0.226	0.226
  8258	0.0831932	-0.226	0.226
  8259	0.106617	-0.226	0.226
  8260	0.109721	-0.226	0.226
  8261	0.0616553	-0.226	0.226
  8262	0.100519	-0.226	0.226
  8263	0.114027	-0.226	0.226
  8264	0.0971373	-0.226	0.226
  8265	0.109141	-0.226	0.226
  8266	0.114173	-0.226	0.226
  8267	0.100952	-0.226	0.226
  8268	0.0752626	-0.226	0.226
  8269	0.108641	-0.226	0.226
  8270	0.111376	-0.226	0.226
  8271	0.0942179	-0.226	0.226
  8272	0.102202	-0.226	0.226
  8273	0.0842601	-0.226	0.226
  8274	0.100609	-0.226	0.226
  8275	0.0567657	-0.226	0.226
  8276	0.078618	-0.226	0.226
  8277	0.10747	-0.226	0.226
  8278	0.102097	-0.226	0.226
  8279	0.0802904	-0.226	0.226
  8280	0.0924638	-0.226	0.226
  8281	0.0988258	-0.226	0.226
  8282	0.114162	-0.226	0.226
  8283	0.0983984	-0.226	0.226
  8284	0.104442	-0.226	0.226
  8285	0.115305	-0.226	0.226
  8286	0.0974876	-0.226	0.226
  8287	0.0782995	-0.226	0.226
  8288	0.0934356	-0.226	0.226
  8289	0.111701	-0.226	0.226
  8290	0.0797928	-0.226	0.226
  8291	0.0747999	-0.226	0.226
  8292	0.0730177	-0.226	0.226
  8293	0.10097	-0.226	0.226
  8294	0.107906	-0.226	0.226
  8295	0.0964092	-0.226	0.226
  8296	0.111423	-0.226	0.226
  8297	0.112316	-0.226	0.226
  8298	0.0947231	-0.226	0.226
  8299	0.0861928	-0.226	0.226
  8300	0.103821	-0.226	0.226
  8301	0.109428	-0.226	0.226
  8302	0.0985544	-0.226	0.226
  8303	0.0698652	-0.226	0.226
  8304	0.113153	-0.226	0.226
  8305	0.105349	-0.226	0.226
  8306	0.0763018	-0.226	0.226
  8307	0.100692	-0.226	0.226
  8308	0.0780767	-0.226	0.226
  8309	0.115486	-0.226	0.226
  8310	0.11491	-0.226	0.226
  8311	0.0786961	-0.226	0.226
  8312	0.113158	-0.226	0.226
  8313	0.0949011	-0.226	0.226
  8314	0.109907	-0.226	0.226
  8315	0.0709228	-0.226	0.226
  8316	0.0861576	-0.226	0.226
  8317	0.0869393	-0.226	0.226
  8318	0.110488	-0.226	0.226
  8319	0.0758166	-0.226	0.226
  8320	0.0690209	-0.226	0.226
  8321	0.091028	-0.226	0.226
  8322	0.107474	-0.226	0.226
  8323	0.0906184	-0.226	0.226
  8324	0.1112	-0.226	0.226
  8325	0.108219	-0.226	0.226
  8326	0.0903038	-0.226	0.226
  8327	0.0800096	-0.226	0.226
  8328	0.10781	-0.226	0.226
  8329	0.0798729	-0.226	0.226
  8330	0.114762	-0.226	0.226
  8331	0.0920492	-0.226	0.226
  8332	0.100906	-0.226	0.226
  8333	0.0957214	-0.226	0.226
  8334	0.0745814	-0.226	0.226
  8335	0.108482	-0.226	0.226
  8336	0.113819	-0.226	0.226
  8337	0.0738244	-0.226	0.226
  8338	0.0780078	-0.226	0.226
  8339	0.0932388	-0.226	0.226
  8340	0.0916729	-0.226	0.226
  8341	0.0610621	-0.226	0.226
  8342	0.079323	-0.226	0.226
  8343	0.111205	-0.226	0.226
  8344	0.109915	-0.226	0.226
  8345	0.115127	-0.226	0.226
  8346	0.0918135	-0.226	0.226
  8347	0.107578	-0.226	0.226
  8348	0.0736489	-0.226	0.226
  8349	0.0825278	-0.226	0.226
  8350	0.0642377	-0.226	0.226
  8351	0.0801194	-0.226	0.226
  8352	0.0878523	-0.226	0.226
  8353	0.114349	-0.226	0.226
  8354	0.0756976	-0.226	0.226
  8355	0.100391	-0.226	0.226
  8356	0.0817443	-0.226	0.226
  8357	0.0709317	-0.226	0.226
  8358	0.113644	-0.226	0.226
  8359	0.109191	-0.226	0.226
  8360	0.0801762	-0.226	0.226
  8361	0.105053	-0.226	0.226
  8362	0.111023	-0.226	0.226
  8363	0.111092	-0.226	0.226
  8364	0.0862394	-0.226	0.226
  8365	0.106947	-0.226	0.226
  8366	0.0869063	-0.226	0.226
  8367	0.113397	-0.226	0.226
  8368	0.102163	-0.226	0.226
  8369	0.104416	-0.226	0.226
  8370	0.0663543	-0.226	0.226
  8371	0.0442983	-0.226	0.226
  8372	0.102279	-0.226	0.226
  8373	0.113896	-0.226	0.226
  8374	0.0819778	-0.226	0.226
  8375	0.0843536	-0.226	0.226
  8376	0.114423	-0.226	0.226
  8377	0.0877794	-0.226	0.226
  8378	0.0795428	-0.226	0.226
  8379	0.10516	-0.226	0.226
  8380	0.101531	-0.226	0.226
  8381	0.0985804	-0.226	0.226
  8382	0.0955502	-0.226	0.226
  8383	0.0909306	-0.226	0.226
  8384	0.0977983	-0.226	0.226
  8385	0.0974145	-0.226	0.226
  8386	0.0632372	-0.226	0.226
  8387	0.106201	-0.226	0.226
  8388	0.0916591	-0.226	0.226
  8389	0.0977184	-0.226	0.226
  8390	0.0629682	-0.226	0.226
  8391	0.099947	-0.226	0.226
  8392	0.0952699	-0.226	0.226
  8393	0.109762	-0.226	0.226
  8394	0.0742831	-0.226	0.226
  8395	0.067658	-0.226	0.226
  8396	0.0766289	-0.226	0.226
  8397	0.0892404	-0.226	0.226
  8398	0.0977635	-0.226	0.226
  8399	0.0799902	-0.226	0.226
  8400	0.0888336	-0.226	0.226
  8401	0.0973984	-0.226	0.226
  8402	0.11413	-0.226	0.226
  8403	0.0347195	-0.226	0.226
  8404	0.103392	-0.226	0.226
  8405	0.0581722	-0.226	0.226
  8406	0.0862534	-0.226	0.226
  8407	0.0882916	-0.226	0.226
  8408	0.111656	-0.226	0.226
  8409	0.100566	-0.226	0.226
  8410	0.0699797	-0.226	0.226
  8411	0.101062	-0.226	0.226
  8412	0.113501	-0.226	0.226
  8413	0.113887	-0.226	0.226
  8414	0.0845966	-0.226	0.226
  8415	0.103822	-0.226	0.226
  8416	0.109212	-0.226	0.226
  8417	0.107755	-0.226	0.226
  8418	0.104122	-0.226	0.226
  8419	0.0612804	-0.226	0.226
  8420	0.115427	-0.226	0.226
  8421	0.116077	-0.226	0.226
  8422	0.11332	-0.226	0.226
  8423	0.104699	-0.226	0.226
  8424	0.102514	-0.226	0.226
  8425	0.0863932	-0.226	0.226
  8426	0.0736279	-0.226	0.226
  8427	0.0669026	-0.226	0.226
  8428	0.110707	-0.226	0.226
  8429	0.0947647	-0.226	0.226
  8430	0.109767	-0.226	0.226
  8431	0.109737	-0.226	0.226
  8432	0.104342	-0.226	0.226
  8433	0.0986834	-0.226	0.226
  8434	0.0881893	-0.226	0.226
  8435	0.0714889	-0.226	0.226
  8436	0.0811827	-0.226	0.226
  8437	0.114262	-0.226	0.226
  8438	0.101643	-0.226	0.226
  8439	0.0854376	-0.226	0.226
  8440	0.0989869	-0.226	0.226
  8441	0.0798356	-0.226	0.226
  8442	0.0803613	-0.226	0.226
  8443	0.0970141	-0.226	0.226
  8444	0.0887148	-0.226	0.226
  8445	0.107124	-0.226	0.226
  8446	0.0776297	-0.226	0.226
  8447	0.0958294	-0.226	0.226
  8448	0.114927	-0.226	0.226
  8449	0.0753824	-0.226	0.226
  8450	0.108478	-0.226	0.226
  8451	0.0825636	-0.226	0.226
  8452	0.0595311	-0.226	0.226
  8453	0.113667	-0.226	0.226
  8454	0.0797712	-0.226	0.226
  8455	0.0537184	-0.226	0.226
  8456	0.0998832	-0.226	0.226
  8457	0.0685527	-0.226	0.226
  8458	0.0868725	-0.226	0.226
  8459	0.108435	-0.226	0.226
  8460	0.0889303	-0.226	0.226
  8461	0.0705497	-0.226	0.226
  8462	0.115174	-0.226	0.226
  8463	0.0941155	-0.226	0.226
  8464	0.087848	-0.226	0.226
  8465	0.0902944	-0.226	0.226
  8466	0.112226	-0.226	0.226
  8467	0.104571	-0.226	0.226
  8468	0.104963	-0.226	0.226
  8469	0.0732347	-0.226	0.226
  8470	0.101611	-0.226	0.226
  8471	0.0820654	-0.226	0.226
  8472	0.0915669	-0.226	0.226
  8473	0.0931971	-0.226	0.226
  8474	0.107226	-0.226	0.226
  8475	0.0909001	-0.226	0.226
  8476	0.0765055	-0.226	0.226
  8477	0.111288	-0.226	0.226
  8478	0.0783316	-0.226	0.226
  8479	0.0967869	-0.226	0.226
  8480	0.110233	-0.226	0.226
  8481	0.112731	-0.226	0.226
  8482	0.114178	-0.226	0.226
  8483	0.0549017	-0.226	0.226
  8484	0.0554195	-0.226	0.226
  8485	0.0683634	-0.226	0.226
  8486	0.0736151	-0.226	0.226
  8487	0.0719452	-0.226	0.226
  8488	0.0714345	-0.226	0.226
  8489	0.0592744	-0.226	0.226
  8490	0.110998	-0.226	0.226
  8491	0.111838	-0.226	0.226
  8492	0.102621	-0.226	0.226
  8493	0.088856	-0.226	0.226
  8494	0.0767975	-0.226	0.226
  8495	0.113479	-0.226	0.226
  8496	0.0612728	-0.226	0.226
  8497	0.0771159	-0.226	0.226
  8498	0.101531	-0.226	0.226
  8499	0.0883206	-0.226	0.226
  8500	0.106791	-0.226	0.226
  8501	0.10135	-0.226	0.226
  8502	0.110091	-0.226	0.226
  8503	0.0653615	-0.226	0.226
  8504	0.115931	-0.226	0.226
  8505	0.0810241	-0.226	0.226
  8506	0.109666	-0.226	0.226
  8507	0.114554	-0.226	0.226
  8508	0.113716	-0.226	0.226
  8509	0.115087	-0.226	0.226
  8510	0.0396514	-0.226	0.226
  8511	0.0764586	-0.226	0.226
  8512	0.111132	-0.226	0.226
  8513	0.0965404	-0.226	0.226
  8514	0.0935066	-0.226	0.226
  8515	0.0938872	-0.226	0.226
  8516	0.113811	-0.226	0.226
  8517	0.107295	-0.226	0.226
  8518	0.0947079	-0.226	0.226
  8519	0.115041	-0.226	0.226
  8520	0.103139	-0.226	0.226
  8521	0.102945	-0.226	0.226
  8522	0.0879277	-0.226	0.226
  8523	0.0360366	-0.226	0.226
  8524	0.115024	-0.226	0.226
  8525	0.110162	-0.226	0.226
  8526	0.0804309	-0.226	0.226
  8527	0.0811053	-0.226	0.226
  8528	0.0898117	-0.226	0.226
  8529	0.113737	-0.226	0.226
  8530	0.110902	-0.226	0.226
  8531	0.11481	-0.226	0.226
  8532	0.0839833	-0.226	0.226
  8533	0.106138	-0.226	0.226
  8534	0.0738153	-0.226	0.226
  8535	0.112906	-0.226	0.226
  8536	0.0819195	-0.226	0.226
  8537	0.0900891	-0.226	0.226
  8538	0.0766944	-0.226	0.226
  8539	0.0933106	-0.226	0.226
  8540	0.0479567	-0.226	0.226
  8541	0.098268	-0.226	0.226
  8542	0.106398	-0.226	0.226
  8543	0.104616	-0.226	0.226
  8544	0.102633	-0.226	0.226
  8545	0.0863709	-0.226	0.226
  8546	0.112405	-0.226	0.226
  8547	0.107591	-0.226	0.226
  8548	0.0730995	-0.226	0.226
  8549	0.100736	-0.226	0.226
  8550	0.109593	-0.226	0.226
  8551	0.108811	-0.226	0.226
  8552	0.0944101	-0.226	0.226
  8553	0.1036	-0.226	0.226
  8554	0.0800675	-0.226	0.226
  8555	0.089937	-0.226	0.226
  8556	0.110619	-0.226	0.226
  8557	0.0639146	-0.226	0.226
  8558	0.0871149	-0.226	0.226
  8559	0.0410044	-0.226	0.226
  8560	0.0952358	-0.226	0.226
  8561	0.11575	-0.226	0.226
  8562	0.0668139	-0.226	0.226
  8563	0.093808	-0.226	0.226
  8564	0.0987061	-0.226	0.226
  8565	0.0769833	-0.226	0.226
  8566	0.089713	-0.226	0.226
  8567	0.115588	-0.226	0.226
  8568	0.0732465	-0.226	0.226
  8569	0.0871506	-0.226	0.226
  8570	0.107447	-0.226	0.226
  8571	0.100317	-0.226	0.226
  8572	0.111088	-0.226	0.226
  8573	0.0908855	-0.226	0.226
  8574	0.0639623	-0.226	0.226
  8575	0.0799906	-0.226	0.226
  8576	0.10109	-0.226	0.226
  8577	0.0751302	-0.226	0.226
  8578	0.102814	-0.226	0.226
  8579	0.0994231	-0.226	0.226
  8580	0.0706083	-0.226	0.226
  8581	0.108122	-0.226	0.226
  8582	0.0916611	-0.226	0.226
  8583	0.105835	-0.226	0.226
  8584	0.107547	-0.226	0.226
  8585	0.109466	-0.226	0.226
  8586	0.0670271	-0.226	0.226
  8587	0.107575	-0.226	0.226
  8588	0.0793774	-0.226	0.226
  8589	0.108439	-0.226	0.226
  8590	0.0960506	-0.226	0.226
  8591	0.108594	-0.226	0.226
  8592	0.0330814	-0.226	0.226
  8593	0.108361	-0.226	0.226
  8594	0.10886	-0.226	0.226
  8595	0.0827191	-0.226	0.226
  8596	0.0876034	-0.226	0.226
  8597	0.056947	-0.226	0.226
  8598	0.0995563	-0.226	0.226
  8599	0.0856145	-0.226	0.226
  8600	0.0356765	-0.226	0.226
  8601	0.113864	-0.226	0.226
  8602	0.0927576	-0.226	0.226
  8603	0.0973366	-0.226	0.226
  8604	0.0936021	-0.226	0.226
  8605	0.113802	-0.226	0.226
  8606	0.0734341	-0.226	0.226
  8607	0.106397	-0.226	0.226
  8608	0.0870124	-0.226	0.226
  8609	0.105478	-0.226	0.226
  8610	0.0717994	-0.226	0.226
  8611	0.107958	-0.226	0.226
  8612	0.0852514	-0.226	0.226
  8613	0.0904095	-0.226	0.226
  8614	0.0895346	-0.226	0.226
  8615	0.110248	-0.226	0.226
  8616	0.034499	-0.226	0.226
  8617	0.092623	-0.226	0.226
  8618	0.0816581	-0.226	0.226
  8619	0.0952716	-0.226	0.226
  8620	0.0648074	-0.226	0.226
  8621	0.106152	-0.226	0.226
  8622	0.0993876	-0.226	0.226
  8623	0.104166	-0.226	0.226
  8624	0.113654	-0.226	0.226
  8625	0.070375	-0.226	0.226
  8626	0.0940422	-0.226	0.226
  8627	0.108321	-0.226	0.226
  8628	0.0293309	-0.226	0.226
  8629	0.0936927	-0.226	0.226
  8630	0.107564	-0.226	0.226
  8631	0.076326	-0.226	0.226
  8632	0.0362777	-0.226	0.226
  8633	0.101974	-0.226	0.226
  8634	0.098819	-0.226	0.226
  8635	0.097406	-0.226	0.226
  8636	0.115712	-0.226	0.226
  8637	0.0845874	-0.226	0.226
  8638	0.0774818	-0.226	0.226
  8639	0.10588	-0.226	0.226
  8640	0.103578	-0.226	0.226
  8641	0.104269	-0.226	0.226
  8642	0.0991939	-0.226	0.226
  8643	0.107579	-0.226	0.226
  8644	0.108533	-0.226	0.226
  8645	0.105483	-0.226	0.226
  8646	0.082107	-0.226	0.226
  8647	0.0813944	-0.226	0.226
  8648	0.0814142	-0.226	0.226
  8649	0.0845026	-0.226	0.226
  8650	0.0982362	-0.226	0.226
  8651	0.0876428	-0.226	0.226
  8652	0.0501452	-0.226	0.226
  8653	0.097905	-0.226	0.226
  8654	0.08678	-0.226	0.226
  8655	0.0891726	-0.226	0.226
  8656	0.0858657	-0.226	0.226
  8657	0.100412	-0.226	0.226
  8658	0.0714924	-0.226	0.226
  8659	0.107208	-0.226	0.226
  8660	0.0882664	-0.226	0.226
  8661	0.107766	-0.226	0.226
  8662	0.0995765	-0.226	0.226
  8663	0.093054	-0.226	0.226
  8664	0.106708	-0.226	0.226
  8665	0.114133	-0.226	0.226
  8666	0.0757906	-0.226	0.226
  8667	0.0831215	-0.226	0.226
  8668	0.114033	-0.226	0.226
  8669	0.0686077	-0.226	0.226
  8670	0.105414	-0.226	0.226
  8671	0.0842224	-0.226	0.226
  8672	0.0935218	-0.226	0.226
  8673	0.113549	-0.226	0.226
  8674	0.0954131	-0.226	0.226
  8675	0.086093	-0.226	0.226
  8676	0.0961346	-0.226	0.226
  8677	0.112261	-0.226	0.226
  8678	0.0910192	-0.226	0.226
  8679	0.115577	-0.226	0.226
  8680	0.0704416	-0.226	0.226
  8681	0.110785	-0.226	0.226
  8682	0.0908109	-0.226	0.226
  8683	0.108607	-0.226	0.226
  8684	0.0799842	-0.226	0.226
  8685	0.113619	-0.226	0.226
  8686	0.100942	-0.226	0.226
  8687	0.105829	-0.226	0.226
  8688	0.0964195	-0.226	0.226
  8689	0.099165	-0.226	0.226
  8690	0.0895692	-0.226	0.226
  8691	0.110334	-0.226	0.226
  8692	0.0668996	-0.226	0.226
  8693	0.0919357	-0.226	0.226
  8694	0.109736	-0.226	0.226
  8695	0.104178	-0.226	0.226
  8696	0.0931758	-0.226	0.226
  8697	0.106897	-0.226	0.226
  8698	0.0809734	-0.226	0.226
  8699	0.100739	-0.226	0.226
  8700	0.094893	-0.226	0.226
  8701	0.114553	-0.226	0.226
  8702	0.0994329	-0.226	0.226
  8703	0.107919	-0.226	0.226
  8704	0.080392	-0.226	0.226
  8705	0.0870747	-0.226	0.226
  8706	0.104075	-0.226	0.226
  8707	0.0794153	-0.226	0.226
  8708	0.061781	-0.226	0.226
  8709	0.0942348	-0.226	0.226
  8710	0.0970685	-0.226	0.226
  8711	0.111536	-0.226	0.226
  8712	0.0788203	-0.226	0.226
  8713	0.103145	-0.226	0.226
  8714	0.108335	-0.226	0.226
  8715	0.0643151	-0.226	0.226
  8716	0.0399629	-0.226	0.226
  8717	0.0804349	-0.226	0.226
  8718	0.098912	-0.226	0.226
  8719	0.0460928	-0.226	0.226
  8720	0.0854597	-0.226	0.226
  8721	0.110303	-0.226	0.226
  8722	0.0839797	-0.226	0.226
  8723	0.114296	-0.226	0.226
  8724	0.0870505	-0.226	0.226
  8725	0.057703	-0.226	0.226
  8726	0.101676	-0.226	0.226
  8727	0.0699036	-0.226	0.226
  8728	0.0902142	-0.226	0.226
  8729	0.0775458	-0.226	0.226
  8730	0.0938184	-0.226	0.226
  8731	0.111679	-0.226	0.226
  8732	0.0995462	-0.226	0.226
  8733	0.109117	-0.226	0.226
  8734	0.111128	-0.226	0.226
  8735	0.0466071	-0.226	0.226
  8736	0.0681184	-0.226	0.226
  8737	0.111279	-0.226	0.226
  8738	0.113948	-0.226	0.226
  8739	0.100989	-0.226	0.226
  8740	0.115449	-0.226	0.226
  8741	0.111488	-0.226	0.226
  8742	0.111584	-0.226	0.226
  8743	0.0640635	-0.226	0.226
  8744	0.0914159	-0.226	0.226
  8745	0.0691857	-0.226	0.226
  8746	0.107817	-0.226	0.226
  8747	0.113522	-0.226	0.226
  8748	0.104474	-0.226	0.226
  8749	0.0894219	-0.226	0.226
  8750	0.113598	-0.226	0.226
  8751	0.0906271	-0.226	0.226
  8752	0.108254	-0.226	0.226
  8753	0.0755112	-0.226	0.226
  8754	0.0826511	-0.226	0.226
  8755	0.0969034	-0.226	0.226
  8756	0.0998234	-0.226	0.226
  8757	0.109721	-0.226	0.226
  8758	0.101229	-0.226	0.226
  8759	0.0959668	-0.226	0.226
  8760	0.108108	-0.226	0.226
  8761	0.0936859	-0.226	0.226
  8762	0.0898564	-0.226	0.226
  8763	0.0912665	-0.226	0.226
  8764	0.0939931	-0.226	0.226
  8765	0.0418357	-0.226	0.226
  8766	0.0826366	-0.226	0.226
  8767	0.0964986	-0.226	0.226
  8768	0.108781	-0.226	0.226
  8769	0.0901687	-0.226	0.226
  8770	0.114218	-0.226	0.226
  8771	0.112845	-0.226	0.226
  8772	0.073893	-0.226	0.226
  8773	0.111099	-0.226	0.226
  8774	0.0462001	-0.226	0.226
  8775	0.0685362	-0.226	0.226
  8776	0.102548	-0.226	0.226
  8777	0.102393	-0.226	0.226
  8778	0.0913527	-0.226	0.226
  8779	0.0582162	-0.226	0.226
  8780	0.0759161	-0.226	0.226
  8781	0.0835199	-0.226	0.226
  8782	0.0898604	-0.226	0.226
  8783	0.112028	-0.226	0.226
  8784	0.082584	-0.226	0.226
  8785	0.0652574	-0.226	0.226
  8786	0.105708	-0.226	0.226
  8787	0.107708	-0.226	0.226
  8788	0.0776421	-0.226	0.226
  8789	0.106984	-0.226	0.226
  8790	0.100438	-0.226	0.226
  8791	0.0967746	-0.226	0.226
  8792	0.110092	-0.226	0.226
  8793	0.0780363	-0.226	0.226
  8794	0.0469025	-0.226	0.226
  8795	0.0509032	-0.226	0.226
  8796	0.0920658	-0.226	0.226
  8797	0.104718	-0.226	0.226
  8798	0.0958025	-0.226	0.226
  8799	0.104254	-0.226	0.226
  8800	0.0900891	-0.226	0.226
  8801	0.059621	-0.226	0.226
  8802	0.115535	-0.226	0.226
  8803	0.114241	-0.226	0.226
  8804	0.0983212	-0.226	0.226
  8805	0.102086	-0.226	0.226
  8806	0.112659	-0.226	0.226
  8807	0.0928727	-0.226	0.226
  8808	0.0988637	-0.226	0.226
  8809	0.0741471	-0.226	0.226
  8810	0.10618	-0.226	0.226
  8811	0.0857782	-0.226	0.226
  8812	0.0815447	-0.226	0.226
  8813	0.0597335	-0.226	0.226
  8814	0.0963308	-0.226	0.226
  8815	0.054057	-0.226	0.226
  8816	0.0856565	-0.226	0.226
  8817	0.108603	-0.226	0.226
  8818	0.076882	-0.226	0.226
  8819	0.111649	-0.226	0.226
  8820	0.109989	-0.226	0.226
  8821	0.0841415	-0.226	0.226
  8822	0.0935489	-0.226	0.226
  8823	0.0848326	-0.226	0.226
  8824	0.0862149	-0.226	0.226
  8825	0.0896281	-0.226	0.226
  8826	0.0426045	-0.226	0.226
  8827	0.0947058	-0.226	0.226
  8828	0.0968886	-0.226	0.226
  8829	0.088529	-0.226	0.226
  8830	0.113455	-0.226	0.226
  8831	0.0963767	-0.226	0.226
  8832	0.102879	-0.226	0.226
  8833	0.105193	-0.226	0.226
  8834	0.0910304	-0.226	0.226
  8835	0.09877	-0.226	0.226
  8836	0.106381	-0.226	0.226
  8837	0.107428	-0.226	0.226
  8838	0.0807562	-0.226	0.226
  8839	0.107347	-0.226	0.226
  8840	0.0593149	-0.226	0.226
  8841	0.10812	-0.226	0.226
  8842	0.107431	-0.226	0.226
  8843	0.112942	-0.226	0.226
  8844	0.108298	-0.226	0.226
  8845	0.104842	-0.226	0.226
  8846	0.0851286	-0.226	0.226
  8847	0.0890619	-0.226	0.226
  8848	0.083755	-0.226	0.226
  8849	0.0731076	-0.226	0.226
  8850	0.0606575	-0.226	0.226
  8851	0.0747193	-0.226	0.226
  8852	0.11256	-0.226	0.226
  8853	0.100256	-0.226	0.226
  8854	0.107119	-0.226	0.226
  8855	0.10822	-0.226	0.226
  8856	0.0812761	-0.226	0.226
  8857	0.10534	-0.226	0.226
  8858	0.0584378	-0.226	0.226
  8859	0.108024	-0.226	0.226
  8860	0.106702	-0.226	0.226
  8861	0.100556	-0.226	0.226
  8862	0.0741349	-0.226	0.226
  8863	0.0987006	-0.226	0.226
  8864	0.114099	-0.226	0.226
  8865	0.110589	-0.226	0.226
  8866	0.114398	-0.226	0.226
  8867	0.110394	-0.226	0.226
  8868	0.0931747	-0.226	0.226
  8869	0.0909706	-0.226	0.226
  8870	0.0984924	-0.226	0.226
  8871	0.110949	-0.226	0.226
  8872	0.0921316	-0.226	0.226
  8873	0.112814	-0.226	0.226
  8874	0.113861	-0.226	0.226
  8875	0.0753985	-0.226	0.226
  8876	0.0692887	-0.226	0.226
  8877	0.0722921	-0.226	0.226
  8878	0.0914555	-0.226	0.226
  8879	0.115239	-0.226	0.226
  8880	0.0374024	-0.226	0.226
  8881	0.0998384	-0.226	0.226
  8882	0.113481	-0.226	0.226
  8883	0.11284	-0.226	0.226
  8884	0.103238	-0.226	0.226
  8885	0.103966	-0.226	0.226
  8886	0.0352733	-0.226	0.226
  8887	0.0776888	-0.226	0.226
  8888	0.100834	-0.226	0.226
  8889	0.0460587	-0.226	0.226
  8890	0.102981	-0.226	0.226
  8891	0.0823032	-0.226	0.226
  8892	0.10141	-0.226	0.226
  8893	0.0560705	-0.226	0.226
  8894	0.0622023	-0.226	0.226
  8895	0.0972286	-0.226	0.226
  8896	0.0773937	-0.226	0.226
  8897	0.0649815	-0.226	0.226
  8898	0.0894102	-0.226	0.226
  8899	0.102788	-0.226	0.226
  8900	0.0497684	-0.226	0.226
  8901	0.081225	-0.226	0.226
  8902	0.0766581	-0.226	0.226
  8903	0.0738349	-0.226	0.226
  8904	0.114971	-0.226	0.226
  8905	0.0965782	-0.226	0.226
  8906	0.0737413	-0.226	0.226
  8907	0.0549487	-0.226	0.226
  8908	0.0799958	-0.226	0.226
  8909	0.103744	-0.226	0.226
  8910	0.101855	-0.226	0.226
  8911	0.105653	-0.226	0.226
  8912	0.0963348	-0.226	0.226
  8913	0.065393	-0.226	0.226
  8914	0.0849402	-0.226	0.226
  8915	0.114018	-0.226	0.226
  8916	0.0476909	-0.226	0.226
  8917	0.103224	-0.226	0.226
  8918	0.0863607	-0.226	0.226
  8919	0.104302	-0.226	0.226
  8920	0.116064	-0.226	0.226
  8921	0.0873099	-0.226	0.226
  8922	0.115041	-0.226	0.226
  8923	0.0990973	-0.226	0.226
  8924	0.116278	-0.226	0.226
  8925	0.112561	-0.226	0.226
  8926	0.104736	-0.226	0.226
  8927	0.114944	-0.226	0.226
  8928	0.0634843	-0.226	0.226
  8929	0.0790704	-0.226	0.226
  8930	0.110234	-0.226	0.226
  8931	0.0917743	-0.226	0.226
  8932	0.100682	-0.226	0.226
  8933	0.110896	-0.226	0.226
  8934	0.105254	-0.226	0.226
  8935	0.0822736	-0.226	0.226
  8936	0.105537	-0.226	0.226
  8937	0.106378	-0.226	0.226
  8938	0.0801372	-0.226	0.226
  8939	0.0820952	-0.226	0.226
  8940	0.0990518	-0.226	0.226
  8941	0.114345	-0.226	0.226
  8942	0.112996	-0.226	0.226
  8943	0.0922956	-0.226	0.226
  8944	0.109749	-0.226	0.226
  8945	0.0701857	-0.226	0.226
  8946	0.102804	-0.226	0.226
  8947	0.0798881	-0.226	0.226
  8948	0.105976	-0.226	0.226
  8949	0.0917367	-0.226	0.226
  8950	0.100794	-0.226	0.226
  8951	0.0925256	-0.226	0.226
  8952	0.114542	-0.226	0.226
  8953	0.111596	-0.226	0.226
  8954	0.113864	-0.226	0.226
  8955	0.0993713	-0.226	0.226
  8956	0.0743435	-0.226	0.226
  8957	0.0416241	-0.226	0.226
  8958	0.0486499	-0.226	0.226
  8959	0.103606	-0.226	0.226
  8960	0.100631	-0.226	0.226
  8961	0.0905183	-0.226	0.226
  8962	0.100247	-0.226	0.226
  8963	0.106328	-0.226	0.226
  8964	0.10197	-0.226	0.226
  8965	0.0912416	-0.226	0.226
  8966	0.0986109	-0.226	0.226
  8967	0.0931822	-0.226	0.226
  8968	0.0780876	-0.226	0.226
  8969	0.0846845	-0.226	0.226
  8970	0.111852	-0.226	0.226
  8971	0.115455	-0.226	0.226
  8972	0.108623	-0.226	0.226
  8973	0.10734	-0.226	0.226
  8974	0.0872784	-0.226	0.226
  8975	0.107474	-0.226	0.226
  8976	0.0827067	-0.226	0.226
  8977	0.103292	-0.226	0.226
  8978	0.0964937	-0.226	0.226
  8979	0.0829599	-0.226	0.226
  8980	0.109331	-0.226	0.226
  8981	0.112944	-0.226	0.226
  8982	0.10647	-0.226	0.226
  8983	0.0994423	-0.226	0.226
  8984	0.074497	-0.226	0.226
  8985	0.0939152	-0.226	0.226
  8986	0.10304	-0.226	0.226
  8987	0.0989087	-0.226	0.226
  8988	0.0962924	-0.226	0.226
  8989	0.114241	-0.226	0.226
  8990	0.0592696	-0.226	0.226
  8991	0.113783	-0.226	0.226
  8992	0.109068	-0.226	0.226
  8993	0.0582627	-0.226	0.226
  8994	0.107396	-0.226	0.226
  8995	0.0925952	-0.226	0.226
  8996	0.075439	-0.226	0.226
  8997	0.10737	-0.226	0.226
  8998	0.100169	-0.226	0.226
  8999	0.0732866	-0.226	0.226
  9000	0.0565974	-0.226	0.226
  9001	0.0577414	-0.226	0.226
  9002	0.0658276	-0.226	0.226
  9003	0.110786	-0.226	0.226
  9004	0.0465351	-0.226	0.226
  9005	0.114399	-0.226	0.226
  9006	0.1118	-0.226	0.226
  9007	0.0845962	-0.226	0.226
  9008	0.103962	-0.226	0.226
  9009	0.06722	-0.226	0.226
  9010	0.0924216	-0.226	0.226
  9011	0.101012	-0.226	0.226
  9012	0.0839132	-0.226	0.226
  9013	0.0945462	-0.226	0.226
  9014	0.0617919	-0.226	0.226
  9015	0.109942	-0.226	0.226
  9016	0.0793488	-0.226	0.226
  9017	0.115942	-0.226	0.226
  9018	0.107073	-0.226	0.226
  9019	0.113859	-0.226	0.226
  9020	0.114131	-0.226	0.226
  9021	0.108936	-0.226	0.226
  9022	0.0451962	-0.226	0.226
  9023	0.0927642	-0.226	0.226
  9024	0.106402	-0.226	0.226
  9025	0.080145	-0.226	0.226
  9026	0.110528	-0.226	0.226
  9027	0.110286	-0.226	0.226
  9028	0.113335	-0.226	0.226
  9029	0.11171	-0.226	0.226
  9030	0.0589644	-0.226	0.226
  9031	0.0949341	-0.226	0.226
  9032	0.0812855	-0.226	0.226
  9033	0.101379	-0.226	0.226
  9034	0.0823435	-0.226	0.226
  9035	0.0933434	-0.226	0.226
  9036	0.111224	-0.226	0.226
  9037	0.10975	-0.226	0.226
  9038	0.038948	-0.226	0.226
  9039	0.060396	-0.226	0.226
  9040	0.0684241	-0.226	0.226
  9041	0.0900503	-0.226	0.226
  9042	0.0941999	-0.226	0.226
  9043	0.0691973	-0.226	0.226
  9044	0.107171	-0.226	0.226
  9045	0.0698683	-0.226	0.226
  9046	0.104576	-0.226	0.226
  9047	0.0620118	-0.226	0.226
  9048	0.0475527	-0.226	0.226
  9049	0.112546	-0.226	0.226
  9050	0.0733716	-0.226	0.226
  9051	0.0979644	-0.226	0.226
  9052	0.106395	-0.226	0.226
  9053	0.113704	-0.226	0.226
  9054	0.0739446	-0.226	0.226
  9055	0.100597	-0.226	0.226
  9056	0.092317	-0.226	0.226
  9057	0.0864204	-0.226	0.226
  9058	0.114273	-0.226	0.226
  9059	0.105688	-0.226	0.226
  9060	0.105779	-0.226	0.226
  9061	0.031134	-0.226	0.226
  9062	0.114323	-0.226	0.226
  9063	0.0769078	-0.226	0.226
  9064	0.114394	-0.226	0.226
  9065	0.102448	-0.226	0.226
  9066	0.0836852	-0.226	0.226
  9067	0.112829	-0.226	0.226
  9068	0.0972701	-0.226	0.226
  9069	0.114343	-0.226	0.226
  9070	0.0482972	-0.226	0.226
  9071	0.0852007	-0.226	0.226
  9072	0.108068	-0.226	0.226
  9073	0.0858521	-0.226	0.226
  9074	0.103298	-0.226	0.226
  9075	0.0512336	-0.226	0.226
  9076	0.112234	-0.226	0.226
  9077	0.0335056	-0.226	0.226
  9078	0.107838	-0.226	0.226
  9079	0.0815038	-0.226	0.226
  9080	0.115916	-0.226	0.226
  9081	0.0752552	-0.226	0.226
  9082	0.10996	-0.226	0.226
  9083	0.1104	-0.226	0.226
  9084	0.0808847	-0.226	0.226
  9085	0.103609	-0.226	0.226
  9086	0.115587	-0.226	0.226
  9087	0.0900213	-0.226	0.226
  9088	0.11397	-0.226	0.226
  9089	0.0912126	-0.226	0.226
  9090	0.0968002	-0.226	0.226
  9091	0.114037	-0.226	0.226
  9092	0.0813321	-0.226	0.226
  9093	0.0983378	-0.226	0.226
  9094	0.10109	-0.226	0.226
  9095	0.0916241	-0.226	0.226
  9096	0.0931781	-0.226	0.226
  9097	0.099126	-0.226	0.226
  9098	0.109012	-0.226	0.226
  9099	0.106983	-0.226	0.226
  9100	0.114391	-0.226	0.226
  9101	0.0933269	-0.226	0.226
  9102	0.10989	-0.226	0.226
  9103	0.112567	-0.226	0.226
  9104	0.0840305	-0.226	0.226
  9105	0.107406	-0.226	0.226
  9106	0.042727	-0.226	0.226
  9107	0.108476	-0.226	0.226
  9108	0.106987	-0.226	0.226
  9109	0.106189	-0.226	0.226
  9110	0.10682	-0.226	0.226
  9111	0.068602	-0.226	0.226
  9112	0.0864137	-0.226	0.226
  9113	0.103086	-0.226	0.226
  9114	0.109928	-0.226	0.226
  9115	0.101281	-0.226	0.226
  9116	0.0653291	-0.226	0.226
  9117	0.113431	-0.226	0.226
  9118	0.108663	-0.226	0.226
  9119	0.10152	-0.226	0.226
  9120	0.082927	-0.226	0.226
  9121	0.0983279	-0.226	0.226
  9122	0.0450862	-0.226	0.226
  9123	0.0660926	-0.226	0.226
  9124	0.0897157	-0.226	0.226
  9125	0.0747418	-0.226	0.226
  9126	0.110164	-0.226	0.226
  9127	0.076505	-0.226	0.226
  9128	0.106196	-0.226	0.226
  9129	0.0758398	-0.226	0.226
  9130	0.098627	-0.226	0.226
  9131	0.113686	-0.226	0.226
  9132	0.114348	-0.226	0.226
  9133	0.102188	-0.226	0.226
  9134	0.0896899	-0.226	0.226
  9135	0.112163	-0.226	0.226
  9136	0.103919	-0.226	0.226
  9137	0.100298	-0.226	0.226
  9138	0.0835488	-0.226	0.226
  9139	0.0622919	-0.226	0.226
  9140	0.0654743	-0.226	0.226
  9141	0.0857739	-0.226	0.226
  9142	0.114397	-0.226	0.226
  9143	0.0676938	-0.226	0.226
  9144	0.0941029	-0.226	0.226
  9145	0.0804585	-0.226	0.226
  9146	0.106295	-0.226	0.226
  9147	0.0984557	-0.226	0.226
  9148	0.0574745	-0.226	0.226
  9149	0.0520096	-0.226	0.226
  9150	0.0729479	-0.226	0.226
  9151	0.0991433	-0.226	0.226
  9152	0.114633	-0.226	0.226
  9153	0.113066	-0.226	0.226
  9154	0.115974	-0.226	0.226
  9155	0.0996544	-0.226	0.226
  9156	0.107601	-0.226	0.226
  9157	0.110407	-0.226	0.226
  9158	0.0833526	-0.226	0.226
  9159	0.0876964	-0.226	0.226
  9160	0.0856169	-0.226	0.226
  9161	0.084449	-0.226	0.226
  9162	0.0705861	-0.226	0.226
  9163	0.0436353	-0.226	0.226
  9164	0.0869756	-0.226	0.226
  9165	0.0967674	-0.226	0.226
  9166	0.110785	-0.226	0.226
  9167	0.0800742	-0.226	0.226
  9168	0.0793261	-0.226	0.226
  9169	0.104804	-0.226	0.226
  9170	0.0600656	-0.226	0.226
  9171	0.0744973	-0.226	0.226
  9172	0.106765	-0.226	0.226
  9173	0.0940451	-0.226	0.226
  9174	0.105259	-0.226	0.226
  9175	0.087184	-0.226	0.226
  9176	0.0495806	-0.226	0.226
  9177	0.111359	-0.226	0.226
  9178	0.0961688	-0.226	0.226
  9179	0.0960885	-0.226	0.226
  9180	0.112572	-0.226	0.226
  9181	0.0308077	-0.226	0.226
  9182	0.092115	-0.226	0.226
  9183	0.0881205	-0.226	0.226
  9184	0.108524	-0.226	0.226
  9185	0.0983747	-0.226	0.226
  9186	0.105618	-0.226	0.226
  9187	0.107652	-0.226	0.226
  9188	0.0857159	-0.226	0.226
  9189	0.0937853	-0.226	0.226
  9190	0.0368859	-0.226	0.226
  9191	0.11201	-0.226	0.226
  9192	0.0953238	-0.226	0.226
  9193	0.0768912	-0.226	0.226
  9194	0.109966	-0.226	0.226
  9195	0.0873259	-0.226	0.226
  9196	0.0734504	-0.226	0.226
  9197	0.112273	-0.226	0.226
  9198	0.103653	-0.226	0.226
  9199	0.110063	-0.226	0.226
  9200	0.0932993	-0.226	0.226
  9201	0.108471	-0.226	0.226
  9202	0.0818891	-0.226	0.226
  9203	0.0792133	-0.226	0.226
  9204	0.0739831	-0.226	0.226
  9205	0.11079	-0.226	0.226
  9206	0.100041	-0.226	0.226
  9207	0.114123	-0.226	0.226
  9208	0.108563	-0.226	0.226
  9209	0.114972	-0.226	0.226
  9210	0.104867	-0.226	0.226
  9211	0.107115	-0.226	0.226
  9212	0.103395	-0.226	0.226
  9213	0.103544	-0.226	0.226
  9214	0.0974157	-0.226	0.226
  9215	0.111801	-0.226	0.226
  9216	0.106661	-0.226	0.226
  9217	0.0846382	-0.226	0.226
  9218	0.0979247	-0.226	0.226
  9219	0.0910801	-0.226	0.226
  9220	0.112495	-0.226	0.226
  9221	0.102801	-0.226	0.226
  9222	0.0969786	-0.226	0.226
  9223	0.113114	-0.226	0.226
  9224	0.0791441	-0.226	0.226
  9225	0.114951	-0.226	0.226
  9226	0.101925	-0.226	0.226
  9227	0.0859359	-0.226	0.226
  9228	0.0892778	-0.226	0.226
  9229	0.0811078	-0.226	0.226
  9230	0.0924659	-0.226	0.226
  9231	0.10972	-0.226	0.226
  9232	0.10272	-0.226	0.226
  9233	0.0808458	-0.226	0.226
  9234	0.11194	-0.226	0.226
  9235	0.0958894	-0.226	0.226
  9236	0.110712	-0.226	0.226
  9237	0.0701553	-0.226	0.226
  9238	0.0977621	-0.226	0.226
  9239	0.0802522	-0.226	0.226
  9240	0.112809	-0.226	0.226
  9241	0.100763	-0.226	0.226
  9242	0.0985365	-0.226	0.226
  9243	0.0880141	-0.226	0.226
  9244	0.0797375	-0.226	0.226
  9245	0.114488	-0.226	0.226
  9246	0.0768608	-0.226	0.226
  9247	0.106729	-0.226	0.226
  9248	0.0822723	-0.226	0.226
  9249	0.1105	-0.226	0.226
  9250	0.114343	-0.226	0.226
  9251	0.0948307	-0.226	0.226
  9252	0.0926295	-0.226	0.226
  9253	0.0949061	-0.226	0.226
  9254	0.113626	-0.226	0.226
  9255	0.0834028	-0.226	0.226
  9256	0.0785442	-0.226	0.226
  9257	0.102041	-0.226	0.226
  9258	0.103481	-0.226	0.226
  9259	0.108619	-0.226	0.226
  9260	0.101136	-0.226	0.226
  9261	0.098915	-0.226	0.226
  9262	0.0595901	-0.226	0.226
  9263	0.0663033	-0.226	0.226
  9264	0.113557	-0.226	0.226
  9265	0.0849907	-0.226	0.226
  9266	0.0977087	-0.226	0.226
  9267	0.091156	-0.226	0.226
  9268	0.0980415	-0.226	0.226
  9269	0.104919	-0.226	0.226
  9270	0.102521	-0.226	0.226
  9271	0.105201	-0.226	0.226
  9272	0.111	-0.226	0.226
  9273	0.0854634	-0.226	0.226
  9274	0.084779	-0.226	0.226
  9275	0.0812943	-0.226	0.226
  9276	0.0976029	-0.226	0.226
  9277	0.0938769	-0.226	0.226
  9278	0.113974	-0.226	0.226
  9279	0.0754614	-0.226	0.226
  9280	0.0660937	-0.226	0.226
  9281	0.0966761	-0.226	0.226
  9282	0.113945	-0.226	0.226
  9283	0.11331	-0.226	0.226
  9284	0.0910103	-0.226	0.226
  9285	0.068648	-0.226	0.226
  9286	0.10726	-0.226	0.226
  9287	0.0974337	-0.226	0.226
  9288	0.109198	-0.226	0.226
  9289	0.108638	-0.226	0.226
  9290	0.107751	-0.226	0.226
  9291	0.113626	-0.226	0.226
  9292	0.104196	-0.226	0.226
  9293	0.0793505	-0.226	0.226
  9294	0.0560665	-0.226	0.226
  9295	0.0630806	-0.226	0.226
  9296	0.109109	-0.226	0.226
  9297	0.115174	-0.226	0.226
  9298	0.0924361	-0.226	0.226
  9299	0.101594	-0.226	0.226
  9300	0.0936823	-0.226	0.226
  9301	0.0771767	-0.226	0.226
  9302	0.108043	-0.226	0.226
  9303	0.103921	-0.226	0.226
  9304	0.0667057	-0.226	0.226
  9305	0.0770371	-0.226	0.226
  9306	0.100177	-0.226	0.226
  9307	0.114425	-0.226	0.226
  9308	0.109342	-0.226	0.226
  9309	0.105094	-0.226	0.226
  9310	0.0593721	-0.226	0.226
  9311	0.0856545	-0.226	0.226
  9312	0.114984	-0.226	0.226
  9313	0.0958105	-0.226	0.226
  9314	0.0956624	-0.226	0.226
  9315	0.115413	-0.226	0.226
  9316	0.0992814	-0.226	0.226
  9317	0.109467	-0.226	0.226
  9318	0.0932451	-0.226	0.226
  9319	0.0560583	-0.226	0.226
  9320	0.0608867	-0.226	0.226
  9321	0.105884	-0.226	0.226
  9322	0.0761241	-0.226	0.226
  9323	0.10399	-0.226	0.226
  9324	0.0779891	-0.226	0.226
  9325	0.0695818	-0.226	0.226
  9326	0.0617393	-0.226	0.226
  9327	0.106037	-0.226	0.226
  9328	0.0993428	-0.226	0.226
  9329	0.0822196	-0.226	0.226
  9330	0.0759109	-0.226	0.226
  9331	0.0850438	-0.226	0.226
  9332	0.101452	-0.226	0.226
  9333	0.0835366	-0.226	0.226
  9334	0.0888486	-0.226	0.226
  9335	0.116095	-0.226	0.226
  9336	0.08024	-0.226	0.226
  9337	0.111741	-0.226	0.226
  9338	0.0946703	-0.226	0.226
  9339	0.0841505	-0.226	0.226
  9340	0.104868	-0.226	0.226
  9341	0.099226	-0.226	0.226
  9342	0.113848	-0.226	0.226
  9343	0.110057	-0.226	0.226
  9344	0.0862851	-0.226	0.226
  9345	0.0873817	-0.226	0.226
  9346	0.0586753	-0.226	0.226
  9347	0.0911809	-0.226	0.226
  9348	0.113465	-0.226	0.226
  9349	0.110089	-0.226	0.226
  9350	0.106282	-0.226	0.226
  9351	0.115769	-0.226	0.226
  9352	0.104872	-0.226	0.226
  9353	0.0674834	-0.226	0.226
  9354	0.0789282	-0.226	0.226
  9355	0.098249	-0.226	0.226
  9356	0.0529117	-0.226	0.226
  9357	0.0970316	-0.226	0.226
  9358	0.103488	-0.226	0.226
  9359	0.10115	-0.226	0.226
  9360	0.114366	-0.226	0.226
  9361	0.109996	-0.226	0.226
  9362	0.107428	-0.226	0.226
  9363	0.0803978	-0.226	0.226
  9364	0.0924185	-0.226	0.226
  9365	0.0961285	-0.226	0.226
  9366	0.049175	-0.226	0.226
  9367	0.0945388	-0.226	0.226
  9368	0.107172	-0.226	0.226
  9369	0.0468726	-0.226	0.226
  9370	0.107427	-0.226	0.226
  9371	0.109876	-0.226	0.226
  9372	0.107721	-0.226	0.226
  9373	0.064888	-0.226	0.226
  9374	0.0666655	-0.226	0.226
  9375	0.0802773	-0.226	0.226
  9376	0.115541	-0.226	0.226
  9377	0.112619	-0.226	0.226
  9378	0.0723357	-0.226	0.226
  9379	0.0870834	-0.226	0.226
  9380	0.0974202	-0.226	0.226
  9381	0.103371	-0.226	0.226
  9382	0.114858	-0.226	0.226
  9383	0.0647942	-0.226	0.226
  9384	0.0860795	-0.226	0.226
  9385	0.0919793	-0.226	0.226
  9386	0.0948197	-0.226	0.226
  9387	0.102024	-0.226	0.226
  9388	0.108493	-0.226	0.226
  9389	0.11122	-0.226	0.226
  9390	0.105415	-0.226	0.226
  9391	0.102191	-0.226	0.226
  9392	0.0376379	-0.226	0.226
  9393	0.108537	-0.226	0.226
  9394	0.0623233	-0.226	0.226
  9395	0.106005	-0.226	0.226
  9396	0.0951056	-0.226	0.226
  9397	0.103569	-0.226	0.226
  9398	0.086558	-0.226	0.226
  9399	0.0859701	-0.226	0.226
  9400	0.0703628	-0.226	0.226
  9401	0.0669539	-0.226	0.226
  9402	0.0975555	-0.226	0.226
  9403	0.0797624	-0.226	0.226
  9404	0.114132	-0.226	0.226
  9405	0.0802763	-0.226	0.226
  9406	0.109521	-0.226	0.226
  9407	0.0839203	-0.226	0.226
  9408	0.111682	-0.226	0.226
  9409	0.0798842	-0.226	0.226
  9410	0.0973338	-0.226	0.226
  9411	0.0787966	-0.226	0.226
  9412	0.106219	-0.226	0.226
  9413	0.0656529	-0.226	0.226
  9414	0.107004	-0.226	0.226
  9415	0.0982555	-0.226	0.226
  9416	0.101809	-0.226	0.226
  9417	0.0875767	-0.226	0.226
  9418	0.112598	-0.226	0.226
  9419	0.101414	-0.226	0.226
  9420	0.0637505	-0.226	0.226
  9421	0.0985082	-0.226	0.226
  9422	0.109345	-0.226	0.226
  9423	0.065491	-0.226	0.226
  9424	0.0862751	-0.226	0.226
  9425	0.11283	-0.226	0.226
  9426	0.113134	-0.226	0.226
  9427	0.0799953	-0.226	0.226
  9428	0.070481	-0.226	0.226
  9429	0.10622	-0.226	0.226
  9430	0.10197	-0.226	0.226
  9431	0.11136	-0.226	0.226
  9432	0.1058	-0.226	0.226
  9433	0.0783834	-0.226	0.226
  9434	0.0529073	-0.226	0.226
  9435	0.0909213	-0.226	0.226
  9436	0.115222	-0.226	0.226
  9437	0.0968795	-0.226	0.226
  9438	0.112886	-0.226	0.226
  9439	0.0797503	-0.226	0.226
  9440	0.102987	-0.226	0.226
  9441	0.066657	-0.226	0.226
  9442	0.0889862	-0.226	0.226
  9443	0.07404	-0.226	0.226
  9444	0.0608544	-0.226	0.226
  9445	0.105787	-0.226	0.226
  9446	0.110338	-0.226	0.226
  9447	0.105754	-0.226	0.226
  9448	0.0702226	-0.226	0.226
  9449	0.108068	-0.226	0.226
  9450	0.104261	-0.226	0.226
  9451	0.0603352	-0.226	0.226
  9452	0.0828946	-0.226	0.226
  9453	0.0561433	-0.226	0.226
  9454	0.110482	-0.226	0.226
  9455	0.114126	-0.226	0.226
  9456	0.111542	-0.226	0.226
  9457	0.104395	-0.226	0.226
  9458	0.115391	-0.226	0.226
  9459	0.105914	-0.226	0.226
  9460	0.0875243	-0.226	0.226
  9461	0.0613621	-0.226	0.226
  9462	0.097662	-0.226	0.226
  9463	0.0345697	-0.226	0.226
  9464	0.0634959	-0.226	0.226
  9465	0.11206	-0.226	0.226
  9466	0.0834321	-0.226	0.226
  9467	0.0876133	-0.226	0.226
  9468	0.0917829	-0.226	0.226
  9469	0.10731	-0.226	0.226
  9470	0.107334	-0.226	0.226
  9471	0.113272	-0.226	0.226
  9472	0.0904028	-0.226	0.226
  9473	0.0978433	-0.226	0.226
  9474	0.0896037	-0.226	0.226
  9475	0.0608974	-0.226	0.226
  9476	0.0436912	-0.226	0.226
  9477	0.0934521	-0.226	0.226
  9478	0.104868	-0.226	0.226
  9479	0.113445	-0.226	0.226
  9480	0.097608	-0.226	0.226
  9481	0.0970321	-0.226	0.226
  9482	0.0617533	-0.226	0.226
  9483	0.101034	-0.226	0.226
  9484	0.090864	-0.226	0.226
  9485	0.0642355	-0.226	0.226
  9486	0.102245	-0.226	0.226
  9487	0.0976092	-0.226	0.226
  9488	0.0943826	-0.226	0.226
  9489	0.107752	-0.226	0.226
  9490	0.0843846	-0.226	0.226
  9491	0.0963084	-0.226	0.226
  9492	0.0900991	-0.226	0.226
  9493	0.0714279	-0.226	0.226
  9494	0.0932177	-0.226	0.226
  9495	0.113669	-0.226	0.226
  9496	0.0921445	-0.226	0.226
  9497	0.110244	-0.226	0.226
  9498	0.10912	-0.226	0.226
  9499	0.102381	-0.226	0.226
  9500	0.109864	-0.226	0.226
  9501	0.0752623	-0.226	0.226
  9502	0.102729	-0.226	0.226
  9503	0.102036	-0.226	0.226
  9504	0.110025	-0.226	0.226
  9505	0.077901	-0.226	0.226
  9506	0.0943832	-0.226	0.226
  9507	0.113216	-0.226	0.226
  9508	0.048796	-0.226	0.226
  9509	0.0714941	-0.226	0.226
  9510	0.103277	-0.226	0.226
  9511	0.114697	-0.226	0.226
  9512	0.0705657	-0.226	0.226
  9513	0.108433	-0.226	0.226
  9514	0.0972153	-0.226	0.226
  9515	0.0917145	-0.226	0.226
  9516	0.0857427	-0.226	0.226
  9517	0.0909377	-0.226	0.226
  9518	0.113961	-0.226	0.226
  9519	0.0889031	-0.226	0.226
  9520	0.104925	-0.226	0.226
  9521	0.116119	-0.226	0.226
  9522	0.0731498	-0.226	0.226
  9523	0.0651613	-0.226	0.226
  9524	0.103726	-0.226	0.226
  9525	0.0887825	-0.226	0.226
  9526	0.0745516	-0.226	0.226
  9527	0.0774145	-0.226	0.226
  9528	0.0900685	-0.226	0.226
  9529	0.112679	-0.226	0.226
  9530	0.10363	-0.226	0.226
  9531	0.0812667	-0.226	0.226
  9532	0.112916	-0.226	0.226
  9533	0.11105	-0.226	0.226
  9534	0.0993125	-0.226	0.226
  9535	0.111937	-0.226	0.226
  9536	0.111129	-0.226	0.226
  9537	0.113388	-0.226	0.226
  9538	0.0913849	-0.226	0.226
  9539	0.0529055	-0.226	0.226
  9540	0.0483512	-0.226	0.226
  9541	0.088472	-0.226	0.226
  9542	0.0683816	-0.226	0.226
  9543	0.114832	-0.226	0.226
  9544	0.102392	-0.226	0.226
  9545	0.0964485	-0.226	0.226
  9546	0.100554	-0.226	0.226
  9547	0.110946	-0.226	0.226
  9548	0.102424	-0.226	0.226
  9549	0.0979381	-0.226	0.226
  9550	0.102506	-0.226	0.226
  9551	0.0881513	-0.226	0.226
  9552	0.0869921	-0.226	0.226
  9553	0.0904818	-0.226	0.226
  9554	0.0919714	-0.226	0.226
  9555	0.0889248	-0.226	0.226
  9556	0.108949	-0.226	0.226
  9557	0.0934293	-0.226	0.226
  9558	0.0533439	-0.226	0.226
  9559	0.115007	-0.226	0.226
  9560	0.115625	-0.226	0.226
  9561	0.11104	-0.226	0.226
  9562	0.0810762	-0.226	0.226
  9563	0.0495987	-0.226	0.226
  9564	0.0877225	-0.226	0.226
  9565	0.111336	-0.226	0.226
  9566	0.108665	-0.226	0.226
  9567	0.0930919	-0.226	0.226
  9568	0.104598	-0.226	0.226
  9569	0.0880413	-0.226	0.226
  9570	0.0666944	-0.226	0.226
  9571	0.0788166	-0.226	0.226
  9572	0.0931166	-0.226	0.226
  9573	0.101158	-0.226	0.226
  9574	0.084229	-0.226	0.226
  9575	0.10571	-0.226	0.226
  9576	0.111882	-0.226	0.226
  9577	0.103845	-0.226	0.226
  9578	0.115829	-0.226	0.226
  9579	0.110273	-0.226	0.226
  9580	0.106894	-0.226	0.226
  9581	0.115361	-0.226	0.226
  9582	0.107875	-0.226	0.226
  9583	0.0624624	-0.226	0.226
  9584	0.083999	-0.226	0.226
  9585	0.0883747	-0.226	0.226
  9586	0.11256	-0.226	0.226
  9587	0.115281	-0.226	0.226
  9588	0.0999217	-0.226	0.226
  9589	0.0920993	-0.226	0.226
  9590	0.108103	-0.226	0.226
  9591	0.0872371	-0.226	0.226
  9592	0.0953022	-0.226	0.226
  9593	0.0612822	-0.226	0.226
  9594	0.0934529	-0.226	0.226
  9595	0.0795875	-0.226	0.226
  9596	0.0563889	-0.226	0.226
  9597	0.107089	-0.226	0.226
  9598	0.112134	-0.226	0.226
  9599	0.0896785	-0.226	0.226
  9600	0.0873036	-0.226	0.226
  9601	0.0712604	-0.226	0.226
  9602	0.101157	-0.226	0.226
  9603	0.0440284	-0.226	0.226
  9604	0.0714846	-0.226	0.226
  9605	0.0895439	-0.226	0.226
  9606	0.0831624	-0.226	0.226
  9607	0.0985711	-0.226	0.226
  9608	0.0934651	-0.226	0.226
  9609	0.106023	-0.226	0.226
  9610	0.107399	-0.226	0.226
  9611	0.091107	-0.226	0.226
  9612	0.0673887	-0.226	0.226
  9613	0.0673872	-0.226	0.226
  9614	0.0984934	-0.226	0.226
  9615	0.114734	-0.226	0.226
  9616	0.0926309	-0.226	0.226
  9617	0.0639623	-0.226	0.226
  9618	0.0995921	-0.226	0.226
  9619	0.107597	-0.226	0.226
  9620	0.116475	-0.226	0.226
  9621	0.0825244	-0.226	0.226
  9622	0.10405	-0.226	0.226
  9623	0.114775	-0.226	0.226
  9624	0.108906	-0.226	0.226
  9625	0.096313	-0.226	0.226
  9626	0.102849	-0.226	0.226
  9627	0.0899489	-0.226	0.226
  9628	0.090416	-0.226	0.226
  9629	0.0833679	-0.226	0.226
  9630	0.0989713	-0.226	0.226
  9631	0.110686	-0.226	0.226
  9632	0.111369	-0.226	0.226
  9633	0.093718	-0.226	0.226
  9634	0.108672	-0.226	0.226
  9635	0.114149	-0.226	0.226
  9636	0.097897	-0.226	0.226
  9637	0.0911364	-0.226	0.226
  9638	0.0776161	-0.226	0.226
  9639	0.114828	-0.226	0.226
  9640	0.078273	-0.226	0.226
  9641	0.0908067	-0.226	0.226
  9642	0.0866488	-0.226	0.226
  9643	0.106498	-0.226	0.226
  9644	0.114691	-0.226	0.226
  9645	0.063607	-0.226	0.226
  9646	0.0672691	-0.226	0.226
  9647	0.0709075	-0.226	0.226
  9648	0.113515	-0.226	0.226
  9649	0.0805899	-0.226	0.226
  9650	0.0945911	-0.226	0.226
  9651	0.0844376	-0.226	0.226
  9652	0.111532	-0.226	0.226
  9653	0.0716251	-0.226	0.226
  9654	0.0645232	-0.226	0.226
  9655	0.107036	-0.226	0.226
  9656	0.0880239	-0.226	0.226
  9657	0.0829936	-0.226	0.226
  9658	0.103069	-0.226	0.226
  9659	0.112993	-0.226	0.226
  9660	0.103077	-0.226	0.226
  9661	0.101225	-0.226	0.226
  9662	0.101733	-0.226	0.226
  9663	0.111158	-0.226	0.226
  9664	0.0566725	-0.226	0.226
  9665	0.113919	-0.226	0.226
  9666	0.107537	-0.226	0.226
  9667	0.113895	-0.226	0.226
  9668	0.109052	-0.226	0.226
  9669	0.0690572	-0.226	0.226
  9670	0.0997055	-0.226	0.226
  9671	0.0973527	-0.226	0.226
  9672	0.0630956	-0.226	0.226
  9673	0.10269	-0.226	0.226
  9674	0.0944836	-0.226	0.226
  9675	0.0830891	-0.226	0.226
  9676	0.0948869	-0.226	0.226
  9677	0.115371	-0.226	0.226
  9678	0.09331	-0.226	0.226
  9679	0.1082	-0.226	0.226
  9680	0.0911267	-0.226	0.226
  9681	0.088018	-0.226	0.226
  9682	0.114172	-0.226	0.226
  9683	0.0770527	-0.226	0.226
  9684	0.0832419	-0.226	0.226
  9685	0.0603448	-0.226	0.226
  9686	0.0775458	-0.226	0.226
  9687	0.0774882	-0.226	0.226
  9688	0.0901946	-0.226	0.226
  9689	0.0774406	-0.226	0.226
  9690	0.107313	-0.226	0.226
  9691	0.114418	-0.226	0.226
  9692	0.101445	-0.226	0.226
  9693	0.111198	-0.226	0.226
  9694	0.11569	-0.226	0.226
  9695	0.0678812	-0.226	0.226
  9696	0.111626	-0.226	0.226
  9697	0.113196	-0.226	0.226
  9698	0.111141	-0.226	0.226
  9699	0.109984	-0.226	0.226
  9700	0.0895319	-0.226	0.226
  9701	0.112376	-0.226	0.226
  9702	0.0937923	-0.226	0.226
  9703	0.081109	-0.226	0.226
  9704	0.0826341	-0.226	0.226
  9705	0.107733	-0.226	0.226
  9706	0.100019	-0.226	0.226
  9707	0.0681778	-0.226	0.226
  9708	0.0862214	-0.226	0.226
  9709	0.0824597	-0.226	0.226
  9710	0.103951	-0.226	0.226
  9711	0.109702	-0.226	0.226
  9712	0.0895994	-0.226	0.226
  9713	0.106413	-0.226	0.226
  9714	0.0791283	-0.226	0.226
  9715	0.108021	-0.226	0.226
  9716	0.107559	-0.226	0.226
  9717	0.111672	-0.226	0.226
  9718	0.096141	-0.226	0.226
  9719	0.0867344	-0.226	0.226
  9720	0.101855	-0.226	0.226
  9721	0.0758607	-0.226	0.226
  9722	0.0878681	-0.226	0.226
  9723	0.0884548	-0.226	0.226
  9724	0.105823	-0.226	0.226
  9725	0.116727	-0.226	0.226
  9726	0.0995395	-0.226	0.226
  9727	0.105907	-0.226	0.226
  9728	0.108856	-0.226	0.226
  9729	0.112451	-0.226	0.226
  9730	0.105647	-0.226	0.226
  9731	0.0900079	-0.226	0.226
  9732	0.0980255	-0.226	0.226
  9733	0.10998	-0.226	0.226
  9734	0.100302	-0.226	0.226
  9735	0.113021	-0.226	0.226
  9736	0.107685	-0.226	0.226
  9737	0.113016	-0.226	0.226
  9738	0.100132	-0.226	0.226
  9739	0.109861	-0.226	0.226
  9740	0.0630517	-0.226	0.226
  9741	0.111682	-0.226	0.226
  9742	0.107726	-0.226	0.226
  9743	0.0831985	-0.226	0.226
  9744	0.0430757	-0.226	0.226
  9745	0.106143	-0.226	0.226
  9746	0.08484	-0.226	0.226
  9747	0.104622	-0.226	0.226
  9748	0.104642	-0.226	0.226
  9749	0.102406	-0.226	0.226
  9750	0.108043	-0.226	0.226
  9751	0.103165	-0.226	0.226
  9752	0.0990948	-0.226	0.226
  9753	0.0934039	-0.226	0.226
  9754	0.0425611	-0.226	0.226
  9755	0.103077	-0.226	0.226
  9756	0.111659	-0.226	0.226
  9757	0.104255	-0.226	0.226
  9758	0.0950241	-0.226	0.226
  9759	0.0921063	-0.226	0.226
  9760	0.0854056	-0.226	0.226
  9761	0.0991565	-0.226	0.226
  9762	0.0916444	-0.226	0.226
  9763	0.0928875	-0.226	0.226
  9764	0.097043	-0.226	0.226
  9765	0.0966042	-0.226	0.226
  9766	0.101976	-0.226	0.226
  9767	0.113892	-0.226	0.226
  9768	0.115936	-0.226	0.226
  9769	0.0880074	-0.226	0.226
  9770	0.0918603	-0.226	0.226
  9771	0.087298	-0.226	0.226
  9772	0.0761052	-0.226	0.226
  9773	0.103156	-0.226	0.226
  9774	0.081169	-0.226	0.226
  9775	0.0874879	-0.226	0.226
  9776	0.112321	-0.226	0.226
  9777	0.113357	-0.226	0.226
  9778	0.102101	-0.226	0.226
  9779	0.105947	-0.226	0.226
  9780	0.072496	-0.226	0.226
  9781	0.0796601	-0.226	0.226
  9782	0.108407	-0.226	0.226
  9783	0.0819791	-0.226	0.226
  9784	0.0813348	-0.226	0.226
  9785	0.0977102	-0.226	0.226
  9786	0.0943597	-0.226	0.226
  9787	0.114494	-0.226	0.226
  9788	0.110913	-0.226	0.226
  9789	0.106148	-0.226	0.226
  9790	0.0887796	-0.226	0.226
  9791	0.102715	-0.226	0.226
  9792	0.114409	-0.226	0.226
  9793	0.0620313	-0.226	0.226
  9794	0.0915418	-0.226	0.226
  9795	0.101326	-0.226	0.226
  9796	0.108743	-0.226	0.226
  9797	0.0927992	-0.226	0.226
  9798	0.110802	-0.226	0.226
  9799	0.106178	-0.226	0.226
  9800	0.079078	-0.226	0.226
  9801	0.0680635	-0.226	0.226
  9802	0.0815632	-0.226	0.226
  9803	0.0867015	-0.226	0.226
  9804	0.0955097	-0.226	0.226
  9805	0.110434	-0.226	0.226
  9806	0.101287	-0.226	0.226
  9807	0.0987432	-0.226	0.226
  9808	0.101995	-0.226	0.226
  9809	0.111518	-0.226	0.226
  9810	0.100406	-0.226	0.226
  9811	0.106057	-0.226	0.226
  9812	0.109031	-0.226	0.226
  9813	0.0807535	-0.226	0.226
  9814	0.0916194	-0.226	0.226
  9815	0.108206	-0.226	0.226
  9816	0.0941657	-0.226	0.226
  9817	0.0931022	-0.226	0.226
  9818	0.0897114	-0.226	0.226
  9819	0.102047	-0.226	0.226
  9820	0.104331	-0.226	0.226
  9821	0.0643572	-0.226	0.226
  9822	0.109317	-0.226	0.226
  9823	0.0848719	-0.226	0.226
  9824	0.0934166	-0.226	0.226
  9825	0.115599	-0.226	0.226
  9826	0.0865882	-0.226	0.226
  9827	0.0687223	-0.226	0.226
  9828	0.109653	-0.226	0.226
  9829	0.0902323	-0.226	0.226
  9830	0.114012	-0.226	0.226
  9831	0.105575	-0.226	0.226
  9832	0.0543372	-0.226	0.226
  9833	0.0923189	-0.226	0.226
  9834	0.02918	-0.226	0.226
  9835	0.0951583	-0.226	0.226
  9836	0.095768	-0.226	0.226
  9837	0.0922111	-0.226	0.226
  9838	0.108564	-0.226	0.226
  9839	0.103079	-0.226	0.226
  9840	0.0999292	-0.226	0.226
  9841	0.0619171	-0.226	0.226
  9842	0.113319	-0.226	0.226
  9843	0.0977031	-0.226	0.226
  9844	0.0603896	-0.226	0.226
  9845	0.0645456	-0.226	0.226
  9846	0.0561296	-0.226	0.226
  9847	0.0976288	-0.226	0.226
  9848	0.0387039	-0.226	0.226
  9849	0.104426	-0.226	0.226
  9850	0.0890047	-0.226	0.226
  9851	0.111709	-0.226	0.226
  9852	0.102813	-0.226	0.226
  9853	0.095413	-0.226	0.226
  9854	0.0900057	-0.226	0.226
  9855	0.074947	-0.226	0.226
  9856	0.111178	-0.226	0.226
  9857	0.0597819	-0.226	0.226
  9858	0.080286	-0.226	0.226
  9859	0.0935779	-0.226	0.226
  9860	0.0972663	-0.226	0.226
  9861	0.0651345	-0.226	0.226
  9862	0.0567281	-0.226	0.226
  9863	0.0983368	-0.226	0.226
  9864	0.108128	-0.226	0.226
  9865	0.0742138	-0.226	0.226
  9866	0.0835183	-0.226	0.226
  9867	0.105364	-0.226	0.226
  9868	0.0746407	-0.226	0.226
  9869	0.110143	-0.226	0.226
  9870	0.0881476	-0.226	0.226
  9871	0.0805209	-0.226	0.226
  9872	0.114243	-0.226	0.226
  9873	0.112042	-0.226	0.226
  9874	0.111416	-0.226	0.226
  9875	0.111329	-0.226	0.226
  9876	0.0860348	-0.226	0.226
  9877	0.0987273	-0.226	0.226
  9878	0.049477	-0.226	0.226
  9879	0.092203	-0.226	0.226
  9880	0.0924486	-0.226	0.226
  9881	0.0638102	-0.226	0.226
  9882	0.101896	-0.226	0.226
  9883	0.089289	-0.226	0.226
  9884	0.115439	-0.226	0.226
  9885	0.0758079	-0.226	0.226
  9886	0.10422	-0.226	0.226
  9887	0.114875	-0.226	0.226
  9888	0.0869503	-0.226	0.226
  9889	0.0943722	-0.226	0.226
  9890	0.103478	-0.226	0.226
  9891	0.0862159	-0.226	0.226
  9892	0.0371952	-0.226	0.226
  9893	0.101421	-0.226	0.226
  9894	0.0666041	-0.226	0.226
  9895	0.0937421	-0.226	0.226
  9896	0.0957107	-0.226	0.226
  9897	0.102135	-0.226	0.226
  9898	0.103623	-0.226	0.226
  9899	0.108518	-0.226	0.226
  9900	0.11131	-0.226	0.226
  9901	0.101414	-0.226	0.226
  9902	0.112014	-0.226	0.226
  9903	0.115364	-0.226	0.226
  9904	0.0845521	-0.226	0.226
  9905	0.0925173	-0.226	0.226
  9906	0.102532	-0.226	0.226
  9907	0.105783	-0.226	0.226
  9908	0.110111	-0.226	0.226
  9909	0.0832681	-0.226	0.226
  9910	0.112627	-0.226	0.226
  9911	0.0901535	-0.226	0.226
  9912	0.0989522	-0.226	0.226
  9913	0.084216	-0.226	0.226
  9914	0.109159	-0.226	0.226
  9915	0.0983079	-0.226	0.226
  9916	0.100785	-0.226	0.226
  9917	0.109057	-0.226	0.226
  9918	0.110431	-0.226	0.226
  9919	0.100304	-0.226	0.226
  9920	0.103186	-0.226	0.226
  9921	0.0881778	-0.226	0.226
  9922	0.103296	-0.226	0.226
  9923	0.0819455	-0.226	0.226
  9924	0.0883023	-0.226	0.226
  9925	0.0778894	-0.226	0.226
  9926	0.115935	-0.226	0.226
  9927	0.0920838	-0.226	0.226
  9928	0.101528	-0.226	0.226
  9929	0.0842497	-0.226	0.226
  9930	0.110022	-0.226	0.226
  9931	0.103086	-0.226	0.226
  9932	0.0881569	-0.226	0.226
  9933	0.0829931	-0.226	0.226
  9934	0.106426	-0.226	0.226
  9935	0.067059	-0.226	0.226
  9936	0.0688333	-0.226	0.226
  9937	0.110727	-0.226	0.226
  9938	0.100678	-0.226	0.226
  9939	0.104511	-0.226	0.226
  9940	0.105145	-0.226	0.226
  9941	0.0529348	-0.226	0.226
  9942	0.0718628	-0.226	0.226
  9943	0.0674749	-0.226	0.226
  9944	0.105409	-0.226	0.226
  9945	0.0981139	-0.226	0.226
  9946	0.100238	-0.226	0.226
  9947	0.0895308	-0.226	0.226
  9948	0.0616418	-0.226	0.226
  9949	0.0977493	-0.226	0.226
  9950	0.106193	-0.226	0.226
  9951	0.0851061	-0.226	0.226
  9952	0.0995511	-0.226	0.226
  9953	0.100692	-0.226	0.226
  9954	0.081471	-0.226	0.226
  9955	0.0925672	-0.226	0.226
  9956	0.0632387	-0.226	0.226
  9957	0.114978	-0.226	0.226
  9958	0.101829	-0.226	0.226
  9959	0.095962	-0.226	0.226
  9960	0.109218	-0.226	0.226
  9961	0.101277	-0.226	0.226
  9962	0.0868707	-0.226	0.226
  9963	0.0942443	-0.226	0.226
  9964	0.113559	-0.226	0.226
  9965	0.111251	-0.226	0.226
  9966	0.104059	-0.226	0.226
  9967	0.100896	-0.226	0.226
  9968	0.0983776	-0.226	0.226
  9969	0.0832404	-0.226	0.226
  9970	0.0944094	-0.226	0.226
  9971	0.109058	-0.226	0.226
  9972	0.0877517	-0.226	0.226
  9973	0.0856279	-0.226	0.226
  9974	0.0812325	-0.226	0.226
  9975	0.10829	-0.226	0.226
  9976	0.0998794	-0.226	0.226
  9977	0.0740321	-0.226	0.226
  9978	0.112822	-0.226	0.226
  9979	0.0828475	-0.226	0.226
  9980	0.100636	-0.226	0.226
  9981	0.0471756	-0.226	0.226
  9982	0.0536639	-0.226	0.226
  9983	0.100503	-0.226	0.226
  9984	0.114348	-0.226	0.226
  9985	0.109248	-0.226	0.226
  9986	0.109878	-0.226	0.226
  9987	0.107783	-0.226	0.226
  9988	0.0747289	-0.226	0.226
  9989	0.102029	-0.226	0.226
  9990	0.0803676	-0.226	0.226
  9991	0.0832679	-0.226	0.226
  9992	0.112945	-0.226	0.226
  9993	0.102612	-0.226	0.226
  9994	0.0861589	-0.226	0.226
  9995	0.0695929	-0.226	0.226
  9996	0.0875324	-0.226	0.226
  9997	0.108481	-0.226	0.226
  9998	0.102571	-0.226	0.226
  9999	0.0938148	-0.226	0.226
 10000	0.0639198	-0.226	0.226

Measurement: SNMMIN
  step	MIN(0.707*V(v1)-0.707*V(v2))	FROM	TO
     1	-0.109405	-0.226	0.226
     2	-0.109845	-0.226	0.226
     3	-0.103456	-0.226	0.226
     4	-0.102326	-0.226	0.226
     5	-0.0930766	-0.226	0.226
     6	-0.100381	-0.226	0.226
     7	-0.0722683	-0.226	0.226
     8	-0.0986664	-0.226	0.226
     9	-0.094378	-0.226	0.226
    10	-0.0739955	-0.226	0.226
    11	-0.099299	-0.226	0.226
    12	-0.0966273	-0.226	0.226
    13	-0.0885283	-0.226	0.226
    14	-0.109953	-0.226	0.226
    15	-0.0737428	-0.226	0.226
    16	-0.106277	-0.226	0.226
    17	-0.0457271	-0.226	0.226
    18	-0.0480334	-0.226	0.226
    19	-0.114569	-0.226	0.226
    20	-0.0651981	-0.226	0.226
    21	-0.0852603	-0.226	0.226
    22	-0.0616056	-0.226	0.226
    23	-0.0839861	-0.226	0.226
    24	-0.0752264	-0.226	0.226
    25	-0.0626777	-0.226	0.226
    26	-0.102807	-0.226	0.226
    27	-0.10307	-0.226	0.226
    28	-0.0845023	-0.226	0.226
    29	-0.0654687	-0.226	0.226
    30	-0.0728814	-0.226	0.226
    31	-0.111565	-0.226	0.226
    32	-0.109748	-0.226	0.226
    33	-0.0714949	-0.226	0.226
    34	-0.0698382	-0.226	0.226
    35	-0.104226	-0.226	0.226
    36	-0.109443	-0.226	0.226
    37	-0.109311	-0.226	0.226
    38	-0.0984399	-0.226	0.226
    39	-0.0919042	-0.226	0.226
    40	-0.0944041	-0.226	0.226
    41	-0.0783629	-0.226	0.226
    42	-0.0770811	-0.226	0.226
    43	-0.0733535	-0.226	0.226
    44	-0.101072	-0.226	0.226
    45	-0.097643	-0.226	0.226
    46	-0.105055	-0.226	0.226
    47	-0.112581	-0.226	0.226
    48	-0.0947586	-0.226	0.226
    49	-0.10513	-0.226	0.226
    50	-0.106666	-0.226	0.226
    51	-0.111702	-0.226	0.226
    52	-0.0938651	-0.226	0.226
    53	-0.0496413	-0.226	0.226
    54	-0.0868986	-0.226	0.226
    55	-0.0852942	-0.226	0.226
    56	-0.0896491	-0.226	0.226
    57	-0.0901086	-0.226	0.226
    58	-0.101402	-0.226	0.226
    59	-0.0297578	-0.226	0.226
    60	-0.107812	-0.226	0.226
    61	-0.0650685	-0.226	0.226
    62	-0.102811	-0.226	0.226
    63	-0.102514	-0.226	0.226
    64	-0.107599	-0.226	0.226
    65	-0.0869945	-0.226	0.226
    66	-0.0579004	-0.226	0.226
    67	-0.0521473	-0.226	0.226
    68	-0.045469	-0.226	0.226
    69	-0.0799143	-0.226	0.226
    70	-0.11499	-0.226	0.226
    71	-0.0929676	-0.226	0.226
    72	-0.108466	-0.226	0.226
    73	-0.105034	-0.226	0.226
    74	-0.10166	-0.226	0.226
    75	-0.112195	-0.226	0.226
    76	-0.11483	-0.226	0.226
    77	-0.116152	-0.226	0.226
    78	-0.111197	-0.226	0.226
    79	-0.103625	-0.226	0.226
    80	-0.0673474	-0.226	0.226
    81	-0.0879623	-0.226	0.226
    82	-0.0965628	-0.226	0.226
    83	-0.11231	-0.226	0.226
    84	-0.0961188	-0.226	0.226
    85	-0.0372971	-0.226	0.226
    86	-0.087457	-0.226	0.226
    87	-0.100501	-0.226	0.226
    88	-0.0575336	-0.226	0.226
    89	-0.0813709	-0.226	0.226
    90	-0.100345	-0.226	0.226
    91	-0.108991	-0.226	0.226
    92	-0.104073	-0.226	0.226
    93	-0.0908368	-0.226	0.226
    94	-0.115209	-0.226	0.226
    95	-0.100563	-0.226	0.226
    96	-0.107531	-0.226	0.226
    97	-0.0955112	-0.226	0.226
    98	-0.115442	-0.226	0.226
    99	-0.112381	-0.226	0.226
   100	-0.099347	-0.226	0.226
   101	-0.104426	-0.226	0.226
   102	-0.111561	-0.226	0.226
   103	-0.100328	-0.226	0.226
   104	-0.0924954	-0.226	0.226
   105	-0.0377083	-0.226	0.226
   106	-0.0792113	-0.226	0.226
   107	-0.0936341	-0.226	0.226
   108	-0.102559	-0.226	0.226
   109	-0.0954211	-0.226	0.226
   110	-0.108197	-0.226	0.226
   111	-0.11345	-0.226	0.226
   112	-0.098307	-0.226	0.226
   113	-0.105976	-0.226	0.226
   114	-0.105401	-0.226	0.226
   115	-0.100746	-0.226	0.226
   116	-0.0835219	-0.226	0.226
   117	-0.115511	-0.226	0.226
   118	-0.0804606	-0.226	0.226
   119	-0.102281	-0.226	0.226
   120	-0.111398	-0.226	0.226
   121	-0.0835251	-0.226	0.226
   122	-0.115202	-0.226	0.226
   123	-0.105256	-0.226	0.226
   124	-0.0895905	-0.226	0.226
   125	-0.108149	-0.226	0.226
   126	-0.0746623	-0.226	0.226
   127	-0.0957915	-0.226	0.226
   128	-0.100338	-0.226	0.226
   129	-0.109463	-0.226	0.226
   130	-0.0848155	-0.226	0.226
   131	-0.0771062	-0.226	0.226
   132	-0.102032	-0.226	0.226
   133	-0.102236	-0.226	0.226
   134	-0.10805	-0.226	0.226
   135	-0.0822347	-0.226	0.226
   136	-0.0990566	-0.226	0.226
   137	-0.0567766	-0.226	0.226
   138	-0.0669141	-0.226	0.226
   139	-0.108208	-0.226	0.226
   140	-0.0614282	-0.226	0.226
   141	-0.0809131	-0.226	0.226
   142	-0.114131	-0.226	0.226
   143	-0.112262	-0.226	0.226
   144	-0.114873	-0.226	0.226
   145	-0.115065	-0.226	0.226
   146	-0.0946659	-0.226	0.226
   147	-0.0927037	-0.226	0.226
   148	-0.0598747	-0.226	0.226
   149	-0.113063	-0.226	0.226
   150	-0.107038	-0.226	0.226
   151	-0.10781	-0.226	0.226
   152	-0.110536	-0.226	0.226
   153	-0.0963133	-0.226	0.226
   154	-0.0835287	-0.226	0.226
   155	-0.0806419	-0.226	0.226
   156	-0.103563	-0.226	0.226
   157	-0.100121	-0.226	0.226
   158	-0.0909264	-0.226	0.226
   159	-0.104446	-0.226	0.226
   160	-0.110894	-0.226	0.226
   161	-0.0750762	-0.226	0.226
   162	-0.111412	-0.226	0.226
   163	-0.10755	-0.226	0.226
   164	-0.102831	-0.226	0.226
   165	-0.0587862	-0.226	0.226
   166	-0.113216	-0.226	0.226
   167	-0.103918	-0.226	0.226
   168	-0.0962683	-0.226	0.226
   169	-0.105454	-0.226	0.226
   170	-0.110621	-0.226	0.226
   171	-0.0980257	-0.226	0.226
   172	-0.0907395	-0.226	0.226
   173	-0.0870126	-0.226	0.226
   174	-0.112333	-0.226	0.226
   175	-0.0517978	-0.226	0.226
   176	-0.0740416	-0.226	0.226
   177	-0.0717034	-0.226	0.226
   178	-0.0950169	-0.226	0.226
   179	-0.067069	-0.226	0.226
   180	-0.0879938	-0.226	0.226
   181	-0.0826709	-0.226	0.226
   182	-0.101833	-0.226	0.226
   183	-0.109677	-0.226	0.226
   184	-0.110831	-0.226	0.226
   185	-0.0601814	-0.226	0.226
   186	-0.0952552	-0.226	0.226
   187	-0.0695035	-0.226	0.226
   188	-0.0973364	-0.226	0.226
   189	-0.114605	-0.226	0.226
   190	-0.0713285	-0.226	0.226
   191	-0.116179	-0.226	0.226
   192	-0.10467	-0.226	0.226
   193	-0.0857373	-0.226	0.226
   194	-0.0783374	-0.226	0.226
   195	-0.111015	-0.226	0.226
   196	-0.0735043	-0.226	0.226
   197	-0.115408	-0.226	0.226
   198	-0.111027	-0.226	0.226
   199	-0.0772106	-0.226	0.226
   200	-0.0927722	-0.226	0.226
   201	-0.0869257	-0.226	0.226
   202	-0.0781056	-0.226	0.226
   203	-0.107354	-0.226	0.226
   204	-0.103639	-0.226	0.226
   205	-0.105887	-0.226	0.226
   206	-0.10884	-0.226	0.226
   207	-0.094301	-0.226	0.226
   208	-0.0691308	-0.226	0.226
   209	-0.0740455	-0.226	0.226
   210	-0.0765741	-0.226	0.226
   211	-0.0900921	-0.226	0.226
   212	-0.0926964	-0.226	0.226
   213	-0.0852782	-0.226	0.226
   214	-0.0809379	-0.226	0.226
   215	-0.111579	-0.226	0.226
   216	-0.0962357	-0.226	0.226
   217	-0.0922532	-0.226	0.226
   218	-0.0954795	-0.226	0.226
   219	-0.0652293	-0.226	0.226
   220	-0.0928219	-0.226	0.226
   221	-0.111918	-0.226	0.226
   222	-0.110736	-0.226	0.226
   223	-0.115253	-0.226	0.226
   224	-0.106806	-0.226	0.226
   225	-0.112159	-0.226	0.226
   226	-0.0601947	-0.226	0.226
   227	-0.0874705	-0.226	0.226
   228	-0.0927794	-0.226	0.226
   229	-0.0807949	-0.226	0.226
   230	-0.0801238	-0.226	0.226
   231	-0.113933	-0.226	0.226
   232	-0.115048	-0.226	0.226
   233	-0.107947	-0.226	0.226
   234	-0.105705	-0.226	0.226
   235	-0.098045	-0.226	0.226
   236	-0.0896482	-0.226	0.226
   237	-0.10838	-0.226	0.226
   238	-0.0635315	-0.226	0.226
   239	-0.0970317	-0.226	0.226
   240	-0.079035	-0.226	0.226
   241	-0.0959547	-0.226	0.226
   242	-0.0768309	-0.226	0.226
   243	-0.109935	-0.226	0.226
   244	-0.059394	-0.226	0.226
   245	-0.0902144	-0.226	0.226
   246	-0.0816475	-0.226	0.226
   247	-0.0813998	-0.226	0.226
   248	-0.11427	-0.226	0.226
   249	-0.113743	-0.226	0.226
   250	-0.104071	-0.226	0.226
   251	-0.0970325	-0.226	0.226
   252	-0.0571449	-0.226	0.226
   253	-0.0604411	-0.226	0.226
   254	-0.052143	-0.226	0.226
   255	-0.116269	-0.226	0.226
   256	-0.0686768	-0.226	0.226
   257	-0.113598	-0.226	0.226
   258	-0.0871012	-0.226	0.226
   259	-0.0956749	-0.226	0.226
   260	-0.0639205	-0.226	0.226
   261	-0.0932013	-0.226	0.226
   262	-0.0875045	-0.226	0.226
   263	-0.11125	-0.226	0.226
   264	-0.0999653	-0.226	0.226
   265	-0.0892358	-0.226	0.226
   266	-0.0918766	-0.226	0.226
   267	-0.104542	-0.226	0.226
   268	-0.0974327	-0.226	0.226
   269	-0.0901028	-0.226	0.226
   270	-0.0976067	-0.226	0.226
   271	-0.0794435	-0.226	0.226
   272	-0.0924169	-0.226	0.226
   273	-0.0850235	-0.226	0.226
   274	-0.0989385	-0.226	0.226
   275	-0.114829	-0.226	0.226
   276	-0.115691	-0.226	0.226
   277	-0.115011	-0.226	0.226
   278	-0.0942605	-0.226	0.226
   279	-0.11315	-0.226	0.226
   280	-0.102276	-0.226	0.226
   281	-0.0996883	-0.226	0.226
   282	-0.114518	-0.226	0.226
   283	-0.0563847	-0.226	0.226
   284	-0.114367	-0.226	0.226
   285	-0.0928776	-0.226	0.226
   286	-0.0957822	-0.226	0.226
   287	-0.107659	-0.226	0.226
   288	-0.0788153	-0.226	0.226
   289	-0.105003	-0.226	0.226
   290	-0.103835	-0.226	0.226
   291	-0.0686598	-0.226	0.226
   292	-0.107322	-0.226	0.226
   293	-0.113096	-0.226	0.226
   294	-0.112466	-0.226	0.226
   295	-0.0783176	-0.226	0.226
   296	-0.107745	-0.226	0.226
   297	-0.0881495	-0.226	0.226
   298	-0.0966287	-0.226	0.226
   299	-0.100494	-0.226	0.226
   300	-0.0910319	-0.226	0.226
   301	-0.11224	-0.226	0.226
   302	-0.0952209	-0.226	0.226
   303	-0.0986798	-0.226	0.226
   304	-0.0913842	-0.226	0.226
   305	-0.0989269	-0.226	0.226
   306	-0.115508	-0.226	0.226
   307	-0.115958	-0.226	0.226
   308	-0.102339	-0.226	0.226
   309	-0.110804	-0.226	0.226
   310	-0.10199	-0.226	0.226
   311	-0.0899401	-0.226	0.226
   312	-0.0925554	-0.226	0.226
   313	-0.105466	-0.226	0.226
   314	-0.109394	-0.226	0.226
   315	-0.0960787	-0.226	0.226
   316	-0.106979	-0.226	0.226
   317	-0.0810586	-0.226	0.226
   318	-0.0847229	-0.226	0.226
   319	-0.114187	-0.226	0.226
   320	-0.0826274	-0.226	0.226
   321	-0.10479	-0.226	0.226
   322	-0.0979144	-0.226	0.226
   323	-0.0910625	-0.226	0.226
   324	-0.0960367	-0.226	0.226
   325	-0.0662527	-0.226	0.226
   326	-0.0790971	-0.226	0.226
   327	-0.0885345	-0.226	0.226
   328	-0.0797132	-0.226	0.226
   329	-0.111118	-0.226	0.226
   330	-0.096449	-0.226	0.226
   331	-0.0606666	-0.226	0.226
   332	-0.0961179	-0.226	0.226
   333	-0.100524	-0.226	0.226
   334	-0.108565	-0.226	0.226
   335	-0.0672125	-0.226	0.226
   336	-0.101058	-0.226	0.226
   337	-0.107356	-0.226	0.226
   338	-0.0933579	-0.226	0.226
   339	-0.111513	-0.226	0.226
   340	-0.0996876	-0.226	0.226
   341	-0.0983933	-0.226	0.226
   342	-0.0842208	-0.226	0.226
   343	-0.107662	-0.226	0.226
   344	-0.072352	-0.226	0.226
   345	-0.110828	-0.226	0.226
   346	-0.0800532	-0.226	0.226
   347	-0.0692054	-0.226	0.226
   348	-0.0683638	-0.226	0.226
   349	-0.113845	-0.226	0.226
   350	-0.0846197	-0.226	0.226
   351	-0.0614018	-0.226	0.226
   352	-0.0969449	-0.226	0.226
   353	-0.0894202	-0.226	0.226
   354	-0.0740549	-0.226	0.226
   355	-0.0917784	-0.226	0.226
   356	-0.112105	-0.226	0.226
   357	-0.063199	-0.226	0.226
   358	-0.0822708	-0.226	0.226
   359	-0.109748	-0.226	0.226
   360	-0.109756	-0.226	0.226
   361	-0.103305	-0.226	0.226
   362	-0.0519063	-0.226	0.226
   363	-0.0735788	-0.226	0.226
   364	-0.0891013	-0.226	0.226
   365	-0.114174	-0.226	0.226
   366	-0.110971	-0.226	0.226
   367	-0.0721785	-0.226	0.226
   368	-0.0792653	-0.226	0.226
   369	-0.099205	-0.226	0.226
   370	-0.0963324	-0.226	0.226
   371	-0.103386	-0.226	0.226
   372	-0.103449	-0.226	0.226
   373	-0.107292	-0.226	0.226
   374	-0.0612383	-0.226	0.226
   375	-0.108931	-0.226	0.226
   376	-0.0862657	-0.226	0.226
   377	-0.0780158	-0.226	0.226
   378	-0.0678819	-0.226	0.226
   379	-0.0647663	-0.226	0.226
   380	-0.103532	-0.226	0.226
   381	-0.111585	-0.226	0.226
   382	-0.095559	-0.226	0.226
   383	-0.0990679	-0.226	0.226
   384	-0.0865259	-0.226	0.226
   385	-0.0870358	-0.226	0.226
   386	-0.103744	-0.226	0.226
   387	-0.0694353	-0.226	0.226
   388	-0.084997	-0.226	0.226
   389	-0.0784541	-0.226	0.226
   390	-0.11256	-0.226	0.226
   391	-0.112265	-0.226	0.226
   392	-0.0823653	-0.226	0.226
   393	-0.115445	-0.226	0.226
   394	-0.0975014	-0.226	0.226
   395	-0.0967882	-0.226	0.226
   396	-0.0796185	-0.226	0.226
   397	-0.115457	-0.226	0.226
   398	-0.0925622	-0.226	0.226
   399	-0.114614	-0.226	0.226
   400	-0.0301133	-0.226	0.226
   401	-0.0990034	-0.226	0.226
   402	-0.101499	-0.226	0.226
   403	-0.0903131	-0.226	0.226
   404	-0.0863216	-0.226	0.226
   405	-0.112444	-0.226	0.226
   406	-0.0776962	-0.226	0.226
   407	-0.0958643	-0.226	0.226
   408	-0.09889	-0.226	0.226
   409	-0.0779176	-0.226	0.226
   410	-0.112265	-0.226	0.226
   411	-0.0985023	-0.226	0.226
   412	-0.0956722	-0.226	0.226
   413	-0.105397	-0.226	0.226
   414	-0.0931731	-0.226	0.226
   415	-0.105216	-0.226	0.226
   416	-0.104285	-0.226	0.226
   417	-0.116051	-0.226	0.226
   418	-0.111342	-0.226	0.226
   419	-0.058098	-0.226	0.226
   420	-0.0800595	-0.226	0.226
   421	-0.10484	-0.226	0.226
   422	-0.115868	-0.226	0.226
   423	-0.0681394	-0.226	0.226
   424	-0.0961661	-0.226	0.226
   425	-0.098654	-0.226	0.226
   426	-0.0897628	-0.226	0.226
   427	-0.0504943	-0.226	0.226
   428	-0.0873465	-0.226	0.226
   429	-0.0984842	-0.226	0.226
   430	-0.107423	-0.226	0.226
   431	-0.0650788	-0.226	0.226
   432	-0.0823534	-0.226	0.226
   433	-0.114123	-0.226	0.226
   434	-0.0912922	-0.226	0.226
   435	-0.0964832	-0.226	0.226
   436	-0.0773998	-0.226	0.226
   437	-0.108839	-0.226	0.226
   438	-0.110373	-0.226	0.226
   439	-0.078965	-0.226	0.226
   440	-0.0932501	-0.226	0.226
   441	-0.115235	-0.226	0.226
   442	-0.0925141	-0.226	0.226
   443	-0.0993202	-0.226	0.226
   444	-0.109144	-0.226	0.226
   445	-0.11265	-0.226	0.226
   446	-0.0887543	-0.226	0.226
   447	-0.11487	-0.226	0.226
   448	-0.107411	-0.226	0.226
   449	-0.0782884	-0.226	0.226
   450	-0.100087	-0.226	0.226
   451	-0.107032	-0.226	0.226
   452	-0.0963413	-0.226	0.226
   453	-0.0893205	-0.226	0.226
   454	-0.0763707	-0.226	0.226
   455	-0.113164	-0.226	0.226
   456	-0.0911446	-0.226	0.226
   457	-0.0733925	-0.226	0.226
   458	-0.0898408	-0.226	0.226
   459	-0.101664	-0.226	0.226
   460	-0.0689224	-0.226	0.226
   461	-0.0895143	-0.226	0.226
   462	-0.110806	-0.226	0.226
   463	-0.104293	-0.226	0.226
   464	-0.115161	-0.226	0.226
   465	-0.0976693	-0.226	0.226
   466	-0.111579	-0.226	0.226
   467	-0.0903252	-0.226	0.226
   468	-0.0924937	-0.226	0.226
   469	-0.0944493	-0.226	0.226
   470	-0.112497	-0.226	0.226
   471	-0.0962713	-0.226	0.226
   472	-0.112088	-0.226	0.226
   473	-0.0866732	-0.226	0.226
   474	-0.115432	-0.226	0.226
   475	-0.113454	-0.226	0.226
   476	-0.0830693	-0.226	0.226
   477	-0.105402	-0.226	0.226
   478	-0.0861329	-0.226	0.226
   479	-0.114096	-0.226	0.226
   480	-0.0725631	-0.226	0.226
   481	-0.107878	-0.226	0.226
   482	-0.10553	-0.226	0.226
   483	-0.0556085	-0.226	0.226
   484	-0.115696	-0.226	0.226
   485	-0.102483	-0.226	0.226
   486	-0.0980636	-0.226	0.226
   487	-0.0876065	-0.226	0.226
   488	-0.0783986	-0.226	0.226
   489	-0.0957237	-0.226	0.226
   490	-0.0846077	-0.226	0.226
   491	-0.10711	-0.226	0.226
   492	-0.111137	-0.226	0.226
   493	-0.0710786	-0.226	0.226
   494	-0.0822539	-0.226	0.226
   495	-0.10423	-0.226	0.226
   496	-0.115011	-0.226	0.226
   497	-0.104544	-0.226	0.226
   498	-0.102356	-0.226	0.226
   499	-0.0938508	-0.226	0.226
   500	-0.113379	-0.226	0.226
   501	-0.0906657	-0.226	0.226
   502	-0.0866864	-0.226	0.226
   503	-0.0997003	-0.226	0.226
   504	-0.116477	-0.226	0.226
   505	-0.097136	-0.226	0.226
   506	-0.0921112	-0.226	0.226
   507	-0.0829382	-0.226	0.226
   508	-0.0907798	-0.226	0.226
   509	-0.113864	-0.226	0.226
   510	-0.0827336	-0.226	0.226
   511	-0.0423966	-0.226	0.226
   512	-0.101118	-0.226	0.226
   513	-0.0734406	-0.226	0.226
   514	-0.11392	-0.226	0.226
   515	-0.0818405	-0.226	0.226
   516	-0.0921534	-0.226	0.226
   517	-0.110814	-0.226	0.226
   518	-0.0811681	-0.226	0.226
   519	-0.071095	-0.226	0.226
   520	-0.0769521	-0.226	0.226
   521	-0.113813	-0.226	0.226
   522	-0.0461752	-0.226	0.226
   523	-0.100168	-0.226	0.226
   524	-0.0960483	-0.226	0.226
   525	-0.0634737	-0.226	0.226
   526	-0.0617337	-0.226	0.226
   527	-0.107977	-0.226	0.226
   528	-0.0935649	-0.226	0.226
   529	-0.111235	-0.226	0.226
   530	-0.104878	-0.226	0.226
   531	-0.0969284	-0.226	0.226
   532	-0.0961198	-0.226	0.226
   533	-0.107799	-0.226	0.226
   534	-0.099984	-0.226	0.226
   535	-0.114743	-0.226	0.226
   536	-0.102543	-0.226	0.226
   537	-0.104644	-0.226	0.226
   538	-0.0844321	-0.226	0.226
   539	-0.0792594	-0.226	0.226
   540	-0.0912272	-0.226	0.226
   541	-0.0532806	-0.226	0.226
   542	-0.112943	-0.226	0.226
   543	-0.0688318	-0.226	0.226
   544	-0.0722183	-0.226	0.226
   545	-0.0984171	-0.226	0.226
   546	-0.0842272	-0.226	0.226
   547	-0.0998439	-0.226	0.226
   548	-0.0401371	-0.226	0.226
   549	-0.112921	-0.226	0.226
   550	-0.115528	-0.226	0.226
   551	-0.107064	-0.226	0.226
   552	-0.0970045	-0.226	0.226
   553	-0.106805	-0.226	0.226
   554	-0.0961428	-0.226	0.226
   555	-0.0571346	-0.226	0.226
   556	-0.0621514	-0.226	0.226
   557	-0.114842	-0.226	0.226
   558	-0.0969742	-0.226	0.226
   559	-0.0832236	-0.226	0.226
   560	-0.107566	-0.226	0.226
   561	-0.0883088	-0.226	0.226
   562	-0.112981	-0.226	0.226
   563	-0.0550286	-0.226	0.226
   564	-0.112757	-0.226	0.226
   565	-0.113477	-0.226	0.226
   566	-0.0709002	-0.226	0.226
   567	-0.115205	-0.226	0.226
   568	-0.0809019	-0.226	0.226
   569	-0.111853	-0.226	0.226
   570	-0.10357	-0.226	0.226
   571	-0.114228	-0.226	0.226
   572	-0.0957352	-0.226	0.226
   573	-0.0658555	-0.226	0.226
   574	-0.113601	-0.226	0.226
   575	-0.109511	-0.226	0.226
   576	-0.0781326	-0.226	0.226
   577	-0.0918458	-0.226	0.226
   578	-0.0880697	-0.226	0.226
   579	-0.110025	-0.226	0.226
   580	-0.0824661	-0.226	0.226
   581	-0.115908	-0.226	0.226
   582	-0.11262	-0.226	0.226
   583	-0.0508205	-0.226	0.226
   584	-0.0999364	-0.226	0.226
   585	-0.0801661	-0.226	0.226
   586	-0.0856712	-0.226	0.226
   587	-0.0982602	-0.226	0.226
   588	-0.06909	-0.226	0.226
   589	-0.0766484	-0.226	0.226
   590	-0.11204	-0.226	0.226
   591	-0.0717144	-0.226	0.226
   592	-0.102266	-0.226	0.226
   593	-0.0559475	-0.226	0.226
   594	-0.115843	-0.226	0.226
   595	-0.114435	-0.226	0.226
   596	-0.115194	-0.226	0.226
   597	-0.0571026	-0.226	0.226
   598	-0.114862	-0.226	0.226
   599	-0.0941443	-0.226	0.226
   600	-0.114758	-0.226	0.226
   601	-0.115724	-0.226	0.226
   602	-0.0889336	-0.226	0.226
   603	-0.115963	-0.226	0.226
   604	-0.083762	-0.226	0.226
   605	-0.102625	-0.226	0.226
   606	-0.0916232	-0.226	0.226
   607	-0.0919796	-0.226	0.226
   608	-0.107123	-0.226	0.226
   609	-0.0795935	-0.226	0.226
   610	-0.108825	-0.226	0.226
   611	-0.113174	-0.226	0.226
   612	-0.0316917	-0.226	0.226
   613	-0.0926294	-0.226	0.226
   614	-0.102288	-0.226	0.226
   615	-0.0898834	-0.226	0.226
   616	-0.0872066	-0.226	0.226
   617	-0.112666	-0.226	0.226
   618	-0.106901	-0.226	0.226
   619	-0.0593405	-0.226	0.226
   620	-0.108614	-0.226	0.226
   621	-0.103745	-0.226	0.226
   622	-0.092379	-0.226	0.226
   623	-0.0788942	-0.226	0.226
   624	-0.0793546	-0.226	0.226
   625	-0.112508	-0.226	0.226
   626	-0.10997	-0.226	0.226
   627	-0.0801553	-0.226	0.226
   628	-0.0828453	-0.226	0.226
   629	-0.0771365	-0.226	0.226
   630	-0.0424457	-0.226	0.226
   631	-0.0835084	-0.226	0.226
   632	-0.0908101	-0.226	0.226
   633	-0.099054	-0.226	0.226
   634	-0.0994254	-0.226	0.226
   635	-0.0358451	-0.226	0.226
   636	-0.10798	-0.226	0.226
   637	-0.0783338	-0.226	0.226
   638	-0.113864	-0.226	0.226
   639	-0.115368	-0.226	0.226
   640	-0.100437	-0.226	0.226
   641	-0.0837199	-0.226	0.226
   642	-0.0874107	-0.226	0.226
   643	-0.0914209	-0.226	0.226
   644	-0.08732	-0.226	0.226
   645	-0.115725	-0.226	0.226
   646	-0.0623354	-0.226	0.226
   647	-0.107018	-0.226	0.226
   648	-0.0842912	-0.226	0.226
   649	-0.0568928	-0.226	0.226
   650	-0.081283	-0.226	0.226
   651	-0.109197	-0.226	0.226
   652	-0.0773815	-0.226	0.226
   653	-0.106123	-0.226	0.226
   654	-0.0920015	-0.226	0.226
   655	-0.0634773	-0.226	0.226
   656	-0.0890724	-0.226	0.226
   657	-0.0982677	-0.226	0.226
   658	-0.0748949	-0.226	0.226
   659	-0.101774	-0.226	0.226
   660	-0.113559	-0.226	0.226
   661	-0.092235	-0.226	0.226
   662	-0.113898	-0.226	0.226
   663	-0.0769756	-0.226	0.226
   664	-0.114098	-0.226	0.226
   665	-0.11004	-0.226	0.226
   666	-0.0535118	-0.226	0.226
   667	-0.0718293	-0.226	0.226
   668	-0.103511	-0.226	0.226
   669	-0.0801662	-0.226	0.226
   670	-0.0772149	-0.226	0.226
   671	-0.0929952	-0.226	0.226
   672	-0.109321	-0.226	0.226
   673	-0.099152	-0.226	0.226
   674	-0.0741761	-0.226	0.226
   675	-0.0921854	-0.226	0.226
   676	-0.114889	-0.226	0.226
   677	-0.0925055	-0.226	0.226
   678	-0.104162	-0.226	0.226
   679	-0.0931072	-0.226	0.226
   680	-0.0895078	-0.226	0.226
   681	-0.101015	-0.226	0.226
   682	-0.113813	-0.226	0.226
   683	-0.107423	-0.226	0.226
   684	-0.1146	-0.226	0.226
   685	-0.0781514	-0.226	0.226
   686	-0.0815759	-0.226	0.226
   687	-0.0591376	-0.226	0.226
   688	-0.0841993	-0.226	0.226
   689	-0.0909359	-0.226	0.226
   690	-0.0891966	-0.226	0.226
   691	-0.107104	-0.226	0.226
   692	-0.101354	-0.226	0.226
   693	-0.106554	-0.226	0.226
   694	-0.0956067	-0.226	0.226
   695	-0.0804071	-0.226	0.226
   696	-0.0592965	-0.226	0.226
   697	-0.0945018	-0.226	0.226
   698	-0.0490837	-0.226	0.226
   699	-0.0867717	-0.226	0.226
   700	-0.0818775	-0.226	0.226
   701	-0.115536	-0.226	0.226
   702	-0.112196	-0.226	0.226
   703	-0.0776523	-0.226	0.226
   704	-0.101153	-0.226	0.226
   705	-0.111577	-0.226	0.226
   706	-0.0494439	-0.226	0.226
   707	-0.114152	-0.226	0.226
   708	-0.0580168	-0.226	0.226
   709	-0.104328	-0.226	0.226
   710	-0.115453	-0.226	0.226
   711	-0.101372	-0.226	0.226
   712	-0.0969065	-0.226	0.226
   713	-0.112467	-0.226	0.226
   714	-0.111379	-0.226	0.226
   715	-0.0739705	-0.226	0.226
   716	-0.0646817	-0.226	0.226
   717	-0.111082	-0.226	0.226
   718	-0.0926033	-0.226	0.226
   719	-0.10451	-0.226	0.226
   720	-0.0988678	-0.226	0.226
   721	-0.0420379	-0.226	0.226
   722	-0.0757215	-0.226	0.226
   723	-0.0615626	-0.226	0.226
   724	-0.0899002	-0.226	0.226
   725	-0.102923	-0.226	0.226
   726	-0.10801	-0.226	0.226
   727	-0.0819277	-0.226	0.226
   728	-0.0857791	-0.226	0.226
   729	-0.103464	-0.226	0.226
   730	-0.108139	-0.226	0.226
   731	-0.105861	-0.226	0.226
   732	-0.111212	-0.226	0.226
   733	-0.100428	-0.226	0.226
   734	-0.0959424	-0.226	0.226
   735	-0.109469	-0.226	0.226
   736	-0.100145	-0.226	0.226
   737	-0.105102	-0.226	0.226
   738	-0.114585	-0.226	0.226
   739	-0.1153	-0.226	0.226
   740	-0.109468	-0.226	0.226
   741	-0.112087	-0.226	0.226
   742	-0.0599215	-0.226	0.226
   743	-0.0967246	-0.226	0.226
   744	-0.0964842	-0.226	0.226
   745	-0.109615	-0.226	0.226
   746	-0.0816821	-0.226	0.226
   747	-0.11494	-0.226	0.226
   748	-0.0648939	-0.226	0.226
   749	-0.106684	-0.226	0.226
   750	-0.111387	-0.226	0.226
   751	-0.0943867	-0.226	0.226
   752	-0.0930929	-0.226	0.226
   753	-0.0716997	-0.226	0.226
   754	-0.0803261	-0.226	0.226
   755	-0.105871	-0.226	0.226
   756	-0.109885	-0.226	0.226
   757	-0.113566	-0.226	0.226
   758	-0.104304	-0.226	0.226
   759	-0.0968877	-0.226	0.226
   760	-0.0763413	-0.226	0.226
   761	-0.0656809	-0.226	0.226
   762	-0.10564	-0.226	0.226
   763	-0.0590629	-0.226	0.226
   764	-0.094906	-0.226	0.226
   765	-0.10952	-0.226	0.226
   766	-0.0811048	-0.226	0.226
   767	-0.113463	-0.226	0.226
   768	-0.11315	-0.226	0.226
   769	-0.0697868	-0.226	0.226
   770	-0.111293	-0.226	0.226
   771	-0.0962612	-0.226	0.226
   772	-0.102239	-0.226	0.226
   773	-0.109687	-0.226	0.226
   774	-0.0837939	-0.226	0.226
   775	-0.0515304	-0.226	0.226
   776	-0.0745524	-0.226	0.226
   777	-0.112161	-0.226	0.226
   778	-0.0856614	-0.226	0.226
   779	-0.0803351	-0.226	0.226
   780	-0.0953523	-0.226	0.226
   781	-0.113658	-0.226	0.226
   782	-0.0816141	-0.226	0.226
   783	-0.111707	-0.226	0.226
   784	-0.0881712	-0.226	0.226
   785	-0.107743	-0.226	0.226
   786	-0.0905567	-0.226	0.226
   787	-0.115104	-0.226	0.226
   788	-0.0981923	-0.226	0.226
   789	-0.072981	-0.226	0.226
   790	-0.0924949	-0.226	0.226
   791	-0.108718	-0.226	0.226
   792	-0.0944612	-0.226	0.226
   793	-0.0852412	-0.226	0.226
   794	-0.103819	-0.226	0.226
   795	-0.0989708	-0.226	0.226
   796	-0.113053	-0.226	0.226
   797	-0.107178	-0.226	0.226
   798	-0.0767584	-0.226	0.226
   799	-0.0997424	-0.226	0.226
   800	-0.0898984	-0.226	0.226
   801	-0.115374	-0.226	0.226
   802	-0.0540899	-0.226	0.226
   803	-0.0841398	-0.226	0.226
   804	-0.114555	-0.226	0.226
   805	-0.103376	-0.226	0.226
   806	-0.0787679	-0.226	0.226
   807	-0.105001	-0.226	0.226
   808	-0.0787898	-0.226	0.226
   809	-0.0852177	-0.226	0.226
   810	-0.0932719	-0.226	0.226
   811	-0.0659087	-0.226	0.226
   812	-0.0554636	-0.226	0.226
   813	-0.0774774	-0.226	0.226
   814	-0.0914528	-0.226	0.226
   815	-0.0565797	-0.226	0.226
   816	-0.0699524	-0.226	0.226
   817	-0.0989253	-0.226	0.226
   818	-0.0816754	-0.226	0.226
   819	-0.0874225	-0.226	0.226
   820	-0.10796	-0.226	0.226
   821	-0.0943852	-0.226	0.226
   822	-0.0839856	-0.226	0.226
   823	-0.109359	-0.226	0.226
   824	-0.0481931	-0.226	0.226
   825	-0.0771266	-0.226	0.226
   826	-0.0907928	-0.226	0.226
   827	-0.111021	-0.226	0.226
   828	-0.110041	-0.226	0.226
   829	-0.101087	-0.226	0.226
   830	-0.0823429	-0.226	0.226
   831	-0.0915457	-0.226	0.226
   832	-0.0609002	-0.226	0.226
   833	-0.0944667	-0.226	0.226
   834	-0.0629589	-0.226	0.226
   835	-0.0880633	-0.226	0.226
   836	-0.100488	-0.226	0.226
   837	-0.0752372	-0.226	0.226
   838	-0.0842628	-0.226	0.226
   839	-0.0868029	-0.226	0.226
   840	-0.0683618	-0.226	0.226
   841	-0.111985	-0.226	0.226
   842	-0.107031	-0.226	0.226
   843	-0.0767558	-0.226	0.226
   844	-0.108186	-0.226	0.226
   845	-0.111687	-0.226	0.226
   846	-0.115376	-0.226	0.226
   847	-0.101424	-0.226	0.226
   848	-0.106549	-0.226	0.226
   849	-0.105307	-0.226	0.226
   850	-0.0924252	-0.226	0.226
   851	-0.0966258	-0.226	0.226
   852	-0.0979841	-0.226	0.226
   853	-0.0545948	-0.226	0.226
   854	-0.0698623	-0.226	0.226
   855	-0.0988109	-0.226	0.226
   856	-0.113578	-0.226	0.226
   857	-0.0967262	-0.226	0.226
   858	-0.107382	-0.226	0.226
   859	-0.105841	-0.226	0.226
   860	-0.11166	-0.226	0.226
   861	-0.0827314	-0.226	0.226
   862	-0.114084	-0.226	0.226
   863	-0.1078	-0.226	0.226
   864	-0.0796374	-0.226	0.226
   865	-0.0842175	-0.226	0.226
   866	-0.079702	-0.226	0.226
   867	-0.0718424	-0.226	0.226
   868	-0.0946198	-0.226	0.226
   869	-0.0712674	-0.226	0.226
   870	-0.0734318	-0.226	0.226
   871	-0.112044	-0.226	0.226
   872	-0.0804148	-0.226	0.226
   873	-0.0889692	-0.226	0.226
   874	-0.0824712	-0.226	0.226
   875	-0.0898226	-0.226	0.226
   876	-0.088028	-0.226	0.226
   877	-0.102562	-0.226	0.226
   878	-0.106174	-0.226	0.226
   879	-0.0947226	-0.226	0.226
   880	-0.105817	-0.226	0.226
   881	-0.0670928	-0.226	0.226
   882	-0.0591987	-0.226	0.226
   883	-0.0662335	-0.226	0.226
   884	-0.109828	-0.226	0.226
   885	-0.115287	-0.226	0.226
   886	-0.10567	-0.226	0.226
   887	-0.107789	-0.226	0.226
   888	-0.096796	-0.226	0.226
   889	-0.0789029	-0.226	0.226
   890	-0.100682	-0.226	0.226
   891	-0.0217554	-0.226	0.226
   892	-0.115773	-0.226	0.226
   893	-0.0910287	-0.226	0.226
   894	-0.0713615	-0.226	0.226
   895	-0.0994431	-0.226	0.226
   896	-0.0859942	-0.226	0.226
   897	-0.113923	-0.226	0.226
   898	-0.107043	-0.226	0.226
   899	-0.108741	-0.226	0.226
   900	-0.103546	-0.226	0.226
   901	-0.0805948	-0.226	0.226
   902	-0.0966169	-0.226	0.226
   903	-0.0558353	-0.226	0.226
   904	-0.0912695	-0.226	0.226
   905	-0.104316	-0.226	0.226
   906	-0.0510269	-0.226	0.226
   907	-0.100831	-0.226	0.226
   908	-0.0904336	-0.226	0.226
   909	-0.0656361	-0.226	0.226
   910	-0.112256	-0.226	0.226
   911	-0.0778056	-0.226	0.226
   912	-0.0863992	-0.226	0.226
   913	-0.0973992	-0.226	0.226
   914	-0.0977717	-0.226	0.226
   915	-0.0852482	-0.226	0.226
   916	-0.115411	-0.226	0.226
   917	-0.105212	-0.226	0.226
   918	-0.0547484	-0.226	0.226
   919	-0.0746828	-0.226	0.226
   920	-0.0993434	-0.226	0.226
   921	-0.0862077	-0.226	0.226
   922	-0.0646732	-0.226	0.226
   923	-0.0953311	-0.226	0.226
   924	-0.0843656	-0.226	0.226
   925	-0.101642	-0.226	0.226
   926	-0.111249	-0.226	0.226
   927	-0.0647255	-0.226	0.226
   928	-0.0485512	-0.226	0.226
   929	-0.0699253	-0.226	0.226
   930	-0.108273	-0.226	0.226
   931	-0.0884573	-0.226	0.226
   932	-0.0719578	-0.226	0.226
   933	-0.0863846	-0.226	0.226
   934	-0.0664001	-0.226	0.226
   935	-0.0914455	-0.226	0.226
   936	-0.0812673	-0.226	0.226
   937	-0.104581	-0.226	0.226
   938	-0.0454482	-0.226	0.226
   939	-0.101396	-0.226	0.226
   940	-0.0444495	-0.226	0.226
   941	-0.112745	-0.226	0.226
   942	-0.0607707	-0.226	0.226
   943	-0.105411	-0.226	0.226
   944	-0.10289	-0.226	0.226
   945	-0.0946318	-0.226	0.226
   946	-0.109359	-0.226	0.226
   947	-0.0358418	-0.226	0.226
   948	-0.0860122	-0.226	0.226
   949	-0.11034	-0.226	0.226
   950	-0.0958619	-0.226	0.226
   951	-0.0958416	-0.226	0.226
   952	-0.0614808	-0.226	0.226
   953	-0.0933235	-0.226	0.226
   954	-0.0994559	-0.226	0.226
   955	-0.0915585	-0.226	0.226
   956	-0.0793877	-0.226	0.226
   957	-0.098337	-0.226	0.226
   958	-0.106419	-0.226	0.226
   959	-0.115569	-0.226	0.226
   960	-0.0996867	-0.226	0.226
   961	-0.0480475	-0.226	0.226
   962	-0.0976898	-0.226	0.226
   963	-0.0895246	-0.226	0.226
   964	-0.0918661	-0.226	0.226
   965	-0.0884763	-0.226	0.226
   966	-0.107848	-0.226	0.226
   967	-0.109261	-0.226	0.226
   968	-0.0748406	-0.226	0.226
   969	-0.101696	-0.226	0.226
   970	-0.105213	-0.226	0.226
   971	-0.0853797	-0.226	0.226
   972	-0.106688	-0.226	0.226
   973	-0.103506	-0.226	0.226
   974	-0.104412	-0.226	0.226
   975	-0.0487036	-0.226	0.226
   976	-0.108154	-0.226	0.226
   977	-0.0978843	-0.226	0.226
   978	-0.106979	-0.226	0.226
   979	-0.0803824	-0.226	0.226
   980	-0.105615	-0.226	0.226
   981	-0.103587	-0.226	0.226
   982	-0.0988176	-0.226	0.226
   983	-0.0719019	-0.226	0.226
   984	-0.093535	-0.226	0.226
   985	-0.101663	-0.226	0.226
   986	-0.106221	-0.226	0.226
   987	-0.0600548	-0.226	0.226
   988	-0.100415	-0.226	0.226
   989	-0.095461	-0.226	0.226
   990	-0.107203	-0.226	0.226
   991	-0.1156	-0.226	0.226
   992	-0.112498	-0.226	0.226
   993	-0.078864	-0.226	0.226
   994	-0.0428726	-0.226	0.226
   995	-0.113125	-0.226	0.226
   996	-0.0810038	-0.226	0.226
   997	-0.0538841	-0.226	0.226
   998	-0.093387	-0.226	0.226
   999	-0.110485	-0.226	0.226
  1000	-0.110205	-0.226	0.226
  1001	-0.0813594	-0.226	0.226
  1002	-0.112277	-0.226	0.226
  1003	-0.0833872	-0.226	0.226
  1004	-0.111109	-0.226	0.226
  1005	-0.0829405	-0.226	0.226
  1006	-0.0614623	-0.226	0.226
  1007	-0.10095	-0.226	0.226
  1008	-0.0763271	-0.226	0.226
  1009	-0.105115	-0.226	0.226
  1010	-0.101381	-0.226	0.226
  1011	-0.0876918	-0.226	0.226
  1012	-0.0570181	-0.226	0.226
  1013	-0.112738	-0.226	0.226
  1014	-0.0446952	-0.226	0.226
  1015	-0.113735	-0.226	0.226
  1016	-0.0703271	-0.226	0.226
  1017	-0.0765534	-0.226	0.226
  1018	-0.113334	-0.226	0.226
  1019	-0.102662	-0.226	0.226
  1020	-0.113934	-0.226	0.226
  1021	-0.0671446	-0.226	0.226
  1022	-0.0823007	-0.226	0.226
  1023	-0.101647	-0.226	0.226
  1024	-0.0738556	-0.226	0.226
  1025	-0.107776	-0.226	0.226
  1026	-0.102059	-0.226	0.226
  1027	-0.108017	-0.226	0.226
  1028	-0.0782126	-0.226	0.226
  1029	-0.0945804	-0.226	0.226
  1030	-0.11092	-0.226	0.226
  1031	-0.0878131	-0.226	0.226
  1032	-0.091739	-0.226	0.226
  1033	-0.103685	-0.226	0.226
  1034	-0.0744984	-0.226	0.226
  1035	-0.10541	-0.226	0.226
  1036	-0.0817864	-0.226	0.226
  1037	-0.055289	-0.226	0.226
  1038	-0.0640555	-0.226	0.226
  1039	-0.105781	-0.226	0.226
  1040	-0.0853621	-0.226	0.226
  1041	-0.0746739	-0.226	0.226
  1042	-0.0723432	-0.226	0.226
  1043	-0.0841496	-0.226	0.226
  1044	-0.0928348	-0.226	0.226
  1045	-0.109548	-0.226	0.226
  1046	-0.0751759	-0.226	0.226
  1047	-0.0864198	-0.226	0.226
  1048	-0.115043	-0.226	0.226
  1049	-0.0815601	-0.226	0.226
  1050	-0.102615	-0.226	0.226
  1051	-0.0739049	-0.226	0.226
  1052	-0.0487374	-0.226	0.226
  1053	-0.0848615	-0.226	0.226
  1054	-0.0997446	-0.226	0.226
  1055	-0.113242	-0.226	0.226
  1056	-0.09356	-0.226	0.226
  1057	-0.112082	-0.226	0.226
  1058	-0.106886	-0.226	0.226
  1059	-0.0916919	-0.226	0.226
  1060	-0.10057	-0.226	0.226
  1061	-0.0854754	-0.226	0.226
  1062	-0.0833941	-0.226	0.226
  1063	-0.107132	-0.226	0.226
  1064	-0.0946661	-0.226	0.226
  1065	-0.0910771	-0.226	0.226
  1066	-0.0386436	-0.226	0.226
  1067	-0.0734921	-0.226	0.226
  1068	-0.0968435	-0.226	0.226
  1069	-0.0731955	-0.226	0.226
  1070	-0.0846115	-0.226	0.226
  1071	-0.10802	-0.226	0.226
  1072	-0.0969576	-0.226	0.226
  1073	-0.112739	-0.226	0.226
  1074	-0.113225	-0.226	0.226
  1075	-0.104009	-0.226	0.226
  1076	-0.0854329	-0.226	0.226
  1077	-0.104832	-0.226	0.226
  1078	-0.0966039	-0.226	0.226
  1079	-0.0780983	-0.226	0.226
  1080	-0.0755787	-0.226	0.226
  1081	-0.0895795	-0.226	0.226
  1082	-0.0973142	-0.226	0.226
  1083	-0.101735	-0.226	0.226
  1084	-0.0509275	-0.226	0.226
  1085	-0.115957	-0.226	0.226
  1086	-0.0912763	-0.226	0.226
  1087	-0.0867407	-0.226	0.226
  1088	-0.0847072	-0.226	0.226
  1089	-0.0992638	-0.226	0.226
  1090	-0.112735	-0.226	0.226
  1091	-0.108814	-0.226	0.226
  1092	-0.0934994	-0.226	0.226
  1093	-0.0650089	-0.226	0.226
  1094	-0.113548	-0.226	0.226
  1095	-0.086789	-0.226	0.226
  1096	-0.0948829	-0.226	0.226
  1097	-0.11341	-0.226	0.226
  1098	-0.0886352	-0.226	0.226
  1099	-0.102488	-0.226	0.226
  1100	-0.0936763	-0.226	0.226
  1101	-0.0850566	-0.226	0.226
  1102	-0.0829816	-0.226	0.226
  1103	-0.100974	-0.226	0.226
  1104	-0.113814	-0.226	0.226
  1105	-0.0876136	-0.226	0.226
  1106	-0.0746512	-0.226	0.226
  1107	-0.0962709	-0.226	0.226
  1108	-0.114828	-0.226	0.226
  1109	-0.106205	-0.226	0.226
  1110	-0.077278	-0.226	0.226
  1111	-0.06993	-0.226	0.226
  1112	-0.114252	-0.226	0.226
  1113	-0.111602	-0.226	0.226
  1114	-0.092161	-0.226	0.226
  1115	-0.0718759	-0.226	0.226
  1116	-0.0991323	-0.226	0.226
  1117	-0.111573	-0.226	0.226
  1118	-0.107955	-0.226	0.226
  1119	-0.0279722	-0.226	0.226
  1120	-0.109987	-0.226	0.226
  1121	-0.0915404	-0.226	0.226
  1122	-0.108351	-0.226	0.226
  1123	-0.0951114	-0.226	0.226
  1124	-0.0995544	-0.226	0.226
  1125	-0.0971183	-0.226	0.226
  1126	-0.103658	-0.226	0.226
  1127	-0.0938236	-0.226	0.226
  1128	-0.076602	-0.226	0.226
  1129	-0.0764059	-0.226	0.226
  1130	-0.111816	-0.226	0.226
  1131	-0.109673	-0.226	0.226
  1132	-0.0943412	-0.226	0.226
  1133	-0.105983	-0.226	0.226
  1134	-0.114222	-0.226	0.226
  1135	-0.110971	-0.226	0.226
  1136	-0.104953	-0.226	0.226
  1137	-0.1098	-0.226	0.226
  1138	-0.0759684	-0.226	0.226
  1139	-0.0778988	-0.226	0.226
  1140	-0.112668	-0.226	0.226
  1141	-0.0731986	-0.226	0.226
  1142	-0.0649075	-0.226	0.226
  1143	-0.112653	-0.226	0.226
  1144	-0.0982944	-0.226	0.226
  1145	-0.108816	-0.226	0.226
  1146	-0.109345	-0.226	0.226
  1147	-0.11182	-0.226	0.226
  1148	-0.081512	-0.226	0.226
  1149	-0.086378	-0.226	0.226
  1150	-0.112821	-0.226	0.226
  1151	-0.0684927	-0.226	0.226
  1152	-0.0961119	-0.226	0.226
  1153	-0.0617978	-0.226	0.226
  1154	-0.0636248	-0.226	0.226
  1155	-0.112095	-0.226	0.226
  1156	-0.114372	-0.226	0.226
  1157	-0.0813589	-0.226	0.226
  1158	-0.116607	-0.226	0.226
  1159	-0.0824979	-0.226	0.226
  1160	-0.0712778	-0.226	0.226
  1161	-0.108242	-0.226	0.226
  1162	-0.109231	-0.226	0.226
  1163	-0.103118	-0.226	0.226
  1164	-0.110615	-0.226	0.226
  1165	-0.114457	-0.226	0.226
  1166	-0.0992453	-0.226	0.226
  1167	-0.113781	-0.226	0.226
  1168	-0.0479704	-0.226	0.226
  1169	-0.099214	-0.226	0.226
  1170	-0.113951	-0.226	0.226
  1171	-0.0986574	-0.226	0.226
  1172	-0.10516	-0.226	0.226
  1173	-0.105905	-0.226	0.226
  1174	-0.105778	-0.226	0.226
  1175	-0.108607	-0.226	0.226
  1176	-0.102874	-0.226	0.226
  1177	-0.109689	-0.226	0.226
  1178	-0.0887675	-0.226	0.226
  1179	-0.0709476	-0.226	0.226
  1180	-0.0887693	-0.226	0.226
  1181	-0.111973	-0.226	0.226
  1182	-0.114454	-0.226	0.226
  1183	-0.0694908	-0.226	0.226
  1184	-0.0852623	-0.226	0.226
  1185	-0.111981	-0.226	0.226
  1186	-0.114185	-0.226	0.226
  1187	-0.0945503	-0.226	0.226
  1188	-0.0973094	-0.226	0.226
  1189	-0.114741	-0.226	0.226
  1190	-0.100461	-0.226	0.226
  1191	-0.113526	-0.226	0.226
  1192	-0.0858155	-0.226	0.226
  1193	-0.052688	-0.226	0.226
  1194	-0.115708	-0.226	0.226
  1195	-0.102464	-0.226	0.226
  1196	-0.113768	-0.226	0.226
  1197	-0.0709079	-0.226	0.226
  1198	-0.11492	-0.226	0.226
  1199	-0.0220783	-0.226	0.226
  1200	-0.101528	-0.226	0.226
  1201	-0.100375	-0.226	0.226
  1202	-0.105773	-0.226	0.226
  1203	-0.0949322	-0.226	0.226
  1204	-0.0408948	-0.226	0.226
  1205	-0.0422134	-0.226	0.226
  1206	-0.0619963	-0.226	0.226
  1207	-0.08735	-0.226	0.226
  1208	-0.0471064	-0.226	0.226
  1209	-0.11482	-0.226	0.226
  1210	-0.0857419	-0.226	0.226
  1211	-0.111503	-0.226	0.226
  1212	-0.099502	-0.226	0.226
  1213	-0.0826736	-0.226	0.226
  1214	-0.106634	-0.226	0.226
  1215	-0.0786153	-0.226	0.226
  1216	-0.0465461	-0.226	0.226
  1217	-0.106491	-0.226	0.226
  1218	-0.0513134	-0.226	0.226
  1219	-0.11381	-0.226	0.226
  1220	-0.0957834	-0.226	0.226
  1221	-0.105909	-0.226	0.226
  1222	-0.095711	-0.226	0.226
  1223	-0.106218	-0.226	0.226
  1224	-0.109658	-0.226	0.226
  1225	-0.1133	-0.226	0.226
  1226	-0.0823996	-0.226	0.226
  1227	-0.0702374	-0.226	0.226
  1228	-0.114316	-0.226	0.226
  1229	-0.108888	-0.226	0.226
  1230	-0.0871776	-0.226	0.226
  1231	-0.087343	-0.226	0.226
  1232	-0.048587	-0.226	0.226
  1233	-0.0996316	-0.226	0.226
  1234	-0.0840992	-0.226	0.226
  1235	-0.0970376	-0.226	0.226
  1236	-0.108174	-0.226	0.226
  1237	-0.0724339	-0.226	0.226
  1238	-0.114543	-0.226	0.226
  1239	-0.0329795	-0.226	0.226
  1240	-0.0879737	-0.226	0.226
  1241	-0.103947	-0.226	0.226
  1242	-0.097349	-0.226	0.226
  1243	-0.109442	-0.226	0.226
  1244	-0.100891	-0.226	0.226
  1245	-0.0979466	-0.226	0.226
  1246	-0.0954186	-0.226	0.226
  1247	-0.11147	-0.226	0.226
  1248	-0.0822889	-0.226	0.226
  1249	-0.0837798	-0.226	0.226
  1250	-0.114808	-0.226	0.226
  1251	-0.0930131	-0.226	0.226
  1252	-0.114748	-0.226	0.226
  1253	-0.0969262	-0.226	0.226
  1254	-0.108891	-0.226	0.226
  1255	-0.112397	-0.226	0.226
  1256	-0.104512	-0.226	0.226
  1257	-0.0866653	-0.226	0.226
  1258	-0.0929386	-0.226	0.226
  1259	-0.0692538	-0.226	0.226
  1260	-0.0776551	-0.226	0.226
  1261	-0.110629	-0.226	0.226
  1262	-0.0461047	-0.226	0.226
  1263	-0.11055	-0.226	0.226
  1264	-0.116086	-0.226	0.226
  1265	-0.111462	-0.226	0.226
  1266	-0.0414375	-0.226	0.226
  1267	-0.0783022	-0.226	0.226
  1268	-0.100432	-0.226	0.226
  1269	-0.0780979	-0.226	0.226
  1270	-0.0921943	-0.226	0.226
  1271	-0.0955517	-0.226	0.226
  1272	-0.112866	-0.226	0.226
  1273	-0.0331055	-0.226	0.226
  1274	-0.0792358	-0.226	0.226
  1275	-0.111625	-0.226	0.226
  1276	-0.0638066	-0.226	0.226
  1277	-0.109565	-0.226	0.226
  1278	-0.0939478	-0.226	0.226
  1279	-0.106367	-0.226	0.226
  1280	-0.0754391	-0.226	0.226
  1281	-0.0961064	-0.226	0.226
  1282	-0.0561845	-0.226	0.226
  1283	-0.0945698	-0.226	0.226
  1284	-0.0575492	-0.226	0.226
  1285	-0.0874226	-0.226	0.226
  1286	-0.0770273	-0.226	0.226
  1287	-0.0969371	-0.226	0.226
  1288	-0.0944009	-0.226	0.226
  1289	-0.0741918	-0.226	0.226
  1290	-0.0777379	-0.226	0.226
  1291	-0.0826949	-0.226	0.226
  1292	-0.104169	-0.226	0.226
  1293	-0.0897867	-0.226	0.226
  1294	-0.0810036	-0.226	0.226
  1295	-0.113287	-0.226	0.226
  1296	-0.114452	-0.226	0.226
  1297	-0.0966128	-0.226	0.226
  1298	-0.0860311	-0.226	0.226
  1299	-0.04723	-0.226	0.226
  1300	-0.0739706	-0.226	0.226
  1301	-0.11525	-0.226	0.226
  1302	-0.0732267	-0.226	0.226
  1303	-0.0822976	-0.226	0.226
  1304	-0.081581	-0.226	0.226
  1305	-0.0723487	-0.226	0.226
  1306	-0.114037	-0.226	0.226
  1307	-0.110253	-0.226	0.226
  1308	-0.114283	-0.226	0.226
  1309	-0.0571098	-0.226	0.226
  1310	-0.0671473	-0.226	0.226
  1311	-0.114401	-0.226	0.226
  1312	-0.101617	-0.226	0.226
  1313	-0.104488	-0.226	0.226
  1314	-0.079804	-0.226	0.226
  1315	-0.0769418	-0.226	0.226
  1316	-0.0908612	-0.226	0.226
  1317	-0.0570573	-0.226	0.226
  1318	-0.113444	-0.226	0.226
  1319	-0.101088	-0.226	0.226
  1320	-0.0812157	-0.226	0.226
  1321	-0.106997	-0.226	0.226
  1322	-0.0819978	-0.226	0.226
  1323	-0.0941367	-0.226	0.226
  1324	-0.089722	-0.226	0.226
  1325	-0.1076	-0.226	0.226
  1326	-0.0940577	-0.226	0.226
  1327	-0.0988285	-0.226	0.226
  1328	-0.0916655	-0.226	0.226
  1329	-0.107348	-0.226	0.226
  1330	-0.0856266	-0.226	0.226
  1331	-0.0842876	-0.226	0.226
  1332	-0.0628041	-0.226	0.226
  1333	-0.0745477	-0.226	0.226
  1334	-0.111689	-0.226	0.226
  1335	-0.069964	-0.226	0.226
  1336	-0.102811	-0.226	0.226
  1337	-0.113556	-0.226	0.226
  1338	-0.0640284	-0.226	0.226
  1339	-0.097925	-0.226	0.226
  1340	-0.0729395	-0.226	0.226
  1341	-0.0807294	-0.226	0.226
  1342	-0.0860998	-0.226	0.226
  1343	-0.0995255	-0.226	0.226
  1344	-0.0787341	-0.226	0.226
  1345	-0.0598945	-0.226	0.226
  1346	-0.114735	-0.226	0.226
  1347	-0.10673	-0.226	0.226
  1348	-0.0567714	-0.226	0.226
  1349	-0.0738987	-0.226	0.226
  1350	-0.0976325	-0.226	0.226
  1351	-0.0828999	-0.226	0.226
  1352	-0.0895845	-0.226	0.226
  1353	-0.0858543	-0.226	0.226
  1354	-0.102232	-0.226	0.226
  1355	-0.0997369	-0.226	0.226
  1356	-0.114617	-0.226	0.226
  1357	-0.112607	-0.226	0.226
  1358	-0.10313	-0.226	0.226
  1359	-0.105327	-0.226	0.226
  1360	-0.0938311	-0.226	0.226
  1361	-0.0993243	-0.226	0.226
  1362	-0.112032	-0.226	0.226
  1363	-0.0919462	-0.226	0.226
  1364	-0.105502	-0.226	0.226
  1365	-0.0635186	-0.226	0.226
  1366	-0.111941	-0.226	0.226
  1367	-0.0989195	-0.226	0.226
  1368	-0.0985862	-0.226	0.226
  1369	-0.0853482	-0.226	0.226
  1370	-0.0998385	-0.226	0.226
  1371	-0.0745718	-0.226	0.226
  1372	-0.0954242	-0.226	0.226
  1373	-0.0957459	-0.226	0.226
  1374	-0.0885724	-0.226	0.226
  1375	-0.114511	-0.226	0.226
  1376	-0.108401	-0.226	0.226
  1377	-0.108221	-0.226	0.226
  1378	-0.0946498	-0.226	0.226
  1379	-0.0894755	-0.226	0.226
  1380	-0.0944211	-0.226	0.226
  1381	-0.0966679	-0.226	0.226
  1382	-0.100987	-0.226	0.226
  1383	-0.0840748	-0.226	0.226
  1384	-0.0609586	-0.226	0.226
  1385	-0.111942	-0.226	0.226
  1386	-0.115599	-0.226	0.226
  1387	-0.1015	-0.226	0.226
  1388	-0.0979621	-0.226	0.226
  1389	-0.106629	-0.226	0.226
  1390	-0.104826	-0.226	0.226
  1391	-0.112476	-0.226	0.226
  1392	-0.111862	-0.226	0.226
  1393	-0.0756661	-0.226	0.226
  1394	-0.0545405	-0.226	0.226
  1395	-0.109702	-0.226	0.226
  1396	-0.116031	-0.226	0.226
  1397	-0.0915626	-0.226	0.226
  1398	-0.0795213	-0.226	0.226
  1399	-0.088528	-0.226	0.226
  1400	-0.110292	-0.226	0.226
  1401	-0.102896	-0.226	0.226
  1402	-0.0874277	-0.226	0.226
  1403	-0.113597	-0.226	0.226
  1404	-0.0908933	-0.226	0.226
  1405	-0.109856	-0.226	0.226
  1406	-0.0899199	-0.226	0.226
  1407	-0.109628	-0.226	0.226
  1408	-0.107697	-0.226	0.226
  1409	-0.105227	-0.226	0.226
  1410	-0.0435136	-0.226	0.226
  1411	-0.0585725	-0.226	0.226
  1412	-0.101796	-0.226	0.226
  1413	-0.0603839	-0.226	0.226
  1414	-0.100526	-0.226	0.226
  1415	-0.115557	-0.226	0.226
  1416	-0.114069	-0.226	0.226
  1417	-0.114191	-0.226	0.226
  1418	-0.0764521	-0.226	0.226
  1419	-0.111238	-0.226	0.226
  1420	-0.11248	-0.226	0.226
  1421	-0.103338	-0.226	0.226
  1422	-0.109474	-0.226	0.226
  1423	-0.108335	-0.226	0.226
  1424	-0.0590802	-0.226	0.226
  1425	-0.115926	-0.226	0.226
  1426	-0.0742559	-0.226	0.226
  1427	-0.0790294	-0.226	0.226
  1428	-0.0881738	-0.226	0.226
  1429	-0.0457442	-0.226	0.226
  1430	-0.1045	-0.226	0.226
  1431	-0.0802245	-0.226	0.226
  1432	-0.101736	-0.226	0.226
  1433	-0.0418588	-0.226	0.226
  1434	-0.0485586	-0.226	0.226
  1435	-0.0609334	-0.226	0.226
  1436	-0.100312	-0.226	0.226
  1437	-0.0941487	-0.226	0.226
  1438	-0.0887081	-0.226	0.226
  1439	-0.110616	-0.226	0.226
  1440	-0.0681833	-0.226	0.226
  1441	-0.0746114	-0.226	0.226
  1442	-0.0672606	-0.226	0.226
  1443	-0.0891456	-0.226	0.226
  1444	-0.114439	-0.226	0.226
  1445	-0.0786326	-0.226	0.226
  1446	-0.0952134	-0.226	0.226
  1447	-0.0908989	-0.226	0.226
  1448	-0.100023	-0.226	0.226
  1449	-0.106597	-0.226	0.226
  1450	-0.0862849	-0.226	0.226
  1451	-0.0938655	-0.226	0.226
  1452	-0.108347	-0.226	0.226
  1453	-0.0794333	-0.226	0.226
  1454	-0.104459	-0.226	0.226
  1455	-0.0644083	-0.226	0.226
  1456	-0.108834	-0.226	0.226
  1457	-0.112487	-0.226	0.226
  1458	-0.0878221	-0.226	0.226
  1459	-0.097172	-0.226	0.226
  1460	-0.090507	-0.226	0.226
  1461	-0.0996056	-0.226	0.226
  1462	-0.0739231	-0.226	0.226
  1463	-0.110496	-0.226	0.226
  1464	-0.0658675	-0.226	0.226
  1465	-0.111957	-0.226	0.226
  1466	-0.085157	-0.226	0.226
  1467	-0.0689416	-0.226	0.226
  1468	-0.0961239	-0.226	0.226
  1469	-0.0909701	-0.226	0.226
  1470	-0.103579	-0.226	0.226
  1471	-0.0795317	-0.226	0.226
  1472	-0.0690369	-0.226	0.226
  1473	-0.10662	-0.226	0.226
  1474	-0.0927291	-0.226	0.226
  1475	-0.0758786	-0.226	0.226
  1476	-0.0401132	-0.226	0.226
  1477	-0.111193	-0.226	0.226
  1478	-0.113059	-0.226	0.226
  1479	-0.111364	-0.226	0.226
  1480	-0.107896	-0.226	0.226
  1481	-0.0863802	-0.226	0.226
  1482	-0.100641	-0.226	0.226
  1483	-0.109205	-0.226	0.226
  1484	-0.108186	-0.226	0.226
  1485	-0.0953416	-0.226	0.226
  1486	-0.094674	-0.226	0.226
  1487	-0.0729284	-0.226	0.226
  1488	-0.101785	-0.226	0.226
  1489	-0.061372	-0.226	0.226
  1490	-0.0978388	-0.226	0.226
  1491	-0.0872161	-0.226	0.226
  1492	-0.111366	-0.226	0.226
  1493	-0.092769	-0.226	0.226
  1494	-0.103656	-0.226	0.226
  1495	-0.0730116	-0.226	0.226
  1496	-0.0577117	-0.226	0.226
  1497	-0.114742	-0.226	0.226
  1498	-0.115416	-0.226	0.226
  1499	-0.108549	-0.226	0.226
  1500	-0.102067	-0.226	0.226
  1501	-0.0633354	-0.226	0.226
  1502	-0.0891581	-0.226	0.226
  1503	-0.0949378	-0.226	0.226
  1504	-0.0632952	-0.226	0.226
  1505	-0.0725035	-0.226	0.226
  1506	-0.102035	-0.226	0.226
  1507	-0.0633803	-0.226	0.226
  1508	-0.0758417	-0.226	0.226
  1509	-0.105546	-0.226	0.226
  1510	-0.0805049	-0.226	0.226
  1511	-0.108583	-0.226	0.226
  1512	-0.110294	-0.226	0.226
  1513	-0.0883938	-0.226	0.226
  1514	-0.0534635	-0.226	0.226
  1515	-0.11478	-0.226	0.226
  1516	-0.103307	-0.226	0.226
  1517	-0.09657	-0.226	0.226
  1518	-0.0904951	-0.226	0.226
  1519	-0.0392858	-0.226	0.226
  1520	-0.0729311	-0.226	0.226
  1521	-0.0783763	-0.226	0.226
  1522	-0.109335	-0.226	0.226
  1523	-0.114602	-0.226	0.226
  1524	-0.0998418	-0.226	0.226
  1525	-0.103789	-0.226	0.226
  1526	-0.108259	-0.226	0.226
  1527	-0.114745	-0.226	0.226
  1528	-0.107713	-0.226	0.226
  1529	-0.0951705	-0.226	0.226
  1530	-0.0845997	-0.226	0.226
  1531	-0.0709129	-0.226	0.226
  1532	-0.114988	-0.226	0.226
  1533	-0.114547	-0.226	0.226
  1534	-0.0513553	-0.226	0.226
  1535	-0.111668	-0.226	0.226
  1536	-0.101432	-0.226	0.226
  1537	-0.113449	-0.226	0.226
  1538	-0.0911951	-0.226	0.226
  1539	-0.104266	-0.226	0.226
  1540	-0.0697794	-0.226	0.226
  1541	-0.112283	-0.226	0.226
  1542	-0.10157	-0.226	0.226
  1543	-0.0748533	-0.226	0.226
  1544	-0.0932427	-0.226	0.226
  1545	-0.11115	-0.226	0.226
  1546	-0.0751963	-0.226	0.226
  1547	-0.083908	-0.226	0.226
  1548	-0.101668	-0.226	0.226
  1549	-0.0608334	-0.226	0.226
  1550	-0.0881874	-0.226	0.226
  1551	-0.0717194	-0.226	0.226
  1552	-0.0812219	-0.226	0.226
  1553	-0.108817	-0.226	0.226
  1554	-0.102787	-0.226	0.226
  1555	-0.0712871	-0.226	0.226
  1556	-0.078772	-0.226	0.226
  1557	-0.105234	-0.226	0.226
  1558	-0.0892008	-0.226	0.226
  1559	-0.0791225	-0.226	0.226
  1560	-0.0869173	-0.226	0.226
  1561	-0.110495	-0.226	0.226
  1562	-0.114934	-0.226	0.226
  1563	-0.0917674	-0.226	0.226
  1564	-0.0922185	-0.226	0.226
  1565	-0.0658642	-0.226	0.226
  1566	-0.0884677	-0.226	0.226
  1567	-0.0969153	-0.226	0.226
  1568	-0.0891311	-0.226	0.226
  1569	-0.0843331	-0.226	0.226
  1570	-0.115834	-0.226	0.226
  1571	-0.0961773	-0.226	0.226
  1572	-0.102562	-0.226	0.226
  1573	-0.0974086	-0.226	0.226
  1574	-0.106105	-0.226	0.226
  1575	-0.10311	-0.226	0.226
  1576	-0.115271	-0.226	0.226
  1577	-0.100446	-0.226	0.226
  1578	-0.0958548	-0.226	0.226
  1579	-0.112254	-0.226	0.226
  1580	-0.111593	-0.226	0.226
  1581	-0.0655727	-0.226	0.226
  1582	-0.10127	-0.226	0.226
  1583	-0.0949113	-0.226	0.226
  1584	-0.0693568	-0.226	0.226
  1585	-0.114394	-0.226	0.226
  1586	-0.109575	-0.226	0.226
  1587	-0.107789	-0.226	0.226
  1588	-0.103699	-0.226	0.226
  1589	-0.0459291	-0.226	0.226
  1590	-0.0864388	-0.226	0.226
  1591	-0.0708707	-0.226	0.226
  1592	-0.0738321	-0.226	0.226
  1593	-0.115613	-0.226	0.226
  1594	-0.102262	-0.226	0.226
  1595	-0.11579	-0.226	0.226
  1596	-0.069717	-0.226	0.226
  1597	-0.0991223	-0.226	0.226
  1598	-0.0981983	-0.226	0.226
  1599	-0.102003	-0.226	0.226
  1600	-0.0651298	-0.226	0.226
  1601	-0.112856	-0.226	0.226
  1602	-0.0671583	-0.226	0.226
  1603	-0.113024	-0.226	0.226
  1604	-0.0579401	-0.226	0.226
  1605	-0.0987431	-0.226	0.226
  1606	-0.0839454	-0.226	0.226
  1607	-0.115743	-0.226	0.226
  1608	-0.0798011	-0.226	0.226
  1609	-0.100047	-0.226	0.226
  1610	-0.114802	-0.226	0.226
  1611	-0.11198	-0.226	0.226
  1612	-0.0741961	-0.226	0.226
  1613	-0.107977	-0.226	0.226
  1614	-0.115528	-0.226	0.226
  1615	-0.100885	-0.226	0.226
  1616	-0.0833015	-0.226	0.226
  1617	-0.108215	-0.226	0.226
  1618	-0.0932089	-0.226	0.226
  1619	-0.112607	-0.226	0.226
  1620	-0.115783	-0.226	0.226
  1621	-0.0585189	-0.226	0.226
  1622	-0.10054	-0.226	0.226
  1623	-0.115214	-0.226	0.226
  1624	-0.115884	-0.226	0.226
  1625	-0.0754406	-0.226	0.226
  1626	-0.0995198	-0.226	0.226
  1627	-0.110118	-0.226	0.226
  1628	-0.062728	-0.226	0.226
  1629	-0.115498	-0.226	0.226
  1630	-0.0818827	-0.226	0.226
  1631	-0.112139	-0.226	0.226
  1632	-0.116763	-0.226	0.226
  1633	-0.0991204	-0.226	0.226
  1634	-0.104576	-0.226	0.226
  1635	-0.0581699	-0.226	0.226
  1636	-0.0871555	-0.226	0.226
  1637	-0.0759372	-0.226	0.226
  1638	-0.102332	-0.226	0.226
  1639	-0.0786466	-0.226	0.226
  1640	-0.0632475	-0.226	0.226
  1641	-0.101624	-0.226	0.226
  1642	-0.082622	-0.226	0.226
  1643	-0.10212	-0.226	0.226
  1644	-0.0782065	-0.226	0.226
  1645	-0.0986111	-0.226	0.226
  1646	-0.0914515	-0.226	0.226
  1647	-0.0991751	-0.226	0.226
  1648	-0.0706119	-0.226	0.226
  1649	-0.0865465	-0.226	0.226
  1650	-0.0754449	-0.226	0.226
  1651	-0.0880788	-0.226	0.226
  1652	-0.0965716	-0.226	0.226
  1653	-0.0952588	-0.226	0.226
  1654	-0.114051	-0.226	0.226
  1655	-0.110068	-0.226	0.226
  1656	-0.057668	-0.226	0.226
  1657	-0.104739	-0.226	0.226
  1658	-0.087399	-0.226	0.226
  1659	-0.105083	-0.226	0.226
  1660	-0.104959	-0.226	0.226
  1661	-0.091723	-0.226	0.226
  1662	-0.113323	-0.226	0.226
  1663	-0.11266	-0.226	0.226
  1664	-0.0554527	-0.226	0.226
  1665	-0.114048	-0.226	0.226
  1666	-0.0665925	-0.226	0.226
  1667	-0.114283	-0.226	0.226
  1668	-0.0903245	-0.226	0.226
  1669	-0.105904	-0.226	0.226
  1670	-0.0576619	-0.226	0.226
  1671	-0.0952651	-0.226	0.226
  1672	-0.0979026	-0.226	0.226
  1673	-0.0835696	-0.226	0.226
  1674	-0.102	-0.226	0.226
  1675	-0.110752	-0.226	0.226
  1676	-0.104881	-0.226	0.226
  1677	-0.089077	-0.226	0.226
  1678	-0.100228	-0.226	0.226
  1679	-0.0550437	-0.226	0.226
  1680	-0.115365	-0.226	0.226
  1681	-0.0613287	-0.226	0.226
  1682	-0.0914361	-0.226	0.226
  1683	-0.0786343	-0.226	0.226
  1684	-0.0876867	-0.226	0.226
  1685	-0.0975263	-0.226	0.226
  1686	-0.0511674	-0.226	0.226
  1687	-0.109431	-0.226	0.226
  1688	-0.0480299	-0.226	0.226
  1689	-0.0657578	-0.226	0.226
  1690	-0.109271	-0.226	0.226
  1691	-0.114615	-0.226	0.226
  1692	-0.110765	-0.226	0.226
  1693	-0.0937482	-0.226	0.226
  1694	-0.0853481	-0.226	0.226
  1695	-0.114885	-0.226	0.226
  1696	-0.0758884	-0.226	0.226
  1697	-0.0993515	-0.226	0.226
  1698	-0.110474	-0.226	0.226
  1699	-0.105918	-0.226	0.226
  1700	-0.102991	-0.226	0.226
  1701	-0.0881937	-0.226	0.226
  1702	-0.0981131	-0.226	0.226
  1703	-0.107818	-0.226	0.226
  1704	-0.103016	-0.226	0.226
  1705	-0.100424	-0.226	0.226
  1706	-0.114832	-0.226	0.226
  1707	-0.0959298	-0.226	0.226
  1708	-0.0871666	-0.226	0.226
  1709	-0.103875	-0.226	0.226
  1710	-0.0914063	-0.226	0.226
  1711	-0.101846	-0.226	0.226
  1712	-0.0732198	-0.226	0.226
  1713	-0.0953961	-0.226	0.226
  1714	-0.103433	-0.226	0.226
  1715	-0.0938036	-0.226	0.226
  1716	-0.107842	-0.226	0.226
  1717	-0.0940591	-0.226	0.226
  1718	-0.0932262	-0.226	0.226
  1719	-0.112632	-0.226	0.226
  1720	-0.0827498	-0.226	0.226
  1721	-0.0818627	-0.226	0.226
  1722	-0.10755	-0.226	0.226
  1723	-0.114664	-0.226	0.226
  1724	-0.0982531	-0.226	0.226
  1725	-0.106584	-0.226	0.226
  1726	-0.113292	-0.226	0.226
  1727	-0.0664614	-0.226	0.226
  1728	-0.0895993	-0.226	0.226
  1729	-0.114736	-0.226	0.226
  1730	-0.105351	-0.226	0.226
  1731	-0.0695889	-0.226	0.226
  1732	-0.107039	-0.226	0.226
  1733	-0.0973546	-0.226	0.226
  1734	-0.0984431	-0.226	0.226
  1735	-0.103242	-0.226	0.226
  1736	-0.0818591	-0.226	0.226
  1737	-0.100772	-0.226	0.226
  1738	-0.115163	-0.226	0.226
  1739	-0.112671	-0.226	0.226
  1740	-0.0683995	-0.226	0.226
  1741	-0.113233	-0.226	0.226
  1742	-0.105996	-0.226	0.226
  1743	-0.104448	-0.226	0.226
  1744	-0.0669441	-0.226	0.226
  1745	-0.11561	-0.226	0.226
  1746	-0.0843671	-0.226	0.226
  1747	-0.107518	-0.226	0.226
  1748	-0.113578	-0.226	0.226
  1749	-0.11271	-0.226	0.226
  1750	-0.0888532	-0.226	0.226
  1751	-0.115514	-0.226	0.226
  1752	-0.0900134	-0.226	0.226
  1753	-0.0831282	-0.226	0.226
  1754	-0.0704221	-0.226	0.226
  1755	-0.109322	-0.226	0.226
  1756	-0.0924511	-0.226	0.226
  1757	-0.110037	-0.226	0.226
  1758	-0.109883	-0.226	0.226
  1759	-0.0990939	-0.226	0.226
  1760	-0.107924	-0.226	0.226
  1761	-0.0776435	-0.226	0.226
  1762	-0.104586	-0.226	0.226
  1763	-0.059097	-0.226	0.226
  1764	-0.114347	-0.226	0.226
  1765	-0.106999	-0.226	0.226
  1766	-0.108718	-0.226	0.226
  1767	-0.109498	-0.226	0.226
  1768	-0.101302	-0.226	0.226
  1769	-0.110574	-0.226	0.226
  1770	-0.0687382	-0.226	0.226
  1771	-0.0792629	-0.226	0.226
  1772	-0.102673	-0.226	0.226
  1773	-0.106274	-0.226	0.226
  1774	-0.116361	-0.226	0.226
  1775	-0.102248	-0.226	0.226
  1776	-0.0948189	-0.226	0.226
  1777	-0.113634	-0.226	0.226
  1778	-0.0887785	-0.226	0.226
  1779	-0.0681605	-0.226	0.226
  1780	-0.0456311	-0.226	0.226
  1781	-0.0928214	-0.226	0.226
  1782	-0.105799	-0.226	0.226
  1783	-0.110717	-0.226	0.226
  1784	-0.0703365	-0.226	0.226
  1785	-0.114395	-0.226	0.226
  1786	-0.10143	-0.226	0.226
  1787	-0.106407	-0.226	0.226
  1788	-0.0887456	-0.226	0.226
  1789	-0.111434	-0.226	0.226
  1790	-0.110678	-0.226	0.226
  1791	-0.0922602	-0.226	0.226
  1792	-0.0937401	-0.226	0.226
  1793	-0.112724	-0.226	0.226
  1794	-0.100108	-0.226	0.226
  1795	-0.0878598	-0.226	0.226
  1796	-0.109953	-0.226	0.226
  1797	-0.0781342	-0.226	0.226
  1798	-0.0817317	-0.226	0.226
  1799	-0.0849041	-0.226	0.226
  1800	-0.0908859	-0.226	0.226
  1801	-0.0922476	-0.226	0.226
  1802	-0.0958193	-0.226	0.226
  1803	-0.0814261	-0.226	0.226
  1804	-0.105054	-0.226	0.226
  1805	-0.102054	-0.226	0.226
  1806	-0.0902041	-0.226	0.226
  1807	-0.0844111	-0.226	0.226
  1808	-0.0928165	-0.226	0.226
  1809	-0.115307	-0.226	0.226
  1810	-0.100188	-0.226	0.226
  1811	-0.0572309	-0.226	0.226
  1812	-0.103427	-0.226	0.226
  1813	-0.0983789	-0.226	0.226
  1814	-0.101113	-0.226	0.226
  1815	-0.116473	-0.226	0.226
  1816	-0.107517	-0.226	0.226
  1817	-0.0927948	-0.226	0.226
  1818	-0.105736	-0.226	0.226
  1819	-0.105745	-0.226	0.226
  1820	-0.0874494	-0.226	0.226
  1821	-0.107934	-0.226	0.226
  1822	-0.0880615	-0.226	0.226
  1823	-0.115402	-0.226	0.226
  1824	-0.111035	-0.226	0.226
  1825	-0.0997188	-0.226	0.226
  1826	-0.101327	-0.226	0.226
  1827	-0.1132	-0.226	0.226
  1828	-0.0936307	-0.226	0.226
  1829	-0.0936732	-0.226	0.226
  1830	-0.107507	-0.226	0.226
  1831	-0.0768535	-0.226	0.226
  1832	-0.0633178	-0.226	0.226
  1833	-0.0813915	-0.226	0.226
  1834	-0.10742	-0.226	0.226
  1835	-0.11315	-0.226	0.226
  1836	-0.115643	-0.226	0.226
  1837	-0.0663848	-0.226	0.226
  1838	-0.0995339	-0.226	0.226
  1839	-0.114327	-0.226	0.226
  1840	-0.101376	-0.226	0.226
  1841	-0.0910677	-0.226	0.226
  1842	-0.114303	-0.226	0.226
  1843	-0.108521	-0.226	0.226
  1844	-0.0977854	-0.226	0.226
  1845	-0.0900334	-0.226	0.226
  1846	-0.0948398	-0.226	0.226
  1847	-0.0970936	-0.226	0.226
  1848	-0.0978132	-0.226	0.226
  1849	-0.0823861	-0.226	0.226
  1850	-0.100776	-0.226	0.226
  1851	-0.102582	-0.226	0.226
  1852	-0.114547	-0.226	0.226
  1853	-0.0789489	-0.226	0.226
  1854	-0.0803272	-0.226	0.226
  1855	-0.11423	-0.226	0.226
  1856	-0.072122	-0.226	0.226
  1857	-0.0963426	-0.226	0.226
  1858	-0.112147	-0.226	0.226
  1859	-0.0940483	-0.226	0.226
  1860	-0.101946	-0.226	0.226
  1861	-0.0696574	-0.226	0.226
  1862	-0.115401	-0.226	0.226
  1863	-0.115829	-0.226	0.226
  1864	-0.111963	-0.226	0.226
  1865	-0.0818954	-0.226	0.226
  1866	-0.111062	-0.226	0.226
  1867	-0.0974244	-0.226	0.226
  1868	-0.114837	-0.226	0.226
  1869	-0.0520781	-0.226	0.226
  1870	-0.113283	-0.226	0.226
  1871	-0.114468	-0.226	0.226
  1872	-0.090297	-0.226	0.226
  1873	-0.100312	-0.226	0.226
  1874	-0.0844995	-0.226	0.226
  1875	-0.0918761	-0.226	0.226
  1876	-0.082392	-0.226	0.226
  1877	-0.0775633	-0.226	0.226
  1878	-0.0995894	-0.226	0.226
  1879	-0.103475	-0.226	0.226
  1880	-0.0763706	-0.226	0.226
  1881	-0.098103	-0.226	0.226
  1882	-0.0572572	-0.226	0.226
  1883	-0.0385836	-0.226	0.226
  1884	-0.0831667	-0.226	0.226
  1885	-0.0757854	-0.226	0.226
  1886	-0.0770876	-0.226	0.226
  1887	-0.0619923	-0.226	0.226
  1888	-0.105669	-0.226	0.226
  1889	-0.0966446	-0.226	0.226
  1890	-0.0179304	-0.226	0.226
  1891	-0.113022	-0.226	0.226
  1892	-0.063238	-0.226	0.226
  1893	-0.0891485	-0.226	0.226
  1894	-0.074093	-0.226	0.226
  1895	-0.0742106	-0.226	0.226
  1896	-0.11168	-0.226	0.226
  1897	-0.0991381	-0.226	0.226
  1898	-0.104205	-0.226	0.226
  1899	-0.0842082	-0.226	0.226
  1900	-0.116223	-0.226	0.226
  1901	-0.0936101	-0.226	0.226
  1902	-0.096617	-0.226	0.226
  1903	-0.0961149	-0.226	0.226
  1904	-0.105267	-0.226	0.226
  1905	-0.115688	-0.226	0.226
  1906	-0.096952	-0.226	0.226
  1907	-0.109187	-0.226	0.226
  1908	-0.114807	-0.226	0.226
  1909	-0.106051	-0.226	0.226
  1910	-0.115672	-0.226	0.226
  1911	-0.115713	-0.226	0.226
  1912	-0.10256	-0.226	0.226
  1913	-0.0972103	-0.226	0.226
  1914	-0.0792691	-0.226	0.226
  1915	-0.114655	-0.226	0.226
  1916	-0.0948726	-0.226	0.226
  1917	-0.109992	-0.226	0.226
  1918	-0.0884724	-0.226	0.226
  1919	-0.109914	-0.226	0.226
  1920	-0.0834891	-0.226	0.226
  1921	-0.0833781	-0.226	0.226
  1922	-0.110555	-0.226	0.226
  1923	-0.0737666	-0.226	0.226
  1924	-0.0606843	-0.226	0.226
  1925	-0.0765171	-0.226	0.226
  1926	-0.0985666	-0.226	0.226
  1927	-0.11263	-0.226	0.226
  1928	-0.0700882	-0.226	0.226
  1929	-0.10627	-0.226	0.226
  1930	-0.0953106	-0.226	0.226
  1931	-0.10512	-0.226	0.226
  1932	-0.106921	-0.226	0.226
  1933	-0.09699	-0.226	0.226
  1934	-0.0938878	-0.226	0.226
  1935	-0.087624	-0.226	0.226
  1936	-0.0791089	-0.226	0.226
  1937	-0.1144	-0.226	0.226
  1938	-0.0735624	-0.226	0.226
  1939	-0.0618716	-0.226	0.226
  1940	-0.0289432	-0.226	0.226
  1941	-0.0961001	-0.226	0.226
  1942	-0.0932534	-0.226	0.226
  1943	-0.0821744	-0.226	0.226
  1944	-0.0741211	-0.226	0.226
  1945	-0.101477	-0.226	0.226
  1946	-0.100842	-0.226	0.226
  1947	-0.114624	-0.226	0.226
  1948	-0.103432	-0.226	0.226
  1949	-0.0958554	-0.226	0.226
  1950	-0.103755	-0.226	0.226
  1951	-0.0885798	-0.226	0.226
  1952	-0.0761288	-0.226	0.226
  1953	-0.0814568	-0.226	0.226
  1954	-0.0861541	-0.226	0.226
  1955	-0.113135	-0.226	0.226
  1956	-0.0833904	-0.226	0.226
  1957	-0.115568	-0.226	0.226
  1958	-0.106647	-0.226	0.226
  1959	-0.115876	-0.226	0.226
  1960	-0.102393	-0.226	0.226
  1961	-0.107994	-0.226	0.226
  1962	-0.0934071	-0.226	0.226
  1963	-0.0678068	-0.226	0.226
  1964	-0.0854553	-0.226	0.226
  1965	-0.0894441	-0.226	0.226
  1966	-0.113194	-0.226	0.226
  1967	-0.0983076	-0.226	0.226
  1968	-0.0621855	-0.226	0.226
  1969	-0.0958995	-0.226	0.226
  1970	-0.109197	-0.226	0.226
  1971	-0.0707276	-0.226	0.226
  1972	-0.0537216	-0.226	0.226
  1973	-0.0905049	-0.226	0.226
  1974	-0.0988435	-0.226	0.226
  1975	-0.113124	-0.226	0.226
  1976	-0.115225	-0.226	0.226
  1977	-0.100317	-0.226	0.226
  1978	-0.0784995	-0.226	0.226
  1979	-0.0937577	-0.226	0.226
  1980	-0.093844	-0.226	0.226
  1981	-0.111566	-0.226	0.226
  1982	-0.0914821	-0.226	0.226
  1983	-0.0960593	-0.226	0.226
  1984	-0.115997	-0.226	0.226
  1985	-0.0966134	-0.226	0.226
  1986	-0.0889322	-0.226	0.226
  1987	-0.0685257	-0.226	0.226
  1988	-0.104132	-0.226	0.226
  1989	-0.104352	-0.226	0.226
  1990	-0.0971711	-0.226	0.226
  1991	-0.0900451	-0.226	0.226
  1992	-0.0584173	-0.226	0.226
  1993	-0.114101	-0.226	0.226
  1994	-0.0918338	-0.226	0.226
  1995	-0.0810416	-0.226	0.226
  1996	-0.0597825	-0.226	0.226
  1997	-0.0784555	-0.226	0.226
  1998	-0.087326	-0.226	0.226
  1999	-0.0991506	-0.226	0.226
  2000	-0.100551	-0.226	0.226
  2001	-0.114042	-0.226	0.226
  2002	-0.112688	-0.226	0.226
  2003	-0.0819955	-0.226	0.226
  2004	-0.114526	-0.226	0.226
  2005	-0.0933466	-0.226	0.226
  2006	-0.108476	-0.226	0.226
  2007	-0.108367	-0.226	0.226
  2008	-0.083867	-0.226	0.226
  2009	-0.100214	-0.226	0.226
  2010	-0.0611425	-0.226	0.226
  2011	-0.0868473	-0.226	0.226
  2012	-0.108499	-0.226	0.226
  2013	-0.0976943	-0.226	0.226
  2014	-0.115068	-0.226	0.226
  2015	-0.0924034	-0.226	0.226
  2016	-0.114603	-0.226	0.226
  2017	-0.109093	-0.226	0.226
  2018	-0.101217	-0.226	0.226
  2019	-0.0635224	-0.226	0.226
  2020	-0.116048	-0.226	0.226
  2021	-0.114975	-0.226	0.226
  2022	-0.076052	-0.226	0.226
  2023	-0.0851409	-0.226	0.226
  2024	-0.0820283	-0.226	0.226
  2025	-0.113814	-0.226	0.226
  2026	-0.0760295	-0.226	0.226
  2027	-0.0694582	-0.226	0.226
  2028	-0.112604	-0.226	0.226
  2029	-0.111068	-0.226	0.226
  2030	-0.0654035	-0.226	0.226
  2031	-0.0808081	-0.226	0.226
  2032	-0.0845483	-0.226	0.226
  2033	-0.101488	-0.226	0.226
  2034	-0.108632	-0.226	0.226
  2035	-0.0842458	-0.226	0.226
  2036	-0.0987589	-0.226	0.226
  2037	-0.0723421	-0.226	0.226
  2038	-0.0966441	-0.226	0.226
  2039	-0.103565	-0.226	0.226
  2040	-0.113066	-0.226	0.226
  2041	-0.108441	-0.226	0.226
  2042	-0.0858656	-0.226	0.226
  2043	-0.105152	-0.226	0.226
  2044	-0.0930164	-0.226	0.226
  2045	-0.0508612	-0.226	0.226
  2046	-0.106776	-0.226	0.226
  2047	-0.0708481	-0.226	0.226
  2048	-0.102859	-0.226	0.226
  2049	-0.105529	-0.226	0.226
  2050	-0.0974403	-0.226	0.226
  2051	-0.114312	-0.226	0.226
  2052	-0.0931375	-0.226	0.226
  2053	-0.0792205	-0.226	0.226
  2054	-0.110106	-0.226	0.226
  2055	-0.0773081	-0.226	0.226
  2056	-0.0649726	-0.226	0.226
  2057	-0.0848228	-0.226	0.226
  2058	-0.0894672	-0.226	0.226
  2059	-0.0547505	-0.226	0.226
  2060	-0.113354	-0.226	0.226
  2061	-0.111396	-0.226	0.226
  2062	-0.104049	-0.226	0.226
  2063	-0.0966237	-0.226	0.226
  2064	-0.063864	-0.226	0.226
  2065	-0.109898	-0.226	0.226
  2066	-0.0843142	-0.226	0.226
  2067	-0.0804505	-0.226	0.226
  2068	-0.0877935	-0.226	0.226
  2069	-0.104961	-0.226	0.226
  2070	-0.0520902	-0.226	0.226
  2071	-0.100574	-0.226	0.226
  2072	-0.114297	-0.226	0.226
  2073	-0.111768	-0.226	0.226
  2074	-0.0818211	-0.226	0.226
  2075	-0.105579	-0.226	0.226
  2076	-0.064743	-0.226	0.226
  2077	-0.114958	-0.226	0.226
  2078	-0.074109	-0.226	0.226
  2079	-0.115412	-0.226	0.226
  2080	-0.0465694	-0.226	0.226
  2081	-0.104672	-0.226	0.226
  2082	-0.0749008	-0.226	0.226
  2083	-0.113498	-0.226	0.226
  2084	-0.0900874	-0.226	0.226
  2085	-0.0759879	-0.226	0.226
  2086	-0.102315	-0.226	0.226
  2087	-0.114978	-0.226	0.226
  2088	-0.0593889	-0.226	0.226
  2089	-0.0991809	-0.226	0.226
  2090	-0.0829065	-0.226	0.226
  2091	-0.0641849	-0.226	0.226
  2092	-0.0617128	-0.226	0.226
  2093	-0.109498	-0.226	0.226
  2094	-0.0868928	-0.226	0.226
  2095	-0.0798265	-0.226	0.226
  2096	-0.112262	-0.226	0.226
  2097	-0.0636069	-0.226	0.226
  2098	-0.0860862	-0.226	0.226
  2099	-0.110629	-0.226	0.226
  2100	-0.115523	-0.226	0.226
  2101	-0.0502704	-0.226	0.226
  2102	-0.0937997	-0.226	0.226
  2103	-0.0997879	-0.226	0.226
  2104	-0.0961735	-0.226	0.226
  2105	-0.112671	-0.226	0.226
  2106	-0.108576	-0.226	0.226
  2107	-0.0958704	-0.226	0.226
  2108	-0.0816006	-0.226	0.226
  2109	-0.116328	-0.226	0.226
  2110	-0.116129	-0.226	0.226
  2111	-0.0860961	-0.226	0.226
  2112	-0.0995969	-0.226	0.226
  2113	-0.0915939	-0.226	0.226
  2114	-0.10805	-0.226	0.226
  2115	-0.0744702	-0.226	0.226
  2116	-0.104424	-0.226	0.226
  2117	-0.0973058	-0.226	0.226
  2118	-0.0887588	-0.226	0.226
  2119	-0.078118	-0.226	0.226
  2120	-0.11062	-0.226	0.226
  2121	-0.0996404	-0.226	0.226
  2122	-0.110227	-0.226	0.226
  2123	-0.0939068	-0.226	0.226
  2124	-0.0928179	-0.226	0.226
  2125	-0.0661604	-0.226	0.226
  2126	-0.0851321	-0.226	0.226
  2127	-0.110051	-0.226	0.226
  2128	-0.108089	-0.226	0.226
  2129	-0.114051	-0.226	0.226
  2130	-0.10869	-0.226	0.226
  2131	-0.0848049	-0.226	0.226
  2132	-0.114863	-0.226	0.226
  2133	-0.0492751	-0.226	0.226
  2134	-0.114756	-0.226	0.226
  2135	-0.109699	-0.226	0.226
  2136	-0.10477	-0.226	0.226
  2137	-0.0882452	-0.226	0.226
  2138	-0.0800744	-0.226	0.226
  2139	-0.101422	-0.226	0.226
  2140	-0.0895856	-0.226	0.226
  2141	-0.114748	-0.226	0.226
  2142	-0.10381	-0.226	0.226
  2143	-0.105723	-0.226	0.226
  2144	-0.075265	-0.226	0.226
  2145	-0.0900375	-0.226	0.226
  2146	-0.0802374	-0.226	0.226
  2147	-0.0814683	-0.226	0.226
  2148	-0.0778345	-0.226	0.226
  2149	-0.0807849	-0.226	0.226
  2150	-0.113431	-0.226	0.226
  2151	-0.0351693	-0.226	0.226
  2152	-0.068199	-0.226	0.226
  2153	-0.0992086	-0.226	0.226
  2154	-0.0818716	-0.226	0.226
  2155	-0.106003	-0.226	0.226
  2156	-0.115145	-0.226	0.226
  2157	-0.113733	-0.226	0.226
  2158	-0.0982494	-0.226	0.226
  2159	-0.0984487	-0.226	0.226
  2160	-0.0818217	-0.226	0.226
  2161	-0.104013	-0.226	0.226
  2162	-0.104014	-0.226	0.226
  2163	-0.112045	-0.226	0.226
  2164	-0.0965594	-0.226	0.226
  2165	-0.0583209	-0.226	0.226
  2166	-0.0890275	-0.226	0.226
  2167	-0.0824178	-0.226	0.226
  2168	-0.108419	-0.226	0.226
  2169	-0.111254	-0.226	0.226
  2170	-0.0952871	-0.226	0.226
  2171	-0.0778159	-0.226	0.226
  2172	-0.0502133	-0.226	0.226
  2173	-0.0812027	-0.226	0.226
  2174	-0.0741591	-0.226	0.226
  2175	-0.110036	-0.226	0.226
  2176	-0.107292	-0.226	0.226
  2177	-0.0792907	-0.226	0.226
  2178	-0.0734644	-0.226	0.226
  2179	-0.108374	-0.226	0.226
  2180	-0.086671	-0.226	0.226
  2181	-0.0693747	-0.226	0.226
  2182	-0.0841353	-0.226	0.226
  2183	-0.0761031	-0.226	0.226
  2184	-0.109713	-0.226	0.226
  2185	-0.072223	-0.226	0.226
  2186	-0.063015	-0.226	0.226
  2187	-0.0595483	-0.226	0.226
  2188	-0.105651	-0.226	0.226
  2189	-0.101973	-0.226	0.226
  2190	-0.101919	-0.226	0.226
  2191	-0.062857	-0.226	0.226
  2192	-0.0934298	-0.226	0.226
  2193	-0.0972323	-0.226	0.226
  2194	-0.0860804	-0.226	0.226
  2195	-0.114627	-0.226	0.226
  2196	-0.038453	-0.226	0.226
  2197	-0.099333	-0.226	0.226
  2198	-0.110438	-0.226	0.226
  2199	-0.101788	-0.226	0.226
  2200	-0.089988	-0.226	0.226
  2201	-0.105724	-0.226	0.226
  2202	-0.0909791	-0.226	0.226
  2203	-0.085021	-0.226	0.226
  2204	-0.104725	-0.226	0.226
  2205	-0.0992981	-0.226	0.226
  2206	-0.100888	-0.226	0.226
  2207	-0.0240181	-0.226	0.226
  2208	-0.113389	-0.226	0.226
  2209	-0.0541926	-0.226	0.226
  2210	-0.090955	-0.226	0.226
  2211	-0.0797349	-0.226	0.226
  2212	-0.113344	-0.226	0.226
  2213	-0.111184	-0.226	0.226
  2214	-0.115952	-0.226	0.226
  2215	-0.103628	-0.226	0.226
  2216	-0.0793015	-0.226	0.226
  2217	-0.114305	-0.226	0.226
  2218	-0.111381	-0.226	0.226
  2219	-0.0441116	-0.226	0.226
  2220	-0.104858	-0.226	0.226
  2221	-0.0792285	-0.226	0.226
  2222	-0.0904735	-0.226	0.226
  2223	-0.0357628	-0.226	0.226
  2224	-0.0807556	-0.226	0.226
  2225	-0.095517	-0.226	0.226
  2226	-0.111708	-0.226	0.226
  2227	-0.0901553	-0.226	0.226
  2228	-0.107773	-0.226	0.226
  2229	-0.109698	-0.226	0.226
  2230	-0.0651022	-0.226	0.226
  2231	-0.11109	-0.226	0.226
  2232	-0.0927277	-0.226	0.226
  2233	-0.0578763	-0.226	0.226
  2234	-0.0902847	-0.226	0.226
  2235	-0.107419	-0.226	0.226
  2236	-0.0757636	-0.226	0.226
  2237	-0.11458	-0.226	0.226
  2238	-0.0989052	-0.226	0.226
  2239	-0.0526487	-0.226	0.226
  2240	-0.0990984	-0.226	0.226
  2241	-0.114836	-0.226	0.226
  2242	-0.0955563	-0.226	0.226
  2243	-0.0706964	-0.226	0.226
  2244	-0.0981921	-0.226	0.226
  2245	-0.0908887	-0.226	0.226
  2246	-0.0758329	-0.226	0.226
  2247	-0.068579	-0.226	0.226
  2248	-0.0983118	-0.226	0.226
  2249	-0.10047	-0.226	0.226
  2250	-0.0886926	-0.226	0.226
  2251	-0.106701	-0.226	0.226
  2252	-0.089704	-0.226	0.226
  2253	-0.114245	-0.226	0.226
  2254	-0.0958532	-0.226	0.226
  2255	-0.0871585	-0.226	0.226
  2256	-0.0739302	-0.226	0.226
  2257	-0.0997453	-0.226	0.226
  2258	-0.113486	-0.226	0.226
  2259	-0.104109	-0.226	0.226
  2260	-0.0895533	-0.226	0.226
  2261	-0.0831902	-0.226	0.226
  2262	-0.11434	-0.226	0.226
  2263	-0.108055	-0.226	0.226
  2264	-0.111415	-0.226	0.226
  2265	-0.0919657	-0.226	0.226
  2266	-0.081646	-0.226	0.226
  2267	-0.10827	-0.226	0.226
  2268	-0.109907	-0.226	0.226
  2269	-0.0882453	-0.226	0.226
  2270	-0.0970476	-0.226	0.226
  2271	-0.0830077	-0.226	0.226
  2272	-0.103658	-0.226	0.226
  2273	-0.103043	-0.226	0.226
  2274	-0.0980034	-0.226	0.226
  2275	-0.0854729	-0.226	0.226
  2276	-0.111801	-0.226	0.226
  2277	-0.0986698	-0.226	0.226
  2278	-0.0462772	-0.226	0.226
  2279	-0.083262	-0.226	0.226
  2280	-0.107273	-0.226	0.226
  2281	-0.105154	-0.226	0.226
  2282	-0.0916443	-0.226	0.226
  2283	-0.102755	-0.226	0.226
  2284	-0.108316	-0.226	0.226
  2285	-0.0837743	-0.226	0.226
  2286	-0.0566917	-0.226	0.226
  2287	-0.110494	-0.226	0.226
  2288	-0.111764	-0.226	0.226
  2289	-0.0703156	-0.226	0.226
  2290	-0.101056	-0.226	0.226
  2291	-0.0798311	-0.226	0.226
  2292	-0.103926	-0.226	0.226
  2293	-0.0813895	-0.226	0.226
  2294	-0.0737917	-0.226	0.226
  2295	-0.107229	-0.226	0.226
  2296	-0.106111	-0.226	0.226
  2297	-0.0785234	-0.226	0.226
  2298	-0.0756656	-0.226	0.226
  2299	-0.104009	-0.226	0.226
  2300	-0.103087	-0.226	0.226
  2301	-0.111373	-0.226	0.226
  2302	-0.0738945	-0.226	0.226
  2303	-0.105509	-0.226	0.226
  2304	-0.115489	-0.226	0.226
  2305	-0.114959	-0.226	0.226
  2306	-0.0752345	-0.226	0.226
  2307	-0.112603	-0.226	0.226
  2308	-0.0822646	-0.226	0.226
  2309	-0.0540747	-0.226	0.226
  2310	-0.107738	-0.226	0.226
  2311	-0.0324715	-0.226	0.226
  2312	-0.0788065	-0.226	0.226
  2313	-0.112956	-0.226	0.226
  2314	-0.095926	-0.226	0.226
  2315	-0.0974014	-0.226	0.226
  2316	-0.100415	-0.226	0.226
  2317	-0.0957952	-0.226	0.226
  2318	-0.0918459	-0.226	0.226
  2319	-0.0717283	-0.226	0.226
  2320	-0.10884	-0.226	0.226
  2321	-0.115786	-0.226	0.226
  2322	-0.0994172	-0.226	0.226
  2323	-0.0819134	-0.226	0.226
  2324	-0.0665956	-0.226	0.226
  2325	-0.108633	-0.226	0.226
  2326	-0.0977262	-0.226	0.226
  2327	-0.105791	-0.226	0.226
  2328	-0.0869026	-0.226	0.226
  2329	-0.0895344	-0.226	0.226
  2330	-0.114291	-0.226	0.226
  2331	-0.103027	-0.226	0.226
  2332	-0.112906	-0.226	0.226
  2333	-0.109351	-0.226	0.226
  2334	-0.114074	-0.226	0.226
  2335	-0.0745577	-0.226	0.226
  2336	-0.113797	-0.226	0.226
  2337	-0.075901	-0.226	0.226
  2338	-0.0940973	-0.226	0.226
  2339	-0.0813923	-0.226	0.226
  2340	-0.080875	-0.226	0.226
  2341	-0.0828306	-0.226	0.226
  2342	-0.114752	-0.226	0.226
  2343	-0.0816767	-0.226	0.226
  2344	-0.10976	-0.226	0.226
  2345	-0.0721471	-0.226	0.226
  2346	-0.07506	-0.226	0.226
  2347	-0.113603	-0.226	0.226
  2348	-0.0791367	-0.226	0.226
  2349	-0.112353	-0.226	0.226
  2350	-0.0559278	-0.226	0.226
  2351	-0.1077	-0.226	0.226
  2352	-0.0999063	-0.226	0.226
  2353	-0.0839809	-0.226	0.226
  2354	-0.109457	-0.226	0.226
  2355	-0.101151	-0.226	0.226
  2356	-0.072329	-0.226	0.226
  2357	-0.0696252	-0.226	0.226
  2358	-0.0820894	-0.226	0.226
  2359	-0.0902676	-0.226	0.226
  2360	-0.0980147	-0.226	0.226
  2361	-0.110457	-0.226	0.226
  2362	-0.0789082	-0.226	0.226
  2363	-0.0442956	-0.226	0.226
  2364	-0.0813844	-0.226	0.226
  2365	-0.104624	-0.226	0.226
  2366	-0.109561	-0.226	0.226
  2367	-0.0721783	-0.226	0.226
  2368	-0.0678523	-0.226	0.226
  2369	-0.0938042	-0.226	0.226
  2370	-0.111969	-0.226	0.226
  2371	-0.115389	-0.226	0.226
  2372	-0.111746	-0.226	0.226
  2373	-0.080205	-0.226	0.226
  2374	-0.08653	-0.226	0.226
  2375	-0.0985396	-0.226	0.226
  2376	-0.0641544	-0.226	0.226
  2377	-0.0776794	-0.226	0.226
  2378	-0.107558	-0.226	0.226
  2379	-0.0959989	-0.226	0.226
  2380	-0.0881184	-0.226	0.226
  2381	-0.111005	-0.226	0.226
  2382	-0.0917925	-0.226	0.226
  2383	-0.107028	-0.226	0.226
  2384	-0.0742394	-0.226	0.226
  2385	-0.0828086	-0.226	0.226
  2386	-0.10949	-0.226	0.226
  2387	-0.0861135	-0.226	0.226
  2388	-0.104492	-0.226	0.226
  2389	-0.111571	-0.226	0.226
  2390	-0.113832	-0.226	0.226
  2391	-0.104237	-0.226	0.226
  2392	-0.112355	-0.226	0.226
  2393	-0.103906	-0.226	0.226
  2394	-0.0897871	-0.226	0.226
  2395	-0.0718972	-0.226	0.226
  2396	-0.108364	-0.226	0.226
  2397	-0.0945394	-0.226	0.226
  2398	-0.103086	-0.226	0.226
  2399	-0.0787428	-0.226	0.226
  2400	-0.0918712	-0.226	0.226
  2401	-0.104097	-0.226	0.226
  2402	-0.0651019	-0.226	0.226
  2403	-0.036024	-0.226	0.226
  2404	-0.0771347	-0.226	0.226
  2405	-0.0596341	-0.226	0.226
  2406	-0.105539	-0.226	0.226
  2407	-0.0971199	-0.226	0.226
  2408	-0.111539	-0.226	0.226
  2409	-0.0997563	-0.226	0.226
  2410	-0.0757197	-0.226	0.226
  2411	-0.11234	-0.226	0.226
  2412	-0.0976462	-0.226	0.226
  2413	-0.0874118	-0.226	0.226
  2414	-0.109744	-0.226	0.226
  2415	-0.114064	-0.226	0.226
  2416	-0.0701802	-0.226	0.226
  2417	-0.114427	-0.226	0.226
  2418	-0.0934694	-0.226	0.226
  2419	-0.0717369	-0.226	0.226
  2420	-0.0861109	-0.226	0.226
  2421	-0.100868	-0.226	0.226
  2422	-0.103315	-0.226	0.226
  2423	-0.112887	-0.226	0.226
  2424	-0.109608	-0.226	0.226
  2425	-0.0831798	-0.226	0.226
  2426	-0.113955	-0.226	0.226
  2427	-0.0877298	-0.226	0.226
  2428	-0.0932152	-0.226	0.226
  2429	-0.102121	-0.226	0.226
  2430	-0.094907	-0.226	0.226
  2431	-0.113923	-0.226	0.226
  2432	-0.0901964	-0.226	0.226
  2433	-0.103678	-0.226	0.226
  2434	-0.10468	-0.226	0.226
  2435	-0.0986834	-0.226	0.226
  2436	-0.0975323	-0.226	0.226
  2437	-0.0670286	-0.226	0.226
  2438	-0.106032	-0.226	0.226
  2439	-0.0917319	-0.226	0.226
  2440	-0.0991153	-0.226	0.226
  2441	-0.0929181	-0.226	0.226
  2442	-0.109415	-0.226	0.226
  2443	-0.108687	-0.226	0.226
  2444	-0.067746	-0.226	0.226
  2445	-0.114504	-0.226	0.226
  2446	-0.0943591	-0.226	0.226
  2447	-0.111074	-0.226	0.226
  2448	-0.087114	-0.226	0.226
  2449	-0.0960833	-0.226	0.226
  2450	-0.111845	-0.226	0.226
  2451	-0.0920081	-0.226	0.226
  2452	-0.0703783	-0.226	0.226
  2453	-0.0876947	-0.226	0.226
  2454	-0.103478	-0.226	0.226
  2455	-0.0830656	-0.226	0.226
  2456	-0.113787	-0.226	0.226
  2457	-0.115365	-0.226	0.226
  2458	-0.106578	-0.226	0.226
  2459	-0.108145	-0.226	0.226
  2460	-0.0704899	-0.226	0.226
  2461	-0.0972867	-0.226	0.226
  2462	-0.0696699	-0.226	0.226
  2463	-0.103808	-0.226	0.226
  2464	-0.0860371	-0.226	0.226
  2465	-0.0587633	-0.226	0.226
  2466	-0.104814	-0.226	0.226
  2467	-0.0700319	-0.226	0.226
  2468	-0.0997261	-0.226	0.226
  2469	-0.113599	-0.226	0.226
  2470	-0.108331	-0.226	0.226
  2471	-0.0434454	-0.226	0.226
  2472	-0.100458	-0.226	0.226
  2473	-0.0928475	-0.226	0.226
  2474	-0.0868923	-0.226	0.226
  2475	-0.0919342	-0.226	0.226
  2476	-0.0910686	-0.226	0.226
  2477	-0.108887	-0.226	0.226
  2478	-0.102647	-0.226	0.226
  2479	-0.113189	-0.226	0.226
  2480	-0.0973961	-0.226	0.226
  2481	-0.0752754	-0.226	0.226
  2482	-0.0501743	-0.226	0.226
  2483	-0.0936053	-0.226	0.226
  2484	-0.0769548	-0.226	0.226
  2485	-0.0792204	-0.226	0.226
  2486	-0.104295	-0.226	0.226
  2487	-0.109731	-0.226	0.226
  2488	-0.106307	-0.226	0.226
  2489	-0.108941	-0.226	0.226
  2490	-0.0977876	-0.226	0.226
  2491	-0.100455	-0.226	0.226
  2492	-0.0762967	-0.226	0.226
  2493	-0.0731294	-0.226	0.226
  2494	-0.0950622	-0.226	0.226
  2495	-0.0977492	-0.226	0.226
  2496	-0.0909144	-0.226	0.226
  2497	-0.112976	-0.226	0.226
  2498	-0.082652	-0.226	0.226
  2499	-0.102725	-0.226	0.226
  2500	-0.0546136	-0.226	0.226
  2501	-0.091516	-0.226	0.226
  2502	-0.0818665	-0.226	0.226
  2503	-0.107758	-0.226	0.226
  2504	-0.108248	-0.226	0.226
  2505	-0.0339026	-0.226	0.226
  2506	-0.0982939	-0.226	0.226
  2507	-0.113585	-0.226	0.226
  2508	-0.0912317	-0.226	0.226
  2509	-0.106376	-0.226	0.226
  2510	-0.0936619	-0.226	0.226
  2511	-0.0848685	-0.226	0.226
  2512	-0.0999546	-0.226	0.226
  2513	-0.0790317	-0.226	0.226
  2514	-0.115351	-0.226	0.226
  2515	-0.108392	-0.226	0.226
  2516	-0.09059	-0.226	0.226
  2517	-0.0511221	-0.226	0.226
  2518	-0.0873936	-0.226	0.226
  2519	-0.101697	-0.226	0.226
  2520	-0.0855566	-0.226	0.226
  2521	-0.103293	-0.226	0.226
  2522	-0.109936	-0.226	0.226
  2523	-0.0770192	-0.226	0.226
  2524	-0.105109	-0.226	0.226
  2525	-0.112664	-0.226	0.226
  2526	-0.111079	-0.226	0.226
  2527	-0.114528	-0.226	0.226
  2528	-0.0747961	-0.226	0.226
  2529	-0.0810773	-0.226	0.226
  2530	-0.0898614	-0.226	0.226
  2531	-0.113847	-0.226	0.226
  2532	-0.0853001	-0.226	0.226
  2533	-0.0635987	-0.226	0.226
  2534	-0.114349	-0.226	0.226
  2535	-0.0925833	-0.226	0.226
  2536	-0.0912549	-0.226	0.226
  2537	-0.108663	-0.226	0.226
  2538	-0.0774184	-0.226	0.226
  2539	-0.114924	-0.226	0.226
  2540	-0.105508	-0.226	0.226
  2541	-0.0899057	-0.226	0.226
  2542	-0.113361	-0.226	0.226
  2543	-0.0779774	-0.226	0.226
  2544	-0.0923733	-0.226	0.226
  2545	-0.111625	-0.226	0.226
  2546	-0.104206	-0.226	0.226
  2547	-0.112566	-0.226	0.226
  2548	-0.116342	-0.226	0.226
  2549	-0.0774509	-0.226	0.226
  2550	-0.10732	-0.226	0.226
  2551	-0.0783021	-0.226	0.226
  2552	-0.105674	-0.226	0.226
  2553	-0.0866448	-0.226	0.226
  2554	-0.107148	-0.226	0.226
  2555	-0.0765681	-0.226	0.226
  2556	-0.0667958	-0.226	0.226
  2557	-0.0731742	-0.226	0.226
  2558	-0.0741431	-0.226	0.226
  2559	-0.0854001	-0.226	0.226
  2560	-0.0707568	-0.226	0.226
  2561	-0.0756773	-0.226	0.226
  2562	-0.11394	-0.226	0.226
  2563	-0.110192	-0.226	0.226
  2564	-0.105558	-0.226	0.226
  2565	-0.0993588	-0.226	0.226
  2566	-0.087197	-0.226	0.226
  2567	-0.08252	-0.226	0.226
  2568	-0.0834728	-0.226	0.226
  2569	-0.0698308	-0.226	0.226
  2570	-0.101454	-0.226	0.226
  2571	-0.105695	-0.226	0.226
  2572	-0.098333	-0.226	0.226
  2573	-0.0983366	-0.226	0.226
  2574	-0.0880828	-0.226	0.226
  2575	-0.105515	-0.226	0.226
  2576	-0.0835443	-0.226	0.226
  2577	-0.0759435	-0.226	0.226
  2578	-0.104936	-0.226	0.226
  2579	-0.107639	-0.226	0.226
  2580	-0.11411	-0.226	0.226
  2581	-0.103199	-0.226	0.226
  2582	-0.0782878	-0.226	0.226
  2583	-0.103689	-0.226	0.226
  2584	-0.10187	-0.226	0.226
  2585	-0.0689907	-0.226	0.226
  2586	-0.102837	-0.226	0.226
  2587	-0.112966	-0.226	0.226
  2588	-0.0488057	-0.226	0.226
  2589	-0.0785602	-0.226	0.226
  2590	-0.10312	-0.226	0.226
  2591	-0.0900876	-0.226	0.226
  2592	-0.103312	-0.226	0.226
  2593	-0.0947151	-0.226	0.226
  2594	-0.114351	-0.226	0.226
  2595	-0.100582	-0.226	0.226
  2596	-0.0945462	-0.226	0.226
  2597	-0.0824829	-0.226	0.226
  2598	-0.107978	-0.226	0.226
  2599	-0.104406	-0.226	0.226
  2600	-0.0981346	-0.226	0.226
  2601	-0.0778227	-0.226	0.226
  2602	-0.082921	-0.226	0.226
  2603	-0.115818	-0.226	0.226
  2604	-0.113157	-0.226	0.226
  2605	-0.0934737	-0.226	0.226
  2606	-0.113301	-0.226	0.226
  2607	-0.113394	-0.226	0.226
  2608	-0.077089	-0.226	0.226
  2609	-0.114808	-0.226	0.226
  2610	-0.0760648	-0.226	0.226
  2611	-0.111784	-0.226	0.226
  2612	-0.101412	-0.226	0.226
  2613	-0.106005	-0.226	0.226
  2614	-0.104221	-0.226	0.226
  2615	-0.10871	-0.226	0.226
  2616	-0.114367	-0.226	0.226
  2617	-0.110872	-0.226	0.226
  2618	-0.113241	-0.226	0.226
  2619	-0.0968914	-0.226	0.226
  2620	-0.115859	-0.226	0.226
  2621	-0.108152	-0.226	0.226
  2622	-0.113916	-0.226	0.226
  2623	-0.106658	-0.226	0.226
  2624	-0.082508	-0.226	0.226
  2625	-0.11068	-0.226	0.226
  2626	-0.0949181	-0.226	0.226
  2627	-0.0872827	-0.226	0.226
  2628	-0.0632911	-0.226	0.226
  2629	-0.113536	-0.226	0.226
  2630	-0.0881397	-0.226	0.226
  2631	-0.115153	-0.226	0.226
  2632	-0.0895106	-0.226	0.226
  2633	-0.0950757	-0.226	0.226
  2634	-0.0724417	-0.226	0.226
  2635	-0.0881342	-0.226	0.226
  2636	-0.0956507	-0.226	0.226
  2637	-0.0953425	-0.226	0.226
  2638	-0.0603483	-0.226	0.226
  2639	-0.092027	-0.226	0.226
  2640	-0.0932013	-0.226	0.226
  2641	-0.0980593	-0.226	0.226
  2642	-0.0875636	-0.226	0.226
  2643	-0.101814	-0.226	0.226
  2644	-0.0707415	-0.226	0.226
  2645	-0.0886654	-0.226	0.226
  2646	-0.105398	-0.226	0.226
  2647	-0.0712643	-0.226	0.226
  2648	-0.106188	-0.226	0.226
  2649	-0.112416	-0.226	0.226
  2650	-0.0887255	-0.226	0.226
  2651	-0.107525	-0.226	0.226
  2652	-0.0758537	-0.226	0.226
  2653	-0.0749082	-0.226	0.226
  2654	-0.0759758	-0.226	0.226
  2655	-0.112233	-0.226	0.226
  2656	-0.105935	-0.226	0.226
  2657	-0.104739	-0.226	0.226
  2658	-0.08986	-0.226	0.226
  2659	-0.107962	-0.226	0.226
  2660	-0.104087	-0.226	0.226
  2661	-0.10328	-0.226	0.226
  2662	-0.114663	-0.226	0.226
  2663	-0.0952617	-0.226	0.226
  2664	-0.100748	-0.226	0.226
  2665	-0.112324	-0.226	0.226
  2666	-0.0562393	-0.226	0.226
  2667	-0.100618	-0.226	0.226
  2668	-0.0877765	-0.226	0.226
  2669	-0.111309	-0.226	0.226
  2670	-0.0948642	-0.226	0.226
  2671	-0.0677326	-0.226	0.226
  2672	-0.0852371	-0.226	0.226
  2673	-0.106469	-0.226	0.226
  2674	-0.0739212	-0.226	0.226
  2675	-0.0880418	-0.226	0.226
  2676	-0.0860014	-0.226	0.226
  2677	-0.0879663	-0.226	0.226
  2678	-0.0856646	-0.226	0.226
  2679	-0.110597	-0.226	0.226
  2680	-0.107741	-0.226	0.226
  2681	-0.0874056	-0.226	0.226
  2682	-0.112036	-0.226	0.226
  2683	-0.100753	-0.226	0.226
  2684	-0.0893891	-0.226	0.226
  2685	-0.0774451	-0.226	0.226
  2686	-0.105891	-0.226	0.226
  2687	-0.0786436	-0.226	0.226
  2688	-0.0675395	-0.226	0.226
  2689	-0.0883595	-0.226	0.226
  2690	-0.104066	-0.226	0.226
  2691	-0.0877868	-0.226	0.226
  2692	-0.0676864	-0.226	0.226
  2693	-0.115206	-0.226	0.226
  2694	-0.107569	-0.226	0.226
  2695	-0.0997993	-0.226	0.226
  2696	-0.0754009	-0.226	0.226
  2697	-0.0960614	-0.226	0.226
  2698	-0.0577214	-0.226	0.226
  2699	-0.094377	-0.226	0.226
  2700	-0.09911	-0.226	0.226
  2701	-0.111115	-0.226	0.226
  2702	-0.103135	-0.226	0.226
  2703	-0.0594834	-0.226	0.226
  2704	-0.0858442	-0.226	0.226
  2705	-0.114242	-0.226	0.226
  2706	-0.106179	-0.226	0.226
  2707	-0.107106	-0.226	0.226
  2708	-0.0843721	-0.226	0.226
  2709	-0.0397234	-0.226	0.226
  2710	-0.112757	-0.226	0.226
  2711	-0.0926496	-0.226	0.226
  2712	-0.0840715	-0.226	0.226
  2713	-0.115444	-0.226	0.226
  2714	-0.109727	-0.226	0.226
  2715	-0.101691	-0.226	0.226
  2716	-0.0744601	-0.226	0.226
  2717	-0.0682321	-0.226	0.226
  2718	-0.110683	-0.226	0.226
  2719	-0.112438	-0.226	0.226
  2720	-0.0534569	-0.226	0.226
  2721	-0.0671677	-0.226	0.226
  2722	-0.0749656	-0.226	0.226
  2723	-0.0763908	-0.226	0.226
  2724	-0.0865126	-0.226	0.226
  2725	-0.0820987	-0.226	0.226
  2726	-0.0944859	-0.226	0.226
  2727	-0.0956841	-0.226	0.226
  2728	-0.0940266	-0.226	0.226
  2729	-0.096464	-0.226	0.226
  2730	-0.0729891	-0.226	0.226
  2731	-0.101606	-0.226	0.226
  2732	-0.103783	-0.226	0.226
  2733	-0.104661	-0.226	0.226
  2734	-0.114582	-0.226	0.226
  2735	-0.102273	-0.226	0.226
  2736	-0.109144	-0.226	0.226
  2737	-0.113313	-0.226	0.226
  2738	-0.0568148	-0.226	0.226
  2739	-0.0942341	-0.226	0.226
  2740	-0.107155	-0.226	0.226
  2741	-0.0590168	-0.226	0.226
  2742	-0.0894441	-0.226	0.226
  2743	-0.113134	-0.226	0.226
  2744	-0.111221	-0.226	0.226
  2745	-0.0980272	-0.226	0.226
  2746	-0.0866983	-0.226	0.226
  2747	-0.103013	-0.226	0.226
  2748	-0.1069	-0.226	0.226
  2749	-0.0990057	-0.226	0.226
  2750	-0.109823	-0.226	0.226
  2751	-0.0918305	-0.226	0.226
  2752	-0.0496113	-0.226	0.226
  2753	-0.0745207	-0.226	0.226
  2754	-0.0954685	-0.226	0.226
  2755	-0.0876695	-0.226	0.226
  2756	-0.0756816	-0.226	0.226
  2757	-0.0887605	-0.226	0.226
  2758	-0.113119	-0.226	0.226
  2759	-0.0943126	-0.226	0.226
  2760	-0.110146	-0.226	0.226
  2761	-0.104655	-0.226	0.226
  2762	-0.0750447	-0.226	0.226
  2763	-0.0687567	-0.226	0.226
  2764	-0.094494	-0.226	0.226
  2765	-0.102388	-0.226	0.226
  2766	-0.111455	-0.226	0.226
  2767	-0.0990325	-0.226	0.226
  2768	-0.104107	-0.226	0.226
  2769	-0.109583	-0.226	0.226
  2770	-0.109586	-0.226	0.226
  2771	-0.0979603	-0.226	0.226
  2772	-0.114185	-0.226	0.226
  2773	-0.0813129	-0.226	0.226
  2774	-0.101432	-0.226	0.226
  2775	-0.103218	-0.226	0.226
  2776	-0.0816289	-0.226	0.226
  2777	-0.0427396	-0.226	0.226
  2778	-0.0939437	-0.226	0.226
  2779	-0.115921	-0.226	0.226
  2780	-0.113223	-0.226	0.226
  2781	-0.0627576	-0.226	0.226
  2782	-0.106819	-0.226	0.226
  2783	-0.107232	-0.226	0.226
  2784	-0.108203	-0.226	0.226
  2785	-0.0847081	-0.226	0.226
  2786	-0.112941	-0.226	0.226
  2787	-0.0790519	-0.226	0.226
  2788	-0.084465	-0.226	0.226
  2789	-0.112746	-0.226	0.226
  2790	-0.113838	-0.226	0.226
  2791	-0.106888	-0.226	0.226
  2792	-0.0909309	-0.226	0.226
  2793	-0.111569	-0.226	0.226
  2794	-0.0642813	-0.226	0.226
  2795	-0.104175	-0.226	0.226
  2796	-0.107598	-0.226	0.226
  2797	-0.103419	-0.226	0.226
  2798	-0.0664269	-0.226	0.226
  2799	-0.0871137	-0.226	0.226
  2800	-0.104133	-0.226	0.226
  2801	-0.113554	-0.226	0.226
  2802	-0.0997516	-0.226	0.226
  2803	-0.0847463	-0.226	0.226
  2804	-0.0956834	-0.226	0.226
  2805	-0.102765	-0.226	0.226
  2806	-0.0912787	-0.226	0.226
  2807	-0.0679547	-0.226	0.226
  2808	-0.0947908	-0.226	0.226
  2809	-0.0981082	-0.226	0.226
  2810	-0.0959896	-0.226	0.226
  2811	-0.0895449	-0.226	0.226
  2812	-0.110543	-0.226	0.226
  2813	-0.0947711	-0.226	0.226
  2814	-0.0770087	-0.226	0.226
  2815	-0.0894363	-0.226	0.226
  2816	-0.0921446	-0.226	0.226
  2817	-0.0583272	-0.226	0.226
  2818	-0.110281	-0.226	0.226
  2819	-0.0775507	-0.226	0.226
  2820	-0.0472367	-0.226	0.226
  2821	-0.104451	-0.226	0.226
  2822	-0.0888676	-0.226	0.226
  2823	-0.115834	-0.226	0.226
  2824	-0.10057	-0.226	0.226
  2825	-0.0626451	-0.226	0.226
  2826	-0.113172	-0.226	0.226
  2827	-0.107937	-0.226	0.226
  2828	-0.0988503	-0.226	0.226
  2829	-0.105457	-0.226	0.226
  2830	-0.115352	-0.226	0.226
  2831	-0.0848853	-0.226	0.226
  2832	-0.112407	-0.226	0.226
  2833	-0.0559144	-0.226	0.226
  2834	-0.0835255	-0.226	0.226
  2835	-0.115339	-0.226	0.226
  2836	-0.0868401	-0.226	0.226
  2837	-0.0888206	-0.226	0.226
  2838	-0.0885646	-0.226	0.226
  2839	-0.111319	-0.226	0.226
  2840	-0.101197	-0.226	0.226
  2841	-0.0522219	-0.226	0.226
  2842	-0.099727	-0.226	0.226
  2843	-0.0722568	-0.226	0.226
  2844	-0.114341	-0.226	0.226
  2845	-0.0526353	-0.226	0.226
  2846	-0.111055	-0.226	0.226
  2847	-0.0416915	-0.226	0.226
  2848	-0.109119	-0.226	0.226
  2849	-0.109032	-0.226	0.226
  2850	-0.114508	-0.226	0.226
  2851	-0.114112	-0.226	0.226
  2852	-0.0967744	-0.226	0.226
  2853	-0.0986	-0.226	0.226
  2854	-0.114951	-0.226	0.226
  2855	-0.113337	-0.226	0.226
  2856	-0.100776	-0.226	0.226
  2857	-0.0980825	-0.226	0.226
  2858	-0.101942	-0.226	0.226
  2859	-0.101575	-0.226	0.226
  2860	-0.101484	-0.226	0.226
  2861	-0.110402	-0.226	0.226
  2862	-0.111987	-0.226	0.226
  2863	-0.0961537	-0.226	0.226
  2864	-0.0895411	-0.226	0.226
  2865	-0.0786956	-0.226	0.226
  2866	-0.112919	-0.226	0.226
  2867	-0.108264	-0.226	0.226
  2868	-0.085262	-0.226	0.226
  2869	-0.101039	-0.226	0.226
  2870	-0.111292	-0.226	0.226
  2871	-0.0954402	-0.226	0.226
  2872	-0.111735	-0.226	0.226
  2873	-0.0939281	-0.226	0.226
  2874	-0.0854994	-0.226	0.226
  2875	-0.0763158	-0.226	0.226
  2876	-0.110242	-0.226	0.226
  2877	-0.0889766	-0.226	0.226
  2878	-0.113828	-0.226	0.226
  2879	-0.114152	-0.226	0.226
  2880	-0.0769096	-0.226	0.226
  2881	-0.0883859	-0.226	0.226
  2882	-0.103984	-0.226	0.226
  2883	-0.102194	-0.226	0.226
  2884	-0.0963186	-0.226	0.226
  2885	-0.113203	-0.226	0.226
  2886	-0.0694782	-0.226	0.226
  2887	-0.0600991	-0.226	0.226
  2888	-0.0935229	-0.226	0.226
  2889	-0.0892911	-0.226	0.226
  2890	-0.0637787	-0.226	0.226
  2891	-0.0384067	-0.226	0.226
  2892	-0.113793	-0.226	0.226
  2893	-0.0840766	-0.226	0.226
  2894	-0.0738643	-0.226	0.226
  2895	-0.0527275	-0.226	0.226
  2896	-0.0667753	-0.226	0.226
  2897	-0.103235	-0.226	0.226
  2898	-0.115858	-0.226	0.226
  2899	-0.112338	-0.226	0.226
  2900	-0.0884079	-0.226	0.226
  2901	-0.116479	-0.226	0.226
  2902	-0.0997017	-0.226	0.226
  2903	-0.0969359	-0.226	0.226
  2904	-0.0656211	-0.226	0.226
  2905	-0.0992681	-0.226	0.226
  2906	-0.105347	-0.226	0.226
  2907	-0.0870602	-0.226	0.226
  2908	-0.103894	-0.226	0.226
  2909	-0.114563	-0.226	0.226
  2910	-0.0864554	-0.226	0.226
  2911	-0.0981249	-0.226	0.226
  2912	-0.113351	-0.226	0.226
  2913	-0.0803143	-0.226	0.226
  2914	-0.0779726	-0.226	0.226
  2915	-0.0931124	-0.226	0.226
  2916	-0.0709411	-0.226	0.226
  2917	-0.115382	-0.226	0.226
  2918	-0.0884176	-0.226	0.226
  2919	-0.088399	-0.226	0.226
  2920	-0.0868293	-0.226	0.226
  2921	-0.102755	-0.226	0.226
  2922	-0.105792	-0.226	0.226
  2923	-0.095385	-0.226	0.226
  2924	-0.0984974	-0.226	0.226
  2925	-0.112349	-0.226	0.226
  2926	-0.0779258	-0.226	0.226
  2927	-0.102606	-0.226	0.226
  2928	-0.10772	-0.226	0.226
  2929	-0.0876701	-0.226	0.226
  2930	-0.115707	-0.226	0.226
  2931	-0.0854847	-0.226	0.226
  2932	-0.112803	-0.226	0.226
  2933	-0.0345866	-0.226	0.226
  2934	-0.0981028	-0.226	0.226
  2935	-0.0875573	-0.226	0.226
  2936	-0.0921537	-0.226	0.226
  2937	-0.0688925	-0.226	0.226
  2938	-0.0790388	-0.226	0.226
  2939	-0.0984293	-0.226	0.226
  2940	-0.111352	-0.226	0.226
  2941	-0.0973764	-0.226	0.226
  2942	-0.0755382	-0.226	0.226
  2943	-0.112966	-0.226	0.226
  2944	-0.0869921	-0.226	0.226
  2945	-0.0973293	-0.226	0.226
  2946	-0.107429	-0.226	0.226
  2947	-0.0869582	-0.226	0.226
  2948	-0.109167	-0.226	0.226
  2949	-0.0877167	-0.226	0.226
  2950	-0.0946144	-0.226	0.226
  2951	-0.0974803	-0.226	0.226
  2952	-0.0997792	-0.226	0.226
  2953	-0.0760753	-0.226	0.226
  2954	-0.0952889	-0.226	0.226
  2955	-0.100496	-0.226	0.226
  2956	-0.106607	-0.226	0.226
  2957	-0.0607873	-0.226	0.226
  2958	-0.0881402	-0.226	0.226
  2959	-0.102964	-0.226	0.226
  2960	-0.0710357	-0.226	0.226
  2961	-0.0999753	-0.226	0.226
  2962	-0.0909773	-0.226	0.226
  2963	-0.115526	-0.226	0.226
  2964	-0.115591	-0.226	0.226
  2965	-0.0843502	-0.226	0.226
  2966	-0.0850891	-0.226	0.226
  2967	-0.0668615	-0.226	0.226
  2968	-0.113016	-0.226	0.226
  2969	-0.11575	-0.226	0.226
  2970	-0.0943363	-0.226	0.226
  2971	-0.0778818	-0.226	0.226
  2972	-0.111054	-0.226	0.226
  2973	-0.0803999	-0.226	0.226
  2974	-0.0809378	-0.226	0.226
  2975	-0.0849137	-0.226	0.226
  2976	-0.10036	-0.226	0.226
  2977	-0.116017	-0.226	0.226
  2978	-0.0657317	-0.226	0.226
  2979	-0.0894215	-0.226	0.226
  2980	-0.104333	-0.226	0.226
  2981	-0.105397	-0.226	0.226
  2982	-0.101638	-0.226	0.226
  2983	-0.101243	-0.226	0.226
  2984	-0.0913957	-0.226	0.226
  2985	-0.101973	-0.226	0.226
  2986	-0.0863423	-0.226	0.226
  2987	-0.111706	-0.226	0.226
  2988	-0.109821	-0.226	0.226
  2989	-0.0792945	-0.226	0.226
  2990	-0.0639611	-0.226	0.226
  2991	-0.0716669	-0.226	0.226
  2992	-0.097759	-0.226	0.226
  2993	-0.112461	-0.226	0.226
  2994	-0.0725147	-0.226	0.226
  2995	-0.112951	-0.226	0.226
  2996	-0.113162	-0.226	0.226
  2997	-0.0563845	-0.226	0.226
  2998	-0.112704	-0.226	0.226
  2999	-0.0837132	-0.226	0.226
  3000	-0.106848	-0.226	0.226
  3001	-0.11588	-0.226	0.226
  3002	-0.112584	-0.226	0.226
  3003	-0.0950053	-0.226	0.226
  3004	-0.0795397	-0.226	0.226
  3005	-0.0993352	-0.226	0.226
  3006	-0.066412	-0.226	0.226
  3007	-0.0864843	-0.226	0.226
  3008	-0.115509	-0.226	0.226
  3009	-0.112911	-0.226	0.226
  3010	-0.0915875	-0.226	0.226
  3011	-0.111326	-0.226	0.226
  3012	-0.11378	-0.226	0.226
  3013	-0.0796187	-0.226	0.226
  3014	-0.0917139	-0.226	0.226
  3015	-0.0971395	-0.226	0.226
  3016	-0.116448	-0.226	0.226
  3017	-0.106595	-0.226	0.226
  3018	-0.0699225	-0.226	0.226
  3019	-0.11129	-0.226	0.226
  3020	-0.0767445	-0.226	0.226
  3021	-0.0794347	-0.226	0.226
  3022	-0.105387	-0.226	0.226
  3023	-0.111217	-0.226	0.226
  3024	-0.109734	-0.226	0.226
  3025	-0.110697	-0.226	0.226
  3026	-0.0507423	-0.226	0.226
  3027	-0.0678358	-0.226	0.226
  3028	-0.111991	-0.226	0.226
  3029	-0.083281	-0.226	0.226
  3030	-0.106009	-0.226	0.226
  3031	-0.0785515	-0.226	0.226
  3032	-0.0792025	-0.226	0.226
  3033	-0.0614416	-0.226	0.226
  3034	-0.104108	-0.226	0.226
  3035	-0.09751	-0.226	0.226
  3036	-0.0642128	-0.226	0.226
  3037	-0.0902515	-0.226	0.226
  3038	-0.0570331	-0.226	0.226
  3039	-0.111218	-0.226	0.226
  3040	-0.0970586	-0.226	0.226
  3041	-0.0946117	-0.226	0.226
  3042	-0.0807491	-0.226	0.226
  3043	-0.0669531	-0.226	0.226
  3044	-0.113938	-0.226	0.226
  3045	-0.114316	-0.226	0.226
  3046	-0.0896238	-0.226	0.226
  3047	-0.0987922	-0.226	0.226
  3048	-0.0933716	-0.226	0.226
  3049	-0.0408878	-0.226	0.226
  3050	-0.0988063	-0.226	0.226
  3051	-0.113502	-0.226	0.226
  3052	-0.073606	-0.226	0.226
  3053	-0.115532	-0.226	0.226
  3054	-0.0382782	-0.226	0.226
  3055	-0.104111	-0.226	0.226
  3056	-0.103765	-0.226	0.226
  3057	-0.0817969	-0.226	0.226
  3058	-0.115009	-0.226	0.226
  3059	-0.0762443	-0.226	0.226
  3060	-0.104345	-0.226	0.226
  3061	-0.11567	-0.226	0.226
  3062	-0.0829966	-0.226	0.226
  3063	-0.104566	-0.226	0.226
  3064	-0.0804786	-0.226	0.226
  3065	-0.0818396	-0.226	0.226
  3066	-0.102653	-0.226	0.226
  3067	-0.0651416	-0.226	0.226
  3068	-0.0933237	-0.226	0.226
  3069	-0.0643387	-0.226	0.226
  3070	-0.114274	-0.226	0.226
  3071	-0.0551842	-0.226	0.226
  3072	-0.0808429	-0.226	0.226
  3073	-0.108666	-0.226	0.226
  3074	-0.099291	-0.226	0.226
  3075	-0.0580564	-0.226	0.226
  3076	-0.0932526	-0.226	0.226
  3077	-0.10415	-0.226	0.226
  3078	-0.0887524	-0.226	0.226
  3079	-0.114431	-0.226	0.226
  3080	-0.0936113	-0.226	0.226
  3081	-0.0959831	-0.226	0.226
  3082	-0.113335	-0.226	0.226
  3083	-0.104534	-0.226	0.226
  3084	-0.10058	-0.226	0.226
  3085	-0.111733	-0.226	0.226
  3086	-0.0902591	-0.226	0.226
  3087	-0.106593	-0.226	0.226
  3088	-0.110607	-0.226	0.226
  3089	-0.112163	-0.226	0.226
  3090	-0.116092	-0.226	0.226
  3091	-0.0977006	-0.226	0.226
  3092	-0.0707178	-0.226	0.226
  3093	-0.0996237	-0.226	0.226
  3094	-0.0758263	-0.226	0.226
  3095	-0.0796855	-0.226	0.226
  3096	-0.0896149	-0.226	0.226
  3097	-0.0978045	-0.226	0.226
  3098	-0.11584	-0.226	0.226
  3099	-0.072729	-0.226	0.226
  3100	-0.0993081	-0.226	0.226
  3101	-0.0715558	-0.226	0.226
  3102	-0.0692472	-0.226	0.226
  3103	-0.0749485	-0.226	0.226
  3104	-0.0785735	-0.226	0.226
  3105	-0.103547	-0.226	0.226
  3106	-0.103181	-0.226	0.226
  3107	-0.0660451	-0.226	0.226
  3108	-0.0684382	-0.226	0.226
  3109	-0.101201	-0.226	0.226
  3110	-0.0884928	-0.226	0.226
  3111	-0.0825913	-0.226	0.226
  3112	-0.105663	-0.226	0.226
  3113	-0.109675	-0.226	0.226
  3114	-0.114599	-0.226	0.226
  3115	-0.0895566	-0.226	0.226
  3116	-0.101297	-0.226	0.226
  3117	-0.0939654	-0.226	0.226
  3118	-0.107745	-0.226	0.226
  3119	-0.113339	-0.226	0.226
  3120	-0.115599	-0.226	0.226
  3121	-0.100712	-0.226	0.226
  3122	-0.108573	-0.226	0.226
  3123	-0.0994692	-0.226	0.226
  3124	-0.108469	-0.226	0.226
  3125	-0.100083	-0.226	0.226
  3126	-0.0813107	-0.226	0.226
  3127	-0.0993501	-0.226	0.226
  3128	-0.074236	-0.226	0.226
  3129	-0.08065	-0.226	0.226
  3130	-0.0908216	-0.226	0.226
  3131	-0.0564645	-0.226	0.226
  3132	-0.0772853	-0.226	0.226
  3133	-0.115109	-0.226	0.226
  3134	-0.115255	-0.226	0.226
  3135	-0.10514	-0.226	0.226
  3136	-0.0950796	-0.226	0.226
  3137	-0.0638007	-0.226	0.226
  3138	-0.109859	-0.226	0.226
  3139	-0.083262	-0.226	0.226
  3140	-0.0859834	-0.226	0.226
  3141	-0.0975845	-0.226	0.226
  3142	-0.104425	-0.226	0.226
  3143	-0.076724	-0.226	0.226
  3144	-0.0586053	-0.226	0.226
  3145	-0.0579919	-0.226	0.226
  3146	-0.0698641	-0.226	0.226
  3147	-0.107525	-0.226	0.226
  3148	-0.0945546	-0.226	0.226
  3149	-0.115358	-0.226	0.226
  3150	-0.0988186	-0.226	0.226
  3151	-0.0618777	-0.226	0.226
  3152	-0.100099	-0.226	0.226
  3153	-0.11299	-0.226	0.226
  3154	-0.085085	-0.226	0.226
  3155	-0.0850941	-0.226	0.226
  3156	-0.114225	-0.226	0.226
  3157	-0.116131	-0.226	0.226
  3158	-0.0798119	-0.226	0.226
  3159	-0.0471026	-0.226	0.226
  3160	-0.11356	-0.226	0.226
  3161	-0.0939938	-0.226	0.226
  3162	-0.0446446	-0.226	0.226
  3163	-0.0999782	-0.226	0.226
  3164	-0.109844	-0.226	0.226
  3165	-0.0966498	-0.226	0.226
  3166	-0.111135	-0.226	0.226
  3167	-0.0790389	-0.226	0.226
  3168	-0.0945544	-0.226	0.226
  3169	-0.112728	-0.226	0.226
  3170	-0.0906596	-0.226	0.226
  3171	-0.0711469	-0.226	0.226
  3172	-0.106677	-0.226	0.226
  3173	-0.0864748	-0.226	0.226
  3174	-0.0500087	-0.226	0.226
  3175	-0.0911665	-0.226	0.226
  3176	-0.062808	-0.226	0.226
  3177	-0.0871751	-0.226	0.226
  3178	-0.0818311	-0.226	0.226
  3179	-0.108926	-0.226	0.226
  3180	-0.0824579	-0.226	0.226
  3181	-0.109882	-0.226	0.226
  3182	-0.0947884	-0.226	0.226
  3183	-0.1084	-0.226	0.226
  3184	-0.0584971	-0.226	0.226
  3185	-0.0937334	-0.226	0.226
  3186	-0.0695663	-0.226	0.226
  3187	-0.107575	-0.226	0.226
  3188	-0.103469	-0.226	0.226
  3189	-0.10916	-0.226	0.226
  3190	-0.102782	-0.226	0.226
  3191	-0.106318	-0.226	0.226
  3192	-0.0849345	-0.226	0.226
  3193	-0.0911257	-0.226	0.226
  3194	-0.0587644	-0.226	0.226
  3195	-0.0619096	-0.226	0.226
  3196	-0.0710172	-0.226	0.226
  3197	-0.0836926	-0.226	0.226
  3198	-0.113436	-0.226	0.226
  3199	-0.0818326	-0.226	0.226
  3200	-0.071342	-0.226	0.226
  3201	-0.0771731	-0.226	0.226
  3202	-0.110871	-0.226	0.226
  3203	-0.112643	-0.226	0.226
  3204	-0.104154	-0.226	0.226
  3205	-0.0678406	-0.226	0.226
  3206	-0.0956011	-0.226	0.226
  3207	-0.111022	-0.226	0.226
  3208	-0.115845	-0.226	0.226
  3209	-0.107734	-0.226	0.226
  3210	-0.0778919	-0.226	0.226
  3211	-0.09152	-0.226	0.226
  3212	-0.0622501	-0.226	0.226
  3213	-0.0946119	-0.226	0.226
  3214	-0.101101	-0.226	0.226
  3215	-0.104809	-0.226	0.226
  3216	-0.0914514	-0.226	0.226
  3217	-0.0783301	-0.226	0.226
  3218	-0.105456	-0.226	0.226
  3219	-0.105896	-0.226	0.226
  3220	-0.115139	-0.226	0.226
  3221	-0.111825	-0.226	0.226
  3222	-0.0996052	-0.226	0.226
  3223	-0.115432	-0.226	0.226
  3224	-0.10241	-0.226	0.226
  3225	-0.056562	-0.226	0.226
  3226	-0.0973393	-0.226	0.226
  3227	-0.104963	-0.226	0.226
  3228	-0.0991025	-0.226	0.226
  3229	-0.110753	-0.226	0.226
  3230	-0.0943689	-0.226	0.226
  3231	-0.08622	-0.226	0.226
  3232	-0.10439	-0.226	0.226
  3233	-0.113028	-0.226	0.226
  3234	-0.0986452	-0.226	0.226
  3235	-0.0784359	-0.226	0.226
  3236	-0.0953102	-0.226	0.226
  3237	-0.0957783	-0.226	0.226
  3238	-0.0698966	-0.226	0.226
  3239	-0.114512	-0.226	0.226
  3240	-0.100272	-0.226	0.226
  3241	-0.102889	-0.226	0.226
  3242	-0.0724422	-0.226	0.226
  3243	-0.0844221	-0.226	0.226
  3244	-0.0840207	-0.226	0.226
  3245	-0.0628997	-0.226	0.226
  3246	-0.096557	-0.226	0.226
  3247	-0.0869533	-0.226	0.226
  3248	-0.0843912	-0.226	0.226
  3249	-0.096764	-0.226	0.226
  3250	-0.0660916	-0.226	0.226
  3251	-0.10186	-0.226	0.226
  3252	-0.0854369	-0.226	0.226
  3253	-0.0936721	-0.226	0.226
  3254	-0.0893315	-0.226	0.226
  3255	-0.0616742	-0.226	0.226
  3256	-0.115963	-0.226	0.226
  3257	-0.100244	-0.226	0.226
  3258	-0.0789014	-0.226	0.226
  3259	-0.0940562	-0.226	0.226
  3260	-0.0953764	-0.226	0.226
  3261	-0.0900581	-0.226	0.226
  3262	-0.107582	-0.226	0.226
  3263	-0.105687	-0.226	0.226
  3264	-0.0990995	-0.226	0.226
  3265	-0.113764	-0.226	0.226
  3266	-0.0789944	-0.226	0.226
  3267	-0.101951	-0.226	0.226
  3268	-0.077619	-0.226	0.226
  3269	-0.0929005	-0.226	0.226
  3270	-0.107664	-0.226	0.226
  3271	-0.1103	-0.226	0.226
  3272	-0.0690524	-0.226	0.226
  3273	-0.0616082	-0.226	0.226
  3274	-0.107881	-0.226	0.226
  3275	-0.0889801	-0.226	0.226
  3276	-0.097315	-0.226	0.226
  3277	-0.0962238	-0.226	0.226
  3278	-0.109484	-0.226	0.226
  3279	-0.0662269	-0.226	0.226
  3280	-0.115965	-0.226	0.226
  3281	-0.106775	-0.226	0.226
  3282	-0.0724318	-0.226	0.226
  3283	-0.110128	-0.226	0.226
  3284	-0.0919549	-0.226	0.226
  3285	-0.0985901	-0.226	0.226
  3286	-0.102312	-0.226	0.226
  3287	-0.0675107	-0.226	0.226
  3288	-0.103374	-0.226	0.226
  3289	-0.107745	-0.226	0.226
  3290	-0.115366	-0.226	0.226
  3291	-0.0846825	-0.226	0.226
  3292	-0.0829745	-0.226	0.226
  3293	-0.0796532	-0.226	0.226
  3294	-0.0672102	-0.226	0.226
  3295	-0.0711697	-0.226	0.226
  3296	-0.0673275	-0.226	0.226
  3297	-0.115734	-0.226	0.226
  3298	-0.10562	-0.226	0.226
  3299	-0.114537	-0.226	0.226
  3300	-0.0800685	-0.226	0.226
  3301	-0.0757127	-0.226	0.226
  3302	-0.0928518	-0.226	0.226
  3303	-0.0951194	-0.226	0.226
  3304	-0.0623616	-0.226	0.226
  3305	-0.0859365	-0.226	0.226
  3306	-0.0552811	-0.226	0.226
  3307	-0.112293	-0.226	0.226
  3308	-0.090008	-0.226	0.226
  3309	-0.0982995	-0.226	0.226
  3310	-0.113994	-0.226	0.226
  3311	-0.10008	-0.226	0.226
  3312	-0.11328	-0.226	0.226
  3313	-0.115775	-0.226	0.226
  3314	-0.078254	-0.226	0.226
  3315	-0.0635955	-0.226	0.226
  3316	-0.0777042	-0.226	0.226
  3317	-0.108615	-0.226	0.226
  3318	-0.101307	-0.226	0.226
  3319	-0.0800815	-0.226	0.226
  3320	-0.112091	-0.226	0.226
  3321	-0.0812715	-0.226	0.226
  3322	-0.0739254	-0.226	0.226
  3323	-0.114143	-0.226	0.226
  3324	-0.0651641	-0.226	0.226
  3325	-0.0555642	-0.226	0.226
  3326	-0.0918316	-0.226	0.226
  3327	-0.100198	-0.226	0.226
  3328	-0.104723	-0.226	0.226
  3329	-0.088312	-0.226	0.226
  3330	-0.112219	-0.226	0.226
  3331	-0.100408	-0.226	0.226
  3332	-0.102639	-0.226	0.226
  3333	-0.108063	-0.226	0.226
  3334	-0.10867	-0.226	0.226
  3335	-0.107445	-0.226	0.226
  3336	-0.0741562	-0.226	0.226
  3337	-0.114295	-0.226	0.226
  3338	-0.114732	-0.226	0.226
  3339	-0.0991372	-0.226	0.226
  3340	-0.0896305	-0.226	0.226
  3341	-0.0911821	-0.226	0.226
  3342	-0.111437	-0.226	0.226
  3343	-0.0692987	-0.226	0.226
  3344	-0.0413997	-0.226	0.226
  3345	-0.0998797	-0.226	0.226
  3346	-0.0850711	-0.226	0.226
  3347	-0.107609	-0.226	0.226
  3348	-0.108605	-0.226	0.226
  3349	-0.10294	-0.226	0.226
  3350	-0.100041	-0.226	0.226
  3351	-0.0803494	-0.226	0.226
  3352	-0.111354	-0.226	0.226
  3353	-0.0898123	-0.226	0.226
  3354	-0.0954926	-0.226	0.226
  3355	-0.0953714	-0.226	0.226
  3356	-0.0913819	-0.226	0.226
  3357	-0.0358544	-0.226	0.226
  3358	-0.0917057	-0.226	0.226
  3359	-0.0936915	-0.226	0.226
  3360	-0.11401	-0.226	0.226
  3361	-0.102495	-0.226	0.226
  3362	-0.08153	-0.226	0.226
  3363	-0.101894	-0.226	0.226
  3364	-0.10213	-0.226	0.226
  3365	-0.0938537	-0.226	0.226
  3366	-0.09925	-0.226	0.226
  3367	-0.085668	-0.226	0.226
  3368	-0.0942257	-0.226	0.226
  3369	-0.0878871	-0.226	0.226
  3370	-0.0891193	-0.226	0.226
  3371	-0.0663907	-0.226	0.226
  3372	-0.0853757	-0.226	0.226
  3373	-0.0824624	-0.226	0.226
  3374	-0.0892047	-0.226	0.226
  3375	-0.0609245	-0.226	0.226
  3376	-0.0592152	-0.226	0.226
  3377	-0.111533	-0.226	0.226
  3378	-0.10645	-0.226	0.226
  3379	-0.107647	-0.226	0.226
  3380	-0.0679804	-0.226	0.226
  3381	-0.115065	-0.226	0.226
  3382	-0.0977498	-0.226	0.226
  3383	-0.0806022	-0.226	0.226
  3384	-0.102984	-0.226	0.226
  3385	-0.0712092	-0.226	0.226
  3386	-0.0509823	-0.226	0.226
  3387	-0.102191	-0.226	0.226
  3388	-0.0826621	-0.226	0.226
  3389	-0.0839955	-0.226	0.226
  3390	-0.0537947	-0.226	0.226
  3391	-0.11173	-0.226	0.226
  3392	-0.11476	-0.226	0.226
  3393	-0.103347	-0.226	0.226
  3394	-0.108887	-0.226	0.226
  3395	-0.103259	-0.226	0.226
  3396	-0.115663	-0.226	0.226
  3397	-0.0544062	-0.226	0.226
  3398	-0.106866	-0.226	0.226
  3399	-0.0804377	-0.226	0.226
  3400	-0.0807876	-0.226	0.226
  3401	-0.0882751	-0.226	0.226
  3402	-0.116212	-0.226	0.226
  3403	-0.0729407	-0.226	0.226
  3404	-0.0815402	-0.226	0.226
  3405	-0.0712693	-0.226	0.226
  3406	-0.115454	-0.226	0.226
  3407	-0.0776268	-0.226	0.226
  3408	-0.100685	-0.226	0.226
  3409	-0.0964297	-0.226	0.226
  3410	-0.036164	-0.226	0.226
  3411	-0.0840276	-0.226	0.226
  3412	-0.0638072	-0.226	0.226
  3413	-0.0938298	-0.226	0.226
  3414	-0.114135	-0.226	0.226
  3415	-0.0874835	-0.226	0.226
  3416	-0.0829794	-0.226	0.226
  3417	-0.109396	-0.226	0.226
  3418	-0.114693	-0.226	0.226
  3419	-0.046535	-0.226	0.226
  3420	-0.0921512	-0.226	0.226
  3421	-0.0801439	-0.226	0.226
  3422	-0.0907939	-0.226	0.226
  3423	-0.0549284	-0.226	0.226
  3424	-0.0869307	-0.226	0.226
  3425	-0.105302	-0.226	0.226
  3426	-0.0868132	-0.226	0.226
  3427	-0.103386	-0.226	0.226
  3428	-0.0824609	-0.226	0.226
  3429	-0.10558	-0.226	0.226
  3430	-0.108769	-0.226	0.226
  3431	-0.0903864	-0.226	0.226
  3432	-0.102127	-0.226	0.226
  3433	-0.0951807	-0.226	0.226
  3434	-0.0968693	-0.226	0.226
  3435	-0.0838439	-0.226	0.226
  3436	-0.108342	-0.226	0.226
  3437	-0.0702963	-0.226	0.226
  3438	-0.103118	-0.226	0.226
  3439	-0.0777987	-0.226	0.226
  3440	-0.101891	-0.226	0.226
  3441	-0.0785779	-0.226	0.226
  3442	-0.0963127	-0.226	0.226
  3443	-0.106157	-0.226	0.226
  3444	-0.101024	-0.226	0.226
  3445	-0.110399	-0.226	0.226
  3446	-0.0858412	-0.226	0.226
  3447	-0.0996368	-0.226	0.226
  3448	-0.106491	-0.226	0.226
  3449	-0.02526	-0.226	0.226
  3450	-0.105068	-0.226	0.226
  3451	-0.105865	-0.226	0.226
  3452	-0.0726843	-0.226	0.226
  3453	-0.106952	-0.226	0.226
  3454	-0.0678707	-0.226	0.226
  3455	-0.109111	-0.226	0.226
  3456	-0.0995989	-0.226	0.226
  3457	-0.105854	-0.226	0.226
  3458	-0.0328804	-0.226	0.226
  3459	-0.0959777	-0.226	0.226
  3460	-0.1092	-0.226	0.226
  3461	-0.0672288	-0.226	0.226
  3462	-0.100682	-0.226	0.226
  3463	-0.0783632	-0.226	0.226
  3464	-0.0646147	-0.226	0.226
  3465	-0.0797829	-0.226	0.226
  3466	-0.103363	-0.226	0.226
  3467	-0.114819	-0.226	0.226
  3468	-0.105029	-0.226	0.226
  3469	-0.0786743	-0.226	0.226
  3470	-0.113011	-0.226	0.226
  3471	-0.114029	-0.226	0.226
  3472	-0.0861347	-0.226	0.226
  3473	-0.091688	-0.226	0.226
  3474	-0.106849	-0.226	0.226
  3475	-0.0596412	-0.226	0.226
  3476	-0.0890691	-0.226	0.226
  3477	-0.0780935	-0.226	0.226
  3478	-0.104628	-0.226	0.226
  3479	-0.0800051	-0.226	0.226
  3480	-0.114232	-0.226	0.226
  3481	-0.0522593	-0.226	0.226
  3482	-0.0626858	-0.226	0.226
  3483	-0.113054	-0.226	0.226
  3484	-0.107589	-0.226	0.226
  3485	-0.11198	-0.226	0.226
  3486	-0.0940172	-0.226	0.226
  3487	-0.111732	-0.226	0.226
  3488	-0.083238	-0.226	0.226
  3489	-0.0805853	-0.226	0.226
  3490	-0.110866	-0.226	0.226
  3491	-0.10842	-0.226	0.226
  3492	-0.0836523	-0.226	0.226
  3493	-0.0485771	-0.226	0.226
  3494	-0.0902949	-0.226	0.226
  3495	-0.0964221	-0.226	0.226
  3496	-0.10178	-0.226	0.226
  3497	-0.0692155	-0.226	0.226
  3498	-0.0973509	-0.226	0.226
  3499	-0.114952	-0.226	0.226
  3500	-0.114828	-0.226	0.226
  3501	-0.110677	-0.226	0.226
  3502	-0.0933213	-0.226	0.226
  3503	-0.100205	-0.226	0.226
  3504	-0.0880226	-0.226	0.226
  3505	-0.0895029	-0.226	0.226
  3506	-0.101455	-0.226	0.226
  3507	-0.0824604	-0.226	0.226
  3508	-0.0907059	-0.226	0.226
  3509	-0.0722885	-0.226	0.226
  3510	-0.0792208	-0.226	0.226
  3511	-0.0677721	-0.226	0.226
  3512	-0.101535	-0.226	0.226
  3513	-0.112805	-0.226	0.226
  3514	-0.0795063	-0.226	0.226
  3515	-0.0996763	-0.226	0.226
  3516	-0.114857	-0.226	0.226
  3517	-0.0761786	-0.226	0.226
  3518	-0.11363	-0.226	0.226
  3519	-0.0524231	-0.226	0.226
  3520	-0.0905406	-0.226	0.226
  3521	-0.0935252	-0.226	0.226
  3522	-0.0845291	-0.226	0.226
  3523	-0.0972168	-0.226	0.226
  3524	-0.0830457	-0.226	0.226
  3525	-0.0967424	-0.226	0.226
  3526	-0.0883925	-0.226	0.226
  3527	-0.0612291	-0.226	0.226
  3528	-0.115955	-0.226	0.226
  3529	-0.11199	-0.226	0.226
  3530	-0.111859	-0.226	0.226
  3531	-0.115269	-0.226	0.226
  3532	-0.0905297	-0.226	0.226
  3533	-0.115716	-0.226	0.226
  3534	-0.11405	-0.226	0.226
  3535	-0.0868782	-0.226	0.226
  3536	-0.0804341	-0.226	0.226
  3537	-0.0616177	-0.226	0.226
  3538	-0.0975863	-0.226	0.226
  3539	-0.112693	-0.226	0.226
  3540	-0.080337	-0.226	0.226
  3541	-0.108687	-0.226	0.226
  3542	-0.0841196	-0.226	0.226
  3543	-0.0598391	-0.226	0.226
  3544	-0.0559015	-0.226	0.226
  3545	-0.0780081	-0.226	0.226
  3546	-0.112189	-0.226	0.226
  3547	-0.0992957	-0.226	0.226
  3548	-0.107786	-0.226	0.226
  3549	-0.082807	-0.226	0.226
  3550	-0.0939841	-0.226	0.226
  3551	-0.107255	-0.226	0.226
  3552	-0.0878536	-0.226	0.226
  3553	-0.0982991	-0.226	0.226
  3554	-0.0916156	-0.226	0.226
  3555	-0.0735044	-0.226	0.226
  3556	-0.112839	-0.226	0.226
  3557	-0.108411	-0.226	0.226
  3558	-0.113034	-0.226	0.226
  3559	-0.0778051	-0.226	0.226
  3560	-0.063104	-0.226	0.226
  3561	-0.0552392	-0.226	0.226
  3562	-0.0996436	-0.226	0.226
  3563	-0.0576224	-0.226	0.226
  3564	-0.0851502	-0.226	0.226
  3565	-0.0523529	-0.226	0.226
  3566	-0.115194	-0.226	0.226
  3567	-0.100539	-0.226	0.226
  3568	-0.086279	-0.226	0.226
  3569	-0.111938	-0.226	0.226
  3570	-0.10742	-0.226	0.226
  3571	-0.101396	-0.226	0.226
  3572	-0.104424	-0.226	0.226
  3573	-0.0931606	-0.226	0.226
  3574	-0.111283	-0.226	0.226
  3575	-0.0479217	-0.226	0.226
  3576	-0.0934507	-0.226	0.226
  3577	-0.115805	-0.226	0.226
  3578	-0.0998436	-0.226	0.226
  3579	-0.0980994	-0.226	0.226
  3580	-0.110933	-0.226	0.226
  3581	-0.0895236	-0.226	0.226
  3582	-0.105336	-0.226	0.226
  3583	-0.0946468	-0.226	0.226
  3584	-0.0826009	-0.226	0.226
  3585	-0.0966081	-0.226	0.226
  3586	-0.108041	-0.226	0.226
  3587	-0.111911	-0.226	0.226
  3588	-0.0816338	-0.226	0.226
  3589	-0.110789	-0.226	0.226
  3590	-0.103224	-0.226	0.226
  3591	-0.068911	-0.226	0.226
  3592	-0.097055	-0.226	0.226
  3593	-0.0892998	-0.226	0.226
  3594	-0.073922	-0.226	0.226
  3595	-0.0438175	-0.226	0.226
  3596	-0.115753	-0.226	0.226
  3597	-0.101645	-0.226	0.226
  3598	-0.113771	-0.226	0.226
  3599	-0.0841537	-0.226	0.226
  3600	-0.0905866	-0.226	0.226
  3601	-0.0773779	-0.226	0.226
  3602	-0.0717138	-0.226	0.226
  3603	-0.0987822	-0.226	0.226
  3604	-0.0710879	-0.226	0.226
  3605	-0.113373	-0.226	0.226
  3606	-0.112395	-0.226	0.226
  3607	-0.107123	-0.226	0.226
  3608	-0.102789	-0.226	0.226
  3609	-0.0869698	-0.226	0.226
  3610	-0.10447	-0.226	0.226
  3611	-0.08214	-0.226	0.226
  3612	-0.0813517	-0.226	0.226
  3613	-0.0794769	-0.226	0.226
  3614	-0.0682169	-0.226	0.226
  3615	-0.0937575	-0.226	0.226
  3616	-0.115238	-0.226	0.226
  3617	-0.0952965	-0.226	0.226
  3618	-0.0938644	-0.226	0.226
  3619	-0.0900694	-0.226	0.226
  3620	-0.0894443	-0.226	0.226
  3621	-0.0647751	-0.226	0.226
  3622	-0.0891509	-0.226	0.226
  3623	-0.0993877	-0.226	0.226
  3624	-0.116289	-0.226	0.226
  3625	-0.0450047	-0.226	0.226
  3626	-0.0552051	-0.226	0.226
  3627	-0.0929579	-0.226	0.226
  3628	-0.0647199	-0.226	0.226
  3629	-0.0617454	-0.226	0.226
  3630	-0.0963687	-0.226	0.226
  3631	-0.0842816	-0.226	0.226
  3632	-0.115848	-0.226	0.226
  3633	-0.0832734	-0.226	0.226
  3634	-0.0791165	-0.226	0.226
  3635	-0.0898707	-0.226	0.226
  3636	-0.0677203	-0.226	0.226
  3637	-0.0682183	-0.226	0.226
  3638	-0.103385	-0.226	0.226
  3639	-0.102312	-0.226	0.226
  3640	-0.100836	-0.226	0.226
  3641	-0.0822586	-0.226	0.226
  3642	-0.115791	-0.226	0.226
  3643	-0.0910053	-0.226	0.226
  3644	-0.0804355	-0.226	0.226
  3645	-0.101484	-0.226	0.226
  3646	-0.10204	-0.226	0.226
  3647	-0.0945698	-0.226	0.226
  3648	-0.0972556	-0.226	0.226
  3649	-0.0993054	-0.226	0.226
  3650	-0.0993881	-0.226	0.226
  3651	-0.0969833	-0.226	0.226
  3652	-0.0859856	-0.226	0.226
  3653	-0.0763223	-0.226	0.226
  3654	-0.103067	-0.226	0.226
  3655	-0.084471	-0.226	0.226
  3656	-0.115196	-0.226	0.226
  3657	-0.0302075	-0.226	0.226
  3658	-0.108539	-0.226	0.226
  3659	-0.0981491	-0.226	0.226
  3660	-0.114477	-0.226	0.226
  3661	-0.116761	-0.226	0.226
  3662	-0.113424	-0.226	0.226
  3663	-0.115428	-0.226	0.226
  3664	-0.0726726	-0.226	0.226
  3665	-0.101214	-0.226	0.226
  3666	-0.11175	-0.226	0.226
  3667	-0.070611	-0.226	0.226
  3668	-0.107854	-0.226	0.226
  3669	-0.0995403	-0.226	0.226
  3670	-0.108066	-0.226	0.226
  3671	-0.0715549	-0.226	0.226
  3672	-0.114615	-0.226	0.226
  3673	-0.0725099	-0.226	0.226
  3674	-0.111366	-0.226	0.226
  3675	-0.0962222	-0.226	0.226
  3676	-0.0956193	-0.226	0.226
  3677	-0.0319756	-0.226	0.226
  3678	-0.112357	-0.226	0.226
  3679	-0.103938	-0.226	0.226
  3680	-0.0980082	-0.226	0.226
  3681	-0.0881039	-0.226	0.226
  3682	-0.093685	-0.226	0.226
  3683	-0.111485	-0.226	0.226
  3684	-0.0786728	-0.226	0.226
  3685	-0.111006	-0.226	0.226
  3686	-0.0957985	-0.226	0.226
  3687	-0.10393	-0.226	0.226
  3688	-0.0622534	-0.226	0.226
  3689	-0.111299	-0.226	0.226
  3690	-0.100621	-0.226	0.226
  3691	-0.115137	-0.226	0.226
  3692	-0.104722	-0.226	0.226
  3693	-0.0821714	-0.226	0.226
  3694	-0.0824832	-0.226	0.226
  3695	-0.116144	-0.226	0.226
  3696	-0.1009	-0.226	0.226
  3697	-0.10477	-0.226	0.226
  3698	-0.0983193	-0.226	0.226
  3699	-0.0876005	-0.226	0.226
  3700	-0.0983779	-0.226	0.226
  3701	-0.0543729	-0.226	0.226
  3702	-0.10264	-0.226	0.226
  3703	-0.057026	-0.226	0.226
  3704	-0.0715832	-0.226	0.226
  3705	-0.110703	-0.226	0.226
  3706	-0.0883086	-0.226	0.226
  3707	-0.0313542	-0.226	0.226
  3708	-0.0725331	-0.226	0.226
  3709	-0.0425225	-0.226	0.226
  3710	-0.109904	-0.226	0.226
  3711	-0.102566	-0.226	0.226
  3712	-0.0888522	-0.226	0.226
  3713	-0.0833423	-0.226	0.226
  3714	-0.0894989	-0.226	0.226
  3715	-0.0915587	-0.226	0.226
  3716	-0.11211	-0.226	0.226
  3717	-0.0821858	-0.226	0.226
  3718	-0.107931	-0.226	0.226
  3719	-0.115597	-0.226	0.226
  3720	-0.0863345	-0.226	0.226
  3721	-0.110652	-0.226	0.226
  3722	-0.112066	-0.226	0.226
  3723	-0.0708203	-0.226	0.226
  3724	-0.065942	-0.226	0.226
  3725	-0.0788702	-0.226	0.226
  3726	-0.113082	-0.226	0.226
  3727	-0.0953108	-0.226	0.226
  3728	-0.0815148	-0.226	0.226
  3729	-0.0529224	-0.226	0.226
  3730	-0.0799766	-0.226	0.226
  3731	-0.115877	-0.226	0.226
  3732	-0.103413	-0.226	0.226
  3733	-0.0753925	-0.226	0.226
  3734	-0.0787475	-0.226	0.226
  3735	-0.113043	-0.226	0.226
  3736	-0.116836	-0.226	0.226
  3737	-0.0761931	-0.226	0.226
  3738	-0.088421	-0.226	0.226
  3739	-0.104538	-0.226	0.226
  3740	-0.100664	-0.226	0.226
  3741	-0.0631485	-0.226	0.226
  3742	-0.101176	-0.226	0.226
  3743	-0.0956917	-0.226	0.226
  3744	-0.100714	-0.226	0.226
  3745	-0.0951227	-0.226	0.226
  3746	-0.084435	-0.226	0.226
  3747	-0.102893	-0.226	0.226
  3748	-0.0826992	-0.226	0.226
  3749	-0.0737153	-0.226	0.226
  3750	-0.0964233	-0.226	0.226
  3751	-0.0967547	-0.226	0.226
  3752	-0.0615667	-0.226	0.226
  3753	-0.115359	-0.226	0.226
  3754	-0.069613	-0.226	0.226
  3755	-0.0951171	-0.226	0.226
  3756	-0.115441	-0.226	0.226
  3757	-0.101808	-0.226	0.226
  3758	-0.111424	-0.226	0.226
  3759	-0.054176	-0.226	0.226
  3760	-0.0966527	-0.226	0.226
  3761	-0.0956843	-0.226	0.226
  3762	-0.10356	-0.226	0.226
  3763	-0.113028	-0.226	0.226
  3764	-0.100596	-0.226	0.226
  3765	-0.0687935	-0.226	0.226
  3766	-0.111335	-0.226	0.226
  3767	-0.09707	-0.226	0.226
  3768	-0.114422	-0.226	0.226
  3769	-0.114103	-0.226	0.226
  3770	-0.109462	-0.226	0.226
  3771	-0.110066	-0.226	0.226
  3772	-0.109353	-0.226	0.226
  3773	-0.10617	-0.226	0.226
  3774	-0.114773	-0.226	0.226
  3775	-0.113414	-0.226	0.226
  3776	-0.0719265	-0.226	0.226
  3777	-0.106121	-0.226	0.226
  3778	-0.0916313	-0.226	0.226
  3779	-0.0874877	-0.226	0.226
  3780	-0.106542	-0.226	0.226
  3781	-0.111915	-0.226	0.226
  3782	-0.103151	-0.226	0.226
  3783	-0.0988911	-0.226	0.226
  3784	-0.100566	-0.226	0.226
  3785	-0.0784156	-0.226	0.226
  3786	-0.0901545	-0.226	0.226
  3787	-0.0587182	-0.226	0.226
  3788	-0.103058	-0.226	0.226
  3789	-0.0867889	-0.226	0.226
  3790	-0.0747224	-0.226	0.226
  3791	-0.0992898	-0.226	0.226
  3792	-0.0957169	-0.226	0.226
  3793	-0.081537	-0.226	0.226
  3794	-0.0784968	-0.226	0.226
  3795	-0.0972551	-0.226	0.226
  3796	-0.105674	-0.226	0.226
  3797	-0.0991743	-0.226	0.226
  3798	-0.0721357	-0.226	0.226
  3799	-0.103056	-0.226	0.226
  3800	-0.0936272	-0.226	0.226
  3801	-0.106394	-0.226	0.226
  3802	-0.0787301	-0.226	0.226
  3803	-0.114803	-0.226	0.226
  3804	-0.0973879	-0.226	0.226
  3805	-0.088424	-0.226	0.226
  3806	-0.115247	-0.226	0.226
  3807	-0.0869664	-0.226	0.226
  3808	-0.104089	-0.226	0.226
  3809	-0.0984791	-0.226	0.226
  3810	-0.0967088	-0.226	0.226
  3811	-0.101761	-0.226	0.226
  3812	-0.0777643	-0.226	0.226
  3813	-0.0396155	-0.226	0.226
  3814	-0.110153	-0.226	0.226
  3815	-0.115347	-0.226	0.226
  3816	-0.0837758	-0.226	0.226
  3817	-0.0611265	-0.226	0.226
  3818	-0.060146	-0.226	0.226
  3819	-0.0917607	-0.226	0.226
  3820	-0.115656	-0.226	0.226
  3821	-0.102149	-0.226	0.226
  3822	-0.0657776	-0.226	0.226
  3823	-0.112476	-0.226	0.226
  3824	-0.108191	-0.226	0.226
  3825	-0.0902928	-0.226	0.226
  3826	-0.113917	-0.226	0.226
  3827	-0.0796899	-0.226	0.226
  3828	-0.0752145	-0.226	0.226
  3829	-0.0763722	-0.226	0.226
  3830	-0.100931	-0.226	0.226
  3831	-0.11611	-0.226	0.226
  3832	-0.0833906	-0.226	0.226
  3833	-0.103309	-0.226	0.226
  3834	-0.10182	-0.226	0.226
  3835	-0.0735121	-0.226	0.226
  3836	-0.0473167	-0.226	0.226
  3837	-0.0887007	-0.226	0.226
  3838	-0.0981684	-0.226	0.226
  3839	-0.100935	-0.226	0.226
  3840	-0.107104	-0.226	0.226
  3841	-0.103208	-0.226	0.226
  3842	-0.097411	-0.226	0.226
  3843	-0.0809762	-0.226	0.226
  3844	-0.10446	-0.226	0.226
  3845	-0.0909366	-0.226	0.226
  3846	-0.0795454	-0.226	0.226
  3847	-0.115068	-0.226	0.226
  3848	-0.0852397	-0.226	0.226
  3849	-0.0730537	-0.226	0.226
  3850	-0.102222	-0.226	0.226
  3851	-0.116014	-0.226	0.226
  3852	-0.105739	-0.226	0.226
  3853	-0.111277	-0.226	0.226
  3854	-0.114858	-0.226	0.226
  3855	-0.114798	-0.226	0.226
  3856	-0.105778	-0.226	0.226
  3857	-0.115988	-0.226	0.226
  3858	-0.0822255	-0.226	0.226
  3859	-0.100702	-0.226	0.226
  3860	-0.0721609	-0.226	0.226
  3861	-0.110377	-0.226	0.226
  3862	-0.1022	-0.226	0.226
  3863	-0.0860673	-0.226	0.226
  3864	-0.110035	-0.226	0.226
  3865	-0.107987	-0.226	0.226
  3866	-0.110814	-0.226	0.226
  3867	-0.0791128	-0.226	0.226
  3868	-0.09724	-0.226	0.226
  3869	-0.0723318	-0.226	0.226
  3870	-0.0790745	-0.226	0.226
  3871	-0.112096	-0.226	0.226
  3872	-0.104877	-0.226	0.226
  3873	-0.0721775	-0.226	0.226
  3874	-0.10131	-0.226	0.226
  3875	-0.0895581	-0.226	0.226
  3876	-0.0967415	-0.226	0.226
  3877	-0.0998177	-0.226	0.226
  3878	-0.11278	-0.226	0.226
  3879	-0.0778631	-0.226	0.226
  3880	-0.0885477	-0.226	0.226
  3881	-0.0615924	-0.226	0.226
  3882	-0.0860989	-0.226	0.226
  3883	-0.0832606	-0.226	0.226
  3884	-0.0902592	-0.226	0.226
  3885	-0.115677	-0.226	0.226
  3886	-0.065432	-0.226	0.226
  3887	-0.0774079	-0.226	0.226
  3888	-0.0866242	-0.226	0.226
  3889	-0.114313	-0.226	0.226
  3890	-0.104929	-0.226	0.226
  3891	-0.0652214	-0.226	0.226
  3892	-0.0782132	-0.226	0.226
  3893	-0.0573657	-0.226	0.226
  3894	-0.112716	-0.226	0.226
  3895	-0.113344	-0.226	0.226
  3896	-0.0845347	-0.226	0.226
  3897	-0.0784013	-0.226	0.226
  3898	-0.112891	-0.226	0.226
  3899	-0.104557	-0.226	0.226
  3900	-0.0805873	-0.226	0.226
  3901	-0.113498	-0.226	0.226
  3902	-0.0891923	-0.226	0.226
  3903	-0.0680437	-0.226	0.226
  3904	-0.098363	-0.226	0.226
  3905	-0.0754768	-0.226	0.226
  3906	-0.101446	-0.226	0.226
  3907	-0.0836992	-0.226	0.226
  3908	-0.0888596	-0.226	0.226
  3909	-0.11058	-0.226	0.226
  3910	-0.0984847	-0.226	0.226
  3911	-0.11078	-0.226	0.226
  3912	-0.114552	-0.226	0.226
  3913	-0.0935269	-0.226	0.226
  3914	-0.0810036	-0.226	0.226
  3915	-0.108838	-0.226	0.226
  3916	-0.114342	-0.226	0.226
  3917	-0.108893	-0.226	0.226
  3918	-0.0876207	-0.226	0.226
  3919	-0.0760657	-0.226	0.226
  3920	-0.11482	-0.226	0.226
  3921	-0.0962402	-0.226	0.226
  3922	-0.104276	-0.226	0.226
  3923	-0.112199	-0.226	0.226
  3924	-0.0960961	-0.226	0.226
  3925	-0.115009	-0.226	0.226
  3926	-0.0754991	-0.226	0.226
  3927	-0.100747	-0.226	0.226
  3928	-0.1159	-0.226	0.226
  3929	-0.111708	-0.226	0.226
  3930	-0.109732	-0.226	0.226
  3931	-0.101582	-0.226	0.226
  3932	-0.0868902	-0.226	0.226
  3933	-0.0617487	-0.226	0.226
  3934	-0.107168	-0.226	0.226
  3935	-0.110037	-0.226	0.226
  3936	-0.0732793	-0.226	0.226
  3937	-0.0739533	-0.226	0.226
  3938	-0.109766	-0.226	0.226
  3939	-0.107764	-0.226	0.226
  3940	-0.113802	-0.226	0.226
  3941	-0.111858	-0.226	0.226
  3942	-0.0832258	-0.226	0.226
  3943	-0.110061	-0.226	0.226
  3944	-0.06827	-0.226	0.226
  3945	-0.108314	-0.226	0.226
  3946	-0.101157	-0.226	0.226
  3947	-0.0961371	-0.226	0.226
  3948	-0.114716	-0.226	0.226
  3949	-0.0897042	-0.226	0.226
  3950	-0.0542052	-0.226	0.226
  3951	-0.0897889	-0.226	0.226
  3952	-0.110509	-0.226	0.226
  3953	-0.107637	-0.226	0.226
  3954	-0.114469	-0.226	0.226
  3955	-0.10033	-0.226	0.226
  3956	-0.103252	-0.226	0.226
  3957	-0.0835023	-0.226	0.226
  3958	-0.109748	-0.226	0.226
  3959	-0.0549217	-0.226	0.226
  3960	-0.112874	-0.226	0.226
  3961	-0.115565	-0.226	0.226
  3962	-0.0892805	-0.226	0.226
  3963	-0.10848	-0.226	0.226
  3964	-0.0716174	-0.226	0.226
  3965	-0.0743844	-0.226	0.226
  3966	-0.0551286	-0.226	0.226
  3967	-0.0471826	-0.226	0.226
  3968	-0.0775226	-0.226	0.226
  3969	-0.115553	-0.226	0.226
  3970	-0.100095	-0.226	0.226
  3971	-0.101726	-0.226	0.226
  3972	-0.0408224	-0.226	0.226
  3973	-0.0983308	-0.226	0.226
  3974	-0.0934832	-0.226	0.226
  3975	-0.112258	-0.226	0.226
  3976	-0.11179	-0.226	0.226
  3977	-0.113144	-0.226	0.226
  3978	-0.0852077	-0.226	0.226
  3979	-0.10381	-0.226	0.226
  3980	-0.112872	-0.226	0.226
  3981	-0.096911	-0.226	0.226
  3982	-0.0772579	-0.226	0.226
  3983	-0.0832552	-0.226	0.226
  3984	-0.0900019	-0.226	0.226
  3985	-0.0946438	-0.226	0.226
  3986	-0.081341	-0.226	0.226
  3987	-0.0990432	-0.226	0.226
  3988	-0.0662606	-0.226	0.226
  3989	-0.0789149	-0.226	0.226
  3990	-0.0930642	-0.226	0.226
  3991	-0.0956477	-0.226	0.226
  3992	-0.112012	-0.226	0.226
  3993	-0.0624035	-0.226	0.226
  3994	-0.099879	-0.226	0.226
  3995	-0.0494973	-0.226	0.226
  3996	-0.112466	-0.226	0.226
  3997	-0.111932	-0.226	0.226
  3998	-0.0846476	-0.226	0.226
  3999	-0.0538055	-0.226	0.226
  4000	-0.10205	-0.226	0.226
  4001	-0.0880509	-0.226	0.226
  4002	-0.0919526	-0.226	0.226
  4003	-0.0714334	-0.226	0.226
  4004	-0.108298	-0.226	0.226
  4005	-0.0938822	-0.226	0.226
  4006	-0.0679836	-0.226	0.226
  4007	-0.107158	-0.226	0.226
  4008	-0.111195	-0.226	0.226
  4009	-0.0352364	-0.226	0.226
  4010	-0.0728392	-0.226	0.226
  4011	-0.113441	-0.226	0.226
  4012	-0.0972139	-0.226	0.226
  4013	-0.106511	-0.226	0.226
  4014	-0.0959999	-0.226	0.226
  4015	-0.0972604	-0.226	0.226
  4016	-0.0944868	-0.226	0.226
  4017	-0.0894406	-0.226	0.226
  4018	-0.0638864	-0.226	0.226
  4019	-0.0777226	-0.226	0.226
  4020	-0.0726523	-0.226	0.226
  4021	-0.083544	-0.226	0.226
  4022	-0.108679	-0.226	0.226
  4023	-0.0866581	-0.226	0.226
  4024	-0.107719	-0.226	0.226
  4025	-0.0833735	-0.226	0.226
  4026	-0.0784657	-0.226	0.226
  4027	-0.06819	-0.226	0.226
  4028	-0.0927282	-0.226	0.226
  4029	-0.109366	-0.226	0.226
  4030	-0.0890613	-0.226	0.226
  4031	-0.0992914	-0.226	0.226
  4032	-0.115359	-0.226	0.226
  4033	-0.105735	-0.226	0.226
  4034	-0.108374	-0.226	0.226
  4035	-0.09864	-0.226	0.226
  4036	-0.115323	-0.226	0.226
  4037	-0.0862379	-0.226	0.226
  4038	-0.0738627	-0.226	0.226
  4039	-0.114054	-0.226	0.226
  4040	-0.106427	-0.226	0.226
  4041	-0.104992	-0.226	0.226
  4042	-0.106894	-0.226	0.226
  4043	-0.115136	-0.226	0.226
  4044	-0.0588713	-0.226	0.226
  4045	-0.0948546	-0.226	0.226
  4046	-0.11577	-0.226	0.226
  4047	-0.103549	-0.226	0.226
  4048	-0.11296	-0.226	0.226
  4049	-0.110144	-0.226	0.226
  4050	-0.0546271	-0.226	0.226
  4051	-0.10208	-0.226	0.226
  4052	-0.0979332	-0.226	0.226
  4053	-0.0955082	-0.226	0.226
  4054	-0.10244	-0.226	0.226
  4055	-0.104471	-0.226	0.226
  4056	-0.0660973	-0.226	0.226
  4057	-0.116681	-0.226	0.226
  4058	-0.11018	-0.226	0.226
  4059	-0.0888331	-0.226	0.226
  4060	-0.0791846	-0.226	0.226
  4061	-0.089822	-0.226	0.226
  4062	-0.0937983	-0.226	0.226
  4063	-0.0884375	-0.226	0.226
  4064	-0.0671079	-0.226	0.226
  4065	-0.110371	-0.226	0.226
  4066	-0.0918059	-0.226	0.226
  4067	-0.0601507	-0.226	0.226
  4068	-0.114452	-0.226	0.226
  4069	-0.084094	-0.226	0.226
  4070	-0.0742049	-0.226	0.226
  4071	-0.0663158	-0.226	0.226
  4072	-0.0826849	-0.226	0.226
  4073	-0.0936551	-0.226	0.226
  4074	-0.111443	-0.226	0.226
  4075	-0.115891	-0.226	0.226
  4076	-0.110706	-0.226	0.226
  4077	-0.104246	-0.226	0.226
  4078	-0.0375078	-0.226	0.226
  4079	-0.113263	-0.226	0.226
  4080	-0.108045	-0.226	0.226
  4081	-0.115835	-0.226	0.226
  4082	-0.0885498	-0.226	0.226
  4083	-0.0973298	-0.226	0.226
  4084	-0.114229	-0.226	0.226
  4085	-0.0755226	-0.226	0.226
  4086	-0.103129	-0.226	0.226
  4087	-0.0878152	-0.226	0.226
  4088	-0.0798961	-0.226	0.226
  4089	-0.0925396	-0.226	0.226
  4090	-0.109985	-0.226	0.226
  4091	-0.0808737	-0.226	0.226
  4092	-0.0821636	-0.226	0.226
  4093	-0.110897	-0.226	0.226
  4094	-0.0923821	-0.226	0.226
  4095	-0.077211	-0.226	0.226
  4096	-0.10723	-0.226	0.226
  4097	-0.107254	-0.226	0.226
  4098	-0.0910914	-0.226	0.226
  4099	-0.0754492	-0.226	0.226
  4100	-0.107229	-0.226	0.226
  4101	-0.1001	-0.226	0.226
  4102	-0.0959273	-0.226	0.226
  4103	-0.0804605	-0.226	0.226
  4104	-0.11248	-0.226	0.226
  4105	-0.114818	-0.226	0.226
  4106	-0.114283	-0.226	0.226
  4107	-0.0503929	-0.226	0.226
  4108	-0.0862318	-0.226	0.226
  4109	-0.0712921	-0.226	0.226
  4110	-0.10623	-0.226	0.226
  4111	-0.111644	-0.226	0.226
  4112	-0.103202	-0.226	0.226
  4113	-0.116794	-0.226	0.226
  4114	-0.0882609	-0.226	0.226
  4115	-0.113445	-0.226	0.226
  4116	-0.0324012	-0.226	0.226
  4117	-0.0998774	-0.226	0.226
  4118	-0.0833579	-0.226	0.226
  4119	-0.0990439	-0.226	0.226
  4120	-0.108845	-0.226	0.226
  4121	-0.0692612	-0.226	0.226
  4122	-0.0884096	-0.226	0.226
  4123	-0.0832084	-0.226	0.226
  4124	-0.116047	-0.226	0.226
  4125	-0.0704094	-0.226	0.226
  4126	-0.0980116	-0.226	0.226
  4127	-0.112901	-0.226	0.226
  4128	-0.116744	-0.226	0.226
  4129	-0.105293	-0.226	0.226
  4130	-0.109877	-0.226	0.226
  4131	-0.0970334	-0.226	0.226
  4132	-0.0761012	-0.226	0.226
  4133	-0.06975	-0.226	0.226
  4134	-0.105374	-0.226	0.226
  4135	-0.0999129	-0.226	0.226
  4136	-0.105434	-0.226	0.226
  4137	-0.0628729	-0.226	0.226
  4138	-0.0969233	-0.226	0.226
  4139	-0.0940493	-0.226	0.226
  4140	-0.0772478	-0.226	0.226
  4141	-0.114652	-0.226	0.226
  4142	-0.0930983	-0.226	0.226
  4143	-0.0942708	-0.226	0.226
  4144	-0.0709093	-0.226	0.226
  4145	-0.0909516	-0.226	0.226
  4146	-0.112635	-0.226	0.226
  4147	-0.111349	-0.226	0.226
  4148	-0.0926498	-0.226	0.226
  4149	-0.0993878	-0.226	0.226
  4150	-0.084666	-0.226	0.226
  4151	-0.0548916	-0.226	0.226
  4152	-0.106236	-0.226	0.226
  4153	-0.103182	-0.226	0.226
  4154	-0.0628365	-0.226	0.226
  4155	-0.107313	-0.226	0.226
  4156	-0.106177	-0.226	0.226
  4157	-0.100488	-0.226	0.226
  4158	-0.0975937	-0.226	0.226
  4159	-0.0763425	-0.226	0.226
  4160	-0.0598996	-0.226	0.226
  4161	-0.0361724	-0.226	0.226
  4162	-0.0689823	-0.226	0.226
  4163	-0.105099	-0.226	0.226
  4164	-0.103871	-0.226	0.226
  4165	-0.110523	-0.226	0.226
  4166	-0.0701309	-0.226	0.226
  4167	-0.0897479	-0.226	0.226
  4168	-0.0605374	-0.226	0.226
  4169	-0.113021	-0.226	0.226
  4170	-0.0886144	-0.226	0.226
  4171	-0.0427272	-0.226	0.226
  4172	-0.089731	-0.226	0.226
  4173	-0.114489	-0.226	0.226
  4174	-0.104908	-0.226	0.226
  4175	-0.112048	-0.226	0.226
  4176	-0.0931047	-0.226	0.226
  4177	-0.101929	-0.226	0.226
  4178	-0.0736532	-0.226	0.226
  4179	-0.111638	-0.226	0.226
  4180	-0.115453	-0.226	0.226
  4181	-0.111509	-0.226	0.226
  4182	-0.0945731	-0.226	0.226
  4183	-0.0846721	-0.226	0.226
  4184	-0.113278	-0.226	0.226
  4185	-0.0696607	-0.226	0.226
  4186	-0.0656697	-0.226	0.226
  4187	-0.115755	-0.226	0.226
  4188	-0.0932396	-0.226	0.226
  4189	-0.0956667	-0.226	0.226
  4190	-0.115695	-0.226	0.226
  4191	-0.0838108	-0.226	0.226
  4192	-0.0945252	-0.226	0.226
  4193	-0.0596882	-0.226	0.226
  4194	-0.0580221	-0.226	0.226
  4195	-0.101151	-0.226	0.226
  4196	-0.112608	-0.226	0.226
  4197	-0.0990918	-0.226	0.226
  4198	-0.0951649	-0.226	0.226
  4199	-0.0918506	-0.226	0.226
  4200	-0.105353	-0.226	0.226
  4201	-0.114869	-0.226	0.226
  4202	-0.110489	-0.226	0.226
  4203	-0.112284	-0.226	0.226
  4204	-0.0953533	-0.226	0.226
  4205	-0.104141	-0.226	0.226
  4206	-0.0733069	-0.226	0.226
  4207	-0.113199	-0.226	0.226
  4208	-0.106088	-0.226	0.226
  4209	-0.0993507	-0.226	0.226
  4210	-0.104135	-0.226	0.226
  4211	-0.101089	-0.226	0.226
  4212	-0.0993374	-0.226	0.226
  4213	-0.0694629	-0.226	0.226
  4214	-0.113115	-0.226	0.226
  4215	-0.0782212	-0.226	0.226
  4216	-0.108986	-0.226	0.226
  4217	-0.114445	-0.226	0.226
  4218	-0.0798936	-0.226	0.226
  4219	-0.070349	-0.226	0.226
  4220	-0.108216	-0.226	0.226
  4221	-0.033327	-0.226	0.226
  4222	-0.113738	-0.226	0.226
  4223	-0.11313	-0.226	0.226
  4224	-0.0818672	-0.226	0.226
  4225	-0.0542262	-0.226	0.226
  4226	-0.0931526	-0.226	0.226
  4227	-0.112729	-0.226	0.226
  4228	-0.109823	-0.226	0.226
  4229	-0.0891919	-0.226	0.226
  4230	-0.0879534	-0.226	0.226
  4231	-0.0907121	-0.226	0.226
  4232	-0.102277	-0.226	0.226
  4233	-0.0785942	-0.226	0.226
  4234	-0.100135	-0.226	0.226
  4235	-0.102172	-0.226	0.226
  4236	-0.0730948	-0.226	0.226
  4237	-0.0887526	-0.226	0.226
  4238	-0.0650754	-0.226	0.226
  4239	-0.0923606	-0.226	0.226
  4240	-0.097504	-0.226	0.226
  4241	-0.0951406	-0.226	0.226
  4242	-0.0935427	-0.226	0.226
  4243	-0.0801913	-0.226	0.226
  4244	-0.0891086	-0.226	0.226
  4245	-0.0857527	-0.226	0.226
  4246	-0.116331	-0.226	0.226
  4247	-0.105942	-0.226	0.226
  4248	-0.0892041	-0.226	0.226
  4249	-0.0971208	-0.226	0.226
  4250	-0.105825	-0.226	0.226
  4251	-0.101399	-0.226	0.226
  4252	-0.0748141	-0.226	0.226
  4253	-0.113492	-0.226	0.226
  4254	-0.10932	-0.226	0.226
  4255	-0.0920443	-0.226	0.226
  4256	-0.0892705	-0.226	0.226
  4257	-0.107566	-0.226	0.226
  4258	-0.0998028	-0.226	0.226
  4259	-0.112247	-0.226	0.226
  4260	-0.103048	-0.226	0.226
  4261	-0.0943735	-0.226	0.226
  4262	-0.103265	-0.226	0.226
  4263	-0.108989	-0.226	0.226
  4264	-0.0556977	-0.226	0.226
  4265	-0.0952315	-0.226	0.226
  4266	-0.100944	-0.226	0.226
  4267	-0.086349	-0.226	0.226
  4268	-0.0614169	-0.226	0.226
  4269	-0.0747153	-0.226	0.226
  4270	-0.0850837	-0.226	0.226
  4271	-0.085719	-0.226	0.226
  4272	-0.0655791	-0.226	0.226
  4273	-0.0922828	-0.226	0.226
  4274	-0.109009	-0.226	0.226
  4275	-0.103699	-0.226	0.226
  4276	-0.0629656	-0.226	0.226
  4277	-0.0811445	-0.226	0.226
  4278	-0.106638	-0.226	0.226
  4279	-0.090965	-0.226	0.226
  4280	-0.114877	-0.226	0.226
  4281	-0.0961039	-0.226	0.226
  4282	-0.112652	-0.226	0.226
  4283	-0.0989128	-0.226	0.226
  4284	-0.0720338	-0.226	0.226
  4285	-0.0563963	-0.226	0.226
  4286	-0.114666	-0.226	0.226
  4287	-0.0873324	-0.226	0.226
  4288	-0.11567	-0.226	0.226
  4289	-0.0949418	-0.226	0.226
  4290	-0.0984011	-0.226	0.226
  4291	-0.114504	-0.226	0.226
  4292	-0.0769463	-0.226	0.226
  4293	-0.102772	-0.226	0.226
  4294	-0.0797566	-0.226	0.226
  4295	-0.098741	-0.226	0.226
  4296	-0.0908123	-0.226	0.226
  4297	-0.0886049	-0.226	0.226
  4298	-0.113139	-0.226	0.226
  4299	-0.0730578	-0.226	0.226
  4300	-0.107847	-0.226	0.226
  4301	-0.100188	-0.226	0.226
  4302	-0.098315	-0.226	0.226
  4303	-0.0857609	-0.226	0.226
  4304	-0.0785585	-0.226	0.226
  4305	-0.0684775	-0.226	0.226
  4306	-0.115975	-0.226	0.226
  4307	-0.106037	-0.226	0.226
  4308	-0.115934	-0.226	0.226
  4309	-0.101819	-0.226	0.226
  4310	-0.0800166	-0.226	0.226
  4311	-0.105186	-0.226	0.226
  4312	-0.0906711	-0.226	0.226
  4313	-0.113844	-0.226	0.226
  4314	-0.0886431	-0.226	0.226
  4315	-0.0733125	-0.226	0.226
  4316	-0.0979214	-0.226	0.226
  4317	-0.0708984	-0.226	0.226
  4318	-0.099294	-0.226	0.226
  4319	-0.0739591	-0.226	0.226
  4320	-0.091282	-0.226	0.226
  4321	-0.0675554	-0.226	0.226
  4322	-0.105047	-0.226	0.226
  4323	-0.09741	-0.226	0.226
  4324	-0.115847	-0.226	0.226
  4325	-0.093716	-0.226	0.226
  4326	-0.0393637	-0.226	0.226
  4327	-0.107966	-0.226	0.226
  4328	-0.0861605	-0.226	0.226
  4329	-0.0748445	-0.226	0.226
  4330	-0.0954807	-0.226	0.226
  4331	-0.109993	-0.226	0.226
  4332	-0.0882989	-0.226	0.226
  4333	-0.103673	-0.226	0.226
  4334	-0.075158	-0.226	0.226
  4335	-0.0748681	-0.226	0.226
  4336	-0.096059	-0.226	0.226
  4337	-0.10725	-0.226	0.226
  4338	-0.0985656	-0.226	0.226
  4339	-0.104008	-0.226	0.226
  4340	-0.10854	-0.226	0.226
  4341	-0.0680308	-0.226	0.226
  4342	-0.0961711	-0.226	0.226
  4343	-0.0438934	-0.226	0.226
  4344	-0.0291338	-0.226	0.226
  4345	-0.114216	-0.226	0.226
  4346	-0.103049	-0.226	0.226
  4347	-0.0805805	-0.226	0.226
  4348	-0.0662728	-0.226	0.226
  4349	-0.0762544	-0.226	0.226
  4350	-0.0547744	-0.226	0.226
  4351	-0.0943814	-0.226	0.226
  4352	-0.0825542	-0.226	0.226
  4353	-0.104848	-0.226	0.226
  4354	-0.0889654	-0.226	0.226
  4355	-0.10655	-0.226	0.226
  4356	-0.0693265	-0.226	0.226
  4357	-0.0912958	-0.226	0.226
  4358	-0.0927708	-0.226	0.226
  4359	-0.0925936	-0.226	0.226
  4360	-0.0978238	-0.226	0.226
  4361	-0.0961314	-0.226	0.226
  4362	-0.101406	-0.226	0.226
  4363	-0.105706	-0.226	0.226
  4364	-0.0625977	-0.226	0.226
  4365	-0.104522	-0.226	0.226
  4366	-0.0892855	-0.226	0.226
  4367	-0.0767898	-0.226	0.226
  4368	-0.0549313	-0.226	0.226
  4369	-0.0975282	-0.226	0.226
  4370	-0.108787	-0.226	0.226
  4371	-0.113833	-0.226	0.226
  4372	-0.0885605	-0.226	0.226
  4373	-0.0948416	-0.226	0.226
  4374	-0.0776345	-0.226	0.226
  4375	-0.0712611	-0.226	0.226
  4376	-0.0933168	-0.226	0.226
  4377	-0.0951075	-0.226	0.226
  4378	-0.101487	-0.226	0.226
  4379	-0.0999538	-0.226	0.226
  4380	-0.0923743	-0.226	0.226
  4381	-0.107829	-0.226	0.226
  4382	-0.0613982	-0.226	0.226
  4383	-0.0928804	-0.226	0.226
  4384	-0.0956259	-0.226	0.226
  4385	-0.0999469	-0.226	0.226
  4386	-0.0833779	-0.226	0.226
  4387	-0.116195	-0.226	0.226
  4388	-0.106523	-0.226	0.226
  4389	-0.0997571	-0.226	0.226
  4390	-0.115843	-0.226	0.226
  4391	-0.101932	-0.226	0.226
  4392	-0.0933204	-0.226	0.226
  4393	-0.0877459	-0.226	0.226
  4394	-0.0913396	-0.226	0.226
  4395	-0.0562353	-0.226	0.226
  4396	-0.110506	-0.226	0.226
  4397	-0.0775609	-0.226	0.226
  4398	-0.0882999	-0.226	0.226
  4399	-0.0708252	-0.226	0.226
  4400	-0.0690887	-0.226	0.226
  4401	-0.114237	-0.226	0.226
  4402	-0.114567	-0.226	0.226
  4403	-0.0935494	-0.226	0.226
  4404	-0.0861735	-0.226	0.226
  4405	-0.0876801	-0.226	0.226
  4406	-0.0663304	-0.226	0.226
  4407	-0.0971684	-0.226	0.226
  4408	-0.100148	-0.226	0.226
  4409	-0.0930744	-0.226	0.226
  4410	-0.0930123	-0.226	0.226
  4411	-0.11313	-0.226	0.226
  4412	-0.113781	-0.226	0.226
  4413	-0.0920882	-0.226	0.226
  4414	-0.0650788	-0.226	0.226
  4415	-0.099877	-0.226	0.226
  4416	-0.102273	-0.226	0.226
  4417	-0.10453	-0.226	0.226
  4418	-0.0830135	-0.226	0.226
  4419	-0.114955	-0.226	0.226
  4420	-0.10675	-0.226	0.226
  4421	-0.0961666	-0.226	0.226
  4422	-0.103493	-0.226	0.226
  4423	-0.0827703	-0.226	0.226
  4424	-0.104222	-0.226	0.226
  4425	-0.10927	-0.226	0.226
  4426	-0.0878077	-0.226	0.226
  4427	-0.0975287	-0.226	0.226
  4428	-0.116245	-0.226	0.226
  4429	-0.1139	-0.226	0.226
  4430	-0.0952588	-0.226	0.226
  4431	-0.11182	-0.226	0.226
  4432	-0.05771	-0.226	0.226
  4433	-0.0589109	-0.226	0.226
  4434	-0.113429	-0.226	0.226
  4435	-0.0996027	-0.226	0.226
  4436	-0.109224	-0.226	0.226
  4437	-0.0848218	-0.226	0.226
  4438	-0.076414	-0.226	0.226
  4439	-0.0838528	-0.226	0.226
  4440	-0.0672825	-0.226	0.226
  4441	-0.101734	-0.226	0.226
  4442	-0.0893369	-0.226	0.226
  4443	-0.0409269	-0.226	0.226
  4444	-0.0730814	-0.226	0.226
  4445	-0.0721728	-0.226	0.226
  4446	-0.0955882	-0.226	0.226
  4447	-0.0915503	-0.226	0.226
  4448	-0.0587326	-0.226	0.226
  4449	-0.0849004	-0.226	0.226
  4450	-0.0933385	-0.226	0.226
  4451	-0.114179	-0.226	0.226
  4452	-0.0535777	-0.226	0.226
  4453	-0.101361	-0.226	0.226
  4454	-0.104135	-0.226	0.226
  4455	-0.0598096	-0.226	0.226
  4456	-0.110974	-0.226	0.226
  4457	-0.087741	-0.226	0.226
  4458	-0.077432	-0.226	0.226
  4459	-0.0867292	-0.226	0.226
  4460	-0.108224	-0.226	0.226
  4461	-0.115029	-0.226	0.226
  4462	-0.0951056	-0.226	0.226
  4463	-0.0811985	-0.226	0.226
  4464	-0.0777308	-0.226	0.226
  4465	-0.0625699	-0.226	0.226
  4466	-0.112269	-0.226	0.226
  4467	-0.109384	-0.226	0.226
  4468	-0.0879877	-0.226	0.226
  4469	-0.0964027	-0.226	0.226
  4470	-0.0690343	-0.226	0.226
  4471	-0.106854	-0.226	0.226
  4472	-0.106354	-0.226	0.226
  4473	-0.0729532	-0.226	0.226
  4474	-0.076656	-0.226	0.226
  4475	-0.0989823	-0.226	0.226
  4476	-0.0864472	-0.226	0.226
  4477	-0.0911022	-0.226	0.226
  4478	-0.0816007	-0.226	0.226
  4479	-0.07495	-0.226	0.226
  4480	-0.0997783	-0.226	0.226
  4481	-0.0941272	-0.226	0.226
  4482	-0.0813196	-0.226	0.226
  4483	-0.0930231	-0.226	0.226
  4484	-0.10672	-0.226	0.226
  4485	-0.0758191	-0.226	0.226
  4486	-0.0843995	-0.226	0.226
  4487	-0.0851298	-0.226	0.226
  4488	-0.0892194	-0.226	0.226
  4489	-0.092754	-0.226	0.226
  4490	-0.108855	-0.226	0.226
  4491	-0.0954029	-0.226	0.226
  4492	-0.115439	-0.226	0.226
  4493	-0.114201	-0.226	0.226
  4494	-0.10703	-0.226	0.226
  4495	-0.0724397	-0.226	0.226
  4496	-0.10329	-0.226	0.226
  4497	-0.11527	-0.226	0.226
  4498	-0.113514	-0.226	0.226
  4499	-0.097952	-0.226	0.226
  4500	-0.107704	-0.226	0.226
  4501	-0.0925292	-0.226	0.226
  4502	-0.115495	-0.226	0.226
  4503	-0.0891327	-0.226	0.226
  4504	-0.0887768	-0.226	0.226
  4505	-0.0922787	-0.226	0.226
  4506	-0.104202	-0.226	0.226
  4507	-0.0732873	-0.226	0.226
  4508	-0.0928847	-0.226	0.226
  4509	-0.0685723	-0.226	0.226
  4510	-0.0846608	-0.226	0.226
  4511	-0.100159	-0.226	0.226
  4512	-0.0677783	-0.226	0.226
  4513	-0.0862229	-0.226	0.226
  4514	-0.106249	-0.226	0.226
  4515	-0.0560915	-0.226	0.226
  4516	-0.069814	-0.226	0.226
  4517	-0.0748416	-0.226	0.226
  4518	-0.0888692	-0.226	0.226
  4519	-0.0951525	-0.226	0.226
  4520	-0.0472112	-0.226	0.226
  4521	-0.0808346	-0.226	0.226
  4522	-0.0880069	-0.226	0.226
  4523	-0.107894	-0.226	0.226
  4524	-0.112402	-0.226	0.226
  4525	-0.102437	-0.226	0.226
  4526	-0.10655	-0.226	0.226
  4527	-0.111495	-0.226	0.226
  4528	-0.0857779	-0.226	0.226
  4529	-0.0915836	-0.226	0.226
  4530	-0.112182	-0.226	0.226
  4531	-0.113172	-0.226	0.226
  4532	-0.0811066	-0.226	0.226
  4533	-0.111165	-0.226	0.226
  4534	-0.104426	-0.226	0.226
  4535	-0.101122	-0.226	0.226
  4536	-0.0883586	-0.226	0.226
  4537	-0.102807	-0.226	0.226
  4538	-0.0907419	-0.226	0.226
  4539	-0.11022	-0.226	0.226
  4540	-0.11557	-0.226	0.226
  4541	-0.106977	-0.226	0.226
  4542	-0.0936132	-0.226	0.226
  4543	-0.111405	-0.226	0.226
  4544	-0.106069	-0.226	0.226
  4545	-0.104786	-0.226	0.226
  4546	-0.115072	-0.226	0.226
  4547	-0.0790087	-0.226	0.226
  4548	-0.101853	-0.226	0.226
  4549	-0.114627	-0.226	0.226
  4550	-0.111497	-0.226	0.226
  4551	-0.0926813	-0.226	0.226
  4552	-0.104922	-0.226	0.226
  4553	-0.097081	-0.226	0.226
  4554	-0.115245	-0.226	0.226
  4555	-0.0772987	-0.226	0.226
  4556	-0.102278	-0.226	0.226
  4557	-0.111547	-0.226	0.226
  4558	-0.105302	-0.226	0.226
  4559	-0.0954736	-0.226	0.226
  4560	-0.11183	-0.226	0.226
  4561	-0.0927725	-0.226	0.226
  4562	-0.0735085	-0.226	0.226
  4563	-0.108167	-0.226	0.226
  4564	-0.113286	-0.226	0.226
  4565	-0.0958431	-0.226	0.226
  4566	-0.0614768	-0.226	0.226
  4567	-0.0756305	-0.226	0.226
  4568	-0.114621	-0.226	0.226
  4569	-0.0961405	-0.226	0.226
  4570	-0.0877026	-0.226	0.226
  4571	-0.110369	-0.226	0.226
  4572	-0.102171	-0.226	0.226
  4573	-0.0677697	-0.226	0.226
  4574	-0.11122	-0.226	0.226
  4575	-0.0928206	-0.226	0.226
  4576	-0.0813178	-0.226	0.226
  4577	-0.102184	-0.226	0.226
  4578	-0.0967193	-0.226	0.226
  4579	-0.0959507	-0.226	0.226
  4580	-0.115361	-0.226	0.226
  4581	-0.100527	-0.226	0.226
  4582	-0.105253	-0.226	0.226
  4583	-0.110622	-0.226	0.226
  4584	-0.0989294	-0.226	0.226
  4585	-0.11074	-0.226	0.226
  4586	-0.0870414	-0.226	0.226
  4587	-0.0273564	-0.226	0.226
  4588	-0.0670163	-0.226	0.226
  4589	-0.0985219	-0.226	0.226
  4590	-0.0835273	-0.226	0.226
  4591	-0.0901552	-0.226	0.226
  4592	-0.114307	-0.226	0.226
  4593	-0.10106	-0.226	0.226
  4594	-0.0901525	-0.226	0.226
  4595	-0.0669651	-0.226	0.226
  4596	-0.104112	-0.226	0.226
  4597	-0.111373	-0.226	0.226
  4598	-0.115723	-0.226	0.226
  4599	-0.0866515	-0.226	0.226
  4600	-0.0726764	-0.226	0.226
  4601	-0.114675	-0.226	0.226
  4602	-0.111255	-0.226	0.226
  4603	-0.0780859	-0.226	0.226
  4604	-0.0829463	-0.226	0.226
  4605	-0.0986411	-0.226	0.226
  4606	-0.097383	-0.226	0.226
  4607	-0.108162	-0.226	0.226
  4608	-0.113357	-0.226	0.226
  4609	-0.0977071	-0.226	0.226
  4610	-0.0620134	-0.226	0.226
  4611	-0.085695	-0.226	0.226
  4612	-0.081038	-0.226	0.226
  4613	-0.0680189	-0.226	0.226
  4614	-0.0909595	-0.226	0.226
  4615	-0.112809	-0.226	0.226
  4616	-0.115543	-0.226	0.226
  4617	-0.0244806	-0.226	0.226
  4618	-0.115778	-0.226	0.226
  4619	-0.10454	-0.226	0.226
  4620	-0.0847436	-0.226	0.226
  4621	-0.0839921	-0.226	0.226
  4622	-0.0807024	-0.226	0.226
  4623	-0.105128	-0.226	0.226
  4624	-0.0718461	-0.226	0.226
  4625	-0.0946718	-0.226	0.226
  4626	-0.101488	-0.226	0.226
  4627	-0.104646	-0.226	0.226
  4628	-0.0788759	-0.226	0.226
  4629	-0.109156	-0.226	0.226
  4630	-0.0615554	-0.226	0.226
  4631	-0.060687	-0.226	0.226
  4632	-0.106496	-0.226	0.226
  4633	-0.102883	-0.226	0.226
  4634	-0.0770453	-0.226	0.226
  4635	-0.0997633	-0.226	0.226
  4636	-0.102751	-0.226	0.226
  4637	-0.0772509	-0.226	0.226
  4638	-0.0841006	-0.226	0.226
  4639	-0.112652	-0.226	0.226
  4640	-0.0831084	-0.226	0.226
  4641	-0.108186	-0.226	0.226
  4642	-0.106019	-0.226	0.226
  4643	-0.103662	-0.226	0.226
  4644	-0.112133	-0.226	0.226
  4645	-0.104875	-0.226	0.226
  4646	-0.113646	-0.226	0.226
  4647	-0.0886191	-0.226	0.226
  4648	-0.112868	-0.226	0.226
  4649	-0.105645	-0.226	0.226
  4650	-0.0813792	-0.226	0.226
  4651	-0.056969	-0.226	0.226
  4652	-0.0848537	-0.226	0.226
  4653	-0.0886235	-0.226	0.226
  4654	-0.114334	-0.226	0.226
  4655	-0.0635651	-0.226	0.226
  4656	-0.107426	-0.226	0.226
  4657	-0.11038	-0.226	0.226
  4658	-0.0874675	-0.226	0.226
  4659	-0.114766	-0.226	0.226
  4660	-0.102005	-0.226	0.226
  4661	-0.0987757	-0.226	0.226
  4662	-0.113142	-0.226	0.226
  4663	-0.0991242	-0.226	0.226
  4664	-0.112192	-0.226	0.226
  4665	-0.0828264	-0.226	0.226
  4666	-0.0874047	-0.226	0.226
  4667	-0.0978212	-0.226	0.226
  4668	-0.0821632	-0.226	0.226
  4669	-0.0698479	-0.226	0.226
  4670	-0.0702325	-0.226	0.226
  4671	-0.0969007	-0.226	0.226
  4672	-0.0966721	-0.226	0.226
  4673	-0.116542	-0.226	0.226
  4674	-0.0731154	-0.226	0.226
  4675	-0.115141	-0.226	0.226
  4676	-0.0791573	-0.226	0.226
  4677	-0.111653	-0.226	0.226
  4678	-0.0474693	-0.226	0.226
  4679	-0.112365	-0.226	0.226
  4680	-0.0682352	-0.226	0.226
  4681	-0.115579	-0.226	0.226
  4682	-0.0996825	-0.226	0.226
  4683	-0.103541	-0.226	0.226
  4684	-0.0838323	-0.226	0.226
  4685	-0.0644169	-0.226	0.226
  4686	-0.0766665	-0.226	0.226
  4687	-0.0771178	-0.226	0.226
  4688	-0.100687	-0.226	0.226
  4689	-0.056784	-0.226	0.226
  4690	-0.100874	-0.226	0.226
  4691	-0.0840268	-0.226	0.226
  4692	-0.100056	-0.226	0.226
  4693	-0.0775038	-0.226	0.226
  4694	-0.116369	-0.226	0.226
  4695	-0.112594	-0.226	0.226
  4696	-0.107137	-0.226	0.226
  4697	-0.109769	-0.226	0.226
  4698	-0.0753822	-0.226	0.226
  4699	-0.111901	-0.226	0.226
  4700	-0.0672599	-0.226	0.226
  4701	-0.0621505	-0.226	0.226
  4702	-0.0810572	-0.226	0.226
  4703	-0.0734495	-0.226	0.226
  4704	-0.0962878	-0.226	0.226
  4705	-0.114065	-0.226	0.226
  4706	-0.088384	-0.226	0.226
  4707	-0.107735	-0.226	0.226
  4708	-0.0873422	-0.226	0.226
  4709	-0.0907669	-0.226	0.226
  4710	-0.0849445	-0.226	0.226
  4711	-0.0599128	-0.226	0.226
  4712	-0.0590646	-0.226	0.226
  4713	-0.0710239	-0.226	0.226
  4714	-0.086795	-0.226	0.226
  4715	-0.0996739	-0.226	0.226
  4716	-0.0781246	-0.226	0.226
  4717	-0.0965455	-0.226	0.226
  4718	-0.0803564	-0.226	0.226
  4719	-0.0918198	-0.226	0.226
  4720	-0.098118	-0.226	0.226
  4721	-0.0924659	-0.226	0.226
  4722	-0.0624948	-0.226	0.226
  4723	-0.0529488	-0.226	0.226
  4724	-0.109309	-0.226	0.226
  4725	-0.0367926	-0.226	0.226
  4726	-0.0997425	-0.226	0.226
  4727	-0.10996	-0.226	0.226
  4728	-0.112141	-0.226	0.226
  4729	-0.0972992	-0.226	0.226
  4730	-0.0718519	-0.226	0.226
  4731	-0.113041	-0.226	0.226
  4732	-0.0998823	-0.226	0.226
  4733	-0.0785842	-0.226	0.226
  4734	-0.09347	-0.226	0.226
  4735	-0.114796	-0.226	0.226
  4736	-0.0710779	-0.226	0.226
  4737	-0.0858031	-0.226	0.226
  4738	-0.0665236	-0.226	0.226
  4739	-0.11622	-0.226	0.226
  4740	-0.107833	-0.226	0.226
  4741	-0.0991073	-0.226	0.226
  4742	-0.114565	-0.226	0.226
  4743	-0.0919932	-0.226	0.226
  4744	-0.0549184	-0.226	0.226
  4745	-0.106036	-0.226	0.226
  4746	-0.0994927	-0.226	0.226
  4747	-0.105776	-0.226	0.226
  4748	-0.0975737	-0.226	0.226
  4749	-0.112306	-0.226	0.226
  4750	-0.107275	-0.226	0.226
  4751	-0.0955181	-0.226	0.226
  4752	-0.108472	-0.226	0.226
  4753	-0.113357	-0.226	0.226
  4754	-0.0913634	-0.226	0.226
  4755	-0.107659	-0.226	0.226
  4756	-0.109063	-0.226	0.226
  4757	-0.114179	-0.226	0.226
  4758	-0.103321	-0.226	0.226
  4759	-0.0877531	-0.226	0.226
  4760	-0.0578009	-0.226	0.226
  4761	-0.0910876	-0.226	0.226
  4762	-0.103396	-0.226	0.226
  4763	-0.0974755	-0.226	0.226
  4764	-0.109805	-0.226	0.226
  4765	-0.0751593	-0.226	0.226
  4766	-0.0893001	-0.226	0.226
  4767	-0.101298	-0.226	0.226
  4768	-0.102007	-0.226	0.226
  4769	-0.100824	-0.226	0.226
  4770	-0.0887023	-0.226	0.226
  4771	-0.105256	-0.226	0.226
  4772	-0.0943404	-0.226	0.226
  4773	-0.110058	-0.226	0.226
  4774	-0.114767	-0.226	0.226
  4775	-0.103824	-0.226	0.226
  4776	-0.113664	-0.226	0.226
  4777	-0.115818	-0.226	0.226
  4778	-0.102729	-0.226	0.226
  4779	-0.0973469	-0.226	0.226
  4780	-0.0884309	-0.226	0.226
  4781	-0.113416	-0.226	0.226
  4782	-0.0978007	-0.226	0.226
  4783	-0.108729	-0.226	0.226
  4784	-0.0948139	-0.226	0.226
  4785	-0.102631	-0.226	0.226
  4786	-0.0694428	-0.226	0.226
  4787	-0.103212	-0.226	0.226
  4788	-0.111202	-0.226	0.226
  4789	-0.0605876	-0.226	0.226
  4790	-0.111705	-0.226	0.226
  4791	-0.0886922	-0.226	0.226
  4792	-0.0891399	-0.226	0.226
  4793	-0.0904957	-0.226	0.226
  4794	-0.110006	-0.226	0.226
  4795	-0.0809761	-0.226	0.226
  4796	-0.0880155	-0.226	0.226
  4797	-0.0983669	-0.226	0.226
  4798	-0.0906029	-0.226	0.226
  4799	-0.0567016	-0.226	0.226
  4800	-0.106136	-0.226	0.226
  4801	-0.113678	-0.226	0.226
  4802	-0.08628	-0.226	0.226
  4803	-0.068212	-0.226	0.226
  4804	-0.0629246	-0.226	0.226
  4805	-0.110778	-0.226	0.226
  4806	-0.0787612	-0.226	0.226
  4807	-0.0991325	-0.226	0.226
  4808	-0.102662	-0.226	0.226
  4809	-0.0751302	-0.226	0.226
  4810	-0.0976789	-0.226	0.226
  4811	-0.0713802	-0.226	0.226
  4812	-0.0734304	-0.226	0.226
  4813	-0.0723045	-0.226	0.226
  4814	-0.111983	-0.226	0.226
  4815	-0.0781892	-0.226	0.226
  4816	-0.0870797	-0.226	0.226
  4817	-0.0927857	-0.226	0.226
  4818	-0.0738175	-0.226	0.226
  4819	-0.0844529	-0.226	0.226
  4820	-0.0913566	-0.226	0.226
  4821	-0.100783	-0.226	0.226
  4822	-0.107403	-0.226	0.226
  4823	-0.0920491	-0.226	0.226
  4824	-0.115885	-0.226	0.226
  4825	-0.100309	-0.226	0.226
  4826	-0.105966	-0.226	0.226
  4827	-0.0448233	-0.226	0.226
  4828	-0.0774871	-0.226	0.226
  4829	-0.0738936	-0.226	0.226
  4830	-0.105501	-0.226	0.226
  4831	-0.0881618	-0.226	0.226
  4832	-0.0893369	-0.226	0.226
  4833	-0.0909022	-0.226	0.226
  4834	-0.101478	-0.226	0.226
  4835	-0.114595	-0.226	0.226
  4836	-0.0613149	-0.226	0.226
  4837	-0.0984329	-0.226	0.226
  4838	-0.111507	-0.226	0.226
  4839	-0.116163	-0.226	0.226
  4840	-0.0934855	-0.226	0.226
  4841	-0.113853	-0.226	0.226
  4842	-0.11426	-0.226	0.226
  4843	-0.0916586	-0.226	0.226
  4844	-0.112057	-0.226	0.226
  4845	-0.0853489	-0.226	0.226
  4846	-0.103497	-0.226	0.226
  4847	-0.108689	-0.226	0.226
  4848	-0.0676772	-0.226	0.226
  4849	-0.107167	-0.226	0.226
  4850	-0.0627842	-0.226	0.226
  4851	-0.0828366	-0.226	0.226
  4852	-0.114105	-0.226	0.226
  4853	-0.101923	-0.226	0.226
  4854	-0.0767455	-0.226	0.226
  4855	-0.0667458	-0.226	0.226
  4856	-0.107847	-0.226	0.226
  4857	-0.106934	-0.226	0.226
  4858	-0.055455	-0.226	0.226
  4859	-0.113167	-0.226	0.226
  4860	-0.110728	-0.226	0.226
  4861	-0.0809547	-0.226	0.226
  4862	-0.103511	-0.226	0.226
  4863	-0.0647493	-0.226	0.226
  4864	-0.114748	-0.226	0.226
  4865	-0.0980259	-0.226	0.226
  4866	-0.108376	-0.226	0.226
  4867	-0.113595	-0.226	0.226
  4868	-0.111808	-0.226	0.226
  4869	-0.0952534	-0.226	0.226
  4870	-0.0684016	-0.226	0.226
  4871	-0.109564	-0.226	0.226
  4872	-0.0992528	-0.226	0.226
  4873	-0.0661936	-0.226	0.226
  4874	-0.114853	-0.226	0.226
  4875	-0.111768	-0.226	0.226
  4876	-0.0983111	-0.226	0.226
  4877	-0.0761648	-0.226	0.226
  4878	-0.111286	-0.226	0.226
  4879	-0.0486763	-0.226	0.226
  4880	-0.0924522	-0.226	0.226
  4881	-0.0751108	-0.226	0.226
  4882	-0.0901071	-0.226	0.226
  4883	-0.0920122	-0.226	0.226
  4884	-0.110825	-0.226	0.226
  4885	-0.113573	-0.226	0.226
  4886	-0.104439	-0.226	0.226
  4887	-0.0827552	-0.226	0.226
  4888	-0.114215	-0.226	0.226
  4889	-0.105137	-0.226	0.226
  4890	-0.0851658	-0.226	0.226
  4891	-0.0698952	-0.226	0.226
  4892	-0.0948712	-0.226	0.226
  4893	-0.0948448	-0.226	0.226
  4894	-0.0980925	-0.226	0.226
  4895	-0.0947991	-0.226	0.226
  4896	-0.0711729	-0.226	0.226
  4897	-0.101241	-0.226	0.226
  4898	-0.106795	-0.226	0.226
  4899	-0.10808	-0.226	0.226
  4900	-0.0537599	-0.226	0.226
  4901	-0.104631	-0.226	0.226
  4902	-0.113539	-0.226	0.226
  4903	-0.0962056	-0.226	0.226
  4904	-0.07292	-0.226	0.226
  4905	-0.0805209	-0.226	0.226
  4906	-0.114774	-0.226	0.226
  4907	-0.0697953	-0.226	0.226
  4908	-0.104546	-0.226	0.226
  4909	-0.0905991	-0.226	0.226
  4910	-0.100949	-0.226	0.226
  4911	-0.0952117	-0.226	0.226
  4912	-0.114893	-0.226	0.226
  4913	-0.107092	-0.226	0.226
  4914	-0.107283	-0.226	0.226
  4915	-0.0698042	-0.226	0.226
  4916	-0.114364	-0.226	0.226
  4917	-0.091275	-0.226	0.226
  4918	-0.0821265	-0.226	0.226
  4919	-0.115025	-0.226	0.226
  4920	-0.106807	-0.226	0.226
  4921	-0.0954972	-0.226	0.226
  4922	-0.0823508	-0.226	0.226
  4923	-0.110681	-0.226	0.226
  4924	-0.0857135	-0.226	0.226
  4925	-0.114505	-0.226	0.226
  4926	-0.0979135	-0.226	0.226
  4927	-0.0946238	-0.226	0.226
  4928	-0.108761	-0.226	0.226
  4929	-0.114858	-0.226	0.226
  4930	-0.0628363	-0.226	0.226
  4931	-0.105639	-0.226	0.226
  4932	-0.094377	-0.226	0.226
  4933	-0.100844	-0.226	0.226
  4934	-0.103678	-0.226	0.226
  4935	-0.106772	-0.226	0.226
  4936	-0.0730409	-0.226	0.226
  4937	-0.101365	-0.226	0.226
  4938	-0.0880793	-0.226	0.226
  4939	-0.0849783	-0.226	0.226
  4940	-0.100282	-0.226	0.226
  4941	-0.0816978	-0.226	0.226
  4942	-0.115453	-0.226	0.226
  4943	-0.106024	-0.226	0.226
  4944	-0.114509	-0.226	0.226
  4945	-0.113325	-0.226	0.226
  4946	-0.106049	-0.226	0.226
  4947	-0.115809	-0.226	0.226
  4948	-0.115862	-0.226	0.226
  4949	-0.112925	-0.226	0.226
  4950	-0.0596403	-0.226	0.226
  4951	-0.0426426	-0.226	0.226
  4952	-0.114639	-0.226	0.226
  4953	-0.0869626	-0.226	0.226
  4954	-0.0793196	-0.226	0.226
  4955	-0.0915003	-0.226	0.226
  4956	-0.0852946	-0.226	0.226
  4957	-0.0762933	-0.226	0.226
  4958	-0.081512	-0.226	0.226
  4959	-0.102496	-0.226	0.226
  4960	-0.0921202	-0.226	0.226
  4961	-0.0790355	-0.226	0.226
  4962	-0.104204	-0.226	0.226
  4963	-0.0835526	-0.226	0.226
  4964	-0.110012	-0.226	0.226
  4965	-0.0858226	-0.226	0.226
  4966	-0.109166	-0.226	0.226
  4967	-0.0940852	-0.226	0.226
  4968	-0.115898	-0.226	0.226
  4969	-0.112134	-0.226	0.226
  4970	-0.116447	-0.226	0.226
  4971	-0.0897697	-0.226	0.226
  4972	-0.0944114	-0.226	0.226
  4973	-0.0932623	-0.226	0.226
  4974	-0.0965108	-0.226	0.226
  4975	-0.099292	-0.226	0.226
  4976	-0.0993497	-0.226	0.226
  4977	-0.106425	-0.226	0.226
  4978	-0.0866438	-0.226	0.226
  4979	-0.111876	-0.226	0.226
  4980	-0.101941	-0.226	0.226
  4981	-0.0756984	-0.226	0.226
  4982	-0.0618946	-0.226	0.226
  4983	-0.113551	-0.226	0.226
  4984	-0.102442	-0.226	0.226
  4985	-0.0672777	-0.226	0.226
  4986	-0.0868932	-0.226	0.226
  4987	-0.0477287	-0.226	0.226
  4988	-0.102018	-0.226	0.226
  4989	-0.113969	-0.226	0.226
  4990	-0.116543	-0.226	0.226
  4991	-0.100835	-0.226	0.226
  4992	-0.087125	-0.226	0.226
  4993	-0.0986307	-0.226	0.226
  4994	-0.103464	-0.226	0.226
  4995	-0.11409	-0.226	0.226
  4996	-0.11339	-0.226	0.226
  4997	-0.114488	-0.226	0.226
  4998	-0.0927134	-0.226	0.226
  4999	-0.115806	-0.226	0.226
  5000	-0.111884	-0.226	0.226
  5001	-0.071985	-0.226	0.226
  5002	-0.103976	-0.226	0.226
  5003	-0.109746	-0.226	0.226
  5004	-0.1133	-0.226	0.226
  5005	-0.0887476	-0.226	0.226
  5006	-0.0624088	-0.226	0.226
  5007	-0.114658	-0.226	0.226
  5008	-0.0920239	-0.226	0.226
  5009	-0.0817168	-0.226	0.226
  5010	-0.113327	-0.226	0.226
  5011	-0.0970585	-0.226	0.226
  5012	-0.0812429	-0.226	0.226
  5013	-0.0798728	-0.226	0.226
  5014	-0.0793256	-0.226	0.226
  5015	-0.0774033	-0.226	0.226
  5016	-0.110904	-0.226	0.226
  5017	-0.116001	-0.226	0.226
  5018	-0.0907949	-0.226	0.226
  5019	-0.0456493	-0.226	0.226
  5020	-0.0723459	-0.226	0.226
  5021	-0.0922561	-0.226	0.226
  5022	-0.110221	-0.226	0.226
  5023	-0.114893	-0.226	0.226
  5024	-0.107948	-0.226	0.226
  5025	-0.0624058	-0.226	0.226
  5026	-0.108579	-0.226	0.226
  5027	-0.103074	-0.226	0.226
  5028	-0.07846	-0.226	0.226
  5029	-0.09974	-0.226	0.226
  5030	-0.114507	-0.226	0.226
  5031	-0.112352	-0.226	0.226
  5032	-0.113746	-0.226	0.226
  5033	-0.107488	-0.226	0.226
  5034	-0.0977703	-0.226	0.226
  5035	-0.0606941	-0.226	0.226
  5036	-0.0978671	-0.226	0.226
  5037	-0.0843131	-0.226	0.226
  5038	-0.103654	-0.226	0.226
  5039	-0.0733584	-0.226	0.226
  5040	-0.10444	-0.226	0.226
  5041	-0.108285	-0.226	0.226
  5042	-0.106265	-0.226	0.226
  5043	-0.10117	-0.226	0.226
  5044	-0.111158	-0.226	0.226
  5045	-0.1143	-0.226	0.226
  5046	-0.110468	-0.226	0.226
  5047	-0.0829998	-0.226	0.226
  5048	-0.11515	-0.226	0.226
  5049	-0.0839702	-0.226	0.226
  5050	-0.114624	-0.226	0.226
  5051	-0.112542	-0.226	0.226
  5052	-0.105033	-0.226	0.226
  5053	-0.0722978	-0.226	0.226
  5054	-0.102293	-0.226	0.226
  5055	-0.0872442	-0.226	0.226
  5056	-0.104878	-0.226	0.226
  5057	-0.0729393	-0.226	0.226
  5058	-0.107521	-0.226	0.226
  5059	-0.0779986	-0.226	0.226
  5060	-0.0828033	-0.226	0.226
  5061	-0.103685	-0.226	0.226
  5062	-0.112047	-0.226	0.226
  5063	-0.0906066	-0.226	0.226
  5064	-0.0717989	-0.226	0.226
  5065	-0.0960324	-0.226	0.226
  5066	-0.0864773	-0.226	0.226
  5067	-0.0711323	-0.226	0.226
  5068	-0.0597989	-0.226	0.226
  5069	-0.111009	-0.226	0.226
  5070	-0.109993	-0.226	0.226
  5071	-0.10933	-0.226	0.226
  5072	-0.112473	-0.226	0.226
  5073	-0.0940318	-0.226	0.226
  5074	-0.10915	-0.226	0.226
  5075	-0.0912207	-0.226	0.226
  5076	-0.115247	-0.226	0.226
  5077	-0.106421	-0.226	0.226
  5078	-0.113217	-0.226	0.226
  5079	-0.102906	-0.226	0.226
  5080	-0.0611349	-0.226	0.226
  5081	-0.0882459	-0.226	0.226
  5082	-0.0839783	-0.226	0.226
  5083	-0.114957	-0.226	0.226
  5084	-0.0851766	-0.226	0.226
  5085	-0.0773028	-0.226	0.226
  5086	-0.113458	-0.226	0.226
  5087	-0.0551203	-0.226	0.226
  5088	-0.106634	-0.226	0.226
  5089	-0.109846	-0.226	0.226
  5090	-0.0875348	-0.226	0.226
  5091	-0.0741438	-0.226	0.226
  5092	-0.098647	-0.226	0.226
  5093	-0.109538	-0.226	0.226
  5094	-0.0760396	-0.226	0.226
  5095	-0.0908373	-0.226	0.226
  5096	-0.0979778	-0.226	0.226
  5097	-0.10562	-0.226	0.226
  5098	-0.111419	-0.226	0.226
  5099	-0.101979	-0.226	0.226
  5100	-0.0954824	-0.226	0.226
  5101	-0.0988275	-0.226	0.226
  5102	-0.0728604	-0.226	0.226
  5103	-0.11581	-0.226	0.226
  5104	-0.112841	-0.226	0.226
  5105	-0.113039	-0.226	0.226
  5106	-0.105331	-0.226	0.226
  5107	-0.0700588	-0.226	0.226
  5108	-0.0950334	-0.226	0.226
  5109	-0.0683869	-0.226	0.226
  5110	-0.0719088	-0.226	0.226
  5111	-0.0705898	-0.226	0.226
  5112	-0.0939965	-0.226	0.226
  5113	-0.101781	-0.226	0.226
  5114	-0.0922671	-0.226	0.226
  5115	-0.102759	-0.226	0.226
  5116	-0.0657841	-0.226	0.226
  5117	-0.0504173	-0.226	0.226
  5118	-0.100153	-0.226	0.226
  5119	-0.0916236	-0.226	0.226
  5120	-0.0743031	-0.226	0.226
  5121	-0.0875741	-0.226	0.226
  5122	-0.111975	-0.226	0.226
  5123	-0.105277	-0.226	0.226
  5124	-0.09908	-0.226	0.226
  5125	-0.0858715	-0.226	0.226
  5126	-0.0963183	-0.226	0.226
  5127	-0.10841	-0.226	0.226
  5128	-0.105665	-0.226	0.226
  5129	-0.0856764	-0.226	0.226
  5130	-0.0828322	-0.226	0.226
  5131	-0.108048	-0.226	0.226
  5132	-0.0945025	-0.226	0.226
  5133	-0.0948637	-0.226	0.226
  5134	-0.092717	-0.226	0.226
  5135	-0.10094	-0.226	0.226
  5136	-0.115363	-0.226	0.226
  5137	-0.0751878	-0.226	0.226
  5138	-0.0756266	-0.226	0.226
  5139	-0.0957098	-0.226	0.226
  5140	-0.0983547	-0.226	0.226
  5141	-0.0907756	-0.226	0.226
  5142	-0.102903	-0.226	0.226
  5143	-0.0961403	-0.226	0.226
  5144	-0.0936414	-0.226	0.226
  5145	-0.0977679	-0.226	0.226
  5146	-0.0839953	-0.226	0.226
  5147	-0.113082	-0.226	0.226
  5148	-0.073975	-0.226	0.226
  5149	-0.102604	-0.226	0.226
  5150	-0.114961	-0.226	0.226
  5151	-0.0911119	-0.226	0.226
  5152	-0.0778349	-0.226	0.226
  5153	-0.0810047	-0.226	0.226
  5154	-0.0997633	-0.226	0.226
  5155	-0.0918833	-0.226	0.226
  5156	-0.109772	-0.226	0.226
  5157	-0.109409	-0.226	0.226
  5158	-0.110447	-0.226	0.226
  5159	-0.104628	-0.226	0.226
  5160	-0.110333	-0.226	0.226
  5161	-0.0909098	-0.226	0.226
  5162	-0.0997641	-0.226	0.226
  5163	-0.0646892	-0.226	0.226
  5164	-0.0888461	-0.226	0.226
  5165	-0.0579828	-0.226	0.226
  5166	-0.0656639	-0.226	0.226
  5167	-0.0960809	-0.226	0.226
  5168	-0.109085	-0.226	0.226
  5169	-0.113915	-0.226	0.226
  5170	-0.0901832	-0.226	0.226
  5171	-0.0936753	-0.226	0.226
  5172	-0.102061	-0.226	0.226
  5173	-0.0934091	-0.226	0.226
  5174	-0.0706227	-0.226	0.226
  5175	-0.0703854	-0.226	0.226
  5176	-0.107394	-0.226	0.226
  5177	-0.110136	-0.226	0.226
  5178	-0.0788604	-0.226	0.226
  5179	-0.0910464	-0.226	0.226
  5180	-0.114914	-0.226	0.226
  5181	-0.109863	-0.226	0.226
  5182	-0.093894	-0.226	0.226
  5183	-0.113313	-0.226	0.226
  5184	-0.098185	-0.226	0.226
  5185	-0.102474	-0.226	0.226
  5186	-0.100372	-0.226	0.226
  5187	-0.0852385	-0.226	0.226
  5188	-0.090131	-0.226	0.226
  5189	-0.103533	-0.226	0.226
  5190	-0.0900264	-0.226	0.226
  5191	-0.107214	-0.226	0.226
  5192	-0.0473658	-0.226	0.226
  5193	-0.105962	-0.226	0.226
  5194	-0.113935	-0.226	0.226
  5195	-0.0717513	-0.226	0.226
  5196	-0.0652384	-0.226	0.226
  5197	-0.116406	-0.226	0.226
  5198	-0.103878	-0.226	0.226
  5199	-0.0908631	-0.226	0.226
  5200	-0.0876904	-0.226	0.226
  5201	-0.0980089	-0.226	0.226
  5202	-0.101809	-0.226	0.226
  5203	-0.0743211	-0.226	0.226
  5204	-0.0985143	-0.226	0.226
  5205	-0.0740744	-0.226	0.226
  5206	-0.0742985	-0.226	0.226
  5207	-0.108626	-0.226	0.226
  5208	-0.101426	-0.226	0.226
  5209	-0.101025	-0.226	0.226
  5210	-0.105165	-0.226	0.226
  5211	-0.073962	-0.226	0.226
  5212	-0.0707364	-0.226	0.226
  5213	-0.114894	-0.226	0.226
  5214	-0.116052	-0.226	0.226
  5215	-0.0570276	-0.226	0.226
  5216	-0.0966106	-0.226	0.226
  5217	-0.0726131	-0.226	0.226
  5218	-0.0905511	-0.226	0.226
  5219	-0.103931	-0.226	0.226
  5220	-0.0615593	-0.226	0.226
  5221	-0.0458963	-0.226	0.226
  5222	-0.103438	-0.226	0.226
  5223	-0.106113	-0.226	0.226
  5224	-0.107464	-0.226	0.226
  5225	-0.0947177	-0.226	0.226
  5226	-0.0958552	-0.226	0.226
  5227	-0.0604651	-0.226	0.226
  5228	-0.112904	-0.226	0.226
  5229	-0.0851555	-0.226	0.226
  5230	-0.0987574	-0.226	0.226
  5231	-0.0933415	-0.226	0.226
  5232	-0.115022	-0.226	0.226
  5233	-0.0775989	-0.226	0.226
  5234	-0.113601	-0.226	0.226
  5235	-0.0863268	-0.226	0.226
  5236	-0.0658892	-0.226	0.226
  5237	-0.111335	-0.226	0.226
  5238	-0.0905308	-0.226	0.226
  5239	-0.115536	-0.226	0.226
  5240	-0.100007	-0.226	0.226
  5241	-0.0806606	-0.226	0.226
  5242	-0.11445	-0.226	0.226
  5243	-0.111852	-0.226	0.226
  5244	-0.114216	-0.226	0.226
  5245	-0.0820808	-0.226	0.226
  5246	-0.072786	-0.226	0.226
  5247	-0.0842837	-0.226	0.226
  5248	-0.0738964	-0.226	0.226
  5249	-0.113256	-0.226	0.226
  5250	-0.0983755	-0.226	0.226
  5251	-0.0945474	-0.226	0.226
  5252	-0.106875	-0.226	0.226
  5253	-0.100012	-0.226	0.226
  5254	-0.113746	-0.226	0.226
  5255	-0.110539	-0.226	0.226
  5256	-0.0969954	-0.226	0.226
  5257	-0.0906354	-0.226	0.226
  5258	-0.0989141	-0.226	0.226
  5259	-0.108368	-0.226	0.226
  5260	-0.103632	-0.226	0.226
  5261	-0.107622	-0.226	0.226
  5262	-0.0973303	-0.226	0.226
  5263	-0.102694	-0.226	0.226
  5264	-0.086975	-0.226	0.226
  5265	-0.110534	-0.226	0.226
  5266	-0.0869434	-0.226	0.226
  5267	-0.0654814	-0.226	0.226
  5268	-0.0800442	-0.226	0.226
  5269	-0.0821947	-0.226	0.226
  5270	-0.0581579	-0.226	0.226
  5271	-0.0526427	-0.226	0.226
  5272	-0.0992327	-0.226	0.226
  5273	-0.0807669	-0.226	0.226
  5274	-0.101323	-0.226	0.226
  5275	-0.112978	-0.226	0.226
  5276	-0.0899615	-0.226	0.226
  5277	-0.0588014	-0.226	0.226
  5278	-0.100127	-0.226	0.226
  5279	-0.104317	-0.226	0.226
  5280	-0.0800374	-0.226	0.226
  5281	-0.114216	-0.226	0.226
  5282	-0.10244	-0.226	0.226
  5283	-0.105161	-0.226	0.226
  5284	-0.113979	-0.226	0.226
  5285	-0.0611578	-0.226	0.226
  5286	-0.0975968	-0.226	0.226
  5287	-0.0855846	-0.226	0.226
  5288	-0.0890738	-0.226	0.226
  5289	-0.0585021	-0.226	0.226
  5290	-0.0895739	-0.226	0.226
  5291	-0.0811642	-0.226	0.226
  5292	-0.0785561	-0.226	0.226
  5293	-0.100816	-0.226	0.226
  5294	-0.0487107	-0.226	0.226
  5295	-0.0903319	-0.226	0.226
  5296	-0.110044	-0.226	0.226
  5297	-0.0697877	-0.226	0.226
  5298	-0.10514	-0.226	0.226
  5299	-0.101931	-0.226	0.226
  5300	-0.103519	-0.226	0.226
  5301	-0.0939059	-0.226	0.226
  5302	-0.1005	-0.226	0.226
  5303	-0.0569987	-0.226	0.226
  5304	-0.0802714	-0.226	0.226
  5305	-0.0964385	-0.226	0.226
  5306	-0.110941	-0.226	0.226
  5307	-0.0987005	-0.226	0.226
  5308	-0.105918	-0.226	0.226
  5309	-0.08365	-0.226	0.226
  5310	-0.0887869	-0.226	0.226
  5311	-0.0806463	-0.226	0.226
  5312	-0.094181	-0.226	0.226
  5313	-0.104722	-0.226	0.226
  5314	-0.0881924	-0.226	0.226
  5315	-0.100593	-0.226	0.226
  5316	-0.106956	-0.226	0.226
  5317	-0.102757	-0.226	0.226
  5318	-0.0861547	-0.226	0.226
  5319	-0.111319	-0.226	0.226
  5320	-0.114881	-0.226	0.226
  5321	-0.113244	-0.226	0.226
  5322	-0.101664	-0.226	0.226
  5323	-0.0887228	-0.226	0.226
  5324	-0.103757	-0.226	0.226
  5325	-0.0930197	-0.226	0.226
  5326	-0.0802393	-0.226	0.226
  5327	-0.0699505	-0.226	0.226
  5328	-0.0817607	-0.226	0.226
  5329	-0.072371	-0.226	0.226
  5330	-0.1042	-0.226	0.226
  5331	-0.0918938	-0.226	0.226
  5332	-0.0757385	-0.226	0.226
  5333	-0.0979246	-0.226	0.226
  5334	-0.0550675	-0.226	0.226
  5335	-0.0937109	-0.226	0.226
  5336	-0.101018	-0.226	0.226
  5337	-0.102489	-0.226	0.226
  5338	-0.0918897	-0.226	0.226
  5339	-0.103038	-0.226	0.226
  5340	-0.0561095	-0.226	0.226
  5341	-0.104722	-0.226	0.226
  5342	-0.0467613	-0.226	0.226
  5343	-0.0921548	-0.226	0.226
  5344	-0.106063	-0.226	0.226
  5345	-0.089605	-0.226	0.226
  5346	-0.0939448	-0.226	0.226
  5347	-0.0881351	-0.226	0.226
  5348	-0.0966375	-0.226	0.226
  5349	-0.113911	-0.226	0.226
  5350	-0.0912647	-0.226	0.226
  5351	-0.108087	-0.226	0.226
  5352	-0.090471	-0.226	0.226
  5353	-0.103006	-0.226	0.226
  5354	-0.0792167	-0.226	0.226
  5355	-0.112634	-0.226	0.226
  5356	-0.0977748	-0.226	0.226
  5357	-0.101882	-0.226	0.226
  5358	-0.0904409	-0.226	0.226
  5359	-0.0385384	-0.226	0.226
  5360	-0.0941579	-0.226	0.226
  5361	-0.101574	-0.226	0.226
  5362	-0.0963583	-0.226	0.226
  5363	-0.0583235	-0.226	0.226
  5364	-0.0793326	-0.226	0.226
  5365	-0.0994568	-0.226	0.226
  5366	-0.0962915	-0.226	0.226
  5367	-0.115936	-0.226	0.226
  5368	-0.0855967	-0.226	0.226
  5369	-0.068266	-0.226	0.226
  5370	-0.0519214	-0.226	0.226
  5371	-0.1132	-0.226	0.226
  5372	-0.0683849	-0.226	0.226
  5373	-0.112082	-0.226	0.226
  5374	-0.103672	-0.226	0.226
  5375	-0.0711134	-0.226	0.226
  5376	-0.0929089	-0.226	0.226
  5377	-0.0438467	-0.226	0.226
  5378	-0.110187	-0.226	0.226
  5379	-0.088978	-0.226	0.226
  5380	-0.0966403	-0.226	0.226
  5381	-0.111401	-0.226	0.226
  5382	-0.0369601	-0.226	0.226
  5383	-0.101652	-0.226	0.226
  5384	-0.0997184	-0.226	0.226
  5385	-0.0659325	-0.226	0.226
  5386	-0.0929498	-0.226	0.226
  5387	-0.114898	-0.226	0.226
  5388	-0.0957722	-0.226	0.226
  5389	-0.0618907	-0.226	0.226
  5390	-0.0697374	-0.226	0.226
  5391	-0.081823	-0.226	0.226
  5392	-0.0773847	-0.226	0.226
  5393	-0.0824422	-0.226	0.226
  5394	-0.100115	-0.226	0.226
  5395	-0.10378	-0.226	0.226
  5396	-0.0815737	-0.226	0.226
  5397	-0.0704761	-0.226	0.226
  5398	-0.0883462	-0.226	0.226
  5399	-0.112215	-0.226	0.226
  5400	-0.071417	-0.226	0.226
  5401	-0.0764543	-0.226	0.226
  5402	-0.108183	-0.226	0.226
  5403	-0.112547	-0.226	0.226
  5404	-0.0413569	-0.226	0.226
  5405	-0.0908774	-0.226	0.226
  5406	-0.0966285	-0.226	0.226
  5407	-0.0587657	-0.226	0.226
  5408	-0.111975	-0.226	0.226
  5409	-0.0791095	-0.226	0.226
  5410	-0.108117	-0.226	0.226
  5411	-0.0558347	-0.226	0.226
  5412	-0.104016	-0.226	0.226
  5413	-0.0884657	-0.226	0.226
  5414	-0.101868	-0.226	0.226
  5415	-0.080716	-0.226	0.226
  5416	-0.0889442	-0.226	0.226
  5417	-0.0822771	-0.226	0.226
  5418	-0.112195	-0.226	0.226
  5419	-0.0787355	-0.226	0.226
  5420	-0.0667326	-0.226	0.226
  5421	-0.112247	-0.226	0.226
  5422	-0.114085	-0.226	0.226
  5423	-0.110818	-0.226	0.226
  5424	-0.116153	-0.226	0.226
  5425	-0.0924239	-0.226	0.226
  5426	-0.0358573	-0.226	0.226
  5427	-0.115935	-0.226	0.226
  5428	-0.0901921	-0.226	0.226
  5429	-0.0729522	-0.226	0.226
  5430	-0.101854	-0.226	0.226
  5431	-0.0868345	-0.226	0.226
  5432	-0.10104	-0.226	0.226
  5433	-0.113183	-0.226	0.226
  5434	-0.104386	-0.226	0.226
  5435	-0.0967106	-0.226	0.226
  5436	-0.0691859	-0.226	0.226
  5437	-0.107998	-0.226	0.226
  5438	-0.106357	-0.226	0.226
  5439	-0.0843628	-0.226	0.226
  5440	-0.0822093	-0.226	0.226
  5441	-0.104653	-0.226	0.226
  5442	-0.0753018	-0.226	0.226
  5443	-0.0798837	-0.226	0.226
  5444	-0.0889277	-0.226	0.226
  5445	-0.0930363	-0.226	0.226
  5446	-0.0681925	-0.226	0.226
  5447	-0.0879933	-0.226	0.226
  5448	-0.0998783	-0.226	0.226
  5449	-0.116048	-0.226	0.226
  5450	-0.106023	-0.226	0.226
  5451	-0.0818278	-0.226	0.226
  5452	-0.107788	-0.226	0.226
  5453	-0.102815	-0.226	0.226
  5454	-0.104626	-0.226	0.226
  5455	-0.0833873	-0.226	0.226
  5456	-0.0951517	-0.226	0.226
  5457	-0.109148	-0.226	0.226
  5458	-0.106254	-0.226	0.226
  5459	-0.0852715	-0.226	0.226
  5460	-0.0669206	-0.226	0.226
  5461	-0.109574	-0.226	0.226
  5462	-0.0859426	-0.226	0.226
  5463	-0.0882707	-0.226	0.226
  5464	-0.0955806	-0.226	0.226
  5465	-0.105308	-0.226	0.226
  5466	-0.10628	-0.226	0.226
  5467	-0.108705	-0.226	0.226
  5468	-0.0949683	-0.226	0.226
  5469	-0.104036	-0.226	0.226
  5470	-0.115955	-0.226	0.226
  5471	-0.0769431	-0.226	0.226
  5472	-0.0585518	-0.226	0.226
  5473	-0.0916217	-0.226	0.226
  5474	-0.11275	-0.226	0.226
  5475	-0.11532	-0.226	0.226
  5476	-0.115701	-0.226	0.226
  5477	-0.0926022	-0.226	0.226
  5478	-0.0970394	-0.226	0.226
  5479	-0.0972124	-0.226	0.226
  5480	-0.0979472	-0.226	0.226
  5481	-0.089402	-0.226	0.226
  5482	-0.0713161	-0.226	0.226
  5483	-0.0789205	-0.226	0.226
  5484	-0.0897184	-0.226	0.226
  5485	-0.0944213	-0.226	0.226
  5486	-0.114694	-0.226	0.226
  5487	-0.104753	-0.226	0.226
  5488	-0.113811	-0.226	0.226
  5489	-0.0976421	-0.226	0.226
  5490	-0.0807249	-0.226	0.226
  5491	-0.0917099	-0.226	0.226
  5492	-0.0984847	-0.226	0.226
  5493	-0.106753	-0.226	0.226
  5494	-0.104152	-0.226	0.226
  5495	-0.0853814	-0.226	0.226
  5496	-0.100973	-0.226	0.226
  5497	-0.0871922	-0.226	0.226
  5498	-0.0860397	-0.226	0.226
  5499	-0.0628375	-0.226	0.226
  5500	-0.0856068	-0.226	0.226
  5501	-0.0757919	-0.226	0.226
  5502	-0.115645	-0.226	0.226
  5503	-0.10675	-0.226	0.226
  5504	-0.0731542	-0.226	0.226
  5505	-0.116104	-0.226	0.226
  5506	-0.10741	-0.226	0.226
  5507	-0.0841432	-0.226	0.226
  5508	-0.105764	-0.226	0.226
  5509	-0.104147	-0.226	0.226
  5510	-0.0840805	-0.226	0.226
  5511	-0.108359	-0.226	0.226
  5512	-0.113148	-0.226	0.226
  5513	-0.0876916	-0.226	0.226
  5514	-0.0714858	-0.226	0.226
  5515	-0.111205	-0.226	0.226
  5516	-0.0661	-0.226	0.226
  5517	-0.101387	-0.226	0.226
  5518	-0.0994564	-0.226	0.226
  5519	-0.077912	-0.226	0.226
  5520	-0.110597	-0.226	0.226
  5521	-0.0938058	-0.226	0.226
  5522	-0.100529	-0.226	0.226
  5523	-0.0832139	-0.226	0.226
  5524	-0.0745083	-0.226	0.226
  5525	-0.0938422	-0.226	0.226
  5526	-0.0968621	-0.226	0.226
  5527	-0.110751	-0.226	0.226
  5528	-0.0554453	-0.226	0.226
  5529	-0.049044	-0.226	0.226
  5530	-0.112376	-0.226	0.226
  5531	-0.098392	-0.226	0.226
  5532	-0.10419	-0.226	0.226
  5533	-0.0899936	-0.226	0.226
  5534	-0.105236	-0.226	0.226
  5535	-0.0844735	-0.226	0.226
  5536	-0.0904542	-0.226	0.226
  5537	-0.112281	-0.226	0.226
  5538	-0.0808473	-0.226	0.226
  5539	-0.115968	-0.226	0.226
  5540	-0.0613703	-0.226	0.226
  5541	-0.0866688	-0.226	0.226
  5542	-0.100165	-0.226	0.226
  5543	-0.0690033	-0.226	0.226
  5544	-0.0697394	-0.226	0.226
  5545	-0.1056	-0.226	0.226
  5546	-0.0651866	-0.226	0.226
  5547	-0.109939	-0.226	0.226
  5548	-0.0836967	-0.226	0.226
  5549	-0.082987	-0.226	0.226
  5550	-0.114314	-0.226	0.226
  5551	-0.0480683	-0.226	0.226
  5552	-0.0962446	-0.226	0.226
  5553	-0.0951243	-0.226	0.226
  5554	-0.111601	-0.226	0.226
  5555	-0.0882141	-0.226	0.226
  5556	-0.0893533	-0.226	0.226
  5557	-0.0986885	-0.226	0.226
  5558	-0.0861634	-0.226	0.226
  5559	-0.0987119	-0.226	0.226
  5560	-0.107261	-0.226	0.226
  5561	-0.0632539	-0.226	0.226
  5562	-0.0654504	-0.226	0.226
  5563	-0.0887694	-0.226	0.226
  5564	-0.115686	-0.226	0.226
  5565	-0.0905682	-0.226	0.226
  5566	-0.104619	-0.226	0.226
  5567	-0.0954592	-0.226	0.226
  5568	-0.0775939	-0.226	0.226
  5569	-0.106576	-0.226	0.226
  5570	-0.11221	-0.226	0.226
  5571	-0.0785957	-0.226	0.226
  5572	-0.112008	-0.226	0.226
  5573	-0.106527	-0.226	0.226
  5574	-0.0820278	-0.226	0.226
  5575	-0.0893515	-0.226	0.226
  5576	-0.0713114	-0.226	0.226
  5577	-0.102056	-0.226	0.226
  5578	-0.08592	-0.226	0.226
  5579	-0.101635	-0.226	0.226
  5580	-0.116117	-0.226	0.226
  5581	-0.094496	-0.226	0.226
  5582	-0.0936719	-0.226	0.226
  5583	-0.113208	-0.226	0.226
  5584	-0.0833061	-0.226	0.226
  5585	-0.104939	-0.226	0.226
  5586	-0.102832	-0.226	0.226
  5587	-0.114884	-0.226	0.226
  5588	-0.0955948	-0.226	0.226
  5589	-0.116134	-0.226	0.226
  5590	-0.101411	-0.226	0.226
  5591	-0.0809867	-0.226	0.226
  5592	-0.087264	-0.226	0.226
  5593	-0.094662	-0.226	0.226
  5594	-0.113656	-0.226	0.226
  5595	-0.110893	-0.226	0.226
  5596	-0.0889606	-0.226	0.226
  5597	-0.0762955	-0.226	0.226
  5598	-0.0965743	-0.226	0.226
  5599	-0.0712038	-0.226	0.226
  5600	-0.112433	-0.226	0.226
  5601	-0.106972	-0.226	0.226
  5602	-0.107756	-0.226	0.226
  5603	-0.0954308	-0.226	0.226
  5604	-0.0838359	-0.226	0.226
  5605	-0.0892877	-0.226	0.226
  5606	-0.106327	-0.226	0.226
  5607	-0.114894	-0.226	0.226
  5608	-0.106725	-0.226	0.226
  5609	-0.0890603	-0.226	0.226
  5610	-0.110614	-0.226	0.226
  5611	-0.109893	-0.226	0.226
  5612	-0.0640251	-0.226	0.226
  5613	-0.0778761	-0.226	0.226
  5614	-0.106973	-0.226	0.226
  5615	-0.0534625	-0.226	0.226
  5616	-0.0937665	-0.226	0.226
  5617	-0.0917682	-0.226	0.226
  5618	-0.109503	-0.226	0.226
  5619	-0.0366258	-0.226	0.226
  5620	-0.092954	-0.226	0.226
  5621	-0.104665	-0.226	0.226
  5622	-0.0780878	-0.226	0.226
  5623	-0.0556751	-0.226	0.226
  5624	-0.0798968	-0.226	0.226
  5625	-0.0521623	-0.226	0.226
  5626	-0.0889331	-0.226	0.226
  5627	-0.114578	-0.226	0.226
  5628	-0.113603	-0.226	0.226
  5629	-0.0924273	-0.226	0.226
  5630	-0.101897	-0.226	0.226
  5631	-0.0790195	-0.226	0.226
  5632	-0.0568971	-0.226	0.226
  5633	-0.111681	-0.226	0.226
  5634	-0.0984552	-0.226	0.226
  5635	-0.108952	-0.226	0.226
  5636	-0.0904216	-0.226	0.226
  5637	-0.0817064	-0.226	0.226
  5638	-0.0986506	-0.226	0.226
  5639	-0.110796	-0.226	0.226
  5640	-0.108555	-0.226	0.226
  5641	-0.0781684	-0.226	0.226
  5642	-0.0990876	-0.226	0.226
  5643	-0.099965	-0.226	0.226
  5644	-0.108097	-0.226	0.226
  5645	-0.0867721	-0.226	0.226
  5646	-0.104794	-0.226	0.226
  5647	-0.110638	-0.226	0.226
  5648	-0.104711	-0.226	0.226
  5649	-0.0989033	-0.226	0.226
  5650	-0.0980083	-0.226	0.226
  5651	-0.115132	-0.226	0.226
  5652	-0.105404	-0.226	0.226
  5653	-0.0973855	-0.226	0.226
  5654	-0.100716	-0.226	0.226
  5655	-0.10196	-0.226	0.226
  5656	-0.0706051	-0.226	0.226
  5657	-0.110117	-0.226	0.226
  5658	-0.0532037	-0.226	0.226
  5659	-0.0892255	-0.226	0.226
  5660	-0.0692655	-0.226	0.226
  5661	-0.0999068	-0.226	0.226
  5662	-0.0843547	-0.226	0.226
  5663	-0.100682	-0.226	0.226
  5664	-0.0944045	-0.226	0.226
  5665	-0.0667854	-0.226	0.226
  5666	-0.0758062	-0.226	0.226
  5667	-0.0595464	-0.226	0.226
  5668	-0.0752946	-0.226	0.226
  5669	-0.0609128	-0.226	0.226
  5670	-0.11148	-0.226	0.226
  5671	-0.0898312	-0.226	0.226
  5672	-0.100886	-0.226	0.226
  5673	-0.0548138	-0.226	0.226
  5674	-0.11133	-0.226	0.226
  5675	-0.115223	-0.226	0.226
  5676	-0.0614669	-0.226	0.226
  5677	-0.0877046	-0.226	0.226
  5678	-0.0954645	-0.226	0.226
  5679	-0.102817	-0.226	0.226
  5680	-0.116526	-0.226	0.226
  5681	-0.100515	-0.226	0.226
  5682	-0.0961862	-0.226	0.226
  5683	-0.0825216	-0.226	0.226
  5684	-0.115614	-0.226	0.226
  5685	-0.0898649	-0.226	0.226
  5686	-0.0880414	-0.226	0.226
  5687	-0.0812577	-0.226	0.226
  5688	-0.0641733	-0.226	0.226
  5689	-0.0729375	-0.226	0.226
  5690	-0.107053	-0.226	0.226
  5691	-0.0753048	-0.226	0.226
  5692	-0.0945141	-0.226	0.226
  5693	-0.0609242	-0.226	0.226
  5694	-0.111559	-0.226	0.226
  5695	-0.115425	-0.226	0.226
  5696	-0.112184	-0.226	0.226
  5697	-0.11367	-0.226	0.226
  5698	-0.103954	-0.226	0.226
  5699	-0.0877177	-0.226	0.226
  5700	-0.106673	-0.226	0.226
  5701	-0.102011	-0.226	0.226
  5702	-0.0802912	-0.226	0.226
  5703	-0.0492579	-0.226	0.226
  5704	-0.114379	-0.226	0.226
  5705	-0.100083	-0.226	0.226
  5706	-0.0558339	-0.226	0.226
  5707	-0.106274	-0.226	0.226
  5708	-0.0676966	-0.226	0.226
  5709	-0.112451	-0.226	0.226
  5710	-0.105351	-0.226	0.226
  5711	-0.114418	-0.226	0.226
  5712	-0.0627716	-0.226	0.226
  5713	-0.0948408	-0.226	0.226
  5714	-0.0843361	-0.226	0.226
  5715	-0.110013	-0.226	0.226
  5716	-0.108267	-0.226	0.226
  5717	-0.0733711	-0.226	0.226
  5718	-0.0953577	-0.226	0.226
  5719	-0.108687	-0.226	0.226
  5720	-0.0703083	-0.226	0.226
  5721	-0.0593731	-0.226	0.226
  5722	-0.112652	-0.226	0.226
  5723	-0.109799	-0.226	0.226
  5724	-0.113448	-0.226	0.226
  5725	-0.0805477	-0.226	0.226
  5726	-0.107661	-0.226	0.226
  5727	-0.0924833	-0.226	0.226
  5728	-0.103542	-0.226	0.226
  5729	-0.0713794	-0.226	0.226
  5730	-0.092588	-0.226	0.226
  5731	-0.0860984	-0.226	0.226
  5732	-0.0507134	-0.226	0.226
  5733	-0.065491	-0.226	0.226
  5734	-0.109785	-0.226	0.226
  5735	-0.0963949	-0.226	0.226
  5736	-0.109974	-0.226	0.226
  5737	-0.0949881	-0.226	0.226
  5738	-0.10725	-0.226	0.226
  5739	-0.0956477	-0.226	0.226
  5740	-0.112814	-0.226	0.226
  5741	-0.107009	-0.226	0.226
  5742	-0.095682	-0.226	0.226
  5743	-0.0852352	-0.226	0.226
  5744	-0.090951	-0.226	0.226
  5745	-0.083816	-0.226	0.226
  5746	-0.110952	-0.226	0.226
  5747	-0.087472	-0.226	0.226
  5748	-0.0875162	-0.226	0.226
  5749	-0.0742455	-0.226	0.226
  5750	-0.110258	-0.226	0.226
  5751	-0.0615781	-0.226	0.226
  5752	-0.0603809	-0.226	0.226
  5753	-0.0875219	-0.226	0.226
  5754	-0.0787806	-0.226	0.226
  5755	-0.111645	-0.226	0.226
  5756	-0.113276	-0.226	0.226
  5757	-0.101143	-0.226	0.226
  5758	-0.107006	-0.226	0.226
  5759	-0.107107	-0.226	0.226
  5760	-0.0860086	-0.226	0.226
  5761	-0.0719287	-0.226	0.226
  5762	-0.0707479	-0.226	0.226
  5763	-0.0892025	-0.226	0.226
  5764	-0.103677	-0.226	0.226
  5765	-0.0564622	-0.226	0.226
  5766	-0.0673178	-0.226	0.226
  5767	-0.113108	-0.226	0.226
  5768	-0.0854948	-0.226	0.226
  5769	-0.104371	-0.226	0.226
  5770	-0.0699829	-0.226	0.226
  5771	-0.107227	-0.226	0.226
  5772	-0.101674	-0.226	0.226
  5773	-0.106883	-0.226	0.226
  5774	-0.0914265	-0.226	0.226
  5775	-0.112909	-0.226	0.226
  5776	-0.0852929	-0.226	0.226
  5777	-0.0760981	-0.226	0.226
  5778	-0.100188	-0.226	0.226
  5779	-0.115961	-0.226	0.226
  5780	-0.0668787	-0.226	0.226
  5781	-0.0925736	-0.226	0.226
  5782	-0.07235	-0.226	0.226
  5783	-0.0933139	-0.226	0.226
  5784	-0.0660908	-0.226	0.226
  5785	-0.0770946	-0.226	0.226
  5786	-0.0984818	-0.226	0.226
  5787	-0.0854163	-0.226	0.226
  5788	-0.0677348	-0.226	0.226
  5789	-0.110942	-0.226	0.226
  5790	-0.0531972	-0.226	0.226
  5791	-0.105372	-0.226	0.226
  5792	-0.0800876	-0.226	0.226
  5793	-0.107991	-0.226	0.226
  5794	-0.103822	-0.226	0.226
  5795	-0.0894709	-0.226	0.226
  5796	-0.101451	-0.226	0.226
  5797	-0.0830657	-0.226	0.226
  5798	-0.100903	-0.226	0.226
  5799	-0.0906234	-0.226	0.226
  5800	-0.0900863	-0.226	0.226
  5801	-0.0881824	-0.226	0.226
  5802	-0.114021	-0.226	0.226
  5803	-0.0984286	-0.226	0.226
  5804	-0.104902	-0.226	0.226
  5805	-0.103854	-0.226	0.226
  5806	-0.0859122	-0.226	0.226
  5807	-0.106917	-0.226	0.226
  5808	-0.106068	-0.226	0.226
  5809	-0.0313448	-0.226	0.226
  5810	-0.0825028	-0.226	0.226
  5811	-0.0662056	-0.226	0.226
  5812	-0.0896477	-0.226	0.226
  5813	-0.11012	-0.226	0.226
  5814	-0.115751	-0.226	0.226
  5815	-0.0874685	-0.226	0.226
  5816	-0.102633	-0.226	0.226
  5817	-0.0916073	-0.226	0.226
  5818	-0.0444634	-0.226	0.226
  5819	-0.0706723	-0.226	0.226
  5820	-0.0808904	-0.226	0.226
  5821	-0.111686	-0.226	0.226
  5822	-0.11214	-0.226	0.226
  5823	-0.0606462	-0.226	0.226
  5824	-0.115122	-0.226	0.226
  5825	-0.0959884	-0.226	0.226
  5826	-0.0990066	-0.226	0.226
  5827	-0.0896163	-0.226	0.226
  5828	-0.102692	-0.226	0.226
  5829	-0.0412001	-0.226	0.226
  5830	-0.10946	-0.226	0.226
  5831	-0.10902	-0.226	0.226
  5832	-0.109472	-0.226	0.226
  5833	-0.0963742	-0.226	0.226
  5834	-0.110706	-0.226	0.226
  5835	-0.060067	-0.226	0.226
  5836	-0.0911796	-0.226	0.226
  5837	-0.0763216	-0.226	0.226
  5838	-0.107653	-0.226	0.226
  5839	-0.101929	-0.226	0.226
  5840	-0.0612742	-0.226	0.226
  5841	-0.0533197	-0.226	0.226
  5842	-0.112308	-0.226	0.226
  5843	-0.0989602	-0.226	0.226
  5844	-0.099243	-0.226	0.226
  5845	-0.0985775	-0.226	0.226
  5846	-0.114998	-0.226	0.226
  5847	-0.0744369	-0.226	0.226
  5848	-0.0731513	-0.226	0.226
  5849	-0.101086	-0.226	0.226
  5850	-0.0936216	-0.226	0.226
  5851	-0.0896688	-0.226	0.226
  5852	-0.106295	-0.226	0.226
  5853	-0.0963611	-0.226	0.226
  5854	-0.114481	-0.226	0.226
  5855	-0.0840463	-0.226	0.226
  5856	-0.077103	-0.226	0.226
  5857	-0.0919032	-0.226	0.226
  5858	-0.0884881	-0.226	0.226
  5859	-0.113764	-0.226	0.226
  5860	-0.108485	-0.226	0.226
  5861	-0.0735395	-0.226	0.226
  5862	-0.110063	-0.226	0.226
  5863	-0.106159	-0.226	0.226
  5864	-0.096805	-0.226	0.226
  5865	-0.0856693	-0.226	0.226
  5866	-0.0562026	-0.226	0.226
  5867	-0.0968783	-0.226	0.226
  5868	-0.108777	-0.226	0.226
  5869	-0.0771131	-0.226	0.226
  5870	-0.109275	-0.226	0.226
  5871	-0.0667448	-0.226	0.226
  5872	-0.095496	-0.226	0.226
  5873	-0.0935119	-0.226	0.226
  5874	-0.0956224	-0.226	0.226
  5875	-0.104521	-0.226	0.226
  5876	-0.110809	-0.226	0.226
  5877	-0.105907	-0.226	0.226
  5878	-0.101947	-0.226	0.226
  5879	-0.103971	-0.226	0.226
  5880	-0.111975	-0.226	0.226
  5881	-0.0538216	-0.226	0.226
  5882	-0.104468	-0.226	0.226
  5883	-0.107439	-0.226	0.226
  5884	-0.108147	-0.226	0.226
  5885	-0.111213	-0.226	0.226
  5886	-0.0875445	-0.226	0.226
  5887	-0.105836	-0.226	0.226
  5888	-0.102141	-0.226	0.226
  5889	-0.101688	-0.226	0.226
  5890	-0.100258	-0.226	0.226
  5891	-0.057687	-0.226	0.226
  5892	-0.0877852	-0.226	0.226
  5893	-0.112702	-0.226	0.226
  5894	-0.10253	-0.226	0.226
  5895	-0.0985339	-0.226	0.226
  5896	-0.0956452	-0.226	0.226
  5897	-0.116437	-0.226	0.226
  5898	-0.112154	-0.226	0.226
  5899	-0.0787492	-0.226	0.226
  5900	-0.0933321	-0.226	0.226
  5901	-0.116308	-0.226	0.226
  5902	-0.0890705	-0.226	0.226
  5903	-0.114083	-0.226	0.226
  5904	-0.113911	-0.226	0.226
  5905	-0.0760768	-0.226	0.226
  5906	-0.113143	-0.226	0.226
  5907	-0.0995462	-0.226	0.226
  5908	-0.0510897	-0.226	0.226
  5909	-0.0897757	-0.226	0.226
  5910	-0.0957679	-0.226	0.226
  5911	-0.0880723	-0.226	0.226
  5912	-0.0889252	-0.226	0.226
  5913	-0.11362	-0.226	0.226
  5914	-0.0397349	-0.226	0.226
  5915	-0.108659	-0.226	0.226
  5916	-0.0984221	-0.226	0.226
  5917	-0.0923403	-0.226	0.226
  5918	-0.0847533	-0.226	0.226
  5919	-0.0926041	-0.226	0.226
  5920	-0.0603311	-0.226	0.226
  5921	-0.102561	-0.226	0.226
  5922	-0.0374651	-0.226	0.226
  5923	-0.0732988	-0.226	0.226
  5924	-0.0801762	-0.226	0.226
  5925	-0.109145	-0.226	0.226
  5926	-0.111233	-0.226	0.226
  5927	-0.0728809	-0.226	0.226
  5928	-0.0654511	-0.226	0.226
  5929	-0.0911193	-0.226	0.226
  5930	-0.0772571	-0.226	0.226
  5931	-0.113862	-0.226	0.226
  5932	-0.104244	-0.226	0.226
  5933	-0.10043	-0.226	0.226
  5934	-0.0841116	-0.226	0.226
  5935	-0.0927985	-0.226	0.226
  5936	-0.093878	-0.226	0.226
  5937	-0.0966468	-0.226	0.226
  5938	-0.0802077	-0.226	0.226
  5939	-0.115908	-0.226	0.226
  5940	-0.0674381	-0.226	0.226
  5941	-0.0906785	-0.226	0.226
  5942	-0.110732	-0.226	0.226
  5943	-0.0616561	-0.226	0.226
  5944	-0.0951742	-0.226	0.226
  5945	-0.114709	-0.226	0.226
  5946	-0.100775	-0.226	0.226
  5947	-0.111538	-0.226	0.226
  5948	-0.0709978	-0.226	0.226
  5949	-0.108338	-0.226	0.226
  5950	-0.109049	-0.226	0.226
  5951	-0.1135	-0.226	0.226
  5952	-0.0957073	-0.226	0.226
  5953	-0.0541081	-0.226	0.226
  5954	-0.0613881	-0.226	0.226
  5955	-0.115699	-0.226	0.226
  5956	-0.0797461	-0.226	0.226
  5957	-0.0784575	-0.226	0.226
  5958	-0.112452	-0.226	0.226
  5959	-0.104744	-0.226	0.226
  5960	-0.0941051	-0.226	0.226
  5961	-0.0963026	-0.226	0.226
  5962	-0.110267	-0.226	0.226
  5963	-0.0640962	-0.226	0.226
  5964	-0.048176	-0.226	0.226
  5965	-0.0837862	-0.226	0.226
  5966	-0.0384203	-0.226	0.226
  5967	-0.101993	-0.226	0.226
  5968	-0.111639	-0.226	0.226
  5969	-0.0482158	-0.226	0.226
  5970	-0.0696378	-0.226	0.226
  5971	-0.0935218	-0.226	0.226
  5972	-0.0549925	-0.226	0.226
  5973	-0.114334	-0.226	0.226
  5974	-0.0981115	-0.226	0.226
  5975	-0.0667567	-0.226	0.226
  5976	-0.0916965	-0.226	0.226
  5977	-0.11142	-0.226	0.226
  5978	-0.106067	-0.226	0.226
  5979	-0.0936161	-0.226	0.226
  5980	-0.087496	-0.226	0.226
  5981	-0.112896	-0.226	0.226
  5982	-0.0644846	-0.226	0.226
  5983	-0.0969998	-0.226	0.226
  5984	-0.110628	-0.226	0.226
  5985	-0.0976586	-0.226	0.226
  5986	-0.0828383	-0.226	0.226
  5987	-0.0809466	-0.226	0.226
  5988	-0.053766	-0.226	0.226
  5989	-0.0601048	-0.226	0.226
  5990	-0.113403	-0.226	0.226
  5991	-0.0820199	-0.226	0.226
  5992	-0.06694	-0.226	0.226
  5993	-0.0887305	-0.226	0.226
  5994	-0.102335	-0.226	0.226
  5995	-0.107774	-0.226	0.226
  5996	-0.103089	-0.226	0.226
  5997	-0.0589771	-0.226	0.226
  5998	-0.0705794	-0.226	0.226
  5999	-0.0881798	-0.226	0.226
  6000	-0.0924486	-0.226	0.226
  6001	-0.0940239	-0.226	0.226
  6002	-0.0645802	-0.226	0.226
  6003	-0.0666313	-0.226	0.226
  6004	-0.0912204	-0.226	0.226
  6005	-0.101627	-0.226	0.226
  6006	-0.100442	-0.226	0.226
  6007	-0.0888776	-0.226	0.226
  6008	-0.0785422	-0.226	0.226
  6009	-0.0617609	-0.226	0.226
  6010	-0.10993	-0.226	0.226
  6011	-0.0981906	-0.226	0.226
  6012	-0.0991646	-0.226	0.226
  6013	-0.0965563	-0.226	0.226
  6014	-0.0980136	-0.226	0.226
  6015	-0.111801	-0.226	0.226
  6016	-0.0977619	-0.226	0.226
  6017	-0.111108	-0.226	0.226
  6018	-0.0990065	-0.226	0.226
  6019	-0.107852	-0.226	0.226
  6020	-0.0978944	-0.226	0.226
  6021	-0.0911496	-0.226	0.226
  6022	-0.105747	-0.226	0.226
  6023	-0.0841746	-0.226	0.226
  6024	-0.0941557	-0.226	0.226
  6025	-0.110375	-0.226	0.226
  6026	-0.113562	-0.226	0.226
  6027	-0.112854	-0.226	0.226
  6028	-0.0550728	-0.226	0.226
  6029	-0.0829063	-0.226	0.226
  6030	-0.113381	-0.226	0.226
  6031	-0.0776546	-0.226	0.226
  6032	-0.106914	-0.226	0.226
  6033	-0.112306	-0.226	0.226
  6034	-0.113231	-0.226	0.226
  6035	-0.110352	-0.226	0.226
  6036	-0.106228	-0.226	0.226
  6037	-0.114101	-0.226	0.226
  6038	-0.0883079	-0.226	0.226
  6039	-0.102414	-0.226	0.226
  6040	-0.089014	-0.226	0.226
  6041	-0.0740312	-0.226	0.226
  6042	-0.0903112	-0.226	0.226
  6043	-0.107775	-0.226	0.226
  6044	-0.0822474	-0.226	0.226
  6045	-0.108326	-0.226	0.226
  6046	-0.0575965	-0.226	0.226
  6047	-0.115264	-0.226	0.226
  6048	-0.0644834	-0.226	0.226
  6049	-0.11125	-0.226	0.226
  6050	-0.0639462	-0.226	0.226
  6051	-0.0994944	-0.226	0.226
  6052	-0.104373	-0.226	0.226
  6053	-0.0938662	-0.226	0.226
  6054	-0.103392	-0.226	0.226
  6055	-0.115827	-0.226	0.226
  6056	-0.102402	-0.226	0.226
  6057	-0.0866994	-0.226	0.226
  6058	-0.110026	-0.226	0.226
  6059	-0.105348	-0.226	0.226
  6060	-0.110366	-0.226	0.226
  6061	-0.0694288	-0.226	0.226
  6062	-0.0885469	-0.226	0.226
  6063	-0.0894179	-0.226	0.226
  6064	-0.0854125	-0.226	0.226
  6065	-0.101846	-0.226	0.226
  6066	-0.107697	-0.226	0.226
  6067	-0.0959828	-0.226	0.226
  6068	-0.084976	-0.226	0.226
  6069	-0.0814379	-0.226	0.226
  6070	-0.0868126	-0.226	0.226
  6071	-0.101911	-0.226	0.226
  6072	-0.114183	-0.226	0.226
  6073	-0.0727904	-0.226	0.226
  6074	-0.112046	-0.226	0.226
  6075	-0.084469	-0.226	0.226
  6076	-0.100834	-0.226	0.226
  6077	-0.0950963	-0.226	0.226
  6078	-0.0857244	-0.226	0.226
  6079	-0.093237	-0.226	0.226
  6080	-0.102553	-0.226	0.226
  6081	-0.0977508	-0.226	0.226
  6082	-0.109137	-0.226	0.226
  6083	-0.0957667	-0.226	0.226
  6084	-0.0473992	-0.226	0.226
  6085	-0.11404	-0.226	0.226
  6086	-0.0821764	-0.226	0.226
  6087	-0.105251	-0.226	0.226
  6088	-0.106872	-0.226	0.226
  6089	-0.0943202	-0.226	0.226
  6090	-0.101334	-0.226	0.226
  6091	-0.086074	-0.226	0.226
  6092	-0.111738	-0.226	0.226
  6093	-0.0848695	-0.226	0.226
  6094	-0.0860433	-0.226	0.226
  6095	-0.0908015	-0.226	0.226
  6096	-0.0765964	-0.226	0.226
  6097	-0.0815163	-0.226	0.226
  6098	-0.113475	-0.226	0.226
  6099	-0.0551358	-0.226	0.226
  6100	-0.114338	-0.226	0.226
  6101	-0.106702	-0.226	0.226
  6102	-0.10297	-0.226	0.226
  6103	-0.0819386	-0.226	0.226
  6104	-0.0765439	-0.226	0.226
  6105	-0.104516	-0.226	0.226
  6106	-0.0864932	-0.226	0.226
  6107	-0.0935332	-0.226	0.226
  6108	-0.0938275	-0.226	0.226
  6109	-0.0902755	-0.226	0.226
  6110	-0.0821856	-0.226	0.226
  6111	-0.114669	-0.226	0.226
  6112	-0.040719	-0.226	0.226
  6113	-0.103372	-0.226	0.226
  6114	-0.0681861	-0.226	0.226
  6115	-0.11094	-0.226	0.226
  6116	-0.09041	-0.226	0.226
  6117	-0.0729551	-0.226	0.226
  6118	-0.102715	-0.226	0.226
  6119	-0.112324	-0.226	0.226
  6120	-0.0955427	-0.226	0.226
  6121	-0.0591359	-0.226	0.226
  6122	-0.1158	-0.226	0.226
  6123	-0.10347	-0.226	0.226
  6124	-0.0844464	-0.226	0.226
  6125	-0.0893085	-0.226	0.226
  6126	-0.0935989	-0.226	0.226
  6127	-0.0941748	-0.226	0.226
  6128	-0.115475	-0.226	0.226
  6129	-0.0697606	-0.226	0.226
  6130	-0.0638526	-0.226	0.226
  6131	-0.0969016	-0.226	0.226
  6132	-0.110556	-0.226	0.226
  6133	-0.0612316	-0.226	0.226
  6134	-0.0963754	-0.226	0.226
  6135	-0.0916347	-0.226	0.226
  6136	-0.113166	-0.226	0.226
  6137	-0.106672	-0.226	0.226
  6138	-0.0645479	-0.226	0.226
  6139	-0.0770737	-0.226	0.226
  6140	-0.0952148	-0.226	0.226
  6141	-0.111383	-0.226	0.226
  6142	-0.0952576	-0.226	0.226
  6143	-0.111551	-0.226	0.226
  6144	-0.0877086	-0.226	0.226
  6145	-0.11419	-0.226	0.226
  6146	-0.0770107	-0.226	0.226
  6147	-0.0868713	-0.226	0.226
  6148	-0.106256	-0.226	0.226
  6149	-0.102382	-0.226	0.226
  6150	-0.0922144	-0.226	0.226
  6151	-0.115904	-0.226	0.226
  6152	-0.0959281	-0.226	0.226
  6153	-0.0803907	-0.226	0.226
  6154	-0.114728	-0.226	0.226
  6155	-0.0932833	-0.226	0.226
  6156	-0.095101	-0.226	0.226
  6157	-0.109079	-0.226	0.226
  6158	-0.0574904	-0.226	0.226
  6159	-0.0399227	-0.226	0.226
  6160	-0.115171	-0.226	0.226
  6161	-0.112405	-0.226	0.226
  6162	-0.10575	-0.226	0.226
  6163	-0.0937139	-0.226	0.226
  6164	-0.0672867	-0.226	0.226
  6165	-0.0969309	-0.226	0.226
  6166	-0.0716091	-0.226	0.226
  6167	-0.102665	-0.226	0.226
  6168	-0.114993	-0.226	0.226
  6169	-0.0813503	-0.226	0.226
  6170	-0.0789199	-0.226	0.226
  6171	-0.066324	-0.226	0.226
  6172	-0.0907169	-0.226	0.226
  6173	-0.0621364	-0.226	0.226
  6174	-0.116466	-0.226	0.226
  6175	-0.0746439	-0.226	0.226
  6176	-0.0984383	-0.226	0.226
  6177	-0.102393	-0.226	0.226
  6178	-0.113867	-0.226	0.226
  6179	-0.0723178	-0.226	0.226
  6180	-0.0805578	-0.226	0.226
  6181	-0.112943	-0.226	0.226
  6182	-0.0868859	-0.226	0.226
  6183	-0.0967243	-0.226	0.226
  6184	-0.105491	-0.226	0.226
  6185	-0.104533	-0.226	0.226
  6186	-0.104139	-0.226	0.226
  6187	-0.0930713	-0.226	0.226
  6188	-0.0898419	-0.226	0.226
  6189	-0.0830513	-0.226	0.226
  6190	-0.112779	-0.226	0.226
  6191	-0.0669129	-0.226	0.226
  6192	-0.0996375	-0.226	0.226
  6193	-0.108255	-0.226	0.226
  6194	-0.076065	-0.226	0.226
  6195	-0.109737	-0.226	0.226
  6196	-0.10218	-0.226	0.226
  6197	-0.0869106	-0.226	0.226
  6198	-0.0766012	-0.226	0.226
  6199	-0.0902182	-0.226	0.226
  6200	-0.111727	-0.226	0.226
  6201	-0.107298	-0.226	0.226
  6202	-0.0868056	-0.226	0.226
  6203	-0.107015	-0.226	0.226
  6204	-0.103497	-0.226	0.226
  6205	-0.0971761	-0.226	0.226
  6206	-0.0717801	-0.226	0.226
  6207	-0.0755782	-0.226	0.226
  6208	-0.0544334	-0.226	0.226
  6209	-0.111623	-0.226	0.226
  6210	-0.113246	-0.226	0.226
  6211	-0.106511	-0.226	0.226
  6212	-0.0819221	-0.226	0.226
  6213	-0.0937725	-0.226	0.226
  6214	-0.111399	-0.226	0.226
  6215	-0.0985993	-0.226	0.226
  6216	-0.102239	-0.226	0.226
  6217	-0.095908	-0.226	0.226
  6218	-0.08352	-0.226	0.226
  6219	-0.104345	-0.226	0.226
  6220	-0.101527	-0.226	0.226
  6221	-0.0750876	-0.226	0.226
  6222	-0.0908487	-0.226	0.226
  6223	-0.0889798	-0.226	0.226
  6224	-0.111601	-0.226	0.226
  6225	-0.11047	-0.226	0.226
  6226	-0.105547	-0.226	0.226
  6227	-0.0988879	-0.226	0.226
  6228	-0.108725	-0.226	0.226
  6229	-0.0778512	-0.226	0.226
  6230	-0.0458412	-0.226	0.226
  6231	-0.1137	-0.226	0.226
  6232	-0.103544	-0.226	0.226
  6233	-0.056536	-0.226	0.226
  6234	-0.107271	-0.226	0.226
  6235	-0.0830489	-0.226	0.226
  6236	-0.0702272	-0.226	0.226
  6237	-0.101741	-0.226	0.226
  6238	-0.0993691	-0.226	0.226
  6239	-0.109818	-0.226	0.226
  6240	-0.0849862	-0.226	0.226
  6241	-0.115931	-0.226	0.226
  6242	-0.0837105	-0.226	0.226
  6243	-0.0437525	-0.226	0.226
  6244	-0.0645996	-0.226	0.226
  6245	-0.103185	-0.226	0.226
  6246	-0.0786409	-0.226	0.226
  6247	-0.0740632	-0.226	0.226
  6248	-0.0924046	-0.226	0.226
  6249	-0.0740207	-0.226	0.226
  6250	-0.0450525	-0.226	0.226
  6251	-0.0541239	-0.226	0.226
  6252	-0.106155	-0.226	0.226
  6253	-0.0576604	-0.226	0.226
  6254	-0.0863232	-0.226	0.226
  6255	-0.0760133	-0.226	0.226
  6256	-0.110984	-0.226	0.226
  6257	-0.102768	-0.226	0.226
  6258	-0.0856209	-0.226	0.226
  6259	-0.0935105	-0.226	0.226
  6260	-0.103796	-0.226	0.226
  6261	-0.111797	-0.226	0.226
  6262	-0.0923451	-0.226	0.226
  6263	-0.113423	-0.226	0.226
  6264	-0.114372	-0.226	0.226
  6265	-0.0896898	-0.226	0.226
  6266	-0.104597	-0.226	0.226
  6267	-0.0887123	-0.226	0.226
  6268	-0.0847878	-0.226	0.226
  6269	-0.0952742	-0.226	0.226
  6270	-0.102382	-0.226	0.226
  6271	-0.0677423	-0.226	0.226
  6272	-0.114322	-0.226	0.226
  6273	-0.0985955	-0.226	0.226
  6274	-0.114824	-0.226	0.226
  6275	-0.108194	-0.226	0.226
  6276	-0.078157	-0.226	0.226
  6277	-0.11552	-0.226	0.226
  6278	-0.115095	-0.226	0.226
  6279	-0.104887	-0.226	0.226
  6280	-0.0917903	-0.226	0.226
  6281	-0.084682	-0.226	0.226
  6282	-0.0917957	-0.226	0.226
  6283	-0.0991037	-0.226	0.226
  6284	-0.079554	-0.226	0.226
  6285	-0.0921617	-0.226	0.226
  6286	-0.0713099	-0.226	0.226
  6287	-0.10777	-0.226	0.226
  6288	-0.112195	-0.226	0.226
  6289	-0.10732	-0.226	0.226
  6290	-0.0848978	-0.226	0.226
  6291	-0.0875081	-0.226	0.226
  6292	-0.111829	-0.226	0.226
  6293	-0.107739	-0.226	0.226
  6294	-0.0793276	-0.226	0.226
  6295	-0.0778441	-0.226	0.226
  6296	-0.107203	-0.226	0.226
  6297	-0.110943	-0.226	0.226
  6298	-0.0821856	-0.226	0.226
  6299	-0.0998885	-0.226	0.226
  6300	-0.113175	-0.226	0.226
  6301	-0.0859978	-0.226	0.226
  6302	-0.0889404	-0.226	0.226
  6303	-0.0762732	-0.226	0.226
  6304	-0.0570018	-0.226	0.226
  6305	-0.0840946	-0.226	0.226
  6306	-0.107376	-0.226	0.226
  6307	-0.0943208	-0.226	0.226
  6308	-0.0718099	-0.226	0.226
  6309	-0.100062	-0.226	0.226
  6310	-0.108135	-0.226	0.226
  6311	-0.107357	-0.226	0.226
  6312	-0.0942888	-0.226	0.226
  6313	-0.113947	-0.226	0.226
  6314	-0.112911	-0.226	0.226
  6315	-0.0852539	-0.226	0.226
  6316	-0.100387	-0.226	0.226
  6317	-0.0956149	-0.226	0.226
  6318	-0.0898109	-0.226	0.226
  6319	-0.106141	-0.226	0.226
  6320	-0.109281	-0.226	0.226
  6321	-0.0706775	-0.226	0.226
  6322	-0.109968	-0.226	0.226
  6323	-0.0203728	-0.226	0.226
  6324	-0.102726	-0.226	0.226
  6325	-0.11271	-0.226	0.226
  6326	-0.0853101	-0.226	0.226
  6327	-0.0916263	-0.226	0.226
  6328	-0.0850669	-0.226	0.226
  6329	-0.0771818	-0.226	0.226
  6330	-0.0848172	-0.226	0.226
  6331	-0.112189	-0.226	0.226
  6332	-0.0708256	-0.226	0.226
  6333	-0.0795051	-0.226	0.226
  6334	-0.109233	-0.226	0.226
  6335	-0.103506	-0.226	0.226
  6336	-0.0970168	-0.226	0.226
  6337	-0.0953837	-0.226	0.226
  6338	-0.0905382	-0.226	0.226
  6339	-0.0796108	-0.226	0.226
  6340	-0.110866	-0.226	0.226
  6341	-0.0427465	-0.226	0.226
  6342	-0.0828103	-0.226	0.226
  6343	-0.0867682	-0.226	0.226
  6344	-0.0843665	-0.226	0.226
  6345	-0.0844984	-0.226	0.226
  6346	-0.0959229	-0.226	0.226
  6347	-0.0587252	-0.226	0.226
  6348	-0.101198	-0.226	0.226
  6349	-0.0497051	-0.226	0.226
  6350	-0.063975	-0.226	0.226
  6351	-0.0862433	-0.226	0.226
  6352	-0.0489493	-0.226	0.226
  6353	-0.0983763	-0.226	0.226
  6354	-0.094639	-0.226	0.226
  6355	-0.112779	-0.226	0.226
  6356	-0.0919581	-0.226	0.226
  6357	-0.0902446	-0.226	0.226
  6358	-0.0731052	-0.226	0.226
  6359	-0.100145	-0.226	0.226
  6360	-0.0882783	-0.226	0.226
  6361	-0.11066	-0.226	0.226
  6362	-0.0850906	-0.226	0.226
  6363	-0.0601307	-0.226	0.226
  6364	-0.0897508	-0.226	0.226
  6365	-0.066166	-0.226	0.226
  6366	-0.0981896	-0.226	0.226
  6367	-0.112714	-0.226	0.226
  6368	-0.0813993	-0.226	0.226
  6369	-0.108068	-0.226	0.226
  6370	-0.103738	-0.226	0.226
  6371	-0.101434	-0.226	0.226
  6372	-0.111153	-0.226	0.226
  6373	-0.0718541	-0.226	0.226
  6374	-0.101344	-0.226	0.226
  6375	-0.0814378	-0.226	0.226
  6376	-0.0824002	-0.226	0.226
  6377	-0.115214	-0.226	0.226
  6378	-0.101473	-0.226	0.226
  6379	-0.107949	-0.226	0.226
  6380	-0.0616326	-0.226	0.226
  6381	-0.110317	-0.226	0.226
  6382	-0.0492128	-0.226	0.226
  6383	-0.113074	-0.226	0.226
  6384	-0.107285	-0.226	0.226
  6385	-0.0881347	-0.226	0.226
  6386	-0.100424	-0.226	0.226
  6387	-0.103718	-0.226	0.226
  6388	-0.104143	-0.226	0.226
  6389	-0.110462	-0.226	0.226
  6390	-0.114534	-0.226	0.226
  6391	-0.0975621	-0.226	0.226
  6392	-0.0777289	-0.226	0.226
  6393	-0.0582789	-0.226	0.226
  6394	-0.109622	-0.226	0.226
  6395	-0.0559113	-0.226	0.226
  6396	-0.0724488	-0.226	0.226
  6397	-0.113513	-0.226	0.226
  6398	-0.0886822	-0.226	0.226
  6399	-0.0609576	-0.226	0.226
  6400	-0.0864158	-0.226	0.226
  6401	-0.0802492	-0.226	0.226
  6402	-0.0967017	-0.226	0.226
  6403	-0.112519	-0.226	0.226
  6404	-0.102725	-0.226	0.226
  6405	-0.0909919	-0.226	0.226
  6406	-0.108787	-0.226	0.226
  6407	-0.111597	-0.226	0.226
  6408	-0.0973934	-0.226	0.226
  6409	-0.0818643	-0.226	0.226
  6410	-0.097377	-0.226	0.226
  6411	-0.087046	-0.226	0.226
  6412	-0.108541	-0.226	0.226
  6413	-0.0836289	-0.226	0.226
  6414	-0.0904379	-0.226	0.226
  6415	-0.103697	-0.226	0.226
  6416	-0.0836636	-0.226	0.226
  6417	-0.104514	-0.226	0.226
  6418	-0.0770464	-0.226	0.226
  6419	-0.107034	-0.226	0.226
  6420	-0.0962989	-0.226	0.226
  6421	-0.0972208	-0.226	0.226
  6422	-0.114413	-0.226	0.226
  6423	-0.114725	-0.226	0.226
  6424	-0.102478	-0.226	0.226
  6425	-0.104416	-0.226	0.226
  6426	-0.0664876	-0.226	0.226
  6427	-0.0915804	-0.226	0.226
  6428	-0.105633	-0.226	0.226
  6429	-0.0605925	-0.226	0.226
  6430	-0.0519718	-0.226	0.226
  6431	-0.107478	-0.226	0.226
  6432	-0.102884	-0.226	0.226
  6433	-0.0987463	-0.226	0.226
  6434	-0.0890717	-0.226	0.226
  6435	-0.0738444	-0.226	0.226
  6436	-0.104514	-0.226	0.226
  6437	-0.0765973	-0.226	0.226
  6438	-0.0645279	-0.226	0.226
  6439	-0.115616	-0.226	0.226
  6440	-0.072337	-0.226	0.226
  6441	-0.106186	-0.226	0.226
  6442	-0.116533	-0.226	0.226
  6443	-0.109572	-0.226	0.226
  6444	-0.0727196	-0.226	0.226
  6445	-0.090926	-0.226	0.226
  6446	-0.050058	-0.226	0.226
  6447	-0.0938598	-0.226	0.226
  6448	-0.115388	-0.226	0.226
  6449	-0.0903088	-0.226	0.226
  6450	-0.09036	-0.226	0.226
  6451	-0.115112	-0.226	0.226
  6452	-0.0800091	-0.226	0.226
  6453	-0.101801	-0.226	0.226
  6454	-0.105077	-0.226	0.226
  6455	-0.064021	-0.226	0.226
  6456	-0.0607927	-0.226	0.226
  6457	-0.0917482	-0.226	0.226
  6458	-0.114945	-0.226	0.226
  6459	-0.0768777	-0.226	0.226
  6460	-0.0489622	-0.226	0.226
  6461	-0.0796505	-0.226	0.226
  6462	-0.115261	-0.226	0.226
  6463	-0.0603178	-0.226	0.226
  6464	-0.112855	-0.226	0.226
  6465	-0.0752065	-0.226	0.226
  6466	-0.0931235	-0.226	0.226
  6467	-0.0883903	-0.226	0.226
  6468	-0.106616	-0.226	0.226
  6469	-0.0618013	-0.226	0.226
  6470	-0.0884822	-0.226	0.226
  6471	-0.0889458	-0.226	0.226
  6472	-0.0413731	-0.226	0.226
  6473	-0.0949413	-0.226	0.226
  6474	-0.0985368	-0.226	0.226
  6475	-0.0922039	-0.226	0.226
  6476	-0.111928	-0.226	0.226
  6477	-0.105527	-0.226	0.226
  6478	-0.0606492	-0.226	0.226
  6479	-0.0866346	-0.226	0.226
  6480	-0.0722228	-0.226	0.226
  6481	-0.0871442	-0.226	0.226
  6482	-0.0702892	-0.226	0.226
  6483	-0.0638446	-0.226	0.226
  6484	-0.0819581	-0.226	0.226
  6485	-0.106128	-0.226	0.226
  6486	-0.0855223	-0.226	0.226
  6487	-0.100715	-0.226	0.226
  6488	-0.11443	-0.226	0.226
  6489	-0.0534257	-0.226	0.226
  6490	-0.1059	-0.226	0.226
  6491	-0.109855	-0.226	0.226
  6492	-0.115604	-0.226	0.226
  6493	-0.112012	-0.226	0.226
  6494	-0.0960381	-0.226	0.226
  6495	-0.111729	-0.226	0.226
  6496	-0.113937	-0.226	0.226
  6497	-0.0648278	-0.226	0.226
  6498	-0.101411	-0.226	0.226
  6499	-0.0801406	-0.226	0.226
  6500	-0.0811473	-0.226	0.226
  6501	-0.0878829	-0.226	0.226
  6502	-0.0671715	-0.226	0.226
  6503	-0.107432	-0.226	0.226
  6504	-0.112667	-0.226	0.226
  6505	-0.11613	-0.226	0.226
  6506	-0.0895201	-0.226	0.226
  6507	-0.0773058	-0.226	0.226
  6508	-0.115633	-0.226	0.226
  6509	-0.0419044	-0.226	0.226
  6510	-0.115344	-0.226	0.226
  6511	-0.105756	-0.226	0.226
  6512	-0.097276	-0.226	0.226
  6513	-0.0803519	-0.226	0.226
  6514	-0.1134	-0.226	0.226
  6515	-0.0797688	-0.226	0.226
  6516	-0.101449	-0.226	0.226
  6517	-0.0996114	-0.226	0.226
  6518	-0.0865885	-0.226	0.226
  6519	-0.10819	-0.226	0.226
  6520	-0.111549	-0.226	0.226
  6521	-0.0874144	-0.226	0.226
  6522	-0.114694	-0.226	0.226
  6523	-0.102596	-0.226	0.226
  6524	-0.0908461	-0.226	0.226
  6525	-0.107342	-0.226	0.226
  6526	-0.107893	-0.226	0.226
  6527	-0.0857175	-0.226	0.226
  6528	-0.0769627	-0.226	0.226
  6529	-0.0467256	-0.226	0.226
  6530	-0.100865	-0.226	0.226
  6531	-0.0906179	-0.226	0.226
  6532	-0.0783442	-0.226	0.226
  6533	-0.100459	-0.226	0.226
  6534	-0.109235	-0.226	0.226
  6535	-0.087287	-0.226	0.226
  6536	-0.106937	-0.226	0.226
  6537	-0.0892142	-0.226	0.226
  6538	-0.0847686	-0.226	0.226
  6539	-0.113256	-0.226	0.226
  6540	-0.113256	-0.226	0.226
  6541	-0.101858	-0.226	0.226
  6542	-0.0809767	-0.226	0.226
  6543	-0.106032	-0.226	0.226
  6544	-0.115909	-0.226	0.226
  6545	-0.0922087	-0.226	0.226
  6546	-0.0862018	-0.226	0.226
  6547	-0.116504	-0.226	0.226
  6548	-0.107999	-0.226	0.226
  6549	-0.112561	-0.226	0.226
  6550	-0.102869	-0.226	0.226
  6551	-0.094356	-0.226	0.226
  6552	-0.0491281	-0.226	0.226
  6553	-0.111796	-0.226	0.226
  6554	-0.0821942	-0.226	0.226
  6555	-0.0541188	-0.226	0.226
  6556	-0.0791668	-0.226	0.226
  6557	-0.108623	-0.226	0.226
  6558	-0.0964193	-0.226	0.226
  6559	-0.0740082	-0.226	0.226
  6560	-0.113707	-0.226	0.226
  6561	-0.0661041	-0.226	0.226
  6562	-0.090935	-0.226	0.226
  6563	-0.111997	-0.226	0.226
  6564	-0.113787	-0.226	0.226
  6565	-0.108691	-0.226	0.226
  6566	-0.0974998	-0.226	0.226
  6567	-0.109565	-0.226	0.226
  6568	-0.103857	-0.226	0.226
  6569	-0.0964864	-0.226	0.226
  6570	-0.114806	-0.226	0.226
  6571	-0.0980409	-0.226	0.226
  6572	-0.0943501	-0.226	0.226
  6573	-0.113535	-0.226	0.226
  6574	-0.0988231	-0.226	0.226
  6575	-0.096877	-0.226	0.226
  6576	-0.103258	-0.226	0.226
  6577	-0.113375	-0.226	0.226
  6578	-0.0714579	-0.226	0.226
  6579	-0.0623188	-0.226	0.226
  6580	-0.112186	-0.226	0.226
  6581	-0.112584	-0.226	0.226
  6582	-0.109858	-0.226	0.226
  6583	-0.108955	-0.226	0.226
  6584	-0.113663	-0.226	0.226
  6585	-0.103792	-0.226	0.226
  6586	-0.0928935	-0.226	0.226
  6587	-0.106723	-0.226	0.226
  6588	-0.10835	-0.226	0.226
  6589	-0.0694017	-0.226	0.226
  6590	-0.114207	-0.226	0.226
  6591	-0.113704	-0.226	0.226
  6592	-0.0890026	-0.226	0.226
  6593	-0.085192	-0.226	0.226
  6594	-0.109991	-0.226	0.226
  6595	-0.0940318	-0.226	0.226
  6596	-0.0908788	-0.226	0.226
  6597	-0.112366	-0.226	0.226
  6598	-0.0934468	-0.226	0.226
  6599	-0.0861758	-0.226	0.226
  6600	-0.0920652	-0.226	0.226
  6601	-0.101265	-0.226	0.226
  6602	-0.100309	-0.226	0.226
  6603	-0.0939342	-0.226	0.226
  6604	-0.0556437	-0.226	0.226
  6605	-0.0595969	-0.226	0.226
  6606	-0.111924	-0.226	0.226
  6607	-0.0939643	-0.226	0.226
  6608	-0.114224	-0.226	0.226
  6609	-0.112766	-0.226	0.226
  6610	-0.0961607	-0.226	0.226
  6611	-0.0838056	-0.226	0.226
  6612	-0.0724895	-0.226	0.226
  6613	-0.110329	-0.226	0.226
  6614	-0.0971072	-0.226	0.226
  6615	-0.112323	-0.226	0.226
  6616	-0.0538122	-0.226	0.226
  6617	-0.0993564	-0.226	0.226
  6618	-0.110787	-0.226	0.226
  6619	-0.11415	-0.226	0.226
  6620	-0.090219	-0.226	0.226
  6621	-0.0791274	-0.226	0.226
  6622	-0.0854942	-0.226	0.226
  6623	-0.101116	-0.226	0.226
  6624	-0.0832935	-0.226	0.226
  6625	-0.0384002	-0.226	0.226
  6626	-0.109002	-0.226	0.226
  6627	-0.112613	-0.226	0.226
  6628	-0.0728911	-0.226	0.226
  6629	-0.0628091	-0.226	0.226
  6630	-0.108429	-0.226	0.226
  6631	-0.103475	-0.226	0.226
  6632	-0.112233	-0.226	0.226
  6633	-0.0724449	-0.226	0.226
  6634	-0.113649	-0.226	0.226
  6635	-0.108165	-0.226	0.226
  6636	-0.110856	-0.226	0.226
  6637	-0.0640649	-0.226	0.226
  6638	-0.106284	-0.226	0.226
  6639	-0.108449	-0.226	0.226
  6640	-0.0914862	-0.226	0.226
  6641	-0.113757	-0.226	0.226
  6642	-0.111014	-0.226	0.226
  6643	-0.111239	-0.226	0.226
  6644	-0.103297	-0.226	0.226
  6645	-0.101529	-0.226	0.226
  6646	-0.103622	-0.226	0.226
  6647	-0.109413	-0.226	0.226
  6648	-0.11047	-0.226	0.226
  6649	-0.0815336	-0.226	0.226
  6650	-0.112202	-0.226	0.226
  6651	-0.0650853	-0.226	0.226
  6652	-0.0711053	-0.226	0.226
  6653	-0.0778427	-0.226	0.226
  6654	-0.0964844	-0.226	0.226
  6655	-0.101995	-0.226	0.226
  6656	-0.116142	-0.226	0.226
  6657	-0.0885161	-0.226	0.226
  6658	-0.10532	-0.226	0.226
  6659	-0.102499	-0.226	0.226
  6660	-0.100764	-0.226	0.226
  6661	-0.103459	-0.226	0.226
  6662	-0.0876678	-0.226	0.226
  6663	-0.111507	-0.226	0.226
  6664	-0.097286	-0.226	0.226
  6665	-0.110417	-0.226	0.226
  6666	-0.111203	-0.226	0.226
  6667	-0.080583	-0.226	0.226
  6668	-0.103691	-0.226	0.226
  6669	-0.0910875	-0.226	0.226
  6670	-0.105104	-0.226	0.226
  6671	-0.0720175	-0.226	0.226
  6672	-0.0959081	-0.226	0.226
  6673	-0.076041	-0.226	0.226
  6674	-0.0931589	-0.226	0.226
  6675	-0.100133	-0.226	0.226
  6676	-0.0627312	-0.226	0.226
  6677	-0.101878	-0.226	0.226
  6678	-0.114779	-0.226	0.226
  6679	-0.082754	-0.226	0.226
  6680	-0.0852508	-0.226	0.226
  6681	-0.0987446	-0.226	0.226
  6682	-0.0553336	-0.226	0.226
  6683	-0.0807947	-0.226	0.226
  6684	-0.107466	-0.226	0.226
  6685	-0.0747284	-0.226	0.226
  6686	-0.107069	-0.226	0.226
  6687	-0.104312	-0.226	0.226
  6688	-0.112765	-0.226	0.226
  6689	-0.0910107	-0.226	0.226
  6690	-0.0966248	-0.226	0.226
  6691	-0.113345	-0.226	0.226
  6692	-0.0926706	-0.226	0.226
  6693	-0.0906301	-0.226	0.226
  6694	-0.083932	-0.226	0.226
  6695	-0.102235	-0.226	0.226
  6696	-0.0487204	-0.226	0.226
  6697	-0.0886188	-0.226	0.226
  6698	-0.0863249	-0.226	0.226
  6699	-0.109367	-0.226	0.226
  6700	-0.0979315	-0.226	0.226
  6701	-0.0655923	-0.226	0.226
  6702	-0.110199	-0.226	0.226
  6703	-0.098365	-0.226	0.226
  6704	-0.1123	-0.226	0.226
  6705	-0.0913587	-0.226	0.226
  6706	-0.0990724	-0.226	0.226
  6707	-0.111307	-0.226	0.226
  6708	-0.105114	-0.226	0.226
  6709	-0.112413	-0.226	0.226
  6710	-0.114516	-0.226	0.226
  6711	-0.0159441	-0.226	0.226
  6712	-0.101276	-0.226	0.226
  6713	-0.0473484	-0.226	0.226
  6714	-0.0806603	-0.226	0.226
  6715	-0.0959765	-0.226	0.226
  6716	-0.0859517	-0.226	0.226
  6717	-0.0725981	-0.226	0.226
  6718	-0.109267	-0.226	0.226
  6719	-0.0950614	-0.226	0.226
  6720	-0.0861691	-0.226	0.226
  6721	-0.110988	-0.226	0.226
  6722	-0.0802025	-0.226	0.226
  6723	-0.0935525	-0.226	0.226
  6724	-0.0733348	-0.226	0.226
  6725	-0.0919873	-0.226	0.226
  6726	-0.0928491	-0.226	0.226
  6727	-0.109679	-0.226	0.226
  6728	-0.0807858	-0.226	0.226
  6729	-0.111969	-0.226	0.226
  6730	-0.0854299	-0.226	0.226
  6731	-0.100068	-0.226	0.226
  6732	-0.0824271	-0.226	0.226
  6733	-0.102887	-0.226	0.226
  6734	-0.057623	-0.226	0.226
  6735	-0.0985646	-0.226	0.226
  6736	-0.112855	-0.226	0.226
  6737	-0.0368167	-0.226	0.226
  6738	-0.0978318	-0.226	0.226
  6739	-0.0917613	-0.226	0.226
  6740	-0.101947	-0.226	0.226
  6741	-0.116088	-0.226	0.226
  6742	-0.114914	-0.226	0.226
  6743	-0.090343	-0.226	0.226
  6744	-0.056517	-0.226	0.226
  6745	-0.0814424	-0.226	0.226
  6746	-0.101503	-0.226	0.226
  6747	-0.0970708	-0.226	0.226
  6748	-0.106588	-0.226	0.226
  6749	-0.0896231	-0.226	0.226
  6750	-0.089251	-0.226	0.226
  6751	-0.0970905	-0.226	0.226
  6752	-0.0811784	-0.226	0.226
  6753	-0.0941096	-0.226	0.226
  6754	-0.095817	-0.226	0.226
  6755	-0.08279	-0.226	0.226
  6756	-0.112695	-0.226	0.226
  6757	-0.106421	-0.226	0.226
  6758	-0.105836	-0.226	0.226
  6759	-0.0763276	-0.226	0.226
  6760	-0.0802161	-0.226	0.226
  6761	-0.0751801	-0.226	0.226
  6762	-0.0522541	-0.226	0.226
  6763	-0.09976	-0.226	0.226
  6764	-0.0914486	-0.226	0.226
  6765	-0.113668	-0.226	0.226
  6766	-0.110169	-0.226	0.226
  6767	-0.11064	-0.226	0.226
  6768	-0.092497	-0.226	0.226
  6769	-0.116467	-0.226	0.226
  6770	-0.0962387	-0.226	0.226
  6771	-0.0690742	-0.226	0.226
  6772	-0.0775515	-0.226	0.226
  6773	-0.0704705	-0.226	0.226
  6774	-0.111139	-0.226	0.226
  6775	-0.111621	-0.226	0.226
  6776	-0.116087	-0.226	0.226
  6777	-0.0848586	-0.226	0.226
  6778	-0.0948564	-0.226	0.226
  6779	-0.108754	-0.226	0.226
  6780	-0.105335	-0.226	0.226
  6781	-0.10724	-0.226	0.226
  6782	-0.104674	-0.226	0.226
  6783	-0.102582	-0.226	0.226
  6784	-0.0905637	-0.226	0.226
  6785	-0.115068	-0.226	0.226
  6786	-0.0889112	-0.226	0.226
  6787	-0.0976692	-0.226	0.226
  6788	-0.102132	-0.226	0.226
  6789	-0.0536085	-0.226	0.226
  6790	-0.0454999	-0.226	0.226
  6791	-0.112073	-0.226	0.226
  6792	-0.10034	-0.226	0.226
  6793	-0.107312	-0.226	0.226
  6794	-0.10323	-0.226	0.226
  6795	-0.0808779	-0.226	0.226
  6796	-0.0730732	-0.226	0.226
  6797	-0.0986784	-0.226	0.226
  6798	-0.0427071	-0.226	0.226
  6799	-0.113949	-0.226	0.226
  6800	-0.081683	-0.226	0.226
  6801	-0.0891437	-0.226	0.226
  6802	-0.114979	-0.226	0.226
  6803	-0.0245805	-0.226	0.226
  6804	-0.0985754	-0.226	0.226
  6805	-0.111272	-0.226	0.226
  6806	-0.0864076	-0.226	0.226
  6807	-0.092881	-0.226	0.226
  6808	-0.0711905	-0.226	0.226
  6809	-0.108679	-0.226	0.226
  6810	-0.0739853	-0.226	0.226
  6811	-0.0667255	-0.226	0.226
  6812	-0.0936943	-0.226	0.226
  6813	-0.0853134	-0.226	0.226
  6814	-0.0534155	-0.226	0.226
  6815	-0.0979649	-0.226	0.226
  6816	-0.103556	-0.226	0.226
  6817	-0.115597	-0.226	0.226
  6818	-0.0978016	-0.226	0.226
  6819	-0.0581829	-0.226	0.226
  6820	-0.108837	-0.226	0.226
  6821	-0.111583	-0.226	0.226
  6822	-0.10809	-0.226	0.226
  6823	-0.115241	-0.226	0.226
  6824	-0.0891215	-0.226	0.226
  6825	-0.109493	-0.226	0.226
  6826	-0.108454	-0.226	0.226
  6827	-0.100335	-0.226	0.226
  6828	-0.0869931	-0.226	0.226
  6829	-0.0733209	-0.226	0.226
  6830	-0.110853	-0.226	0.226
  6831	-0.0919388	-0.226	0.226
  6832	-0.0928719	-0.226	0.226
  6833	-0.0858432	-0.226	0.226
  6834	-0.05669	-0.226	0.226
  6835	-0.102269	-0.226	0.226
  6836	-0.0984137	-0.226	0.226
  6837	-0.069015	-0.226	0.226
  6838	-0.0984753	-0.226	0.226
  6839	-0.0691247	-0.226	0.226
  6840	-0.103468	-0.226	0.226
  6841	-0.094533	-0.226	0.226
  6842	-0.115464	-0.226	0.226
  6843	-0.0448867	-0.226	0.226
  6844	-0.103564	-0.226	0.226
  6845	-0.10928	-0.226	0.226
  6846	-0.0568041	-0.226	0.226
  6847	-0.0882043	-0.226	0.226
  6848	-0.104222	-0.226	0.226
  6849	-0.100008	-0.226	0.226
  6850	-0.106909	-0.226	0.226
  6851	-0.0945328	-0.226	0.226
  6852	-0.0716978	-0.226	0.226
  6853	-0.0936313	-0.226	0.226
  6854	-0.108802	-0.226	0.226
  6855	-0.105996	-0.226	0.226
  6856	-0.0544511	-0.226	0.226
  6857	-0.108428	-0.226	0.226
  6858	-0.0753888	-0.226	0.226
  6859	-0.103723	-0.226	0.226
  6860	-0.102458	-0.226	0.226
  6861	-0.0734736	-0.226	0.226
  6862	-0.111713	-0.226	0.226
  6863	-0.0768662	-0.226	0.226
  6864	-0.099249	-0.226	0.226
  6865	-0.0955837	-0.226	0.226
  6866	-0.0950042	-0.226	0.226
  6867	-0.0965878	-0.226	0.226
  6868	-0.113924	-0.226	0.226
  6869	-0.114186	-0.226	0.226
  6870	-0.0797829	-0.226	0.226
  6871	-0.113429	-0.226	0.226
  6872	-0.0885011	-0.226	0.226
  6873	-0.0973121	-0.226	0.226
  6874	-0.0957815	-0.226	0.226
  6875	-0.0874105	-0.226	0.226
  6876	-0.116222	-0.226	0.226
  6877	-0.082448	-0.226	0.226
  6878	-0.0991455	-0.226	0.226
  6879	-0.0982319	-0.226	0.226
  6880	-0.0966006	-0.226	0.226
  6881	-0.100875	-0.226	0.226
  6882	-0.0863281	-0.226	0.226
  6883	-0.0749325	-0.226	0.226
  6884	-0.113441	-0.226	0.226
  6885	-0.101781	-0.226	0.226
  6886	-0.109854	-0.226	0.226
  6887	-0.0639968	-0.226	0.226
  6888	-0.0866728	-0.226	0.226
  6889	-0.115983	-0.226	0.226
  6890	-0.0920235	-0.226	0.226
  6891	-0.102119	-0.226	0.226
  6892	-0.085609	-0.226	0.226
  6893	-0.107767	-0.226	0.226
  6894	-0.0833288	-0.226	0.226
  6895	-0.0647461	-0.226	0.226
  6896	-0.111712	-0.226	0.226
  6897	-0.11556	-0.226	0.226
  6898	-0.0952481	-0.226	0.226
  6899	-0.112167	-0.226	0.226
  6900	-0.0918656	-0.226	0.226
  6901	-0.0999848	-0.226	0.226
  6902	-0.0964566	-0.226	0.226
  6903	-0.0844022	-0.226	0.226
  6904	-0.111813	-0.226	0.226
  6905	-0.106445	-0.226	0.226
  6906	-0.080179	-0.226	0.226
  6907	-0.0676084	-0.226	0.226
  6908	-0.104493	-0.226	0.226
  6909	-0.0985589	-0.226	0.226
  6910	-0.0763242	-0.226	0.226
  6911	-0.11183	-0.226	0.226
  6912	-0.0925561	-0.226	0.226
  6913	-0.109648	-0.226	0.226
  6914	-0.043672	-0.226	0.226
  6915	-0.109022	-0.226	0.226
  6916	-0.0841441	-0.226	0.226
  6917	-0.0911731	-0.226	0.226
  6918	-0.109114	-0.226	0.226
  6919	-0.0671562	-0.226	0.226
  6920	-0.110956	-0.226	0.226
  6921	-0.0932942	-0.226	0.226
  6922	-0.110162	-0.226	0.226
  6923	-0.0698566	-0.226	0.226
  6924	-0.107387	-0.226	0.226
  6925	-0.0501137	-0.226	0.226
  6926	-0.106742	-0.226	0.226
  6927	-0.0921658	-0.226	0.226
  6928	-0.0898486	-0.226	0.226
  6929	-0.0850456	-0.226	0.226
  6930	-0.101071	-0.226	0.226
  6931	-0.0979865	-0.226	0.226
  6932	-0.0854755	-0.226	0.226
  6933	-0.0918229	-0.226	0.226
  6934	-0.102896	-0.226	0.226
  6935	-0.106281	-0.226	0.226
  6936	-0.0587589	-0.226	0.226
  6937	-0.032361	-0.226	0.226
  6938	-0.105038	-0.226	0.226
  6939	-0.115037	-0.226	0.226
  6940	-0.056203	-0.226	0.226
  6941	-0.0940659	-0.226	0.226
  6942	-0.103638	-0.226	0.226
  6943	-0.0530432	-0.226	0.226
  6944	-0.0717697	-0.226	0.226
  6945	-0.109589	-0.226	0.226
  6946	-0.110853	-0.226	0.226
  6947	-0.0459225	-0.226	0.226
  6948	-0.11377	-0.226	0.226
  6949	-0.108953	-0.226	0.226
  6950	-0.101105	-0.226	0.226
  6951	-0.113054	-0.226	0.226
  6952	-0.0644352	-0.226	0.226
  6953	-0.0872295	-0.226	0.226
  6954	-0.0928721	-0.226	0.226
  6955	-0.0826404	-0.226	0.226
  6956	-0.0435572	-0.226	0.226
  6957	-0.108509	-0.226	0.226
  6958	-0.0552921	-0.226	0.226
  6959	-0.0762613	-0.226	0.226
  6960	-0.0621482	-0.226	0.226
  6961	-0.0615628	-0.226	0.226
  6962	-0.102809	-0.226	0.226
  6963	-0.0877026	-0.226	0.226
  6964	-0.0798178	-0.226	0.226
  6965	-0.0851892	-0.226	0.226
  6966	-0.10144	-0.226	0.226
  6967	-0.0820874	-0.226	0.226
  6968	-0.0983777	-0.226	0.226
  6969	-0.0706009	-0.226	0.226
  6970	-0.109939	-0.226	0.226
  6971	-0.108238	-0.226	0.226
  6972	-0.0904289	-0.226	0.226
  6973	-0.112637	-0.226	0.226
  6974	-0.0980222	-0.226	0.226
  6975	-0.0907544	-0.226	0.226
  6976	-0.105458	-0.226	0.226
  6977	-0.0874234	-0.226	0.226
  6978	-0.11288	-0.226	0.226
  6979	-0.111773	-0.226	0.226
  6980	-0.107378	-0.226	0.226
  6981	-0.11106	-0.226	0.226
  6982	-0.0793548	-0.226	0.226
  6983	-0.0994785	-0.226	0.226
  6984	-0.115673	-0.226	0.226
  6985	-0.11671	-0.226	0.226
  6986	-0.112046	-0.226	0.226
  6987	-0.0723732	-0.226	0.226
  6988	-0.0724523	-0.226	0.226
  6989	-0.0958923	-0.226	0.226
  6990	-0.091886	-0.226	0.226
  6991	-0.0672157	-0.226	0.226
  6992	-0.084956	-0.226	0.226
  6993	-0.102255	-0.226	0.226
  6994	-0.103338	-0.226	0.226
  6995	-0.0791505	-0.226	0.226
  6996	-0.0735805	-0.226	0.226
  6997	-0.085825	-0.226	0.226
  6998	-0.056891	-0.226	0.226
  6999	-0.091267	-0.226	0.226
  7000	-0.0993931	-0.226	0.226
  7001	-0.113141	-0.226	0.226
  7002	-0.0855929	-0.226	0.226
  7003	-0.0884984	-0.226	0.226
  7004	-0.0845419	-0.226	0.226
  7005	-0.114101	-0.226	0.226
  7006	-0.112334	-0.226	0.226
  7007	-0.0930732	-0.226	0.226
  7008	-0.102988	-0.226	0.226
  7009	-0.101267	-0.226	0.226
  7010	-0.103614	-0.226	0.226
  7011	-0.113854	-0.226	0.226
  7012	-0.100811	-0.226	0.226
  7013	-0.111385	-0.226	0.226
  7014	-0.0935094	-0.226	0.226
  7015	-0.0883558	-0.226	0.226
  7016	-0.0929546	-0.226	0.226
  7017	-0.0808119	-0.226	0.226
  7018	-0.0668994	-0.226	0.226
  7019	-0.0797869	-0.226	0.226
  7020	-0.116027	-0.226	0.226
  7021	-0.10207	-0.226	0.226
  7022	-0.0791204	-0.226	0.226
  7023	-0.0649081	-0.226	0.226
  7024	-0.0666844	-0.226	0.226
  7025	-0.0841503	-0.226	0.226
  7026	-0.0825248	-0.226	0.226
  7027	-0.0751316	-0.226	0.226
  7028	-0.109548	-0.226	0.226
  7029	-0.110718	-0.226	0.226
  7030	-0.0972891	-0.226	0.226
  7031	-0.116092	-0.226	0.226
  7032	-0.113664	-0.226	0.226
  7033	-0.0907256	-0.226	0.226
  7034	-0.102873	-0.226	0.226
  7035	-0.0724746	-0.226	0.226
  7036	-0.0918893	-0.226	0.226
  7037	-0.0851631	-0.226	0.226
  7038	-0.0921517	-0.226	0.226
  7039	-0.107078	-0.226	0.226
  7040	-0.0909775	-0.226	0.226
  7041	-0.093212	-0.226	0.226
  7042	-0.109206	-0.226	0.226
  7043	-0.102838	-0.226	0.226
  7044	-0.107508	-0.226	0.226
  7045	-0.090688	-0.226	0.226
  7046	-0.0953078	-0.226	0.226
  7047	-0.078509	-0.226	0.226
  7048	-0.0752913	-0.226	0.226
  7049	-0.0898221	-0.226	0.226
  7050	-0.0724234	-0.226	0.226
  7051	-0.0849774	-0.226	0.226
  7052	-0.113815	-0.226	0.226
  7053	-0.104406	-0.226	0.226
  7054	-0.105873	-0.226	0.226
  7055	-0.0794754	-0.226	0.226
  7056	-0.0650636	-0.226	0.226
  7057	-0.103848	-0.226	0.226
  7058	-0.112556	-0.226	0.226
  7059	-0.0599171	-0.226	0.226
  7060	-0.0944995	-0.226	0.226
  7061	-0.103967	-0.226	0.226
  7062	-0.113268	-0.226	0.226
  7063	-0.0765166	-0.226	0.226
  7064	-0.0933911	-0.226	0.226
  7065	-0.0935487	-0.226	0.226
  7066	-0.0989655	-0.226	0.226
  7067	-0.105649	-0.226	0.226
  7068	-0.0432356	-0.226	0.226
  7069	-0.0916312	-0.226	0.226
  7070	-0.110447	-0.226	0.226
  7071	-0.088957	-0.226	0.226
  7072	-0.0936223	-0.226	0.226
  7073	-0.0987831	-0.226	0.226
  7074	-0.0781845	-0.226	0.226
  7075	-0.097083	-0.226	0.226
  7076	-0.0789253	-0.226	0.226
  7077	-0.0907643	-0.226	0.226
  7078	-0.0873612	-0.226	0.226
  7079	-0.0694431	-0.226	0.226
  7080	-0.0998911	-0.226	0.226
  7081	-0.0989093	-0.226	0.226
  7082	-0.104244	-0.226	0.226
  7083	-0.110823	-0.226	0.226
  7084	-0.116264	-0.226	0.226
  7085	-0.101273	-0.226	0.226
  7086	-0.0275082	-0.226	0.226
  7087	-0.111877	-0.226	0.226
  7088	-0.0864266	-0.226	0.226
  7089	-0.102866	-0.226	0.226
  7090	-0.0617225	-0.226	0.226
  7091	-0.103324	-0.226	0.226
  7092	-0.0765366	-0.226	0.226
  7093	-0.116407	-0.226	0.226
  7094	-0.115491	-0.226	0.226
  7095	-0.104337	-0.226	0.226
  7096	-0.0848908	-0.226	0.226
  7097	-0.114043	-0.226	0.226
  7098	-0.0915848	-0.226	0.226
  7099	-0.104125	-0.226	0.226
  7100	-0.107421	-0.226	0.226
  7101	-0.109784	-0.226	0.226
  7102	-0.106022	-0.226	0.226
  7103	-0.108757	-0.226	0.226
  7104	-0.0835256	-0.226	0.226
  7105	-0.102554	-0.226	0.226
  7106	-0.0943542	-0.226	0.226
  7107	-0.0937679	-0.226	0.226
  7108	-0.0643681	-0.226	0.226
  7109	-0.0869879	-0.226	0.226
  7110	-0.0955485	-0.226	0.226
  7111	-0.0726208	-0.226	0.226
  7112	-0.0955305	-0.226	0.226
  7113	-0.0612283	-0.226	0.226
  7114	-0.114217	-0.226	0.226
  7115	-0.0841544	-0.226	0.226
  7116	-0.0844905	-0.226	0.226
  7117	-0.0981446	-0.226	0.226
  7118	-0.0688977	-0.226	0.226
  7119	-0.0558822	-0.226	0.226
  7120	-0.0706834	-0.226	0.226
  7121	-0.105452	-0.226	0.226
  7122	-0.107004	-0.226	0.226
  7123	-0.0763996	-0.226	0.226
  7124	-0.086016	-0.226	0.226
  7125	-0.0459145	-0.226	0.226
  7126	-0.115593	-0.226	0.226
  7127	-0.0986838	-0.226	0.226
  7128	-0.0926086	-0.226	0.226
  7129	-0.0613149	-0.226	0.226
  7130	-0.0898424	-0.226	0.226
  7131	-0.0943898	-0.226	0.226
  7132	-0.0792157	-0.226	0.226
  7133	-0.114026	-0.226	0.226
  7134	-0.099865	-0.226	0.226
  7135	-0.110326	-0.226	0.226
  7136	-0.111416	-0.226	0.226
  7137	-0.101677	-0.226	0.226
  7138	-0.0932966	-0.226	0.226
  7139	-0.0755412	-0.226	0.226
  7140	-0.0480493	-0.226	0.226
  7141	-0.110966	-0.226	0.226
  7142	-0.0992651	-0.226	0.226
  7143	-0.107451	-0.226	0.226
  7144	-0.113978	-0.226	0.226
  7145	-0.0956737	-0.226	0.226
  7146	-0.110623	-0.226	0.226
  7147	-0.101624	-0.226	0.226
  7148	-0.0623846	-0.226	0.226
  7149	-0.0880704	-0.226	0.226
  7150	-0.0327133	-0.226	0.226
  7151	-0.113709	-0.226	0.226
  7152	-0.113124	-0.226	0.226
  7153	-0.0840695	-0.226	0.226
  7154	-0.0518221	-0.226	0.226
  7155	-0.104509	-0.226	0.226
  7156	-0.0786115	-0.226	0.226
  7157	-0.113479	-0.226	0.226
  7158	-0.0720692	-0.226	0.226
  7159	-0.105024	-0.226	0.226
  7160	-0.114378	-0.226	0.226
  7161	-0.113873	-0.226	0.226
  7162	-0.115737	-0.226	0.226
  7163	-0.11067	-0.226	0.226
  7164	-0.089687	-0.226	0.226
  7165	-0.0866067	-0.226	0.226
  7166	-0.0821488	-0.226	0.226
  7167	-0.11012	-0.226	0.226
  7168	-0.0685991	-0.226	0.226
  7169	-0.0689967	-0.226	0.226
  7170	-0.0931481	-0.226	0.226
  7171	-0.0865725	-0.226	0.226
  7172	-0.0610139	-0.226	0.226
  7173	-0.113615	-0.226	0.226
  7174	-0.0967507	-0.226	0.226
  7175	-0.109776	-0.226	0.226
  7176	-0.112051	-0.226	0.226
  7177	-0.0886656	-0.226	0.226
  7178	-0.114347	-0.226	0.226
  7179	-0.113712	-0.226	0.226
  7180	-0.106485	-0.226	0.226
  7181	-0.0800095	-0.226	0.226
  7182	-0.104184	-0.226	0.226
  7183	-0.11201	-0.226	0.226
  7184	-0.0599907	-0.226	0.226
  7185	-0.0937801	-0.226	0.226
  7186	-0.109002	-0.226	0.226
  7187	-0.0781729	-0.226	0.226
  7188	-0.10151	-0.226	0.226
  7189	-0.0933455	-0.226	0.226
  7190	-0.100827	-0.226	0.226
  7191	-0.115177	-0.226	0.226
  7192	-0.0876432	-0.226	0.226
  7193	-0.111837	-0.226	0.226
  7194	-0.0950532	-0.226	0.226
  7195	-0.0911631	-0.226	0.226
  7196	-0.107573	-0.226	0.226
  7197	-0.0901818	-0.226	0.226
  7198	-0.114298	-0.226	0.226
  7199	-0.0684482	-0.226	0.226
  7200	-0.109121	-0.226	0.226
  7201	-0.074997	-0.226	0.226
  7202	-0.0718301	-0.226	0.226
  7203	-0.10272	-0.226	0.226
  7204	-0.0836661	-0.226	0.226
  7205	-0.102823	-0.226	0.226
  7206	-0.0968346	-0.226	0.226
  7207	-0.0892738	-0.226	0.226
  7208	-0.086457	-0.226	0.226
  7209	-0.0877256	-0.226	0.226
  7210	-0.111156	-0.226	0.226
  7211	-0.0993482	-0.226	0.226
  7212	-0.100242	-0.226	0.226
  7213	-0.0849396	-0.226	0.226
  7214	-0.111194	-0.226	0.226
  7215	-0.114983	-0.226	0.226
  7216	-0.110989	-0.226	0.226
  7217	-0.112507	-0.226	0.226
  7218	-0.0574673	-0.226	0.226
  7219	-0.106447	-0.226	0.226
  7220	-0.102646	-0.226	0.226
  7221	-0.0982413	-0.226	0.226
  7222	-0.113131	-0.226	0.226
  7223	-0.0836222	-0.226	0.226
  7224	-0.0997713	-0.226	0.226
  7225	-0.104476	-0.226	0.226
  7226	-0.106293	-0.226	0.226
  7227	-0.0857705	-0.226	0.226
  7228	-0.101775	-0.226	0.226
  7229	-0.0893915	-0.226	0.226
  7230	-0.0941598	-0.226	0.226
  7231	-0.0788235	-0.226	0.226
  7232	-0.105473	-0.226	0.226
  7233	-0.0517035	-0.226	0.226
  7234	-0.113869	-0.226	0.226
  7235	-0.106581	-0.226	0.226
  7236	-0.108604	-0.226	0.226
  7237	-0.095233	-0.226	0.226
  7238	-0.116053	-0.226	0.226
  7239	-0.0611944	-0.226	0.226
  7240	-0.0711241	-0.226	0.226
  7241	-0.0903856	-0.226	0.226
  7242	-0.112454	-0.226	0.226
  7243	-0.0973415	-0.226	0.226
  7244	-0.0518906	-0.226	0.226
  7245	-0.101753	-0.226	0.226
  7246	-0.113761	-0.226	0.226
  7247	-0.0932979	-0.226	0.226
  7248	-0.108289	-0.226	0.226
  7249	-0.0467624	-0.226	0.226
  7250	-0.0921947	-0.226	0.226
  7251	-0.0974942	-0.226	0.226
  7252	-0.108775	-0.226	0.226
  7253	-0.0878235	-0.226	0.226
  7254	-0.095608	-0.226	0.226
  7255	-0.0614942	-0.226	0.226
  7256	-0.0998581	-0.226	0.226
  7257	-0.0913201	-0.226	0.226
  7258	-0.0986745	-0.226	0.226
  7259	-0.114482	-0.226	0.226
  7260	-0.0896994	-0.226	0.226
  7261	-0.0928152	-0.226	0.226
  7262	-0.0724461	-0.226	0.226
  7263	-0.111139	-0.226	0.226
  7264	-0.108685	-0.226	0.226
  7265	-0.0953909	-0.226	0.226
  7266	-0.0512862	-0.226	0.226
  7267	-0.0993458	-0.226	0.226
  7268	-0.106575	-0.226	0.226
  7269	-0.107442	-0.226	0.226
  7270	-0.102373	-0.226	0.226
  7271	-0.0869874	-0.226	0.226
  7272	-0.0866327	-0.226	0.226
  7273	-0.0926388	-0.226	0.226
  7274	-0.113786	-0.226	0.226
  7275	-0.0712944	-0.226	0.226
  7276	-0.104858	-0.226	0.226
  7277	-0.092427	-0.226	0.226
  7278	-0.116167	-0.226	0.226
  7279	-0.104931	-0.226	0.226
  7280	-0.106393	-0.226	0.226
  7281	-0.081441	-0.226	0.226
  7282	-0.0731828	-0.226	0.226
  7283	-0.113826	-0.226	0.226
  7284	-0.115013	-0.226	0.226
  7285	-0.0890856	-0.226	0.226
  7286	-0.0940169	-0.226	0.226
  7287	-0.073076	-0.226	0.226
  7288	-0.100091	-0.226	0.226
  7289	-0.0921086	-0.226	0.226
  7290	-0.0739539	-0.226	0.226
  7291	-0.106053	-0.226	0.226
  7292	-0.110767	-0.226	0.226
  7293	-0.0687982	-0.226	0.226
  7294	-0.100516	-0.226	0.226
  7295	-0.0997191	-0.226	0.226
  7296	-0.0837318	-0.226	0.226
  7297	-0.0939089	-0.226	0.226
  7298	-0.0545939	-0.226	0.226
  7299	-0.113625	-0.226	0.226
  7300	-0.111575	-0.226	0.226
  7301	-0.112488	-0.226	0.226
  7302	-0.0713537	-0.226	0.226
  7303	-0.0981396	-0.226	0.226
  7304	-0.104057	-0.226	0.226
  7305	-0.10051	-0.226	0.226
  7306	-0.0682334	-0.226	0.226
  7307	-0.0978856	-0.226	0.226
  7308	-0.112293	-0.226	0.226
  7309	-0.113244	-0.226	0.226
  7310	-0.0966882	-0.226	0.226
  7311	-0.105739	-0.226	0.226
  7312	-0.104151	-0.226	0.226
  7313	-0.113688	-0.226	0.226
  7314	-0.113491	-0.226	0.226
  7315	-0.0896413	-0.226	0.226
  7316	-0.102232	-0.226	0.226
  7317	-0.111767	-0.226	0.226
  7318	-0.108947	-0.226	0.226
  7319	-0.0790812	-0.226	0.226
  7320	-0.0912158	-0.226	0.226
  7321	-0.0996235	-0.226	0.226
  7322	-0.0841657	-0.226	0.226
  7323	-0.095816	-0.226	0.226
  7324	-0.0740639	-0.226	0.226
  7325	-0.0833221	-0.226	0.226
  7326	-0.0850549	-0.226	0.226
  7327	-0.0963477	-0.226	0.226
  7328	-0.10506	-0.226	0.226
  7329	-0.087776	-0.226	0.226
  7330	-0.109199	-0.226	0.226
  7331	-0.113718	-0.226	0.226
  7332	-0.0707224	-0.226	0.226
  7333	-0.0726694	-0.226	0.226
  7334	-0.0818112	-0.226	0.226
  7335	-0.0852624	-0.226	0.226
  7336	-0.103646	-0.226	0.226
  7337	-0.0876414	-0.226	0.226
  7338	-0.0882851	-0.226	0.226
  7339	-0.0980831	-0.226	0.226
  7340	-0.0999472	-0.226	0.226
  7341	-0.106931	-0.226	0.226
  7342	-0.0868237	-0.226	0.226
  7343	-0.108234	-0.226	0.226
  7344	-0.0652342	-0.226	0.226
  7345	-0.0765533	-0.226	0.226
  7346	-0.110186	-0.226	0.226
  7347	-0.0753932	-0.226	0.226
  7348	-0.078237	-0.226	0.226
  7349	-0.0919313	-0.226	0.226
  7350	-0.0798681	-0.226	0.226
  7351	-0.0996417	-0.226	0.226
  7352	-0.0941117	-0.226	0.226
  7353	-0.0956182	-0.226	0.226
  7354	-0.0879065	-0.226	0.226
  7355	-0.110842	-0.226	0.226
  7356	-0.0867806	-0.226	0.226
  7357	-0.112817	-0.226	0.226
  7358	-0.067516	-0.226	0.226
  7359	-0.104048	-0.226	0.226
  7360	-0.0412906	-0.226	0.226
  7361	-0.0842169	-0.226	0.226
  7362	-0.116077	-0.226	0.226
  7363	-0.0788384	-0.226	0.226
  7364	-0.0932919	-0.226	0.226
  7365	-0.0870408	-0.226	0.226
  7366	-0.0871258	-0.226	0.226
  7367	-0.110576	-0.226	0.226
  7368	-0.0879963	-0.226	0.226
  7369	-0.0970529	-0.226	0.226
  7370	-0.0918752	-0.226	0.226
  7371	-0.107132	-0.226	0.226
  7372	-0.104391	-0.226	0.226
  7373	-0.0767125	-0.226	0.226
  7374	-0.0746743	-0.226	0.226
  7375	-0.0653393	-0.226	0.226
  7376	-0.0989958	-0.226	0.226
  7377	-0.0932048	-0.226	0.226
  7378	-0.049114	-0.226	0.226
  7379	-0.0900765	-0.226	0.226
  7380	-0.0956464	-0.226	0.226
  7381	-0.104333	-0.226	0.226
  7382	-0.0728863	-0.226	0.226
  7383	-0.112723	-0.226	0.226
  7384	-0.103363	-0.226	0.226
  7385	-0.0743152	-0.226	0.226
  7386	-0.10897	-0.226	0.226
  7387	-0.100432	-0.226	0.226
  7388	-0.110374	-0.226	0.226
  7389	-0.0993718	-0.226	0.226
  7390	-0.0942096	-0.226	0.226
  7391	-0.0932486	-0.226	0.226
  7392	-0.0637222	-0.226	0.226
  7393	-0.0410178	-0.226	0.226
  7394	-0.0874398	-0.226	0.226
  7395	-0.0997184	-0.226	0.226
  7396	-0.0720895	-0.226	0.226
  7397	-0.115729	-0.226	0.226
  7398	-0.0988264	-0.226	0.226
  7399	-0.0746061	-0.226	0.226
  7400	-0.0915176	-0.226	0.226
  7401	-0.11335	-0.226	0.226
  7402	-0.101623	-0.226	0.226
  7403	-0.0807091	-0.226	0.226
  7404	-0.109183	-0.226	0.226
  7405	-0.0644983	-0.226	0.226
  7406	-0.113459	-0.226	0.226
  7407	-0.108242	-0.226	0.226
  7408	-0.115059	-0.226	0.226
  7409	-0.0833933	-0.226	0.226
  7410	-0.110069	-0.226	0.226
  7411	-0.095487	-0.226	0.226
  7412	-0.0768055	-0.226	0.226
  7413	-0.0775949	-0.226	0.226
  7414	-0.104146	-0.226	0.226
  7415	-0.114677	-0.226	0.226
  7416	-0.0611601	-0.226	0.226
  7417	-0.101164	-0.226	0.226
  7418	-0.0899526	-0.226	0.226
  7419	-0.113707	-0.226	0.226
  7420	-0.109284	-0.226	0.226
  7421	-0.113236	-0.226	0.226
  7422	-0.112425	-0.226	0.226
  7423	-0.100183	-0.226	0.226
  7424	-0.111637	-0.226	0.226
  7425	-0.0617397	-0.226	0.226
  7426	-0.104449	-0.226	0.226
  7427	-0.116142	-0.226	0.226
  7428	-0.112037	-0.226	0.226
  7429	-0.106436	-0.226	0.226
  7430	-0.114797	-0.226	0.226
  7431	-0.0656105	-0.226	0.226
  7432	-0.0612062	-0.226	0.226
  7433	-0.108004	-0.226	0.226
  7434	-0.111388	-0.226	0.226
  7435	-0.0739862	-0.226	0.226
  7436	-0.038043	-0.226	0.226
  7437	-0.103603	-0.226	0.226
  7438	-0.111299	-0.226	0.226
  7439	-0.10519	-0.226	0.226
  7440	-0.103338	-0.226	0.226
  7441	-0.114228	-0.226	0.226
  7442	-0.0713649	-0.226	0.226
  7443	-0.0906515	-0.226	0.226
  7444	-0.0875356	-0.226	0.226
  7445	-0.110133	-0.226	0.226
  7446	-0.107567	-0.226	0.226
  7447	-0.105285	-0.226	0.226
  7448	-0.0831017	-0.226	0.226
  7449	-0.0912604	-0.226	0.226
  7450	-0.10976	-0.226	0.226
  7451	-0.0945071	-0.226	0.226
  7452	-0.0816905	-0.226	0.226
  7453	-0.0765239	-0.226	0.226
  7454	-0.111128	-0.226	0.226
  7455	-0.0765056	-0.226	0.226
  7456	-0.0970016	-0.226	0.226
  7457	-0.106566	-0.226	0.226
  7458	-0.114628	-0.226	0.226
  7459	-0.0853439	-0.226	0.226
  7460	-0.095932	-0.226	0.226
  7461	-0.0947456	-0.226	0.226
  7462	-0.10694	-0.226	0.226
  7463	-0.0471754	-0.226	0.226
  7464	-0.102486	-0.226	0.226
  7465	-0.0919084	-0.226	0.226
  7466	-0.113831	-0.226	0.226
  7467	-0.0862224	-0.226	0.226
  7468	-0.0826254	-0.226	0.226
  7469	-0.104219	-0.226	0.226
  7470	-0.107545	-0.226	0.226
  7471	-0.101063	-0.226	0.226
  7472	-0.100739	-0.226	0.226
  7473	-0.103182	-0.226	0.226
  7474	-0.109412	-0.226	0.226
  7475	-0.0931655	-0.226	0.226
  7476	-0.0610285	-0.226	0.226
  7477	-0.115085	-0.226	0.226
  7478	-0.098195	-0.226	0.226
  7479	-0.0957346	-0.226	0.226
  7480	-0.101016	-0.226	0.226
  7481	-0.0908178	-0.226	0.226
  7482	-0.0982523	-0.226	0.226
  7483	-0.115148	-0.226	0.226
  7484	-0.0982118	-0.226	0.226
  7485	-0.104915	-0.226	0.226
  7486	-0.0969405	-0.226	0.226
  7487	-0.0424225	-0.226	0.226
  7488	-0.114493	-0.226	0.226
  7489	-0.0834071	-0.226	0.226
  7490	-0.0941108	-0.226	0.226
  7491	-0.0881853	-0.226	0.226
  7492	-0.0731084	-0.226	0.226
  7493	-0.0872181	-0.226	0.226
  7494	-0.104325	-0.226	0.226
  7495	-0.0990418	-0.226	0.226
  7496	-0.0909576	-0.226	0.226
  7497	-0.112659	-0.226	0.226
  7498	-0.112759	-0.226	0.226
  7499	-0.0936303	-0.226	0.226
  7500	-0.0987524	-0.226	0.226
  7501	-0.109969	-0.226	0.226
  7502	-0.115686	-0.226	0.226
  7503	-0.0863572	-0.226	0.226
  7504	-0.0800322	-0.226	0.226
  7505	-0.111485	-0.226	0.226
  7506	-0.0936245	-0.226	0.226
  7507	-0.0584795	-0.226	0.226
  7508	-0.110264	-0.226	0.226
  7509	-0.0907488	-0.226	0.226
  7510	-0.0852786	-0.226	0.226
  7511	-0.0706611	-0.226	0.226
  7512	-0.100988	-0.226	0.226
  7513	-0.0795086	-0.226	0.226
  7514	-0.111382	-0.226	0.226
  7515	-0.0998364	-0.226	0.226
  7516	-0.0733483	-0.226	0.226
  7517	-0.0867591	-0.226	0.226
  7518	-0.0729661	-0.226	0.226
  7519	-0.0965099	-0.226	0.226
  7520	-0.105485	-0.226	0.226
  7521	-0.10731	-0.226	0.226
  7522	-0.113065	-0.226	0.226
  7523	-0.115095	-0.226	0.226
  7524	-0.0747022	-0.226	0.226
  7525	-0.0994404	-0.226	0.226
  7526	-0.0971143	-0.226	0.226
  7527	-0.0926084	-0.226	0.226
  7528	-0.107836	-0.226	0.226
  7529	-0.0823243	-0.226	0.226
  7530	-0.112253	-0.226	0.226
  7531	-0.11034	-0.226	0.226
  7532	-0.073943	-0.226	0.226
  7533	-0.0629408	-0.226	0.226
  7534	-0.093991	-0.226	0.226
  7535	-0.0905984	-0.226	0.226
  7536	-0.0935401	-0.226	0.226
  7537	-0.0663719	-0.226	0.226
  7538	-0.0845555	-0.226	0.226
  7539	-0.103672	-0.226	0.226
  7540	-0.106094	-0.226	0.226
  7541	-0.107772	-0.226	0.226
  7542	-0.112375	-0.226	0.226
  7543	-0.106291	-0.226	0.226
  7544	-0.116239	-0.226	0.226
  7545	-0.0866313	-0.226	0.226
  7546	-0.107457	-0.226	0.226
  7547	-0.0593401	-0.226	0.226
  7548	-0.109923	-0.226	0.226
  7549	-0.0589434	-0.226	0.226
  7550	-0.101115	-0.226	0.226
  7551	-0.110773	-0.226	0.226
  7552	-0.0704149	-0.226	0.226
  7553	-0.0732573	-0.226	0.226
  7554	-0.0922734	-0.226	0.226
  7555	-0.110293	-0.226	0.226
  7556	-0.0318999	-0.226	0.226
  7557	-0.111437	-0.226	0.226
  7558	-0.108121	-0.226	0.226
  7559	-0.0804126	-0.226	0.226
  7560	-0.114543	-0.226	0.226
  7561	-0.102473	-0.226	0.226
  7562	-0.112925	-0.226	0.226
  7563	-0.0586565	-0.226	0.226
  7564	-0.10631	-0.226	0.226
  7565	-0.0915839	-0.226	0.226
  7566	-0.0730344	-0.226	0.226
  7567	-0.0958828	-0.226	0.226
  7568	-0.104306	-0.226	0.226
  7569	-0.116497	-0.226	0.226
  7570	-0.0950262	-0.226	0.226
  7571	-0.0488997	-0.226	0.226
  7572	-0.106636	-0.226	0.226
  7573	-0.0888431	-0.226	0.226
  7574	-0.0881655	-0.226	0.226
  7575	-0.0808073	-0.226	0.226
  7576	-0.111811	-0.226	0.226
  7577	-0.0833119	-0.226	0.226
  7578	-0.102817	-0.226	0.226
  7579	-0.101237	-0.226	0.226
  7580	-0.0762427	-0.226	0.226
  7581	-0.107211	-0.226	0.226
  7582	-0.0840852	-0.226	0.226
  7583	-0.113197	-0.226	0.226
  7584	-0.101229	-0.226	0.226
  7585	-0.0922901	-0.226	0.226
  7586	-0.082426	-0.226	0.226
  7587	-0.111366	-0.226	0.226
  7588	-0.108763	-0.226	0.226
  7589	-0.0975376	-0.226	0.226
  7590	-0.0818595	-0.226	0.226
  7591	-0.0820482	-0.226	0.226
  7592	-0.114256	-0.226	0.226
  7593	-0.101584	-0.226	0.226
  7594	-0.0761606	-0.226	0.226
  7595	-0.0525936	-0.226	0.226
  7596	-0.107878	-0.226	0.226
  7597	-0.0708159	-0.226	0.226
  7598	-0.0921566	-0.226	0.226
  7599	-0.100979	-0.226	0.226
  7600	-0.108073	-0.226	0.226
  7601	-0.110464	-0.226	0.226
  7602	-0.10889	-0.226	0.226
  7603	-0.101745	-0.226	0.226
  7604	-0.0755026	-0.226	0.226
  7605	-0.112469	-0.226	0.226
  7606	-0.085789	-0.226	0.226
  7607	-0.108115	-0.226	0.226
  7608	-0.0949482	-0.226	0.226
  7609	-0.109225	-0.226	0.226
  7610	-0.0983706	-0.226	0.226
  7611	-0.114451	-0.226	0.226
  7612	-0.111923	-0.226	0.226
  7613	-0.100296	-0.226	0.226
  7614	-0.114204	-0.226	0.226
  7615	-0.061615	-0.226	0.226
  7616	-0.112234	-0.226	0.226
  7617	-0.102412	-0.226	0.226
  7618	-0.104984	-0.226	0.226
  7619	-0.0800716	-0.226	0.226
  7620	-0.0831741	-0.226	0.226
  7621	-0.100261	-0.226	0.226
  7622	-0.103738	-0.226	0.226
  7623	-0.0742422	-0.226	0.226
  7624	-0.0768406	-0.226	0.226
  7625	-0.0778053	-0.226	0.226
  7626	-0.114478	-0.226	0.226
  7627	-0.101145	-0.226	0.226
  7628	-0.109057	-0.226	0.226
  7629	-0.0688877	-0.226	0.226
  7630	-0.109591	-0.226	0.226
  7631	-0.0874698	-0.226	0.226
  7632	-0.102865	-0.226	0.226
  7633	-0.0639403	-0.226	0.226
  7634	-0.116068	-0.226	0.226
  7635	-0.109096	-0.226	0.226
  7636	-0.0509319	-0.226	0.226
  7637	-0.0980619	-0.226	0.226
  7638	-0.110864	-0.226	0.226
  7639	-0.0490734	-0.226	0.226
  7640	-0.112859	-0.226	0.226
  7641	-0.100821	-0.226	0.226
  7642	-0.109603	-0.226	0.226
  7643	-0.0954161	-0.226	0.226
  7644	-0.0486339	-0.226	0.226
  7645	-0.116176	-0.226	0.226
  7646	-0.110792	-0.226	0.226
  7647	-0.0769039	-0.226	0.226
  7648	-0.097283	-0.226	0.226
  7649	-0.108976	-0.226	0.226
  7650	-0.0776969	-0.226	0.226
  7651	-0.0709521	-0.226	0.226
  7652	-0.103681	-0.226	0.226
  7653	-0.0552881	-0.226	0.226
  7654	-0.10127	-0.226	0.226
  7655	-0.104434	-0.226	0.226
  7656	-0.110373	-0.226	0.226
  7657	-0.0981672	-0.226	0.226
  7658	-0.0795941	-0.226	0.226
  7659	-0.101623	-0.226	0.226
  7660	-0.0847125	-0.226	0.226
  7661	-0.108482	-0.226	0.226
  7662	-0.0806502	-0.226	0.226
  7663	-0.0963048	-0.226	0.226
  7664	-0.0649397	-0.226	0.226
  7665	-0.109729	-0.226	0.226
  7666	-0.0992366	-0.226	0.226
  7667	-0.0667124	-0.226	0.226
  7668	-0.0951023	-0.226	0.226
  7669	-0.106692	-0.226	0.226
  7670	-0.11508	-0.226	0.226
  7671	-0.0994085	-0.226	0.226
  7672	-0.095823	-0.226	0.226
  7673	-0.105302	-0.226	0.226
  7674	-0.0781259	-0.226	0.226
  7675	-0.0880101	-0.226	0.226
  7676	-0.101761	-0.226	0.226
  7677	-0.109617	-0.226	0.226
  7678	-0.115482	-0.226	0.226
  7679	-0.114938	-0.226	0.226
  7680	-0.115153	-0.226	0.226
  7681	-0.0998432	-0.226	0.226
  7682	-0.109277	-0.226	0.226
  7683	-0.0657806	-0.226	0.226
  7684	-0.113388	-0.226	0.226
  7685	-0.0881329	-0.226	0.226
  7686	-0.101358	-0.226	0.226
  7687	-0.10694	-0.226	0.226
  7688	-0.0860307	-0.226	0.226
  7689	-0.0878387	-0.226	0.226
  7690	-0.0786217	-0.226	0.226
  7691	-0.0893245	-0.226	0.226
  7692	-0.0636766	-0.226	0.226
  7693	-0.0647391	-0.226	0.226
  7694	-0.107574	-0.226	0.226
  7695	-0.0835916	-0.226	0.226
  7696	-0.116368	-0.226	0.226
  7697	-0.112412	-0.226	0.226
  7698	-0.0698742	-0.226	0.226
  7699	-0.091886	-0.226	0.226
  7700	-0.107057	-0.226	0.226
  7701	-0.104579	-0.226	0.226
  7702	-0.0950163	-0.226	0.226
  7703	-0.0887909	-0.226	0.226
  7704	-0.0837553	-0.226	0.226
  7705	-0.0844399	-0.226	0.226
  7706	-0.0775299	-0.226	0.226
  7707	-0.0949601	-0.226	0.226
  7708	-0.10844	-0.226	0.226
  7709	-0.112434	-0.226	0.226
  7710	-0.0574121	-0.226	0.226
  7711	-0.110329	-0.226	0.226
  7712	-0.0642926	-0.226	0.226
  7713	-0.10736	-0.226	0.226
  7714	-0.115402	-0.226	0.226
  7715	-0.0703801	-0.226	0.226
  7716	-0.101031	-0.226	0.226
  7717	-0.10934	-0.226	0.226
  7718	-0.104977	-0.226	0.226
  7719	-0.0865077	-0.226	0.226
  7720	-0.107466	-0.226	0.226
  7721	-0.108385	-0.226	0.226
  7722	-0.099587	-0.226	0.226
  7723	-0.0941708	-0.226	0.226
  7724	-0.0987859	-0.226	0.226
  7725	-0.113759	-0.226	0.226
  7726	-0.0749937	-0.226	0.226
  7727	-0.0924593	-0.226	0.226
  7728	-0.111318	-0.226	0.226
  7729	-0.0362662	-0.226	0.226
  7730	-0.106057	-0.226	0.226
  7731	-0.0563005	-0.226	0.226
  7732	-0.0521723	-0.226	0.226
  7733	-0.0767746	-0.226	0.226
  7734	-0.113483	-0.226	0.226
  7735	-0.084458	-0.226	0.226
  7736	-0.10768	-0.226	0.226
  7737	-0.0270091	-0.226	0.226
  7738	-0.11162	-0.226	0.226
  7739	-0.0888893	-0.226	0.226
  7740	-0.0725308	-0.226	0.226
  7741	-0.0915907	-0.226	0.226
  7742	-0.110728	-0.226	0.226
  7743	-0.114211	-0.226	0.226
  7744	-0.113078	-0.226	0.226
  7745	-0.0764086	-0.226	0.226
  7746	-0.113713	-0.226	0.226
  7747	-0.0773633	-0.226	0.226
  7748	-0.094994	-0.226	0.226
  7749	-0.0680134	-0.226	0.226
  7750	-0.116251	-0.226	0.226
  7751	-0.108459	-0.226	0.226
  7752	-0.113658	-0.226	0.226
  7753	-0.109745	-0.226	0.226
  7754	-0.0520952	-0.226	0.226
  7755	-0.104526	-0.226	0.226
  7756	-0.103042	-0.226	0.226
  7757	-0.080795	-0.226	0.226
  7758	-0.102282	-0.226	0.226
  7759	-0.11071	-0.226	0.226
  7760	-0.100534	-0.226	0.226
  7761	-0.0574683	-0.226	0.226
  7762	-0.0937732	-0.226	0.226
  7763	-0.0930017	-0.226	0.226
  7764	-0.0582597	-0.226	0.226
  7765	-0.1154	-0.226	0.226
  7766	-0.0775194	-0.226	0.226
  7767	-0.0537644	-0.226	0.226
  7768	-0.0591847	-0.226	0.226
  7769	-0.10663	-0.226	0.226
  7770	-0.0868951	-0.226	0.226
  7771	-0.109635	-0.226	0.226
  7772	-0.101726	-0.226	0.226
  7773	-0.0609439	-0.226	0.226
  7774	-0.100884	-0.226	0.226
  7775	-0.105485	-0.226	0.226
  7776	-0.0920015	-0.226	0.226
  7777	-0.110825	-0.226	0.226
  7778	-0.0899746	-0.226	0.226
  7779	-0.0780327	-0.226	0.226
  7780	-0.100911	-0.226	0.226
  7781	-0.0737652	-0.226	0.226
  7782	-0.116022	-0.226	0.226
  7783	-0.108849	-0.226	0.226
  7784	-0.0968287	-0.226	0.226
  7785	-0.0768986	-0.226	0.226
  7786	-0.0722018	-0.226	0.226
  7787	-0.11265	-0.226	0.226
  7788	-0.113343	-0.226	0.226
  7789	-0.0977324	-0.226	0.226
  7790	-0.0898118	-0.226	0.226
  7791	-0.0879598	-0.226	0.226
  7792	-0.106278	-0.226	0.226
  7793	-0.113059	-0.226	0.226
  7794	-0.0618037	-0.226	0.226
  7795	-0.110262	-0.226	0.226
  7796	-0.0682002	-0.226	0.226
  7797	-0.0860922	-0.226	0.226
  7798	-0.107781	-0.226	0.226
  7799	-0.111183	-0.226	0.226
  7800	-0.0974372	-0.226	0.226
  7801	-0.0917344	-0.226	0.226
  7802	-0.0836204	-0.226	0.226
  7803	-0.0869989	-0.226	0.226
  7804	-0.114394	-0.226	0.226
  7805	-0.080996	-0.226	0.226
  7806	-0.100614	-0.226	0.226
  7807	-0.105139	-0.226	0.226
  7808	-0.0896767	-0.226	0.226
  7809	-0.0930723	-0.226	0.226
  7810	-0.100833	-0.226	0.226
  7811	-0.0979865	-0.226	0.226
  7812	-0.116287	-0.226	0.226
  7813	-0.0822208	-0.226	0.226
  7814	-0.0527867	-0.226	0.226
  7815	-0.114085	-0.226	0.226
  7816	-0.115072	-0.226	0.226
  7817	-0.101986	-0.226	0.226
  7818	-0.113934	-0.226	0.226
  7819	-0.0895909	-0.226	0.226
  7820	-0.113409	-0.226	0.226
  7821	-0.100187	-0.226	0.226
  7822	-0.0745022	-0.226	0.226
  7823	-0.10092	-0.226	0.226
  7824	-0.102919	-0.226	0.226
  7825	-0.0895659	-0.226	0.226
  7826	-0.0825645	-0.226	0.226
  7827	-0.0686877	-0.226	0.226
  7828	-0.0710574	-0.226	0.226
  7829	-0.0774412	-0.226	0.226
  7830	-0.108451	-0.226	0.226
  7831	-0.100545	-0.226	0.226
  7832	-0.105197	-0.226	0.226
  7833	-0.107607	-0.226	0.226
  7834	-0.10328	-0.226	0.226
  7835	-0.10002	-0.226	0.226
  7836	-0.0970532	-0.226	0.226
  7837	-0.0881112	-0.226	0.226
  7838	-0.0908273	-0.226	0.226
  7839	-0.111254	-0.226	0.226
  7840	-0.0946039	-0.226	0.226
  7841	-0.070995	-0.226	0.226
  7842	-0.0964531	-0.226	0.226
  7843	-0.0926931	-0.226	0.226
  7844	-0.110565	-0.226	0.226
  7845	-0.078757	-0.226	0.226
  7846	-0.092307	-0.226	0.226
  7847	-0.0982619	-0.226	0.226
  7848	-0.0932893	-0.226	0.226
  7849	-0.113624	-0.226	0.226
  7850	-0.10976	-0.226	0.226
  7851	-0.0978854	-0.226	0.226
  7852	-0.0936513	-0.226	0.226
  7853	-0.10644	-0.226	0.226
  7854	-0.0839738	-0.226	0.226
  7855	-0.098525	-0.226	0.226
  7856	-0.0998663	-0.226	0.226
  7857	-0.105433	-0.226	0.226
  7858	-0.11285	-0.226	0.226
  7859	-0.0677875	-0.226	0.226
  7860	-0.102584	-0.226	0.226
  7861	-0.113163	-0.226	0.226
  7862	-0.115274	-0.226	0.226
  7863	-0.082172	-0.226	0.226
  7864	-0.10172	-0.226	0.226
  7865	-0.105986	-0.226	0.226
  7866	-0.111002	-0.226	0.226
  7867	-0.0993783	-0.226	0.226
  7868	-0.0960586	-0.226	0.226
  7869	-0.0944479	-0.226	0.226
  7870	-0.0691581	-0.226	0.226
  7871	-0.108295	-0.226	0.226
  7872	-0.106522	-0.226	0.226
  7873	-0.107686	-0.226	0.226
  7874	-0.0704209	-0.226	0.226
  7875	-0.114296	-0.226	0.226
  7876	-0.115527	-0.226	0.226
  7877	-0.095636	-0.226	0.226
  7878	-0.0771035	-0.226	0.226
  7879	-0.0999182	-0.226	0.226
  7880	-0.0842217	-0.226	0.226
  7881	-0.115147	-0.226	0.226
  7882	-0.097615	-0.226	0.226
  7883	-0.0830822	-0.226	0.226
  7884	-0.109653	-0.226	0.226
  7885	-0.115125	-0.226	0.226
  7886	-0.0658437	-0.226	0.226
  7887	-0.114585	-0.226	0.226
  7888	-0.0969995	-0.226	0.226
  7889	-0.110712	-0.226	0.226
  7890	-0.107631	-0.226	0.226
  7891	-0.0902901	-0.226	0.226
  7892	-0.10604	-0.226	0.226
  7893	-0.0871572	-0.226	0.226
  7894	-0.103573	-0.226	0.226
  7895	-0.067199	-0.226	0.226
  7896	-0.102067	-0.226	0.226
  7897	-0.113452	-0.226	0.226
  7898	-0.113593	-0.226	0.226
  7899	-0.0743679	-0.226	0.226
  7900	-0.113305	-0.226	0.226
  7901	-0.0751486	-0.226	0.226
  7902	-0.099834	-0.226	0.226
  7903	-0.0922065	-0.226	0.226
  7904	-0.0752086	-0.226	0.226
  7905	-0.0874466	-0.226	0.226
  7906	-0.113449	-0.226	0.226
  7907	-0.0606171	-0.226	0.226
  7908	-0.0836322	-0.226	0.226
  7909	-0.0928974	-0.226	0.226
  7910	-0.0967248	-0.226	0.226
  7911	-0.104101	-0.226	0.226
  7912	-0.108839	-0.226	0.226
  7913	-0.095607	-0.226	0.226
  7914	-0.0640446	-0.226	0.226
  7915	-0.105143	-0.226	0.226
  7916	-0.0781728	-0.226	0.226
  7917	-0.106263	-0.226	0.226
  7918	-0.0806939	-0.226	0.226
  7919	-0.113638	-0.226	0.226
  7920	-0.0925256	-0.226	0.226
  7921	-0.0789715	-0.226	0.226
  7922	-0.105094	-0.226	0.226
  7923	-0.0925815	-0.226	0.226
  7924	-0.103943	-0.226	0.226
  7925	-0.0834655	-0.226	0.226
  7926	-0.0987713	-0.226	0.226
  7927	-0.10996	-0.226	0.226
  7928	-0.0907536	-0.226	0.226
  7929	-0.0829592	-0.226	0.226
  7930	-0.0858633	-0.226	0.226
  7931	-0.0783831	-0.226	0.226
  7932	-0.0971795	-0.226	0.226
  7933	-0.039604	-0.226	0.226
  7934	-0.102455	-0.226	0.226
  7935	-0.097806	-0.226	0.226
  7936	-0.102083	-0.226	0.226
  7937	-0.0745824	-0.226	0.226
  7938	-0.105954	-0.226	0.226
  7939	-0.10746	-0.226	0.226
  7940	-0.10457	-0.226	0.226
  7941	-0.093205	-0.226	0.226
  7942	-0.0726156	-0.226	0.226
  7943	-0.11353	-0.226	0.226
  7944	-0.105831	-0.226	0.226
  7945	-0.0736265	-0.226	0.226
  7946	-0.0842489	-0.226	0.226
  7947	-0.104361	-0.226	0.226
  7948	-0.106433	-0.226	0.226
  7949	-0.114821	-0.226	0.226
  7950	-0.11466	-0.226	0.226
  7951	-0.115346	-0.226	0.226
  7952	-0.100858	-0.226	0.226
  7953	-0.0820695	-0.226	0.226
  7954	-0.103868	-0.226	0.226
  7955	-0.114679	-0.226	0.226
  7956	-0.109141	-0.226	0.226
  7957	-0.10254	-0.226	0.226
  7958	-0.071455	-0.226	0.226
  7959	-0.111632	-0.226	0.226
  7960	-0.11138	-0.226	0.226
  7961	-0.100862	-0.226	0.226
  7962	-0.0956056	-0.226	0.226
  7963	-0.0940729	-0.226	0.226
  7964	-0.0961453	-0.226	0.226
  7965	-0.113485	-0.226	0.226
  7966	-0.089049	-0.226	0.226
  7967	-0.116019	-0.226	0.226
  7968	-0.1011	-0.226	0.226
  7969	-0.108882	-0.226	0.226
  7970	-0.11515	-0.226	0.226
  7971	-0.112743	-0.226	0.226
  7972	-0.0987188	-0.226	0.226
  7973	-0.105373	-0.226	0.226
  7974	-0.114265	-0.226	0.226
  7975	-0.114601	-0.226	0.226
  7976	-0.0928161	-0.226	0.226
  7977	-0.0750358	-0.226	0.226
  7978	-0.101082	-0.226	0.226
  7979	-0.0972042	-0.226	0.226
  7980	-0.0815669	-0.226	0.226
  7981	-0.0738639	-0.226	0.226
  7982	-0.110251	-0.226	0.226
  7983	-0.0859534	-0.226	0.226
  7984	-0.11522	-0.226	0.226
  7985	-0.0694169	-0.226	0.226
  7986	-0.0834741	-0.226	0.226
  7987	-0.0834725	-0.226	0.226
  7988	-0.0876989	-0.226	0.226
  7989	-0.112622	-0.226	0.226
  7990	-0.105994	-0.226	0.226
  7991	-0.107484	-0.226	0.226
  7992	-0.115841	-0.226	0.226
  7993	-0.0330845	-0.226	0.226
  7994	-0.115796	-0.226	0.226
  7995	-0.104284	-0.226	0.226
  7996	-0.0986235	-0.226	0.226
  7997	-0.100354	-0.226	0.226
  7998	-0.041903	-0.226	0.226
  7999	-0.107249	-0.226	0.226
  8000	-0.110809	-0.226	0.226
  8001	-0.0864751	-0.226	0.226
  8002	-0.102684	-0.226	0.226
  8003	-0.0826679	-0.226	0.226
  8004	-0.0979282	-0.226	0.226
  8005	-0.0486172	-0.226	0.226
  8006	-0.0987177	-0.226	0.226
  8007	-0.110007	-0.226	0.226
  8008	-0.100126	-0.226	0.226
  8009	-0.0906424	-0.226	0.226
  8010	-0.0780493	-0.226	0.226
  8011	-0.0994335	-0.226	0.226
  8012	-0.112926	-0.226	0.226
  8013	-0.114358	-0.226	0.226
  8014	-0.0572687	-0.226	0.226
  8015	-0.11272	-0.226	0.226
  8016	-0.106715	-0.226	0.226
  8017	-0.105071	-0.226	0.226
  8018	-0.114536	-0.226	0.226
  8019	-0.0728878	-0.226	0.226
  8020	-0.096315	-0.226	0.226
  8021	-0.102371	-0.226	0.226
  8022	-0.0960519	-0.226	0.226
  8023	-0.0855731	-0.226	0.226
  8024	-0.09584	-0.226	0.226
  8025	-0.0753024	-0.226	0.226
  8026	-0.0943436	-0.226	0.226
  8027	-0.0836838	-0.226	0.226
  8028	-0.0914267	-0.226	0.226
  8029	-0.113824	-0.226	0.226
  8030	-0.0938336	-0.226	0.226
  8031	-0.0745572	-0.226	0.226
  8032	-0.11001	-0.226	0.226
  8033	-0.0998286	-0.226	0.226
  8034	-0.113767	-0.226	0.226
  8035	-0.103053	-0.226	0.226
  8036	-0.0762145	-0.226	0.226
  8037	-0.0533214	-0.226	0.226
  8038	-0.0987188	-0.226	0.226
  8039	-0.0654815	-0.226	0.226
  8040	-0.112854	-0.226	0.226
  8041	-0.109786	-0.226	0.226
  8042	-0.0539977	-0.226	0.226
  8043	-0.0689181	-0.226	0.226
  8044	-0.0571445	-0.226	0.226
  8045	-0.0943326	-0.226	0.226
  8046	-0.0946052	-0.226	0.226
  8047	-0.104218	-0.226	0.226
  8048	-0.115974	-0.226	0.226
  8049	-0.0998552	-0.226	0.226
  8050	-0.0504114	-0.226	0.226
  8051	-0.0835631	-0.226	0.226
  8052	-0.1146	-0.226	0.226
  8053	-0.0984796	-0.226	0.226
  8054	-0.105595	-0.226	0.226
  8055	-0.102048	-0.226	0.226
  8056	-0.111949	-0.226	0.226
  8057	-0.111353	-0.226	0.226
  8058	-0.0866265	-0.226	0.226
  8059	-0.0675385	-0.226	0.226
  8060	-0.0839717	-0.226	0.226
  8061	-0.064864	-0.226	0.226
  8062	-0.105835	-0.226	0.226
  8063	-0.0537782	-0.226	0.226
  8064	-0.0597881	-0.226	0.226
  8065	-0.059815	-0.226	0.226
  8066	-0.116327	-0.226	0.226
  8067	-0.0927467	-0.226	0.226
  8068	-0.0688595	-0.226	0.226
  8069	-0.112015	-0.226	0.226
  8070	-0.0994341	-0.226	0.226
  8071	-0.115198	-0.226	0.226
  8072	-0.11212	-0.226	0.226
  8073	-0.0971021	-0.226	0.226
  8074	-0.0956184	-0.226	0.226
  8075	-0.0795641	-0.226	0.226
  8076	-0.0859055	-0.226	0.226
  8077	-0.112714	-0.226	0.226
  8078	-0.0856225	-0.226	0.226
  8079	-0.0858551	-0.226	0.226
  8080	-0.0970815	-0.226	0.226
  8081	-0.115825	-0.226	0.226
  8082	-0.10991	-0.226	0.226
  8083	-0.0994746	-0.226	0.226
  8084	-0.103328	-0.226	0.226
  8085	-0.0941192	-0.226	0.226
  8086	-0.0914253	-0.226	0.226
  8087	-0.0989283	-0.226	0.226
  8088	-0.109672	-0.226	0.226
  8089	-0.0943742	-0.226	0.226
  8090	-0.0502638	-0.226	0.226
  8091	-0.0980244	-0.226	0.226
  8092	-0.108876	-0.226	0.226
  8093	-0.093001	-0.226	0.226
  8094	-0.0796807	-0.226	0.226
  8095	-0.102999	-0.226	0.226
  8096	-0.0589508	-0.226	0.226
  8097	-0.0922308	-0.226	0.226
  8098	-0.0959183	-0.226	0.226
  8099	-0.0758448	-0.226	0.226
  8100	-0.0916413	-0.226	0.226
  8101	-0.0900676	-0.226	0.226
  8102	-0.0980924	-0.226	0.226
  8103	-0.113759	-0.226	0.226
  8104	-0.0921757	-0.226	0.226
  8105	-0.112591	-0.226	0.226
  8106	-0.0716013	-0.226	0.226
  8107	-0.104505	-0.226	0.226
  8108	-0.111704	-0.226	0.226
  8109	-0.112035	-0.226	0.226
  8110	-0.112157	-0.226	0.226
  8111	-0.114029	-0.226	0.226
  8112	-0.115261	-0.226	0.226
  8113	-0.065749	-0.226	0.226
  8114	-0.0752225	-0.226	0.226
  8115	-0.0975376	-0.226	0.226
  8116	-0.0487968	-0.226	0.226
  8117	-0.0990017	-0.226	0.226
  8118	-0.105517	-0.226	0.226
  8119	-0.0722846	-0.226	0.226
  8120	-0.0854605	-0.226	0.226
  8121	-0.104199	-0.226	0.226
  8122	-0.112716	-0.226	0.226
  8123	-0.0808917	-0.226	0.226
  8124	-0.0858294	-0.226	0.226
  8125	-0.0987118	-0.226	0.226
  8126	-0.108966	-0.226	0.226
  8127	-0.115279	-0.226	0.226
  8128	-0.102525	-0.226	0.226
  8129	-0.113775	-0.226	0.226
  8130	-0.0423077	-0.226	0.226
  8131	-0.0874478	-0.226	0.226
  8132	-0.106429	-0.226	0.226
  8133	-0.081517	-0.226	0.226
  8134	-0.0729394	-0.226	0.226
  8135	-0.105288	-0.226	0.226
  8136	-0.0979554	-0.226	0.226
  8137	-0.102719	-0.226	0.226
  8138	-0.112563	-0.226	0.226
  8139	-0.0931128	-0.226	0.226
  8140	-0.115854	-0.226	0.226
  8141	-0.0781746	-0.226	0.226
  8142	-0.0964198	-0.226	0.226
  8143	-0.103977	-0.226	0.226
  8144	-0.0874776	-0.226	0.226
  8145	-0.111583	-0.226	0.226
  8146	-0.114385	-0.226	0.226
  8147	-0.114955	-0.226	0.226
  8148	-0.10926	-0.226	0.226
  8149	-0.113748	-0.226	0.226
  8150	-0.0669842	-0.226	0.226
  8151	-0.0894015	-0.226	0.226
  8152	-0.115852	-0.226	0.226
  8153	-0.0695355	-0.226	0.226
  8154	-0.102044	-0.226	0.226
  8155	-0.0636938	-0.226	0.226
  8156	-0.0698573	-0.226	0.226
  8157	-0.115235	-0.226	0.226
  8158	-0.0290353	-0.226	0.226
  8159	-0.107971	-0.226	0.226
  8160	-0.0727009	-0.226	0.226
  8161	-0.110178	-0.226	0.226
  8162	-0.0859198	-0.226	0.226
  8163	-0.0947073	-0.226	0.226
  8164	-0.0635981	-0.226	0.226
  8165	-0.115907	-0.226	0.226
  8166	-0.0793715	-0.226	0.226
  8167	-0.114228	-0.226	0.226
  8168	-0.08042	-0.226	0.226
  8169	-0.0769536	-0.226	0.226
  8170	-0.110953	-0.226	0.226
  8171	-0.0887287	-0.226	0.226
  8172	-0.0863115	-0.226	0.226
  8173	-0.0964291	-0.226	0.226
  8174	-0.0663534	-0.226	0.226
  8175	-0.100045	-0.226	0.226
  8176	-0.112143	-0.226	0.226
  8177	-0.0876703	-0.226	0.226
  8178	-0.085559	-0.226	0.226
  8179	-0.0839823	-0.226	0.226
  8180	-0.0819291	-0.226	0.226
  8181	-0.100842	-0.226	0.226
  8182	-0.0884341	-0.226	0.226
  8183	-0.0645613	-0.226	0.226
  8184	-0.070127	-0.226	0.226
  8185	-0.067905	-0.226	0.226
  8186	-0.0778241	-0.226	0.226
  8187	-0.0725149	-0.226	0.226
  8188	-0.081008	-0.226	0.226
  8189	-0.0955505	-0.226	0.226
  8190	-0.0865195	-0.226	0.226
  8191	-0.0902832	-0.226	0.226
  8192	-0.0959383	-0.226	0.226
  8193	-0.0845233	-0.226	0.226
  8194	-0.106194	-0.226	0.226
  8195	-0.112137	-0.226	0.226
  8196	-0.115246	-0.226	0.226
  8197	-0.0872856	-0.226	0.226
  8198	-0.0873025	-0.226	0.226
  8199	-0.109564	-0.226	0.226
  8200	-0.0506493	-0.226	0.226
  8201	-0.0993009	-0.226	0.226
  8202	-0.110279	-0.226	0.226
  8203	-0.111339	-0.226	0.226
  8204	-0.0743368	-0.226	0.226
  8205	-0.105744	-0.226	0.226
  8206	-0.0874411	-0.226	0.226
  8207	-0.0894786	-0.226	0.226
  8208	-0.0811079	-0.226	0.226
  8209	-0.0981604	-0.226	0.226
  8210	-0.103821	-0.226	0.226
  8211	-0.0979369	-0.226	0.226
  8212	-0.0958168	-0.226	0.226
  8213	-0.0676284	-0.226	0.226
  8214	-0.104135	-0.226	0.226
  8215	-0.093627	-0.226	0.226
  8216	-0.104031	-0.226	0.226
  8217	-0.0865758	-0.226	0.226
  8218	-0.11001	-0.226	0.226
  8219	-0.0390524	-0.226	0.226
  8220	-0.115143	-0.226	0.226
  8221	-0.0891844	-0.226	0.226
  8222	-0.0832402	-0.226	0.226
  8223	-0.11243	-0.226	0.226
  8224	-0.0538726	-0.226	0.226
  8225	-0.0825762	-0.226	0.226
  8226	-0.115584	-0.226	0.226
  8227	-0.0830034	-0.226	0.226
  8228	-0.0887459	-0.226	0.226
  8229	-0.0826232	-0.226	0.226
  8230	-0.109761	-0.226	0.226
  8231	-0.0911499	-0.226	0.226
  8232	-0.112414	-0.226	0.226
  8233	-0.101933	-0.226	0.226
  8234	-0.106385	-0.226	0.226
  8235	-0.104656	-0.226	0.226
  8236	-0.0960705	-0.226	0.226
  8237	-0.111141	-0.226	0.226
  8238	-0.104965	-0.226	0.226
  8239	-0.0986293	-0.226	0.226
  8240	-0.105033	-0.226	0.226
  8241	-0.104661	-0.226	0.226
  8242	-0.0922748	-0.226	0.226
  8243	-0.0633173	-0.226	0.226
  8244	-0.111836	-0.226	0.226
  8245	-0.113397	-0.226	0.226
  8246	-0.0852306	-0.226	0.226
  8247	-0.112779	-0.226	0.226
  8248	-0.0580166	-0.226	0.226
  8249	-0.0348836	-0.226	0.226
  8250	-0.0944045	-0.226	0.226
  8251	-0.0539408	-0.226	0.226
  8252	-0.0793279	-0.226	0.226
  8253	-0.100434	-0.226	0.226
  8254	-0.0920533	-0.226	0.226
  8255	-0.0852387	-0.226	0.226
  8256	-0.114066	-0.226	0.226
  8257	-0.110608	-0.226	0.226
  8258	-0.0831135	-0.226	0.226
  8259	-0.106473	-0.226	0.226
  8260	-0.109828	-0.226	0.226
  8261	-0.0616614	-0.226	0.226
  8262	-0.100417	-0.226	0.226
  8263	-0.114257	-0.226	0.226
  8264	-0.0970983	-0.226	0.226
  8265	-0.109193	-0.226	0.226
  8266	-0.114379	-0.226	0.226
  8267	-0.100841	-0.226	0.226
  8268	-0.0752573	-0.226	0.226
  8269	-0.108654	-0.226	0.226
  8270	-0.111632	-0.226	0.226
  8271	-0.0942233	-0.226	0.226
  8272	-0.102075	-0.226	0.226
  8273	-0.0842381	-0.226	0.226
  8274	-0.100505	-0.226	0.226
  8275	-0.0567936	-0.226	0.226
  8276	-0.078573	-0.226	0.226
  8277	-0.107398	-0.226	0.226
  8278	-0.101964	-0.226	0.226
  8279	-0.0802283	-0.226	0.226
  8280	-0.0924922	-0.226	0.226
  8281	-0.0987579	-0.226	0.226
  8282	-0.114369	-0.226	0.226
  8283	-0.0983372	-0.226	0.226
  8284	-0.104253	-0.226	0.226
  8285	-0.115526	-0.226	0.226
  8286	-0.0974459	-0.226	0.226
  8287	-0.0782903	-0.226	0.226
  8288	-0.0934529	-0.226	0.226
  8289	-0.111966	-0.226	0.226
  8290	-0.0797485	-0.226	0.226
  8291	-0.0748317	-0.226	0.226
  8292	-0.0730741	-0.226	0.226
  8293	-0.100866	-0.226	0.226
  8294	-0.107865	-0.226	0.226
  8295	-0.0963818	-0.226	0.226
  8296	-0.111692	-0.226	0.226
  8297	-0.11256	-0.226	0.226
  8298	-0.0947332	-0.226	0.226
  8299	-0.0862882	-0.226	0.226
  8300	-0.103648	-0.226	0.226
  8301	-0.109506	-0.226	0.226
  8302	-0.0984892	-0.226	0.226
  8303	-0.0699313	-0.226	0.226
  8304	-0.113386	-0.226	0.226
  8305	-0.105137	-0.226	0.226
  8306	-0.0763024	-0.226	0.226
  8307	-0.100586	-0.226	0.226
  8308	-0.0780291	-0.226	0.226
  8309	-0.115695	-0.226	0.226
  8310	-0.115119	-0.226	0.226
  8311	-0.0786529	-0.226	0.226
  8312	-0.113407	-0.226	0.226
  8313	-0.0949036	-0.226	0.226
  8314	-0.11003	-0.226	0.226
  8315	-0.0709841	-0.226	0.226
  8316	-0.0862545	-0.226	0.226
  8317	-0.0870293	-0.226	0.226
  8318	-0.110686	-0.226	0.226
  8319	-0.0757989	-0.226	0.226
  8320	-0.0689675	-0.226	0.226
  8321	-0.0910789	-0.226	0.226
  8322	-0.107401	-0.226	0.226
  8323	-0.0906747	-0.226	0.226
  8324	-0.111443	-0.226	0.226
  8325	-0.108189	-0.226	0.226
  8326	-0.0903616	-0.226	0.226
  8327	-0.0799493	-0.226	0.226
  8328	-0.107756	-0.226	0.226
  8329	-0.0798271	-0.226	0.226
  8330	-0.114992	-0.226	0.226
  8331	-0.0920893	-0.226	0.226
  8332	-0.100796	-0.226	0.226
  8333	-0.0957038	-0.226	0.226
  8334	-0.0745985	-0.226	0.226
  8335	-0.108486	-0.226	0.226
  8336	-0.114058	-0.226	0.226
  8337	-0.0738429	-0.226	0.226
  8338	-0.0779846	-0.226	0.226
  8339	-0.093266	-0.226	0.226
  8340	-0.0917121	-0.226	0.226
  8341	-0.0610394	-0.226	0.226
  8342	-0.0792952	-0.226	0.226
  8343	-0.111462	-0.226	0.226
  8344	-0.11004	-0.226	0.226
  8345	-0.115342	-0.226	0.226
  8346	-0.0918512	-0.226	0.226
  8347	-0.107497	-0.226	0.226
  8348	-0.0736877	-0.226	0.226
  8349	-0.0824354	-0.226	0.226
  8350	-0.0641772	-0.226	0.226
  8351	-0.0800519	-0.226	0.226
  8352	-0.087937	-0.226	0.226
  8353	-0.114564	-0.226	0.226
  8354	-0.0756967	-0.226	0.226
  8355	-0.100292	-0.226	0.226
  8356	-0.0816601	-0.226	0.226
  8357	-0.0709854	-0.226	0.226
  8358	-0.113854	-0.226	0.226
  8359	-0.109252	-0.226	0.226
  8360	-0.0801012	-0.226	0.226
  8361	-0.10485	-0.226	0.226
  8362	-0.111248	-0.226	0.226
  8363	-0.11134	-0.226	0.226
  8364	-0.086334	-0.226	0.226
  8365	-0.106831	-0.226	0.226
  8366	-0.0869979	-0.226	0.226
  8367	-0.11361	-0.226	0.226
  8368	-0.102027	-0.226	0.226
  8369	-0.104228	-0.226	0.226
  8370	-0.0663125	-0.226	0.226
  8371	-0.0443089	-0.226	0.226
  8372	-0.102143	-0.226	0.226
  8373	-0.114101	-0.226	0.226
  8374	-0.0818959	-0.226	0.226
  8375	-0.084309	-0.226	0.226
  8376	-0.114657	-0.226	0.226
  8377	-0.08786	-0.226	0.226
  8378	-0.0795076	-0.226	0.226
  8379	-0.104951	-0.226	0.226
  8380	-0.101408	-0.226	0.226
  8381	-0.098518	-0.226	0.226
  8382	-0.0955419	-0.226	0.226
  8383	-0.0909832	-0.226	0.226
  8384	-0.0977539	-0.226	0.226
  8385	-0.0973788	-0.226	0.226
  8386	-0.0632042	-0.226	0.226
  8387	-0.106038	-0.226	0.226
  8388	-0.0917047	-0.226	0.226
  8389	-0.0976798	-0.226	0.226
  8390	-0.0629498	-0.226	0.226
  8391	-0.0998555	-0.226	0.226
  8392	-0.0952592	-0.226	0.226
  8393	-0.109858	-0.226	0.226
  8394	-0.0743039	-0.226	0.226
  8395	-0.0675888	-0.226	0.226
  8396	-0.0766164	-0.226	0.226
  8397	-0.0893069	-0.226	0.226
  8398	-0.0977126	-0.226	0.226
  8399	-0.0799322	-0.226	0.226
  8400	-0.0889052	-0.226	0.226
  8401	-0.0973549	-0.226	0.226
  8402	-0.114364	-0.226	0.226
  8403	-0.0346781	-0.226	0.226
  8404	-0.103226	-0.226	0.226
  8405	-0.0582118	-0.226	0.226
  8406	-0.0863485	-0.226	0.226
  8407	-0.0883679	-0.226	0.226
  8408	-0.111923	-0.226	0.226
  8409	-0.100465	-0.226	0.226
  8410	-0.0699796	-0.226	0.226
  8411	-0.100949	-0.226	0.226
  8412	-0.113737	-0.226	0.226
  8413	-0.114127	-0.226	0.226
  8414	-0.0845982	-0.226	0.226
  8415	-0.103647	-0.226	0.226
  8416	-0.109272	-0.226	0.226
  8417	-0.107696	-0.226	0.226
  8418	-0.10394	-0.226	0.226
  8419	-0.0613095	-0.226	0.226
  8420	-0.115632	-0.226	0.226
  8421	-0.116281	-0.226	0.226
  8422	-0.113559	-0.226	0.226
  8423	-0.104503	-0.226	0.226
  8424	-0.102383	-0.226	0.226
  8425	-0.0864866	-0.226	0.226
  8426	-0.0736541	-0.226	0.226
  8427	-0.0668381	-0.226	0.226
  8428	-0.110907	-0.226	0.226
  8429	-0.0947645	-0.226	0.226
  8430	-0.109877	-0.226	0.226
  8431	-0.109844	-0.226	0.226
  8432	-0.104153	-0.226	0.226
  8433	-0.0986228	-0.226	0.226
  8434	-0.0882742	-0.226	0.226
  8435	-0.0715399	-0.226	0.226
  8436	-0.0811037	-0.226	0.226
  8437	-0.114471	-0.226	0.226
  8438	-0.101517	-0.226	0.226
  8439	-0.085498	-0.226	0.226
  8440	-0.0989197	-0.226	0.226
  8441	-0.0797887	-0.226	0.226
  8442	-0.0803373	-0.226	0.226
  8443	-0.0969756	-0.226	0.226
  8444	-0.0887945	-0.226	0.226
  8445	-0.107025	-0.226	0.226
  8446	-0.0776027	-0.226	0.226
  8447	-0.0958106	-0.226	0.226
  8448	-0.115131	-0.226	0.226
  8449	-0.0753977	-0.226	0.226
  8450	-0.10848	-0.226	0.226
  8451	-0.0824815	-0.226	0.226
  8452	-0.0595217	-0.226	0.226
  8453	-0.113909	-0.226	0.226
  8454	-0.0797326	-0.226	0.226
  8455	-0.0537715	-0.226	0.226
  8456	-0.099793	-0.226	0.226
  8457	-0.0685216	-0.226	0.226
  8458	-0.0869616	-0.226	0.226
  8459	-0.108435	-0.226	0.226
  8460	-0.0890093	-0.226	0.226
  8461	-0.0705996	-0.226	0.226
  8462	-0.115389	-0.226	0.226
  8463	-0.0941233	-0.226	0.226
  8464	-0.0879287	-0.226	0.226
  8465	-0.0903521	-0.226	0.226
  8466	-0.112486	-0.226	0.226
  8467	-0.104379	-0.226	0.226
  8468	-0.104762	-0.226	0.226
  8469	-0.073253	-0.226	0.226
  8470	-0.101494	-0.226	0.226
  8471	-0.0819786	-0.226	0.226
  8472	-0.091609	-0.226	0.226
  8473	-0.0932159	-0.226	0.226
  8474	-0.107137	-0.226	0.226
  8475	-0.090948	-0.226	0.226
  8476	-0.0764718	-0.226	0.226
  8477	-0.111526	-0.226	0.226
  8478	-0.0783082	-0.226	0.226
  8479	-0.0967652	-0.226	0.226
  8480	-0.110379	-0.226	0.226
  8481	-0.112975	-0.226	0.226
  8482	-0.114396	-0.226	0.226
  8483	-0.0549453	-0.226	0.226
  8484	-0.0554195	-0.226	0.226
  8485	-0.0683481	-0.226	0.226
  8486	-0.0736661	-0.226	0.226
  8487	-0.0719884	-0.226	0.226
  8488	-0.071488	-0.226	0.226
  8489	-0.0593061	-0.226	0.226
  8490	-0.111219	-0.226	0.226
  8491	-0.112103	-0.226	0.226
  8492	-0.102474	-0.226	0.226
  8493	-0.0889286	-0.226	0.226
  8494	-0.0767875	-0.226	0.226
  8495	-0.113722	-0.226	0.226
  8496	-0.0612851	-0.226	0.226
  8497	-0.0771002	-0.226	0.226
  8498	-0.101411	-0.226	0.226
  8499	-0.0883974	-0.226	0.226
  8500	-0.106671	-0.226	0.226
  8501	-0.101231	-0.226	0.226
  8502	-0.110206	-0.226	0.226
  8503	-0.0653163	-0.226	0.226
  8504	-0.116132	-0.226	0.226
  8505	-0.0809574	-0.226	0.226
  8506	-0.109766	-0.226	0.226
  8507	-0.11478	-0.226	0.226
  8508	-0.113923	-0.226	0.226
  8509	-0.115292	-0.226	0.226
  8510	-0.0396958	-0.226	0.226
  8511	-0.0764561	-0.226	0.226
  8512	-0.111363	-0.226	0.226
  8513	-0.0965135	-0.226	0.226
  8514	-0.0935255	-0.226	0.226
  8515	-0.0939008	-0.226	0.226
  8516	-0.114033	-0.226	0.226
  8517	-0.10719	-0.226	0.226
  8518	-0.0947064	-0.226	0.226
  8519	-0.115252	-0.226	0.226
  8520	-0.10298	-0.226	0.226
  8521	-0.10279	-0.226	0.226
  8522	-0.0880067	-0.226	0.226
  8523	-0.0360823	-0.226	0.226
  8524	-0.11524	-0.226	0.226
  8525	-0.110295	-0.226	0.226
  8526	-0.0803866	-0.226	0.226
  8527	-0.0810515	-0.226	0.226
  8528	-0.0898737	-0.226	0.226
  8529	-0.113947	-0.226	0.226
  8530	-0.111149	-0.226	0.226
  8531	-0.11502	-0.226	0.226
  8532	-0.0839645	-0.226	0.226
  8533	-0.105952	-0.226	0.226
  8534	-0.0738404	-0.226	0.226
  8535	-0.113148	-0.226	0.226
  8536	-0.0818378	-0.226	0.226
  8537	-0.0901539	-0.226	0.226
  8538	-0.0766801	-0.226	0.226
  8539	-0.0933277	-0.226	0.226
  8540	-0.0479348	-0.226	0.226
  8541	-0.0982182	-0.226	0.226
  8542	-0.10625	-0.226	0.226
  8543	-0.104422	-0.226	0.226
  8544	-0.102485	-0.226	0.226
  8545	-0.0864676	-0.226	0.226
  8546	-0.112605	-0.226	0.226
  8547	-0.107739	-0.226	0.226
  8548	-0.0731448	-0.226	0.226
  8549	-0.100632	-0.226	0.226
  8550	-0.109687	-0.226	0.226
  8551	-0.108844	-0.226	0.226
  8552	-0.0944136	-0.226	0.226
  8553	-0.10341	-0.226	0.226
  8554	-0.0800163	-0.226	0.226
  8555	-0.0900013	-0.226	0.226
  8556	-0.110807	-0.226	0.226
  8557	-0.0638864	-0.226	0.226
  8558	-0.0872021	-0.226	0.226
  8559	-0.0410217	-0.226	0.226
  8560	-0.0952268	-0.226	0.226
  8561	-0.115955	-0.226	0.226
  8562	-0.0668734	-0.226	0.226
  8563	-0.0938197	-0.226	0.226
  8564	-0.0986479	-0.226	0.226
  8565	-0.0769621	-0.226	0.226
  8566	-0.0897772	-0.226	0.226
  8567	-0.115796	-0.226	0.226
  8568	-0.0732843	-0.226	0.226
  8569	-0.0872371	-0.226	0.226
  8570	-0.107353	-0.226	0.226
  8571	-0.100225	-0.226	0.226
  8572	-0.111317	-0.226	0.226
  8573	-0.0909331	-0.226	0.226
  8574	-0.0639431	-0.226	0.226
  8575	-0.079947	-0.226	0.226
  8576	-0.100975	-0.226	0.226
  8577	-0.0751431	-0.226	0.226
  8578	-0.102662	-0.226	0.226
  8579	-0.0993557	-0.226	0.226
  8580	-0.0706482	-0.226	0.226
  8581	-0.108094	-0.226	0.226
  8582	-0.0916997	-0.226	0.226
  8583	-0.105622	-0.226	0.226
  8584	-0.107531	-0.226	0.226
  8585	-0.109546	-0.226	0.226
  8586	-0.0670007	-0.226	0.226
  8587	-0.10751	-0.226	0.226
  8588	-0.0793313	-0.226	0.226
  8589	-0.108557	-0.226	0.226
  8590	-0.0960307	-0.226	0.226
  8591	-0.108604	-0.226	0.226
  8592	-0.0330559	-0.226	0.226
  8593	-0.108346	-0.226	0.226
  8594	-0.108893	-0.226	0.226
  8595	-0.0826336	-0.226	0.226
  8596	-0.0876859	-0.226	0.226
  8597	-0.0570033	-0.226	0.226
  8598	-0.0994755	-0.226	0.226
  8599	-0.0856512	-0.226	0.226
  8600	-0.0356309	-0.226	0.226
  8601	-0.114106	-0.226	0.226
  8602	-0.0927825	-0.226	0.226
  8603	-0.0972927	-0.226	0.226
  8604	-0.093623	-0.226	0.226
  8605	-0.114037	-0.226	0.226
  8606	-0.0734934	-0.226	0.226
  8607	-0.106209	-0.226	0.226
  8608	-0.0871031	-0.226	0.226
  8609	-0.105262	-0.226	0.226
  8610	-0.071853	-0.226	0.226
  8611	-0.107908	-0.226	0.226
  8612	-0.0853266	-0.226	0.226
  8613	-0.0904625	-0.226	0.226
  8614	-0.0896074	-0.226	0.226
  8615	-0.110404	-0.226	0.226
  8616	-0.0344534	-0.226	0.226
  8617	-0.0926512	-0.226	0.226
  8618	-0.0815858	-0.226	0.226
  8619	-0.0952608	-0.226	0.226
  8620	-0.0647739	-0.226	0.226
  8621	-0.105988	-0.226	0.226
  8622	-0.099308	-0.226	0.226
  8623	-0.103987	-0.226	0.226
  8624	-0.11387	-0.226	0.226
  8625	-0.0704263	-0.226	0.226
  8626	-0.0940594	-0.226	0.226
  8627	-0.10831	-0.226	0.226
  8628	-0.0293287	-0.226	0.226
  8629	-0.0937143	-0.226	0.226
  8630	-0.107478	-0.226	0.226
  8631	-0.0763247	-0.226	0.226
  8632	-0.0362766	-0.226	0.226
  8633	-0.101842	-0.226	0.226
  8634	-0.0987572	-0.226	0.226
  8635	-0.0973627	-0.226	0.226
  8636	-0.115915	-0.226	0.226
  8637	-0.0845919	-0.226	0.226
  8638	-0.077463	-0.226	0.226
  8639	-0.105699	-0.226	0.226
  8640	-0.103415	-0.226	0.226
  8641	-0.104083	-0.226	0.226
  8642	-0.099117	-0.226	0.226
  8643	-0.107496	-0.226	0.226
  8644	-0.108536	-0.226	0.226
  8645	-0.105267	-0.226	0.226
  8646	-0.0820134	-0.226	0.226
  8647	-0.0813267	-0.226	0.226
  8648	-0.0813419	-0.226	0.226
  8649	-0.0845286	-0.226	0.226
  8650	-0.0981768	-0.226	0.226
  8651	-0.0877247	-0.226	0.226
  8652	-0.0501117	-0.226	0.226
  8653	-0.0978531	-0.226	0.226
  8654	-0.0868732	-0.226	0.226
  8655	-0.0892392	-0.226	0.226
  8656	-0.0859637	-0.226	0.226
  8657	-0.100311	-0.226	0.226
  8658	-0.0715467	-0.226	0.226
  8659	-0.107103	-0.226	0.226
  8660	-0.088344	-0.226	0.226
  8661	-0.107715	-0.226	0.226
  8662	-0.0994924	-0.226	0.226
  8663	-0.0930851	-0.226	0.226
  8664	-0.106809	-0.226	0.226
  8665	-0.114367	-0.226	0.226
  8666	-0.0758101	-0.226	0.226
  8667	-0.0830766	-0.226	0.226
  8668	-0.114267	-0.226	0.226
  8669	-0.0686519	-0.226	0.226
  8670	-0.105212	-0.226	0.226
  8671	-0.0841838	-0.226	0.226
  8672	-0.0935369	-0.226	0.226
  8673	-0.113791	-0.226	0.226
  8674	-0.0954053	-0.226	0.226
  8675	-0.086175	-0.226	0.226
  8676	-0.0961133	-0.226	0.226
  8677	-0.112501	-0.226	0.226
  8678	-0.0910749	-0.226	0.226
  8679	-0.115779	-0.226	0.226
  8680	-0.0705003	-0.226	0.226
  8681	-0.110991	-0.226	0.226
  8682	-0.0908693	-0.226	0.226
  8683	-0.108797	-0.226	0.226
  8684	-0.0799254	-0.226	0.226
  8685	-0.113822	-0.226	0.226
  8686	-0.100831	-0.226	0.226
  8687	-0.105641	-0.226	0.226
  8688	-0.0963908	-0.226	0.226
  8689	-0.0990901	-0.226	0.226
  8690	-0.0896396	-0.226	0.226
  8691	-0.110496	-0.226	0.226
  8692	-0.0668344	-0.226	0.226
  8693	-0.0919717	-0.226	0.226
  8694	-0.109844	-0.226	0.226
  8695	-0.104002	-0.226	0.226
  8696	-0.0931964	-0.226	0.226
  8697	-0.106774	-0.226	0.226
  8698	-0.0808967	-0.226	0.226
  8699	-0.100637	-0.226	0.226
  8700	-0.0948891	-0.226	0.226
  8701	-0.114763	-0.226	0.226
  8702	-0.099352	-0.226	0.226
  8703	-0.107932	-0.226	0.226
  8704	-0.0803049	-0.226	0.226
  8705	-0.0871619	-0.226	0.226
  8706	-0.103897	-0.226	0.226
  8707	-0.0793809	-0.226	0.226
  8708	-0.0618041	-0.226	0.226
  8709	-0.0942404	-0.226	0.226
  8710	-0.0970368	-0.226	0.226
  8711	-0.111804	-0.226	0.226
  8712	-0.0787991	-0.226	0.226
  8713	-0.102987	-0.226	0.226
  8714	-0.108316	-0.226	0.226
  8715	-0.0642873	-0.226	0.226
  8716	-0.0399982	-0.226	0.226
  8717	-0.0803877	-0.226	0.226
  8718	-0.0988402	-0.226	0.226
  8719	-0.0461064	-0.226	0.226
  8720	-0.0855626	-0.226	0.226
  8721	-0.110454	-0.226	0.226
  8722	-0.0839647	-0.226	0.226
  8723	-0.114526	-0.226	0.226
  8724	-0.0871427	-0.226	0.226
  8725	-0.0577479	-0.226	0.226
  8726	-0.101558	-0.226	0.226
  8727	-0.0699652	-0.226	0.226
  8728	-0.0902693	-0.226	0.226
  8729	-0.0775066	-0.226	0.226
  8730	-0.0938459	-0.226	0.226
  8731	-0.111946	-0.226	0.226
  8732	-0.0994713	-0.226	0.226
  8733	-0.109161	-0.226	0.226
  8734	-0.111363	-0.226	0.226
  8735	-0.0466187	-0.226	0.226
  8736	-0.0680484	-0.226	0.226
  8737	-0.11153	-0.226	0.226
  8738	-0.114184	-0.226	0.226
  8739	-0.10088	-0.226	0.226
  8740	-0.115652	-0.226	0.226
  8741	-0.111744	-0.226	0.226
  8742	-0.111849	-0.226	0.226
  8743	-0.0640563	-0.226	0.226
  8744	-0.0914597	-0.226	0.226
  8745	-0.0692544	-0.226	0.226
  8746	-0.107816	-0.226	0.226
  8747	-0.113764	-0.226	0.226
  8748	-0.104289	-0.226	0.226
  8749	-0.0894893	-0.226	0.226
  8750	-0.113835	-0.226	0.226
  8751	-0.0906788	-0.226	0.226
  8752	-0.108232	-0.226	0.226
  8753	-0.0755108	-0.226	0.226
  8754	-0.0825809	-0.226	0.226
  8755	-0.0968695	-0.226	0.226
  8756	-0.0997368	-0.226	0.226
  8757	-0.109839	-0.226	0.226
  8758	-0.101111	-0.226	0.226
  8759	-0.0959455	-0.226	0.226
  8760	-0.108074	-0.226	0.226
  8761	-0.0937007	-0.226	0.226
  8762	-0.0899203	-0.226	0.226
  8763	-0.0913123	-0.226	0.226
  8764	-0.0940133	-0.226	0.226
  8765	-0.0418789	-0.226	0.226
  8766	-0.0825533	-0.226	0.226
  8767	-0.0964746	-0.226	0.226
  8768	-0.108809	-0.226	0.226
  8769	-0.0902292	-0.226	0.226
  8770	-0.114424	-0.226	0.226
  8771	-0.113099	-0.226	0.226
  8772	-0.07391	-0.226	0.226
  8773	-0.111322	-0.226	0.226
  8774	-0.0461791	-0.226	0.226
  8775	-0.0684633	-0.226	0.226
  8776	-0.102407	-0.226	0.226
  8777	-0.102253	-0.226	0.226
  8778	-0.0913949	-0.226	0.226
  8779	-0.0582367	-0.226	0.226
  8780	-0.0759272	-0.226	0.226
  8781	-0.0834401	-0.226	0.226
  8782	-0.0899244	-0.226	0.226
  8783	-0.112224	-0.226	0.226
  8784	-0.0824932	-0.226	0.226
  8785	-0.065208	-0.226	0.226
  8786	-0.105515	-0.226	0.226
  8787	-0.107653	-0.226	0.226
  8788	-0.0776307	-0.226	0.226
  8789	-0.106876	-0.226	0.226
  8790	-0.100337	-0.226	0.226
  8791	-0.0967404	-0.226	0.226
  8792	-0.110232	-0.226	0.226
  8793	-0.0780013	-0.226	0.226
  8794	-0.0468705	-0.226	0.226
  8795	-0.050869	-0.226	0.226
  8796	-0.0920995	-0.226	0.226
  8797	-0.104522	-0.226	0.226
  8798	-0.0957936	-0.226	0.226
  8799	-0.104069	-0.226	0.226
  8800	-0.0901498	-0.226	0.226
  8801	-0.0596419	-0.226	0.226
  8802	-0.115737	-0.226	0.226
  8803	-0.114477	-0.226	0.226
  8804	-0.0982664	-0.226	0.226
  8805	-0.101956	-0.226	0.226
  8806	-0.112914	-0.226	0.226
  8807	-0.0928993	-0.226	0.226
  8808	-0.0988014	-0.226	0.226
  8809	-0.0741548	-0.226	0.226
  8810	-0.10601	-0.226	0.226
  8811	-0.0858521	-0.226	0.226
  8812	-0.0814531	-0.226	0.226
  8813	-0.0597515	-0.226	0.226
  8814	-0.0963035	-0.226	0.226
  8815	-0.0540762	-0.226	0.226
  8816	-0.0856521	-0.226	0.226
  8817	-0.10861	-0.226	0.226
  8818	-0.076878	-0.226	0.226
  8819	-0.111917	-0.226	0.226
  8820	-0.110119	-0.226	0.226
  8821	-0.0841867	-0.226	0.226
  8822	-0.0935638	-0.226	0.226
  8823	-0.08489	-0.226	0.226
  8824	-0.0863098	-0.226	0.226
  8825	-0.0896948	-0.226	0.226
  8826	-0.0426174	-0.226	0.226
  8827	-0.0947035	-0.226	0.226
  8828	-0.0968547	-0.226	0.226
  8829	-0.0886024	-0.226	0.226
  8830	-0.113702	-0.226	0.226
  8831	-0.0963535	-0.226	0.226
  8832	-0.102727	-0.226	0.226
  8833	-0.104984	-0.226	0.226
  8834	-0.0910762	-0.226	0.226
  8835	-0.0987008	-0.226	0.226
  8836	-0.106229	-0.226	0.226
  8837	-0.107344	-0.226	0.226
  8838	-0.0807043	-0.226	0.226
  8839	-0.107243	-0.226	0.226
  8840	-0.0593467	-0.226	0.226
  8841	-0.108094	-0.226	0.226
  8842	-0.107342	-0.226	0.226
  8843	-0.113193	-0.226	0.226
  8844	-0.108529	-0.226	0.226
  8845	-0.104644	-0.226	0.226
  8846	-0.0851439	-0.226	0.226
  8847	-0.0891308	-0.226	0.226
  8848	-0.0837208	-0.226	0.226
  8849	-0.0731584	-0.226	0.226
  8850	-0.0606678	-0.226	0.226
  8851	-0.0747354	-0.226	0.226
  8852	-0.112814	-0.226	0.226
  8853	-0.100173	-0.226	0.226
  8854	-0.107021	-0.226	0.226
  8855	-0.108197	-0.226	0.226
  8856	-0.0811882	-0.226	0.226
  8857	-0.105129	-0.226	0.226
  8858	-0.0584861	-0.226	0.226
  8859	-0.108194	-0.226	0.226
  8860	-0.106555	-0.226	0.226
  8861	-0.100453	-0.226	0.226
  8862	-0.074162	-0.226	0.226
  8863	-0.0986329	-0.226	0.226
  8864	-0.114334	-0.226	0.226
  8865	-0.110777	-0.226	0.226
  8866	-0.114625	-0.226	0.226
  8867	-0.110629	-0.226	0.226
  8868	-0.0931985	-0.226	0.226
  8869	-0.0910174	-0.226	0.226
  8870	-0.0984398	-0.226	0.226
  8871	-0.11117	-0.226	0.226
  8872	-0.0921656	-0.226	0.226
  8873	-0.113069	-0.226	0.226
  8874	-0.114071	-0.226	0.226
  8875	-0.0753938	-0.226	0.226
  8876	-0.0693255	-0.226	0.226
  8877	-0.0723254	-0.226	0.226
  8878	-0.0915021	-0.226	0.226
  8879	-0.115447	-0.226	0.226
  8880	-0.0374465	-0.226	0.226
  8881	-0.0997497	-0.226	0.226
  8882	-0.113729	-0.226	0.226
  8883	-0.11308	-0.226	0.226
  8884	-0.10308	-0.226	0.226
  8885	-0.10379	-0.226	0.226
  8886	-0.0352831	-0.226	0.226
  8887	-0.0776494	-0.226	0.226
  8888	-0.100725	-0.226	0.226
  8889	-0.0460431	-0.226	0.226
  8890	-0.102832	-0.226	0.226
  8891	-0.0822341	-0.226	0.226
  8892	-0.10129	-0.226	0.226
  8893	-0.0561018	-0.226	0.226
  8894	-0.0622027	-0.226	0.226
  8895	-0.097187	-0.226	0.226
  8896	-0.0773891	-0.226	0.226
  8897	-0.0649524	-0.226	0.226
  8898	-0.0894759	-0.226	0.226
  8899	-0.102637	-0.226	0.226
  8900	-0.049726	-0.226	0.226
  8901	-0.0811675	-0.226	0.226
  8902	-0.0766614	-0.226	0.226
  8903	-0.0738662	-0.226	0.226
  8904	-0.115189	-0.226	0.226
  8905	-0.096548	-0.226	0.226
  8906	-0.0737958	-0.226	0.226
  8907	-0.0549474	-0.226	0.226
  8908	-0.0799425	-0.226	0.226
  8909	-0.103572	-0.226	0.226
  8910	-0.101725	-0.226	0.226
  8911	-0.105454	-0.226	0.226
  8912	-0.0963096	-0.226	0.226
  8913	-0.0653637	-0.226	0.226
  8914	-0.0849762	-0.226	0.226
  8915	-0.11423	-0.226	0.226
  8916	-0.0476783	-0.226	0.226
  8917	-0.103063	-0.226	0.226
  8918	-0.0864552	-0.226	0.226
  8919	-0.104116	-0.226	0.226
  8920	-0.116265	-0.226	0.226
  8921	-0.0874048	-0.226	0.226
  8922	-0.11525	-0.226	0.226
  8923	-0.0990264	-0.226	0.226
  8924	-0.11648	-0.226	0.226
  8925	-0.112762	-0.226	0.226
  8926	-0.104538	-0.226	0.226
  8927	-0.115164	-0.226	0.226
  8928	-0.0634768	-0.226	0.226
  8929	-0.0790337	-0.226	0.226
  8930	-0.110386	-0.226	0.226
  8931	-0.0918114	-0.226	0.226
  8932	-0.100578	-0.226	0.226
  8933	-0.111153	-0.226	0.226
  8934	-0.105043	-0.226	0.226
  8935	-0.0821901	-0.226	0.226
  8936	-0.105329	-0.226	0.226
  8937	-0.106211	-0.226	0.226
  8938	-0.0800975	-0.226	0.226
  8939	-0.0820008	-0.226	0.226
  8940	-0.0989896	-0.226	0.226
  8941	-0.114574	-0.226	0.226
  8942	-0.113246	-0.226	0.226
  8943	-0.0923268	-0.226	0.226
  8944	-0.109996	-0.226	0.226
  8945	-0.0702139	-0.226	0.226
  8946	-0.102656	-0.226	0.226
  8947	-0.0797985	-0.226	0.226
  8948	-0.105799	-0.226	0.226
  8949	-0.0917753	-0.226	0.226
  8950	-0.100688	-0.226	0.226
  8951	-0.0925542	-0.226	0.226
  8952	-0.114748	-0.226	0.226
  8953	-0.111864	-0.226	0.226
  8954	-0.114067	-0.226	0.226
  8955	-0.0992909	-0.226	0.226
  8956	-0.0743793	-0.226	0.226
  8957	-0.0416477	-0.226	0.226
  8958	-0.0486224	-0.226	0.226
  8959	-0.103441	-0.226	0.226
  8960	-0.100526	-0.226	0.226
  8961	-0.0905716	-0.226	0.226
  8962	-0.10015	-0.226	0.226
  8963	-0.106167	-0.226	0.226
  8964	-0.101837	-0.226	0.226
  8965	-0.0912849	-0.226	0.226
  8966	-0.098547	-0.226	0.226
  8967	-0.0932037	-0.226	0.226
  8968	-0.0780838	-0.226	0.226
  8969	-0.084685	-0.226	0.226
  8970	-0.112105	-0.226	0.226
  8971	-0.115659	-0.226	0.226
  8972	-0.108639	-0.226	0.226
  8973	-0.107258	-0.226	0.226
  8974	-0.0873649	-0.226	0.226
  8975	-0.107403	-0.226	0.226
  8976	-0.0826289	-0.226	0.226
  8977	-0.103129	-0.226	0.226
  8978	-0.0964753	-0.226	0.226
  8979	-0.0828713	-0.226	0.226
  8980	-0.109424	-0.226	0.226
  8981	-0.113185	-0.226	0.226
  8982	-0.106517	-0.226	0.226
  8983	-0.0993606	-0.226	0.226
  8984	-0.0745228	-0.226	0.226
  8985	-0.0939288	-0.226	0.226
  8986	-0.102886	-0.226	0.226
  8987	-0.0988379	-0.226	0.226
  8988	-0.0962716	-0.226	0.226
  8989	-0.114455	-0.226	0.226
  8990	-0.0592923	-0.226	0.226
  8991	-0.114021	-0.226	0.226
  8992	-0.109119	-0.226	0.226
  8993	-0.0582935	-0.226	0.226
  8994	-0.107292	-0.226	0.226
  8995	-0.0926277	-0.226	0.226
  8996	-0.0754534	-0.226	0.226
  8997	-0.107291	-0.226	0.226
  8998	-0.100076	-0.226	0.226
  8999	-0.0733407	-0.226	0.226
  9000	-0.0566494	-0.226	0.226
  9001	-0.057794	-0.226	0.226
  9002	-0.0657625	-0.226	0.226
  9003	-0.110994	-0.226	0.226
  9004	-0.0465435	-0.226	0.226
  9005	-0.114631	-0.226	0.226
  9006	-0.112066	-0.226	0.226
  9007	-0.0846111	-0.226	0.226
  9008	-0.103784	-0.226	0.226
  9009	-0.0671668	-0.226	0.226
  9010	-0.0924509	-0.226	0.226
  9011	-0.100908	-0.226	0.226
  9012	-0.0839369	-0.226	0.226
  9013	-0.0945499	-0.226	0.226
  9014	-0.0617876	-0.226	0.226
  9015	-0.110068	-0.226	0.226
  9016	-0.07933	-0.226	0.226
  9017	-0.116143	-0.226	0.226
  9018	-0.106959	-0.226	0.226
  9019	-0.114094	-0.226	0.226
  9020	-0.114354	-0.226	0.226
  9021	-0.108976	-0.226	0.226
  9022	-0.0452124	-0.226	0.226
  9023	-0.0927985	-0.226	0.226
  9024	-0.10623	-0.226	0.226
  9025	-0.0801113	-0.226	0.226
  9026	-0.110775	-0.226	0.226
  9027	-0.110445	-0.226	0.226
  9028	-0.11357	-0.226	0.226
  9029	-0.111913	-0.226	0.226
  9030	-0.0590091	-0.226	0.226
  9031	-0.0949285	-0.226	0.226
  9032	-0.0812366	-0.226	0.226
  9033	-0.101267	-0.226	0.226
  9034	-0.0822515	-0.226	0.226
  9035	-0.093362	-0.226	0.226
  9036	-0.11147	-0.226	0.226
  9037	-0.109859	-0.226	0.226
  9038	-0.0389931	-0.226	0.226
  9039	-0.0604033	-0.226	0.226
  9040	-0.0684088	-0.226	0.226
  9041	-0.0901081	-0.226	0.226
  9042	-0.0942051	-0.226	0.226
  9043	-0.0692553	-0.226	0.226
  9044	-0.107322	-0.226	0.226
  9045	-0.0699143	-0.226	0.226
  9046	-0.104386	-0.226	0.226
  9047	-0.0620081	-0.226	0.226
  9048	-0.047529	-0.226	0.226
  9049	-0.112804	-0.226	0.226
  9050	-0.0734059	-0.226	0.226
  9051	-0.0979189	-0.226	0.226
  9052	-0.106248	-0.226	0.226
  9053	-0.113932	-0.226	0.226
  9054	-0.0739494	-0.226	0.226
  9055	-0.100494	-0.226	0.226
  9056	-0.0923546	-0.226	0.226
  9057	-0.0865148	-0.226	0.226
  9058	-0.114491	-0.226	0.226
  9059	-0.105495	-0.226	0.226
  9060	-0.105592	-0.226	0.226
  9061	-0.0311013	-0.226	0.226
  9062	-0.114555	-0.226	0.226
  9063	-0.0769065	-0.226	0.226
  9064	-0.114609	-0.226	0.226
  9065	-0.102304	-0.226	0.226
  9066	-0.0836454	-0.226	0.226
  9067	-0.113081	-0.226	0.226
  9068	-0.0972274	-0.226	0.226
  9069	-0.114573	-0.226	0.226
  9070	-0.0482922	-0.226	0.226
  9071	-0.0852734	-0.226	0.226
  9072	-0.108031	-0.226	0.226
  9073	-0.0859336	-0.226	0.226
  9074	-0.103138	-0.226	0.226
  9075	-0.0511826	-0.226	0.226
  9076	-0.112459	-0.226	0.226
  9077	-0.0334783	-0.226	0.226
  9078	-0.107983	-0.226	0.226
  9079	-0.0814179	-0.226	0.226
  9080	-0.116117	-0.226	0.226
  9081	-0.0752728	-0.226	0.226
  9082	-0.110088	-0.226	0.226
  9083	-0.110569	-0.226	0.226
  9084	-0.0808205	-0.226	0.226
  9085	-0.103445	-0.226	0.226
  9086	-0.115792	-0.226	0.226
  9087	-0.0900845	-0.226	0.226
  9088	-0.114184	-0.226	0.226
  9089	-0.0912576	-0.226	0.226
  9090	-0.0967705	-0.226	0.226
  9091	-0.114261	-0.226	0.226
  9092	-0.0812626	-0.226	0.226
  9093	-0.098285	-0.226	0.226
  9094	-0.100981	-0.226	0.226
  9095	-0.0916658	-0.226	0.226
  9096	-0.0931971	-0.226	0.226
  9097	-0.0990593	-0.226	0.226
  9098	-0.109053	-0.226	0.226
  9099	-0.106873	-0.226	0.226
  9100	-0.114615	-0.226	0.226
  9101	-0.0933452	-0.226	0.226
  9102	-0.110012	-0.226	0.226
  9103	-0.112826	-0.226	0.226
  9104	-0.0840404	-0.226	0.226
  9105	-0.107315	-0.226	0.226
  9106	-0.04275	-0.226	0.226
  9107	-0.108478	-0.226	0.226
  9108	-0.106869	-0.226	0.226
  9109	-0.106029	-0.226	0.226
  9110	-0.106669	-0.226	0.226
  9111	-0.0686415	-0.226	0.226
  9112	-0.0865206	-0.226	0.226
  9113	-0.102944	-0.226	0.226
  9114	-0.110054	-0.226	0.226
  9115	-0.101171	-0.226	0.226
  9116	-0.0653022	-0.226	0.226
  9117	-0.113676	-0.226	0.226
  9118	-0.108677	-0.226	0.226
  9119	-0.101397	-0.226	0.226
  9120	-0.0828412	-0.226	0.226
  9121	-0.098279	-0.226	0.226
  9122	-0.0450795	-0.226	0.226
  9123	-0.0660472	-0.226	0.226
  9124	-0.0897843	-0.226	0.226
  9125	-0.0747637	-0.226	0.226
  9126	-0.110307	-0.226	0.226
  9127	-0.0764996	-0.226	0.226
  9128	-0.105992	-0.226	0.226
  9129	-0.0758583	-0.226	0.226
  9130	-0.0985604	-0.226	0.226
  9131	-0.113928	-0.226	0.226
  9132	-0.114578	-0.226	0.226
  9133	-0.10205	-0.226	0.226
  9134	-0.0897562	-0.226	0.226
  9135	-0.112425	-0.226	0.226
  9136	-0.103742	-0.226	0.226
  9137	-0.100203	-0.226	0.226
  9138	-0.0834985	-0.226	0.226
  9139	-0.0622817	-0.226	0.226
  9140	-0.0654159	-0.226	0.226
  9141	-0.085784	-0.226	0.226
  9142	-0.114617	-0.226	0.226
  9143	-0.0676488	-0.226	0.226
  9144	-0.0941102	-0.226	0.226
  9145	-0.0803745	-0.226	0.226
  9146	-0.106119	-0.226	0.226
  9147	-0.0984002	-0.226	0.226
  9148	-0.0575017	-0.226	0.226
  9149	-0.0519575	-0.226	0.226
  9150	-0.0730006	-0.226	0.226
  9151	-0.0990731	-0.226	0.226
  9152	-0.114849	-0.226	0.226
  9153	-0.113299	-0.226	0.226
  9154	-0.116178	-0.226	0.226
  9155	-0.099574	-0.226	0.226
  9156	-0.107533	-0.226	0.226
  9157	-0.110572	-0.226	0.226
  9158	-0.0832827	-0.226	0.226
  9159	-0.0877805	-0.226	0.226
  9160	-0.0857171	-0.226	0.226
  9161	-0.084443	-0.226	0.226
  9162	-0.0706467	-0.226	0.226
  9163	-0.0436644	-0.226	0.226
  9164	-0.087066	-0.226	0.226
  9165	-0.096733	-0.226	0.226
  9166	-0.110989	-0.226	0.226
  9167	-0.0800062	-0.226	0.226
  9168	-0.0792782	-0.226	0.226
  9169	-0.104608	-0.226	0.226
  9170	-0.0600769	-0.226	0.226
  9171	-0.0745083	-0.226	0.226
  9172	-0.106609	-0.226	0.226
  9173	-0.0940534	-0.226	0.226
  9174	-0.105048	-0.226	0.226
  9175	-0.0872702	-0.226	0.226
  9176	-0.04955	-0.226	0.226
  9177	-0.111619	-0.226	0.226
  9178	-0.0961454	-0.226	0.226
  9179	-0.096077	-0.226	0.226
  9180	-0.112825	-0.226	0.226
  9181	-0.0307953	-0.226	0.226
  9182	-0.0921622	-0.226	0.226
  9183	-0.0882033	-0.226	0.226
  9184	-0.108521	-0.226	0.226
  9185	-0.098315	-0.226	0.226
  9186	-0.105419	-0.226	0.226
  9187	-0.107593	-0.226	0.226
  9188	-0.0858196	-0.226	0.226
  9189	-0.0938004	-0.226	0.226
  9190	-0.036869	-0.226	0.226
  9191	-0.112247	-0.226	0.226
  9192	-0.0953122	-0.226	0.226
  9193	-0.0768807	-0.226	0.226
  9194	-0.110095	-0.226	0.226
  9195	-0.0874113	-0.226	0.226
  9196	-0.0734736	-0.226	0.226
  9197	-0.11253	-0.226	0.226
  9198	-0.103486	-0.226	0.226
  9199	-0.1102	-0.226	0.226
  9200	-0.0933179	-0.226	0.226
  9201	-0.108577	-0.226	0.226
  9202	-0.0817996	-0.226	0.226
  9203	-0.0791831	-0.226	0.226
  9204	-0.0740119	-0.226	0.226
  9205	-0.110989	-0.226	0.226
  9206	-0.099964	-0.226	0.226
  9207	-0.114331	-0.226	0.226
  9208	-0.108565	-0.226	0.226
  9209	-0.115179	-0.226	0.226
  9210	-0.104665	-0.226	0.226
  9211	-0.107013	-0.226	0.226
  9212	-0.10323	-0.226	0.226
  9213	-0.103376	-0.226	0.226
  9214	-0.0973796	-0.226	0.226
  9215	-0.112002	-0.226	0.226
  9216	-0.106503	-0.226	0.226
  9217	-0.084591	-0.226	0.226
  9218	-0.0978716	-0.226	0.226
  9219	-0.0911331	-0.226	0.226
  9220	-0.11275	-0.226	0.226
  9221	-0.102653	-0.226	0.226
  9222	-0.0969433	-0.226	0.226
  9223	-0.113316	-0.226	0.226
  9224	-0.0791158	-0.226	0.226
  9225	-0.11517	-0.226	0.226
  9226	-0.101793	-0.226	0.226
  9227	-0.0859848	-0.226	0.226
  9228	-0.0893505	-0.226	0.226
  9229	-0.0810651	-0.226	0.226
  9230	-0.0924952	-0.226	0.226
  9231	-0.109956	-0.226	0.226
  9232	-0.102576	-0.226	0.226
  9233	-0.080787	-0.226	0.226
  9234	-0.112204	-0.226	0.226
  9235	-0.0958695	-0.226	0.226
  9236	-0.110905	-0.226	0.226
  9237	-0.070109	-0.226	0.226
  9238	-0.0977203	-0.226	0.226
  9239	-0.0801883	-0.226	0.226
  9240	-0.113031	-0.226	0.226
  9241	-0.100656	-0.226	0.226
  9242	-0.0984751	-0.226	0.226
  9243	-0.0881034	-0.226	0.226
  9244	-0.0796883	-0.226	0.226
  9245	-0.11471	-0.226	0.226
  9246	-0.0768748	-0.226	0.226
  9247	-0.106957	-0.226	0.226
  9248	-0.0821884	-0.226	0.226
  9249	-0.110748	-0.226	0.226
  9250	-0.114553	-0.226	0.226
  9251	-0.0948264	-0.226	0.226
  9252	-0.0926605	-0.226	0.226
  9253	-0.0949007	-0.226	0.226
  9254	-0.113871	-0.226	0.226
  9255	-0.0833412	-0.226	0.226
  9256	-0.0785215	-0.226	0.226
  9257	-0.101914	-0.226	0.226
  9258	-0.103313	-0.226	0.226
  9259	-0.108634	-0.226	0.226
  9260	-0.101022	-0.226	0.226
  9261	-0.0988442	-0.226	0.226
  9262	-0.0595926	-0.226	0.226
  9263	-0.0662395	-0.226	0.226
  9264	-0.113773	-0.226	0.226
  9265	-0.0850734	-0.226	0.226
  9266	-0.0976591	-0.226	0.226
  9267	-0.091203	-0.226	0.226
  9268	-0.0979869	-0.226	0.226
  9269	-0.10505	-0.226	0.226
  9270	-0.102379	-0.226	0.226
  9271	-0.104992	-0.226	0.226
  9272	-0.111227	-0.226	0.226
  9273	-0.0855298	-0.226	0.226
  9274	-0.0847631	-0.226	0.226
  9275	-0.0812338	-0.226	0.226
  9276	-0.0975692	-0.226	0.226
  9277	-0.0938862	-0.226	0.226
  9278	-0.114212	-0.226	0.226
  9279	-0.075482	-0.226	0.226
  9280	-0.0660281	-0.226	0.226
  9281	-0.096644	-0.226	0.226
  9282	-0.114176	-0.226	0.226
  9283	-0.113551	-0.226	0.226
  9284	-0.0910605	-0.226	0.226
  9285	-0.068713	-0.226	0.226
  9286	-0.10716	-0.226	0.226
  9287	-0.0973885	-0.226	0.226
  9288	-0.109258	-0.226	0.226
  9289	-0.108637	-0.226	0.226
  9290	-0.107689	-0.226	0.226
  9291	-0.113854	-0.226	0.226
  9292	-0.104016	-0.226	0.226
  9293	-0.0792918	-0.226	0.226
  9294	-0.056123	-0.226	0.226
  9295	-0.0630775	-0.226	0.226
  9296	-0.109157	-0.226	0.226
  9297	-0.11538	-0.226	0.226
  9298	-0.0924668	-0.226	0.226
  9299	-0.101474	-0.226	0.226
  9300	-0.0936976	-0.226	0.226
  9301	-0.07717	-0.226	0.226
  9302	-0.108004	-0.226	0.226
  9303	-0.103745	-0.226	0.226
  9304	-0.0666364	-0.226	0.226
  9305	-0.0770294	-0.226	0.226
  9306	-0.100083	-0.226	0.226
  9307	-0.114655	-0.226	0.226
  9308	-0.10943	-0.226	0.226
  9309	-0.104888	-0.226	0.226
  9310	-0.0594044	-0.226	0.226
  9311	-0.0857545	-0.226	0.226
  9312	-0.115197	-0.226	0.226
  9313	-0.0957918	-0.226	0.226
  9314	-0.0956484	-0.226	0.226
  9315	-0.115627	-0.226	0.226
  9316	-0.099211	-0.226	0.226
  9317	-0.109552	-0.226	0.226
  9318	-0.0932718	-0.226	0.226
  9319	-0.056043	-0.226	0.226
  9320	-0.0609097	-0.226	0.226
  9321	-0.105669	-0.226	0.226
  9322	-0.0761092	-0.226	0.226
  9323	-0.103813	-0.226	0.226
  9324	-0.0779925	-0.226	0.226
  9325	-0.0696224	-0.226	0.226
  9326	-0.0617515	-0.226	0.226
  9327	-0.105863	-0.226	0.226
  9328	-0.0992652	-0.226	0.226
  9329	-0.0821423	-0.226	0.226
  9330	-0.0759232	-0.226	0.226
  9331	-0.0850439	-0.226	0.226
  9332	-0.101334	-0.226	0.226
  9333	-0.0834847	-0.226	0.226
  9334	-0.0889184	-0.226	0.226
  9335	-0.116295	-0.226	0.226
  9336	-0.0801821	-0.226	0.226
  9337	-0.112007	-0.226	0.226
  9338	-0.0946685	-0.226	0.226
  9339	-0.0840722	-0.226	0.226
  9340	-0.104669	-0.226	0.226
  9341	-0.099149	-0.226	0.226
  9342	-0.114073	-0.226	0.226
  9343	-0.110194	-0.226	0.226
  9344	-0.086382	-0.226	0.226
  9345	-0.0874691	-0.226	0.226
  9346	-0.0587129	-0.226	0.226
  9347	-0.0912273	-0.226	0.226
  9348	-0.113711	-0.226	0.226
  9349	-0.11026	-0.226	0.226
  9350	-0.106128	-0.226	0.226
  9351	-0.115973	-0.226	0.226
  9352	-0.104672	-0.226	0.226
  9353	-0.0674549	-0.226	0.226
  9354	-0.0789019	-0.226	0.226
  9355	-0.0981904	-0.226	0.226
  9356	-0.0528522	-0.226	0.226
  9357	-0.0969935	-0.226	0.226
  9358	-0.10332	-0.226	0.226
  9359	-0.101036	-0.226	0.226
  9360	-0.114596	-0.226	0.226
  9361	-0.110132	-0.226	0.226
  9362	-0.107347	-0.226	0.226
  9363	-0.0803127	-0.226	0.226
  9364	-0.0924633	-0.226	0.226
  9365	-0.0961064	-0.226	0.226
  9366	-0.0491451	-0.226	0.226
  9367	-0.0945402	-0.226	0.226
  9368	-0.107078	-0.226	0.226
  9369	-0.0468865	-0.226	0.226
  9370	-0.10735	-0.226	0.226
  9371	-0.109996	-0.226	0.226
  9372	-0.107645	-0.226	0.226
  9373	-0.0648411	-0.226	0.226
  9374	-0.0666959	-0.226	0.226
  9375	-0.0802359	-0.226	0.226
  9376	-0.115744	-0.226	0.226
  9377	-0.112876	-0.226	0.226
  9378	-0.0723905	-0.226	0.226
  9379	-0.0871756	-0.226	0.226
  9380	-0.0973813	-0.226	0.226
  9381	-0.103211	-0.226	0.226
  9382	-0.115074	-0.226	0.226
  9383	-0.0647575	-0.226	0.226
  9384	-0.0861858	-0.226	0.226
  9385	-0.0920172	-0.226	0.226
  9386	-0.0948166	-0.226	0.226
  9387	-0.101894	-0.226	0.226
  9388	-0.108495	-0.226	0.226
  9389	-0.111466	-0.226	0.226
  9390	-0.105199	-0.226	0.226
  9391	-0.102054	-0.226	0.226
  9392	-0.0376727	-0.226	0.226
  9393	-0.108542	-0.226	0.226
  9394	-0.0623019	-0.226	0.226
  9395	-0.105788	-0.226	0.226
  9396	-0.0951006	-0.226	0.226
  9397	-0.103403	-0.226	0.226
  9398	-0.0866532	-0.226	0.226
  9399	-0.086031	-0.226	0.226
  9400	-0.0704097	-0.226	0.226
  9401	-0.0668974	-0.226	0.226
  9402	-0.0975111	-0.226	0.226
  9403	-0.0797395	-0.226	0.226
  9404	-0.114362	-0.226	0.226
  9405	-0.0802438	-0.226	0.226
  9406	-0.109591	-0.226	0.226
  9407	-0.0839393	-0.226	0.226
  9408	-0.111949	-0.226	0.226
  9409	-0.0798247	-0.226	0.226
  9410	-0.0972971	-0.226	0.226
  9411	-0.0787703	-0.226	0.226
  9412	-0.106058	-0.226	0.226
  9413	-0.0656106	-0.226	0.226
  9414	-0.106885	-0.226	0.226
  9415	-0.0981956	-0.226	0.226
  9416	-0.101689	-0.226	0.226
  9417	-0.0876599	-0.226	0.226
  9418	-0.112832	-0.226	0.226
  9419	-0.101301	-0.226	0.226
  9420	-0.063738	-0.226	0.226
  9421	-0.0984496	-0.226	0.226
  9422	-0.10943	-0.226	0.226
  9423	-0.0654301	-0.226	0.226
  9424	-0.0863702	-0.226	0.226
  9425	-0.113049	-0.226	0.226
  9426	-0.113379	-0.226	0.226
  9427	-0.0799526	-0.226	0.226
  9428	-0.0705502	-0.226	0.226
  9429	-0.106042	-0.226	0.226
  9430	-0.101845	-0.226	0.226
  9431	-0.11163	-0.226	0.226
  9432	-0.105612	-0.226	0.226
  9433	-0.0783793	-0.226	0.226
  9434	-0.0529565	-0.226	0.226
  9435	-0.0909693	-0.226	0.226
  9436	-0.115428	-0.226	0.226
  9437	-0.0968434	-0.226	0.226
  9438	-0.113102	-0.226	0.226
  9439	-0.0797087	-0.226	0.226
  9440	-0.102835	-0.226	0.226
  9441	-0.0666094	-0.226	0.226
  9442	-0.0890615	-0.226	0.226
  9443	-0.0740781	-0.226	0.226
  9444	-0.0608494	-0.226	0.226
  9445	-0.105572	-0.226	0.226
  9446	-0.110489	-0.226	0.226
  9447	-0.105545	-0.226	0.226
  9448	-0.0702323	-0.226	0.226
  9449	-0.108029	-0.226	0.226
  9450	-0.104091	-0.226	0.226
  9451	-0.0603387	-0.226	0.226
  9452	-0.0828155	-0.226	0.226
  9453	-0.0561807	-0.226	0.226
  9454	-0.110658	-0.226	0.226
  9455	-0.114359	-0.226	0.226
  9456	-0.11176	-0.226	0.226
  9457	-0.104214	-0.226	0.226
  9458	-0.115594	-0.226	0.226
  9459	-0.105689	-0.226	0.226
  9460	-0.0876082	-0.226	0.226
  9461	-0.061345	-0.226	0.226
  9462	-0.0976251	-0.226	0.226
  9463	-0.0345269	-0.226	0.226
  9464	-0.0634847	-0.226	0.226
  9465	-0.112322	-0.226	0.226
  9466	-0.0833964	-0.226	0.226
  9467	-0.0876971	-0.226	0.226
  9468	-0.0918241	-0.226	0.226
  9469	-0.107246	-0.226	0.226
  9470	-0.10725	-0.226	0.226
  9471	-0.113514	-0.226	0.226
  9472	-0.0904584	-0.226	0.226
  9473	-0.0978038	-0.226	0.226
  9474	-0.0896712	-0.226	0.226
  9475	-0.0609188	-0.226	0.226
  9476	-0.0436898	-0.226	0.226
  9477	-0.0934709	-0.226	0.226
  9478	-0.10467	-0.226	0.226
  9479	-0.113674	-0.226	0.226
  9480	-0.0975595	-0.226	0.226
  9481	-0.0970017	-0.226	0.226
  9482	-0.061734	-0.226	0.226
  9483	-0.10093	-0.226	0.226
  9484	-0.0909236	-0.226	0.226
  9485	-0.0642102	-0.226	0.226
  9486	-0.102116	-0.226	0.226
  9487	-0.0975607	-0.226	0.226
  9488	-0.0943889	-0.226	0.226
  9489	-0.107701	-0.226	0.226
  9490	-0.0843141	-0.226	0.226
  9491	-0.0962864	-0.226	0.226
  9492	-0.0901564	-0.226	0.226
  9493	-0.071488	-0.226	0.226
  9494	-0.0932362	-0.226	0.226
  9495	-0.113913	-0.226	0.226
  9496	-0.0921772	-0.226	0.226
  9497	-0.110464	-0.226	0.226
  9498	-0.109169	-0.226	0.226
  9499	-0.10224	-0.226	0.226
  9500	-0.109983	-0.226	0.226
  9501	-0.0752854	-0.226	0.226
  9502	-0.102582	-0.226	0.226
  9503	-0.101901	-0.226	0.226
  9504	-0.11015	-0.226	0.226
  9505	-0.0778553	-0.226	0.226
  9506	-0.0943884	-0.226	0.226
  9507	-0.113451	-0.226	0.226
  9508	-0.0487669	-0.226	0.226
  9509	-0.071543	-0.226	0.226
  9510	-0.103115	-0.226	0.226
  9511	-0.114925	-0.226	0.226
  9512	-0.0706132	-0.226	0.226
  9513	-0.108433	-0.226	0.226
  9514	-0.0971782	-0.226	0.226
  9515	-0.0917523	-0.226	0.226
  9516	-0.0858181	-0.226	0.226
  9517	-0.0909899	-0.226	0.226
  9518	-0.114176	-0.226	0.226
  9519	-0.0889729	-0.226	0.226
  9520	-0.104723	-0.226	0.226
  9521	-0.116321	-0.226	0.226
  9522	-0.0731917	-0.226	0.226
  9523	-0.0651187	-0.226	0.226
  9524	-0.103553	-0.226	0.226
  9525	-0.0888634	-0.226	0.226
  9526	-0.074548	-0.226	0.226
  9527	-0.0773703	-0.226	0.226
  9528	-0.0901253	-0.226	0.226
  9529	-0.112885	-0.226	0.226
  9530	-0.103459	-0.226	0.226
  9531	-0.0812037	-0.226	0.226
  9532	-0.113135	-0.226	0.226
  9533	-0.111275	-0.226	0.226
  9534	-0.0992336	-0.226	0.226
  9535	-0.112199	-0.226	0.226
  9536	-0.111392	-0.226	0.226
  9537	-0.113604	-0.226	0.226
  9538	-0.0914392	-0.226	0.226
  9539	-0.0528585	-0.226	0.226
  9540	-0.0483463	-0.226	0.226
  9541	-0.0885532	-0.226	0.226
  9542	-0.068313	-0.226	0.226
  9543	-0.115059	-0.226	0.226
  9544	-0.102253	-0.226	0.226
  9545	-0.0964217	-0.226	0.226
  9546	-0.100451	-0.226	0.226
  9547	-0.111166	-0.226	0.226
  9548	-0.102283	-0.226	0.226
  9549	-0.0978885	-0.226	0.226
  9550	-0.102363	-0.226	0.226
  9551	-0.0882411	-0.226	0.226
  9552	-0.0870861	-0.226	0.226
  9553	-0.0905453	-0.226	0.226
  9554	-0.0920069	-0.226	0.226
  9555	-0.0889952	-0.226	0.226
  9556	-0.108981	-0.226	0.226
  9557	-0.0934451	-0.226	0.226
  9558	-0.0533197	-0.226	0.226
  9559	-0.115222	-0.226	0.226
  9560	-0.115829	-0.226	0.226
  9561	-0.111306	-0.226	0.226
  9562	-0.0810006	-0.226	0.226
  9563	-0.049561	-0.226	0.226
  9564	-0.0878085	-0.226	0.226
  9565	-0.111599	-0.226	0.226
  9566	-0.108684	-0.226	0.226
  9567	-0.09312	-0.226	0.226
  9568	-0.104407	-0.226	0.226
  9569	-0.088132	-0.226	0.226
  9570	-0.0666946	-0.226	0.226
  9571	-0.0787704	-0.226	0.226
  9572	-0.0931368	-0.226	0.226
  9573	-0.101051	-0.226	0.226
  9574	-0.0841473	-0.226	0.226
  9575	-0.105512	-0.226	0.226
  9576	-0.112144	-0.226	0.226
  9577	-0.103671	-0.226	0.226
  9578	-0.11604	-0.226	0.226
  9579	-0.110429	-0.226	0.226
  9580	-0.106781	-0.226	0.226
  9581	-0.115572	-0.226	0.226
  9582	-0.107895	-0.226	0.226
  9583	-0.0624685	-0.226	0.226
  9584	-0.083961	-0.226	0.226
  9585	-0.0884585	-0.226	0.226
  9586	-0.11277	-0.226	0.226
  9587	-0.115485	-0.226	0.226
  9588	-0.0998426	-0.226	0.226
  9589	-0.0921351	-0.226	0.226
  9590	-0.108071	-0.226	0.226
  9591	-0.0873235	-0.226	0.226
  9592	-0.0952972	-0.226	0.226
  9593	-0.0612889	-0.226	0.226
  9594	-0.0934738	-0.226	0.226
  9595	-0.0795216	-0.226	0.226
  9596	-0.0564218	-0.226	0.226
  9597	-0.106964	-0.226	0.226
  9598	-0.112358	-0.226	0.226
  9599	-0.0897475	-0.226	0.226
  9600	-0.0873901	-0.226	0.226
  9601	-0.0713268	-0.226	0.226
  9602	-0.101046	-0.226	0.226
  9603	-0.0440453	-0.226	0.226
  9604	-0.0715497	-0.226	0.226
  9605	-0.0896117	-0.226	0.226
  9606	-0.0831349	-0.226	0.226
  9607	-0.0985091	-0.226	0.226
  9608	-0.0934807	-0.226	0.226
  9609	-0.105846	-0.226	0.226
  9610	-0.107319	-0.226	0.226
  9611	-0.0911556	-0.226	0.226
  9612	-0.067333	-0.226	0.226
  9613	-0.0673246	-0.226	0.226
  9614	-0.0984292	-0.226	0.226
  9615	-0.114959	-0.226	0.226
  9616	-0.0926655	-0.226	0.226
  9617	-0.0639085	-0.226	0.226
  9618	-0.0995091	-0.226	0.226
  9619	-0.10753	-0.226	0.226
  9620	-0.116676	-0.226	0.226
  9621	-0.0824452	-0.226	0.226
  9622	-0.10387	-0.226	0.226
  9623	-0.114981	-0.226	0.226
  9624	-0.108944	-0.226	0.226
  9625	-0.0962997	-0.226	0.226
  9626	-0.102698	-0.226	0.226
  9627	-0.090007	-0.226	0.226
  9628	-0.0904754	-0.226	0.226
  9629	-0.0833433	-0.226	0.226
  9630	-0.0989034	-0.226	0.226
  9631	-0.110929	-0.226	0.226
  9632	-0.111608	-0.226	0.226
  9633	-0.0937296	-0.226	0.226
  9634	-0.108691	-0.226	0.226
  9635	-0.114382	-0.226	0.226
  9636	-0.0978495	-0.226	0.226
  9637	-0.0911819	-0.226	0.226
  9638	-0.0776304	-0.226	0.226
  9639	-0.115048	-0.226	0.226
  9640	-0.0782436	-0.226	0.226
  9641	-0.0908568	-0.226	0.226
  9642	-0.0867434	-0.226	0.226
  9643	-0.106354	-0.226	0.226
  9644	-0.114918	-0.226	0.226
  9645	-0.0635889	-0.226	0.226
  9646	-0.0672004	-0.226	0.226
  9647	-0.0709675	-0.226	0.226
  9648	-0.113757	-0.226	0.226
  9649	-0.0805103	-0.226	0.226
  9650	-0.0946009	-0.226	0.226
  9651	-0.0843563	-0.226	0.226
  9652	-0.111801	-0.226	0.226
  9653	-0.0716822	-0.226	0.226
  9654	-0.0644807	-0.226	0.226
  9655	-0.106902	-0.226	0.226
  9656	-0.0881025	-0.226	0.226
  9657	-0.0829019	-0.226	0.226
  9658	-0.102916	-0.226	0.226
  9659	-0.113249	-0.226	0.226
  9660	-0.102919	-0.226	0.226
  9661	-0.101108	-0.226	0.226
  9662	-0.101605	-0.226	0.226
  9663	-0.111417	-0.226	0.226
  9664	-0.0567051	-0.226	0.226
  9665	-0.114157	-0.226	0.226
  9666	-0.107456	-0.226	0.226
  9667	-0.114099	-0.226	0.226
  9668	-0.109174	-0.226	0.226
  9669	-0.0691204	-0.226	0.226
  9670	-0.0996187	-0.226	0.226
  9671	-0.0973159	-0.226	0.226
  9672	-0.0630706	-0.226	0.226
  9673	-0.102547	-0.226	0.226
  9674	-0.0944844	-0.226	0.226
  9675	-0.0830825	-0.226	0.226
  9676	-0.0948864	-0.226	0.226
  9677	-0.115592	-0.226	0.226
  9678	-0.0933279	-0.226	0.226
  9679	-0.108177	-0.226	0.226
  9680	-0.0911803	-0.226	0.226
  9681	-0.088097	-0.226	0.226
  9682	-0.114407	-0.226	0.226
  9683	-0.0770197	-0.226	0.226
  9684	-0.083167	-0.226	0.226
  9685	-0.0603725	-0.226	0.226
  9686	-0.0775534	-0.226	0.226
  9687	-0.0774801	-0.226	0.226
  9688	-0.090256	-0.226	0.226
  9689	-0.0774269	-0.226	0.226
  9690	-0.107219	-0.226	0.226
  9691	-0.11465	-0.226	0.226
  9692	-0.101324	-0.226	0.226
  9693	-0.111444	-0.226	0.226
  9694	-0.115893	-0.226	0.226
  9695	-0.0679049	-0.226	0.226
  9696	-0.111889	-0.226	0.226
  9697	-0.113405	-0.226	0.226
  9698	-0.111388	-0.226	0.226
  9699	-0.110106	-0.226	0.226
  9700	-0.0895949	-0.226	0.226
  9701	-0.112624	-0.226	0.226
  9702	-0.0938084	-0.226	0.226
  9703	-0.0810586	-0.226	0.226
  9704	-0.0825819	-0.226	0.226
  9705	-0.10768	-0.226	0.226
  9706	-0.0999266	-0.226	0.226
  9707	-0.0681561	-0.226	0.226
  9708	-0.0863374	-0.226	0.226
  9709	-0.0823704	-0.226	0.226
  9710	-0.103776	-0.226	0.226
  9711	-0.109945	-0.226	0.226
  9712	-0.0896618	-0.226	0.226
  9713	-0.106268	-0.226	0.226
  9714	-0.0790751	-0.226	0.226
  9715	-0.10799	-0.226	0.226
  9716	-0.107486	-0.226	0.226
  9717	-0.11194	-0.226	0.226
  9718	-0.0961317	-0.226	0.226
  9719	-0.08681	-0.226	0.226
  9720	-0.101726	-0.226	0.226
  9721	-0.0758499	-0.226	0.226
  9722	-0.0879601	-0.226	0.226
  9723	-0.0885286	-0.226	0.226
  9724	-0.105628	-0.226	0.226
  9725	-0.116924	-0.226	0.226
  9726	-0.0994665	-0.226	0.226
  9727	-0.105951	-0.226	0.226
  9728	-0.10889	-0.226	0.226
  9729	-0.112651	-0.226	0.226
  9730	-0.105453	-0.226	0.226
  9731	-0.0900698	-0.226	0.226
  9732	-0.0979756	-0.226	0.226
  9733	-0.11011	-0.226	0.226
  9734	-0.100204	-0.226	0.226
  9735	-0.113266	-0.226	0.226
  9736	-0.107625	-0.226	0.226
  9737	-0.113264	-0.226	0.226
  9738	-0.100041	-0.226	0.226
  9739	-0.109994	-0.226	0.226
  9740	-0.0630321	-0.226	0.226
  9741	-0.111948	-0.226	0.226
  9742	-0.107655	-0.226	0.226
  9743	-0.0831454	-0.226	0.226
  9744	-0.043091	-0.226	0.226
  9745	-0.105973	-0.226	0.226
  9746	-0.0848964	-0.226	0.226
  9747	-0.104431	-0.226	0.226
  9748	-0.104446	-0.226	0.226
  9749	-0.102263	-0.226	0.226
  9750	-0.108014	-0.226	0.226
  9751	-0.103005	-0.226	0.226
  9752	-0.0990203	-0.226	0.226
  9753	-0.093427	-0.226	0.226
  9754	-0.042569	-0.226	0.226
  9755	-0.102919	-0.226	0.226
  9756	-0.111926	-0.226	0.226
  9757	-0.104069	-0.226	0.226
  9758	-0.0950171	-0.226	0.226
  9759	-0.0921421	-0.226	0.226
  9760	-0.0854981	-0.226	0.226
  9761	-0.0990827	-0.226	0.226
  9762	-0.0916839	-0.226	0.226
  9763	-0.0929127	-0.226	0.226
  9764	-0.0969793	-0.226	0.226
  9765	-0.0965768	-0.226	0.226
  9766	-0.101845	-0.226	0.226
  9767	-0.114121	-0.226	0.226
  9768	-0.116137	-0.226	0.226
  9769	-0.0880857	-0.226	0.226
  9770	-0.0918968	-0.226	0.226
  9771	-0.0873983	-0.226	0.226
  9772	-0.0761229	-0.226	0.226
  9773	-0.102997	-0.226	0.226
  9774	-0.0811092	-0.226	0.226
  9775	-0.0875771	-0.226	0.226
  9776	-0.112545	-0.226	0.226
  9777	-0.113597	-0.226	0.226
  9778	-0.101965	-0.226	0.226
  9779	-0.105772	-0.226	0.226
  9780	-0.0725236	-0.226	0.226
  9781	-0.0796141	-0.226	0.226
  9782	-0.108391	-0.226	0.226
  9783	-0.0819035	-0.226	0.226
  9784	-0.0812371	-0.226	0.226
  9785	-0.09766	-0.226	0.226
  9786	-0.0943629	-0.226	0.226
  9787	-0.1147	-0.226	0.226
  9788	-0.111129	-0.226	0.226
  9789	-0.105973	-0.226	0.226
  9790	-0.0888554	-0.226	0.226
  9791	-0.102566	-0.226	0.226
  9792	-0.114614	-0.226	0.226
  9793	-0.0620358	-0.226	0.226
  9794	-0.091591	-0.226	0.226
  9795	-0.101207	-0.226	0.226
  9796	-0.108759	-0.226	0.226
  9797	-0.0928297	-0.226	0.226
  9798	-0.111029	-0.226	0.226
  9799	-0.105975	-0.226	0.226
  9800	-0.0790145	-0.226	0.226
  9801	-0.0681122	-0.226	0.226
  9802	-0.0814701	-0.226	0.226
  9803	-0.0867877	-0.226	0.226
  9804	-0.0954952	-0.226	0.226
  9805	-0.110596	-0.226	0.226
  9806	-0.10117	-0.226	0.226
  9807	-0.0986783	-0.226	0.226
  9808	-0.101864	-0.226	0.226
  9809	-0.111787	-0.226	0.226
  9810	-0.100305	-0.226	0.226
  9811	-0.106199	-0.226	0.226
  9812	-0.109072	-0.226	0.226
  9813	-0.0806759	-0.226	0.226
  9814	-0.091664	-0.226	0.226
  9815	-0.108189	-0.226	0.226
  9816	-0.094172	-0.226	0.226
  9817	-0.0931254	-0.226	0.226
  9818	-0.0897722	-0.226	0.226
  9819	-0.101919	-0.226	0.226
  9820	-0.104144	-0.226	0.226
  9821	-0.0643368	-0.226	0.226
  9822	-0.109385	-0.226	0.226
  9823	-0.0848675	-0.226	0.226
  9824	-0.0934325	-0.226	0.226
  9825	-0.115804	-0.226	0.226
  9826	-0.0866869	-0.226	0.226
  9827	-0.06872	-0.226	0.226
  9828	-0.109752	-0.226	0.226
  9829	-0.090288	-0.226	0.226
  9830	-0.114251	-0.226	0.226
  9831	-0.105373	-0.226	0.226
  9832	-0.0543047	-0.226	0.226
  9833	-0.0923558	-0.226	0.226
  9834	-0.0291826	-0.226	0.226
  9835	-0.0951511	-0.226	0.226
  9836	-0.0957506	-0.226	0.226
  9837	-0.0922528	-0.226	0.226
  9838	-0.108571	-0.226	0.226
  9839	-0.102922	-0.226	0.226
  9840	-0.0998385	-0.226	0.226
  9841	-0.0619096	-0.226	0.226
  9842	-0.113562	-0.226	0.226
  9843	-0.0976546	-0.226	0.226
  9844	-0.0603982	-0.226	0.226
  9845	-0.0645303	-0.226	0.226
  9846	-0.0561833	-0.226	0.226
  9847	-0.0975815	-0.226	0.226
  9848	-0.0387385	-0.226	0.226
  9849	-0.10424	-0.226	0.226
  9850	-0.0890754	-0.226	0.226
  9851	-0.111969	-0.226	0.226
  9852	-0.102664	-0.226	0.226
  9853	-0.0954048	-0.226	0.226
  9854	-0.0900675	-0.226	0.226
  9855	-0.0749566	-0.226	0.226
  9856	-0.111417	-0.226	0.226
  9857	-0.0598056	-0.226	0.226
  9858	-0.0802237	-0.226	0.226
  9859	-0.0935915	-0.226	0.226
  9860	-0.0972361	-0.226	0.226
  9861	-0.0650877	-0.226	0.226
  9862	-0.0567717	-0.226	0.226
  9863	-0.0982776	-0.226	0.226
  9864	-0.108103	-0.226	0.226
  9865	-0.0742389	-0.226	0.226
  9866	-0.0834905	-0.226	0.226
  9867	-0.105152	-0.226	0.226
  9868	-0.0746625	-0.226	0.226
  9869	-0.110335	-0.226	0.226
  9870	-0.0882247	-0.226	0.226
  9871	-0.0804613	-0.226	0.226
  9872	-0.114473	-0.226	0.226
  9873	-0.112305	-0.226	0.226
  9874	-0.111659	-0.226	0.226
  9875	-0.111588	-0.226	0.226
  9876	-0.0861326	-0.226	0.226
  9877	-0.098659	-0.226	0.226
  9878	-0.0494328	-0.226	0.226
  9879	-0.0922467	-0.226	0.226
  9880	-0.0924772	-0.226	0.226
  9881	-0.063765	-0.226	0.226
  9882	-0.101765	-0.226	0.226
  9883	-0.0893564	-0.226	0.226
  9884	-0.115642	-0.226	0.226
  9885	-0.07583	-0.226	0.226
  9886	-0.104039	-0.226	0.226
  9887	-0.115083	-0.226	0.226
  9888	-0.0870451	-0.226	0.226
  9889	-0.094386	-0.226	0.226
  9890	-0.103312	-0.226	0.226
  9891	-0.0862949	-0.226	0.226
  9892	-0.0372434	-0.226	0.226
  9893	-0.1013	-0.226	0.226
  9894	-0.0665829	-0.226	0.226
  9895	-0.0937534	-0.226	0.226
  9896	-0.0956947	-0.226	0.226
  9897	-0.101998	-0.226	0.226
  9898	-0.103452	-0.226	0.226
  9899	-0.108521	-0.226	0.226
  9900	-0.111551	-0.226	0.226
  9901	-0.101295	-0.226	0.226
  9902	-0.112268	-0.226	0.226
  9903	-0.115571	-0.226	0.226
  9904	-0.0845517	-0.226	0.226
  9905	-0.0925467	-0.226	0.226
  9906	-0.102392	-0.226	0.226
  9907	-0.105565	-0.226	0.226
  9908	-0.110253	-0.226	0.226
  9909	-0.0831752	-0.226	0.226
  9910	-0.112883	-0.226	0.226
  9911	-0.0902109	-0.226	0.226
  9912	-0.0988823	-0.226	0.226
  9913	-0.0842447	-0.226	0.226
  9914	-0.109213	-0.226	0.226
  9915	-0.0982472	-0.226	0.226
  9916	-0.100679	-0.226	0.226
  9917	-0.109101	-0.226	0.226
  9918	-0.110602	-0.226	0.226
  9919	-0.100205	-0.226	0.226
  9920	-0.103026	-0.226	0.226
  9921	-0.0882672	-0.226	0.226
  9922	-0.103133	-0.226	0.226
  9923	-0.0818708	-0.226	0.226
  9924	-0.0883779	-0.226	0.226
  9925	-0.077869	-0.226	0.226
  9926	-0.116144	-0.226	0.226
  9927	-0.0921209	-0.226	0.226
  9928	-0.101415	-0.226	0.226
  9929	-0.0842871	-0.226	0.226
  9930	-0.110151	-0.226	0.226
  9931	-0.102932	-0.226	0.226
  9932	-0.0882342	-0.226	0.226
  9933	-0.0829193	-0.226	0.226
  9934	-0.106262	-0.226	0.226
  9935	-0.0670007	-0.226	0.226
  9936	-0.0688319	-0.226	0.226
  9937	-0.110937	-0.226	0.226
  9938	-0.100572	-0.226	0.226
  9939	-0.104322	-0.226	0.226
  9940	-0.104937	-0.226	0.226
  9941	-0.0529775	-0.226	0.226
  9942	-0.071919	-0.226	0.226
  9943	-0.0674413	-0.226	0.226
  9944	-0.105199	-0.226	0.226
  9945	-0.0980565	-0.226	0.226
  9946	-0.100145	-0.226	0.226
  9947	-0.0895982	-0.226	0.226
  9948	-0.0616424	-0.226	0.226
  9949	-0.0977003	-0.226	0.226
  9950	-0.106019	-0.226	0.226
  9951	-0.0851093	-0.226	0.226
  9952	-0.0994695	-0.226	0.226
  9953	-0.100587	-0.226	0.226
  9954	-0.0813813	-0.226	0.226
  9955	-0.0925941	-0.226	0.226
  9956	-0.0632092	-0.226	0.226
  9957	-0.115201	-0.226	0.226
  9958	-0.101703	-0.226	0.226
  9959	-0.095956	-0.226	0.226
  9960	-0.109279	-0.226	0.226
  9961	-0.101159	-0.226	0.226
  9962	-0.0869603	-0.226	0.226
  9963	-0.0942498	-0.226	0.226
  9964	-0.113781	-0.226	0.226
  9965	-0.1115	-0.226	0.226
  9966	-0.103881	-0.226	0.226
  9967	-0.100786	-0.226	0.226
  9968	-0.0983192	-0.226	0.226
  9969	-0.0831854	-0.226	0.226
  9970	-0.0944188	-0.226	0.226
  9971	-0.109108	-0.226	0.226
  9972	-0.0878352	-0.226	0.226
  9973	-0.0856706	-0.226	0.226
  9974	-0.0811558	-0.226	0.226
  9975	-0.108276	-0.226	0.226
  9976	-0.0997918	-0.226	0.226
  9977	-0.0740768	-0.226	0.226
  9978	-0.113069	-0.226	0.226
  9979	-0.0827576	-0.226	0.226
  9980	-0.100532	-0.226	0.226
  9981	-0.0471727	-0.226	0.226
  9982	-0.0536027	-0.226	0.226
  9983	-0.100402	-0.226	0.226
  9984	-0.114561	-0.226	0.226
  9985	-0.109314	-0.226	0.226
  9986	-0.109999	-0.226	0.226
  9987	-0.107721	-0.226	0.226
  9988	-0.0747266	-0.226	0.226
  9989	-0.101899	-0.226	0.226
  9990	-0.0803367	-0.226	0.226
  9991	-0.0831734	-0.226	0.226
  9992	-0.113195	-0.226	0.226
  9993	-0.102465	-0.226	0.226
  9994	-0.0861569	-0.226	0.226
  9995	-0.0695451	-0.226	0.226
  9996	-0.0876166	-0.226	0.226
  9997	-0.108485	-0.226	0.226
  9998	-0.102428	-0.226	0.226
  9999	-0.093827	-0.226	0.226
 10000	-0.0638987	-0.226	0.226
