Measurement: SNMMAX
  step	MAX(0.707*V(v1)-0.707*V(v2))	FROM	TO
     1	0.14269	-0.283	0.283
     2	0.143474	-0.283	0.283
     3	0.136739	-0.283	0.283
     4	0.134827	-0.283	0.283
     5	0.126811	-0.283	0.283
     6	0.135082	-0.283	0.283
     7	0.104126	-0.283	0.283
     8	0.132707	-0.283	0.283
     9	0.128432	-0.283	0.283
    10	0.106907	-0.283	0.283
    11	0.133214	-0.283	0.283
    12	0.128304	-0.283	0.283
    13	0.12214	-0.283	0.283
    14	0.144639	-0.283	0.283
    15	0.1069	-0.283	0.283
    16	0.140026	-0.283	0.283
    17	0.08042	-0.283	0.283
    18	0.0823589	-0.283	0.283
    19	0.148589	-0.283	0.283
    20	0.0996328	-0.283	0.283
    21	0.118646	-0.283	0.283
    22	0.0959379	-0.283	0.283
    23	0.118467	-0.283	0.283
    24	0.109711	-0.283	0.283
    25	0.0973156	-0.283	0.283
    26	0.1371	-0.283	0.283
    27	0.135298	-0.283	0.283
    28	0.117661	-0.283	0.283
    29	0.0974939	-0.283	0.283
    30	0.105566	-0.283	0.283
    31	0.144749	-0.283	0.283
    32	0.143712	-0.283	0.283
    33	0.104929	-0.283	0.283
    34	0.103742	-0.283	0.283
    35	0.137697	-0.283	0.283
    36	0.142533	-0.283	0.283
    37	0.143826	-0.283	0.283
    38	0.132267	-0.283	0.283
    39	0.125393	-0.283	0.283
    40	0.128819	-0.283	0.283
    41	0.111236	-0.283	0.283
    42	0.109815	-0.283	0.283
    43	0.10711	-0.283	0.283
    44	0.134793	-0.283	0.283
    45	0.13112	-0.283	0.283
    46	0.137465	-0.283	0.283
    47	0.145847	-0.283	0.283
    48	0.129528	-0.283	0.283
    49	0.139995	-0.283	0.283
    50	0.141276	-0.283	0.283
    51	0.14481	-0.283	0.283
    52	0.126457	-0.283	0.283
    53	0.0840018	-0.283	0.283
    54	0.121525	-0.283	0.283
    55	0.119092	-0.283	0.283
    56	0.12381	-0.283	0.283
    57	0.122734	-0.283	0.283
    58	0.133545	-0.283	0.283
    59	0.0649405	-0.283	0.283
    60	0.139333	-0.283	0.283
    61	0.0994215	-0.283	0.283
    62	0.13618	-0.283	0.283
    63	0.136149	-0.283	0.283
    64	0.140022	-0.283	0.283
    65	0.121184	-0.283	0.283
    66	0.0905586	-0.283	0.283
    67	0.0853064	-0.283	0.283
    68	0.080261	-0.283	0.283
    69	0.114252	-0.283	0.283
    70	0.148887	-0.283	0.283
    71	0.126872	-0.283	0.283
    72	0.141599	-0.283	0.283
    73	0.138101	-0.283	0.283
    74	0.135594	-0.283	0.283
    75	0.144849	-0.283	0.283
    76	0.148897	-0.283	0.283
    77	0.151115	-0.283	0.283
    78	0.143904	-0.283	0.283
    79	0.136209	-0.283	0.283
    80	0.100886	-0.283	0.283
    81	0.121693	-0.283	0.283
    82	0.130278	-0.283	0.283
    83	0.146011	-0.283	0.283
    84	0.128321	-0.283	0.283
    85	0.0713867	-0.283	0.283
    86	0.121289	-0.283	0.283
    87	0.129587	-0.283	0.283
    88	0.092216	-0.283	0.283
    89	0.113799	-0.283	0.283
    90	0.133995	-0.283	0.283
    91	0.143386	-0.283	0.283
    92	0.135435	-0.283	0.283
    93	0.125214	-0.283	0.283
    94	0.149872	-0.283	0.283
    95	0.134717	-0.283	0.283
    96	0.140189	-0.283	0.283
    97	0.129156	-0.283	0.283
    98	0.149471	-0.283	0.283
    99	0.144186	-0.283	0.283
   100	0.133172	-0.283	0.283
   101	0.136636	-0.283	0.283
   102	0.144211	-0.283	0.283
   103	0.134856	-0.283	0.283
   104	0.126524	-0.283	0.283
   105	0.0726897	-0.283	0.283
   106	0.114324	-0.283	0.283
   107	0.126973	-0.283	0.283
   108	0.135178	-0.283	0.283
   109	0.128372	-0.283	0.283
   110	0.142874	-0.283	0.283
   111	0.147297	-0.283	0.283
   112	0.131774	-0.283	0.283
   113	0.140625	-0.283	0.283
   114	0.13636	-0.283	0.283
   115	0.134542	-0.283	0.283
   116	0.117536	-0.283	0.283
   117	0.149374	-0.283	0.283
   118	0.114256	-0.283	0.283
   119	0.136053	-0.283	0.283
   120	0.143319	-0.283	0.283
   121	0.117226	-0.283	0.283
   122	0.148746	-0.283	0.283
   123	0.138387	-0.283	0.283
   124	0.124284	-0.283	0.283
   125	0.140712	-0.283	0.283
   126	0.109396	-0.283	0.283
   127	0.125914	-0.283	0.283
   128	0.132108	-0.283	0.283
   129	0.141578	-0.283	0.283
   130	0.115868	-0.283	0.283
   131	0.111362	-0.283	0.283
   132	0.13516	-0.283	0.283
   133	0.135137	-0.283	0.283
   134	0.142383	-0.283	0.283
   135	0.115816	-0.283	0.283
   136	0.133847	-0.283	0.283
   137	0.0912579	-0.283	0.283
   138	0.101377	-0.283	0.283
   139	0.142189	-0.283	0.283
   140	0.0954502	-0.283	0.283
   141	0.114764	-0.283	0.283
   142	0.1468	-0.283	0.283
   143	0.145352	-0.283	0.283
   144	0.148133	-0.283	0.283
   145	0.148936	-0.283	0.283
   146	0.127181	-0.283	0.283
   147	0.122122	-0.283	0.283
   148	0.0943411	-0.283	0.283
   149	0.148189	-0.283	0.283
   150	0.138026	-0.283	0.283
   151	0.140493	-0.283	0.283
   152	0.144047	-0.283	0.283
   153	0.130387	-0.283	0.283
   154	0.116714	-0.283	0.283
   155	0.113591	-0.283	0.283
   156	0.137764	-0.283	0.283
   157	0.1331	-0.283	0.283
   158	0.12504	-0.283	0.283
   159	0.135595	-0.283	0.283
   160	0.14363	-0.283	0.283
   161	0.108069	-0.283	0.283
   162	0.141986	-0.283	0.283
   163	0.139552	-0.283	0.283
   164	0.136521	-0.283	0.283
   165	0.0926131	-0.283	0.283
   166	0.145286	-0.283	0.283
   167	0.138277	-0.283	0.283
   168	0.130455	-0.283	0.283
   169	0.139432	-0.283	0.283
   170	0.14449	-0.283	0.283
   171	0.131577	-0.283	0.283
   172	0.124295	-0.283	0.283
   173	0.12032	-0.283	0.283
   174	0.145156	-0.283	0.283
   175	0.0866998	-0.283	0.283
   176	0.107899	-0.283	0.283
   177	0.106195	-0.283	0.283
   178	0.129185	-0.283	0.283
   179	0.102065	-0.283	0.283
   180	0.12201	-0.283	0.283
   181	0.115893	-0.283	0.283
   182	0.134701	-0.283	0.283
   183	0.142301	-0.283	0.283
   184	0.145515	-0.283	0.283
   185	0.0944762	-0.283	0.283
   186	0.128083	-0.283	0.283
   187	0.103172	-0.283	0.283
   188	0.130473	-0.283	0.283
   189	0.148632	-0.283	0.283
   190	0.105426	-0.283	0.283
   191	0.151142	-0.283	0.283
   192	0.138116	-0.283	0.283
   193	0.119236	-0.283	0.283
   194	0.113027	-0.283	0.283
   195	0.140913	-0.283	0.283
   196	0.107544	-0.283	0.283
   197	0.149257	-0.283	0.283
   198	0.14199	-0.283	0.283
   199	0.111243	-0.283	0.283
   200	0.125182	-0.283	0.283
   201	0.121313	-0.283	0.283
   202	0.111107	-0.283	0.283
   203	0.141319	-0.283	0.283
   204	0.135655	-0.283	0.283
   205	0.140219	-0.283	0.283
   206	0.141906	-0.283	0.283
   207	0.12774	-0.283	0.283
   208	0.102339	-0.283	0.283
   209	0.108101	-0.283	0.283
   210	0.110761	-0.283	0.283
   211	0.124349	-0.283	0.283
   212	0.123243	-0.283	0.283
   213	0.118321	-0.283	0.283
   214	0.115149	-0.283	0.283
   215	0.146486	-0.283	0.283
   216	0.127956	-0.283	0.283
   217	0.126183	-0.283	0.283
   218	0.129649	-0.283	0.283
   219	0.0996337	-0.283	0.283
   220	0.126347	-0.283	0.283
   221	0.145349	-0.283	0.283
   222	0.144175	-0.283	0.283
   223	0.150286	-0.283	0.283
   224	0.140899	-0.283	0.283
   225	0.14479	-0.283	0.283
   226	0.0946421	-0.283	0.283
   227	0.120976	-0.283	0.283
   228	0.126668	-0.283	0.283
   229	0.11268	-0.283	0.283
   230	0.114176	-0.283	0.283
   231	0.146238	-0.283	0.283
   232	0.148585	-0.283	0.283
   233	0.139615	-0.283	0.283
   234	0.138707	-0.283	0.283
   235	0.130985	-0.283	0.283
   236	0.121418	-0.283	0.283
   237	0.142102	-0.283	0.283
   238	0.0952645	-0.283	0.283
   239	0.131	-0.283	0.283
   240	0.113136	-0.283	0.283
   241	0.12963	-0.283	0.283
   242	0.109978	-0.283	0.283
   243	0.143256	-0.283	0.283
   244	0.0936722	-0.283	0.283
   245	0.123654	-0.283	0.283
   246	0.114478	-0.283	0.283
   247	0.115175	-0.283	0.283
   248	0.148038	-0.283	0.283
   249	0.146078	-0.283	0.283
   250	0.138123	-0.283	0.283
   251	0.130706	-0.283	0.283
   252	0.0920288	-0.283	0.283
   253	0.0943885	-0.283	0.283
   254	0.0874802	-0.283	0.283
   255	0.150873	-0.283	0.283
   256	0.101985	-0.283	0.283
   257	0.145714	-0.283	0.283
   258	0.1198	-0.283	0.283
   259	0.129448	-0.283	0.283
   260	0.0981209	-0.283	0.283
   261	0.126507	-0.283	0.283
   262	0.121896	-0.283	0.283
   263	0.145642	-0.283	0.283
   264	0.133824	-0.283	0.283
   265	0.122576	-0.283	0.283
   266	0.125723	-0.283	0.283
   267	0.138095	-0.283	0.283
   268	0.129277	-0.283	0.283
   269	0.124558	-0.283	0.283
   270	0.130486	-0.283	0.283
   271	0.113096	-0.283	0.283
   272	0.125661	-0.283	0.283
   273	0.119369	-0.283	0.283
   274	0.133715	-0.283	0.283
   275	0.148808	-0.283	0.283
   276	0.149728	-0.283	0.283
   277	0.149011	-0.283	0.283
   278	0.128087	-0.283	0.283
   279	0.145344	-0.283	0.283
   280	0.136253	-0.283	0.283
   281	0.132929	-0.283	0.283
   282	0.147448	-0.283	0.283
   283	0.0905158	-0.283	0.283
   284	0.149025	-0.283	0.283
   285	0.125569	-0.283	0.283
   286	0.129773	-0.283	0.283
   287	0.140355	-0.283	0.283
   288	0.11305	-0.283	0.283
   289	0.139285	-0.283	0.283
   290	0.136905	-0.283	0.283
   291	0.102425	-0.283	0.283
   292	0.141661	-0.283	0.283
   293	0.146687	-0.283	0.283
   294	0.144738	-0.283	0.283
   295	0.109529	-0.283	0.283
   296	0.141844	-0.283	0.283
   297	0.12221	-0.283	0.283
   298	0.130117	-0.283	0.283
   299	0.133208	-0.283	0.283
   300	0.124172	-0.283	0.283
   301	0.145714	-0.283	0.283
   302	0.128411	-0.283	0.283
   303	0.132042	-0.283	0.283
   304	0.125164	-0.283	0.283
   305	0.130768	-0.283	0.283
   306	0.149604	-0.283	0.283
   307	0.150257	-0.283	0.283
   308	0.135555	-0.283	0.283
   309	0.141025	-0.283	0.283
   310	0.133807	-0.283	0.283
   311	0.122689	-0.283	0.283
   312	0.124976	-0.283	0.283
   313	0.138172	-0.283	0.283
   314	0.141256	-0.283	0.283
   315	0.127694	-0.283	0.283
   316	0.141362	-0.283	0.283
   317	0.115403	-0.283	0.283
   318	0.118918	-0.283	0.283
   319	0.148449	-0.283	0.283
   320	0.116767	-0.283	0.283
   321	0.137121	-0.283	0.283
   322	0.131754	-0.283	0.283
   323	0.124991	-0.283	0.283
   324	0.128724	-0.283	0.283
   325	0.100537	-0.283	0.283
   326	0.113118	-0.283	0.283
   327	0.122448	-0.283	0.283
   328	0.113876	-0.283	0.283
   329	0.142376	-0.283	0.283
   330	0.130641	-0.283	0.283
   331	0.0943979	-0.283	0.283
   332	0.129863	-0.283	0.283
   333	0.132285	-0.283	0.283
   334	0.142972	-0.283	0.283
   335	0.101818	-0.283	0.283
   336	0.133082	-0.283	0.283
   337	0.140035	-0.283	0.283
   338	0.126596	-0.283	0.283
   339	0.144908	-0.283	0.283
   340	0.132283	-0.283	0.283
   341	0.12948	-0.283	0.283
   342	0.117653	-0.283	0.283
   343	0.140103	-0.283	0.283
   344	0.10182	-0.283	0.283
   345	0.144505	-0.283	0.283
   346	0.113412	-0.283	0.283
   347	0.103606	-0.283	0.283
   348	0.1004	-0.283	0.283
   349	0.148042	-0.283	0.283
   350	0.118475	-0.283	0.283
   351	0.0961809	-0.283	0.283
   352	0.130797	-0.283	0.283
   353	0.123448	-0.283	0.283
   354	0.107704	-0.283	0.283
   355	0.125853	-0.283	0.283
   356	0.143454	-0.283	0.283
   357	0.0971992	-0.283	0.283
   358	0.116487	-0.283	0.283
   359	0.145219	-0.283	0.283
   360	0.142643	-0.283	0.283
   361	0.137427	-0.283	0.283
   362	0.0868434	-0.283	0.283
   363	0.107897	-0.283	0.283
   364	0.123002	-0.283	0.283
   365	0.147989	-0.283	0.283
   366	0.144328	-0.283	0.283
   367	0.105753	-0.283	0.283
   368	0.111487	-0.283	0.283
   369	0.130822	-0.283	0.283
   370	0.130835	-0.283	0.283
   371	0.136803	-0.283	0.283
   372	0.135353	-0.283	0.283
   373	0.141792	-0.283	0.283
   374	0.0956984	-0.283	0.283
   375	0.141998	-0.283	0.283
   376	0.120617	-0.283	0.283
   377	0.112857	-0.283	0.283
   378	0.102105	-0.283	0.283
   379	0.0990703	-0.283	0.283
   380	0.135876	-0.283	0.283
   381	0.144525	-0.283	0.283
   382	0.129472	-0.283	0.283
   383	0.131833	-0.283	0.283
   384	0.12102	-0.283	0.283
   385	0.121947	-0.283	0.283
   386	0.136812	-0.283	0.283
   387	0.103329	-0.283	0.283
   388	0.119288	-0.283	0.283
   389	0.112293	-0.283	0.283
   390	0.147125	-0.283	0.283
   391	0.146645	-0.283	0.283
   392	0.116922	-0.283	0.283
   393	0.149321	-0.283	0.283
   394	0.126389	-0.283	0.283
   395	0.128922	-0.283	0.283
   396	0.113888	-0.283	0.283
   397	0.149256	-0.283	0.283
   398	0.126664	-0.283	0.283
   399	0.149168	-0.283	0.283
   400	0.0640518	-0.283	0.283
   401	0.131834	-0.283	0.283
   402	0.134333	-0.283	0.283
   403	0.125034	-0.283	0.283
   404	0.120609	-0.283	0.283
   405	0.145102	-0.283	0.283
   406	0.112036	-0.283	0.283
   407	0.130018	-0.283	0.283
   408	0.130903	-0.283	0.283
   409	0.112218	-0.283	0.283
   410	0.145574	-0.283	0.283
   411	0.132779	-0.283	0.283
   412	0.129305	-0.283	0.283
   413	0.140086	-0.283	0.283
   414	0.126238	-0.283	0.283
   415	0.139411	-0.283	0.283
   416	0.138203	-0.283	0.283
   417	0.150631	-0.283	0.283
   418	0.141599	-0.283	0.283
   419	0.0914904	-0.283	0.283
   420	0.114711	-0.283	0.283
   421	0.139408	-0.283	0.283
   422	0.150308	-0.283	0.283
   423	0.102339	-0.283	0.283
   424	0.130276	-0.283	0.283
   425	0.131682	-0.283	0.283
   426	0.121773	-0.283	0.283
   427	0.0846179	-0.283	0.283
   428	0.121618	-0.283	0.283
   429	0.132409	-0.283	0.283
   430	0.14034	-0.283	0.283
   431	0.0987674	-0.283	0.283
   432	0.113907	-0.283	0.283
   433	0.147561	-0.283	0.283
   434	0.125385	-0.283	0.283
   435	0.128281	-0.283	0.283
   436	0.111434	-0.283	0.283
   437	0.141473	-0.283	0.283
   438	0.14361	-0.283	0.283
   439	0.113676	-0.283	0.283
   440	0.124677	-0.283	0.283
   441	0.148929	-0.283	0.283
   442	0.126529	-0.283	0.283
   443	0.13229	-0.283	0.283
   444	0.141405	-0.283	0.283
   445	0.144165	-0.283	0.283
   446	0.123429	-0.283	0.283
   447	0.14904	-0.283	0.283
   448	0.14165	-0.283	0.283
   449	0.111863	-0.283	0.283
   450	0.129211	-0.283	0.283
   451	0.141142	-0.283	0.283
   452	0.128779	-0.283	0.283
   453	0.121652	-0.283	0.283
   454	0.110666	-0.283	0.283
   455	0.14482	-0.283	0.283
   456	0.123782	-0.283	0.283
   457	0.107029	-0.283	0.283
   458	0.123816	-0.283	0.283
   459	0.136369	-0.283	0.283
   460	0.103366	-0.283	0.283
   461	0.121883	-0.283	0.283
   462	0.144906	-0.283	0.283
   463	0.139273	-0.283	0.283
   464	0.149057	-0.283	0.283
   465	0.131675	-0.283	0.283
   466	0.145694	-0.283	0.283
   467	0.125013	-0.283	0.283
   468	0.126323	-0.283	0.283
   469	0.129064	-0.283	0.283
   470	0.144067	-0.283	0.283
   471	0.129416	-0.283	0.283
   472	0.146999	-0.283	0.283
   473	0.120131	-0.283	0.283
   474	0.149391	-0.283	0.283
   475	0.145797	-0.283	0.283
   476	0.116234	-0.283	0.283
   477	0.138958	-0.283	0.283
   478	0.120465	-0.283	0.283
   479	0.146866	-0.283	0.283
   480	0.107217	-0.283	0.283
   481	0.1366	-0.283	0.283
   482	0.139083	-0.283	0.283
   483	0.088209	-0.283	0.283
   484	0.149846	-0.283	0.283
   485	0.134789	-0.283	0.283
   486	0.132185	-0.283	0.283
   487	0.121172	-0.283	0.283
   488	0.112185	-0.283	0.283
   489	0.126626	-0.283	0.283
   490	0.118987	-0.283	0.283
   491	0.140826	-0.283	0.283
   492	0.144191	-0.283	0.283
   493	0.104327	-0.283	0.283
   494	0.116613	-0.283	0.283
   495	0.135705	-0.283	0.283
   496	0.149832	-0.283	0.283
   497	0.139109	-0.283	0.283
   498	0.134481	-0.283	0.283
   499	0.12742	-0.283	0.283
   500	0.146126	-0.283	0.283
   501	0.12517	-0.283	0.283
   502	0.119917	-0.283	0.283
   503	0.133671	-0.283	0.283
   504	0.151366	-0.283	0.283
   505	0.129665	-0.283	0.283
   506	0.125961	-0.283	0.283
   507	0.115934	-0.283	0.283
   508	0.123087	-0.283	0.283
   509	0.14698	-0.283	0.283
   510	0.116375	-0.283	0.283
   511	0.0774673	-0.283	0.283
   512	0.133831	-0.283	0.283
   513	0.107381	-0.283	0.283
   514	0.146219	-0.283	0.283
   515	0.11623	-0.283	0.283
   516	0.125875	-0.283	0.283
   517	0.144079	-0.283	0.283
   518	0.115443	-0.283	0.283
   519	0.103737	-0.283	0.283
   520	0.111608	-0.283	0.283
   521	0.14723	-0.283	0.283
   522	0.0801613	-0.283	0.283
   523	0.133275	-0.283	0.283
   524	0.126363	-0.283	0.283
   525	0.0964756	-0.283	0.283
   526	0.0965661	-0.283	0.283
   527	0.137719	-0.283	0.283
   528	0.127605	-0.283	0.283
   529	0.14232	-0.283	0.283
   530	0.135048	-0.283	0.283
   531	0.128123	-0.283	0.283
   532	0.13014	-0.283	0.283
   533	0.141626	-0.283	0.283
   534	0.133729	-0.283	0.283
   535	0.148622	-0.283	0.283
   536	0.135137	-0.283	0.283
   537	0.137225	-0.283	0.283
   538	0.118233	-0.283	0.283
   539	0.111949	-0.283	0.283
   540	0.124374	-0.283	0.283
   541	0.0887241	-0.283	0.283
   542	0.145198	-0.283	0.283
   543	0.102591	-0.283	0.283
   544	0.106458	-0.283	0.283
   545	0.131959	-0.283	0.283
   546	0.117191	-0.283	0.283
   547	0.133702	-0.283	0.283
   548	0.0748634	-0.283	0.283
   549	0.14488	-0.283	0.283
   550	0.149735	-0.283	0.283
   551	0.14095	-0.283	0.283
   552	0.129194	-0.283	0.283
   553	0.140167	-0.283	0.283
   554	0.129696	-0.283	0.283
   555	0.0918724	-0.283	0.283
   556	0.0964295	-0.283	0.283
   557	0.14955	-0.283	0.283
   558	0.130285	-0.283	0.283
   559	0.117293	-0.283	0.283
   560	0.141541	-0.283	0.283
   561	0.122807	-0.283	0.283
   562	0.144924	-0.283	0.283
   563	0.0896478	-0.283	0.283
   564	0.146472	-0.283	0.283
   565	0.146292	-0.283	0.283
   566	0.105604	-0.283	0.283
   567	0.149637	-0.283	0.283
   568	0.115158	-0.283	0.283
   569	0.146485	-0.283	0.283
   570	0.136601	-0.283	0.283
   571	0.146809	-0.283	0.283
   572	0.129461	-0.283	0.283
   573	0.0998353	-0.283	0.283
   574	0.145973	-0.283	0.283
   575	0.13962	-0.283	0.283
   576	0.10887	-0.283	0.283
   577	0.12514	-0.283	0.283
   578	0.121344	-0.283	0.283
   579	0.145972	-0.283	0.283
   580	0.116786	-0.283	0.283
   581	0.150179	-0.283	0.283
   582	0.14548	-0.283	0.283
   583	0.0847822	-0.283	0.283
   584	0.133316	-0.283	0.283
   585	0.11446	-0.283	0.283
   586	0.119451	-0.283	0.283
   587	0.132701	-0.283	0.283
   588	0.103576	-0.283	0.283
   589	0.110407	-0.283	0.283
   590	0.145437	-0.283	0.283
   591	0.105269	-0.283	0.283
   592	0.136709	-0.283	0.283
   593	0.0892383	-0.283	0.283
   594	0.150163	-0.283	0.283
   595	0.148245	-0.283	0.283
   596	0.14883	-0.283	0.283
   597	0.0900238	-0.283	0.283
   598	0.148116	-0.283	0.283
   599	0.12667	-0.283	0.283
   600	0.149387	-0.283	0.283
   601	0.149862	-0.283	0.283
   602	0.122091	-0.283	0.283
   603	0.150551	-0.283	0.283
   604	0.116637	-0.283	0.283
   605	0.137022	-0.283	0.283
   606	0.126075	-0.283	0.283
   607	0.125887	-0.283	0.283
   608	0.140468	-0.283	0.283
   609	0.110488	-0.283	0.283
   610	0.139827	-0.283	0.283
   611	0.145693	-0.283	0.283
   612	0.0666616	-0.283	0.283
   613	0.126946	-0.283	0.283
   614	0.135161	-0.283	0.283
   615	0.123508	-0.283	0.283
   616	0.121018	-0.283	0.283
   617	0.143845	-0.283	0.283
   618	0.139254	-0.283	0.283
   619	0.0921756	-0.283	0.283
   620	0.141511	-0.283	0.283
   621	0.137182	-0.283	0.283
   622	0.124625	-0.283	0.283
   623	0.111197	-0.283	0.283
   624	0.113611	-0.283	0.283
   625	0.145751	-0.283	0.283
   626	0.14378	-0.283	0.283
   627	0.1141	-0.283	0.283
   628	0.117525	-0.283	0.283
   629	0.10707	-0.283	0.283
   630	0.0774182	-0.283	0.283
   631	0.116167	-0.283	0.283
   632	0.124312	-0.283	0.283
   633	0.133416	-0.283	0.283
   634	0.1336	-0.283	0.283
   635	0.0702549	-0.283	0.283
   636	0.140526	-0.283	0.283
   637	0.112393	-0.283	0.283
   638	0.1477	-0.283	0.283
   639	0.149114	-0.283	0.283
   640	0.133652	-0.283	0.283
   641	0.117753	-0.283	0.283
   642	0.118719	-0.283	0.283
   643	0.125118	-0.283	0.283
   644	0.121156	-0.283	0.283
   645	0.149974	-0.283	0.283
   646	0.0967064	-0.283	0.283
   647	0.138941	-0.283	0.283
   648	0.118386	-0.283	0.283
   649	0.091359	-0.283	0.283
   650	0.116196	-0.283	0.283
   651	0.142709	-0.283	0.283
   652	0.110604	-0.283	0.283
   653	0.140456	-0.283	0.283
   654	0.126231	-0.283	0.283
   655	0.097166	-0.283	0.283
   656	0.122973	-0.283	0.283
   657	0.132222	-0.283	0.283
   658	0.109581	-0.283	0.283
   659	0.135688	-0.283	0.283
   660	0.146956	-0.283	0.283
   661	0.126609	-0.283	0.283
   662	0.146218	-0.283	0.283
   663	0.110805	-0.283	0.283
   664	0.146845	-0.283	0.283
   665	0.143618	-0.283	0.283
   666	0.0877704	-0.283	0.283
   667	0.106104	-0.283	0.283
   668	0.136971	-0.283	0.283
   669	0.113466	-0.283	0.283
   670	0.111692	-0.283	0.283
   671	0.126317	-0.283	0.283
   672	0.142553	-0.283	0.283
   673	0.132516	-0.283	0.283
   674	0.108204	-0.283	0.283
   675	0.123363	-0.283	0.283
   676	0.148161	-0.283	0.283
   677	0.12379	-0.283	0.283
   678	0.135935	-0.283	0.283
   679	0.125974	-0.283	0.283
   680	0.122686	-0.283	0.283
   681	0.134235	-0.283	0.283
   682	0.147533	-0.283	0.283
   683	0.140888	-0.283	0.283
   684	0.14757	-0.283	0.283
   685	0.112627	-0.283	0.283
   686	0.114303	-0.283	0.283
   687	0.0937289	-0.283	0.283
   688	0.116812	-0.283	0.283
   689	0.123699	-0.283	0.283
   690	0.122678	-0.283	0.283
   691	0.140692	-0.283	0.283
   692	0.134114	-0.283	0.283
   693	0.139817	-0.283	0.283
   694	0.129659	-0.283	0.283
   695	0.113486	-0.283	0.283
   696	0.0933214	-0.283	0.283
   697	0.128581	-0.283	0.283
   698	0.0835484	-0.283	0.283
   699	0.118052	-0.283	0.283
   700	0.116192	-0.283	0.283
   701	0.149524	-0.283	0.283
   702	0.14551	-0.283	0.283
   703	0.109493	-0.283	0.283
   704	0.134262	-0.283	0.283
   705	0.144801	-0.283	0.283
   706	0.0837583	-0.283	0.283
   707	0.148031	-0.283	0.283
   708	0.0928103	-0.283	0.283
   709	0.138552	-0.283	0.283
   710	0.1495	-0.283	0.283
   711	0.133599	-0.283	0.283
   712	0.129008	-0.283	0.283
   713	0.146421	-0.283	0.283
   714	0.141404	-0.283	0.283
   715	0.107517	-0.283	0.283
   716	0.0986914	-0.283	0.283
   717	0.143981	-0.283	0.283
   718	0.126927	-0.283	0.283
   719	0.138058	-0.283	0.283
   720	0.130417	-0.283	0.283
   721	0.0766275	-0.283	0.283
   722	0.109124	-0.283	0.283
   723	0.0960932	-0.283	0.283
   724	0.12067	-0.283	0.283
   725	0.134259	-0.283	0.283
   726	0.139797	-0.283	0.283
   727	0.116429	-0.283	0.283
   728	0.120193	-0.283	0.283
   729	0.136771	-0.283	0.283
   730	0.142692	-0.283	0.283
   731	0.140695	-0.283	0.283
   732	0.144105	-0.283	0.283
   733	0.133698	-0.283	0.283
   734	0.129717	-0.283	0.283
   735	0.143275	-0.283	0.283
   736	0.132435	-0.283	0.283
   737	0.137387	-0.283	0.283
   738	0.148424	-0.283	0.283
   739	0.150796	-0.283	0.283
   740	0.138565	-0.283	0.283
   741	0.146114	-0.283	0.283
   742	0.0939806	-0.283	0.283
   743	0.130137	-0.283	0.283
   744	0.129433	-0.283	0.283
   745	0.143959	-0.283	0.283
   746	0.116006	-0.283	0.283
   747	0.148454	-0.283	0.283
   748	0.0971082	-0.283	0.283
   749	0.140886	-0.283	0.283
   750	0.144714	-0.283	0.283
   751	0.128901	-0.283	0.283
   752	0.124359	-0.283	0.283
   753	0.105829	-0.283	0.283
   754	0.111091	-0.283	0.283
   755	0.139371	-0.283	0.283
   756	0.143352	-0.283	0.283
   757	0.147043	-0.283	0.283
   758	0.138121	-0.283	0.283
   759	0.130181	-0.283	0.283
   760	0.109542	-0.283	0.283
   761	0.100015	-0.283	0.283
   762	0.139541	-0.283	0.283
   763	0.0930987	-0.283	0.283
   764	0.129358	-0.283	0.283
   765	0.145229	-0.283	0.283
   766	0.115403	-0.283	0.283
   767	0.14826	-0.283	0.283
   768	0.148299	-0.283	0.283
   769	0.10266	-0.283	0.283
   770	0.144456	-0.283	0.283
   771	0.12926	-0.283	0.283
   772	0.135511	-0.283	0.283
   773	0.143197	-0.283	0.283
   774	0.117684	-0.283	0.283
   775	0.0867371	-0.283	0.283
   776	0.104926	-0.283	0.283
   777	0.146272	-0.283	0.283
   778	0.120057	-0.283	0.283
   779	0.113967	-0.283	0.283
   780	0.129096	-0.283	0.283
   781	0.147088	-0.283	0.283
   782	0.11583	-0.283	0.283
   783	0.142141	-0.283	0.283
   784	0.122818	-0.283	0.283
   785	0.141707	-0.283	0.283
   786	0.124748	-0.283	0.283
   787	0.148741	-0.283	0.283
   788	0.129248	-0.283	0.283
   789	0.106468	-0.283	0.283
   790	0.121729	-0.283	0.283
   791	0.142256	-0.283	0.283
   792	0.127703	-0.283	0.283
   793	0.118671	-0.283	0.283
   794	0.137786	-0.283	0.283
   795	0.131071	-0.283	0.283
   796	0.14563	-0.283	0.283
   797	0.13926	-0.283	0.283
   798	0.111377	-0.283	0.283
   799	0.133968	-0.283	0.283
   800	0.124594	-0.283	0.283
   801	0.149874	-0.283	0.283
   802	0.088046	-0.283	0.283
   803	0.117725	-0.283	0.283
   804	0.149841	-0.283	0.283
   805	0.137091	-0.283	0.283
   806	0.11256	-0.283	0.283
   807	0.135992	-0.283	0.283
   808	0.112798	-0.283	0.283
   809	0.116744	-0.283	0.283
   810	0.126771	-0.283	0.283
   811	0.100461	-0.283	0.283
   812	0.0902153	-0.283	0.283
   813	0.111511	-0.283	0.283
   814	0.125336	-0.283	0.283
   815	0.0908471	-0.283	0.283
   816	0.104936	-0.283	0.283
   817	0.133209	-0.283	0.283
   818	0.116058	-0.283	0.283
   819	0.121115	-0.283	0.283
   820	0.142514	-0.283	0.283
   821	0.128616	-0.283	0.283
   822	0.117395	-0.283	0.283
   823	0.143763	-0.283	0.283
   824	0.0829246	-0.283	0.283
   825	0.110627	-0.283	0.283
   826	0.124886	-0.283	0.283
   827	0.146359	-0.283	0.283
   828	0.143174	-0.283	0.283
   829	0.135084	-0.283	0.283
   830	0.114493	-0.283	0.283
   831	0.125299	-0.283	0.283
   832	0.095528	-0.283	0.283
   833	0.127883	-0.283	0.283
   834	0.098087	-0.283	0.283
   835	0.121432	-0.283	0.283
   836	0.134099	-0.283	0.283
   837	0.109324	-0.283	0.283
   838	0.118746	-0.283	0.283
   839	0.121303	-0.283	0.283
   840	0.102022	-0.283	0.283
   841	0.145892	-0.283	0.283
   842	0.137906	-0.283	0.283
   843	0.111429	-0.283	0.283
   844	0.143046	-0.283	0.283
   845	0.144741	-0.283	0.283
   846	0.150124	-0.283	0.283
   847	0.134556	-0.283	0.283
   848	0.140341	-0.283	0.283
   849	0.137991	-0.283	0.283
   850	0.125838	-0.283	0.283
   851	0.129041	-0.283	0.283
   852	0.131886	-0.283	0.283
   853	0.0889921	-0.283	0.283
   854	0.103898	-0.283	0.283
   855	0.132366	-0.283	0.283
   856	0.146703	-0.283	0.283
   857	0.130354	-0.283	0.283
   858	0.141017	-0.283	0.283
   859	0.139552	-0.283	0.283
   860	0.144397	-0.283	0.283
   861	0.116483	-0.283	0.283
   862	0.146604	-0.283	0.283
   863	0.142736	-0.283	0.283
   864	0.113232	-0.283	0.283
   865	0.11793	-0.283	0.283
   866	0.112623	-0.283	0.283
   867	0.106548	-0.283	0.283
   868	0.12911	-0.283	0.283
   869	0.105228	-0.283	0.283
   870	0.105107	-0.283	0.283
   871	0.146621	-0.283	0.283
   872	0.114934	-0.283	0.283
   873	0.119031	-0.283	0.283
   874	0.1165	-0.283	0.283
   875	0.123441	-0.283	0.283
   876	0.122504	-0.283	0.283
   877	0.13683	-0.283	0.283
   878	0.140078	-0.283	0.283
   879	0.128482	-0.283	0.283
   880	0.141242	-0.283	0.283
   881	0.100292	-0.283	0.283
   882	0.0940483	-0.283	0.283
   883	0.100799	-0.283	0.283
   884	0.14305	-0.283	0.283
   885	0.148926	-0.283	0.283
   886	0.13926	-0.283	0.283
   887	0.141579	-0.283	0.283
   888	0.128354	-0.283	0.283
   889	0.11339	-0.283	0.283
   890	0.133977	-0.283	0.283
   891	0.0574195	-0.283	0.283
   892	0.150167	-0.283	0.283
   893	0.124663	-0.283	0.283
   894	0.105682	-0.283	0.283
   895	0.132075	-0.283	0.283
   896	0.120426	-0.283	0.283
   897	0.147533	-0.283	0.283
   898	0.138809	-0.283	0.283
   899	0.140873	-0.283	0.283
   900	0.13533	-0.283	0.283
   901	0.114032	-0.283	0.283
   902	0.130858	-0.283	0.283
   903	0.0904807	-0.283	0.283
   904	0.124188	-0.283	0.283
   905	0.13873	-0.283	0.283
   906	0.0856521	-0.283	0.283
   907	0.136549	-0.283	0.283
   908	0.123419	-0.283	0.283
   909	0.0991863	-0.283	0.283
   910	0.145247	-0.283	0.283
   911	0.111465	-0.283	0.283
   912	0.120315	-0.283	0.283
   913	0.130215	-0.283	0.283
   914	0.129341	-0.283	0.283
   915	0.119357	-0.283	0.283
   916	0.149281	-0.283	0.283
   917	0.138967	-0.283	0.283
   918	0.0893292	-0.283	0.283
   919	0.108922	-0.283	0.283
   920	0.132772	-0.283	0.283
   921	0.120299	-0.283	0.283
   922	0.0986924	-0.283	0.283
   923	0.128882	-0.283	0.283
   924	0.118236	-0.283	0.283
   925	0.132376	-0.283	0.283
   926	0.145301	-0.283	0.283
   927	0.0978774	-0.283	0.283
   928	0.0834282	-0.283	0.283
   929	0.103856	-0.283	0.283
   930	0.141314	-0.283	0.283
   931	0.121861	-0.283	0.283
   932	0.106607	-0.283	0.283
   933	0.12109	-0.283	0.283
   934	0.0995447	-0.283	0.283
   935	0.125491	-0.283	0.283
   936	0.114869	-0.283	0.283
   937	0.131983	-0.283	0.283
   938	0.0803905	-0.283	0.283
   939	0.135343	-0.283	0.283
   940	0.0791418	-0.283	0.283
   941	0.147024	-0.283	0.283
   942	0.095658	-0.283	0.283
   943	0.139654	-0.283	0.283
   944	0.136747	-0.283	0.283
   945	0.12758	-0.283	0.283
   946	0.143289	-0.283	0.283
   947	0.0714508	-0.283	0.283
   948	0.120132	-0.283	0.283
   949	0.142576	-0.283	0.283
   950	0.130281	-0.283	0.283
   951	0.129929	-0.283	0.283
   952	0.0945835	-0.283	0.283
   953	0.126861	-0.283	0.283
   954	0.133025	-0.283	0.283
   955	0.126017	-0.283	0.283
   956	0.113903	-0.283	0.283
   957	0.132701	-0.283	0.283
   958	0.139882	-0.283	0.283
   959	0.150278	-0.283	0.283
   960	0.132644	-0.283	0.283
   961	0.0825114	-0.283	0.283
   962	0.130499	-0.283	0.283
   963	0.123408	-0.283	0.283
   964	0.126265	-0.283	0.283
   965	0.122624	-0.283	0.283
   966	0.141965	-0.283	0.283
   967	0.137762	-0.283	0.283
   968	0.108824	-0.283	0.283
   969	0.135888	-0.283	0.283
   970	0.138273	-0.283	0.283
   971	0.118628	-0.283	0.283
   972	0.138001	-0.283	0.283
   973	0.136727	-0.283	0.283
   974	0.136784	-0.283	0.283
   975	0.0839398	-0.283	0.283
   976	0.14189	-0.283	0.283
   977	0.131131	-0.283	0.283
   978	0.14039	-0.283	0.283
   979	0.114778	-0.283	0.283
   980	0.139449	-0.283	0.283
   981	0.138245	-0.283	0.283
   982	0.132611	-0.283	0.283
   983	0.106053	-0.283	0.283
   984	0.127866	-0.283	0.283
   985	0.134143	-0.283	0.283
   986	0.141099	-0.283	0.283
   987	0.0940438	-0.283	0.283
   988	0.134688	-0.283	0.283
   989	0.128739	-0.283	0.283
   990	0.1386	-0.283	0.283
   991	0.149688	-0.283	0.283
   992	0.146728	-0.283	0.283
   993	0.111973	-0.283	0.283
   994	0.0780013	-0.283	0.283
   995	0.14658	-0.283	0.283
   996	0.114969	-0.283	0.283
   997	0.0875938	-0.283	0.283
   998	0.127017	-0.283	0.283
   999	0.142761	-0.283	0.283
  1000	0.141797	-0.283	0.283
  1001	0.111673	-0.283	0.283
  1002	0.145395	-0.283	0.283
  1003	0.118189	-0.283	0.283
  1004	0.144757	-0.283	0.283
  1005	0.117345	-0.283	0.283
  1006	0.0947531	-0.283	0.283
  1007	0.13386	-0.283	0.283
  1008	0.110306	-0.283	0.283
  1009	0.138953	-0.283	0.283
  1010	0.134659	-0.283	0.283
  1011	0.122022	-0.283	0.283
  1012	0.091169	-0.283	0.283
  1013	0.148575	-0.283	0.283
  1014	0.0801424	-0.283	0.283
  1015	0.146288	-0.283	0.283
  1016	0.104746	-0.283	0.283
  1017	0.110552	-0.283	0.283
  1018	0.145927	-0.283	0.283
  1019	0.136383	-0.283	0.283
  1020	0.148687	-0.283	0.283
  1021	0.0994729	-0.283	0.283
  1022	0.115933	-0.283	0.283
  1023	0.135421	-0.283	0.283
  1024	0.107059	-0.283	0.283
  1025	0.142042	-0.283	0.283
  1026	0.13501	-0.283	0.283
  1027	0.141803	-0.283	0.283
  1028	0.112181	-0.283	0.283
  1029	0.127763	-0.283	0.283
  1030	0.144016	-0.283	0.283
  1031	0.121457	-0.283	0.283
  1032	0.125785	-0.283	0.283
  1033	0.136645	-0.283	0.283
  1034	0.108069	-0.283	0.283
  1035	0.137134	-0.283	0.283
  1036	0.115659	-0.283	0.283
  1037	0.0900002	-0.283	0.283
  1038	0.0988185	-0.283	0.283
  1039	0.137523	-0.283	0.283
  1040	0.118821	-0.283	0.283
  1041	0.109601	-0.283	0.283
  1042	0.105202	-0.283	0.283
  1043	0.118281	-0.283	0.283
  1044	0.125768	-0.283	0.283
  1045	0.14166	-0.283	0.283
  1046	0.109841	-0.283	0.283
  1047	0.119658	-0.283	0.283
  1048	0.148954	-0.283	0.283
  1049	0.116265	-0.283	0.283
  1050	0.136528	-0.283	0.283
  1051	0.108096	-0.283	0.283
  1052	0.082736	-0.283	0.283
  1053	0.118989	-0.283	0.283
  1054	0.133328	-0.283	0.283
  1055	0.147014	-0.283	0.283
  1056	0.127181	-0.283	0.283
  1057	0.143147	-0.283	0.283
  1058	0.138167	-0.283	0.283
  1059	0.124224	-0.283	0.283
  1060	0.132825	-0.283	0.283
  1061	0.120452	-0.283	0.283
  1062	0.117641	-0.283	0.283
  1063	0.140494	-0.283	0.283
  1064	0.128105	-0.283	0.283
  1065	0.125566	-0.283	0.283
  1066	0.0735127	-0.283	0.283
  1067	0.107199	-0.283	0.283
  1068	0.130865	-0.283	0.283
  1069	0.105965	-0.283	0.283
  1070	0.1192	-0.283	0.283
  1071	0.141354	-0.283	0.283
  1072	0.130643	-0.283	0.283
  1073	0.147383	-0.283	0.283
  1074	0.146171	-0.283	0.283
  1075	0.138202	-0.283	0.283
  1076	0.12046	-0.283	0.283
  1077	0.139278	-0.283	0.283
  1078	0.128893	-0.283	0.283
  1079	0.112132	-0.283	0.283
  1080	0.108197	-0.283	0.283
  1081	0.123708	-0.283	0.283
  1082	0.1296	-0.283	0.283
  1083	0.135466	-0.283	0.283
  1084	0.0859125	-0.283	0.283
  1085	0.150255	-0.283	0.283
  1086	0.125351	-0.283	0.283
  1087	0.120137	-0.283	0.283
  1088	0.118905	-0.283	0.283
  1089	0.133115	-0.283	0.283
  1090	0.145032	-0.283	0.283
  1091	0.14173	-0.283	0.283
  1092	0.124785	-0.283	0.283
  1093	0.0996258	-0.283	0.283
  1094	0.14617	-0.283	0.283
  1095	0.120639	-0.283	0.283
  1096	0.128443	-0.283	0.283
  1097	0.145383	-0.283	0.283
  1098	0.1214	-0.283	0.283
  1099	0.135028	-0.283	0.283
  1100	0.127663	-0.283	0.283
  1101	0.119008	-0.283	0.283
  1102	0.116706	-0.283	0.283
  1103	0.134054	-0.283	0.283
  1104	0.147046	-0.283	0.283
  1105	0.120648	-0.283	0.283
  1106	0.107641	-0.283	0.283
  1107	0.12879	-0.283	0.283
  1108	0.148478	-0.283	0.283
  1109	0.139529	-0.283	0.283
  1110	0.109811	-0.283	0.283
  1111	0.103364	-0.283	0.283
  1112	0.149055	-0.283	0.283
  1113	0.144413	-0.283	0.283
  1114	0.12612	-0.283	0.283
  1115	0.106413	-0.283	0.283
  1116	0.132524	-0.283	0.283
  1117	0.142511	-0.283	0.283
  1118	0.140344	-0.283	0.283
  1119	0.0626601	-0.283	0.283
  1120	0.142995	-0.283	0.283
  1121	0.125484	-0.283	0.283
  1122	0.139482	-0.283	0.283
  1123	0.12819	-0.283	0.283
  1124	0.131859	-0.283	0.283
  1125	0.130989	-0.283	0.283
  1126	0.133032	-0.283	0.283
  1127	0.127784	-0.283	0.283
  1128	0.109283	-0.283	0.283
  1129	0.110707	-0.283	0.283
  1130	0.14469	-0.283	0.283
  1131	0.142064	-0.283	0.283
  1132	0.1281	-0.283	0.283
  1133	0.139253	-0.283	0.283
  1134	0.146847	-0.283	0.283
  1135	0.144743	-0.283	0.283
  1136	0.140023	-0.283	0.283
  1137	0.144149	-0.283	0.283
  1138	0.108947	-0.283	0.283
  1139	0.111853	-0.283	0.283
  1140	0.148026	-0.283	0.283
  1141	0.107597	-0.283	0.283
  1142	0.0973109	-0.283	0.283
  1143	0.14531	-0.283	0.283
  1144	0.131831	-0.283	0.283
  1145	0.141575	-0.283	0.283
  1146	0.143843	-0.283	0.283
  1147	0.144671	-0.283	0.283
  1148	0.115337	-0.283	0.283
  1149	0.120272	-0.283	0.283
  1150	0.145172	-0.283	0.283
  1151	0.100565	-0.283	0.283
  1152	0.129283	-0.283	0.283
  1153	0.0960589	-0.283	0.283
  1154	0.0986498	-0.283	0.283
  1155	0.145605	-0.283	0.283
  1156	0.147194	-0.283	0.283
  1157	0.114639	-0.283	0.283
  1158	0.15163	-0.283	0.283
  1159	0.116495	-0.283	0.283
  1160	0.105683	-0.283	0.283
  1161	0.141471	-0.283	0.283
  1162	0.142338	-0.283	0.283
  1163	0.135696	-0.283	0.283
  1164	0.143678	-0.283	0.283
  1165	0.148283	-0.283	0.283
  1166	0.132039	-0.283	0.283
  1167	0.147619	-0.283	0.283
  1168	0.080322	-0.283	0.283
  1169	0.133022	-0.283	0.283
  1170	0.14777	-0.283	0.283
  1171	0.129651	-0.283	0.283
  1172	0.139004	-0.283	0.283
  1173	0.135559	-0.283	0.283
  1174	0.139805	-0.283	0.283
  1175	0.142896	-0.283	0.283
  1176	0.135649	-0.283	0.283
  1177	0.141925	-0.283	0.283
  1178	0.122689	-0.283	0.283
  1179	0.105358	-0.283	0.283
  1180	0.12237	-0.283	0.283
  1181	0.146459	-0.283	0.283
  1182	0.149137	-0.283	0.283
  1183	0.103245	-0.283	0.283
  1184	0.119169	-0.283	0.283
  1185	0.146312	-0.283	0.283
  1186	0.147814	-0.283	0.283
  1187	0.128656	-0.283	0.283
  1188	0.132031	-0.283	0.283
  1189	0.149002	-0.283	0.283
  1190	0.134594	-0.283	0.283
  1191	0.147476	-0.283	0.283
  1192	0.116267	-0.283	0.283
  1193	0.0874953	-0.283	0.283
  1194	0.149832	-0.283	0.283
  1195	0.136696	-0.283	0.283
  1196	0.146488	-0.283	0.283
  1197	0.104784	-0.283	0.283
  1198	0.148192	-0.283	0.283
  1199	0.0580217	-0.283	0.283
  1200	0.135522	-0.283	0.283
  1201	0.134697	-0.283	0.283
  1202	0.138179	-0.283	0.283
  1203	0.128588	-0.283	0.283
  1204	0.0755876	-0.283	0.283
  1205	0.0772067	-0.283	0.283
  1206	0.0967494	-0.283	0.283
  1207	0.120337	-0.283	0.283
  1208	0.0792078	-0.283	0.283
  1209	0.148681	-0.283	0.283
  1210	0.119281	-0.283	0.283
  1211	0.146112	-0.283	0.283
  1212	0.133642	-0.283	0.283
  1213	0.116346	-0.283	0.283
  1214	0.140439	-0.283	0.283
  1215	0.109755	-0.283	0.283
  1216	0.0820394	-0.283	0.283
  1217	0.142199	-0.283	0.283
  1218	0.0857333	-0.283	0.283
  1219	0.147737	-0.283	0.283
  1220	0.129151	-0.283	0.283
  1221	0.139358	-0.283	0.283
  1222	0.127145	-0.283	0.283
  1223	0.139651	-0.283	0.283
  1224	0.142847	-0.283	0.283
  1225	0.147624	-0.283	0.283
  1226	0.116448	-0.283	0.283
  1227	0.103568	-0.283	0.283
  1228	0.14855	-0.283	0.283
  1229	0.141938	-0.283	0.283
  1230	0.121173	-0.283	0.283
  1231	0.121347	-0.283	0.283
  1232	0.083344	-0.283	0.283
  1233	0.133244	-0.283	0.283
  1234	0.115569	-0.283	0.283
  1235	0.130435	-0.283	0.283
  1236	0.141951	-0.283	0.283
  1237	0.106853	-0.283	0.283
  1238	0.147442	-0.283	0.283
  1239	0.0671096	-0.283	0.283
  1240	0.122452	-0.283	0.283
  1241	0.136741	-0.283	0.283
  1242	0.130645	-0.283	0.283
  1243	0.142458	-0.283	0.283
  1244	0.135485	-0.283	0.283
  1245	0.132664	-0.283	0.283
  1246	0.129276	-0.283	0.283
  1247	0.144908	-0.283	0.283
  1248	0.116309	-0.283	0.283
  1249	0.117505	-0.283	0.283
  1250	0.148517	-0.283	0.283
  1251	0.125937	-0.283	0.283
  1252	0.147867	-0.283	0.283
  1253	0.130642	-0.283	0.283
  1254	0.143481	-0.283	0.283
  1255	0.14682	-0.283	0.283
  1256	0.138592	-0.283	0.283
  1257	0.120994	-0.283	0.283
  1258	0.127611	-0.283	0.283
  1259	0.102955	-0.283	0.283
  1260	0.111301	-0.283	0.283
  1261	0.143744	-0.283	0.283
  1262	0.0802905	-0.283	0.283
  1263	0.144344	-0.283	0.283
  1264	0.150747	-0.283	0.283
  1265	0.145275	-0.283	0.283
  1266	0.0765616	-0.283	0.283
  1267	0.112704	-0.283	0.283
  1268	0.134247	-0.283	0.283
  1269	0.113059	-0.283	0.283
  1270	0.123595	-0.283	0.283
  1271	0.129354	-0.283	0.283
  1272	0.146133	-0.283	0.283
  1273	0.0686283	-0.283	0.283
  1274	0.113888	-0.283	0.283
  1275	0.145496	-0.283	0.283
  1276	0.0973772	-0.283	0.283
  1277	0.13823	-0.283	0.283
  1278	0.126794	-0.283	0.283
  1279	0.140033	-0.283	0.283
  1280	0.110166	-0.283	0.283
  1281	0.129594	-0.283	0.283
  1282	0.0902201	-0.283	0.283
  1283	0.127892	-0.283	0.283
  1284	0.0919179	-0.283	0.283
  1285	0.120574	-0.283	0.283
  1286	0.109931	-0.283	0.283
  1287	0.129845	-0.283	0.283
  1288	0.127894	-0.283	0.283
  1289	0.108804	-0.283	0.283
  1290	0.111776	-0.283	0.283
  1291	0.115572	-0.283	0.283
  1292	0.138317	-0.283	0.283
  1293	0.123438	-0.283	0.283
  1294	0.115218	-0.283	0.283
  1295	0.146766	-0.283	0.283
  1296	0.148272	-0.283	0.283
  1297	0.127975	-0.283	0.283
  1298	0.119968	-0.283	0.283
  1299	0.0822102	-0.283	0.283
  1300	0.108711	-0.283	0.283
  1301	0.149439	-0.283	0.283
  1302	0.107416	-0.283	0.283
  1303	0.115813	-0.283	0.283
  1304	0.115426	-0.283	0.283
  1305	0.106335	-0.283	0.283
  1306	0.148679	-0.283	0.283
  1307	0.143133	-0.283	0.283
  1308	0.148341	-0.283	0.283
  1309	0.0908686	-0.283	0.283
  1310	0.101488	-0.283	0.283
  1311	0.147155	-0.283	0.283
  1312	0.13204	-0.283	0.283
  1313	0.140765	-0.283	0.283
  1314	0.113427	-0.283	0.283
  1315	0.110058	-0.283	0.283
  1316	0.123357	-0.283	0.283
  1317	0.0913322	-0.283	0.283
  1318	0.145385	-0.283	0.283
  1319	0.135277	-0.283	0.283
  1320	0.115962	-0.283	0.283
  1321	0.140809	-0.283	0.283
  1322	0.116379	-0.283	0.283
  1323	0.127946	-0.283	0.283
  1324	0.12407	-0.283	0.283
  1325	0.14065	-0.283	0.283
  1326	0.126833	-0.283	0.283
  1327	0.13235	-0.283	0.283
  1328	0.124348	-0.283	0.283
  1329	0.140791	-0.283	0.283
  1330	0.119287	-0.283	0.283
  1331	0.115669	-0.283	0.283
  1332	0.0969804	-0.283	0.283
  1333	0.108608	-0.283	0.283
  1334	0.146154	-0.283	0.283
  1335	0.104839	-0.283	0.283
  1336	0.136272	-0.283	0.283
  1337	0.146325	-0.283	0.283
  1338	0.0986393	-0.283	0.283
  1339	0.132202	-0.283	0.283
  1340	0.105846	-0.283	0.283
  1341	0.113469	-0.283	0.283
  1342	0.120683	-0.283	0.283
  1343	0.133038	-0.283	0.283
  1344	0.112952	-0.283	0.283
  1345	0.0947861	-0.283	0.283
  1346	0.149584	-0.283	0.283
  1347	0.14039	-0.283	0.283
  1348	0.0913642	-0.283	0.283
  1349	0.106101	-0.283	0.283
  1350	0.132465	-0.283	0.283
  1351	0.116182	-0.283	0.283
  1352	0.12264	-0.283	0.283
  1353	0.119151	-0.283	0.283
  1354	0.134053	-0.283	0.283
  1355	0.134153	-0.283	0.283
  1356	0.148909	-0.283	0.283
  1357	0.145921	-0.283	0.283
  1358	0.1344	-0.283	0.283
  1359	0.137573	-0.283	0.283
  1360	0.128078	-0.283	0.283
  1361	0.126935	-0.283	0.283
  1362	0.144851	-0.283	0.283
  1363	0.125661	-0.283	0.283
  1364	0.139884	-0.283	0.283
  1365	0.0965289	-0.283	0.283
  1366	0.144393	-0.283	0.283
  1367	0.129932	-0.283	0.283
  1368	0.132158	-0.283	0.283
  1369	0.118951	-0.283	0.283
  1370	0.13384	-0.283	0.283
  1371	0.108878	-0.283	0.283
  1372	0.129479	-0.283	0.283
  1373	0.128703	-0.283	0.283
  1374	0.123443	-0.283	0.283
  1375	0.148418	-0.283	0.283
  1376	0.143447	-0.283	0.283
  1377	0.138752	-0.283	0.283
  1378	0.127132	-0.283	0.283
  1379	0.122048	-0.283	0.283
  1380	0.12674	-0.283	0.283
  1381	0.129829	-0.283	0.283
  1382	0.131608	-0.283	0.283
  1383	0.119457	-0.283	0.283
  1384	0.0951363	-0.283	0.283
  1385	0.143814	-0.283	0.283
  1386	0.149692	-0.283	0.283
  1387	0.133518	-0.283	0.283
  1388	0.130366	-0.283	0.283
  1389	0.140066	-0.283	0.283
  1390	0.138726	-0.283	0.283
  1391	0.146957	-0.283	0.283
  1392	0.144573	-0.283	0.283
  1393	0.109276	-0.283	0.283
  1394	0.0892032	-0.283	0.283
  1395	0.142514	-0.283	0.283
  1396	0.150678	-0.283	0.283
  1397	0.124511	-0.283	0.283
  1398	0.113545	-0.283	0.283
  1399	0.121591	-0.283	0.283
  1400	0.143558	-0.283	0.283
  1401	0.135308	-0.283	0.283
  1402	0.119959	-0.283	0.283
  1403	0.146043	-0.283	0.283
  1404	0.124674	-0.283	0.283
  1405	0.143778	-0.283	0.283
  1406	0.123154	-0.283	0.283
  1407	0.142679	-0.283	0.283
  1408	0.140699	-0.283	0.283
  1409	0.139565	-0.283	0.283
  1410	0.0773745	-0.283	0.283
  1411	0.0927916	-0.283	0.283
  1412	0.134326	-0.283	0.283
  1413	0.0953034	-0.283	0.283
  1414	0.133706	-0.283	0.283
  1415	0.149469	-0.283	0.283
  1416	0.147279	-0.283	0.283
  1417	0.14738	-0.283	0.283
  1418	0.110364	-0.283	0.283
  1419	0.145266	-0.283	0.283
  1420	0.144946	-0.283	0.283
  1421	0.137058	-0.283	0.283
  1422	0.144057	-0.283	0.283
  1423	0.142552	-0.283	0.283
  1424	0.0936093	-0.283	0.283
  1425	0.150227	-0.283	0.283
  1426	0.108417	-0.283	0.283
  1427	0.11219	-0.283	0.283
  1428	0.122256	-0.283	0.283
  1429	0.0808861	-0.283	0.283
  1430	0.137438	-0.283	0.283
  1431	0.113144	-0.283	0.283
  1432	0.134402	-0.283	0.283
  1433	0.0755457	-0.283	0.283
  1434	0.0832599	-0.283	0.283
  1435	0.0962861	-0.283	0.283
  1436	0.12954	-0.283	0.283
  1437	0.127373	-0.283	0.283
  1438	0.122907	-0.283	0.283
  1439	0.142713	-0.283	0.283
  1440	0.103221	-0.283	0.283
  1441	0.107256	-0.283	0.283
  1442	0.101778	-0.283	0.283
  1443	0.1233	-0.283	0.283
  1444	0.147304	-0.283	0.283
  1445	0.112304	-0.283	0.283
  1446	0.129098	-0.283	0.283
  1447	0.123263	-0.283	0.283
  1448	0.133294	-0.283	0.283
  1449	0.141059	-0.283	0.283
  1450	0.120148	-0.283	0.283
  1451	0.127912	-0.283	0.283
  1452	0.143163	-0.283	0.283
  1453	0.112457	-0.283	0.283
  1454	0.138475	-0.283	0.283
  1455	0.0979488	-0.283	0.283
  1456	0.142993	-0.283	0.283
  1457	0.145649	-0.283	0.283
  1458	0.12196	-0.283	0.283
  1459	0.130818	-0.283	0.283
  1460	0.124573	-0.283	0.283
  1461	0.130828	-0.283	0.283
  1462	0.108682	-0.283	0.283
  1463	0.143628	-0.283	0.283
  1464	0.100596	-0.283	0.283
  1465	0.145081	-0.283	0.283
  1466	0.118863	-0.283	0.283
  1467	0.103659	-0.283	0.283
  1468	0.128279	-0.283	0.283
  1469	0.125305	-0.283	0.283
  1470	0.137379	-0.283	0.283
  1471	0.114001	-0.283	0.283
  1472	0.103966	-0.283	0.283
  1473	0.139859	-0.283	0.283
  1474	0.126946	-0.283	0.283
  1475	0.1092	-0.283	0.283
  1476	0.0747599	-0.283	0.283
  1477	0.143685	-0.283	0.283
  1478	0.14842	-0.283	0.283
  1479	0.145511	-0.283	0.283
  1480	0.142108	-0.283	0.283
  1481	0.119816	-0.283	0.283
  1482	0.134366	-0.283	0.283
  1483	0.143535	-0.283	0.283
  1484	0.142438	-0.283	0.283
  1485	0.129042	-0.283	0.283
  1486	0.128438	-0.283	0.283
  1487	0.107089	-0.283	0.283
  1488	0.13393	-0.283	0.283
  1489	0.0929628	-0.283	0.283
  1490	0.131304	-0.283	0.283
  1491	0.120994	-0.283	0.283
  1492	0.141674	-0.283	0.283
  1493	0.127234	-0.283	0.283
  1494	0.137216	-0.283	0.283
  1495	0.107249	-0.283	0.283
  1496	0.0913469	-0.283	0.283
  1497	0.148934	-0.283	0.283
  1498	0.149657	-0.283	0.283
  1499	0.141907	-0.283	0.283
  1500	0.134794	-0.283	0.283
  1501	0.0981594	-0.283	0.283
  1502	0.122046	-0.283	0.283
  1503	0.125952	-0.283	0.283
  1504	0.096487	-0.283	0.283
  1505	0.106333	-0.283	0.283
  1506	0.135787	-0.283	0.283
  1507	0.0975729	-0.283	0.283
  1508	0.108692	-0.283	0.283
  1509	0.138097	-0.283	0.283
  1510	0.114985	-0.283	0.283
  1511	0.143235	-0.283	0.283
  1512	0.143091	-0.283	0.283
  1513	0.121417	-0.283	0.283
  1514	0.0883525	-0.283	0.283
  1515	0.147906	-0.283	0.283
  1516	0.135313	-0.283	0.283
  1517	0.129975	-0.283	0.283
  1518	0.123702	-0.283	0.283
  1519	0.0735169	-0.283	0.283
  1520	0.106872	-0.283	0.283
  1521	0.112756	-0.283	0.283
  1522	0.141875	-0.283	0.283
  1523	0.149019	-0.283	0.283
  1524	0.128696	-0.283	0.283
  1525	0.138057	-0.283	0.283
  1526	0.141694	-0.283	0.283
  1527	0.147895	-0.283	0.283
  1528	0.140938	-0.283	0.283
  1529	0.128766	-0.283	0.283
  1530	0.11897	-0.283	0.283
  1531	0.104809	-0.283	0.283
  1532	0.148523	-0.283	0.283
  1533	0.147718	-0.283	0.283
  1534	0.0858009	-0.283	0.283
  1535	0.143097	-0.283	0.283
  1536	0.134447	-0.283	0.283
  1537	0.147559	-0.283	0.283
  1538	0.122349	-0.283	0.283
  1539	0.138196	-0.283	0.283
  1540	0.104133	-0.283	0.283
  1541	0.14409	-0.283	0.283
  1542	0.13505	-0.283	0.283
  1543	0.108411	-0.283	0.283
  1544	0.126183	-0.283	0.283
  1545	0.145045	-0.283	0.283
  1546	0.108993	-0.283	0.283
  1547	0.117978	-0.283	0.283
  1548	0.134529	-0.283	0.283
  1549	0.0943446	-0.283	0.283
  1550	0.120663	-0.283	0.283
  1551	0.107163	-0.283	0.283
  1552	0.11302	-0.283	0.283
  1553	0.141079	-0.283	0.283
  1554	0.134755	-0.283	0.283
  1555	0.105753	-0.283	0.283
  1556	0.112232	-0.283	0.283
  1557	0.138546	-0.283	0.283
  1558	0.123318	-0.283	0.283
  1559	0.112348	-0.283	0.283
  1560	0.119786	-0.283	0.283
  1561	0.143009	-0.283	0.283
  1562	0.149193	-0.283	0.283
  1563	0.126081	-0.283	0.283
  1564	0.123763	-0.283	0.283
  1565	0.0993425	-0.283	0.283
  1566	0.121864	-0.283	0.283
  1567	0.129758	-0.283	0.283
  1568	0.122942	-0.283	0.283
  1569	0.118586	-0.283	0.283
  1570	0.150191	-0.283	0.283
  1571	0.129104	-0.283	0.283
  1572	0.133985	-0.283	0.283
  1573	0.133074	-0.283	0.283
  1574	0.140295	-0.283	0.283
  1575	0.136896	-0.283	0.283
  1576	0.150419	-0.283	0.283
  1577	0.133953	-0.283	0.283
  1578	0.129258	-0.283	0.283
  1579	0.146198	-0.283	0.283
  1580	0.143129	-0.283	0.283
  1581	0.0995136	-0.283	0.283
  1582	0.134075	-0.283	0.283
  1583	0.129378	-0.283	0.283
  1584	0.1037	-0.283	0.283
  1585	0.147457	-0.283	0.283
  1586	0.141423	-0.283	0.283
  1587	0.140214	-0.283	0.283
  1588	0.135926	-0.283	0.283
  1589	0.08053	-0.283	0.283
  1590	0.120436	-0.283	0.283
  1591	0.10431	-0.283	0.283
  1592	0.108086	-0.283	0.283
  1593	0.14975	-0.283	0.283
  1594	0.134014	-0.283	0.283
  1595	0.149942	-0.283	0.283
  1596	0.104352	-0.283	0.283
  1597	0.132692	-0.283	0.283
  1598	0.131472	-0.283	0.283
  1599	0.134546	-0.283	0.283
  1600	0.0994029	-0.283	0.283
  1601	0.144799	-0.283	0.283
  1602	0.102392	-0.283	0.283
  1603	0.146917	-0.283	0.283
  1604	0.0928023	-0.283	0.283
  1605	0.130216	-0.283	0.283
  1606	0.118097	-0.283	0.283
  1607	0.149827	-0.283	0.283
  1608	0.114206	-0.283	0.283
  1609	0.13377	-0.283	0.283
  1610	0.148356	-0.283	0.283
  1611	0.145422	-0.283	0.283
  1612	0.108288	-0.283	0.283
  1613	0.143621	-0.283	0.283
  1614	0.149976	-0.283	0.283
  1615	0.134	-0.283	0.283
  1616	0.116927	-0.283	0.283
  1617	0.141544	-0.283	0.283
  1618	0.127689	-0.283	0.283
  1619	0.146105	-0.283	0.283
  1620	0.150056	-0.283	0.283
  1621	0.0934077	-0.283	0.283
  1622	0.13332	-0.283	0.283
  1623	0.148922	-0.283	0.283
  1624	0.150265	-0.283	0.283
  1625	0.109708	-0.283	0.283
  1626	0.132378	-0.283	0.283
  1627	0.140778	-0.283	0.283
  1628	0.09704	-0.283	0.283
  1629	0.150096	-0.283	0.283
  1630	0.1165	-0.283	0.283
  1631	0.144655	-0.283	0.283
  1632	0.151903	-0.283	0.283
  1633	0.131864	-0.283	0.283
  1634	0.139076	-0.283	0.283
  1635	0.0914074	-0.283	0.283
  1636	0.121078	-0.283	0.283
  1637	0.109538	-0.283	0.283
  1638	0.13517	-0.283	0.283
  1639	0.113677	-0.283	0.283
  1640	0.097508	-0.283	0.283
  1641	0.135178	-0.283	0.283
  1642	0.115682	-0.283	0.283
  1643	0.136634	-0.283	0.283
  1644	0.112788	-0.283	0.283
  1645	0.132495	-0.283	0.283
  1646	0.124633	-0.283	0.283
  1647	0.132696	-0.283	0.283
  1648	0.102989	-0.283	0.283
  1649	0.120406	-0.283	0.283
  1650	0.108277	-0.283	0.283
  1651	0.119894	-0.283	0.283
  1652	0.129665	-0.283	0.283
  1653	0.128707	-0.283	0.283
  1654	0.146629	-0.283	0.283
  1655	0.143604	-0.283	0.283
  1656	0.0918515	-0.283	0.283
  1657	0.138297	-0.283	0.283
  1658	0.121461	-0.283	0.283
  1659	0.13917	-0.283	0.283
  1660	0.134379	-0.283	0.283
  1661	0.125828	-0.283	0.283
  1662	0.147689	-0.283	0.283
  1663	0.144969	-0.283	0.283
  1664	0.0904708	-0.283	0.283
  1665	0.146482	-0.283	0.283
  1666	0.100163	-0.283	0.283
  1667	0.148871	-0.283	0.283
  1668	0.121854	-0.283	0.283
  1669	0.138974	-0.283	0.283
  1670	0.0926977	-0.283	0.283
  1671	0.129155	-0.283	0.283
  1672	0.12846	-0.283	0.283
  1673	0.11668	-0.283	0.283
  1674	0.136083	-0.283	0.283
  1675	0.144039	-0.283	0.283
  1676	0.138406	-0.283	0.283
  1677	0.124005	-0.283	0.283
  1678	0.13298	-0.283	0.283
  1679	0.0877192	-0.283	0.283
  1680	0.14942	-0.283	0.283
  1681	0.094698	-0.283	0.283
  1682	0.123242	-0.283	0.283
  1683	0.113482	-0.283	0.283
  1684	0.120719	-0.283	0.283
  1685	0.130509	-0.283	0.283
  1686	0.0853158	-0.283	0.283
  1687	0.142502	-0.283	0.283
  1688	0.0820683	-0.283	0.283
  1689	0.0997377	-0.283	0.283
  1690	0.142309	-0.283	0.283
  1691	0.148174	-0.283	0.283
  1692	0.144569	-0.283	0.283
  1693	0.120268	-0.283	0.283
  1694	0.117695	-0.283	0.283
  1695	0.148151	-0.283	0.283
  1696	0.109663	-0.283	0.283
  1697	0.132975	-0.283	0.283
  1698	0.142628	-0.283	0.283
  1699	0.140174	-0.283	0.283
  1700	0.13483	-0.283	0.283
  1701	0.121462	-0.283	0.283
  1702	0.130966	-0.283	0.283
  1703	0.141903	-0.283	0.283
  1704	0.136738	-0.283	0.283
  1705	0.134807	-0.283	0.283
  1706	0.149676	-0.283	0.283
  1707	0.129244	-0.283	0.283
  1708	0.120242	-0.283	0.283
  1709	0.137626	-0.283	0.283
  1710	0.12347	-0.283	0.283
  1711	0.13495	-0.283	0.283
  1712	0.106885	-0.283	0.283
  1713	0.128862	-0.283	0.283
  1714	0.137605	-0.283	0.283
  1715	0.12789	-0.283	0.283
  1716	0.141357	-0.283	0.283
  1717	0.127484	-0.283	0.283
  1718	0.128106	-0.283	0.283
  1719	0.146429	-0.283	0.283
  1720	0.117402	-0.283	0.283
  1721	0.115684	-0.283	0.283
  1722	0.141021	-0.283	0.283
  1723	0.148535	-0.283	0.283
  1724	0.132475	-0.283	0.283
  1725	0.138723	-0.283	0.283
  1726	0.146964	-0.283	0.283
  1727	0.101605	-0.283	0.283
  1728	0.12154	-0.283	0.283
  1729	0.147822	-0.283	0.283
  1730	0.138393	-0.283	0.283
  1731	0.103803	-0.283	0.283
  1732	0.14027	-0.283	0.283
  1733	0.130801	-0.283	0.283
  1734	0.13144	-0.283	0.283
  1735	0.136285	-0.283	0.283
  1736	0.116211	-0.283	0.283
  1737	0.133989	-0.283	0.283
  1738	0.14942	-0.283	0.283
  1739	0.14741	-0.283	0.283
  1740	0.101892	-0.283	0.283
  1741	0.14539	-0.283	0.283
  1742	0.13909	-0.283	0.283
  1743	0.138694	-0.283	0.283
  1744	0.101066	-0.283	0.283
  1745	0.149751	-0.283	0.283
  1746	0.118492	-0.283	0.283
  1747	0.136041	-0.283	0.283
  1748	0.148181	-0.283	0.283
  1749	0.147377	-0.283	0.283
  1750	0.123069	-0.283	0.283
  1751	0.150468	-0.283	0.283
  1752	0.124936	-0.283	0.283
  1753	0.116334	-0.283	0.283
  1754	0.10432	-0.283	0.283
  1755	0.142757	-0.283	0.283
  1756	0.124956	-0.283	0.283
  1757	0.145371	-0.283	0.283
  1758	0.138763	-0.283	0.283
  1759	0.132855	-0.283	0.283
  1760	0.139965	-0.283	0.283
  1761	0.11191	-0.283	0.283
  1762	0.13785	-0.283	0.283
  1763	0.0929224	-0.283	0.283
  1764	0.147488	-0.283	0.283
  1765	0.139932	-0.283	0.283
  1766	0.143979	-0.283	0.283
  1767	0.139393	-0.283	0.283
  1768	0.13613	-0.283	0.283
  1769	0.14232	-0.283	0.283
  1770	0.102269	-0.283	0.283
  1771	0.113005	-0.283	0.283
  1772	0.136784	-0.283	0.283
  1773	0.140239	-0.283	0.283
  1774	0.151118	-0.283	0.283
  1775	0.136214	-0.283	0.283
  1776	0.128862	-0.283	0.283
  1777	0.147518	-0.283	0.283
  1778	0.122916	-0.283	0.283
  1779	0.102678	-0.283	0.283
  1780	0.0789329	-0.283	0.283
  1781	0.126527	-0.283	0.283
  1782	0.139132	-0.283	0.283
  1783	0.144293	-0.283	0.283
  1784	0.104611	-0.283	0.283
  1785	0.148231	-0.283	0.283
  1786	0.134732	-0.283	0.283
  1787	0.136347	-0.283	0.283
  1788	0.123386	-0.283	0.283
  1789	0.14511	-0.283	0.283
  1790	0.143273	-0.283	0.283
  1791	0.125929	-0.283	0.283
  1792	0.127592	-0.283	0.283
  1793	0.146595	-0.283	0.283
  1794	0.133238	-0.283	0.283
  1795	0.118683	-0.283	0.283
  1796	0.142043	-0.283	0.283
  1797	0.11172	-0.283	0.283
  1798	0.114224	-0.283	0.283
  1799	0.118021	-0.283	0.283
  1800	0.125376	-0.283	0.283
  1801	0.126401	-0.283	0.283
  1802	0.12882	-0.283	0.283
  1803	0.115893	-0.283	0.283
  1804	0.1379	-0.283	0.283
  1805	0.136102	-0.283	0.283
  1806	0.121573	-0.283	0.283
  1807	0.118566	-0.283	0.283
  1808	0.126943	-0.283	0.283
  1809	0.150281	-0.283	0.283
  1810	0.133369	-0.283	0.283
  1811	0.0921394	-0.283	0.283
  1812	0.136454	-0.283	0.283
  1813	0.132467	-0.283	0.283
  1814	0.134232	-0.283	0.283
  1815	0.151427	-0.283	0.283
  1816	0.14132	-0.283	0.283
  1817	0.12473	-0.283	0.283
  1818	0.138661	-0.283	0.283
  1819	0.139089	-0.283	0.283
  1820	0.12218	-0.283	0.283
  1821	0.142006	-0.283	0.283
  1822	0.121132	-0.283	0.283
  1823	0.149554	-0.283	0.283
  1824	0.145106	-0.283	0.283
  1825	0.131147	-0.283	0.283
  1826	0.135354	-0.283	0.283
  1827	0.146569	-0.283	0.283
  1828	0.127609	-0.283	0.283
  1829	0.126242	-0.283	0.283
  1830	0.141784	-0.283	0.283
  1831	0.111006	-0.283	0.283
  1832	0.097499	-0.283	0.283
  1833	0.114884	-0.283	0.283
  1834	0.140238	-0.283	0.283
  1835	0.146976	-0.283	0.283
  1836	0.149899	-0.283	0.283
  1837	0.0998308	-0.283	0.283
  1838	0.133642	-0.283	0.283
  1839	0.147267	-0.283	0.283
  1840	0.135188	-0.283	0.283
  1841	0.125841	-0.283	0.283
  1842	0.148669	-0.283	0.283
  1843	0.142394	-0.283	0.283
  1844	0.131652	-0.283	0.283
  1845	0.121483	-0.283	0.283
  1846	0.128565	-0.283	0.283
  1847	0.131865	-0.283	0.283
  1848	0.131969	-0.283	0.283
  1849	0.115437	-0.283	0.283
  1850	0.134568	-0.283	0.283
  1851	0.134761	-0.283	0.283
  1852	0.148807	-0.283	0.283
  1853	0.111235	-0.283	0.283
  1854	0.114391	-0.283	0.283
  1855	0.148464	-0.283	0.283
  1856	0.10407	-0.283	0.283
  1857	0.129845	-0.283	0.283
  1858	0.146021	-0.283	0.283
  1859	0.126385	-0.283	0.283
  1860	0.136017	-0.283	0.283
  1861	0.102713	-0.283	0.283
  1862	0.14925	-0.283	0.283
  1863	0.150167	-0.283	0.283
  1864	0.14247	-0.283	0.283
  1865	0.116214	-0.283	0.283
  1866	0.142729	-0.283	0.283
  1867	0.13082	-0.283	0.283
  1868	0.148968	-0.283	0.283
  1869	0.0867665	-0.283	0.283
  1870	0.145109	-0.283	0.283
  1871	0.147994	-0.283	0.283
  1872	0.123994	-0.283	0.283
  1873	0.133583	-0.283	0.283
  1874	0.117035	-0.283	0.283
  1875	0.125731	-0.283	0.283
  1876	0.11726	-0.283	0.283
  1877	0.111993	-0.283	0.283
  1878	0.132339	-0.283	0.283
  1879	0.136753	-0.283	0.283
  1880	0.11048	-0.283	0.283
  1881	0.131122	-0.283	0.283
  1882	0.0894365	-0.283	0.283
  1883	0.0745206	-0.283	0.283
  1884	0.114547	-0.283	0.283
  1885	0.109892	-0.283	0.283
  1886	0.10913	-0.283	0.283
  1887	0.0968736	-0.283	0.283
  1888	0.139103	-0.283	0.283
  1889	0.130572	-0.283	0.283
  1890	0.0534009	-0.283	0.283
  1891	0.147126	-0.283	0.283
  1892	0.0975214	-0.283	0.283
  1893	0.123095	-0.283	0.283
  1894	0.108132	-0.283	0.283
  1895	0.108754	-0.283	0.283
  1896	0.143743	-0.283	0.283
  1897	0.133304	-0.283	0.283
  1898	0.138405	-0.283	0.283
  1899	0.118673	-0.283	0.283
  1900	0.15111	-0.283	0.283
  1901	0.126788	-0.283	0.283
  1902	0.127071	-0.283	0.283
  1903	0.129871	-0.283	0.283
  1904	0.1373	-0.283	0.283
  1905	0.149732	-0.283	0.283
  1906	0.13087	-0.283	0.283
  1907	0.142851	-0.283	0.283
  1908	0.148445	-0.283	0.283
  1909	0.139032	-0.283	0.283
  1910	0.149794	-0.283	0.283
  1911	0.15056	-0.283	0.283
  1912	0.133824	-0.283	0.283
  1913	0.130851	-0.283	0.283
  1914	0.113302	-0.283	0.283
  1915	0.147824	-0.283	0.283
  1916	0.127925	-0.283	0.283
  1917	0.142391	-0.283	0.283
  1918	0.122971	-0.283	0.283
  1919	0.142181	-0.283	0.283
  1920	0.117731	-0.283	0.283
  1921	0.117559	-0.283	0.283
  1922	0.143413	-0.283	0.283
  1923	0.10805	-0.283	0.283
  1924	0.0949072	-0.283	0.283
  1925	0.110248	-0.283	0.283
  1926	0.133062	-0.283	0.283
  1927	0.145898	-0.283	0.283
  1928	0.104601	-0.283	0.283
  1929	0.140662	-0.283	0.283
  1930	0.12812	-0.283	0.283
  1931	0.139046	-0.283	0.283
  1932	0.141593	-0.283	0.283
  1933	0.129008	-0.283	0.283
  1934	0.126133	-0.283	0.283
  1935	0.121352	-0.283	0.283
  1936	0.113991	-0.283	0.283
  1937	0.147552	-0.283	0.283
  1938	0.108076	-0.283	0.283
  1939	0.0956548	-0.283	0.283
  1940	0.0643051	-0.283	0.283
  1941	0.129039	-0.283	0.283
  1942	0.122614	-0.283	0.283
  1943	0.115916	-0.283	0.283
  1944	0.107835	-0.283	0.283
  1945	0.135165	-0.283	0.283
  1946	0.134759	-0.283	0.283
  1947	0.149106	-0.283	0.283
  1948	0.137048	-0.283	0.283
  1949	0.128729	-0.283	0.283
  1950	0.130891	-0.283	0.283
  1951	0.122256	-0.283	0.283
  1952	0.110078	-0.283	0.283
  1953	0.11496	-0.283	0.283
  1954	0.119859	-0.283	0.283
  1955	0.146045	-0.283	0.283
  1956	0.118128	-0.283	0.283
  1957	0.150233	-0.283	0.283
  1958	0.139934	-0.283	0.283
  1959	0.150592	-0.283	0.283
  1960	0.128725	-0.283	0.283
  1961	0.142733	-0.283	0.283
  1962	0.12606	-0.283	0.283
  1963	0.10155	-0.283	0.283
  1964	0.117585	-0.283	0.283
  1965	0.123023	-0.283	0.283
  1966	0.144921	-0.283	0.283
  1967	0.131438	-0.283	0.283
  1968	0.0968697	-0.283	0.283
  1969	0.129399	-0.283	0.283
  1970	0.143884	-0.283	0.283
  1971	0.104099	-0.283	0.283
  1972	0.0876071	-0.283	0.283
  1973	0.124149	-0.283	0.283
  1974	0.1315	-0.283	0.283
  1975	0.146141	-0.283	0.283
  1976	0.14982	-0.283	0.283
  1977	0.134246	-0.283	0.283
  1978	0.111818	-0.283	0.283
  1979	0.126745	-0.283	0.283
  1980	0.1285	-0.283	0.283
  1981	0.145248	-0.283	0.283
  1982	0.12549	-0.283	0.283
  1983	0.129794	-0.283	0.283
  1984	0.150521	-0.283	0.283
  1985	0.130632	-0.283	0.283
  1986	0.122773	-0.283	0.283
  1987	0.101063	-0.283	0.283
  1988	0.136301	-0.283	0.283
  1989	0.138715	-0.283	0.283
  1990	0.130247	-0.283	0.283
  1991	0.123476	-0.283	0.283
  1992	0.0905199	-0.283	0.283
  1993	0.149076	-0.283	0.283
  1994	0.124864	-0.283	0.283
  1995	0.11536	-0.283	0.283
  1996	0.0941188	-0.283	0.283
  1997	0.112456	-0.283	0.283
  1998	0.121501	-0.283	0.283
  1999	0.132924	-0.283	0.283
  2000	0.134645	-0.283	0.283
  2001	0.146497	-0.283	0.283
  2002	0.14485	-0.283	0.283
  2003	0.116242	-0.283	0.283
  2004	0.148065	-0.283	0.283
  2005	0.126517	-0.283	0.283
  2006	0.142905	-0.283	0.283
  2007	0.142451	-0.283	0.283
  2008	0.118085	-0.283	0.283
  2009	0.134472	-0.283	0.283
  2010	0.0946903	-0.283	0.283
  2011	0.118796	-0.283	0.283
  2012	0.136926	-0.283	0.283
  2013	0.132038	-0.283	0.283
  2014	0.148479	-0.283	0.283
  2015	0.125841	-0.283	0.283
  2016	0.1492	-0.283	0.283
  2017	0.142311	-0.283	0.283
  2018	0.132299	-0.283	0.283
  2019	0.0981538	-0.283	0.283
  2020	0.150646	-0.283	0.283
  2021	0.149133	-0.283	0.283
  2022	0.109777	-0.283	0.283
  2023	0.118783	-0.283	0.283
  2024	0.115094	-0.283	0.283
  2025	0.147349	-0.283	0.283
  2026	0.110806	-0.283	0.283
  2027	0.102626	-0.283	0.283
  2028	0.146997	-0.283	0.283
  2029	0.143327	-0.283	0.283
  2030	0.0989422	-0.283	0.283
  2031	0.114557	-0.283	0.283
  2032	0.11945	-0.283	0.283
  2033	0.135081	-0.283	0.283
  2034	0.142723	-0.283	0.283
  2035	0.118187	-0.283	0.283
  2036	0.13327	-0.283	0.283
  2037	0.105408	-0.283	0.283
  2038	0.129523	-0.283	0.283
  2039	0.135713	-0.283	0.283
  2040	0.147426	-0.283	0.283
  2041	0.140531	-0.283	0.283
  2042	0.119475	-0.283	0.283
  2043	0.136416	-0.283	0.283
  2044	0.126624	-0.283	0.283
  2045	0.0855765	-0.283	0.283
  2046	0.140201	-0.283	0.283
  2047	0.10564	-0.283	0.283
  2048	0.135772	-0.283	0.283
  2049	0.137819	-0.283	0.283
  2050	0.130618	-0.283	0.283
  2051	0.147715	-0.283	0.283
  2052	0.125739	-0.283	0.283
  2053	0.113357	-0.283	0.283
  2054	0.146224	-0.283	0.283
  2055	0.111272	-0.283	0.283
  2056	0.100301	-0.283	0.283
  2057	0.119085	-0.283	0.283
  2058	0.123575	-0.283	0.283
  2059	0.089558	-0.283	0.283
  2060	0.146671	-0.283	0.283
  2061	0.146208	-0.283	0.283
  2062	0.137356	-0.283	0.283
  2063	0.129703	-0.283	0.283
  2064	0.0981081	-0.283	0.283
  2065	0.141607	-0.283	0.283
  2066	0.118691	-0.283	0.283
  2067	0.11422	-0.283	0.283
  2068	0.121685	-0.283	0.283
  2069	0.138826	-0.283	0.283
  2070	0.0870226	-0.283	0.283
  2071	0.13248	-0.283	0.283
  2072	0.147381	-0.283	0.283
  2073	0.14214	-0.283	0.283
  2074	0.1156	-0.283	0.283
  2075	0.137002	-0.283	0.283
  2076	0.0989357	-0.283	0.283
  2077	0.148673	-0.283	0.283
  2078	0.108097	-0.283	0.283
  2079	0.149237	-0.283	0.283
  2080	0.0812106	-0.283	0.283
  2081	0.136559	-0.283	0.283
  2082	0.108802	-0.283	0.283
  2083	0.146037	-0.283	0.283
  2084	0.124064	-0.283	0.283
  2085	0.109982	-0.283	0.283
  2086	0.131403	-0.283	0.283
  2087	0.149924	-0.283	0.283
  2088	0.0890386	-0.283	0.283
  2089	0.129829	-0.283	0.283
  2090	0.116432	-0.283	0.283
  2091	0.0985411	-0.283	0.283
  2092	0.0961058	-0.283	0.283
  2093	0.142902	-0.283	0.283
  2094	0.120975	-0.283	0.283
  2095	0.114425	-0.283	0.283
  2096	0.145724	-0.283	0.283
  2097	0.0986882	-0.283	0.283
  2098	0.120609	-0.283	0.283
  2099	0.145885	-0.283	0.283
  2100	0.150483	-0.283	0.283
  2101	0.0850344	-0.283	0.283
  2102	0.126776	-0.283	0.283
  2103	0.13214	-0.283	0.283
  2104	0.129669	-0.283	0.283
  2105	0.144503	-0.283	0.283
  2106	0.142541	-0.283	0.283
  2107	0.130303	-0.283	0.283
  2108	0.116083	-0.283	0.283
  2109	0.151146	-0.283	0.283
  2110	0.15062	-0.283	0.283
  2111	0.120202	-0.283	0.283
  2112	0.135573	-0.283	0.283
  2113	0.125495	-0.283	0.283
  2114	0.141984	-0.283	0.283
  2115	0.108532	-0.283	0.283
  2116	0.138546	-0.283	0.283
  2117	0.131876	-0.283	0.283
  2118	0.122732	-0.283	0.283
  2119	0.108698	-0.283	0.283
  2120	0.143636	-0.283	0.283
  2121	0.133301	-0.283	0.283
  2122	0.144124	-0.283	0.283
  2123	0.127623	-0.283	0.283
  2124	0.125655	-0.283	0.283
  2125	0.100359	-0.283	0.283
  2126	0.117252	-0.283	0.283
  2127	0.143423	-0.283	0.283
  2128	0.142076	-0.283	0.283
  2129	0.147983	-0.283	0.283
  2130	0.141371	-0.283	0.283
  2131	0.118688	-0.283	0.283
  2132	0.148891	-0.283	0.283
  2133	0.0832099	-0.283	0.283
  2134	0.14793	-0.283	0.283
  2135	0.144015	-0.283	0.283
  2136	0.137712	-0.283	0.283
  2137	0.121788	-0.283	0.283
  2138	0.114701	-0.283	0.283
  2139	0.134865	-0.283	0.283
  2140	0.123409	-0.283	0.283
  2141	0.148334	-0.283	0.283
  2142	0.137579	-0.283	0.283
  2143	0.136069	-0.283	0.283
  2144	0.109257	-0.283	0.283
  2145	0.121419	-0.283	0.283
  2146	0.113774	-0.283	0.283
  2147	0.11479	-0.283	0.283
  2148	0.111492	-0.283	0.283
  2149	0.115456	-0.283	0.283
  2150	0.148734	-0.283	0.283
  2151	0.0709651	-0.283	0.283
  2152	0.102723	-0.283	0.283
  2153	0.132912	-0.283	0.283
  2154	0.113422	-0.283	0.283
  2155	0.138995	-0.283	0.283
  2156	0.148634	-0.283	0.283
  2157	0.146404	-0.283	0.283
  2158	0.131817	-0.283	0.283
  2159	0.131598	-0.283	0.283
  2160	0.112954	-0.283	0.283
  2161	0.133659	-0.283	0.283
  2162	0.134614	-0.283	0.283
  2163	0.144773	-0.283	0.283
  2164	0.128976	-0.283	0.283
  2165	0.0927778	-0.283	0.283
  2166	0.122956	-0.283	0.283
  2167	0.116701	-0.283	0.283
  2168	0.141861	-0.283	0.283
  2169	0.147089	-0.283	0.283
  2170	0.129239	-0.283	0.283
  2171	0.109076	-0.283	0.283
  2172	0.0853788	-0.283	0.283
  2173	0.116085	-0.283	0.283
  2174	0.10811	-0.283	0.283
  2175	0.143474	-0.283	0.283
  2176	0.139064	-0.283	0.283
  2177	0.113029	-0.283	0.283
  2178	0.108356	-0.283	0.283
  2179	0.143084	-0.283	0.283
  2180	0.120541	-0.283	0.283
  2181	0.103828	-0.283	0.283
  2182	0.117022	-0.283	0.283
  2183	0.109993	-0.283	0.283
  2184	0.14439	-0.283	0.283
  2185	0.106067	-0.283	0.283
  2186	0.0976963	-0.283	0.283
  2187	0.0936207	-0.283	0.283
  2188	0.137174	-0.283	0.283
  2189	0.133911	-0.283	0.283
  2190	0.134953	-0.283	0.283
  2191	0.0973285	-0.283	0.283
  2192	0.127441	-0.283	0.283
  2193	0.130989	-0.283	0.283
  2194	0.120891	-0.283	0.283
  2195	0.14763	-0.283	0.283
  2196	0.07385	-0.283	0.283
  2197	0.132767	-0.283	0.283
  2198	0.143394	-0.283	0.283
  2199	0.135364	-0.283	0.283
  2200	0.124435	-0.283	0.283
  2201	0.139712	-0.283	0.283
  2202	0.121818	-0.283	0.283
  2203	0.119502	-0.283	0.283
  2204	0.137751	-0.283	0.283
  2205	0.131403	-0.283	0.283
  2206	0.132834	-0.283	0.283
  2207	0.0593666	-0.283	0.283
  2208	0.14719	-0.283	0.283
  2209	0.0876733	-0.283	0.283
  2210	0.125065	-0.283	0.283
  2211	0.11258	-0.283	0.283
  2212	0.147346	-0.283	0.283
  2213	0.141133	-0.283	0.283
  2214	0.151264	-0.283	0.283
  2215	0.13712	-0.283	0.283
  2216	0.112884	-0.283	0.283
  2217	0.148658	-0.283	0.283
  2218	0.145459	-0.283	0.283
  2219	0.0790498	-0.283	0.283
  2220	0.136621	-0.283	0.283
  2221	0.113024	-0.283	0.283
  2222	0.125154	-0.283	0.283
  2223	0.0708289	-0.283	0.283
  2224	0.112574	-0.283	0.283
  2225	0.128882	-0.283	0.283
  2226	0.142697	-0.283	0.283
  2227	0.123823	-0.283	0.283
  2228	0.142069	-0.283	0.283
  2229	0.14009	-0.283	0.283
  2230	0.0984838	-0.283	0.283
  2231	0.141282	-0.283	0.283
  2232	0.126717	-0.283	0.283
  2233	0.0920629	-0.283	0.283
  2234	0.124526	-0.283	0.283
  2235	0.140306	-0.283	0.283
  2236	0.10889	-0.283	0.283
  2237	0.147696	-0.283	0.283
  2238	0.132304	-0.283	0.283
  2239	0.0879287	-0.283	0.283
  2240	0.132705	-0.283	0.283
  2241	0.148903	-0.283	0.283
  2242	0.128324	-0.283	0.283
  2243	0.103599	-0.283	0.283
  2244	0.1321	-0.283	0.283
  2245	0.125199	-0.283	0.283
  2246	0.110378	-0.283	0.283
  2247	0.101953	-0.283	0.283
  2248	0.132049	-0.283	0.283
  2249	0.132254	-0.283	0.283
  2250	0.120807	-0.283	0.283
  2251	0.141568	-0.283	0.283
  2252	0.123405	-0.283	0.283
  2253	0.148822	-0.283	0.283
  2254	0.127554	-0.283	0.283
  2255	0.120039	-0.283	0.283
  2256	0.107656	-0.283	0.283
  2257	0.133526	-0.283	0.283
  2258	0.145805	-0.283	0.283
  2259	0.136992	-0.283	0.283
  2260	0.124915	-0.283	0.283
  2261	0.114298	-0.283	0.283
  2262	0.147112	-0.283	0.283
  2263	0.142172	-0.283	0.283
  2264	0.145575	-0.283	0.283
  2265	0.126343	-0.283	0.283
  2266	0.115781	-0.283	0.283
  2267	0.140991	-0.283	0.283
  2268	0.141641	-0.283	0.283
  2269	0.118867	-0.283	0.283
  2270	0.129177	-0.283	0.283
  2271	0.116676	-0.283	0.283
  2272	0.136101	-0.283	0.283
  2273	0.137688	-0.283	0.283
  2274	0.131255	-0.283	0.283
  2275	0.119691	-0.283	0.283
  2276	0.145577	-0.283	0.283
  2277	0.132462	-0.283	0.283
  2278	0.0806983	-0.283	0.283
  2279	0.116562	-0.283	0.283
  2280	0.141586	-0.283	0.283
  2281	0.138549	-0.283	0.283
  2282	0.126414	-0.283	0.283
  2283	0.137295	-0.283	0.283
  2284	0.142168	-0.283	0.283
  2285	0.117417	-0.283	0.283
  2286	0.0912105	-0.283	0.283
  2287	0.143723	-0.283	0.283
  2288	0.143534	-0.283	0.283
  2289	0.104461	-0.283	0.283
  2290	0.135245	-0.283	0.283
  2291	0.115303	-0.283	0.283
  2292	0.138141	-0.283	0.283
  2293	0.11524	-0.283	0.283
  2294	0.107812	-0.283	0.283
  2295	0.142312	-0.283	0.283
  2296	0.138407	-0.283	0.283
  2297	0.112406	-0.283	0.283
  2298	0.110749	-0.283	0.283
  2299	0.134994	-0.283	0.283
  2300	0.136337	-0.283	0.283
  2301	0.145266	-0.283	0.283
  2302	0.107427	-0.283	0.283
  2303	0.136178	-0.283	0.283
  2304	0.149974	-0.283	0.283
  2305	0.148615	-0.283	0.283
  2306	0.108984	-0.283	0.283
  2307	0.144807	-0.283	0.283
  2308	0.115544	-0.283	0.283
  2309	0.0887949	-0.283	0.283
  2310	0.142682	-0.283	0.283
  2311	0.0674624	-0.283	0.283
  2312	0.11172	-0.283	0.283
  2313	0.145983	-0.283	0.283
  2314	0.128031	-0.283	0.283
  2315	0.128432	-0.283	0.283
  2316	0.134321	-0.283	0.283
  2317	0.129515	-0.283	0.283
  2318	0.126391	-0.283	0.283
  2319	0.105455	-0.283	0.283
  2320	0.143413	-0.283	0.283
  2321	0.150063	-0.283	0.283
  2322	0.133857	-0.283	0.283
  2323	0.11607	-0.283	0.283
  2324	0.0998606	-0.283	0.283
  2325	0.141673	-0.283	0.283
  2326	0.130021	-0.283	0.283
  2327	0.139972	-0.283	0.283
  2328	0.120338	-0.283	0.283
  2329	0.122969	-0.283	0.283
  2330	0.149411	-0.283	0.283
  2331	0.136998	-0.283	0.283
  2332	0.145269	-0.283	0.283
  2333	0.142985	-0.283	0.283
  2334	0.14921	-0.283	0.283
  2335	0.108043	-0.283	0.283
  2336	0.147424	-0.283	0.283
  2337	0.109515	-0.283	0.283
  2338	0.126636	-0.283	0.283
  2339	0.11599	-0.283	0.283
  2340	0.114366	-0.283	0.283
  2341	0.116262	-0.283	0.283
  2342	0.147963	-0.283	0.283
  2343	0.116355	-0.283	0.283
  2344	0.144123	-0.283	0.283
  2345	0.105994	-0.283	0.283
  2346	0.108553	-0.283	0.283
  2347	0.147869	-0.283	0.283
  2348	0.111833	-0.283	0.283
  2349	0.146879	-0.283	0.283
  2350	0.0896011	-0.283	0.283
  2351	0.139003	-0.283	0.283
  2352	0.134389	-0.283	0.283
  2353	0.11758	-0.283	0.283
  2354	0.143296	-0.283	0.283
  2355	0.132495	-0.283	0.283
  2356	0.106701	-0.283	0.283
  2357	0.103152	-0.283	0.283
  2358	0.116247	-0.283	0.283
  2359	0.124561	-0.283	0.283
  2360	0.13177	-0.283	0.283
  2361	0.141535	-0.283	0.283
  2362	0.112957	-0.283	0.283
  2363	0.0790855	-0.283	0.283
  2364	0.116031	-0.283	0.283
  2365	0.136751	-0.283	0.283
  2366	0.140506	-0.283	0.283
  2367	0.105193	-0.283	0.283
  2368	0.10122	-0.283	0.283
  2369	0.124972	-0.283	0.283
  2370	0.143794	-0.283	0.283
  2371	0.149981	-0.283	0.283
  2372	0.145684	-0.283	0.283
  2373	0.11371	-0.283	0.283
  2374	0.11952	-0.283	0.283
  2375	0.132413	-0.283	0.283
  2376	0.098515	-0.283	0.283
  2377	0.112197	-0.283	0.283
  2378	0.140409	-0.283	0.283
  2379	0.130298	-0.283	0.283
  2380	0.119858	-0.283	0.283
  2381	0.145796	-0.283	0.283
  2382	0.125296	-0.283	0.283
  2383	0.139385	-0.283	0.283
  2384	0.10849	-0.283	0.283
  2385	0.117063	-0.283	0.283
  2386	0.141109	-0.283	0.283
  2387	0.120097	-0.283	0.283
  2388	0.139062	-0.283	0.283
  2389	0.142879	-0.283	0.283
  2390	0.146062	-0.283	0.283
  2391	0.138318	-0.283	0.283
  2392	0.144209	-0.283	0.283
  2393	0.137153	-0.283	0.283
  2394	0.124327	-0.283	0.283
  2395	0.106084	-0.283	0.283
  2396	0.141633	-0.283	0.283
  2397	0.128896	-0.283	0.283
  2398	0.136937	-0.283	0.283
  2399	0.112951	-0.283	0.283
  2400	0.124167	-0.283	0.283
  2401	0.137251	-0.283	0.283
  2402	0.0999849	-0.283	0.283
  2403	0.0720215	-0.283	0.283
  2404	0.111787	-0.283	0.283
  2405	0.0944201	-0.283	0.283
  2406	0.138461	-0.283	0.283
  2407	0.131314	-0.283	0.283
  2408	0.145129	-0.283	0.283
  2409	0.133194	-0.283	0.283
  2410	0.110292	-0.283	0.283
  2411	0.146665	-0.283	0.283
  2412	0.129738	-0.283	0.283
  2413	0.121938	-0.283	0.283
  2414	0.14237	-0.283	0.283
  2415	0.148156	-0.283	0.283
  2416	0.103945	-0.283	0.283
  2417	0.148321	-0.283	0.283
  2418	0.12796	-0.283	0.283
  2419	0.105366	-0.283	0.283
  2420	0.119761	-0.283	0.283
  2421	0.132742	-0.283	0.283
  2422	0.136588	-0.283	0.283
  2423	0.146179	-0.283	0.283
  2424	0.140408	-0.283	0.283
  2425	0.115986	-0.283	0.283
  2426	0.147574	-0.283	0.283
  2427	0.119818	-0.283	0.283
  2428	0.127785	-0.283	0.283
  2429	0.132238	-0.283	0.283
  2430	0.129069	-0.283	0.283
  2431	0.146224	-0.283	0.283
  2432	0.124713	-0.283	0.283
  2433	0.134608	-0.283	0.283
  2434	0.135355	-0.283	0.283
  2435	0.13329	-0.283	0.283
  2436	0.130669	-0.283	0.283
  2437	0.100958	-0.283	0.283
  2438	0.139939	-0.283	0.283
  2439	0.125331	-0.283	0.283
  2440	0.13222	-0.283	0.283
  2441	0.12427	-0.283	0.283
  2442	0.1427	-0.283	0.283
  2443	0.142573	-0.283	0.283
  2444	0.101491	-0.283	0.283
  2445	0.149371	-0.283	0.283
  2446	0.127403	-0.283	0.283
  2447	0.144356	-0.283	0.283
  2448	0.122128	-0.283	0.283
  2449	0.130806	-0.283	0.283
  2450	0.144288	-0.283	0.283
  2451	0.125946	-0.283	0.283
  2452	0.104677	-0.283	0.283
  2453	0.121567	-0.283	0.283
  2454	0.136008	-0.283	0.283
  2455	0.117807	-0.283	0.283
  2456	0.147084	-0.283	0.283
  2457	0.149241	-0.283	0.283
  2458	0.13883	-0.283	0.283
  2459	0.13985	-0.283	0.283
  2460	0.105147	-0.283	0.283
  2461	0.131453	-0.283	0.283
  2462	0.103517	-0.283	0.283
  2463	0.1376	-0.283	0.283
  2464	0.119021	-0.283	0.283
  2465	0.0934231	-0.283	0.283
  2466	0.13782	-0.283	0.283
  2467	0.103744	-0.283	0.283
  2468	0.133622	-0.283	0.283
  2469	0.146748	-0.283	0.283
  2470	0.144156	-0.283	0.283
  2471	0.0782839	-0.283	0.283
  2472	0.133054	-0.283	0.283
  2473	0.126918	-0.283	0.283
  2474	0.121998	-0.283	0.283
  2475	0.124357	-0.283	0.283
  2476	0.124196	-0.283	0.283
  2477	0.143492	-0.283	0.283
  2478	0.135991	-0.283	0.283
  2479	0.144794	-0.283	0.283
  2480	0.130361	-0.283	0.283
  2481	0.108551	-0.283	0.283
  2482	0.0856975	-0.283	0.283
  2483	0.126922	-0.283	0.283
  2484	0.110567	-0.283	0.283
  2485	0.113714	-0.283	0.283
  2486	0.138802	-0.283	0.283
  2487	0.141404	-0.283	0.283
  2488	0.138349	-0.283	0.283
  2489	0.143795	-0.283	0.283
  2490	0.130559	-0.283	0.283
  2491	0.13475	-0.283	0.283
  2492	0.110468	-0.283	0.283
  2493	0.105561	-0.283	0.283
  2494	0.1289	-0.283	0.283
  2495	0.131964	-0.283	0.283
  2496	0.123914	-0.283	0.283
  2497	0.146138	-0.283	0.283
  2498	0.116287	-0.283	0.283
  2499	0.135994	-0.283	0.283
  2500	0.0891864	-0.283	0.283
  2501	0.124411	-0.283	0.283
  2502	0.115988	-0.283	0.283
  2503	0.140538	-0.283	0.283
  2504	0.140448	-0.283	0.283
  2505	0.0672029	-0.283	0.283
  2506	0.132193	-0.283	0.283
  2507	0.145654	-0.283	0.283
  2508	0.124754	-0.283	0.283
  2509	0.13946	-0.283	0.283
  2510	0.127776	-0.283	0.283
  2511	0.119454	-0.283	0.283
  2512	0.134055	-0.283	0.283
  2513	0.113131	-0.283	0.283
  2514	0.149289	-0.283	0.283
  2515	0.142069	-0.283	0.283
  2516	0.125045	-0.283	0.283
  2517	0.0858811	-0.283	0.283
  2518	0.121302	-0.283	0.283
  2519	0.136015	-0.283	0.283
  2520	0.119661	-0.283	0.283
  2521	0.135664	-0.283	0.283
  2522	0.143501	-0.283	0.283
  2523	0.111425	-0.283	0.283
  2524	0.136318	-0.283	0.283
  2525	0.146396	-0.283	0.283
  2526	0.143118	-0.283	0.283
  2527	0.14797	-0.283	0.283
  2528	0.108643	-0.283	0.283
  2529	0.114691	-0.283	0.283
  2530	0.123579	-0.283	0.283
  2531	0.147299	-0.283	0.283
  2532	0.120025	-0.283	0.283
  2533	0.0963124	-0.283	0.283
  2534	0.147915	-0.283	0.283
  2535	0.126945	-0.283	0.283
  2536	0.125345	-0.283	0.283
  2537	0.139327	-0.283	0.283
  2538	0.111145	-0.283	0.283
  2539	0.148499	-0.283	0.283
  2540	0.138857	-0.283	0.283
  2541	0.123052	-0.283	0.283
  2542	0.146523	-0.283	0.283
  2543	0.111189	-0.283	0.283
  2544	0.126026	-0.283	0.283
  2545	0.145439	-0.283	0.283
  2546	0.135777	-0.283	0.283
  2547	0.146117	-0.283	0.283
  2548	0.151311	-0.283	0.283
  2549	0.105828	-0.283	0.283
  2550	0.141227	-0.283	0.283
  2551	0.112282	-0.283	0.283
  2552	0.134856	-0.283	0.283
  2553	0.120627	-0.283	0.283
  2554	0.140782	-0.283	0.283
  2555	0.110849	-0.283	0.283
  2556	0.101242	-0.283	0.283
  2557	0.106101	-0.283	0.283
  2558	0.108439	-0.283	0.283
  2559	0.119829	-0.283	0.283
  2560	0.105107	-0.283	0.283
  2561	0.109236	-0.283	0.283
  2562	0.147128	-0.283	0.283
  2563	0.14304	-0.283	0.283
  2564	0.139885	-0.283	0.283
  2565	0.134933	-0.283	0.283
  2566	0.120852	-0.283	0.283
  2567	0.116422	-0.283	0.283
  2568	0.117602	-0.283	0.283
  2569	0.103705	-0.283	0.283
  2570	0.135645	-0.283	0.283
  2571	0.138534	-0.283	0.283
  2572	0.132158	-0.283	0.283
  2573	0.132785	-0.283	0.283
  2574	0.121139	-0.283	0.283
  2575	0.138677	-0.283	0.283
  2576	0.117222	-0.283	0.283
  2577	0.109812	-0.283	0.283
  2578	0.136883	-0.283	0.283
  2579	0.142951	-0.283	0.283
  2580	0.149795	-0.283	0.283
  2581	0.136985	-0.283	0.283
  2582	0.111933	-0.283	0.283
  2583	0.137786	-0.283	0.283
  2584	0.134824	-0.283	0.283
  2585	0.10405	-0.283	0.283
  2586	0.133272	-0.283	0.283
  2587	0.146799	-0.283	0.283
  2588	0.0832613	-0.283	0.283
  2589	0.112756	-0.283	0.283
  2590	0.135957	-0.283	0.283
  2591	0.123934	-0.283	0.283
  2592	0.136326	-0.283	0.283
  2593	0.128905	-0.283	0.283
  2594	0.147212	-0.283	0.283
  2595	0.134636	-0.283	0.283
  2596	0.127726	-0.283	0.283
  2597	0.116105	-0.283	0.283
  2598	0.140548	-0.283	0.283
  2599	0.139203	-0.283	0.283
  2600	0.131875	-0.283	0.283
  2601	0.111998	-0.283	0.283
  2602	0.115564	-0.283	0.283
  2603	0.149993	-0.283	0.283
  2604	0.144983	-0.283	0.283
  2605	0.128137	-0.283	0.283
  2606	0.145799	-0.283	0.283
  2607	0.147022	-0.283	0.283
  2608	0.110337	-0.283	0.283
  2609	0.147965	-0.283	0.283
  2610	0.109958	-0.283	0.283
  2611	0.142714	-0.283	0.283
  2612	0.133706	-0.283	0.283
  2613	0.138975	-0.283	0.283
  2614	0.138003	-0.283	0.283
  2615	0.141513	-0.283	0.283
  2616	0.14713	-0.283	0.283
  2617	0.144439	-0.283	0.283
  2618	0.147725	-0.283	0.283
  2619	0.12987	-0.283	0.283
  2620	0.150193	-0.283	0.283
  2621	0.142344	-0.283	0.283
  2622	0.146194	-0.283	0.283
  2623	0.139264	-0.283	0.283
  2624	0.116933	-0.283	0.283
  2625	0.140974	-0.283	0.283
  2626	0.128482	-0.283	0.283
  2627	0.120306	-0.283	0.283
  2628	0.097878	-0.283	0.283
  2629	0.147237	-0.283	0.283
  2630	0.12252	-0.283	0.283
  2631	0.148687	-0.283	0.283
  2632	0.122497	-0.283	0.283
  2633	0.127416	-0.283	0.283
  2634	0.106965	-0.283	0.283
  2635	0.121814	-0.283	0.283
  2636	0.126798	-0.283	0.283
  2637	0.128345	-0.283	0.283
  2638	0.0946326	-0.283	0.283
  2639	0.126086	-0.283	0.283
  2640	0.124342	-0.283	0.283
  2641	0.130079	-0.283	0.283
  2642	0.120697	-0.283	0.283
  2643	0.135106	-0.283	0.283
  2644	0.105271	-0.283	0.283
  2645	0.122892	-0.283	0.283
  2646	0.138199	-0.283	0.283
  2647	0.10346	-0.283	0.283
  2648	0.138286	-0.283	0.283
  2649	0.145775	-0.283	0.283
  2650	0.122645	-0.283	0.283
  2651	0.14049	-0.283	0.283
  2652	0.110387	-0.283	0.283
  2653	0.109581	-0.283	0.283
  2654	0.110122	-0.283	0.283
  2655	0.146128	-0.283	0.283
  2656	0.139163	-0.283	0.283
  2657	0.139366	-0.283	0.283
  2658	0.12337	-0.283	0.283
  2659	0.141795	-0.283	0.283
  2660	0.136693	-0.283	0.283
  2661	0.135713	-0.283	0.283
  2662	0.147696	-0.283	0.283
  2663	0.127367	-0.283	0.283
  2664	0.135293	-0.283	0.283
  2665	0.143143	-0.283	0.283
  2666	0.090886	-0.283	0.283
  2667	0.133976	-0.283	0.283
  2668	0.121013	-0.283	0.283
  2669	0.141743	-0.283	0.283
  2670	0.128304	-0.283	0.283
  2671	0.101325	-0.283	0.283
  2672	0.119722	-0.283	0.283
  2673	0.1381	-0.283	0.283
  2674	0.108123	-0.283	0.283
  2675	0.121884	-0.283	0.283
  2676	0.118581	-0.283	0.283
  2677	0.121564	-0.283	0.283
  2678	0.119069	-0.283	0.283
  2679	0.140893	-0.283	0.283
  2680	0.141726	-0.283	0.283
  2681	0.12078	-0.283	0.283
  2682	0.145992	-0.283	0.283
  2683	0.134807	-0.283	0.283
  2684	0.123233	-0.283	0.283
  2685	0.110664	-0.283	0.283
  2686	0.141122	-0.283	0.283
  2687	0.112078	-0.283	0.283
  2688	0.101185	-0.283	0.283
  2689	0.122385	-0.283	0.283
  2690	0.138	-0.283	0.283
  2691	0.122261	-0.283	0.283
  2692	0.101611	-0.283	0.283
  2693	0.1488	-0.283	0.283
  2694	0.140465	-0.283	0.283
  2695	0.13334	-0.283	0.283
  2696	0.109639	-0.283	0.283
  2697	0.130215	-0.283	0.283
  2698	0.0934089	-0.283	0.283
  2699	0.122483	-0.283	0.283
  2700	0.132857	-0.283	0.283
  2701	0.142464	-0.283	0.283
  2702	0.135115	-0.283	0.283
  2703	0.0940935	-0.283	0.283
  2704	0.119922	-0.283	0.283
  2705	0.147317	-0.283	0.283
  2706	0.13824	-0.283	0.283
  2707	0.141137	-0.283	0.283
  2708	0.118542	-0.283	0.283
  2709	0.0747872	-0.283	0.283
  2710	0.147215	-0.283	0.283
  2711	0.126807	-0.283	0.283
  2712	0.117997	-0.283	0.283
  2713	0.149229	-0.283	0.283
  2714	0.140098	-0.283	0.283
  2715	0.133654	-0.283	0.283
  2716	0.106301	-0.283	0.283
  2717	0.102579	-0.283	0.283
  2718	0.144234	-0.283	0.283
  2719	0.145807	-0.283	0.283
  2720	0.0883208	-0.283	0.283
  2721	0.101908	-0.283	0.283
  2722	0.109728	-0.283	0.283
  2723	0.10983	-0.283	0.283
  2724	0.120593	-0.283	0.283
  2725	0.116053	-0.283	0.283
  2726	0.128048	-0.283	0.283
  2727	0.129019	-0.283	0.283
  2728	0.128822	-0.283	0.283
  2729	0.129382	-0.283	0.283
  2730	0.107252	-0.283	0.283
  2731	0.135784	-0.283	0.283
  2732	0.137005	-0.283	0.283
  2733	0.136432	-0.283	0.283
  2734	0.147509	-0.283	0.283
  2735	0.135676	-0.283	0.283
  2736	0.141863	-0.283	0.283
  2737	0.146886	-0.283	0.283
  2738	0.0913959	-0.283	0.283
  2739	0.126005	-0.283	0.283
  2740	0.139567	-0.283	0.283
  2741	0.0936494	-0.283	0.283
  2742	0.124183	-0.283	0.283
  2743	0.145348	-0.283	0.283
  2744	0.143544	-0.283	0.283
  2745	0.131008	-0.283	0.283
  2746	0.121481	-0.283	0.283
  2747	0.136591	-0.283	0.283
  2748	0.141092	-0.283	0.283
  2749	0.129751	-0.283	0.283
  2750	0.143868	-0.283	0.283
  2751	0.126418	-0.283	0.283
  2752	0.083807	-0.283	0.283
  2753	0.107909	-0.283	0.283
  2754	0.129001	-0.283	0.283
  2755	0.11909	-0.283	0.283
  2756	0.11061	-0.283	0.283
  2757	0.122528	-0.283	0.283
  2758	0.147607	-0.283	0.283
  2759	0.128079	-0.283	0.283
  2760	0.140412	-0.283	0.283
  2761	0.136678	-0.283	0.283
  2762	0.109215	-0.283	0.283
  2763	0.102692	-0.283	0.283
  2764	0.127713	-0.283	0.283
  2765	0.135679	-0.283	0.283
  2766	0.144135	-0.283	0.283
  2767	0.132379	-0.283	0.283
  2768	0.136867	-0.283	0.283
  2769	0.143315	-0.283	0.283
  2770	0.141551	-0.283	0.283
  2771	0.131897	-0.283	0.283
  2772	0.1478	-0.283	0.283
  2773	0.114654	-0.283	0.283
  2774	0.134136	-0.283	0.283
  2775	0.136111	-0.283	0.283
  2776	0.115884	-0.283	0.283
  2777	0.0779377	-0.283	0.283
  2778	0.127424	-0.283	0.283
  2779	0.151044	-0.283	0.283
  2780	0.146459	-0.283	0.283
  2781	0.0949179	-0.283	0.283
  2782	0.139562	-0.283	0.283
  2783	0.140097	-0.283	0.283
  2784	0.14095	-0.283	0.283
  2785	0.118421	-0.283	0.283
  2786	0.145745	-0.283	0.283
  2787	0.113239	-0.283	0.283
  2788	0.11925	-0.283	0.283
  2789	0.145254	-0.283	0.283
  2790	0.146199	-0.283	0.283
  2791	0.14147	-0.283	0.283
  2792	0.124933	-0.283	0.283
  2793	0.142348	-0.283	0.283
  2794	0.0979743	-0.283	0.283
  2795	0.137062	-0.283	0.283
  2796	0.142339	-0.283	0.283
  2797	0.135959	-0.283	0.283
  2798	0.101079	-0.283	0.283
  2799	0.120901	-0.283	0.283
  2800	0.136447	-0.283	0.283
  2801	0.147137	-0.283	0.283
  2802	0.133828	-0.283	0.283
  2803	0.118714	-0.283	0.283
  2804	0.128997	-0.283	0.283
  2805	0.136131	-0.283	0.283
  2806	0.125609	-0.283	0.283
  2807	0.10207	-0.283	0.283
  2808	0.128311	-0.283	0.283
  2809	0.13108	-0.283	0.283
  2810	0.130602	-0.283	0.283
  2811	0.123963	-0.283	0.283
  2812	0.140918	-0.283	0.283
  2813	0.129243	-0.283	0.283
  2814	0.110809	-0.283	0.283
  2815	0.123215	-0.283	0.283
  2816	0.126026	-0.283	0.283
  2817	0.0918279	-0.283	0.283
  2818	0.144478	-0.283	0.283
  2819	0.110922	-0.283	0.283
  2820	0.0817237	-0.283	0.283
  2821	0.137287	-0.283	0.283
  2822	0.121996	-0.283	0.283
  2823	0.150022	-0.283	0.283
  2824	0.132368	-0.283	0.283
  2825	0.0960248	-0.283	0.283
  2826	0.146038	-0.283	0.283
  2827	0.140049	-0.283	0.283
  2828	0.132617	-0.283	0.283
  2829	0.137644	-0.283	0.283
  2830	0.149595	-0.283	0.283
  2831	0.118687	-0.283	0.283
  2832	0.146755	-0.283	0.283
  2833	0.0909436	-0.283	0.283
  2834	0.117681	-0.283	0.283
  2835	0.149406	-0.283	0.283
  2836	0.120536	-0.283	0.283
  2837	0.122421	-0.283	0.283
  2838	0.119532	-0.283	0.283
  2839	0.145877	-0.283	0.283
  2840	0.13527	-0.283	0.283
  2841	0.0875749	-0.283	0.283
  2842	0.133161	-0.283	0.283
  2843	0.103739	-0.283	0.283
  2844	0.147657	-0.283	0.283
  2845	0.0873924	-0.283	0.283
  2846	0.14506	-0.283	0.283
  2847	0.0759812	-0.283	0.283
  2848	0.142668	-0.283	0.283
  2849	0.138647	-0.283	0.283
  2850	0.147588	-0.283	0.283
  2851	0.14794	-0.283	0.283
  2852	0.130134	-0.283	0.283
  2853	0.131744	-0.283	0.283
  2854	0.148517	-0.283	0.283
  2855	0.146023	-0.283	0.283
  2856	0.135044	-0.283	0.283
  2857	0.132881	-0.283	0.283
  2858	0.133701	-0.283	0.283
  2859	0.132338	-0.283	0.283
  2860	0.135586	-0.283	0.283
  2861	0.140455	-0.283	0.283
  2862	0.144947	-0.283	0.283
  2863	0.130652	-0.283	0.283
  2864	0.123169	-0.283	0.283
  2865	0.112565	-0.283	0.283
  2866	0.146419	-0.283	0.283
  2867	0.142198	-0.283	0.283
  2868	0.119821	-0.283	0.283
  2869	0.134392	-0.283	0.283
  2870	0.144708	-0.283	0.283
  2871	0.129386	-0.283	0.283
  2872	0.144619	-0.283	0.283
  2873	0.127203	-0.283	0.283
  2874	0.117705	-0.283	0.283
  2875	0.110632	-0.283	0.283
  2876	0.143784	-0.283	0.283
  2877	0.122214	-0.283	0.283
  2878	0.146301	-0.283	0.283
  2879	0.147449	-0.283	0.283
  2880	0.110909	-0.283	0.283
  2881	0.122903	-0.283	0.283
  2882	0.136662	-0.283	0.283
  2883	0.13563	-0.283	0.283
  2884	0.129413	-0.283	0.283
  2885	0.147086	-0.283	0.283
  2886	0.10359	-0.283	0.283
  2887	0.0917988	-0.283	0.283
  2888	0.127477	-0.283	0.283
  2889	0.122887	-0.283	0.283
  2890	0.0970509	-0.283	0.283
  2891	0.0735593	-0.283	0.283
  2892	0.147305	-0.283	0.283
  2893	0.117732	-0.283	0.283
  2894	0.105707	-0.283	0.283
  2895	0.0877313	-0.283	0.283
  2896	0.100523	-0.283	0.283
  2897	0.137009	-0.283	0.283
  2898	0.150397	-0.283	0.283
  2899	0.146874	-0.283	0.283
  2900	0.121744	-0.283	0.283
  2901	0.151303	-0.283	0.283
  2902	0.133465	-0.283	0.283
  2903	0.130775	-0.283	0.283
  2904	0.0992866	-0.283	0.283
  2905	0.131331	-0.283	0.283
  2906	0.137982	-0.283	0.283
  2907	0.121652	-0.283	0.283
  2908	0.133066	-0.283	0.283
  2909	0.147503	-0.283	0.283
  2910	0.121262	-0.283	0.283
  2911	0.131871	-0.283	0.283
  2912	0.145222	-0.283	0.283
  2913	0.113378	-0.283	0.283
  2914	0.111629	-0.283	0.283
  2915	0.127288	-0.283	0.283
  2916	0.104932	-0.283	0.283
  2917	0.149106	-0.283	0.283
  2918	0.120585	-0.283	0.283
  2919	0.120173	-0.283	0.283
  2920	0.119828	-0.283	0.283
  2921	0.134838	-0.283	0.283
  2922	0.136707	-0.283	0.283
  2923	0.128656	-0.283	0.283
  2924	0.132447	-0.283	0.283
  2925	0.144214	-0.283	0.283
  2926	0.110855	-0.283	0.283
  2927	0.134947	-0.283	0.283
  2928	0.141983	-0.283	0.283
  2929	0.12127	-0.283	0.283
  2930	0.149789	-0.283	0.283
  2931	0.119525	-0.283	0.283
  2932	0.146784	-0.283	0.283
  2933	0.0676601	-0.283	0.283
  2934	0.131826	-0.283	0.283
  2935	0.120312	-0.283	0.283
  2936	0.125882	-0.283	0.283
  2937	0.102292	-0.283	0.283
  2938	0.113633	-0.283	0.283
  2939	0.132513	-0.283	0.283
  2940	0.14414	-0.283	0.283
  2941	0.130518	-0.283	0.283
  2942	0.109618	-0.283	0.283
  2943	0.146016	-0.283	0.283
  2944	0.112465	-0.283	0.283
  2945	0.130378	-0.283	0.283
  2946	0.139096	-0.283	0.283
  2947	0.120657	-0.283	0.283
  2948	0.142338	-0.283	0.283
  2949	0.121219	-0.283	0.283
  2950	0.127362	-0.283	0.283
  2951	0.129492	-0.283	0.283
  2952	0.131092	-0.283	0.283
  2953	0.110017	-0.283	0.283
  2954	0.128923	-0.283	0.283
  2955	0.136279	-0.283	0.283
  2956	0.140988	-0.283	0.283
  2957	0.094279	-0.283	0.283
  2958	0.122016	-0.283	0.283
  2959	0.136309	-0.283	0.283
  2960	0.104851	-0.283	0.283
  2961	0.133515	-0.283	0.283
  2962	0.125067	-0.283	0.283
  2963	0.149396	-0.283	0.283
  2964	0.149586	-0.283	0.283
  2965	0.118552	-0.283	0.283
  2966	0.118289	-0.283	0.283
  2967	0.101128	-0.283	0.283
  2968	0.145606	-0.283	0.283
  2969	0.150215	-0.283	0.283
  2970	0.127971	-0.283	0.283
  2971	0.111666	-0.283	0.283
  2972	0.144397	-0.283	0.283
  2973	0.115139	-0.283	0.283
  2974	0.114385	-0.283	0.283
  2975	0.117101	-0.283	0.283
  2976	0.134582	-0.283	0.283
  2977	0.151309	-0.283	0.283
  2978	0.0999633	-0.283	0.283
  2979	0.122349	-0.283	0.283
  2980	0.139428	-0.283	0.283
  2981	0.139526	-0.283	0.283
  2982	0.132837	-0.283	0.283
  2983	0.133971	-0.283	0.283
  2984	0.125522	-0.283	0.283
  2985	0.132775	-0.283	0.283
  2986	0.12027	-0.283	0.283
  2987	0.144925	-0.283	0.283
  2988	0.143159	-0.283	0.283
  2989	0.112273	-0.283	0.283
  2990	0.098334	-0.283	0.283
  2991	0.10619	-0.283	0.283
  2992	0.13179	-0.283	0.283
  2993	0.145597	-0.283	0.283
  2994	0.106197	-0.283	0.283
  2995	0.145405	-0.283	0.283
  2996	0.146104	-0.283	0.283
  2997	0.0905601	-0.283	0.283
  2998	0.146763	-0.283	0.283
  2999	0.118049	-0.283	0.283
  3000	0.140525	-0.283	0.283
  3001	0.150106	-0.283	0.283
  3002	0.146887	-0.283	0.283
  3003	0.129242	-0.283	0.283
  3004	0.112693	-0.283	0.283
  3005	0.133062	-0.283	0.283
  3006	0.100067	-0.283	0.283
  3007	0.120731	-0.283	0.283
  3008	0.149456	-0.283	0.283
  3009	0.145347	-0.283	0.283
  3010	0.125833	-0.283	0.283
  3011	0.145194	-0.283	0.283
  3012	0.146573	-0.283	0.283
  3013	0.113201	-0.283	0.283
  3014	0.125345	-0.283	0.283
  3015	0.130505	-0.283	0.283
  3016	0.15137	-0.283	0.283
  3017	0.140934	-0.283	0.283
  3018	0.104463	-0.283	0.283
  3019	0.145137	-0.283	0.283
  3020	0.110475	-0.283	0.283
  3021	0.113763	-0.283	0.283
  3022	0.138838	-0.283	0.283
  3023	0.143805	-0.283	0.283
  3024	0.143657	-0.283	0.283
  3025	0.143911	-0.283	0.283
  3026	0.0856573	-0.283	0.283
  3027	0.102565	-0.283	0.283
  3028	0.145265	-0.283	0.283
  3029	0.115635	-0.283	0.283
  3030	0.138963	-0.283	0.283
  3031	0.112522	-0.283	0.283
  3032	0.113545	-0.283	0.283
  3033	0.0959037	-0.283	0.283
  3034	0.136677	-0.283	0.283
  3035	0.130715	-0.283	0.283
  3036	0.0986339	-0.283	0.283
  3037	0.124947	-0.283	0.283
  3038	0.0912304	-0.283	0.283
  3039	0.143884	-0.283	0.283
  3040	0.130917	-0.283	0.283
  3041	0.127905	-0.283	0.283
  3042	0.114782	-0.283	0.283
  3043	0.101262	-0.283	0.283
  3044	0.147468	-0.283	0.283
  3045	0.147004	-0.283	0.283
  3046	0.124358	-0.283	0.283
  3047	0.132083	-0.283	0.283
  3048	0.12765	-0.283	0.283
  3049	0.0744959	-0.283	0.283
  3050	0.132349	-0.283	0.283
  3051	0.145861	-0.283	0.283
  3052	0.107738	-0.283	0.283
  3053	0.150498	-0.283	0.283
  3054	0.0735907	-0.283	0.283
  3055	0.137528	-0.283	0.283
  3056	0.136654	-0.283	0.283
  3057	0.114544	-0.283	0.283
  3058	0.148759	-0.283	0.283
  3059	0.1096	-0.283	0.283
  3060	0.139086	-0.283	0.283
  3061	0.15041	-0.283	0.283
  3062	0.116305	-0.283	0.283
  3063	0.138366	-0.283	0.283
  3064	0.115016	-0.283	0.283
  3065	0.115583	-0.283	0.283
  3066	0.135635	-0.283	0.283
  3067	0.0997552	-0.283	0.283
  3068	0.127212	-0.283	0.283
  3069	0.0986058	-0.283	0.283
  3070	0.146952	-0.283	0.283
  3071	0.0899791	-0.283	0.283
  3072	0.114427	-0.283	0.283
  3073	0.142411	-0.283	0.283
  3074	0.131806	-0.283	0.283
  3075	0.0923669	-0.283	0.283
  3076	0.127822	-0.283	0.283
  3077	0.136369	-0.283	0.283
  3078	0.122477	-0.283	0.283
  3079	0.147891	-0.283	0.283
  3080	0.127776	-0.283	0.283
  3081	0.129627	-0.283	0.283
  3082	0.14706	-0.283	0.283
  3083	0.138505	-0.283	0.283
  3084	0.134367	-0.283	0.283
  3085	0.143892	-0.283	0.283
  3086	0.123829	-0.283	0.283
  3087	0.140104	-0.283	0.283
  3088	0.144166	-0.283	0.283
  3089	0.146096	-0.283	0.283
  3090	0.150566	-0.283	0.283
  3091	0.131027	-0.283	0.283
  3092	0.104843	-0.283	0.283
  3093	0.132478	-0.283	0.283
  3094	0.109333	-0.283	0.283
  3095	0.112968	-0.283	0.283
  3096	0.123317	-0.283	0.283
  3097	0.132375	-0.283	0.283
  3098	0.150199	-0.283	0.283
  3099	0.10679	-0.283	0.283
  3100	0.131713	-0.283	0.283
  3101	0.105982	-0.283	0.283
  3102	0.103832	-0.283	0.283
  3103	0.109472	-0.283	0.283
  3104	0.11317	-0.283	0.283
  3105	0.135749	-0.283	0.283
  3106	0.132645	-0.283	0.283
  3107	0.101001	-0.283	0.283
  3108	0.103288	-0.283	0.283
  3109	0.134164	-0.283	0.283
  3110	0.122609	-0.283	0.283
  3111	0.117104	-0.283	0.283
  3112	0.139087	-0.283	0.283
  3113	0.143314	-0.283	0.283
  3114	0.149153	-0.283	0.283
  3115	0.123895	-0.283	0.283
  3116	0.13559	-0.283	0.283
  3117	0.127706	-0.283	0.283
  3118	0.141771	-0.283	0.283
  3119	0.146038	-0.283	0.283
  3120	0.149839	-0.283	0.283
  3121	0.131943	-0.283	0.283
  3122	0.14187	-0.283	0.283
  3123	0.131022	-0.283	0.283
  3124	0.139766	-0.283	0.283
  3125	0.131144	-0.283	0.283
  3126	0.113243	-0.283	0.283
  3127	0.133154	-0.283	0.283
  3128	0.108531	-0.283	0.283
  3129	0.115231	-0.283	0.283
  3130	0.124441	-0.283	0.283
  3131	0.0914271	-0.283	0.283
  3132	0.111508	-0.283	0.283
  3133	0.14986	-0.283	0.283
  3134	0.149008	-0.283	0.283
  3135	0.138076	-0.283	0.283
  3136	0.128686	-0.283	0.283
  3137	0.0976685	-0.283	0.283
  3138	0.142983	-0.283	0.283
  3139	0.117129	-0.283	0.283
  3140	0.120491	-0.283	0.283
  3141	0.130483	-0.283	0.283
  3142	0.137019	-0.283	0.283
  3143	0.11144	-0.283	0.283
  3144	0.0938896	-0.283	0.283
  3145	0.089432	-0.283	0.283
  3146	0.104181	-0.283	0.283
  3147	0.141873	-0.283	0.283
  3148	0.127729	-0.283	0.283
  3149	0.149585	-0.283	0.283
  3150	0.12753	-0.283	0.283
  3151	0.0964393	-0.283	0.283
  3152	0.133096	-0.283	0.283
  3153	0.146857	-0.283	0.283
  3154	0.119388	-0.283	0.283
  3155	0.118359	-0.283	0.283
  3156	0.147128	-0.283	0.283
  3157	0.150856	-0.283	0.283
  3158	0.114541	-0.283	0.283
  3159	0.0811697	-0.283	0.283
  3160	0.148493	-0.283	0.283
  3161	0.126161	-0.283	0.283
  3162	0.0785484	-0.283	0.283
  3163	0.133876	-0.283	0.283
  3164	0.14238	-0.283	0.283
  3165	0.130334	-0.283	0.283
  3166	0.144426	-0.283	0.283
  3167	0.113069	-0.283	0.283
  3168	0.127501	-0.283	0.283
  3169	0.145069	-0.283	0.283
  3170	0.124412	-0.283	0.283
  3171	0.105224	-0.283	0.283
  3172	0.140996	-0.283	0.283
  3173	0.120197	-0.283	0.283
  3174	0.0842482	-0.283	0.283
  3175	0.124123	-0.283	0.283
  3176	0.0971105	-0.283	0.283
  3177	0.120713	-0.283	0.283
  3178	0.11582	-0.283	0.283
  3179	0.143107	-0.283	0.283
  3180	0.115867	-0.283	0.283
  3181	0.14269	-0.283	0.283
  3182	0.127528	-0.283	0.283
  3183	0.140533	-0.283	0.283
  3184	0.0930566	-0.283	0.283
  3185	0.126752	-0.283	0.283
  3186	0.10313	-0.283	0.283
  3187	0.140095	-0.283	0.283
  3188	0.136598	-0.283	0.283
  3189	0.140674	-0.283	0.283
  3190	0.136562	-0.283	0.283
  3191	0.138214	-0.283	0.283
  3192	0.118687	-0.283	0.283
  3193	0.124846	-0.283	0.283
  3194	0.0936524	-0.283	0.283
  3195	0.0972595	-0.283	0.283
  3196	0.104952	-0.283	0.283
  3197	0.117335	-0.283	0.283
  3198	0.147106	-0.283	0.283
  3199	0.114571	-0.283	0.283
  3200	0.104796	-0.283	0.283
  3201	0.110984	-0.283	0.283
  3202	0.145374	-0.283	0.283
  3203	0.145033	-0.283	0.283
  3204	0.138175	-0.283	0.283
  3205	0.102687	-0.283	0.283
  3206	0.129235	-0.283	0.283
  3207	0.144914	-0.283	0.283
  3208	0.150105	-0.283	0.283
  3209	0.141108	-0.283	0.283
  3210	0.112169	-0.283	0.283
  3211	0.125962	-0.283	0.283
  3212	0.095728	-0.283	0.283
  3213	0.128331	-0.283	0.283
  3214	0.13337	-0.283	0.283
  3215	0.138815	-0.283	0.283
  3216	0.125158	-0.283	0.283
  3217	0.10851	-0.283	0.283
  3218	0.137954	-0.283	0.283
  3219	0.137052	-0.283	0.283
  3220	0.148631	-0.283	0.283
  3221	0.143521	-0.283	0.283
  3222	0.133508	-0.283	0.283
  3223	0.149377	-0.283	0.283
  3224	0.135945	-0.283	0.283
  3225	0.0898619	-0.283	0.283
  3226	0.1309	-0.283	0.283
  3227	0.139388	-0.283	0.283
  3228	0.132784	-0.283	0.283
  3229	0.144301	-0.283	0.283
  3230	0.126479	-0.283	0.283
  3231	0.120343	-0.283	0.283
  3232	0.138024	-0.283	0.283
  3233	0.146813	-0.283	0.283
  3234	0.128354	-0.283	0.283
  3235	0.109154	-0.283	0.283
  3236	0.129317	-0.283	0.283
  3237	0.127168	-0.283	0.283
  3238	0.104022	-0.283	0.283
  3239	0.149945	-0.283	0.283
  3240	0.133076	-0.283	0.283
  3241	0.137192	-0.283	0.283
  3242	0.106937	-0.283	0.283
  3243	0.118724	-0.283	0.283
  3244	0.1173	-0.283	0.283
  3245	0.0973304	-0.283	0.283
  3246	0.131417	-0.283	0.283
  3247	0.120792	-0.283	0.283
  3248	0.117933	-0.283	0.283
  3249	0.130795	-0.283	0.283
  3250	0.099858	-0.283	0.283
  3251	0.1358	-0.283	0.283
  3252	0.119281	-0.283	0.283
  3253	0.127702	-0.283	0.283
  3254	0.123369	-0.283	0.283
  3255	0.0966276	-0.283	0.283
  3256	0.150459	-0.283	0.283
  3257	0.13353	-0.283	0.283
  3258	0.112757	-0.283	0.283
  3259	0.127742	-0.283	0.283
  3260	0.12857	-0.283	0.283
  3261	0.124965	-0.283	0.283
  3262	0.141061	-0.283	0.283
  3263	0.138654	-0.283	0.283
  3264	0.132837	-0.283	0.283
  3265	0.146799	-0.283	0.283
  3266	0.112988	-0.283	0.283
  3267	0.136435	-0.283	0.283
  3268	0.111642	-0.283	0.283
  3269	0.126393	-0.283	0.283
  3270	0.142908	-0.283	0.283
  3271	0.144452	-0.283	0.283
  3272	0.101139	-0.283	0.283
  3273	0.0961774	-0.283	0.283
  3274	0.14017	-0.283	0.283
  3275	0.123515	-0.283	0.283
  3276	0.131211	-0.283	0.283
  3277	0.129864	-0.283	0.283
  3278	0.143217	-0.283	0.283
  3279	0.0999575	-0.283	0.283
  3280	0.150633	-0.283	0.283
  3281	0.140845	-0.283	0.283
  3282	0.106441	-0.283	0.283
  3283	0.143368	-0.283	0.283
  3284	0.125884	-0.283	0.283
  3285	0.13093	-0.283	0.283
  3286	0.134229	-0.283	0.283
  3287	0.101761	-0.283	0.283
  3288	0.136451	-0.283	0.283
  3289	0.14099	-0.283	0.283
  3290	0.150505	-0.283	0.283
  3291	0.118296	-0.283	0.283
  3292	0.116935	-0.283	0.283
  3293	0.113668	-0.283	0.283
  3294	0.10138	-0.283	0.283
  3295	0.106009	-0.283	0.283
  3296	0.10082	-0.283	0.283
  3297	0.149953	-0.283	0.283
  3298	0.138689	-0.283	0.283
  3299	0.148137	-0.283	0.283
  3300	0.112265	-0.283	0.283
  3301	0.110074	-0.283	0.283
  3302	0.126293	-0.283	0.283
  3303	0.127883	-0.283	0.283
  3304	0.0954801	-0.283	0.283
  3305	0.119535	-0.283	0.283
  3306	0.08839	-0.283	0.283
  3307	0.146825	-0.283	0.283
  3308	0.123799	-0.283	0.283
  3309	0.129469	-0.283	0.283
  3310	0.146962	-0.283	0.283
  3311	0.132762	-0.283	0.283
  3312	0.146479	-0.283	0.283
  3313	0.150655	-0.283	0.283
  3314	0.113125	-0.283	0.283
  3315	0.0984502	-0.283	0.283
  3316	0.112106	-0.283	0.283
  3317	0.141143	-0.283	0.283
  3318	0.126779	-0.283	0.283
  3319	0.11303	-0.283	0.283
  3320	0.143265	-0.283	0.283
  3321	0.115817	-0.283	0.283
  3322	0.107182	-0.283	0.283
  3323	0.148268	-0.283	0.283
  3324	0.100203	-0.283	0.283
  3325	0.0884603	-0.283	0.283
  3326	0.125897	-0.283	0.283
  3327	0.13501	-0.283	0.283
  3328	0.138648	-0.283	0.283
  3329	0.122336	-0.283	0.283
  3330	0.144514	-0.283	0.283
  3331	0.134139	-0.283	0.283
  3332	0.137085	-0.283	0.283
  3333	0.142007	-0.283	0.283
  3334	0.140152	-0.283	0.283
  3335	0.140825	-0.283	0.283
  3336	0.10813	-0.283	0.283
  3337	0.14857	-0.283	0.283
  3338	0.14897	-0.283	0.283
  3339	0.132319	-0.283	0.283
  3340	0.123569	-0.283	0.283
  3341	0.125414	-0.283	0.283
  3342	0.145804	-0.283	0.283
  3343	0.103555	-0.283	0.283
  3344	0.0761273	-0.283	0.283
  3345	0.133695	-0.283	0.283
  3346	0.118532	-0.283	0.283
  3347	0.140669	-0.283	0.283
  3348	0.140652	-0.283	0.283
  3349	0.135343	-0.283	0.283
  3350	0.131503	-0.283	0.283
  3351	0.114786	-0.283	0.283
  3352	0.144899	-0.283	0.283
  3353	0.123286	-0.283	0.283
  3354	0.130034	-0.283	0.283
  3355	0.129363	-0.283	0.283
  3356	0.125207	-0.283	0.283
  3357	0.0709747	-0.283	0.283
  3358	0.125702	-0.283	0.283
  3359	0.125797	-0.283	0.283
  3360	0.14753	-0.283	0.283
  3361	0.13669	-0.283	0.283
  3362	0.112555	-0.283	0.283
  3363	0.132422	-0.283	0.283
  3364	0.135201	-0.283	0.283
  3365	0.12721	-0.283	0.283
  3366	0.133062	-0.283	0.283
  3367	0.119853	-0.283	0.283
  3368	0.128178	-0.283	0.283
  3369	0.121973	-0.283	0.283
  3370	0.121999	-0.283	0.283
  3371	0.099541	-0.283	0.283
  3372	0.119608	-0.283	0.283
  3373	0.116798	-0.283	0.283
  3374	0.121905	-0.283	0.283
  3375	0.095526	-0.283	0.283
  3376	0.0937011	-0.283	0.283
  3377	0.141686	-0.283	0.283
  3378	0.138925	-0.283	0.283
  3379	0.140152	-0.283	0.283
  3380	0.101049	-0.283	0.283
  3381	0.148482	-0.283	0.283
  3382	0.131099	-0.283	0.283
  3383	0.11471	-0.283	0.283
  3384	0.136636	-0.283	0.283
  3385	0.105901	-0.283	0.283
  3386	0.0858976	-0.283	0.283
  3387	0.135191	-0.283	0.283
  3388	0.116392	-0.283	0.283
  3389	0.116286	-0.283	0.283
  3390	0.0883099	-0.283	0.283
  3391	0.144735	-0.283	0.283
  3392	0.148141	-0.283	0.283
  3393	0.136912	-0.283	0.283
  3394	0.143036	-0.283	0.283
  3395	0.134741	-0.283	0.283
  3396	0.149702	-0.283	0.283
  3397	0.0894251	-0.283	0.283
  3398	0.140583	-0.283	0.283
  3399	0.115382	-0.283	0.283
  3400	0.113971	-0.283	0.283
  3401	0.122013	-0.283	0.283
  3402	0.150763	-0.283	0.283
  3403	0.106823	-0.283	0.283
  3404	0.114416	-0.283	0.283
  3405	0.102567	-0.283	0.283
  3406	0.149388	-0.283	0.283
  3407	0.111828	-0.283	0.283
  3408	0.134371	-0.283	0.283
  3409	0.130071	-0.283	0.283
  3410	0.0704725	-0.283	0.283
  3411	0.118544	-0.283	0.283
  3412	0.0985619	-0.283	0.283
  3413	0.128048	-0.283	0.283
  3414	0.149019	-0.283	0.283
  3415	0.121601	-0.283	0.283
  3416	0.116545	-0.283	0.283
  3417	0.145073	-0.283	0.283
  3418	0.148296	-0.283	0.283
  3419	0.0811972	-0.283	0.283
  3420	0.125766	-0.283	0.283
  3421	0.114636	-0.283	0.283
  3422	0.12417	-0.283	0.283
  3423	0.0895129	-0.283	0.283
  3424	0.119569	-0.283	0.283
  3425	0.139274	-0.283	0.283
  3426	0.121127	-0.283	0.283
  3427	0.137953	-0.283	0.283
  3428	0.116237	-0.283	0.283
  3429	0.137096	-0.283	0.283
  3430	0.140628	-0.283	0.283
  3431	0.124031	-0.283	0.283
  3432	0.132955	-0.283	0.283
  3433	0.129768	-0.283	0.283
  3434	0.13039	-0.283	0.283
  3435	0.117366	-0.283	0.283
  3436	0.142406	-0.283	0.283
  3437	0.104145	-0.283	0.283
  3438	0.137169	-0.283	0.283
  3439	0.111662	-0.283	0.283
  3440	0.134372	-0.283	0.283
  3441	0.113155	-0.283	0.283
  3442	0.129993	-0.283	0.283
  3443	0.140283	-0.283	0.283
  3444	0.13484	-0.283	0.283
  3445	0.144609	-0.283	0.283
  3446	0.117567	-0.283	0.283
  3447	0.133811	-0.283	0.283
  3448	0.139321	-0.283	0.283
  3449	0.0614418	-0.283	0.283
  3450	0.138747	-0.283	0.283
  3451	0.139499	-0.283	0.283
  3452	0.106951	-0.283	0.283
  3453	0.140331	-0.283	0.283
  3454	0.102467	-0.283	0.283
  3455	0.143	-0.283	0.283
  3456	0.132202	-0.283	0.283
  3457	0.139973	-0.283	0.283
  3458	0.0670823	-0.283	0.283
  3459	0.130077	-0.283	0.283
  3460	0.141524	-0.283	0.283
  3461	0.10129	-0.283	0.283
  3462	0.134378	-0.283	0.283
  3463	0.112477	-0.283	0.283
  3464	0.0977032	-0.283	0.283
  3465	0.11415	-0.283	0.283
  3466	0.136592	-0.283	0.283
  3467	0.148629	-0.283	0.283
  3468	0.137955	-0.283	0.283
  3469	0.111338	-0.283	0.283
  3470	0.145689	-0.283	0.283
  3471	0.147675	-0.283	0.283
  3472	0.121137	-0.283	0.283
  3473	0.125935	-0.283	0.283
  3474	0.140897	-0.283	0.283
  3475	0.0943716	-0.283	0.283
  3476	0.121239	-0.283	0.283
  3477	0.11277	-0.283	0.283
  3478	0.136389	-0.283	0.283
  3479	0.113638	-0.283	0.283
  3480	0.147149	-0.283	0.283
  3481	0.0871282	-0.283	0.283
  3482	0.0968735	-0.283	0.283
  3483	0.147345	-0.283	0.283
  3484	0.13902	-0.283	0.283
  3485	0.1439	-0.283	0.283
  3486	0.128551	-0.283	0.283
  3487	0.145591	-0.283	0.283
  3488	0.117452	-0.283	0.283
  3489	0.115498	-0.283	0.283
  3490	0.143803	-0.283	0.283
  3491	0.140685	-0.283	0.283
  3492	0.117411	-0.283	0.283
  3493	0.0834908	-0.283	0.283
  3494	0.122321	-0.283	0.283
  3495	0.130682	-0.283	0.283
  3496	0.134959	-0.283	0.283
  3497	0.102856	-0.283	0.283
  3498	0.127828	-0.283	0.283
  3499	0.149582	-0.283	0.283
  3500	0.148712	-0.283	0.283
  3501	0.140809	-0.283	0.283
  3502	0.127378	-0.283	0.283
  3503	0.13358	-0.283	0.283
  3504	0.120156	-0.283	0.283
  3505	0.123727	-0.283	0.283
  3506	0.133822	-0.283	0.283
  3507	0.116351	-0.283	0.283
  3508	0.124673	-0.283	0.283
  3509	0.106409	-0.283	0.283
  3510	0.113281	-0.283	0.283
  3511	0.10221	-0.283	0.283
  3512	0.135288	-0.283	0.283
  3513	0.147256	-0.283	0.283
  3514	0.112798	-0.283	0.283
  3515	0.132789	-0.283	0.283
  3516	0.14865	-0.283	0.283
  3517	0.110678	-0.283	0.283
  3518	0.148228	-0.283	0.283
  3519	0.0872418	-0.283	0.283
  3520	0.122678	-0.283	0.283
  3521	0.127142	-0.283	0.283
  3522	0.119567	-0.283	0.283
  3523	0.130067	-0.283	0.283
  3524	0.116599	-0.283	0.283
  3525	0.130091	-0.283	0.283
  3526	0.122833	-0.283	0.283
  3527	0.0953215	-0.283	0.283
  3528	0.150252	-0.283	0.283
  3529	0.143927	-0.283	0.283
  3530	0.14381	-0.283	0.283
  3531	0.150078	-0.283	0.283
  3532	0.12488	-0.283	0.283
  3533	0.150139	-0.283	0.283
  3534	0.147974	-0.283	0.283
  3535	0.120735	-0.283	0.283
  3536	0.115213	-0.283	0.283
  3537	0.0942803	-0.283	0.283
  3538	0.131944	-0.283	0.283
  3539	0.146142	-0.283	0.283
  3540	0.112359	-0.283	0.283
  3541	0.139394	-0.283	0.283
  3542	0.117969	-0.283	0.283
  3543	0.0940069	-0.283	0.283
  3544	0.0900141	-0.283	0.283
  3545	0.111759	-0.283	0.283
  3546	0.145665	-0.283	0.283
  3547	0.132124	-0.283	0.283
  3548	0.142003	-0.283	0.283
  3549	0.117032	-0.283	0.283
  3550	0.126939	-0.283	0.283
  3551	0.137722	-0.283	0.283
  3552	0.121392	-0.283	0.283
  3553	0.13282	-0.283	0.283
  3554	0.126128	-0.283	0.283
  3555	0.107033	-0.283	0.283
  3556	0.146781	-0.283	0.283
  3557	0.141714	-0.283	0.283
  3558	0.14704	-0.283	0.283
  3559	0.111392	-0.283	0.283
  3560	0.0978057	-0.283	0.283
  3561	0.0884564	-0.283	0.283
  3562	0.133055	-0.283	0.283
  3563	0.0923137	-0.283	0.283
  3564	0.117338	-0.283	0.283
  3565	0.0860333	-0.283	0.283
  3566	0.148764	-0.283	0.283
  3567	0.134214	-0.283	0.283
  3568	0.120521	-0.283	0.283
  3569	0.143953	-0.283	0.283
  3570	0.140584	-0.283	0.283
  3571	0.135767	-0.283	0.283
  3572	0.138702	-0.283	0.283
  3573	0.127729	-0.283	0.283
  3574	0.145583	-0.283	0.283
  3575	0.0826258	-0.283	0.283
  3576	0.127914	-0.283	0.283
  3577	0.150118	-0.283	0.283
  3578	0.133158	-0.283	0.283
  3579	0.131496	-0.283	0.283
  3580	0.145528	-0.283	0.283
  3581	0.121477	-0.283	0.283
  3582	0.139625	-0.283	0.283
  3583	0.126748	-0.283	0.283
  3584	0.116872	-0.283	0.283
  3585	0.130223	-0.283	0.283
  3586	0.138691	-0.283	0.283
  3587	0.145534	-0.283	0.283
  3588	0.115387	-0.283	0.283
  3589	0.145233	-0.283	0.283
  3590	0.13777	-0.283	0.283
  3591	0.102946	-0.283	0.283
  3592	0.130981	-0.283	0.283
  3593	0.123997	-0.283	0.283
  3594	0.107977	-0.283	0.283
  3595	0.0783326	-0.283	0.283
  3596	0.150134	-0.283	0.283
  3597	0.133423	-0.283	0.283
  3598	0.14686	-0.283	0.283
  3599	0.112565	-0.283	0.283
  3600	0.123646	-0.283	0.283
  3601	0.111651	-0.283	0.283
  3602	0.105911	-0.283	0.283
  3603	0.129258	-0.283	0.283
  3604	0.103925	-0.283	0.283
  3605	0.145807	-0.283	0.283
  3606	0.146808	-0.283	0.283
  3607	0.140047	-0.283	0.283
  3608	0.135929	-0.283	0.283
  3609	0.119616	-0.283	0.283
  3610	0.138769	-0.283	0.283
  3611	0.114979	-0.283	0.283
  3612	0.112801	-0.283	0.283
  3613	0.113794	-0.283	0.283
  3614	0.10241	-0.283	0.283
  3615	0.127506	-0.283	0.283
  3616	0.150175	-0.283	0.283
  3617	0.128383	-0.283	0.283
  3618	0.125696	-0.283	0.283
  3619	0.123144	-0.283	0.283
  3620	0.123502	-0.283	0.283
  3621	0.0992306	-0.283	0.283
  3622	0.122556	-0.283	0.283
  3623	0.132749	-0.283	0.283
  3624	0.150928	-0.283	0.283
  3625	0.078037	-0.283	0.283
  3626	0.0893926	-0.283	0.283
  3627	0.125829	-0.283	0.283
  3628	0.099538	-0.283	0.283
  3629	0.0963414	-0.283	0.283
  3630	0.130158	-0.283	0.283
  3631	0.11777	-0.283	0.283
  3632	0.150037	-0.283	0.283
  3633	0.116626	-0.283	0.283
  3634	0.111853	-0.283	0.283
  3635	0.122905	-0.283	0.283
  3636	0.102686	-0.283	0.283
  3637	0.10329	-0.283	0.283
  3638	0.136861	-0.283	0.283
  3639	0.135133	-0.283	0.283
  3640	0.133073	-0.283	0.283
  3641	0.1166	-0.283	0.283
  3642	0.150422	-0.283	0.283
  3643	0.12487	-0.283	0.283
  3644	0.114003	-0.283	0.283
  3645	0.13307	-0.283	0.283
  3646	0.135675	-0.283	0.283
  3647	0.128854	-0.283	0.283
  3648	0.129464	-0.283	0.283
  3649	0.131622	-0.283	0.283
  3650	0.133396	-0.283	0.283
  3651	0.130626	-0.283	0.283
  3652	0.120622	-0.283	0.283
  3653	0.110567	-0.283	0.283
  3654	0.134274	-0.283	0.283
  3655	0.118004	-0.283	0.283
  3656	0.149861	-0.283	0.283
  3657	0.0652718	-0.283	0.283
  3658	0.141613	-0.283	0.283
  3659	0.129818	-0.283	0.283
  3660	0.147471	-0.283	0.283
  3661	0.151917	-0.283	0.283
  3662	0.148361	-0.283	0.283
  3663	0.150155	-0.283	0.283
  3664	0.107093	-0.283	0.283
  3665	0.134831	-0.283	0.283
  3666	0.146013	-0.283	0.283
  3667	0.102455	-0.283	0.283
  3668	0.140514	-0.283	0.283
  3669	0.133163	-0.283	0.283
  3670	0.14107	-0.283	0.283
  3671	0.106015	-0.283	0.283
  3672	0.148853	-0.283	0.283
  3673	0.105612	-0.283	0.283
  3674	0.146163	-0.283	0.283
  3675	0.129366	-0.283	0.283
  3676	0.128724	-0.283	0.283
  3677	0.0670688	-0.283	0.283
  3678	0.14321	-0.283	0.283
  3679	0.137213	-0.283	0.283
  3680	0.130708	-0.283	0.283
  3681	0.122662	-0.283	0.283
  3682	0.126608	-0.283	0.283
  3683	0.143646	-0.283	0.283
  3684	0.112943	-0.283	0.283
  3685	0.146243	-0.283	0.283
  3686	0.128253	-0.283	0.283
  3687	0.136629	-0.283	0.283
  3688	0.0957513	-0.283	0.283
  3689	0.144855	-0.283	0.283
  3690	0.133895	-0.283	0.283
  3691	0.149007	-0.283	0.283
  3692	0.136403	-0.283	0.283
  3693	0.116209	-0.283	0.283
  3694	0.114462	-0.283	0.283
  3695	0.150973	-0.283	0.283
  3696	0.135734	-0.283	0.283
  3697	0.131465	-0.283	0.283
  3698	0.131994	-0.283	0.283
  3699	0.122613	-0.283	0.283
  3700	0.132872	-0.283	0.283
  3701	0.0877453	-0.283	0.283
  3702	0.134996	-0.283	0.283
  3703	0.09107	-0.283	0.283
  3704	0.105017	-0.283	0.283
  3705	0.142272	-0.283	0.283
  3706	0.121262	-0.283	0.283
  3707	0.0666278	-0.283	0.283
  3708	0.106116	-0.283	0.283
  3709	0.0783673	-0.283	0.283
  3710	0.139578	-0.283	0.283
  3711	0.136863	-0.283	0.283
  3712	0.123132	-0.283	0.283
  3713	0.11606	-0.283	0.283
  3714	0.123645	-0.283	0.283
  3715	0.124871	-0.283	0.283
  3716	0.145503	-0.283	0.283
  3717	0.116633	-0.283	0.283
  3718	0.141363	-0.283	0.283
  3719	0.149727	-0.283	0.283
  3720	0.12091	-0.283	0.283
  3721	0.1436	-0.283	0.283
  3722	0.146162	-0.283	0.283
  3723	0.10448	-0.283	0.283
  3724	0.0994514	-0.283	0.283
  3725	0.113612	-0.283	0.283
  3726	0.146781	-0.283	0.283
  3727	0.128492	-0.283	0.283
  3728	0.113288	-0.283	0.283
  3729	0.0876519	-0.283	0.283
  3730	0.110664	-0.283	0.283
  3731	0.150323	-0.283	0.283
  3732	0.137143	-0.283	0.283
  3733	0.10881	-0.283	0.283
  3734	0.113007	-0.283	0.283
  3735	0.14503	-0.283	0.283
  3736	0.152086	-0.283	0.283
  3737	0.109607	-0.283	0.283
  3738	0.122591	-0.283	0.283
  3739	0.139164	-0.283	0.283
  3740	0.134136	-0.283	0.283
  3741	0.0972102	-0.283	0.283
  3742	0.134357	-0.283	0.283
  3743	0.127025	-0.283	0.283
  3744	0.134627	-0.283	0.283
  3745	0.128672	-0.283	0.283
  3746	0.116567	-0.283	0.283
  3747	0.135144	-0.283	0.283
  3748	0.117392	-0.283	0.283
  3749	0.107823	-0.283	0.283
  3750	0.130666	-0.283	0.283
  3751	0.130171	-0.283	0.283
  3752	0.0950912	-0.283	0.283
  3753	0.149227	-0.283	0.283
  3754	0.103899	-0.283	0.283
  3755	0.126609	-0.283	0.283
  3756	0.150044	-0.283	0.283
  3757	0.133939	-0.283	0.283
  3758	0.145165	-0.283	0.283
  3759	0.0874369	-0.283	0.283
  3760	0.130586	-0.283	0.283
  3761	0.129658	-0.283	0.283
  3762	0.137653	-0.283	0.283
  3763	0.145546	-0.283	0.283
  3764	0.132338	-0.283	0.283
  3765	0.103033	-0.283	0.283
  3766	0.145203	-0.283	0.283
  3767	0.130409	-0.283	0.283
  3768	0.148418	-0.283	0.283
  3769	0.148265	-0.283	0.283
  3770	0.142352	-0.283	0.283
  3771	0.142953	-0.283	0.283
  3772	0.14301	-0.283	0.283
  3773	0.140551	-0.283	0.283
  3774	0.149312	-0.283	0.283
  3775	0.146304	-0.283	0.283
  3776	0.106179	-0.283	0.283
  3777	0.136439	-0.283	0.283
  3778	0.125007	-0.283	0.283
  3779	0.1185	-0.283	0.283
  3780	0.138223	-0.283	0.283
  3781	0.142394	-0.283	0.283
  3782	0.136175	-0.283	0.283
  3783	0.122817	-0.283	0.283
  3784	0.134694	-0.283	0.283
  3785	0.112604	-0.283	0.283
  3786	0.123319	-0.283	0.283
  3787	0.0926537	-0.283	0.283
  3788	0.136893	-0.283	0.283
  3789	0.119615	-0.283	0.283
  3790	0.109102	-0.283	0.283
  3791	0.132076	-0.283	0.283
  3792	0.129549	-0.283	0.283
  3793	0.115088	-0.283	0.283
  3794	0.111459	-0.283	0.283
  3795	0.131336	-0.283	0.283
  3796	0.139611	-0.283	0.283
  3797	0.13307	-0.283	0.283
  3798	0.10602	-0.283	0.283
  3799	0.135519	-0.283	0.283
  3800	0.127037	-0.283	0.283
  3801	0.13832	-0.283	0.283
  3802	0.112513	-0.283	0.283
  3803	0.149382	-0.283	0.283
  3804	0.130824	-0.283	0.283
  3805	0.123169	-0.283	0.283
  3806	0.149279	-0.283	0.283
  3807	0.12175	-0.283	0.283
  3808	0.137494	-0.283	0.283
  3809	0.132172	-0.283	0.283
  3810	0.12985	-0.283	0.283
  3811	0.134317	-0.283	0.283
  3812	0.112287	-0.283	0.283
  3813	0.0740634	-0.283	0.283
  3814	0.142673	-0.283	0.283
  3815	0.149189	-0.283	0.283
  3816	0.117754	-0.283	0.283
  3817	0.0952656	-0.283	0.283
  3818	0.0951354	-0.283	0.283
  3819	0.126643	-0.283	0.283
  3820	0.149747	-0.283	0.283
  3821	0.135209	-0.283	0.283
  3822	0.100183	-0.283	0.283
  3823	0.144145	-0.283	0.283
  3824	0.139906	-0.283	0.283
  3825	0.12419	-0.283	0.283
  3826	0.146196	-0.283	0.283
  3827	0.113572	-0.283	0.283
  3828	0.108746	-0.283	0.283
  3829	0.108909	-0.283	0.283
  3830	0.130851	-0.283	0.283
  3831	0.150976	-0.283	0.283
  3832	0.11731	-0.283	0.283
  3833	0.135169	-0.283	0.283
  3834	0.135022	-0.283	0.283
  3835	0.108039	-0.283	0.283
  3836	0.0823462	-0.283	0.283
  3837	0.12228	-0.283	0.283
  3838	0.132757	-0.283	0.283
  3839	0.135106	-0.283	0.283
  3840	0.139924	-0.283	0.283
  3841	0.137318	-0.283	0.283
  3842	0.129958	-0.283	0.283
  3843	0.115443	-0.283	0.283
  3844	0.136213	-0.283	0.283
  3845	0.124591	-0.283	0.283
  3846	0.113452	-0.283	0.283
  3847	0.148734	-0.283	0.283
  3848	0.119356	-0.283	0.283
  3849	0.106469	-0.283	0.283
  3850	0.136351	-0.283	0.283
  3851	0.151122	-0.283	0.283
  3852	0.139845	-0.283	0.283
  3853	0.14588	-0.283	0.283
  3854	0.14807	-0.283	0.283
  3855	0.148723	-0.283	0.283
  3856	0.139131	-0.283	0.283
  3857	0.150415	-0.283	0.283
  3858	0.116277	-0.283	0.283
  3859	0.132481	-0.283	0.283
  3860	0.106782	-0.283	0.283
  3861	0.144887	-0.283	0.283
  3862	0.135704	-0.283	0.283
  3863	0.120514	-0.283	0.283
  3864	0.144321	-0.283	0.283
  3865	0.140334	-0.283	0.283
  3866	0.146318	-0.283	0.283
  3867	0.113437	-0.283	0.283
  3868	0.131025	-0.283	0.283
  3869	0.106484	-0.283	0.283
  3870	0.111917	-0.283	0.283
  3871	0.14338	-0.283	0.283
  3872	0.139328	-0.283	0.283
  3873	0.106572	-0.283	0.283
  3874	0.133486	-0.283	0.283
  3875	0.123399	-0.283	0.283
  3876	0.128901	-0.283	0.283
  3877	0.133853	-0.283	0.283
  3878	0.144918	-0.283	0.283
  3879	0.111727	-0.283	0.283
  3880	0.121222	-0.283	0.283
  3881	0.0959747	-0.283	0.283
  3882	0.117045	-0.283	0.283
  3883	0.115748	-0.283	0.283
  3884	0.124502	-0.283	0.283
  3885	0.150058	-0.283	0.283
  3886	0.100215	-0.283	0.283
  3887	0.111631	-0.283	0.283
  3888	0.118026	-0.283	0.283
  3889	0.147194	-0.283	0.283
  3890	0.135944	-0.283	0.283
  3891	0.0996311	-0.283	0.283
  3892	0.112264	-0.283	0.283
  3893	0.0922612	-0.283	0.283
  3894	0.144732	-0.283	0.283
  3895	0.145122	-0.283	0.283
  3896	0.119336	-0.283	0.283
  3897	0.113079	-0.283	0.283
  3898	0.146904	-0.283	0.283
  3899	0.136009	-0.283	0.283
  3900	0.113748	-0.283	0.283
  3901	0.146758	-0.283	0.283
  3902	0.123391	-0.283	0.283
  3903	0.102225	-0.283	0.283
  3904	0.131789	-0.283	0.283
  3905	0.109669	-0.283	0.283
  3906	0.135984	-0.283	0.283
  3907	0.117421	-0.283	0.283
  3908	0.121375	-0.283	0.283
  3909	0.14315	-0.283	0.283
  3910	0.132292	-0.283	0.283
  3911	0.145703	-0.283	0.283
  3912	0.148034	-0.283	0.283
  3913	0.126297	-0.283	0.283
  3914	0.114278	-0.283	0.283
  3915	0.142398	-0.283	0.283
  3916	0.1484	-0.283	0.283
  3917	0.141665	-0.283	0.283
  3918	0.121535	-0.283	0.283
  3919	0.110744	-0.283	0.283
  3920	0.149197	-0.283	0.283
  3921	0.130447	-0.283	0.283
  3922	0.137494	-0.283	0.283
  3923	0.144973	-0.283	0.283
  3924	0.12777	-0.283	0.283
  3925	0.148902	-0.283	0.283
  3926	0.108162	-0.283	0.283
  3927	0.13346	-0.283	0.283
  3928	0.150514	-0.283	0.283
  3929	0.142897	-0.283	0.283
  3930	0.1432	-0.283	0.283
  3931	0.129677	-0.283	0.283
  3932	0.119508	-0.283	0.283
  3933	0.0958156	-0.283	0.283
  3934	0.139576	-0.283	0.283
  3935	0.144002	-0.283	0.283
  3936	0.108522	-0.283	0.283
  3937	0.105951	-0.283	0.283
  3938	0.143462	-0.283	0.283
  3939	0.140255	-0.283	0.283
  3940	0.147233	-0.283	0.283
  3941	0.144822	-0.283	0.283
  3942	0.113628	-0.283	0.283
  3943	0.142559	-0.283	0.283
  3944	0.102057	-0.283	0.283
  3945	0.142261	-0.283	0.283
  3946	0.134356	-0.283	0.283
  3947	0.129772	-0.283	0.283
  3948	0.148647	-0.283	0.283
  3949	0.121837	-0.283	0.283
  3950	0.0887837	-0.283	0.283
  3951	0.12355	-0.283	0.283
  3952	0.14458	-0.283	0.283
  3953	0.139844	-0.283	0.283
  3954	0.149097	-0.283	0.283
  3955	0.133264	-0.283	0.283
  3956	0.136451	-0.283	0.283
  3957	0.117811	-0.283	0.283
  3958	0.140821	-0.283	0.283
  3959	0.0897065	-0.283	0.283
  3960	0.147113	-0.283	0.283
  3961	0.149787	-0.283	0.283
  3962	0.123387	-0.283	0.283
  3963	0.141479	-0.283	0.283
  3964	0.105199	-0.283	0.283
  3965	0.106631	-0.283	0.283
  3966	0.0903976	-0.283	0.283
  3967	0.0822768	-0.283	0.283
  3968	0.112732	-0.283	0.283
  3969	0.149583	-0.283	0.283
  3970	0.131443	-0.283	0.283
  3971	0.135814	-0.283	0.283
  3972	0.0757352	-0.283	0.283
  3973	0.132552	-0.283	0.283
  3974	0.126344	-0.283	0.283
  3975	0.145706	-0.283	0.283
  3976	0.145437	-0.283	0.283
  3977	0.146031	-0.283	0.283
  3978	0.1187	-0.283	0.283
  3979	0.138208	-0.283	0.283
  3980	0.146736	-0.283	0.283
  3981	0.131726	-0.283	0.283
  3982	0.111231	-0.283	0.283
  3983	0.117674	-0.283	0.283
  3984	0.122045	-0.283	0.283
  3985	0.129458	-0.283	0.283
  3986	0.115484	-0.283	0.283
  3987	0.129932	-0.283	0.283
  3988	0.100941	-0.283	0.283
  3989	0.112891	-0.283	0.283
  3990	0.12709	-0.283	0.283
  3991	0.129797	-0.283	0.283
  3992	0.146617	-0.283	0.283
  3993	0.0964806	-0.283	0.283
  3994	0.134229	-0.283	0.283
  3995	0.0834097	-0.283	0.283
  3996	0.145664	-0.283	0.283
  3997	0.146689	-0.283	0.283
  3998	0.11886	-0.283	0.283
  3999	0.0891636	-0.283	0.283
  4000	0.135165	-0.283	0.283
  4001	0.12287	-0.283	0.283
  4002	0.12695	-0.283	0.283
  4003	0.105828	-0.283	0.283
  4004	0.142376	-0.283	0.283
  4005	0.125277	-0.283	0.283
  4006	0.102518	-0.283	0.283
  4007	0.141448	-0.283	0.283
  4008	0.144701	-0.283	0.283
  4009	0.0707092	-0.283	0.283
  4010	0.107614	-0.283	0.283
  4011	0.145363	-0.283	0.283
  4012	0.131225	-0.283	0.283
  4013	0.140812	-0.283	0.283
  4014	0.130138	-0.283	0.283
  4015	0.131428	-0.283	0.283
  4016	0.1268	-0.283	0.283
  4017	0.122701	-0.283	0.283
  4018	0.0981309	-0.283	0.283
  4019	0.11036	-0.283	0.283
  4020	0.105612	-0.283	0.283
  4021	0.116395	-0.283	0.283
  4022	0.142873	-0.283	0.283
  4023	0.121199	-0.283	0.283
  4024	0.140877	-0.283	0.283
  4025	0.116924	-0.283	0.283
  4026	0.110968	-0.283	0.283
  4027	0.102134	-0.283	0.283
  4028	0.126803	-0.283	0.283
  4029	0.142282	-0.283	0.283
  4030	0.123059	-0.283	0.283
  4031	0.131829	-0.283	0.283
  4032	0.149074	-0.283	0.283
  4033	0.139434	-0.283	0.283
  4034	0.142521	-0.283	0.283
  4035	0.131793	-0.283	0.283
  4036	0.149022	-0.283	0.283
  4037	0.120197	-0.283	0.283
  4038	0.107537	-0.283	0.283
  4039	0.147435	-0.283	0.283
  4040	0.138425	-0.283	0.283
  4041	0.1386	-0.283	0.283
  4042	0.134666	-0.283	0.283
  4043	0.149585	-0.283	0.283
  4044	0.0927442	-0.283	0.283
  4045	0.128027	-0.283	0.283
  4046	0.149886	-0.283	0.283
  4047	0.134138	-0.283	0.283
  4048	0.147022	-0.283	0.283
  4049	0.144313	-0.283	0.283
  4050	0.0889283	-0.283	0.283
  4051	0.133868	-0.283	0.283
  4052	0.132071	-0.283	0.283
  4053	0.128498	-0.283	0.283
  4054	0.136923	-0.283	0.283
  4055	0.135113	-0.283	0.283
  4056	0.0994895	-0.283	0.283
  4057	0.151688	-0.283	0.283
  4058	0.145122	-0.283	0.283
  4059	0.122544	-0.283	0.283
  4060	0.111577	-0.283	0.283
  4061	0.122982	-0.283	0.283
  4062	0.127696	-0.283	0.283
  4063	0.123051	-0.283	0.283
  4064	0.101429	-0.283	0.283
  4065	0.143902	-0.283	0.283
  4066	0.123542	-0.283	0.283
  4067	0.0945595	-0.283	0.283
  4068	0.14736	-0.283	0.283
  4069	0.118524	-0.283	0.283
  4070	0.107574	-0.283	0.283
  4071	0.100114	-0.283	0.283
  4072	0.115644	-0.283	0.283
  4073	0.12773	-0.283	0.283
  4074	0.143931	-0.283	0.283
  4075	0.150139	-0.283	0.283
  4076	0.143712	-0.283	0.283
  4077	0.137901	-0.283	0.283
  4078	0.073027	-0.283	0.283
  4079	0.146575	-0.283	0.283
  4080	0.141574	-0.283	0.283
  4081	0.150541	-0.283	0.283
  4082	0.12279	-0.283	0.283
  4083	0.130947	-0.283	0.283
  4084	0.147434	-0.283	0.283
  4085	0.109659	-0.283	0.283
  4086	0.135277	-0.283	0.283
  4087	0.121373	-0.283	0.283
  4088	0.113846	-0.283	0.283
  4089	0.12672	-0.283	0.283
  4090	0.143513	-0.283	0.283
  4091	0.11544	-0.283	0.283
  4092	0.11667	-0.283	0.283
  4093	0.143775	-0.283	0.283
  4094	0.126389	-0.283	0.283
  4095	0.110335	-0.283	0.283
  4096	0.141052	-0.283	0.283
  4097	0.141732	-0.283	0.283
  4098	0.123627	-0.283	0.283
  4099	0.109294	-0.283	0.283
  4100	0.141446	-0.283	0.283
  4101	0.134105	-0.283	0.283
  4102	0.129943	-0.283	0.283
  4103	0.111812	-0.283	0.283
  4104	0.143934	-0.283	0.283
  4105	0.148978	-0.283	0.283
  4106	0.147696	-0.283	0.283
  4107	0.0853796	-0.283	0.283
  4108	0.119276	-0.283	0.283
  4109	0.106416	-0.283	0.283
  4110	0.140484	-0.283	0.283
  4111	0.145934	-0.283	0.283
  4112	0.137104	-0.283	0.283
  4113	0.152046	-0.283	0.283
  4114	0.122076	-0.283	0.283
  4115	0.146968	-0.283	0.283
  4116	0.0679628	-0.283	0.283
  4117	0.133997	-0.283	0.283
  4118	0.118051	-0.283	0.283
  4119	0.133014	-0.283	0.283
  4120	0.141279	-0.283	0.283
  4121	0.103574	-0.283	0.283
  4122	0.122473	-0.283	0.283
  4123	0.116906	-0.283	0.283
  4124	0.150631	-0.283	0.283
  4125	0.10543	-0.283	0.283
  4126	0.132323	-0.283	0.283
  4127	0.147558	-0.283	0.283
  4128	0.151865	-0.283	0.283
  4129	0.13719	-0.283	0.283
  4130	0.142683	-0.283	0.283
  4131	0.130415	-0.283	0.283
  4132	0.109691	-0.283	0.283
  4133	0.103753	-0.283	0.283
  4134	0.138111	-0.283	0.283
  4135	0.132008	-0.283	0.283
  4136	0.13852	-0.283	0.283
  4137	0.097719	-0.283	0.283
  4138	0.130063	-0.283	0.283
  4139	0.126891	-0.283	0.283
  4140	0.110944	-0.283	0.283
  4141	0.149079	-0.283	0.283
  4142	0.126752	-0.283	0.283
  4143	0.127867	-0.283	0.283
  4144	0.105326	-0.283	0.283
  4145	0.125082	-0.283	0.283
  4146	0.147137	-0.283	0.283
  4147	0.144953	-0.283	0.283
  4148	0.125755	-0.283	0.283
  4149	0.131432	-0.283	0.283
  4150	0.115317	-0.283	0.283
  4151	0.0897373	-0.283	0.283
  4152	0.138209	-0.283	0.283
  4153	0.13708	-0.283	0.283
  4154	0.0953548	-0.283	0.283
  4155	0.143339	-0.283	0.283
  4156	0.138275	-0.283	0.283
  4157	0.134884	-0.283	0.283
  4158	0.130423	-0.283	0.283
  4159	0.110341	-0.283	0.283
  4160	0.0923563	-0.283	0.283
  4161	0.0712397	-0.283	0.283
  4162	0.102374	-0.283	0.283
  4163	0.138762	-0.283	0.283
  4164	0.135545	-0.283	0.283
  4165	0.14321	-0.283	0.283
  4166	0.104378	-0.283	0.283
  4167	0.122536	-0.283	0.283
  4168	0.0946106	-0.283	0.283
  4169	0.145105	-0.283	0.283
  4170	0.122565	-0.283	0.283
  4171	0.0766582	-0.283	0.283
  4172	0.123212	-0.283	0.283
  4173	0.149102	-0.283	0.283
  4174	0.138183	-0.283	0.283
  4175	0.144584	-0.283	0.283
  4176	0.124648	-0.283	0.283
  4177	0.135689	-0.283	0.283
  4178	0.107725	-0.283	0.283
  4179	0.14596	-0.283	0.283
  4180	0.149542	-0.283	0.283
  4181	0.145488	-0.283	0.283
  4182	0.128922	-0.283	0.283
  4183	0.118396	-0.283	0.283
  4184	0.145467	-0.283	0.283
  4185	0.103331	-0.283	0.283
  4186	0.100217	-0.283	0.283
  4187	0.150086	-0.283	0.283
  4188	0.126939	-0.283	0.283
  4189	0.129273	-0.283	0.283
  4190	0.15021	-0.283	0.283
  4191	0.118493	-0.283	0.283
  4192	0.127684	-0.283	0.283
  4193	0.0938019	-0.283	0.283
  4194	0.0915397	-0.283	0.283
  4195	0.135485	-0.283	0.283
  4196	0.14507	-0.283	0.283
  4197	0.13295	-0.283	0.283
  4198	0.129084	-0.283	0.283
  4199	0.125714	-0.283	0.283
  4200	0.138448	-0.283	0.283
  4201	0.148181	-0.283	0.283
  4202	0.143794	-0.283	0.283
  4203	0.144456	-0.283	0.283
  4204	0.128972	-0.283	0.283
  4205	0.13777	-0.283	0.283
  4206	0.106807	-0.283	0.283
  4207	0.147336	-0.283	0.283
  4208	0.139967	-0.283	0.283
  4209	0.129338	-0.283	0.283
  4210	0.137301	-0.283	0.283
  4211	0.133734	-0.283	0.283
  4212	0.130941	-0.283	0.283
  4213	0.103605	-0.283	0.283
  4214	0.146234	-0.283	0.283
  4215	0.112648	-0.283	0.283
  4216	0.141478	-0.283	0.283
  4217	0.147886	-0.283	0.283
  4218	0.113903	-0.283	0.283
  4219	0.104627	-0.283	0.283
  4220	0.141254	-0.283	0.283
  4221	0.0683988	-0.283	0.283
  4222	0.145863	-0.283	0.283
  4223	0.145313	-0.283	0.283
  4224	0.116786	-0.283	0.283
  4225	0.0889897	-0.283	0.283
  4226	0.127533	-0.283	0.283
  4227	0.145295	-0.283	0.283
  4228	0.142053	-0.283	0.283
  4229	0.123746	-0.283	0.283
  4230	0.121526	-0.283	0.283
  4231	0.122699	-0.283	0.283
  4232	0.136428	-0.283	0.283
  4233	0.112085	-0.283	0.283
  4234	0.133885	-0.283	0.283
  4235	0.133399	-0.283	0.283
  4236	0.107921	-0.283	0.283
  4237	0.12261	-0.283	0.283
  4238	0.0977698	-0.283	0.283
  4239	0.12627	-0.283	0.283
  4240	0.128791	-0.283	0.283
  4241	0.125044	-0.283	0.283
  4242	0.127998	-0.283	0.283
  4243	0.114246	-0.283	0.283
  4244	0.123751	-0.283	0.283
  4245	0.119577	-0.283	0.283
  4246	0.151047	-0.283	0.283
  4247	0.133084	-0.283	0.283
  4248	0.121202	-0.283	0.283
  4249	0.130715	-0.283	0.283
  4250	0.139043	-0.283	0.283
  4251	0.134302	-0.283	0.283
  4252	0.108396	-0.283	0.283
  4253	0.145969	-0.283	0.283
  4254	0.14231	-0.283	0.283
  4255	0.125594	-0.283	0.283
  4256	0.123197	-0.283	0.283
  4257	0.140305	-0.283	0.283
  4258	0.133648	-0.283	0.283
  4259	0.145396	-0.283	0.283
  4260	0.136067	-0.283	0.283
  4261	0.125348	-0.283	0.283
  4262	0.137831	-0.283	0.283
  4263	0.141054	-0.283	0.283
  4264	0.0883582	-0.283	0.283
  4265	0.128748	-0.283	0.283
  4266	0.134389	-0.283	0.283
  4267	0.119574	-0.283	0.283
  4268	0.0952617	-0.283	0.283
  4269	0.10651	-0.283	0.283
  4270	0.119194	-0.283	0.283
  4271	0.119305	-0.283	0.283
  4272	0.100129	-0.283	0.283
  4273	0.126262	-0.283	0.283
  4274	0.142372	-0.283	0.283
  4275	0.13719	-0.283	0.283
  4276	0.09682	-0.283	0.283
  4277	0.114271	-0.283	0.283
  4278	0.13904	-0.283	0.283
  4279	0.122979	-0.283	0.283
  4280	0.148784	-0.283	0.283
  4281	0.129455	-0.283	0.283
  4282	0.1456	-0.283	0.283
  4283	0.132024	-0.283	0.283
  4284	0.106574	-0.283	0.283
  4285	0.0899882	-0.283	0.283
  4286	0.147823	-0.283	0.283
  4287	0.121175	-0.283	0.283
  4288	0.150016	-0.283	0.283
  4289	0.128781	-0.283	0.283
  4290	0.13253	-0.283	0.283
  4291	0.147423	-0.283	0.283
  4292	0.111454	-0.283	0.283
  4293	0.136149	-0.283	0.283
  4294	0.113867	-0.283	0.283
  4295	0.133164	-0.283	0.283
  4296	0.122482	-0.283	0.283
  4297	0.120698	-0.283	0.283
  4298	0.146325	-0.283	0.283
  4299	0.10768	-0.283	0.283
  4300	0.141703	-0.283	0.283
  4301	0.132978	-0.283	0.283
  4302	0.131097	-0.283	0.283
  4303	0.120096	-0.283	0.283
  4304	0.111469	-0.283	0.283
  4305	0.102071	-0.283	0.283
  4306	0.150665	-0.283	0.283
  4307	0.140373	-0.283	0.283
  4308	0.150358	-0.283	0.283
  4309	0.134889	-0.283	0.283
  4310	0.113877	-0.283	0.283
  4311	0.138574	-0.283	0.283
  4312	0.124706	-0.283	0.283
  4313	0.147816	-0.283	0.283
  4314	0.122311	-0.283	0.283
  4315	0.106771	-0.283	0.283
  4316	0.131127	-0.283	0.283
  4317	0.104625	-0.283	0.283
  4318	0.132221	-0.283	0.283
  4319	0.10698	-0.283	0.283
  4320	0.124189	-0.283	0.283
  4321	0.102708	-0.283	0.283
  4322	0.1363	-0.283	0.283
  4323	0.131797	-0.283	0.283
  4324	0.150396	-0.283	0.283
  4325	0.128816	-0.283	0.283
  4326	0.0736535	-0.283	0.283
  4327	0.140928	-0.283	0.283
  4328	0.120732	-0.283	0.283
  4329	0.109247	-0.283	0.283
  4330	0.129367	-0.283	0.283
  4331	0.143872	-0.283	0.283
  4332	0.121972	-0.283	0.283
  4333	0.138274	-0.283	0.283
  4334	0.109084	-0.283	0.283
  4335	0.108829	-0.283	0.283
  4336	0.129354	-0.283	0.283
  4337	0.137205	-0.283	0.283
  4338	0.132605	-0.283	0.283
  4339	0.137689	-0.283	0.283
  4340	0.141288	-0.283	0.283
  4341	0.101879	-0.283	0.283
  4342	0.125898	-0.283	0.283
  4343	0.0783688	-0.283	0.283
  4344	0.0652242	-0.283	0.283
  4345	0.147027	-0.283	0.283
  4346	0.134274	-0.283	0.283
  4347	0.113413	-0.283	0.283
  4348	0.100888	-0.283	0.283
  4349	0.108552	-0.283	0.283
  4350	0.0891849	-0.283	0.283
  4351	0.126068	-0.283	0.283
  4352	0.116701	-0.283	0.283
  4353	0.139243	-0.283	0.283
  4354	0.122828	-0.283	0.283
  4355	0.1413	-0.283	0.283
  4356	0.103845	-0.283	0.283
  4357	0.124559	-0.283	0.283
  4358	0.125195	-0.283	0.283
  4359	0.124777	-0.283	0.283
  4360	0.131249	-0.283	0.283
  4361	0.129351	-0.283	0.283
  4362	0.134057	-0.283	0.283
  4363	0.139206	-0.283	0.283
  4364	0.09712	-0.283	0.283
  4365	0.136448	-0.283	0.283
  4366	0.123338	-0.283	0.283
  4367	0.111672	-0.283	0.283
  4368	0.0881532	-0.283	0.283
  4369	0.130598	-0.283	0.283
  4370	0.142877	-0.283	0.283
  4371	0.146053	-0.283	0.283
  4372	0.121721	-0.283	0.283
  4373	0.12917	-0.283	0.283
  4374	0.111887	-0.283	0.283
  4375	0.105109	-0.283	0.283
  4376	0.12621	-0.283	0.283
  4377	0.126132	-0.283	0.283
  4378	0.137369	-0.283	0.283
  4379	0.132888	-0.283	0.283
  4380	0.127278	-0.283	0.283
  4381	0.137639	-0.283	0.283
  4382	0.0957485	-0.283	0.283
  4383	0.125368	-0.283	0.283
  4384	0.12967	-0.283	0.283
  4385	0.133998	-0.283	0.283
  4386	0.117069	-0.283	0.283
  4387	0.15074	-0.283	0.283
  4388	0.141151	-0.283	0.283
  4389	0.132903	-0.283	0.283
  4390	0.150073	-0.283	0.283
  4391	0.13467	-0.283	0.283
  4392	0.125629	-0.283	0.283
  4393	0.121924	-0.283	0.283
  4394	0.124828	-0.283	0.283
  4395	0.0884779	-0.283	0.283
  4396	0.144124	-0.283	0.283
  4397	0.111868	-0.283	0.283
  4398	0.122877	-0.283	0.283
  4399	0.104171	-0.283	0.283
  4400	0.103179	-0.283	0.283
  4401	0.147122	-0.283	0.283
  4402	0.14763	-0.283	0.283
  4403	0.125835	-0.283	0.283
  4404	0.119982	-0.283	0.283
  4405	0.119031	-0.283	0.283
  4406	0.10104	-0.283	0.283
  4407	0.131411	-0.283	0.283
  4408	0.133824	-0.283	0.283
  4409	0.127019	-0.283	0.283
  4410	0.126143	-0.283	0.283
  4411	0.145054	-0.283	0.283
  4412	0.146666	-0.283	0.283
  4413	0.125967	-0.283	0.283
  4414	0.100094	-0.283	0.283
  4415	0.133024	-0.283	0.283
  4416	0.136363	-0.283	0.283
  4417	0.136694	-0.283	0.283
  4418	0.117283	-0.283	0.283
  4419	0.149142	-0.283	0.283
  4420	0.141686	-0.283	0.283
  4421	0.129927	-0.283	0.283
  4422	0.135575	-0.283	0.283
  4423	0.117568	-0.283	0.283
  4424	0.138012	-0.283	0.283
  4425	0.142721	-0.283	0.283
  4426	0.122652	-0.283	0.283
  4427	0.130689	-0.283	0.283
  4428	0.151016	-0.283	0.283
  4429	0.146161	-0.283	0.283
  4430	0.129378	-0.283	0.283
  4431	0.145649	-0.283	0.283
  4432	0.0916496	-0.283	0.283
  4433	0.0934096	-0.283	0.283
  4434	0.146576	-0.283	0.283
  4435	0.132242	-0.283	0.283
  4436	0.142679	-0.283	0.283
  4437	0.115608	-0.283	0.283
  4438	0.110591	-0.283	0.283
  4439	0.117789	-0.283	0.283
  4440	0.1026	-0.283	0.283
  4441	0.135803	-0.283	0.283
  4442	0.122793	-0.283	0.283
  4443	0.0763213	-0.283	0.283
  4444	0.107428	-0.283	0.283
  4445	0.106225	-0.283	0.283
  4446	0.128179	-0.283	0.283
  4447	0.125114	-0.283	0.283
  4448	0.0894602	-0.283	0.283
  4449	0.118837	-0.283	0.283
  4450	0.127702	-0.283	0.283
  4451	0.148273	-0.283	0.283
  4452	0.0875139	-0.283	0.283
  4453	0.135264	-0.283	0.283
  4454	0.136986	-0.283	0.283
  4455	0.0941285	-0.283	0.283
  4456	0.144109	-0.283	0.283
  4457	0.121509	-0.283	0.283
  4458	0.10886	-0.283	0.283
  4459	0.120957	-0.283	0.283
  4460	0.141679	-0.283	0.283
  4461	0.148784	-0.283	0.283
  4462	0.129227	-0.283	0.283
  4463	0.114932	-0.283	0.283
  4464	0.1117	-0.283	0.283
  4465	0.0971675	-0.283	0.283
  4466	0.145559	-0.283	0.283
  4467	0.140413	-0.283	0.283
  4468	0.121192	-0.283	0.283
  4469	0.12922	-0.283	0.283
  4470	0.103401	-0.283	0.283
  4471	0.139298	-0.283	0.283
  4472	0.139317	-0.283	0.283
  4473	0.105408	-0.283	0.283
  4474	0.110409	-0.283	0.283
  4475	0.132853	-0.283	0.283
  4476	0.119555	-0.283	0.283
  4477	0.124929	-0.283	0.283
  4478	0.114811	-0.283	0.283
  4479	0.109396	-0.283	0.283
  4480	0.133879	-0.283	0.283
  4481	0.128056	-0.283	0.283
  4482	0.114735	-0.283	0.283
  4483	0.124291	-0.283	0.283
  4484	0.14102	-0.283	0.283
  4485	0.109349	-0.283	0.283
  4486	0.117075	-0.283	0.283
  4487	0.117517	-0.283	0.283
  4488	0.122141	-0.283	0.283
  4489	0.12669	-0.283	0.283
  4490	0.142469	-0.283	0.283
  4491	0.129723	-0.283	0.283
  4492	0.149844	-0.283	0.283
  4493	0.147946	-0.283	0.283
  4494	0.139705	-0.283	0.283
  4495	0.106646	-0.283	0.283
  4496	0.13583	-0.283	0.283
  4497	0.149433	-0.283	0.283
  4498	0.147626	-0.283	0.283
  4499	0.131965	-0.283	0.283
  4500	0.141667	-0.283	0.283
  4501	0.12333	-0.283	0.283
  4502	0.149829	-0.283	0.283
  4503	0.122861	-0.283	0.283
  4504	0.122627	-0.283	0.283
  4505	0.126173	-0.283	0.283
  4506	0.137621	-0.283	0.283
  4507	0.105773	-0.283	0.283
  4508	0.126794	-0.283	0.283
  4509	0.103619	-0.283	0.283
  4510	0.118317	-0.283	0.283
  4511	0.132849	-0.283	0.283
  4512	0.100418	-0.283	0.283
  4513	0.119695	-0.283	0.283
  4514	0.141677	-0.283	0.283
  4515	0.090603	-0.283	0.283
  4516	0.100876	-0.283	0.283
  4517	0.108468	-0.283	0.283
  4518	0.122173	-0.283	0.283
  4519	0.129263	-0.283	0.283
  4520	0.0814669	-0.283	0.283
  4521	0.114585	-0.283	0.283
  4522	0.12138	-0.283	0.283
  4523	0.140617	-0.283	0.283
  4524	0.146728	-0.283	0.283
  4525	0.136219	-0.283	0.283
  4526	0.138277	-0.283	0.283
  4527	0.144507	-0.283	0.283
  4528	0.118536	-0.283	0.283
  4529	0.121157	-0.283	0.283
  4530	0.144218	-0.283	0.283
  4531	0.147123	-0.283	0.283
  4532	0.11485	-0.283	0.283
  4533	0.142572	-0.283	0.283
  4534	0.137154	-0.283	0.283
  4535	0.132917	-0.283	0.283
  4536	0.118649	-0.283	0.283
  4537	0.134771	-0.283	0.283
  4538	0.123076	-0.283	0.283
  4539	0.140001	-0.283	0.283
  4540	0.149936	-0.283	0.283
  4541	0.139802	-0.283	0.283
  4542	0.127817	-0.283	0.283
  4543	0.144086	-0.283	0.283
  4544	0.136496	-0.283	0.283
  4545	0.137198	-0.283	0.283
  4546	0.148513	-0.283	0.283
  4547	0.112255	-0.283	0.283
  4548	0.1352	-0.283	0.283
  4549	0.148239	-0.283	0.283
  4550	0.142307	-0.283	0.283
  4551	0.126742	-0.283	0.283
  4552	0.13793	-0.283	0.283
  4553	0.131137	-0.283	0.283
  4554	0.149642	-0.283	0.283
  4555	0.110331	-0.283	0.283
  4556	0.136584	-0.283	0.283
  4557	0.144562	-0.283	0.283
  4558	0.136116	-0.283	0.283
  4559	0.127906	-0.283	0.283
  4560	0.14385	-0.283	0.283
  4561	0.126906	-0.283	0.283
  4562	0.102698	-0.283	0.283
  4563	0.138804	-0.283	0.283
  4564	0.144968	-0.283	0.283
  4565	0.127431	-0.283	0.283
  4566	0.0945287	-0.283	0.283
  4567	0.109534	-0.283	0.283
  4568	0.149758	-0.283	0.283
  4569	0.130066	-0.283	0.283
  4570	0.120849	-0.283	0.283
  4571	0.14499	-0.283	0.283
  4572	0.134032	-0.283	0.283
  4573	0.102511	-0.283	0.283
  4574	0.14341	-0.283	0.283
  4575	0.127267	-0.283	0.283
  4576	0.113485	-0.283	0.283
  4577	0.136716	-0.283	0.283
  4578	0.130324	-0.283	0.283
  4579	0.129694	-0.283	0.283
  4580	0.149272	-0.283	0.283
  4581	0.135002	-0.283	0.283
  4582	0.138107	-0.283	0.283
  4583	0.140793	-0.283	0.283
  4584	0.130785	-0.283	0.283
  4585	0.143192	-0.283	0.283
  4586	0.120515	-0.283	0.283
  4587	0.0615461	-0.283	0.283
  4588	0.10048	-0.283	0.283
  4589	0.131129	-0.283	0.283
  4590	0.115838	-0.283	0.283
  4591	0.124767	-0.283	0.283
  4592	0.147806	-0.283	0.283
  4593	0.13483	-0.283	0.283
  4594	0.121488	-0.283	0.283
  4595	0.101441	-0.283	0.283
  4596	0.134389	-0.283	0.283
  4597	0.141851	-0.283	0.283
  4598	0.150038	-0.283	0.283
  4599	0.120051	-0.283	0.283
  4600	0.107238	-0.283	0.283
  4601	0.148415	-0.283	0.283
  4602	0.143147	-0.283	0.283
  4603	0.112018	-0.283	0.283
  4604	0.116889	-0.283	0.283
  4605	0.131698	-0.283	0.283
  4606	0.129076	-0.283	0.283
  4607	0.142761	-0.283	0.283
  4608	0.145244	-0.283	0.283
  4609	0.131262	-0.283	0.283
  4610	0.0946644	-0.283	0.283
  4611	0.11861	-0.283	0.283
  4612	0.114642	-0.283	0.283
  4613	0.101927	-0.283	0.283
  4614	0.12327	-0.283	0.283
  4615	0.147271	-0.283	0.283
  4616	0.150447	-0.283	0.283
  4617	0.0596638	-0.283	0.283
  4618	0.149949	-0.283	0.283
  4619	0.135933	-0.283	0.283
  4620	0.118315	-0.283	0.283
  4621	0.118338	-0.283	0.283
  4622	0.113241	-0.283	0.283
  4623	0.13926	-0.283	0.283
  4624	0.106056	-0.283	0.283
  4625	0.129028	-0.283	0.283
  4626	0.13345	-0.283	0.283
  4627	0.138938	-0.283	0.283
  4628	0.112358	-0.283	0.283
  4629	0.142612	-0.283	0.283
  4630	0.0955709	-0.283	0.283
  4631	0.0947734	-0.283	0.283
  4632	0.137247	-0.283	0.283
  4633	0.134716	-0.283	0.283
  4634	0.109848	-0.283	0.283
  4635	0.134344	-0.283	0.283
  4636	0.136409	-0.283	0.283
  4637	0.109648	-0.283	0.283
  4638	0.116608	-0.283	0.283
  4639	0.145794	-0.283	0.283
  4640	0.1167	-0.283	0.283
  4641	0.138774	-0.283	0.283
  4642	0.138749	-0.283	0.283
  4643	0.136783	-0.283	0.283
  4644	0.145193	-0.283	0.283
  4645	0.136473	-0.283	0.283
  4646	0.147351	-0.283	0.283
  4647	0.122544	-0.283	0.283
  4648	0.1459	-0.283	0.283
  4649	0.13929	-0.283	0.283
  4650	0.114929	-0.283	0.283
  4651	0.0921921	-0.283	0.283
  4652	0.111909	-0.283	0.283
  4653	0.122739	-0.283	0.283
  4654	0.148127	-0.283	0.283
  4655	0.0974448	-0.283	0.283
  4656	0.140064	-0.283	0.283
  4657	0.144509	-0.283	0.283
  4658	0.12141	-0.283	0.283
  4659	0.147933	-0.283	0.283
  4660	0.135507	-0.283	0.283
  4661	0.132829	-0.283	0.283
  4662	0.146087	-0.283	0.283
  4663	0.13216	-0.283	0.283
  4664	0.144169	-0.283	0.283
  4665	0.117451	-0.283	0.283
  4666	0.121766	-0.283	0.283
  4667	0.131464	-0.283	0.283
  4668	0.116932	-0.283	0.283
  4669	0.104587	-0.283	0.283
  4670	0.104607	-0.283	0.283
  4671	0.130052	-0.283	0.283
  4672	0.130168	-0.283	0.283
  4673	0.151949	-0.283	0.283
  4674	0.107622	-0.283	0.283
  4675	0.148713	-0.283	0.283
  4676	0.112584	-0.283	0.283
  4677	0.143432	-0.283	0.283
  4678	0.0827263	-0.283	0.283
  4679	0.147225	-0.283	0.283
  4680	0.102021	-0.283	0.283
  4681	0.149548	-0.283	0.283
  4682	0.132049	-0.283	0.283
  4683	0.137327	-0.283	0.283
  4684	0.117415	-0.283	0.283
  4685	0.0965388	-0.283	0.283
  4686	0.11056	-0.283	0.283
  4687	0.112123	-0.283	0.283
  4688	0.134085	-0.283	0.283
  4689	0.0909036	-0.283	0.283
  4690	0.13663	-0.283	0.283
  4691	0.118008	-0.283	0.283
  4692	0.133715	-0.283	0.283
  4693	0.111023	-0.283	0.283
  4694	0.151071	-0.283	0.283
  4695	0.145198	-0.283	0.283
  4696	0.141884	-0.283	0.283
  4697	0.142659	-0.283	0.283
  4698	0.107192	-0.283	0.283
  4699	0.144608	-0.283	0.283
  4700	0.10174	-0.283	0.283
  4701	0.0960867	-0.283	0.283
  4702	0.112064	-0.283	0.283
  4703	0.108004	-0.283	0.283
  4704	0.12957	-0.283	0.283
  4705	0.148628	-0.283	0.283
  4706	0.122372	-0.283	0.283
  4707	0.138795	-0.283	0.283
  4708	0.121319	-0.283	0.283
  4709	0.123893	-0.283	0.283
  4710	0.119346	-0.283	0.283
  4711	0.0950749	-0.283	0.283
  4712	0.0939573	-0.283	0.283
  4713	0.105146	-0.283	0.283
  4714	0.120373	-0.283	0.283
  4715	0.133521	-0.283	0.283
  4716	0.11172	-0.283	0.283
  4717	0.129243	-0.283	0.283
  4718	0.115098	-0.283	0.283
  4719	0.120678	-0.283	0.283
  4720	0.132368	-0.283	0.283
  4721	0.12525	-0.283	0.283
  4722	0.0968461	-0.283	0.283
  4723	0.0874084	-0.283	0.283
  4724	0.140771	-0.283	0.283
  4725	0.0716212	-0.283	0.283
  4726	0.132085	-0.283	0.283
  4727	0.142236	-0.283	0.283
  4728	0.145078	-0.283	0.283
  4729	0.128932	-0.283	0.283
  4730	0.105499	-0.283	0.283
  4731	0.146813	-0.283	0.283
  4732	0.133901	-0.283	0.283
  4733	0.112063	-0.283	0.283
  4734	0.128051	-0.283	0.283
  4735	0.149381	-0.283	0.283
  4736	0.10454	-0.283	0.283
  4737	0.118461	-0.283	0.283
  4738	0.0986916	-0.283	0.283
  4739	0.150777	-0.283	0.283
  4740	0.14014	-0.283	0.283
  4741	0.132761	-0.283	0.283
  4742	0.147953	-0.283	0.283
  4743	0.12541	-0.283	0.283
  4744	0.0897492	-0.283	0.283
  4745	0.137481	-0.283	0.283
  4746	0.128289	-0.283	0.283
  4747	0.134732	-0.283	0.283
  4748	0.13032	-0.283	0.283
  4749	0.147367	-0.283	0.283
  4750	0.13892	-0.283	0.283
  4751	0.129666	-0.283	0.283
  4752	0.140255	-0.283	0.283
  4753	0.147985	-0.283	0.283
  4754	0.125431	-0.283	0.283
  4755	0.137845	-0.283	0.283
  4756	0.139404	-0.283	0.283
  4757	0.148413	-0.283	0.283
  4758	0.137699	-0.283	0.283
  4759	0.12169	-0.283	0.283
  4760	0.0922752	-0.283	0.283
  4761	0.124914	-0.283	0.283
  4762	0.136013	-0.283	0.283
  4763	0.13109	-0.283	0.283
  4764	0.142392	-0.283	0.283
  4765	0.109647	-0.283	0.283
  4766	0.123384	-0.283	0.283
  4767	0.13498	-0.283	0.283
  4768	0.136299	-0.283	0.283
  4769	0.133939	-0.283	0.283
  4770	0.122269	-0.283	0.283
  4771	0.139621	-0.283	0.283
  4772	0.127021	-0.283	0.283
  4773	0.143635	-0.283	0.283
  4774	0.148798	-0.283	0.283
  4775	0.136179	-0.283	0.283
  4776	0.146963	-0.283	0.283
  4777	0.149997	-0.283	0.283
  4778	0.134636	-0.283	0.283
  4779	0.13062	-0.283	0.283
  4780	0.121354	-0.283	0.283
  4781	0.145466	-0.283	0.283
  4782	0.131993	-0.283	0.283
  4783	0.143067	-0.283	0.283
  4784	0.12349	-0.283	0.283
  4785	0.136832	-0.283	0.283
  4786	0.104507	-0.283	0.283
  4787	0.136602	-0.283	0.283
  4788	0.144909	-0.283	0.283
  4789	0.0947416	-0.283	0.283
  4790	0.144355	-0.283	0.283
  4791	0.12185	-0.283	0.283
  4792	0.122197	-0.283	0.283
  4793	0.124756	-0.283	0.283
  4794	0.14319	-0.283	0.283
  4795	0.114591	-0.283	0.283
  4796	0.122315	-0.283	0.283
  4797	0.129146	-0.283	0.283
  4798	0.125358	-0.283	0.283
  4799	0.0917528	-0.283	0.283
  4800	0.140472	-0.283	0.283
  4801	0.147627	-0.283	0.283
  4802	0.12116	-0.283	0.283
  4803	0.103153	-0.283	0.283
  4804	0.0971468	-0.283	0.283
  4805	0.144333	-0.283	0.283
  4806	0.112747	-0.283	0.283
  4807	0.132674	-0.283	0.283
  4808	0.136855	-0.283	0.283
  4809	0.108853	-0.283	0.283
  4810	0.131792	-0.283	0.283
  4811	0.105508	-0.283	0.283
  4812	0.106994	-0.283	0.283
  4813	0.107136	-0.283	0.283
  4814	0.143429	-0.283	0.283
  4815	0.110874	-0.283	0.283
  4816	0.115946	-0.283	0.283
  4817	0.126149	-0.283	0.283
  4818	0.107585	-0.283	0.283
  4819	0.119303	-0.283	0.283
  4820	0.124791	-0.283	0.283
  4821	0.134903	-0.283	0.283
  4822	0.140375	-0.283	0.283
  4823	0.126343	-0.283	0.283
  4824	0.150235	-0.283	0.283
  4825	0.133864	-0.283	0.283
  4826	0.139223	-0.283	0.283
  4827	0.0797516	-0.283	0.283
  4828	0.111671	-0.283	0.283
  4829	0.108037	-0.283	0.283
  4830	0.139571	-0.283	0.283
  4831	0.122924	-0.283	0.283
  4832	0.122612	-0.283	0.283
  4833	0.124094	-0.283	0.283
  4834	0.13413	-0.283	0.283
  4835	0.148696	-0.283	0.283
  4836	0.0955944	-0.283	0.283
  4837	0.131552	-0.283	0.283
  4838	0.14478	-0.283	0.283
  4839	0.150698	-0.283	0.283
  4840	0.125221	-0.283	0.283
  4841	0.14613	-0.283	0.283
  4842	0.148564	-0.283	0.283
  4843	0.126053	-0.283	0.283
  4844	0.142662	-0.283	0.283
  4845	0.119871	-0.283	0.283
  4846	0.134061	-0.283	0.283
  4847	0.142747	-0.283	0.283
  4848	0.101603	-0.283	0.283
  4849	0.142021	-0.283	0.283
  4850	0.0973626	-0.283	0.283
  4851	0.114985	-0.283	0.283
  4852	0.148239	-0.283	0.283
  4853	0.136015	-0.283	0.283
  4854	0.110709	-0.283	0.283
  4855	0.10061	-0.283	0.283
  4856	0.141318	-0.283	0.283
  4857	0.140863	-0.283	0.283
  4858	0.0892325	-0.283	0.283
  4859	0.14482	-0.283	0.283
  4860	0.143178	-0.283	0.283
  4861	0.114646	-0.283	0.283
  4862	0.135195	-0.283	0.283
  4863	0.0972814	-0.283	0.283
  4864	0.147855	-0.283	0.283
  4865	0.131602	-0.283	0.283
  4866	0.139269	-0.283	0.283
  4867	0.145858	-0.283	0.283
  4868	0.144868	-0.283	0.283
  4869	0.127103	-0.283	0.283
  4870	0.102548	-0.283	0.283
  4871	0.144193	-0.283	0.283
  4872	0.133472	-0.283	0.283
  4873	0.101337	-0.283	0.283
  4874	0.149528	-0.283	0.283
  4875	0.144249	-0.283	0.283
  4876	0.131196	-0.283	0.283
  4877	0.109809	-0.283	0.283
  4878	0.143266	-0.283	0.283
  4879	0.0828923	-0.283	0.283
  4880	0.125303	-0.283	0.283
  4881	0.107863	-0.283	0.283
  4882	0.124536	-0.283	0.283
  4883	0.126237	-0.283	0.283
  4884	0.145237	-0.283	0.283
  4885	0.146214	-0.283	0.283
  4886	0.138092	-0.283	0.283
  4887	0.116879	-0.283	0.283
  4888	0.146806	-0.283	0.283
  4889	0.139129	-0.283	0.283
  4890	0.118839	-0.283	0.283
  4891	0.101648	-0.283	0.283
  4892	0.127915	-0.283	0.283
  4893	0.128617	-0.283	0.283
  4894	0.129802	-0.283	0.283
  4895	0.128874	-0.283	0.283
  4896	0.105382	-0.283	0.283
  4897	0.134349	-0.283	0.283
  4898	0.140422	-0.283	0.283
  4899	0.142192	-0.283	0.283
  4900	0.088618	-0.283	0.283
  4901	0.137998	-0.283	0.283
  4902	0.145685	-0.283	0.283
  4903	0.125485	-0.283	0.283
  4904	0.107528	-0.283	0.283
  4905	0.114349	-0.283	0.283
  4906	0.149306	-0.283	0.283
  4907	0.102674	-0.283	0.283
  4908	0.137971	-0.283	0.283
  4909	0.125142	-0.283	0.283
  4910	0.134804	-0.283	0.283
  4911	0.129065	-0.283	0.283
  4912	0.148596	-0.283	0.283
  4913	0.140067	-0.283	0.283
  4914	0.140027	-0.283	0.283
  4915	0.103899	-0.283	0.283
  4916	0.149246	-0.283	0.283
  4917	0.125385	-0.283	0.283
  4918	0.115956	-0.283	0.283
  4919	0.14886	-0.283	0.283
  4920	0.139802	-0.283	0.283
  4921	0.124664	-0.283	0.283
  4922	0.11549	-0.283	0.283
  4923	0.144055	-0.283	0.283
  4924	0.118034	-0.283	0.283
  4925	0.148804	-0.283	0.283
  4926	0.13074	-0.283	0.283
  4927	0.12826	-0.283	0.283
  4928	0.14271	-0.283	0.283
  4929	0.148222	-0.283	0.283
  4930	0.0963859	-0.283	0.283
  4931	0.139095	-0.283	0.283
  4932	0.128116	-0.283	0.283
  4933	0.134789	-0.283	0.283
  4934	0.135138	-0.283	0.283
  4935	0.139764	-0.283	0.283
  4936	0.107908	-0.283	0.283
  4937	0.134455	-0.283	0.283
  4938	0.12147	-0.283	0.283
  4939	0.118435	-0.283	0.283
  4940	0.134003	-0.283	0.283
  4941	0.115619	-0.283	0.283
  4942	0.149808	-0.283	0.283
  4943	0.138228	-0.283	0.283
  4944	0.148215	-0.283	0.283
  4945	0.145386	-0.283	0.283
  4946	0.139499	-0.283	0.283
  4947	0.150223	-0.283	0.283
  4948	0.150419	-0.283	0.283
  4949	0.144943	-0.283	0.283
  4950	0.0941435	-0.283	0.283
  4951	0.0772397	-0.283	0.283
  4952	0.148682	-0.283	0.283
  4953	0.120861	-0.283	0.283
  4954	0.114494	-0.283	0.283
  4955	0.124972	-0.283	0.283
  4956	0.1196	-0.283	0.283
  4957	0.110612	-0.283	0.283
  4958	0.115175	-0.283	0.283
  4959	0.135694	-0.283	0.283
  4960	0.127079	-0.283	0.283
  4961	0.111988	-0.283	0.283
  4962	0.135888	-0.283	0.283
  4963	0.118171	-0.283	0.283
  4964	0.143495	-0.283	0.283
  4965	0.120014	-0.283	0.283
  4966	0.143943	-0.283	0.283
  4967	0.127187	-0.283	0.283
  4968	0.150687	-0.283	0.283
  4969	0.142882	-0.283	0.283
  4970	0.151224	-0.283	0.283
  4971	0.124186	-0.283	0.283
  4972	0.127523	-0.283	0.283
  4973	0.127354	-0.283	0.283
  4974	0.127905	-0.283	0.283
  4975	0.132722	-0.283	0.283
  4976	0.133515	-0.283	0.283
  4977	0.140746	-0.283	0.283
  4978	0.120625	-0.283	0.283
  4979	0.144418	-0.283	0.283
  4980	0.134677	-0.283	0.283
  4981	0.107769	-0.283	0.283
  4982	0.0943548	-0.283	0.283
  4983	0.146303	-0.283	0.283
  4984	0.136324	-0.283	0.283
  4985	0.10231	-0.283	0.283
  4986	0.11845	-0.283	0.283
  4987	0.0829099	-0.283	0.283
  4988	0.135762	-0.283	0.283
  4989	0.146402	-0.283	0.283
  4990	0.152314	-0.283	0.283
  4991	0.134905	-0.283	0.283
  4992	0.120784	-0.283	0.283
  4993	0.124247	-0.283	0.283
  4994	0.134866	-0.283	0.283
  4995	0.147778	-0.283	0.283
  4996	0.145261	-0.283	0.283
  4997	0.149063	-0.283	0.283
  4998	0.124745	-0.283	0.283
  4999	0.150705	-0.283	0.283
  5000	0.145507	-0.283	0.283
  5001	0.105944	-0.283	0.283
  5002	0.137971	-0.283	0.283
  5003	0.138932	-0.283	0.283
  5004	0.145287	-0.283	0.283
  5005	0.122118	-0.283	0.283
  5006	0.0963033	-0.283	0.283
  5007	0.147663	-0.283	0.283
  5008	0.12559	-0.283	0.283
  5009	0.11478	-0.283	0.283
  5010	0.146432	-0.283	0.283
  5011	0.13093	-0.283	0.283
  5012	0.114754	-0.283	0.283
  5013	0.11455	-0.283	0.283
  5014	0.113158	-0.283	0.283
  5015	0.111607	-0.283	0.283
  5016	0.143807	-0.283	0.283
  5017	0.150341	-0.283	0.283
  5018	0.124718	-0.283	0.283
  5019	0.080817	-0.283	0.283
  5020	0.106564	-0.283	0.283
  5021	0.124789	-0.283	0.283
  5022	0.141431	-0.283	0.283
  5023	0.149915	-0.283	0.283
  5024	0.141339	-0.283	0.283
  5025	0.0963345	-0.283	0.283
  5026	0.139532	-0.283	0.283
  5027	0.137189	-0.283	0.283
  5028	0.111926	-0.283	0.283
  5029	0.133294	-0.283	0.283
  5030	0.147511	-0.283	0.283
  5031	0.145439	-0.283	0.283
  5032	0.14684	-0.283	0.283
  5033	0.141339	-0.283	0.283
  5034	0.132166	-0.283	0.283
  5035	0.0951095	-0.283	0.283
  5036	0.131224	-0.283	0.283
  5037	0.117107	-0.283	0.283
  5038	0.136981	-0.283	0.283
  5039	0.1077	-0.283	0.283
  5040	0.138633	-0.283	0.283
  5041	0.142869	-0.283	0.283
  5042	0.136532	-0.283	0.283
  5043	0.134586	-0.283	0.283
  5044	0.144294	-0.283	0.283
  5045	0.146979	-0.283	0.283
  5046	0.143852	-0.283	0.283
  5047	0.117428	-0.283	0.283
  5048	0.149912	-0.283	0.283
  5049	0.1173	-0.283	0.283
  5050	0.147885	-0.283	0.283
  5051	0.146133	-0.283	0.283
  5052	0.136951	-0.283	0.283
  5053	0.106356	-0.283	0.283
  5054	0.13608	-0.283	0.283
  5055	0.120484	-0.283	0.283
  5056	0.139188	-0.283	0.283
  5057	0.106976	-0.283	0.283
  5058	0.141782	-0.283	0.283
  5059	0.110377	-0.283	0.283
  5060	0.116554	-0.283	0.283
  5061	0.136171	-0.283	0.283
  5062	0.143712	-0.283	0.283
  5063	0.124634	-0.283	0.283
  5064	0.105939	-0.283	0.283
  5065	0.130241	-0.283	0.283
  5066	0.116835	-0.283	0.283
  5067	0.104981	-0.283	0.283
  5068	0.0942482	-0.283	0.283
  5069	0.145312	-0.283	0.283
  5070	0.145393	-0.283	0.283
  5071	0.143016	-0.283	0.283
  5072	0.14763	-0.283	0.283
  5073	0.128385	-0.283	0.283
  5074	0.140715	-0.283	0.283
  5075	0.121378	-0.283	0.283
  5076	0.148868	-0.283	0.283
  5077	0.139444	-0.283	0.283
  5078	0.144836	-0.283	0.283
  5079	0.136416	-0.283	0.283
  5080	0.0956817	-0.283	0.283
  5081	0.122295	-0.283	0.283
  5082	0.116508	-0.283	0.283
  5083	0.14868	-0.283	0.283
  5084	0.118755	-0.283	0.283
  5085	0.109763	-0.283	0.283
  5086	0.145302	-0.283	0.283
  5087	0.0900999	-0.283	0.283
  5088	0.136821	-0.283	0.283
  5089	0.141649	-0.283	0.283
  5090	0.120056	-0.283	0.283
  5091	0.108124	-0.283	0.283
  5092	0.132767	-0.283	0.283
  5093	0.141709	-0.283	0.283
  5094	0.107138	-0.283	0.283
  5095	0.124568	-0.283	0.283
  5096	0.131335	-0.283	0.283
  5097	0.137992	-0.283	0.283
  5098	0.145492	-0.283	0.283
  5099	0.135924	-0.283	0.283
  5100	0.128968	-0.283	0.283
  5101	0.130848	-0.283	0.283
  5102	0.105925	-0.283	0.283
  5103	0.150198	-0.283	0.283
  5104	0.145032	-0.283	0.283
  5105	0.145858	-0.283	0.283
  5106	0.137346	-0.283	0.283
  5107	0.10354	-0.283	0.283
  5108	0.129536	-0.283	0.283
  5109	0.10152	-0.283	0.283
  5110	0.106198	-0.283	0.283
  5111	0.105215	-0.283	0.283
  5112	0.127231	-0.283	0.283
  5113	0.13416	-0.283	0.283
  5114	0.124662	-0.283	0.283
  5115	0.136469	-0.283	0.283
  5116	0.099889	-0.283	0.283
  5117	0.083674	-0.283	0.283
  5118	0.132446	-0.283	0.283
  5119	0.124938	-0.283	0.283
  5120	0.108616	-0.283	0.283
  5121	0.122056	-0.283	0.283
  5122	0.144873	-0.283	0.283
  5123	0.137483	-0.283	0.283
  5124	0.131073	-0.283	0.283
  5125	0.119653	-0.283	0.283
  5126	0.129419	-0.283	0.283
  5127	0.13824	-0.283	0.283
  5128	0.140506	-0.283	0.283
  5129	0.118743	-0.283	0.283
  5130	0.117072	-0.283	0.283
  5131	0.14027	-0.283	0.283
  5132	0.129099	-0.283	0.283
  5133	0.128842	-0.283	0.283
  5134	0.125615	-0.283	0.283
  5135	0.134611	-0.283	0.283
  5136	0.149106	-0.283	0.283
  5137	0.109463	-0.283	0.283
  5138	0.109193	-0.283	0.283
  5139	0.129561	-0.283	0.283
  5140	0.132188	-0.283	0.283
  5141	0.124603	-0.283	0.283
  5142	0.136483	-0.283	0.283
  5143	0.130683	-0.283	0.283
  5144	0.128015	-0.283	0.283
  5145	0.131375	-0.283	0.283
  5146	0.11836	-0.283	0.283
  5147	0.145547	-0.283	0.283
  5148	0.10809	-0.283	0.283
  5149	0.134448	-0.283	0.283
  5150	0.150026	-0.283	0.283
  5151	0.123549	-0.283	0.283
  5152	0.112508	-0.283	0.283
  5153	0.112678	-0.283	0.283
  5154	0.13383	-0.283	0.283
  5155	0.125485	-0.283	0.283
  5156	0.14302	-0.283	0.283
  5157	0.141263	-0.283	0.283
  5158	0.144228	-0.283	0.283
  5159	0.138575	-0.283	0.283
  5160	0.144305	-0.283	0.283
  5161	0.125	-0.283	0.283
  5162	0.133823	-0.283	0.283
  5163	0.0998224	-0.283	0.283
  5164	0.123245	-0.283	0.283
  5165	0.0923845	-0.283	0.283
  5166	0.0996147	-0.283	0.283
  5167	0.128681	-0.283	0.283
  5168	0.144364	-0.283	0.283
  5169	0.147993	-0.283	0.283
  5170	0.124629	-0.283	0.283
  5171	0.127304	-0.283	0.283
  5172	0.133866	-0.283	0.283
  5173	0.126852	-0.283	0.283
  5174	0.10216	-0.283	0.283
  5175	0.103994	-0.283	0.283
  5176	0.140329	-0.283	0.283
  5177	0.143761	-0.283	0.283
  5178	0.111909	-0.283	0.283
  5179	0.121271	-0.283	0.283
  5180	0.148172	-0.283	0.283
  5181	0.14318	-0.283	0.283
  5182	0.126702	-0.283	0.283
  5183	0.147203	-0.283	0.283
  5184	0.13258	-0.283	0.283
  5185	0.135943	-0.283	0.283
  5186	0.131765	-0.283	0.283
  5187	0.118064	-0.283	0.283
  5188	0.123955	-0.283	0.283
  5189	0.13675	-0.283	0.283
  5190	0.122488	-0.283	0.283
  5191	0.139396	-0.283	0.283
  5192	0.0818085	-0.283	0.283
  5193	0.140131	-0.283	0.283
  5194	0.147674	-0.283	0.283
  5195	0.105906	-0.283	0.283
  5196	0.0993866	-0.283	0.283
  5197	0.151844	-0.283	0.283
  5198	0.139131	-0.283	0.283
  5199	0.123887	-0.283	0.283
  5200	0.121029	-0.283	0.283
  5201	0.131557	-0.283	0.283
  5202	0.135688	-0.283	0.283
  5203	0.108764	-0.283	0.283
  5204	0.132826	-0.283	0.283
  5205	0.107776	-0.283	0.283
  5206	0.108575	-0.283	0.283
  5207	0.141354	-0.283	0.283
  5208	0.13526	-0.283	0.283
  5209	0.13484	-0.283	0.283
  5210	0.138938	-0.283	0.283
  5211	0.108606	-0.283	0.283
  5212	0.105253	-0.283	0.283
  5213	0.148398	-0.283	0.283
  5214	0.150447	-0.283	0.283
  5215	0.0914324	-0.283	0.283
  5216	0.125482	-0.283	0.283
  5217	0.106988	-0.283	0.283
  5218	0.123637	-0.283	0.283
  5219	0.137904	-0.283	0.283
  5220	0.0959173	-0.283	0.283
  5221	0.0807251	-0.283	0.283
  5222	0.137453	-0.283	0.283
  5223	0.139445	-0.283	0.283
  5224	0.140488	-0.283	0.283
  5225	0.128627	-0.283	0.283
  5226	0.128038	-0.283	0.283
  5227	0.0951027	-0.283	0.283
  5228	0.14626	-0.283	0.283
  5229	0.11949	-0.283	0.283
  5230	0.133141	-0.283	0.283
  5231	0.127343	-0.283	0.283
  5232	0.149254	-0.283	0.283
  5233	0.111056	-0.283	0.283
  5234	0.146783	-0.283	0.283
  5235	0.120143	-0.283	0.283
  5236	0.1001	-0.283	0.283
  5237	0.142862	-0.283	0.283
  5238	0.122063	-0.283	0.283
  5239	0.149445	-0.283	0.283
  5240	0.134239	-0.283	0.283
  5241	0.114681	-0.283	0.283
  5242	0.147248	-0.283	0.283
  5243	0.142599	-0.283	0.283
  5244	0.147419	-0.283	0.283
  5245	0.116762	-0.283	0.283
  5246	0.107285	-0.283	0.283
  5247	0.118087	-0.283	0.283
  5248	0.107661	-0.283	0.283
  5249	0.146914	-0.283	0.283
  5250	0.128241	-0.283	0.283
  5251	0.127653	-0.283	0.283
  5252	0.142753	-0.283	0.283
  5253	0.133258	-0.283	0.283
  5254	0.146693	-0.283	0.283
  5255	0.143747	-0.283	0.283
  5256	0.128298	-0.283	0.283
  5257	0.123581	-0.283	0.283
  5258	0.133807	-0.283	0.283
  5259	0.137253	-0.283	0.283
  5260	0.132388	-0.283	0.283
  5261	0.141491	-0.283	0.283
  5262	0.129672	-0.283	0.283
  5263	0.13679	-0.283	0.283
  5264	0.119311	-0.283	0.283
  5265	0.145544	-0.283	0.283
  5266	0.120682	-0.283	0.283
  5267	0.0997569	-0.283	0.283
  5268	0.113976	-0.283	0.283
  5269	0.115934	-0.283	0.283
  5270	0.0927124	-0.283	0.283
  5271	0.0870997	-0.283	0.283
  5272	0.133042	-0.283	0.283
  5273	0.114239	-0.283	0.283
  5274	0.134322	-0.283	0.283
  5275	0.144434	-0.283	0.283
  5276	0.123995	-0.283	0.283
  5277	0.0929846	-0.283	0.283
  5278	0.133694	-0.283	0.283
  5279	0.135467	-0.283	0.283
  5280	0.114032	-0.283	0.283
  5281	0.148867	-0.283	0.283
  5282	0.132194	-0.283	0.283
  5283	0.13778	-0.283	0.283
  5284	0.148438	-0.283	0.283
  5285	0.0958295	-0.283	0.283
  5286	0.13157	-0.283	0.283
  5287	0.119656	-0.283	0.283
  5288	0.123034	-0.283	0.283
  5289	0.0928776	-0.283	0.283
  5290	0.123836	-0.283	0.283
  5291	0.114915	-0.283	0.283
  5292	0.112858	-0.283	0.283
  5293	0.133726	-0.283	0.283
  5294	0.0837322	-0.283	0.283
  5295	0.123685	-0.283	0.283
  5296	0.143486	-0.283	0.283
  5297	0.103171	-0.283	0.283
  5298	0.138677	-0.283	0.283
  5299	0.134833	-0.283	0.283
  5300	0.135647	-0.283	0.283
  5301	0.127295	-0.283	0.283
  5302	0.133739	-0.283	0.283
  5303	0.0898563	-0.283	0.283
  5304	0.113601	-0.283	0.283
  5305	0.129862	-0.283	0.283
  5306	0.14517	-0.283	0.283
  5307	0.13162	-0.283	0.283
  5308	0.136432	-0.283	0.283
  5309	0.116965	-0.283	0.283
  5310	0.122457	-0.283	0.283
  5311	0.113981	-0.283	0.283
  5312	0.127271	-0.283	0.283
  5313	0.140506	-0.283	0.283
  5314	0.122201	-0.283	0.283
  5315	0.133276	-0.283	0.283
  5316	0.140885	-0.283	0.283
  5317	0.135764	-0.283	0.283
  5318	0.120742	-0.283	0.283
  5319	0.144692	-0.283	0.283
  5320	0.148236	-0.283	0.283
  5321	0.147702	-0.283	0.283
  5322	0.133314	-0.283	0.283
  5323	0.122698	-0.283	0.283
  5324	0.134775	-0.283	0.283
  5325	0.126179	-0.283	0.283
  5326	0.114137	-0.283	0.283
  5327	0.102701	-0.283	0.283
  5328	0.116045	-0.283	0.283
  5329	0.105609	-0.283	0.283
  5330	0.136517	-0.283	0.283
  5331	0.125305	-0.283	0.283
  5332	0.110161	-0.283	0.283
  5333	0.131285	-0.283	0.283
  5334	0.089337	-0.283	0.283
  5335	0.127087	-0.283	0.283
  5336	0.134621	-0.283	0.283
  5337	0.13599	-0.283	0.283
  5338	0.125863	-0.283	0.283
  5339	0.136702	-0.283	0.283
  5340	0.0908517	-0.283	0.283
  5341	0.139596	-0.283	0.283
  5342	0.075779	-0.283	0.283
  5343	0.126217	-0.283	0.283
  5344	0.138256	-0.283	0.283
  5345	0.123527	-0.283	0.283
  5346	0.127336	-0.283	0.283
  5347	0.121532	-0.283	0.283
  5348	0.130128	-0.283	0.283
  5349	0.147099	-0.283	0.283
  5350	0.125459	-0.283	0.283
  5351	0.141107	-0.283	0.283
  5352	0.123602	-0.283	0.283
  5353	0.136223	-0.283	0.283
  5354	0.113411	-0.283	0.283
  5355	0.145558	-0.283	0.283
  5356	0.130141	-0.283	0.283
  5357	0.135935	-0.283	0.283
  5358	0.123741	-0.283	0.283
  5359	0.0691421	-0.283	0.283
  5360	0.126741	-0.283	0.283
  5361	0.134582	-0.283	0.283
  5362	0.124964	-0.283	0.283
  5363	0.0930425	-0.283	0.283
  5364	0.113412	-0.283	0.283
  5365	0.129663	-0.283	0.283
  5366	0.129394	-0.283	0.283
  5367	0.150219	-0.283	0.283
  5368	0.119655	-0.283	0.283
  5369	0.102831	-0.283	0.283
  5370	0.0861305	-0.283	0.283
  5371	0.146314	-0.283	0.283
  5372	0.101677	-0.283	0.283
  5373	0.14581	-0.283	0.283
  5374	0.137474	-0.283	0.283
  5375	0.105621	-0.283	0.283
  5376	0.127108	-0.283	0.283
  5377	0.079527	-0.283	0.283
  5378	0.143277	-0.283	0.283
  5379	0.120992	-0.283	0.283
  5380	0.130021	-0.283	0.283
  5381	0.145395	-0.283	0.283
  5382	0.0723807	-0.283	0.283
  5383	0.135224	-0.283	0.283
  5384	0.133403	-0.283	0.283
  5385	0.100527	-0.283	0.283
  5386	0.127266	-0.283	0.283
  5387	0.148204	-0.283	0.283
  5388	0.128874	-0.283	0.283
  5389	0.0950273	-0.283	0.283
  5390	0.103737	-0.283	0.283
  5391	0.116481	-0.283	0.283
  5392	0.111713	-0.283	0.283
  5393	0.116259	-0.283	0.283
  5394	0.132191	-0.283	0.283
  5395	0.137189	-0.283	0.283
  5396	0.114188	-0.283	0.283
  5397	0.102329	-0.283	0.283
  5398	0.121374	-0.283	0.283
  5399	0.144576	-0.283	0.283
  5400	0.104194	-0.283	0.283
  5401	0.109922	-0.283	0.283
  5402	0.141462	-0.283	0.283
  5403	0.145744	-0.283	0.283
  5404	0.0767169	-0.283	0.283
  5405	0.122014	-0.283	0.283
  5406	0.129199	-0.283	0.283
  5407	0.0944103	-0.283	0.283
  5408	0.143862	-0.283	0.283
  5409	0.112923	-0.283	0.283
  5410	0.140736	-0.283	0.283
  5411	0.0902673	-0.283	0.283
  5412	0.136585	-0.283	0.283
  5413	0.122683	-0.283	0.283
  5414	0.136677	-0.283	0.283
  5415	0.114228	-0.283	0.283
  5416	0.122541	-0.283	0.283
  5417	0.115899	-0.283	0.283
  5418	0.145697	-0.283	0.283
  5419	0.112532	-0.283	0.283
  5420	0.101655	-0.283	0.283
  5421	0.145844	-0.283	0.283
  5422	0.148231	-0.283	0.283
  5423	0.144099	-0.283	0.283
  5424	0.150732	-0.283	0.283
  5425	0.126553	-0.283	0.283
  5426	0.0709329	-0.283	0.283
  5427	0.151061	-0.283	0.283
  5428	0.123582	-0.283	0.283
  5429	0.107286	-0.283	0.283
  5430	0.135669	-0.283	0.283
  5431	0.120112	-0.283	0.283
  5432	0.134094	-0.283	0.283
  5433	0.14709	-0.283	0.283
  5434	0.137954	-0.283	0.283
  5435	0.130957	-0.283	0.283
  5436	0.103741	-0.283	0.283
  5437	0.142535	-0.283	0.283
  5438	0.140663	-0.283	0.283
  5439	0.119297	-0.283	0.283
  5440	0.115993	-0.283	0.283
  5441	0.138115	-0.283	0.283
  5442	0.106143	-0.283	0.283
  5443	0.112839	-0.283	0.283
  5444	0.122844	-0.283	0.283
  5445	0.126438	-0.283	0.283
  5446	0.102232	-0.283	0.283
  5447	0.119615	-0.283	0.283
  5448	0.134043	-0.283	0.283
  5449	0.150451	-0.283	0.283
  5450	0.139327	-0.283	0.283
  5451	0.115567	-0.283	0.283
  5452	0.141086	-0.283	0.283
  5453	0.136399	-0.283	0.283
  5454	0.137418	-0.283	0.283
  5455	0.117626	-0.283	0.283
  5456	0.128847	-0.283	0.283
  5457	0.143267	-0.283	0.283
  5458	0.141486	-0.283	0.283
  5459	0.117278	-0.283	0.283
  5460	0.0988013	-0.283	0.283
  5461	0.141795	-0.283	0.283
  5462	0.120843	-0.283	0.283
  5463	0.121231	-0.283	0.283
  5464	0.129884	-0.283	0.283
  5465	0.1394	-0.283	0.283
  5466	0.138489	-0.283	0.283
  5467	0.142376	-0.283	0.283
  5468	0.12884	-0.283	0.283
  5469	0.1371	-0.283	0.283
  5470	0.150782	-0.283	0.283
  5471	0.109932	-0.283	0.283
  5472	0.0929529	-0.283	0.283
  5473	0.126172	-0.283	0.283
  5474	0.144837	-0.283	0.283
  5475	0.149022	-0.283	0.283
  5476	0.150143	-0.283	0.283
  5477	0.126935	-0.283	0.283
  5478	0.1294	-0.283	0.283
  5479	0.131567	-0.283	0.283
  5480	0.132174	-0.283	0.283
  5481	0.122843	-0.283	0.283
  5482	0.106005	-0.283	0.283
  5483	0.11265	-0.283	0.283
  5484	0.123314	-0.283	0.283
  5485	0.127746	-0.283	0.283
  5486	0.148767	-0.283	0.283
  5487	0.137073	-0.283	0.283
  5488	0.147835	-0.283	0.283
  5489	0.131256	-0.283	0.283
  5490	0.114686	-0.283	0.283
  5491	0.125611	-0.283	0.283
  5492	0.132468	-0.283	0.283
  5493	0.140276	-0.283	0.283
  5494	0.137495	-0.283	0.283
  5495	0.118475	-0.283	0.283
  5496	0.134938	-0.283	0.283
  5497	0.121471	-0.283	0.283
  5498	0.119502	-0.283	0.283
  5499	0.0968118	-0.283	0.283
  5500	0.119354	-0.283	0.283
  5501	0.109392	-0.283	0.283
  5502	0.149688	-0.283	0.283
  5503	0.135571	-0.283	0.283
  5504	0.10712	-0.283	0.283
  5505	0.150606	-0.283	0.283
  5506	0.139419	-0.283	0.283
  5507	0.11844	-0.283	0.283
  5508	0.139827	-0.283	0.283
  5509	0.137181	-0.283	0.283
  5510	0.11689	-0.283	0.283
  5511	0.142193	-0.283	0.283
  5512	0.144958	-0.283	0.283
  5513	0.121368	-0.283	0.283
  5514	0.10636	-0.283	0.283
  5515	0.144152	-0.283	0.283
  5516	0.0980133	-0.283	0.283
  5517	0.135208	-0.283	0.283
  5518	0.132582	-0.283	0.283
  5519	0.108911	-0.283	0.283
  5520	0.143272	-0.283	0.283
  5521	0.126009	-0.283	0.283
  5522	0.1335	-0.283	0.283
  5523	0.117863	-0.283	0.283
  5524	0.108425	-0.283	0.283
  5525	0.128959	-0.283	0.283
  5526	0.129116	-0.283	0.283
  5527	0.144151	-0.283	0.283
  5528	0.0903346	-0.283	0.283
  5529	0.0830952	-0.283	0.283
  5530	0.145779	-0.283	0.283
  5531	0.131788	-0.283	0.283
  5532	0.137288	-0.283	0.283
  5533	0.124027	-0.283	0.283
  5534	0.138751	-0.283	0.283
  5535	0.118679	-0.283	0.283
  5536	0.120855	-0.283	0.283
  5537	0.146053	-0.283	0.283
  5538	0.11297	-0.283	0.283
  5539	0.15032	-0.283	0.283
  5540	0.0962216	-0.283	0.283
  5541	0.118783	-0.283	0.283
  5542	0.133745	-0.283	0.283
  5543	0.103475	-0.283	0.283
  5544	0.104379	-0.283	0.283
  5545	0.138059	-0.283	0.283
  5546	0.0973596	-0.283	0.283
  5547	0.142846	-0.283	0.283
  5548	0.117963	-0.283	0.283
  5549	0.11774	-0.283	0.283
  5550	0.14949	-0.283	0.283
  5551	0.0825779	-0.283	0.283
  5552	0.129549	-0.283	0.283
  5553	0.129348	-0.283	0.283
  5554	0.146153	-0.283	0.283
  5555	0.121501	-0.283	0.283
  5556	0.122225	-0.283	0.283
  5557	0.131158	-0.283	0.283
  5558	0.120108	-0.283	0.283
  5559	0.131901	-0.283	0.283
  5560	0.140145	-0.283	0.283
  5561	0.0976452	-0.283	0.283
  5562	0.0980462	-0.283	0.283
  5563	0.121397	-0.283	0.283
  5564	0.1506	-0.283	0.283
  5565	0.123805	-0.283	0.283
  5566	0.138435	-0.283	0.283
  5567	0.129433	-0.283	0.283
  5568	0.111617	-0.283	0.283
  5569	0.136965	-0.283	0.283
  5570	0.146972	-0.283	0.283
  5571	0.112953	-0.283	0.283
  5572	0.144794	-0.283	0.283
  5573	0.139952	-0.283	0.283
  5574	0.115006	-0.283	0.283
  5575	0.122891	-0.283	0.283
  5576	0.106014	-0.283	0.283
  5577	0.135602	-0.283	0.283
  5578	0.119356	-0.283	0.283
  5579	0.134442	-0.283	0.283
  5580	0.150625	-0.283	0.283
  5581	0.127872	-0.283	0.283
  5582	0.127962	-0.283	0.283
  5583	0.145269	-0.283	0.283
  5584	0.116478	-0.283	0.283
  5585	0.138547	-0.283	0.283
  5586	0.13551	-0.283	0.283
  5587	0.14882	-0.283	0.283
  5588	0.129052	-0.283	0.283
  5589	0.1508	-0.283	0.283
  5590	0.13521	-0.283	0.283
  5591	0.115044	-0.283	0.283
  5592	0.115307	-0.283	0.283
  5593	0.127686	-0.283	0.283
  5594	0.146694	-0.283	0.283
  5595	0.145781	-0.283	0.283
  5596	0.122885	-0.283	0.283
  5597	0.109949	-0.283	0.283
  5598	0.13087	-0.283	0.283
  5599	0.102963	-0.283	0.283
  5600	0.145449	-0.283	0.283
  5601	0.137565	-0.283	0.283
  5602	0.141078	-0.283	0.283
  5603	0.129831	-0.283	0.283
  5604	0.117721	-0.283	0.283
  5605	0.122901	-0.283	0.283
  5606	0.139455	-0.283	0.283
  5607	0.148132	-0.283	0.283
  5608	0.139975	-0.283	0.283
  5609	0.123634	-0.283	0.283
  5610	0.143134	-0.283	0.283
  5611	0.144837	-0.283	0.283
  5612	0.0977829	-0.283	0.283
  5613	0.111246	-0.283	0.283
  5614	0.139602	-0.283	0.283
  5615	0.0880742	-0.283	0.283
  5616	0.126936	-0.283	0.283
  5617	0.12563	-0.283	0.283
  5618	0.14254	-0.283	0.283
  5619	0.0716528	-0.283	0.283
  5620	0.12422	-0.283	0.283
  5621	0.137318	-0.283	0.283
  5622	0.112351	-0.283	0.283
  5623	0.0908488	-0.283	0.283
  5624	0.113044	-0.283	0.283
  5625	0.0859211	-0.283	0.283
  5626	0.123014	-0.283	0.283
  5627	0.147506	-0.283	0.283
  5628	0.146416	-0.283	0.283
  5629	0.126314	-0.283	0.283
  5630	0.133866	-0.283	0.283
  5631	0.109879	-0.283	0.283
  5632	0.0911857	-0.283	0.283
  5633	0.143519	-0.283	0.283
  5634	0.131931	-0.283	0.283
  5635	0.141347	-0.283	0.283
  5636	0.124799	-0.283	0.283
  5637	0.115042	-0.283	0.283
  5638	0.132478	-0.283	0.283
  5639	0.141748	-0.283	0.283
  5640	0.142649	-0.283	0.283
  5641	0.112439	-0.283	0.283
  5642	0.13259	-0.283	0.283
  5643	0.12975	-0.283	0.283
  5644	0.140229	-0.283	0.283
  5645	0.119757	-0.283	0.283
  5646	0.137561	-0.283	0.283
  5647	0.144347	-0.283	0.283
  5648	0.138646	-0.283	0.283
  5649	0.131713	-0.283	0.283
  5650	0.131974	-0.283	0.283
  5651	0.149885	-0.283	0.283
  5652	0.138819	-0.283	0.283
  5653	0.127729	-0.283	0.283
  5654	0.132911	-0.283	0.283
  5655	0.133743	-0.283	0.283
  5656	0.1027	-0.283	0.283
  5657	0.144158	-0.283	0.283
  5658	0.0880106	-0.283	0.283
  5659	0.122706	-0.283	0.283
  5660	0.104144	-0.283	0.283
  5661	0.131	-0.283	0.283
  5662	0.117899	-0.283	0.283
  5663	0.134725	-0.283	0.283
  5664	0.127492	-0.283	0.283
  5665	0.100362	-0.283	0.283
  5666	0.108914	-0.283	0.283
  5667	0.0934354	-0.283	0.283
  5668	0.109266	-0.283	0.283
  5669	0.0939263	-0.283	0.283
  5670	0.144355	-0.283	0.283
  5671	0.123974	-0.283	0.283
  5672	0.135114	-0.283	0.283
  5673	0.0895426	-0.283	0.283
  5674	0.144343	-0.283	0.283
  5675	0.149278	-0.283	0.283
  5676	0.0949624	-0.283	0.283
  5677	0.122595	-0.283	0.283
  5678	0.127648	-0.283	0.283
  5679	0.138662	-0.283	0.283
  5680	0.151576	-0.283	0.283
  5681	0.134377	-0.283	0.283
  5682	0.129142	-0.283	0.283
  5683	0.116067	-0.283	0.283
  5684	0.149681	-0.283	0.283
  5685	0.124293	-0.283	0.283
  5686	0.122604	-0.283	0.283
  5687	0.114786	-0.283	0.283
  5688	0.0985871	-0.283	0.283
  5689	0.106911	-0.283	0.283
  5690	0.140306	-0.283	0.283
  5691	0.110244	-0.283	0.283
  5692	0.127328	-0.283	0.283
  5693	0.0955439	-0.283	0.283
  5694	0.145594	-0.283	0.283
  5695	0.149309	-0.283	0.283
  5696	0.145382	-0.283	0.283
  5697	0.145834	-0.283	0.283
  5698	0.137561	-0.283	0.283
  5699	0.118954	-0.283	0.283
  5700	0.140195	-0.283	0.283
  5701	0.135343	-0.283	0.283
  5702	0.114477	-0.283	0.283
  5703	0.0837176	-0.283	0.283
  5704	0.147476	-0.283	0.283
  5705	0.133899	-0.283	0.283
  5706	0.0892485	-0.283	0.283
  5707	0.139288	-0.283	0.283
  5708	0.0987295	-0.283	0.283
  5709	0.144834	-0.283	0.283
  5710	0.138904	-0.283	0.283
  5711	0.147194	-0.283	0.283
  5712	0.0972902	-0.283	0.283
  5713	0.126895	-0.283	0.283
  5714	0.118584	-0.283	0.283
  5715	0.140544	-0.283	0.283
  5716	0.140103	-0.283	0.283
  5717	0.106313	-0.283	0.283
  5718	0.129603	-0.283	0.283
  5719	0.142184	-0.283	0.283
  5720	0.104846	-0.283	0.283
  5721	0.0939373	-0.283	0.283
  5722	0.143941	-0.283	0.283
  5723	0.144395	-0.283	0.283
  5724	0.14692	-0.283	0.283
  5725	0.113099	-0.283	0.283
  5726	0.140403	-0.283	0.283
  5727	0.12696	-0.283	0.283
  5728	0.136774	-0.283	0.283
  5729	0.105045	-0.283	0.283
  5730	0.126196	-0.283	0.283
  5731	0.120999	-0.283	0.283
  5732	0.0854207	-0.283	0.283
  5733	0.100311	-0.283	0.283
  5734	0.143533	-0.283	0.283
  5735	0.128714	-0.283	0.283
  5736	0.14335	-0.283	0.283
  5737	0.129041	-0.283	0.283
  5738	0.141634	-0.283	0.283
  5739	0.129114	-0.283	0.283
  5740	0.147589	-0.283	0.283
  5741	0.138216	-0.283	0.283
  5742	0.129353	-0.283	0.283
  5743	0.119373	-0.283	0.283
  5744	0.124605	-0.283	0.283
  5745	0.11654	-0.283	0.283
  5746	0.144643	-0.283	0.283
  5747	0.119233	-0.283	0.283
  5748	0.121172	-0.283	0.283
  5749	0.106566	-0.283	0.283
  5750	0.144045	-0.283	0.283
  5751	0.0955292	-0.283	0.283
  5752	0.0948036	-0.283	0.283
  5753	0.120293	-0.283	0.283
  5754	0.111488	-0.283	0.283
  5755	0.14467	-0.283	0.283
  5756	0.148401	-0.283	0.283
  5757	0.13405	-0.283	0.283
  5758	0.140872	-0.283	0.283
  5759	0.141195	-0.283	0.283
  5760	0.120104	-0.283	0.283
  5761	0.106121	-0.283	0.283
  5762	0.103772	-0.283	0.283
  5763	0.120628	-0.283	0.283
  5764	0.137075	-0.283	0.283
  5765	0.0910377	-0.283	0.283
  5766	0.100717	-0.283	0.283
  5767	0.145204	-0.283	0.283
  5768	0.118615	-0.283	0.283
  5769	0.138033	-0.283	0.283
  5770	0.104936	-0.283	0.283
  5771	0.137527	-0.283	0.283
  5772	0.134223	-0.283	0.283
  5773	0.140725	-0.283	0.283
  5774	0.125842	-0.283	0.283
  5775	0.145152	-0.283	0.283
  5776	0.119878	-0.283	0.283
  5777	0.110578	-0.283	0.283
  5778	0.133625	-0.283	0.283
  5779	0.150279	-0.283	0.283
  5780	0.101665	-0.283	0.283
  5781	0.126374	-0.283	0.283
  5782	0.106502	-0.283	0.283
  5783	0.125757	-0.283	0.283
  5784	0.100427	-0.283	0.283
  5785	0.110999	-0.283	0.283
  5786	0.129045	-0.283	0.283
  5787	0.119538	-0.283	0.283
  5788	0.101636	-0.283	0.283
  5789	0.144066	-0.283	0.283
  5790	0.0880305	-0.283	0.283
  5791	0.139724	-0.283	0.283
  5792	0.114136	-0.283	0.283
  5793	0.139862	-0.283	0.283
  5794	0.136932	-0.283	0.283
  5795	0.123069	-0.283	0.283
  5796	0.135301	-0.283	0.283
  5797	0.116641	-0.283	0.283
  5798	0.134087	-0.283	0.283
  5799	0.123572	-0.283	0.283
  5800	0.12446	-0.283	0.283
  5801	0.121388	-0.283	0.283
  5802	0.147608	-0.283	0.283
  5803	0.13304	-0.283	0.283
  5804	0.139361	-0.283	0.283
  5805	0.136057	-0.283	0.283
  5806	0.119754	-0.283	0.283
  5807	0.141792	-0.283	0.283
  5808	0.139883	-0.283	0.283
  5809	0.0664395	-0.283	0.283
  5810	0.116417	-0.283	0.283
  5811	0.100032	-0.283	0.283
  5812	0.123449	-0.283	0.283
  5813	0.142385	-0.283	0.283
  5814	0.149888	-0.283	0.283
  5815	0.119163	-0.283	0.283
  5816	0.135925	-0.283	0.283
  5817	0.125468	-0.283	0.283
  5818	0.0793829	-0.283	0.283
  5819	0.105116	-0.283	0.283
  5820	0.111684	-0.283	0.283
  5821	0.145278	-0.283	0.283
  5822	0.142826	-0.283	0.283
  5823	0.0943739	-0.283	0.283
  5824	0.148748	-0.283	0.283
  5825	0.129785	-0.283	0.283
  5826	0.13433	-0.283	0.283
  5827	0.123689	-0.283	0.283
  5828	0.136604	-0.283	0.283
  5829	0.0771045	-0.283	0.283
  5830	0.139114	-0.283	0.283
  5831	0.143333	-0.283	0.283
  5832	0.142366	-0.283	0.283
  5833	0.129705	-0.283	0.283
  5834	0.143511	-0.283	0.283
  5835	0.0947803	-0.283	0.283
  5836	0.124534	-0.283	0.283
  5837	0.109176	-0.283	0.283
  5838	0.141384	-0.283	0.283
  5839	0.13543	-0.283	0.283
  5840	0.0956622	-0.283	0.283
  5841	0.0882771	-0.283	0.283
  5842	0.14686	-0.283	0.283
  5843	0.129597	-0.283	0.283
  5844	0.13322	-0.283	0.283
  5845	0.132435	-0.283	0.283
  5846	0.148363	-0.283	0.283
  5847	0.108595	-0.283	0.283
  5848	0.107314	-0.283	0.283
  5849	0.13472	-0.283	0.283
  5850	0.127553	-0.283	0.283
  5851	0.122724	-0.283	0.283
  5852	0.140224	-0.283	0.283
  5853	0.12632	-0.283	0.283
  5854	0.148383	-0.283	0.283
  5855	0.118717	-0.283	0.283
  5856	0.108631	-0.283	0.283
  5857	0.125502	-0.283	0.283
  5858	0.121688	-0.283	0.283
  5859	0.147592	-0.283	0.283
  5860	0.142525	-0.283	0.283
  5861	0.104683	-0.283	0.283
  5862	0.144419	-0.283	0.283
  5863	0.13926	-0.283	0.283
  5864	0.130132	-0.283	0.283
  5865	0.119301	-0.283	0.283
  5866	0.0906183	-0.283	0.283
  5867	0.130539	-0.283	0.283
  5868	0.142202	-0.283	0.283
  5869	0.110004	-0.283	0.283
  5870	0.14166	-0.283	0.283
  5871	0.100984	-0.283	0.283
  5872	0.126087	-0.283	0.283
  5873	0.126664	-0.283	0.283
  5874	0.129877	-0.283	0.283
  5875	0.135075	-0.283	0.283
  5876	0.145118	-0.283	0.283
  5877	0.138973	-0.283	0.283
  5878	0.136273	-0.283	0.283
  5879	0.137182	-0.283	0.283
  5880	0.145754	-0.283	0.283
  5881	0.0870875	-0.283	0.283
  5882	0.137809	-0.283	0.283
  5883	0.14186	-0.283	0.283
  5884	0.1415	-0.283	0.283
  5885	0.141757	-0.283	0.283
  5886	0.121533	-0.283	0.283
  5887	0.136955	-0.283	0.283
  5888	0.136246	-0.283	0.283
  5889	0.1362	-0.283	0.283
  5890	0.132039	-0.283	0.283
  5891	0.0911733	-0.283	0.283
  5892	0.12137	-0.283	0.283
  5893	0.146749	-0.283	0.283
  5894	0.13669	-0.283	0.283
  5895	0.131615	-0.283	0.283
  5896	0.12964	-0.283	0.283
  5897	0.151298	-0.283	0.283
  5898	0.143116	-0.283	0.283
  5899	0.112823	-0.283	0.283
  5900	0.125467	-0.283	0.283
  5901	0.151364	-0.283	0.283
  5902	0.12358	-0.283	0.283
  5903	0.148889	-0.283	0.283
  5904	0.148631	-0.283	0.283
  5905	0.108092	-0.283	0.283
  5906	0.147072	-0.283	0.283
  5907	0.133612	-0.283	0.283
  5908	0.0859735	-0.283	0.283
  5909	0.123359	-0.283	0.283
  5910	0.129148	-0.283	0.283
  5911	0.11956	-0.283	0.283
  5912	0.123298	-0.283	0.283
  5913	0.146021	-0.283	0.283
  5914	0.0749528	-0.283	0.283
  5915	0.138487	-0.283	0.283
  5916	0.132278	-0.283	0.283
  5917	0.126766	-0.283	0.283
  5918	0.11667	-0.283	0.283
  5919	0.124876	-0.283	0.283
  5920	0.0929354	-0.283	0.283
  5921	0.133952	-0.283	0.283
  5922	0.0725826	-0.283	0.283
  5923	0.107471	-0.283	0.283
  5924	0.114229	-0.283	0.283
  5925	0.143202	-0.283	0.283
  5926	0.144761	-0.283	0.283
  5927	0.10734	-0.283	0.283
  5928	0.0993139	-0.283	0.283
  5929	0.124426	-0.283	0.283
  5930	0.111445	-0.283	0.283
  5931	0.147704	-0.283	0.283
  5932	0.137498	-0.283	0.283
  5933	0.132745	-0.283	0.283
  5934	0.116815	-0.283	0.283
  5935	0.125581	-0.283	0.283
  5936	0.127199	-0.283	0.283
  5937	0.12979	-0.283	0.283
  5938	0.114193	-0.283	0.283
  5939	0.150158	-0.283	0.283
  5940	0.100944	-0.283	0.283
  5941	0.121263	-0.283	0.283
  5942	0.143797	-0.283	0.283
  5943	0.0958887	-0.283	0.283
  5944	0.128506	-0.283	0.283
  5945	0.148426	-0.283	0.283
  5946	0.134721	-0.283	0.283
  5947	0.143938	-0.283	0.283
  5948	0.104027	-0.283	0.283
  5949	0.141741	-0.283	0.283
  5950	0.143528	-0.283	0.283
  5951	0.146816	-0.283	0.283
  5952	0.12875	-0.283	0.283
  5953	0.0884943	-0.283	0.283
  5954	0.095874	-0.283	0.283
  5955	0.149835	-0.283	0.283
  5956	0.113173	-0.283	0.283
  5957	0.111318	-0.283	0.283
  5958	0.146143	-0.283	0.283
  5959	0.138834	-0.283	0.283
  5960	0.128147	-0.283	0.283
  5961	0.129857	-0.283	0.283
  5962	0.144114	-0.283	0.283
  5963	0.0980682	-0.283	0.283
  5964	0.078447	-0.283	0.283
  5965	0.117394	-0.283	0.283
  5966	0.0735736	-0.283	0.283
  5967	0.133379	-0.283	0.283
  5968	0.144316	-0.283	0.283
  5969	0.0832456	-0.283	0.283
  5970	0.100118	-0.283	0.283
  5971	0.127622	-0.283	0.283
  5972	0.0887847	-0.283	0.283
  5973	0.148559	-0.283	0.283
  5974	0.131459	-0.283	0.283
  5975	0.101263	-0.283	0.283
  5976	0.125625	-0.283	0.283
  5977	0.145562	-0.283	0.283
  5978	0.138974	-0.283	0.283
  5979	0.127382	-0.283	0.283
  5980	0.121543	-0.283	0.283
  5981	0.145768	-0.283	0.283
  5982	0.0980599	-0.283	0.283
  5983	0.131116	-0.283	0.283
  5984	0.143966	-0.283	0.283
  5985	0.130567	-0.283	0.283
  5986	0.116496	-0.283	0.283
  5987	0.114716	-0.283	0.283
  5988	0.088338	-0.283	0.283
  5989	0.0936731	-0.283	0.283
  5990	0.146181	-0.283	0.283
  5991	0.115953	-0.283	0.283
  5992	0.101024	-0.283	0.283
  5993	0.122133	-0.283	0.283
  5994	0.136055	-0.283	0.283
  5995	0.141477	-0.283	0.283
  5996	0.13712	-0.283	0.283
  5997	0.0925803	-0.283	0.283
  5998	0.104153	-0.283	0.283
  5999	0.122038	-0.283	0.283
  6000	0.125195	-0.283	0.283
  6001	0.125746	-0.283	0.283
  6002	0.0992771	-0.283	0.283
  6003	0.101608	-0.283	0.283
  6004	0.124793	-0.283	0.283
  6005	0.133891	-0.283	0.283
  6006	0.132811	-0.283	0.283
  6007	0.122644	-0.283	0.283
  6008	0.111372	-0.283	0.283
  6009	0.0967804	-0.283	0.283
  6010	0.142902	-0.283	0.283
  6011	0.130003	-0.283	0.283
  6012	0.132376	-0.283	0.283
  6013	0.129763	-0.283	0.283
  6014	0.131172	-0.283	0.283
  6015	0.143288	-0.283	0.283
  6016	0.130854	-0.283	0.283
  6017	0.141825	-0.283	0.283
  6018	0.133635	-0.283	0.283
  6019	0.143065	-0.283	0.283
  6020	0.13038	-0.283	0.283
  6021	0.126	-0.283	0.283
  6022	0.139348	-0.283	0.283
  6023	0.117711	-0.283	0.283
  6024	0.127514	-0.283	0.283
  6025	0.144428	-0.283	0.283
  6026	0.147258	-0.283	0.283
  6027	0.146478	-0.283	0.283
  6028	0.0883817	-0.283	0.283
  6029	0.116666	-0.283	0.283
  6030	0.147498	-0.283	0.283
  6031	0.111927	-0.283	0.283
  6032	0.141029	-0.283	0.283
  6033	0.146844	-0.283	0.283
  6034	0.144861	-0.283	0.283
  6035	0.145	-0.283	0.283
  6036	0.140328	-0.283	0.283
  6037	0.148315	-0.283	0.283
  6038	0.122351	-0.283	0.283
  6039	0.136339	-0.283	0.283
  6040	0.124102	-0.283	0.283
  6041	0.106564	-0.283	0.283
  6042	0.124692	-0.283	0.283
  6043	0.140385	-0.283	0.283
  6044	0.11704	-0.283	0.283
  6045	0.142546	-0.283	0.283
  6046	0.0921561	-0.283	0.283
  6047	0.149	-0.283	0.283
  6048	0.0988875	-0.283	0.283
  6049	0.143558	-0.283	0.283
  6050	0.0966067	-0.283	0.283
  6051	0.133155	-0.283	0.283
  6052	0.137604	-0.283	0.283
  6053	0.127098	-0.283	0.283
  6054	0.136848	-0.283	0.283
  6055	0.150204	-0.283	0.283
  6056	0.135985	-0.283	0.283
  6057	0.120189	-0.283	0.283
  6058	0.140657	-0.283	0.283
  6059	0.138911	-0.283	0.283
  6060	0.142911	-0.283	0.283
  6061	0.103435	-0.283	0.283
  6062	0.122624	-0.283	0.283
  6063	0.123227	-0.283	0.283
  6064	0.119624	-0.283	0.283
  6065	0.132747	-0.283	0.283
  6066	0.141884	-0.283	0.283
  6067	0.129429	-0.283	0.283
  6068	0.119151	-0.283	0.283
  6069	0.114593	-0.283	0.283
  6070	0.120509	-0.283	0.283
  6071	0.135664	-0.283	0.283
  6072	0.146866	-0.283	0.283
  6073	0.106014	-0.283	0.283
  6074	0.14425	-0.283	0.283
  6075	0.11838	-0.283	0.283
  6076	0.134526	-0.283	0.283
  6077	0.126054	-0.283	0.283
  6078	0.119445	-0.283	0.283
  6079	0.124584	-0.283	0.283
  6080	0.136915	-0.283	0.283
  6081	0.132581	-0.283	0.283
  6082	0.142685	-0.283	0.283
  6083	0.127859	-0.283	0.283
  6084	0.0822196	-0.283	0.283
  6085	0.147875	-0.283	0.283
  6086	0.11677	-0.283	0.283
  6087	0.138977	-0.283	0.283
  6088	0.140464	-0.283	0.283
  6089	0.128557	-0.283	0.283
  6090	0.13398	-0.283	0.283
  6091	0.121322	-0.283	0.283
  6092	0.14399	-0.283	0.283
  6093	0.118973	-0.283	0.283
  6094	0.120277	-0.283	0.283
  6095	0.125043	-0.283	0.283
  6096	0.110769	-0.283	0.283
  6097	0.115865	-0.283	0.283
  6098	0.14824	-0.283	0.283
  6099	0.0892556	-0.283	0.283
  6100	0.148397	-0.283	0.283
  6101	0.139893	-0.283	0.283
  6102	0.137269	-0.283	0.283
  6103	0.116043	-0.283	0.283
  6104	0.111241	-0.283	0.283
  6105	0.137299	-0.283	0.283
  6106	0.121095	-0.283	0.283
  6107	0.126032	-0.283	0.283
  6108	0.126372	-0.283	0.283
  6109	0.123373	-0.283	0.283
  6110	0.114924	-0.283	0.283
  6111	0.147889	-0.283	0.283
  6112	0.0748011	-0.283	0.283
  6113	0.137272	-0.283	0.283
  6114	0.100747	-0.283	0.283
  6115	0.145751	-0.283	0.283
  6116	0.123582	-0.283	0.283
  6117	0.107672	-0.283	0.283
  6118	0.136363	-0.283	0.283
  6119	0.143152	-0.283	0.283
  6120	0.129378	-0.283	0.283
  6121	0.0937662	-0.283	0.283
  6122	0.150045	-0.283	0.283
  6123	0.133697	-0.283	0.283
  6124	0.118458	-0.283	0.283
  6125	0.122414	-0.283	0.283
  6126	0.128127	-0.283	0.283
  6127	0.128041	-0.283	0.283
  6128	0.150491	-0.283	0.283
  6129	0.104066	-0.283	0.283
  6130	0.0968744	-0.283	0.283
  6131	0.131192	-0.283	0.283
  6132	0.145345	-0.283	0.283
  6133	0.0950381	-0.283	0.283
  6134	0.129402	-0.283	0.283
  6135	0.126047	-0.283	0.283
  6136	0.146197	-0.283	0.283
  6137	0.139948	-0.283	0.283
  6138	0.0982893	-0.283	0.283
  6139	0.110845	-0.283	0.283
  6140	0.129691	-0.283	0.283
  6141	0.145639	-0.283	0.283
  6142	0.122339	-0.283	0.283
  6143	0.142473	-0.283	0.283
  6144	0.120429	-0.283	0.283
  6145	0.148078	-0.283	0.283
  6146	0.110228	-0.283	0.283
  6147	0.12051	-0.283	0.283
  6148	0.140951	-0.283	0.283
  6149	0.135391	-0.283	0.283
  6150	0.126521	-0.283	0.283
  6151	0.150222	-0.283	0.283
  6152	0.129448	-0.283	0.283
  6153	0.112648	-0.283	0.283
  6154	0.148777	-0.283	0.283
  6155	0.12754	-0.283	0.283
  6156	0.129398	-0.283	0.283
  6157	0.143647	-0.283	0.283
  6158	0.0921329	-0.283	0.283
  6159	0.0747151	-0.283	0.283
  6160	0.14966	-0.283	0.283
  6161	0.146392	-0.283	0.283
  6162	0.139715	-0.283	0.283
  6163	0.128053	-0.283	0.283
  6164	0.101873	-0.283	0.283
  6165	0.130572	-0.283	0.283
  6166	0.105916	-0.283	0.283
  6167	0.134451	-0.283	0.283
  6168	0.149076	-0.283	0.283
  6169	0.114652	-0.283	0.283
  6170	0.11347	-0.283	0.283
  6171	0.101067	-0.283	0.283
  6172	0.124728	-0.283	0.283
  6173	0.0967334	-0.283	0.283
  6174	0.15133	-0.283	0.283
  6175	0.108591	-0.283	0.283
  6176	0.130799	-0.283	0.283
  6177	0.135669	-0.283	0.283
  6178	0.146599	-0.283	0.283
  6179	0.105712	-0.283	0.283
  6180	0.115294	-0.283	0.283
  6181	0.147499	-0.283	0.283
  6182	0.118853	-0.283	0.283
  6183	0.129244	-0.283	0.283
  6184	0.140276	-0.283	0.283
  6185	0.139014	-0.283	0.283
  6186	0.137443	-0.283	0.283
  6187	0.127256	-0.283	0.283
  6188	0.124378	-0.283	0.283
  6189	0.116792	-0.283	0.283
  6190	0.146485	-0.283	0.283
  6191	0.100563	-0.283	0.283
  6192	0.131028	-0.283	0.283
  6193	0.138224	-0.283	0.283
  6194	0.109966	-0.283	0.283
  6195	0.1435	-0.283	0.283
  6196	0.13538	-0.283	0.283
  6197	0.121497	-0.283	0.283
  6198	0.111089	-0.283	0.283
  6199	0.124111	-0.283	0.283
  6200	0.142119	-0.283	0.283
  6201	0.138596	-0.283	0.283
  6202	0.121081	-0.283	0.283
  6203	0.142247	-0.283	0.283
  6204	0.136282	-0.283	0.283
  6205	0.129982	-0.283	0.283
  6206	0.104518	-0.283	0.283
  6207	0.10983	-0.283	0.283
  6208	0.0887319	-0.283	0.283
  6209	0.143809	-0.283	0.283
  6210	0.146092	-0.283	0.283
  6211	0.140901	-0.283	0.283
  6212	0.116048	-0.283	0.283
  6213	0.127199	-0.283	0.283
  6214	0.14402	-0.283	0.283
  6215	0.132715	-0.283	0.283
  6216	0.133333	-0.283	0.283
  6217	0.13003	-0.283	0.283
  6218	0.118323	-0.283	0.283
  6219	0.139437	-0.283	0.283
  6220	0.135138	-0.283	0.283
  6221	0.105616	-0.283	0.283
  6222	0.124966	-0.283	0.283
  6223	0.121307	-0.283	0.283
  6224	0.145352	-0.283	0.283
  6225	0.144733	-0.283	0.283
  6226	0.139247	-0.283	0.283
  6227	0.134841	-0.283	0.283
  6228	0.142379	-0.283	0.283
  6229	0.112067	-0.283	0.283
  6230	0.0809254	-0.283	0.283
  6231	0.145936	-0.283	0.283
  6232	0.135815	-0.283	0.283
  6233	0.0915169	-0.283	0.283
  6234	0.137452	-0.283	0.283
  6235	0.116673	-0.283	0.283
  6236	0.104868	-0.283	0.283
  6237	0.133908	-0.283	0.283
  6238	0.131913	-0.283	0.283
  6239	0.144431	-0.283	0.283
  6240	0.118829	-0.283	0.283
  6241	0.150607	-0.283	0.283
  6242	0.118354	-0.283	0.283
  6243	0.0789899	-0.283	0.283
  6244	0.0991512	-0.283	0.283
  6245	0.136978	-0.283	0.283
  6246	0.112717	-0.283	0.283
  6247	0.107816	-0.283	0.283
  6248	0.125326	-0.283	0.283
  6249	0.108754	-0.283	0.283
  6250	0.0800047	-0.283	0.283
  6251	0.0888518	-0.283	0.283
  6252	0.13924	-0.283	0.283
  6253	0.0921004	-0.283	0.283
  6254	0.120056	-0.283	0.283
  6255	0.109783	-0.283	0.283
  6256	0.144143	-0.283	0.283
  6257	0.132191	-0.283	0.283
  6258	0.120336	-0.283	0.283
  6259	0.126509	-0.283	0.283
  6260	0.133863	-0.283	0.283
  6261	0.144019	-0.283	0.283
  6262	0.12713	-0.283	0.283
  6263	0.145838	-0.283	0.283
  6264	0.14841	-0.283	0.283
  6265	0.12414	-0.283	0.283
  6266	0.137659	-0.283	0.283
  6267	0.123011	-0.283	0.283
  6268	0.119281	-0.283	0.283
  6269	0.128551	-0.283	0.283
  6270	0.136343	-0.283	0.283
  6271	0.101318	-0.283	0.283
  6272	0.147123	-0.283	0.283
  6273	0.131527	-0.283	0.283
  6274	0.148094	-0.283	0.283
  6275	0.142159	-0.283	0.283
  6276	0.113045	-0.283	0.283
  6277	0.149387	-0.283	0.283
  6278	0.148821	-0.283	0.283
  6279	0.138469	-0.283	0.283
  6280	0.124985	-0.283	0.283
  6281	0.117983	-0.283	0.283
  6282	0.123897	-0.283	0.283
  6283	0.127863	-0.283	0.283
  6284	0.113969	-0.283	0.283
  6285	0.125594	-0.283	0.283
  6286	0.105754	-0.283	0.283
  6287	0.143686	-0.283	0.283
  6288	0.14631	-0.283	0.283
  6289	0.14098	-0.283	0.283
  6290	0.118621	-0.283	0.283
  6291	0.120401	-0.283	0.283
  6292	0.146304	-0.283	0.283
  6293	0.139152	-0.283	0.283
  6294	0.113478	-0.283	0.283
  6295	0.111945	-0.283	0.283
  6296	0.141015	-0.283	0.283
  6297	0.14629	-0.283	0.283
  6298	0.112371	-0.283	0.283
  6299	0.134445	-0.283	0.283
  6300	0.146532	-0.283	0.283
  6301	0.117276	-0.283	0.283
  6302	0.123059	-0.283	0.283
  6303	0.109514	-0.283	0.283
  6304	0.0909266	-0.283	0.283
  6305	0.117097	-0.283	0.283
  6306	0.139794	-0.283	0.283
  6307	0.127188	-0.283	0.283
  6308	0.105909	-0.283	0.283
  6309	0.133782	-0.283	0.283
  6310	0.141854	-0.283	0.283
  6311	0.141671	-0.283	0.283
  6312	0.12607	-0.283	0.283
  6313	0.147932	-0.283	0.283
  6314	0.147499	-0.283	0.283
  6315	0.119363	-0.283	0.283
  6316	0.136377	-0.283	0.283
  6317	0.128513	-0.283	0.283
  6318	0.123566	-0.283	0.283
  6319	0.140106	-0.283	0.283
  6320	0.140203	-0.283	0.283
  6321	0.104906	-0.283	0.283
  6322	0.143311	-0.283	0.283
  6323	0.0557997	-0.283	0.283
  6324	0.136668	-0.283	0.283
  6325	0.145793	-0.283	0.283
  6326	0.118564	-0.283	0.283
  6327	0.125655	-0.283	0.283
  6328	0.119407	-0.283	0.283
  6329	0.112184	-0.283	0.283
  6330	0.118601	-0.283	0.283
  6331	0.14523	-0.283	0.283
  6332	0.105238	-0.283	0.283
  6333	0.112226	-0.283	0.283
  6334	0.143417	-0.283	0.283
  6335	0.13662	-0.283	0.283
  6336	0.131286	-0.283	0.283
  6337	0.127616	-0.283	0.283
  6338	0.124346	-0.283	0.283
  6339	0.114542	-0.283	0.283
  6340	0.143118	-0.283	0.283
  6341	0.0768236	-0.283	0.283
  6342	0.116691	-0.283	0.283
  6343	0.119318	-0.283	0.283
  6344	0.117642	-0.283	0.283
  6345	0.117444	-0.283	0.283
  6346	0.129983	-0.283	0.283
  6347	0.0934375	-0.283	0.283
  6348	0.135475	-0.283	0.283
  6349	0.0845164	-0.283	0.283
  6350	0.0973917	-0.283	0.283
  6351	0.119892	-0.283	0.283
  6352	0.08371	-0.283	0.283
  6353	0.131452	-0.283	0.283
  6354	0.127798	-0.283	0.283
  6355	0.144082	-0.283	0.283
  6356	0.125682	-0.283	0.283
  6357	0.123877	-0.283	0.283
  6358	0.107675	-0.283	0.283
  6359	0.134628	-0.283	0.283
  6360	0.122571	-0.283	0.283
  6361	0.143365	-0.283	0.283
  6362	0.119123	-0.283	0.283
  6363	0.0940506	-0.283	0.283
  6364	0.12364	-0.283	0.283
  6365	0.099706	-0.283	0.283
  6366	0.128709	-0.283	0.283
  6367	0.144503	-0.283	0.283
  6368	0.115004	-0.283	0.283
  6369	0.140858	-0.283	0.283
  6370	0.137477	-0.283	0.283
  6371	0.134055	-0.283	0.283
  6372	0.144838	-0.283	0.283
  6373	0.106564	-0.283	0.283
  6374	0.135276	-0.283	0.283
  6375	0.115966	-0.283	0.283
  6376	0.115016	-0.283	0.283
  6377	0.14883	-0.283	0.283
  6378	0.134705	-0.283	0.283
  6379	0.140659	-0.283	0.283
  6380	0.0957963	-0.283	0.283
  6381	0.143096	-0.283	0.283
  6382	0.0844729	-0.283	0.283
  6383	0.144746	-0.283	0.283
  6384	0.139118	-0.283	0.283
  6385	0.121991	-0.283	0.283
  6386	0.133751	-0.283	0.283
  6387	0.137586	-0.283	0.283
  6388	0.137838	-0.283	0.283
  6389	0.144803	-0.283	0.283
  6390	0.147926	-0.283	0.283
  6391	0.132365	-0.283	0.283
  6392	0.112209	-0.283	0.283
  6393	0.0920296	-0.283	0.283
  6394	0.143951	-0.283	0.283
  6395	0.0909897	-0.283	0.283
  6396	0.106654	-0.283	0.283
  6397	0.14596	-0.283	0.283
  6398	0.121922	-0.283	0.283
  6399	0.0954722	-0.283	0.283
  6400	0.118523	-0.283	0.283
  6401	0.115094	-0.283	0.283
  6402	0.131107	-0.283	0.283
  6403	0.144853	-0.283	0.283
  6404	0.136589	-0.283	0.283
  6405	0.124346	-0.283	0.283
  6406	0.1412	-0.283	0.283
  6407	0.144703	-0.283	0.283
  6408	0.131389	-0.283	0.283
  6409	0.115335	-0.283	0.283
  6410	0.131579	-0.283	0.283
  6411	0.120243	-0.283	0.283
  6412	0.141678	-0.283	0.283
  6413	0.116541	-0.283	0.283
  6414	0.124593	-0.283	0.283
  6415	0.13763	-0.283	0.283
  6416	0.116566	-0.283	0.283
  6417	0.137338	-0.283	0.283
  6418	0.111801	-0.283	0.283
  6419	0.141383	-0.283	0.283
  6420	0.129267	-0.283	0.283
  6421	0.13045	-0.283	0.283
  6422	0.148373	-0.283	0.283
  6423	0.149007	-0.283	0.283
  6424	0.135815	-0.283	0.283
  6425	0.137445	-0.283	0.283
  6426	0.100525	-0.283	0.283
  6427	0.125533	-0.283	0.283
  6428	0.138863	-0.283	0.283
  6429	0.094417	-0.283	0.283
  6430	0.0864393	-0.283	0.283
  6431	0.1406	-0.283	0.283
  6432	0.136655	-0.283	0.283
  6433	0.132363	-0.283	0.283
  6434	0.122156	-0.283	0.283
  6435	0.107756	-0.283	0.283
  6436	0.137016	-0.283	0.283
  6437	0.110343	-0.283	0.283
  6438	0.0980778	-0.283	0.283
  6439	0.149593	-0.283	0.283
  6440	0.106729	-0.283	0.283
  6441	0.140121	-0.283	0.283
  6442	0.151416	-0.283	0.283
  6443	0.143532	-0.283	0.283
  6444	0.106345	-0.283	0.283
  6445	0.122073	-0.283	0.283
  6446	0.0841733	-0.283	0.283
  6447	0.127394	-0.283	0.283
  6448	0.149711	-0.283	0.283
  6449	0.124332	-0.283	0.283
  6450	0.1242	-0.283	0.283
  6451	0.149513	-0.283	0.283
  6452	0.11405	-0.283	0.283
  6453	0.135245	-0.283	0.283
  6454	0.138962	-0.283	0.283
  6455	0.0982479	-0.283	0.283
  6456	0.0951006	-0.283	0.283
  6457	0.126177	-0.283	0.283
  6458	0.148835	-0.283	0.283
  6459	0.109935	-0.283	0.283
  6460	0.0827673	-0.283	0.283
  6461	0.113258	-0.283	0.283
  6462	0.150155	-0.283	0.283
  6463	0.0954492	-0.283	0.283
  6464	0.146278	-0.283	0.283
  6465	0.108621	-0.283	0.283
  6466	0.127985	-0.283	0.283
  6467	0.122257	-0.283	0.283
  6468	0.140162	-0.283	0.283
  6469	0.0956472	-0.283	0.283
  6470	0.122873	-0.283	0.283
  6471	0.120192	-0.283	0.283
  6472	0.0764265	-0.283	0.283
  6473	0.126515	-0.283	0.283
  6474	0.130832	-0.283	0.283
  6475	0.125022	-0.283	0.283
  6476	0.143245	-0.283	0.283
  6477	0.136906	-0.283	0.283
  6478	0.0931211	-0.283	0.283
  6479	0.121316	-0.283	0.283
  6480	0.1062	-0.283	0.283
  6481	0.121075	-0.283	0.283
  6482	0.104198	-0.283	0.283
  6483	0.0981376	-0.283	0.283
  6484	0.116254	-0.283	0.283
  6485	0.138888	-0.283	0.283
  6486	0.119804	-0.283	0.283
  6487	0.134874	-0.283	0.283
  6488	0.148937	-0.283	0.283
  6489	0.0880609	-0.283	0.283
  6490	0.137229	-0.283	0.283
  6491	0.143515	-0.283	0.283
  6492	0.149555	-0.283	0.283
  6493	0.144628	-0.283	0.283
  6494	0.130366	-0.283	0.283
  6495	0.144751	-0.283	0.283
  6496	0.146703	-0.283	0.283
  6497	0.0997777	-0.283	0.283
  6498	0.134211	-0.283	0.283
  6499	0.11428	-0.283	0.283
  6500	0.115615	-0.283	0.283
  6501	0.122454	-0.283	0.283
  6502	0.101597	-0.283	0.283
  6503	0.141962	-0.283	0.283
  6504	0.147916	-0.283	0.283
  6505	0.150706	-0.283	0.283
  6506	0.123657	-0.283	0.283
  6507	0.11177	-0.283	0.283
  6508	0.149861	-0.283	0.283
  6509	0.0770876	-0.283	0.283
  6510	0.149484	-0.283	0.283
  6511	0.135746	-0.283	0.283
  6512	0.13106	-0.283	0.283
  6513	0.114001	-0.283	0.283
  6514	0.147126	-0.283	0.283
  6515	0.113294	-0.283	0.283
  6516	0.133962	-0.283	0.283
  6517	0.133588	-0.283	0.283
  6518	0.120824	-0.283	0.283
  6519	0.141144	-0.283	0.283
  6520	0.144542	-0.283	0.283
  6521	0.119439	-0.283	0.283
  6522	0.147885	-0.283	0.283
  6523	0.135834	-0.283	0.283
  6524	0.12513	-0.283	0.283
  6525	0.140004	-0.283	0.283
  6526	0.141756	-0.283	0.283
  6527	0.120353	-0.283	0.283
  6528	0.111529	-0.283	0.283
  6529	0.0818158	-0.283	0.283
  6530	0.133173	-0.283	0.283
  6531	0.122919	-0.283	0.283
  6532	0.112594	-0.283	0.283
  6533	0.132792	-0.283	0.283
  6534	0.142847	-0.283	0.283
  6535	0.120526	-0.283	0.283
  6536	0.140279	-0.283	0.283
  6537	0.123505	-0.283	0.283
  6538	0.11928	-0.283	0.283
  6539	0.146693	-0.283	0.283
  6540	0.146932	-0.283	0.283
  6541	0.135939	-0.283	0.283
  6542	0.114721	-0.283	0.283
  6543	0.139764	-0.283	0.283
  6544	0.150212	-0.283	0.283
  6545	0.126136	-0.283	0.283
  6546	0.119248	-0.283	0.283
  6547	0.151355	-0.283	0.283
  6548	0.138941	-0.283	0.283
  6549	0.144553	-0.283	0.283
  6550	0.135709	-0.283	0.283
  6551	0.127852	-0.283	0.283
  6552	0.0837738	-0.283	0.283
  6553	0.145232	-0.283	0.283
  6554	0.116011	-0.283	0.283
  6555	0.0889394	-0.283	0.283
  6556	0.112413	-0.283	0.283
  6557	0.141744	-0.283	0.283
  6558	0.129556	-0.283	0.283
  6559	0.108129	-0.283	0.283
  6560	0.145964	-0.283	0.283
  6561	0.100256	-0.283	0.283
  6562	0.125028	-0.283	0.283
  6563	0.147272	-0.283	0.283
  6564	0.145942	-0.283	0.283
  6565	0.140485	-0.283	0.283
  6566	0.131125	-0.283	0.283
  6567	0.143459	-0.283	0.283
  6568	0.133856	-0.283	0.283
  6569	0.128247	-0.283	0.283
  6570	0.148274	-0.283	0.283
  6571	0.131234	-0.283	0.283
  6572	0.125052	-0.283	0.283
  6573	0.146759	-0.283	0.283
  6574	0.132599	-0.283	0.283
  6575	0.131475	-0.283	0.283
  6576	0.133748	-0.283	0.283
  6577	0.147027	-0.283	0.283
  6578	0.106128	-0.283	0.283
  6579	0.0966742	-0.283	0.283
  6580	0.14412	-0.283	0.283
  6581	0.147393	-0.283	0.283
  6582	0.143486	-0.283	0.283
  6583	0.142335	-0.283	0.283
  6584	0.146685	-0.283	0.283
  6585	0.135708	-0.283	0.283
  6586	0.126049	-0.283	0.283
  6587	0.140618	-0.283	0.283
  6588	0.142382	-0.283	0.283
  6589	0.103218	-0.283	0.283
  6590	0.146965	-0.283	0.283
  6591	0.147803	-0.283	0.283
  6592	0.122697	-0.283	0.283
  6593	0.119396	-0.283	0.283
  6594	0.144197	-0.283	0.283
  6595	0.124827	-0.283	0.283
  6596	0.124924	-0.283	0.283
  6597	0.144769	-0.283	0.283
  6598	0.126396	-0.283	0.283
  6599	0.120565	-0.283	0.283
  6600	0.124136	-0.283	0.283
  6601	0.131335	-0.283	0.283
  6602	0.133725	-0.283	0.283
  6603	0.127684	-0.283	0.283
  6604	0.0904742	-0.283	0.283
  6605	0.0930217	-0.283	0.283
  6606	0.145198	-0.283	0.283
  6607	0.127218	-0.283	0.283
  6608	0.147799	-0.283	0.283
  6609	0.147101	-0.283	0.283
  6610	0.129188	-0.283	0.283
  6611	0.116066	-0.283	0.283
  6612	0.105696	-0.283	0.283
  6613	0.143338	-0.283	0.283
  6614	0.129735	-0.283	0.283
  6615	0.145956	-0.283	0.283
  6616	0.0889982	-0.283	0.283
  6617	0.132843	-0.283	0.283
  6618	0.143192	-0.283	0.283
  6619	0.147786	-0.283	0.283
  6620	0.122873	-0.283	0.283
  6621	0.112663	-0.283	0.283
  6622	0.120048	-0.283	0.283
  6623	0.134705	-0.283	0.283
  6624	0.117016	-0.283	0.283
  6625	0.071354	-0.283	0.283
  6626	0.142466	-0.283	0.283
  6627	0.145898	-0.283	0.283
  6628	0.10736	-0.283	0.283
  6629	0.0971142	-0.283	0.283
  6630	0.142068	-0.283	0.283
  6631	0.135422	-0.283	0.283
  6632	0.147024	-0.283	0.283
  6633	0.106529	-0.283	0.283
  6634	0.147591	-0.283	0.283
  6635	0.141832	-0.283	0.283
  6636	0.142483	-0.283	0.283
  6637	0.0987972	-0.283	0.283
  6638	0.140413	-0.283	0.283
  6639	0.142075	-0.283	0.283
  6640	0.125304	-0.283	0.283
  6641	0.146456	-0.283	0.283
  6642	0.143391	-0.283	0.283
  6643	0.144613	-0.283	0.283
  6644	0.135312	-0.283	0.283
  6645	0.134871	-0.283	0.283
  6646	0.137275	-0.283	0.283
  6647	0.144357	-0.283	0.283
  6648	0.144521	-0.283	0.283
  6649	0.114157	-0.283	0.283
  6650	0.145384	-0.283	0.283
  6651	0.0996371	-0.283	0.283
  6652	0.104097	-0.283	0.283
  6653	0.111679	-0.283	0.283
  6654	0.129188	-0.283	0.283
  6655	0.135823	-0.283	0.283
  6656	0.150817	-0.283	0.283
  6657	0.122191	-0.283	0.283
  6658	0.13839	-0.283	0.283
  6659	0.137125	-0.283	0.283
  6660	0.133357	-0.283	0.283
  6661	0.136643	-0.283	0.283
  6662	0.121356	-0.283	0.283
  6663	0.144715	-0.283	0.283
  6664	0.131432	-0.283	0.283
  6665	0.142535	-0.283	0.283
  6666	0.144807	-0.283	0.283
  6667	0.115156	-0.283	0.283
  6668	0.136814	-0.283	0.283
  6669	0.124665	-0.283	0.283
  6670	0.138036	-0.283	0.283
  6671	0.105905	-0.283	0.283
  6672	0.126061	-0.283	0.283
  6673	0.109277	-0.283	0.283
  6674	0.127025	-0.283	0.283
  6675	0.132863	-0.283	0.283
  6676	0.0977754	-0.283	0.283
  6677	0.134651	-0.283	0.283
  6678	0.14794	-0.283	0.283
  6679	0.116965	-0.283	0.283
  6680	0.118899	-0.283	0.283
  6681	0.130686	-0.283	0.283
  6682	0.0884697	-0.283	0.283
  6683	0.113433	-0.283	0.283
  6684	0.141839	-0.283	0.283
  6685	0.108692	-0.283	0.283
  6686	0.142354	-0.283	0.283
  6687	0.133782	-0.283	0.283
  6688	0.145608	-0.283	0.283
  6689	0.124595	-0.283	0.283
  6690	0.130362	-0.283	0.283
  6691	0.146167	-0.283	0.283
  6692	0.125974	-0.283	0.283
  6693	0.121529	-0.283	0.283
  6694	0.117638	-0.283	0.283
  6695	0.134581	-0.283	0.283
  6696	0.0832932	-0.283	0.283
  6697	0.123264	-0.283	0.283
  6698	0.119429	-0.283	0.283
  6699	0.142575	-0.283	0.283
  6700	0.131924	-0.283	0.283
  6701	0.0979325	-0.283	0.283
  6702	0.143845	-0.283	0.283
  6703	0.132207	-0.283	0.283
  6704	0.144889	-0.283	0.283
  6705	0.12605	-0.283	0.283
  6706	0.134738	-0.283	0.283
  6707	0.142103	-0.283	0.283
  6708	0.137765	-0.283	0.283
  6709	0.145143	-0.283	0.283
  6710	0.148746	-0.283	0.283
  6711	0.0513096	-0.283	0.283
  6712	0.134437	-0.283	0.283
  6713	0.0818581	-0.283	0.283
  6714	0.114181	-0.283	0.283
  6715	0.127932	-0.283	0.283
  6716	0.118901	-0.283	0.283
  6717	0.106612	-0.283	0.283
  6718	0.143337	-0.283	0.283
  6719	0.128079	-0.283	0.283
  6720	0.120334	-0.283	0.283
  6721	0.144243	-0.283	0.283
  6722	0.114213	-0.283	0.283
  6723	0.125941	-0.283	0.283
  6724	0.108004	-0.283	0.283
  6725	0.124667	-0.283	0.283
  6726	0.126569	-0.283	0.283
  6727	0.144238	-0.283	0.283
  6728	0.113685	-0.283	0.283
  6729	0.146899	-0.283	0.283
  6730	0.120214	-0.283	0.283
  6731	0.132137	-0.283	0.283
  6732	0.113737	-0.283	0.283
  6733	0.135884	-0.283	0.283
  6734	0.0923316	-0.283	0.283
  6735	0.132145	-0.283	0.283
  6736	0.145978	-0.283	0.283
  6737	0.0710811	-0.283	0.283
  6738	0.131282	-0.283	0.283
  6739	0.12595	-0.283	0.283
  6740	0.13581	-0.283	0.283
  6741	0.150542	-0.283	0.283
  6742	0.148707	-0.283	0.283
  6743	0.124034	-0.283	0.283
  6744	0.0907891	-0.283	0.283
  6745	0.115854	-0.283	0.283
  6746	0.133399	-0.283	0.283
  6747	0.131028	-0.283	0.283
  6748	0.139667	-0.283	0.283
  6749	0.123421	-0.283	0.283
  6750	0.122791	-0.283	0.283
  6751	0.130955	-0.283	0.283
  6752	0.114684	-0.283	0.283
  6753	0.127956	-0.283	0.283
  6754	0.126771	-0.283	0.283
  6755	0.116962	-0.283	0.283
  6756	0.144065	-0.283	0.283
  6757	0.141757	-0.283	0.283
  6758	0.138914	-0.283	0.283
  6759	0.110971	-0.283	0.283
  6760	0.114142	-0.283	0.283
  6761	0.109177	-0.283	0.283
  6762	0.0869808	-0.283	0.283
  6763	0.133114	-0.283	0.283
  6764	0.125692	-0.283	0.283
  6765	0.148082	-0.283	0.283
  6766	0.142623	-0.283	0.283
  6767	0.144463	-0.283	0.283
  6768	0.126803	-0.283	0.283
  6769	0.151374	-0.283	0.283
  6770	0.129274	-0.283	0.283
  6771	0.103563	-0.283	0.283
  6772	0.11216	-0.283	0.283
  6773	0.104702	-0.283	0.283
  6774	0.145158	-0.283	0.283
  6775	0.14398	-0.283	0.283
  6776	0.150519	-0.283	0.283
  6777	0.11913	-0.283	0.283
  6778	0.129135	-0.283	0.283
  6779	0.141862	-0.283	0.283
  6780	0.136887	-0.283	0.283
  6781	0.1393	-0.283	0.283
  6782	0.138638	-0.283	0.283
  6783	0.136956	-0.283	0.283
  6784	0.123753	-0.283	0.283
  6785	0.148535	-0.283	0.283
  6786	0.120057	-0.283	0.283
  6787	0.130915	-0.283	0.283
  6788	0.134305	-0.283	0.283
  6789	0.0875892	-0.283	0.283
  6790	0.0809563	-0.283	0.283
  6791	0.144507	-0.283	0.283
  6792	0.134328	-0.283	0.283
  6793	0.140365	-0.283	0.283
  6794	0.136694	-0.283	0.283
  6795	0.114225	-0.283	0.283
  6796	0.107408	-0.283	0.283
  6797	0.131501	-0.283	0.283
  6798	0.0780344	-0.283	0.283
  6799	0.146762	-0.283	0.283
  6800	0.115737	-0.283	0.283
  6801	0.122674	-0.283	0.283
  6802	0.148431	-0.283	0.283
  6803	0.0595315	-0.283	0.283
  6804	0.130973	-0.283	0.283
  6805	0.141825	-0.283	0.283
  6806	0.119957	-0.283	0.283
  6807	0.125399	-0.283	0.283
  6808	0.105144	-0.283	0.283
  6809	0.143278	-0.283	0.283
  6810	0.108156	-0.283	0.283
  6811	0.101336	-0.283	0.283
  6812	0.126555	-0.283	0.283
  6813	0.119394	-0.283	0.283
  6814	0.0875905	-0.283	0.283
  6815	0.130803	-0.283	0.283
  6816	0.136628	-0.283	0.283
  6817	0.149904	-0.283	0.283
  6818	0.131756	-0.283	0.283
  6819	0.0931723	-0.283	0.283
  6820	0.143737	-0.283	0.283
  6821	0.143228	-0.283	0.283
  6822	0.142421	-0.283	0.283
  6823	0.149553	-0.283	0.283
  6824	0.12335	-0.283	0.283
  6825	0.14115	-0.283	0.283
  6826	0.138831	-0.283	0.283
  6827	0.133763	-0.283	0.283
  6828	0.121133	-0.283	0.283
  6829	0.106825	-0.283	0.283
  6830	0.142895	-0.283	0.283
  6831	0.125609	-0.283	0.283
  6832	0.125672	-0.283	0.283
  6833	0.120981	-0.283	0.283
  6834	0.0915008	-0.283	0.283
  6835	0.136363	-0.283	0.283
  6836	0.132806	-0.283	0.283
  6837	0.104151	-0.283	0.283
  6838	0.13099	-0.283	0.283
  6839	0.103707	-0.283	0.283
  6840	0.136019	-0.283	0.283
  6841	0.127691	-0.283	0.283
  6842	0.149352	-0.283	0.283
  6843	0.0800002	-0.283	0.283
  6844	0.136668	-0.283	0.283
  6845	0.143995	-0.283	0.283
  6846	0.0918241	-0.283	0.283
  6847	0.120482	-0.283	0.283
  6848	0.138057	-0.283	0.283
  6849	0.133329	-0.283	0.283
  6850	0.140672	-0.283	0.283
  6851	0.126741	-0.283	0.283
  6852	0.105226	-0.283	0.283
  6853	0.127151	-0.283	0.283
  6854	0.142347	-0.283	0.283
  6855	0.137404	-0.283	0.283
  6856	0.0881663	-0.283	0.283
  6857	0.142528	-0.283	0.283
  6858	0.109545	-0.283	0.283
  6859	0.134541	-0.283	0.283
  6860	0.13623	-0.283	0.283
  6861	0.107253	-0.283	0.283
  6862	0.147069	-0.283	0.283
  6863	0.111203	-0.283	0.283
  6864	0.130523	-0.283	0.283
  6865	0.127714	-0.283	0.283
  6866	0.128669	-0.283	0.283
  6867	0.130491	-0.283	0.283
  6868	0.147774	-0.283	0.283
  6869	0.147095	-0.283	0.283
  6870	0.112844	-0.283	0.283
  6871	0.145934	-0.283	0.283
  6872	0.122841	-0.283	0.283
  6873	0.131303	-0.283	0.283
  6874	0.128922	-0.283	0.283
  6875	0.122153	-0.283	0.283
  6876	0.15078	-0.283	0.283
  6877	0.116593	-0.283	0.283
  6878	0.133035	-0.283	0.283
  6879	0.129786	-0.283	0.283
  6880	0.13048	-0.283	0.283
  6881	0.133936	-0.283	0.283
  6882	0.12046	-0.283	0.283
  6883	0.109025	-0.283	0.283
  6884	0.145673	-0.283	0.283
  6885	0.133392	-0.283	0.283
  6886	0.144862	-0.283	0.283
  6887	0.098482	-0.283	0.283
  6888	0.121022	-0.283	0.283
  6889	0.150627	-0.283	0.283
  6890	0.123369	-0.283	0.283
  6891	0.134957	-0.283	0.283
  6892	0.11933	-0.283	0.283
  6893	0.141197	-0.283	0.283
  6894	0.117024	-0.283	0.283
  6895	0.10021	-0.283	0.283
  6896	0.142457	-0.283	0.283
  6897	0.149817	-0.283	0.283
  6898	0.128776	-0.283	0.283
  6899	0.143346	-0.283	0.283
  6900	0.126002	-0.283	0.283
  6901	0.134758	-0.283	0.283
  6902	0.130274	-0.283	0.283
  6903	0.11737	-0.283	0.283
  6904	0.14283	-0.283	0.283
  6905	0.140647	-0.283	0.283
  6906	0.1145	-0.283	0.283
  6907	0.101787	-0.283	0.283
  6908	0.135831	-0.283	0.283
  6909	0.132092	-0.283	0.283
  6910	0.110016	-0.283	0.283
  6911	0.145262	-0.283	0.283
  6912	0.125664	-0.283	0.283
  6913	0.144109	-0.283	0.283
  6914	0.0787981	-0.283	0.283
  6915	0.142683	-0.283	0.283
  6916	0.117708	-0.283	0.283
  6917	0.124573	-0.283	0.283
  6918	0.141415	-0.283	0.283
  6919	0.100217	-0.283	0.283
  6920	0.145219	-0.283	0.283
  6921	0.12562	-0.283	0.283
  6922	0.139522	-0.283	0.283
  6923	0.104012	-0.283	0.283
  6924	0.139594	-0.283	0.283
  6925	0.0847434	-0.283	0.283
  6926	0.141765	-0.283	0.283
  6927	0.125075	-0.283	0.283
  6928	0.123506	-0.283	0.283
  6929	0.118265	-0.283	0.283
  6930	0.13209	-0.283	0.283
  6931	0.130219	-0.283	0.283
  6932	0.119581	-0.283	0.283
  6933	0.126072	-0.283	0.283
  6934	0.136168	-0.283	0.283
  6935	0.138782	-0.283	0.283
  6936	0.0937824	-0.283	0.283
  6937	0.0673457	-0.283	0.283
  6938	0.13909	-0.283	0.283
  6939	0.148534	-0.283	0.283
  6940	0.0907749	-0.283	0.283
  6941	0.128942	-0.283	0.283
  6942	0.134286	-0.283	0.283
  6943	0.0853098	-0.283	0.283
  6944	0.10583	-0.283	0.283
  6945	0.144034	-0.283	0.283
  6946	0.143172	-0.283	0.283
  6947	0.0781471	-0.283	0.283
  6948	0.147034	-0.283	0.283
  6949	0.143141	-0.283	0.283
  6950	0.131471	-0.283	0.283
  6951	0.146687	-0.283	0.283
  6952	0.096873	-0.283	0.283
  6953	0.121479	-0.283	0.283
  6954	0.124352	-0.283	0.283
  6955	0.116688	-0.283	0.283
  6956	0.078222	-0.283	0.283
  6957	0.142064	-0.283	0.283
  6958	0.089141	-0.283	0.283
  6959	0.109874	-0.283	0.283
  6960	0.0960121	-0.283	0.283
  6961	0.0962782	-0.283	0.283
  6962	0.134891	-0.283	0.283
  6963	0.120449	-0.283	0.283
  6964	0.113903	-0.283	0.283
  6965	0.11919	-0.283	0.283
  6966	0.135507	-0.283	0.283
  6967	0.115692	-0.283	0.283
  6968	0.130493	-0.283	0.283
  6969	0.105694	-0.283	0.283
  6970	0.144647	-0.283	0.283
  6971	0.140668	-0.283	0.283
  6972	0.124803	-0.283	0.283
  6973	0.147074	-0.283	0.283
  6974	0.129859	-0.283	0.283
  6975	0.124507	-0.283	0.283
  6976	0.138384	-0.283	0.283
  6977	0.119398	-0.283	0.283
  6978	0.14604	-0.283	0.283
  6979	0.144723	-0.283	0.283
  6980	0.141391	-0.283	0.283
  6981	0.143253	-0.283	0.283
  6982	0.113395	-0.283	0.283
  6983	0.132713	-0.283	0.283
  6984	0.150221	-0.283	0.283
  6985	0.151813	-0.283	0.283
  6986	0.146663	-0.283	0.283
  6987	0.105685	-0.283	0.283
  6988	0.106598	-0.283	0.283
  6989	0.129688	-0.283	0.283
  6990	0.125381	-0.283	0.283
  6991	0.101549	-0.283	0.283
  6992	0.118669	-0.283	0.283
  6993	0.136354	-0.283	0.283
  6994	0.137106	-0.283	0.283
  6995	0.113321	-0.283	0.283
  6996	0.106673	-0.283	0.283
  6997	0.119699	-0.283	0.283
  6998	0.090894	-0.283	0.283
  6999	0.12466	-0.283	0.283
  7000	0.133153	-0.283	0.283
  7001	0.146828	-0.283	0.283
  7002	0.119781	-0.283	0.283
  7003	0.121915	-0.283	0.283
  7004	0.118466	-0.283	0.283
  7005	0.146832	-0.283	0.283
  7006	0.147071	-0.283	0.283
  7007	0.126909	-0.283	0.283
  7008	0.135574	-0.283	0.283
  7009	0.135411	-0.283	0.283
  7010	0.137431	-0.283	0.283
  7011	0.147853	-0.283	0.283
  7012	0.13417	-0.283	0.283
  7013	0.144093	-0.283	0.283
  7014	0.127499	-0.283	0.283
  7015	0.122125	-0.283	0.283
  7016	0.126947	-0.283	0.283
  7017	0.113118	-0.283	0.283
  7018	0.101078	-0.283	0.283
  7019	0.114207	-0.283	0.283
  7020	0.151063	-0.283	0.283
  7021	0.134347	-0.283	0.283
  7022	0.113118	-0.283	0.283
  7023	0.0995822	-0.283	0.283
  7024	0.10107	-0.283	0.283
  7025	0.118964	-0.283	0.283
  7026	0.115795	-0.283	0.283
  7027	0.108633	-0.283	0.283
  7028	0.142023	-0.283	0.283
  7029	0.145714	-0.283	0.283
  7030	0.130144	-0.283	0.283
  7031	0.15053	-0.283	0.283
  7032	0.146974	-0.283	0.283
  7033	0.125418	-0.283	0.283
  7034	0.133937	-0.283	0.283
  7035	0.10639	-0.283	0.283
  7036	0.126674	-0.283	0.283
  7037	0.119541	-0.283	0.283
  7038	0.12566	-0.283	0.283
  7039	0.140761	-0.283	0.283
  7040	0.124041	-0.283	0.283
  7041	0.124	-0.283	0.283
  7042	0.141363	-0.283	0.283
  7043	0.137017	-0.283	0.283
  7044	0.141992	-0.283	0.283
  7045	0.124182	-0.283	0.283
  7046	0.129561	-0.283	0.283
  7047	0.112127	-0.283	0.283
  7048	0.10945	-0.283	0.283
  7049	0.12347	-0.283	0.283
  7050	0.106421	-0.283	0.283
  7051	0.119507	-0.283	0.283
  7052	0.146638	-0.283	0.283
  7053	0.137147	-0.283	0.283
  7054	0.140449	-0.283	0.283
  7055	0.111555	-0.283	0.283
  7056	0.0996203	-0.283	0.283
  7057	0.135498	-0.283	0.283
  7058	0.144511	-0.283	0.283
  7059	0.0942753	-0.283	0.283
  7060	0.127982	-0.283	0.283
  7061	0.137654	-0.283	0.283
  7062	0.146449	-0.283	0.283
  7063	0.108688	-0.283	0.283
  7064	0.127116	-0.283	0.283
  7065	0.126766	-0.283	0.283
  7066	0.132602	-0.283	0.283
  7067	0.138838	-0.283	0.283
  7068	0.077136	-0.283	0.283
  7069	0.125587	-0.283	0.283
  7070	0.1438	-0.283	0.283
  7071	0.121954	-0.283	0.283
  7072	0.127641	-0.283	0.283
  7073	0.131905	-0.283	0.283
  7074	0.111596	-0.283	0.283
  7075	0.129475	-0.283	0.283
  7076	0.112622	-0.283	0.283
  7077	0.122658	-0.283	0.283
  7078	0.120912	-0.283	0.283
  7079	0.103445	-0.283	0.283
  7080	0.135713	-0.283	0.283
  7081	0.131481	-0.283	0.283
  7082	0.138078	-0.283	0.283
  7083	0.145418	-0.283	0.283
  7084	0.150865	-0.283	0.283
  7085	0.135418	-0.283	0.283
  7086	0.0626728	-0.283	0.283
  7087	0.143221	-0.283	0.283
  7088	0.119351	-0.283	0.283
  7089	0.135616	-0.283	0.283
  7090	0.096395	-0.283	0.283
  7091	0.138138	-0.283	0.283
  7092	0.109994	-0.283	0.283
  7093	0.151245	-0.283	0.283
  7094	0.149443	-0.283	0.283
  7095	0.138337	-0.283	0.283
  7096	0.11598	-0.283	0.283
  7097	0.148777	-0.283	0.283
  7098	0.125366	-0.283	0.283
  7099	0.138238	-0.283	0.283
  7100	0.141971	-0.283	0.283
  7101	0.143554	-0.283	0.283
  7102	0.136967	-0.283	0.283
  7103	0.142868	-0.283	0.283
  7104	0.117595	-0.283	0.283
  7105	0.136261	-0.283	0.283
  7106	0.125689	-0.283	0.283
  7107	0.126852	-0.283	0.283
  7108	0.0983701	-0.283	0.283
  7109	0.120585	-0.283	0.283
  7110	0.128605	-0.283	0.283
  7111	0.106144	-0.283	0.283
  7112	0.127805	-0.283	0.283
  7113	0.0958402	-0.283	0.283
  7114	0.14687	-0.283	0.283
  7115	0.118695	-0.283	0.283
  7116	0.11852	-0.283	0.283
  7117	0.131455	-0.283	0.283
  7118	0.103466	-0.283	0.283
  7119	0.0893717	-0.283	0.283
  7120	0.105332	-0.283	0.283
  7121	0.137564	-0.283	0.283
  7122	0.138481	-0.283	0.283
  7123	0.109978	-0.283	0.283
  7124	0.120479	-0.283	0.283
  7125	0.0803469	-0.283	0.283
  7126	0.150462	-0.283	0.283
  7127	0.12902	-0.283	0.283
  7128	0.127036	-0.283	0.283
  7129	0.0957316	-0.283	0.283
  7130	0.123737	-0.283	0.283
  7131	0.124281	-0.283	0.283
  7132	0.111638	-0.283	0.283
  7133	0.14843	-0.283	0.283
  7134	0.1322	-0.283	0.283
  7135	0.142205	-0.283	0.283
  7136	0.145975	-0.283	0.283
  7137	0.134253	-0.283	0.283
  7138	0.127003	-0.283	0.283
  7139	0.10931	-0.283	0.283
  7140	0.0831142	-0.283	0.283
  7141	0.145069	-0.283	0.283
  7142	0.133475	-0.283	0.283
  7143	0.139535	-0.283	0.283
  7144	0.147709	-0.283	0.283
  7145	0.130088	-0.283	0.283
  7146	0.144761	-0.283	0.283
  7147	0.135117	-0.283	0.283
  7148	0.0966574	-0.283	0.283
  7149	0.122457	-0.283	0.283
  7150	0.0684064	-0.283	0.283
  7151	0.146589	-0.283	0.283
  7152	0.146326	-0.283	0.283
  7153	0.117274	-0.283	0.283
  7154	0.0861294	-0.283	0.283
  7155	0.134282	-0.283	0.283
  7156	0.108258	-0.283	0.283
  7157	0.148214	-0.283	0.283
  7158	0.105456	-0.283	0.283
  7159	0.136942	-0.283	0.283
  7160	0.147107	-0.283	0.283
  7161	0.14738	-0.283	0.283
  7162	0.149826	-0.283	0.283
  7163	0.143943	-0.283	0.283
  7164	0.124057	-0.283	0.283
  7165	0.120421	-0.283	0.283
  7166	0.115742	-0.283	0.283
  7167	0.141078	-0.283	0.283
  7168	0.10376	-0.283	0.283
  7169	0.10287	-0.283	0.283
  7170	0.127014	-0.283	0.283
  7171	0.119763	-0.283	0.283
  7172	0.0956701	-0.283	0.283
  7173	0.146174	-0.283	0.283
  7174	0.130893	-0.283	0.283
  7175	0.143919	-0.283	0.283
  7176	0.14604	-0.283	0.283
  7177	0.120122	-0.283	0.283
  7178	0.14806	-0.283	0.283
  7179	0.147615	-0.283	0.283
  7180	0.138123	-0.283	0.283
  7181	0.113844	-0.283	0.283
  7182	0.137768	-0.283	0.283
  7183	0.143822	-0.283	0.283
  7184	0.0921672	-0.283	0.283
  7185	0.127146	-0.283	0.283
  7186	0.142222	-0.283	0.283
  7187	0.110775	-0.283	0.283
  7188	0.133782	-0.283	0.283
  7189	0.126385	-0.283	0.283
  7190	0.135677	-0.283	0.283
  7191	0.148741	-0.283	0.283
  7192	0.120228	-0.283	0.283
  7193	0.144517	-0.283	0.283
  7194	0.125244	-0.283	0.283
  7195	0.125529	-0.283	0.283
  7196	0.141466	-0.283	0.283
  7197	0.123096	-0.283	0.283
  7198	0.148679	-0.283	0.283
  7199	0.101338	-0.283	0.283
  7200	0.143323	-0.283	0.283
  7201	0.108683	-0.283	0.283
  7202	0.105077	-0.283	0.283
  7203	0.136755	-0.283	0.283
  7204	0.11756	-0.283	0.283
  7205	0.136923	-0.283	0.283
  7206	0.131189	-0.283	0.283
  7207	0.123204	-0.283	0.283
  7208	0.11933	-0.283	0.283
  7209	0.121189	-0.283	0.283
  7210	0.144237	-0.283	0.283
  7211	0.132845	-0.283	0.283
  7212	0.13224	-0.283	0.283
  7213	0.116971	-0.283	0.283
  7214	0.143641	-0.283	0.283
  7215	0.148873	-0.283	0.283
  7216	0.145866	-0.283	0.283
  7217	0.146711	-0.283	0.283
  7218	0.0907712	-0.283	0.283
  7219	0.138663	-0.283	0.283
  7220	0.136645	-0.283	0.283
  7221	0.128962	-0.283	0.283
  7222	0.145794	-0.283	0.283
  7223	0.117403	-0.283	0.283
  7224	0.135885	-0.283	0.283
  7225	0.13912	-0.283	0.283
  7226	0.140945	-0.283	0.283
  7227	0.120218	-0.283	0.283
  7228	0.135359	-0.283	0.283
  7229	0.121417	-0.283	0.283
  7230	0.12793	-0.283	0.283
  7231	0.112062	-0.283	0.283
  7232	0.138439	-0.283	0.283
  7233	0.0850331	-0.283	0.283
  7234	0.146213	-0.283	0.283
  7235	0.140642	-0.283	0.283
  7236	0.14119	-0.283	0.283
  7237	0.128196	-0.283	0.283
  7238	0.150536	-0.283	0.283
  7239	0.0948774	-0.283	0.283
  7240	0.103801	-0.283	0.283
  7241	0.123189	-0.283	0.283
  7242	0.146427	-0.283	0.283
  7243	0.131206	-0.283	0.283
  7244	0.0853138	-0.283	0.283
  7245	0.134433	-0.283	0.283
  7246	0.147874	-0.283	0.283
  7247	0.12741	-0.283	0.283
  7248	0.141782	-0.283	0.283
  7249	0.0819345	-0.283	0.283
  7250	0.125292	-0.283	0.283
  7251	0.131349	-0.283	0.283
  7252	0.142069	-0.283	0.283
  7253	0.122494	-0.283	0.283
  7254	0.129512	-0.283	0.283
  7255	0.0965941	-0.283	0.283
  7256	0.13215	-0.283	0.283
  7257	0.124416	-0.283	0.283
  7258	0.132882	-0.283	0.283
  7259	0.147938	-0.283	0.283
  7260	0.123587	-0.283	0.283
  7261	0.127028	-0.283	0.283
  7262	0.105788	-0.283	0.283
  7263	0.14269	-0.283	0.283
  7264	0.14238	-0.283	0.283
  7265	0.12906	-0.283	0.283
  7266	0.086251	-0.283	0.283
  7267	0.131354	-0.283	0.283
  7268	0.13858	-0.283	0.283
  7269	0.141806	-0.283	0.283
  7270	0.135571	-0.283	0.283
  7271	0.119996	-0.283	0.283
  7272	0.120877	-0.283	0.283
  7273	0.126698	-0.283	0.283
  7274	0.147985	-0.283	0.283
  7275	0.105789	-0.283	0.283
  7276	0.139258	-0.283	0.283
  7277	0.126364	-0.283	0.283
  7278	0.150749	-0.283	0.283
  7279	0.13454	-0.283	0.283
  7280	0.140614	-0.283	0.283
  7281	0.115467	-0.283	0.283
  7282	0.106197	-0.283	0.283
  7283	0.148978	-0.283	0.283
  7284	0.148776	-0.283	0.283
  7285	0.122732	-0.283	0.283
  7286	0.128413	-0.283	0.283
  7287	0.107756	-0.283	0.283
  7288	0.133136	-0.283	0.283
  7289	0.126668	-0.283	0.283
  7290	0.107749	-0.283	0.283
  7291	0.140367	-0.283	0.283
  7292	0.144838	-0.283	0.283
  7293	0.103978	-0.283	0.283
  7294	0.134455	-0.283	0.283
  7295	0.133798	-0.283	0.283
  7296	0.118391	-0.283	0.283
  7297	0.128376	-0.283	0.283
  7298	0.0893444	-0.283	0.283
  7299	0.148254	-0.283	0.283
  7300	0.144742	-0.283	0.283
  7301	0.145271	-0.283	0.283
  7302	0.104538	-0.283	0.283
  7303	0.131659	-0.283	0.283
  7304	0.137473	-0.283	0.283
  7305	0.134496	-0.283	0.283
  7306	0.101379	-0.283	0.283
  7307	0.132393	-0.283	0.283
  7308	0.145264	-0.283	0.283
  7309	0.1449	-0.283	0.283
  7310	0.126761	-0.283	0.283
  7311	0.139937	-0.283	0.283
  7312	0.138046	-0.283	0.283
  7313	0.146818	-0.283	0.283
  7314	0.14885	-0.283	0.283
  7315	0.123061	-0.283	0.283
  7316	0.135815	-0.283	0.283
  7317	0.145002	-0.283	0.283
  7318	0.142807	-0.283	0.283
  7319	0.11177	-0.283	0.283
  7320	0.125306	-0.283	0.283
  7321	0.133426	-0.283	0.283
  7322	0.118386	-0.283	0.283
  7323	0.128925	-0.283	0.283
  7324	0.107833	-0.283	0.283
  7325	0.117914	-0.283	0.283
  7326	0.118623	-0.283	0.283
  7327	0.128145	-0.283	0.283
  7328	0.138314	-0.283	0.283
  7329	0.121802	-0.283	0.283
  7330	0.144345	-0.283	0.283
  7331	0.148507	-0.283	0.283
  7332	0.104468	-0.283	0.283
  7333	0.106446	-0.283	0.283
  7334	0.116113	-0.283	0.283
  7335	0.118535	-0.283	0.283
  7336	0.135088	-0.283	0.283
  7337	0.120793	-0.283	0.283
  7338	0.122379	-0.283	0.283
  7339	0.131355	-0.283	0.283
  7340	0.133608	-0.283	0.283
  7341	0.140932	-0.283	0.283
  7342	0.121924	-0.283	0.283
  7343	0.139335	-0.283	0.283
  7344	0.0984919	-0.283	0.283
  7345	0.11096	-0.283	0.283
  7346	0.142869	-0.283	0.283
  7347	0.109687	-0.283	0.283
  7348	0.112261	-0.283	0.283
  7349	0.124039	-0.283	0.283
  7350	0.114593	-0.283	0.283
  7351	0.133147	-0.283	0.283
  7352	0.128679	-0.283	0.283
  7353	0.129006	-0.283	0.283
  7354	0.12249	-0.283	0.283
  7355	0.142187	-0.283	0.283
  7356	0.120639	-0.283	0.283
  7357	0.14551	-0.283	0.283
  7358	0.102008	-0.283	0.283
  7359	0.137496	-0.283	0.283
  7360	0.0754451	-0.283	0.283
  7361	0.117684	-0.283	0.283
  7362	0.150655	-0.283	0.283
  7363	0.112997	-0.283	0.283
  7364	0.126577	-0.283	0.283
  7365	0.120375	-0.283	0.283
  7366	0.12109	-0.283	0.283
  7367	0.144367	-0.283	0.283
  7368	0.121649	-0.283	0.283
  7369	0.131217	-0.283	0.283
  7370	0.125701	-0.283	0.283
  7371	0.139503	-0.283	0.283
  7372	0.138033	-0.283	0.283
  7373	0.110415	-0.283	0.283
  7374	0.107753	-0.283	0.283
  7375	0.0996144	-0.283	0.283
  7376	0.133063	-0.283	0.283
  7377	0.12822	-0.283	0.283
  7378	0.0838591	-0.283	0.283
  7379	0.124305	-0.283	0.283
  7380	0.129665	-0.283	0.283
  7381	0.1377	-0.283	0.283
  7382	0.106316	-0.283	0.283
  7383	0.146452	-0.283	0.283
  7384	0.135819	-0.283	0.283
  7385	0.108351	-0.283	0.283
  7386	0.142257	-0.283	0.283
  7387	0.13431	-0.283	0.283
  7388	0.143434	-0.283	0.283
  7389	0.133114	-0.283	0.283
  7390	0.123039	-0.283	0.283
  7391	0.126248	-0.283	0.283
  7392	0.0967303	-0.283	0.283
  7393	0.0758093	-0.283	0.283
  7394	0.118539	-0.283	0.283
  7395	0.130666	-0.283	0.283
  7396	0.106065	-0.283	0.283
  7397	0.149806	-0.283	0.283
  7398	0.132624	-0.283	0.283
  7399	0.107866	-0.283	0.283
  7400	0.125473	-0.283	0.283
  7401	0.147902	-0.283	0.283
  7402	0.134272	-0.283	0.283
  7403	0.114902	-0.283	0.283
  7404	0.143057	-0.283	0.283
  7405	0.0986389	-0.283	0.283
  7406	0.147198	-0.283	0.283
  7407	0.141774	-0.283	0.283
  7408	0.149072	-0.283	0.283
  7409	0.115978	-0.283	0.283
  7410	0.142018	-0.283	0.283
  7411	0.129349	-0.283	0.283
  7412	0.111263	-0.283	0.283
  7413	0.111708	-0.283	0.283
  7414	0.138146	-0.283	0.283
  7415	0.148008	-0.283	0.283
  7416	0.0959149	-0.283	0.283
  7417	0.134055	-0.283	0.283
  7418	0.123796	-0.283	0.283
  7419	0.147175	-0.283	0.283
  7420	0.14312	-0.283	0.283
  7421	0.146899	-0.283	0.283
  7422	0.145789	-0.283	0.283
  7423	0.133296	-0.283	0.283
  7424	0.143754	-0.283	0.283
  7425	0.0961912	-0.283	0.283
  7426	0.138141	-0.283	0.283
  7427	0.15086	-0.283	0.283
  7428	0.144314	-0.283	0.283
  7429	0.142344	-0.283	0.283
  7430	0.14874	-0.283	0.283
  7431	0.0984672	-0.283	0.283
  7432	0.09595	-0.283	0.283
  7433	0.138682	-0.283	0.283
  7434	0.144513	-0.283	0.283
  7435	0.108444	-0.283	0.283
  7436	0.0725541	-0.283	0.283
  7437	0.13792	-0.283	0.283
  7438	0.144225	-0.283	0.283
  7439	0.138977	-0.283	0.283
  7440	0.136657	-0.283	0.283
  7441	0.146998	-0.283	0.283
  7442	0.105112	-0.283	0.283
  7443	0.125084	-0.283	0.283
  7444	0.121782	-0.283	0.283
  7445	0.14302	-0.283	0.283
  7446	0.140644	-0.283	0.283
  7447	0.140448	-0.283	0.283
  7448	0.116107	-0.283	0.283
  7449	0.126545	-0.283	0.283
  7450	0.1436	-0.283	0.283
  7451	0.129091	-0.283	0.283
  7452	0.110536	-0.283	0.283
  7453	0.1053	-0.283	0.283
  7454	0.145814	-0.283	0.283
  7455	0.10987	-0.283	0.283
  7456	0.131094	-0.283	0.283
  7457	0.141135	-0.283	0.283
  7458	0.149395	-0.283	0.283
  7459	0.11981	-0.283	0.283
  7460	0.127747	-0.283	0.283
  7461	0.128456	-0.283	0.283
  7462	0.140204	-0.283	0.283
  7463	0.0818498	-0.283	0.283
  7464	0.136308	-0.283	0.283
  7465	0.125801	-0.283	0.283
  7466	0.146027	-0.283	0.283
  7467	0.11948	-0.283	0.283
  7468	0.116622	-0.283	0.283
  7469	0.136802	-0.283	0.283
  7470	0.139936	-0.283	0.283
  7471	0.134665	-0.283	0.283
  7472	0.134002	-0.283	0.283
  7473	0.132844	-0.283	0.283
  7474	0.142321	-0.283	0.283
  7475	0.126623	-0.283	0.283
  7476	0.0957252	-0.283	0.283
  7477	0.148913	-0.283	0.283
  7478	0.132144	-0.283	0.283
  7479	0.128909	-0.283	0.283
  7480	0.135237	-0.283	0.283
  7481	0.123847	-0.283	0.283
  7482	0.130731	-0.283	0.283
  7483	0.149773	-0.283	0.283
  7484	0.133023	-0.283	0.283
  7485	0.138047	-0.283	0.283
  7486	0.130894	-0.283	0.283
  7487	0.0757377	-0.283	0.283
  7488	0.147796	-0.283	0.283
  7489	0.116556	-0.283	0.283
  7490	0.126162	-0.283	0.283
  7491	0.120462	-0.283	0.283
  7492	0.107093	-0.283	0.283
  7493	0.12172	-0.283	0.283
  7494	0.137866	-0.283	0.283
  7495	0.131651	-0.283	0.283
  7496	0.125793	-0.283	0.283
  7497	0.146904	-0.283	0.283
  7498	0.145739	-0.283	0.283
  7499	0.126935	-0.283	0.283
  7500	0.131449	-0.283	0.283
  7501	0.144665	-0.283	0.283
  7502	0.150203	-0.283	0.283
  7503	0.120628	-0.283	0.283
  7504	0.112943	-0.283	0.283
  7505	0.145421	-0.283	0.283
  7506	0.128398	-0.283	0.283
  7507	0.0930408	-0.283	0.283
  7508	0.145271	-0.283	0.283
  7509	0.125258	-0.283	0.283
  7510	0.118101	-0.283	0.283
  7511	0.105199	-0.283	0.283
  7512	0.135254	-0.283	0.283
  7513	0.113856	-0.283	0.283
  7514	0.143339	-0.283	0.283
  7515	0.134064	-0.283	0.283
  7516	0.107708	-0.283	0.283
  7517	0.119516	-0.283	0.283
  7518	0.107308	-0.283	0.283
  7519	0.131038	-0.283	0.283
  7520	0.134641	-0.283	0.283
  7521	0.140883	-0.283	0.283
  7522	0.146273	-0.283	0.283
  7523	0.148658	-0.283	0.283
  7524	0.1088	-0.283	0.283
  7525	0.133511	-0.283	0.283
  7526	0.128384	-0.283	0.283
  7527	0.125762	-0.283	0.283
  7528	0.13927	-0.283	0.283
  7529	0.116471	-0.283	0.283
  7530	0.146059	-0.283	0.283
  7531	0.143728	-0.283	0.283
  7532	0.10771	-0.283	0.283
  7533	0.0954663	-0.283	0.283
  7534	0.127181	-0.283	0.283
  7535	0.124494	-0.283	0.283
  7536	0.12811	-0.283	0.283
  7537	0.100934	-0.283	0.283
  7538	0.117839	-0.283	0.283
  7539	0.137788	-0.283	0.283
  7540	0.139491	-0.283	0.283
  7541	0.142599	-0.283	0.283
  7542	0.146316	-0.283	0.283
  7543	0.140252	-0.283	0.283
  7544	0.15164	-0.283	0.283
  7545	0.120682	-0.283	0.283
  7546	0.140695	-0.283	0.283
  7547	0.094855	-0.283	0.283
  7548	0.141797	-0.283	0.283
  7549	0.0939731	-0.283	0.283
  7550	0.132857	-0.283	0.283
  7551	0.140468	-0.283	0.283
  7552	0.105451	-0.283	0.283
  7553	0.10745	-0.283	0.283
  7554	0.126381	-0.283	0.283
  7555	0.14394	-0.283	0.283
  7556	0.066498	-0.283	0.283
  7557	0.144828	-0.283	0.283
  7558	0.141903	-0.283	0.283
  7559	0.113721	-0.283	0.283
  7560	0.149108	-0.283	0.283
  7561	0.136029	-0.283	0.283
  7562	0.147756	-0.283	0.283
  7563	0.0907452	-0.283	0.283
  7564	0.140594	-0.283	0.283
  7565	0.12435	-0.283	0.283
  7566	0.107294	-0.283	0.283
  7567	0.129561	-0.283	0.283
  7568	0.137815	-0.283	0.283
  7569	0.151343	-0.283	0.283
  7570	0.129743	-0.283	0.283
  7571	0.0837518	-0.283	0.283
  7572	0.138133	-0.283	0.283
  7573	0.123304	-0.283	0.283
  7574	0.122356	-0.283	0.283
  7575	0.114809	-0.283	0.283
  7576	0.146485	-0.283	0.283
  7577	0.115958	-0.283	0.283
  7578	0.136731	-0.283	0.283
  7579	0.134432	-0.283	0.283
  7580	0.109519	-0.283	0.283
  7581	0.140694	-0.283	0.283
  7582	0.117103	-0.283	0.283
  7583	0.146666	-0.283	0.283
  7584	0.135056	-0.283	0.283
  7585	0.126673	-0.283	0.283
  7586	0.116058	-0.283	0.283
  7587	0.144133	-0.283	0.283
  7588	0.142315	-0.283	0.283
  7589	0.129866	-0.283	0.283
  7590	0.115512	-0.283	0.283
  7591	0.115913	-0.283	0.283
  7592	0.148367	-0.283	0.283
  7593	0.132145	-0.283	0.283
  7594	0.109818	-0.283	0.283
  7595	0.0865977	-0.283	0.283
  7596	0.140222	-0.283	0.283
  7597	0.104696	-0.283	0.283
  7598	0.125749	-0.283	0.283
  7599	0.134034	-0.283	0.283
  7600	0.140729	-0.283	0.283
  7601	0.14091	-0.283	0.283
  7602	0.142701	-0.283	0.283
  7603	0.135458	-0.283	0.283
  7604	0.110477	-0.283	0.283
  7605	0.146648	-0.283	0.283
  7606	0.119107	-0.283	0.283
  7607	0.141719	-0.283	0.283
  7608	0.129117	-0.283	0.283
  7609	0.137857	-0.283	0.283
  7610	0.13115	-0.283	0.283
  7611	0.148465	-0.283	0.283
  7612	0.145799	-0.283	0.283
  7613	0.131939	-0.283	0.283
  7614	0.147949	-0.283	0.283
  7615	0.0950579	-0.283	0.283
  7616	0.144636	-0.283	0.283
  7617	0.134932	-0.283	0.283
  7618	0.138418	-0.283	0.283
  7619	0.112203	-0.283	0.283
  7620	0.117004	-0.283	0.283
  7621	0.133154	-0.283	0.283
  7622	0.135977	-0.283	0.283
  7623	0.105836	-0.283	0.283
  7624	0.11076	-0.283	0.283
  7625	0.110088	-0.283	0.283
  7626	0.147542	-0.283	0.283
  7627	0.134215	-0.283	0.283
  7628	0.1435	-0.283	0.283
  7629	0.103425	-0.283	0.283
  7630	0.142599	-0.283	0.283
  7631	0.120942	-0.283	0.283
  7632	0.13594	-0.283	0.283
  7633	0.0977378	-0.283	0.283
  7634	0.150655	-0.283	0.283
  7635	0.141524	-0.283	0.283
  7636	0.0851188	-0.283	0.283
  7637	0.129324	-0.283	0.283
  7638	0.144853	-0.283	0.283
  7639	0.0836935	-0.283	0.283
  7640	0.146978	-0.283	0.283
  7641	0.133982	-0.283	0.283
  7642	0.14285	-0.283	0.283
  7643	0.129434	-0.283	0.283
  7644	0.0830625	-0.283	0.283
  7645	0.150877	-0.283	0.283
  7646	0.143717	-0.283	0.283
  7647	0.110607	-0.283	0.283
  7648	0.131753	-0.283	0.283
  7649	0.142219	-0.283	0.283
  7650	0.111204	-0.283	0.283
  7651	0.105171	-0.283	0.283
  7652	0.137063	-0.283	0.283
  7653	0.0898521	-0.283	0.283
  7654	0.134825	-0.283	0.283
  7655	0.134237	-0.283	0.283
  7656	0.144608	-0.283	0.283
  7657	0.131134	-0.283	0.283
  7658	0.111222	-0.283	0.283
  7659	0.134839	-0.283	0.283
  7660	0.119262	-0.283	0.283
  7661	0.141813	-0.283	0.283
  7662	0.115117	-0.283	0.283
  7663	0.129998	-0.283	0.283
  7664	0.099469	-0.283	0.283
  7665	0.142309	-0.283	0.283
  7666	0.134052	-0.283	0.283
  7667	0.101414	-0.283	0.283
  7668	0.129324	-0.283	0.283
  7669	0.141621	-0.283	0.283
  7670	0.149561	-0.283	0.283
  7671	0.133854	-0.283	0.283
  7672	0.13014	-0.283	0.283
  7673	0.138846	-0.283	0.283
  7674	0.112065	-0.283	0.283
  7675	0.12081	-0.283	0.283
  7676	0.132533	-0.283	0.283
  7677	0.141456	-0.283	0.283
  7678	0.149801	-0.283	0.283
  7679	0.14822	-0.283	0.283
  7680	0.14992	-0.283	0.283
  7681	0.131742	-0.283	0.283
  7682	0.143128	-0.283	0.283
  7683	0.0996953	-0.283	0.283
  7684	0.147642	-0.283	0.283
  7685	0.121423	-0.283	0.283
  7686	0.135483	-0.283	0.283
  7687	0.141628	-0.283	0.283
  7688	0.1195	-0.283	0.283
  7689	0.121284	-0.283	0.283
  7690	0.11302	-0.283	0.283
  7691	0.122246	-0.283	0.283
  7692	0.0949191	-0.283	0.283
  7693	0.0991284	-0.283	0.283
  7694	0.141308	-0.283	0.283
  7695	0.11585	-0.283	0.283
  7696	0.151308	-0.283	0.283
  7697	0.146212	-0.283	0.283
  7698	0.10384	-0.283	0.283
  7699	0.125662	-0.283	0.283
  7700	0.140321	-0.283	0.283
  7701	0.136887	-0.283	0.283
  7702	0.129359	-0.283	0.283
  7703	0.121681	-0.283	0.283
  7704	0.118079	-0.283	0.283
  7705	0.118177	-0.283	0.283
  7706	0.110918	-0.283	0.283
  7707	0.127068	-0.283	0.283
  7708	0.141146	-0.283	0.283
  7709	0.145584	-0.283	0.283
  7710	0.0920233	-0.283	0.283
  7711	0.144091	-0.283	0.283
  7712	0.0987434	-0.283	0.283
  7713	0.138941	-0.283	0.283
  7714	0.15068	-0.283	0.283
  7715	0.102729	-0.283	0.283
  7716	0.134173	-0.283	0.283
  7717	0.144401	-0.283	0.283
  7718	0.139405	-0.283	0.283
  7719	0.119728	-0.283	0.283
  7720	0.141383	-0.283	0.283
  7721	0.1388	-0.283	0.283
  7722	0.13359	-0.283	0.283
  7723	0.126339	-0.283	0.283
  7724	0.130288	-0.283	0.283
  7725	0.145902	-0.283	0.283
  7726	0.109201	-0.283	0.283
  7727	0.125898	-0.283	0.283
  7728	0.144339	-0.283	0.283
  7729	0.0702229	-0.283	0.283
  7730	0.138327	-0.283	0.283
  7731	0.0906503	-0.283	0.283
  7732	0.0864051	-0.283	0.283
  7733	0.110857	-0.283	0.283
  7734	0.145423	-0.283	0.283
  7735	0.116279	-0.283	0.283
  7736	0.14054	-0.283	0.283
  7737	0.0625877	-0.283	0.283
  7738	0.144003	-0.283	0.283
  7739	0.119112	-0.283	0.283
  7740	0.107345	-0.283	0.283
  7741	0.125741	-0.283	0.283
  7742	0.143705	-0.283	0.283
  7743	0.147152	-0.283	0.283
  7744	0.144685	-0.283	0.283
  7745	0.111249	-0.283	0.283
  7746	0.146031	-0.283	0.283
  7747	0.11193	-0.283	0.283
  7748	0.12903	-0.283	0.283
  7749	0.10306	-0.283	0.283
  7750	0.150973	-0.283	0.283
  7751	0.140327	-0.283	0.283
  7752	0.146541	-0.283	0.283
  7753	0.143203	-0.283	0.283
  7754	0.0862489	-0.283	0.283
  7755	0.137297	-0.283	0.283
  7756	0.135899	-0.283	0.283
  7757	0.115432	-0.283	0.283
  7758	0.133879	-0.283	0.283
  7759	0.143883	-0.283	0.283
  7760	0.133813	-0.283	0.283
  7761	0.0902225	-0.283	0.283
  7762	0.127261	-0.283	0.283
  7763	0.12744	-0.283	0.283
  7764	0.0913102	-0.283	0.283
  7765	0.149937	-0.283	0.283
  7766	0.111218	-0.283	0.283
  7767	0.0881247	-0.283	0.283
  7768	0.0929642	-0.283	0.283
  7769	0.140393	-0.283	0.283
  7770	0.121121	-0.283	0.283
  7771	0.143502	-0.283	0.283
  7772	0.132439	-0.283	0.283
  7773	0.0942925	-0.283	0.283
  7774	0.134773	-0.283	0.283
  7775	0.139948	-0.283	0.283
  7776	0.125395	-0.283	0.283
  7777	0.142062	-0.283	0.283
  7778	0.122964	-0.283	0.283
  7779	0.112119	-0.283	0.283
  7780	0.13485	-0.283	0.283
  7781	0.106708	-0.283	0.283
  7782	0.150779	-0.283	0.283
  7783	0.142231	-0.283	0.283
  7784	0.131725	-0.283	0.283
  7785	0.108989	-0.283	0.283
  7786	0.106925	-0.283	0.283
  7787	0.145992	-0.283	0.283
  7788	0.145101	-0.283	0.283
  7789	0.130585	-0.283	0.283
  7790	0.122838	-0.283	0.283
  7791	0.121762	-0.283	0.283
  7792	0.14116	-0.283	0.283
  7793	0.146442	-0.283	0.283
  7794	0.0962035	-0.283	0.283
  7795	0.143116	-0.283	0.283
  7796	0.102546	-0.283	0.283
  7797	0.120322	-0.283	0.283
  7798	0.140758	-0.283	0.283
  7799	0.142738	-0.283	0.283
  7800	0.131024	-0.283	0.283
  7801	0.125603	-0.283	0.283
  7802	0.117535	-0.283	0.283
  7803	0.1201	-0.283	0.283
  7804	0.147412	-0.283	0.283
  7805	0.114228	-0.283	0.283
  7806	0.132325	-0.283	0.283
  7807	0.13483	-0.283	0.283
  7808	0.12304	-0.283	0.283
  7809	0.125778	-0.283	0.283
  7810	0.134231	-0.283	0.283
  7811	0.131855	-0.283	0.283
  7812	0.150978	-0.283	0.283
  7813	0.115404	-0.283	0.283
  7814	0.0876751	-0.283	0.283
  7815	0.147289	-0.283	0.283
  7816	0.149908	-0.283	0.283
  7817	0.135769	-0.283	0.283
  7818	0.146581	-0.283	0.283
  7819	0.123855	-0.283	0.283
  7820	0.146995	-0.283	0.283
  7821	0.1315	-0.283	0.283
  7822	0.108707	-0.283	0.283
  7823	0.133483	-0.283	0.283
  7824	0.134596	-0.283	0.283
  7825	0.123987	-0.283	0.283
  7826	0.116513	-0.283	0.283
  7827	0.103917	-0.283	0.283
  7828	0.105963	-0.283	0.283
  7829	0.111411	-0.283	0.283
  7830	0.139064	-0.283	0.283
  7831	0.131332	-0.283	0.283
  7832	0.139082	-0.283	0.283
  7833	0.140859	-0.283	0.283
  7834	0.136101	-0.283	0.283
  7835	0.131007	-0.283	0.283
  7836	0.131669	-0.283	0.283
  7837	0.122228	-0.283	0.283
  7838	0.124864	-0.283	0.283
  7839	0.144046	-0.283	0.283
  7840	0.127626	-0.283	0.283
  7841	0.104803	-0.283	0.283
  7842	0.13037	-0.283	0.283
  7843	0.125495	-0.283	0.283
  7844	0.144933	-0.283	0.283
  7845	0.111554	-0.283	0.283
  7846	0.126084	-0.283	0.283
  7847	0.131598	-0.283	0.283
  7848	0.125337	-0.283	0.283
  7849	0.145852	-0.283	0.283
  7850	0.143884	-0.283	0.283
  7851	0.13122	-0.283	0.283
  7852	0.127343	-0.283	0.283
  7853	0.138617	-0.283	0.283
  7854	0.117928	-0.283	0.283
  7855	0.131378	-0.283	0.283
  7856	0.133132	-0.283	0.283
  7857	0.139373	-0.283	0.283
  7858	0.14576	-0.283	0.283
  7859	0.10208	-0.283	0.283
  7860	0.136459	-0.283	0.283
  7861	0.145455	-0.283	0.283
  7862	0.149681	-0.283	0.283
  7863	0.115965	-0.283	0.283
  7864	0.131901	-0.283	0.283
  7865	0.138685	-0.283	0.283
  7866	0.145914	-0.283	0.283
  7867	0.132221	-0.283	0.283
  7868	0.130497	-0.283	0.283
  7869	0.126754	-0.283	0.283
  7870	0.102273	-0.283	0.283
  7871	0.142484	-0.283	0.283
  7872	0.140827	-0.283	0.283
  7873	0.140263	-0.283	0.283
  7874	0.103882	-0.283	0.283
  7875	0.148501	-0.283	0.283
  7876	0.14993	-0.283	0.283
  7877	0.129263	-0.283	0.283
  7878	0.111924	-0.283	0.283
  7879	0.131887	-0.283	0.283
  7880	0.11728	-0.283	0.283
  7881	0.148639	-0.283	0.283
  7882	0.131053	-0.283	0.283
  7883	0.116583	-0.283	0.283
  7884	0.140845	-0.283	0.283
  7885	0.149209	-0.283	0.283
  7886	0.0998984	-0.283	0.283
  7887	0.148952	-0.283	0.283
  7888	0.129067	-0.283	0.283
  7889	0.144615	-0.283	0.283
  7890	0.140552	-0.283	0.283
  7891	0.124598	-0.283	0.283
  7892	0.140095	-0.283	0.283
  7893	0.120485	-0.283	0.283
  7894	0.13588	-0.283	0.283
  7895	0.101189	-0.283	0.283
  7896	0.13451	-0.283	0.283
  7897	0.145775	-0.283	0.283
  7898	0.147428	-0.283	0.283
  7899	0.107702	-0.283	0.283
  7900	0.147336	-0.283	0.283
  7901	0.109466	-0.283	0.283
  7902	0.133217	-0.283	0.283
  7903	0.124046	-0.283	0.283
  7904	0.109448	-0.283	0.283
  7905	0.121903	-0.283	0.283
  7906	0.145657	-0.283	0.283
  7907	0.0942247	-0.283	0.283
  7908	0.117758	-0.283	0.283
  7909	0.125537	-0.283	0.283
  7910	0.12969	-0.283	0.283
  7911	0.136694	-0.283	0.283
  7912	0.1431	-0.283	0.283
  7913	0.130021	-0.283	0.283
  7914	0.0981095	-0.283	0.283
  7915	0.135156	-0.283	0.283
  7916	0.111898	-0.283	0.283
  7917	0.13933	-0.283	0.283
  7918	0.114701	-0.283	0.283
  7919	0.148039	-0.283	0.283
  7920	0.12668	-0.283	0.283
  7921	0.11203	-0.283	0.283
  7922	0.139335	-0.283	0.283
  7923	0.125159	-0.283	0.283
  7924	0.136898	-0.283	0.283
  7925	0.117454	-0.283	0.283
  7926	0.132026	-0.283	0.283
  7927	0.143005	-0.283	0.283
  7928	0.124952	-0.283	0.283
  7929	0.117329	-0.283	0.283
  7930	0.119552	-0.283	0.283
  7931	0.111501	-0.283	0.283
  7932	0.130284	-0.283	0.283
  7933	0.0753651	-0.283	0.283
  7934	0.133893	-0.283	0.283
  7935	0.130167	-0.283	0.283
  7936	0.132052	-0.283	0.283
  7937	0.109422	-0.283	0.283
  7938	0.139703	-0.283	0.283
  7939	0.140734	-0.283	0.283
  7940	0.138495	-0.283	0.283
  7941	0.126695	-0.283	0.283
  7942	0.107144	-0.283	0.283
  7943	0.147845	-0.283	0.283
  7944	0.139803	-0.283	0.283
  7945	0.107884	-0.283	0.283
  7946	0.118458	-0.283	0.283
  7947	0.13875	-0.283	0.283
  7948	0.140034	-0.283	0.283
  7949	0.148745	-0.283	0.283
  7950	0.149517	-0.283	0.283
  7951	0.149042	-0.283	0.283
  7952	0.134579	-0.283	0.283
  7953	0.115367	-0.283	0.283
  7954	0.136798	-0.283	0.283
  7955	0.147725	-0.283	0.283
  7956	0.141774	-0.283	0.283
  7957	0.135922	-0.283	0.283
  7958	0.104439	-0.283	0.283
  7959	0.144495	-0.283	0.283
  7960	0.143479	-0.283	0.283
  7961	0.134349	-0.283	0.283
  7962	0.127939	-0.283	0.283
  7963	0.128106	-0.283	0.283
  7964	0.129551	-0.283	0.283
  7965	0.147956	-0.283	0.283
  7966	0.12252	-0.283	0.283
  7967	0.15042	-0.283	0.283
  7968	0.134272	-0.283	0.283
  7969	0.142136	-0.283	0.283
  7970	0.149471	-0.283	0.283
  7971	0.144869	-0.283	0.283
  7972	0.132059	-0.283	0.283
  7973	0.137379	-0.283	0.283
  7974	0.147361	-0.283	0.283
  7975	0.147936	-0.283	0.283
  7976	0.126445	-0.283	0.283
  7977	0.109274	-0.283	0.283
  7978	0.135347	-0.283	0.283
  7979	0.131123	-0.283	0.283
  7980	0.113648	-0.283	0.283
  7981	0.1067	-0.283	0.283
  7982	0.14277	-0.283	0.283
  7983	0.120359	-0.283	0.283
  7984	0.149201	-0.283	0.283
  7985	0.102265	-0.283	0.283
  7986	0.117731	-0.283	0.283
  7987	0.117892	-0.283	0.283
  7988	0.12109	-0.283	0.283
  7989	0.144753	-0.283	0.283
  7990	0.139193	-0.283	0.283
  7991	0.141332	-0.283	0.283
  7992	0.150033	-0.283	0.283
  7993	0.0687034	-0.283	0.283
  7994	0.150041	-0.283	0.283
  7995	0.135924	-0.283	0.283
  7996	0.131916	-0.283	0.283
  7997	0.133815	-0.283	0.283
  7998	0.0764442	-0.283	0.283
  7999	0.141464	-0.283	0.283
  8000	0.144475	-0.283	0.283
  8001	0.120781	-0.283	0.283
  8002	0.133468	-0.283	0.283
  8003	0.115601	-0.283	0.283
  8004	0.132396	-0.283	0.283
  8005	0.0830121	-0.283	0.283
  8006	0.132222	-0.283	0.283
  8007	0.141572	-0.283	0.283
  8008	0.133214	-0.283	0.283
  8009	0.124183	-0.283	0.283
  8010	0.111154	-0.283	0.283
  8011	0.133449	-0.283	0.283
  8012	0.145297	-0.283	0.283
  8013	0.14824	-0.283	0.283
  8014	0.0915874	-0.283	0.283
  8015	0.145949	-0.283	0.283
  8016	0.139481	-0.283	0.283
  8017	0.137363	-0.283	0.283
  8018	0.147588	-0.283	0.283
  8019	0.107104	-0.283	0.283
  8020	0.129922	-0.283	0.283
  8021	0.134674	-0.283	0.283
  8022	0.129179	-0.283	0.283
  8023	0.119636	-0.283	0.283
  8024	0.127377	-0.283	0.283
  8025	0.109342	-0.283	0.283
  8026	0.128703	-0.283	0.283
  8027	0.117732	-0.283	0.283
  8028	0.125745	-0.283	0.283
  8029	0.149037	-0.283	0.283
  8030	0.125137	-0.283	0.283
  8031	0.106158	-0.283	0.283
  8032	0.141691	-0.283	0.283
  8033	0.132663	-0.283	0.283
  8034	0.147865	-0.283	0.283
  8035	0.133037	-0.283	0.283
  8036	0.10992	-0.283	0.283
  8037	0.0880033	-0.283	0.283
  8038	0.132698	-0.283	0.283
  8039	0.0993014	-0.283	0.283
  8040	0.145786	-0.283	0.283
  8041	0.141896	-0.283	0.283
  8042	0.0885764	-0.283	0.283
  8043	0.101093	-0.283	0.283
  8044	0.0915121	-0.283	0.283
  8045	0.128559	-0.283	0.283
  8046	0.127549	-0.283	0.283
  8047	0.138899	-0.283	0.283
  8048	0.150316	-0.283	0.283
  8049	0.133581	-0.283	0.283
  8050	0.0844773	-0.283	0.283
  8051	0.117239	-0.283	0.283
  8052	0.147617	-0.283	0.283
  8053	0.130076	-0.283	0.283
  8054	0.137317	-0.283	0.283
  8055	0.133392	-0.283	0.283
  8056	0.143719	-0.283	0.283
  8057	0.14482	-0.283	0.283
  8058	0.120637	-0.283	0.283
  8059	0.101219	-0.283	0.283
  8060	0.118069	-0.283	0.283
  8061	0.0996234	-0.283	0.283
  8062	0.139053	-0.283	0.283
  8063	0.0881915	-0.283	0.283
  8064	0.094023	-0.283	0.283
  8065	0.0945796	-0.283	0.283
  8066	0.151049	-0.283	0.283
  8067	0.126411	-0.283	0.283
  8068	0.101572	-0.283	0.283
  8069	0.145736	-0.283	0.283
  8070	0.132382	-0.283	0.283
  8071	0.149395	-0.283	0.283
  8072	0.144401	-0.283	0.283
  8073	0.131969	-0.283	0.283
  8074	0.129361	-0.283	0.283
  8075	0.113042	-0.283	0.283
  8076	0.119679	-0.283	0.283
  8077	0.146462	-0.283	0.283
  8078	0.11922	-0.283	0.283
  8079	0.120268	-0.283	0.283
  8080	0.13117	-0.283	0.283
  8081	0.150156	-0.283	0.283
  8082	0.143532	-0.283	0.283
  8083	0.133242	-0.283	0.283
  8084	0.1371	-0.283	0.283
  8085	0.127354	-0.283	0.283
  8086	0.124859	-0.283	0.283
  8087	0.131959	-0.283	0.283
  8088	0.140498	-0.283	0.283
  8089	0.125972	-0.283	0.283
  8090	0.085581	-0.283	0.283
  8091	0.131123	-0.283	0.283
  8092	0.139769	-0.283	0.283
  8093	0.126646	-0.283	0.283
  8094	0.113334	-0.283	0.283
  8095	0.135219	-0.283	0.283
  8096	0.0936633	-0.283	0.283
  8097	0.124091	-0.283	0.283
  8098	0.12911	-0.283	0.283
  8099	0.108544	-0.283	0.283
  8100	0.125861	-0.283	0.283
  8101	0.123231	-0.283	0.283
  8102	0.131852	-0.283	0.283
  8103	0.146949	-0.283	0.283
  8104	0.126583	-0.283	0.283
  8105	0.144603	-0.283	0.283
  8106	0.106026	-0.283	0.283
  8107	0.13593	-0.283	0.283
  8108	0.14651	-0.283	0.283
  8109	0.143511	-0.283	0.283
  8110	0.146718	-0.283	0.283
  8111	0.148417	-0.283	0.283
  8112	0.149849	-0.283	0.283
  8113	0.0972763	-0.283	0.283
  8114	0.108861	-0.283	0.283
  8115	0.126339	-0.283	0.283
  8116	0.0833655	-0.283	0.283
  8117	0.133068	-0.283	0.283
  8118	0.13927	-0.283	0.283
  8119	0.106171	-0.283	0.283
  8120	0.118079	-0.283	0.283
  8121	0.137759	-0.283	0.283
  8122	0.147871	-0.283	0.283
  8123	0.115044	-0.283	0.283
  8124	0.120681	-0.283	0.283
  8125	0.131715	-0.283	0.283
  8126	0.138807	-0.283	0.283
  8127	0.148945	-0.283	0.283
  8128	0.135833	-0.283	0.283
  8129	0.147019	-0.283	0.283
  8130	0.0763375	-0.283	0.283
  8131	0.120558	-0.283	0.283
  8132	0.138384	-0.283	0.283
  8133	0.115145	-0.283	0.283
  8134	0.106379	-0.283	0.283
  8135	0.137472	-0.283	0.283
  8136	0.131983	-0.283	0.283
  8137	0.136533	-0.283	0.283
  8138	0.145656	-0.283	0.283
  8139	0.119637	-0.283	0.283
  8140	0.150132	-0.283	0.283
  8141	0.112588	-0.283	0.283
  8142	0.129178	-0.283	0.283
  8143	0.138958	-0.283	0.283
  8144	0.120899	-0.283	0.283
  8145	0.14623	-0.283	0.283
  8146	0.147163	-0.283	0.283
  8147	0.148419	-0.283	0.283
  8148	0.144947	-0.283	0.283
  8149	0.14766	-0.283	0.283
  8150	0.100782	-0.283	0.283
  8151	0.122251	-0.283	0.283
  8152	0.150045	-0.283	0.283
  8153	0.103311	-0.283	0.283
  8154	0.132324	-0.283	0.283
  8155	0.0983647	-0.283	0.283
  8156	0.103385	-0.283	0.283
  8157	0.150379	-0.283	0.283
  8158	0.0646952	-0.283	0.283
  8159	0.136566	-0.283	0.283
  8160	0.105822	-0.283	0.283
  8161	0.143207	-0.283	0.283
  8162	0.119542	-0.283	0.283
  8163	0.127927	-0.283	0.283
  8164	0.097657	-0.283	0.283
  8165	0.150159	-0.283	0.283
  8166	0.113465	-0.283	0.283
  8167	0.148233	-0.283	0.283
  8168	0.114082	-0.283	0.283
  8169	0.111115	-0.283	0.283
  8170	0.145431	-0.283	0.283
  8171	0.123776	-0.283	0.283
  8172	0.118311	-0.283	0.283
  8173	0.128707	-0.283	0.283
  8174	0.0983624	-0.283	0.283
  8175	0.133092	-0.283	0.283
  8176	0.145354	-0.283	0.283
  8177	0.121234	-0.283	0.283
  8178	0.11774	-0.283	0.283
  8179	0.117401	-0.283	0.283
  8180	0.115701	-0.283	0.283
  8181	0.133294	-0.283	0.283
  8182	0.121422	-0.283	0.283
  8183	0.0991609	-0.283	0.283
  8184	0.105379	-0.283	0.283
  8185	0.102511	-0.283	0.283
  8186	0.111239	-0.283	0.283
  8187	0.106935	-0.283	0.283
  8188	0.115009	-0.283	0.283
  8189	0.128711	-0.283	0.283
  8190	0.120477	-0.283	0.283
  8191	0.124373	-0.283	0.283
  8192	0.127809	-0.283	0.283
  8193	0.117712	-0.283	0.283
  8194	0.138386	-0.283	0.283
  8195	0.143746	-0.283	0.283
  8196	0.148936	-0.283	0.283
  8197	0.120806	-0.283	0.283
  8198	0.120477	-0.283	0.283
  8199	0.142374	-0.283	0.283
  8200	0.0855125	-0.283	0.283
  8201	0.131953	-0.283	0.283
  8202	0.142656	-0.283	0.283
  8203	0.142671	-0.283	0.283
  8204	0.108288	-0.283	0.283
  8205	0.139	-0.283	0.283
  8206	0.122043	-0.283	0.283
  8207	0.122376	-0.283	0.283
  8208	0.114173	-0.283	0.283
  8209	0.129946	-0.283	0.283
  8210	0.137934	-0.283	0.283
  8211	0.131315	-0.283	0.283
  8212	0.12939	-0.283	0.283
  8213	0.102349	-0.283	0.283
  8214	0.138769	-0.283	0.283
  8215	0.12696	-0.283	0.283
  8216	0.137946	-0.283	0.283
  8217	0.121399	-0.283	0.283
  8218	0.142677	-0.283	0.283
  8219	0.0741319	-0.283	0.283
  8220	0.149186	-0.283	0.283
  8221	0.122709	-0.283	0.283
  8222	0.116658	-0.283	0.283
  8223	0.145397	-0.283	0.283
  8224	0.0885307	-0.283	0.283
  8225	0.116567	-0.283	0.283
  8226	0.149539	-0.283	0.283
  8227	0.115492	-0.283	0.283
  8228	0.123213	-0.283	0.283
  8229	0.117007	-0.283	0.283
  8230	0.142785	-0.283	0.283
  8231	0.125417	-0.283	0.283
  8232	0.144366	-0.283	0.283
  8233	0.136354	-0.283	0.283
  8234	0.137727	-0.283	0.283
  8235	0.136567	-0.283	0.283
  8236	0.128249	-0.283	0.283
  8237	0.14573	-0.283	0.283
  8238	0.136194	-0.283	0.283
  8239	0.132399	-0.283	0.283
  8240	0.136542	-0.283	0.283
  8241	0.138333	-0.283	0.283
  8242	0.126284	-0.283	0.283
  8243	0.0977253	-0.283	0.283
  8244	0.142744	-0.283	0.283
  8245	0.145376	-0.283	0.283
  8246	0.119277	-0.283	0.283
  8247	0.146151	-0.283	0.283
  8248	0.0921311	-0.283	0.283
  8249	0.070005	-0.283	0.283
  8250	0.128235	-0.283	0.283
  8251	0.0874891	-0.283	0.283
  8252	0.112581	-0.283	0.283
  8253	0.133436	-0.283	0.283
  8254	0.125955	-0.283	0.283
  8255	0.118561	-0.283	0.283
  8256	0.146574	-0.283	0.283
  8257	0.141559	-0.283	0.283
  8258	0.117941	-0.283	0.283
  8259	0.141256	-0.283	0.283
  8260	0.14335	-0.283	0.283
  8261	0.0962624	-0.283	0.283
  8262	0.133816	-0.283	0.283
  8263	0.147461	-0.283	0.283
  8264	0.130726	-0.283	0.283
  8265	0.141563	-0.283	0.283
  8266	0.148186	-0.283	0.283
  8267	0.13366	-0.283	0.283
  8268	0.107796	-0.283	0.283
  8269	0.141533	-0.283	0.283
  8270	0.145682	-0.283	0.283
  8271	0.12774	-0.283	0.283
  8272	0.136604	-0.283	0.283
  8273	0.118293	-0.283	0.283
  8274	0.133941	-0.283	0.283
  8275	0.0900962	-0.283	0.283
  8276	0.111514	-0.283	0.283
  8277	0.141118	-0.283	0.283
  8278	0.135809	-0.283	0.283
  8279	0.113718	-0.283	0.283
  8280	0.125294	-0.283	0.283
  8281	0.132507	-0.283	0.283
  8282	0.148226	-0.283	0.283
  8283	0.130629	-0.283	0.283
  8284	0.136473	-0.283	0.283
  8285	0.150449	-0.283	0.283
  8286	0.128876	-0.283	0.283
  8287	0.112866	-0.283	0.283
  8288	0.127164	-0.283	0.283
  8289	0.144322	-0.283	0.283
  8290	0.113742	-0.283	0.283
  8291	0.109362	-0.283	0.283
  8292	0.107926	-0.283	0.283
  8293	0.135093	-0.283	0.283
  8294	0.141325	-0.283	0.283
  8295	0.128745	-0.283	0.283
  8296	0.143994	-0.283	0.283
  8297	0.144091	-0.283	0.283
  8298	0.124496	-0.283	0.283
  8299	0.119038	-0.283	0.283
  8300	0.137534	-0.283	0.283
  8301	0.141843	-0.283	0.283
  8302	0.131676	-0.283	0.283
  8303	0.103707	-0.283	0.283
  8304	0.145511	-0.283	0.283
  8305	0.138983	-0.283	0.283
  8306	0.110194	-0.283	0.283
  8307	0.13384	-0.283	0.283
  8308	0.109926	-0.283	0.283
  8309	0.149809	-0.283	0.283
  8310	0.149665	-0.283	0.283
  8311	0.111817	-0.283	0.283
  8312	0.147444	-0.283	0.283
  8313	0.125719	-0.283	0.283
  8314	0.142886	-0.283	0.283
  8315	0.105006	-0.283	0.283
  8316	0.11999	-0.283	0.283
  8317	0.120769	-0.283	0.283
  8318	0.140479	-0.283	0.283
  8319	0.107672	-0.283	0.283
  8320	0.103771	-0.283	0.283
  8321	0.122501	-0.283	0.283
  8322	0.140895	-0.283	0.283
  8323	0.124848	-0.283	0.283
  8324	0.14516	-0.283	0.283
  8325	0.14025	-0.283	0.283
  8326	0.122087	-0.283	0.283
  8327	0.113282	-0.283	0.283
  8328	0.14067	-0.283	0.283
  8329	0.113809	-0.283	0.283
  8330	0.149814	-0.283	0.283
  8331	0.126325	-0.283	0.283
  8332	0.134014	-0.283	0.283
  8333	0.128621	-0.283	0.283
  8334	0.108299	-0.283	0.283
  8335	0.142391	-0.283	0.283
  8336	0.147992	-0.283	0.283
  8337	0.107061	-0.283	0.283
  8338	0.111781	-0.283	0.283
  8339	0.12768	-0.283	0.283
  8340	0.125301	-0.283	0.283
  8341	0.0935226	-0.283	0.283
  8342	0.113686	-0.283	0.283
  8343	0.143823	-0.283	0.283
  8344	0.14344	-0.283	0.283
  8345	0.14925	-0.283	0.283
  8346	0.125471	-0.283	0.283
  8347	0.139746	-0.283	0.283
  8348	0.107984	-0.283	0.283
  8349	0.116183	-0.283	0.283
  8350	0.096136	-0.283	0.283
  8351	0.112993	-0.283	0.283
  8352	0.122079	-0.283	0.283
  8353	0.149202	-0.283	0.283
  8354	0.109068	-0.283	0.283
  8355	0.132419	-0.283	0.283
  8356	0.113842	-0.283	0.283
  8357	0.105646	-0.283	0.283
  8358	0.146109	-0.283	0.283
  8359	0.143167	-0.283	0.283
  8360	0.112452	-0.283	0.283
  8361	0.135902	-0.283	0.283
  8362	0.145125	-0.283	0.283
  8363	0.143452	-0.283	0.283
  8364	0.11947	-0.283	0.283
  8365	0.141376	-0.283	0.283
  8366	0.120935	-0.283	0.283
  8367	0.145602	-0.283	0.283
  8368	0.134235	-0.283	0.283
  8369	0.135942	-0.283	0.283
  8370	0.101157	-0.283	0.283
  8371	0.078883	-0.283	0.283
  8372	0.133483	-0.283	0.283
  8373	0.146769	-0.283	0.283
  8374	0.115764	-0.283	0.283
  8375	0.118728	-0.283	0.283
  8376	0.149288	-0.283	0.283
  8377	0.120731	-0.283	0.283
  8378	0.113727	-0.283	0.283
  8379	0.137646	-0.283	0.283
  8380	0.134707	-0.283	0.283
  8381	0.130262	-0.283	0.283
  8382	0.126567	-0.283	0.283
  8383	0.125149	-0.283	0.283
  8384	0.132005	-0.283	0.283
  8385	0.131778	-0.283	0.283
  8386	0.0968354	-0.283	0.283
  8387	0.1394	-0.283	0.283
  8388	0.122658	-0.283	0.283
  8389	0.127343	-0.283	0.283
  8390	0.0971268	-0.283	0.283
  8391	0.132877	-0.283	0.283
  8392	0.128107	-0.283	0.283
  8393	0.14456	-0.283	0.283
  8394	0.10803	-0.283	0.283
  8395	0.101943	-0.283	0.283
  8396	0.109982	-0.283	0.283
  8397	0.122833	-0.283	0.283
  8398	0.131022	-0.283	0.283
  8399	0.113389	-0.283	0.283
  8400	0.122623	-0.283	0.283
  8401	0.130967	-0.283	0.283
  8402	0.148319	-0.283	0.283
  8403	0.0700325	-0.283	0.283
  8404	0.136286	-0.283	0.283
  8405	0.0927992	-0.283	0.283
  8406	0.119847	-0.283	0.283
  8407	0.121922	-0.283	0.283
  8408	0.146138	-0.283	0.283
  8409	0.132399	-0.283	0.283
  8410	0.104698	-0.283	0.283
  8411	0.134437	-0.283	0.283
  8412	0.146552	-0.283	0.283
  8413	0.148523	-0.283	0.283
  8414	0.118579	-0.283	0.283
  8415	0.13722	-0.283	0.283
  8416	0.1421	-0.283	0.283
  8417	0.140558	-0.283	0.283
  8418	0.136061	-0.283	0.283
  8419	0.0969161	-0.283	0.283
  8420	0.150269	-0.283	0.283
  8421	0.150939	-0.283	0.283
  8422	0.148992	-0.283	0.283
  8423	0.138253	-0.283	0.283
  8424	0.137178	-0.283	0.283
  8425	0.119756	-0.283	0.283
  8426	0.107273	-0.283	0.283
  8427	0.100789	-0.283	0.283
  8428	0.143698	-0.283	0.283
  8429	0.128642	-0.283	0.283
  8430	0.142283	-0.283	0.283
  8431	0.142392	-0.283	0.283
  8432	0.137262	-0.283	0.283
  8433	0.132834	-0.283	0.283
  8434	0.12272	-0.283	0.283
  8435	0.105245	-0.283	0.283
  8436	0.114433	-0.283	0.283
  8437	0.14733	-0.283	0.283
  8438	0.134131	-0.283	0.283
  8439	0.119311	-0.283	0.283
  8440	0.13305	-0.283	0.283
  8441	0.113697	-0.283	0.283
  8442	0.115626	-0.283	0.283
  8443	0.130051	-0.283	0.283
  8444	0.123236	-0.283	0.283
  8445	0.141308	-0.283	0.283
  8446	0.110872	-0.283	0.283
  8447	0.128348	-0.283	0.283
  8448	0.14908	-0.283	0.283
  8449	0.109473	-0.283	0.283
  8450	0.141748	-0.283	0.283
  8451	0.116058	-0.283	0.283
  8452	0.0918069	-0.283	0.283
  8453	0.147876	-0.283	0.283
  8454	0.113952	-0.283	0.283
  8455	0.0872789	-0.283	0.283
  8456	0.132631	-0.283	0.283
  8457	0.102881	-0.283	0.283
  8458	0.120256	-0.283	0.283
  8459	0.142147	-0.283	0.283
  8460	0.123561	-0.283	0.283
  8461	0.103521	-0.283	0.283
  8462	0.149385	-0.283	0.283
  8463	0.127814	-0.283	0.283
  8464	0.120407	-0.283	0.283
  8465	0.124313	-0.283	0.283
  8466	0.145673	-0.283	0.283
  8467	0.136278	-0.283	0.283
  8468	0.138713	-0.283	0.283
  8469	0.105528	-0.283	0.283
  8470	0.135795	-0.283	0.283
  8471	0.115022	-0.283	0.283
  8472	0.125458	-0.283	0.283
  8473	0.126011	-0.283	0.283
  8474	0.141163	-0.283	0.283
  8475	0.124381	-0.283	0.283
  8476	0.107289	-0.283	0.283
  8477	0.146061	-0.283	0.283
  8478	0.112305	-0.283	0.283
  8479	0.131409	-0.283	0.283
  8480	0.14466	-0.283	0.283
  8481	0.145107	-0.283	0.283
  8482	0.149121	-0.283	0.283
  8483	0.0894383	-0.283	0.283
  8484	0.0906053	-0.283	0.283
  8485	0.102461	-0.283	0.283
  8486	0.108541	-0.283	0.283
  8487	0.105436	-0.283	0.283
  8488	0.105323	-0.283	0.283
  8489	0.0939484	-0.283	0.283
  8490	0.145236	-0.283	0.283
  8491	0.145462	-0.283	0.283
  8492	0.135917	-0.283	0.283
  8493	0.122831	-0.283	0.283
  8494	0.11044	-0.283	0.283
  8495	0.147322	-0.283	0.283
  8496	0.0959822	-0.283	0.283
  8497	0.110663	-0.283	0.283
  8498	0.132937	-0.283	0.283
  8499	0.122117	-0.283	0.283
  8500	0.140708	-0.283	0.283
  8501	0.133831	-0.283	0.283
  8502	0.14519	-0.283	0.283
  8503	0.0995614	-0.283	0.283
  8504	0.150746	-0.283	0.283
  8505	0.114802	-0.283	0.283
  8506	0.142476	-0.283	0.283
  8507	0.148616	-0.283	0.283
  8508	0.147645	-0.283	0.283
  8509	0.148974	-0.283	0.283
  8510	0.0746087	-0.283	0.283
  8511	0.110293	-0.283	0.283
  8512	0.14552	-0.283	0.283
  8513	0.130448	-0.283	0.283
  8514	0.127547	-0.283	0.283
  8515	0.127915	-0.283	0.283
  8516	0.14884	-0.283	0.283
  8517	0.139265	-0.283	0.283
  8518	0.128255	-0.283	0.283
  8519	0.14891	-0.283	0.283
  8520	0.136094	-0.283	0.283
  8521	0.135878	-0.283	0.283
  8522	0.121116	-0.283	0.283
  8523	0.06956	-0.283	0.283
  8524	0.149087	-0.283	0.283
  8525	0.14488	-0.283	0.283
  8526	0.114769	-0.283	0.283
  8527	0.115472	-0.283	0.283
  8528	0.123695	-0.283	0.283
  8529	0.146285	-0.283	0.283
  8530	0.142551	-0.283	0.283
  8531	0.148387	-0.283	0.283
  8532	0.117734	-0.283	0.283
  8533	0.138259	-0.283	0.283
  8534	0.107519	-0.283	0.283
  8535	0.145404	-0.283	0.283
  8536	0.115668	-0.283	0.283
  8537	0.124551	-0.283	0.283
  8538	0.10998	-0.283	0.283
  8539	0.126396	-0.283	0.283
  8540	0.0823278	-0.283	0.283
  8541	0.132668	-0.283	0.283
  8542	0.139748	-0.283	0.283
  8543	0.13807	-0.283	0.283
  8544	0.135278	-0.283	0.283
  8545	0.12046	-0.283	0.283
  8546	0.145219	-0.283	0.283
  8547	0.137955	-0.283	0.283
  8548	0.10749	-0.283	0.283
  8549	0.134472	-0.283	0.283
  8550	0.141735	-0.283	0.283
  8551	0.139492	-0.283	0.283
  8552	0.128079	-0.283	0.283
  8553	0.130088	-0.283	0.283
  8554	0.113888	-0.283	0.283
  8555	0.124214	-0.283	0.283
  8556	0.144363	-0.283	0.283
  8557	0.0981083	-0.283	0.283
  8558	0.120631	-0.283	0.283
  8559	0.074472	-0.283	0.283
  8560	0.127559	-0.283	0.283
  8561	0.150285	-0.283	0.283
  8562	0.0984237	-0.283	0.283
  8563	0.126113	-0.283	0.283
  8564	0.13306	-0.283	0.283
  8565	0.110017	-0.283	0.283
  8566	0.123743	-0.283	0.283
  8567	0.149998	-0.283	0.283
  8568	0.107339	-0.283	0.283
  8569	0.12051	-0.283	0.283
  8570	0.139363	-0.283	0.283
  8571	0.134411	-0.283	0.283
  8572	0.145356	-0.283	0.283
  8573	0.124188	-0.283	0.283
  8574	0.0985232	-0.283	0.283
  8575	0.114091	-0.283	0.283
  8576	0.134107	-0.283	0.283
  8577	0.108959	-0.283	0.283
  8578	0.136107	-0.283	0.283
  8579	0.134042	-0.283	0.283
  8580	0.102372	-0.283	0.283
  8581	0.142475	-0.283	0.283
  8582	0.124395	-0.283	0.283
  8583	0.137682	-0.283	0.283
  8584	0.136213	-0.283	0.283
  8585	0.143847	-0.283	0.283
  8586	0.100506	-0.283	0.283
  8587	0.141658	-0.283	0.283
  8588	0.112943	-0.283	0.283
  8589	0.137208	-0.283	0.283
  8590	0.129872	-0.283	0.283
  8591	0.142861	-0.283	0.283
  8592	0.0686309	-0.283	0.283
  8593	0.140871	-0.283	0.283
  8594	0.142082	-0.283	0.283
  8595	0.116903	-0.283	0.283
  8596	0.121053	-0.283	0.283
  8597	0.0919348	-0.283	0.283
  8598	0.133324	-0.283	0.283
  8599	0.119941	-0.283	0.283
  8600	0.0711708	-0.283	0.283
  8601	0.148701	-0.283	0.283
  8602	0.125399	-0.283	0.283
  8603	0.130322	-0.283	0.283
  8604	0.127934	-0.283	0.283
  8605	0.147272	-0.283	0.283
  8606	0.108784	-0.283	0.283
  8607	0.136585	-0.283	0.283
  8608	0.118937	-0.283	0.283
  8609	0.138252	-0.283	0.283
  8610	0.107034	-0.283	0.283
  8611	0.140168	-0.283	0.283
  8612	0.118607	-0.283	0.283
  8613	0.123436	-0.283	0.283
  8614	0.124163	-0.283	0.283
  8615	0.142795	-0.283	0.283
  8616	0.0694794	-0.283	0.283
  8617	0.124743	-0.283	0.283
  8618	0.115631	-0.283	0.283
  8619	0.128387	-0.283	0.283
  8620	0.0991946	-0.283	0.283
  8621	0.140261	-0.283	0.283
  8622	0.132866	-0.283	0.283
  8623	0.138174	-0.283	0.283
  8624	0.146107	-0.283	0.283
  8625	0.103332	-0.283	0.283
  8626	0.12854	-0.283	0.283
  8627	0.141507	-0.283	0.283
  8628	0.0648408	-0.283	0.283
  8629	0.124176	-0.283	0.283
  8630	0.139367	-0.283	0.283
  8631	0.110134	-0.283	0.283
  8632	0.0711383	-0.283	0.283
  8633	0.135463	-0.283	0.283
  8634	0.13306	-0.283	0.283
  8635	0.131027	-0.283	0.283
  8636	0.150186	-0.283	0.283
  8637	0.118521	-0.283	0.283
  8638	0.111123	-0.283	0.283
  8639	0.139841	-0.283	0.283
  8640	0.137782	-0.283	0.283
  8641	0.137395	-0.283	0.283
  8642	0.131876	-0.283	0.283
  8643	0.142443	-0.283	0.283
  8644	0.141362	-0.283	0.283
  8645	0.137481	-0.283	0.283
  8646	0.115328	-0.283	0.283
  8647	0.115385	-0.283	0.283
  8648	0.115222	-0.283	0.283
  8649	0.117967	-0.283	0.283
  8650	0.131001	-0.283	0.283
  8651	0.120978	-0.283	0.283
  8652	0.0848919	-0.283	0.283
  8653	0.131518	-0.283	0.283
  8654	0.120867	-0.283	0.283
  8655	0.122506	-0.283	0.283
  8656	0.118776	-0.283	0.283
  8657	0.133271	-0.283	0.283
  8658	0.105462	-0.283	0.283
  8659	0.141905	-0.283	0.283
  8660	0.120503	-0.283	0.283
  8661	0.141299	-0.283	0.283
  8662	0.132757	-0.283	0.283
  8663	0.127605	-0.283	0.283
  8664	0.141729	-0.283	0.283
  8665	0.148237	-0.283	0.283
  8666	0.110282	-0.283	0.283
  8667	0.116441	-0.283	0.283
  8668	0.147934	-0.283	0.283
  8669	0.102179	-0.283	0.283
  8670	0.140211	-0.283	0.283
  8671	0.118435	-0.283	0.283
  8672	0.126018	-0.283	0.283
  8673	0.147441	-0.283	0.283
  8674	0.129476	-0.283	0.283
  8675	0.120249	-0.283	0.283
  8676	0.129947	-0.283	0.283
  8677	0.1438	-0.283	0.283
  8678	0.125577	-0.283	0.283
  8679	0.150003	-0.283	0.283
  8680	0.104098	-0.283	0.283
  8681	0.144157	-0.283	0.283
  8682	0.125391	-0.283	0.283
  8683	0.14102	-0.283	0.283
  8684	0.11333	-0.283	0.283
  8685	0.146845	-0.283	0.283
  8686	0.134185	-0.283	0.283
  8687	0.138974	-0.283	0.283
  8688	0.129326	-0.283	0.283
  8689	0.132734	-0.283	0.283
  8690	0.124045	-0.283	0.283
  8691	0.143863	-0.283	0.283
  8692	0.101102	-0.283	0.283
  8693	0.12555	-0.283	0.283
  8694	0.143059	-0.283	0.283
  8695	0.138466	-0.283	0.283
  8696	0.126886	-0.283	0.283
  8697	0.139619	-0.283	0.283
  8698	0.114161	-0.283	0.283
  8699	0.131604	-0.283	0.283
  8700	0.127225	-0.283	0.283
  8701	0.147869	-0.283	0.283
  8702	0.131876	-0.283	0.283
  8703	0.143805	-0.283	0.283
  8704	0.111591	-0.283	0.283
  8705	0.120031	-0.283	0.283
  8706	0.137963	-0.283	0.283
  8707	0.113558	-0.283	0.283
  8708	0.0973191	-0.283	0.283
  8709	0.127838	-0.283	0.283
  8710	0.131303	-0.283	0.283
  8711	0.144509	-0.283	0.283
  8712	0.113173	-0.283	0.283
  8713	0.136659	-0.283	0.283
  8714	0.140621	-0.283	0.283
  8715	0.0987043	-0.283	0.283
  8716	0.0743923	-0.283	0.283
  8717	0.114658	-0.283	0.283
  8718	0.131961	-0.283	0.283
  8719	0.0814646	-0.283	0.283
  8720	0.117775	-0.283	0.283
  8721	0.144801	-0.283	0.283
  8722	0.11766	-0.283	0.283
  8723	0.148224	-0.283	0.283
  8724	0.121292	-0.283	0.283
  8725	0.0924053	-0.283	0.283
  8726	0.135906	-0.283	0.283
  8727	0.10344	-0.283	0.283
  8728	0.123316	-0.283	0.283
  8729	0.109534	-0.283	0.283
  8730	0.12261	-0.283	0.283
  8731	0.145534	-0.283	0.283
  8732	0.133813	-0.283	0.283
  8733	0.143779	-0.283	0.283
  8734	0.14521	-0.283	0.283
  8735	0.0820858	-0.283	0.283
  8736	0.102753	-0.283	0.283
  8737	0.145315	-0.283	0.283
  8738	0.147982	-0.283	0.283
  8739	0.13241	-0.283	0.283
  8740	0.150006	-0.283	0.283
  8741	0.142848	-0.283	0.283
  8742	0.143863	-0.283	0.283
  8743	0.0991979	-0.283	0.283
  8744	0.125303	-0.283	0.283
  8745	0.102823	-0.283	0.283
  8746	0.143734	-0.283	0.283
  8747	0.147308	-0.283	0.283
  8748	0.138685	-0.283	0.283
  8749	0.123467	-0.283	0.283
  8750	0.146921	-0.283	0.283
  8751	0.123033	-0.283	0.283
  8752	0.142786	-0.283	0.283
  8753	0.108758	-0.283	0.283
  8754	0.115984	-0.283	0.283
  8755	0.128777	-0.283	0.283
  8756	0.133513	-0.283	0.283
  8757	0.141023	-0.283	0.283
  8758	0.133956	-0.283	0.283
  8759	0.12871	-0.283	0.283
  8760	0.140758	-0.283	0.283
  8761	0.127537	-0.283	0.283
  8762	0.124016	-0.283	0.283
  8763	0.12517	-0.283	0.283
  8764	0.128658	-0.283	0.283
  8765	0.0774057	-0.283	0.283
  8766	0.116847	-0.283	0.283
  8767	0.130616	-0.283	0.283
  8768	0.142738	-0.283	0.283
  8769	0.124328	-0.283	0.283
  8770	0.147303	-0.283	0.283
  8771	0.147338	-0.283	0.283
  8772	0.107063	-0.283	0.283
  8773	0.145756	-0.283	0.283
  8774	0.0796797	-0.283	0.283
  8775	0.103293	-0.283	0.283
  8776	0.136521	-0.283	0.283
  8777	0.134022	-0.283	0.283
  8778	0.124675	-0.283	0.283
  8779	0.0918689	-0.283	0.283
  8780	0.1101	-0.283	0.283
  8781	0.118539	-0.283	0.283
  8782	0.124049	-0.283	0.283
  8783	0.144184	-0.283	0.283
  8784	0.116469	-0.283	0.283
  8785	0.0992379	-0.283	0.283
  8786	0.139828	-0.283	0.283
  8787	0.141431	-0.283	0.283
  8788	0.11175	-0.283	0.283
  8789	0.140364	-0.283	0.283
  8790	0.13357	-0.283	0.283
  8791	0.129455	-0.283	0.283
  8792	0.142915	-0.283	0.283
  8793	0.111088	-0.283	0.283
  8794	0.0800064	-0.283	0.283
  8795	0.0860703	-0.283	0.283
  8796	0.124751	-0.283	0.283
  8797	0.136551	-0.283	0.283
  8798	0.126085	-0.283	0.283
  8799	0.136253	-0.283	0.283
  8800	0.124184	-0.283	0.283
  8801	0.0939505	-0.283	0.283
  8802	0.150059	-0.283	0.283
  8803	0.149051	-0.283	0.283
  8804	0.132415	-0.283	0.283
  8805	0.1361	-0.283	0.283
  8806	0.146991	-0.283	0.283
  8807	0.126859	-0.283	0.283
  8808	0.129227	-0.283	0.283
  8809	0.106342	-0.283	0.283
  8810	0.139018	-0.283	0.283
  8811	0.119769	-0.283	0.283
  8812	0.114318	-0.283	0.283
  8813	0.0939721	-0.283	0.283
  8814	0.129291	-0.283	0.283
  8815	0.0884831	-0.283	0.283
  8816	0.12049	-0.283	0.283
  8817	0.141284	-0.283	0.283
  8818	0.110895	-0.283	0.283
  8819	0.14623	-0.283	0.283
  8820	0.142647	-0.283	0.283
  8821	0.111163	-0.283	0.283
  8822	0.127105	-0.283	0.283
  8823	0.117982	-0.283	0.283
  8824	0.119262	-0.283	0.283
  8825	0.123825	-0.283	0.283
  8826	0.076591	-0.283	0.283
  8827	0.127937	-0.283	0.283
  8828	0.130637	-0.283	0.283
  8829	0.121961	-0.283	0.283
  8830	0.148398	-0.283	0.283
  8831	0.130395	-0.283	0.283
  8832	0.136285	-0.283	0.283
  8833	0.138241	-0.283	0.283
  8834	0.124207	-0.283	0.283
  8835	0.131712	-0.283	0.283
  8836	0.139509	-0.283	0.283
  8837	0.140179	-0.283	0.283
  8838	0.114987	-0.283	0.283
  8839	0.139068	-0.283	0.283
  8840	0.0940049	-0.283	0.283
  8841	0.142358	-0.283	0.283
  8842	0.139822	-0.283	0.283
  8843	0.146833	-0.283	0.283
  8844	0.142611	-0.283	0.283
  8845	0.135803	-0.283	0.283
  8846	0.119348	-0.283	0.283
  8847	0.121464	-0.283	0.283
  8848	0.117547	-0.283	0.283
  8849	0.107763	-0.283	0.283
  8850	0.0949256	-0.283	0.283
  8851	0.108471	-0.283	0.283
  8852	0.145748	-0.283	0.283
  8853	0.134904	-0.283	0.283
  8854	0.141141	-0.283	0.283
  8855	0.140919	-0.283	0.283
  8856	0.113989	-0.283	0.283
  8857	0.139065	-0.283	0.283
  8858	0.0935901	-0.283	0.283
  8859	0.143083	-0.283	0.283
  8860	0.138792	-0.283	0.283
  8861	0.133988	-0.283	0.283
  8862	0.108142	-0.283	0.283
  8863	0.131874	-0.283	0.283
  8864	0.148419	-0.283	0.283
  8865	0.143481	-0.283	0.283
  8866	0.148222	-0.283	0.283
  8867	0.141054	-0.283	0.283
  8868	0.12464	-0.283	0.283
  8869	0.123797	-0.283	0.283
  8870	0.128024	-0.283	0.283
  8871	0.144589	-0.283	0.283
  8872	0.124408	-0.283	0.283
  8873	0.147513	-0.283	0.283
  8874	0.148043	-0.283	0.283
  8875	0.108155	-0.283	0.283
  8876	0.103349	-0.283	0.283
  8877	0.105201	-0.283	0.283
  8878	0.12568	-0.283	0.283
  8879	0.149247	-0.283	0.283
  8880	0.0714669	-0.283	0.283
  8881	0.132213	-0.283	0.283
  8882	0.148417	-0.283	0.283
  8883	0.145115	-0.283	0.283
  8884	0.137084	-0.283	0.283
  8885	0.137796	-0.283	0.283
  8886	0.0694091	-0.283	0.283
  8887	0.109875	-0.283	0.283
  8888	0.134081	-0.283	0.283
  8889	0.0798461	-0.283	0.283
  8890	0.137142	-0.283	0.283
  8891	0.115043	-0.283	0.283
  8892	0.134801	-0.283	0.283
  8893	0.0911958	-0.283	0.283
  8894	0.0967953	-0.283	0.283
  8895	0.130559	-0.283	0.283
  8896	0.111661	-0.283	0.283
  8897	0.0996171	-0.283	0.283
  8898	0.123209	-0.283	0.283
  8899	0.135622	-0.283	0.283
  8900	0.0839437	-0.283	0.283
  8901	0.115521	-0.283	0.283
  8902	0.110877	-0.283	0.283
  8903	0.107898	-0.283	0.283
  8904	0.149045	-0.283	0.283
  8905	0.128897	-0.283	0.283
  8906	0.108961	-0.283	0.283
  8907	0.0899384	-0.283	0.283
  8908	0.113663	-0.283	0.283
  8909	0.137388	-0.283	0.283
  8910	0.134635	-0.283	0.283
  8911	0.139904	-0.283	0.283
  8912	0.130058	-0.283	0.283
  8913	0.10022	-0.283	0.283
  8914	0.118714	-0.283	0.283
  8915	0.14849	-0.283	0.283
  8916	0.0824008	-0.283	0.283
  8917	0.136159	-0.283	0.283
  8918	0.120053	-0.283	0.283
  8919	0.135888	-0.283	0.283
  8920	0.150879	-0.283	0.283
  8921	0.121994	-0.283	0.283
  8922	0.148853	-0.283	0.283
  8923	0.133001	-0.283	0.283
  8924	0.151342	-0.283	0.283
  8925	0.14439	-0.283	0.283
  8926	0.136794	-0.283	0.283
  8927	0.149202	-0.283	0.283
  8928	0.098306	-0.283	0.283
  8929	0.112896	-0.283	0.283
  8930	0.144168	-0.283	0.283
  8931	0.124588	-0.283	0.283
  8932	0.132545	-0.283	0.283
  8933	0.146591	-0.283	0.283
  8934	0.137472	-0.283	0.283
  8935	0.116216	-0.283	0.283
  8936	0.139912	-0.283	0.283
  8937	0.141203	-0.283	0.283
  8938	0.114489	-0.283	0.283
  8939	0.11535	-0.283	0.283
  8940	0.133558	-0.283	0.283
  8941	0.148319	-0.283	0.283
  8942	0.146902	-0.283	0.283
  8943	0.125843	-0.283	0.283
  8944	0.144851	-0.283	0.283
  8945	0.104753	-0.283	0.283
  8946	0.136529	-0.283	0.283
  8947	0.109235	-0.283	0.283
  8948	0.139247	-0.283	0.283
  8949	0.125405	-0.283	0.283
  8950	0.134376	-0.283	0.283
  8951	0.126165	-0.283	0.283
  8952	0.147947	-0.283	0.283
  8953	0.145887	-0.283	0.283
  8954	0.146829	-0.283	0.283
  8955	0.132461	-0.283	0.283
  8956	0.108871	-0.283	0.283
  8957	0.075923	-0.283	0.283
  8958	0.0830451	-0.283	0.283
  8959	0.137696	-0.283	0.283
  8960	0.133995	-0.283	0.283
  8961	0.124253	-0.283	0.283
  8962	0.132785	-0.283	0.283
  8963	0.139119	-0.283	0.283
  8964	0.13502	-0.283	0.283
  8965	0.124258	-0.283	0.283
  8966	0.130521	-0.283	0.283
  8967	0.127034	-0.283	0.283
  8968	0.112772	-0.283	0.283
  8969	0.118751	-0.283	0.283
  8970	0.143487	-0.283	0.283
  8971	0.150115	-0.283	0.283
  8972	0.14237	-0.283	0.283
  8973	0.141201	-0.283	0.283
  8974	0.119692	-0.283	0.283
  8975	0.14113	-0.283	0.283
  8976	0.116265	-0.283	0.283
  8977	0.136391	-0.283	0.283
  8978	0.126373	-0.283	0.283
  8979	0.117198	-0.283	0.283
  8980	0.139993	-0.283	0.283
  8981	0.145411	-0.283	0.283
  8982	0.14172	-0.283	0.283
  8983	0.132199	-0.283	0.283
  8984	0.108635	-0.283	0.283
  8985	0.127984	-0.283	0.283
  8986	0.136699	-0.283	0.283
  8987	0.131239	-0.283	0.283
  8988	0.130403	-0.283	0.283
  8989	0.147263	-0.283	0.283
  8990	0.0935392	-0.283	0.283
  8991	0.147561	-0.283	0.283
  8992	0.142452	-0.283	0.283
  8993	0.0925168	-0.283	0.283
  8994	0.138465	-0.283	0.283
  8995	0.126805	-0.283	0.283
  8996	0.109524	-0.283	0.283
  8997	0.141146	-0.283	0.283
  8998	0.133928	-0.283	0.283
  8999	0.10821	-0.283	0.283
  9000	0.0912584	-0.283	0.283
  9001	0.0928408	-0.283	0.283
  9002	0.0990871	-0.283	0.283
  9003	0.143782	-0.283	0.283
  9004	0.0818023	-0.283	0.283
  9005	0.148993	-0.283	0.283
  9006	0.146523	-0.283	0.283
  9007	0.118378	-0.283	0.283
  9008	0.137419	-0.283	0.283
  9009	0.102025	-0.283	0.283
  9010	0.125059	-0.283	0.283
  9011	0.12931	-0.283	0.283
  9012	0.116263	-0.283	0.283
  9013	0.128506	-0.283	0.283
  9014	0.0958947	-0.283	0.283
  9015	0.142623	-0.283	0.283
  9016	0.114121	-0.283	0.283
  9017	0.150647	-0.283	0.283
  9018	0.13956	-0.283	0.283
  9019	0.147491	-0.283	0.283
  9020	0.147306	-0.283	0.283
  9021	0.142722	-0.283	0.283
  9022	0.0803692	-0.283	0.283
  9023	0.127286	-0.283	0.283
  9024	0.138296	-0.283	0.283
  9025	0.11475	-0.283	0.283
  9026	0.141301	-0.283	0.283
  9027	0.142923	-0.283	0.283
  9028	0.146038	-0.283	0.283
  9029	0.144753	-0.283	0.283
  9030	0.0941522	-0.283	0.283
  9031	0.12769	-0.283	0.283
  9032	0.115981	-0.283	0.283
  9033	0.131194	-0.283	0.283
  9034	0.115976	-0.283	0.283
  9035	0.127092	-0.283	0.283
  9036	0.145133	-0.283	0.283
  9037	0.143346	-0.283	0.283
  9038	0.0737237	-0.283	0.283
  9039	0.0944042	-0.283	0.283
  9040	0.102552	-0.283	0.283
  9041	0.123647	-0.283	0.283
  9042	0.127557	-0.283	0.283
  9043	0.102981	-0.283	0.283
  9044	0.142036	-0.283	0.283
  9045	0.104136	-0.283	0.283
  9046	0.135029	-0.283	0.283
  9047	0.0963638	-0.283	0.283
  9048	0.0816381	-0.283	0.283
  9049	0.146945	-0.283	0.283
  9050	0.107346	-0.283	0.283
  9051	0.128257	-0.283	0.283
  9052	0.140426	-0.283	0.283
  9053	0.14654	-0.283	0.283
  9054	0.105448	-0.283	0.283
  9055	0.132533	-0.283	0.283
  9056	0.126653	-0.283	0.283
  9057	0.120224	-0.283	0.283
  9058	0.14743	-0.283	0.283
  9059	0.13911	-0.283	0.283
  9060	0.139393	-0.283	0.283
  9061	0.065111	-0.283	0.283
  9062	0.148549	-0.283	0.283
  9063	0.111058	-0.283	0.283
  9064	0.1476	-0.283	0.283
  9065	0.135405	-0.283	0.283
  9066	0.117503	-0.283	0.283
  9067	0.146564	-0.283	0.283
  9068	0.130427	-0.283	0.283
  9069	0.148418	-0.283	0.283
  9070	0.083587	-0.283	0.283
  9071	0.11854	-0.283	0.283
  9072	0.142613	-0.283	0.283
  9073	0.119804	-0.283	0.283
  9074	0.137049	-0.283	0.283
  9075	0.0856924	-0.283	0.283
  9076	0.143424	-0.283	0.283
  9077	0.0691289	-0.283	0.283
  9078	0.14299	-0.283	0.283
  9079	0.112543	-0.283	0.283
  9080	0.150677	-0.283	0.283
  9081	0.109391	-0.283	0.283
  9082	0.142559	-0.283	0.283
  9083	0.143899	-0.283	0.283
  9084	0.114678	-0.283	0.283
  9085	0.137712	-0.283	0.283
  9086	0.149926	-0.283	0.283
  9087	0.124282	-0.283	0.283
  9088	0.146723	-0.283	0.283
  9089	0.123566	-0.283	0.283
  9090	0.130836	-0.283	0.283
  9091	0.149284	-0.283	0.283
  9092	0.115202	-0.283	0.283
  9093	0.132609	-0.283	0.283
  9094	0.132062	-0.283	0.283
  9095	0.123527	-0.283	0.283
  9096	0.126463	-0.283	0.283
  9097	0.133423	-0.283	0.283
  9098	0.14052	-0.283	0.283
  9099	0.14019	-0.283	0.283
  9100	0.147953	-0.283	0.283
  9101	0.126994	-0.283	0.283
  9102	0.143727	-0.283	0.283
  9103	0.147556	-0.283	0.283
  9104	0.117221	-0.283	0.283
  9105	0.139754	-0.283	0.283
  9106	0.0774191	-0.283	0.283
  9107	0.141748	-0.283	0.283
  9108	0.1396	-0.283	0.283
  9109	0.139815	-0.283	0.283
  9110	0.137879	-0.283	0.283
  9111	0.102231	-0.283	0.283
  9112	0.116305	-0.283	0.283
  9113	0.137926	-0.283	0.283
  9114	0.143136	-0.283	0.283
  9115	0.130841	-0.283	0.283
  9116	0.100221	-0.283	0.283
  9117	0.147498	-0.283	0.283
  9118	0.141565	-0.283	0.283
  9119	0.13454	-0.283	0.283
  9120	0.117244	-0.283	0.283
  9121	0.127631	-0.283	0.283
  9122	0.0789529	-0.283	0.283
  9123	0.100628	-0.283	0.283
  9124	0.124164	-0.283	0.283
  9125	0.108818	-0.283	0.283
  9126	0.144347	-0.283	0.283
  9127	0.110208	-0.283	0.283
  9128	0.136241	-0.283	0.283
  9129	0.110314	-0.283	0.283
  9130	0.131495	-0.283	0.283
  9131	0.147924	-0.283	0.283
  9132	0.148385	-0.283	0.283
  9133	0.135434	-0.283	0.283
  9134	0.12392	-0.283	0.283
  9135	0.14671	-0.283	0.283
  9136	0.135833	-0.283	0.283
  9137	0.134119	-0.283	0.283
  9138	0.117411	-0.283	0.283
  9139	0.0963526	-0.283	0.283
  9140	0.0991709	-0.283	0.283
  9141	0.120521	-0.283	0.283
  9142	0.147769	-0.283	0.283
  9143	0.10176	-0.283	0.283
  9144	0.126506	-0.283	0.283
  9145	0.112218	-0.283	0.283
  9146	0.138373	-0.283	0.283
  9147	0.132685	-0.283	0.283
  9148	0.0911585	-0.283	0.283
  9149	0.0868985	-0.283	0.283
  9150	0.107626	-0.283	0.283
  9151	0.133187	-0.283	0.283
  9152	0.148129	-0.283	0.283
  9153	0.145321	-0.283	0.283
  9154	0.150711	-0.283	0.283
  9155	0.130732	-0.283	0.283
  9156	0.140556	-0.283	0.283
  9157	0.144668	-0.283	0.283
  9158	0.117338	-0.283	0.283
  9159	0.121693	-0.283	0.283
  9160	0.118541	-0.283	0.283
  9161	0.118416	-0.283	0.283
  9162	0.104457	-0.283	0.283
  9163	0.0789456	-0.283	0.283
  9164	0.119066	-0.283	0.283
  9165	0.129767	-0.283	0.283
  9166	0.144466	-0.283	0.283
  9167	0.112848	-0.283	0.283
  9168	0.112741	-0.283	0.283
  9169	0.1357	-0.283	0.283
  9170	0.0941248	-0.283	0.283
  9171	0.107724	-0.283	0.283
  9172	0.136939	-0.283	0.283
  9173	0.126366	-0.283	0.283
  9174	0.138401	-0.283	0.283
  9175	0.120116	-0.283	0.283
  9176	0.0842257	-0.283	0.283
  9177	0.145233	-0.283	0.283
  9178	0.129756	-0.283	0.283
  9179	0.130655	-0.283	0.283
  9180	0.145527	-0.283	0.283
  9181	0.0662423	-0.283	0.283
  9182	0.126983	-0.283	0.283
  9183	0.119476	-0.283	0.283
  9184	0.140814	-0.283	0.283
  9185	0.130297	-0.283	0.283
  9186	0.138904	-0.283	0.283
  9187	0.141159	-0.283	0.283
  9188	0.117312	-0.283	0.283
  9189	0.125314	-0.283	0.283
  9190	0.0722222	-0.283	0.283
  9191	0.14713	-0.283	0.283
  9192	0.128219	-0.283	0.283
  9193	0.110574	-0.283	0.283
  9194	0.142324	-0.283	0.283
  9195	0.120906	-0.283	0.283
  9196	0.106507	-0.283	0.283
  9197	0.145128	-0.283	0.283
  9198	0.137618	-0.283	0.283
  9199	0.142896	-0.283	0.283
  9200	0.125617	-0.283	0.283
  9201	0.144093	-0.283	0.283
  9202	0.115215	-0.283	0.283
  9203	0.113412	-0.283	0.283
  9204	0.107996	-0.283	0.283
  9205	0.145103	-0.283	0.283
  9206	0.134808	-0.283	0.283
  9207	0.147069	-0.283	0.283
  9208	0.141033	-0.283	0.283
  9209	0.148716	-0.283	0.283
  9210	0.138129	-0.283	0.283
  9211	0.141447	-0.283	0.283
  9212	0.136431	-0.283	0.283
  9213	0.135584	-0.283	0.283
  9214	0.131757	-0.283	0.283
  9215	0.142873	-0.283	0.283
  9216	0.13819	-0.283	0.283
  9217	0.119239	-0.283	0.283
  9218	0.131395	-0.283	0.283
  9219	0.12548	-0.283	0.283
  9220	0.145793	-0.283	0.283
  9221	0.136576	-0.283	0.283
  9222	0.130741	-0.283	0.283
  9223	0.146131	-0.283	0.283
  9224	0.113383	-0.283	0.283
  9225	0.149145	-0.283	0.283
  9226	0.134995	-0.283	0.283
  9227	0.120361	-0.283	0.283
  9228	0.123685	-0.283	0.283
  9229	0.115962	-0.283	0.283
  9230	0.12488	-0.283	0.283
  9231	0.14437	-0.283	0.283
  9232	0.136748	-0.283	0.283
  9233	0.114848	-0.283	0.283
  9234	0.145874	-0.283	0.283
  9235	0.128518	-0.283	0.283
  9236	0.145049	-0.283	0.283
  9237	0.105526	-0.283	0.283
  9238	0.132117	-0.283	0.283
  9239	0.113538	-0.283	0.283
  9240	0.144503	-0.283	0.283
  9241	0.133139	-0.283	0.283
  9242	0.132366	-0.283	0.283
  9243	0.122766	-0.283	0.283
  9244	0.113419	-0.283	0.283
  9245	0.148061	-0.283	0.283
  9246	0.11168	-0.283	0.283
  9247	0.140903	-0.283	0.283
  9248	0.1162	-0.283	0.283
  9249	0.145795	-0.283	0.283
  9250	0.147458	-0.283	0.283
  9251	0.127863	-0.283	0.283
  9252	0.126744	-0.283	0.283
  9253	0.127894	-0.283	0.283
  9254	0.148506	-0.283	0.283
  9255	0.117312	-0.283	0.283
  9256	0.112674	-0.283	0.283
  9257	0.136169	-0.283	0.283
  9258	0.136179	-0.283	0.283
  9259	0.142148	-0.283	0.283
  9260	0.134682	-0.283	0.283
  9261	0.132363	-0.283	0.283
  9262	0.0928532	-0.283	0.283
  9263	0.10025	-0.283	0.283
  9264	0.145914	-0.283	0.283
  9265	0.117487	-0.283	0.283
  9266	0.1302	-0.283	0.283
  9267	0.12506	-0.283	0.283
  9268	0.130238	-0.283	0.283
  9269	0.139124	-0.283	0.283
  9270	0.133845	-0.283	0.283
  9271	0.138632	-0.283	0.283
  9272	0.144359	-0.283	0.283
  9273	0.119267	-0.283	0.283
  9274	0.119114	-0.283	0.283
  9275	0.11551	-0.283	0.283
  9276	0.125796	-0.283	0.283
  9277	0.12697	-0.283	0.283
  9278	0.148454	-0.283	0.283
  9279	0.109835	-0.283	0.283
  9280	0.0998349	-0.283	0.283
  9281	0.129116	-0.283	0.283
  9282	0.147286	-0.283	0.283
  9283	0.146434	-0.283	0.283
  9284	0.125084	-0.283	0.283
  9285	0.101529	-0.283	0.283
  9286	0.139725	-0.283	0.283
  9287	0.130027	-0.283	0.283
  9288	0.143391	-0.283	0.283
  9289	0.143514	-0.283	0.283
  9290	0.140334	-0.283	0.283
  9291	0.146351	-0.283	0.283
  9292	0.133848	-0.283	0.283
  9293	0.11198	-0.283	0.283
  9294	0.0909482	-0.283	0.283
  9295	0.0979082	-0.283	0.283
  9296	0.141426	-0.283	0.283
  9297	0.149111	-0.283	0.283
  9298	0.126217	-0.283	0.283
  9299	0.135534	-0.283	0.283
  9300	0.127591	-0.283	0.283
  9301	0.111234	-0.283	0.283
  9302	0.140653	-0.283	0.283
  9303	0.137436	-0.283	0.283
  9304	0.100645	-0.283	0.283
  9305	0.110965	-0.283	0.283
  9306	0.133692	-0.283	0.283
  9307	0.148708	-0.283	0.283
  9308	0.140163	-0.283	0.283
  9309	0.137248	-0.283	0.283
  9310	0.0941079	-0.283	0.283
  9311	0.118473	-0.283	0.283
  9312	0.150152	-0.283	0.283
  9313	0.128452	-0.283	0.283
  9314	0.129484	-0.283	0.283
  9315	0.150977	-0.283	0.283
  9316	0.133519	-0.283	0.283
  9317	0.143048	-0.283	0.283
  9318	0.127654	-0.283	0.283
  9319	0.0918748	-0.283	0.283
  9320	0.0957909	-0.283	0.283
  9321	0.137382	-0.283	0.283
  9322	0.108745	-0.283	0.283
  9323	0.137678	-0.283	0.283
  9324	0.112974	-0.283	0.283
  9325	0.103755	-0.283	0.283
  9326	0.0966407	-0.283	0.283
  9327	0.140275	-0.283	0.283
  9328	0.132993	-0.283	0.283
  9329	0.116362	-0.283	0.283
  9330	0.110143	-0.283	0.283
  9331	0.11938	-0.283	0.283
  9332	0.135231	-0.283	0.283
  9333	0.117412	-0.283	0.283
  9334	0.121912	-0.283	0.283
  9335	0.150943	-0.283	0.283
  9336	0.113858	-0.283	0.283
  9337	0.144887	-0.283	0.283
  9338	0.12793	-0.283	0.283
  9339	0.118783	-0.283	0.283
  9340	0.138649	-0.283	0.283
  9341	0.1326	-0.283	0.283
  9342	0.14675	-0.283	0.283
  9343	0.142719	-0.283	0.283
  9344	0.118296	-0.283	0.283
  9345	0.121419	-0.283	0.283
  9346	0.0933935	-0.283	0.283
  9347	0.125032	-0.283	0.283
  9348	0.14804	-0.283	0.283
  9349	0.141093	-0.283	0.283
  9350	0.139805	-0.283	0.283
  9351	0.150291	-0.283	0.283
  9352	0.138522	-0.283	0.283
  9353	0.101266	-0.283	0.283
  9354	0.113127	-0.283	0.283
  9355	0.130541	-0.283	0.283
  9356	0.087898	-0.283	0.283
  9357	0.130421	-0.283	0.283
  9358	0.136394	-0.283	0.283
  9359	0.133088	-0.283	0.283
  9360	0.148498	-0.283	0.283
  9361	0.141894	-0.283	0.283
  9362	0.140347	-0.283	0.283
  9363	0.111885	-0.283	0.283
  9364	0.121695	-0.283	0.283
  9365	0.129821	-0.283	0.283
  9366	0.0836905	-0.283	0.283
  9367	0.128153	-0.283	0.283
  9368	0.140653	-0.283	0.283
  9369	0.0826329	-0.283	0.283
  9370	0.141536	-0.283	0.283
  9371	0.143825	-0.283	0.283
  9372	0.139039	-0.283	0.283
  9373	0.098778	-0.283	0.283
  9374	0.0987946	-0.283	0.283
  9375	0.114641	-0.283	0.283
  9376	0.14991	-0.283	0.283
  9377	0.147003	-0.283	0.283
  9378	0.106721	-0.283	0.283
  9379	0.121353	-0.283	0.283
  9380	0.128414	-0.283	0.283
  9381	0.137325	-0.283	0.283
  9382	0.148668	-0.283	0.283
  9383	0.0990559	-0.283	0.283
  9384	0.116573	-0.283	0.283
  9385	0.123751	-0.283	0.283
  9386	0.128364	-0.283	0.283
  9387	0.135795	-0.283	0.283
  9388	0.141613	-0.283	0.283
  9389	0.145149	-0.283	0.283
  9390	0.138192	-0.283	0.283
  9391	0.135481	-0.283	0.283
  9392	0.0725146	-0.283	0.283
  9393	0.141616	-0.283	0.283
  9394	0.0958168	-0.283	0.283
  9395	0.13561	-0.283	0.283
  9396	0.128999	-0.283	0.283
  9397	0.137405	-0.283	0.283
  9398	0.118399	-0.283	0.283
  9399	0.120283	-0.283	0.283
  9400	0.104856	-0.283	0.283
  9401	0.101495	-0.283	0.283
  9402	0.131378	-0.283	0.283
  9403	0.114618	-0.283	0.283
  9404	0.147775	-0.283	0.283
  9405	0.115021	-0.283	0.283
  9406	0.144462	-0.283	0.283
  9407	0.116545	-0.283	0.283
  9408	0.145669	-0.283	0.283
  9409	0.113081	-0.283	0.283
  9410	0.131528	-0.283	0.283
  9411	0.112918	-0.283	0.283
  9412	0.140447	-0.283	0.283
  9413	0.100096	-0.283	0.283
  9414	0.139444	-0.283	0.283
  9415	0.131349	-0.283	0.283
  9416	0.136083	-0.283	0.283
  9417	0.121208	-0.283	0.283
  9418	0.14433	-0.283	0.283
  9419	0.130738	-0.283	0.283
  9420	0.098485	-0.283	0.283
  9421	0.132555	-0.283	0.283
  9422	0.140283	-0.283	0.283
  9423	0.099077	-0.283	0.283
  9424	0.119929	-0.283	0.283
  9425	0.147276	-0.283	0.283
  9426	0.146315	-0.283	0.283
  9427	0.11414	-0.283	0.283
  9428	0.104846	-0.283	0.283
  9429	0.135004	-0.283	0.283
  9430	0.131101	-0.283	0.283
  9431	0.144247	-0.283	0.283
  9432	0.140004	-0.283	0.283
  9433	0.113241	-0.283	0.283
  9434	0.08646	-0.283	0.283
  9435	0.124507	-0.283	0.283
  9436	0.14991	-0.283	0.283
  9437	0.129643	-0.283	0.283
  9438	0.144615	-0.283	0.283
  9439	0.113793	-0.283	0.283
  9440	0.13406	-0.283	0.283
  9441	0.100194	-0.283	0.283
  9442	0.12336	-0.283	0.283
  9443	0.108526	-0.283	0.283
  9444	0.0944218	-0.283	0.283
  9445	0.137662	-0.283	0.283
  9446	0.144988	-0.283	0.283
  9447	0.138021	-0.283	0.283
  9448	0.104974	-0.283	0.283
  9449	0.140479	-0.283	0.283
  9450	0.139163	-0.283	0.283
  9451	0.0941058	-0.283	0.283
  9452	0.116651	-0.283	0.283
  9453	0.0898103	-0.283	0.283
  9454	0.14418	-0.283	0.283
  9455	0.148177	-0.283	0.283
  9456	0.14563	-0.283	0.283
  9457	0.138791	-0.283	0.283
  9458	0.149674	-0.283	0.283
  9459	0.13652	-0.283	0.283
  9460	0.121209	-0.283	0.283
  9461	0.0944744	-0.283	0.283
  9462	0.132234	-0.283	0.283
  9463	0.0694129	-0.283	0.283
  9464	0.0981687	-0.283	0.283
  9465	0.145811	-0.283	0.283
  9466	0.116926	-0.283	0.283
  9467	0.121457	-0.283	0.283
  9468	0.125866	-0.283	0.283
  9469	0.136222	-0.283	0.283
  9470	0.140591	-0.283	0.283
  9471	0.146501	-0.283	0.283
  9472	0.124293	-0.283	0.283
  9473	0.132446	-0.283	0.283
  9474	0.123863	-0.283	0.283
  9475	0.0958558	-0.283	0.283
  9476	0.0771444	-0.283	0.283
  9477	0.127417	-0.283	0.283
  9478	0.138746	-0.283	0.283
  9479	0.14599	-0.283	0.283
  9480	0.130717	-0.283	0.283
  9481	0.127599	-0.283	0.283
  9482	0.094995	-0.283	0.283
  9483	0.13532	-0.283	0.283
  9484	0.125583	-0.283	0.283
  9485	0.0986852	-0.283	0.283
  9486	0.136581	-0.283	0.283
  9487	0.130713	-0.283	0.283
  9488	0.125984	-0.283	0.283
  9489	0.141525	-0.283	0.283
  9490	0.119086	-0.283	0.283
  9491	0.130336	-0.283	0.283
  9492	0.1237	-0.283	0.283
  9493	0.10568	-0.283	0.283
  9494	0.126509	-0.283	0.283
  9495	0.148487	-0.283	0.283
  9496	0.125575	-0.283	0.283
  9497	0.144185	-0.283	0.283
  9498	0.141492	-0.283	0.283
  9499	0.134401	-0.283	0.283
  9500	0.142891	-0.283	0.283
  9501	0.109651	-0.283	0.283
  9502	0.136492	-0.283	0.283
  9503	0.135095	-0.283	0.283
  9504	0.144552	-0.283	0.283
  9505	0.109681	-0.283	0.283
  9506	0.128246	-0.283	0.283
  9507	0.145749	-0.283	0.283
  9508	0.0831864	-0.283	0.283
  9509	0.10511	-0.283	0.283
  9510	0.136308	-0.283	0.283
  9511	0.149429	-0.283	0.283
  9512	0.105151	-0.283	0.283
  9513	0.142242	-0.283	0.283
  9514	0.128596	-0.283	0.283
  9515	0.124545	-0.283	0.283
  9516	0.119679	-0.283	0.283
  9517	0.125134	-0.283	0.283
  9518	0.148656	-0.283	0.283
  9519	0.122423	-0.283	0.283
  9520	0.138311	-0.283	0.283
  9521	0.150986	-0.283	0.283
  9522	0.107402	-0.283	0.283
  9523	0.0993707	-0.283	0.283
  9524	0.136051	-0.283	0.283
  9525	0.123452	-0.283	0.283
  9526	0.105801	-0.283	0.283
  9527	0.108457	-0.283	0.283
  9528	0.123203	-0.283	0.283
  9529	0.146093	-0.283	0.283
  9530	0.136386	-0.283	0.283
  9531	0.115369	-0.283	0.283
  9532	0.147362	-0.283	0.283
  9533	0.145305	-0.283	0.283
  9534	0.131865	-0.283	0.283
  9535	0.14475	-0.283	0.283
  9536	0.142439	-0.283	0.283
  9537	0.145583	-0.283	0.283
  9538	0.126144	-0.283	0.283
  9539	0.088495	-0.283	0.283
  9540	0.083669	-0.283	0.283
  9541	0.122925	-0.283	0.283
  9542	0.10322	-0.283	0.283
  9543	0.149615	-0.283	0.283
  9544	0.136152	-0.283	0.283
  9545	0.130183	-0.283	0.283
  9546	0.133055	-0.283	0.283
  9547	0.144826	-0.283	0.283
  9548	0.136	-0.283	0.283
  9549	0.131904	-0.283	0.283
  9550	0.134369	-0.283	0.283
  9551	0.123047	-0.283	0.283
  9552	0.121358	-0.283	0.283
  9553	0.125164	-0.283	0.283
  9554	0.125592	-0.283	0.283
  9555	0.121288	-0.283	0.283
  9556	0.143554	-0.283	0.283
  9557	0.126159	-0.283	0.283
  9558	0.0879665	-0.283	0.283
  9559	0.148987	-0.283	0.283
  9560	0.150001	-0.283	0.283
  9561	0.142401	-0.283	0.283
  9562	0.114435	-0.283	0.283
  9563	0.083928	-0.283	0.283
  9564	0.119227	-0.283	0.283
  9565	0.142941	-0.283	0.283
  9566	0.142494	-0.283	0.283
  9567	0.127459	-0.283	0.283
  9568	0.13537	-0.283	0.283
  9569	0.122918	-0.283	0.283
  9570	0.0994784	-0.283	0.283
  9571	0.111843	-0.283	0.283
  9572	0.126532	-0.283	0.283
  9573	0.135373	-0.283	0.283
  9574	0.11896	-0.283	0.283
  9575	0.138629	-0.283	0.283
  9576	0.144501	-0.283	0.283
  9577	0.137495	-0.283	0.283
  9578	0.150837	-0.283	0.283
  9579	0.1441	-0.283	0.283
  9580	0.140333	-0.283	0.283
  9581	0.149626	-0.283	0.283
  9582	0.136668	-0.283	0.283
  9583	0.0974129	-0.283	0.283
  9584	0.118044	-0.283	0.283
  9585	0.122955	-0.283	0.283
  9586	0.146342	-0.283	0.283
  9587	0.149686	-0.283	0.283
  9588	0.134396	-0.283	0.283
  9589	0.12602	-0.283	0.283
  9590	0.140833	-0.283	0.283
  9591	0.12086	-0.283	0.283
  9592	0.126407	-0.283	0.283
  9593	0.0956485	-0.283	0.283
  9594	0.127616	-0.283	0.283
  9595	0.11186	-0.283	0.283
  9596	0.0898693	-0.283	0.283
  9597	0.138736	-0.283	0.283
  9598	0.146668	-0.283	0.283
  9599	0.124122	-0.283	0.283
  9600	0.121112	-0.283	0.283
  9601	0.105758	-0.283	0.283
  9602	0.135084	-0.283	0.283
  9603	0.078844	-0.283	0.283
  9604	0.10601	-0.283	0.283
  9605	0.123768	-0.283	0.283
  9606	0.116017	-0.283	0.283
  9607	0.132409	-0.283	0.283
  9608	0.126056	-0.283	0.283
  9609	0.14035	-0.283	0.283
  9610	0.140622	-0.283	0.283
  9611	0.125128	-0.283	0.283
  9612	0.102181	-0.283	0.283
  9613	0.10192	-0.283	0.283
  9614	0.131469	-0.283	0.283
  9615	0.149058	-0.283	0.283
  9616	0.12704	-0.283	0.283
  9617	0.0965616	-0.283	0.283
  9618	0.131683	-0.283	0.283
  9619	0.140649	-0.283	0.283
  9620	0.152064	-0.283	0.283
  9621	0.116804	-0.283	0.283
  9622	0.137632	-0.283	0.283
  9623	0.149122	-0.283	0.283
  9624	0.142459	-0.283	0.283
  9625	0.125633	-0.283	0.283
  9626	0.136319	-0.283	0.283
  9627	0.123076	-0.283	0.283
  9628	0.124727	-0.283	0.283
  9629	0.116495	-0.283	0.283
  9630	0.132943	-0.283	0.283
  9631	0.141834	-0.283	0.283
  9632	0.146386	-0.283	0.283
  9633	0.126841	-0.283	0.283
  9634	0.142145	-0.283	0.283
  9635	0.148163	-0.283	0.283
  9636	0.131988	-0.283	0.283
  9637	0.123609	-0.283	0.283
  9638	0.112976	-0.283	0.283
  9639	0.148918	-0.283	0.283
  9640	0.111908	-0.283	0.283
  9641	0.124578	-0.283	0.283
  9642	0.12077	-0.283	0.283
  9643	0.140813	-0.283	0.283
  9644	0.149095	-0.283	0.283
  9645	0.0980587	-0.283	0.283
  9646	0.101525	-0.283	0.283
  9647	0.10491	-0.283	0.283
  9648	0.147326	-0.283	0.283
  9649	0.113047	-0.283	0.283
  9650	0.1291	-0.283	0.283
  9651	0.119318	-0.283	0.283
  9652	0.145567	-0.283	0.283
  9653	0.105814	-0.283	0.283
  9654	0.0984087	-0.283	0.283
  9655	0.13811	-0.283	0.283
  9656	0.121583	-0.283	0.283
  9657	0.117141	-0.283	0.283
  9658	0.137036	-0.283	0.283
  9659	0.148263	-0.283	0.283
  9660	0.136292	-0.283	0.283
  9661	0.133392	-0.283	0.283
  9662	0.134873	-0.283	0.283
  9663	0.143407	-0.283	0.283
  9664	0.092111	-0.283	0.283
  9665	0.14806	-0.283	0.283
  9666	0.142256	-0.283	0.283
  9667	0.147215	-0.283	0.283
  9668	0.144821	-0.283	0.283
  9669	0.102688	-0.283	0.283
  9670	0.132604	-0.283	0.283
  9671	0.13156	-0.283	0.283
  9672	0.0970213	-0.283	0.283
  9673	0.132684	-0.283	0.283
  9674	0.127534	-0.283	0.283
  9675	0.113862	-0.283	0.283
  9676	0.12892	-0.283	0.283
  9677	0.150511	-0.283	0.283
  9678	0.126824	-0.283	0.283
  9679	0.141104	-0.283	0.283
  9680	0.125614	-0.283	0.283
  9681	0.121639	-0.283	0.283
  9682	0.148534	-0.283	0.283
  9683	0.108976	-0.283	0.283
  9684	0.118245	-0.283	0.283
  9685	0.0952424	-0.283	0.283
  9686	0.112461	-0.283	0.283
  9687	0.111658	-0.283	0.283
  9688	0.124469	-0.283	0.283
  9689	0.11132	-0.283	0.283
  9690	0.139947	-0.283	0.283
  9691	0.14888	-0.283	0.283
  9692	0.13371	-0.283	0.283
  9693	0.144756	-0.283	0.283
  9694	0.150492	-0.283	0.283
  9695	0.101227	-0.283	0.283
  9696	0.143759	-0.283	0.283
  9697	0.145265	-0.283	0.283
  9698	0.143876	-0.283	0.283
  9699	0.14452	-0.283	0.283
  9700	0.122996	-0.283	0.283
  9701	0.144456	-0.283	0.283
  9702	0.127933	-0.283	0.283
  9703	0.115621	-0.283	0.283
  9704	0.115368	-0.283	0.283
  9705	0.141563	-0.283	0.283
  9706	0.133275	-0.283	0.283
  9707	0.102248	-0.283	0.283
  9708	0.114818	-0.283	0.283
  9709	0.116308	-0.283	0.283
  9710	0.137795	-0.283	0.283
  9711	0.145039	-0.283	0.283
  9712	0.122308	-0.283	0.283
  9713	0.140222	-0.283	0.283
  9714	0.111955	-0.283	0.283
  9715	0.141858	-0.283	0.283
  9716	0.140382	-0.283	0.283
  9717	0.146502	-0.283	0.283
  9718	0.130917	-0.283	0.283
  9719	0.121456	-0.283	0.283
  9720	0.135487	-0.283	0.283
  9721	0.108574	-0.283	0.283
  9722	0.122722	-0.283	0.283
  9723	0.121581	-0.283	0.283
  9724	0.138555	-0.283	0.283
  9725	0.152172	-0.283	0.283
  9726	0.133926	-0.283	0.283
  9727	0.141	-0.283	0.283
  9728	0.142409	-0.283	0.283
  9729	0.145306	-0.283	0.283
  9730	0.139568	-0.283	0.283
  9731	0.121612	-0.283	0.283
  9732	0.132098	-0.283	0.283
  9733	0.143432	-0.283	0.283
  9734	0.133101	-0.283	0.283
  9735	0.146058	-0.283	0.283
  9736	0.140773	-0.283	0.283
  9737	0.146443	-0.283	0.283
  9738	0.134048	-0.283	0.283
  9739	0.141168	-0.283	0.283
  9740	0.0971995	-0.283	0.283
  9741	0.1446	-0.283	0.283
  9742	0.139719	-0.283	0.283
  9743	0.116786	-0.283	0.283
  9744	0.0774512	-0.283	0.283
  9745	0.140542	-0.283	0.283
  9746	0.118035	-0.283	0.283
  9747	0.13474	-0.283	0.283
  9748	0.137585	-0.283	0.283
  9749	0.135486	-0.283	0.283
  9750	0.141829	-0.283	0.283
  9751	0.135414	-0.283	0.283
  9752	0.131497	-0.283	0.283
  9753	0.127694	-0.283	0.283
  9754	0.0761203	-0.283	0.283
  9755	0.135758	-0.283	0.283
  9756	0.144989	-0.283	0.283
  9757	0.137119	-0.283	0.283
  9758	0.127858	-0.283	0.283
  9759	0.126039	-0.283	0.283
  9760	0.118537	-0.283	0.283
  9761	0.132867	-0.283	0.283
  9762	0.1241	-0.283	0.283
  9763	0.124913	-0.283	0.283
  9764	0.133064	-0.283	0.283
  9765	0.1281	-0.283	0.283
  9766	0.135612	-0.283	0.283
  9767	0.149358	-0.283	0.283
  9768	0.150636	-0.283	0.283
  9769	0.121269	-0.283	0.283
  9770	0.125397	-0.283	0.283
  9771	0.116923	-0.283	0.283
  9772	0.110679	-0.283	0.283
  9773	0.135271	-0.283	0.283
  9774	0.115337	-0.283	0.283
  9775	0.121824	-0.283	0.283
  9776	0.143578	-0.283	0.283
  9777	0.146469	-0.283	0.283
  9778	0.135294	-0.283	0.283
  9779	0.139699	-0.283	0.283
  9780	0.105011	-0.283	0.283
  9781	0.113442	-0.283	0.283
  9782	0.140031	-0.283	0.283
  9783	0.11603	-0.283	0.283
  9784	0.113158	-0.283	0.283
  9785	0.130865	-0.283	0.283
  9786	0.127826	-0.283	0.283
  9787	0.147848	-0.283	0.283
  9788	0.144708	-0.283	0.283
  9789	0.138818	-0.283	0.283
  9790	0.123021	-0.283	0.283
  9791	0.135084	-0.283	0.283
  9792	0.148269	-0.283	0.283
  9793	0.0967237	-0.283	0.283
  9794	0.126061	-0.283	0.283
  9795	0.133712	-0.283	0.283
  9796	0.140185	-0.283	0.283
  9797	0.123927	-0.283	0.283
  9798	0.142657	-0.283	0.283
  9799	0.137027	-0.283	0.283
  9800	0.110737	-0.283	0.283
  9801	0.0970521	-0.283	0.283
  9802	0.114239	-0.283	0.283
  9803	0.121279	-0.283	0.283
  9804	0.128651	-0.283	0.283
  9805	0.14501	-0.283	0.283
  9806	0.134657	-0.283	0.283
  9807	0.132604	-0.283	0.283
  9808	0.135685	-0.283	0.283
  9809	0.14581	-0.283	0.283
  9810	0.133164	-0.283	0.283
  9811	0.136469	-0.283	0.283
  9812	0.143559	-0.283	0.283
  9813	0.113611	-0.283	0.283
  9814	0.125844	-0.283	0.283
  9815	0.141971	-0.283	0.283
  9816	0.127717	-0.283	0.283
  9817	0.127032	-0.283	0.283
  9818	0.122624	-0.283	0.283
  9819	0.136167	-0.283	0.283
  9820	0.13771	-0.283	0.283
  9821	0.0990477	-0.283	0.283
  9822	0.141079	-0.283	0.283
  9823	0.119139	-0.283	0.283
  9824	0.126712	-0.283	0.283
  9825	0.149953	-0.283	0.283
  9826	0.117645	-0.283	0.283
  9827	0.102871	-0.283	0.283
  9828	0.141963	-0.283	0.283
  9829	0.122811	-0.283	0.283
  9830	0.148802	-0.283	0.283
  9831	0.138868	-0.283	0.283
  9832	0.0894366	-0.283	0.283
  9833	0.123402	-0.283	0.283
  9834	0.0649986	-0.283	0.283
  9835	0.128867	-0.283	0.283
  9836	0.129294	-0.283	0.283
  9837	0.12262	-0.283	0.283
  9838	0.141549	-0.283	0.283
  9839	0.135009	-0.283	0.283
  9840	0.133194	-0.283	0.283
  9841	0.0959288	-0.283	0.283
  9842	0.146787	-0.283	0.283
  9843	0.129832	-0.283	0.283
  9844	0.0944621	-0.283	0.283
  9845	0.0995493	-0.283	0.283
  9846	0.0907142	-0.283	0.283
  9847	0.131216	-0.283	0.283
  9848	0.0739999	-0.283	0.283
  9849	0.138384	-0.283	0.283
  9850	0.121064	-0.283	0.283
  9851	0.143706	-0.283	0.283
  9852	0.136522	-0.283	0.283
  9853	0.126837	-0.283	0.283
  9854	0.12412	-0.283	0.283
  9855	0.108442	-0.283	0.283
  9856	0.145339	-0.283	0.283
  9857	0.0942943	-0.283	0.283
  9858	0.113693	-0.283	0.283
  9859	0.126368	-0.283	0.283
  9860	0.13184	-0.283	0.283
  9861	0.0991614	-0.283	0.283
  9862	0.0910278	-0.283	0.283
  9863	0.131991	-0.283	0.283
  9864	0.142307	-0.283	0.283
  9865	0.108159	-0.283	0.283
  9866	0.11694	-0.283	0.283
  9867	0.139189	-0.283	0.283
  9868	0.108656	-0.283	0.283
  9869	0.140885	-0.283	0.283
  9870	0.121558	-0.283	0.283
  9871	0.114265	-0.283	0.283
  9872	0.148147	-0.283	0.283
  9873	0.145655	-0.283	0.283
  9874	0.146696	-0.283	0.283
  9875	0.142601	-0.283	0.283
  9876	0.119834	-0.283	0.283
  9877	0.131488	-0.283	0.283
  9878	0.083395	-0.283	0.283
  9879	0.126902	-0.283	0.283
  9880	0.125724	-0.283	0.283
  9881	0.0968713	-0.283	0.283
  9882	0.135203	-0.283	0.283
  9883	0.123159	-0.283	0.283
  9884	0.149779	-0.283	0.283
  9885	0.110427	-0.283	0.283
  9886	0.135118	-0.283	0.283
  9887	0.14851	-0.283	0.283
  9888	0.121351	-0.283	0.283
  9889	0.128949	-0.283	0.283
  9890	0.135509	-0.283	0.283
  9891	0.120506	-0.283	0.283
  9892	0.0715734	-0.283	0.283
  9893	0.133837	-0.283	0.283
  9894	0.099698	-0.283	0.283
  9895	0.126996	-0.283	0.283
  9896	0.129338	-0.283	0.283
  9897	0.134919	-0.283	0.283
  9898	0.135876	-0.283	0.283
  9899	0.142834	-0.283	0.283
  9900	0.146079	-0.283	0.283
  9901	0.13331	-0.283	0.283
  9902	0.143963	-0.283	0.283
  9903	0.150339	-0.283	0.283
  9904	0.118525	-0.283	0.283
  9905	0.124703	-0.283	0.283
  9906	0.136486	-0.283	0.283
  9907	0.137509	-0.283	0.283
  9908	0.143033	-0.283	0.283
  9909	0.11757	-0.283	0.283
  9910	0.146589	-0.283	0.283
  9911	0.123902	-0.283	0.283
  9912	0.132666	-0.283	0.283
  9913	0.117131	-0.283	0.283
  9914	0.141763	-0.283	0.283
  9915	0.131045	-0.283	0.283
  9916	0.132611	-0.283	0.283
  9917	0.140819	-0.283	0.283
  9918	0.143849	-0.283	0.283
  9919	0.133041	-0.283	0.283
  9920	0.136508	-0.283	0.283
  9921	0.123057	-0.283	0.283
  9922	0.136331	-0.283	0.283
  9923	0.11601	-0.283	0.283
  9924	0.121753	-0.283	0.283
  9925	0.111723	-0.283	0.283
  9926	0.150944	-0.283	0.283
  9927	0.126127	-0.283	0.283
  9928	0.135898	-0.283	0.283
  9929	0.11688	-0.283	0.283
  9930	0.144323	-0.283	0.283
  9931	0.136961	-0.283	0.283
  9932	0.121673	-0.283	0.283
  9933	0.11675	-0.283	0.283
  9934	0.141256	-0.283	0.283
  9935	0.101585	-0.283	0.283
  9936	0.103026	-0.283	0.283
  9937	0.142941	-0.283	0.283
  9938	0.133378	-0.283	0.283
  9939	0.135379	-0.283	0.283
  9940	0.138246	-0.283	0.283
  9941	0.0866002	-0.283	0.283
  9942	0.106108	-0.283	0.283
  9943	0.101312	-0.283	0.283
  9944	0.139567	-0.283	0.283
  9945	0.130987	-0.283	0.283
  9946	0.13412	-0.283	0.283
  9947	0.123703	-0.283	0.283
  9948	0.0958967	-0.283	0.283
  9949	0.131399	-0.283	0.283
  9950	0.138722	-0.283	0.283
  9951	0.119451	-0.283	0.283
  9952	0.133203	-0.283	0.283
  9953	0.134189	-0.283	0.283
  9954	0.11287	-0.283	0.283
  9955	0.125686	-0.283	0.283
  9956	0.0970216	-0.283	0.283
  9957	0.149669	-0.283	0.283
  9958	0.135643	-0.283	0.283
  9959	0.130773	-0.283	0.283
  9960	0.143449	-0.283	0.283
  9961	0.133619	-0.283	0.283
  9962	0.120467	-0.283	0.283
  9963	0.127864	-0.283	0.283
  9964	0.14844	-0.283	0.283
  9965	0.145052	-0.283	0.283
  9966	0.135407	-0.283	0.283
  9967	0.133231	-0.283	0.283
  9968	0.132222	-0.283	0.283
  9969	0.116904	-0.283	0.283
  9970	0.125282	-0.283	0.283
  9971	0.14266	-0.283	0.283
  9972	0.121738	-0.283	0.283
  9973	0.119895	-0.283	0.283
  9974	0.114669	-0.283	0.283
  9975	0.141324	-0.283	0.283
  9976	0.133557	-0.283	0.283
  9977	0.108838	-0.283	0.283
  9978	0.145557	-0.283	0.283
  9979	0.11673	-0.283	0.283
  9980	0.134049	-0.283	0.283
  9981	0.0821361	-0.283	0.283
  9982	0.0889507	-0.283	0.283
  9983	0.13397	-0.283	0.283
  9984	0.147471	-0.283	0.283
  9985	0.143289	-0.283	0.283
  9986	0.143612	-0.283	0.283
  9987	0.140163	-0.283	0.283
  9988	0.10689	-0.283	0.283
  9989	0.133055	-0.283	0.283
  9990	0.115258	-0.283	0.283
  9991	0.11751	-0.283	0.283
  9992	0.146648	-0.283	0.283
  9993	0.13585	-0.283	0.283
  9994	0.121381	-0.283	0.283
  9995	0.104599	-0.283	0.283
  9996	0.121289	-0.283	0.283
  9997	0.142213	-0.283	0.283
  9998	0.136285	-0.283	0.283
  9999	0.127552	-0.283	0.283
 10000	0.0983927	-0.283	0.283

Measurement: SNMMIN
  step	MIN(0.707*V(v1)-0.707*V(v2))	FROM	TO
     1	-0.142652	-0.283	0.283
     2	-0.143387	-0.283	0.283
     3	-0.137012	-0.283	0.283
     4	-0.135036	-0.283	0.283
     5	-0.12674	-0.283	0.283
     6	-0.135289	-0.283	0.283
     7	-0.104026	-0.283	0.283
     8	-0.132832	-0.283	0.283
     9	-0.128409	-0.283	0.283
    10	-0.106838	-0.283	0.283
    11	-0.133359	-0.283	0.283
    12	-0.12826	-0.283	0.283
    13	-0.121998	-0.283	0.283
    14	-0.14448	-0.283	0.283
    15	-0.106823	-0.283	0.283
    16	-0.140137	-0.283	0.283
    17	-0.0803399	-0.283	0.283
    18	-0.082331	-0.283	0.283
    19	-0.148214	-0.283	0.283
    20	-0.0996648	-0.283	0.283
    21	-0.118656	-0.283	0.283
    22	-0.0958858	-0.283	0.283
    23	-0.118538	-0.283	0.283
    24	-0.109631	-0.283	0.283
    25	-0.0972695	-0.283	0.283
    26	-0.137326	-0.283	0.283
    27	-0.135529	-0.283	0.283
    28	-0.117706	-0.283	0.283
    29	-0.0975834	-0.283	0.283
    30	-0.105477	-0.283	0.283
    31	-0.144562	-0.283	0.283
    32	-0.14361	-0.283	0.283
    33	-0.104842	-0.283	0.283
    34	-0.103747	-0.283	0.283
    35	-0.137924	-0.283	0.283
    36	-0.142502	-0.283	0.283
    37	-0.143716	-0.283	0.283
    38	-0.132375	-0.283	0.283
    39	-0.125282	-0.283	0.283
    40	-0.128801	-0.283	0.283
    41	-0.11128	-0.283	0.283
    42	-0.109824	-0.283	0.283
    43	-0.107014	-0.283	0.283
    44	-0.135004	-0.283	0.283
    45	-0.131184	-0.283	0.283
    46	-0.137722	-0.283	0.283
    47	-0.145573	-0.283	0.283
    48	-0.129522	-0.283	0.283
    49	-0.140094	-0.283	0.283
    50	-0.14131	-0.283	0.283
    51	-0.144615	-0.283	0.283
    52	-0.126363	-0.283	0.283
    53	-0.0840044	-0.283	0.283
    54	-0.121474	-0.283	0.283
    55	-0.119097	-0.283	0.283
    56	-0.123662	-0.283	0.283
    57	-0.122547	-0.283	0.283
    58	-0.133697	-0.283	0.283
    59	-0.0649347	-0.283	0.283
    60	-0.139204	-0.283	0.283
    61	-0.0994552	-0.283	0.283
    62	-0.136454	-0.283	0.283
    63	-0.136422	-0.283	0.283
    64	-0.140138	-0.283	0.283
    65	-0.121117	-0.283	0.283
    66	-0.0904954	-0.283	0.283
    67	-0.0853764	-0.283	0.283
    68	-0.080201	-0.283	0.283
    69	-0.114311	-0.283	0.283
    70	-0.148536	-0.283	0.283
    71	-0.126803	-0.283	0.283
    72	-0.141628	-0.283	0.283
    73	-0.138321	-0.283	0.283
    74	-0.135841	-0.283	0.283
    75	-0.144621	-0.283	0.283
    76	-0.148643	-0.283	0.283
    77	-0.150813	-0.283	0.283
    78	-0.143761	-0.283	0.283
    79	-0.136483	-0.283	0.283
    80	-0.10096	-0.283	0.283
    81	-0.121578	-0.283	0.283
    82	-0.130314	-0.283	0.283
    83	-0.145743	-0.283	0.283
    84	-0.12828	-0.283	0.283
    85	-0.0714515	-0.283	0.283
    86	-0.121198	-0.283	0.283
    87	-0.129636	-0.283	0.283
    88	-0.0922252	-0.283	0.283
    89	-0.113937	-0.283	0.283
    90	-0.134172	-0.283	0.283
    91	-0.143303	-0.283	0.283
    92	-0.135686	-0.283	0.283
    93	-0.125097	-0.283	0.283
    94	-0.149527	-0.283	0.283
    95	-0.134923	-0.283	0.283
    96	-0.140299	-0.283	0.283
    97	-0.129155	-0.283	0.283
    98	-0.149204	-0.283	0.283
    99	-0.143926	-0.283	0.283
   100	-0.133315	-0.283	0.283
   101	-0.136934	-0.283	0.283
   102	-0.144039	-0.283	0.283
   103	-0.135059	-0.283	0.283
   104	-0.126446	-0.283	0.283
   105	-0.0727128	-0.283	0.283
   106	-0.11433	-0.283	0.283
   107	-0.126903	-0.283	0.283
   108	-0.135403	-0.283	0.283
   109	-0.128338	-0.283	0.283
   110	-0.142822	-0.283	0.283
   111	-0.146928	-0.283	0.283
   112	-0.131862	-0.283	0.283
   113	-0.140692	-0.283	0.283
   114	-0.136644	-0.283	0.283
   115	-0.134743	-0.283	0.283
   116	-0.117614	-0.283	0.283
   117	-0.149073	-0.283	0.283
   118	-0.114351	-0.283	0.283
   119	-0.136322	-0.283	0.283
   120	-0.143164	-0.283	0.283
   121	-0.117302	-0.283	0.283
   122	-0.148446	-0.283	0.283
   123	-0.138592	-0.283	0.283
   124	-0.124136	-0.283	0.283
   125	-0.140789	-0.283	0.283
   126	-0.109293	-0.283	0.283
   127	-0.125805	-0.283	0.283
   128	-0.132202	-0.283	0.283
   129	-0.141406	-0.283	0.283
   130	-0.11596	-0.283	0.283
   131	-0.11134	-0.283	0.283
   132	-0.135385	-0.283	0.283
   133	-0.13536	-0.283	0.283
   134	-0.142359	-0.283	0.283
   135	-0.115941	-0.283	0.283
   136	-0.133998	-0.283	0.283
   137	-0.0912739	-0.283	0.283
   138	-0.101457	-0.283	0.283
   139	-0.142179	-0.283	0.283
   140	-0.0954116	-0.283	0.283
   141	-0.114872	-0.283	0.283
   142	-0.146527	-0.283	0.283
   143	-0.145111	-0.283	0.283
   144	-0.147812	-0.283	0.283
   145	-0.14859	-0.283	0.283
   146	-0.127107	-0.283	0.283
   147	-0.121914	-0.283	0.283
   148	-0.0942434	-0.283	0.283
   149	-0.14779	-0.283	0.283
   150	-0.138209	-0.283	0.283
   151	-0.140586	-0.283	0.283
   152	-0.14392	-0.283	0.283
   153	-0.130426	-0.283	0.283
   154	-0.116796	-0.283	0.283
   155	-0.113705	-0.283	0.283
   156	-0.137966	-0.283	0.283
   157	-0.133235	-0.283	0.283
   158	-0.124923	-0.283	0.283
   159	-0.13586	-0.283	0.283
   160	-0.143509	-0.283	0.283
   161	-0.108025	-0.283	0.283
   162	-0.141769	-0.283	0.283
   163	-0.139685	-0.283	0.283
   164	-0.136786	-0.283	0.283
   165	-0.0925293	-0.283	0.283
   166	-0.144929	-0.283	0.283
   167	-0.138454	-0.283	0.283
   168	-0.130496	-0.283	0.283
   169	-0.139568	-0.283	0.283
   170	-0.144337	-0.283	0.283
   171	-0.131658	-0.283	0.283
   172	-0.124157	-0.283	0.283
   173	-0.120256	-0.283	0.283
   174	-0.144914	-0.283	0.283
   175	-0.086717	-0.283	0.283
   176	-0.107815	-0.283	0.283
   177	-0.106168	-0.283	0.283
   178	-0.129184	-0.283	0.283
   179	-0.102119	-0.283	0.283
   180	-0.121893	-0.283	0.283
   181	-0.116006	-0.283	0.283
   182	-0.134904	-0.283	0.283
   183	-0.142274	-0.283	0.283
   184	-0.145298	-0.283	0.283
   185	-0.0943951	-0.283	0.283
   186	-0.12804	-0.283	0.283
   187	-0.103176	-0.283	0.283
   188	-0.130511	-0.283	0.283
   189	-0.148259	-0.283	0.283
   190	-0.105383	-0.283	0.283
   191	-0.150883	-0.283	0.283
   192	-0.138326	-0.283	0.283
   193	-0.119225	-0.283	0.283
   194	-0.113023	-0.283	0.283
   195	-0.140655	-0.283	0.283
   196	-0.107442	-0.283	0.283
   197	-0.14898	-0.283	0.283
   198	-0.141848	-0.283	0.283
   199	-0.111234	-0.283	0.283
   200	-0.125052	-0.283	0.283
   201	-0.121253	-0.283	0.283
   202	-0.111143	-0.283	0.283
   203	-0.141358	-0.283	0.283
   204	-0.135906	-0.283	0.283
   205	-0.140309	-0.283	0.283
   206	-0.141916	-0.283	0.283
   207	-0.127694	-0.283	0.283
   208	-0.102335	-0.283	0.283
   209	-0.108011	-0.283	0.283
   210	-0.110728	-0.283	0.283
   211	-0.124212	-0.283	0.283
   212	-0.123055	-0.283	0.283
   213	-0.118336	-0.283	0.283
   214	-0.115246	-0.283	0.283
   215	-0.146207	-0.283	0.283
   216	-0.127901	-0.283	0.283
   217	-0.126096	-0.283	0.283
   218	-0.129663	-0.283	0.283
   219	-0.0996685	-0.283	0.283
   220	-0.126262	-0.283	0.283
   221	-0.145124	-0.283	0.283
   222	-0.144038	-0.283	0.283
   223	-0.150019	-0.283	0.283
   224	-0.140958	-0.283	0.283
   225	-0.144583	-0.283	0.283
   226	-0.0945521	-0.283	0.283
   227	-0.120887	-0.283	0.283
   228	-0.126593	-0.283	0.283
   229	-0.112796	-0.283	0.283
   230	-0.114252	-0.283	0.283
   231	-0.145913	-0.283	0.283
   232	-0.148255	-0.283	0.283
   233	-0.139731	-0.283	0.283
   234	-0.138899	-0.283	0.283
   235	-0.131039	-0.283	0.283
   236	-0.121278	-0.283	0.283
   237	-0.1421	-0.283	0.283
   238	-0.0953538	-0.283	0.283
   239	-0.131061	-0.283	0.283
   240	-0.113177	-0.283	0.283
   241	-0.129644	-0.283	0.283
   242	-0.109977	-0.283	0.283
   243	-0.143181	-0.283	0.283
   244	-0.0935756	-0.283	0.283
   245	-0.1235	-0.283	0.283
   246	-0.114625	-0.283	0.283
   247	-0.115302	-0.283	0.283
   248	-0.14765	-0.283	0.283
   249	-0.145714	-0.283	0.283
   250	-0.138314	-0.283	0.283
   251	-0.130757	-0.283	0.283
   252	-0.0920718	-0.283	0.283
   253	-0.0943315	-0.283	0.283
   254	-0.0874787	-0.283	0.283
   255	-0.150596	-0.283	0.283
   256	-0.102002	-0.283	0.283
   257	-0.145435	-0.283	0.283
   258	-0.119747	-0.283	0.283
   259	-0.129457	-0.283	0.283
   260	-0.0981333	-0.283	0.283
   261	-0.126423	-0.283	0.283
   262	-0.121809	-0.283	0.283
   263	-0.145413	-0.283	0.283
   264	-0.133995	-0.283	0.283
   265	-0.122404	-0.283	0.283
   266	-0.125624	-0.283	0.283
   267	-0.138303	-0.283	0.283
   268	-0.129266	-0.283	0.283
   269	-0.124423	-0.283	0.283
   270	-0.130522	-0.283	0.283
   271	-0.113163	-0.283	0.283
   272	-0.125554	-0.283	0.283
   273	-0.119393	-0.283	0.283
   274	-0.133861	-0.283	0.283
   275	-0.148446	-0.283	0.283
   276	-0.149441	-0.283	0.283
   277	-0.148754	-0.283	0.283
   278	-0.128053	-0.283	0.283
   279	-0.145102	-0.283	0.283
   280	-0.136518	-0.283	0.283
   281	-0.13306	-0.283	0.283
   282	-0.147162	-0.283	0.283
   283	-0.0905125	-0.283	0.283
   284	-0.148646	-0.283	0.283
   285	-0.125452	-0.283	0.283
   286	-0.129792	-0.283	0.283
   287	-0.140456	-0.283	0.283
   288	-0.113078	-0.283	0.283
   289	-0.13942	-0.283	0.283
   290	-0.137178	-0.283	0.283
   291	-0.102465	-0.283	0.283
   292	-0.141676	-0.283	0.283
   293	-0.146359	-0.283	0.283
   294	-0.144482	-0.283	0.283
   295	-0.109567	-0.283	0.283
   296	-0.141853	-0.283	0.283
   297	-0.122085	-0.283	0.283
   298	-0.130147	-0.283	0.283
   299	-0.133347	-0.283	0.283
   300	-0.124026	-0.283	0.283
   301	-0.145462	-0.283	0.283
   302	-0.128381	-0.283	0.283
   303	-0.13214	-0.283	0.283
   304	-0.12505	-0.283	0.283
   305	-0.13081	-0.283	0.283
   306	-0.149282	-0.283	0.283
   307	-0.149975	-0.283	0.283
   308	-0.135799	-0.283	0.283
   309	-0.140861	-0.283	0.283
   310	-0.133973	-0.283	0.283
   311	-0.122502	-0.283	0.283
   312	-0.124841	-0.283	0.283
   313	-0.138392	-0.283	0.283
   314	-0.141267	-0.283	0.283
   315	-0.127631	-0.283	0.283
   316	-0.141393	-0.283	0.283
   317	-0.115498	-0.283	0.283
   318	-0.118951	-0.283	0.283
   319	-0.148198	-0.283	0.283
   320	-0.116883	-0.283	0.283
   321	-0.137395	-0.283	0.283
   322	-0.131843	-0.283	0.283
   323	-0.124873	-0.283	0.283
   324	-0.128699	-0.283	0.283
   325	-0.100609	-0.283	0.283
   326	-0.113163	-0.283	0.283
   327	-0.122304	-0.283	0.283
   328	-0.113935	-0.283	0.283
   329	-0.142235	-0.283	0.283
   330	-0.130687	-0.283	0.283
   331	-0.0943557	-0.283	0.283
   332	-0.129885	-0.283	0.283
   333	-0.132387	-0.283	0.283
   334	-0.142913	-0.283	0.283
   335	-0.101898	-0.283	0.283
   336	-0.133215	-0.283	0.283
   337	-0.140154	-0.283	0.283
   338	-0.126515	-0.283	0.283
   339	-0.144716	-0.283	0.283
   340	-0.132383	-0.283	0.283
   341	-0.129479	-0.283	0.283
   342	-0.117704	-0.283	0.283
   343	-0.140215	-0.283	0.283
   344	-0.101711	-0.283	0.283
   345	-0.144349	-0.283	0.283
   346	-0.113503	-0.283	0.283
   347	-0.103672	-0.283	0.283
   348	-0.100394	-0.283	0.283
   349	-0.147793	-0.283	0.283
   350	-0.118508	-0.283	0.283
   351	-0.0960968	-0.283	0.283
   352	-0.130851	-0.283	0.283
   353	-0.123293	-0.283	0.283
   354	-0.107626	-0.283	0.283
   355	-0.125756	-0.283	0.283
   356	-0.143221	-0.283	0.283
   357	-0.0972044	-0.283	0.283
   358	-0.11662	-0.283	0.283
   359	-0.144881	-0.283	0.283
   360	-0.142601	-0.283	0.283
   361	-0.137644	-0.283	0.283
   362	-0.0868608	-0.283	0.283
   363	-0.107786	-0.283	0.283
   364	-0.122836	-0.283	0.283
   365	-0.147597	-0.283	0.283
   366	-0.144178	-0.283	0.283
   367	-0.105641	-0.283	0.283
   368	-0.111557	-0.283	0.283
   369	-0.130867	-0.283	0.283
   370	-0.130881	-0.283	0.283
   371	-0.137069	-0.283	0.283
   372	-0.13559	-0.283	0.283
   373	-0.1418	-0.283	0.283
   374	-0.0956301	-0.283	0.283
   375	-0.142002	-0.283	0.283
   376	-0.120587	-0.283	0.283
   377	-0.112837	-0.283	0.283
   378	-0.102203	-0.283	0.283
   379	-0.0990988	-0.283	0.283
   380	-0.136134	-0.283	0.283
   381	-0.144344	-0.283	0.283
   382	-0.129482	-0.283	0.283
   383	-0.131917	-0.283	0.283
   384	-0.120982	-0.283	0.283
   385	-0.121899	-0.283	0.283
   386	-0.137089	-0.283	0.283
   387	-0.103349	-0.283	0.283
   388	-0.119311	-0.283	0.283
   389	-0.112325	-0.283	0.283
   390	-0.146864	-0.283	0.283
   391	-0.146393	-0.283	0.283
   392	-0.117056	-0.283	0.283
   393	-0.149007	-0.283	0.283
   394	-0.126321	-0.283	0.283
   395	-0.128899	-0.283	0.283
   396	-0.11394	-0.283	0.283
   397	-0.148959	-0.283	0.283
   398	-0.126588	-0.283	0.283
   399	-0.148798	-0.283	0.283
   400	-0.0639912	-0.283	0.283
   401	-0.131919	-0.283	0.283
   402	-0.13452	-0.283	0.283
   403	-0.124903	-0.283	0.283
   404	-0.120575	-0.283	0.283
   405	-0.144851	-0.283	0.283
   406	-0.112028	-0.283	0.283
   407	-0.130044	-0.283	0.283
   408	-0.130949	-0.283	0.283
   409	-0.112218	-0.283	0.283
   410	-0.145359	-0.283	0.283
   411	-0.132903	-0.283	0.283
   412	-0.129309	-0.283	0.283
   413	-0.14018	-0.283	0.283
   414	-0.126144	-0.283	0.283
   415	-0.139542	-0.283	0.283
   416	-0.138394	-0.283	0.283
   417	-0.150329	-0.283	0.283
   418	-0.141338	-0.283	0.283
   419	-0.0914095	-0.283	0.283
   420	-0.114761	-0.283	0.283
   421	-0.139534	-0.283	0.283
   422	-0.149998	-0.283	0.283
   423	-0.102427	-0.283	0.283
   424	-0.130311	-0.283	0.283
   425	-0.131763	-0.283	0.283
   426	-0.121618	-0.283	0.283
   427	-0.0846543	-0.283	0.283
   428	-0.121536	-0.283	0.283
   429	-0.132522	-0.283	0.283
   430	-0.140443	-0.283	0.283
   431	-0.0988384	-0.283	0.283
   432	-0.114069	-0.283	0.283
   433	-0.14717	-0.283	0.283
   434	-0.125276	-0.283	0.283
   435	-0.128237	-0.283	0.283
   436	-0.11143	-0.283	0.283
   437	-0.141503	-0.283	0.283
   438	-0.143509	-0.283	0.283
   439	-0.113689	-0.283	0.283
   440	-0.124526	-0.283	0.283
   441	-0.148607	-0.283	0.283
   442	-0.126451	-0.283	0.283
   443	-0.132393	-0.283	0.283
   444	-0.141427	-0.283	0.283
   445	-0.143911	-0.283	0.283
   446	-0.123286	-0.283	0.283
   447	-0.148679	-0.283	0.283
   448	-0.141667	-0.283	0.283
   449	-0.111896	-0.283	0.283
   450	-0.129242	-0.283	0.283
   451	-0.141188	-0.283	0.283
   452	-0.128754	-0.283	0.283
   453	-0.121508	-0.283	0.283
   454	-0.110623	-0.283	0.283
   455	-0.144465	-0.283	0.283
   456	-0.123619	-0.283	0.283
   457	-0.106936	-0.283	0.283
   458	-0.123669	-0.283	0.283
   459	-0.136624	-0.283	0.283
   460	-0.103445	-0.283	0.283
   461	-0.121728	-0.283	0.283
   462	-0.144671	-0.283	0.283
   463	-0.139409	-0.283	0.283
   464	-0.148717	-0.283	0.283
   465	-0.131761	-0.283	0.283
   466	-0.145459	-0.283	0.283
   467	-0.124882	-0.283	0.283
   468	-0.126239	-0.283	0.283
   469	-0.129049	-0.283	0.283
   470	-0.143778	-0.283	0.283
   471	-0.129418	-0.283	0.283
   472	-0.146683	-0.283	0.283
   473	-0.120079	-0.283	0.283
   474	-0.149069	-0.283	0.283
   475	-0.145425	-0.283	0.283
   476	-0.116333	-0.283	0.283
   477	-0.139127	-0.283	0.283
   478	-0.120441	-0.283	0.283
   479	-0.1465	-0.283	0.283
   480	-0.107165	-0.283	0.283
   481	-0.136659	-0.283	0.283
   482	-0.139246	-0.283	0.283
   483	-0.0881386	-0.283	0.283
   484	-0.149537	-0.283	0.283
   485	-0.134996	-0.283	0.283
   486	-0.132288	-0.283	0.283
   487	-0.121075	-0.283	0.283
   488	-0.112217	-0.283	0.283
   489	-0.126532	-0.283	0.283
   490	-0.11903	-0.283	0.283
   491	-0.140896	-0.283	0.283
   492	-0.144042	-0.283	0.283
   493	-0.104249	-0.283	0.283
   494	-0.11675	-0.283	0.283
   495	-0.135968	-0.283	0.283
   496	-0.149479	-0.283	0.283
   497	-0.139248	-0.283	0.283
   498	-0.134675	-0.283	0.283
   499	-0.127366	-0.283	0.283
   500	-0.145779	-0.283	0.283
   501	-0.125049	-0.283	0.283
   502	-0.119868	-0.283	0.283
   503	-0.133834	-0.283	0.283
   504	-0.151103	-0.283	0.283
   505	-0.129669	-0.283	0.283
   506	-0.125867	-0.283	0.283
   507	-0.116041	-0.283	0.283
   508	-0.122904	-0.283	0.283
   509	-0.146738	-0.283	0.283
   510	-0.116481	-0.283	0.283
   511	-0.0775394	-0.283	0.283
   512	-0.133996	-0.283	0.283
   513	-0.107282	-0.283	0.283
   514	-0.145891	-0.283	0.283
   515	-0.116352	-0.283	0.283
   516	-0.125779	-0.283	0.283
   517	-0.143945	-0.283	0.283
   518	-0.115545	-0.283	0.283
   519	-0.10364	-0.283	0.283
   520	-0.111566	-0.283	0.283
   521	-0.146839	-0.283	0.283
   522	-0.0801127	-0.283	0.283
   523	-0.133419	-0.283	0.283
   524	-0.126266	-0.283	0.283
   525	-0.0965287	-0.283	0.283
   526	-0.0964863	-0.283	0.283
   527	-0.137819	-0.283	0.283
   528	-0.127557	-0.283	0.283
   529	-0.14216	-0.283	0.283
   530	-0.135318	-0.283	0.283
   531	-0.128074	-0.283	0.283
   532	-0.130172	-0.283	0.283
   533	-0.14165	-0.283	0.283
   534	-0.133896	-0.283	0.283
   535	-0.148257	-0.283	0.283
   536	-0.13536	-0.283	0.283
   537	-0.137493	-0.283	0.283
   538	-0.118273	-0.283	0.283
   539	-0.11202	-0.283	0.283
   540	-0.124233	-0.283	0.283
   541	-0.0887474	-0.283	0.283
   542	-0.144888	-0.283	0.283
   543	-0.102624	-0.283	0.283
   544	-0.106388	-0.283	0.283
   545	-0.132054	-0.283	0.283
   546	-0.117251	-0.283	0.283
   547	-0.133867	-0.283	0.283
   548	-0.0749514	-0.283	0.283
   549	-0.144559	-0.283	0.283
   550	-0.149409	-0.283	0.283
   551	-0.141011	-0.283	0.283
   552	-0.129181	-0.283	0.283
   553	-0.140278	-0.283	0.283
   554	-0.129712	-0.283	0.283
   555	-0.0919017	-0.283	0.283
   556	-0.0963933	-0.283	0.283
   557	-0.149289	-0.283	0.283
   558	-0.130319	-0.283	0.283
   559	-0.117383	-0.283	0.283
   560	-0.141568	-0.283	0.283
   561	-0.122682	-0.283	0.283
   562	-0.144593	-0.283	0.283
   563	-0.0897371	-0.283	0.283
   564	-0.146167	-0.283	0.283
   565	-0.145935	-0.283	0.283
   566	-0.105626	-0.283	0.283
   567	-0.149291	-0.283	0.283
   568	-0.115252	-0.283	0.283
   569	-0.1462	-0.283	0.283
   570	-0.136887	-0.283	0.283
   571	-0.146493	-0.283	0.283
   572	-0.12947	-0.283	0.283
   573	-0.0999138	-0.283	0.283
   574	-0.145715	-0.283	0.283
   575	-0.139596	-0.283	0.283
   576	-0.1089	-0.283	0.283
   577	-0.125021	-0.283	0.283
   578	-0.121231	-0.283	0.283
   579	-0.145633	-0.283	0.283
   580	-0.116914	-0.283	0.283
   581	-0.149885	-0.283	0.283
   582	-0.145211	-0.283	0.283
   583	-0.0848345	-0.283	0.283
   584	-0.133464	-0.283	0.283
   585	-0.114528	-0.283	0.283
   586	-0.11944	-0.283	0.283
   587	-0.132818	-0.283	0.283
   588	-0.103653	-0.283	0.283
   589	-0.11039	-0.283	0.283
   590	-0.145204	-0.283	0.283
   591	-0.105176	-0.283	0.283
   592	-0.136948	-0.283	0.283
   593	-0.0891912	-0.283	0.283
   594	-0.149857	-0.283	0.283
   595	-0.147865	-0.283	0.283
   596	-0.148552	-0.283	0.283
   597	-0.0899378	-0.283	0.283
   598	-0.147794	-0.283	0.283
   599	-0.126581	-0.283	0.283
   600	-0.149023	-0.283	0.283
   601	-0.149557	-0.283	0.283
   602	-0.121939	-0.283	0.283
   603	-0.150243	-0.283	0.283
   604	-0.116717	-0.283	0.283
   605	-0.137249	-0.283	0.283
   606	-0.125978	-0.283	0.283
   607	-0.125792	-0.283	0.283
   608	-0.140563	-0.283	0.283
   609	-0.110559	-0.283	0.283
   610	-0.139884	-0.283	0.283
   611	-0.145365	-0.283	0.283
   612	-0.0665803	-0.283	0.283
   613	-0.126876	-0.283	0.283
   614	-0.135385	-0.283	0.283
   615	-0.123353	-0.283	0.283
   616	-0.120938	-0.283	0.283
   617	-0.143489	-0.283	0.283
   618	-0.139414	-0.283	0.283
   619	-0.092138	-0.283	0.283
   620	-0.141543	-0.283	0.283
   621	-0.137431	-0.283	0.283
   622	-0.124479	-0.283	0.283
   623	-0.111257	-0.283	0.283
   624	-0.113655	-0.283	0.283
   625	-0.145484	-0.283	0.283
   626	-0.143674	-0.283	0.283
   627	-0.114181	-0.283	0.283
   628	-0.117653	-0.283	0.283
   629	-0.107071	-0.283	0.283
   630	-0.0774785	-0.283	0.283
   631	-0.116261	-0.283	0.283
   632	-0.124174	-0.283	0.283
   633	-0.133563	-0.283	0.283
   634	-0.133758	-0.283	0.283
   635	-0.0702767	-0.283	0.283
   636	-0.140614	-0.283	0.283
   637	-0.112414	-0.283	0.283
   638	-0.147459	-0.283	0.283
   639	-0.148805	-0.283	0.283
   640	-0.133812	-0.283	0.283
   641	-0.117824	-0.283	0.283
   642	-0.118697	-0.283	0.283
   643	-0.125002	-0.283	0.283
   644	-0.12107	-0.283	0.283
   645	-0.149662	-0.283	0.283
   646	-0.0966689	-0.283	0.283
   647	-0.139109	-0.283	0.283
   648	-0.118435	-0.283	0.283
   649	-0.0913694	-0.283	0.283
   650	-0.116277	-0.283	0.283
   651	-0.142671	-0.283	0.283
   652	-0.110617	-0.283	0.283
   653	-0.140534	-0.283	0.283
   654	-0.126142	-0.283	0.283
   655	-0.0971936	-0.283	0.283
   656	-0.122808	-0.283	0.283
   657	-0.132328	-0.283	0.283
   658	-0.109485	-0.283	0.283
   659	-0.13594	-0.283	0.283
   660	-0.14659	-0.283	0.283
   661	-0.126528	-0.283	0.283
   662	-0.145927	-0.283	0.283
   663	-0.110796	-0.283	0.283
   664	-0.146481	-0.283	0.283
   665	-0.143522	-0.283	0.283
   666	-0.0878689	-0.283	0.283
   667	-0.106054	-0.283	0.283
   668	-0.137228	-0.283	0.283
   669	-0.113561	-0.283	0.283
   670	-0.111665	-0.283	0.283
   671	-0.126229	-0.283	0.283
   672	-0.142523	-0.283	0.283
   673	-0.132631	-0.283	0.283
   674	-0.108118	-0.283	0.283
   675	-0.123178	-0.283	0.283
   676	-0.147873	-0.283	0.283
   677	-0.123616	-0.283	0.283
   678	-0.136204	-0.283	0.283
   679	-0.12587	-0.283	0.283
   680	-0.122506	-0.283	0.283
   681	-0.13442	-0.283	0.283
   682	-0.147136	-0.283	0.283
   683	-0.140958	-0.283	0.283
   684	-0.147276	-0.283	0.283
   685	-0.112626	-0.283	0.283
   686	-0.114448	-0.283	0.283
   687	-0.0936641	-0.283	0.283
   688	-0.116881	-0.283	0.283
   689	-0.123536	-0.283	0.283
   690	-0.122505	-0.283	0.283
   691	-0.140771	-0.283	0.283
   692	-0.134291	-0.283	0.283
   693	-0.139948	-0.283	0.283
   694	-0.129675	-0.283	0.283
   695	-0.113591	-0.283	0.283
   696	-0.093239	-0.283	0.283
   697	-0.128562	-0.283	0.283
   698	-0.083532	-0.283	0.283
   699	-0.118058	-0.283	0.283
   700	-0.116318	-0.283	0.283
   701	-0.149249	-0.283	0.283
   702	-0.145268	-0.283	0.283
   703	-0.109516	-0.283	0.283
   704	-0.134448	-0.283	0.283
   705	-0.144611	-0.283	0.283
   706	-0.0837591	-0.283	0.283
   707	-0.147638	-0.283	0.283
   708	-0.0928099	-0.283	0.283
   709	-0.138721	-0.283	0.283
   710	-0.149176	-0.283	0.283
   711	-0.133754	-0.283	0.283
   712	-0.128988	-0.283	0.283
   713	-0.146128	-0.283	0.283
   714	-0.141072	-0.283	0.283
   715	-0.107439	-0.283	0.283
   716	-0.0987351	-0.283	0.283
   717	-0.143787	-0.283	0.283
   718	-0.126856	-0.283	0.283
   719	-0.138268	-0.283	0.283
   720	-0.130447	-0.283	0.283
   721	-0.0766609	-0.283	0.283
   722	-0.109091	-0.283	0.283
   723	-0.0960279	-0.283	0.283
   724	-0.120551	-0.283	0.283
   725	-0.134453	-0.283	0.283
   726	-0.139906	-0.283	0.283
   727	-0.116549	-0.283	0.283
   728	-0.120187	-0.283	0.283
   729	-0.137042	-0.283	0.283
   730	-0.142649	-0.283	0.283
   731	-0.14076	-0.283	0.283
   732	-0.143955	-0.283	0.283
   733	-0.13386	-0.283	0.283
   734	-0.129735	-0.283	0.283
   735	-0.143201	-0.283	0.283
   736	-0.132541	-0.283	0.283
   737	-0.137648	-0.283	0.283
   738	-0.148051	-0.283	0.283
   739	-0.150512	-0.283	0.283
   740	-0.13847	-0.283	0.283
   741	-0.145846	-0.283	0.283
   742	-0.0939068	-0.283	0.283
   743	-0.130166	-0.283	0.283
   744	-0.129434	-0.283	0.283
   745	-0.143841	-0.283	0.283
   746	-0.116124	-0.283	0.283
   747	-0.148115	-0.283	0.283
   748	-0.097219	-0.283	0.283
   749	-0.140944	-0.283	0.283
   750	-0.144534	-0.283	0.283
   751	-0.128883	-0.283	0.283
   752	-0.1242	-0.283	0.283
   753	-0.105773	-0.283	0.283
   754	-0.111183	-0.283	0.283
   755	-0.139521	-0.283	0.283
   756	-0.143272	-0.283	0.283
   757	-0.146809	-0.283	0.283
   758	-0.138319	-0.283	0.283
   759	-0.130211	-0.283	0.283
   760	-0.109528	-0.283	0.283
   761	-0.100067	-0.283	0.283
   762	-0.139673	-0.283	0.283
   763	-0.093011	-0.283	0.283
   764	-0.129356	-0.283	0.283
   765	-0.144863	-0.283	0.283
   766	-0.115503	-0.283	0.283
   767	-0.147854	-0.283	0.283
   768	-0.148007	-0.283	0.283
   769	-0.10262	-0.283	0.283
   770	-0.144291	-0.283	0.283
   771	-0.129255	-0.283	0.283
   772	-0.135753	-0.283	0.283
   773	-0.143128	-0.283	0.283
   774	-0.11775	-0.283	0.283
   775	-0.0867275	-0.283	0.283
   776	-0.104869	-0.283	0.283
   777	-0.145994	-0.283	0.283
   778	-0.120055	-0.283	0.283
   779	-0.114062	-0.283	0.283
   780	-0.129093	-0.283	0.283
   781	-0.146712	-0.283	0.283
   782	-0.11595	-0.283	0.283
   783	-0.141856	-0.283	0.283
   784	-0.122705	-0.283	0.283
   785	-0.141725	-0.283	0.283
   786	-0.124622	-0.283	0.283
   787	-0.148409	-0.283	0.283
   788	-0.129239	-0.283	0.283
   789	-0.106369	-0.283	0.283
   790	-0.121523	-0.283	0.283
   791	-0.142246	-0.283	0.283
   792	-0.127653	-0.283	0.283
   793	-0.118681	-0.283	0.283
   794	-0.137993	-0.283	0.283
   795	-0.131124	-0.283	0.283
   796	-0.145316	-0.283	0.283
   797	-0.139413	-0.283	0.283
   798	-0.111331	-0.283	0.283
   799	-0.134141	-0.283	0.283
   800	-0.124454	-0.283	0.283
   801	-0.149615	-0.283	0.283
   802	-0.0881055	-0.283	0.283
   803	-0.117778	-0.283	0.283
   804	-0.149556	-0.283	0.283
   805	-0.137334	-0.283	0.283
   806	-0.112602	-0.283	0.283
   807	-0.136283	-0.283	0.283
   808	-0.112835	-0.283	0.283
   809	-0.116805	-0.283	0.283
   810	-0.126697	-0.283	0.283
   811	-0.100505	-0.283	0.283
   812	-0.0903037	-0.283	0.283
   813	-0.111509	-0.283	0.283
   814	-0.125227	-0.283	0.283
   815	-0.0908491	-0.283	0.283
   816	-0.105014	-0.283	0.283
   817	-0.13335	-0.283	0.283
   818	-0.116173	-0.283	0.283
   819	-0.121026	-0.283	0.283
   820	-0.142481	-0.283	0.283
   821	-0.128596	-0.283	0.283
   822	-0.117456	-0.283	0.283
   823	-0.143657	-0.283	0.283
   824	-0.0828716	-0.283	0.283
   825	-0.110629	-0.283	0.283
   826	-0.124764	-0.283	0.283
   827	-0.146039	-0.283	0.283
   828	-0.143101	-0.283	0.283
   829	-0.135308	-0.283	0.283
   830	-0.114643	-0.283	0.283
   831	-0.125188	-0.283	0.283
   832	-0.0954419	-0.283	0.283
   833	-0.127841	-0.283	0.283
   834	-0.098021	-0.283	0.283
   835	-0.121317	-0.283	0.283
   836	-0.13428	-0.283	0.283
   837	-0.109261	-0.283	0.283
   838	-0.118806	-0.283	0.283
   839	-0.121252	-0.283	0.283
   840	-0.102067	-0.283	0.283
   841	-0.145638	-0.283	0.283
   842	-0.13809	-0.283	0.283
   843	-0.111381	-0.283	0.283
   844	-0.142766	-0.283	0.283
   845	-0.144549	-0.283	0.283
   846	-0.149786	-0.283	0.283
   847	-0.134754	-0.283	0.283
   848	-0.140435	-0.283	0.283
   849	-0.138221	-0.283	0.283
   850	-0.125738	-0.283	0.283
   851	-0.129024	-0.283	0.283
   852	-0.13198	-0.283	0.283
   853	-0.0890734	-0.283	0.283
   854	-0.10391	-0.283	0.283
   855	-0.132477	-0.283	0.283
   856	-0.146338	-0.283	0.283
   857	-0.130392	-0.283	0.283
   858	-0.141078	-0.283	0.283
   859	-0.139688	-0.283	0.283
   860	-0.144215	-0.283	0.283
   861	-0.116589	-0.283	0.283
   862	-0.146263	-0.283	0.283
   863	-0.142695	-0.283	0.283
   864	-0.113306	-0.283	0.283
   865	-0.11798	-0.283	0.283
   866	-0.112706	-0.283	0.283
   867	-0.106531	-0.283	0.283
   868	-0.129099	-0.283	0.283
   869	-0.105177	-0.283	0.283
   870	-0.105031	-0.283	0.283
   871	-0.146325	-0.283	0.283
   872	-0.115001	-0.283	0.283
   873	-0.118976	-0.283	0.283
   874	-0.116619	-0.283	0.283
   875	-0.123284	-0.283	0.283
   876	-0.122393	-0.283	0.283
   877	-0.137066	-0.283	0.283
   878	-0.140184	-0.283	0.283
   879	-0.12846	-0.283	0.283
   880	-0.141297	-0.283	0.283
   881	-0.10036	-0.283	0.283
   882	-0.0940068	-0.283	0.283
   883	-0.100852	-0.283	0.283
   884	-0.142987	-0.283	0.283
   885	-0.148634	-0.283	0.283
   886	-0.139414	-0.283	0.283
   887	-0.141607	-0.283	0.283
   888	-0.128312	-0.283	0.283
   889	-0.11341	-0.283	0.283
   890	-0.134152	-0.283	0.283
   891	-0.0573995	-0.283	0.283
   892	-0.149852	-0.283	0.283
   893	-0.124536	-0.283	0.283
   894	-0.105655	-0.283	0.283
   895	-0.132168	-0.283	0.283
   896	-0.12041	-0.283	0.283
   897	-0.14713	-0.283	0.283
   898	-0.13898	-0.283	0.283
   899	-0.140926	-0.283	0.283
   900	-0.135568	-0.283	0.283
   901	-0.114139	-0.283	0.283
   902	-0.130912	-0.283	0.283
   903	-0.090546	-0.283	0.283
   904	-0.124039	-0.283	0.283
   905	-0.138887	-0.283	0.283
   906	-0.08567	-0.283	0.283
   907	-0.136407	-0.283	0.283
   908	-0.123253	-0.283	0.283
   909	-0.0992794	-0.283	0.283
   910	-0.145008	-0.283	0.283
   911	-0.111482	-0.283	0.283
   912	-0.120272	-0.283	0.283
   913	-0.130241	-0.283	0.283
   914	-0.129332	-0.283	0.283
   915	-0.119366	-0.283	0.283
   916	-0.149006	-0.283	0.283
   917	-0.13913	-0.283	0.283
   918	-0.0894237	-0.283	0.283
   919	-0.10884	-0.283	0.283
   920	-0.132899	-0.283	0.283
   921	-0.120266	-0.283	0.283
   922	-0.0987354	-0.283	0.283
   923	-0.128871	-0.283	0.283
   924	-0.118279	-0.283	0.283
   925	-0.132497	-0.283	0.283
   926	-0.145093	-0.283	0.283
   927	-0.0979596	-0.283	0.283
   928	-0.0833727	-0.283	0.283
   929	-0.103859	-0.283	0.283
   930	-0.14136	-0.283	0.283
   931	-0.121727	-0.283	0.283
   932	-0.10658	-0.283	0.283
   933	-0.121065	-0.283	0.283
   934	-0.0996336	-0.283	0.283
   935	-0.125385	-0.283	0.283
   936	-0.114996	-0.283	0.283
   937	-0.132251	-0.283	0.283
   938	-0.0803478	-0.283	0.283
   939	-0.135579	-0.283	0.283
   940	-0.0791071	-0.283	0.283
   941	-0.146692	-0.283	0.283
   942	-0.095554	-0.283	0.283
   943	-0.139773	-0.283	0.283
   944	-0.136998	-0.283	0.283
   945	-0.127523	-0.283	0.283
   946	-0.143214	-0.283	0.283
   947	-0.0714009	-0.283	0.283
   948	-0.120108	-0.283	0.283
   949	-0.14251	-0.283	0.283
   950	-0.130311	-0.283	0.283
   951	-0.129953	-0.283	0.283
   952	-0.0945869	-0.283	0.283
   953	-0.12679	-0.283	0.283
   954	-0.133162	-0.283	0.283
   955	-0.125918	-0.283	0.283
   956	-0.113937	-0.283	0.283
   957	-0.13282	-0.283	0.283
   958	-0.140006	-0.283	0.283
   959	-0.150018	-0.283	0.283
   960	-0.132761	-0.283	0.283
   961	-0.0824756	-0.283	0.283
   962	-0.130534	-0.283	0.283
   963	-0.123252	-0.283	0.283
   964	-0.126174	-0.283	0.283
   965	-0.122484	-0.283	0.283
   966	-0.141966	-0.283	0.283
   967	-0.13746	-0.283	0.283
   968	-0.108755	-0.283	0.283
   969	-0.136146	-0.283	0.283
   970	-0.138485	-0.283	0.283
   971	-0.118635	-0.283	0.283
   972	-0.138203	-0.283	0.283
   973	-0.137002	-0.283	0.283
   974	-0.137074	-0.283	0.283
   975	-0.0838641	-0.283	0.283
   976	-0.1419	-0.283	0.283
   977	-0.131194	-0.283	0.283
   978	-0.140488	-0.283	0.283
   979	-0.114849	-0.283	0.283
   980	-0.139587	-0.283	0.283
   981	-0.138422	-0.283	0.283
   982	-0.132733	-0.283	0.283
   983	-0.10599	-0.283	0.283
   984	-0.127821	-0.283	0.283
   985	-0.134321	-0.283	0.283
   986	-0.141144	-0.283	0.283
   987	-0.0939763	-0.283	0.283
   988	-0.13489	-0.283	0.283
   989	-0.128721	-0.283	0.283
   990	-0.138768	-0.283	0.283
   991	-0.149374	-0.283	0.283
   992	-0.146482	-0.283	0.283
   993	-0.11203	-0.283	0.283
   994	-0.0780648	-0.283	0.283
   995	-0.146253	-0.283	0.283
   996	-0.115078	-0.283	0.283
   997	-0.0876424	-0.283	0.283
   998	-0.126952	-0.283	0.283
   999	-0.142683	-0.283	0.283
  1000	-0.141746	-0.283	0.283
  1001	-0.111791	-0.283	0.283
  1002	-0.145151	-0.283	0.283
  1003	-0.118298	-0.283	0.283
  1004	-0.144583	-0.283	0.283
  1005	-0.117457	-0.283	0.283
  1006	-0.0947497	-0.283	0.283
  1007	-0.134027	-0.283	0.283
  1008	-0.110274	-0.283	0.283
  1009	-0.139115	-0.283	0.283
  1010	-0.134862	-0.283	0.283
  1011	-0.121924	-0.283	0.283
  1012	-0.0911446	-0.283	0.283
  1013	-0.14822	-0.283	0.283
  1014	-0.0801753	-0.283	0.283
  1015	-0.145905	-0.283	0.283
  1016	-0.104769	-0.283	0.283
  1017	-0.110526	-0.283	0.283
  1018	-0.145581	-0.283	0.283
  1019	-0.136652	-0.283	0.283
  1020	-0.148421	-0.283	0.283
  1021	-0.0995144	-0.283	0.283
  1022	-0.116055	-0.283	0.283
  1023	-0.135661	-0.283	0.283
  1024	-0.106984	-0.283	0.283
  1025	-0.142038	-0.283	0.283
  1026	-0.135227	-0.283	0.283
  1027	-0.141818	-0.283	0.283
  1028	-0.112201	-0.283	0.283
  1029	-0.127714	-0.283	0.283
  1030	-0.143882	-0.283	0.283
  1031	-0.12135	-0.283	0.283
  1032	-0.125686	-0.283	0.283
  1033	-0.136932	-0.283	0.283
  1034	-0.108003	-0.283	0.283
  1035	-0.1374	-0.283	0.283
  1036	-0.115797	-0.283	0.283
  1037	-0.0900902	-0.283	0.283
  1038	-0.0987991	-0.283	0.283
  1039	-0.137767	-0.283	0.283
  1040	-0.118826	-0.283	0.283
  1041	-0.109491	-0.283	0.283
  1042	-0.1051	-0.283	0.283
  1043	-0.118336	-0.283	0.283
  1044	-0.12566	-0.283	0.283
  1045	-0.141656	-0.283	0.283
  1046	-0.109753	-0.283	0.283
  1047	-0.119622	-0.283	0.283
  1048	-0.148606	-0.283	0.283
  1049	-0.116363	-0.283	0.283
  1050	-0.136786	-0.283	0.283
  1051	-0.107998	-0.283	0.283
  1052	-0.0827411	-0.283	0.283
  1053	-0.119015	-0.283	0.283
  1054	-0.133477	-0.283	0.283
  1055	-0.146666	-0.283	0.283
  1056	-0.12712	-0.283	0.283
  1057	-0.142897	-0.283	0.283
  1058	-0.138357	-0.283	0.283
  1059	-0.12407	-0.283	0.283
  1060	-0.132947	-0.283	0.283
  1061	-0.120478	-0.283	0.283
  1062	-0.117728	-0.283	0.283
  1063	-0.140587	-0.283	0.283
  1064	-0.128069	-0.283	0.283
  1065	-0.125456	-0.283	0.283
  1066	-0.0735609	-0.283	0.283
  1067	-0.107107	-0.283	0.283
  1068	-0.130921	-0.283	0.283
  1069	-0.105879	-0.283	0.283
  1070	-0.11925	-0.283	0.283
  1071	-0.141399	-0.283	0.283
  1072	-0.130692	-0.283	0.283
  1073	-0.147118	-0.283	0.283
  1074	-0.145842	-0.283	0.283
  1075	-0.138386	-0.283	0.283
  1076	-0.12049	-0.283	0.283
  1077	-0.13941	-0.283	0.283
  1078	-0.12887	-0.283	0.283
  1079	-0.112147	-0.283	0.283
  1080	-0.108167	-0.283	0.283
  1081	-0.123558	-0.283	0.283
  1082	-0.1296	-0.283	0.283
  1083	-0.135707	-0.283	0.283
  1084	-0.0859026	-0.283	0.283
  1085	-0.149973	-0.283	0.283
  1086	-0.125242	-0.283	0.283
  1087	-0.120083	-0.283	0.283
  1088	-0.118939	-0.283	0.283
  1089	-0.133257	-0.283	0.283
  1090	-0.144808	-0.283	0.283
  1091	-0.141749	-0.283	0.283
  1092	-0.124637	-0.283	0.283
  1093	-0.0996408	-0.283	0.283
  1094	-0.145799	-0.283	0.283
  1095	-0.120578	-0.283	0.283
  1096	-0.128418	-0.283	0.283
  1097	-0.145018	-0.283	0.283
  1098	-0.121274	-0.283	0.283
  1099	-0.135246	-0.283	0.283
  1100	-0.127616	-0.283	0.283
  1101	-0.119023	-0.283	0.283
  1102	-0.116803	-0.283	0.283
  1103	-0.13423	-0.283	0.283
  1104	-0.146656	-0.283	0.283
  1105	-0.120562	-0.283	0.283
  1106	-0.107587	-0.283	0.283
  1107	-0.128765	-0.283	0.283
  1108	-0.148219	-0.283	0.283
  1109	-0.139674	-0.283	0.283
  1110	-0.109825	-0.283	0.283
  1111	-0.103339	-0.283	0.283
  1112	-0.148675	-0.283	0.283
  1113	-0.144234	-0.283	0.283
  1114	-0.126031	-0.283	0.283
  1115	-0.106382	-0.283	0.283
  1116	-0.13264	-0.283	0.283
  1117	-0.142302	-0.283	0.283
  1118	-0.14044	-0.283	0.283
  1119	-0.0626626	-0.283	0.283
  1120	-0.142931	-0.283	0.283
  1121	-0.125378	-0.283	0.283
  1122	-0.139575	-0.283	0.283
  1123	-0.128153	-0.283	0.283
  1124	-0.131942	-0.283	0.283
  1125	-0.13105	-0.283	0.283
  1126	-0.133231	-0.283	0.283
  1127	-0.127742	-0.283	0.283
  1128	-0.109279	-0.283	0.283
  1129	-0.110665	-0.283	0.283
  1130	-0.144487	-0.283	0.283
  1131	-0.142044	-0.283	0.283
  1132	-0.128066	-0.283	0.283
  1133	-0.139413	-0.283	0.283
  1134	-0.146514	-0.283	0.283
  1135	-0.144571	-0.283	0.283
  1136	-0.140126	-0.283	0.283
  1137	-0.144019	-0.283	0.283
  1138	-0.108925	-0.283	0.283
  1139	-0.111866	-0.283	0.283
  1140	-0.147715	-0.283	0.283
  1141	-0.107496	-0.283	0.283
  1142	-0.0974187	-0.283	0.283
  1143	-0.145038	-0.283	0.283
  1144	-0.131921	-0.283	0.283
  1145	-0.141601	-0.283	0.283
  1146	-0.143732	-0.283	0.283
  1147	-0.144473	-0.283	0.283
  1148	-0.115467	-0.283	0.283
  1149	-0.12023	-0.283	0.283
  1150	-0.144879	-0.283	0.283
  1151	-0.100554	-0.283	0.283
  1152	-0.129281	-0.283	0.283
  1153	-0.0960155	-0.283	0.283
  1154	-0.0986052	-0.283	0.283
  1155	-0.145363	-0.283	0.283
  1156	-0.146855	-0.283	0.283
  1157	-0.114774	-0.283	0.283
  1158	-0.151371	-0.283	0.283
  1159	-0.116612	-0.283	0.283
  1160	-0.105666	-0.283	0.283
  1161	-0.141509	-0.283	0.283
  1162	-0.142321	-0.283	0.283
  1163	-0.135945	-0.283	0.283
  1164	-0.143567	-0.283	0.283
  1165	-0.147904	-0.283	0.283
  1166	-0.132131	-0.283	0.283
  1167	-0.147221	-0.283	0.283
  1168	-0.0803728	-0.283	0.283
  1169	-0.13316	-0.283	0.283
  1170	-0.147368	-0.283	0.283
  1171	-0.129657	-0.283	0.283
  1172	-0.139163	-0.283	0.283
  1173	-0.135809	-0.283	0.283
  1174	-0.139921	-0.283	0.283
  1175	-0.142843	-0.283	0.283
  1176	-0.135895	-0.283	0.283
  1177	-0.141909	-0.283	0.283
  1178	-0.122533	-0.283	0.283
  1179	-0.105355	-0.283	0.283
  1180	-0.122216	-0.283	0.283
  1181	-0.146202	-0.283	0.283
  1182	-0.148762	-0.283	0.283
  1183	-0.103254	-0.283	0.283
  1184	-0.119176	-0.283	0.283
  1185	-0.146063	-0.283	0.283
  1186	-0.147424	-0.283	0.283
  1187	-0.128639	-0.283	0.283
  1188	-0.132113	-0.283	0.283
  1189	-0.148635	-0.283	0.283
  1190	-0.134794	-0.283	0.283
  1191	-0.147096	-0.283	0.283
  1192	-0.116338	-0.283	0.283
  1193	-0.0875414	-0.283	0.283
  1194	-0.149556	-0.283	0.283
  1195	-0.136938	-0.283	0.283
  1196	-0.146239	-0.283	0.283
  1197	-0.104743	-0.283	0.283
  1198	-0.147897	-0.283	0.283
  1199	-0.0579914	-0.283	0.283
  1200	-0.135766	-0.283	0.283
  1201	-0.134899	-0.283	0.283
  1202	-0.138399	-0.283	0.283
  1203	-0.128569	-0.283	0.283
  1204	-0.075665	-0.283	0.283
  1205	-0.0772763	-0.283	0.283
  1206	-0.0966802	-0.283	0.283
  1207	-0.120265	-0.283	0.283
  1208	-0.0792467	-0.283	0.283
  1209	-0.148321	-0.283	0.283
  1210	-0.119269	-0.283	0.283
  1211	-0.145848	-0.283	0.283
  1212	-0.133803	-0.283	0.283
  1213	-0.116455	-0.283	0.283
  1214	-0.140528	-0.283	0.283
  1215	-0.109801	-0.283	0.283
  1216	-0.082006	-0.283	0.283
  1217	-0.141901	-0.283	0.283
  1218	-0.0857721	-0.283	0.283
  1219	-0.147333	-0.283	0.283
  1220	-0.129147	-0.283	0.283
  1221	-0.139509	-0.283	0.283
  1222	-0.127065	-0.283	0.283
  1223	-0.139788	-0.283	0.283
  1224	-0.142797	-0.283	0.283
  1225	-0.147246	-0.283	0.283
  1226	-0.11657	-0.283	0.283
  1227	-0.103527	-0.283	0.283
  1228	-0.148165	-0.283	0.283
  1229	-0.141946	-0.283	0.283
  1230	-0.121094	-0.283	0.283
  1231	-0.121261	-0.283	0.283
  1232	-0.0832975	-0.283	0.283
  1233	-0.13339	-0.283	0.283
  1234	-0.115676	-0.283	0.283
  1235	-0.130474	-0.283	0.283
  1236	-0.141957	-0.283	0.283
  1237	-0.106788	-0.283	0.283
  1238	-0.147125	-0.283	0.283
  1239	-0.067092	-0.283	0.283
  1240	-0.122344	-0.283	0.283
  1241	-0.137028	-0.283	0.283
  1242	-0.130691	-0.283	0.283
  1243	-0.142431	-0.283	0.283
  1244	-0.135714	-0.283	0.283
  1245	-0.13277	-0.283	0.283
  1246	-0.12928	-0.283	0.283
  1247	-0.144717	-0.283	0.283
  1248	-0.116435	-0.283	0.283
  1249	-0.117571	-0.283	0.283
  1250	-0.148159	-0.283	0.283
  1251	-0.125833	-0.283	0.283
  1252	-0.147548	-0.283	0.283
  1253	-0.130691	-0.283	0.283
  1254	-0.143393	-0.283	0.283
  1255	-0.146507	-0.283	0.283
  1256	-0.138763	-0.283	0.283
  1257	-0.120945	-0.283	0.283
  1258	-0.12755	-0.283	0.283
  1259	-0.10297	-0.283	0.283
  1260	-0.111315	-0.283	0.283
  1261	-0.14363	-0.283	0.283
  1262	-0.0802307	-0.283	0.283
  1263	-0.1442	-0.283	0.283
  1264	-0.150445	-0.283	0.283
  1265	-0.145066	-0.283	0.283
  1266	-0.076653	-0.283	0.283
  1267	-0.112711	-0.283	0.283
  1268	-0.134435	-0.283	0.283
  1269	-0.113037	-0.283	0.283
  1270	-0.123416	-0.283	0.283
  1271	-0.129359	-0.283	0.283
  1272	-0.14591	-0.283	0.283
  1273	-0.0685507	-0.283	0.283
  1274	-0.113912	-0.283	0.283
  1275	-0.145272	-0.283	0.283
  1276	-0.0974185	-0.283	0.283
  1277	-0.13801	-0.283	0.283
  1278	-0.126713	-0.283	0.283
  1279	-0.140146	-0.283	0.283
  1280	-0.110082	-0.283	0.283
  1281	-0.129606	-0.283	0.283
  1282	-0.0902157	-0.283	0.283
  1283	-0.127849	-0.283	0.283
  1284	-0.0918945	-0.283	0.283
  1285	-0.120494	-0.283	0.283
  1286	-0.109938	-0.283	0.283
  1287	-0.129859	-0.283	0.283
  1288	-0.127853	-0.283	0.283
  1289	-0.108695	-0.283	0.283
  1290	-0.111781	-0.283	0.283
  1291	-0.115692	-0.283	0.283
  1292	-0.138497	-0.283	0.283
  1293	-0.123282	-0.283	0.283
  1294	-0.115317	-0.283	0.283
  1295	-0.146535	-0.283	0.283
  1296	-0.148024	-0.283	0.283
  1297	-0.127921	-0.283	0.283
  1298	-0.119942	-0.283	0.283
  1299	-0.082121	-0.283	0.283
  1300	-0.108601	-0.283	0.283
  1301	-0.149097	-0.283	0.283
  1302	-0.107303	-0.283	0.283
  1303	-0.115936	-0.283	0.283
  1304	-0.115558	-0.283	0.283
  1305	-0.10624	-0.283	0.283
  1306	-0.148289	-0.283	0.283
  1307	-0.143056	-0.283	0.283
  1308	-0.147953	-0.283	0.283
  1309	-0.0908093	-0.283	0.283
  1310	-0.101583	-0.283	0.283
  1311	-0.146839	-0.283	0.283
  1312	-0.132153	-0.283	0.283
  1313	-0.140756	-0.283	0.283
  1314	-0.113506	-0.283	0.283
  1315	-0.110061	-0.283	0.283
  1316	-0.123182	-0.283	0.283
  1317	-0.0913178	-0.283	0.283
  1318	-0.14503	-0.283	0.283
  1319	-0.135507	-0.283	0.283
  1320	-0.116047	-0.283	0.283
  1321	-0.140878	-0.283	0.283
  1322	-0.116506	-0.283	0.283
  1323	-0.127908	-0.283	0.283
  1324	-0.123925	-0.283	0.283
  1325	-0.140736	-0.283	0.283
  1326	-0.126752	-0.283	0.283
  1327	-0.13246	-0.283	0.283
  1328	-0.1242	-0.283	0.283
  1329	-0.140867	-0.283	0.283
  1330	-0.119278	-0.283	0.283
  1331	-0.115772	-0.283	0.283
  1332	-0.096966	-0.283	0.283
  1333	-0.108529	-0.283	0.283
  1334	-0.14589	-0.283	0.283
  1335	-0.10491	-0.283	0.283
  1336	-0.136551	-0.283	0.283
  1337	-0.145958	-0.283	0.283
  1338	-0.0986286	-0.283	0.283
  1339	-0.132304	-0.283	0.283
  1340	-0.105754	-0.283	0.283
  1341	-0.113586	-0.283	0.283
  1342	-0.120667	-0.283	0.283
  1343	-0.133175	-0.283	0.283
  1344	-0.112979	-0.283	0.283
  1345	-0.0947198	-0.283	0.283
  1346	-0.149318	-0.283	0.283
  1347	-0.140484	-0.283	0.283
  1348	-0.0913918	-0.283	0.283
  1349	-0.106036	-0.283	0.283
  1350	-0.132559	-0.283	0.283
  1351	-0.116285	-0.283	0.283
  1352	-0.122458	-0.283	0.283
  1353	-0.119137	-0.283	0.283
  1354	-0.13423	-0.283	0.283
  1355	-0.134329	-0.283	0.283
  1356	-0.148537	-0.283	0.283
  1357	-0.145644	-0.283	0.283
  1358	-0.134602	-0.283	0.283
  1359	-0.137823	-0.283	0.283
  1360	-0.128041	-0.283	0.283
  1361	-0.126933	-0.283	0.283
  1362	-0.144635	-0.283	0.283
  1363	-0.125559	-0.283	0.283
  1364	-0.139989	-0.283	0.283
  1365	-0.096583	-0.283	0.283
  1366	-0.14419	-0.283	0.283
  1367	-0.129948	-0.283	0.283
  1368	-0.132262	-0.283	0.283
  1369	-0.118954	-0.283	0.283
  1370	-0.13401	-0.283	0.283
  1371	-0.10879	-0.283	0.283
  1372	-0.129489	-0.283	0.283
  1373	-0.12868	-0.283	0.283
  1374	-0.123317	-0.283	0.283
  1375	-0.148168	-0.283	0.283
  1376	-0.14315	-0.283	0.283
  1377	-0.138851	-0.283	0.283
  1378	-0.127056	-0.283	0.283
  1379	-0.121888	-0.283	0.283
  1380	-0.126652	-0.283	0.283
  1381	-0.129845	-0.283	0.283
  1382	-0.131698	-0.283	0.283
  1383	-0.11956	-0.283	0.283
  1384	-0.0950787	-0.283	0.283
  1385	-0.143605	-0.283	0.283
  1386	-0.149377	-0.283	0.283
  1387	-0.13367	-0.283	0.283
  1388	-0.130395	-0.283	0.283
  1389	-0.140181	-0.283	0.283
  1390	-0.138896	-0.283	0.283
  1391	-0.146634	-0.283	0.283
  1392	-0.144374	-0.283	0.283
  1393	-0.109238	-0.283	0.283
  1394	-0.0893019	-0.283	0.283
  1395	-0.142478	-0.283	0.283
  1396	-0.150416	-0.283	0.283
  1397	-0.12437	-0.283	0.283
  1398	-0.113604	-0.283	0.283
  1399	-0.121462	-0.283	0.283
  1400	-0.143461	-0.283	0.283
  1401	-0.135539	-0.283	0.283
  1402	-0.119897	-0.283	0.283
  1403	-0.145656	-0.283	0.283
  1404	-0.124548	-0.283	0.283
  1405	-0.143672	-0.283	0.283
  1406	-0.122986	-0.283	0.283
  1407	-0.142638	-0.283	0.283
  1408	-0.140782	-0.283	0.283
  1409	-0.139686	-0.283	0.283
  1410	-0.0773004	-0.283	0.283
  1411	-0.0927145	-0.283	0.283
  1412	-0.134512	-0.283	0.283
  1413	-0.0952187	-0.283	0.283
  1414	-0.133868	-0.283	0.283
  1415	-0.149169	-0.283	0.283
  1416	-0.147032	-0.283	0.283
  1417	-0.147	-0.283	0.283
  1418	-0.110338	-0.283	0.283
  1419	-0.14506	-0.283	0.283
  1420	-0.144731	-0.283	0.283
  1421	-0.137302	-0.283	0.283
  1422	-0.143934	-0.283	0.283
  1423	-0.142519	-0.283	0.283
  1424	-0.0935402	-0.283	0.283
  1425	-0.149931	-0.283	0.283
  1426	-0.108328	-0.283	0.283
  1427	-0.112251	-0.283	0.283
  1428	-0.12213	-0.283	0.283
  1429	-0.0808541	-0.283	0.283
  1430	-0.137691	-0.283	0.283
  1431	-0.113244	-0.283	0.283
  1432	-0.134591	-0.283	0.283
  1433	-0.0755146	-0.283	0.283
  1434	-0.0832166	-0.283	0.283
  1435	-0.0962094	-0.283	0.283
  1436	-0.129581	-0.283	0.283
  1437	-0.127313	-0.283	0.283
  1438	-0.122756	-0.283	0.283
  1439	-0.142627	-0.283	0.283
  1440	-0.103308	-0.283	0.283
  1441	-0.107203	-0.283	0.283
  1442	-0.101865	-0.283	0.283
  1443	-0.123141	-0.283	0.283
  1444	-0.14697	-0.283	0.283
  1445	-0.112345	-0.283	0.283
  1446	-0.129096	-0.283	0.283
  1447	-0.123084	-0.283	0.283
  1448	-0.13344	-0.283	0.283
  1449	-0.141105	-0.283	0.283
  1450	-0.12011	-0.283	0.283
  1451	-0.127873	-0.283	0.283
  1452	-0.143096	-0.283	0.283
  1453	-0.112532	-0.283	0.283
  1454	-0.138652	-0.283	0.283
  1455	-0.0980076	-0.283	0.283
  1456	-0.142934	-0.283	0.283
  1457	-0.145386	-0.283	0.283
  1458	-0.121852	-0.283	0.283
  1459	-0.130873	-0.283	0.283
  1460	-0.124444	-0.283	0.283
  1461	-0.130877	-0.283	0.283
  1462	-0.108575	-0.283	0.283
  1463	-0.143523	-0.283	0.283
  1464	-0.100628	-0.283	0.283
  1465	-0.144864	-0.283	0.283
  1466	-0.118874	-0.283	0.283
  1467	-0.103757	-0.283	0.283
  1468	-0.128235	-0.283	0.283
  1469	-0.125191	-0.283	0.283
  1470	-0.137608	-0.283	0.283
  1471	-0.114042	-0.283	0.283
  1472	-0.104076	-0.283	0.283
  1473	-0.139988	-0.283	0.283
  1474	-0.126877	-0.283	0.283
  1475	-0.109172	-0.283	0.283
  1476	-0.074852	-0.283	0.283
  1477	-0.143546	-0.283	0.283
  1478	-0.148113	-0.283	0.283
  1479	-0.145289	-0.283	0.283
  1480	-0.141862	-0.283	0.283
  1481	-0.119778	-0.283	0.283
  1482	-0.134559	-0.283	0.283
  1483	-0.143443	-0.283	0.283
  1484	-0.142411	-0.283	0.283
  1485	-0.129037	-0.283	0.283
  1486	-0.128415	-0.283	0.283
  1487	-0.106981	-0.283	0.283
  1488	-0.1341	-0.283	0.283
  1489	-0.093	-0.283	0.283
  1490	-0.131375	-0.283	0.283
  1491	-0.120914	-0.283	0.283
  1492	-0.141416	-0.283	0.283
  1493	-0.127169	-0.283	0.283
  1494	-0.13746	-0.283	0.283
  1495	-0.107144	-0.283	0.283
  1496	-0.0912561	-0.283	0.283
  1497	-0.148681	-0.283	0.283
  1498	-0.149324	-0.283	0.283
  1499	-0.141919	-0.283	0.283
  1500	-0.135001	-0.283	0.283
  1501	-0.0981181	-0.283	0.283
  1502	-0.121891	-0.283	0.283
  1503	-0.125837	-0.283	0.283
  1504	-0.0965292	-0.283	0.283
  1505	-0.106221	-0.283	0.283
  1506	-0.136043	-0.283	0.283
  1507	-0.0975719	-0.283	0.283
  1508	-0.108668	-0.283	0.283
  1509	-0.138322	-0.283	0.283
  1510	-0.115057	-0.283	0.283
  1511	-0.143162	-0.283	0.283
  1512	-0.143014	-0.283	0.283
  1513	-0.121295	-0.283	0.283
  1514	-0.0884113	-0.283	0.283
  1515	-0.147606	-0.283	0.283
  1516	-0.135547	-0.283	0.283
  1517	-0.129999	-0.283	0.283
  1518	-0.123545	-0.283	0.283
  1519	-0.0736	-0.283	0.283
  1520	-0.106761	-0.283	0.283
  1521	-0.112766	-0.283	0.283
  1522	-0.141874	-0.283	0.283
  1523	-0.148647	-0.283	0.283
  1524	-0.128716	-0.283	0.283
  1525	-0.138245	-0.283	0.283
  1526	-0.141718	-0.283	0.283
  1527	-0.147569	-0.283	0.283
  1528	-0.141007	-0.283	0.283
  1529	-0.128752	-0.283	0.283
  1530	-0.119013	-0.283	0.283
  1531	-0.104768	-0.283	0.283
  1532	-0.148188	-0.283	0.283
  1533	-0.147366	-0.283	0.283
  1534	-0.0858391	-0.283	0.283
  1535	-0.142904	-0.283	0.283
  1536	-0.13464	-0.283	0.283
  1537	-0.147314	-0.283	0.283
  1538	-0.122154	-0.283	0.283
  1539	-0.138388	-0.283	0.283
  1540	-0.10417	-0.283	0.283
  1541	-0.143842	-0.283	0.283
  1542	-0.135273	-0.283	0.283
  1543	-0.108354	-0.283	0.283
  1544	-0.126086	-0.283	0.283
  1545	-0.144853	-0.283	0.283
  1546	-0.108938	-0.283	0.283
  1547	-0.118042	-0.283	0.283
  1548	-0.134725	-0.283	0.283
  1549	-0.0943183	-0.283	0.283
  1550	-0.120568	-0.283	0.283
  1551	-0.107195	-0.283	0.283
  1552	-0.113149	-0.283	0.283
  1553	-0.141122	-0.283	0.283
  1554	-0.134963	-0.283	0.283
  1555	-0.10574	-0.283	0.283
  1556	-0.112281	-0.283	0.283
  1557	-0.13874	-0.283	0.283
  1558	-0.123159	-0.283	0.283
  1559	-0.112411	-0.283	0.283
  1560	-0.119737	-0.283	0.283
  1561	-0.142925	-0.283	0.283
  1562	-0.148834	-0.283	0.283
  1563	-0.125987	-0.283	0.283
  1564	-0.123589	-0.283	0.283
  1565	-0.0994453	-0.283	0.283
  1566	-0.121729	-0.283	0.283
  1567	-0.129768	-0.283	0.283
  1568	-0.122775	-0.283	0.283
  1569	-0.118637	-0.283	0.283
  1570	-0.149883	-0.283	0.283
  1571	-0.129094	-0.283	0.283
  1572	-0.134164	-0.283	0.283
  1573	-0.133007	-0.283	0.283
  1574	-0.140384	-0.283	0.283
  1575	-0.137144	-0.283	0.283
  1576	-0.150079	-0.283	0.283
  1577	-0.134128	-0.283	0.283
  1578	-0.129258	-0.283	0.283
  1579	-0.145922	-0.283	0.283
  1580	-0.142947	-0.283	0.283
  1581	-0.099586	-0.283	0.283
  1582	-0.13425	-0.283	0.283
  1583	-0.129377	-0.283	0.283
  1584	-0.103756	-0.283	0.283
  1585	-0.147098	-0.283	0.283
  1586	-0.141421	-0.283	0.283
  1587	-0.140319	-0.283	0.283
  1588	-0.136188	-0.283	0.283
  1589	-0.0804435	-0.283	0.283
  1590	-0.120391	-0.283	0.283
  1591	-0.104249	-0.283	0.283
  1592	-0.107984	-0.283	0.283
  1593	-0.149481	-0.283	0.283
  1594	-0.13419	-0.283	0.283
  1595	-0.149645	-0.283	0.283
  1596	-0.104415	-0.283	0.283
  1597	-0.132816	-0.283	0.283
  1598	-0.131547	-0.283	0.283
  1599	-0.134742	-0.283	0.283
  1600	-0.0994433	-0.283	0.283
  1601	-0.144486	-0.283	0.283
  1602	-0.102438	-0.283	0.283
  1603	-0.146582	-0.283	0.283
  1604	-0.0928114	-0.283	0.283
  1605	-0.130239	-0.283	0.283
  1606	-0.118161	-0.283	0.283
  1607	-0.149536	-0.283	0.283
  1608	-0.114258	-0.283	0.283
  1609	-0.133938	-0.283	0.283
  1610	-0.148095	-0.283	0.283
  1611	-0.145191	-0.283	0.283
  1612	-0.108201	-0.283	0.283
  1613	-0.143293	-0.283	0.283
  1614	-0.149646	-0.283	0.283
  1615	-0.134174	-0.283	0.283
  1616	-0.117012	-0.283	0.283
  1617	-0.141578	-0.283	0.283
  1618	-0.127636	-0.283	0.283
  1619	-0.145822	-0.283	0.283
  1620	-0.149787	-0.283	0.283
  1621	-0.0933969	-0.283	0.283
  1622	-0.133463	-0.283	0.283
  1623	-0.148649	-0.283	0.283
  1624	-0.149998	-0.283	0.283
  1625	-0.109644	-0.283	0.283
  1626	-0.132484	-0.283	0.283
  1627	-0.140717	-0.283	0.283
  1628	-0.0970156	-0.283	0.283
  1629	-0.149763	-0.283	0.283
  1630	-0.116614	-0.283	0.283
  1631	-0.144433	-0.283	0.283
  1632	-0.151634	-0.283	0.283
  1633	-0.13195	-0.283	0.283
  1634	-0.139218	-0.283	0.283
  1635	-0.091333	-0.283	0.283
  1636	-0.121	-0.283	0.283
  1637	-0.109507	-0.283	0.283
  1638	-0.135395	-0.283	0.283
  1639	-0.113669	-0.283	0.283
  1640	-0.0974996	-0.283	0.283
  1641	-0.135407	-0.283	0.283
  1642	-0.115799	-0.283	0.283
  1643	-0.136877	-0.283	0.283
  1644	-0.112784	-0.283	0.283
  1645	-0.132612	-0.283	0.283
  1646	-0.124499	-0.283	0.283
  1647	-0.132819	-0.283	0.283
  1648	-0.102905	-0.283	0.283
  1649	-0.120356	-0.283	0.283
  1650	-0.108243	-0.283	0.283
  1651	-0.119826	-0.283	0.283
  1652	-0.129675	-0.283	0.283
  1653	-0.12869	-0.283	0.283
  1654	-0.146354	-0.283	0.283
  1655	-0.143508	-0.283	0.283
  1656	-0.091806	-0.283	0.283
  1657	-0.138496	-0.283	0.283
  1658	-0.121373	-0.283	0.283
  1659	-0.139315	-0.283	0.283
  1660	-0.134649	-0.283	0.283
  1661	-0.12573	-0.283	0.283
  1662	-0.147436	-0.283	0.283
  1663	-0.144748	-0.283	0.283
  1664	-0.0905719	-0.283	0.283
  1665	-0.146152	-0.283	0.283
  1666	-0.100263	-0.283	0.283
  1667	-0.148489	-0.283	0.283
  1668	-0.121689	-0.283	0.283
  1669	-0.139151	-0.283	0.283
  1670	-0.0927325	-0.283	0.283
  1671	-0.129155	-0.283	0.283
  1672	-0.128429	-0.283	0.283
  1673	-0.116761	-0.283	0.283
  1674	-0.136351	-0.283	0.283
  1675	-0.143908	-0.283	0.283
  1676	-0.138601	-0.283	0.283
  1677	-0.123854	-0.283	0.283
  1678	-0.133109	-0.283	0.283
  1679	-0.0876721	-0.283	0.283
  1680	-0.149089	-0.283	0.283
  1681	-0.0946886	-0.283	0.283
  1682	-0.123058	-0.283	0.283
  1683	-0.11348	-0.283	0.283
  1684	-0.12063	-0.283	0.283
  1685	-0.130547	-0.283	0.283
  1686	-0.0853666	-0.283	0.283
  1687	-0.142473	-0.283	0.283
  1688	-0.0820557	-0.283	0.283
  1689	-0.0998133	-0.283	0.283
  1690	-0.142292	-0.283	0.283
  1691	-0.147809	-0.283	0.283
  1692	-0.144409	-0.283	0.283
  1693	-0.120082	-0.283	0.283
  1694	-0.117726	-0.283	0.283
  1695	-0.147832	-0.283	0.283
  1696	-0.109627	-0.283	0.283
  1697	-0.13311	-0.283	0.283
  1698	-0.142552	-0.283	0.283
  1699	-0.140267	-0.283	0.283
  1700	-0.135043	-0.283	0.283
  1701	-0.121343	-0.283	0.283
  1702	-0.131019	-0.283	0.283
  1703	-0.141908	-0.283	0.283
  1704	-0.136995	-0.283	0.283
  1705	-0.135012	-0.283	0.283
  1706	-0.149317	-0.283	0.283
  1707	-0.129242	-0.283	0.283
  1708	-0.120175	-0.283	0.283
  1709	-0.137847	-0.283	0.283
  1710	-0.123293	-0.283	0.283
  1711	-0.135166	-0.283	0.283
  1712	-0.106787	-0.283	0.283
  1713	-0.128849	-0.283	0.283
  1714	-0.137813	-0.283	0.283
  1715	-0.12785	-0.283	0.283
  1716	-0.1414	-0.283	0.283
  1717	-0.12743	-0.283	0.283
  1718	-0.128052	-0.283	0.283
  1719	-0.146131	-0.283	0.283
  1720	-0.117533	-0.283	0.283
  1721	-0.115824	-0.283	0.283
  1722	-0.141084	-0.283	0.283
  1723	-0.148166	-0.283	0.283
  1724	-0.132588	-0.283	0.283
  1725	-0.13891	-0.283	0.283
  1726	-0.146615	-0.283	0.283
  1727	-0.101633	-0.283	0.283
  1728	-0.121397	-0.283	0.283
  1729	-0.14751	-0.283	0.283
  1730	-0.1386	-0.283	0.283
  1731	-0.10384	-0.283	0.283
  1732	-0.140376	-0.283	0.283
  1733	-0.130854	-0.283	0.283
  1734	-0.131511	-0.283	0.283
  1735	-0.136563	-0.283	0.283
  1736	-0.116335	-0.283	0.283
  1737	-0.134163	-0.283	0.283
  1738	-0.149073	-0.283	0.283
  1739	-0.147058	-0.283	0.283
  1740	-0.101928	-0.283	0.283
  1741	-0.145037	-0.283	0.283
  1742	-0.139261	-0.283	0.283
  1743	-0.138856	-0.283	0.283
  1744	-0.101169	-0.283	0.283
  1745	-0.149434	-0.283	0.283
  1746	-0.118538	-0.283	0.283
  1747	-0.136122	-0.283	0.283
  1748	-0.147919	-0.283	0.283
  1749	-0.147111	-0.283	0.283
  1750	-0.12291	-0.283	0.283
  1751	-0.150205	-0.283	0.283
  1752	-0.124796	-0.283	0.283
  1753	-0.11643	-0.283	0.283
  1754	-0.104302	-0.283	0.283
  1755	-0.142716	-0.283	0.283
  1756	-0.12482	-0.283	0.283
  1757	-0.145048	-0.283	0.283
  1758	-0.138462	-0.283	0.283
  1759	-0.132986	-0.283	0.283
  1760	-0.140074	-0.283	0.283
  1761	-0.111904	-0.283	0.283
  1762	-0.138077	-0.283	0.283
  1763	-0.0928451	-0.283	0.283
  1764	-0.147121	-0.283	0.283
  1765	-0.140058	-0.283	0.283
  1766	-0.143661	-0.283	0.283
  1767	-0.139359	-0.283	0.283
  1768	-0.136379	-0.283	0.283
  1769	-0.142238	-0.283	0.283
  1770	-0.102294	-0.283	0.283
  1771	-0.113063	-0.283	0.283
  1772	-0.137025	-0.283	0.283
  1773	-0.140334	-0.283	0.283
  1774	-0.150852	-0.283	0.283
  1775	-0.136481	-0.283	0.283
  1776	-0.128852	-0.283	0.283
  1777	-0.147131	-0.283	0.283
  1778	-0.12276	-0.283	0.283
  1779	-0.10279	-0.283	0.283
  1780	-0.0789017	-0.283	0.283
  1781	-0.126448	-0.283	0.283
  1782	-0.139297	-0.283	0.283
  1783	-0.144151	-0.283	0.283
  1784	-0.104621	-0.283	0.283
  1785	-0.147849	-0.283	0.283
  1786	-0.134939	-0.283	0.283
  1787	-0.136568	-0.283	0.283
  1788	-0.123243	-0.283	0.283
  1789	-0.14491	-0.283	0.283
  1790	-0.143173	-0.283	0.283
  1791	-0.125834	-0.283	0.283
  1792	-0.127544	-0.283	0.283
  1793	-0.146286	-0.283	0.283
  1794	-0.133381	-0.283	0.283
  1795	-0.118656	-0.283	0.283
  1796	-0.142009	-0.283	0.283
  1797	-0.111749	-0.283	0.283
  1798	-0.114374	-0.283	0.283
  1799	-0.11805	-0.283	0.283
  1800	-0.12526	-0.283	0.283
  1801	-0.126318	-0.283	0.283
  1802	-0.128802	-0.283	0.283
  1803	-0.115996	-0.283	0.283
  1804	-0.138133	-0.283	0.283
  1805	-0.136371	-0.283	0.283
  1806	-0.12142	-0.283	0.283
  1807	-0.118611	-0.283	0.283
  1808	-0.126875	-0.283	0.283
  1809	-0.150015	-0.283	0.283
  1810	-0.133518	-0.283	0.283
  1811	-0.0921815	-0.283	0.283
  1812	-0.136739	-0.283	0.283
  1813	-0.132582	-0.283	0.283
  1814	-0.134416	-0.283	0.283
  1815	-0.151167	-0.283	0.283
  1816	-0.141361	-0.283	0.283
  1817	-0.124583	-0.283	0.283
  1818	-0.138855	-0.283	0.283
  1819	-0.139256	-0.283	0.283
  1820	-0.122106	-0.283	0.283
  1821	-0.142006	-0.283	0.283
  1822	-0.121025	-0.283	0.283
  1823	-0.149292	-0.283	0.283
  1824	-0.144912	-0.283	0.283
  1825	-0.131206	-0.283	0.283
  1826	-0.13559	-0.283	0.283
  1827	-0.146238	-0.283	0.283
  1828	-0.127561	-0.283	0.283
  1829	-0.126141	-0.283	0.283
  1830	-0.141793	-0.283	0.283
  1831	-0.110982	-0.283	0.283
  1832	-0.0974971	-0.283	0.283
  1833	-0.115017	-0.283	0.283
  1834	-0.140346	-0.283	0.283
  1835	-0.146741	-0.283	0.283
  1836	-0.14958	-0.283	0.283
  1837	-0.0999323	-0.283	0.283
  1838	-0.133803	-0.283	0.283
  1839	-0.146911	-0.283	0.283
  1840	-0.135417	-0.283	0.283
  1841	-0.125729	-0.283	0.283
  1842	-0.148284	-0.283	0.283
  1843	-0.142373	-0.283	0.283
  1844	-0.131738	-0.283	0.283
  1845	-0.121336	-0.283	0.283
  1846	-0.128546	-0.283	0.283
  1847	-0.131939	-0.283	0.283
  1848	-0.132064	-0.283	0.283
  1849	-0.115565	-0.283	0.283
  1850	-0.13477	-0.283	0.283
  1851	-0.134967	-0.283	0.283
  1852	-0.148431	-0.283	0.283
  1853	-0.111297	-0.283	0.283
  1854	-0.114474	-0.283	0.283
  1855	-0.148076	-0.283	0.283
  1856	-0.103967	-0.283	0.283
  1857	-0.129866	-0.283	0.283
  1858	-0.145757	-0.283	0.283
  1859	-0.126286	-0.283	0.283
  1860	-0.136282	-0.283	0.283
  1861	-0.102684	-0.283	0.283
  1862	-0.148933	-0.283	0.283
  1863	-0.149859	-0.283	0.283
  1864	-0.142135	-0.283	0.283
  1865	-0.11634	-0.283	0.283
  1866	-0.142603	-0.283	0.283
  1867	-0.130873	-0.283	0.283
  1868	-0.148714	-0.283	0.283
  1869	-0.0868061	-0.283	0.283
  1870	-0.144831	-0.283	0.283
  1871	-0.147621	-0.283	0.283
  1872	-0.12385	-0.283	0.283
  1873	-0.133741	-0.283	0.283
  1874	-0.117095	-0.283	0.283
  1875	-0.125632	-0.283	0.283
  1876	-0.117383	-0.283	0.283
  1877	-0.111977	-0.283	0.283
  1878	-0.132443	-0.283	0.283
  1879	-0.137026	-0.283	0.283
  1880	-0.110445	-0.283	0.283
  1881	-0.131182	-0.283	0.283
  1882	-0.0893719	-0.283	0.283
  1883	-0.0745076	-0.283	0.283
  1884	-0.114689	-0.283	0.283
  1885	-0.109842	-0.283	0.283
  1886	-0.109139	-0.283	0.283
  1887	-0.096797	-0.283	0.283
  1888	-0.139268	-0.283	0.283
  1889	-0.130619	-0.283	0.283
  1890	-0.0533344	-0.283	0.283
  1891	-0.146781	-0.283	0.283
  1892	-0.0975114	-0.283	0.283
  1893	-0.122932	-0.283	0.283
  1894	-0.108044	-0.283	0.283
  1895	-0.108648	-0.283	0.283
  1896	-0.143563	-0.283	0.283
  1897	-0.133451	-0.283	0.283
  1898	-0.13858	-0.283	0.283
  1899	-0.118735	-0.283	0.283
  1900	-0.15085	-0.283	0.283
  1901	-0.126711	-0.283	0.283
  1902	-0.126994	-0.283	0.283
  1903	-0.129894	-0.283	0.283
  1904	-0.137563	-0.283	0.283
  1905	-0.149448	-0.283	0.283
  1906	-0.130927	-0.283	0.283
  1907	-0.142804	-0.283	0.283
  1908	-0.148089	-0.283	0.283
  1909	-0.139207	-0.283	0.283
  1910	-0.149521	-0.283	0.283
  1911	-0.150237	-0.283	0.283
  1912	-0.133999	-0.283	0.283
  1913	-0.130907	-0.283	0.283
  1914	-0.113352	-0.283	0.283
  1915	-0.147484	-0.283	0.283
  1916	-0.127879	-0.283	0.283
  1917	-0.142348	-0.283	0.283
  1918	-0.122838	-0.283	0.283
  1919	-0.142147	-0.283	0.283
  1920	-0.117815	-0.283	0.283
  1921	-0.117645	-0.283	0.283
  1922	-0.143315	-0.283	0.283
  1923	-0.107945	-0.283	0.283
  1924	-0.0948409	-0.283	0.283
  1925	-0.110229	-0.283	0.283
  1926	-0.133192	-0.283	0.283
  1927	-0.145678	-0.283	0.283
  1928	-0.10464	-0.283	0.283
  1929	-0.140729	-0.283	0.283
  1930	-0.128077	-0.283	0.283
  1931	-0.139201	-0.283	0.283
  1932	-0.141611	-0.283	0.283
  1933	-0.128988	-0.283	0.283
  1934	-0.126027	-0.283	0.283
  1935	-0.121252	-0.283	0.283
  1936	-0.114002	-0.283	0.283
  1937	-0.147188	-0.283	0.283
  1938	-0.107967	-0.283	0.283
  1939	-0.0956382	-0.283	0.283
  1940	-0.0643411	-0.283	0.283
  1941	-0.129027	-0.283	0.283
  1942	-0.122421	-0.283	0.283
  1943	-0.116043	-0.283	0.283
  1944	-0.107757	-0.283	0.283
  1945	-0.135393	-0.283	0.283
  1946	-0.134969	-0.283	0.283
  1947	-0.148735	-0.283	0.283
  1948	-0.137297	-0.283	0.283
  1949	-0.128706	-0.283	0.283
  1950	-0.131118	-0.283	0.283
  1951	-0.122111	-0.283	0.283
  1952	-0.110043	-0.283	0.283
  1953	-0.115095	-0.283	0.283
  1954	-0.119827	-0.283	0.283
  1955	-0.145725	-0.283	0.283
  1956	-0.118234	-0.283	0.283
  1957	-0.149973	-0.283	0.283
  1958	-0.140059	-0.283	0.283
  1959	-0.150332	-0.283	0.283
  1960	-0.1289	-0.283	0.283
  1961	-0.142689	-0.283	0.283
  1962	-0.125956	-0.283	0.283
  1963	-0.101619	-0.283	0.283
  1964	-0.117619	-0.283	0.283
  1965	-0.122856	-0.283	0.283
  1966	-0.144559	-0.283	0.283
  1967	-0.131511	-0.283	0.283
  1968	-0.096809	-0.283	0.283
  1969	-0.129405	-0.283	0.283
  1970	-0.143772	-0.283	0.283
  1971	-0.104041	-0.283	0.283
  1972	-0.0876731	-0.283	0.283
  1973	-0.124009	-0.283	0.283
  1974	-0.131571	-0.283	0.283
  1975	-0.145822	-0.283	0.283
  1976	-0.149476	-0.283	0.283
  1977	-0.134434	-0.283	0.283
  1978	-0.111862	-0.283	0.283
  1979	-0.126664	-0.283	0.283
  1980	-0.128465	-0.283	0.283
  1981	-0.145038	-0.283	0.283
  1982	-0.125384	-0.283	0.283
  1983	-0.129814	-0.283	0.283
  1984	-0.150256	-0.283	0.283
  1985	-0.13068	-0.283	0.283
  1986	-0.122609	-0.283	0.283
  1987	-0.101061	-0.283	0.283
  1988	-0.136582	-0.283	0.283
  1989	-0.138874	-0.283	0.283
  1990	-0.130276	-0.283	0.283
  1991	-0.123317	-0.283	0.283
  1992	-0.0904804	-0.283	0.283
  1993	-0.1488	-0.283	0.283
  1994	-0.124734	-0.283	0.283
  1995	-0.115456	-0.283	0.283
  1996	-0.0940269	-0.283	0.283
  1997	-0.112482	-0.283	0.283
  1998	-0.121418	-0.283	0.283
  1999	-0.133058	-0.283	0.283
  2000	-0.134848	-0.283	0.283
  2001	-0.146207	-0.283	0.283
  2002	-0.144567	-0.283	0.283
  2003	-0.116375	-0.283	0.283
  2004	-0.147695	-0.283	0.283
  2005	-0.126432	-0.283	0.283
  2006	-0.14285	-0.283	0.283
  2007	-0.142425	-0.283	0.283
  2008	-0.118153	-0.283	0.283
  2009	-0.134665	-0.283	0.283
  2010	-0.0946665	-0.283	0.283
  2011	-0.118778	-0.283	0.283
  2012	-0.136886	-0.283	0.283
  2013	-0.132132	-0.283	0.283
  2014	-0.148177	-0.283	0.283
  2015	-0.125741	-0.283	0.283
  2016	-0.148941	-0.283	0.283
  2017	-0.142297	-0.283	0.283
  2018	-0.13241	-0.283	0.283
  2019	-0.0981288	-0.283	0.283
  2020	-0.150344	-0.283	0.283
  2021	-0.148778	-0.283	0.283
  2022	-0.109746	-0.283	0.283
  2023	-0.118795	-0.283	0.283
  2024	-0.115234	-0.283	0.283
  2025	-0.146956	-0.283	0.283
  2026	-0.110734	-0.283	0.283
  2027	-0.102609	-0.283	0.283
  2028	-0.146744	-0.283	0.283
  2029	-0.14314	-0.283	0.283
  2030	-0.099029	-0.283	0.283
  2031	-0.114665	-0.283	0.283
  2032	-0.119514	-0.283	0.283
  2033	-0.135306	-0.283	0.283
  2034	-0.142499	-0.283	0.283
  2035	-0.118236	-0.283	0.283
  2036	-0.133407	-0.283	0.283
  2037	-0.105305	-0.283	0.283
  2038	-0.129526	-0.283	0.283
  2039	-0.135966	-0.283	0.283
  2040	-0.147064	-0.283	0.283
  2041	-0.140605	-0.283	0.283
  2042	-0.119457	-0.283	0.283
  2043	-0.136709	-0.283	0.283
  2044	-0.126547	-0.283	0.283
  2045	-0.0855841	-0.283	0.283
  2046	-0.140309	-0.283	0.283
  2047	-0.105671	-0.283	0.283
  2048	-0.136024	-0.283	0.283
  2049	-0.138057	-0.283	0.283
  2050	-0.130662	-0.283	0.283
  2051	-0.147336	-0.283	0.283
  2052	-0.125626	-0.283	0.283
  2053	-0.113402	-0.283	0.283
  2054	-0.145907	-0.283	0.283
  2055	-0.111268	-0.283	0.283
  2056	-0.100279	-0.283	0.283
  2057	-0.119115	-0.283	0.283
  2058	-0.123422	-0.283	0.283
  2059	-0.089653	-0.283	0.283
  2060	-0.146326	-0.283	0.283
  2061	-0.145931	-0.283	0.283
  2062	-0.137603	-0.283	0.283
  2063	-0.129714	-0.283	0.283
  2064	-0.0981164	-0.283	0.283
  2065	-0.141581	-0.283	0.283
  2066	-0.118746	-0.283	0.283
  2067	-0.114316	-0.283	0.283
  2068	-0.121577	-0.283	0.283
  2069	-0.138993	-0.283	0.283
  2070	-0.087045	-0.283	0.283
  2071	-0.132588	-0.283	0.283
  2072	-0.147013	-0.283	0.283
  2073	-0.141793	-0.283	0.283
  2074	-0.11574	-0.283	0.283
  2075	-0.137266	-0.283	0.283
  2076	-0.0989705	-0.283	0.283
  2077	-0.148411	-0.283	0.283
  2078	-0.108011	-0.283	0.283
  2079	-0.148924	-0.283	0.283
  2080	-0.0811338	-0.283	0.283
  2081	-0.136858	-0.283	0.283
  2082	-0.108738	-0.283	0.283
  2083	-0.145669	-0.283	0.283
  2084	-0.123924	-0.283	0.283
  2085	-0.109941	-0.283	0.283
  2086	-0.131533	-0.283	0.283
  2087	-0.149656	-0.283	0.283
  2088	-0.0890567	-0.283	0.283
  2089	-0.129847	-0.283	0.283
  2090	-0.116533	-0.283	0.283
  2091	-0.0985508	-0.283	0.283
  2092	-0.0960525	-0.283	0.283
  2093	-0.142851	-0.283	0.283
  2094	-0.120911	-0.283	0.283
  2095	-0.11447	-0.283	0.283
  2096	-0.14547	-0.283	0.283
  2097	-0.0986405	-0.283	0.283
  2098	-0.120592	-0.283	0.283
  2099	-0.145659	-0.283	0.283
  2100	-0.150219	-0.283	0.283
  2101	-0.0850246	-0.283	0.283
  2102	-0.126696	-0.283	0.283
  2103	-0.132235	-0.283	0.283
  2104	-0.129684	-0.283	0.283
  2105	-0.144208	-0.283	0.283
  2106	-0.142511	-0.283	0.283
  2107	-0.130333	-0.283	0.283
  2108	-0.116192	-0.283	0.283
  2109	-0.150884	-0.283	0.283
  2110	-0.150347	-0.283	0.283
  2111	-0.120175	-0.283	0.283
  2112	-0.135578	-0.283	0.283
  2113	-0.125389	-0.283	0.283
  2114	-0.141987	-0.283	0.283
  2115	-0.108451	-0.283	0.283
  2116	-0.138717	-0.283	0.283
  2117	-0.131958	-0.283	0.283
  2118	-0.122577	-0.283	0.283
  2119	-0.108725	-0.283	0.283
  2120	-0.143527	-0.283	0.283
  2121	-0.133449	-0.283	0.283
  2122	-0.143996	-0.283	0.283
  2123	-0.127575	-0.283	0.283
  2124	-0.125542	-0.283	0.283
  2125	-0.100434	-0.283	0.283
  2126	-0.117298	-0.283	0.283
  2127	-0.143337	-0.283	0.283
  2128	-0.142072	-0.283	0.283
  2129	-0.147586	-0.283	0.283
  2130	-0.141408	-0.283	0.283
  2131	-0.118714	-0.283	0.283
  2132	-0.148636	-0.283	0.283
  2133	-0.0832305	-0.283	0.283
  2134	-0.147602	-0.283	0.283
  2135	-0.143894	-0.283	0.283
  2136	-0.137952	-0.283	0.283
  2137	-0.121661	-0.283	0.283
  2138	-0.114752	-0.283	0.283
  2139	-0.135079	-0.283	0.283
  2140	-0.123253	-0.283	0.283
  2141	-0.147977	-0.283	0.283
  2142	-0.137801	-0.283	0.283
  2143	-0.136336	-0.283	0.283
  2144	-0.109198	-0.283	0.283
  2145	-0.121273	-0.283	0.283
  2146	-0.113868	-0.283	0.283
  2147	-0.114928	-0.283	0.283
  2148	-0.111511	-0.283	0.283
  2149	-0.115529	-0.283	0.283
  2150	-0.148435	-0.283	0.283
  2151	-0.0708914	-0.283	0.283
  2152	-0.102834	-0.283	0.283
  2153	-0.133045	-0.283	0.283
  2154	-0.113569	-0.283	0.283
  2155	-0.139171	-0.283	0.283
  2156	-0.148331	-0.283	0.283
  2157	-0.146155	-0.283	0.283
  2158	-0.131907	-0.283	0.283
  2159	-0.131676	-0.283	0.283
  2160	-0.113095	-0.283	0.283
  2161	-0.133878	-0.283	0.283
  2162	-0.134844	-0.283	0.283
  2163	-0.144558	-0.283	0.283
  2164	-0.128957	-0.283	0.283
  2165	-0.0927342	-0.283	0.283
  2166	-0.12279	-0.283	0.283
  2167	-0.11683	-0.283	0.283
  2168	-0.141875	-0.283	0.283
  2169	-0.14681	-0.283	0.283
  2170	-0.129241	-0.283	0.283
  2171	-0.109101	-0.283	0.283
  2172	-0.0853404	-0.283	0.283
  2173	-0.116165	-0.283	0.283
  2174	-0.108027	-0.283	0.283
  2175	-0.143386	-0.283	0.283
  2176	-0.139219	-0.283	0.283
  2177	-0.113088	-0.283	0.283
  2178	-0.10828	-0.283	0.283
  2179	-0.14302	-0.283	0.283
  2180	-0.120485	-0.283	0.283
  2181	-0.103889	-0.283	0.283
  2182	-0.117087	-0.283	0.283
  2183	-0.109959	-0.283	0.283
  2184	-0.144246	-0.283	0.283
  2185	-0.105968	-0.283	0.283
  2186	-0.0976557	-0.283	0.283
  2187	-0.0935411	-0.283	0.283
  2188	-0.137432	-0.283	0.283
  2189	-0.134081	-0.283	0.283
  2190	-0.135168	-0.283	0.283
  2191	-0.0972972	-0.283	0.283
  2192	-0.127388	-0.283	0.283
  2193	-0.13105	-0.283	0.283
  2194	-0.120884	-0.283	0.283
  2195	-0.147308	-0.283	0.283
  2196	-0.0738615	-0.283	0.283
  2197	-0.132893	-0.283	0.283
  2198	-0.143207	-0.283	0.283
  2199	-0.1356	-0.283	0.283
  2200	-0.124297	-0.283	0.283
  2201	-0.139834	-0.283	0.283
  2202	-0.121644	-0.283	0.283
  2203	-0.11953	-0.283	0.283
  2204	-0.137988	-0.283	0.283
  2205	-0.131469	-0.283	0.283
  2206	-0.132957	-0.283	0.283
  2207	-0.0594033	-0.283	0.283
  2208	-0.146828	-0.283	0.283
  2209	-0.0876974	-0.283	0.283
  2210	-0.124947	-0.283	0.283
  2211	-0.112665	-0.283	0.283
  2212	-0.14698	-0.283	0.283
  2213	-0.140833	-0.283	0.283
  2214	-0.150998	-0.283	0.283
  2215	-0.13737	-0.283	0.283
  2216	-0.112947	-0.283	0.283
  2217	-0.148273	-0.283	0.283
  2218	-0.14524	-0.283	0.283
  2219	-0.079053	-0.283	0.283
  2220	-0.136915	-0.283	0.283
  2221	-0.11308	-0.283	0.283
  2222	-0.125028	-0.283	0.283
  2223	-0.0708143	-0.283	0.283
  2224	-0.112688	-0.283	0.283
  2225	-0.12887	-0.283	0.283
  2226	-0.142474	-0.283	0.283
  2227	-0.123675	-0.283	0.283
  2228	-0.142063	-0.283	0.283
  2229	-0.139907	-0.283	0.283
  2230	-0.0985684	-0.283	0.283
  2231	-0.141071	-0.283	0.283
  2232	-0.126643	-0.283	0.283
  2233	-0.0920097	-0.283	0.283
  2234	-0.124394	-0.283	0.283
  2235	-0.140412	-0.283	0.283
  2236	-0.108862	-0.283	0.283
  2237	-0.147351	-0.283	0.283
  2238	-0.132411	-0.283	0.283
  2239	-0.0879435	-0.283	0.283
  2240	-0.13283	-0.283	0.283
  2241	-0.148541	-0.283	0.283
  2242	-0.128287	-0.283	0.283
  2243	-0.103525	-0.283	0.283
  2244	-0.132202	-0.283	0.283
  2245	-0.125082	-0.283	0.283
  2246	-0.110311	-0.283	0.283
  2247	-0.101976	-0.283	0.283
  2248	-0.132149	-0.283	0.283
  2249	-0.132354	-0.283	0.283
  2250	-0.120701	-0.283	0.283
  2251	-0.141589	-0.283	0.283
  2252	-0.123248	-0.283	0.283
  2253	-0.148438	-0.283	0.283
  2254	-0.127486	-0.283	0.283
  2255	-0.119979	-0.283	0.283
  2256	-0.107573	-0.283	0.283
  2257	-0.133684	-0.283	0.283
  2258	-0.145426	-0.283	0.283
  2259	-0.137266	-0.283	0.283
  2260	-0.124757	-0.283	0.283
  2261	-0.114447	-0.283	0.283
  2262	-0.146827	-0.283	0.283
  2263	-0.142162	-0.283	0.283
  2264	-0.145349	-0.283	0.283
  2265	-0.126255	-0.283	0.283
  2266	-0.115906	-0.283	0.283
  2267	-0.141053	-0.283	0.283
  2268	-0.141614	-0.283	0.283
  2269	-0.118829	-0.283	0.283
  2270	-0.129163	-0.283	0.283
  2271	-0.116772	-0.283	0.283
  2272	-0.13637	-0.283	0.283
  2273	-0.137889	-0.283	0.283
  2274	-0.131322	-0.283	0.283
  2275	-0.119693	-0.283	0.283
  2276	-0.145345	-0.283	0.283
  2277	-0.132578	-0.283	0.283
  2278	-0.0806291	-0.283	0.283
  2279	-0.116651	-0.283	0.283
  2280	-0.141336	-0.283	0.283
  2281	-0.138742	-0.283	0.283
  2282	-0.126316	-0.283	0.283
  2283	-0.137512	-0.283	0.283
  2284	-0.142161	-0.283	0.283
  2285	-0.117484	-0.283	0.283
  2286	-0.0912334	-0.283	0.283
  2287	-0.143614	-0.283	0.283
  2288	-0.143341	-0.283	0.283
  2289	-0.104461	-0.283	0.283
  2290	-0.135473	-0.283	0.283
  2291	-0.115318	-0.283	0.283
  2292	-0.138326	-0.283	0.283
  2293	-0.115365	-0.283	0.283
  2294	-0.107718	-0.283	0.283
  2295	-0.142297	-0.283	0.283
  2296	-0.138613	-0.283	0.283
  2297	-0.112438	-0.283	0.283
  2298	-0.110658	-0.283	0.283
  2299	-0.135233	-0.283	0.283
  2300	-0.136617	-0.283	0.283
  2301	-0.145059	-0.283	0.283
  2302	-0.107348	-0.283	0.283
  2303	-0.136458	-0.283	0.283
  2304	-0.149714	-0.283	0.283
  2305	-0.148352	-0.283	0.283
  2306	-0.108932	-0.283	0.283
  2307	-0.144585	-0.283	0.283
  2308	-0.115671	-0.283	0.283
  2309	-0.0888786	-0.283	0.283
  2310	-0.142644	-0.283	0.283
  2311	-0.0673931	-0.283	0.283
  2312	-0.111777	-0.283	0.283
  2313	-0.14568	-0.283	0.283
  2314	-0.12798	-0.283	0.283
  2315	-0.128395	-0.283	0.283
  2316	-0.134512	-0.283	0.283
  2317	-0.129526	-0.283	0.283
  2318	-0.1263	-0.283	0.283
  2319	-0.10537	-0.283	0.283
  2320	-0.143328	-0.283	0.283
  2321	-0.149794	-0.283	0.283
  2322	-0.13402	-0.283	0.283
  2323	-0.116203	-0.283	0.283
  2324	-0.0999477	-0.283	0.283
  2325	-0.141698	-0.283	0.283
  2326	-0.130037	-0.283	0.283
  2327	-0.140077	-0.283	0.283
  2328	-0.120276	-0.283	0.283
  2329	-0.122799	-0.283	0.283
  2330	-0.14913	-0.283	0.283
  2331	-0.137236	-0.283	0.283
  2332	-0.145041	-0.283	0.283
  2333	-0.142929	-0.283	0.283
  2334	-0.148926	-0.283	0.283
  2335	-0.107981	-0.283	0.283
  2336	-0.147031	-0.283	0.283
  2337	-0.109483	-0.283	0.283
  2338	-0.126546	-0.283	0.283
  2339	-0.116087	-0.283	0.283
  2340	-0.114482	-0.283	0.283
  2341	-0.116366	-0.283	0.283
  2342	-0.14763	-0.283	0.283
  2343	-0.116459	-0.283	0.283
  2344	-0.143995	-0.283	0.283
  2345	-0.105899	-0.283	0.283
  2346	-0.108502	-0.283	0.283
  2347	-0.147468	-0.283	0.283
  2348	-0.1119	-0.283	0.283
  2349	-0.146563	-0.283	0.283
  2350	-0.0895786	-0.283	0.283
  2351	-0.13914	-0.283	0.283
  2352	-0.134573	-0.283	0.283
  2353	-0.117639	-0.283	0.283
  2354	-0.143221	-0.283	0.283
  2355	-0.13261	-0.283	0.283
  2356	-0.106637	-0.283	0.283
  2357	-0.103144	-0.283	0.283
  2358	-0.116385	-0.283	0.283
  2359	-0.124429	-0.283	0.283
  2360	-0.131859	-0.283	0.283
  2361	-0.141454	-0.283	0.283
  2362	-0.112996	-0.283	0.283
  2363	-0.0790663	-0.283	0.283
  2364	-0.116126	-0.283	0.283
  2365	-0.137042	-0.283	0.283
  2366	-0.140503	-0.283	0.283
  2367	-0.105086	-0.283	0.283
  2368	-0.101269	-0.283	0.283
  2369	-0.124829	-0.283	0.283
  2370	-0.143581	-0.283	0.283
  2371	-0.149722	-0.283	0.283
  2372	-0.145446	-0.283	0.283
  2373	-0.113803	-0.283	0.283
  2374	-0.119484	-0.283	0.283
  2375	-0.132527	-0.283	0.283
  2376	-0.0985236	-0.283	0.283
  2377	-0.112181	-0.283	0.283
  2378	-0.140508	-0.283	0.283
  2379	-0.130331	-0.283	0.283
  2380	-0.119791	-0.283	0.283
  2381	-0.145562	-0.283	0.283
  2382	-0.125182	-0.283	0.283
  2383	-0.139537	-0.283	0.283
  2384	-0.108397	-0.283	0.283
  2385	-0.117174	-0.283	0.283
  2386	-0.141116	-0.283	0.283
  2387	-0.120068	-0.283	0.283
  2388	-0.139204	-0.283	0.283
  2389	-0.142692	-0.283	0.283
  2390	-0.145728	-0.283	0.283
  2391	-0.1385	-0.283	0.283
  2392	-0.143954	-0.283	0.283
  2393	-0.13741	-0.283	0.283
  2394	-0.124184	-0.283	0.283
  2395	-0.106023	-0.283	0.283
  2396	-0.141661	-0.283	0.283
  2397	-0.128882	-0.283	0.283
  2398	-0.137181	-0.283	0.283
  2399	-0.112978	-0.283	0.283
  2400	-0.124009	-0.283	0.283
  2401	-0.137507	-0.283	0.283
  2402	-0.0999867	-0.283	0.283
  2403	-0.0719546	-0.283	0.283
  2404	-0.11175	-0.283	0.283
  2405	-0.0943547	-0.283	0.283
  2406	-0.138665	-0.283	0.283
  2407	-0.131385	-0.283	0.283
  2408	-0.144926	-0.283	0.283
  2409	-0.133337	-0.283	0.283
  2410	-0.110221	-0.283	0.283
  2411	-0.146362	-0.283	0.283
  2412	-0.129742	-0.283	0.283
  2413	-0.121858	-0.283	0.283
  2414	-0.142339	-0.283	0.283
  2415	-0.147759	-0.283	0.283
  2416	-0.103929	-0.283	0.283
  2417	-0.14794	-0.283	0.283
  2418	-0.127915	-0.283	0.283
  2419	-0.105276	-0.283	0.283
  2420	-0.119732	-0.283	0.283
  2421	-0.132861	-0.283	0.283
  2422	-0.136867	-0.283	0.283
  2423	-0.145878	-0.283	0.283
  2424	-0.140398	-0.283	0.283
  2425	-0.116088	-0.283	0.283
  2426	-0.147172	-0.283	0.283
  2427	-0.119757	-0.283	0.283
  2428	-0.127732	-0.283	0.283
  2429	-0.132369	-0.283	0.283
  2430	-0.129064	-0.283	0.283
  2431	-0.145897	-0.283	0.283
  2432	-0.124581	-0.283	0.283
  2433	-0.134828	-0.283	0.283
  2434	-0.135622	-0.283	0.283
  2435	-0.133425	-0.283	0.283
  2436	-0.130714	-0.283	0.283
  2437	-0.101064	-0.283	0.283
  2438	-0.140051	-0.283	0.283
  2439	-0.12522	-0.283	0.283
  2440	-0.132322	-0.283	0.283
  2441	-0.124109	-0.283	0.283
  2442	-0.142662	-0.283	0.283
  2443	-0.142361	-0.283	0.283
  2444	-0.101562	-0.283	0.283
  2445	-0.149	-0.283	0.283
  2446	-0.127342	-0.283	0.283
  2447	-0.144202	-0.283	0.283
  2448	-0.12208	-0.283	0.283
  2449	-0.130844	-0.283	0.283
  2450	-0.144087	-0.283	0.283
  2451	-0.125852	-0.283	0.283
  2452	-0.104687	-0.283	0.283
  2453	-0.121464	-0.283	0.283
  2454	-0.136273	-0.283	0.283
  2455	-0.117928	-0.283	0.283
  2456	-0.146696	-0.283	0.283
  2457	-0.148918	-0.283	0.283
  2458	-0.139013	-0.283	0.283
  2459	-0.139952	-0.283	0.283
  2460	-0.105181	-0.283	0.283
  2461	-0.131529	-0.283	0.283
  2462	-0.103525	-0.283	0.283
  2463	-0.137821	-0.283	0.283
  2464	-0.119007	-0.283	0.283
  2465	-0.0933802	-0.283	0.283
  2466	-0.138055	-0.283	0.283
  2467	-0.103729	-0.283	0.283
  2468	-0.133784	-0.283	0.283
  2469	-0.14638	-0.283	0.283
  2470	-0.143853	-0.283	0.283
  2471	-0.0782982	-0.283	0.283
  2472	-0.133186	-0.283	0.283
  2473	-0.12685	-0.283	0.283
  2474	-0.121963	-0.283	0.283
  2475	-0.124205	-0.283	0.283
  2476	-0.124051	-0.283	0.283
  2477	-0.143402	-0.283	0.283
  2478	-0.136256	-0.283	0.283
  2479	-0.144487	-0.283	0.283
  2480	-0.130394	-0.283	0.283
  2481	-0.108509	-0.283	0.283
  2482	-0.0856392	-0.283	0.283
  2483	-0.12685	-0.283	0.283
  2484	-0.110563	-0.283	0.283
  2485	-0.113744	-0.283	0.283
  2486	-0.138955	-0.283	0.283
  2487	-0.141392	-0.283	0.283
  2488	-0.138555	-0.283	0.283
  2489	-0.143691	-0.283	0.283
  2490	-0.130596	-0.283	0.283
  2491	-0.134954	-0.283	0.283
  2492	-0.110429	-0.283	0.283
  2493	-0.105479	-0.283	0.283
  2494	-0.128891	-0.283	0.283
  2495	-0.132058	-0.283	0.283
  2496	-0.12376	-0.283	0.283
  2497	-0.145831	-0.283	0.283
  2498	-0.116397	-0.283	0.283
  2499	-0.136259	-0.283	0.283
  2500	-0.0892844	-0.283	0.283
  2501	-0.124267	-0.283	0.283
  2502	-0.116121	-0.283	0.283
  2503	-0.140629	-0.283	0.283
  2504	-0.140531	-0.283	0.283
  2505	-0.0672314	-0.283	0.283
  2506	-0.132299	-0.283	0.283
  2507	-0.145301	-0.283	0.283
  2508	-0.124628	-0.283	0.283
  2509	-0.139612	-0.283	0.283
  2510	-0.127732	-0.283	0.283
  2511	-0.119492	-0.283	0.283
  2512	-0.134233	-0.283	0.283
  2513	-0.113171	-0.283	0.283
  2514	-0.148961	-0.283	0.283
  2515	-0.14207	-0.283	0.283
  2516	-0.124922	-0.283	0.283
  2517	-0.0858918	-0.283	0.283
  2518	-0.121213	-0.283	0.283
  2519	-0.136276	-0.283	0.283
  2520	-0.119657	-0.283	0.283
  2521	-0.135913	-0.283	0.283
  2522	-0.143298	-0.283	0.283
  2523	-0.111396	-0.283	0.283
  2524	-0.136615	-0.283	0.283
  2525	-0.146098	-0.283	0.283
  2526	-0.142992	-0.283	0.283
  2527	-0.147603	-0.283	0.283
  2528	-0.108577	-0.283	0.283
  2529	-0.114811	-0.283	0.283
  2530	-0.123426	-0.283	0.283
  2531	-0.146903	-0.283	0.283
  2532	-0.12005	-0.283	0.283
  2533	-0.0963773	-0.283	0.283
  2534	-0.147534	-0.283	0.283
  2535	-0.126874	-0.283	0.283
  2536	-0.125235	-0.283	0.283
  2537	-0.139393	-0.283	0.283
  2538	-0.11115	-0.283	0.283
  2539	-0.148155	-0.283	0.283
  2540	-0.139036	-0.283	0.283
  2541	-0.12288	-0.283	0.283
  2542	-0.14618	-0.283	0.283
  2543	-0.11122	-0.283	0.283
  2544	-0.125933	-0.283	0.283
  2545	-0.145218	-0.283	0.283
  2546	-0.136041	-0.283	0.283
  2547	-0.145835	-0.283	0.283
  2548	-0.151018	-0.283	0.283
  2549	-0.105824	-0.283	0.283
  2550	-0.141272	-0.283	0.283
  2551	-0.112305	-0.283	0.283
  2552	-0.135113	-0.283	0.283
  2553	-0.120573	-0.283	0.283
  2554	-0.140855	-0.283	0.283
  2555	-0.110812	-0.283	0.283
  2556	-0.101319	-0.283	0.283
  2557	-0.106014	-0.283	0.283
  2558	-0.108342	-0.283	0.283
  2559	-0.119839	-0.283	0.283
  2560	-0.105107	-0.283	0.283
  2561	-0.109199	-0.283	0.283
  2562	-0.146733	-0.283	0.283
  2563	-0.142969	-0.283	0.283
  2564	-0.139991	-0.283	0.283
  2565	-0.134784	-0.283	0.283
  2566	-0.120773	-0.283	0.283
  2567	-0.116537	-0.283	0.283
  2568	-0.117684	-0.283	0.283
  2569	-0.103708	-0.283	0.283
  2570	-0.135892	-0.283	0.283
  2571	-0.138735	-0.283	0.283
  2572	-0.132262	-0.283	0.283
  2573	-0.132905	-0.283	0.283
  2574	-0.121031	-0.283	0.283
  2575	-0.138867	-0.283	0.283
  2576	-0.117298	-0.283	0.283
  2577	-0.109774	-0.283	0.283
  2578	-0.137166	-0.283	0.283
  2579	-0.142628	-0.283	0.283
  2580	-0.149477	-0.283	0.283
  2581	-0.137229	-0.283	0.283
  2582	-0.111964	-0.283	0.283
  2583	-0.13799	-0.283	0.283
  2584	-0.135033	-0.283	0.283
  2585	-0.104163	-0.283	0.283
  2586	-0.133442	-0.283	0.283
  2587	-0.146472	-0.283	0.283
  2588	-0.0832394	-0.283	0.283
  2589	-0.112779	-0.283	0.283
  2590	-0.136218	-0.283	0.283
  2591	-0.12379	-0.283	0.283
  2592	-0.136605	-0.283	0.283
  2593	-0.128895	-0.283	0.283
  2594	-0.146866	-0.283	0.283
  2595	-0.134839	-0.283	0.283
  2596	-0.127676	-0.283	0.283
  2597	-0.11622	-0.283	0.283
  2598	-0.140635	-0.283	0.283
  2599	-0.13934	-0.283	0.283
  2600	-0.131969	-0.283	0.283
  2601	-0.112	-0.283	0.283
  2602	-0.115681	-0.283	0.283
  2603	-0.149712	-0.283	0.283
  2604	-0.144604	-0.283	0.283
  2605	-0.128091	-0.283	0.283
  2606	-0.145561	-0.283	0.283
  2607	-0.146666	-0.283	0.283
  2608	-0.110342	-0.283	0.283
  2609	-0.147654	-0.283	0.283
  2610	-0.109923	-0.283	0.283
  2611	-0.142476	-0.283	0.283
  2612	-0.133866	-0.283	0.283
  2613	-0.139153	-0.283	0.283
  2614	-0.138207	-0.283	0.283
  2615	-0.141544	-0.283	0.283
  2616	-0.1468	-0.283	0.283
  2617	-0.144286	-0.283	0.283
  2618	-0.147343	-0.283	0.283
  2619	-0.129886	-0.283	0.283
  2620	-0.149924	-0.283	0.283
  2621	-0.142323	-0.283	0.283
  2622	-0.145884	-0.283	0.283
  2623	-0.139426	-0.283	0.283
  2624	-0.117064	-0.283	0.283
  2625	-0.140832	-0.283	0.283
  2626	-0.128459	-0.283	0.283
  2627	-0.120236	-0.283	0.283
  2628	-0.0978501	-0.283	0.283
  2629	-0.147001	-0.283	0.283
  2630	-0.122401	-0.283	0.283
  2631	-0.148401	-0.283	0.283
  2632	-0.122321	-0.283	0.283
  2633	-0.127347	-0.283	0.283
  2634	-0.106908	-0.283	0.283
  2635	-0.121691	-0.283	0.283
  2636	-0.126708	-0.283	0.283
  2637	-0.128311	-0.283	0.283
  2638	-0.0945556	-0.283	0.283
  2639	-0.125996	-0.283	0.283
  2640	-0.124182	-0.283	0.283
  2641	-0.130095	-0.283	0.283
  2642	-0.120611	-0.283	0.283
  2643	-0.13533	-0.283	0.283
  2644	-0.105286	-0.283	0.283
  2645	-0.122744	-0.283	0.283
  2646	-0.138418	-0.283	0.283
  2647	-0.103347	-0.283	0.283
  2648	-0.138497	-0.283	0.283
  2649	-0.145513	-0.283	0.283
  2650	-0.122491	-0.283	0.283
  2651	-0.140585	-0.283	0.283
  2652	-0.110321	-0.283	0.283
  2653	-0.109486	-0.283	0.283
  2654	-0.110076	-0.283	0.283
  2655	-0.145856	-0.283	0.283
  2656	-0.139328	-0.283	0.283
  2657	-0.139494	-0.283	0.283
  2658	-0.123211	-0.283	0.283
  2659	-0.14181	-0.283	0.283
  2660	-0.136984	-0.283	0.283
  2661	-0.135963	-0.283	0.283
  2662	-0.147376	-0.283	0.283
  2663	-0.127295	-0.283	0.283
  2664	-0.135515	-0.283	0.283
  2665	-0.14281	-0.283	0.283
  2666	-0.0909377	-0.283	0.283
  2667	-0.134151	-0.283	0.283
  2668	-0.120914	-0.283	0.283
  2669	-0.141526	-0.283	0.283
  2670	-0.128274	-0.283	0.283
  2671	-0.101388	-0.283	0.283
  2672	-0.119741	-0.283	0.283
  2673	-0.138309	-0.283	0.283
  2674	-0.108025	-0.283	0.283
  2675	-0.121764	-0.283	0.283
  2676	-0.118579	-0.283	0.283
  2677	-0.12145	-0.283	0.283
  2678	-0.119062	-0.283	0.283
  2679	-0.140675	-0.283	0.283
  2680	-0.141743	-0.283	0.283
  2681	-0.120696	-0.283	0.283
  2682	-0.145732	-0.283	0.283
  2683	-0.135018	-0.283	0.283
  2684	-0.123073	-0.283	0.283
  2685	-0.110679	-0.283	0.283
  2686	-0.141174	-0.283	0.283
  2687	-0.112124	-0.283	0.283
  2688	-0.101258	-0.283	0.283
  2689	-0.12225	-0.283	0.283
  2690	-0.138199	-0.283	0.283
  2691	-0.122162	-0.283	0.283
  2692	-0.101695	-0.283	0.283
  2693	-0.148486	-0.283	0.283
  2694	-0.140561	-0.283	0.283
  2695	-0.13349	-0.283	0.283
  2696	-0.109575	-0.283	0.283
  2697	-0.130247	-0.283	0.283
  2698	-0.093482	-0.283	0.283
  2699	-0.12231	-0.283	0.283
  2700	-0.132989	-0.283	0.283
  2701	-0.142327	-0.283	0.283
  2702	-0.13534	-0.283	0.283
  2703	-0.0940165	-0.283	0.283
  2704	-0.119905	-0.283	0.283
  2705	-0.146945	-0.283	0.283
  2706	-0.138453	-0.283	0.283
  2707	-0.141185	-0.283	0.283
  2708	-0.118589	-0.283	0.283
  2709	-0.0748452	-0.283	0.283
  2710	-0.146959	-0.283	0.283
  2711	-0.126735	-0.283	0.283
  2712	-0.118053	-0.283	0.283
  2713	-0.148933	-0.283	0.283
  2714	-0.140064	-0.283	0.283
  2715	-0.133812	-0.283	0.283
  2716	-0.106249	-0.283	0.283
  2717	-0.102675	-0.283	0.283
  2718	-0.144095	-0.283	0.283
  2719	-0.145543	-0.283	0.283
  2720	-0.088381	-0.283	0.283
  2721	-0.101979	-0.283	0.283
  2722	-0.109631	-0.283	0.283
  2723	-0.109813	-0.283	0.283
  2724	-0.120546	-0.283	0.283
  2725	-0.116185	-0.283	0.283
  2726	-0.128011	-0.283	0.283
  2727	-0.129011	-0.283	0.283
  2728	-0.128793	-0.283	0.283
  2729	-0.12938	-0.283	0.283
  2730	-0.107149	-0.283	0.283
  2731	-0.136037	-0.283	0.283
  2732	-0.137269	-0.283	0.283
  2733	-0.136726	-0.283	0.283
  2734	-0.147199	-0.283	0.283
  2735	-0.135926	-0.283	0.283
  2736	-0.141869	-0.283	0.283
  2737	-0.146538	-0.283	0.283
  2738	-0.0914208	-0.283	0.283
  2739	-0.125892	-0.283	0.283
  2740	-0.13971	-0.283	0.283
  2741	-0.0935937	-0.283	0.283
  2742	-0.124031	-0.283	0.283
  2743	-0.145013	-0.283	0.283
  2744	-0.143405	-0.283	0.283
  2745	-0.131064	-0.283	0.283
  2746	-0.121444	-0.283	0.283
  2747	-0.136858	-0.283	0.283
  2748	-0.14114	-0.283	0.283
  2749	-0.129764	-0.283	0.283
  2750	-0.143756	-0.283	0.283
  2751	-0.126326	-0.283	0.283
  2752	-0.0838184	-0.283	0.283
  2753	-0.107847	-0.283	0.283
  2754	-0.128994	-0.283	0.283
  2755	-0.119053	-0.283	0.283
  2756	-0.110524	-0.283	0.283
  2757	-0.122373	-0.283	0.283
  2758	-0.14735	-0.283	0.283
  2759	-0.128045	-0.283	0.283
  2760	-0.14033	-0.283	0.283
  2761	-0.136973	-0.283	0.283
  2762	-0.109145	-0.283	0.283
  2763	-0.102739	-0.283	0.283
  2764	-0.127663	-0.283	0.283
  2765	-0.135929	-0.283	0.283
  2766	-0.143971	-0.283	0.283
  2767	-0.13249	-0.283	0.283
  2768	-0.137148	-0.283	0.283
  2769	-0.143239	-0.283	0.283
  2770	-0.141546	-0.283	0.283
  2771	-0.131991	-0.283	0.283
  2772	-0.14741	-0.283	0.283
  2773	-0.114787	-0.283	0.283
  2774	-0.134314	-0.283	0.283
  2775	-0.13638	-0.283	0.283
  2776	-0.116003	-0.283	0.283
  2777	-0.0780122	-0.283	0.283
  2778	-0.127368	-0.283	0.283
  2779	-0.150731	-0.283	0.283
  2780	-0.146128	-0.283	0.283
  2781	-0.0949782	-0.283	0.283
  2782	-0.139709	-0.283	0.283
  2783	-0.140214	-0.283	0.283
  2784	-0.141015	-0.283	0.283
  2785	-0.11845	-0.283	0.283
  2786	-0.145445	-0.283	0.283
  2787	-0.113277	-0.283	0.283
  2788	-0.119312	-0.283	0.283
  2789	-0.145034	-0.283	0.283
  2790	-0.145844	-0.283	0.283
  2791	-0.141495	-0.283	0.283
  2792	-0.124813	-0.283	0.283
  2793	-0.142127	-0.283	0.283
  2794	-0.098023	-0.283	0.283
  2795	-0.137333	-0.283	0.283
  2796	-0.142317	-0.283	0.283
  2797	-0.136221	-0.283	0.283
  2798	-0.101132	-0.283	0.283
  2799	-0.120825	-0.283	0.283
  2800	-0.136734	-0.283	0.283
  2801	-0.146768	-0.283	0.283
  2802	-0.133997	-0.283	0.283
  2803	-0.118742	-0.283	0.283
  2804	-0.128987	-0.283	0.283
  2805	-0.136402	-0.283	0.283
  2806	-0.125503	-0.283	0.283
  2807	-0.102158	-0.283	0.283
  2808	-0.128282	-0.283	0.283
  2809	-0.131138	-0.283	0.283
  2810	-0.130637	-0.283	0.283
  2811	-0.123814	-0.283	0.283
  2812	-0.140798	-0.283	0.283
  2813	-0.129238	-0.283	0.283
  2814	-0.110801	-0.283	0.283
  2815	-0.123054	-0.283	0.283
  2816	-0.125934	-0.283	0.283
  2817	-0.0917478	-0.283	0.283
  2818	-0.144327	-0.283	0.283
  2819	-0.110938	-0.283	0.283
  2820	-0.0816697	-0.283	0.283
  2821	-0.137549	-0.283	0.283
  2822	-0.121848	-0.283	0.283
  2823	-0.149728	-0.283	0.283
  2824	-0.132473	-0.283	0.283
  2825	-0.0960437	-0.283	0.283
  2826	-0.145714	-0.283	0.283
  2827	-0.140155	-0.283	0.283
  2828	-0.132738	-0.283	0.283
  2829	-0.13789	-0.283	0.283
  2830	-0.149258	-0.283	0.283
  2831	-0.118709	-0.283	0.283
  2832	-0.146445	-0.283	0.283
  2833	-0.0910421	-0.283	0.283
  2834	-0.117762	-0.283	0.283
  2835	-0.149143	-0.283	0.283
  2836	-0.120474	-0.283	0.283
  2837	-0.122265	-0.283	0.283
  2838	-0.119469	-0.283	0.283
  2839	-0.145634	-0.283	0.283
  2840	-0.135501	-0.283	0.283
  2841	-0.0875747	-0.283	0.283
  2842	-0.133302	-0.283	0.283
  2843	-0.103637	-0.283	0.283
  2844	-0.147405	-0.283	0.283
  2845	-0.0874404	-0.283	0.283
  2846	-0.144869	-0.283	0.283
  2847	-0.0759989	-0.283	0.283
  2848	-0.142633	-0.283	0.283
  2849	-0.138646	-0.283	0.283
  2850	-0.147239	-0.283	0.283
  2851	-0.147545	-0.283	0.283
  2852	-0.130163	-0.283	0.283
  2853	-0.131828	-0.283	0.283
  2854	-0.14825	-0.283	0.283
  2855	-0.145789	-0.283	0.283
  2856	-0.135262	-0.283	0.283
  2857	-0.132992	-0.283	0.283
  2858	-0.133864	-0.283	0.283
  2859	-0.132456	-0.283	0.283
  2860	-0.135831	-0.283	0.283
  2861	-0.14033	-0.283	0.283
  2862	-0.144732	-0.283	0.283
  2863	-0.130693	-0.283	0.283
  2864	-0.123006	-0.283	0.283
  2865	-0.112603	-0.283	0.283
  2866	-0.146193	-0.283	0.283
  2867	-0.142188	-0.283	0.283
  2868	-0.119842	-0.283	0.283
  2869	-0.134584	-0.283	0.283
  2870	-0.144532	-0.283	0.283
  2871	-0.129393	-0.283	0.283
  2872	-0.144427	-0.283	0.283
  2873	-0.127139	-0.283	0.283
  2874	-0.117735	-0.283	0.283
  2875	-0.110588	-0.283	0.283
  2876	-0.143676	-0.283	0.283
  2877	-0.122058	-0.283	0.283
  2878	-0.145933	-0.283	0.283
  2879	-0.147202	-0.283	0.283
  2880	-0.110893	-0.283	0.283
  2881	-0.122775	-0.283	0.283
  2882	-0.136954	-0.283	0.283
  2883	-0.135878	-0.283	0.283
  2884	-0.129415	-0.283	0.283
  2885	-0.146737	-0.283	0.283
  2886	-0.103623	-0.283	0.283
  2887	-0.0918042	-0.283	0.283
  2888	-0.127426	-0.283	0.283
  2889	-0.122717	-0.283	0.283
  2890	-0.097103	-0.283	0.283
  2891	-0.073585	-0.283	0.283
  2892	-0.146914	-0.283	0.283
  2893	-0.117787	-0.283	0.283
  2894	-0.105642	-0.283	0.283
  2895	-0.0877653	-0.283	0.283
  2896	-0.100627	-0.283	0.283
  2897	-0.137254	-0.283	0.283
  2898	-0.150084	-0.283	0.283
  2899	-0.146559	-0.283	0.283
  2900	-0.121613	-0.283	0.283
  2901	-0.151027	-0.283	0.283
  2902	-0.133621	-0.283	0.283
  2903	-0.130829	-0.283	0.283
  2904	-0.0993741	-0.283	0.283
  2905	-0.131394	-0.283	0.283
  2906	-0.138213	-0.283	0.283
  2907	-0.121592	-0.283	0.283
  2908	-0.133276	-0.283	0.283
  2909	-0.14721	-0.283	0.283
  2910	-0.121237	-0.283	0.283
  2911	-0.131964	-0.283	0.283
  2912	-0.144863	-0.283	0.283
  2913	-0.11348	-0.283	0.283
  2914	-0.111652	-0.283	0.283
  2915	-0.12723	-0.283	0.283
  2916	-0.104897	-0.283	0.283
  2917	-0.148811	-0.283	0.283
  2918	-0.12049	-0.283	0.283
  2919	-0.120092	-0.283	0.283
  2920	-0.119779	-0.283	0.283
  2921	-0.135049	-0.283	0.283
  2922	-0.136968	-0.283	0.283
  2923	-0.128636	-0.283	0.283
  2924	-0.132562	-0.283	0.283
  2925	-0.143992	-0.283	0.283
  2926	-0.110886	-0.283	0.283
  2927	-0.135161	-0.283	0.283
  2928	-0.141982	-0.283	0.283
  2929	-0.12117	-0.283	0.283
  2930	-0.149488	-0.283	0.283
  2931	-0.119523	-0.283	0.283
  2932	-0.146463	-0.283	0.283
  2933	-0.0677089	-0.283	0.283
  2934	-0.131918	-0.283	0.283
  2935	-0.120237	-0.283	0.283
  2936	-0.125786	-0.283	0.283
  2937	-0.102305	-0.283	0.283
  2938	-0.113653	-0.283	0.283
  2939	-0.132629	-0.283	0.283
  2940	-0.143982	-0.283	0.283
  2941	-0.130558	-0.283	0.283
  2942	-0.109563	-0.283	0.283
  2943	-0.145793	-0.283	0.283
  2944	-0.112553	-0.283	0.283
  2945	-0.130412	-0.283	0.283
  2946	-0.139245	-0.283	0.283
  2947	-0.120589	-0.283	0.283
  2948	-0.142322	-0.283	0.283
  2949	-0.121118	-0.283	0.283
  2950	-0.127296	-0.283	0.283
  2951	-0.129488	-0.283	0.283
  2952	-0.13115	-0.283	0.283
  2953	-0.10998	-0.283	0.283
  2954	-0.128915	-0.283	0.283
  2955	-0.136171	-0.283	0.283
  2956	-0.141039	-0.283	0.283
  2957	-0.0942524	-0.283	0.283
  2958	-0.121892	-0.283	0.283
  2959	-0.136589	-0.283	0.283
  2960	-0.104801	-0.283	0.283
  2961	-0.133672	-0.283	0.283
  2962	-0.12495	-0.283	0.283
  2963	-0.1491	-0.283	0.283
  2964	-0.149308	-0.283	0.283
  2965	-0.1186	-0.283	0.283
  2966	-0.11831	-0.283	0.283
  2967	-0.101219	-0.283	0.283
  2968	-0.14538	-0.283	0.283
  2969	-0.149897	-0.283	0.283
  2970	-0.127933	-0.283	0.283
  2971	-0.111683	-0.283	0.283
  2972	-0.144242	-0.283	0.283
  2973	-0.115196	-0.283	0.283
  2974	-0.114503	-0.283	0.283
  2975	-0.117154	-0.283	0.283
  2976	-0.13478	-0.283	0.283
  2977	-0.151045	-0.283	0.283
  2978	-0.100023	-0.283	0.283
  2979	-0.122179	-0.283	0.283
  2980	-0.139561	-0.283	0.283
  2981	-0.139653	-0.283	0.283
  2982	-0.132969	-0.283	0.283
  2983	-0.134141	-0.283	0.283
  2984	-0.125417	-0.283	0.283
  2985	-0.132712	-0.283	0.283
  2986	-0.120229	-0.283	0.283
  2987	-0.144726	-0.283	0.283
  2988	-0.143091	-0.283	0.283
  2989	-0.112344	-0.283	0.283
  2990	-0.0983368	-0.283	0.283
  2991	-0.106166	-0.283	0.283
  2992	-0.13188	-0.283	0.283
  2993	-0.145337	-0.283	0.283
  2994	-0.106085	-0.283	0.283
  2995	-0.145177	-0.283	0.283
  2996	-0.145781	-0.283	0.283
  2997	-0.0905607	-0.283	0.283
  2998	-0.146446	-0.283	0.283
  2999	-0.118126	-0.283	0.283
  3000	-0.140612	-0.283	0.283
  3001	-0.149823	-0.283	0.283
  3002	-0.146566	-0.283	0.283
  3003	-0.129241	-0.283	0.283
  3004	-0.11277	-0.283	0.283
  3005	-0.133202	-0.283	0.283
  3006	-0.100178	-0.283	0.283
  3007	-0.120688	-0.283	0.283
  3008	-0.149181	-0.283	0.283
  3009	-0.14512	-0.283	0.283
  3010	-0.125733	-0.283	0.283
  3011	-0.144991	-0.283	0.283
  3012	-0.146181	-0.283	0.283
  3013	-0.113275	-0.283	0.283
  3014	-0.125234	-0.283	0.283
  3015	-0.130546	-0.283	0.283
  3016	-0.151109	-0.283	0.283
  3017	-0.140988	-0.283	0.283
  3018	-0.104511	-0.283	0.283
  3019	-0.144938	-0.283	0.283
  3020	-0.110462	-0.283	0.283
  3021	-0.113807	-0.283	0.283
  3022	-0.139015	-0.283	0.283
  3023	-0.143662	-0.283	0.283
  3024	-0.143559	-0.283	0.283
  3025	-0.143788	-0.283	0.283
  3026	-0.0856478	-0.283	0.283
  3027	-0.102657	-0.283	0.283
  3028	-0.14504	-0.283	0.283
  3029	-0.115747	-0.283	0.283
  3030	-0.139142	-0.283	0.283
  3031	-0.112552	-0.283	0.283
  3032	-0.113581	-0.283	0.283
  3033	-0.0958399	-0.283	0.283
  3034	-0.13697	-0.283	0.283
  3035	-0.130762	-0.283	0.283
  3036	-0.0986402	-0.283	0.283
  3037	-0.124815	-0.283	0.283
  3038	-0.0912096	-0.283	0.283
  3039	-0.143693	-0.283	0.283
  3040	-0.130976	-0.283	0.283
  3041	-0.127862	-0.283	0.283
  3042	-0.11488	-0.283	0.283
  3043	-0.101353	-0.283	0.283
  3044	-0.147067	-0.283	0.283
  3045	-0.146707	-0.283	0.283
  3046	-0.12421	-0.283	0.283
  3047	-0.132182	-0.283	0.283
  3048	-0.127601	-0.283	0.283
  3049	-0.0744902	-0.283	0.283
  3050	-0.13246	-0.283	0.283
  3051	-0.145483	-0.283	0.283
  3052	-0.107635	-0.283	0.283
  3053	-0.150168	-0.283	0.283
  3054	-0.0736039	-0.283	0.283
  3055	-0.137764	-0.283	0.283
  3056	-0.136942	-0.283	0.283
  3057	-0.114696	-0.283	0.283
  3058	-0.148414	-0.283	0.283
  3059	-0.109581	-0.283	0.283
  3060	-0.139227	-0.283	0.283
  3061	-0.15015	-0.283	0.283
  3062	-0.116404	-0.283	0.283
  3063	-0.138554	-0.283	0.283
  3064	-0.115084	-0.283	0.283
  3065	-0.115723	-0.283	0.283
  3066	-0.135881	-0.283	0.283
  3067	-0.0997741	-0.283	0.283
  3068	-0.127153	-0.283	0.283
  3069	-0.0986251	-0.283	0.283
  3070	-0.146619	-0.283	0.283
  3071	-0.0900808	-0.283	0.283
  3072	-0.11454	-0.283	0.283
  3073	-0.142391	-0.283	0.283
  3074	-0.131888	-0.283	0.283
  3075	-0.0923186	-0.283	0.283
  3076	-0.127771	-0.283	0.283
  3077	-0.136654	-0.283	0.283
  3078	-0.122323	-0.283	0.283
  3079	-0.147517	-0.283	0.283
  3080	-0.127731	-0.283	0.283
  3081	-0.129641	-0.283	0.283
  3082	-0.146825	-0.283	0.283
  3083	-0.138682	-0.283	0.283
  3084	-0.13456	-0.283	0.283
  3085	-0.143708	-0.283	0.283
  3086	-0.12368	-0.283	0.283
  3087	-0.140216	-0.283	0.283
  3088	-0.144032	-0.283	0.283
  3089	-0.145828	-0.283	0.283
  3090	-0.150294	-0.283	0.283
  3091	-0.131087	-0.283	0.283
  3092	-0.104826	-0.283	0.283
  3093	-0.132588	-0.283	0.283
  3094	-0.1093	-0.283	0.283
  3095	-0.113048	-0.283	0.283
  3096	-0.123158	-0.283	0.283
  3097	-0.132476	-0.283	0.283
  3098	-0.149932	-0.283	0.283
  3099	-0.106683	-0.283	0.283
  3100	-0.131791	-0.283	0.283
  3101	-0.105955	-0.283	0.283
  3102	-0.103909	-0.283	0.283
  3103	-0.109384	-0.283	0.283
  3104	-0.113177	-0.283	0.283
  3105	-0.136003	-0.283	0.283
  3106	-0.13282	-0.283	0.283
  3107	-0.101026	-0.283	0.283
  3108	-0.103393	-0.283	0.283
  3109	-0.134344	-0.283	0.283
  3110	-0.122468	-0.283	0.283
  3111	-0.117235	-0.283	0.283
  3112	-0.139252	-0.283	0.283
  3113	-0.143238	-0.283	0.283
  3114	-0.148894	-0.283	0.283
  3115	-0.123747	-0.283	0.283
  3116	-0.135832	-0.283	0.283
  3117	-0.12766	-0.283	0.283
  3118	-0.141785	-0.283	0.283
  3119	-0.145695	-0.283	0.283
  3120	-0.149574	-0.283	0.283
  3121	-0.132036	-0.283	0.283
  3122	-0.141883	-0.283	0.283
  3123	-0.131075	-0.283	0.283
  3124	-0.13985	-0.283	0.283
  3125	-0.131207	-0.283	0.283
  3126	-0.113376	-0.283	0.283
  3127	-0.133297	-0.283	0.283
  3128	-0.108437	-0.283	0.283
  3129	-0.115303	-0.283	0.283
  3130	-0.124308	-0.283	0.283
  3131	-0.0915012	-0.283	0.283
  3132	-0.111494	-0.283	0.283
  3133	-0.149599	-0.283	0.283
  3134	-0.148735	-0.283	0.283
  3135	-0.138299	-0.283	0.283
  3136	-0.128669	-0.283	0.283
  3137	-0.0976961	-0.283	0.283
  3138	-0.142923	-0.283	0.283
  3139	-0.117216	-0.283	0.283
  3140	-0.120478	-0.283	0.283
  3141	-0.130519	-0.283	0.283
  3142	-0.137297	-0.283	0.283
  3143	-0.111389	-0.283	0.283
  3144	-0.0939064	-0.283	0.283
  3145	-0.0893966	-0.283	0.283
  3146	-0.104213	-0.283	0.283
  3147	-0.141877	-0.283	0.283
  3148	-0.127679	-0.283	0.283
  3149	-0.149325	-0.283	0.283
  3150	-0.127509	-0.283	0.283
  3151	-0.0963792	-0.283	0.283
  3152	-0.133232	-0.283	0.283
  3153	-0.146621	-0.283	0.283
  3154	-0.119409	-0.283	0.283
  3155	-0.118378	-0.283	0.283
  3156	-0.146765	-0.283	0.283
  3157	-0.150594	-0.283	0.283
  3158	-0.11458	-0.283	0.283
  3159	-0.081136	-0.283	0.283
  3160	-0.148216	-0.283	0.283
  3161	-0.126055	-0.283	0.283
  3162	-0.0784741	-0.283	0.283
  3163	-0.134048	-0.283	0.283
  3164	-0.142345	-0.283	0.283
  3165	-0.130372	-0.283	0.283
  3166	-0.144267	-0.283	0.283
  3167	-0.113112	-0.283	0.283
  3168	-0.127441	-0.283	0.283
  3169	-0.144787	-0.283	0.283
  3170	-0.124279	-0.283	0.283
  3171	-0.105187	-0.283	0.283
  3172	-0.141047	-0.283	0.283
  3173	-0.120151	-0.283	0.283
  3174	-0.0842665	-0.283	0.283
  3175	-0.123973	-0.283	0.283
  3176	-0.0970887	-0.283	0.283
  3177	-0.120637	-0.283	0.283
  3178	-0.115956	-0.283	0.283
  3179	-0.142876	-0.283	0.283
  3180	-0.115985	-0.283	0.283
  3181	-0.142642	-0.283	0.283
  3182	-0.127466	-0.283	0.283
  3183	-0.140608	-0.283	0.283
  3184	-0.0930139	-0.283	0.283
  3185	-0.126671	-0.283	0.283
  3186	-0.103126	-0.283	0.283
  3187	-0.140208	-0.283	0.283
  3188	-0.136882	-0.283	0.283
  3189	-0.140706	-0.283	0.283
  3190	-0.136822	-0.283	0.283
  3191	-0.138424	-0.283	0.283
  3192	-0.118707	-0.283	0.283
  3193	-0.124723	-0.283	0.283
  3194	-0.0936318	-0.283	0.283
  3195	-0.0971597	-0.283	0.283
  3196	-0.10491	-0.283	0.283
  3197	-0.117405	-0.283	0.283
  3198	-0.146871	-0.283	0.283
  3199	-0.114724	-0.283	0.283
  3200	-0.104717	-0.283	0.283
  3201	-0.11098	-0.283	0.283
  3202	-0.145164	-0.283	0.283
  3203	-0.14476	-0.283	0.283
  3204	-0.138365	-0.283	0.283
  3205	-0.102772	-0.283	0.283
  3206	-0.129237	-0.283	0.283
  3207	-0.144731	-0.283	0.283
  3208	-0.149803	-0.283	0.283
  3209	-0.141167	-0.283	0.283
  3210	-0.112168	-0.283	0.283
  3211	-0.125863	-0.283	0.283
  3212	-0.0957334	-0.283	0.283
  3213	-0.128304	-0.283	0.283
  3214	-0.133514	-0.283	0.283
  3215	-0.138977	-0.283	0.283
  3216	-0.125043	-0.283	0.283
  3217	-0.108544	-0.283	0.283
  3218	-0.138186	-0.283	0.283
  3219	-0.137303	-0.283	0.283
  3220	-0.148323	-0.283	0.283
  3221	-0.143319	-0.283	0.283
  3222	-0.133665	-0.283	0.283
  3223	-0.149106	-0.283	0.283
  3224	-0.136208	-0.283	0.283
  3225	-0.0897931	-0.283	0.283
  3226	-0.130957	-0.283	0.283
  3227	-0.139516	-0.283	0.283
  3228	-0.132912	-0.283	0.283
  3229	-0.144157	-0.283	0.283
  3230	-0.126381	-0.283	0.283
  3231	-0.12031	-0.283	0.283
  3232	-0.138232	-0.283	0.283
  3233	-0.146483	-0.283	0.283
  3234	-0.128336	-0.283	0.283
  3235	-0.109192	-0.283	0.283
  3236	-0.129321	-0.283	0.283
  3237	-0.127089	-0.283	0.283
  3238	-0.10404	-0.283	0.283
  3239	-0.149651	-0.283	0.283
  3240	-0.133209	-0.283	0.283
  3241	-0.137415	-0.283	0.283
  3242	-0.106877	-0.283	0.283
  3243	-0.118772	-0.283	0.283
  3244	-0.117361	-0.283	0.283
  3245	-0.0973028	-0.283	0.283
  3246	-0.131471	-0.283	0.283
  3247	-0.120724	-0.283	0.283
  3248	-0.117977	-0.283	0.283
  3249	-0.130848	-0.283	0.283
  3250	-0.0999546	-0.283	0.283
  3251	-0.136057	-0.283	0.283
  3252	-0.11928	-0.283	0.283
  3253	-0.127656	-0.283	0.283
  3254	-0.123212	-0.283	0.283
  3255	-0.09654	-0.283	0.283
  3256	-0.150193	-0.283	0.283
  3257	-0.133686	-0.283	0.283
  3258	-0.112802	-0.283	0.283
  3259	-0.127697	-0.283	0.283
  3260	-0.128545	-0.283	0.283
  3261	-0.124826	-0.283	0.283
  3262	-0.140866	-0.283	0.283
  3263	-0.138849	-0.283	0.283
  3264	-0.132968	-0.283	0.283
  3265	-0.146413	-0.283	0.283
  3266	-0.113031	-0.283	0.283
  3267	-0.136685	-0.283	0.283
  3268	-0.111645	-0.283	0.283
  3269	-0.126309	-0.283	0.283
  3270	-0.142865	-0.283	0.283
  3271	-0.144302	-0.283	0.283
  3272	-0.101109	-0.283	0.283
  3273	-0.0961106	-0.283	0.283
  3274	-0.140273	-0.283	0.283
  3275	-0.123357	-0.283	0.283
  3276	-0.13128	-0.283	0.283
  3277	-0.129886	-0.283	0.283
  3278	-0.143147	-0.283	0.283
  3279	-0.10006	-0.283	0.283
  3280	-0.150325	-0.283	0.283
  3281	-0.140908	-0.283	0.283
  3282	-0.106345	-0.283	0.283
  3283	-0.143284	-0.283	0.283
  3284	-0.125789	-0.283	0.283
  3285	-0.130978	-0.283	0.283
  3286	-0.134413	-0.283	0.283
  3287	-0.101872	-0.283	0.283
  3288	-0.136737	-0.283	0.283
  3289	-0.141056	-0.283	0.283
  3290	-0.150169	-0.283	0.283
  3291	-0.118327	-0.283	0.283
  3292	-0.117033	-0.283	0.283
  3293	-0.11373	-0.283	0.283
  3294	-0.101488	-0.283	0.283
  3295	-0.10603	-0.283	0.283
  3296	-0.100892	-0.283	0.283
  3297	-0.149643	-0.283	0.283
  3298	-0.13888	-0.283	0.283
  3299	-0.147885	-0.283	0.283
  3300	-0.11236	-0.283	0.283
  3301	-0.110012	-0.283	0.283
  3302	-0.126206	-0.283	0.283
  3303	-0.127833	-0.283	0.283
  3304	-0.095501	-0.283	0.283
  3305	-0.119513	-0.283	0.283
  3306	-0.0883563	-0.283	0.283
  3307	-0.146513	-0.283	0.283
  3308	-0.123652	-0.283	0.283
  3309	-0.129467	-0.283	0.283
  3310	-0.146577	-0.283	0.283
  3311	-0.132882	-0.283	0.283
  3312	-0.146143	-0.283	0.283
  3313	-0.150335	-0.283	0.283
  3314	-0.11311	-0.283	0.283
  3315	-0.0984137	-0.283	0.283
  3316	-0.112096	-0.283	0.283
  3317	-0.141192	-0.283	0.283
  3318	-0.126919	-0.283	0.283
  3319	-0.113125	-0.283	0.283
  3320	-0.143022	-0.283	0.283
  3321	-0.115912	-0.283	0.283
  3322	-0.107108	-0.283	0.283
  3323	-0.147876	-0.283	0.283
  3324	-0.100199	-0.283	0.283
  3325	-0.0884056	-0.283	0.283
  3326	-0.125802	-0.283	0.283
  3327	-0.135209	-0.283	0.283
  3328	-0.13882	-0.283	0.283
  3329	-0.122203	-0.283	0.283
  3330	-0.144283	-0.283	0.283
  3331	-0.134322	-0.283	0.283
  3332	-0.13731	-0.283	0.283
  3333	-0.142008	-0.283	0.283
  3334	-0.14022	-0.283	0.283
  3335	-0.140636	-0.283	0.283
  3336	-0.108045	-0.283	0.283
  3337	-0.148318	-0.283	0.283
  3338	-0.148603	-0.283	0.283
  3339	-0.132425	-0.283	0.283
  3340	-0.123417	-0.283	0.283
  3341	-0.125305	-0.283	0.283
  3342	-0.145564	-0.283	0.283
  3343	-0.103605	-0.283	0.283
  3344	-0.0761935	-0.283	0.283
  3345	-0.13386	-0.283	0.283
  3346	-0.118548	-0.283	0.283
  3347	-0.140754	-0.283	0.283
  3348	-0.140716	-0.283	0.283
  3349	-0.135576	-0.283	0.283
  3350	-0.131576	-0.283	0.283
  3351	-0.114854	-0.283	0.283
  3352	-0.144712	-0.283	0.283
  3353	-0.123124	-0.283	0.283
  3354	-0.130052	-0.283	0.283
  3355	-0.129369	-0.283	0.283
  3356	-0.125094	-0.283	0.283
  3357	-0.0709585	-0.283	0.283
  3358	-0.125602	-0.283	0.283
  3359	-0.125681	-0.283	0.283
  3360	-0.147288	-0.283	0.283
  3361	-0.136933	-0.283	0.283
  3362	-0.112686	-0.283	0.283
  3363	-0.132549	-0.283	0.283
  3364	-0.135428	-0.283	0.283
  3365	-0.127147	-0.283	0.283
  3366	-0.133201	-0.283	0.283
  3367	-0.119845	-0.283	0.283
  3368	-0.128147	-0.283	0.283
  3369	-0.121861	-0.283	0.283
  3370	-0.121846	-0.283	0.283
  3371	-0.0996304	-0.283	0.283
  3372	-0.119614	-0.283	0.283
  3373	-0.116926	-0.283	0.283
  3374	-0.121754	-0.283	0.283
  3375	-0.0954422	-0.283	0.283
  3376	-0.0936221	-0.283	0.283
  3377	-0.14134	-0.283	0.283
  3378	-0.139106	-0.283	0.283
  3379	-0.140262	-0.283	0.283
  3380	-0.101082	-0.283	0.283
  3381	-0.148187	-0.283	0.283
  3382	-0.131161	-0.283	0.283
  3383	-0.1148	-0.283	0.283
  3384	-0.136899	-0.283	0.283
  3385	-0.105909	-0.283	0.283
  3386	-0.0858938	-0.283	0.283
  3387	-0.135417	-0.283	0.283
  3388	-0.116501	-0.283	0.283
  3389	-0.116371	-0.283	0.283
  3390	-0.0883998	-0.283	0.283
  3391	-0.144541	-0.283	0.283
  3392	-0.147794	-0.283	0.283
  3393	-0.137168	-0.283	0.283
  3394	-0.142975	-0.283	0.283
  3395	-0.134956	-0.283	0.283
  3396	-0.1494	-0.283	0.283
  3397	-0.0894992	-0.283	0.283
  3398	-0.140666	-0.283	0.283
  3399	-0.115433	-0.283	0.283
  3400	-0.114087	-0.283	0.283
  3401	-0.121882	-0.283	0.283
  3402	-0.150482	-0.283	0.283
  3403	-0.106714	-0.283	0.283
  3404	-0.114559	-0.283	0.283
  3405	-0.102445	-0.283	0.283
  3406	-0.14907	-0.283	0.283
  3407	-0.111824	-0.283	0.283
  3408	-0.134564	-0.283	0.283
  3409	-0.1301	-0.283	0.283
  3410	-0.0705051	-0.283	0.283
  3411	-0.118615	-0.283	0.283
  3412	-0.0985366	-0.283	0.283
  3413	-0.128011	-0.283	0.283
  3414	-0.148748	-0.283	0.283
  3415	-0.121509	-0.283	0.283
  3416	-0.116643	-0.283	0.283
  3417	-0.14471	-0.283	0.283
  3418	-0.147935	-0.283	0.283
  3419	-0.0811184	-0.283	0.283
  3420	-0.125666	-0.283	0.283
  3421	-0.114695	-0.283	0.283
  3422	-0.124027	-0.283	0.283
  3423	-0.089602	-0.283	0.283
  3424	-0.119525	-0.283	0.283
  3425	-0.139417	-0.283	0.283
  3426	-0.12107	-0.283	0.283
  3427	-0.138143	-0.283	0.283
  3428	-0.116354	-0.283	0.283
  3429	-0.137358	-0.283	0.283
  3430	-0.140684	-0.283	0.283
  3431	-0.123888	-0.283	0.283
  3432	-0.133099	-0.283	0.283
  3433	-0.129776	-0.283	0.283
  3434	-0.130429	-0.283	0.283
  3435	-0.117431	-0.283	0.283
  3436	-0.142383	-0.283	0.283
  3437	-0.104129	-0.283	0.283
  3438	-0.137398	-0.283	0.283
  3439	-0.111674	-0.283	0.283
  3440	-0.13456	-0.283	0.283
  3441	-0.113162	-0.283	0.283
  3442	-0.130019	-0.283	0.283
  3443	-0.140374	-0.283	0.283
  3444	-0.135053	-0.283	0.283
  3445	-0.144449	-0.283	0.283
  3446	-0.117597	-0.283	0.283
  3447	-0.133978	-0.283	0.283
  3448	-0.139481	-0.283	0.283
  3449	-0.0614526	-0.283	0.283
  3450	-0.138923	-0.283	0.283
  3451	-0.139639	-0.283	0.283
  3452	-0.106863	-0.283	0.283
  3453	-0.140433	-0.283	0.283
  3454	-0.102568	-0.283	0.283
  3455	-0.142943	-0.283	0.283
  3456	-0.132299	-0.283	0.283
  3457	-0.140079	-0.283	0.283
  3458	-0.0670599	-0.283	0.283
  3459	-0.130105	-0.283	0.283
  3460	-0.14154	-0.283	0.283
  3461	-0.101398	-0.283	0.283
  3462	-0.134572	-0.283	0.283
  3463	-0.112497	-0.283	0.283
  3464	-0.0977845	-0.283	0.283
  3465	-0.114203	-0.283	0.283
  3466	-0.136873	-0.283	0.283
  3467	-0.14827	-0.283	0.283
  3468	-0.138184	-0.283	0.283
  3469	-0.111392	-0.283	0.283
  3470	-0.145381	-0.283	0.283
  3471	-0.147277	-0.283	0.283
  3472	-0.121135	-0.283	0.283
  3473	-0.125838	-0.283	0.283
  3474	-0.140958	-0.283	0.283
  3475	-0.0943004	-0.283	0.283
  3476	-0.121113	-0.283	0.283
  3477	-0.112759	-0.283	0.283
  3478	-0.136682	-0.283	0.283
  3479	-0.113723	-0.283	0.283
  3480	-0.146785	-0.283	0.283
  3481	-0.0871594	-0.283	0.283
  3482	-0.0968555	-0.283	0.283
  3483	-0.146988	-0.283	0.283
  3484	-0.139163	-0.283	0.283
  3485	-0.143688	-0.283	0.283
  3486	-0.128522	-0.283	0.283
  3487	-0.145359	-0.283	0.283
  3488	-0.117544	-0.283	0.283
  3489	-0.115555	-0.283	0.283
  3490	-0.143679	-0.283	0.283
  3491	-0.140755	-0.283	0.283
  3492	-0.117482	-0.283	0.283
  3493	-0.0834333	-0.283	0.283
  3494	-0.12214	-0.283	0.283
  3495	-0.130729	-0.283	0.283
  3496	-0.135175	-0.283	0.283
  3497	-0.102869	-0.283	0.283
  3498	-0.127777	-0.283	0.283
  3499	-0.149323	-0.283	0.283
  3500	-0.148352	-0.283	0.283
  3501	-0.140654	-0.283	0.283
  3502	-0.127323	-0.283	0.283
  3503	-0.133739	-0.283	0.283
  3504	-0.12008	-0.283	0.283
  3505	-0.123577	-0.283	0.283
  3506	-0.133986	-0.283	0.283
  3507	-0.116469	-0.283	0.283
  3508	-0.124547	-0.283	0.283
  3509	-0.106327	-0.283	0.283
  3510	-0.113328	-0.283	0.283
  3511	-0.102318	-0.283	0.283
  3512	-0.135522	-0.283	0.283
  3513	-0.14691	-0.283	0.283
  3514	-0.112873	-0.283	0.283
  3515	-0.132913	-0.283	0.283
  3516	-0.148293	-0.283	0.283
  3517	-0.110622	-0.283	0.283
  3518	-0.147823	-0.283	0.283
  3519	-0.0872809	-0.283	0.283
  3520	-0.122484	-0.283	0.283
  3521	-0.127079	-0.283	0.283
  3522	-0.119636	-0.283	0.283
  3523	-0.130088	-0.283	0.283
  3524	-0.116694	-0.283	0.283
  3525	-0.130118	-0.283	0.283
  3526	-0.122702	-0.283	0.283
  3527	-0.0952746	-0.283	0.283
  3528	-0.149964	-0.283	0.283
  3529	-0.143718	-0.283	0.283
  3530	-0.143605	-0.283	0.283
  3531	-0.149816	-0.283	0.283
  3532	-0.124755	-0.283	0.283
  3533	-0.149876	-0.283	0.283
  3534	-0.147576	-0.283	0.283
  3535	-0.12067	-0.283	0.283
  3536	-0.11527	-0.283	0.283
  3537	-0.0942998	-0.283	0.283
  3538	-0.132035	-0.283	0.283
  3539	-0.145853	-0.283	0.283
  3540	-0.112461	-0.283	0.283
  3541	-0.139459	-0.283	0.283
  3542	-0.118022	-0.283	0.283
  3543	-0.0939256	-0.283	0.283
  3544	-0.0900261	-0.283	0.283
  3545	-0.11178	-0.283	0.283
  3546	-0.145417	-0.283	0.283
  3547	-0.13222	-0.283	0.283
  3548	-0.142001	-0.283	0.283
  3549	-0.117142	-0.283	0.283
  3550	-0.126863	-0.283	0.283
  3551	-0.13789	-0.283	0.283
  3552	-0.121284	-0.283	0.283
  3553	-0.132939	-0.283	0.283
  3554	-0.126031	-0.283	0.283
  3555	-0.106945	-0.283	0.283
  3556	-0.146459	-0.283	0.283
  3557	-0.141737	-0.283	0.283
  3558	-0.146699	-0.283	0.283
  3559	-0.111412	-0.283	0.283
  3560	-0.097766	-0.283	0.283
  3561	-0.08843	-0.283	0.283
  3562	-0.133192	-0.283	0.283
  3563	-0.0923206	-0.283	0.283
  3564	-0.117382	-0.283	0.283
  3565	-0.0861272	-0.283	0.283
  3566	-0.148477	-0.283	0.283
  3567	-0.134401	-0.283	0.283
  3568	-0.120487	-0.283	0.283
  3569	-0.143747	-0.283	0.283
  3570	-0.140674	-0.283	0.283
  3571	-0.136016	-0.283	0.283
  3572	-0.138863	-0.283	0.283
  3573	-0.127675	-0.283	0.283
  3574	-0.145357	-0.283	0.283
  3575	-0.0825691	-0.283	0.283
  3576	-0.127868	-0.283	0.283
  3577	-0.14985	-0.283	0.283
  3578	-0.133299	-0.283	0.283
  3579	-0.131573	-0.283	0.283
  3580	-0.145264	-0.283	0.283
  3581	-0.121336	-0.283	0.283
  3582	-0.139745	-0.283	0.283
  3583	-0.126658	-0.283	0.283
  3584	-0.116993	-0.283	0.283
  3585	-0.130256	-0.283	0.283
  3586	-0.138804	-0.283	0.283
  3587	-0.145301	-0.283	0.283
  3588	-0.115523	-0.283	0.283
  3589	-0.144979	-0.283	0.283
  3590	-0.137967	-0.283	0.283
  3591	-0.102995	-0.283	0.283
  3592	-0.131041	-0.283	0.283
  3593	-0.123842	-0.283	0.283
  3594	-0.107884	-0.283	0.283
  3595	-0.0783016	-0.283	0.283
  3596	-0.14987	-0.283	0.283
  3597	-0.133572	-0.283	0.283
  3598	-0.146473	-0.283	0.283
  3599	-0.112739	-0.283	0.283
  3600	-0.123486	-0.283	0.283
  3601	-0.111637	-0.283	0.283
  3602	-0.105859	-0.283	0.283
  3603	-0.129258	-0.283	0.283
  3604	-0.103834	-0.283	0.283
  3605	-0.145451	-0.283	0.283
  3606	-0.146495	-0.283	0.283
  3607	-0.140167	-0.283	0.283
  3608	-0.136189	-0.283	0.283
  3609	-0.119571	-0.283	0.283
  3610	-0.138926	-0.283	0.283
  3611	-0.11512	-0.283	0.283
  3612	-0.112931	-0.283	0.283
  3613	-0.11384	-0.283	0.283
  3614	-0.102494	-0.283	0.283
  3615	-0.127455	-0.283	0.283
  3616	-0.14991	-0.283	0.283
  3617	-0.128352	-0.283	0.283
  3618	-0.125575	-0.283	0.283
  3619	-0.122973	-0.283	0.283
  3620	-0.123348	-0.283	0.283
  3621	-0.0992496	-0.283	0.283
  3622	-0.122387	-0.283	0.283
  3623	-0.132874	-0.283	0.283
  3624	-0.150646	-0.283	0.283
  3625	-0.078003	-0.283	0.283
  3626	-0.0894347	-0.283	0.283
  3627	-0.125721	-0.283	0.283
  3628	-0.0995329	-0.283	0.283
  3629	-0.0962761	-0.283	0.283
  3630	-0.130191	-0.283	0.283
  3631	-0.117818	-0.283	0.283
  3632	-0.149749	-0.283	0.283
  3633	-0.116715	-0.283	0.283
  3634	-0.111919	-0.283	0.283
  3635	-0.122727	-0.283	0.283
  3636	-0.102762	-0.283	0.283
  3637	-0.103377	-0.283	0.283
  3638	-0.137123	-0.283	0.283
  3639	-0.135355	-0.283	0.283
  3640	-0.133205	-0.283	0.283
  3641	-0.116738	-0.283	0.283
  3642	-0.150161	-0.283	0.283
  3643	-0.124748	-0.283	0.283
  3644	-0.114102	-0.283	0.283
  3645	-0.133206	-0.283	0.283
  3646	-0.135926	-0.283	0.283
  3647	-0.128841	-0.283	0.283
  3648	-0.12946	-0.283	0.283
  3649	-0.131696	-0.283	0.283
  3650	-0.133548	-0.283	0.283
  3651	-0.130674	-0.283	0.283
  3652	-0.120613	-0.283	0.283
  3653	-0.110525	-0.283	0.283
  3654	-0.134471	-0.283	0.283
  3655	-0.118045	-0.283	0.283
  3656	-0.149515	-0.283	0.283
  3657	-0.0652409	-0.283	0.283
  3658	-0.141641	-0.283	0.283
  3659	-0.129826	-0.283	0.283
  3660	-0.147126	-0.283	0.283
  3661	-0.15166	-0.283	0.283
  3662	-0.147956	-0.283	0.283
  3663	-0.149895	-0.283	0.283
  3664	-0.107018	-0.283	0.283
  3665	-0.135044	-0.283	0.283
  3666	-0.145756	-0.283	0.283
  3667	-0.102362	-0.283	0.283
  3668	-0.140604	-0.283	0.283
  3669	-0.133306	-0.283	0.283
  3670	-0.141131	-0.283	0.283
  3671	-0.105991	-0.283	0.283
  3672	-0.148481	-0.283	0.283
  3673	-0.105509	-0.283	0.283
  3674	-0.145886	-0.283	0.283
  3675	-0.129366	-0.283	0.283
  3676	-0.128704	-0.283	0.283
  3677	-0.066985	-0.283	0.283
  3678	-0.142871	-0.283	0.283
  3679	-0.137467	-0.283	0.283
  3680	-0.130751	-0.283	0.283
  3681	-0.122549	-0.283	0.283
  3682	-0.126522	-0.283	0.283
  3683	-0.143484	-0.283	0.283
  3684	-0.112966	-0.283	0.283
  3685	-0.145991	-0.283	0.283
  3686	-0.128211	-0.283	0.283
  3687	-0.136922	-0.283	0.283
  3688	-0.0957559	-0.283	0.283
  3689	-0.144672	-0.283	0.283
  3690	-0.134066	-0.283	0.283
  3691	-0.148744	-0.283	0.283
  3692	-0.136697	-0.283	0.283
  3693	-0.11634	-0.283	0.283
  3694	-0.114612	-0.283	0.283
  3695	-0.150672	-0.283	0.283
  3696	-0.135964	-0.283	0.283
  3697	-0.131672	-0.283	0.283
  3698	-0.132091	-0.283	0.283
  3699	-0.122541	-0.283	0.283
  3700	-0.132994	-0.283	0.283
  3701	-0.087757	-0.283	0.283
  3702	-0.135213	-0.283	0.283
  3703	-0.0910361	-0.283	0.283
  3704	-0.104926	-0.283	0.283
  3705	-0.142178	-0.283	0.283
  3706	-0.121146	-0.283	0.283
  3707	-0.0665821	-0.283	0.283
  3708	-0.106006	-0.283	0.283
  3709	-0.078449	-0.283	0.283
  3710	-0.139483	-0.283	0.283
  3711	-0.137098	-0.283	0.283
  3712	-0.122974	-0.283	0.283
  3713	-0.116158	-0.283	0.283
  3714	-0.123494	-0.283	0.283
  3715	-0.124745	-0.283	0.283
  3716	-0.145287	-0.283	0.283
  3717	-0.116765	-0.283	0.283
  3718	-0.141406	-0.283	0.283
  3719	-0.14941	-0.283	0.283
  3720	-0.120883	-0.283	0.283
  3721	-0.143491	-0.283	0.283
  3722	-0.145892	-0.283	0.283
  3723	-0.104432	-0.283	0.283
  3724	-0.099555	-0.283	0.283
  3725	-0.113621	-0.283	0.283
  3726	-0.14645	-0.283	0.283
  3727	-0.128465	-0.283	0.283
  3728	-0.113426	-0.283	0.283
  3729	-0.0877082	-0.283	0.283
  3730	-0.110745	-0.283	0.283
  3731	-0.150058	-0.283	0.283
  3732	-0.137384	-0.283	0.283
  3733	-0.108769	-0.283	0.283
  3734	-0.113032	-0.283	0.283
  3735	-0.144693	-0.283	0.283
  3736	-0.151832	-0.283	0.283
  3737	-0.109586	-0.283	0.283
  3738	-0.122454	-0.283	0.283
  3739	-0.1393	-0.283	0.283
  3740	-0.134318	-0.283	0.283
  3741	-0.0972108	-0.283	0.283
  3742	-0.134547	-0.283	0.283
  3743	-0.126942	-0.283	0.283
  3744	-0.134831	-0.283	0.283
  3745	-0.128654	-0.283	0.283
  3746	-0.11664	-0.283	0.283
  3747	-0.135368	-0.283	0.283
  3748	-0.117527	-0.283	0.283
  3749	-0.107723	-0.283	0.283
  3750	-0.130713	-0.283	0.283
  3751	-0.130201	-0.283	0.283
  3752	-0.0950782	-0.283	0.283
  3753	-0.148904	-0.283	0.283
  3754	-0.103941	-0.283	0.283
  3755	-0.126512	-0.283	0.283
  3756	-0.149709	-0.283	0.283
  3757	-0.134108	-0.283	0.283
  3758	-0.144962	-0.283	0.283
  3759	-0.0874488	-0.283	0.283
  3760	-0.130633	-0.283	0.283
  3761	-0.129673	-0.283	0.283
  3762	-0.137862	-0.283	0.283
  3763	-0.145234	-0.283	0.283
  3764	-0.132442	-0.283	0.283
  3765	-0.1031	-0.283	0.283
  3766	-0.145	-0.283	0.283
  3767	-0.130446	-0.283	0.283
  3768	-0.148036	-0.283	0.283
  3769	-0.147871	-0.283	0.283
  3770	-0.14233	-0.283	0.283
  3771	-0.142889	-0.283	0.283
  3772	-0.142953	-0.283	0.283
  3773	-0.140624	-0.283	0.283
  3774	-0.148948	-0.283	0.283
  3775	-0.145955	-0.283	0.283
  3776	-0.106122	-0.283	0.283
  3777	-0.136682	-0.283	0.283
  3778	-0.124885	-0.283	0.283
  3779	-0.118484	-0.283	0.283
  3780	-0.138426	-0.283	0.283
  3781	-0.142075	-0.283	0.283
  3782	-0.136447	-0.283	0.283
  3783	-0.122879	-0.283	0.283
  3784	-0.134899	-0.283	0.283
  3785	-0.112622	-0.283	0.283
  3786	-0.123154	-0.283	0.283
  3787	-0.0925637	-0.283	0.283
  3788	-0.137139	-0.283	0.283
  3789	-0.119573	-0.283	0.283
  3790	-0.109015	-0.283	0.283
  3791	-0.13217	-0.283	0.283
  3792	-0.129562	-0.283	0.283
  3793	-0.115225	-0.283	0.283
  3794	-0.111506	-0.283	0.283
  3795	-0.131408	-0.283	0.283
  3796	-0.139738	-0.283	0.283
  3797	-0.133209	-0.283	0.283
  3798	-0.105928	-0.283	0.283
  3799	-0.13576	-0.283	0.283
  3800	-0.12697	-0.283	0.283
  3801	-0.138525	-0.283	0.283
  3802	-0.112554	-0.283	0.283
  3803	-0.14902	-0.283	0.283
  3804	-0.130877	-0.283	0.283
  3805	-0.123046	-0.283	0.283
  3806	-0.149018	-0.283	0.283
  3807	-0.1217	-0.283	0.283
  3808	-0.137732	-0.283	0.283
  3809	-0.132277	-0.283	0.283
  3810	-0.129866	-0.283	0.283
  3811	-0.134503	-0.283	0.283
  3812	-0.112273	-0.283	0.283
  3813	-0.0741546	-0.283	0.283
  3814	-0.142615	-0.283	0.283
  3815	-0.148916	-0.283	0.283
  3816	-0.117822	-0.283	0.283
  3817	-0.0952138	-0.283	0.283
  3818	-0.0950669	-0.283	0.283
  3819	-0.126548	-0.283	0.283
  3820	-0.149439	-0.283	0.283
  3821	-0.135436	-0.283	0.283
  3822	-0.100233	-0.283	0.283
  3823	-0.143866	-0.283	0.283
  3824	-0.140005	-0.283	0.283
  3825	-0.124052	-0.283	0.283
  3826	-0.145886	-0.283	0.283
  3827	-0.11364	-0.283	0.283
  3828	-0.108698	-0.283	0.283
  3829	-0.1089	-0.283	0.283
  3830	-0.130927	-0.283	0.283
  3831	-0.150672	-0.283	0.283
  3832	-0.117392	-0.283	0.283
  3833	-0.135398	-0.283	0.283
  3834	-0.135242	-0.283	0.283
  3835	-0.107935	-0.283	0.283
  3836	-0.0822554	-0.283	0.283
  3837	-0.122131	-0.283	0.283
  3838	-0.132871	-0.283	0.283
  3839	-0.135329	-0.283	0.283
  3840	-0.140051	-0.283	0.283
  3841	-0.13754	-0.283	0.283
  3842	-0.129973	-0.283	0.283
  3843	-0.115531	-0.283	0.283
  3844	-0.136496	-0.283	0.283
  3845	-0.124462	-0.283	0.283
  3846	-0.113515	-0.283	0.283
  3847	-0.148467	-0.283	0.283
  3848	-0.119365	-0.283	0.283
  3849	-0.106373	-0.283	0.283
  3850	-0.136609	-0.283	0.283
  3851	-0.150861	-0.283	0.283
  3852	-0.139958	-0.283	0.283
  3853	-0.145637	-0.283	0.283
  3854	-0.147775	-0.283	0.283
  3855	-0.14836	-0.283	0.283
  3856	-0.139296	-0.283	0.283
  3857	-0.150116	-0.283	0.283
  3858	-0.116406	-0.283	0.283
  3859	-0.132591	-0.283	0.283
  3860	-0.106745	-0.283	0.283
  3861	-0.14471	-0.283	0.283
  3862	-0.135956	-0.283	0.283
  3863	-0.120495	-0.283	0.283
  3864	-0.14418	-0.283	0.283
  3865	-0.14043	-0.283	0.283
  3866	-0.145981	-0.283	0.283
  3867	-0.113471	-0.283	0.283
  3868	-0.131088	-0.283	0.283
  3869	-0.106402	-0.283	0.283
  3870	-0.111982	-0.283	0.283
  3871	-0.143127	-0.283	0.283
  3872	-0.139458	-0.283	0.283
  3873	-0.106516	-0.283	0.283
  3874	-0.133636	-0.283	0.283
  3875	-0.123243	-0.283	0.283
  3876	-0.128878	-0.283	0.283
  3877	-0.134023	-0.283	0.283
  3878	-0.144623	-0.283	0.283
  3879	-0.111741	-0.283	0.283
  3880	-0.121103	-0.283	0.283
  3881	-0.0959193	-0.283	0.283
  3882	-0.117088	-0.283	0.283
  3883	-0.115857	-0.283	0.283
  3884	-0.124369	-0.283	0.283
  3885	-0.149738	-0.283	0.283
  3886	-0.100231	-0.283	0.283
  3887	-0.11162	-0.283	0.283
  3888	-0.118034	-0.283	0.283
  3889	-0.146841	-0.283	0.283
  3890	-0.136231	-0.283	0.283
  3891	-0.0996653	-0.283	0.283
  3892	-0.112282	-0.283	0.283
  3893	-0.0922972	-0.283	0.283
  3894	-0.144441	-0.283	0.283
  3895	-0.144779	-0.283	0.283
  3896	-0.119396	-0.283	0.283
  3897	-0.113076	-0.283	0.283
  3898	-0.146575	-0.283	0.283
  3899	-0.136288	-0.283	0.283
  3900	-0.113858	-0.283	0.283
  3901	-0.146525	-0.283	0.283
  3902	-0.123233	-0.283	0.283
  3903	-0.102314	-0.283	0.283
  3904	-0.131878	-0.283	0.283
  3905	-0.109609	-0.283	0.283
  3906	-0.136237	-0.283	0.283
  3907	-0.117491	-0.283	0.283
  3908	-0.121247	-0.283	0.283
  3909	-0.143058	-0.283	0.283
  3910	-0.132401	-0.283	0.283
  3911	-0.145478	-0.283	0.283
  3912	-0.147667	-0.283	0.283
  3913	-0.126201	-0.283	0.283
  3914	-0.114401	-0.283	0.283
  3915	-0.142379	-0.283	0.283
  3916	-0.148016	-0.283	0.283
  3917	-0.141686	-0.283	0.283
  3918	-0.121435	-0.283	0.283
  3919	-0.110677	-0.283	0.283
  3920	-0.148834	-0.283	0.283
  3921	-0.130486	-0.283	0.283
  3922	-0.137738	-0.283	0.283
  3923	-0.144743	-0.283	0.283
  3924	-0.127709	-0.283	0.283
  3925	-0.148552	-0.283	0.283
  3926	-0.108131	-0.283	0.283
  3927	-0.133609	-0.283	0.283
  3928	-0.150253	-0.283	0.283
  3929	-0.142674	-0.283	0.283
  3930	-0.14313	-0.283	0.283
  3931	-0.129773	-0.283	0.283
  3932	-0.119467	-0.283	0.283
  3933	-0.095782	-0.283	0.283
  3934	-0.139719	-0.283	0.283
  3935	-0.143881	-0.283	0.283
  3936	-0.108475	-0.283	0.283
  3937	-0.105888	-0.283	0.283
  3938	-0.143376	-0.283	0.283
  3939	-0.140359	-0.283	0.283
  3940	-0.146842	-0.283	0.283
  3941	-0.144618	-0.283	0.283
  3942	-0.113794	-0.283	0.283
  3943	-0.142508	-0.283	0.283
  3944	-0.102112	-0.283	0.283
  3945	-0.142247	-0.283	0.283
  3946	-0.134546	-0.283	0.283
  3947	-0.129791	-0.283	0.283
  3948	-0.14828	-0.283	0.283
  3949	-0.121681	-0.283	0.283
  3950	-0.0888795	-0.283	0.283
  3951	-0.123397	-0.283	0.283
  3952	-0.144422	-0.283	0.283
  3953	-0.139966	-0.283	0.283
  3954	-0.148722	-0.283	0.283
  3955	-0.133406	-0.283	0.283
  3956	-0.136737	-0.283	0.283
  3957	-0.117896	-0.283	0.283
  3958	-0.140804	-0.283	0.283
  3959	-0.0898071	-0.283	0.283
  3960	-0.146773	-0.283	0.283
  3961	-0.149523	-0.283	0.283
  3962	-0.12323	-0.283	0.283
  3963	-0.141515	-0.283	0.283
  3964	-0.105111	-0.283	0.283
  3965	-0.106573	-0.283	0.283
  3966	-0.0904778	-0.283	0.283
  3967	-0.0821824	-0.283	0.283
  3968	-0.112686	-0.283	0.283
  3969	-0.149268	-0.283	0.283
  3970	-0.131515	-0.283	0.283
  3971	-0.13607	-0.283	0.283
  3972	-0.0758264	-0.283	0.283
  3973	-0.132668	-0.283	0.283
  3974	-0.12625	-0.283	0.283
  3975	-0.145453	-0.283	0.283
  3976	-0.145212	-0.283	0.283
  3977	-0.14571	-0.283	0.283
  3978	-0.118711	-0.283	0.283
  3979	-0.138388	-0.283	0.283
  3980	-0.146415	-0.283	0.283
  3981	-0.131793	-0.283	0.283
  3982	-0.111225	-0.283	0.283
  3983	-0.117772	-0.283	0.283
  3984	-0.121877	-0.283	0.283
  3985	-0.129448	-0.283	0.283
  3986	-0.115598	-0.283	0.283
  3987	-0.129951	-0.283	0.283
  3988	-0.100988	-0.283	0.283
  3989	-0.112932	-0.283	0.283
  3990	-0.127027	-0.283	0.283
  3991	-0.129816	-0.283	0.283
  3992	-0.146321	-0.283	0.283
  3993	-0.096462	-0.283	0.283
  3994	-0.13441	-0.283	0.283
  3995	-0.0834367	-0.283	0.283
  3996	-0.145447	-0.283	0.283
  3997	-0.146392	-0.283	0.283
  3998	-0.118897	-0.283	0.283
  3999	-0.0892057	-0.283	0.283
  4000	-0.135391	-0.283	0.283
  4001	-0.122768	-0.283	0.283
  4002	-0.126858	-0.283	0.283
  4003	-0.105803	-0.283	0.283
  4004	-0.142354	-0.283	0.283
  4005	-0.125142	-0.283	0.283
  4006	-0.102626	-0.283	0.283
  4007	-0.141475	-0.283	0.283
  4008	-0.144527	-0.283	0.283
  4009	-0.0706592	-0.283	0.283
  4010	-0.107558	-0.283	0.283
  4011	-0.145077	-0.283	0.283
  4012	-0.131294	-0.283	0.283
  4013	-0.140872	-0.283	0.283
  4014	-0.130168	-0.283	0.283
  4015	-0.131503	-0.283	0.283
  4016	-0.126713	-0.283	0.283
  4017	-0.122523	-0.283	0.283
  4018	-0.0981397	-0.283	0.283
  4019	-0.110387	-0.283	0.283
  4020	-0.105513	-0.283	0.283
  4021	-0.116483	-0.283	0.283
  4022	-0.142822	-0.283	0.283
  4023	-0.121156	-0.283	0.283
  4024	-0.140949	-0.283	0.283
  4025	-0.117007	-0.283	0.283
  4026	-0.111016	-0.283	0.283
  4027	-0.102201	-0.283	0.283
  4028	-0.126732	-0.283	0.283
  4029	-0.142265	-0.283	0.283
  4030	-0.122895	-0.283	0.283
  4031	-0.131912	-0.283	0.283
  4032	-0.14877	-0.283	0.283
  4033	-0.139576	-0.283	0.283
  4034	-0.142491	-0.283	0.283
  4035	-0.131879	-0.283	0.283
  4036	-0.148737	-0.283	0.283
  4037	-0.120161	-0.283	0.283
  4038	-0.107454	-0.283	0.283
  4039	-0.147041	-0.283	0.283
  4040	-0.138626	-0.283	0.283
  4041	-0.138785	-0.283	0.283
  4042	-0.134751	-0.283	0.283
  4043	-0.149235	-0.283	0.283
  4044	-0.0926602	-0.283	0.283
  4045	-0.127986	-0.283	0.283
  4046	-0.1496	-0.283	0.283
  4047	-0.134345	-0.283	0.283
  4048	-0.146781	-0.283	0.283
  4049	-0.144172	-0.283	0.283
  4050	-0.0889996	-0.283	0.283
  4051	-0.134038	-0.283	0.283
  4052	-0.13217	-0.283	0.283
  4053	-0.12847	-0.283	0.283
  4054	-0.137154	-0.283	0.283
  4055	-0.135369	-0.283	0.283
  4056	-0.0995979	-0.283	0.283
  4057	-0.151422	-0.283	0.283
  4058	-0.144936	-0.283	0.283
  4059	-0.122386	-0.283	0.283
  4060	-0.111645	-0.283	0.283
  4061	-0.122809	-0.283	0.283
  4062	-0.127651	-0.283	0.283
  4063	-0.122923	-0.283	0.283
  4064	-0.101524	-0.283	0.283
  4065	-0.143786	-0.283	0.283
  4066	-0.123364	-0.283	0.283
  4067	-0.0944709	-0.283	0.283
  4068	-0.147021	-0.283	0.283
  4069	-0.118589	-0.283	0.283
  4070	-0.107505	-0.283	0.283
  4071	-0.100216	-0.283	0.283
  4072	-0.115761	-0.283	0.283
  4073	-0.127686	-0.283	0.283
  4074	-0.143771	-0.283	0.283
  4075	-0.149846	-0.283	0.283
  4076	-0.143597	-0.283	0.283
  4077	-0.138114	-0.283	0.283
  4078	-0.0730131	-0.283	0.283
  4079	-0.146239	-0.283	0.283
  4080	-0.141604	-0.283	0.283
  4081	-0.150281	-0.283	0.283
  4082	-0.122648	-0.283	0.283
  4083	-0.131006	-0.283	0.283
  4084	-0.147056	-0.283	0.283
  4085	-0.109602	-0.283	0.283
  4086	-0.135509	-0.283	0.283
  4087	-0.121266	-0.283	0.283
  4088	-0.113918	-0.283	0.283
  4089	-0.126646	-0.283	0.283
  4090	-0.143423	-0.283	0.283
  4091	-0.11552	-0.283	0.283
  4092	-0.116798	-0.283	0.283
  4093	-0.143651	-0.283	0.283
  4094	-0.126307	-0.283	0.283
  4095	-0.110345	-0.283	0.283
  4096	-0.141108	-0.283	0.283
  4097	-0.141743	-0.283	0.283
  4098	-0.123459	-0.283	0.283
  4099	-0.109245	-0.283	0.283
  4100	-0.141474	-0.283	0.283
  4101	-0.134287	-0.283	0.283
  4102	-0.129968	-0.283	0.283
  4103	-0.111913	-0.283	0.283
  4104	-0.143687	-0.283	0.283
  4105	-0.148724	-0.283	0.283
  4106	-0.147314	-0.283	0.283
  4107	-0.085357	-0.283	0.283
  4108	-0.119251	-0.283	0.283
  4109	-0.10645	-0.283	0.283
  4110	-0.140562	-0.283	0.283
  4111	-0.145684	-0.283	0.283
  4112	-0.13734	-0.283	0.283
  4113	-0.151791	-0.283	0.283
  4114	-0.121945	-0.283	0.283
  4115	-0.14661	-0.283	0.283
  4116	-0.0679131	-0.283	0.283
  4117	-0.134172	-0.283	0.283
  4118	-0.118157	-0.283	0.283
  4119	-0.133151	-0.283	0.283
  4120	-0.141315	-0.283	0.283
  4121	-0.10363	-0.283	0.283
  4122	-0.122335	-0.283	0.283
  4123	-0.116995	-0.283	0.283
  4124	-0.150367	-0.283	0.283
  4125	-0.105493	-0.283	0.283
  4126	-0.132429	-0.283	0.283
  4127	-0.147193	-0.283	0.283
  4128	-0.151596	-0.283	0.283
  4129	-0.137457	-0.283	0.283
  4130	-0.142635	-0.283	0.283
  4131	-0.130453	-0.283	0.283
  4132	-0.109664	-0.283	0.283
  4133	-0.103768	-0.283	0.283
  4134	-0.138334	-0.283	0.283
  4135	-0.132097	-0.283	0.283
  4136	-0.13872	-0.283	0.283
  4137	-0.0976651	-0.283	0.283
  4138	-0.130087	-0.283	0.283
  4139	-0.126813	-0.283	0.283
  4140	-0.110946	-0.283	0.283
  4141	-0.148709	-0.283	0.283
  4142	-0.126679	-0.283	0.283
  4143	-0.127826	-0.283	0.283
  4144	-0.105324	-0.283	0.283
  4145	-0.124965	-0.283	0.283
  4146	-0.146879	-0.283	0.283
  4147	-0.144764	-0.283	0.283
  4148	-0.125649	-0.283	0.283
  4149	-0.131499	-0.283	0.283
  4150	-0.115425	-0.283	0.283
  4151	-0.0898335	-0.283	0.283
  4152	-0.138421	-0.283	0.283
  4153	-0.137317	-0.283	0.283
  4154	-0.0954088	-0.283	0.283
  4155	-0.143119	-0.283	0.283
  4156	-0.138485	-0.283	0.283
  4157	-0.135092	-0.283	0.283
  4158	-0.130456	-0.283	0.283
  4159	-0.110309	-0.283	0.283
  4160	-0.0923409	-0.283	0.283
  4161	-0.0712323	-0.283	0.283
  4162	-0.102384	-0.283	0.283
  4163	-0.138937	-0.283	0.283
  4164	-0.135796	-0.283	0.283
  4165	-0.14312	-0.283	0.283
  4166	-0.104394	-0.283	0.283
  4167	-0.122355	-0.283	0.283
  4168	-0.0945493	-0.283	0.283
  4169	-0.144778	-0.283	0.283
  4170	-0.122417	-0.283	0.283
  4171	-0.0766155	-0.283	0.283
  4172	-0.123048	-0.283	0.283
  4173	-0.148728	-0.283	0.283
  4174	-0.138395	-0.283	0.283
  4175	-0.14437	-0.283	0.283
  4176	-0.124497	-0.283	0.283
  4177	-0.135941	-0.283	0.283
  4178	-0.107626	-0.283	0.283
  4179	-0.145708	-0.283	0.283
  4180	-0.149216	-0.283	0.283
  4181	-0.145265	-0.283	0.283
  4182	-0.128909	-0.283	0.283
  4183	-0.118427	-0.283	0.283
  4184	-0.145218	-0.283	0.283
  4185	-0.103329	-0.283	0.283
  4186	-0.100255	-0.283	0.283
  4187	-0.149772	-0.283	0.283
  4188	-0.126871	-0.283	0.283
  4189	-0.129276	-0.283	0.283
  4190	-0.149888	-0.283	0.283
  4191	-0.118579	-0.283	0.283
  4192	-0.127632	-0.283	0.283
  4193	-0.0937204	-0.283	0.283
  4194	-0.0914528	-0.283	0.283
  4195	-0.135722	-0.283	0.283
  4196	-0.144802	-0.283	0.283
  4197	-0.133085	-0.283	0.283
  4198	-0.129081	-0.283	0.283
  4199	-0.125614	-0.283	0.283
  4200	-0.138651	-0.283	0.283
  4201	-0.1479	-0.283	0.283
  4202	-0.143681	-0.283	0.283
  4203	-0.144218	-0.283	0.283
  4204	-0.128965	-0.283	0.283
  4205	-0.137989	-0.283	0.283
  4206	-0.106716	-0.283	0.283
  4207	-0.146975	-0.283	0.283
  4208	-0.140079	-0.283	0.283
  4209	-0.12935	-0.283	0.283
  4210	-0.137554	-0.283	0.283
  4211	-0.133895	-0.283	0.283
  4212	-0.130991	-0.283	0.283
  4213	-0.10364	-0.283	0.283
  4214	-0.145915	-0.283	0.283
  4215	-0.112651	-0.283	0.283
  4216	-0.141306	-0.283	0.283
  4217	-0.147634	-0.283	0.283
  4218	-0.113973	-0.283	0.283
  4219	-0.104637	-0.283	0.283
  4220	-0.141304	-0.283	0.283
  4221	-0.0683397	-0.283	0.283
  4222	-0.145533	-0.283	0.283
  4223	-0.144976	-0.283	0.283
  4224	-0.116888	-0.283	0.283
  4225	-0.0890745	-0.283	0.283
  4226	-0.127478	-0.283	0.283
  4227	-0.145016	-0.283	0.283
  4228	-0.142027	-0.283	0.283
  4229	-0.12359	-0.283	0.283
  4230	-0.121413	-0.283	0.283
  4231	-0.122503	-0.283	0.283
  4232	-0.136682	-0.283	0.283
  4233	-0.112129	-0.283	0.283
  4234	-0.134057	-0.283	0.283
  4235	-0.133556	-0.283	0.283
  4236	-0.107857	-0.283	0.283
  4237	-0.122455	-0.283	0.283
  4238	-0.0978753	-0.283	0.283
  4239	-0.126185	-0.283	0.283
  4240	-0.128765	-0.283	0.283
  4241	-0.124911	-0.283	0.283
  4242	-0.127954	-0.283	0.283
  4243	-0.114324	-0.283	0.283
  4244	-0.123592	-0.283	0.283
  4245	-0.119562	-0.283	0.283
  4246	-0.15078	-0.283	0.283
  4247	-0.132831	-0.283	0.283
  4248	-0.121075	-0.283	0.283
  4249	-0.130766	-0.283	0.283
  4250	-0.139214	-0.283	0.283
  4251	-0.134488	-0.283	0.283
  4252	-0.108337	-0.283	0.283
  4253	-0.145599	-0.283	0.283
  4254	-0.142292	-0.283	0.283
  4255	-0.125489	-0.283	0.283
  4256	-0.123036	-0.283	0.283
  4257	-0.140409	-0.283	0.283
  4258	-0.133811	-0.283	0.283
  4259	-0.145154	-0.283	0.283
  4260	-0.136334	-0.283	0.283
  4261	-0.125216	-0.283	0.283
  4262	-0.138026	-0.283	0.283
  4263	-0.141091	-0.283	0.283
  4264	-0.0882874	-0.283	0.283
  4265	-0.128733	-0.283	0.283
  4266	-0.134582	-0.283	0.283
  4267	-0.11954	-0.283	0.283
  4268	-0.0952316	-0.283	0.283
  4269	-0.106464	-0.283	0.283
  4270	-0.119211	-0.283	0.283
  4271	-0.119293	-0.283	0.283
  4272	-0.100164	-0.283	0.283
  4273	-0.126177	-0.283	0.283
  4274	-0.142355	-0.283	0.283
  4275	-0.137438	-0.283	0.283
  4276	-0.0968268	-0.283	0.283
  4277	-0.1144	-0.283	0.283
  4278	-0.139213	-0.283	0.283
  4279	-0.12279	-0.283	0.283
  4280	-0.148426	-0.283	0.283
  4281	-0.129461	-0.283	0.283
  4282	-0.145327	-0.283	0.283
  4283	-0.132118	-0.283	0.283
  4284	-0.106536	-0.283	0.283
  4285	-0.0899435	-0.283	0.283
  4286	-0.147484	-0.283	0.283
  4287	-0.121089	-0.283	0.283
  4288	-0.149696	-0.283	0.283
  4289	-0.128769	-0.283	0.283
  4290	-0.132647	-0.283	0.283
  4291	-0.147138	-0.283	0.283
  4292	-0.111418	-0.283	0.283
  4293	-0.136421	-0.283	0.283
  4294	-0.11393	-0.283	0.283
  4295	-0.133299	-0.283	0.283
  4296	-0.122287	-0.283	0.283
  4297	-0.120597	-0.283	0.283
  4298	-0.146003	-0.283	0.283
  4299	-0.107603	-0.283	0.283
  4300	-0.141722	-0.283	0.283
  4301	-0.133107	-0.283	0.283
  4302	-0.131153	-0.283	0.283
  4303	-0.120088	-0.283	0.283
  4304	-0.111518	-0.283	0.283
  4305	-0.102108	-0.283	0.283
  4306	-0.150357	-0.283	0.283
  4307	-0.140455	-0.283	0.283
  4308	-0.150055	-0.283	0.283
  4309	-0.135102	-0.283	0.283
  4310	-0.113956	-0.283	0.283
  4311	-0.138765	-0.283	0.283
  4312	-0.12458	-0.283	0.283
  4313	-0.147572	-0.283	0.283
  4314	-0.122163	-0.283	0.283
  4315	-0.10668	-0.283	0.283
  4316	-0.131189	-0.283	0.283
  4317	-0.104577	-0.283	0.283
  4318	-0.132322	-0.283	0.283
  4319	-0.10691	-0.283	0.283
  4320	-0.12404	-0.283	0.283
  4321	-0.102769	-0.283	0.283
  4322	-0.136599	-0.283	0.283
  4323	-0.131882	-0.283	0.283
  4324	-0.150082	-0.283	0.283
  4325	-0.128773	-0.283	0.283
  4326	-0.0737389	-0.283	0.283
  4327	-0.140997	-0.283	0.283
  4328	-0.120713	-0.283	0.283
  4329	-0.109162	-0.283	0.283
  4330	-0.129373	-0.283	0.283
  4331	-0.14376	-0.283	0.283
  4332	-0.12184	-0.283	0.283
  4333	-0.13845	-0.283	0.283
  4334	-0.109025	-0.283	0.283
  4335	-0.108761	-0.283	0.283
  4336	-0.129356	-0.283	0.283
  4337	-0.137367	-0.283	0.283
  4338	-0.132726	-0.283	0.283
  4339	-0.13791	-0.283	0.283
  4340	-0.141332	-0.283	0.283
  4341	-0.101946	-0.283	0.283
  4342	-0.125794	-0.283	0.283
  4343	-0.0783316	-0.283	0.283
  4344	-0.065318	-0.283	0.283
  4345	-0.14667	-0.283	0.283
  4346	-0.134471	-0.283	0.283
  4347	-0.113525	-0.283	0.283
  4348	-0.100939	-0.283	0.283
  4349	-0.10854	-0.283	0.283
  4350	-0.0892616	-0.283	0.283
  4351	-0.125956	-0.283	0.283
  4352	-0.11682	-0.283	0.283
  4353	-0.139378	-0.283	0.283
  4354	-0.122662	-0.283	0.283
  4355	-0.141334	-0.283	0.283
  4356	-0.103914	-0.283	0.283
  4357	-0.124424	-0.283	0.283
  4358	-0.125065	-0.283	0.283
  4359	-0.124634	-0.283	0.283
  4360	-0.131317	-0.283	0.283
  4361	-0.129352	-0.283	0.283
  4362	-0.134231	-0.283	0.283
  4363	-0.139364	-0.283	0.283
  4364	-0.0970792	-0.283	0.283
  4365	-0.13674	-0.283	0.283
  4366	-0.123181	-0.283	0.283
  4367	-0.111617	-0.283	0.283
  4368	-0.0881376	-0.283	0.283
  4369	-0.13064	-0.283	0.283
  4370	-0.142826	-0.283	0.283
  4371	-0.145722	-0.283	0.283
  4372	-0.121587	-0.283	0.283
  4373	-0.129166	-0.283	0.283
  4374	-0.111881	-0.283	0.283
  4375	-0.105051	-0.283	0.283
  4376	-0.126113	-0.283	0.283
  4377	-0.126022	-0.283	0.283
  4378	-0.137263	-0.283	0.283
  4379	-0.133015	-0.283	0.283
  4380	-0.127199	-0.283	0.283
  4381	-0.137753	-0.283	0.283
  4382	-0.0956906	-0.283	0.283
  4383	-0.125243	-0.283	0.283
  4384	-0.129686	-0.283	0.283
  4385	-0.134175	-0.283	0.283
  4386	-0.117151	-0.283	0.283
  4387	-0.150456	-0.283	0.283
  4388	-0.141192	-0.283	0.283
  4389	-0.133032	-0.283	0.283
  4390	-0.149774	-0.283	0.283
  4391	-0.134871	-0.283	0.283
  4392	-0.125509	-0.283	0.283
  4393	-0.121821	-0.283	0.283
  4394	-0.124703	-0.283	0.283
  4395	-0.0883922	-0.283	0.283
  4396	-0.143914	-0.283	0.283
  4397	-0.111857	-0.283	0.283
  4398	-0.122755	-0.283	0.283
  4399	-0.104108	-0.283	0.283
  4400	-0.103225	-0.283	0.283
  4401	-0.146761	-0.283	0.283
  4402	-0.147353	-0.283	0.283
  4403	-0.12572	-0.283	0.283
  4404	-0.119949	-0.283	0.283
  4405	-0.118996	-0.283	0.283
  4406	-0.101087	-0.283	0.283
  4407	-0.131484	-0.283	0.283
  4408	-0.133994	-0.283	0.283
  4409	-0.126955	-0.283	0.283
  4410	-0.126047	-0.283	0.283
  4411	-0.144699	-0.283	0.283
  4412	-0.146275	-0.283	0.283
  4413	-0.125874	-0.283	0.283
  4414	-0.100088	-0.283	0.283
  4415	-0.133158	-0.283	0.283
  4416	-0.136621	-0.283	0.283
  4417	-0.136988	-0.283	0.283
  4418	-0.117386	-0.283	0.283
  4419	-0.148785	-0.283	0.283
  4420	-0.141701	-0.283	0.283
  4421	-0.129952	-0.283	0.283
  4422	-0.135821	-0.283	0.283
  4423	-0.117705	-0.283	0.283
  4424	-0.138215	-0.283	0.283
  4425	-0.142682	-0.283	0.283
  4426	-0.122564	-0.283	0.283
  4427	-0.130735	-0.283	0.283
  4428	-0.150754	-0.283	0.283
  4429	-0.145844	-0.283	0.283
  4430	-0.129383	-0.283	0.283
  4431	-0.145412	-0.283	0.283
  4432	-0.0915815	-0.283	0.283
  4433	-0.0933442	-0.283	0.283
  4434	-0.146226	-0.283	0.283
  4435	-0.132341	-0.283	0.283
  4436	-0.142643	-0.283	0.283
  4437	-0.115707	-0.283	0.283
  4438	-0.110554	-0.283	0.283
  4439	-0.117854	-0.283	0.283
  4440	-0.102646	-0.283	0.283
  4441	-0.136059	-0.283	0.283
  4442	-0.12262	-0.283	0.283
  4443	-0.076385	-0.283	0.283
  4444	-0.107328	-0.283	0.283
  4445	-0.106143	-0.283	0.283
  4446	-0.128136	-0.283	0.283
  4447	-0.124997	-0.283	0.283
  4448	-0.0894515	-0.283	0.283
  4449	-0.118859	-0.283	0.283
  4450	-0.127652	-0.283	0.283
  4451	-0.147881	-0.283	0.283
  4452	-0.0875881	-0.283	0.283
  4453	-0.135496	-0.283	0.283
  4454	-0.137261	-0.283	0.283
  4455	-0.0940382	-0.283	0.283
  4456	-0.143969	-0.283	0.283
  4457	-0.121404	-0.283	0.283
  4458	-0.108875	-0.283	0.283
  4459	-0.120902	-0.283	0.283
  4460	-0.141704	-0.283	0.283
  4461	-0.14844	-0.283	0.283
  4462	-0.129227	-0.283	0.283
  4463	-0.115054	-0.283	0.283
  4464	-0.111707	-0.283	0.283
  4465	-0.0971214	-0.283	0.283
  4466	-0.145311	-0.283	0.283
  4467	-0.140425	-0.283	0.283
  4468	-0.121084	-0.283	0.283
  4469	-0.129212	-0.283	0.283
  4470	-0.10347	-0.283	0.283
  4471	-0.139457	-0.283	0.283
  4472	-0.139477	-0.283	0.283
  4473	-0.105321	-0.283	0.283
  4474	-0.110393	-0.283	0.283
  4475	-0.132984	-0.283	0.283
  4476	-0.11952	-0.283	0.283
  4477	-0.124809	-0.283	0.283
  4478	-0.114955	-0.283	0.283
  4479	-0.109311	-0.283	0.283
  4480	-0.13405	-0.283	0.283
  4481	-0.128021	-0.283	0.283
  4482	-0.114867	-0.283	0.283
  4483	-0.12413	-0.283	0.283
  4484	-0.14107	-0.283	0.283
  4485	-0.109316	-0.283	0.283
  4486	-0.117135	-0.283	0.283
  4487	-0.117556	-0.283	0.283
  4488	-0.121982	-0.283	0.283
  4489	-0.126617	-0.283	0.283
  4490	-0.142445	-0.283	0.283
  4491	-0.129737	-0.283	0.283
  4492	-0.14951	-0.283	0.283
  4493	-0.147555	-0.283	0.283
  4494	-0.139843	-0.283	0.283
  4495	-0.106563	-0.283	0.283
  4496	-0.136086	-0.283	0.283
  4497	-0.149174	-0.283	0.283
  4498	-0.14724	-0.283	0.283
  4499	-0.132061	-0.283	0.283
  4500	-0.141687	-0.283	0.283
  4501	-0.123144	-0.283	0.283
  4502	-0.149499	-0.283	0.283
  4503	-0.122692	-0.283	0.283
  4504	-0.12247	-0.283	0.283
  4505	-0.126085	-0.283	0.283
  4506	-0.137854	-0.283	0.283
  4507	-0.105694	-0.283	0.283
  4508	-0.126724	-0.283	0.283
  4509	-0.103719	-0.283	0.283
  4510	-0.118348	-0.283	0.283
  4511	-0.132973	-0.283	0.283
  4512	-0.100445	-0.283	0.283
  4513	-0.119662	-0.283	0.283
  4514	-0.141343	-0.283	0.283
  4515	-0.0906461	-0.283	0.283
  4516	-0.100806	-0.283	0.283
  4517	-0.10841	-0.283	0.283
  4518	-0.122021	-0.283	0.283
  4519	-0.129265	-0.283	0.283
  4520	-0.0814256	-0.283	0.283
  4521	-0.114694	-0.283	0.283
  4522	-0.121268	-0.283	0.283
  4523	-0.140702	-0.283	0.283
  4524	-0.14642	-0.283	0.283
  4525	-0.136493	-0.283	0.283
  4526	-0.138478	-0.283	0.283
  4527	-0.144306	-0.283	0.283
  4528	-0.118538	-0.283	0.283
  4529	-0.12099	-0.283	0.283
  4530	-0.143987	-0.283	0.283
  4531	-0.146773	-0.283	0.283
  4532	-0.114968	-0.283	0.283
  4533	-0.14236	-0.283	0.283
  4534	-0.137424	-0.283	0.283
  4535	-0.133045	-0.283	0.283
  4536	-0.118616	-0.283	0.283
  4537	-0.13498	-0.283	0.283
  4538	-0.122893	-0.283	0.283
  4539	-0.139875	-0.283	0.283
  4540	-0.149675	-0.283	0.283
  4541	-0.139936	-0.283	0.283
  4542	-0.127774	-0.283	0.283
  4543	-0.143926	-0.283	0.283
  4544	-0.136742	-0.283	0.283
  4545	-0.137468	-0.283	0.283
  4546	-0.1482	-0.283	0.283
  4547	-0.112315	-0.283	0.283
  4548	-0.135428	-0.283	0.283
  4549	-0.147873	-0.283	0.283
  4550	-0.142099	-0.283	0.283
  4551	-0.12667	-0.283	0.283
  4552	-0.138159	-0.283	0.283
  4553	-0.131203	-0.283	0.283
  4554	-0.149298	-0.283	0.283
  4555	-0.110344	-0.283	0.283
  4556	-0.136829	-0.283	0.283
  4557	-0.144382	-0.283	0.283
  4558	-0.136407	-0.283	0.283
  4559	-0.127853	-0.283	0.283
  4560	-0.143655	-0.283	0.283
  4561	-0.126837	-0.283	0.283
  4562	-0.10261	-0.283	0.283
  4563	-0.138908	-0.283	0.283
  4564	-0.144653	-0.283	0.283
  4565	-0.127359	-0.283	0.283
  4566	-0.0945336	-0.283	0.283
  4567	-0.109487	-0.283	0.283
  4568	-0.14948	-0.283	0.283
  4569	-0.130095	-0.283	0.283
  4570	-0.120757	-0.283	0.283
  4571	-0.144807	-0.283	0.283
  4572	-0.134208	-0.283	0.283
  4573	-0.1026	-0.283	0.283
  4574	-0.143272	-0.283	0.283
  4575	-0.127203	-0.283	0.283
  4576	-0.113619	-0.283	0.283
  4577	-0.136955	-0.283	0.283
  4578	-0.130361	-0.283	0.283
  4579	-0.129711	-0.283	0.283
  4580	-0.149002	-0.283	0.283
  4581	-0.135213	-0.283	0.283
  4582	-0.13833	-0.283	0.283
  4583	-0.140649	-0.283	0.283
  4584	-0.130827	-0.283	0.283
  4585	-0.143091	-0.283	0.283
  4586	-0.120446	-0.283	0.283
  4587	-0.0615317	-0.283	0.283
  4588	-0.100561	-0.283	0.283
  4589	-0.131186	-0.283	0.283
  4590	-0.115942	-0.283	0.283
  4591	-0.124633	-0.283	0.283
  4592	-0.147424	-0.283	0.283
  4593	-0.135043	-0.283	0.283
  4594	-0.121339	-0.283	0.283
  4595	-0.101522	-0.283	0.283
  4596	-0.13462	-0.283	0.283
  4597	-0.141629	-0.283	0.283
  4598	-0.149772	-0.283	0.283
  4599	-0.120001	-0.283	0.283
  4600	-0.107174	-0.283	0.283
  4601	-0.148049	-0.283	0.283
  4602	-0.143005	-0.283	0.283
  4603	-0.112037	-0.283	0.283
  4604	-0.116988	-0.283	0.283
  4605	-0.13178	-0.283	0.283
  4606	-0.129058	-0.283	0.283
  4607	-0.142714	-0.283	0.283
  4608	-0.144883	-0.283	0.283
  4609	-0.131332	-0.283	0.283
  4610	-0.094694	-0.283	0.283
  4611	-0.118612	-0.283	0.283
  4612	-0.114761	-0.283	0.283
  4613	-0.101999	-0.283	0.283
  4614	-0.123091	-0.283	0.283
  4615	-0.146924	-0.283	0.283
  4616	-0.150117	-0.283	0.283
  4617	-0.0597181	-0.283	0.283
  4618	-0.149672	-0.283	0.283
  4619	-0.136209	-0.283	0.283
  4620	-0.118344	-0.283	0.283
  4621	-0.118405	-0.283	0.283
  4622	-0.113357	-0.283	0.283
  4623	-0.139399	-0.283	0.283
  4624	-0.105999	-0.283	0.283
  4625	-0.129018	-0.283	0.283
  4626	-0.133599	-0.283	0.283
  4627	-0.139089	-0.283	0.283
  4628	-0.112411	-0.283	0.283
  4629	-0.14258	-0.283	0.283
  4630	-0.0955356	-0.283	0.283
  4631	-0.0947147	-0.283	0.283
  4632	-0.137466	-0.283	0.283
  4633	-0.134924	-0.283	0.283
  4634	-0.109856	-0.283	0.283
  4635	-0.134524	-0.283	0.283
  4636	-0.136681	-0.283	0.283
  4637	-0.109662	-0.283	0.283
  4638	-0.116683	-0.283	0.283
  4639	-0.145517	-0.283	0.283
  4640	-0.116793	-0.283	0.283
  4641	-0.138631	-0.283	0.283
  4642	-0.13894	-0.283	0.283
  4643	-0.13706	-0.283	0.283
  4644	-0.144964	-0.283	0.283
  4645	-0.136771	-0.283	0.283
  4646	-0.14697	-0.283	0.283
  4647	-0.122395	-0.283	0.283
  4648	-0.145606	-0.283	0.283
  4649	-0.139441	-0.283	0.283
  4650	-0.115061	-0.283	0.283
  4651	-0.0922663	-0.283	0.283
  4652	-0.112074	-0.283	0.283
  4653	-0.122591	-0.283	0.283
  4654	-0.147742	-0.283	0.283
  4655	-0.0974657	-0.283	0.283
  4656	-0.140181	-0.283	0.283
  4657	-0.144355	-0.283	0.283
  4658	-0.121318	-0.283	0.283
  4659	-0.147647	-0.283	0.283
  4660	-0.13575	-0.283	0.283
  4661	-0.132958	-0.283	0.283
  4662	-0.145766	-0.283	0.283
  4663	-0.132259	-0.283	0.283
  4664	-0.143936	-0.283	0.283
  4665	-0.117577	-0.283	0.283
  4666	-0.121682	-0.283	0.283
  4667	-0.131541	-0.283	0.283
  4668	-0.11705	-0.283	0.283
  4669	-0.104653	-0.283	0.283
  4670	-0.104629	-0.283	0.283
  4671	-0.130076	-0.283	0.283
  4672	-0.1302	-0.283	0.283
  4673	-0.151662	-0.283	0.283
  4674	-0.107534	-0.283	0.283
  4675	-0.148433	-0.283	0.283
  4676	-0.112646	-0.283	0.283
  4677	-0.14325	-0.283	0.283
  4678	-0.0826367	-0.283	0.283
  4679	-0.146891	-0.283	0.283
  4680	-0.102077	-0.283	0.283
  4681	-0.149268	-0.283	0.283
  4682	-0.13214	-0.283	0.283
  4683	-0.137559	-0.283	0.283
  4684	-0.11748	-0.283	0.283
  4685	-0.0966441	-0.283	0.283
  4686	-0.11054	-0.283	0.283
  4687	-0.112072	-0.283	0.283
  4688	-0.134265	-0.283	0.283
  4689	-0.0908849	-0.283	0.283
  4690	-0.1365	-0.283	0.283
  4691	-0.118066	-0.283	0.283
  4692	-0.13388	-0.283	0.283
  4693	-0.111035	-0.283	0.283
  4694	-0.150797	-0.283	0.283
  4695	-0.144932	-0.283	0.283
  4696	-0.141887	-0.283	0.283
  4697	-0.142616	-0.283	0.283
  4698	-0.107157	-0.283	0.283
  4699	-0.144405	-0.283	0.283
  4700	-0.10183	-0.283	0.283
  4701	-0.0960694	-0.283	0.283
  4702	-0.112181	-0.283	0.283
  4703	-0.107904	-0.283	0.283
  4704	-0.129579	-0.283	0.283
  4705	-0.148368	-0.283	0.283
  4706	-0.122235	-0.283	0.283
  4707	-0.138931	-0.283	0.283
  4708	-0.121233	-0.283	0.283
  4709	-0.12374	-0.283	0.283
  4710	-0.119375	-0.283	0.283
  4711	-0.0950299	-0.283	0.283
  4712	-0.0939253	-0.283	0.283
  4713	-0.105116	-0.283	0.283
  4714	-0.120314	-0.283	0.283
  4715	-0.133679	-0.283	0.283
  4716	-0.111749	-0.283	0.283
  4717	-0.129235	-0.283	0.283
  4718	-0.115154	-0.283	0.283
  4719	-0.120515	-0.283	0.283
  4720	-0.132477	-0.283	0.283
  4721	-0.125126	-0.283	0.283
  4722	-0.0968137	-0.283	0.283
  4723	-0.0874819	-0.283	0.283
  4724	-0.140792	-0.283	0.283
  4725	-0.0716392	-0.283	0.283
  4726	-0.132177	-0.283	0.283
  4727	-0.142198	-0.283	0.283
  4728	-0.144851	-0.283	0.283
  4729	-0.128909	-0.283	0.283
  4730	-0.105405	-0.283	0.283
  4731	-0.146482	-0.283	0.283
  4732	-0.134074	-0.283	0.283
  4733	-0.112107	-0.283	0.283
  4734	-0.128006	-0.283	0.283
  4735	-0.149122	-0.283	0.283
  4736	-0.104472	-0.283	0.283
  4737	-0.118465	-0.283	0.283
  4738	-0.0987503	-0.283	0.283
  4739	-0.1505	-0.283	0.283
  4740	-0.140246	-0.283	0.283
  4741	-0.132888	-0.283	0.283
  4742	-0.147591	-0.283	0.283
  4743	-0.125298	-0.283	0.283
  4744	-0.089847	-0.283	0.283
  4745	-0.137719	-0.283	0.283
  4746	-0.128294	-0.283	0.283
  4747	-0.134975	-0.283	0.283
  4748	-0.130349	-0.283	0.283
  4749	-0.147076	-0.283	0.283
  4750	-0.13908	-0.283	0.283
  4751	-0.12968	-0.283	0.283
  4752	-0.140334	-0.283	0.283
  4753	-0.147722	-0.283	0.283
  4754	-0.125324	-0.283	0.283
  4755	-0.137981	-0.283	0.283
  4756	-0.13943	-0.283	0.283
  4757	-0.148022	-0.283	0.283
  4758	-0.1379	-0.283	0.283
  4759	-0.121584	-0.283	0.283
  4760	-0.0922531	-0.283	0.283
  4761	-0.124794	-0.283	0.283
  4762	-0.136277	-0.283	0.283
  4763	-0.131155	-0.283	0.283
  4764	-0.142357	-0.283	0.283
  4765	-0.109566	-0.283	0.283
  4766	-0.123227	-0.283	0.283
  4767	-0.135199	-0.283	0.283
  4768	-0.136556	-0.283	0.283
  4769	-0.13411	-0.283	0.283
  4770	-0.122119	-0.283	0.283
  4771	-0.13974	-0.283	0.283
  4772	-0.126944	-0.283	0.283
  4773	-0.143537	-0.283	0.283
  4774	-0.148545	-0.283	0.283
  4775	-0.136452	-0.283	0.283
  4776	-0.146588	-0.283	0.283
  4777	-0.149702	-0.283	0.283
  4778	-0.134839	-0.283	0.283
  4779	-0.130665	-0.283	0.283
  4780	-0.121233	-0.283	0.283
  4781	-0.145198	-0.283	0.283
  4782	-0.132088	-0.283	0.283
  4783	-0.142827	-0.283	0.283
  4784	-0.123333	-0.283	0.283
  4785	-0.13707	-0.283	0.283
  4786	-0.10461	-0.283	0.283
  4787	-0.136876	-0.283	0.283
  4788	-0.144724	-0.283	0.283
  4789	-0.0946771	-0.283	0.283
  4790	-0.14417	-0.283	0.283
  4791	-0.12171	-0.283	0.283
  4792	-0.122037	-0.283	0.283
  4793	-0.124629	-0.283	0.283
  4794	-0.143117	-0.283	0.283
  4795	-0.114707	-0.283	0.283
  4796	-0.1222	-0.283	0.283
  4797	-0.129137	-0.283	0.283
  4798	-0.125234	-0.283	0.283
  4799	-0.0918259	-0.283	0.283
  4800	-0.140549	-0.283	0.283
  4801	-0.147234	-0.283	0.283
  4802	-0.121146	-0.283	0.283
  4803	-0.103246	-0.283	0.283
  4804	-0.0971326	-0.283	0.283
  4805	-0.144187	-0.283	0.283
  4806	-0.112783	-0.283	0.283
  4807	-0.132797	-0.283	0.283
  4808	-0.137092	-0.283	0.283
  4809	-0.108798	-0.283	0.283
  4810	-0.131881	-0.283	0.283
  4811	-0.105465	-0.283	0.283
  4812	-0.106903	-0.283	0.283
  4813	-0.107108	-0.283	0.283
  4814	-0.1432	-0.283	0.283
  4815	-0.110913	-0.283	0.283
  4816	-0.116002	-0.283	0.283
  4817	-0.126056	-0.283	0.283
  4818	-0.107498	-0.283	0.283
  4819	-0.119368	-0.283	0.283
  4820	-0.124664	-0.283	0.283
  4821	-0.135117	-0.283	0.283
  4822	-0.140477	-0.283	0.283
  4823	-0.126257	-0.283	0.283
  4824	-0.149931	-0.283	0.283
  4825	-0.134035	-0.283	0.283
  4826	-0.139385	-0.283	0.283
  4827	-0.0797295	-0.283	0.283
  4828	-0.111663	-0.283	0.283
  4829	-0.10794	-0.283	0.283
  4830	-0.139698	-0.283	0.283
  4831	-0.122815	-0.283	0.283
  4832	-0.122436	-0.283	0.283
  4833	-0.123946	-0.283	0.283
  4834	-0.134307	-0.283	0.283
  4835	-0.148445	-0.283	0.283
  4836	-0.0955389	-0.283	0.283
  4837	-0.131629	-0.283	0.283
  4838	-0.144594	-0.283	0.283
  4839	-0.150426	-0.283	0.283
  4840	-0.125086	-0.283	0.283
  4841	-0.14584	-0.283	0.283
  4842	-0.148311	-0.283	0.283
  4843	-0.125957	-0.283	0.283
  4844	-0.142314	-0.283	0.283
  4845	-0.119887	-0.283	0.283
  4846	-0.134265	-0.283	0.283
  4847	-0.142704	-0.283	0.283
  4848	-0.101687	-0.283	0.283
  4849	-0.142018	-0.283	0.283
  4850	-0.0973228	-0.283	0.283
  4851	-0.115119	-0.283	0.283
  4852	-0.147845	-0.283	0.283
  4853	-0.13628	-0.283	0.283
  4854	-0.110689	-0.283	0.283
  4855	-0.10072	-0.283	0.283
  4856	-0.141364	-0.283	0.283
  4857	-0.140927	-0.283	0.283
  4858	-0.0892338	-0.283	0.283
  4859	-0.144531	-0.283	0.283
  4860	-0.143078	-0.283	0.283
  4861	-0.114761	-0.283	0.283
  4862	-0.135427	-0.283	0.283
  4863	-0.0973824	-0.283	0.283
  4864	-0.14756	-0.283	0.283
  4865	-0.131685	-0.283	0.283
  4866	-0.139128	-0.283	0.283
  4867	-0.145484	-0.283	0.283
  4868	-0.144666	-0.283	0.283
  4869	-0.127022	-0.283	0.283
  4870	-0.102622	-0.283	0.283
  4871	-0.144061	-0.283	0.283
  4872	-0.133624	-0.283	0.283
  4873	-0.101357	-0.283	0.283
  4874	-0.149267	-0.283	0.283
  4875	-0.144061	-0.283	0.283
  4876	-0.131257	-0.283	0.283
  4877	-0.109783	-0.283	0.283
  4878	-0.143122	-0.283	0.283
  4879	-0.0828846	-0.283	0.283
  4880	-0.125181	-0.283	0.283
  4881	-0.107822	-0.283	0.283
  4882	-0.124401	-0.283	0.283
  4883	-0.126149	-0.283	0.283
  4884	-0.145036	-0.283	0.283
  4885	-0.14597	-0.283	0.283
  4886	-0.138297	-0.283	0.283
  4887	-0.116989	-0.283	0.283
  4888	-0.146479	-0.283	0.283
  4889	-0.138936	-0.283	0.283
  4890	-0.11885	-0.283	0.283
  4891	-0.101582	-0.283	0.283
  4892	-0.127869	-0.283	0.283
  4893	-0.1286	-0.283	0.283
  4894	-0.129809	-0.283	0.283
  4895	-0.128864	-0.283	0.283
  4896	-0.105353	-0.283	0.283
  4897	-0.134538	-0.283	0.283
  4898	-0.140515	-0.283	0.283
  4899	-0.142181	-0.283	0.283
  4900	-0.0886858	-0.283	0.283
  4901	-0.138216	-0.283	0.283
  4902	-0.145416	-0.283	0.283
  4903	-0.125377	-0.283	0.283
  4904	-0.107457	-0.283	0.283
  4905	-0.114445	-0.283	0.283
  4906	-0.148942	-0.283	0.283
  4907	-0.102634	-0.283	0.283
  4908	-0.138188	-0.283	0.283
  4909	-0.125019	-0.283	0.283
  4910	-0.135016	-0.283	0.283
  4911	-0.129062	-0.283	0.283
  4912	-0.148244	-0.283	0.283
  4913	-0.140186	-0.283	0.283
  4914	-0.140148	-0.283	0.283
  4915	-0.103918	-0.283	0.283
  4916	-0.148871	-0.283	0.283
  4917	-0.125276	-0.283	0.283
  4918	-0.116086	-0.283	0.283
  4919	-0.1486	-0.283	0.283
  4920	-0.139935	-0.283	0.283
  4921	-0.124532	-0.283	0.283
  4922	-0.115616	-0.283	0.283
  4923	-0.143925	-0.283	0.283
  4924	-0.118052	-0.283	0.283
  4925	-0.148427	-0.283	0.283
  4926	-0.130784	-0.283	0.283
  4927	-0.128231	-0.283	0.283
  4928	-0.14267	-0.283	0.283
  4929	-0.147886	-0.283	0.283
  4930	-0.096403	-0.283	0.283
  4931	-0.13926	-0.283	0.283
  4932	-0.128083	-0.283	0.283
  4933	-0.135	-0.283	0.283
  4934	-0.135372	-0.283	0.283
  4935	-0.1399	-0.283	0.283
  4936	-0.10785	-0.283	0.283
  4937	-0.134648	-0.283	0.283
  4938	-0.121354	-0.283	0.283
  4939	-0.118456	-0.283	0.283
  4940	-0.134181	-0.283	0.283
  4941	-0.115753	-0.283	0.283
  4942	-0.149475	-0.283	0.283
  4943	-0.138444	-0.283	0.283
  4944	-0.14784	-0.283	0.283
  4945	-0.145012	-0.283	0.283
  4946	-0.139643	-0.283	0.283
  4947	-0.14991	-0.283	0.283
  4948	-0.150157	-0.283	0.283
  4949	-0.144625	-0.283	0.283
  4950	-0.0940489	-0.283	0.283
  4951	-0.077255	-0.283	0.283
  4952	-0.14843	-0.283	0.283
  4953	-0.120792	-0.283	0.283
  4954	-0.114502	-0.283	0.283
  4955	-0.12485	-0.283	0.283
  4956	-0.119611	-0.283	0.283
  4957	-0.110567	-0.283	0.283
  4958	-0.115309	-0.283	0.283
  4959	-0.135944	-0.283	0.283
  4960	-0.126992	-0.283	0.283
  4961	-0.112051	-0.283	0.283
  4962	-0.136156	-0.283	0.283
  4963	-0.118265	-0.283	0.283
  4964	-0.143406	-0.283	0.283
  4965	-0.12	-0.283	0.283
  4966	-0.143829	-0.283	0.283
  4967	-0.12712	-0.283	0.283
  4968	-0.150373	-0.283	0.283
  4969	-0.142537	-0.283	0.283
  4970	-0.150953	-0.283	0.283
  4971	-0.124043	-0.283	0.283
  4972	-0.127466	-0.283	0.283
  4973	-0.127298	-0.283	0.283
  4974	-0.127849	-0.283	0.283
  4975	-0.132846	-0.283	0.283
  4976	-0.133671	-0.283	0.283
  4977	-0.14081	-0.283	0.283
  4978	-0.120571	-0.283	0.283
  4979	-0.14422	-0.283	0.283
  4980	-0.134879	-0.283	0.283
  4981	-0.107742	-0.283	0.283
  4982	-0.0943864	-0.283	0.283
  4983	-0.145936	-0.283	0.283
  4984	-0.136589	-0.283	0.283
  4985	-0.102368	-0.283	0.283
  4986	-0.118443	-0.283	0.283
  4987	-0.0828175	-0.283	0.283
  4988	-0.136018	-0.283	0.283
  4989	-0.146056	-0.283	0.283
  4990	-0.152051	-0.283	0.283
  4991	-0.13512	-0.283	0.283
  4992	-0.120708	-0.283	0.283
  4993	-0.124247	-0.283	0.283
  4994	-0.135088	-0.283	0.283
  4995	-0.147535	-0.283	0.283
  4996	-0.144909	-0.283	0.283
  4997	-0.148688	-0.283	0.283
  4998	-0.124599	-0.283	0.283
  4999	-0.150386	-0.283	0.283
  5000	-0.145276	-0.283	0.283
  5001	-0.105863	-0.283	0.283
  5002	-0.13817	-0.283	0.283
  5003	-0.138807	-0.283	0.283
  5004	-0.145023	-0.283	0.283
  5005	-0.12197	-0.283	0.283
  5006	-0.0962943	-0.283	0.283
  5007	-0.147351	-0.283	0.283
  5008	-0.125485	-0.283	0.283
  5009	-0.114929	-0.283	0.283
  5010	-0.146092	-0.283	0.283
  5011	-0.130989	-0.283	0.283
  5012	-0.114882	-0.283	0.283
  5013	-0.114593	-0.283	0.283
  5014	-0.113216	-0.283	0.283
  5015	-0.111596	-0.283	0.283
  5016	-0.143681	-0.283	0.283
  5017	-0.150056	-0.283	0.283
  5018	-0.124593	-0.283	0.283
  5019	-0.0807911	-0.283	0.283
  5020	-0.106487	-0.283	0.283
  5021	-0.12465	-0.283	0.283
  5022	-0.141375	-0.283	0.283
  5023	-0.149644	-0.283	0.283
  5024	-0.141384	-0.283	0.283
  5025	-0.0963238	-0.283	0.283
  5026	-0.139608	-0.283	0.283
  5027	-0.137415	-0.283	0.283
  5028	-0.111966	-0.283	0.283
  5029	-0.133441	-0.283	0.283
  5030	-0.147169	-0.283	0.283
  5031	-0.14519	-0.283	0.283
  5032	-0.146456	-0.283	0.283
  5033	-0.141379	-0.283	0.283
  5034	-0.132264	-0.283	0.283
  5035	-0.0950321	-0.283	0.283
  5036	-0.13129	-0.283	0.283
  5037	-0.117167	-0.283	0.283
  5038	-0.137243	-0.283	0.283
  5039	-0.107588	-0.283	0.283
  5040	-0.138799	-0.283	0.283
  5041	-0.142816	-0.283	0.283
  5042	-0.136765	-0.283	0.283
  5043	-0.134787	-0.283	0.283
  5044	-0.14414	-0.283	0.283
  5045	-0.146652	-0.283	0.283
  5046	-0.143737	-0.283	0.283
  5047	-0.117537	-0.283	0.283
  5048	-0.149564	-0.283	0.283
  5049	-0.117363	-0.283	0.283
  5050	-0.147534	-0.283	0.283
  5051	-0.145852	-0.283	0.283
  5052	-0.137231	-0.283	0.283
  5053	-0.106268	-0.283	0.283
  5054	-0.13635	-0.283	0.283
  5055	-0.12041	-0.283	0.283
  5056	-0.139327	-0.283	0.283
  5057	-0.106863	-0.283	0.283
  5058	-0.141792	-0.283	0.283
  5059	-0.110411	-0.283	0.283
  5060	-0.116658	-0.283	0.283
  5061	-0.136443	-0.283	0.283
  5062	-0.143485	-0.283	0.283
  5063	-0.124507	-0.283	0.283
  5064	-0.105878	-0.283	0.283
  5065	-0.130273	-0.283	0.283
  5066	-0.116882	-0.283	0.283
  5067	-0.104928	-0.283	0.283
  5068	-0.0941498	-0.283	0.283
  5069	-0.145106	-0.283	0.283
  5070	-0.145063	-0.283	0.283
  5071	-0.142959	-0.283	0.283
  5072	-0.147332	-0.283	0.283
  5073	-0.128356	-0.283	0.283
  5074	-0.140747	-0.283	0.283
  5075	-0.121213	-0.283	0.283
  5076	-0.148581	-0.283	0.283
  5077	-0.139597	-0.283	0.283
  5078	-0.144519	-0.283	0.283
  5079	-0.136693	-0.283	0.283
  5080	-0.0956058	-0.283	0.283
  5081	-0.122165	-0.283	0.283
  5082	-0.116588	-0.283	0.283
  5083	-0.148332	-0.283	0.283
  5084	-0.118766	-0.283	0.283
  5085	-0.109779	-0.283	0.283
  5086	-0.144978	-0.283	0.283
  5087	-0.0901944	-0.283	0.283
  5088	-0.137029	-0.283	0.283
  5089	-0.141626	-0.283	0.283
  5090	-0.119989	-0.283	0.283
  5091	-0.108039	-0.283	0.283
  5092	-0.132893	-0.283	0.283
  5093	-0.141705	-0.283	0.283
  5094	-0.107121	-0.283	0.283
  5095	-0.124439	-0.283	0.283
  5096	-0.131406	-0.283	0.283
  5097	-0.138222	-0.283	0.283
  5098	-0.145271	-0.283	0.283
  5099	-0.136186	-0.283	0.283
  5100	-0.12896	-0.283	0.283
  5101	-0.130893	-0.283	0.283
  5102	-0.105829	-0.283	0.283
  5103	-0.149886	-0.283	0.283
  5104	-0.144802	-0.283	0.283
  5105	-0.145548	-0.283	0.283
  5106	-0.137606	-0.283	0.283
  5107	-0.103513	-0.283	0.283
  5108	-0.129539	-0.283	0.283
  5109	-0.101541	-0.283	0.283
  5110	-0.106145	-0.283	0.283
  5111	-0.105243	-0.283	0.283
  5112	-0.127167	-0.283	0.283
  5113	-0.134339	-0.283	0.283
  5114	-0.124518	-0.283	0.283
  5115	-0.136736	-0.283	0.283
  5116	-0.0999583	-0.283	0.283
  5117	-0.0837496	-0.283	0.283
  5118	-0.132552	-0.283	0.283
  5119	-0.124813	-0.283	0.283
  5120	-0.108522	-0.283	0.283
  5121	-0.121967	-0.283	0.283
  5122	-0.14466	-0.283	0.283
  5123	-0.137738	-0.283	0.283
  5124	-0.131127	-0.283	0.283
  5125	-0.119634	-0.283	0.283
  5126	-0.129421	-0.283	0.283
  5127	-0.138306	-0.283	0.283
  5128	-0.140218	-0.283	0.283
  5129	-0.118742	-0.283	0.283
  5130	-0.117182	-0.283	0.283
  5131	-0.140366	-0.283	0.283
  5132	-0.129085	-0.283	0.283
  5133	-0.128832	-0.283	0.283
  5134	-0.125502	-0.283	0.283
  5135	-0.134814	-0.283	0.283
  5136	-0.148796	-0.283	0.283
  5137	-0.109392	-0.283	0.283
  5138	-0.109155	-0.283	0.283
  5139	-0.129573	-0.283	0.283
  5140	-0.132294	-0.283	0.283
  5141	-0.124475	-0.283	0.283
  5142	-0.136755	-0.283	0.283
  5143	-0.130723	-0.283	0.283
  5144	-0.127975	-0.283	0.283
  5145	-0.13145	-0.283	0.283
  5146	-0.118427	-0.283	0.283
  5147	-0.145227	-0.283	0.283
  5148	-0.107996	-0.283	0.283
  5149	-0.134643	-0.283	0.283
  5150	-0.149673	-0.283	0.283
  5151	-0.123378	-0.283	0.283
  5152	-0.11249	-0.283	0.283
  5153	-0.112799	-0.283	0.283
  5154	-0.134	-0.283	0.283
  5155	-0.125377	-0.283	0.283
  5156	-0.14296	-0.283	0.283
  5157	-0.141273	-0.283	0.283
  5158	-0.144092	-0.283	0.283
  5159	-0.13875	-0.283	0.283
  5160	-0.144164	-0.283	0.283
  5161	-0.124881	-0.283	0.283
  5162	-0.133992	-0.283	0.283
  5163	-0.0998005	-0.283	0.283
  5164	-0.12309	-0.283	0.283
  5165	-0.0923481	-0.283	0.283
  5166	-0.0996892	-0.283	0.283
  5167	-0.128654	-0.283	0.283
  5168	-0.144237	-0.283	0.283
  5169	-0.14759	-0.283	0.283
  5170	-0.124496	-0.283	0.283
  5171	-0.127246	-0.283	0.283
  5172	-0.134035	-0.283	0.283
  5173	-0.12678	-0.283	0.283
  5174	-0.102063	-0.283	0.283
  5175	-0.10396	-0.283	0.283
  5176	-0.140433	-0.283	0.283
  5177	-0.143655	-0.283	0.283
  5178	-0.111966	-0.283	0.283
  5179	-0.121113	-0.283	0.283
  5180	-0.14787	-0.283	0.283
  5181	-0.14311	-0.283	0.283
  5182	-0.126618	-0.283	0.283
  5183	-0.146844	-0.283	0.283
  5184	-0.132693	-0.283	0.283
  5185	-0.136206	-0.283	0.283
  5186	-0.131849	-0.283	0.283
  5187	-0.118087	-0.283	0.283
  5188	-0.123811	-0.283	0.283
  5189	-0.137024	-0.283	0.283
  5190	-0.122304	-0.283	0.283
  5191	-0.139544	-0.283	0.283
  5192	-0.0817597	-0.283	0.283
  5193	-0.140228	-0.283	0.283
  5194	-0.147433	-0.283	0.283
  5195	-0.10585	-0.283	0.283
  5196	-0.0994377	-0.283	0.283
  5197	-0.151583	-0.283	0.283
  5198	-0.139285	-0.283	0.283
  5199	-0.123732	-0.283	0.283
  5200	-0.120933	-0.283	0.283
  5201	-0.131637	-0.283	0.283
  5202	-0.135939	-0.283	0.283
  5203	-0.108665	-0.283	0.283
  5204	-0.132951	-0.283	0.283
  5205	-0.107697	-0.283	0.283
  5206	-0.108482	-0.283	0.283
  5207	-0.141394	-0.283	0.283
  5208	-0.135492	-0.283	0.283
  5209	-0.135053	-0.283	0.283
  5210	-0.139103	-0.283	0.283
  5211	-0.10849	-0.283	0.283
  5212	-0.105266	-0.283	0.283
  5213	-0.148131	-0.283	0.283
  5214	-0.15016	-0.283	0.283
  5215	-0.0914317	-0.283	0.283
  5216	-0.125383	-0.283	0.283
  5217	-0.106911	-0.283	0.283
  5218	-0.123477	-0.283	0.283
  5219	-0.138106	-0.283	0.283
  5220	-0.0958626	-0.283	0.283
  5221	-0.0806536	-0.283	0.283
  5222	-0.137672	-0.283	0.283
  5223	-0.139594	-0.283	0.283
  5224	-0.140583	-0.283	0.283
  5225	-0.12861	-0.283	0.283
  5226	-0.127987	-0.283	0.283
  5227	-0.0950067	-0.283	0.283
  5228	-0.145956	-0.283	0.283
  5229	-0.119508	-0.283	0.283
  5230	-0.133277	-0.283	0.283
  5231	-0.127288	-0.283	0.283
  5232	-0.148999	-0.283	0.283
  5233	-0.111072	-0.283	0.283
  5234	-0.146415	-0.283	0.283
  5235	-0.120103	-0.283	0.283
  5236	-0.100166	-0.283	0.283
  5237	-0.142707	-0.283	0.283
  5238	-0.121888	-0.283	0.283
  5239	-0.14914	-0.283	0.283
  5240	-0.134423	-0.283	0.283
  5241	-0.114776	-0.283	0.283
  5242	-0.146942	-0.283	0.283
  5243	-0.142315	-0.283	0.283
  5244	-0.147168	-0.283	0.283
  5245	-0.11688	-0.283	0.283
  5246	-0.107211	-0.283	0.283
  5247	-0.118134	-0.283	0.283
  5248	-0.107577	-0.283	0.283
  5249	-0.146681	-0.283	0.283
  5250	-0.128215	-0.283	0.283
  5251	-0.1276	-0.283	0.283
  5252	-0.142507	-0.283	0.283
  5253	-0.133402	-0.283	0.283
  5254	-0.146307	-0.283	0.283
  5255	-0.143635	-0.283	0.283
  5256	-0.128255	-0.283	0.283
  5257	-0.123418	-0.283	0.283
  5258	-0.133951	-0.283	0.283
  5259	-0.137038	-0.283	0.283
  5260	-0.132584	-0.283	0.283
  5261	-0.141522	-0.283	0.283
  5262	-0.129676	-0.283	0.283
  5263	-0.137032	-0.283	0.283
  5264	-0.119275	-0.283	0.283
  5265	-0.145251	-0.283	0.283
  5266	-0.120615	-0.283	0.283
  5267	-0.0998071	-0.283	0.283
  5268	-0.114053	-0.283	0.283
  5269	-0.116061	-0.283	0.283
  5270	-0.092685	-0.283	0.283
  5271	-0.0871664	-0.283	0.283
  5272	-0.133181	-0.283	0.283
  5273	-0.114352	-0.283	0.283
  5274	-0.134509	-0.283	0.283
  5275	-0.144139	-0.283	0.283
  5276	-0.123852	-0.283	0.283
  5277	-0.0928951	-0.283	0.283
  5278	-0.133859	-0.283	0.283
  5279	-0.135725	-0.283	0.283
  5280	-0.114108	-0.283	0.283
  5281	-0.148483	-0.283	0.283
  5282	-0.132335	-0.283	0.283
  5283	-0.138021	-0.283	0.283
  5284	-0.148043	-0.283	0.283
  5285	-0.0957464	-0.283	0.283
  5286	-0.131652	-0.283	0.283
  5287	-0.11965	-0.283	0.283
  5288	-0.122869	-0.283	0.283
  5289	-0.0928186	-0.283	0.283
  5290	-0.123688	-0.283	0.283
  5291	-0.115035	-0.283	0.283
  5292	-0.112876	-0.283	0.283
  5293	-0.133887	-0.283	0.283
  5294	-0.0836702	-0.283	0.283
  5295	-0.12353	-0.283	0.283
  5296	-0.143397	-0.283	0.283
  5297	-0.10315	-0.283	0.283
  5298	-0.138859	-0.283	0.283
  5299	-0.135042	-0.283	0.283
  5300	-0.135896	-0.283	0.283
  5301	-0.127234	-0.283	0.283
  5302	-0.133903	-0.283	0.283
  5303	-0.0897701	-0.283	0.283
  5304	-0.113699	-0.283	0.283
  5305	-0.129882	-0.283	0.283
  5306	-0.144972	-0.283	0.283
  5307	-0.131697	-0.283	0.283
  5308	-0.136688	-0.283	0.283
  5309	-0.11704	-0.283	0.283
  5310	-0.122301	-0.283	0.283
  5311	-0.114092	-0.283	0.283
  5312	-0.127206	-0.283	0.283
  5313	-0.140269	-0.283	0.283
  5314	-0.122074	-0.283	0.283
  5315	-0.133417	-0.283	0.283
  5316	-0.140948	-0.283	0.283
  5317	-0.136017	-0.283	0.283
  5318	-0.120723	-0.283	0.283
  5319	-0.144516	-0.283	0.283
  5320	-0.147904	-0.283	0.283
  5321	-0.147321	-0.283	0.283
  5322	-0.133461	-0.283	0.283
  5323	-0.122544	-0.283	0.283
  5324	-0.135001	-0.283	0.283
  5325	-0.126084	-0.283	0.283
  5326	-0.114222	-0.283	0.283
  5327	-0.102652	-0.283	0.283
  5328	-0.116167	-0.283	0.283
  5329	-0.105501	-0.283	0.283
  5330	-0.136808	-0.283	0.283
  5331	-0.125191	-0.283	0.283
  5332	-0.110097	-0.283	0.283
  5333	-0.131355	-0.283	0.283
  5334	-0.089391	-0.283	0.283
  5335	-0.127021	-0.283	0.283
  5336	-0.134825	-0.283	0.283
  5337	-0.136256	-0.283	0.283
  5338	-0.125767	-0.283	0.283
  5339	-0.136962	-0.283	0.283
  5340	-0.0909174	-0.283	0.283
  5341	-0.139715	-0.283	0.283
  5342	-0.0758582	-0.283	0.283
  5343	-0.12613	-0.283	0.283
  5344	-0.13847	-0.283	0.283
  5345	-0.123374	-0.283	0.283
  5346	-0.127277	-0.283	0.283
  5347	-0.121414	-0.283	0.283
  5348	-0.130158	-0.283	0.283
  5349	-0.146702	-0.283	0.283
  5350	-0.125351	-0.283	0.283
  5351	-0.141166	-0.283	0.283
  5352	-0.123442	-0.283	0.283
  5353	-0.136498	-0.283	0.283
  5354	-0.113454	-0.283	0.283
  5355	-0.145342	-0.283	0.283
  5356	-0.13016	-0.283	0.283
  5357	-0.136197	-0.283	0.283
  5358	-0.123587	-0.283	0.283
  5359	-0.0690684	-0.283	0.283
  5360	-0.126655	-0.283	0.283
  5361	-0.134781	-0.283	0.283
  5362	-0.124854	-0.283	0.283
  5363	-0.0930229	-0.283	0.283
  5364	-0.113463	-0.283	0.283
  5365	-0.129682	-0.283	0.283
  5366	-0.129395	-0.283	0.283
  5367	-0.149929	-0.283	0.283
  5368	-0.119649	-0.283	0.283
  5369	-0.102943	-0.283	0.283
  5370	-0.0861949	-0.283	0.283
  5371	-0.145987	-0.283	0.283
  5372	-0.101704	-0.283	0.283
  5373	-0.145558	-0.283	0.283
  5374	-0.137699	-0.283	0.283
  5375	-0.105619	-0.283	0.283
  5376	-0.127044	-0.283	0.283
  5377	-0.0796051	-0.283	0.283
  5378	-0.143196	-0.283	0.283
  5379	-0.120876	-0.283	0.283
  5380	-0.130046	-0.283	0.283
  5381	-0.145179	-0.283	0.283
  5382	-0.0723624	-0.283	0.283
  5383	-0.135454	-0.283	0.283
  5384	-0.133555	-0.283	0.283
  5385	-0.100569	-0.283	0.283
  5386	-0.127205	-0.283	0.283
  5387	-0.147919	-0.283	0.283
  5388	-0.128858	-0.283	0.283
  5389	-0.0950395	-0.283	0.283
  5390	-0.103752	-0.283	0.283
  5391	-0.116591	-0.283	0.283
  5392	-0.111697	-0.283	0.283
  5393	-0.116376	-0.283	0.283
  5394	-0.132287	-0.283	0.283
  5395	-0.137439	-0.283	0.283
  5396	-0.114332	-0.283	0.283
  5397	-0.102242	-0.283	0.283
  5398	-0.121255	-0.283	0.283
  5399	-0.144346	-0.283	0.283
  5400	-0.104087	-0.283	0.283
  5401	-0.109907	-0.283	0.283
  5402	-0.1415	-0.283	0.283
  5403	-0.145475	-0.283	0.283
  5404	-0.0767923	-0.283	0.283
  5405	-0.121835	-0.283	0.283
  5406	-0.129188	-0.283	0.283
  5407	-0.0944411	-0.283	0.283
  5408	-0.14365	-0.283	0.283
  5409	-0.112975	-0.283	0.283
  5410	-0.140812	-0.283	0.283
  5411	-0.0903112	-0.283	0.283
  5412	-0.136878	-0.283	0.283
  5413	-0.122544	-0.283	0.283
  5414	-0.136922	-0.283	0.283
  5415	-0.114338	-0.283	0.283
  5416	-0.122378	-0.283	0.283
  5417	-0.116021	-0.283	0.283
  5418	-0.145447	-0.283	0.283
  5419	-0.112573	-0.283	0.283
  5420	-0.101702	-0.283	0.283
  5421	-0.145585	-0.283	0.283
  5422	-0.147836	-0.283	0.283
  5423	-0.143964	-0.283	0.283
  5424	-0.150439	-0.283	0.283
  5425	-0.126475	-0.283	0.283
  5426	-0.0709194	-0.283	0.283
  5427	-0.150799	-0.283	0.283
  5428	-0.123425	-0.283	0.283
  5429	-0.107191	-0.283	0.283
  5430	-0.13592	-0.283	0.283
  5431	-0.120056	-0.283	0.283
  5432	-0.134272	-0.283	0.283
  5433	-0.146741	-0.283	0.283
  5434	-0.138168	-0.283	0.283
  5435	-0.131014	-0.283	0.283
  5436	-0.103817	-0.283	0.283
  5437	-0.142501	-0.283	0.283
  5438	-0.140731	-0.283	0.283
  5439	-0.11937	-0.283	0.283
  5440	-0.116118	-0.283	0.283
  5441	-0.138325	-0.283	0.283
  5442	-0.106106	-0.283	0.283
  5443	-0.112928	-0.283	0.283
  5444	-0.12268	-0.283	0.283
  5445	-0.126354	-0.283	0.283
  5446	-0.102306	-0.283	0.283
  5447	-0.119557	-0.283	0.283
  5448	-0.13422	-0.283	0.283
  5449	-0.150162	-0.283	0.283
  5450	-0.139482	-0.283	0.283
  5451	-0.115707	-0.283	0.283
  5452	-0.141146	-0.283	0.283
  5453	-0.136673	-0.283	0.283
  5454	-0.137675	-0.283	0.283
  5455	-0.117713	-0.283	0.283
  5456	-0.128836	-0.283	0.283
  5457	-0.143192	-0.283	0.283
  5458	-0.14152	-0.283	0.283
  5459	-0.117322	-0.283	0.283
  5460	-0.0988419	-0.283	0.283
  5461	-0.141787	-0.283	0.283
  5462	-0.120845	-0.283	0.283
  5463	-0.121117	-0.283	0.283
  5464	-0.129903	-0.283	0.283
  5465	-0.139534	-0.283	0.283
  5466	-0.13869	-0.283	0.283
  5467	-0.142358	-0.283	0.283
  5468	-0.12883	-0.283	0.283
  5469	-0.137365	-0.283	0.283
  5470	-0.15047	-0.283	0.283
  5471	-0.109936	-0.283	0.283
  5472	-0.0928946	-0.283	0.283
  5473	-0.126075	-0.283	0.283
  5474	-0.144544	-0.283	0.283
  5475	-0.148711	-0.283	0.283
  5476	-0.149881	-0.283	0.283
  5477	-0.126864	-0.283	0.283
  5478	-0.129395	-0.283	0.283
  5479	-0.131644	-0.283	0.283
  5480	-0.132276	-0.283	0.283
  5481	-0.122671	-0.283	0.283
  5482	-0.106009	-0.283	0.283
  5483	-0.112699	-0.283	0.283
  5484	-0.123154	-0.283	0.283
  5485	-0.127698	-0.283	0.283
  5486	-0.148398	-0.283	0.283
  5487	-0.13735	-0.283	0.283
  5488	-0.147428	-0.283	0.283
  5489	-0.131326	-0.283	0.283
  5490	-0.114785	-0.283	0.283
  5491	-0.125509	-0.283	0.283
  5492	-0.132583	-0.283	0.283
  5493	-0.140379	-0.283	0.283
  5494	-0.137735	-0.283	0.283
  5495	-0.118485	-0.283	0.283
  5496	-0.135155	-0.283	0.283
  5497	-0.121396	-0.283	0.283
  5498	-0.119478	-0.283	0.283
  5499	-0.0968093	-0.283	0.283
  5500	-0.119346	-0.283	0.283
  5501	-0.109357	-0.283	0.283
  5502	-0.149382	-0.283	0.283
  5503	-0.135737	-0.283	0.283
  5504	-0.107013	-0.283	0.283
  5505	-0.150313	-0.283	0.283
  5506	-0.139561	-0.283	0.283
  5507	-0.118499	-0.283	0.283
  5508	-0.139942	-0.283	0.283
  5509	-0.137444	-0.283	0.283
  5510	-0.116959	-0.283	0.283
  5511	-0.142185	-0.283	0.283
  5512	-0.14458	-0.283	0.283
  5513	-0.121266	-0.283	0.283
  5514	-0.10637	-0.283	0.283
  5515	-0.144001	-0.283	0.283
  5516	-0.098081	-0.283	0.283
  5517	-0.135438	-0.283	0.283
  5518	-0.132698	-0.283	0.283
  5519	-0.108937	-0.283	0.283
  5520	-0.143177	-0.283	0.283
  5521	-0.125899	-0.283	0.283
  5522	-0.133652	-0.283	0.283
  5523	-0.117973	-0.283	0.283
  5524	-0.10835	-0.283	0.283
  5525	-0.12892	-0.283	0.283
  5526	-0.1291	-0.283	0.283
  5527	-0.144015	-0.283	0.283
  5528	-0.0904366	-0.283	0.283
  5529	-0.0831046	-0.283	0.283
  5530	-0.14556	-0.283	0.283
  5531	-0.131876	-0.283	0.283
  5532	-0.137544	-0.283	0.283
  5533	-0.123885	-0.283	0.283
  5534	-0.138931	-0.283	0.283
  5535	-0.118722	-0.283	0.283
  5536	-0.120722	-0.283	0.283
  5537	-0.145784	-0.283	0.283
  5538	-0.113089	-0.283	0.283
  5539	-0.150045	-0.283	0.283
  5540	-0.0961326	-0.283	0.283
  5541	-0.118767	-0.283	0.283
  5542	-0.133911	-0.283	0.283
  5543	-0.103553	-0.283	0.283
  5544	-0.104441	-0.283	0.283
  5545	-0.138285	-0.283	0.283
  5546	-0.0974606	-0.283	0.283
  5547	-0.14279	-0.283	0.283
  5548	-0.11804	-0.283	0.283
  5549	-0.117865	-0.283	0.283
  5550	-0.149207	-0.283	0.283
  5551	-0.0825398	-0.283	0.283
  5552	-0.129558	-0.283	0.283
  5553	-0.129351	-0.283	0.283
  5554	-0.14589	-0.283	0.283
  5555	-0.121381	-0.283	0.283
  5556	-0.12206	-0.283	0.283
  5557	-0.131215	-0.283	0.283
  5558	-0.120075	-0.283	0.283
  5559	-0.131991	-0.283	0.283
  5560	-0.140259	-0.283	0.283
  5561	-0.0976288	-0.283	0.283
  5562	-0.0981486	-0.283	0.283
  5563	-0.12127	-0.283	0.283
  5564	-0.150339	-0.283	0.283
  5565	-0.123652	-0.283	0.283
  5566	-0.13862	-0.283	0.283
  5567	-0.129441	-0.283	0.283
  5568	-0.111619	-0.283	0.283
  5569	-0.137178	-0.283	0.283
  5570	-0.146654	-0.283	0.283
  5571	-0.11297	-0.283	0.283
  5572	-0.144581	-0.283	0.283
  5573	-0.140074	-0.283	0.283
  5574	-0.115147	-0.283	0.283
  5575	-0.12272	-0.283	0.283
  5576	-0.106019	-0.283	0.283
  5577	-0.135849	-0.283	0.283
  5578	-0.119337	-0.283	0.283
  5579	-0.134633	-0.283	0.283
  5580	-0.150333	-0.283	0.283
  5581	-0.127828	-0.283	0.283
  5582	-0.127921	-0.283	0.283
  5583	-0.144914	-0.283	0.283
  5584	-0.116568	-0.283	0.283
  5585	-0.138733	-0.283	0.283
  5586	-0.13575	-0.283	0.283
  5587	-0.148462	-0.283	0.283
  5588	-0.129046	-0.283	0.283
  5589	-0.150501	-0.283	0.283
  5590	-0.13544	-0.283	0.283
  5591	-0.115148	-0.283	0.283
  5592	-0.115369	-0.283	0.283
  5593	-0.127633	-0.283	0.283
  5594	-0.14632	-0.283	0.283
  5595	-0.14555	-0.283	0.283
  5596	-0.122719	-0.283	0.283
  5597	-0.109926	-0.283	0.283
  5598	-0.130923	-0.283	0.283
  5599	-0.102846	-0.283	0.283
  5600	-0.145195	-0.283	0.283
  5601	-0.137753	-0.283	0.283
  5602	-0.141138	-0.283	0.283
  5603	-0.129847	-0.283	0.283
  5604	-0.117786	-0.283	0.283
  5605	-0.122732	-0.283	0.283
  5606	-0.139607	-0.283	0.283
  5607	-0.14783	-0.283	0.283
  5608	-0.140097	-0.283	0.283
  5609	-0.123475	-0.283	0.283
  5610	-0.143041	-0.283	0.283
  5611	-0.144669	-0.283	0.283
  5612	-0.0978217	-0.283	0.283
  5613	-0.111271	-0.283	0.283
  5614	-0.139746	-0.283	0.283
  5615	-0.0881503	-0.283	0.283
  5616	-0.126862	-0.283	0.283
  5617	-0.125527	-0.283	0.283
  5618	-0.142509	-0.283	0.283
  5619	-0.0716561	-0.283	0.283
  5620	-0.124057	-0.283	0.283
  5621	-0.13758	-0.283	0.283
  5622	-0.112357	-0.283	0.283
  5623	-0.0909482	-0.283	0.283
  5624	-0.113132	-0.283	0.283
  5625	-0.0860129	-0.283	0.283
  5626	-0.12285	-0.283	0.283
  5627	-0.147204	-0.283	0.283
  5628	-0.146045	-0.283	0.283
  5629	-0.12623	-0.283	0.283
  5630	-0.134033	-0.283	0.283
  5631	-0.109933	-0.283	0.283
  5632	-0.0911784	-0.283	0.283
  5633	-0.143336	-0.283	0.283
  5634	-0.132025	-0.283	0.283
  5635	-0.141378	-0.283	0.283
  5636	-0.124672	-0.283	0.283
  5637	-0.115188	-0.283	0.283
  5638	-0.132594	-0.283	0.283
  5639	-0.14163	-0.283	0.283
  5640	-0.142611	-0.283	0.283
  5641	-0.112447	-0.283	0.283
  5642	-0.132709	-0.283	0.283
  5643	-0.129783	-0.283	0.283
  5644	-0.140324	-0.283	0.283
  5645	-0.119711	-0.283	0.283
  5646	-0.137811	-0.283	0.283
  5647	-0.144202	-0.283	0.283
  5648	-0.138818	-0.283	0.283
  5649	-0.131793	-0.283	0.283
  5650	-0.132071	-0.283	0.283
  5651	-0.149537	-0.283	0.283
  5652	-0.138998	-0.283	0.283
  5653	-0.127676	-0.283	0.283
  5654	-0.133036	-0.283	0.283
  5655	-0.133907	-0.283	0.283
  5656	-0.102611	-0.283	0.283
  5657	-0.144027	-0.283	0.283
  5658	-0.0880685	-0.283	0.283
  5659	-0.122532	-0.283	0.283
  5660	-0.104241	-0.283	0.283
  5661	-0.131057	-0.283	0.283
  5662	-0.117944	-0.283	0.283
  5663	-0.134932	-0.283	0.283
  5664	-0.127434	-0.283	0.283
  5665	-0.100456	-0.283	0.283
  5666	-0.108887	-0.283	0.283
  5667	-0.0933647	-0.283	0.283
  5668	-0.109209	-0.283	0.283
  5669	-0.0939189	-0.283	0.283
  5670	-0.144184	-0.283	0.283
  5671	-0.123831	-0.283	0.283
  5672	-0.135336	-0.283	0.283
  5673	-0.089644	-0.283	0.283
  5674	-0.14418	-0.283	0.283
  5675	-0.148937	-0.283	0.283
  5676	-0.0949483	-0.283	0.283
  5677	-0.122513	-0.283	0.283
  5678	-0.127585	-0.283	0.283
  5679	-0.138507	-0.283	0.283
  5680	-0.151318	-0.283	0.283
  5681	-0.134571	-0.283	0.283
  5682	-0.129133	-0.283	0.283
  5683	-0.116182	-0.283	0.283
  5684	-0.149408	-0.283	0.283
  5685	-0.124152	-0.283	0.283
  5686	-0.122495	-0.283	0.283
  5687	-0.114913	-0.283	0.283
  5688	-0.0985928	-0.283	0.283
  5689	-0.1068	-0.283	0.283
  5690	-0.14041	-0.283	0.283
  5691	-0.110148	-0.283	0.283
  5692	-0.127262	-0.283	0.283
  5693	-0.0954589	-0.283	0.283
  5694	-0.145365	-0.283	0.283
  5695	-0.148992	-0.283	0.283
  5696	-0.145144	-0.283	0.283
  5697	-0.14548	-0.283	0.283
  5698	-0.137789	-0.283	0.283
  5699	-0.118921	-0.283	0.283
  5700	-0.140302	-0.283	0.283
  5701	-0.135578	-0.283	0.283
  5702	-0.114554	-0.283	0.283
  5703	-0.0837054	-0.283	0.283
  5704	-0.147114	-0.283	0.283
  5705	-0.134072	-0.283	0.283
  5706	-0.0892128	-0.283	0.283
  5707	-0.13945	-0.283	0.283
  5708	-0.0987338	-0.283	0.283
  5709	-0.144581	-0.283	0.283
  5710	-0.139076	-0.283	0.283
  5711	-0.146875	-0.283	0.283
  5712	-0.0972538	-0.283	0.283
  5713	-0.126809	-0.283	0.283
  5714	-0.118634	-0.283	0.283
  5715	-0.140488	-0.283	0.283
  5716	-0.140194	-0.283	0.283
  5717	-0.10623	-0.283	0.283
  5718	-0.129614	-0.283	0.283
  5719	-0.142178	-0.283	0.283
  5720	-0.104879	-0.283	0.283
  5721	-0.09386	-0.283	0.283
  5722	-0.14358	-0.283	0.283
  5723	-0.144251	-0.283	0.283
  5724	-0.146687	-0.283	0.283
  5725	-0.11321	-0.283	0.283
  5726	-0.140502	-0.283	0.283
  5727	-0.126887	-0.283	0.283
  5728	-0.137047	-0.283	0.283
  5729	-0.104971	-0.283	0.283
  5730	-0.126107	-0.283	0.283
  5731	-0.120995	-0.283	0.283
  5732	-0.0854253	-0.283	0.283
  5733	-0.100327	-0.283	0.283
  5734	-0.143443	-0.283	0.283
  5735	-0.128686	-0.283	0.283
  5736	-0.143269	-0.283	0.283
  5737	-0.129037	-0.283	0.283
  5738	-0.141651	-0.283	0.283
  5739	-0.12911	-0.283	0.283
  5740	-0.147317	-0.283	0.283
  5741	-0.138399	-0.283	0.283
  5742	-0.129359	-0.283	0.283
  5743	-0.119383	-0.283	0.283
  5744	-0.124476	-0.283	0.283
  5745	-0.116621	-0.283	0.283
  5746	-0.144477	-0.283	0.283
  5747	-0.119194	-0.283	0.283
  5748	-0.121078	-0.283	0.283
  5749	-0.106506	-0.283	0.283
  5750	-0.143921	-0.283	0.283
  5751	-0.0954976	-0.283	0.283
  5752	-0.0947191	-0.283	0.283
  5753	-0.12022	-0.283	0.283
  5754	-0.111544	-0.283	0.283
  5755	-0.144482	-0.283	0.283
  5756	-0.148112	-0.283	0.283
  5757	-0.134225	-0.283	0.283
  5758	-0.140937	-0.283	0.283
  5759	-0.141239	-0.283	0.283
  5760	-0.12008	-0.283	0.283
  5761	-0.10606	-0.283	0.283
  5762	-0.1037	-0.283	0.283
  5763	-0.120522	-0.283	0.283
  5764	-0.137331	-0.283	0.283
  5765	-0.0910744	-0.283	0.283
  5766	-0.100785	-0.283	0.283
  5767	-0.144865	-0.283	0.283
  5768	-0.11862	-0.283	0.283
  5769	-0.13824	-0.283	0.283
  5770	-0.105011	-0.283	0.283
  5771	-0.137696	-0.283	0.283
  5772	-0.134404	-0.283	0.283
  5773	-0.140799	-0.283	0.283
  5774	-0.12574	-0.283	0.283
  5775	-0.144921	-0.283	0.283
  5776	-0.119898	-0.283	0.283
  5777	-0.110521	-0.283	0.283
  5778	-0.133786	-0.283	0.283
  5779	-0.149987	-0.283	0.283
  5780	-0.101724	-0.283	0.283
  5781	-0.126291	-0.283	0.283
  5782	-0.106419	-0.283	0.283
  5783	-0.125642	-0.283	0.283
  5784	-0.100491	-0.283	0.283
  5785	-0.11099	-0.283	0.283
  5786	-0.129036	-0.283	0.283
  5787	-0.11954	-0.283	0.283
  5788	-0.101716	-0.283	0.283
  5789	-0.143928	-0.283	0.283
  5790	-0.0880865	-0.283	0.283
  5791	-0.139838	-0.283	0.283
  5792	-0.114211	-0.283	0.283
  5793	-0.13997	-0.283	0.283
  5794	-0.137203	-0.283	0.283
  5795	-0.122903	-0.283	0.283
  5796	-0.135535	-0.283	0.283
  5797	-0.116736	-0.283	0.283
  5798	-0.134265	-0.283	0.283
  5799	-0.123409	-0.283	0.283
  5800	-0.124324	-0.283	0.283
  5801	-0.121271	-0.283	0.283
  5802	-0.14721	-0.283	0.283
  5803	-0.133165	-0.283	0.283
  5804	-0.13949	-0.283	0.283
  5805	-0.136326	-0.283	0.283
  5806	-0.119732	-0.283	0.283
  5807	-0.141801	-0.283	0.283
  5808	-0.14	-0.283	0.283
  5809	-0.0663757	-0.283	0.283
  5810	-0.116533	-0.283	0.283
  5811	-0.100129	-0.283	0.283
  5812	-0.123294	-0.283	0.283
  5813	-0.142335	-0.283	0.283
  5814	-0.149587	-0.283	0.283
  5815	-0.119126	-0.283	0.283
  5816	-0.136186	-0.283	0.283
  5817	-0.125361	-0.283	0.283
  5818	-0.0793721	-0.283	0.283
  5819	-0.105127	-0.283	0.283
  5820	-0.111793	-0.283	0.283
  5821	-0.145064	-0.283	0.283
  5822	-0.142473	-0.283	0.283
  5823	-0.0943345	-0.283	0.283
  5824	-0.148419	-0.283	0.283
  5825	-0.129805	-0.283	0.283
  5826	-0.134475	-0.283	0.283
  5827	-0.123539	-0.283	0.283
  5828	-0.136858	-0.283	0.283
  5829	-0.0771511	-0.283	0.283
  5830	-0.13907	-0.283	0.283
  5831	-0.143253	-0.283	0.283
  5832	-0.142343	-0.283	0.283
  5833	-0.129719	-0.283	0.283
  5834	-0.143403	-0.283	0.283
  5835	-0.0946896	-0.283	0.283
  5836	-0.1244	-0.283	0.283
  5837	-0.109164	-0.283	0.283
  5838	-0.141423	-0.283	0.283
  5839	-0.13567	-0.283	0.283
  5840	-0.0955992	-0.283	0.283
  5841	-0.0883285	-0.283	0.283
  5842	-0.146599	-0.283	0.283
  5843	-0.129606	-0.283	0.283
  5844	-0.133365	-0.283	0.283
  5845	-0.13255	-0.283	0.283
  5846	-0.148072	-0.283	0.283
  5847	-0.108511	-0.283	0.283
  5848	-0.1072	-0.283	0.283
  5849	-0.134928	-0.283	0.283
  5850	-0.127504	-0.283	0.283
  5851	-0.122543	-0.283	0.283
  5852	-0.140321	-0.283	0.283
  5853	-0.126226	-0.283	0.283
  5854	-0.148005	-0.283	0.283
  5855	-0.118792	-0.283	0.283
  5856	-0.108639	-0.283	0.283
  5857	-0.125395	-0.283	0.283
  5858	-0.121557	-0.283	0.283
  5859	-0.147195	-0.283	0.283
  5860	-0.142495	-0.283	0.283
  5861	-0.104608	-0.283	0.283
  5862	-0.144173	-0.283	0.283
  5863	-0.139422	-0.283	0.283
  5864	-0.13016	-0.283	0.283
  5865	-0.119291	-0.283	0.283
  5866	-0.0906479	-0.283	0.283
  5867	-0.130584	-0.283	0.283
  5868	-0.142195	-0.283	0.283
  5869	-0.110013	-0.283	0.283
  5870	-0.141669	-0.283	0.283
  5871	-0.101073	-0.283	0.283
  5872	-0.125978	-0.283	0.283
  5873	-0.126583	-0.283	0.283
  5874	-0.129897	-0.283	0.283
  5875	-0.135331	-0.283	0.283
  5876	-0.144925	-0.283	0.283
  5877	-0.13915	-0.283	0.283
  5878	-0.13653	-0.283	0.283
  5879	-0.13744	-0.283	0.283
  5880	-0.145508	-0.283	0.283
  5881	-0.0871111	-0.283	0.283
  5882	-0.138036	-0.283	0.283
  5883	-0.141864	-0.283	0.283
  5884	-0.141536	-0.283	0.283
  5885	-0.141507	-0.283	0.283
  5886	-0.121437	-0.283	0.283
  5887	-0.13721	-0.283	0.283
  5888	-0.136508	-0.283	0.283
  5889	-0.136459	-0.283	0.283
  5890	-0.13213	-0.283	0.283
  5891	-0.0910809	-0.283	0.283
  5892	-0.121264	-0.283	0.283
  5893	-0.146433	-0.283	0.283
  5894	-0.136934	-0.283	0.283
  5895	-0.131694	-0.283	0.283
  5896	-0.129655	-0.283	0.283
  5897	-0.151015	-0.283	0.283
  5898	-0.142805	-0.283	0.283
  5899	-0.112856	-0.283	0.283
  5900	-0.125342	-0.283	0.283
  5901	-0.151105	-0.283	0.283
  5902	-0.123421	-0.283	0.283
  5903	-0.148621	-0.283	0.283
  5904	-0.148365	-0.283	0.283
  5905	-0.108075	-0.283	0.283
  5906	-0.146834	-0.283	0.283
  5907	-0.133773	-0.283	0.283
  5908	-0.0859745	-0.283	0.283
  5909	-0.123199	-0.283	0.283
  5910	-0.129144	-0.283	0.283
  5911	-0.119503	-0.283	0.283
  5912	-0.123139	-0.283	0.283
  5913	-0.145639	-0.283	0.283
  5914	-0.0750012	-0.283	0.283
  5915	-0.138531	-0.283	0.283
  5916	-0.132386	-0.283	0.283
  5917	-0.126689	-0.283	0.283
  5918	-0.116738	-0.283	0.283
  5919	-0.124737	-0.283	0.283
  5920	-0.0929261	-0.283	0.283
  5921	-0.134131	-0.283	0.283
  5922	-0.0725926	-0.283	0.283
  5923	-0.10736	-0.283	0.283
  5924	-0.114307	-0.283	0.283
  5925	-0.143131	-0.283	0.283
  5926	-0.144583	-0.283	0.283
  5927	-0.107259	-0.283	0.283
  5928	-0.099387	-0.283	0.283
  5929	-0.124289	-0.283	0.283
  5930	-0.11143	-0.283	0.283
  5931	-0.147299	-0.283	0.283
  5932	-0.137741	-0.283	0.283
  5933	-0.132863	-0.283	0.283
  5934	-0.116885	-0.283	0.283
  5935	-0.125465	-0.283	0.283
  5936	-0.127135	-0.283	0.283
  5937	-0.129804	-0.283	0.283
  5938	-0.114274	-0.283	0.283
  5939	-0.149869	-0.283	0.283
  5940	-0.101013	-0.283	0.283
  5941	-0.121112	-0.283	0.283
  5942	-0.143678	-0.283	0.283
  5943	-0.0958437	-0.283	0.283
  5944	-0.128482	-0.283	0.283
  5945	-0.148171	-0.283	0.283
  5946	-0.134929	-0.283	0.283
  5947	-0.143771	-0.283	0.283
  5948	-0.103945	-0.283	0.283
  5949	-0.141762	-0.283	0.283
  5950	-0.143276	-0.283	0.283
  5951	-0.146457	-0.283	0.283
  5952	-0.12873	-0.283	0.283
  5953	-0.0885899	-0.283	0.283
  5954	-0.0958075	-0.283	0.283
  5955	-0.149527	-0.283	0.283
  5956	-0.113253	-0.283	0.283
  5957	-0.111365	-0.283	0.283
  5958	-0.145865	-0.283	0.283
  5959	-0.138994	-0.283	0.283
  5960	-0.128115	-0.283	0.283
  5961	-0.129878	-0.283	0.283
  5962	-0.143986	-0.283	0.283
  5963	-0.0980982	-0.283	0.283
  5964	-0.0785217	-0.283	0.283
  5965	-0.117461	-0.283	0.283
  5966	-0.0735996	-0.283	0.283
  5967	-0.133532	-0.283	0.283
  5968	-0.144136	-0.283	0.283
  5969	-0.0831727	-0.283	0.283
  5970	-0.100051	-0.283	0.283
  5971	-0.127574	-0.283	0.283
  5972	-0.0888027	-0.283	0.283
  5973	-0.148175	-0.283	0.283
  5974	-0.131535	-0.283	0.283
  5975	-0.101335	-0.283	0.283
  5976	-0.125523	-0.283	0.283
  5977	-0.145336	-0.283	0.283
  5978	-0.139152	-0.283	0.283
  5979	-0.127328	-0.283	0.283
  5980	-0.12145	-0.283	0.283
  5981	-0.145472	-0.283	0.283
  5982	-0.0981193	-0.283	0.283
  5983	-0.131181	-0.283	0.283
  5984	-0.143842	-0.283	0.283
  5985	-0.130606	-0.283	0.283
  5986	-0.116598	-0.283	0.283
  5987	-0.114828	-0.283	0.283
  5988	-0.0884237	-0.283	0.283
  5989	-0.0936281	-0.283	0.283
  5990	-0.145947	-0.283	0.283
  5991	-0.116088	-0.283	0.283
  5992	-0.101129	-0.283	0.283
  5993	-0.121985	-0.283	0.283
  5994	-0.136324	-0.283	0.283
  5995	-0.141511	-0.283	0.283
  5996	-0.137352	-0.283	0.283
  5997	-0.0925096	-0.283	0.283
  5998	-0.10411	-0.283	0.283
  5999	-0.121911	-0.283	0.283
  6000	-0.125069	-0.283	0.283
  6001	-0.125626	-0.283	0.283
  6002	-0.0992755	-0.283	0.283
  6003	-0.101649	-0.283	0.283
  6004	-0.124668	-0.283	0.283
  6005	-0.134058	-0.283	0.283
  6006	-0.132932	-0.283	0.283
  6007	-0.122483	-0.283	0.283
  6008	-0.111421	-0.283	0.283
  6009	-0.0966914	-0.283	0.283
  6010	-0.142844	-0.283	0.283
  6011	-0.130017	-0.283	0.283
  6012	-0.132485	-0.283	0.283
  6013	-0.129777	-0.283	0.283
  6014	-0.131235	-0.283	0.283
  6015	-0.143082	-0.283	0.283
  6016	-0.130905	-0.283	0.283
  6017	-0.14166	-0.283	0.283
  6018	-0.133783	-0.283	0.283
  6019	-0.142752	-0.283	0.283
  6020	-0.130409	-0.283	0.283
  6021	-0.125889	-0.283	0.283
  6022	-0.139497	-0.283	0.283
  6023	-0.117763	-0.283	0.283
  6024	-0.12746	-0.283	0.283
  6025	-0.14428	-0.283	0.283
  6026	-0.146885	-0.283	0.283
  6027	-0.146169	-0.283	0.283
  6028	-0.0883661	-0.283	0.283
  6029	-0.116766	-0.283	0.283
  6030	-0.147123	-0.283	0.283
  6031	-0.11192	-0.283	0.283
  6032	-0.141082	-0.283	0.283
  6033	-0.146531	-0.283	0.283
  6034	-0.144544	-0.283	0.283
  6035	-0.144817	-0.283	0.283
  6036	-0.140417	-0.283	0.283
  6037	-0.147921	-0.283	0.283
  6038	-0.122218	-0.283	0.283
  6039	-0.136603	-0.283	0.283
  6040	-0.123959	-0.283	0.283
  6041	-0.106498	-0.283	0.283
  6042	-0.124561	-0.283	0.283
  6043	-0.140483	-0.283	0.283
  6044	-0.117161	-0.283	0.283
  6045	-0.142513	-0.283	0.283
  6046	-0.0921504	-0.283	0.283
  6047	-0.148724	-0.283	0.283
  6048	-0.098902	-0.283	0.283
  6049	-0.143369	-0.283	0.283
  6050	-0.0966824	-0.283	0.283
  6051	-0.133298	-0.283	0.283
  6052	-0.137842	-0.283	0.283
  6053	-0.12703	-0.283	0.283
  6054	-0.137111	-0.283	0.283
  6055	-0.149938	-0.283	0.283
  6056	-0.13625	-0.283	0.283
  6057	-0.120135	-0.283	0.283
  6058	-0.140604	-0.283	0.283
  6059	-0.139082	-0.283	0.283
  6060	-0.142837	-0.283	0.283
  6061	-0.103462	-0.283	0.283
  6062	-0.12248	-0.283	0.283
  6063	-0.123066	-0.283	0.283
  6064	-0.119628	-0.283	0.283
  6065	-0.13288	-0.283	0.283
  6066	-0.141889	-0.283	0.283
  6067	-0.129435	-0.283	0.283
  6068	-0.119173	-0.283	0.283
  6069	-0.114731	-0.283	0.283
  6070	-0.120448	-0.283	0.283
  6071	-0.135915	-0.283	0.283
  6072	-0.146518	-0.283	0.283
  6073	-0.105915	-0.283	0.283
  6074	-0.144035	-0.283	0.283
  6075	-0.118419	-0.283	0.283
  6076	-0.134726	-0.283	0.283
  6077	-0.125942	-0.283	0.283
  6078	-0.119432	-0.283	0.283
  6079	-0.124431	-0.283	0.283
  6080	-0.137147	-0.283	0.283
  6081	-0.132679	-0.283	0.283
  6082	-0.142649	-0.283	0.283
  6083	-0.127802	-0.283	0.283
  6084	-0.0821445	-0.283	0.283
  6085	-0.147477	-0.283	0.283
  6086	-0.116896	-0.283	0.283
  6087	-0.139141	-0.283	0.283
  6088	-0.140555	-0.283	0.283
  6089	-0.128535	-0.283	0.283
  6090	-0.134151	-0.283	0.283
  6091	-0.121331	-0.283	0.283
  6092	-0.143805	-0.283	0.283
  6093	-0.118998	-0.283	0.283
  6094	-0.120254	-0.283	0.283
  6095	-0.124924	-0.283	0.283
  6096	-0.110737	-0.283	0.283
  6097	-0.115977	-0.283	0.283
  6098	-0.147833	-0.283	0.283
  6099	-0.0892942	-0.283	0.283
  6100	-0.148148	-0.283	0.283
  6101	-0.139721	-0.283	0.283
  6102	-0.137489	-0.283	0.283
  6103	-0.116179	-0.283	0.283
  6104	-0.111186	-0.283	0.283
  6105	-0.137561	-0.283	0.283
  6106	-0.121061	-0.283	0.283
  6107	-0.125925	-0.283	0.283
  6108	-0.126275	-0.283	0.283
  6109	-0.123207	-0.283	0.283
  6110	-0.115066	-0.283	0.283
  6111	-0.147545	-0.283	0.283
  6112	-0.0748321	-0.283	0.283
  6113	-0.137502	-0.283	0.283
  6114	-0.100758	-0.283	0.283
  6115	-0.14552	-0.283	0.283
  6116	-0.123422	-0.283	0.283
  6117	-0.107608	-0.283	0.283
  6118	-0.136637	-0.283	0.283
  6119	-0.142836	-0.283	0.283
  6120	-0.129385	-0.283	0.283
  6121	-0.0937054	-0.283	0.283
  6122	-0.14974	-0.283	0.283
  6123	-0.133894	-0.283	0.283
  6124	-0.1185	-0.283	0.283
  6125	-0.122245	-0.283	0.283
  6126	-0.128086	-0.283	0.283
  6127	-0.128007	-0.283	0.283
  6128	-0.150226	-0.283	0.283
  6129	-0.104101	-0.283	0.283
  6130	-0.096937	-0.283	0.283
  6131	-0.131256	-0.283	0.283
  6132	-0.145141	-0.283	0.283
  6133	-0.0950054	-0.283	0.283
  6134	-0.129402	-0.283	0.283
  6135	-0.125951	-0.283	0.283
  6136	-0.145874	-0.283	0.283
  6137	-0.140071	-0.283	0.283
  6138	-0.098343	-0.283	0.283
  6139	-0.11084	-0.283	0.283
  6140	-0.129699	-0.283	0.283
  6141	-0.145409	-0.283	0.283
  6142	-0.122197	-0.283	0.283
  6143	-0.142266	-0.283	0.283
  6144	-0.120348	-0.283	0.283
  6145	-0.147686	-0.283	0.283
  6146	-0.110232	-0.283	0.283
  6147	-0.120447	-0.283	0.283
  6148	-0.141002	-0.283	0.283
  6149	-0.135626	-0.283	0.283
  6150	-0.126439	-0.283	0.283
  6151	-0.14995	-0.283	0.283
  6152	-0.129455	-0.283	0.283
  6153	-0.112753	-0.283	0.283
  6154	-0.148409	-0.283	0.283
  6155	-0.127488	-0.283	0.283
  6156	-0.129401	-0.283	0.283
  6157	-0.143548	-0.283	0.283
  6158	-0.0921397	-0.283	0.283
  6159	-0.0747944	-0.283	0.283
  6160	-0.149403	-0.283	0.283
  6161	-0.146103	-0.283	0.283
  6162	-0.139837	-0.283	0.283
  6163	-0.128015	-0.283	0.283
  6164	-0.101956	-0.283	0.283
  6165	-0.130618	-0.283	0.283
  6166	-0.105877	-0.283	0.283
  6167	-0.134647	-0.283	0.283
  6168	-0.148722	-0.283	0.283
  6169	-0.114787	-0.283	0.283
  6170	-0.113488	-0.283	0.283
  6171	-0.101112	-0.283	0.283
  6172	-0.124603	-0.283	0.283
  6173	-0.0966771	-0.283	0.283
  6174	-0.151067	-0.283	0.283
  6175	-0.108519	-0.283	0.283
  6176	-0.130842	-0.283	0.283
  6177	-0.135918	-0.283	0.283
  6178	-0.146217	-0.283	0.283
  6179	-0.1056	-0.283	0.283
  6180	-0.115357	-0.283	0.283
  6181	-0.147137	-0.283	0.283
  6182	-0.118833	-0.283	0.283
  6183	-0.129235	-0.283	0.283
  6184	-0.140361	-0.283	0.283
  6185	-0.139158	-0.283	0.283
  6186	-0.137687	-0.283	0.283
  6187	-0.127196	-0.283	0.283
  6188	-0.124237	-0.283	0.283
  6189	-0.116886	-0.283	0.283
  6190	-0.146255	-0.283	0.283
  6191	-0.100657	-0.283	0.283
  6192	-0.131083	-0.283	0.283
  6193	-0.138308	-0.283	0.283
  6194	-0.10993	-0.283	0.283
  6195	-0.143412	-0.283	0.283
  6196	-0.135616	-0.283	0.283
  6197	-0.121443	-0.283	0.283
  6198	-0.111045	-0.283	0.283
  6199	-0.123972	-0.283	0.283
  6200	-0.141796	-0.283	0.283
  6201	-0.138759	-0.283	0.283
  6202	-0.121024	-0.283	0.283
  6203	-0.141934	-0.283	0.283
  6204	-0.136559	-0.283	0.283
  6205	-0.129999	-0.283	0.283
  6206	-0.104405	-0.283	0.283
  6207	-0.10977	-0.283	0.283
  6208	-0.0888091	-0.283	0.283
  6209	-0.143635	-0.283	0.283
  6210	-0.14576	-0.283	0.283
  6211	-0.140955	-0.283	0.283
  6212	-0.116183	-0.283	0.283
  6213	-0.127136	-0.283	0.283
  6214	-0.143862	-0.283	0.283
  6215	-0.132839	-0.283	0.283
  6216	-0.133489	-0.283	0.283
  6217	-0.130056	-0.283	0.283
  6218	-0.118427	-0.283	0.283
  6219	-0.139132	-0.283	0.283
  6220	-0.135365	-0.283	0.283
  6221	-0.105572	-0.283	0.283
  6222	-0.124846	-0.283	0.283
  6223	-0.12118	-0.283	0.283
  6224	-0.145129	-0.283	0.283
  6225	-0.144565	-0.283	0.283
  6226	-0.139398	-0.283	0.283
  6227	-0.134859	-0.283	0.283
  6228	-0.142361	-0.283	0.283
  6229	-0.112068	-0.283	0.283
  6230	-0.0808838	-0.283	0.283
  6231	-0.14566	-0.283	0.283
  6232	-0.136072	-0.283	0.283
  6233	-0.09159	-0.283	0.283
  6234	-0.137615	-0.283	0.283
  6235	-0.116768	-0.283	0.283
  6236	-0.104911	-0.283	0.283
  6237	-0.134076	-0.283	0.283
  6238	-0.131999	-0.283	0.283
  6239	-0.144285	-0.283	0.283
  6240	-0.118847	-0.283	0.283
  6241	-0.150296	-0.283	0.283
  6242	-0.118442	-0.283	0.283
  6243	-0.079036	-0.283	0.283
  6244	-0.0991593	-0.283	0.283
  6245	-0.137222	-0.283	0.283
  6246	-0.112747	-0.283	0.283
  6247	-0.107736	-0.283	0.283
  6248	-0.125206	-0.283	0.283
  6249	-0.108641	-0.283	0.283
  6250	-0.0799772	-0.283	0.283
  6251	-0.0889362	-0.283	0.283
  6252	-0.139403	-0.283	0.283
  6253	-0.09208	-0.283	0.283
  6254	-0.120017	-0.283	0.283
  6255	-0.10975	-0.283	0.283
  6256	-0.144002	-0.283	0.283
  6257	-0.132345	-0.283	0.283
  6258	-0.120347	-0.283	0.283
  6259	-0.126422	-0.283	0.283
  6260	-0.134075	-0.283	0.283
  6261	-0.143829	-0.283	0.283
  6262	-0.127051	-0.283	0.283
  6263	-0.145474	-0.283	0.283
  6264	-0.148026	-0.283	0.283
  6265	-0.123996	-0.283	0.283
  6266	-0.1379	-0.283	0.283
  6267	-0.122862	-0.283	0.283
  6268	-0.119319	-0.283	0.283
  6269	-0.128528	-0.283	0.283
  6270	-0.136605	-0.283	0.283
  6271	-0.101381	-0.283	0.283
  6272	-0.146844	-0.283	0.283
  6273	-0.131601	-0.283	0.283
  6274	-0.147814	-0.283	0.283
  6275	-0.142151	-0.283	0.283
  6276	-0.113028	-0.283	0.283
  6277	-0.149097	-0.283	0.283
  6278	-0.148483	-0.283	0.283
  6279	-0.138659	-0.283	0.283
  6280	-0.124859	-0.283	0.283
  6281	-0.118018	-0.283	0.283
  6282	-0.12373	-0.283	0.283
  6283	-0.127853	-0.283	0.283
  6284	-0.114012	-0.283	0.283
  6285	-0.125487	-0.283	0.283
  6286	-0.105738	-0.283	0.283
  6287	-0.143422	-0.283	0.283
  6288	-0.146029	-0.283	0.283
  6289	-0.141043	-0.283	0.283
  6290	-0.118643	-0.283	0.283
  6291	-0.120324	-0.283	0.283
  6292	-0.146047	-0.283	0.283
  6293	-0.139285	-0.283	0.283
  6294	-0.113526	-0.283	0.283
  6295	-0.11195	-0.283	0.283
  6296	-0.141073	-0.283	0.283
  6297	-0.145969	-0.283	0.283
  6298	-0.112513	-0.283	0.283
  6299	-0.13463	-0.283	0.283
  6300	-0.146203	-0.283	0.283
  6301	-0.117314	-0.283	0.283
  6302	-0.122895	-0.283	0.283
  6303	-0.109498	-0.283	0.283
  6304	-0.0908838	-0.283	0.283
  6305	-0.11716	-0.283	0.283
  6306	-0.139924	-0.283	0.283
  6307	-0.127119	-0.283	0.283
  6308	-0.105846	-0.283	0.283
  6309	-0.133951	-0.283	0.283
  6310	-0.141867	-0.283	0.283
  6311	-0.141686	-0.283	0.283
  6312	-0.125959	-0.283	0.283
  6313	-0.147687	-0.283	0.283
  6314	-0.147138	-0.283	0.283
  6315	-0.119373	-0.283	0.283
  6316	-0.13636	-0.283	0.283
  6317	-0.128483	-0.283	0.283
  6318	-0.123413	-0.283	0.283
  6319	-0.140209	-0.283	0.283
  6320	-0.140223	-0.283	0.283
  6321	-0.104899	-0.283	0.283
  6322	-0.143232	-0.283	0.283
  6323	-0.0557712	-0.283	0.283
  6324	-0.136919	-0.283	0.283
  6325	-0.145512	-0.283	0.283
  6326	-0.118574	-0.283	0.283
  6327	-0.125553	-0.283	0.283
  6328	-0.119429	-0.283	0.283
  6329	-0.112135	-0.283	0.283
  6330	-0.118626	-0.283	0.283
  6331	-0.144996	-0.283	0.283
  6332	-0.105239	-0.283	0.283
  6333	-0.112304	-0.283	0.283
  6334	-0.143333	-0.283	0.283
  6335	-0.136903	-0.283	0.283
  6336	-0.131354	-0.283	0.283
  6337	-0.127553	-0.283	0.283
  6338	-0.124212	-0.283	0.283
  6339	-0.114567	-0.283	0.283
  6340	-0.14301	-0.283	0.283
  6341	-0.0767911	-0.283	0.283
  6342	-0.116794	-0.283	0.283
  6343	-0.119284	-0.283	0.283
  6344	-0.11769	-0.283	0.283
  6345	-0.117494	-0.283	0.283
  6346	-0.130008	-0.283	0.283
  6347	-0.0934016	-0.283	0.283
  6348	-0.135712	-0.283	0.283
  6349	-0.0844904	-0.283	0.283
  6350	-0.0974437	-0.283	0.283
  6351	-0.119857	-0.283	0.283
  6352	-0.0836709	-0.283	0.283
  6353	-0.131525	-0.283	0.283
  6354	-0.12775	-0.283	0.283
  6355	-0.143722	-0.283	0.283
  6356	-0.125581	-0.283	0.283
  6357	-0.12373	-0.283	0.283
  6358	-0.107592	-0.283	0.283
  6359	-0.134823	-0.283	0.283
  6360	-0.122443	-0.283	0.283
  6361	-0.143264	-0.283	0.283
  6362	-0.119138	-0.283	0.283
  6363	-0.0939911	-0.283	0.283
  6364	-0.123489	-0.283	0.283
  6365	-0.0998144	-0.283	0.283
  6366	-0.128688	-0.283	0.283
  6367	-0.1442	-0.283	0.283
  6368	-0.115135	-0.283	0.283
  6369	-0.14093	-0.283	0.283
  6370	-0.137704	-0.283	0.283
  6371	-0.134229	-0.283	0.283
  6372	-0.144658	-0.283	0.283
  6373	-0.106547	-0.283	0.283
  6374	-0.135508	-0.283	0.283
  6375	-0.116068	-0.283	0.283
  6376	-0.115153	-0.283	0.283
  6377	-0.148513	-0.283	0.283
  6378	-0.13491	-0.283	0.283
  6379	-0.140741	-0.283	0.283
  6380	-0.0957547	-0.283	0.283
  6381	-0.143018	-0.283	0.283
  6382	-0.0844067	-0.283	0.283
  6383	-0.144375	-0.283	0.283
  6384	-0.139273	-0.283	0.283
  6385	-0.121866	-0.283	0.283
  6386	-0.133916	-0.283	0.283
  6387	-0.137804	-0.283	0.283
  6388	-0.138052	-0.283	0.283
  6389	-0.144557	-0.283	0.283
  6390	-0.14767	-0.283	0.283
  6391	-0.132456	-0.283	0.283
  6392	-0.112196	-0.283	0.283
  6393	-0.0919388	-0.283	0.283
  6394	-0.143833	-0.283	0.283
  6395	-0.0910922	-0.283	0.283
  6396	-0.106571	-0.283	0.283
  6397	-0.145586	-0.283	0.283
  6398	-0.12178	-0.283	0.283
  6399	-0.0953944	-0.283	0.283
  6400	-0.118518	-0.283	0.283
  6401	-0.115142	-0.283	0.283
  6402	-0.131165	-0.283	0.283
  6403	-0.144592	-0.283	0.283
  6404	-0.136845	-0.283	0.283
  6405	-0.124207	-0.283	0.283
  6406	-0.141241	-0.283	0.283
  6407	-0.144516	-0.283	0.283
  6408	-0.131464	-0.283	0.283
  6409	-0.115474	-0.283	0.283
  6410	-0.131659	-0.283	0.283
  6411	-0.120179	-0.283	0.283
  6412	-0.141703	-0.283	0.283
  6413	-0.116625	-0.283	0.283
  6414	-0.124464	-0.283	0.283
  6415	-0.137845	-0.283	0.283
  6416	-0.116648	-0.283	0.283
  6417	-0.137597	-0.283	0.283
  6418	-0.111757	-0.283	0.283
  6419	-0.141413	-0.283	0.283
  6420	-0.129262	-0.283	0.283
  6421	-0.130488	-0.283	0.283
  6422	-0.147991	-0.283	0.283
  6423	-0.148753	-0.283	0.283
  6424	-0.136072	-0.283	0.283
  6425	-0.137695	-0.283	0.283
  6426	-0.100619	-0.283	0.283
  6427	-0.125428	-0.283	0.283
  6428	-0.139043	-0.283	0.283
  6429	-0.094369	-0.283	0.283
  6430	-0.0864903	-0.283	0.283
  6431	-0.140689	-0.283	0.283
  6432	-0.136912	-0.283	0.283
  6433	-0.132474	-0.283	0.283
  6434	-0.121999	-0.283	0.283
  6435	-0.107666	-0.283	0.283
  6436	-0.137294	-0.283	0.283
  6437	-0.110326	-0.283	0.283
  6438	-0.0981395	-0.283	0.283
  6439	-0.149292	-0.283	0.283
  6440	-0.106666	-0.283	0.283
  6441	-0.140223	-0.283	0.283
  6442	-0.151141	-0.283	0.283
  6443	-0.143442	-0.283	0.283
  6444	-0.106238	-0.283	0.283
  6445	-0.121891	-0.283	0.283
  6446	-0.0841997	-0.283	0.283
  6447	-0.127338	-0.283	0.283
  6448	-0.149375	-0.283	0.283
  6449	-0.124198	-0.283	0.283
  6450	-0.124062	-0.283	0.283
  6451	-0.149163	-0.283	0.283
  6452	-0.114123	-0.283	0.283
  6453	-0.135476	-0.283	0.283
  6454	-0.139122	-0.283	0.283
  6455	-0.0982614	-0.283	0.283
  6456	-0.0950318	-0.283	0.283
  6457	-0.126084	-0.283	0.283
  6458	-0.148578	-0.283	0.283
  6459	-0.109936	-0.283	0.283
  6460	-0.082787	-0.283	0.283
  6461	-0.113331	-0.283	0.283
  6462	-0.149891	-0.283	0.283
  6463	-0.0953846	-0.283	0.283
  6464	-0.145976	-0.283	0.283
  6465	-0.108575	-0.283	0.283
  6466	-0.127928	-0.283	0.283
  6467	-0.12212	-0.283	0.283
  6468	-0.14027	-0.283	0.283
  6469	-0.095626	-0.283	0.283
  6470	-0.122736	-0.283	0.283
  6471	-0.120103	-0.283	0.283
  6472	-0.0765208	-0.283	0.283
  6473	-0.126416	-0.283	0.283
  6474	-0.130877	-0.283	0.283
  6475	-0.124893	-0.283	0.283
  6476	-0.143016	-0.283	0.283
  6477	-0.137175	-0.283	0.283
  6478	-0.0931225	-0.283	0.283
  6479	-0.121279	-0.283	0.283
  6480	-0.10611	-0.283	0.283
  6481	-0.120998	-0.283	0.283
  6482	-0.104186	-0.283	0.283
  6483	-0.0981424	-0.283	0.283
  6484	-0.116384	-0.283	0.283
  6485	-0.139071	-0.283	0.283
  6486	-0.119805	-0.283	0.283
  6487	-0.135086	-0.283	0.283
  6488	-0.148559	-0.283	0.283
  6489	-0.0881347	-0.283	0.283
  6490	-0.137477	-0.283	0.283
  6491	-0.143426	-0.283	0.283
  6492	-0.149267	-0.283	0.283
  6493	-0.144417	-0.283	0.283
  6494	-0.1304	-0.283	0.283
  6495	-0.144556	-0.283	0.283
  6496	-0.146324	-0.283	0.283
  6497	-0.0997684	-0.283	0.283
  6498	-0.134392	-0.283	0.283
  6499	-0.114354	-0.283	0.283
  6500	-0.115709	-0.283	0.283
  6501	-0.122353	-0.283	0.283
  6502	-0.101687	-0.283	0.283
  6503	-0.14196	-0.283	0.283
  6504	-0.147613	-0.283	0.283
  6505	-0.150412	-0.283	0.283
  6506	-0.123506	-0.283	0.283
  6507	-0.111746	-0.283	0.283
  6508	-0.149596	-0.283	0.283
  6509	-0.0771859	-0.283	0.283
  6510	-0.149223	-0.283	0.283
  6511	-0.136009	-0.283	0.283
  6512	-0.131124	-0.283	0.283
  6513	-0.114097	-0.283	0.283
  6514	-0.146766	-0.283	0.283
  6515	-0.113374	-0.283	0.283
  6516	-0.134132	-0.283	0.283
  6517	-0.133748	-0.283	0.283
  6518	-0.120776	-0.283	0.283
  6519	-0.1412	-0.283	0.283
  6520	-0.144362	-0.283	0.283
  6521	-0.119393	-0.283	0.283
  6522	-0.147546	-0.283	0.283
  6523	-0.136091	-0.283	0.283
  6524	-0.125012	-0.283	0.283
  6525	-0.140125	-0.283	0.283
  6526	-0.141772	-0.283	0.283
  6527	-0.120356	-0.283	0.283
  6528	-0.111491	-0.283	0.283
  6529	-0.0817388	-0.283	0.283
  6530	-0.133309	-0.283	0.283
  6531	-0.122731	-0.283	0.283
  6532	-0.112608	-0.283	0.283
  6533	-0.132912	-0.283	0.283
  6534	-0.1428	-0.283	0.283
  6535	-0.120451	-0.283	0.283
  6536	-0.140384	-0.283	0.283
  6537	-0.123349	-0.283	0.283
  6538	-0.11932	-0.283	0.283
  6539	-0.146355	-0.283	0.283
  6540	-0.146586	-0.283	0.283
  6541	-0.136201	-0.283	0.283
  6542	-0.114834	-0.283	0.283
  6543	-0.139889	-0.283	0.283
  6544	-0.149937	-0.283	0.283
  6545	-0.126048	-0.283	0.283
  6546	-0.119225	-0.283	0.283
  6547	-0.151088	-0.283	0.283
  6548	-0.139058	-0.283	0.283
  6549	-0.14428	-0.283	0.283
  6550	-0.135958	-0.283	0.283
  6551	-0.127809	-0.283	0.283
  6552	-0.0837466	-0.283	0.283
  6553	-0.145016	-0.283	0.283
  6554	-0.116138	-0.283	0.283
  6555	-0.089018	-0.283	0.283
  6556	-0.112478	-0.283	0.283
  6557	-0.141764	-0.283	0.283
  6558	-0.129563	-0.283	0.283
  6559	-0.108036	-0.283	0.283
  6560	-0.14569	-0.283	0.283
  6561	-0.100332	-0.283	0.283
  6562	-0.12491	-0.283	0.283
  6563	-0.146963	-0.283	0.283
  6564	-0.145632	-0.283	0.283
  6565	-0.140548	-0.283	0.283
  6566	-0.131191	-0.283	0.283
  6567	-0.143373	-0.283	0.283
  6568	-0.13407	-0.283	0.283
  6569	-0.128201	-0.283	0.283
  6570	-0.147926	-0.283	0.283
  6571	-0.1313	-0.283	0.283
  6572	-0.124913	-0.283	0.283
  6573	-0.146397	-0.283	0.283
  6574	-0.13272	-0.283	0.283
  6575	-0.131541	-0.283	0.283
  6576	-0.133939	-0.283	0.283
  6577	-0.146672	-0.283	0.283
  6578	-0.106124	-0.283	0.283
  6579	-0.0966373	-0.283	0.283
  6580	-0.143887	-0.283	0.283
  6581	-0.147119	-0.283	0.283
  6582	-0.143398	-0.283	0.283
  6583	-0.14232	-0.283	0.283
  6584	-0.146309	-0.283	0.283
  6585	-0.135963	-0.283	0.283
  6586	-0.125951	-0.283	0.283
  6587	-0.140695	-0.283	0.283
  6588	-0.142361	-0.283	0.283
  6589	-0.103234	-0.283	0.283
  6590	-0.146612	-0.283	0.283
  6591	-0.147401	-0.283	0.283
  6592	-0.12253	-0.283	0.283
  6593	-0.11941	-0.283	0.283
  6594	-0.144064	-0.283	0.283
  6595	-0.124681	-0.283	0.283
  6596	-0.124804	-0.283	0.283
  6597	-0.144556	-0.283	0.283
  6598	-0.126305	-0.283	0.283
  6599	-0.120539	-0.283	0.283
  6600	-0.123976	-0.283	0.283
  6601	-0.131427	-0.283	0.283
  6602	-0.13389	-0.283	0.283
  6603	-0.127638	-0.283	0.283
  6604	-0.0905641	-0.283	0.283
  6605	-0.0929709	-0.283	0.283
  6606	-0.144987	-0.283	0.283
  6607	-0.127154	-0.283	0.283
  6608	-0.147411	-0.283	0.283
  6609	-0.146764	-0.283	0.283
  6610	-0.129181	-0.283	0.283
  6611	-0.11616	-0.283	0.283
  6612	-0.105591	-0.283	0.283
  6613	-0.14325	-0.283	0.283
  6614	-0.129743	-0.283	0.283
  6615	-0.14569	-0.283	0.283
  6616	-0.0890487	-0.283	0.283
  6617	-0.132973	-0.283	0.283
  6618	-0.143088	-0.283	0.283
  6619	-0.147393	-0.283	0.283
  6620	-0.122689	-0.283	0.283
  6621	-0.112722	-0.283	0.283
  6622	-0.120059	-0.283	0.283
  6623	-0.134913	-0.283	0.283
  6624	-0.117101	-0.283	0.283
  6625	-0.0713845	-0.283	0.283
  6626	-0.142443	-0.283	0.283
  6627	-0.145622	-0.283	0.283
  6628	-0.107278	-0.283	0.283
  6629	-0.0970922	-0.283	0.283
  6630	-0.142069	-0.283	0.283
  6631	-0.135662	-0.283	0.283
  6632	-0.14675	-0.283	0.283
  6633	-0.106437	-0.283	0.283
  6634	-0.147349	-0.283	0.283
  6635	-0.141846	-0.283	0.283
  6636	-0.142376	-0.283	0.283
  6637	-0.0987799	-0.283	0.283
  6638	-0.140497	-0.283	0.283
  6639	-0.142076	-0.283	0.283
  6640	-0.125193	-0.283	0.283
  6641	-0.146067	-0.283	0.283
  6642	-0.143269	-0.283	0.283
  6643	-0.144443	-0.283	0.283
  6644	-0.135546	-0.283	0.283
  6645	-0.135084	-0.283	0.283
  6646	-0.137514	-0.283	0.283
  6647	-0.14422	-0.283	0.283
  6648	-0.144366	-0.283	0.283
  6649	-0.1143	-0.283	0.283
  6650	-0.145145	-0.283	0.283
  6651	-0.0996583	-0.283	0.283
  6652	-0.104009	-0.283	0.283
  6653	-0.111693	-0.283	0.283
  6654	-0.129178	-0.283	0.283
  6655	-0.136081	-0.283	0.283
  6656	-0.150554	-0.283	0.283
  6657	-0.122049	-0.283	0.283
  6658	-0.138597	-0.283	0.283
  6659	-0.137349	-0.283	0.283
  6660	-0.133501	-0.283	0.283
  6661	-0.136923	-0.283	0.283
  6662	-0.121255	-0.283	0.283
  6663	-0.144532	-0.283	0.283
  6664	-0.131508	-0.283	0.283
  6665	-0.142464	-0.283	0.283
  6666	-0.144628	-0.283	0.283
  6667	-0.115226	-0.283	0.283
  6668	-0.137089	-0.283	0.283
  6669	-0.124537	-0.283	0.283
  6670	-0.138261	-0.283	0.283
  6671	-0.105818	-0.283	0.283
  6672	-0.125957	-0.283	0.283
  6673	-0.109255	-0.283	0.283
  6674	-0.126961	-0.283	0.283
  6675	-0.132987	-0.283	0.283
  6676	-0.0977078	-0.283	0.283
  6677	-0.134852	-0.283	0.283
  6678	-0.147618	-0.283	0.283
  6679	-0.117077	-0.283	0.283
  6680	-0.118907	-0.283	0.283
  6681	-0.130725	-0.283	0.283
  6682	-0.0884355	-0.283	0.283
  6683	-0.113552	-0.283	0.283
  6684	-0.141844	-0.283	0.283
  6685	-0.108621	-0.283	0.283
  6686	-0.142344	-0.283	0.283
  6687	-0.134016	-0.283	0.283
  6688	-0.145325	-0.283	0.283
  6689	-0.124465	-0.283	0.283
  6690	-0.130401	-0.283	0.283
  6691	-0.145825	-0.283	0.283
  6692	-0.125876	-0.283	0.283
  6693	-0.121371	-0.283	0.283
  6694	-0.117699	-0.283	0.283
  6695	-0.134779	-0.283	0.283
  6696	-0.0832619	-0.283	0.283
  6697	-0.123127	-0.283	0.283
  6698	-0.119399	-0.283	0.283
  6699	-0.142544	-0.283	0.283
  6700	-0.132019	-0.283	0.283
  6701	-0.0980244	-0.283	0.283
  6702	-0.143734	-0.283	0.283
  6703	-0.132313	-0.283	0.283
  6704	-0.144652	-0.283	0.283
  6705	-0.125946	-0.283	0.283
  6706	-0.134629	-0.283	0.283
  6707	-0.141919	-0.283	0.283
  6708	-0.138006	-0.283	0.283
  6709	-0.144894	-0.283	0.283
  6710	-0.14837	-0.283	0.283
  6711	-0.0512616	-0.283	0.283
  6712	-0.13463	-0.283	0.283
  6713	-0.0818049	-0.283	0.283
  6714	-0.114289	-0.283	0.283
  6715	-0.127877	-0.283	0.283
  6716	-0.118891	-0.283	0.283
  6717	-0.106508	-0.283	0.283
  6718	-0.143258	-0.283	0.283
  6719	-0.128037	-0.283	0.283
  6720	-0.120303	-0.283	0.283
  6721	-0.144097	-0.283	0.283
  6722	-0.114293	-0.283	0.283
  6723	-0.12583	-0.283	0.283
  6724	-0.107918	-0.283	0.283
  6725	-0.124526	-0.283	0.283
  6726	-0.126492	-0.283	0.283
  6727	-0.144103	-0.283	0.283
  6728	-0.113803	-0.283	0.283
  6729	-0.146591	-0.283	0.283
  6730	-0.120235	-0.283	0.283
  6731	-0.132232	-0.283	0.283
  6732	-0.113899	-0.283	0.283
  6733	-0.136142	-0.283	0.283
  6734	-0.0923402	-0.283	0.283
  6735	-0.132248	-0.283	0.283
  6736	-0.145684	-0.283	0.283
  6737	-0.0711284	-0.283	0.283
  6738	-0.131351	-0.283	0.283
  6739	-0.125855	-0.283	0.283
  6740	-0.136067	-0.283	0.283
  6741	-0.150267	-0.283	0.283
  6742	-0.148449	-0.283	0.283
  6743	-0.123891	-0.283	0.283
  6744	-0.0907938	-0.283	0.283
  6745	-0.115961	-0.283	0.283
  6746	-0.133547	-0.283	0.283
  6747	-0.131091	-0.283	0.283
  6748	-0.139807	-0.283	0.283
  6749	-0.123265	-0.283	0.283
  6750	-0.122619	-0.283	0.283
  6751	-0.131015	-0.283	0.283
  6752	-0.11481	-0.283	0.283
  6753	-0.127919	-0.283	0.283
  6754	-0.12668	-0.283	0.283
  6755	-0.117071	-0.283	0.283
  6756	-0.143708	-0.283	0.283
  6757	-0.141433	-0.283	0.283
  6758	-0.139094	-0.283	0.283
  6759	-0.110912	-0.283	0.283
  6760	-0.114226	-0.283	0.283
  6761	-0.109116	-0.283	0.283
  6762	-0.0870222	-0.283	0.283
  6763	-0.133253	-0.283	0.283
  6764	-0.125589	-0.283	0.283
  6765	-0.147676	-0.283	0.283
  6766	-0.142566	-0.283	0.283
  6767	-0.144311	-0.283	0.283
  6768	-0.126729	-0.283	0.283
  6769	-0.151092	-0.283	0.283
  6770	-0.12927	-0.283	0.283
  6771	-0.10364	-0.283	0.283
  6772	-0.112136	-0.283	0.283
  6773	-0.104704	-0.283	0.283
  6774	-0.14496	-0.283	0.283
  6775	-0.143806	-0.283	0.283
  6776	-0.150241	-0.283	0.283
  6777	-0.119159	-0.283	0.283
  6778	-0.12913	-0.283	0.283
  6779	-0.141875	-0.283	0.283
  6780	-0.137162	-0.283	0.283
  6781	-0.139451	-0.283	0.283
  6782	-0.13881	-0.283	0.283
  6783	-0.137187	-0.283	0.283
  6784	-0.123598	-0.283	0.283
  6785	-0.148251	-0.283	0.283
  6786	-0.119974	-0.283	0.283
  6787	-0.13097	-0.283	0.283
  6788	-0.134491	-0.283	0.283
  6789	-0.0876659	-0.283	0.283
  6790	-0.0809591	-0.283	0.283
  6791	-0.144291	-0.283	0.283
  6792	-0.134519	-0.283	0.283
  6793	-0.140468	-0.283	0.283
  6794	-0.136962	-0.283	0.283
  6795	-0.114343	-0.283	0.283
  6796	-0.107308	-0.283	0.283
  6797	-0.131573	-0.283	0.283
  6798	-0.0781221	-0.283	0.283
  6799	-0.146508	-0.283	0.283
  6800	-0.115866	-0.283	0.283
  6801	-0.122503	-0.283	0.283
  6802	-0.148155	-0.283	0.283
  6803	-0.0596	-0.283	0.283
  6804	-0.131023	-0.283	0.283
  6805	-0.141626	-0.283	0.283
  6806	-0.119916	-0.283	0.283
  6807	-0.125276	-0.283	0.283
  6808	-0.105096	-0.283	0.283
  6809	-0.143202	-0.283	0.283
  6810	-0.108061	-0.283	0.283
  6811	-0.101401	-0.283	0.283
  6812	-0.126467	-0.283	0.283
  6813	-0.1194	-0.283	0.283
  6814	-0.0876886	-0.283	0.283
  6815	-0.13085	-0.283	0.283
  6816	-0.136912	-0.283	0.283
  6817	-0.149641	-0.283	0.283
  6818	-0.131845	-0.283	0.283
  6819	-0.0931835	-0.283	0.283
  6820	-0.143637	-0.283	0.283
  6821	-0.143051	-0.283	0.283
  6822	-0.142395	-0.283	0.283
  6823	-0.14921	-0.283	0.283
  6824	-0.123191	-0.283	0.283
  6825	-0.141156	-0.283	0.283
  6826	-0.138908	-0.283	0.283
  6827	-0.133929	-0.283	0.283
  6828	-0.121065	-0.283	0.283
  6829	-0.106733	-0.283	0.283
  6830	-0.142789	-0.283	0.283
  6831	-0.125505	-0.283	0.283
  6832	-0.125559	-0.283	0.283
  6833	-0.120996	-0.283	0.283
  6834	-0.091553	-0.283	0.283
  6835	-0.136621	-0.283	0.283
  6836	-0.132928	-0.283	0.283
  6837	-0.104262	-0.283	0.283
  6838	-0.131041	-0.283	0.283
  6839	-0.103788	-0.283	0.283
  6840	-0.136284	-0.283	0.283
  6841	-0.12764	-0.283	0.283
  6842	-0.149075	-0.283	0.283
  6843	-0.0799957	-0.283	0.283
  6844	-0.13695	-0.283	0.283
  6845	-0.143876	-0.283	0.283
  6846	-0.0918911	-0.283	0.283
  6847	-0.120393	-0.283	0.283
  6848	-0.138258	-0.283	0.283
  6849	-0.133477	-0.283	0.283
  6850	-0.14075	-0.283	0.283
  6851	-0.126651	-0.283	0.283
  6852	-0.105132	-0.283	0.283
  6853	-0.127088	-0.283	0.283
  6854	-0.142331	-0.283	0.283
  6855	-0.137645	-0.283	0.283
  6856	-0.088197	-0.283	0.283
  6857	-0.142305	-0.283	0.283
  6858	-0.109483	-0.283	0.283
  6859	-0.134762	-0.283	0.283
  6860	-0.136504	-0.283	0.283
  6861	-0.107158	-0.283	0.283
  6862	-0.146751	-0.283	0.283
  6863	-0.111172	-0.283	0.283
  6864	-0.130559	-0.283	0.283
  6865	-0.127653	-0.283	0.283
  6866	-0.128653	-0.283	0.283
  6867	-0.130535	-0.283	0.283
  6868	-0.147371	-0.283	0.283
  6869	-0.146834	-0.283	0.283
  6870	-0.112929	-0.283	0.283
  6871	-0.145573	-0.283	0.283
  6872	-0.122703	-0.283	0.283
  6873	-0.131375	-0.283	0.283
  6874	-0.128908	-0.283	0.283
  6875	-0.122081	-0.283	0.283
  6876	-0.150503	-0.283	0.283
  6877	-0.116716	-0.283	0.283
  6878	-0.133173	-0.283	0.283
  6879	-0.129793	-0.283	0.283
  6880	-0.130523	-0.283	0.283
  6881	-0.134107	-0.283	0.283
  6882	-0.120423	-0.283	0.283
  6883	-0.108955	-0.283	0.283
  6884	-0.145294	-0.283	0.283
  6885	-0.133542	-0.283	0.283
  6886	-0.144695	-0.283	0.283
  6887	-0.0984785	-0.283	0.283
  6888	-0.120973	-0.283	0.283
  6889	-0.15032	-0.283	0.283
  6890	-0.123185	-0.283	0.283
  6891	-0.135172	-0.283	0.283
  6892	-0.119322	-0.283	0.283
  6893	-0.14125	-0.283	0.283
  6894	-0.117108	-0.283	0.283
  6895	-0.100176	-0.283	0.283
  6896	-0.142212	-0.283	0.283
  6897	-0.149492	-0.283	0.283
  6898	-0.128762	-0.283	0.283
  6899	-0.143099	-0.283	0.283
  6900	-0.125908	-0.283	0.283
  6901	-0.134947	-0.283	0.283
  6902	-0.13031	-0.283	0.283
  6903	-0.117423	-0.283	0.283
  6904	-0.142595	-0.283	0.283
  6905	-0.140717	-0.283	0.283
  6906	-0.114567	-0.283	0.283
  6907	-0.101892	-0.283	0.283
  6908	-0.136103	-0.283	0.283
  6909	-0.132192	-0.283	0.283
  6910	-0.109993	-0.283	0.283
  6911	-0.145044	-0.283	0.283
  6912	-0.125555	-0.283	0.283
  6913	-0.143981	-0.283	0.283
  6914	-0.0788358	-0.283	0.283
  6915	-0.142647	-0.283	0.283
  6916	-0.117761	-0.283	0.283
  6917	-0.12444	-0.283	0.283
  6918	-0.141438	-0.283	0.283
  6919	-0.100278	-0.283	0.283
  6920	-0.145019	-0.283	0.283
  6921	-0.1255	-0.283	0.283
  6922	-0.139338	-0.283	0.283
  6923	-0.104034	-0.283	0.283
  6924	-0.139731	-0.283	0.283
  6925	-0.0847394	-0.283	0.283
  6926	-0.141779	-0.283	0.283
  6927	-0.124948	-0.283	0.283
  6928	-0.12335	-0.283	0.283
  6929	-0.118287	-0.283	0.283
  6930	-0.132193	-0.283	0.283
  6931	-0.130241	-0.283	0.283
  6932	-0.11958	-0.283	0.283
  6933	-0.125979	-0.283	0.283
  6934	-0.13644	-0.283	0.283
  6935	-0.138656	-0.283	0.283
  6936	-0.0937739	-0.283	0.283
  6937	-0.0672749	-0.283	0.283
  6938	-0.138893	-0.283	0.283
  6939	-0.148207	-0.283	0.283
  6940	-0.0908202	-0.283	0.283
  6941	-0.128913	-0.283	0.283
  6942	-0.134499	-0.283	0.283
  6943	-0.0853111	-0.283	0.283
  6944	-0.105765	-0.283	0.283
  6945	-0.143911	-0.283	0.283
  6946	-0.143063	-0.283	0.283
  6947	-0.078157	-0.283	0.283
  6948	-0.146648	-0.283	0.283
  6949	-0.143073	-0.283	0.283
  6950	-0.13156	-0.283	0.283
  6951	-0.146456	-0.283	0.283
  6952	-0.0969678	-0.283	0.283
  6953	-0.121401	-0.283	0.283
  6954	-0.124193	-0.283	0.283
  6955	-0.116801	-0.283	0.283
  6956	-0.0782145	-0.283	0.283
  6957	-0.142065	-0.283	0.283
  6958	-0.089153	-0.283	0.283
  6959	-0.109851	-0.283	0.283
  6960	-0.0959982	-0.283	0.283
  6961	-0.0962014	-0.283	0.283
  6962	-0.135104	-0.283	0.283
  6963	-0.120368	-0.283	0.283
  6964	-0.113968	-0.283	0.283
  6965	-0.1192	-0.283	0.283
  6966	-0.135749	-0.283	0.283
  6967	-0.115822	-0.283	0.283
  6968	-0.130525	-0.283	0.283
  6969	-0.105753	-0.283	0.283
  6970	-0.144487	-0.283	0.283
  6971	-0.140744	-0.283	0.283
  6972	-0.124676	-0.283	0.283
  6973	-0.146741	-0.283	0.283
  6974	-0.129868	-0.283	0.283
  6975	-0.124376	-0.283	0.283
  6976	-0.138593	-0.283	0.283
  6977	-0.119354	-0.283	0.283
  6978	-0.145742	-0.283	0.283
  6979	-0.144526	-0.283	0.283
  6980	-0.141426	-0.283	0.283
  6981	-0.143128	-0.283	0.283
  6982	-0.113447	-0.283	0.283
  6983	-0.132835	-0.283	0.283
  6984	-0.149961	-0.283	0.283
  6985	-0.151541	-0.283	0.283
  6986	-0.146399	-0.283	0.283
  6987	-0.105576	-0.283	0.283
  6988	-0.10651	-0.283	0.283
  6989	-0.129705	-0.283	0.283
  6990	-0.12527	-0.283	0.283
  6991	-0.101647	-0.283	0.283
  6992	-0.118688	-0.283	0.283
  6993	-0.136612	-0.283	0.283
  6994	-0.137347	-0.283	0.283
  6995	-0.113362	-0.283	0.283
  6996	-0.106593	-0.283	0.283
  6997	-0.119681	-0.283	0.283
  6998	-0.0908616	-0.283	0.283
  6999	-0.12453	-0.283	0.283
  7000	-0.133296	-0.283	0.283
  7001	-0.146492	-0.283	0.283
  7002	-0.119777	-0.283	0.283
  7003	-0.121778	-0.283	0.283
  7004	-0.118503	-0.283	0.283
  7005	-0.146565	-0.283	0.283
  7006	-0.146745	-0.283	0.283
  7007	-0.126842	-0.283	0.283
  7008	-0.135817	-0.283	0.283
  7009	-0.135647	-0.283	0.283
  7010	-0.137658	-0.283	0.283
  7011	-0.147448	-0.283	0.283
  7012	-0.134352	-0.283	0.283
  7013	-0.143934	-0.283	0.283
  7014	-0.127448	-0.283	0.283
  7015	-0.12199	-0.283	0.283
  7016	-0.126881	-0.283	0.283
  7017	-0.113237	-0.283	0.283
  7018	-0.101176	-0.283	0.283
  7019	-0.114257	-0.283	0.283
  7020	-0.150754	-0.283	0.283
  7021	-0.134535	-0.283	0.283
  7022	-0.113165	-0.283	0.283
  7023	-0.0995908	-0.283	0.283
  7024	-0.101148	-0.283	0.283
  7025	-0.119041	-0.283	0.283
  7026	-0.115912	-0.283	0.283
  7027	-0.108584	-0.283	0.283
  7028	-0.14201	-0.283	0.283
  7029	-0.145422	-0.283	0.283
  7030	-0.130168	-0.283	0.283
  7031	-0.150243	-0.283	0.283
  7032	-0.146738	-0.283	0.283
  7033	-0.125298	-0.283	0.283
  7034	-0.134121	-0.283	0.283
  7035	-0.106285	-0.283	0.283
  7036	-0.126583	-0.283	0.283
  7037	-0.11956	-0.283	0.283
  7038	-0.125556	-0.283	0.283
  7039	-0.140835	-0.283	0.283
  7040	-0.12389	-0.283	0.283
  7041	-0.123832	-0.283	0.283
  7042	-0.141382	-0.283	0.283
  7043	-0.137248	-0.283	0.283
  7044	-0.141989	-0.283	0.283
  7045	-0.124041	-0.283	0.283
  7046	-0.129571	-0.283	0.283
  7047	-0.112166	-0.283	0.283
  7048	-0.109386	-0.283	0.283
  7049	-0.123314	-0.283	0.283
  7050	-0.106323	-0.283	0.283
  7051	-0.119538	-0.283	0.283
  7052	-0.146248	-0.283	0.283
  7053	-0.137417	-0.283	0.283
  7054	-0.140526	-0.283	0.283
  7055	-0.111631	-0.283	0.283
  7056	-0.0996406	-0.283	0.283
  7057	-0.135747	-0.283	0.283
  7058	-0.144236	-0.283	0.283
  7059	-0.0941848	-0.283	0.283
  7060	-0.127943	-0.283	0.283
  7061	-0.137876	-0.283	0.283
  7062	-0.146115	-0.283	0.283
  7063	-0.108682	-0.283	0.283
  7064	-0.127054	-0.283	0.283
  7065	-0.126689	-0.283	0.283
  7066	-0.132723	-0.283	0.283
  7067	-0.13902	-0.283	0.283
  7068	-0.0770742	-0.283	0.283
  7069	-0.125484	-0.283	0.283
  7070	-0.143688	-0.283	0.283
  7071	-0.121805	-0.283	0.283
  7072	-0.127594	-0.283	0.283
  7073	-0.131995	-0.283	0.283
  7074	-0.11163	-0.283	0.283
  7075	-0.129472	-0.283	0.283
  7076	-0.112672	-0.283	0.283
  7077	-0.12246	-0.283	0.283
  7078	-0.120827	-0.283	0.283
  7079	-0.103471	-0.283	0.283
  7080	-0.135639	-0.283	0.283
  7081	-0.131551	-0.283	0.283
  7082	-0.138277	-0.283	0.283
  7083	-0.145207	-0.283	0.283
  7084	-0.15059	-0.283	0.283
  7085	-0.135654	-0.283	0.283
  7086	-0.0627287	-0.283	0.283
  7087	-0.142999	-0.283	0.283
  7088	-0.119321	-0.283	0.283
  7089	-0.135862	-0.283	0.283
  7090	-0.0963244	-0.283	0.283
  7091	-0.138322	-0.283	0.283
  7092	-0.109981	-0.283	0.283
  7093	-0.150961	-0.283	0.283
  7094	-0.149128	-0.283	0.283
  7095	-0.138521	-0.283	0.283
  7096	-0.116068	-0.283	0.283
  7097	-0.148388	-0.283	0.283
  7098	-0.125257	-0.283	0.283
  7099	-0.138422	-0.283	0.283
  7100	-0.141968	-0.283	0.283
  7101	-0.143462	-0.283	0.283
  7102	-0.137214	-0.283	0.283
  7103	-0.142817	-0.283	0.283
  7104	-0.117673	-0.283	0.283
  7105	-0.136535	-0.283	0.283
  7106	-0.125566	-0.283	0.283
  7107	-0.126775	-0.283	0.283
  7108	-0.0984058	-0.283	0.283
  7109	-0.120517	-0.283	0.283
  7110	-0.128581	-0.283	0.283
  7111	-0.106037	-0.283	0.283
  7112	-0.127747	-0.283	0.283
  7113	-0.0957623	-0.283	0.283
  7114	-0.146531	-0.283	0.283
  7115	-0.118762	-0.283	0.283
  7116	-0.11856	-0.283	0.283
  7117	-0.13153	-0.283	0.283
  7118	-0.103557	-0.283	0.283
  7119	-0.0893388	-0.283	0.283
  7120	-0.105359	-0.283	0.283
  7121	-0.137814	-0.283	0.283
  7122	-0.13866	-0.283	0.283
  7123	-0.109959	-0.283	0.283
  7124	-0.120463	-0.283	0.283
  7125	-0.0802701	-0.283	0.283
  7126	-0.150201	-0.283	0.283
  7127	-0.129013	-0.283	0.283
  7128	-0.126966	-0.283	0.283
  7129	-0.0956678	-0.283	0.283
  7130	-0.123589	-0.283	0.283
  7131	-0.124126	-0.283	0.283
  7132	-0.111708	-0.283	0.283
  7133	-0.148036	-0.283	0.283
  7134	-0.132296	-0.283	0.283
  7135	-0.142144	-0.283	0.283
  7136	-0.145725	-0.283	0.283
  7137	-0.134436	-0.283	0.283
  7138	-0.126937	-0.283	0.283
  7139	-0.109265	-0.283	0.283
  7140	-0.0830356	-0.283	0.283
  7141	-0.144834	-0.283	0.283
  7142	-0.133628	-0.283	0.283
  7143	-0.139672	-0.283	0.283
  7144	-0.147308	-0.283	0.283
  7145	-0.130112	-0.283	0.283
  7146	-0.14459	-0.283	0.283
  7147	-0.135343	-0.283	0.283
  7148	-0.0966271	-0.283	0.283
  7149	-0.122342	-0.283	0.283
  7150	-0.068359	-0.283	0.283
  7151	-0.146347	-0.283	0.283
  7152	-0.146005	-0.283	0.283
  7153	-0.117335	-0.283	0.283
  7154	-0.0861863	-0.283	0.283
  7155	-0.134529	-0.283	0.283
  7156	-0.108295	-0.283	0.283
  7157	-0.147807	-0.283	0.283
  7158	-0.10534	-0.283	0.283
  7159	-0.137222	-0.283	0.283
  7160	-0.146802	-0.283	0.283
  7161	-0.146981	-0.283	0.283
  7162	-0.14953	-0.283	0.283
  7163	-0.143819	-0.283	0.283
  7164	-0.123911	-0.283	0.283
  7165	-0.120368	-0.283	0.283
  7166	-0.11587	-0.283	0.283
  7167	-0.141026	-0.283	0.283
  7168	-0.103856	-0.283	0.283
  7169	-0.102904	-0.283	0.283
  7170	-0.126949	-0.283	0.283
  7171	-0.11972	-0.283	0.283
  7172	-0.0955848	-0.283	0.283
  7173	-0.145792	-0.283	0.283
  7174	-0.130949	-0.283	0.283
  7175	-0.143804	-0.283	0.283
  7176	-0.145777	-0.283	0.283
  7177	-0.12004	-0.283	0.283
  7178	-0.147676	-0.283	0.283
  7179	-0.147221	-0.283	0.283
  7180	-0.13833	-0.283	0.283
  7181	-0.113923	-0.283	0.283
  7182	-0.137989	-0.283	0.283
  7183	-0.143609	-0.283	0.283
  7184	-0.0921603	-0.283	0.283
  7185	-0.127081	-0.283	0.283
  7186	-0.142213	-0.283	0.283
  7187	-0.110814	-0.283	0.283
  7188	-0.133944	-0.283	0.283
  7189	-0.126295	-0.283	0.283
  7190	-0.135903	-0.283	0.283
  7191	-0.148426	-0.283	0.283
  7192	-0.120154	-0.283	0.283
  7193	-0.14432	-0.283	0.283
  7194	-0.125114	-0.283	0.283
  7195	-0.12542	-0.283	0.283
  7196	-0.141498	-0.283	0.283
  7197	-0.122921	-0.283	0.283
  7198	-0.148294	-0.283	0.283
  7199	-0.101348	-0.283	0.283
  7200	-0.143244	-0.283	0.283
  7201	-0.108626	-0.283	0.283
  7202	-0.104968	-0.283	0.283
  7203	-0.136999	-0.283	0.283
  7204	-0.117631	-0.283	0.283
  7205	-0.137159	-0.283	0.283
  7206	-0.131252	-0.283	0.283
  7207	-0.123043	-0.283	0.283
  7208	-0.1193	-0.283	0.283
  7209	-0.121089	-0.283	0.283
  7210	-0.144085	-0.283	0.283
  7211	-0.132975	-0.283	0.283
  7212	-0.132339	-0.283	0.283
  7213	-0.117028	-0.283	0.283
  7214	-0.143503	-0.283	0.283
  7215	-0.148615	-0.283	0.283
  7216	-0.145583	-0.283	0.283
  7217	-0.146402	-0.283	0.283
  7218	-0.0906808	-0.283	0.283
  7219	-0.138855	-0.283	0.283
  7220	-0.136895	-0.283	0.283
  7221	-0.128947	-0.283	0.283
  7222	-0.145565	-0.283	0.283
  7223	-0.117475	-0.283	0.283
  7224	-0.135985	-0.283	0.283
  7225	-0.139258	-0.283	0.283
  7226	-0.140997	-0.283	0.283
  7227	-0.120212	-0.283	0.283
  7228	-0.135595	-0.283	0.283
  7229	-0.121281	-0.283	0.283
  7230	-0.127891	-0.283	0.283
  7231	-0.112116	-0.283	0.283
  7232	-0.138645	-0.283	0.283
  7233	-0.0851253	-0.283	0.283
  7234	-0.145865	-0.283	0.283
  7235	-0.140715	-0.283	0.283
  7236	-0.141237	-0.283	0.283
  7237	-0.128158	-0.283	0.283
  7238	-0.15024	-0.283	0.283
  7239	-0.0948492	-0.283	0.283
  7240	-0.103703	-0.283	0.283
  7241	-0.123015	-0.283	0.283
  7242	-0.146134	-0.283	0.283
  7243	-0.131275	-0.283	0.283
  7244	-0.0854057	-0.283	0.283
  7245	-0.134624	-0.283	0.283
  7246	-0.147467	-0.283	0.283
  7247	-0.127355	-0.283	0.283
  7248	-0.141801	-0.283	0.283
  7249	-0.0818645	-0.283	0.283
  7250	-0.125173	-0.283	0.283
  7251	-0.131423	-0.283	0.283
  7252	-0.142071	-0.283	0.283
  7253	-0.122399	-0.283	0.283
  7254	-0.129523	-0.283	0.283
  7255	-0.0964953	-0.283	0.283
  7256	-0.132245	-0.283	0.283
  7257	-0.124275	-0.283	0.283
  7258	-0.133011	-0.283	0.283
  7259	-0.147684	-0.283	0.283
  7260	-0.123435	-0.283	0.283
  7261	-0.126962	-0.283	0.283
  7262	-0.10568	-0.283	0.283
  7263	-0.142482	-0.283	0.283
  7264	-0.142362	-0.283	0.283
  7265	-0.129055	-0.283	0.283
  7266	-0.0862512	-0.283	0.283
  7267	-0.131418	-0.283	0.283
  7268	-0.138771	-0.283	0.283
  7269	-0.141813	-0.283	0.283
  7270	-0.135816	-0.283	0.283
  7271	-0.11994	-0.283	0.283
  7272	-0.120828	-0.283	0.283
  7273	-0.126624	-0.283	0.283
  7274	-0.147579	-0.283	0.283
  7275	-0.105779	-0.283	0.283
  7276	-0.139392	-0.283	0.283
  7277	-0.126282	-0.283	0.283
  7278	-0.150457	-0.283	0.283
  7279	-0.134809	-0.283	0.283
  7280	-0.140686	-0.283	0.283
  7281	-0.115589	-0.283	0.283
  7282	-0.106109	-0.283	0.283
  7283	-0.148691	-0.283	0.283
  7284	-0.148431	-0.283	0.283
  7285	-0.122562	-0.283	0.283
  7286	-0.128383	-0.283	0.283
  7287	-0.107682	-0.283	0.283
  7288	-0.133274	-0.283	0.283
  7289	-0.126584	-0.283	0.283
  7290	-0.107665	-0.283	0.283
  7291	-0.140449	-0.283	0.283
  7292	-0.144662	-0.283	0.283
  7293	-0.10408	-0.283	0.283
  7294	-0.134652	-0.283	0.283
  7295	-0.133965	-0.283	0.283
  7296	-0.118478	-0.283	0.283
  7297	-0.128343	-0.283	0.283
  7298	-0.089439	-0.283	0.283
  7299	-0.147991	-0.283	0.283
  7300	-0.144554	-0.283	0.283
  7301	-0.145057	-0.283	0.283
  7302	-0.104447	-0.283	0.283
  7303	-0.131744	-0.283	0.283
  7304	-0.137711	-0.283	0.283
  7305	-0.134694	-0.283	0.283
  7306	-0.101406	-0.283	0.283
  7307	-0.132496	-0.283	0.283
  7308	-0.145022	-0.283	0.283
  7309	-0.144593	-0.283	0.283
  7310	-0.12668	-0.283	0.283
  7311	-0.140043	-0.283	0.283
  7312	-0.138245	-0.283	0.283
  7313	-0.14644	-0.283	0.283
  7314	-0.148451	-0.283	0.283
  7315	-0.122893	-0.283	0.283
  7316	-0.136073	-0.283	0.283
  7317	-0.144797	-0.283	0.283
  7318	-0.142762	-0.283	0.283
  7319	-0.111836	-0.283	0.283
  7320	-0.125195	-0.283	0.283
  7321	-0.133579	-0.283	0.283
  7322	-0.118443	-0.283	0.283
  7323	-0.128911	-0.283	0.283
  7324	-0.107752	-0.283	0.283
  7325	-0.118017	-0.283	0.283
  7326	-0.118639	-0.283	0.283
  7327	-0.128096	-0.283	0.283
  7328	-0.138521	-0.283	0.283
  7329	-0.121695	-0.283	0.283
  7330	-0.144214	-0.283	0.283
  7331	-0.148108	-0.283	0.283
  7332	-0.104428	-0.283	0.283
  7333	-0.106334	-0.283	0.283
  7334	-0.116236	-0.283	0.283
  7335	-0.118547	-0.283	0.283
  7336	-0.13532	-0.283	0.283
  7337	-0.120703	-0.283	0.283
  7338	-0.122247	-0.283	0.283
  7339	-0.131426	-0.283	0.283
  7340	-0.133769	-0.283	0.283
  7341	-0.140992	-0.283	0.283
  7342	-0.121893	-0.283	0.283
  7343	-0.139436	-0.283	0.283
  7344	-0.0985849	-0.283	0.283
  7345	-0.110918	-0.283	0.283
  7346	-0.142804	-0.283	0.283
  7347	-0.10962	-0.283	0.283
  7348	-0.112281	-0.283	0.283
  7349	-0.123876	-0.283	0.283
  7350	-0.114634	-0.283	0.283
  7351	-0.133289	-0.283	0.283
  7352	-0.128653	-0.283	0.283
  7353	-0.128998	-0.283	0.283
  7354	-0.122388	-0.283	0.283
  7355	-0.142076	-0.283	0.283
  7356	-0.120578	-0.283	0.283
  7357	-0.145222	-0.283	0.283
  7358	-0.102105	-0.283	0.283
  7359	-0.137732	-0.283	0.283
  7360	-0.0754643	-0.283	0.283
  7361	-0.117735	-0.283	0.283
  7362	-0.150356	-0.283	0.283
  7363	-0.113029	-0.283	0.283
  7364	-0.126495	-0.283	0.283
  7365	-0.120309	-0.283	0.283
  7366	-0.121014	-0.283	0.283
  7367	-0.144222	-0.283	0.283
  7368	-0.121533	-0.283	0.283
  7369	-0.131284	-0.283	0.283
  7370	-0.125601	-0.283	0.283
  7371	-0.139649	-0.283	0.283
  7372	-0.138241	-0.283	0.283
  7373	-0.110401	-0.283	0.283
  7374	-0.107698	-0.283	0.283
  7375	-0.0996606	-0.283	0.283
  7376	-0.133201	-0.283	0.283
  7377	-0.128164	-0.283	0.283
  7378	-0.0838247	-0.283	0.283
  7379	-0.124168	-0.283	0.283
  7380	-0.129681	-0.283	0.283
  7381	-0.137931	-0.283	0.283
  7382	-0.106216	-0.283	0.283
  7383	-0.14615	-0.283	0.283
  7384	-0.136075	-0.283	0.283
  7385	-0.108268	-0.283	0.283
  7386	-0.142247	-0.283	0.283
  7387	-0.134501	-0.283	0.283
  7388	-0.143341	-0.283	0.283
  7389	-0.133255	-0.283	0.283
  7390	-0.122866	-0.283	0.283
  7391	-0.126154	-0.283	0.283
  7392	-0.0967898	-0.283	0.283
  7393	-0.075893	-0.283	0.283
  7394	-0.118522	-0.283	0.283
  7395	-0.130712	-0.283	0.283
  7396	-0.10598	-0.283	0.283
  7397	-0.14952	-0.283	0.283
  7398	-0.132746	-0.283	0.283
  7399	-0.107808	-0.283	0.283
  7400	-0.125367	-0.283	0.283
  7401	-0.147508	-0.283	0.283
  7402	-0.134456	-0.283	0.283
  7403	-0.114992	-0.283	0.283
  7404	-0.142997	-0.283	0.283
  7405	-0.0986702	-0.283	0.283
  7406	-0.146832	-0.283	0.283
  7407	-0.141792	-0.283	0.283
  7408	-0.148815	-0.283	0.283
  7409	-0.116078	-0.283	0.283
  7410	-0.141977	-0.283	0.283
  7411	-0.129355	-0.283	0.283
  7412	-0.111225	-0.283	0.283
  7413	-0.111706	-0.283	0.283
  7414	-0.138338	-0.283	0.283
  7415	-0.147657	-0.283	0.283
  7416	-0.0958269	-0.283	0.283
  7417	-0.134231	-0.283	0.283
  7418	-0.123649	-0.283	0.283
  7419	-0.146938	-0.283	0.283
  7420	-0.143055	-0.283	0.283
  7421	-0.146555	-0.283	0.283
  7422	-0.14557	-0.283	0.283
  7423	-0.13344	-0.283	0.283
  7424	-0.143578	-0.283	0.283
  7425	-0.0961348	-0.283	0.283
  7426	-0.138343	-0.283	0.283
  7427	-0.150561	-0.283	0.283
  7428	-0.144101	-0.283	0.283
  7429	-0.142118	-0.283	0.283
  7430	-0.148377	-0.283	0.283
  7431	-0.0985719	-0.283	0.283
  7432	-0.0958636	-0.283	0.283
  7433	-0.138798	-0.283	0.283
  7434	-0.144311	-0.283	0.283
  7435	-0.108336	-0.283	0.283
  7436	-0.072614	-0.283	0.283
  7437	-0.138113	-0.283	0.283
  7438	-0.144067	-0.283	0.283
  7439	-0.139139	-0.283	0.283
  7440	-0.136932	-0.283	0.283
  7441	-0.146725	-0.283	0.283
  7442	-0.105043	-0.283	0.283
  7443	-0.124962	-0.283	0.283
  7444	-0.12169	-0.283	0.283
  7445	-0.142951	-0.283	0.283
  7446	-0.14073	-0.283	0.283
  7447	-0.140125	-0.283	0.283
  7448	-0.116208	-0.283	0.283
  7449	-0.126431	-0.283	0.283
  7450	-0.143506	-0.283	0.283
  7451	-0.129077	-0.283	0.283
  7452	-0.110653	-0.283	0.283
  7453	-0.105277	-0.283	0.283
  7454	-0.145577	-0.283	0.283
  7455	-0.109858	-0.283	0.283
  7456	-0.131158	-0.283	0.283
  7457	-0.141177	-0.283	0.283
  7458	-0.149131	-0.283	0.283
  7459	-0.119823	-0.283	0.283
  7460	-0.127686	-0.283	0.283
  7461	-0.128433	-0.283	0.283
  7462	-0.140314	-0.283	0.283
  7463	-0.0817827	-0.283	0.283
  7464	-0.136577	-0.283	0.283
  7465	-0.125704	-0.283	0.283
  7466	-0.145716	-0.283	0.283
  7467	-0.119452	-0.283	0.283
  7468	-0.116734	-0.283	0.283
  7469	-0.13709	-0.283	0.283
  7470	-0.140056	-0.283	0.283
  7471	-0.134871	-0.283	0.283
  7472	-0.134177	-0.283	0.283
  7473	-0.13302	-0.283	0.283
  7474	-0.142301	-0.283	0.283
  7475	-0.126545	-0.283	0.283
  7476	-0.0956378	-0.283	0.283
  7477	-0.14857	-0.283	0.283
  7478	-0.132247	-0.283	0.283
  7479	-0.128895	-0.283	0.283
  7480	-0.135464	-0.283	0.283
  7481	-0.123691	-0.283	0.283
  7482	-0.130773	-0.283	0.283
  7483	-0.149425	-0.283	0.283
  7484	-0.133139	-0.283	0.283
  7485	-0.138268	-0.283	0.283
  7486	-0.130952	-0.283	0.283
  7487	-0.0756656	-0.283	0.283
  7488	-0.147432	-0.283	0.283
  7489	-0.116643	-0.283	0.283
  7490	-0.126055	-0.283	0.283
  7491	-0.120374	-0.283	0.283
  7492	-0.106985	-0.283	0.283
  7493	-0.121649	-0.283	0.283
  7494	-0.138084	-0.283	0.283
  7495	-0.131728	-0.283	0.283
  7496	-0.125677	-0.283	0.283
  7497	-0.14658	-0.283	0.283
  7498	-0.145455	-0.283	0.283
  7499	-0.126863	-0.283	0.283
  7500	-0.131518	-0.283	0.283
  7501	-0.144505	-0.283	0.283
  7502	-0.149881	-0.283	0.283
  7503	-0.120591	-0.283	0.283
  7504	-0.113037	-0.283	0.283
  7505	-0.145203	-0.283	0.283
  7506	-0.128357	-0.283	0.283
  7507	-0.092999	-0.283	0.283
  7508	-0.145077	-0.283	0.283
  7509	-0.125139	-0.283	0.283
  7510	-0.118122	-0.283	0.283
  7511	-0.105217	-0.283	0.283
  7512	-0.135481	-0.283	0.283
  7513	-0.113902	-0.283	0.283
  7514	-0.143186	-0.283	0.283
  7515	-0.13424	-0.283	0.283
  7516	-0.107598	-0.283	0.283
  7517	-0.119476	-0.283	0.283
  7518	-0.107213	-0.283	0.283
  7519	-0.131091	-0.283	0.283
  7520	-0.13491	-0.283	0.283
  7521	-0.140952	-0.283	0.283
  7522	-0.146048	-0.283	0.283
  7523	-0.148331	-0.283	0.283
  7524	-0.108723	-0.283	0.283
  7525	-0.133667	-0.283	0.283
  7526	-0.128344	-0.283	0.283
  7527	-0.125657	-0.283	0.283
  7528	-0.139396	-0.283	0.283
  7529	-0.116599	-0.283	0.283
  7530	-0.14579	-0.283	0.283
  7531	-0.143622	-0.283	0.283
  7532	-0.107627	-0.283	0.283
  7533	-0.0955228	-0.283	0.283
  7534	-0.127115	-0.283	0.283
  7535	-0.124364	-0.283	0.283
  7536	-0.128067	-0.283	0.283
  7537	-0.100991	-0.283	0.283
  7538	-0.117879	-0.283	0.283
  7539	-0.13799	-0.283	0.283
  7540	-0.139637	-0.283	0.283
  7541	-0.142563	-0.283	0.283
  7542	-0.146031	-0.283	0.283
  7543	-0.140347	-0.283	0.283
  7544	-0.151377	-0.283	0.283
  7545	-0.120629	-0.283	0.283
  7546	-0.140778	-0.283	0.283
  7547	-0.0948559	-0.283	0.283
  7548	-0.141768	-0.283	0.283
  7549	-0.0939577	-0.283	0.283
  7550	-0.132983	-0.283	0.283
  7551	-0.140196	-0.283	0.283
  7552	-0.105514	-0.283	0.283
  7553	-0.107337	-0.283	0.283
  7554	-0.126298	-0.283	0.283
  7555	-0.143822	-0.283	0.283
  7556	-0.0664398	-0.283	0.283
  7557	-0.144642	-0.283	0.283
  7558	-0.141912	-0.283	0.283
  7559	-0.113823	-0.283	0.283
  7560	-0.148849	-0.283	0.283
  7561	-0.136296	-0.283	0.283
  7562	-0.147381	-0.283	0.283
  7563	-0.0907111	-0.283	0.283
  7564	-0.140666	-0.283	0.283
  7565	-0.124203	-0.283	0.283
  7566	-0.107189	-0.283	0.283
  7567	-0.129573	-0.283	0.283
  7568	-0.138037	-0.283	0.283
  7569	-0.151076	-0.283	0.283
  7570	-0.129746	-0.283	0.283
  7571	-0.0837053	-0.283	0.283
  7572	-0.138334	-0.283	0.283
  7573	-0.123151	-0.283	0.283
  7574	-0.122232	-0.283	0.283
  7575	-0.11491	-0.283	0.283
  7576	-0.146201	-0.283	0.283
  7577	-0.116059	-0.283	0.283
  7578	-0.136981	-0.283	0.283
  7579	-0.134625	-0.283	0.283
  7580	-0.109501	-0.283	0.283
  7581	-0.140775	-0.283	0.283
  7582	-0.117167	-0.283	0.283
  7583	-0.146332	-0.283	0.283
  7584	-0.135279	-0.283	0.283
  7585	-0.126594	-0.283	0.283
  7586	-0.116175	-0.283	0.283
  7587	-0.143975	-0.283	0.283
  7588	-0.142301	-0.283	0.283
  7589	-0.129876	-0.283	0.283
  7590	-0.11565	-0.283	0.283
  7591	-0.116046	-0.283	0.283
  7592	-0.147978	-0.283	0.283
  7593	-0.13226	-0.283	0.283
  7594	-0.109791	-0.283	0.283
  7595	-0.086688	-0.283	0.283
  7596	-0.140324	-0.283	0.283
  7597	-0.104658	-0.283	0.283
  7598	-0.125648	-0.283	0.283
  7599	-0.134209	-0.283	0.283
  7600	-0.140806	-0.283	0.283
  7601	-0.140804	-0.283	0.283
  7602	-0.142663	-0.283	0.283
  7603	-0.135699	-0.283	0.283
  7604	-0.110385	-0.283	0.283
  7605	-0.146343	-0.283	0.283
  7606	-0.119095	-0.283	0.283
  7607	-0.141741	-0.283	0.283
  7608	-0.129114	-0.283	0.283
  7609	-0.137717	-0.283	0.283
  7610	-0.131209	-0.283	0.283
  7611	-0.148085	-0.283	0.283
  7612	-0.145552	-0.283	0.283
  7613	-0.132027	-0.283	0.283
  7614	-0.147559	-0.283	0.283
  7615	-0.0950492	-0.283	0.283
  7616	-0.144405	-0.283	0.283
  7617	-0.135146	-0.283	0.283
  7618	-0.138615	-0.283	0.283
  7619	-0.112298	-0.283	0.283
  7620	-0.117093	-0.283	0.283
  7621	-0.133291	-0.283	0.283
  7622	-0.136241	-0.283	0.283
  7623	-0.105778	-0.283	0.283
  7624	-0.110744	-0.283	0.283
  7625	-0.110117	-0.283	0.283
  7626	-0.147191	-0.283	0.283
  7627	-0.134398	-0.283	0.283
  7628	-0.14341	-0.283	0.283
  7629	-0.103513	-0.283	0.283
  7630	-0.142405	-0.283	0.283
  7631	-0.120853	-0.283	0.283
  7632	-0.136201	-0.283	0.283
  7633	-0.0977725	-0.283	0.283
  7634	-0.15039	-0.283	0.283
  7635	-0.141351	-0.283	0.283
  7636	-0.0851624	-0.283	0.283
  7637	-0.129316	-0.283	0.283
  7638	-0.144675	-0.283	0.283
  7639	-0.0836668	-0.283	0.283
  7640	-0.146646	-0.283	0.283
  7641	-0.134155	-0.283	0.283
  7642	-0.142801	-0.283	0.283
  7643	-0.129442	-0.283	0.283
  7644	-0.0830415	-0.283	0.283
  7645	-0.150614	-0.283	0.283
  7646	-0.143598	-0.283	0.283
  7647	-0.110599	-0.283	0.283
  7648	-0.131833	-0.283	0.283
  7649	-0.14221	-0.283	0.283
  7650	-0.111222	-0.283	0.283
  7651	-0.105151	-0.283	0.283
  7652	-0.137319	-0.283	0.283
  7653	-0.0899274	-0.283	0.283
  7654	-0.135038	-0.283	0.283
  7655	-0.13448	-0.283	0.283
  7656	-0.144448	-0.283	0.283
  7657	-0.131194	-0.283	0.283
  7658	-0.111299	-0.283	0.283
  7659	-0.13505	-0.283	0.283
  7660	-0.119305	-0.283	0.283
  7661	-0.14183	-0.283	0.283
  7662	-0.115194	-0.283	0.283
  7663	-0.130025	-0.283	0.283
  7664	-0.0994877	-0.283	0.283
  7665	-0.14228	-0.283	0.283
  7666	-0.13383	-0.283	0.283
  7667	-0.101473	-0.283	0.283
  7668	-0.129327	-0.283	0.283
  7669	-0.14164	-0.283	0.283
  7670	-0.149303	-0.283	0.283
  7671	-0.134017	-0.283	0.283
  7672	-0.130167	-0.283	0.283
  7673	-0.13902	-0.283	0.283
  7674	-0.112084	-0.283	0.283
  7675	-0.120713	-0.283	0.283
  7676	-0.13266	-0.283	0.283
  7677	-0.141451	-0.283	0.283
  7678	-0.149541	-0.283	0.283
  7679	-0.147915	-0.283	0.283
  7680	-0.149659	-0.283	0.283
  7681	-0.131821	-0.283	0.283
  7682	-0.143063	-0.283	0.283
  7683	-0.0997752	-0.283	0.283
  7684	-0.14726	-0.283	0.283
  7685	-0.121307	-0.283	0.283
  7686	-0.135723	-0.283	0.283
  7687	-0.141644	-0.283	0.283
  7688	-0.119476	-0.283	0.283
  7689	-0.121179	-0.283	0.283
  7690	-0.113036	-0.283	0.283
  7691	-0.122082	-0.283	0.283
  7692	-0.0950199	-0.283	0.283
  7693	-0.0991507	-0.283	0.283
  7694	-0.141351	-0.283	0.283
  7695	-0.115954	-0.283	0.283
  7696	-0.151049	-0.283	0.283
  7697	-0.145931	-0.283	0.283
  7698	-0.103848	-0.283	0.283
  7699	-0.12556	-0.283	0.283
  7700	-0.140424	-0.283	0.283
  7701	-0.137172	-0.283	0.283
  7702	-0.12936	-0.283	0.283
  7703	-0.121544	-0.283	0.283
  7704	-0.118154	-0.283	0.283
  7705	-0.118217	-0.283	0.283
  7706	-0.110933	-0.283	0.283
  7707	-0.126988	-0.283	0.283
  7708	-0.141198	-0.283	0.283
  7709	-0.145369	-0.283	0.283
  7710	-0.0920297	-0.283	0.283
  7711	-0.143964	-0.283	0.283
  7712	-0.0987499	-0.283	0.283
  7713	-0.139096	-0.283	0.283
  7714	-0.150407	-0.283	0.283
  7715	-0.102653	-0.283	0.283
  7716	-0.134355	-0.283	0.283
  7717	-0.144264	-0.283	0.283
  7718	-0.139532	-0.283	0.283
  7719	-0.119687	-0.283	0.283
  7720	-0.14142	-0.283	0.283
  7721	-0.138883	-0.283	0.283
  7722	-0.13375	-0.283	0.283
  7723	-0.126237	-0.283	0.283
  7724	-0.130314	-0.283	0.283
  7725	-0.145572	-0.283	0.283
  7726	-0.109128	-0.283	0.283
  7727	-0.1258	-0.283	0.283
  7728	-0.144177	-0.283	0.283
  7729	-0.0702725	-0.283	0.283
  7730	-0.138538	-0.283	0.283
  7731	-0.0906701	-0.283	0.283
  7732	-0.0864738	-0.283	0.283
  7733	-0.110834	-0.283	0.283
  7734	-0.145075	-0.283	0.283
  7735	-0.11636	-0.283	0.283
  7736	-0.140632	-0.283	0.283
  7737	-0.0626638	-0.283	0.283
  7738	-0.143829	-0.283	0.283
  7739	-0.119057	-0.283	0.283
  7740	-0.107306	-0.283	0.283
  7741	-0.12564	-0.283	0.283
  7742	-0.14359	-0.283	0.283
  7743	-0.146785	-0.283	0.283
  7744	-0.144402	-0.283	0.283
  7745	-0.111185	-0.283	0.283
  7746	-0.145665	-0.283	0.283
  7747	-0.111903	-0.283	0.283
  7748	-0.129025	-0.283	0.283
  7749	-0.103141	-0.283	0.283
  7750	-0.150709	-0.283	0.283
  7751	-0.140404	-0.283	0.283
  7752	-0.146164	-0.283	0.283
  7753	-0.143133	-0.283	0.283
  7754	-0.0863202	-0.283	0.283
  7755	-0.137559	-0.283	0.283
  7756	-0.136158	-0.283	0.283
  7757	-0.115507	-0.283	0.283
  7758	-0.134051	-0.283	0.283
  7759	-0.14376	-0.283	0.283
  7760	-0.13398	-0.283	0.283
  7761	-0.0901483	-0.283	0.283
  7762	-0.127201	-0.283	0.283
  7763	-0.127381	-0.283	0.283
  7764	-0.0912435	-0.283	0.283
  7765	-0.1496	-0.283	0.283
  7766	-0.111227	-0.283	0.283
  7767	-0.0882233	-0.283	0.283
  7768	-0.0928907	-0.283	0.283
  7769	-0.140485	-0.283	0.283
  7770	-0.121059	-0.283	0.283
  7771	-0.143414	-0.283	0.283
  7772	-0.132562	-0.283	0.283
  7773	-0.0942748	-0.283	0.283
  7774	-0.134984	-0.283	0.283
  7775	-0.14005	-0.283	0.283
  7776	-0.125283	-0.283	0.283
  7777	-0.14195	-0.283	0.283
  7778	-0.122788	-0.283	0.283
  7779	-0.11213	-0.283	0.283
  7780	-0.135064	-0.283	0.283
  7781	-0.106633	-0.283	0.283
  7782	-0.150472	-0.283	0.283
  7783	-0.142222	-0.283	0.283
  7784	-0.131789	-0.283	0.283
  7785	-0.108994	-0.283	0.283
  7786	-0.106894	-0.283	0.283
  7787	-0.14571	-0.283	0.283
  7788	-0.144764	-0.283	0.283
  7789	-0.130624	-0.283	0.283
  7790	-0.12266	-0.283	0.283
  7791	-0.121646	-0.283	0.283
  7792	-0.140863	-0.283	0.283
  7793	-0.146123	-0.283	0.283
  7794	-0.0961518	-0.283	0.283
  7795	-0.143039	-0.283	0.283
  7796	-0.102643	-0.283	0.283
  7797	-0.120297	-0.283	0.283
  7798	-0.140837	-0.283	0.283
  7799	-0.142599	-0.283	0.283
  7800	-0.131086	-0.283	0.283
  7801	-0.1255	-0.283	0.283
  7802	-0.117608	-0.283	0.283
  7803	-0.120041	-0.283	0.283
  7804	-0.147146	-0.283	0.283
  7805	-0.114351	-0.283	0.283
  7806	-0.132429	-0.283	0.283
  7807	-0.135112	-0.283	0.283
  7808	-0.122871	-0.283	0.283
  7809	-0.125666	-0.283	0.283
  7810	-0.134417	-0.283	0.283
  7811	-0.131948	-0.283	0.283
  7812	-0.150712	-0.283	0.283
  7813	-0.115536	-0.283	0.283
  7814	-0.0877183	-0.283	0.283
  7815	-0.146902	-0.283	0.283
  7816	-0.149558	-0.283	0.283
  7817	-0.136024	-0.283	0.283
  7818	-0.146209	-0.283	0.283
  7819	-0.123707	-0.283	0.283
  7820	-0.146638	-0.283	0.283
  7821	-0.131574	-0.283	0.283
  7822	-0.108622	-0.283	0.283
  7823	-0.133632	-0.283	0.283
  7824	-0.1348	-0.283	0.283
  7825	-0.123839	-0.283	0.283
  7826	-0.116627	-0.283	0.283
  7827	-0.104013	-0.283	0.283
  7828	-0.105993	-0.283	0.283
  7829	-0.11141	-0.283	0.283
  7830	-0.139146	-0.283	0.283
  7831	-0.131406	-0.283	0.283
  7832	-0.139236	-0.283	0.283
  7833	-0.140933	-0.283	0.283
  7834	-0.13637	-0.283	0.283
  7835	-0.131066	-0.283	0.283
  7836	-0.131742	-0.283	0.283
  7837	-0.122105	-0.283	0.283
  7838	-0.124743	-0.283	0.283
  7839	-0.143895	-0.283	0.283
  7840	-0.127571	-0.283	0.283
  7841	-0.104754	-0.283	0.283
  7842	-0.130409	-0.283	0.283
  7843	-0.125377	-0.283	0.283
  7844	-0.144752	-0.283	0.283
  7845	-0.11161	-0.283	0.283
  7846	-0.125994	-0.283	0.283
  7847	-0.131678	-0.283	0.283
  7848	-0.125207	-0.283	0.283
  7849	-0.145485	-0.283	0.283
  7850	-0.143653	-0.283	0.283
  7851	-0.131287	-0.283	0.283
  7852	-0.127287	-0.283	0.283
  7853	-0.13881	-0.283	0.283
  7854	-0.117988	-0.283	0.283
  7855	-0.131446	-0.283	0.283
  7856	-0.133271	-0.283	0.283
  7857	-0.139512	-0.283	0.283
  7858	-0.14554	-0.283	0.283
  7859	-0.102187	-0.283	0.283
  7860	-0.13672	-0.283	0.283
  7861	-0.14512	-0.283	0.283
  7862	-0.149339	-0.283	0.283
  7863	-0.116093	-0.283	0.283
  7864	-0.132014	-0.283	0.283
  7865	-0.13888	-0.283	0.283
  7866	-0.145674	-0.283	0.283
  7867	-0.13232	-0.283	0.283
  7868	-0.130533	-0.283	0.283
  7869	-0.126666	-0.283	0.283
  7870	-0.102266	-0.283	0.283
  7871	-0.142455	-0.283	0.283
  7872	-0.140886	-0.283	0.283
  7873	-0.140368	-0.283	0.283
  7874	-0.10384	-0.283	0.283
  7875	-0.148115	-0.283	0.283
  7876	-0.149601	-0.283	0.283
  7877	-0.129265	-0.283	0.283
  7878	-0.11188	-0.283	0.283
  7879	-0.131972	-0.283	0.283
  7880	-0.117338	-0.283	0.283
  7881	-0.148343	-0.283	0.283
  7882	-0.131114	-0.283	0.283
  7883	-0.116677	-0.283	0.283
  7884	-0.140837	-0.283	0.283
  7885	-0.148862	-0.283	0.283
  7886	-0.0999723	-0.283	0.283
  7887	-0.148698	-0.283	0.283
  7888	-0.129049	-0.283	0.283
  7889	-0.144454	-0.283	0.283
  7890	-0.140643	-0.283	0.283
  7891	-0.124467	-0.283	0.283
  7892	-0.140196	-0.283	0.283
  7893	-0.120413	-0.283	0.283
  7894	-0.136139	-0.283	0.283
  7895	-0.101293	-0.283	0.283
  7896	-0.134704	-0.283	0.283
  7897	-0.145523	-0.283	0.283
  7898	-0.147047	-0.283	0.283
  7899	-0.107637	-0.283	0.283
  7900	-0.146971	-0.283	0.283
  7901	-0.109392	-0.283	0.283
  7902	-0.13336	-0.283	0.283
  7903	-0.123881	-0.283	0.283
  7904	-0.109378	-0.283	0.283
  7905	-0.12182	-0.283	0.283
  7906	-0.145276	-0.283	0.283
  7907	-0.0941896	-0.283	0.283
  7908	-0.117834	-0.283	0.283
  7909	-0.125418	-0.283	0.283
  7910	-0.129699	-0.283	0.283
  7911	-0.136986	-0.283	0.283
  7912	-0.143034	-0.283	0.283
  7913	-0.130042	-0.283	0.283
  7914	-0.098133	-0.283	0.283
  7915	-0.13544	-0.283	0.283
  7916	-0.111925	-0.283	0.283
  7917	-0.139488	-0.283	0.283
  7918	-0.114798	-0.283	0.283
  7919	-0.147632	-0.283	0.283
  7920	-0.126605	-0.283	0.283
  7921	-0.11209	-0.283	0.283
  7922	-0.139469	-0.283	0.283
  7923	-0.12503	-0.283	0.283
  7924	-0.137174	-0.283	0.283
  7925	-0.117534	-0.283	0.283
  7926	-0.132122	-0.283	0.283
  7927	-0.142942	-0.283	0.283
  7928	-0.124832	-0.283	0.283
  7929	-0.117438	-0.283	0.283
  7930	-0.119533	-0.283	0.283
  7931	-0.111544	-0.283	0.283
  7932	-0.130315	-0.283	0.283
  7933	-0.0753811	-0.283	0.283
  7934	-0.134068	-0.283	0.283
  7935	-0.130187	-0.283	0.283
  7936	-0.132179	-0.283	0.283
  7937	-0.109313	-0.283	0.283
  7938	-0.139831	-0.283	0.283
  7939	-0.140814	-0.283	0.283
  7940	-0.138674	-0.283	0.283
  7941	-0.126619	-0.283	0.283
  7942	-0.10708	-0.283	0.283
  7943	-0.147594	-0.283	0.283
  7944	-0.13992	-0.283	0.283
  7945	-0.107777	-0.283	0.283
  7946	-0.118511	-0.283	0.283
  7947	-0.138907	-0.283	0.283
  7948	-0.140148	-0.283	0.283
  7949	-0.148384	-0.283	0.283
  7950	-0.149152	-0.283	0.283
  7951	-0.14875	-0.283	0.283
  7952	-0.134781	-0.283	0.283
  7953	-0.1155	-0.283	0.283
  7954	-0.137079	-0.283	0.283
  7955	-0.147406	-0.283	0.283
  7956	-0.141784	-0.283	0.283
  7957	-0.136184	-0.283	0.283
  7958	-0.104337	-0.283	0.283
  7959	-0.144312	-0.283	0.283
  7960	-0.143327	-0.283	0.283
  7961	-0.13454	-0.283	0.283
  7962	-0.127886	-0.283	0.283
  7963	-0.128072	-0.283	0.283
  7964	-0.129561	-0.283	0.283
  7965	-0.147555	-0.283	0.283
  7966	-0.122354	-0.283	0.283
  7967	-0.150147	-0.283	0.283
  7968	-0.134459	-0.283	0.283
  7969	-0.142133	-0.283	0.283
  7970	-0.149214	-0.283	0.283
  7971	-0.144641	-0.283	0.283
  7972	-0.132157	-0.283	0.283
  7973	-0.137637	-0.283	0.283
  7974	-0.14699	-0.283	0.283
  7975	-0.147579	-0.283	0.283
  7976	-0.126363	-0.283	0.283
  7977	-0.109201	-0.283	0.283
  7978	-0.135579	-0.283	0.283
  7979	-0.131189	-0.283	0.283
  7980	-0.11379	-0.283	0.283
  7981	-0.106629	-0.283	0.283
  7982	-0.142704	-0.283	0.283
  7983	-0.120344	-0.283	0.283
  7984	-0.148862	-0.283	0.283
  7985	-0.102239	-0.283	0.283
  7986	-0.117816	-0.283	0.283
  7987	-0.117982	-0.283	0.283
  7988	-0.120991	-0.283	0.283
  7989	-0.144477	-0.283	0.283
  7990	-0.139358	-0.283	0.283
  7991	-0.141373	-0.283	0.283
  7992	-0.14975	-0.283	0.283
  7993	-0.0686362	-0.283	0.283
  7994	-0.149769	-0.283	0.283
  7995	-0.136194	-0.283	0.283
  7996	-0.132008	-0.283	0.283
  7997	-0.133984	-0.283	0.283
  7998	-0.0764772	-0.283	0.283
  7999	-0.141491	-0.283	0.283
  8000	-0.14432	-0.283	0.283
  8001	-0.12074	-0.283	0.283
  8002	-0.133637	-0.283	0.283
  8003	-0.115719	-0.283	0.283
  8004	-0.1325	-0.283	0.283
  8005	-0.0829929	-0.283	0.283
  8006	-0.132327	-0.283	0.283
  8007	-0.141392	-0.283	0.283
  8008	-0.133355	-0.283	0.283
  8009	-0.124043	-0.283	0.283
  8010	-0.111188	-0.283	0.283
  8011	-0.133603	-0.283	0.283
  8012	-0.144993	-0.283	0.283
  8013	-0.147856	-0.283	0.283
  8014	-0.0915694	-0.283	0.283
  8015	-0.145664	-0.283	0.283
  8016	-0.139633	-0.283	0.283
  8017	-0.137624	-0.283	0.283
  8018	-0.147244	-0.283	0.283
  8019	-0.107002	-0.283	0.283
  8020	-0.129946	-0.283	0.283
  8021	-0.134876	-0.283	0.283
  8022	-0.129173	-0.283	0.283
  8023	-0.119631	-0.283	0.283
  8024	-0.127304	-0.283	0.283
  8025	-0.109282	-0.283	0.283
  8026	-0.128683	-0.283	0.283
  8027	-0.117804	-0.283	0.283
  8028	-0.125642	-0.283	0.283
  8029	-0.148747	-0.283	0.283
  8030	-0.124999	-0.283	0.283
  8031	-0.106107	-0.283	0.283
  8032	-0.141656	-0.283	0.283
  8033	-0.13278	-0.283	0.283
  8034	-0.147459	-0.283	0.283
  8035	-0.13321	-0.283	0.283
  8036	-0.109894	-0.283	0.283
  8037	-0.0880716	-0.283	0.283
  8038	-0.132823	-0.283	0.283
  8039	-0.0993776	-0.283	0.283
  8040	-0.145494	-0.283	0.283
  8041	-0.141874	-0.283	0.283
  8042	-0.0886672	-0.283	0.283
  8043	-0.10107	-0.283	0.283
  8044	-0.0915035	-0.283	0.283
  8045	-0.128537	-0.283	0.283
  8046	-0.127491	-0.283	0.283
  8047	-0.139048	-0.283	0.283
  8048	-0.150023	-0.283	0.283
  8049	-0.133741	-0.283	0.283
  8050	-0.0845148	-0.283	0.283
  8051	-0.117314	-0.283	0.283
  8052	-0.147286	-0.283	0.283
  8053	-0.130093	-0.283	0.283
  8054	-0.137572	-0.283	0.283
  8055	-0.133546	-0.283	0.283
  8056	-0.143507	-0.283	0.283
  8057	-0.144636	-0.283	0.283
  8058	-0.120585	-0.283	0.283
  8059	-0.101294	-0.283	0.283
  8060	-0.11813	-0.283	0.283
  8061	-0.0996258	-0.283	0.283
  8062	-0.139224	-0.283	0.283
  8063	-0.0882873	-0.283	0.283
  8064	-0.0939369	-0.283	0.283
  8065	-0.0945046	-0.283	0.283
  8066	-0.150783	-0.283	0.283
  8067	-0.126329	-0.283	0.283
  8068	-0.101562	-0.283	0.283
  8069	-0.14549	-0.283	0.283
  8070	-0.132489	-0.283	0.283
  8071	-0.14905	-0.283	0.283
  8072	-0.144193	-0.283	0.283
  8073	-0.132043	-0.283	0.283
  8074	-0.129367	-0.283	0.283
  8075	-0.113116	-0.283	0.283
  8076	-0.119657	-0.283	0.283
  8077	-0.14616	-0.283	0.283
  8078	-0.119212	-0.283	0.283
  8079	-0.120258	-0.283	0.283
  8080	-0.131236	-0.283	0.283
  8081	-0.149888	-0.283	0.283
  8082	-0.143326	-0.283	0.283
  8083	-0.133389	-0.283	0.283
  8084	-0.137341	-0.283	0.283
  8085	-0.127294	-0.283	0.283
  8086	-0.124734	-0.283	0.283
  8087	-0.13205	-0.283	0.283
  8088	-0.140483	-0.283	0.283
  8089	-0.125857	-0.283	0.283
  8090	-0.085535	-0.283	0.283
  8091	-0.131184	-0.283	0.283
  8092	-0.139821	-0.283	0.283
  8093	-0.12657	-0.283	0.283
  8094	-0.113407	-0.283	0.283
  8095	-0.135447	-0.283	0.283
  8096	-0.0936184	-0.283	0.283
  8097	-0.123927	-0.283	0.283
  8098	-0.129103	-0.283	0.283
  8099	-0.108521	-0.283	0.283
  8100	-0.125763	-0.283	0.283
  8101	-0.123063	-0.283	0.283
  8102	-0.131944	-0.283	0.283
  8103	-0.146564	-0.283	0.283
  8104	-0.1265	-0.283	0.283
  8105	-0.144327	-0.283	0.283
  8106	-0.105997	-0.283	0.283
  8107	-0.136206	-0.283	0.283
  8108	-0.146227	-0.283	0.283
  8109	-0.143277	-0.283	0.283
  8110	-0.146415	-0.283	0.283
  8111	-0.148022	-0.283	0.283
  8112	-0.149505	-0.283	0.283
  8113	-0.0973492	-0.283	0.283
  8114	-0.108811	-0.283	0.283
  8115	-0.126271	-0.283	0.283
  8116	-0.0833361	-0.283	0.283
  8117	-0.133206	-0.283	0.283
  8118	-0.139419	-0.283	0.283
  8119	-0.106072	-0.283	0.283
  8120	-0.118098	-0.283	0.283
  8121	-0.137981	-0.283	0.283
  8122	-0.147575	-0.283	0.283
  8123	-0.115142	-0.283	0.283
  8124	-0.120687	-0.283	0.283
  8125	-0.131796	-0.283	0.283
  8126	-0.138823	-0.283	0.283
  8127	-0.148662	-0.283	0.283
  8128	-0.13609	-0.283	0.283
  8129	-0.146633	-0.283	0.283
  8130	-0.0763156	-0.283	0.283
  8131	-0.120478	-0.283	0.283
  8132	-0.138586	-0.283	0.283
  8133	-0.11528	-0.283	0.283
  8134	-0.10628	-0.283	0.283
  8135	-0.137727	-0.283	0.283
  8136	-0.13208	-0.283	0.283
  8137	-0.136793	-0.283	0.283
  8138	-0.145388	-0.283	0.283
  8139	-0.119438	-0.283	0.283
  8140	-0.149859	-0.283	0.283
  8141	-0.11259	-0.283	0.283
  8142	-0.129168	-0.283	0.283
  8143	-0.13911	-0.283	0.283
  8144	-0.120811	-0.283	0.283
  8145	-0.145963	-0.283	0.283
  8146	-0.146834	-0.283	0.283
  8147	-0.148145	-0.283	0.283
  8148	-0.144584	-0.283	0.283
  8149	-0.147419	-0.283	0.283
  8150	-0.100881	-0.283	0.283
  8151	-0.122085	-0.283	0.283
  8152	-0.149757	-0.283	0.283
  8153	-0.10332	-0.283	0.283
  8154	-0.132453	-0.283	0.283
  8155	-0.0983416	-0.283	0.283
  8156	-0.103368	-0.283	0.283
  8157	-0.150037	-0.283	0.283
  8158	-0.0647583	-0.283	0.283
  8159	-0.136345	-0.283	0.283
  8160	-0.105722	-0.283	0.283
  8161	-0.143129	-0.283	0.283
  8162	-0.119521	-0.283	0.283
  8163	-0.127883	-0.283	0.283
  8164	-0.0976692	-0.283	0.283
  8165	-0.149869	-0.283	0.283
  8166	-0.113516	-0.283	0.283
  8167	-0.147986	-0.283	0.283
  8168	-0.114179	-0.283	0.283
  8169	-0.111093	-0.283	0.283
  8170	-0.145218	-0.283	0.283
  8171	-0.123647	-0.283	0.283
  8172	-0.118314	-0.283	0.283
  8173	-0.128678	-0.283	0.283
  8174	-0.0984236	-0.283	0.283
  8175	-0.133228	-0.283	0.283
  8176	-0.145119	-0.283	0.283
  8177	-0.121134	-0.283	0.283
  8178	-0.117768	-0.283	0.283
  8179	-0.117462	-0.283	0.283
  8180	-0.115838	-0.283	0.283
  8181	-0.133435	-0.283	0.283
  8182	-0.121299	-0.283	0.283
  8183	-0.0991649	-0.283	0.283
  8184	-0.105466	-0.283	0.283
  8185	-0.102613	-0.283	0.283
  8186	-0.111262	-0.283	0.283
  8187	-0.106866	-0.283	0.283
  8188	-0.115116	-0.283	0.283
  8189	-0.128691	-0.283	0.283
  8190	-0.120429	-0.283	0.283
  8191	-0.124239	-0.283	0.283
  8192	-0.12775	-0.283	0.283
  8193	-0.117755	-0.283	0.283
  8194	-0.138592	-0.283	0.283
  8195	-0.143506	-0.283	0.283
  8196	-0.148658	-0.283	0.283
  8197	-0.120725	-0.283	0.283
  8198	-0.120402	-0.283	0.283
  8199	-0.142348	-0.283	0.283
  8200	-0.0855045	-0.283	0.283
  8201	-0.132041	-0.283	0.283
  8202	-0.142592	-0.283	0.283
  8203	-0.142509	-0.283	0.283
  8204	-0.108209	-0.283	0.283
  8205	-0.139173	-0.283	0.283
  8206	-0.121964	-0.283	0.283
  8207	-0.122205	-0.283	0.283
  8208	-0.114301	-0.283	0.283
  8209	-0.129958	-0.283	0.283
  8210	-0.13813	-0.283	0.283
  8211	-0.131385	-0.283	0.283
  8212	-0.129396	-0.283	0.283
  8213	-0.102435	-0.283	0.283
  8214	-0.138924	-0.283	0.283
  8215	-0.126889	-0.283	0.283
  8216	-0.138149	-0.283	0.283
  8217	-0.121369	-0.283	0.283
  8218	-0.142625	-0.283	0.283
  8219	-0.0741751	-0.283	0.283
  8220	-0.148927	-0.283	0.283
  8221	-0.122536	-0.283	0.283
  8222	-0.116747	-0.283	0.283
  8223	-0.145143	-0.283	0.283
  8224	-0.0886135	-0.283	0.283
  8225	-0.116681	-0.283	0.283
  8226	-0.149236	-0.283	0.283
  8227	-0.115611	-0.283	0.283
  8228	-0.123065	-0.283	0.283
  8229	-0.117131	-0.283	0.283
  8230	-0.142737	-0.283	0.283
  8231	-0.125307	-0.283	0.283
  8232	-0.144107	-0.283	0.283
  8233	-0.136607	-0.283	0.283
  8234	-0.137946	-0.283	0.283
  8235	-0.136866	-0.283	0.283
  8236	-0.128205	-0.283	0.283
  8237	-0.145497	-0.283	0.283
  8238	-0.136488	-0.283	0.283
  8239	-0.132512	-0.283	0.283
  8240	-0.136835	-0.283	0.283
  8241	-0.138527	-0.283	0.283
  8242	-0.126199	-0.283	0.283
  8243	-0.0977094	-0.283	0.283
  8244	-0.142496	-0.283	0.283
  8245	-0.145009	-0.283	0.283
  8246	-0.119286	-0.283	0.283
  8247	-0.145857	-0.283	0.283
  8248	-0.0920661	-0.283	0.283
  8249	-0.0699719	-0.283	0.283
  8250	-0.128206	-0.283	0.283
  8251	-0.0875255	-0.283	0.283
  8252	-0.11265	-0.283	0.283
  8253	-0.133585	-0.283	0.283
  8254	-0.125861	-0.283	0.283
  8255	-0.118573	-0.283	0.283
  8256	-0.146289	-0.283	0.283
  8257	-0.141459	-0.283	0.283
  8258	-0.118064	-0.283	0.283
  8259	-0.141292	-0.283	0.283
  8260	-0.14327	-0.283	0.283
  8261	-0.0961949	-0.283	0.283
  8262	-0.133985	-0.283	0.283
  8263	-0.147085	-0.283	0.283
  8264	-0.130777	-0.283	0.283
  8265	-0.141578	-0.283	0.283
  8266	-0.147938	-0.283	0.283
  8267	-0.133818	-0.283	0.283
  8268	-0.107759	-0.283	0.283
  8269	-0.141564	-0.283	0.283
  8270	-0.145446	-0.283	0.283
  8271	-0.127694	-0.283	0.283
  8272	-0.136847	-0.283	0.283
  8273	-0.118343	-0.283	0.283
  8274	-0.134115	-0.283	0.283
  8275	-0.090019	-0.283	0.283
  8276	-0.111564	-0.283	0.283
  8277	-0.141172	-0.283	0.283
  8278	-0.136067	-0.283	0.283
  8279	-0.113813	-0.283	0.283
  8280	-0.125171	-0.283	0.283
  8281	-0.132625	-0.283	0.283
  8282	-0.147978	-0.283	0.283
  8283	-0.130666	-0.283	0.283
  8284	-0.136763	-0.283	0.283
  8285	-0.150118	-0.283	0.283
  8286	-0.128852	-0.283	0.283
  8287	-0.112865	-0.283	0.283
  8288	-0.127103	-0.283	0.283
  8289	-0.144117	-0.283	0.283
  8290	-0.113808	-0.283	0.283
  8291	-0.109272	-0.283	0.283
  8292	-0.107865	-0.283	0.283
  8293	-0.135314	-0.283	0.283
  8294	-0.141371	-0.283	0.283
  8295	-0.128718	-0.283	0.283
  8296	-0.143814	-0.283	0.283
  8297	-0.14379	-0.283	0.283
  8298	-0.12435	-0.283	0.283
  8299	-0.119019	-0.283	0.283
  8300	-0.137754	-0.283	0.283
  8301	-0.141837	-0.283	0.283
  8302	-0.131758	-0.283	0.283
  8303	-0.103701	-0.283	0.283
  8304	-0.145132	-0.283	0.283
  8305	-0.139143	-0.283	0.283
  8306	-0.110165	-0.283	0.283
  8307	-0.134009	-0.283	0.283
  8308	-0.10996	-0.283	0.283
  8309	-0.149503	-0.283	0.283
  8310	-0.149407	-0.283	0.283
  8311	-0.111867	-0.283	0.283
  8312	-0.147071	-0.283	0.283
  8313	-0.125599	-0.283	0.283
  8314	-0.142826	-0.283	0.283
  8315	-0.104971	-0.283	0.283
  8316	-0.119953	-0.283	0.283
  8317	-0.120697	-0.283	0.283
  8318	-0.140229	-0.283	0.283
  8319	-0.107648	-0.283	0.283
  8320	-0.103874	-0.283	0.283
  8321	-0.122302	-0.283	0.283
  8322	-0.140964	-0.283	0.283
  8323	-0.124725	-0.283	0.283
  8324	-0.144957	-0.283	0.283
  8325	-0.140341	-0.283	0.283
  8326	-0.121913	-0.283	0.283
  8327	-0.11337	-0.283	0.283
  8328	-0.140754	-0.283	0.283
  8329	-0.113878	-0.283	0.283
  8330	-0.149461	-0.283	0.283
  8331	-0.126239	-0.283	0.283
  8332	-0.134189	-0.283	0.283
  8333	-0.128595	-0.283	0.283
  8334	-0.108232	-0.283	0.283
  8335	-0.14237	-0.283	0.283
  8336	-0.147595	-0.283	0.283
  8337	-0.106986	-0.283	0.283
  8338	-0.111801	-0.283	0.283
  8339	-0.127629	-0.283	0.283
  8340	-0.125189	-0.283	0.283
  8341	-0.0935329	-0.283	0.283
  8342	-0.113723	-0.283	0.283
  8343	-0.143663	-0.283	0.283
  8344	-0.143354	-0.283	0.283
  8345	-0.148923	-0.283	0.283
  8346	-0.125363	-0.283	0.283
  8347	-0.139874	-0.283	0.283
  8348	-0.107877	-0.283	0.283
  8349	-0.1163	-0.283	0.283
  8350	-0.0962382	-0.283	0.283
  8351	-0.113088	-0.283	0.283
  8352	-0.121965	-0.283	0.283
  8353	-0.148942	-0.283	0.283
  8354	-0.109035	-0.283	0.283
  8355	-0.132525	-0.283	0.283
  8356	-0.113987	-0.283	0.283
  8357	-0.105661	-0.283	0.283
  8358	-0.145813	-0.283	0.283
  8359	-0.143099	-0.283	0.283
  8360	-0.112548	-0.283	0.283
  8361	-0.136186	-0.283	0.283
  8362	-0.144928	-0.283	0.283
  8363	-0.143304	-0.283	0.283
  8364	-0.119439	-0.283	0.283
  8365	-0.141405	-0.283	0.283
  8366	-0.120865	-0.283	0.283
  8367	-0.145295	-0.283	0.283
  8368	-0.134418	-0.283	0.283
  8369	-0.136212	-0.283	0.283
  8370	-0.101195	-0.283	0.283
  8371	-0.078841	-0.283	0.283
  8372	-0.133641	-0.283	0.283
  8373	-0.146498	-0.283	0.283
  8374	-0.115903	-0.283	0.283
  8375	-0.118784	-0.283	0.283
  8376	-0.14892	-0.283	0.283
  8377	-0.120639	-0.283	0.283
  8378	-0.113777	-0.283	0.283
  8379	-0.137893	-0.283	0.283
  8380	-0.134913	-0.283	0.283
  8381	-0.130286	-0.283	0.283
  8382	-0.12647	-0.283	0.283
  8383	-0.125033	-0.283	0.283
  8384	-0.1321	-0.283	0.283
  8385	-0.131862	-0.283	0.283
  8386	-0.0968584	-0.283	0.283
  8387	-0.139551	-0.283	0.283
  8388	-0.122456	-0.283	0.283
  8389	-0.127289	-0.283	0.283
  8390	-0.0971159	-0.283	0.283
  8391	-0.133004	-0.283	0.283
  8392	-0.128065	-0.283	0.283
  8393	-0.144406	-0.283	0.283
  8394	-0.107956	-0.283	0.283
  8395	-0.102051	-0.283	0.283
  8396	-0.109973	-0.283	0.283
  8397	-0.122662	-0.283	0.283
  8398	-0.131081	-0.283	0.283
  8399	-0.113475	-0.283	0.283
  8400	-0.122461	-0.283	0.283
  8401	-0.131027	-0.283	0.283
  8402	-0.147935	-0.283	0.283
  8403	-0.0699798	-0.283	0.283
  8404	-0.136564	-0.283	0.283
  8405	-0.0927732	-0.283	0.283
  8406	-0.119809	-0.283	0.283
  8407	-0.121789	-0.283	0.283
  8408	-0.145872	-0.283	0.283
  8409	-0.132504	-0.283	0.283
  8410	-0.104757	-0.283	0.283
  8411	-0.134633	-0.283	0.283
  8412	-0.146164	-0.283	0.283
  8413	-0.148133	-0.283	0.283
  8414	-0.118614	-0.283	0.283
  8415	-0.137464	-0.283	0.283
  8416	-0.142093	-0.283	0.283
  8417	-0.140648	-0.283	0.283
  8418	-0.136331	-0.283	0.283
  8419	-0.0968364	-0.283	0.283
  8420	-0.150009	-0.283	0.283
  8421	-0.150654	-0.283	0.283
  8422	-0.148685	-0.283	0.283
  8423	-0.138448	-0.283	0.283
  8424	-0.137403	-0.283	0.283
  8425	-0.119716	-0.283	0.283
  8426	-0.107186	-0.283	0.283
  8427	-0.100898	-0.283	0.283
  8428	-0.143575	-0.283	0.283
  8429	-0.128625	-0.283	0.283
  8430	-0.142248	-0.283	0.283
  8431	-0.142356	-0.283	0.283
  8432	-0.137519	-0.283	0.283
  8433	-0.132961	-0.283	0.283
  8434	-0.122596	-0.283	0.283
  8435	-0.105166	-0.283	0.283
  8436	-0.114558	-0.283	0.283
  8437	-0.147039	-0.283	0.283
  8438	-0.134308	-0.283	0.283
  8439	-0.119307	-0.283	0.283
  8440	-0.133187	-0.283	0.283
  8441	-0.113767	-0.283	0.283
  8442	-0.115663	-0.283	0.283
  8443	-0.130074	-0.283	0.283
  8444	-0.123085	-0.283	0.283
  8445	-0.141343	-0.283	0.283
  8446	-0.110891	-0.283	0.283
  8447	-0.12831	-0.283	0.283
  8448	-0.14882	-0.283	0.283
  8449	-0.109415	-0.283	0.283
  8450	-0.141769	-0.283	0.283
  8451	-0.116174	-0.283	0.283
  8452	-0.0917871	-0.283	0.283
  8453	-0.147473	-0.283	0.283
  8454	-0.114009	-0.283	0.283
  8455	-0.0873183	-0.283	0.283
  8456	-0.132747	-0.283	0.283
  8457	-0.102968	-0.283	0.283
  8458	-0.120194	-0.283	0.283
  8459	-0.142142	-0.283	0.283
  8460	-0.123402	-0.283	0.283
  8461	-0.103451	-0.283	0.283
  8462	-0.149058	-0.283	0.283
  8463	-0.127772	-0.283	0.283
  8464	-0.120324	-0.283	0.283
  8465	-0.124178	-0.283	0.283
  8466	-0.145409	-0.283	0.283
  8467	-0.136561	-0.283	0.283
  8468	-0.138881	-0.283	0.283
  8469	-0.105449	-0.283	0.283
  8470	-0.136046	-0.283	0.283
  8471	-0.115164	-0.283	0.283
  8472	-0.125352	-0.283	0.283
  8473	-0.125907	-0.283	0.283
  8474	-0.141209	-0.283	0.283
  8475	-0.124244	-0.283	0.283
  8476	-0.107281	-0.283	0.283
  8477	-0.145805	-0.283	0.283
  8478	-0.112327	-0.283	0.283
  8479	-0.131471	-0.283	0.283
  8480	-0.144497	-0.283	0.283
  8481	-0.144789	-0.283	0.283
  8482	-0.148857	-0.283	0.283
  8483	-0.0895176	-0.283	0.283
  8484	-0.0906972	-0.283	0.283
  8485	-0.102535	-0.283	0.283
  8486	-0.108455	-0.283	0.283
  8487	-0.105326	-0.283	0.283
  8488	-0.105254	-0.283	0.283
  8489	-0.093882	-0.283	0.283
  8490	-0.145032	-0.283	0.283
  8491	-0.145225	-0.283	0.283
  8492	-0.136179	-0.283	0.283
  8493	-0.122666	-0.283	0.283
  8494	-0.11043	-0.283	0.283
  8495	-0.146936	-0.283	0.283
  8496	-0.0959004	-0.283	0.283
  8497	-0.110664	-0.283	0.283
  8498	-0.133068	-0.283	0.283
  8499	-0.12198	-0.283	0.283
  8500	-0.140778	-0.283	0.283
  8501	-0.133995	-0.283	0.283
  8502	-0.145001	-0.283	0.283
  8503	-0.0996088	-0.283	0.283
  8504	-0.150481	-0.283	0.283
  8505	-0.114913	-0.283	0.283
  8506	-0.14244	-0.283	0.283
  8507	-0.148254	-0.283	0.283
  8508	-0.147403	-0.283	0.283
  8509	-0.14869	-0.283	0.283
  8510	-0.0746757	-0.283	0.283
  8511	-0.110269	-0.283	0.283
  8512	-0.145297	-0.283	0.283
  8513	-0.130491	-0.283	0.283
  8514	-0.127498	-0.283	0.283
  8515	-0.127876	-0.283	0.283
  8516	-0.148571	-0.283	0.283
  8517	-0.139419	-0.283	0.283
  8518	-0.128225	-0.283	0.283
  8519	-0.148594	-0.283	0.283
  8520	-0.136363	-0.283	0.283
  8521	-0.136136	-0.283	0.283
  8522	-0.12101	-0.283	0.283
  8523	-0.0696243	-0.283	0.283
  8524	-0.148755	-0.283	0.283
  8525	-0.144704	-0.283	0.283
  8526	-0.114841	-0.283	0.283
  8527	-0.115564	-0.283	0.283
  8528	-0.123545	-0.283	0.283
  8529	-0.145988	-0.283	0.283
  8530	-0.142412	-0.283	0.283
  8531	-0.148081	-0.283	0.283
  8532	-0.117793	-0.283	0.283
  8533	-0.138474	-0.283	0.283
  8534	-0.107435	-0.283	0.283
  8535	-0.145069	-0.283	0.283
  8536	-0.115809	-0.283	0.283
  8537	-0.124418	-0.283	0.283
  8538	-0.109974	-0.283	0.283
  8539	-0.126306	-0.283	0.283
  8540	-0.0822939	-0.283	0.283
  8541	-0.132784	-0.283	0.283
  8542	-0.139879	-0.283	0.283
  8543	-0.138276	-0.283	0.283
  8544	-0.135507	-0.283	0.283
  8545	-0.120415	-0.283	0.283
  8546	-0.145003	-0.283	0.283
  8547	-0.137812	-0.283	0.283
  8548	-0.107387	-0.283	0.283
  8549	-0.134669	-0.283	0.283
  8550	-0.141722	-0.283	0.283
  8551	-0.139543	-0.283	0.283
  8552	-0.128045	-0.283	0.283
  8553	-0.130316	-0.283	0.283
  8554	-0.113967	-0.283	0.283
  8555	-0.124075	-0.283	0.283
  8556	-0.144215	-0.283	0.283
  8557	-0.0981185	-0.283	0.283
  8558	-0.120556	-0.283	0.283
  8559	-0.0744526	-0.283	0.283
  8560	-0.127495	-0.283	0.283
  8561	-0.14999	-0.283	0.283
  8562	-0.0984609	-0.283	0.283
  8563	-0.126006	-0.283	0.283
  8564	-0.133192	-0.283	0.283
  8565	-0.110021	-0.283	0.283
  8566	-0.123595	-0.283	0.283
  8567	-0.149696	-0.283	0.283
  8568	-0.107232	-0.283	0.283
  8569	-0.120436	-0.283	0.283
  8570	-0.139508	-0.283	0.283
  8571	-0.134603	-0.283	0.283
  8572	-0.145143	-0.283	0.283
  8573	-0.124044	-0.283	0.283
  8574	-0.0985122	-0.283	0.283
  8575	-0.114158	-0.283	0.283
  8576	-0.134286	-0.283	0.283
  8577	-0.108903	-0.283	0.283
  8578	-0.136377	-0.283	0.283
  8579	-0.134205	-0.283	0.283
  8580	-0.102276	-0.283	0.283
  8581	-0.142445	-0.283	0.283
  8582	-0.124248	-0.283	0.283
  8583	-0.137924	-0.283	0.283
  8584	-0.136303	-0.283	0.283
  8585	-0.143736	-0.283	0.283
  8586	-0.100589	-0.283	0.283
  8587	-0.141676	-0.283	0.283
  8588	-0.113007	-0.283	0.283
  8589	-0.137186	-0.283	0.283
  8590	-0.129895	-0.283	0.283
  8591	-0.14281	-0.283	0.283
  8592	-0.0685604	-0.283	0.283
  8593	-0.140937	-0.283	0.283
  8594	-0.142082	-0.283	0.283
  8595	-0.117022	-0.283	0.283
  8596	-0.120956	-0.283	0.283
  8597	-0.0919872	-0.283	0.283
  8598	-0.133474	-0.283	0.283
  8599	-0.119937	-0.283	0.283
  8600	-0.0711211	-0.283	0.283
  8601	-0.148312	-0.283	0.283
  8602	-0.125276	-0.283	0.283
  8603	-0.130353	-0.283	0.283
  8604	-0.127892	-0.283	0.283
  8605	-0.146881	-0.283	0.283
  8606	-0.108729	-0.283	0.283
  8607	-0.136822	-0.283	0.283
  8608	-0.118911	-0.283	0.283
  8609	-0.138467	-0.283	0.283
  8610	-0.107047	-0.283	0.283
  8611	-0.140271	-0.283	0.283
  8612	-0.118616	-0.283	0.283
  8613	-0.12327	-0.283	0.283
  8614	-0.124016	-0.283	0.283
  8615	-0.142721	-0.283	0.283
  8616	-0.0694441	-0.283	0.283
  8617	-0.124598	-0.283	0.283
  8618	-0.115756	-0.283	0.283
  8619	-0.128356	-0.283	0.283
  8620	-0.0992159	-0.283	0.283
  8621	-0.140349	-0.283	0.283
  8622	-0.132997	-0.283	0.283
  8623	-0.138359	-0.283	0.283
  8624	-0.145785	-0.283	0.283
  8625	-0.103269	-0.283	0.283
  8626	-0.128512	-0.283	0.283
  8627	-0.141542	-0.283	0.283
  8628	-0.0648812	-0.283	0.283
  8629	-0.124014	-0.283	0.283
  8630	-0.139508	-0.283	0.283
  8631	-0.110108	-0.283	0.283
  8632	-0.0711449	-0.283	0.283
  8633	-0.135704	-0.283	0.283
  8634	-0.133194	-0.283	0.283
  8635	-0.131089	-0.283	0.283
  8636	-0.149906	-0.283	0.283
  8637	-0.118556	-0.283	0.283
  8638	-0.111132	-0.283	0.283
  8639	-0.139953	-0.283	0.283
  8640	-0.13798	-0.283	0.283
  8641	-0.13764	-0.283	0.283
  8642	-0.131961	-0.283	0.283
  8643	-0.142419	-0.283	0.283
  8644	-0.141403	-0.283	0.283
  8645	-0.137736	-0.283	0.283
  8646	-0.115465	-0.283	0.283
  8647	-0.115501	-0.283	0.283
  8648	-0.115344	-0.283	0.283
  8649	-0.118006	-0.283	0.283
  8650	-0.131055	-0.283	0.283
  8651	-0.120881	-0.283	0.283
  8652	-0.0848773	-0.283	0.283
  8653	-0.131598	-0.283	0.283
  8654	-0.120803	-0.283	0.283
  8655	-0.122336	-0.283	0.283
  8656	-0.118769	-0.283	0.283
  8657	-0.133413	-0.283	0.283
  8658	-0.105397	-0.283	0.283
  8659	-0.141907	-0.283	0.283
  8660	-0.120411	-0.283	0.283
  8661	-0.141345	-0.283	0.283
  8662	-0.132881	-0.283	0.283
  8663	-0.127549	-0.283	0.283
  8664	-0.141425	-0.283	0.283
  8665	-0.147853	-0.283	0.283
  8666	-0.110218	-0.283	0.283
  8667	-0.116537	-0.283	0.283
  8668	-0.147547	-0.283	0.283
  8669	-0.102207	-0.283	0.283
  8670	-0.140302	-0.283	0.283
  8671	-0.118492	-0.283	0.283
  8672	-0.125911	-0.283	0.283
  8673	-0.147047	-0.283	0.283
  8674	-0.129485	-0.283	0.283
  8675	-0.120217	-0.283	0.283
  8676	-0.129972	-0.283	0.283
  8677	-0.143485	-0.283	0.283
  8678	-0.125467	-0.283	0.283
  8679	-0.149731	-0.283	0.283
  8680	-0.104059	-0.283	0.283
  8681	-0.144015	-0.283	0.283
  8682	-0.125275	-0.283	0.283
  8683	-0.140856	-0.283	0.283
  8684	-0.113416	-0.283	0.283
  8685	-0.146602	-0.283	0.283
  8686	-0.134369	-0.283	0.283
  8687	-0.139147	-0.283	0.283
  8688	-0.129323	-0.283	0.283
  8689	-0.13286	-0.283	0.283
  8690	-0.123899	-0.283	0.283
  8691	-0.143747	-0.283	0.283
  8692	-0.101192	-0.283	0.283
  8693	-0.125444	-0.283	0.283
  8694	-0.142996	-0.283	0.283
  8695	-0.138634	-0.283	0.283
  8696	-0.126817	-0.283	0.283
  8697	-0.139763	-0.283	0.283
  8698	-0.11428	-0.283	0.283
  8699	-0.131687	-0.283	0.283
  8700	-0.127151	-0.283	0.283
  8701	-0.147565	-0.283	0.283
  8702	-0.13196	-0.283	0.283
  8703	-0.143526	-0.283	0.283
  8704	-0.111687	-0.283	0.283
  8705	-0.119971	-0.283	0.283
  8706	-0.138159	-0.283	0.283
  8707	-0.113606	-0.283	0.283
  8708	-0.0972116	-0.283	0.283
  8709	-0.127795	-0.283	0.283
  8710	-0.131371	-0.283	0.283
  8711	-0.144315	-0.283	0.283
  8712	-0.113195	-0.283	0.283
  8713	-0.13692	-0.283	0.283
  8714	-0.140696	-0.283	0.283
  8715	-0.0987128	-0.283	0.283
  8716	-0.0744683	-0.283	0.283
  8717	-0.114734	-0.283	0.283
  8718	-0.132053	-0.283	0.283
  8719	-0.0814369	-0.283	0.283
  8720	-0.117802	-0.283	0.283
  8721	-0.144628	-0.283	0.283
  8722	-0.11772	-0.283	0.283
  8723	-0.14785	-0.283	0.283
  8724	-0.121217	-0.283	0.283
  8725	-0.0924041	-0.283	0.283
  8726	-0.136161	-0.283	0.283
  8727	-0.103416	-0.283	0.283
  8728	-0.123149	-0.283	0.283
  8729	-0.109554	-0.283	0.283
  8730	-0.122426	-0.283	0.283
  8731	-0.1453	-0.283	0.283
  8732	-0.133977	-0.283	0.283
  8733	-0.143672	-0.283	0.283
  8734	-0.145006	-0.283	0.283
  8735	-0.0820476	-0.283	0.283
  8736	-0.102854	-0.283	0.283
  8737	-0.145102	-0.283	0.283
  8738	-0.14759	-0.283	0.283
  8739	-0.132519	-0.283	0.283
  8740	-0.149743	-0.283	0.283
  8741	-0.142628	-0.283	0.283
  8742	-0.143666	-0.283	0.283
  8743	-0.0991589	-0.283	0.283
  8744	-0.125192	-0.283	0.283
  8745	-0.10283	-0.283	0.283
  8746	-0.143469	-0.283	0.283
  8747	-0.14692	-0.283	0.283
  8748	-0.138845	-0.283	0.283
  8749	-0.123313	-0.283	0.283
  8750	-0.146527	-0.283	0.283
  8751	-0.122849	-0.283	0.283
  8752	-0.142738	-0.283	0.283
  8753	-0.108722	-0.283	0.283
  8754	-0.116098	-0.283	0.283
  8755	-0.128749	-0.283	0.283
  8756	-0.133671	-0.283	0.283
  8757	-0.141	-0.283	0.283
  8758	-0.134127	-0.283	0.283
  8759	-0.128685	-0.283	0.283
  8760	-0.140834	-0.283	0.283
  8761	-0.127488	-0.283	0.283
  8762	-0.123873	-0.283	0.283
  8763	-0.125056	-0.283	0.283
  8764	-0.128629	-0.283	0.283
  8765	-0.0774847	-0.283	0.283
  8766	-0.116971	-0.283	0.283
  8767	-0.130662	-0.283	0.283
  8768	-0.142696	-0.283	0.283
  8769	-0.124193	-0.283	0.283
  8770	-0.147022	-0.283	0.283
  8771	-0.14698	-0.283	0.283
  8772	-0.10699	-0.283	0.283
  8773	-0.14552	-0.283	0.283
  8774	-0.0796519	-0.283	0.283
  8775	-0.1034	-0.283	0.283
  8776	-0.136772	-0.283	0.283
  8777	-0.134199	-0.283	0.283
  8778	-0.124543	-0.283	0.283
  8779	-0.091782	-0.283	0.283
  8780	-0.110051	-0.283	0.283
  8781	-0.11866	-0.283	0.283
  8782	-0.123907	-0.283	0.283
  8783	-0.143969	-0.283	0.283
  8784	-0.116587	-0.283	0.283
  8785	-0.0992951	-0.283	0.283
  8786	-0.139937	-0.283	0.283
  8787	-0.141467	-0.283	0.283
  8788	-0.111749	-0.283	0.283
  8789	-0.140463	-0.283	0.283
  8790	-0.133727	-0.283	0.283
  8791	-0.129454	-0.283	0.283
  8792	-0.142846	-0.283	0.283
  8793	-0.111121	-0.283	0.283
  8794	-0.0800068	-0.283	0.283
  8795	-0.086045	-0.283	0.283
  8796	-0.124612	-0.283	0.283
  8797	-0.136848	-0.283	0.283
  8798	-0.125979	-0.283	0.283
  8799	-0.136532	-0.283	0.283
  8800	-0.124046	-0.283	0.283
  8801	-0.0938573	-0.283	0.283
  8802	-0.149793	-0.283	0.283
  8803	-0.148676	-0.283	0.283
  8804	-0.132527	-0.283	0.283
  8805	-0.136366	-0.283	0.283
  8806	-0.146656	-0.283	0.283
  8807	-0.12679	-0.283	0.283
  8808	-0.129226	-0.283	0.283
  8809	-0.106283	-0.283	0.283
  8810	-0.139193	-0.283	0.283
  8811	-0.119751	-0.283	0.283
  8812	-0.114458	-0.283	0.283
  8813	-0.0938861	-0.283	0.283
  8814	-0.129287	-0.283	0.283
  8815	-0.0885816	-0.283	0.283
  8816	-0.120504	-0.283	0.283
  8817	-0.141327	-0.283	0.283
  8818	-0.110877	-0.283	0.283
  8819	-0.145958	-0.283	0.283
  8820	-0.142591	-0.283	0.283
  8821	-0.111337	-0.283	0.283
  8822	-0.127041	-0.283	0.283
  8823	-0.118012	-0.283	0.283
  8824	-0.119236	-0.283	0.283
  8825	-0.123678	-0.283	0.283
  8826	-0.076555	-0.283	0.283
  8827	-0.127894	-0.283	0.283
  8828	-0.130686	-0.283	0.283
  8829	-0.12182	-0.283	0.283
  8830	-0.147998	-0.283	0.283
  8831	-0.130435	-0.283	0.283
  8832	-0.136564	-0.283	0.283
  8833	-0.138451	-0.283	0.283
  8834	-0.124062	-0.283	0.283
  8835	-0.131793	-0.283	0.283
  8836	-0.139656	-0.283	0.283
  8837	-0.140291	-0.283	0.283
  8838	-0.115073	-0.283	0.283
  8839	-0.139225	-0.283	0.283
  8840	-0.0939385	-0.283	0.283
  8841	-0.142336	-0.283	0.283
  8842	-0.139951	-0.283	0.283
  8843	-0.146494	-0.283	0.283
  8844	-0.142388	-0.283	0.283
  8845	-0.136078	-0.283	0.283
  8846	-0.119363	-0.283	0.283
  8847	-0.121329	-0.283	0.283
  8848	-0.117616	-0.283	0.283
  8849	-0.10768	-0.283	0.283
  8850	-0.094857	-0.283	0.283
  8851	-0.108406	-0.283	0.283
  8852	-0.14546	-0.283	0.283
  8853	-0.135101	-0.283	0.283
  8854	-0.141188	-0.283	0.283
  8855	-0.140986	-0.283	0.283
  8856	-0.11412	-0.283	0.283
  8857	-0.139219	-0.283	0.283
  8858	-0.0935987	-0.283	0.283
  8859	-0.142801	-0.283	0.283
  8860	-0.138977	-0.283	0.283
  8861	-0.134164	-0.283	0.283
  8862	-0.108058	-0.283	0.283
  8863	-0.131964	-0.283	0.283
  8864	-0.148033	-0.283	0.283
  8865	-0.14337	-0.283	0.283
  8866	-0.147857	-0.283	0.283
  8867	-0.140927	-0.283	0.283
  8868	-0.124488	-0.283	0.283
  8869	-0.123637	-0.283	0.283
  8870	-0.127996	-0.283	0.283
  8871	-0.144422	-0.283	0.283
  8872	-0.124256	-0.283	0.283
  8873	-0.147146	-0.283	0.283
  8874	-0.147798	-0.283	0.283
  8875	-0.10812	-0.283	0.283
  8876	-0.103381	-0.283	0.283
  8877	-0.105099	-0.283	0.283
  8878	-0.125578	-0.283	0.283
  8879	-0.148945	-0.283	0.283
  8880	-0.0715378	-0.283	0.283
  8881	-0.13231	-0.283	0.283
  8882	-0.148017	-0.283	0.283
  8883	-0.144777	-0.283	0.283
  8884	-0.137318	-0.283	0.283
  8885	-0.138002	-0.283	0.283
  8886	-0.0694329	-0.283	0.283
  8887	-0.109899	-0.283	0.283
  8888	-0.13426	-0.283	0.283
  8889	-0.0798031	-0.283	0.283
  8890	-0.137366	-0.283	0.283
  8891	-0.115181	-0.283	0.283
  8892	-0.135012	-0.283	0.283
  8893	-0.0912931	-0.283	0.283
  8894	-0.0967408	-0.283	0.283
  8895	-0.130602	-0.283	0.283
  8896	-0.111647	-0.283	0.283
  8897	-0.0996276	-0.283	0.283
  8898	-0.123048	-0.283	0.283
  8899	-0.135867	-0.283	0.283
  8900	-0.0839566	-0.283	0.283
  8901	-0.11562	-0.283	0.283
  8902	-0.110845	-0.283	0.283
  8903	-0.107805	-0.283	0.283
  8904	-0.148709	-0.283	0.283
  8905	-0.128875	-0.283	0.283
  8906	-0.108885	-0.283	0.283
  8907	-0.0900277	-0.283	0.283
  8908	-0.113744	-0.283	0.283
  8909	-0.137616	-0.283	0.283
  8910	-0.134835	-0.283	0.283
  8911	-0.140007	-0.283	0.283
  8912	-0.130086	-0.283	0.283
  8913	-0.10023	-0.283	0.283
  8914	-0.118732	-0.283	0.283
  8915	-0.148239	-0.283	0.283
  8916	-0.0823407	-0.283	0.283
  8917	-0.136431	-0.283	0.283
  8918	-0.120009	-0.283	0.283
  8919	-0.136154	-0.283	0.283
  8920	-0.150607	-0.283	0.283
  8921	-0.121917	-0.283	0.283
  8922	-0.148547	-0.283	0.283
  8923	-0.133138	-0.283	0.283
  8924	-0.151063	-0.283	0.283
  8925	-0.144137	-0.283	0.283
  8926	-0.137084	-0.283	0.283
  8927	-0.148858	-0.283	0.283
  8928	-0.0982681	-0.283	0.283
  8929	-0.112944	-0.283	0.283
  8930	-0.144036	-0.283	0.283
  8931	-0.124446	-0.283	0.283
  8932	-0.132656	-0.283	0.283
  8933	-0.146262	-0.283	0.283
  8934	-0.137729	-0.283	0.283
  8935	-0.116346	-0.283	0.283
  8936	-0.140014	-0.283	0.283
  8937	-0.141245	-0.283	0.283
  8938	-0.114551	-0.283	0.283
  8939	-0.115485	-0.283	0.283
  8940	-0.133705	-0.283	0.283
  8941	-0.147947	-0.283	0.283
  8942	-0.146558	-0.283	0.283
  8943	-0.125744	-0.283	0.283
  8944	-0.14457	-0.283	0.283
  8945	-0.104789	-0.283	0.283
  8946	-0.136787	-0.283	0.283
  8947	-0.109303	-0.283	0.283
  8948	-0.139404	-0.283	0.283
  8949	-0.125296	-0.283	0.283
  8950	-0.134569	-0.283	0.283
  8951	-0.126076	-0.283	0.283
  8952	-0.147667	-0.283	0.283
  8953	-0.145636	-0.283	0.283
  8954	-0.146566	-0.283	0.283
  8955	-0.132573	-0.283	0.283
  8956	-0.108771	-0.283	0.283
  8957	-0.0759408	-0.283	0.283
  8958	-0.0830243	-0.283	0.283
  8959	-0.137899	-0.283	0.283
  8960	-0.134171	-0.283	0.283
  8961	-0.124116	-0.283	0.283
  8962	-0.132906	-0.283	0.283
  8963	-0.13929	-0.283	0.283
  8964	-0.135239	-0.283	0.283
  8965	-0.124112	-0.283	0.283
  8966	-0.130554	-0.283	0.283
  8967	-0.12697	-0.283	0.283
  8968	-0.11276	-0.283	0.283
  8969	-0.118784	-0.283	0.283
  8970	-0.143239	-0.283	0.283
  8971	-0.149854	-0.283	0.283
  8972	-0.142352	-0.283	0.283
  8973	-0.141247	-0.283	0.283
  8974	-0.119639	-0.283	0.283
  8975	-0.141184	-0.283	0.283
  8976	-0.116375	-0.283	0.283
  8977	-0.136674	-0.283	0.283
  8978	-0.126282	-0.283	0.283
  8979	-0.117309	-0.283	0.283
  8980	-0.139993	-0.283	0.283
  8981	-0.145069	-0.283	0.283
  8982	-0.141411	-0.283	0.283
  8983	-0.132298	-0.283	0.283
  8984	-0.108554	-0.283	0.283
  8985	-0.127947	-0.283	0.283
  8986	-0.136953	-0.283	0.283
  8987	-0.131299	-0.283	0.283
  8988	-0.130443	-0.283	0.283
  8989	-0.146947	-0.283	0.283
  8990	-0.0934424	-0.283	0.283
  8991	-0.147164	-0.283	0.283
  8992	-0.142429	-0.283	0.283
  8993	-0.092451	-0.283	0.283
  8994	-0.13863	-0.283	0.283
  8995	-0.126733	-0.283	0.283
  8996	-0.109467	-0.283	0.283
  8997	-0.141197	-0.283	0.283
  8998	-0.134103	-0.283	0.283
  8999	-0.108139	-0.283	0.283
  9000	-0.091292	-0.283	0.283
  9001	-0.0928714	-0.283	0.283
  9002	-0.0991925	-0.283	0.283
  9003	-0.143652	-0.283	0.283
  9004	-0.0817491	-0.283	0.283
  9005	-0.148621	-0.283	0.283
  9006	-0.146232	-0.283	0.283
  9007	-0.118411	-0.283	0.283
  9008	-0.137652	-0.283	0.283
  9009	-0.102089	-0.283	0.283
  9010	-0.124927	-0.283	0.283
  9011	-0.129374	-0.283	0.283
  9012	-0.11635	-0.283	0.283
  9013	-0.128485	-0.283	0.283
  9014	-0.0958599	-0.283	0.283
  9015	-0.14257	-0.283	0.283
  9016	-0.114143	-0.283	0.283
  9017	-0.150373	-0.283	0.283
  9018	-0.139706	-0.283	0.283
  9019	-0.147099	-0.283	0.283
  9020	-0.146952	-0.283	0.283
  9021	-0.142682	-0.283	0.283
  9022	-0.0803577	-0.283	0.283
  9023	-0.127221	-0.283	0.283
  9024	-0.138506	-0.283	0.283
  9025	-0.114802	-0.283	0.283
  9026	-0.141163	-0.283	0.283
  9027	-0.142844	-0.283	0.283
  9028	-0.145657	-0.283	0.283
  9029	-0.144548	-0.283	0.283
  9030	-0.094143	-0.283	0.283
  9031	-0.127634	-0.283	0.283
  9032	-0.116067	-0.283	0.283
  9033	-0.131284	-0.283	0.283
  9034	-0.1161	-0.283	0.283
  9035	-0.127029	-0.283	0.283
  9036	-0.144931	-0.283	0.283
  9037	-0.143266	-0.283	0.283
  9038	-0.0737873	-0.283	0.283
  9039	-0.0943437	-0.283	0.283
  9040	-0.102626	-0.283	0.283
  9041	-0.123494	-0.283	0.283
  9042	-0.127504	-0.283	0.283
  9043	-0.102997	-0.283	0.283
  9044	-0.141772	-0.283	0.283
  9045	-0.104158	-0.283	0.283
  9046	-0.13528	-0.283	0.283
  9047	-0.0963196	-0.283	0.283
  9048	-0.0816112	-0.283	0.283
  9049	-0.146616	-0.283	0.283
  9050	-0.107246	-0.283	0.283
  9051	-0.128222	-0.283	0.283
  9052	-0.140508	-0.283	0.283
  9053	-0.146171	-0.283	0.283
  9054	-0.105383	-0.283	0.283
  9055	-0.132643	-0.283	0.283
  9056	-0.126575	-0.283	0.283
  9057	-0.120176	-0.283	0.283
  9058	-0.147093	-0.283	0.283
  9059	-0.13927	-0.283	0.283
  9060	-0.139535	-0.283	0.283
  9061	-0.0650644	-0.283	0.283
  9062	-0.148174	-0.283	0.283
  9063	-0.111036	-0.283	0.283
  9064	-0.147276	-0.283	0.283
  9065	-0.135641	-0.283	0.283
  9066	-0.117575	-0.283	0.283
  9067	-0.14624	-0.283	0.283
  9068	-0.130464	-0.283	0.283
  9069	-0.148045	-0.283	0.283
  9070	-0.0834995	-0.283	0.283
  9071	-0.118552	-0.283	0.283
  9072	-0.142575	-0.283	0.283
  9073	-0.119782	-0.283	0.283
  9074	-0.137287	-0.283	0.283
  9075	-0.0857221	-0.283	0.283
  9076	-0.143075	-0.283	0.283
  9077	-0.069051	-0.283	0.283
  9078	-0.142697	-0.283	0.283
  9079	-0.112672	-0.283	0.283
  9080	-0.15041	-0.283	0.283
  9081	-0.109328	-0.283	0.283
  9082	-0.142507	-0.283	0.283
  9083	-0.14378	-0.283	0.283
  9084	-0.114783	-0.283	0.283
  9085	-0.137914	-0.283	0.283
  9086	-0.149639	-0.283	0.283
  9087	-0.124145	-0.283	0.283
  9088	-0.146406	-0.283	0.283
  9089	-0.123394	-0.283	0.283
  9090	-0.130891	-0.283	0.283
  9091	-0.149008	-0.283	0.283
  9092	-0.11532	-0.283	0.283
  9093	-0.132725	-0.283	0.283
  9094	-0.132162	-0.283	0.283
  9095	-0.123349	-0.283	0.283
  9096	-0.126378	-0.283	0.283
  9097	-0.13357	-0.283	0.283
  9098	-0.14056	-0.283	0.283
  9099	-0.1403	-0.283	0.283
  9100	-0.147597	-0.283	0.283
  9101	-0.126928	-0.283	0.283
  9102	-0.143624	-0.283	0.283
  9103	-0.147193	-0.283	0.283
  9104	-0.117283	-0.283	0.283
  9105	-0.139887	-0.283	0.283
  9106	-0.0774382	-0.283	0.283
  9107	-0.141769	-0.283	0.283
  9108	-0.139745	-0.283	0.283
  9109	-0.139937	-0.283	0.283
  9110	-0.138083	-0.283	0.283
  9111	-0.102262	-0.283	0.283
  9112	-0.116364	-0.283	0.283
  9113	-0.138124	-0.283	0.283
  9114	-0.143065	-0.283	0.283
  9115	-0.130924	-0.283	0.283
  9116	-0.100227	-0.283	0.283
  9117	-0.14711	-0.283	0.283
  9118	-0.141594	-0.283	0.283
  9119	-0.134737	-0.283	0.283
  9120	-0.11736	-0.283	0.283
  9121	-0.127595	-0.283	0.283
  9122	-0.0788881	-0.283	0.283
  9123	-0.100674	-0.283	0.283
  9124	-0.124021	-0.283	0.283
  9125	-0.108745	-0.283	0.283
  9126	-0.144204	-0.283	0.283
  9127	-0.110189	-0.283	0.283
  9128	-0.136492	-0.283	0.283
  9129	-0.110251	-0.283	0.283
  9130	-0.131567	-0.283	0.283
  9131	-0.147522	-0.283	0.283
  9132	-0.148013	-0.283	0.283
  9133	-0.135673	-0.283	0.283
  9134	-0.123775	-0.283	0.283
  9135	-0.146402	-0.283	0.283
  9136	-0.136092	-0.283	0.283
  9137	-0.134301	-0.283	0.283
  9138	-0.117489	-0.283	0.283
  9139	-0.0963314	-0.283	0.283
  9140	-0.0992483	-0.283	0.283
  9141	-0.120525	-0.283	0.283
  9142	-0.147425	-0.283	0.283
  9143	-0.101858	-0.283	0.283
  9144	-0.126411	-0.283	0.283
  9145	-0.112321	-0.283	0.283
  9146	-0.138581	-0.283	0.283
  9147	-0.132805	-0.283	0.283
  9148	-0.0910772	-0.283	0.283
  9149	-0.0869169	-0.283	0.283
  9150	-0.107552	-0.283	0.283
  9151	-0.133329	-0.283	0.283
  9152	-0.147801	-0.283	0.283
  9153	-0.144947	-0.283	0.283
  9154	-0.150426	-0.283	0.283
  9155	-0.130778	-0.283	0.283
  9156	-0.140647	-0.283	0.283
  9157	-0.144504	-0.283	0.283
  9158	-0.117426	-0.283	0.283
  9159	-0.121586	-0.283	0.283
  9160	-0.118544	-0.283	0.283
  9161	-0.118457	-0.283	0.283
  9162	-0.104425	-0.283	0.283
  9163	-0.0789987	-0.283	0.283
  9164	-0.119036	-0.283	0.283
  9165	-0.12978	-0.283	0.283
  9166	-0.144309	-0.283	0.283
  9167	-0.112941	-0.283	0.283
  9168	-0.112806	-0.283	0.283
  9169	-0.135972	-0.283	0.283
  9170	-0.0940548	-0.283	0.283
  9171	-0.107664	-0.283	0.283
  9172	-0.13715	-0.283	0.283
  9173	-0.126266	-0.283	0.283
  9174	-0.138601	-0.283	0.283
  9175	-0.120051	-0.283	0.283
  9176	-0.0842057	-0.283	0.283
  9177	-0.145023	-0.283	0.283
  9178	-0.129774	-0.283	0.283
  9179	-0.130693	-0.283	0.283
  9180	-0.145238	-0.283	0.283
  9181	-0.0662324	-0.283	0.283
  9182	-0.126899	-0.283	0.283
  9183	-0.11942	-0.283	0.283
  9184	-0.140876	-0.283	0.283
  9185	-0.130322	-0.283	0.283
  9186	-0.139078	-0.283	0.283
  9187	-0.141213	-0.283	0.283
  9188	-0.11735	-0.283	0.283
  9189	-0.125181	-0.283	0.283
  9190	-0.0722064	-0.283	0.283
  9191	-0.14685	-0.283	0.283
  9192	-0.128181	-0.283	0.283
  9193	-0.110566	-0.283	0.283
  9194	-0.142277	-0.283	0.283
  9195	-0.12082	-0.283	0.283
  9196	-0.106426	-0.283	0.283
  9197	-0.144869	-0.283	0.283
  9198	-0.137826	-0.283	0.283
  9199	-0.14283	-0.283	0.283
  9200	-0.125497	-0.283	0.283
  9201	-0.143748	-0.283	0.283
  9202	-0.115359	-0.283	0.283
  9203	-0.113452	-0.283	0.283
  9204	-0.107907	-0.283	0.283
  9205	-0.144909	-0.283	0.283
  9206	-0.134996	-0.283	0.283
  9207	-0.14678	-0.283	0.283
  9208	-0.141086	-0.283	0.283
  9209	-0.148425	-0.283	0.283
  9210	-0.138338	-0.283	0.283
  9211	-0.141473	-0.283	0.283
  9212	-0.136716	-0.283	0.283
  9213	-0.135829	-0.283	0.283
  9214	-0.13184	-0.283	0.283
  9215	-0.142612	-0.283	0.283
  9216	-0.138395	-0.283	0.283
  9217	-0.119291	-0.283	0.283
  9218	-0.13147	-0.283	0.283
  9219	-0.12537	-0.283	0.283
  9220	-0.145509	-0.283	0.283
  9221	-0.136831	-0.283	0.283
  9222	-0.130794	-0.283	0.283
  9223	-0.1459	-0.283	0.283
  9224	-0.113419	-0.283	0.283
  9225	-0.148803	-0.283	0.283
  9226	-0.135213	-0.283	0.283
  9227	-0.120344	-0.283	0.283
  9228	-0.123532	-0.283	0.283
  9229	-0.116037	-0.283	0.283
  9230	-0.124741	-0.283	0.283
  9231	-0.14412	-0.283	0.283
  9232	-0.13699	-0.283	0.283
  9233	-0.114946	-0.283	0.283
  9234	-0.145615	-0.283	0.283
  9235	-0.128486	-0.283	0.283
  9236	-0.144859	-0.283	0.283
  9237	-0.105621	-0.283	0.283
  9238	-0.132213	-0.283	0.283
  9239	-0.113633	-0.283	0.283
  9240	-0.144163	-0.283	0.283
  9241	-0.133274	-0.283	0.283
  9242	-0.132478	-0.283	0.283
  9243	-0.122657	-0.283	0.283
  9244	-0.113491	-0.283	0.283
  9245	-0.147712	-0.283	0.283
  9246	-0.11163	-0.283	0.283
  9247	-0.140684	-0.283	0.283
  9248	-0.11633	-0.283	0.283
  9249	-0.145499	-0.283	0.283
  9250	-0.147158	-0.283	0.283
  9251	-0.127815	-0.283	0.283
  9252	-0.126671	-0.283	0.283
  9253	-0.127847	-0.283	0.283
  9254	-0.14811	-0.283	0.283
  9255	-0.117396	-0.283	0.283
  9256	-0.112697	-0.283	0.283
  9257	-0.13643	-0.283	0.283
  9258	-0.136451	-0.283	0.283
  9259	-0.142144	-0.283	0.283
  9260	-0.134889	-0.283	0.283
  9261	-0.132474	-0.283	0.283
  9262	-0.0928081	-0.283	0.283
  9263	-0.100338	-0.283	0.283
  9264	-0.145593	-0.283	0.283
  9265	-0.117527	-0.283	0.283
  9266	-0.130223	-0.283	0.283
  9267	-0.124943	-0.283	0.283
  9268	-0.130261	-0.283	0.283
  9269	-0.138925	-0.283	0.283
  9270	-0.134017	-0.283	0.283
  9271	-0.138814	-0.283	0.283
  9272	-0.1442	-0.283	0.283
  9273	-0.119262	-0.283	0.283
  9274	-0.119149	-0.283	0.283
  9275	-0.115614	-0.283	0.283
  9276	-0.125726	-0.283	0.283
  9277	-0.126896	-0.283	0.283
  9278	-0.148065	-0.283	0.283
  9279	-0.109768	-0.283	0.283
  9280	-0.0999276	-0.283	0.283
  9281	-0.129102	-0.283	0.283
  9282	-0.146908	-0.283	0.283
  9283	-0.146069	-0.283	0.283
  9284	-0.124967	-0.283	0.283
  9285	-0.101528	-0.283	0.283
  9286	-0.139861	-0.283	0.283
  9287	-0.130044	-0.283	0.283
  9288	-0.143309	-0.283	0.283
  9289	-0.143427	-0.283	0.283
  9290	-0.140435	-0.283	0.283
  9291	-0.145983	-0.283	0.283
  9292	-0.134069	-0.283	0.283
  9293	-0.112052	-0.283	0.283
  9294	-0.0910215	-0.283	0.283
  9295	-0.0978603	-0.283	0.283
  9296	-0.141446	-0.283	0.283
  9297	-0.14882	-0.283	0.283
  9298	-0.12613	-0.283	0.283
  9299	-0.135777	-0.283	0.283
  9300	-0.127543	-0.283	0.283
  9301	-0.111222	-0.283	0.283
  9302	-0.140735	-0.283	0.283
  9303	-0.137667	-0.283	0.283
  9304	-0.100745	-0.283	0.283
  9305	-0.110954	-0.283	0.283
  9306	-0.133856	-0.283	0.283
  9307	-0.148337	-0.283	0.283
  9308	-0.140167	-0.283	0.283
  9309	-0.137516	-0.283	0.283
  9310	-0.0940437	-0.283	0.283
  9311	-0.118477	-0.283	0.283
  9312	-0.149886	-0.283	0.283
  9313	-0.128418	-0.283	0.283
  9314	-0.129494	-0.283	0.283
  9315	-0.150705	-0.283	0.283
  9316	-0.133672	-0.283	0.283
  9317	-0.142988	-0.283	0.283
  9318	-0.127603	-0.283	0.283
  9319	-0.0919605	-0.283	0.283
  9320	-0.0956902	-0.283	0.283
  9321	-0.137633	-0.283	0.283
  9322	-0.108729	-0.283	0.283
  9323	-0.137893	-0.283	0.283
  9324	-0.112949	-0.283	0.283
  9325	-0.103784	-0.283	0.283
  9326	-0.0965582	-0.283	0.283
  9327	-0.140361	-0.283	0.283
  9328	-0.13313	-0.283	0.283
  9329	-0.1165	-0.283	0.283
  9330	-0.110092	-0.283	0.283
  9331	-0.119403	-0.283	0.283
  9332	-0.135461	-0.283	0.283
  9333	-0.11749	-0.283	0.283
  9334	-0.121766	-0.283	0.283
  9335	-0.150671	-0.283	0.283
  9336	-0.113947	-0.283	0.283
  9337	-0.144672	-0.283	0.283
  9338	-0.127887	-0.283	0.283
  9339	-0.118859	-0.283	0.283
  9340	-0.138819	-0.283	0.283
  9341	-0.132719	-0.283	0.283
  9342	-0.14639	-0.283	0.283
  9343	-0.142658	-0.283	0.283
  9344	-0.118299	-0.283	0.283
  9345	-0.121327	-0.283	0.283
  9346	-0.0933548	-0.283	0.283
  9347	-0.124915	-0.283	0.283
  9348	-0.147633	-0.283	0.283
  9349	-0.141024	-0.283	0.283
  9350	-0.139929	-0.283	0.283
  9351	-0.150002	-0.283	0.283
  9352	-0.138702	-0.283	0.283
  9353	-0.101351	-0.283	0.283
  9354	-0.113158	-0.283	0.283
  9355	-0.130575	-0.283	0.283
  9356	-0.0879325	-0.283	0.283
  9357	-0.13046	-0.283	0.283
  9358	-0.136677	-0.283	0.283
  9359	-0.133221	-0.283	0.283
  9360	-0.148125	-0.283	0.283
  9361	-0.141849	-0.283	0.283
  9362	-0.14045	-0.283	0.283
  9363	-0.111984	-0.283	0.283
  9364	-0.12149	-0.283	0.283
  9365	-0.129842	-0.283	0.283
  9366	-0.0836703	-0.283	0.283
  9367	-0.12812	-0.283	0.283
  9368	-0.140734	-0.283	0.283
  9369	-0.0826034	-0.283	0.283
  9370	-0.14156	-0.283	0.283
  9371	-0.143716	-0.283	0.283
  9372	-0.139179	-0.283	0.283
  9373	-0.09883	-0.283	0.283
  9374	-0.0988463	-0.283	0.283
  9375	-0.114707	-0.283	0.283
  9376	-0.149636	-0.283	0.283
  9377	-0.146669	-0.283	0.283
  9378	-0.106651	-0.283	0.283
  9379	-0.121276	-0.283	0.283
  9380	-0.128377	-0.283	0.283
  9381	-0.137546	-0.283	0.283
  9382	-0.148337	-0.283	0.283
  9383	-0.0990845	-0.283	0.283
  9384	-0.11663	-0.283	0.283
  9385	-0.123578	-0.283	0.283
  9386	-0.128337	-0.283	0.283
  9387	-0.136051	-0.283	0.283
  9388	-0.141642	-0.283	0.283
  9389	-0.144947	-0.283	0.283
  9390	-0.138409	-0.283	0.283
  9391	-0.135722	-0.283	0.283
  9392	-0.0725454	-0.283	0.283
  9393	-0.141644	-0.283	0.283
  9394	-0.0958219	-0.283	0.283
  9395	-0.13587	-0.283	0.283
  9396	-0.128994	-0.283	0.283
  9397	-0.137626	-0.283	0.283
  9398	-0.118395	-0.283	0.283
  9399	-0.120261	-0.283	0.283
  9400	-0.104877	-0.283	0.283
  9401	-0.101566	-0.283	0.283
  9402	-0.131453	-0.283	0.283
  9403	-0.114649	-0.283	0.283
  9404	-0.147398	-0.283	0.283
  9405	-0.115073	-0.283	0.283
  9406	-0.144317	-0.283	0.283
  9407	-0.116624	-0.283	0.283
  9408	-0.145428	-0.283	0.283
  9409	-0.113166	-0.283	0.283
  9410	-0.131606	-0.283	0.283
  9411	-0.112949	-0.283	0.283
  9412	-0.140525	-0.283	0.283
  9413	-0.100137	-0.283	0.283
  9414	-0.139596	-0.283	0.283
  9415	-0.131419	-0.283	0.283
  9416	-0.136345	-0.283	0.283
  9417	-0.121109	-0.283	0.283
  9418	-0.143964	-0.283	0.283
  9419	-0.130824	-0.283	0.283
  9420	-0.0984584	-0.283	0.283
  9421	-0.132673	-0.283	0.283
  9422	-0.140289	-0.283	0.283
  9423	-0.0991599	-0.283	0.283
  9424	-0.119889	-0.283	0.283
  9425	-0.147029	-0.283	0.283
  9426	-0.14597	-0.283	0.283
  9427	-0.114206	-0.283	0.283
  9428	-0.104849	-0.283	0.283
  9429	-0.135228	-0.283	0.283
  9430	-0.13121	-0.283	0.283
  9431	-0.144069	-0.283	0.283
  9432	-0.140104	-0.283	0.283
  9433	-0.11323	-0.283	0.283
  9434	-0.0865247	-0.283	0.283
  9435	-0.124374	-0.283	0.283
  9436	-0.149651	-0.283	0.283
  9437	-0.129649	-0.283	0.283
  9438	-0.144295	-0.283	0.283
  9439	-0.113855	-0.283	0.283
  9440	-0.134247	-0.283	0.283
  9441	-0.100294	-0.283	0.283
  9442	-0.1232	-0.283	0.283
  9443	-0.108421	-0.283	0.283
  9444	-0.0943935	-0.283	0.283
  9445	-0.137906	-0.283	0.283
  9446	-0.144805	-0.283	0.283
  9447	-0.13825	-0.283	0.283
  9448	-0.105025	-0.283	0.283
  9449	-0.140568	-0.283	0.283
  9450	-0.139308	-0.283	0.283
  9451	-0.0940578	-0.283	0.283
  9452	-0.116754	-0.283	0.283
  9453	-0.0897759	-0.283	0.283
  9454	-0.144045	-0.283	0.283
  9455	-0.147794	-0.283	0.283
  9456	-0.145402	-0.283	0.283
  9457	-0.138945	-0.283	0.283
  9458	-0.149402	-0.283	0.283
  9459	-0.136787	-0.283	0.283
  9460	-0.121111	-0.283	0.283
  9461	-0.0944736	-0.283	0.283
  9462	-0.132328	-0.283	0.283
  9463	-0.0693871	-0.283	0.283
  9464	-0.0981395	-0.283	0.283
  9465	-0.145551	-0.283	0.283
  9466	-0.117008	-0.283	0.283
  9467	-0.121354	-0.283	0.283
  9468	-0.125769	-0.283	0.283
  9469	-0.136353	-0.283	0.283
  9470	-0.140679	-0.283	0.283
  9471	-0.146142	-0.283	0.283
  9472	-0.124158	-0.283	0.283
  9473	-0.132546	-0.283	0.283
  9474	-0.123716	-0.283	0.283
  9475	-0.0957523	-0.283	0.283
  9476	-0.0770707	-0.283	0.283
  9477	-0.127363	-0.283	0.283
  9478	-0.138909	-0.283	0.283
  9479	-0.14562	-0.283	0.283
  9480	-0.130764	-0.283	0.283
  9481	-0.127539	-0.283	0.283
  9482	-0.0949992	-0.283	0.283
  9483	-0.135548	-0.283	0.283
  9484	-0.125467	-0.283	0.283
  9485	-0.0986879	-0.283	0.283
  9486	-0.136825	-0.283	0.283
  9487	-0.130759	-0.283	0.283
  9488	-0.125869	-0.283	0.283
  9489	-0.141555	-0.283	0.283
  9490	-0.119155	-0.283	0.283
  9491	-0.130374	-0.283	0.283
  9492	-0.123548	-0.283	0.283
  9493	-0.105637	-0.283	0.283
  9494	-0.126426	-0.283	0.283
  9495	-0.148092	-0.283	0.283
  9496	-0.125468	-0.283	0.283
  9497	-0.143971	-0.283	0.283
  9498	-0.14151	-0.283	0.283
  9499	-0.134592	-0.283	0.283
  9500	-0.142832	-0.283	0.283
  9501	-0.109579	-0.283	0.283
  9502	-0.13675	-0.283	0.283
  9503	-0.135317	-0.283	0.283
  9504	-0.144396	-0.283	0.283
  9505	-0.10971	-0.283	0.283
  9506	-0.128217	-0.283	0.283
  9507	-0.145374	-0.283	0.283
  9508	-0.0831658	-0.283	0.283
  9509	-0.105024	-0.283	0.283
  9510	-0.136587	-0.283	0.283
  9511	-0.149071	-0.283	0.283
  9512	-0.105172	-0.283	0.283
  9513	-0.142231	-0.283	0.283
  9514	-0.128562	-0.283	0.283
  9515	-0.124403	-0.283	0.283
  9516	-0.119662	-0.283	0.283
  9517	-0.125018	-0.283	0.283
  9518	-0.1484	-0.283	0.283
  9519	-0.122262	-0.283	0.283
  9520	-0.138509	-0.283	0.283
  9521	-0.150705	-0.283	0.283
  9522	-0.107287	-0.283	0.283
  9523	-0.0994122	-0.283	0.283
  9524	-0.136317	-0.283	0.283
  9525	-0.123301	-0.283	0.283
  9526	-0.105749	-0.283	0.283
  9527	-0.108469	-0.283	0.283
  9528	-0.123033	-0.283	0.283
  9529	-0.14587	-0.283	0.283
  9530	-0.136668	-0.283	0.283
  9531	-0.115477	-0.283	0.283
  9532	-0.147114	-0.283	0.283
  9533	-0.145096	-0.283	0.283
  9534	-0.13195	-0.283	0.283
  9535	-0.144522	-0.283	0.283
  9536	-0.142259	-0.283	0.283
  9537	-0.145263	-0.283	0.283
  9538	-0.126042	-0.283	0.283
  9539	-0.0884983	-0.283	0.283
  9540	-0.083581	-0.283	0.283
  9541	-0.122784	-0.283	0.283
  9542	-0.103318	-0.283	0.283
  9543	-0.149263	-0.283	0.283
  9544	-0.136424	-0.283	0.283
  9545	-0.130216	-0.283	0.283
  9546	-0.133187	-0.283	0.283
  9547	-0.144646	-0.283	0.283
  9548	-0.136266	-0.283	0.283
  9549	-0.131998	-0.283	0.283
  9550	-0.134559	-0.283	0.283
  9551	-0.122935	-0.283	0.283
  9552	-0.121288	-0.283	0.283
  9553	-0.12504	-0.283	0.283
  9554	-0.125487	-0.283	0.283
  9555	-0.121161	-0.283	0.283
  9556	-0.143461	-0.283	0.283
  9557	-0.126058	-0.283	0.283
  9558	-0.088037	-0.283	0.283
  9559	-0.148658	-0.283	0.283
  9560	-0.149716	-0.283	0.283
  9561	-0.142233	-0.283	0.283
  9562	-0.114556	-0.283	0.283
  9563	-0.0839284	-0.283	0.283
  9564	-0.119184	-0.283	0.283
  9565	-0.142752	-0.283	0.283
  9566	-0.142468	-0.283	0.283
  9567	-0.127403	-0.283	0.283
  9568	-0.135628	-0.283	0.283
  9569	-0.122811	-0.283	0.283
  9570	-0.0995462	-0.283	0.283
  9571	-0.111898	-0.283	0.283
  9572	-0.12645	-0.283	0.283
  9573	-0.135605	-0.283	0.283
  9574	-0.119036	-0.283	0.283
  9575	-0.138823	-0.283	0.283
  9576	-0.144279	-0.283	0.283
  9577	-0.137718	-0.283	0.283
  9578	-0.15053	-0.283	0.283
  9579	-0.143971	-0.283	0.283
  9580	-0.140432	-0.283	0.283
  9581	-0.149311	-0.283	0.283
  9582	-0.136728	-0.283	0.283
  9583	-0.0973441	-0.283	0.283
  9584	-0.118106	-0.283	0.283
  9585	-0.122823	-0.283	0.283
  9586	-0.146116	-0.283	0.283
  9587	-0.149424	-0.283	0.283
  9588	-0.134578	-0.283	0.283
  9589	-0.125928	-0.283	0.283
  9590	-0.140906	-0.283	0.283
  9591	-0.120777	-0.283	0.283
  9592	-0.126305	-0.283	0.283
  9593	-0.0955876	-0.283	0.283
  9594	-0.127567	-0.283	0.283
  9595	-0.111939	-0.283	0.283
  9596	-0.0898145	-0.283	0.283
  9597	-0.138911	-0.283	0.283
  9598	-0.146419	-0.283	0.283
  9599	-0.123979	-0.283	0.283
  9600	-0.121024	-0.283	0.283
  9601	-0.105741	-0.283	0.283
  9602	-0.135307	-0.283	0.283
  9603	-0.0788343	-0.283	0.283
  9604	-0.105987	-0.283	0.283
  9605	-0.123619	-0.283	0.283
  9606	-0.116119	-0.283	0.283
  9607	-0.132522	-0.283	0.283
  9608	-0.125951	-0.283	0.283
  9609	-0.140431	-0.283	0.283
  9610	-0.140709	-0.283	0.283
  9611	-0.125013	-0.283	0.283
  9612	-0.102251	-0.283	0.283
  9613	-0.102004	-0.283	0.283
  9614	-0.131542	-0.283	0.283
  9615	-0.148702	-0.283	0.283
  9616	-0.126972	-0.283	0.283
  9617	-0.0966365	-0.283	0.283
  9618	-0.131759	-0.283	0.283
  9619	-0.140735	-0.283	0.283
  9620	-0.151808	-0.283	0.283
  9621	-0.116935	-0.283	0.283
  9622	-0.137852	-0.283	0.283
  9623	-0.148866	-0.283	0.283
  9624	-0.142437	-0.283	0.283
  9625	-0.125528	-0.283	0.283
  9626	-0.136595	-0.283	0.283
  9627	-0.122903	-0.283	0.283
  9628	-0.1246	-0.283	0.283
  9629	-0.116584	-0.283	0.283
  9630	-0.133076	-0.283	0.283
  9631	-0.141699	-0.283	0.283
  9632	-0.146111	-0.283	0.283
  9633	-0.126764	-0.283	0.283
  9634	-0.142141	-0.283	0.283
  9635	-0.147781	-0.283	0.283
  9636	-0.132084	-0.283	0.283
  9637	-0.123439	-0.283	0.283
  9638	-0.112929	-0.283	0.283
  9639	-0.148571	-0.283	0.283
  9640	-0.111938	-0.283	0.283
  9641	-0.124449	-0.283	0.283
  9642	-0.120712	-0.283	0.283
  9643	-0.140872	-0.283	0.283
  9644	-0.148736	-0.283	0.283
  9645	-0.0980457	-0.283	0.283
  9646	-0.101623	-0.283	0.283
  9647	-0.10487	-0.283	0.283
  9648	-0.146938	-0.283	0.283
  9649	-0.113157	-0.283	0.283
  9650	-0.129089	-0.283	0.283
  9651	-0.119392	-0.283	0.283
  9652	-0.145335	-0.283	0.283
  9653	-0.105758	-0.283	0.283
  9654	-0.0984513	-0.283	0.283
  9655	-0.1383	-0.283	0.283
  9656	-0.121464	-0.283	0.283
  9657	-0.117248	-0.283	0.283
  9658	-0.137268	-0.283	0.283
  9659	-0.147855	-0.283	0.283
  9660	-0.136571	-0.283	0.283
  9661	-0.133537	-0.283	0.283
  9662	-0.135086	-0.283	0.283
  9663	-0.143251	-0.283	0.283
  9664	-0.0922063	-0.283	0.283
  9665	-0.147667	-0.283	0.283
  9666	-0.142239	-0.283	0.283
  9667	-0.146965	-0.283	0.283
  9668	-0.144461	-0.283	0.283
  9669	-0.1027	-0.283	0.283
  9670	-0.13272	-0.283	0.283
  9671	-0.131638	-0.283	0.283
  9672	-0.0970259	-0.283	0.283
  9673	-0.132834	-0.283	0.283
  9674	-0.127477	-0.283	0.283
  9675	-0.114023	-0.283	0.283
  9676	-0.128912	-0.283	0.283
  9677	-0.150183	-0.283	0.283
  9678	-0.126751	-0.283	0.283
  9679	-0.141162	-0.283	0.283
  9680	-0.125506	-0.283	0.283
  9681	-0.121519	-0.283	0.283
  9682	-0.148152	-0.283	0.283
  9683	-0.108983	-0.283	0.283
  9684	-0.118377	-0.283	0.283
  9685	-0.0951537	-0.283	0.283
  9686	-0.112425	-0.283	0.283
  9687	-0.11165	-0.283	0.283
  9688	-0.124336	-0.283	0.283
  9689	-0.111321	-0.283	0.283
  9690	-0.140072	-0.283	0.283
  9691	-0.148509	-0.283	0.283
  9692	-0.133869	-0.283	0.283
  9693	-0.144573	-0.283	0.283
  9694	-0.150231	-0.283	0.283
  9695	-0.101272	-0.283	0.283
  9696	-0.143555	-0.283	0.283
  9697	-0.144974	-0.283	0.283
  9698	-0.143721	-0.283	0.283
  9699	-0.144366	-0.283	0.283
  9700	-0.122827	-0.283	0.283
  9701	-0.144168	-0.283	0.283
  9702	-0.127894	-0.283	0.283
  9703	-0.115707	-0.283	0.283
  9704	-0.115494	-0.283	0.283
  9705	-0.14159	-0.283	0.283
  9706	-0.13342	-0.283	0.283
  9707	-0.102327	-0.283	0.283
  9708	-0.11491	-0.283	0.283
  9709	-0.11643	-0.283	0.283
  9710	-0.138	-0.283	0.283
  9711	-0.144737	-0.283	0.283
  9712	-0.122136	-0.283	0.283
  9713	-0.140319	-0.283	0.283
  9714	-0.11202	-0.283	0.283
  9715	-0.141869	-0.283	0.283
  9716	-0.140483	-0.283	0.283
  9717	-0.146215	-0.283	0.283
  9718	-0.130956	-0.283	0.283
  9719	-0.12141	-0.283	0.283
  9720	-0.135729	-0.283	0.283
  9721	-0.108551	-0.283	0.283
  9722	-0.122623	-0.283	0.283
  9723	-0.121451	-0.283	0.283
  9724	-0.138755	-0.283	0.283
  9725	-0.151913	-0.283	0.283
  9726	-0.134091	-0.283	0.283
  9727	-0.140687	-0.283	0.283
  9728	-0.142389	-0.283	0.283
  9729	-0.145089	-0.283	0.283
  9730	-0.139694	-0.283	0.283
  9731	-0.121459	-0.283	0.283
  9732	-0.132198	-0.283	0.283
  9733	-0.143345	-0.283	0.283
  9734	-0.133236	-0.283	0.283
  9735	-0.145724	-0.283	0.283
  9736	-0.140852	-0.283	0.283
  9737	-0.146109	-0.283	0.283
  9738	-0.134226	-0.283	0.283
  9739	-0.141131	-0.283	0.283
  9740	-0.0971913	-0.283	0.283
  9741	-0.144394	-0.283	0.283
  9742	-0.139844	-0.283	0.283
  9743	-0.116877	-0.283	0.283
  9744	-0.0774303	-0.283	0.283
  9745	-0.140614	-0.283	0.283
  9746	-0.118064	-0.283	0.283
  9747	-0.134988	-0.283	0.283
  9748	-0.137827	-0.283	0.283
  9749	-0.135727	-0.283	0.283
  9750	-0.141842	-0.283	0.283
  9751	-0.13565	-0.283	0.283
  9752	-0.131567	-0.283	0.283
  9753	-0.127646	-0.283	0.283
  9754	-0.0760575	-0.283	0.283
  9755	-0.136009	-0.283	0.283
  9756	-0.144776	-0.283	0.283
  9757	-0.137383	-0.283	0.283
  9758	-0.127808	-0.283	0.283
  9759	-0.125948	-0.283	0.283
  9760	-0.118544	-0.283	0.283
  9761	-0.132999	-0.283	0.283
  9762	-0.123942	-0.283	0.283
  9763	-0.124772	-0.283	0.283
  9764	-0.133255	-0.283	0.283
  9765	-0.12805	-0.283	0.283
  9766	-0.13586	-0.283	0.283
  9767	-0.149069	-0.283	0.283
  9768	-0.150363	-0.283	0.283
  9769	-0.121157	-0.283	0.283
  9770	-0.125286	-0.283	0.283
  9771	-0.116953	-0.283	0.283
  9772	-0.110619	-0.283	0.283
  9773	-0.135501	-0.283	0.283
  9774	-0.115439	-0.283	0.283
  9775	-0.121729	-0.283	0.283
  9776	-0.143233	-0.283	0.283
  9777	-0.146099	-0.283	0.283
  9778	-0.135527	-0.283	0.283
  9779	-0.139823	-0.283	0.283
  9780	-0.104915	-0.283	0.283
  9781	-0.113509	-0.283	0.283
  9782	-0.140117	-0.283	0.283
  9783	-0.116164	-0.283	0.283
  9784	-0.113288	-0.283	0.283
  9785	-0.130918	-0.283	0.283
  9786	-0.127782	-0.283	0.283
  9787	-0.147568	-0.283	0.283
  9788	-0.144535	-0.283	0.283
  9789	-0.139005	-0.283	0.283
  9790	-0.122861	-0.283	0.283
  9791	-0.135304	-0.283	0.283
  9792	-0.148016	-0.283	0.283
  9793	-0.0966594	-0.283	0.283
  9794	-0.125963	-0.283	0.283
  9795	-0.133871	-0.283	0.283
  9796	-0.140247	-0.283	0.283
  9797	-0.123756	-0.283	0.283
  9798	-0.142533	-0.283	0.283
  9799	-0.137275	-0.283	0.283
  9800	-0.110798	-0.283	0.283
  9801	-0.0970357	-0.283	0.283
  9802	-0.11438	-0.283	0.283
  9803	-0.121228	-0.283	0.283
  9804	-0.128629	-0.283	0.283
  9805	-0.144824	-0.283	0.283
  9806	-0.134862	-0.283	0.283
  9807	-0.132725	-0.283	0.283
  9808	-0.135937	-0.283	0.283
  9809	-0.145565	-0.283	0.283
  9810	-0.133302	-0.283	0.283
  9811	-0.136354	-0.283	0.283
  9812	-0.143466	-0.283	0.283
  9813	-0.113725	-0.283	0.283
  9814	-0.125746	-0.283	0.283
  9815	-0.141977	-0.283	0.283
  9816	-0.127671	-0.283	0.283
  9817	-0.126968	-0.283	0.283
  9818	-0.12244	-0.283	0.283
  9819	-0.136428	-0.283	0.283
  9820	-0.137934	-0.283	0.283
  9821	-0.0990388	-0.283	0.283
  9822	-0.141093	-0.283	0.283
  9823	-0.119167	-0.283	0.283
  9824	-0.126634	-0.283	0.283
  9825	-0.149661	-0.283	0.283
  9826	-0.117664	-0.283	0.283
  9827	-0.102934	-0.283	0.283
  9828	-0.141942	-0.283	0.283
  9829	-0.122624	-0.283	0.283
  9830	-0.148418	-0.283	0.283
  9831	-0.139043	-0.283	0.283
  9832	-0.0895021	-0.283	0.283
  9833	-0.123218	-0.283	0.283
  9834	-0.0650712	-0.283	0.283
  9835	-0.128857	-0.283	0.283
  9836	-0.129296	-0.283	0.283
  9837	-0.122418	-0.283	0.283
  9838	-0.14158	-0.283	0.283
  9839	-0.135228	-0.283	0.283
  9840	-0.133336	-0.283	0.283
  9841	-0.0959015	-0.283	0.283
  9842	-0.146423	-0.283	0.283
  9843	-0.129841	-0.283	0.283
  9844	-0.0943982	-0.283	0.283
  9845	-0.0995285	-0.283	0.283
  9846	-0.090756	-0.283	0.283
  9847	-0.131285	-0.283	0.283
  9848	-0.0740253	-0.283	0.283
  9849	-0.138562	-0.283	0.283
  9850	-0.120944	-0.283	0.283
  9851	-0.143491	-0.283	0.283
  9852	-0.136781	-0.283	0.283
  9853	-0.126747	-0.283	0.283
  9854	-0.12398	-0.283	0.283
  9855	-0.108389	-0.283	0.283
  9856	-0.145126	-0.283	0.283
  9857	-0.0941937	-0.283	0.283
  9858	-0.113788	-0.283	0.283
  9859	-0.126274	-0.283	0.283
  9860	-0.13192	-0.283	0.283
  9861	-0.0992127	-0.283	0.283
  9862	-0.0910219	-0.283	0.283
  9863	-0.132089	-0.283	0.283
  9864	-0.142288	-0.283	0.283
  9865	-0.108078	-0.283	0.283
  9866	-0.117019	-0.283	0.283
  9867	-0.139334	-0.283	0.283
  9868	-0.108583	-0.283	0.283
  9869	-0.140797	-0.283	0.283
  9870	-0.121436	-0.283	0.283
  9871	-0.11436	-0.283	0.283
  9872	-0.147771	-0.283	0.283
  9873	-0.145402	-0.283	0.283
  9874	-0.146404	-0.283	0.283
  9875	-0.142396	-0.283	0.283
  9876	-0.119803	-0.283	0.283
  9877	-0.131559	-0.283	0.283
  9878	-0.0834181	-0.283	0.283
  9879	-0.126822	-0.283	0.283
  9880	-0.125618	-0.283	0.283
  9881	-0.0969287	-0.283	0.283
  9882	-0.135432	-0.283	0.283
  9883	-0.122997	-0.283	0.283
  9884	-0.149508	-0.283	0.283
  9885	-0.110358	-0.283	0.283
  9886	-0.13536	-0.283	0.283
  9887	-0.148213	-0.283	0.283
  9888	-0.121283	-0.283	0.283
  9889	-0.128932	-0.283	0.283
  9890	-0.135751	-0.283	0.283
  9891	-0.120471	-0.283	0.283
  9892	-0.0716262	-0.283	0.283
  9893	-0.134002	-0.283	0.283
  9894	-0.0997799	-0.283	0.283
  9895	-0.126925	-0.283	0.283
  9896	-0.129343	-0.283	0.283
  9897	-0.135133	-0.283	0.283
  9898	-0.136135	-0.283	0.283
  9899	-0.142784	-0.283	0.283
  9900	-0.145821	-0.283	0.283
  9901	-0.133453	-0.283	0.283
  9902	-0.143712	-0.283	0.283
  9903	-0.150079	-0.283	0.283
  9904	-0.118562	-0.283	0.283
  9905	-0.124558	-0.283	0.283
  9906	-0.136739	-0.283	0.283
  9907	-0.137759	-0.283	0.283
  9908	-0.14296	-0.283	0.283
  9909	-0.117671	-0.283	0.283
  9910	-0.146274	-0.283	0.283
  9911	-0.123757	-0.283	0.283
  9912	-0.13279	-0.283	0.283
  9913	-0.117192	-0.283	0.283
  9914	-0.141771	-0.283	0.283
  9915	-0.1311	-0.283	0.283
  9916	-0.132725	-0.283	0.283
  9917	-0.140853	-0.283	0.283
  9918	-0.143731	-0.283	0.283
  9919	-0.133173	-0.283	0.283
  9920	-0.136782	-0.283	0.283
  9921	-0.122943	-0.283	0.283
  9922	-0.136611	-0.283	0.283
  9923	-0.116142	-0.283	0.283
  9924	-0.121623	-0.283	0.283
  9925	-0.111738	-0.283	0.283
  9926	-0.150643	-0.283	0.283
  9927	-0.126038	-0.283	0.283
  9928	-0.136149	-0.283	0.283
  9929	-0.116946	-0.283	0.283
  9930	-0.144182	-0.283	0.283
  9931	-0.137198	-0.283	0.283
  9932	-0.121548	-0.283	0.283
  9933	-0.11685	-0.283	0.283
  9934	-0.141295	-0.283	0.283
  9935	-0.10166	-0.283	0.283
  9936	-0.103089	-0.283	0.283
  9937	-0.142828	-0.283	0.283
  9938	-0.133524	-0.283	0.283
  9939	-0.135635	-0.283	0.283
  9940	-0.138454	-0.283	0.283
  9941	-0.0866715	-0.283	0.283
  9942	-0.106047	-0.283	0.283
  9943	-0.101401	-0.283	0.283
  9944	-0.139688	-0.283	0.283
  9945	-0.131041	-0.283	0.283
  9946	-0.134302	-0.283	0.283
  9947	-0.123554	-0.283	0.283
  9948	-0.0958501	-0.283	0.283
  9949	-0.131475	-0.283	0.283
  9950	-0.138914	-0.283	0.283
  9951	-0.119471	-0.283	0.283
  9952	-0.133347	-0.283	0.283
  9953	-0.134374	-0.283	0.283
  9954	-0.113001	-0.283	0.283
  9955	-0.125577	-0.283	0.283
  9956	-0.0970366	-0.283	0.283
  9957	-0.149323	-0.283	0.283
  9958	-0.135893	-0.283	0.283
  9959	-0.130806	-0.283	0.283
  9960	-0.143363	-0.283	0.283
  9961	-0.133774	-0.283	0.283
  9962	-0.120401	-0.283	0.283
  9963	-0.127823	-0.283	0.283
  9964	-0.148176	-0.283	0.283
  9965	-0.144853	-0.283	0.283
  9966	-0.135653	-0.283	0.283
  9967	-0.13337	-0.283	0.283
  9968	-0.132329	-0.283	0.283
  9969	-0.116993	-0.283	0.283
  9970	-0.125148	-0.283	0.283
  9971	-0.142625	-0.283	0.283
  9972	-0.121628	-0.283	0.283
  9973	-0.119888	-0.283	0.283
  9974	-0.114794	-0.283	0.283
  9975	-0.14137	-0.283	0.283
  9976	-0.133716	-0.283	0.283
  9977	-0.108724	-0.283	0.283
  9978	-0.14524	-0.283	0.283
  9979	-0.116836	-0.283	0.283
  9980	-0.134227	-0.283	0.283
  9981	-0.0820469	-0.283	0.283
  9982	-0.0889877	-0.283	0.283
  9983	-0.134146	-0.283	0.283
  9984	-0.147158	-0.283	0.283
  9985	-0.143214	-0.283	0.283
  9986	-0.143516	-0.283	0.283
  9987	-0.140271	-0.283	0.283
  9988	-0.10684	-0.283	0.283
  9989	-0.133197	-0.283	0.283
  9990	-0.115307	-0.283	0.283
  9991	-0.117608	-0.283	0.283
  9992	-0.146315	-0.283	0.283
  9993	-0.136108	-0.283	0.283
  9994	-0.121385	-0.283	0.283
  9995	-0.104697	-0.283	0.283
  9996	-0.12119	-0.283	0.283
  9997	-0.142205	-0.283	0.283
  9998	-0.136553	-0.283	0.283
  9999	-0.127503	-0.283	0.283
 10000	-0.0983861	-0.283	0.283