Measurement: SNMMAX
  step	MAX(0.707*V(v1)-0.707*V(v2))	FROM	TO
     1	0.211026	-0.424	0.424
     2	0.214091	-0.424	0.424
     3	0.205662	-0.424	0.424
     4	0.198291	-0.424	0.424
     5	0.198099	-0.424	0.424
     6	0.216393	-0.424	0.424
     7	0.160098	-0.424	0.424
     8	0.207819	-0.424	0.424
     9	0.203129	-0.424	0.424
    10	0.168874	-0.424	0.424
    11	0.207188	-0.424	0.424
    12	0.186396	-0.424	0.424
    13	0.191566	-0.424	0.424
    14	0.223212	-0.424	0.424
    15	0.170598	-0.424	0.424
    16	0.211421	-0.424	0.424
    17	0.153465	-0.424	0.424
    18	0.151852	-0.424	0.424
    19	0.22165	-0.424	0.424
    20	0.174964	-0.424	0.424
    21	0.185576	-0.424	0.424
    22	0.169127	-0.424	0.424
    23	0.196652	-0.424	0.424
    24	0.187309	-0.424	0.424
    25	0.174449	-0.424	0.424
    26	0.214525	-0.424	0.424
    27	0.197387	-0.424	0.424
    28	0.182644	-0.424	0.424
    29	0.153908	-0.424	0.424
    30	0.165979	-0.424	0.424
    31	0.212582	-0.424	0.424
    32	0.216724	-0.424	0.424
    33	0.170648	-0.424	0.424
    34	0.173847	-0.424	0.424
    35	0.207556	-0.424	0.424
    36	0.209674	-0.424	0.424
    37	0.221107	-0.424	0.424
    38	0.205273	-0.424	0.424
    39	0.19418	-0.424	0.424
    40	0.207047	-0.424	0.424
    41	0.173451	-0.424	0.424
    42	0.170949	-0.424	0.424
    43	0.176083	-0.424	0.424
    44	0.207212	-0.424	0.424
    45	0.200751	-0.424	0.424
    46	0.200555	-0.424	0.424
    47	0.214194	-0.424	0.424
    48	0.210666	-0.424	0.424
    49	0.220406	-0.424	0.424
    50	0.219442	-0.424	0.424
    51	0.212208	-0.424	0.424
    52	0.188873	-0.424	0.424
    53	0.15417	-0.424	0.424
    54	0.201224	-0.424	0.424
    55	0.189954	-0.424	0.424
    56	0.199072	-0.424	0.424
    57	0.184775	-0.424	0.424
    58	0.194825	-0.424	0.424
    59	0.138484	-0.424	0.424
    60	0.200845	-0.424	0.424
    61	0.173728	-0.424	0.424
    62	0.205885	-0.424	0.424
    63	0.208126	-0.424	0.424
    64	0.203339	-0.424	0.424
    65	0.196493	-0.424	0.424
    66	0.149536	-0.424	0.424
    67	0.146925	-0.424	0.424
    68	0.154456	-0.424	0.424
    69	0.191021	-0.424	0.424
    70	0.221007	-0.424	0.424
    71	0.199851	-0.424	0.424
    72	0.208933	-0.424	0.424
    73	0.204861	-0.424	0.424
    74	0.210208	-0.424	0.424
    75	0.209867	-0.424	0.424
    76	0.221281	-0.424	0.424
    77	0.230934	-0.424	0.424
    78	0.209082	-0.424	0.424
    79	0.200448	-0.424	0.424
    80	0.167103	-0.424	0.424
    81	0.192212	-0.424	0.424
    82	0.201919	-0.424	0.424
    83	0.217109	-0.424	0.424
    84	0.188897	-0.424	0.424
    85	0.137017	-0.424	0.424
    86	0.192783	-0.424	0.424
    87	0.179688	-0.424	0.424
    88	0.169053	-0.424	0.424
    89	0.17362	-0.424	0.424
    90	0.205636	-0.424	0.424
    91	0.219748	-0.424	0.424
    92	0.19371	-0.424	0.424
    93	0.202815	-0.424	0.424
    94	0.227614	-0.424	0.424
    95	0.211249	-0.424	0.424
    96	0.204715	-0.424	0.424
    97	0.199964	-0.424	0.424
    98	0.221769	-0.424	0.424
    99	0.205526	-0.424	0.424
   100	0.206291	-0.424	0.424
   101	0.198936	-0.424	0.424
   102	0.209139	-0.424	0.424
   103	0.214769	-0.424	0.424
   104	0.20073	-0.424	0.424
   105	0.146273	-0.424	0.424
   106	0.197525	-0.424	0.424
   107	0.19473	-0.424	0.424
   108	0.199403	-0.424	0.424
   109	0.19342	-0.424	0.424
   110	0.221482	-0.424	0.424
   111	0.219316	-0.424	0.424
   112	0.20143	-0.424	0.424
   113	0.219136	-0.424	0.424
   114	0.193278	-0.424	0.424
   115	0.207607	-0.424	0.424
   116	0.190541	-0.424	0.424
   117	0.220997	-0.424	0.424
   118	0.184823	-0.424	0.424
   119	0.20926	-0.424	0.424
   120	0.2049	-0.424	0.424
   121	0.186883	-0.424	0.424
   122	0.218499	-0.424	0.424
   123	0.205458	-0.424	0.424
   124	0.20465	-0.424	0.424
   125	0.20481	-0.424	0.424
   126	0.189428	-0.424	0.424
   127	0.178071	-0.424	0.424
   128	0.191338	-0.424	0.424
   129	0.205211	-0.424	0.424
   130	0.16992	-0.424	0.424
   131	0.186614	-0.424	0.424
   132	0.202749	-0.424	0.424
   133	0.201133	-0.424	0.424
   134	0.218304	-0.424	0.424
   135	0.184159	-0.424	0.424
   136	0.215627	-0.424	0.424
   137	0.1655	-0.424	0.424
   138	0.177512	-0.424	0.424
   139	0.215352	-0.424	0.424
   140	0.165054	-0.424	0.424
   141	0.186065	-0.424	0.424
   142	0.212283	-0.424	0.424
   143	0.212678	-0.424	0.424
   144	0.216399	-0.424	0.424
   145	0.220858	-0.424	0.424
   146	0.189266	-0.424	0.424
   147	0.171739	-0.424	0.424
   148	0.168837	-0.424	0.424
   149	0.229782	-0.424	0.424
   150	0.195204	-0.424	0.424
   151	0.205185	-0.424	0.424
   152	0.213881	-0.424	0.424
   153	0.205525	-0.424	0.424
   154	0.181791	-0.424	0.424
   155	0.176665	-0.424	0.424
   156	0.213887	-0.424	0.424
   157	0.199223	-0.424	0.424
   158	0.199947	-0.424	0.424
   159	0.193111	-0.424	0.424
   160	0.208922	-0.424	0.424
   161	0.170714	-0.424	0.424
   162	0.198901	-0.424	0.424
   163	0.20086	-0.424	0.424
   164	0.20884	-0.424	0.424
   165	0.159936	-0.424	0.424
   166	0.207879	-0.424	0.424
   167	0.215479	-0.424	0.424
   168	0.2067	-0.424	0.424
   169	0.21258	-0.424	0.424
   170	0.216791	-0.424	0.424
   171	0.201932	-0.424	0.424
   172	0.193506	-0.424	0.424
   173	0.186815	-0.424	0.424
   174	0.211043	-0.424	0.424
   175	0.163671	-0.424	0.424
   176	0.178036	-0.424	0.424
   177	0.18348	-0.424	0.424
   178	0.205107	-0.424	0.424
   179	0.183524	-0.424	0.424
   180	0.195532	-0.424	0.424
   181	0.181179	-0.424	0.424
   182	0.200391	-0.424	0.424
   183	0.206886	-0.424	0.424
   184	0.224	-0.424	0.424
   185	0.166937	-0.424	0.424
   186	0.192255	-0.424	0.424
   187	0.170812	-0.424	0.424
   188	0.197242	-0.424	0.424
   189	0.22174	-0.424	0.424
   190	0.177927	-0.424	0.424
   191	0.229897	-0.424	0.424
   192	0.207554	-0.424	0.424
   193	0.187233	-0.424	0.424
   194	0.193086	-0.424	0.424
   195	0.195894	-0.424	0.424
   196	0.179669	-0.424	0.424
   197	0.22059	-0.424	0.424
   198	0.199962	-0.424	0.424
   199	0.183887	-0.424	0.424
   200	0.186342	-0.424	0.424
   201	0.198715	-0.424	0.424
   202	0.174195	-0.424	0.424
   203	0.214364	-0.424	0.424
   204	0.196779	-0.424	0.424
   205	0.216201	-0.424	0.424
   206	0.208865	-0.424	0.424
   207	0.196471	-0.424	0.424
   208	0.165993	-0.424	0.424
   209	0.180493	-0.424	0.424
   210	0.185116	-0.424	0.424
   211	0.200661	-0.424	0.424
   212	0.176293	-0.424	0.424
   213	0.18252	-0.424	0.424
   214	0.190696	-0.424	0.424
   215	0.226599	-0.424	0.424
   216	0.186177	-0.424	0.424
   217	0.199331	-0.424	0.424
   218	0.205636	-0.424	0.424
   219	0.174607	-0.424	0.424
   220	0.195605	-0.424	0.424
   221	0.214694	-0.424	0.424
   222	0.213543	-0.424	0.424
   223	0.229006	-0.424	0.424
   224	0.214946	-0.424	0.424
   225	0.210282	-0.424	0.424
   226	0.168957	-0.424	0.424
   227	0.18926	-0.424	0.424
   228	0.199456	-0.424	0.424
   229	0.169567	-0.424	0.424
   230	0.187623	-0.424	0.424
   231	0.210035	-0.424	0.424
   232	0.218392	-0.424	0.424
   233	0.199554	-0.424	0.424
   234	0.205015	-0.424	0.424
   235	0.196436	-0.424	0.424
   236	0.178848	-0.424	0.424
   237	0.213342	-0.424	0.424
   238	0.150151	-0.424	0.424
   239	0.205182	-0.424	0.424
   240	0.186912	-0.424	0.424
   241	0.200793	-0.424	0.424
   242	0.173982	-0.424	0.424
   243	0.211845	-0.424	0.424
   244	0.165808	-0.424	0.424
   245	0.191735	-0.424	0.424
   246	0.176871	-0.424	0.424
   247	0.185762	-0.424	0.424
   248	0.219439	-0.424	0.424
   249	0.209895	-0.424	0.424
   250	0.212632	-0.424	0.424
   251	0.20203	-0.424	0.424
   252	0.171112	-0.424	0.424
   253	0.163072	-0.424	0.424
   254	0.168811	-0.424	0.424
   255	0.227331	-0.424	0.424
   256	0.166378	-0.424	0.424
   257	0.208896	-0.424	0.424
   258	0.181887	-0.424	0.424
   259	0.201516	-0.424	0.424
   260	0.170296	-0.424	0.424
   261	0.193908	-0.424	0.424
   262	0.199389	-0.424	0.424
   263	0.221848	-0.424	0.424
   264	0.20736	-0.424	0.424
   265	0.189654	-0.424	0.424
   266	0.197962	-0.424	0.424
   267	0.208369	-0.424	0.424
   268	0.188289	-0.424	0.424
   269	0.202852	-0.424	0.424
   270	0.195434	-0.424	0.424
   271	0.181981	-0.424	0.424
   272	0.192435	-0.424	0.424
   273	0.196194	-0.424	0.424
   274	0.215377	-0.424	0.424
   275	0.221527	-0.424	0.424
   276	0.222319	-0.424	0.424
   277	0.221044	-0.424	0.424
   278	0.200461	-0.424	0.424
   279	0.20897	-0.424	0.424
   280	0.211302	-0.424	0.424
   281	0.200947	-0.424	0.424
   282	0.214079	-0.424	0.424
   283	0.160582	-0.424	0.424
   284	0.226912	-0.424	0.424
   285	0.188445	-0.424	0.424
   286	0.204006	-0.424	0.424
   287	0.205102	-0.424	0.424
   288	0.188355	-0.424	0.424
   289	0.215027	-0.424	0.424
   290	0.204225	-0.424	0.424
   291	0.170926	-0.424	0.424
   292	0.217654	-0.424	0.424
   293	0.21703	-0.424	0.424
   294	0.208013	-0.424	0.424
   295	0.163229	-0.424	0.424
   296	0.215934	-0.424	0.424
   297	0.196227	-0.424	0.424
   298	0.199677	-0.424	0.424
   299	0.197611	-0.424	0.424
   300	0.189902	-0.424	0.424
   301	0.21533	-0.424	0.424
   302	0.195218	-0.424	0.424
   303	0.200873	-0.424	0.424
   304	0.196659	-0.424	0.424
   305	0.19005	-0.424	0.424
   306	0.222908	-0.424	0.424
   307	0.224554	-0.424	0.424
   308	0.203878	-0.424	0.424
   309	0.196692	-0.424	0.424
   310	0.193601	-0.424	0.424
   311	0.185481	-0.424	0.424
   312	0.186166	-0.424	0.424
   313	0.202735	-0.424	0.424
   314	0.20224	-0.424	0.424
   315	0.185415	-0.424	0.424
   316	0.217713	-0.424	0.424
   317	0.192506	-0.424	0.424
   318	0.194072	-0.424	0.424
   319	0.221829	-0.424	0.424
   320	0.191338	-0.424	0.424
   321	0.199898	-0.424	0.424
   322	0.204801	-0.424	0.424
   323	0.197961	-0.424	0.424
   324	0.192108	-0.424	0.424
   325	0.174344	-0.424	0.424
   326	0.185961	-0.424	0.424
   327	0.194935	-0.424	0.424
   328	0.188543	-0.424	0.424
   329	0.201372	-0.424	0.424
   330	0.206951	-0.424	0.424
   331	0.161067	-0.424	0.424
   332	0.20172	-0.424	0.424
   333	0.191511	-0.424	0.424
   334	0.219449	-0.424	0.424
   335	0.179667	-0.424	0.424
   336	0.193682	-0.424	0.424
   337	0.204654	-0.424	0.424
   338	0.193477	-0.424	0.424
   339	0.214011	-0.424	0.424
   340	0.195776	-0.424	0.424
   341	0.185438	-0.424	0.424
   342	0.18486	-0.424	0.424
   343	0.203516	-0.424	0.424
   344	0.149383	-0.424	0.424
   345	0.21546	-0.424	0.424
   346	0.179636	-0.424	0.424
   347	0.179575	-0.424	0.424
   348	0.15697	-0.424	0.424
   349	0.221009	-0.424	0.424
   350	0.18986	-0.424	0.424
   351	0.174628	-0.424	0.424
   352	0.203821	-0.424	0.424
   353	0.197261	-0.424	0.424
   354	0.175687	-0.424	0.424
   355	0.200442	-0.424	0.424
   356	0.203994	-0.424	0.424
   357	0.166952	-0.424	0.424
   358	0.192295	-0.424	0.424
   359	0.22533	-0.424	0.424
   360	0.208647	-0.424	0.424
   361	0.213049	-0.424	0.424
   362	0.164246	-0.424	0.424
   363	0.183369	-0.424	0.424
   364	0.195421	-0.424	0.424
   365	0.219713	-0.424	0.424
   366	0.213187	-0.424	0.424
   367	0.172783	-0.424	0.424
   368	0.16989	-0.424	0.424
   369	0.189129	-0.424	0.424
   370	0.209969	-0.424	0.424
   371	0.206722	-0.424	0.424
   372	0.195888	-0.424	0.424
   373	0.219066	-0.424	0.424
   374	0.170367	-0.424	0.424
   375	0.208965	-0.424	0.424
   376	0.197604	-0.424	0.424
   377	0.194123	-0.424	0.424
   378	0.17572	-0.424	0.424
   379	0.172701	-0.424	0.424
   380	0.198701	-0.424	0.424
   381	0.210976	-0.424	0.424
   382	0.202901	-0.424	0.424
   383	0.196286	-0.424	0.424
   384	0.199468	-0.424	0.424
   385	0.203874	-0.424	0.424
   386	0.20416	-0.424	0.424
   387	0.17328	-0.424	0.424
   388	0.195524	-0.424	0.424
   389	0.182968	-0.424	0.424
   390	0.221997	-0.424	0.424
   391	0.220448	-0.424	0.424
   392	0.196513	-0.424	0.424
   393	0.221109	-0.424	0.424
   394	0.175387	-0.424	0.424
   395	0.189253	-0.424	0.424
   396	0.189804	-0.424	0.424
   397	0.220463	-0.424	0.424
   398	0.201627	-0.424	0.424
   399	0.226207	-0.424	0.424
   400	0.126879	-0.424	0.424
   401	0.196711	-0.424	0.424
   402	0.199723	-0.424	0.424
   403	0.205643	-0.424	0.424
   404	0.19692	-0.424	0.424
   405	0.210169	-0.424	0.424
   406	0.188362	-0.424	0.424
   407	0.205889	-0.424	0.424
   408	0.191013	-0.424	0.424
   409	0.188129	-0.424	0.424
   410	0.214063	-0.424	0.424
   411	0.210101	-0.424	0.424
   412	0.200024	-0.424	0.424
   413	0.218945	-0.424	0.424
   414	0.191736	-0.424	0.424
   415	0.214297	-0.424	0.424
   416	0.211453	-0.424	0.424
   417	0.227304	-0.424	0.424
   418	0.19763	-0.424	0.424
   419	0.155145	-0.424	0.424
   420	0.194722	-0.424	0.424
   421	0.217666	-0.424	0.424
   422	0.225988	-0.424	0.424
   423	0.175703	-0.424	0.424
   424	0.205753	-0.424	0.424
   425	0.197884	-0.424	0.424
   426	0.180363	-0.424	0.424
   427	0.152661	-0.424	0.424
   428	0.197844	-0.424	0.424
   429	0.206362	-0.424	0.424
   430	0.206301	-0.424	0.424
   431	0.165847	-0.424	0.424
   432	0.169781	-0.424	0.424
   433	0.216913	-0.424	0.424
   434	0.20011	-0.424	0.424
   435	0.186905	-0.424	0.424
   436	0.184133	-0.424	0.424
   437	0.206016	-0.424	0.424
   438	0.2117	-0.424	0.424
   439	0.194023	-0.424	0.424
   440	0.181123	-0.424	0.424
   441	0.219639	-0.424	0.424
   442	0.200593	-0.424	0.424
   443	0.198191	-0.424	0.424
   444	0.204134	-0.424	0.424
   445	0.205195	-0.424	0.424
   446	0.203609	-0.424	0.424
   447	0.223104	-0.424	0.424
   448	0.216846	-0.424	0.424
   449	0.179769	-0.424	0.424
   450	0.17932	-0.424	0.424
   451	0.215328	-0.424	0.424
   452	0.190701	-0.424	0.424
   453	0.181861	-0.424	0.424
   454	0.18627	-0.424	0.424
   455	0.205921	-0.424	0.424
   456	0.186045	-0.424	0.424
   457	0.174801	-0.424	0.424
   458	0.19712	-0.424	0.424
   459	0.217836	-0.424	0.424
   460	0.179815	-0.424	0.424
   461	0.182325	-0.424	0.424
   462	0.217174	-0.424	0.424
   463	0.221121	-0.424	0.424
   464	0.221121	-0.424	0.424
   465	0.206318	-0.424	0.424
   466	0.219774	-0.424	0.424
   467	0.20536	-0.424	0.424
   468	0.198469	-0.424	0.424
   469	0.209013	-0.424	0.424
   470	0.204567	-0.424	0.424
   471	0.196053	-0.424	0.424
   472	0.227105	-0.424	0.424
   473	0.187874	-0.424	0.424
   474	0.22176	-0.424	0.424
   475	0.20957	-0.424	0.424
   476	0.181098	-0.424	0.424
   477	0.208917	-0.424	0.424
   478	0.197238	-0.424	0.424
   479	0.212661	-0.424	0.424
   480	0.186316	-0.424	0.424
   481	0.187462	-0.424	0.424
   482	0.209025	-0.424	0.424
   483	0.146738	-0.424	0.424
   484	0.223414	-0.424	0.424
   485	0.197178	-0.424	0.424
   486	0.207995	-0.424	0.424
   487	0.190032	-0.424	0.424
   488	0.182274	-0.424	0.424
   489	0.181411	-0.424	0.424
   490	0.196154	-0.424	0.424
   491	0.212002	-0.424	0.424
   492	0.211246	-0.424	0.424
   493	0.168472	-0.424	0.424
   494	0.194165	-0.424	0.424
   495	0.194491	-0.424	0.424
   496	0.228864	-0.424	0.424
   497	0.217566	-0.424	0.424
   498	0.195877	-0.424	0.424
   499	0.197253	-0.424	0.424
   500	0.211733	-0.424	0.424
   501	0.203958	-0.424	0.424
   502	0.185736	-0.424	0.424
   503	0.208237	-0.424	0.424
   504	0.229865	-0.424	0.424
   505	0.192269	-0.424	0.424
   506	0.198263	-0.424	0.424
   507	0.179563	-0.424	0.424
   508	0.18337	-0.424	0.424
   509	0.214463	-0.424	0.424
   510	0.185353	-0.424	0.424
   511	0.15471	-0.424	0.424
   512	0.198356	-0.424	0.424
   513	0.17836	-0.424	0.424
   514	0.209986	-0.424	0.424
   515	0.194022	-0.424	0.424
   516	0.1969	-0.424	0.424
   517	0.21236	-0.424	0.424
   518	0.191788	-0.424	0.424
   519	0.163741	-0.424	0.424
   520	0.191137	-0.424	0.424
   521	0.216471	-0.424	0.424
   522	0.146227	-0.424	0.424
   523	0.200345	-0.424	0.424
   524	0.179176	-0.424	0.424
   525	0.157963	-0.424	0.424
   526	0.175629	-0.424	0.424
   527	0.191183	-0.424	0.424
   528	0.202062	-0.424	0.424
   529	0.200755	-0.424	0.424
   530	0.18929	-0.424	0.424
   531	0.184231	-0.424	0.424
   532	0.204718	-0.424	0.424
   533	0.213626	-0.424	0.424
   534	0.206198	-0.424	0.424
   535	0.220681	-0.424	0.424
   536	0.199203	-0.424	0.424
   537	0.201347	-0.424	0.424
   538	0.18902	-0.424	0.424
   539	0.17307	-0.424	0.424
   540	0.190187	-0.424	0.424
   541	0.171017	-0.424	0.424
   542	0.208488	-0.424	0.424
   543	0.171051	-0.424	0.424
   544	0.1808	-0.424	0.424
   545	0.202298	-0.424	0.424
   546	0.180705	-0.424	0.424
   547	0.207207	-0.424	0.424
   548	0.147396	-0.424	0.424
   549	0.20696	-0.424	0.424
   550	0.223832	-0.424	0.424
   551	0.213395	-0.424	0.424
   552	0.189862	-0.424	0.424
   553	0.208854	-0.424	0.424
   554	0.199759	-0.424	0.424
   555	0.16932	-0.424	0.424
   556	0.169094	-0.424	0.424
   557	0.225822	-0.424	0.424
   558	0.198382	-0.424	0.424
   559	0.190887	-0.424	0.424
   560	0.214663	-0.424	0.424
   561	0.201395	-0.424	0.424
   562	0.206956	-0.424	0.424
   563	0.165386	-0.424	0.424
   564	0.21764	-0.424	0.424
   565	0.212239	-0.424	0.424
   566	0.185074	-0.424	0.424
   567	0.225583	-0.424	0.424
   568	0.191223	-0.424	0.424
   569	0.224495	-0.424	0.424
   570	0.203787	-0.424	0.424
   571	0.211822	-0.424	0.424
   572	0.201074	-0.424	0.424
   573	0.170016	-0.424	0.424
   574	0.210249	-0.424	0.424
   575	0.194529	-0.424	0.424
   576	0.160791	-0.424	0.424
   577	0.192235	-0.424	0.424
   578	0.187707	-0.424	0.424
   579	0.230444	-0.424	0.424
   580	0.193727	-0.424	0.424
   581	0.224441	-0.424	0.424
   582	0.211583	-0.424	0.424
   583	0.151559	-0.424	0.424
   584	0.202518	-0.424	0.424
   585	0.190781	-0.424	0.424
   586	0.190173	-0.424	0.424
   587	0.211507	-0.424	0.424
   588	0.180553	-0.424	0.424
   589	0.179898	-0.424	0.424
   590	0.214573	-0.424	0.424
   591	0.172062	-0.424	0.424
   592	0.215742	-0.424	0.424
   593	0.15198	-0.424	0.424
   594	0.224917	-0.424	0.424
   595	0.219892	-0.424	0.424
   596	0.218977	-0.424	0.424
   597	0.150461	-0.424	0.424
   598	0.216348	-0.424	0.424
   599	0.18873	-0.424	0.424
   600	0.226973	-0.424	0.424
   601	0.223309	-0.424	0.424
   602	0.187647	-0.424	0.424
   603	0.22737	-0.424	0.424
   604	0.179498	-0.424	0.424
   605	0.215443	-0.424	0.424
   606	0.204437	-0.424	0.424
   607	0.198768	-0.424	0.424
   608	0.20906	-0.424	0.424
   609	0.16311	-0.424	0.424
   610	0.197397	-0.424	0.424
   611	0.210193	-0.424	0.424
   612	0.137968	-0.424	0.424
   613	0.204102	-0.424	0.424
   614	0.200977	-0.424	0.424
   615	0.193251	-0.424	0.424
   616	0.192256	-0.424	0.424
   617	0.203202	-0.424	0.424
   618	0.202131	-0.424	0.424
   619	0.152266	-0.424	0.424
   620	0.207467	-0.424	0.424
   621	0.207051	-0.424	0.424
   622	0.184815	-0.424	0.424
   623	0.169997	-0.424	0.424
   624	0.189299	-0.424	0.424
   625	0.213962	-0.424	0.424
   626	0.215665	-0.424	0.424
   627	0.186293	-0.424	0.424
   628	0.198116	-0.424	0.424
   629	0.156316	-0.424	0.424
   630	0.153445	-0.424	0.424
   631	0.177641	-0.424	0.424
   632	0.193048	-0.424	0.424
   633	0.211641	-0.424	0.424
   634	0.210102	-0.424	0.424
   635	0.13763	-0.424	0.424
   636	0.204511	-0.424	0.424
   637	0.18555	-0.424	0.424
   638	0.218733	-0.424	0.424
   639	0.220073	-0.424	0.424
   640	0.201615	-0.424	0.424
   641	0.190995	-0.424	0.424
   642	0.173897	-0.424	0.424
   643	0.195788	-0.424	0.424
   644	0.192666	-0.424	0.424
   645	0.224277	-0.424	0.424
   646	0.170539	-0.424	0.424
   647	0.199822	-0.424	0.424
   648	0.192375	-0.424	0.424
   649	0.16543	-0.424	0.424
   650	0.198445	-0.424	0.424
   651	0.21251	-0.424	0.424
   652	0.17527	-0.424	0.424
   653	0.216438	-0.424	0.424
   654	0.202447	-0.424	0.424
   655	0.163907	-0.424	0.424
   656	0.195396	-0.424	0.424
   657	0.206434	-0.424	0.424
   658	0.189192	-0.424	0.424
   659	0.210137	-0.424	0.424
   660	0.216086	-0.424	0.424
   661	0.204284	-0.424	0.424
   662	0.210182	-0.424	0.424
   663	0.181115	-0.424	0.424
   664	0.212534	-0.424	0.424
   665	0.213894	-0.424	0.424
   666	0.15886	-0.424	0.424
   667	0.180823	-0.424	0.424
   668	0.20714	-0.424	0.424
   669	0.179196	-0.424	0.424
   670	0.189461	-0.424	0.424
   671	0.193822	-0.424	0.424
   672	0.210557	-0.424	0.424
   673	0.201441	-0.424	0.424
   674	0.180297	-0.424	0.424
   675	0.17864	-0.424	0.424
   676	0.216442	-0.424	0.424
   677	0.179537	-0.424	0.424
   678	0.196019	-0.424	0.424
   679	0.190046	-0.424	0.424
   680	0.188481	-0.424	0.424
   681	0.202345	-0.424	0.424
   682	0.218668	-0.424	0.424
   683	0.210298	-0.424	0.424
   684	0.214382	-0.424	0.424
   685	0.190542	-0.424	0.424
   686	0.175992	-0.424	0.424
   687	0.169648	-0.424	0.424
   688	0.178053	-0.424	0.424
   689	0.18673	-0.424	0.424
   690	0.19099	-0.424	0.424
   691	0.210948	-0.424	0.424
   692	0.198982	-0.424	0.424
   693	0.20784	-0.424	0.424
   694	0.204494	-0.424	0.424
   695	0.177477	-0.424	0.424
   696	0.162662	-0.424	0.424
   697	0.203549	-0.424	0.424
   698	0.154698	-0.424	0.424
   699	0.173079	-0.424	0.424
   700	0.193165	-0.424	0.424
   701	0.221658	-0.424	0.424
   702	0.214138	-0.424	0.424
   703	0.165823	-0.424	0.424
   704	0.201543	-0.424	0.424
   705	0.212872	-0.424	0.424
   706	0.153409	-0.424	0.424
   707	0.22019	-0.424	0.424
   708	0.170973	-0.424	0.424
   709	0.214319	-0.424	0.424
   710	0.222489	-0.424	0.424
   711	0.195324	-0.424	0.424
   712	0.189198	-0.424	0.424
   713	0.219252	-0.424	0.424
   714	0.197125	-0.424	0.424
   715	0.174514	-0.424	0.424
   716	0.168899	-0.424	0.424
   717	0.210731	-0.424	0.424
   718	0.204143	-0.424	0.424
   719	0.208321	-0.424	0.424
   720	0.188359	-0.424	0.424
   721	0.14795	-0.424	0.424
   722	0.17506	-0.424	0.424
   723	0.171702	-0.424	0.424
   724	0.174111	-0.424	0.424
   725	0.192157	-0.424	0.424
   726	0.200238	-0.424	0.424
   727	0.195389	-0.424	0.424
   728	0.197799	-0.424	0.424
   729	0.205865	-0.424	0.424
   730	0.220341	-0.424	0.424
   731	0.220632	-0.424	0.424
   732	0.210265	-0.424	0.424
   733	0.202088	-0.424	0.424
   734	0.201837	-0.424	0.424
   735	0.215132	-0.424	0.424
   736	0.194249	-0.424	0.424
   737	0.199846	-0.424	0.424
   738	0.220246	-0.424	0.424
   739	0.233362	-0.424	0.424
   740	0.190881	-0.424	0.424
   741	0.219512	-0.424	0.424
   742	0.16374	-0.424	0.424
   743	0.199044	-0.424	0.424
   744	0.194662	-0.424	0.424
   745	0.219888	-0.424	0.424
   746	0.193036	-0.424	0.424
   747	0.218155	-0.424	0.424
   748	0.154434	-0.424	0.424
   749	0.215805	-0.424	0.424
   750	0.213394	-0.424	0.424
   751	0.20801	-0.424	0.424
   752	0.180122	-0.424	0.424
   753	0.178765	-0.424	0.424
   754	0.163325	-0.424	0.424
   755	0.208949	-0.424	0.424
   756	0.212877	-0.424	0.424
   757	0.216266	-0.424	0.424
   758	0.21055	-0.424	0.424
   759	0.198117	-0.424	0.424
   760	0.173898	-0.424	0.424
   761	0.174254	-0.424	0.424
   762	0.212084	-0.424	0.424
   763	0.162519	-0.424	0.424
   764	0.207957	-0.424	0.424
   765	0.22715	-0.424	0.424
   766	0.192004	-0.424	0.424
   767	0.22736	-0.424	0.424
   768	0.227035	-0.424	0.424
   769	0.164006	-0.424	0.424
   770	0.212151	-0.424	0.424
   771	0.194804	-0.424	0.424
   772	0.204253	-0.424	0.424
   773	0.213005	-0.424	0.424
   774	0.189347	-0.424	0.424
   775	0.166846	-0.424	0.424
   776	0.155339	-0.424	0.424
   777	0.220275	-0.424	0.424
   778	0.197463	-0.424	0.424
   779	0.182809	-0.424	0.424
   780	0.200823	-0.424	0.424
   781	0.216415	-0.424	0.424
   782	0.191609	-0.424	0.424
   783	0.199371	-0.424	0.424
   784	0.202741	-0.424	0.424
   785	0.214739	-0.424	0.424
   786	0.200423	-0.424	0.424
   787	0.21914	-0.424	0.424
   788	0.185048	-0.424	0.424
   789	0.172793	-0.424	0.424
   790	0.170822	-0.424	0.424
   791	0.212221	-0.424	0.424
   792	0.194793	-0.424	0.424
   793	0.185978	-0.424	0.424
   794	0.211748	-0.424	0.424
   795	0.191641	-0.424	0.424
   796	0.210381	-0.424	0.424
   797	0.200878	-0.424	0.424
   798	0.19053	-0.424	0.424
   799	0.21103	-0.424	0.424
   800	0.204993	-0.424	0.424
   801	0.224993	-0.424	0.424
   802	0.156057	-0.424	0.424
   803	0.186324	-0.424	0.424
   804	0.2302	-0.424	0.424
   805	0.209292	-0.424	0.424
   806	0.182773	-0.424	0.424
   807	0.193054	-0.424	0.424
   808	0.185445	-0.424	0.424
   809	0.172664	-0.424	0.424
   810	0.195867	-0.424	0.424
   811	0.17737	-0.424	0.424
   812	0.167635	-0.424	0.424
   813	0.184219	-0.424	0.424
   814	0.197892	-0.424	0.424
   815	0.162469	-0.424	0.424
   816	0.186742	-0.424	0.424
   817	0.210673	-0.424	0.424
   818	0.193729	-0.424	0.424
   819	0.191179	-0.424	0.424
   820	0.220173	-0.424	0.424
   821	0.205086	-0.424	0.424
   822	0.184379	-0.424	0.424
   823	0.220172	-0.424	0.424
   824	0.156941	-0.424	0.424
   825	0.177649	-0.424	0.424
   826	0.199555	-0.424	0.424
   827	0.225829	-0.424	0.424
   828	0.210614	-0.424	0.424
   829	0.210195	-0.424	0.424
   830	0.173116	-0.424	0.424
   831	0.196544	-0.424	0.424
   832	0.172163	-0.424	0.424
   833	0.196444	-0.424	0.424
   834	0.179874	-0.424	0.424
   835	0.188589	-0.424	0.424
   836	0.205407	-0.424	0.424
   837	0.182276	-0.424	0.424
   838	0.196968	-0.424	0.424
   839	0.199824	-0.424	0.424
   840	0.169458	-0.424	0.424
   841	0.218416	-0.424	0.424
   842	0.194684	-0.424	0.424
   843	0.191089	-0.424	0.424
   844	0.219158	-0.424	0.424
   845	0.211831	-0.424	0.424
   846	0.228494	-0.424	0.424
   847	0.20206	-0.424	0.424
   848	0.212062	-0.424	0.424
   849	0.202421	-0.424	0.424
   850	0.194035	-0.424	0.424
   851	0.190887	-0.424	0.424
   852	0.205547	-0.424	0.424
   853	0.161899	-0.424	0.424
   854	0.1755	-0.424	0.424
   855	0.202897	-0.424	0.424
   856	0.214279	-0.424	0.424
   857	0.201198	-0.424	0.424
   858	0.211616	-0.424	0.424
   859	0.210649	-0.424	0.424
   860	0.209775	-0.424	0.424
   861	0.186569	-0.424	0.424
   862	0.211293	-0.424	0.424
   863	0.223315	-0.424	0.424
   864	0.181577	-0.424	0.424
   865	0.187792	-0.424	0.424
   866	0.175352	-0.424	0.424
   867	0.186104	-0.424	0.424
   868	0.208022	-0.424	0.424
   869	0.176122	-0.424	0.424
   870	0.16034	-0.424	0.424
   871	0.224184	-0.424	0.424
   872	0.193753	-0.424	0.424
   873	0.170054	-0.424	0.424
   874	0.18979	-0.424	0.424
   875	0.193117	-0.424	0.424
   876	0.200869	-0.424	0.424
   877	0.214195	-0.424	0.424
   878	0.212656	-0.424	0.424
   879	0.200266	-0.424	0.424
   880	0.225132	-0.424	0.424
   881	0.163714	-0.424	0.424
   882	0.17295	-0.424	0.424
   883	0.177944	-0.424	0.424
   884	0.211016	-0.424	0.424
   885	0.219161	-0.424	0.424
   886	0.209474	-0.424	0.424
   887	0.213317	-0.424	0.424
   888	0.185951	-0.424	0.424
   889	0.191574	-0.424	0.424
   890	0.202622	-0.424	0.424
   891	0.133902	-0.424	0.424
   892	0.225551	-0.424	0.424
   893	0.194672	-0.424	0.424
   894	0.180898	-0.424	0.424
   895	0.195748	-0.424	0.424
   896	0.198223	-0.424	0.424
   897	0.217953	-0.424	0.424
   898	0.199016	-0.424	0.424
   899	0.202944	-0.424	0.424
   900	0.195321	-0.424	0.424
   901	0.181049	-0.424	0.424
   902	0.207662	-0.424	0.424
   903	0.166646	-0.424	0.424
   904	0.188328	-0.424	0.424
   905	0.216101	-0.424	0.424
   906	0.15912	-0.424	0.424
   907	0.217918	-0.424	0.424
   908	0.187906	-0.424	0.424
   909	0.165151	-0.424	0.424
   910	0.212019	-0.424	0.424
   911	0.180127	-0.424	0.424
   912	0.192565	-0.424	0.424
   913	0.194693	-0.424	0.424
   914	0.187162	-0.424	0.424
   915	0.193592	-0.424	0.424
   916	0.220723	-0.424	0.424
   917	0.210374	-0.424	0.424
   918	0.164549	-0.424	0.424
   919	0.183608	-0.424	0.424
   920	0.202287	-0.424	0.424
   921	0.194445	-0.424	0.424
   922	0.169001	-0.424	0.424
   923	0.198782	-0.424	0.424
   924	0.189754	-0.424	0.424
   925	0.187697	-0.424	0.424
   926	0.218926	-0.424	0.424
   927	0.160559	-0.424	0.424
   928	0.159292	-0.424	0.424
   929	0.174274	-0.424	0.424
   930	0.20808	-0.424	0.424
   931	0.189377	-0.424	0.424
   932	0.185608	-0.424	0.424
   933	0.201443	-0.424	0.424
   934	0.162514	-0.424	0.424
   935	0.199732	-0.424	0.424
   936	0.183587	-0.424	0.424
   937	0.17935	-0.424	0.424
   938	0.156447	-0.424	0.424
   939	0.210032	-0.424	0.424
   940	0.151971	-0.424	0.424
   941	0.222243	-0.424	0.424
   942	0.175112	-0.424	0.424
   943	0.214923	-0.424	0.424
   944	0.210405	-0.424	0.424
   945	0.192475	-0.424	0.424
   946	0.216055	-0.424	0.424
   947	0.150693	-0.424	0.424
   948	0.194568	-0.424	0.424
   949	0.205357	-0.424	0.424
   950	0.208659	-0.424	0.424
   951	0.205147	-0.424	0.424
   952	0.156547	-0.424	0.424
   953	0.196309	-0.424	0.424
   954	0.203787	-0.424	0.424
   955	0.204437	-0.424	0.424
   956	0.192475	-0.424	0.424
   957	0.210821	-0.424	0.424
   958	0.20923	-0.424	0.424
   959	0.226857	-0.424	0.424
   960	0.19853	-0.424	0.424
   961	0.153453	-0.424	0.424
   962	0.19498	-0.424	0.424
   963	0.195709	-0.424	0.424
   964	0.20415	-0.424	0.424
   965	0.19763	-0.424	0.424
   966	0.21619	-0.424	0.424
   967	0.189339	-0.424	0.424
   968	0.180501	-0.424	0.424
   969	0.213016	-0.424	0.424
   970	0.204906	-0.424	0.424
   971	0.184424	-0.424	0.424
   972	0.196319	-0.424	0.424
   973	0.205198	-0.424	0.424
   974	0.199892	-0.424	0.424
   975	0.163795	-0.424	0.424
   976	0.213235	-0.424	0.424
   977	0.19887	-0.424	0.424
   978	0.209415	-0.424	0.424
   979	0.192298	-0.424	0.424
   980	0.211472	-0.424	0.424
   981	0.218145	-0.424	0.424
   982	0.205354	-0.424	0.424
   983	0.179275	-0.424	0.424
   984	0.205234	-0.424	0.424
   985	0.197346	-0.424	0.424
   986	0.221336	-0.424	0.424
   987	0.163092	-0.424	0.424
   988	0.212332	-0.424	0.424
   989	0.196293	-0.424	0.424
   990	0.197331	-0.424	0.424
   991	0.222871	-0.424	0.424
   992	0.219735	-0.424	0.424
   993	0.175968	-0.424	0.424
   994	0.155992	-0.424	0.424
   995	0.216067	-0.424	0.424
   996	0.187625	-0.424	0.424
   997	0.153367	-0.424	0.424
   998	0.197346	-0.424	0.424
   999	0.205744	-0.424	0.424
  1000	0.201828	-0.424	0.424
  1001	0.162563	-0.424	0.424
  1002	0.212876	-0.424	0.424
  1003	0.199538	-0.424	0.424
  1004	0.215515	-0.424	0.424
  1005	0.194952	-0.424	0.424
  1006	0.158017	-0.424	0.424
  1007	0.199662	-0.424	0.424
  1008	0.182171	-0.424	0.424
  1009	0.211026	-0.424	0.424
  1010	0.20329	-0.424	0.424
  1011	0.198888	-0.424	0.424
  1012	0.161534	-0.424	0.424
  1013	0.233161	-0.424	0.424
  1014	0.1615	-0.424	0.424
  1015	0.211031	-0.424	0.424
  1016	0.18103	-0.424	0.424
  1017	0.182691	-0.424	0.424
  1018	0.210792	-0.424	0.424
  1019	0.209053	-0.424	0.424
  1020	0.224977	-0.424	0.424
  1021	0.157452	-0.424	0.424
  1022	0.184777	-0.424	0.424
  1023	0.208487	-0.424	0.424
  1024	0.171129	-0.424	0.424
  1025	0.217443	-0.424	0.424
  1026	0.201317	-0.424	0.424
  1027	0.213507	-0.424	0.424
  1028	0.184257	-0.424	0.424
  1029	0.194399	-0.424	0.424
  1030	0.2113	-0.424	0.424
  1031	0.191095	-0.424	0.424
  1032	0.20007	-0.424	0.424
  1033	0.20333	-0.424	0.424
  1034	0.175362	-0.424	0.424
  1035	0.19697	-0.424	0.424
  1036	0.187448	-0.424	0.424
  1037	0.16691	-0.424	0.424
  1038	0.177617	-0.424	0.424
  1039	0.197433	-0.424	0.424
  1040	0.186409	-0.424	0.424
  1041	0.191195	-0.424	0.424
  1042	0.166674	-0.424	0.424
  1043	0.192665	-0.424	0.424
  1044	0.190259	-0.424	0.424
  1045	0.203762	-0.424	0.424
  1046	0.189279	-0.424	0.424
  1047	0.185509	-0.424	0.424
  1048	0.221154	-0.424	0.424
  1049	0.197003	-0.424	0.424
  1050	0.210824	-0.424	0.424
  1051	0.182094	-0.424	0.424
  1052	0.149351	-0.424	0.424
  1053	0.193399	-0.424	0.424
  1054	0.204264	-0.424	0.424
  1055	0.218537	-0.424	0.424
  1056	0.197447	-0.424	0.424
  1057	0.202625	-0.424	0.424
  1058	0.196394	-0.424	0.424
  1059	0.185926	-0.424	0.424
  1060	0.194531	-0.424	0.424
  1061	0.2028	-0.424	0.424
  1062	0.193257	-0.424	0.424
  1063	0.209199	-0.424	0.424
  1064	0.196894	-0.424	0.424
  1065	0.204244	-0.424	0.424
  1066	0.146511	-0.424	0.424
  1067	0.175683	-0.424	0.424
  1068	0.205542	-0.424	0.424
  1069	0.166916	-0.424	0.424
  1070	0.198463	-0.424	0.424
  1071	0.209932	-0.424	0.424
  1072	0.202068	-0.424	0.424
  1073	0.22274	-0.424	0.424
  1074	0.212766	-0.424	0.424
  1075	0.213935	-0.424	0.424
  1076	0.203129	-0.424	0.424
  1077	0.216526	-0.424	0.424
  1078	0.190021	-0.424	0.424
  1079	0.184942	-0.424	0.424
  1080	0.168444	-0.424	0.424
  1081	0.198622	-0.424	0.424
  1082	0.190839	-0.424	0.424
  1083	0.208147	-0.424	0.424
  1084	0.163611	-0.424	0.424
  1085	0.224545	-0.424	0.424
  1086	0.199889	-0.424	0.424
  1087	0.187347	-0.424	0.424
  1088	0.194088	-0.424	0.424
  1089	0.206477	-0.424	0.424
  1090	0.209127	-0.424	0.424
  1091	0.207813	-0.424	0.424
  1092	0.180686	-0.424	0.424
  1093	0.177055	-0.424	0.424
  1094	0.2112	-0.424	0.424
  1095	0.192233	-0.424	0.424
  1096	0.198353	-0.424	0.424
  1097	0.207686	-0.424	0.424
  1098	0.184114	-0.424	0.424
  1099	0.198759	-0.424	0.424
  1100	0.201578	-0.424	0.424
  1101	0.191481	-0.424	0.424
  1102	0.18654	-0.424	0.424
  1103	0.201076	-0.424	0.424
  1104	0.215218	-0.424	0.424
  1105	0.185086	-0.424	0.424
  1106	0.170221	-0.424	0.424
  1107	0.191177	-0.424	0.424
  1108	0.218577	-0.424	0.424
  1109	0.207922	-0.424	0.424
  1110	0.169731	-0.424	0.424
  1111	0.168911	-0.424	0.424
  1112	0.228094	-0.424	0.424
  1113	0.210169	-0.424	0.424
  1114	0.199557	-0.424	0.424
  1115	0.184222	-0.424	0.424
  1116	0.201679	-0.424	0.424
  1117	0.200578	-0.424	0.424
  1118	0.203533	-0.424	0.424
  1119	0.13098	-0.424	0.424
  1120	0.209699	-0.424	0.424
  1121	0.198679	-0.424	0.424
  1122	0.197419	-0.424	0.424
  1123	0.194125	-0.424	0.424
  1124	0.193633	-0.424	0.424
  1125	0.204221	-0.424	0.424
  1126	0.184647	-0.424	0.424
  1127	0.201456	-0.424	0.424
  1128	0.170029	-0.424	0.424
  1129	0.186384	-0.424	0.424
  1130	0.211272	-0.424	0.424
  1131	0.205478	-0.424	0.424
  1132	0.199814	-0.424	0.424
  1133	0.207272	-0.424	0.424
  1134	0.21202	-0.424	0.424
  1135	0.216351	-0.424	0.424
  1136	0.22208	-0.424	0.424
  1137	0.220116	-0.424	0.424
  1138	0.171596	-0.424	0.424
  1139	0.183719	-0.424	0.424
  1140	0.228152	-0.424	0.424
  1141	0.183969	-0.424	0.424
  1142	0.155567	-0.424	0.424
  1143	0.210392	-0.424	0.424
  1144	0.202101	-0.424	0.424
  1145	0.206782	-0.424	0.424
  1146	0.220994	-0.424	0.424
  1147	0.210658	-0.424	0.424
  1148	0.186514	-0.424	0.424
  1149	0.192285	-0.424	0.424
  1150	0.208855	-0.424	0.424
  1151	0.157313	-0.424	0.424
  1152	0.196099	-0.424	0.424
  1153	0.168437	-0.424	0.424
  1154	0.179759	-0.424	0.424
  1155	0.215453	-0.424	0.424
  1156	0.213271	-0.424	0.424
  1157	0.180408	-0.424	0.424
  1158	0.231226	-0.424	0.424
  1159	0.189368	-0.424	0.424
  1160	0.181907	-0.424	0.424
  1161	0.20939	-0.424	0.424
  1162	0.209575	-0.424	0.424
  1163	0.199791	-0.424	0.424
  1164	0.210748	-0.424	0.424
  1165	0.220041	-0.424	0.424
  1166	0.196717	-0.424	0.424
  1167	0.219545	-0.424	0.424
  1168	0.136812	-0.424	0.424
  1169	0.205966	-0.424	0.424
  1170	0.219549	-0.424	0.424
  1171	0.185304	-0.424	0.424
  1172	0.211095	-0.424	0.424
  1173	0.188374	-0.424	0.424
  1174	0.213334	-0.424	0.424
  1175	0.218447	-0.424	0.424
  1176	0.200931	-0.424	0.424
  1177	0.204616	-0.424	0.424
  1178	0.195286	-0.424	0.424
  1179	0.181606	-0.424	0.424
  1180	0.19172	-0.424	0.424
  1181	0.220807	-0.424	0.424
  1182	0.227212	-0.424	0.424
  1183	0.171729	-0.424	0.424
  1184	0.191186	-0.424	0.424
  1185	0.219822	-0.424	0.424
  1186	0.218332	-0.424	0.424
  1187	0.203896	-0.424	0.424
  1188	0.213051	-0.424	0.424
  1189	0.22378	-0.424	0.424
  1190	0.210897	-0.424	0.424
  1191	0.2202	-0.424	0.424
  1192	0.168305	-0.424	0.424
  1193	0.163692	-0.424	0.424
  1194	0.222829	-0.424	0.424
  1195	0.213822	-0.424	0.424
  1196	0.212234	-0.424	0.424
  1197	0.174698	-0.424	0.424
  1198	0.216484	-0.424	0.424
  1199	0.137498	-0.424	0.424
  1200	0.210704	-0.424	0.424
  1201	0.212788	-0.424	0.424
  1202	0.201184	-0.424	0.424
  1203	0.199404	-0.424	0.424
  1204	0.147968	-0.424	0.424
  1205	0.153469	-0.424	0.424
  1206	0.175031	-0.424	0.424
  1207	0.184397	-0.424	0.424
  1208	0.134529	-0.424	0.424
  1209	0.220604	-0.424	0.424
  1210	0.18765	-0.424	0.424
  1211	0.2211	-0.424	0.424
  1212	0.20982	-0.424	0.424
  1213	0.185627	-0.424	0.424
  1214	0.212267	-0.424	0.424
  1215	0.163204	-0.424	0.424
  1216	0.163856	-0.424	0.424
  1217	0.223373	-0.424	0.424
  1218	0.156946	-0.424	0.424
  1219	0.220269	-0.424	0.424
  1220	0.197515	-0.424	0.424
  1221	0.208581	-0.424	0.424
  1222	0.18402	-0.424	0.424
  1223	0.208787	-0.424	0.424
  1224	0.210599	-0.424	0.424
  1225	0.22312	-0.424	0.424
  1226	0.190031	-0.424	0.424
  1227	0.168289	-0.424	0.424
  1228	0.22321	-0.424	0.424
  1229	0.208803	-0.424	0.424
  1230	0.194368	-0.424	0.424
  1231	0.194665	-0.424	0.424
  1232	0.157762	-0.424	0.424
  1233	0.204427	-0.424	0.424
  1234	0.171208	-0.424	0.424
  1235	0.199267	-0.424	0.424
  1236	0.213588	-0.424	0.424
  1237	0.183379	-0.424	0.424
  1238	0.213908	-0.424	0.424
  1239	0.131434	-0.424	0.424
  1240	0.200833	-0.424	0.424
  1241	0.202319	-0.424	0.424
  1242	0.198686	-0.424	0.424
  1243	0.209168	-0.424	0.424
  1244	0.21604	-0.424	0.424
  1245	0.213741	-0.424	0.424
  1246	0.202135	-0.424	0.424
  1247	0.214284	-0.424	0.424
  1248	0.189623	-0.424	0.424
  1249	0.187434	-0.424	0.424
  1250	0.21945	-0.424	0.424
  1251	0.190388	-0.424	0.424
  1252	0.215408	-0.424	0.424
  1253	0.202351	-0.424	0.424
  1254	0.221382	-0.424	0.424
  1255	0.223169	-0.424	0.424
  1256	0.21302	-0.424	0.424
  1257	0.197769	-0.424	0.424
  1258	0.207946	-0.424	0.424
  1259	0.170884	-0.424	0.424
  1260	0.179811	-0.424	0.424
  1261	0.211114	-0.424	0.424
  1262	0.148073	-0.424	0.424
  1263	0.21611	-0.424	0.424
  1264	0.22808	-0.424	0.424
  1265	0.217163	-0.424	0.424
  1266	0.154178	-0.424	0.424
  1267	0.189843	-0.424	0.424
  1268	0.207439	-0.424	0.424
  1269	0.195193	-0.424	0.424
  1270	0.17977	-0.424	0.424
  1271	0.201679	-0.424	0.424
  1272	0.214391	-0.424	0.424
  1273	0.146567	-0.424	0.424
  1274	0.19376	-0.424	0.424
  1275	0.217787	-0.424	0.424
  1276	0.163144	-0.424	0.424
  1277	0.189833	-0.424	0.424
  1278	0.190867	-0.424	0.424
  1279	0.210822	-0.424	0.424
  1280	0.190201	-0.424	0.424
  1281	0.199054	-0.424	0.424
  1282	0.159255	-0.424	0.424
  1283	0.195664	-0.424	0.424
  1284	0.164885	-0.424	0.424
  1285	0.185868	-0.424	0.424
  1286	0.172188	-0.424	0.424
  1287	0.194864	-0.424	0.424
  1288	0.197123	-0.424	0.424
  1289	0.187639	-0.424	0.424
  1290	0.184582	-0.424	0.424
  1291	0.178397	-0.424	0.424
  1292	0.213563	-0.424	0.424
  1293	0.19343	-0.424	0.424
  1294	0.19082	-0.424	0.424
  1295	0.216005	-0.424	0.424
  1296	0.219255	-0.424	0.424
  1297	0.184706	-0.424	0.424
  1298	0.1924	-0.424	0.424
  1299	0.159018	-0.424	0.424
  1300	0.188742	-0.424	0.424
  1301	0.223532	-0.424	0.424
  1302	0.181284	-0.424	0.424
  1303	0.18355	-0.424	0.424
  1304	0.186844	-0.424	0.424
  1305	0.17767	-0.424	0.424
  1306	0.226501	-0.424	0.424
  1307	0.209141	-0.424	0.424
  1308	0.221718	-0.424	0.424
  1309	0.157377	-0.424	0.424
  1310	0.176224	-0.424	0.424
  1311	0.212945	-0.424	0.424
  1312	0.18629	-0.424	0.424
  1313	0.22758	-0.424	0.424
  1314	0.182084	-0.424	0.424
  1315	0.173838	-0.424	0.424
  1316	0.18472	-0.424	0.424
  1317	0.16311	-0.424	0.424
  1318	0.207594	-0.424	0.424
  1319	0.212247	-0.424	0.424
  1320	0.196978	-0.424	0.424
  1321	0.212693	-0.424	0.424
  1322	0.194117	-0.424	0.424
  1323	0.200137	-0.424	0.424
  1324	0.20128	-0.424	0.424
  1325	0.207414	-0.424	0.424
  1326	0.190445	-0.424	0.424
  1327	0.202582	-0.424	0.424
  1328	0.186977	-0.424	0.424
  1329	0.210052	-0.424	0.424
  1330	0.188794	-0.424	0.424
  1331	0.170959	-0.424	0.424
  1332	0.168601	-0.424	0.424
  1333	0.181131	-0.424	0.424
  1334	0.222888	-0.424	0.424
  1335	0.185796	-0.424	0.424
  1336	0.206764	-0.424	0.424
  1337	0.212057	-0.424	0.424
  1338	0.175768	-0.424	0.424
  1339	0.209474	-0.424	0.424
  1340	0.167674	-0.424	0.424
  1341	0.175119	-0.424	0.424
  1342	0.199959	-0.424	0.424
  1343	0.20331	-0.424	0.424
  1344	0.188046	-0.424	0.424
  1345	0.174192	-0.424	0.424
  1346	0.226762	-0.424	0.424
  1347	0.211147	-0.424	0.424
  1348	0.166998	-0.424	0.424
  1349	0.163884	-0.424	0.424
  1350	0.214348	-0.424	0.424
  1351	0.181956	-0.424	0.424
  1352	0.187509	-0.424	0.424
  1353	0.1854	-0.424	0.424
  1354	0.193921	-0.424	0.424
  1355	0.212988	-0.424	0.424
  1356	0.223948	-0.424	0.424
  1357	0.214553	-0.424	0.424
  1358	0.192079	-0.424	0.424
  1359	0.199766	-0.424	0.424
  1360	0.204656	-0.424	0.424
  1361	0.173344	-0.424	0.424
  1362	0.210692	-0.424	0.424
  1363	0.196582	-0.424	0.424
  1364	0.216278	-0.424	0.424
  1365	0.158075	-0.424	0.424
  1366	0.209181	-0.424	0.424
  1367	0.185706	-0.424	0.424
  1368	0.202803	-0.424	0.424
  1369	0.187863	-0.424	0.424
  1370	0.208721	-0.424	0.424
  1371	0.184345	-0.424	0.424
  1372	0.204316	-0.424	0.424
  1373	0.193855	-0.424	0.424
  1374	0.205118	-0.424	0.424
  1375	0.219872	-0.424	0.424
  1376	0.220626	-0.424	0.424
  1377	0.194623	-0.424	0.424
  1378	0.189016	-0.424	0.424
  1379	0.183674	-0.424	0.424
  1380	0.187658	-0.424	0.424
  1381	0.196664	-0.424	0.424
  1382	0.186393	-0.424	0.424
  1383	0.204199	-0.424	0.424
  1384	0.166366	-0.424	0.424
  1385	0.205308	-0.424	0.424
  1386	0.222909	-0.424	0.424
  1387	0.194182	-0.424	0.424
  1388	0.192395	-0.424	0.424
  1389	0.209249	-0.424	0.424
  1390	0.211465	-0.424	0.424
  1391	0.223736	-0.424	0.424
  1392	0.209839	-0.424	0.424
  1393	0.177117	-0.424	0.424
  1394	0.165298	-0.424	0.424
  1395	0.208098	-0.424	0.424
  1396	0.227117	-0.424	0.424
  1397	0.188902	-0.424	0.424
  1398	0.18651	-0.424	0.424
  1399	0.186372	-0.424	0.424
  1400	0.21182	-0.424	0.424
  1401	0.198376	-0.424	0.424
  1402	0.181063	-0.424	0.424
  1403	0.210288	-0.424	0.424
  1404	0.196105	-0.424	0.424
  1405	0.216483	-0.424	0.424
  1406	0.189458	-0.424	0.424
  1407	0.209609	-0.424	0.424
  1408	0.207189	-0.424	0.424
  1409	0.215612	-0.424	0.424
  1410	0.142146	-0.424	0.424
  1411	0.164147	-0.424	0.424
  1412	0.197855	-0.424	0.424
  1413	0.175032	-0.424	0.424
  1414	0.201401	-0.424	0.424
  1415	0.221392	-0.424	0.424
  1416	0.215187	-0.424	0.424
  1417	0.215311	-0.424	0.424
  1418	0.181497	-0.424	0.424
  1419	0.218718	-0.424	0.424
  1420	0.209747	-0.424	0.424
  1421	0.209314	-0.424	0.424
  1422	0.221861	-0.424	0.424
  1423	0.217545	-0.424	0.424
  1424	0.168753	-0.424	0.424
  1425	0.224711	-0.424	0.424
  1426	0.182099	-0.424	0.424
  1427	0.176607	-0.424	0.424
  1428	0.19651	-0.424	0.424
  1429	0.159355	-0.424	0.424
  1430	0.203645	-0.424	0.424
  1431	0.175942	-0.424	0.424
  1432	0.198748	-0.424	0.424
  1433	0.138942	-0.424	0.424
  1434	0.157001	-0.424	0.424
  1435	0.179341	-0.424	0.424
  1436	0.17997	-0.424	0.424
  1437	0.19427	-0.424	0.424
  1438	0.198483	-0.424	0.424
  1439	0.204911	-0.424	0.424
  1440	0.185181	-0.424	0.424
  1441	0.167568	-0.424	0.424
  1442	0.178653	-0.424	0.424
  1443	0.198443	-0.424	0.424
  1444	0.213596	-0.424	0.424
  1445	0.181229	-0.424	0.424
  1446	0.202193	-0.424	0.424
  1447	0.183875	-0.424	0.424
  1448	0.201623	-0.424	0.424
  1449	0.218056	-0.424	0.424
  1450	0.191823	-0.424	0.424
  1451	0.202469	-0.424	0.424
  1452	0.222826	-0.424	0.424
  1453	0.175894	-0.424	0.424
  1454	0.212407	-0.424	0.424
  1455	0.163578	-0.424	0.424
  1456	0.217519	-0.424	0.424
  1457	0.213388	-0.424	0.424
  1458	0.196785	-0.424	0.424
  1459	0.201908	-0.424	0.424
  1460	0.198927	-0.424	0.424
  1461	0.187557	-0.424	0.424
  1462	0.188876	-0.424	0.424
  1463	0.21109	-0.424	0.424
  1464	0.179428	-0.424	0.424
  1465	0.212578	-0.424	0.424
  1466	0.188774	-0.424	0.424
  1467	0.183123	-0.424	0.424
  1468	0.188603	-0.424	0.424
  1469	0.202494	-0.424	0.424
  1470	0.210137	-0.424	0.424
  1471	0.19213	-0.424	0.424
  1472	0.185328	-0.424	0.424
  1473	0.207724	-0.424	0.424
  1474	0.203105	-0.424	0.424
  1475	0.174469	-0.424	0.424
  1476	0.146489	-0.424	0.424
  1477	0.207792	-0.424	0.424
  1478	0.228724	-0.424	0.424
  1479	0.219834	-0.424	0.424
  1480	0.21491	-0.424	0.424
  1481	0.187331	-0.424	0.424
  1482	0.206745	-0.424	0.424
  1483	0.219377	-0.424	0.424
  1484	0.217709	-0.424	0.424
  1485	0.200347	-0.424	0.424
  1486	0.200255	-0.424	0.424
  1487	0.180564	-0.424	0.424
  1488	0.195307	-0.424	0.424
  1489	0.147102	-0.424	0.424
  1490	0.200868	-0.424	0.424
  1491	0.191893	-0.424	0.424
  1492	0.197846	-0.424	0.424
  1493	0.205802	-0.424	0.424
  1494	0.208047	-0.424	0.424
  1495	0.181672	-0.424	0.424
  1496	0.156863	-0.424	0.424
  1497	0.222013	-0.424	0.424
  1498	0.224072	-0.424	0.424
  1499	0.210669	-0.424	0.424
  1500	0.199596	-0.424	0.424
  1501	0.177431	-0.424	0.424
  1502	0.185663	-0.424	0.424
  1503	0.181023	-0.424	0.424
  1504	0.15923	-0.424	0.424
  1505	0.175958	-0.424	0.424
  1506	0.208733	-0.424	0.424
  1507	0.169523	-0.424	0.424
  1508	0.170443	-0.424	0.424
  1509	0.201827	-0.424	0.424
  1510	0.193429	-0.424	0.424
  1511	0.221632	-0.424	0.424
  1512	0.208651	-0.424	0.424
  1513	0.185884	-0.424	0.424
  1514	0.165962	-0.424	0.424
  1515	0.215473	-0.424	0.424
  1516	0.196309	-0.424	0.424
  1517	0.198792	-0.424	0.424
  1518	0.18987	-0.424	0.424
  1519	0.140985	-0.424	0.424
  1520	0.177771	-0.424	0.424
  1521	0.189663	-0.424	0.424
  1522	0.205989	-0.424	0.424
  1523	0.225004	-0.424	0.424
  1524	0.178065	-0.424	0.424
  1525	0.21458	-0.424	0.424
  1526	0.210945	-0.424	0.424
  1527	0.215597	-0.424	0.424
  1528	0.208789	-0.424	0.424
  1529	0.199051	-0.424	0.424
  1530	0.196035	-0.424	0.424
  1531	0.174936	-0.424	0.424
  1532	0.218338	-0.424	0.424
  1533	0.215544	-0.424	0.424
  1534	0.157306	-0.424	0.424
  1535	0.202847	-0.424	0.424
  1536	0.201091	-0.424	0.424
  1537	0.220003	-0.424	0.424
  1538	0.177392	-0.424	0.424
  1539	0.211564	-0.424	0.424
  1540	0.179552	-0.424	0.424
  1541	0.20541	-0.424	0.424
  1542	0.205403	-0.424	0.424
  1543	0.175635	-0.424	0.424
  1544	0.190788	-0.424	0.424
  1545	0.217517	-0.424	0.424
  1546	0.178657	-0.424	0.424
  1547	0.191646	-0.424	0.424
  1548	0.200139	-0.424	0.424
  1549	0.159208	-0.424	0.424
  1550	0.18154	-0.424	0.424
  1551	0.191641	-0.424	0.424
  1552	0.169545	-0.424	0.424
  1553	0.203765	-0.424	0.424
  1554	0.195449	-0.424	0.424
  1555	0.182688	-0.424	0.424
  1556	0.179141	-0.424	0.424
  1557	0.206796	-0.424	0.424
  1558	0.198062	-0.424	0.424
  1559	0.177296	-0.424	0.424
  1560	0.182968	-0.424	0.424
  1561	0.207135	-0.424	0.424
  1562	0.223898	-0.424	0.424
  1563	0.20313	-0.424	0.424
  1564	0.180553	-0.424	0.424
  1565	0.16475	-0.424	0.424
  1566	0.189315	-0.424	0.424
  1567	0.194326	-0.424	0.424
  1568	0.194429	-0.424	0.424
  1569	0.194353	-0.424	0.424
  1570	0.225242	-0.424	0.424
  1571	0.19412	-0.424	0.424
  1572	0.192159	-0.424	0.424
  1573	0.215155	-0.424	0.424
  1574	0.215132	-0.424	0.424
  1575	0.209829	-0.424	0.424
  1576	0.231945	-0.424	0.424
  1577	0.204343	-0.424	0.424
  1578	0.19794	-0.424	0.424
  1579	0.218978	-0.424	0.424
  1580	0.203249	-0.424	0.424
  1581	0.169206	-0.424	0.424
  1582	0.199227	-0.424	0.424
  1583	0.208106	-0.424	0.424
  1584	0.178982	-0.424	0.424
  1585	0.214719	-0.424	0.424
  1586	0.202376	-0.424	0.424
  1587	0.203566	-0.424	0.424
  1588	0.198148	-0.424	0.424
  1589	0.152545	-0.424	0.424
  1590	0.193568	-0.424	0.424
  1591	0.170006	-0.424	0.424
  1592	0.182821	-0.424	0.424
  1593	0.222746	-0.424	0.424
  1594	0.193569	-0.424	0.424
  1595	0.223399	-0.424	0.424
  1596	0.183027	-0.424	0.424
  1597	0.203407	-0.424	0.424
  1598	0.199483	-0.424	0.424
  1599	0.198195	-0.424	0.424
  1600	0.17276	-0.424	0.424
  1601	0.206796	-0.424	0.424
  1602	0.185438	-0.424	0.424
  1603	0.219287	-0.424	0.424
  1604	0.171707	-0.424	0.424
  1605	0.187807	-0.424	0.424
  1606	0.192698	-0.424	0.424
  1607	0.222766	-0.424	0.424
  1608	0.191695	-0.424	0.424
  1609	0.206038	-0.424	0.424
  1610	0.217971	-0.424	0.424
  1611	0.214829	-0.424	0.424
  1612	0.181138	-0.424	0.424
  1613	0.224611	-0.424	0.424
  1614	0.225924	-0.424	0.424
  1615	0.201267	-0.424	0.424
  1616	0.185816	-0.424	0.424
  1617	0.210101	-0.424	0.424
  1618	0.206424	-0.424	0.424
  1619	0.215872	-0.424	0.424
  1620	0.223952	-0.424	0.424
  1621	0.172648	-0.424	0.424
  1622	0.19816	-0.424	0.424
  1623	0.219435	-0.424	0.424
  1624	0.224889	-0.424	0.424
  1625	0.184851	-0.424	0.424
  1626	0.197543	-0.424	0.424
  1627	0.197516	-0.424	0.424
  1628	0.17025	-0.424	0.424
  1629	0.227226	-0.424	0.424
  1630	0.196553	-0.424	0.424
  1631	0.208995	-0.424	0.424
  1632	0.232839	-0.424	0.424
  1633	0.196189	-0.424	0.424
  1634	0.21697	-0.424	0.424
  1635	0.153963	-0.424	0.424
  1636	0.193485	-0.424	0.424
  1637	0.177326	-0.424	0.424
  1638	0.20076	-0.424	0.424
  1639	0.196325	-0.424	0.424
  1640	0.170226	-0.424	0.424
  1641	0.206191	-0.424	0.424
  1642	0.179749	-0.424	0.424
  1643	0.216353	-0.424	0.424
  1644	0.191805	-0.424	0.424
  1645	0.206078	-0.424	0.424
  1646	0.190752	-0.424	0.424
  1647	0.202978	-0.424	0.424
  1648	0.161441	-0.424	0.424
  1649	0.192072	-0.424	0.424
  1650	0.169864	-0.424	0.424
  1651	0.177336	-0.424	0.424
  1652	0.195967	-0.424	0.424
  1653	0.197674	-0.424	0.424
  1654	0.211714	-0.424	0.424
  1655	0.213595	-0.424	0.424
  1656	0.16267	-0.424	0.424
  1657	0.208491	-0.424	0.424
  1658	0.195417	-0.424	0.424
  1659	0.21324	-0.424	0.424
  1660	0.186479	-0.424	0.424
  1661	0.200731	-0.424	0.424
  1662	0.221529	-0.424	0.424
  1663	0.209126	-0.424	0.424
  1664	0.170643	-0.424	0.424
  1665	0.210819	-0.424	0.424
  1666	0.166593	-0.424	0.424
  1667	0.226233	-0.424	0.424
  1668	0.17831	-0.424	0.424
  1669	0.205714	-0.424	0.424
  1670	0.173279	-0.424	0.424
  1671	0.202311	-0.424	0.424
  1672	0.182408	-0.424	0.424
  1673	0.181184	-0.424	0.424
  1674	0.212231	-0.424	0.424
  1675	0.212452	-0.424	0.424
  1676	0.208287	-0.424	0.424
  1677	0.206078	-0.424	0.424
  1678	0.197577	-0.424	0.424
  1679	0.146623	-0.424	0.424
  1680	0.222506	-0.424	0.424
  1681	0.158524	-0.424	0.424
  1682	0.181092	-0.424	0.424
  1683	0.19488	-0.424	0.424
  1684	0.185151	-0.424	0.424
  1685	0.196172	-0.424	0.424
  1686	0.153838	-0.424	0.424
  1687	0.209535	-0.424	0.424
  1688	0.148891	-0.424	0.424
  1689	0.169895	-0.424	0.424
  1690	0.209135	-0.424	0.424
  1691	0.218205	-0.424	0.424
  1692	0.216403	-0.424	0.424
  1693	0.163531	-0.424	0.424
  1694	0.177499	-0.424	0.424
  1695	0.216444	-0.424	0.424
  1696	0.179204	-0.424	0.424
  1697	0.204211	-0.424	0.424
  1698	0.205054	-0.424	0.424
  1699	0.215541	-0.424	0.424
  1700	0.194948	-0.424	0.424
  1701	0.187795	-0.424	0.424
  1702	0.195826	-0.424	0.424
  1703	0.215876	-0.424	0.424
  1704	0.209206	-0.424	0.424
  1705	0.213461	-0.424	0.424
  1706	0.228938	-0.424	0.424
  1707	0.197181	-0.424	0.424
  1708	0.184922	-0.424	0.424
  1709	0.209802	-0.424	0.424
  1710	0.182564	-0.424	0.424
  1711	0.202327	-0.424	0.424
  1712	0.174911	-0.424	0.424
  1713	0.198006	-0.424	0.424
  1714	0.213567	-0.424	0.424
  1715	0.202843	-0.424	0.424
  1716	0.211136	-0.424	0.424
  1717	0.196049	-0.424	0.424
  1718	0.209949	-0.424	0.424
  1719	0.218161	-0.424	0.424
  1720	0.197791	-0.424	0.424
  1721	0.186875	-0.424	0.424
  1722	0.210479	-0.424	0.424
  1723	0.220552	-0.424	0.424
  1724	0.209261	-0.424	0.424
  1725	0.200526	-0.424	0.424
  1726	0.217824	-0.424	0.424
  1727	0.183991	-0.424	0.424
  1728	0.179773	-0.424	0.424
  1729	0.215197	-0.424	0.424
  1730	0.204919	-0.424	0.424
  1731	0.177519	-0.424	0.424
  1732	0.208112	-0.424	0.424
  1733	0.20012	-0.424	0.424
  1734	0.197374	-0.424	0.424
  1735	0.203515	-0.424	0.424
  1736	0.193599	-0.424	0.424
  1737	0.202023	-0.424	0.424
  1738	0.224043	-0.424	0.424
  1739	0.226153	-0.424	0.424
  1740	0.167801	-0.424	0.424
  1741	0.208335	-0.424	0.424
  1742	0.205989	-0.424	0.424
  1743	0.214553	-0.424	0.424
  1744	0.173143	-0.424	0.424
  1745	0.223316	-0.424	0.424
  1746	0.192821	-0.424	0.424
  1747	0.18634	-0.424	0.424
  1748	0.223447	-0.424	0.424
  1749	0.222864	-0.424	0.424
  1750	0.198836	-0.424	0.424
  1751	0.228737	-0.424	0.424
  1752	0.20699	-0.424	0.424
  1753	0.181522	-0.424	0.424
  1754	0.174439	-0.424	0.424
  1755	0.212056	-0.424	0.424
  1756	0.186615	-0.424	0.424
  1757	0.224584	-0.424	0.424
  1758	0.191276	-0.424	0.424
  1759	0.205336	-0.424	0.424
  1760	0.201504	-0.424	0.424
  1761	0.187383	-0.424	0.424
  1762	0.206088	-0.424	0.424
  1763	0.160272	-0.424	0.424
  1764	0.215158	-0.424	0.424
  1765	0.205944	-0.424	0.424
  1766	0.222482	-0.424	0.424
  1767	0.193699	-0.424	0.424
  1768	0.218514	-0.424	0.424
  1769	0.203033	-0.424	0.424
  1770	0.168544	-0.424	0.424
  1771	0.182776	-0.424	0.424
  1772	0.212732	-0.424	0.424
  1773	0.213283	-0.424	0.424
  1774	0.228594	-0.424	0.424
  1775	0.211193	-0.424	0.424
  1776	0.203507	-0.424	0.424
  1777	0.219765	-0.424	0.424
  1778	0.197837	-0.424	0.424
  1779	0.179933	-0.424	0.424
  1780	0.140135	-0.424	0.424
  1781	0.197489	-0.424	0.424
  1782	0.207558	-0.424	0.424
  1783	0.214566	-0.424	0.424
  1784	0.179136	-0.424	0.424
  1785	0.220062	-0.424	0.424
  1786	0.203567	-0.424	0.424
  1787	0.190031	-0.424	0.424
  1788	0.203278	-0.424	0.424
  1789	0.216051	-0.424	0.424
  1790	0.20782	-0.424	0.424
  1791	0.196457	-0.424	0.424
  1792	0.200151	-0.424	0.424
  1793	0.218829	-0.424	0.424
  1794	0.200478	-0.424	0.424
  1795	0.172091	-0.424	0.424
  1796	0.204106	-0.424	0.424
  1797	0.179713	-0.424	0.424
  1798	0.174558	-0.424	0.424
  1799	0.182727	-0.424	0.424
  1800	0.204045	-0.424	0.424
  1801	0.201862	-0.424	0.424
  1802	0.194304	-0.424	0.424
  1803	0.194395	-0.424	0.424
  1804	0.203338	-0.424	0.424
  1805	0.21191	-0.424	0.424
  1806	0.17734	-0.424	0.424
  1807	0.193246	-0.424	0.424
  1808	0.202192	-0.424	0.424
  1809	0.228586	-0.424	0.424
  1810	0.201015	-0.424	0.424
  1811	0.171487	-0.424	0.424
  1812	0.203618	-0.424	0.424
  1813	0.207999	-0.424	0.424
  1814	0.20158	-0.424	0.424
  1815	0.230369	-0.424	0.424
  1816	0.213143	-0.424	0.424
  1817	0.183394	-0.424	0.424
  1818	0.204507	-0.424	0.424
  1819	0.207587	-0.424	0.424
  1820	0.202776	-0.424	0.424
  1821	0.215881	-0.424	0.424
  1822	0.185904	-0.424	0.424
  1823	0.22256	-0.424	0.424
  1824	0.218887	-0.424	0.424
  1825	0.18874	-0.424	0.424
  1826	0.210807	-0.424	0.424
  1827	0.215536	-0.424	0.424
  1828	0.201439	-0.424	0.424
  1829	0.18848	-0.424	0.424
  1830	0.217271	-0.424	0.424
  1831	0.184998	-0.424	0.424
  1832	0.1693	-0.424	0.424
  1833	0.182563	-0.424	0.424
  1834	0.205629	-0.424	0.424
  1835	0.217932	-0.424	0.424
  1836	0.224301	-0.424	0.424
  1837	0.165158	-0.424	0.424
  1838	0.209512	-0.424	0.424
  1839	0.213906	-0.424	0.424
  1840	0.208548	-0.424	0.424
  1841	0.206878	-0.424	0.424
  1842	0.224319	-0.424	0.424
  1843	0.214744	-0.424	0.424
  1844	0.204948	-0.424	0.424
  1845	0.177562	-0.424	0.424
  1846	0.200032	-0.424	0.424
  1847	0.213234	-0.424	0.424
  1848	0.208083	-0.424	0.424
  1849	0.179442	-0.424	0.424
  1850	0.207605	-0.424	0.424
  1851	0.196484	-0.424	0.424
  1852	0.223615	-0.424	0.424
  1853	0.169951	-0.424	0.424
  1854	0.188034	-0.424	0.424
  1855	0.223151	-0.424	0.424
  1856	0.160455	-0.424	0.424
  1857	0.199484	-0.424	0.424
  1858	0.218306	-0.424	0.424
  1859	0.187337	-0.424	0.424
  1860	0.21203	-0.424	0.424
  1861	0.165293	-0.424	0.424
  1862	0.220883	-0.424	0.424
  1863	0.225073	-0.424	0.424
  1864	0.199676	-0.424	0.424
  1865	0.193232	-0.424	0.424
  1866	0.203228	-0.424	0.424
  1867	0.199711	-0.424	0.424
  1868	0.22171	-0.424	0.424
  1869	0.161278	-0.424	0.424
  1870	0.207175	-0.424	0.424
  1871	0.217845	-0.424	0.424
  1872	0.194497	-0.424	0.424
  1873	0.201961	-0.424	0.424
  1874	0.177841	-0.424	0.424
  1875	0.198055	-0.424	0.424
  1876	0.199384	-0.424	0.424
  1877	0.189291	-0.424	0.424
  1878	0.196796	-0.424	0.424
  1879	0.205637	-0.424	0.424
  1880	0.183882	-0.424	0.424
  1881	0.197151	-0.424	0.424
  1882	0.145936	-0.424	0.424
  1883	0.157288	-0.424	0.424
  1884	0.169767	-0.424	0.424
  1885	0.183167	-0.424	0.424
  1886	0.166378	-0.424	0.424
  1887	0.176463	-0.424	0.424
  1888	0.208214	-0.424	0.424
  1889	0.204302	-0.424	0.424
  1890	0.126726	-0.424	0.424
  1891	0.221007	-0.424	0.424
  1892	0.170513	-0.424	0.424
  1893	0.196009	-0.424	0.424
  1894	0.180345	-0.424	0.424
  1895	0.186876	-0.424	0.424
  1896	0.205972	-0.424	0.424
  1897	0.209664	-0.424	0.424
  1898	0.214048	-0.424	0.424
  1899	0.196706	-0.424	0.424
  1900	0.229344	-0.424	0.424
  1901	0.193226	-0.424	0.424
  1902	0.180438	-0.424	0.424
  1903	0.201836	-0.424	0.424
  1904	0.198518	-0.424	0.424
  1905	0.222332	-0.424	0.424
  1906	0.204543	-0.424	0.424
  1907	0.213697	-0.424	0.424
  1908	0.218929	-0.424	0.424
  1909	0.205246	-0.424	0.424
  1910	0.222745	-0.424	0.424
  1911	0.229607	-0.424	0.424
  1912	0.191348	-0.424	0.424
  1913	0.201892	-0.424	0.424
  1914	0.186323	-0.424	0.424
  1915	0.215635	-0.424	0.424
  1916	0.193617	-0.424	0.424
  1917	0.205892	-0.424	0.424
  1918	0.201574	-0.424	0.424
  1919	0.205044	-0.424	0.424
  1920	0.193305	-0.424	0.424
  1921	0.19243	-0.424	0.424
  1922	0.209328	-0.424	0.424
  1923	0.183139	-0.424	0.424
  1924	0.166608	-0.424	0.424
  1925	0.179436	-0.424	0.424
  1926	0.212409	-0.424	0.424
  1927	0.214175	-0.424	0.424
  1928	0.181959	-0.424	0.424
  1929	0.217115	-0.424	0.424
  1930	0.192175	-0.424	0.424
  1931	0.211797	-0.424	0.424
  1932	0.220242	-0.424	0.424
  1933	0.188786	-0.424	0.424
  1934	0.186559	-0.424	0.424
  1935	0.191792	-0.424	0.424
  1936	0.195708	-0.424	0.424
  1937	0.215278	-0.424	0.424
  1938	0.1858	-0.424	0.424
  1939	0.162965	-0.424	0.424
  1940	0.139997	-0.424	0.424
  1941	0.194129	-0.424	0.424
  1942	0.172156	-0.424	0.424
  1943	0.185999	-0.424	0.424
  1944	0.176479	-0.424	0.424
  1945	0.207369	-0.424	0.424
  1946	0.209024	-0.424	0.424
  1947	0.225584	-0.424	0.424
  1948	0.208441	-0.424	0.424
  1949	0.193318	-0.424	0.424
  1950	0.177483	-0.424	0.424
  1951	0.192316	-0.424	0.424
  1952	0.181579	-0.424	0.424
  1953	0.18275	-0.424	0.424
  1954	0.189879	-0.424	0.424
  1955	0.212446	-0.424	0.424
  1956	0.198912	-0.424	0.424
  1957	0.226514	-0.424	0.424
  1958	0.208119	-0.424	0.424
  1959	0.227381	-0.424	0.424
  1960	0.173462	-0.424	0.424
  1961	0.221828	-0.424	0.424
  1962	0.188776	-0.424	0.424
  1963	0.169739	-0.424	0.424
  1964	0.176272	-0.424	0.424
  1965	0.192269	-0.424	0.424
  1966	0.206266	-0.424	0.424
  1967	0.198344	-0.424	0.424
  1968	0.174427	-0.424	0.424
  1969	0.198937	-0.424	0.424
  1970	0.222508	-0.424	0.424
  1971	0.169203	-0.424	0.424
  1972	0.154916	-0.424	0.424
  1973	0.194174	-0.424	0.424
  1974	0.195213	-0.424	0.424
  1975	0.213114	-0.424	0.424
  1976	0.227029	-0.424	0.424
  1977	0.208512	-0.424	0.424
  1978	0.177446	-0.424	0.424
  1979	0.19177	-0.424	0.424
  1980	0.208743	-0.424	0.424
  1981	0.216224	-0.424	0.424
  1982	0.199342	-0.424	0.424
  1983	0.201543	-0.424	0.424
  1984	0.226119	-0.424	0.424
  1985	0.205252	-0.424	0.424
  1986	0.194547	-0.424	0.424
  1987	0.160268	-0.424	0.424
  1988	0.198318	-0.424	0.424
  1989	0.215634	-0.424	0.424
  1990	0.196525	-0.424	0.424
  1991	0.191457	-0.424	0.424
  1992	0.146722	-0.424	0.424
  1993	0.226891	-0.424	0.424
  1994	0.189893	-0.424	0.424
  1995	0.19217	-0.424	0.424
  1996	0.16701	-0.424	0.424
  1997	0.184945	-0.424	0.424
  1998	0.19668	-0.424	0.424
  1999	0.20553	-0.424	0.424
  2000	0.210587	-0.424	0.424
  2001	0.211025	-0.424	0.424
  2002	0.207693	-0.424	0.424
  2003	0.192473	-0.424	0.424
  2004	0.217991	-0.424	0.424
  2005	0.192853	-0.424	0.424
  2006	0.219562	-0.424	0.424
  2007	0.21641	-0.424	0.424
  2008	0.193415	-0.424	0.424
  2009	0.211931	-0.424	0.424
  2010	0.159856	-0.424	0.424
  2011	0.176718	-0.424	0.424
  2012	0.187381	-0.424	0.424
  2013	0.20989	-0.424	0.424
  2014	0.217507	-0.424	0.424
  2015	0.194245	-0.424	0.424
  2016	0.224685	-0.424	0.424
  2017	0.21021	-0.424	0.424
  2018	0.188813	-0.424	0.424
  2019	0.1754	-0.424	0.424
  2020	0.227486	-0.424	0.424
  2021	0.223088	-0.424	0.424
  2022	0.178829	-0.424	0.424
  2023	0.188054	-0.424	0.424
  2024	0.179188	-0.424	0.424
  2025	0.217309	-0.424	0.424
  2026	0.191304	-0.424	0.424
  2027	0.166004	-0.424	0.424
  2028	0.220903	-0.424	0.424
  2029	0.207416	-0.424	0.424
  2030	0.164759	-0.424	0.424
  2031	0.184703	-0.424	0.424
  2032	0.201282	-0.424	0.424
  2033	0.206418	-0.424	0.424
  2034	0.214938	-0.424	0.424
  2035	0.19046	-0.424	0.424
  2036	0.212778	-0.424	0.424
  2037	0.168313	-0.424	0.424
  2038	0.194292	-0.424	0.424
  2039	0.197494	-0.424	0.424
  2040	0.223215	-0.424	0.424
  2041	0.202371	-0.424	0.424
  2042	0.188526	-0.424	0.424
  2043	0.194506	-0.424	0.424
  2044	0.196676	-0.424	0.424
  2045	0.160072	-0.424	0.424
  2046	0.209308	-0.424	0.424
  2047	0.185929	-0.424	0.424
  2048	0.201973	-0.424	0.424
  2049	0.200209	-0.424	0.424
  2050	0.197726	-0.424	0.424
  2051	0.216845	-0.424	0.424
  2052	0.188094	-0.424	0.424
  2053	0.187592	-0.424	0.424
  2054	0.232129	-0.424	0.424
  2055	0.183141	-0.424	0.424
  2056	0.183588	-0.424	0.424
  2057	0.194995	-0.424	0.424
  2058	0.198249	-0.424	0.424
  2059	0.167307	-0.424	0.424
  2060	0.215329	-0.424	0.424
  2061	0.222349	-0.424	0.424
  2062	0.206153	-0.424	0.424
  2063	0.195906	-0.424	0.424
  2064	0.170787	-0.424	0.424
  2065	0.202042	-0.424	0.424
  2066	0.195806	-0.424	0.424
  2067	0.184514	-0.424	0.424
  2068	0.193845	-0.424	0.424
  2069	0.211209	-0.424	0.424
  2070	0.164419	-0.424	0.424
  2071	0.192398	-0.424	0.424
  2072	0.21475	-0.424	0.424
  2073	0.198804	-0.424	0.424
  2074	0.186319	-0.424	0.424
  2075	0.19558	-0.424	0.424
  2076	0.171233	-0.424	0.424
  2077	0.219125	-0.424	0.424
  2078	0.17971	-0.424	0.424
  2079	0.220693	-0.424	0.424
  2080	0.153825	-0.424	0.424
  2081	0.197298	-0.424	0.424
  2082	0.179563	-0.424	0.424
  2083	0.210679	-0.424	0.424
  2084	0.197421	-0.424	0.424
  2085	0.181969	-0.424	0.424
  2086	0.181922	-0.424	0.424
  2087	0.227873	-0.424	0.424
  2088	0.136527	-0.424	0.424
  2089	0.184333	-0.424	0.424
  2090	0.184333	-0.424	0.424
  2091	0.172653	-0.424	0.424
  2092	0.170061	-0.424	0.424
  2093	0.212001	-0.424	0.424
  2094	0.195094	-0.424	0.424
  2095	0.193909	-0.424	0.424
  2096	0.21526	-0.424	0.424
  2097	0.180226	-0.424	0.424
  2098	0.199309	-0.424	0.424
  2099	0.22852	-0.424	0.424
  2100	0.228794	-0.424	0.424
  2101	0.159959	-0.424	0.424
  2102	0.191732	-0.424	0.424
  2103	0.194228	-0.424	0.424
  2104	0.199215	-0.424	0.424
  2105	0.206022	-0.424	0.424
  2106	0.215585	-0.424	0.424
  2107	0.2088	-0.424	0.424
  2108	0.194787	-0.424	0.424
  2109	0.228989	-0.424	0.424
  2110	0.226164	-0.424	0.424
  2111	0.194501	-0.424	0.424
  2112	0.219897	-0.424	0.424
  2113	0.198249	-0.424	0.424
  2114	0.214792	-0.424	0.424
  2115	0.181061	-0.424	0.424
  2116	0.213379	-0.424	0.424
  2117	0.21167	-0.424	0.424
  2118	0.195886	-0.424	0.424
  2119	0.16007	-0.424	0.424
  2120	0.210436	-0.424	0.424
  2121	0.204927	-0.424	0.424
  2122	0.216641	-0.424	0.424
  2123	0.198859	-0.424	0.424
  2124	0.189475	-0.424	0.424
  2125	0.173109	-0.424	0.424
  2126	0.175866	-0.424	0.424
  2127	0.212338	-0.424	0.424
  2128	0.215282	-0.424	0.424
  2129	0.220519	-0.424	0.424
  2130	0.206146	-0.424	0.424
  2131	0.190395	-0.424	0.424
  2132	0.221053	-0.424	0.424
  2133	0.149393	-0.424	0.424
  2134	0.215758	-0.424	0.424
  2135	0.219729	-0.424	0.424
  2136	0.203826	-0.424	0.424
  2137	0.190524	-0.424	0.424
  2138	0.19449	-0.424	0.424
  2139	0.204869	-0.424	0.424
  2140	0.195096	-0.424	0.424
  2141	0.218507	-0.424	0.424
  2142	0.209944	-0.424	0.424
  2143	0.190894	-0.424	0.424
  2144	0.181104	-0.424	0.424
  2145	0.177213	-0.424	0.424
  2146	0.181656	-0.424	0.424
  2147	0.180931	-0.424	0.424
  2148	0.180145	-0.424	0.424
  2149	0.195773	-0.424	0.424
  2150	0.228725	-0.424	0.424
  2151	0.15186	-0.424	0.424
  2152	0.180052	-0.424	0.424
  2153	0.204865	-0.424	0.424
  2154	0.169094	-0.424	0.424
  2155	0.205268	-0.424	0.424
  2156	0.218086	-0.424	0.424
  2157	0.211944	-0.424	0.424
  2158	0.202357	-0.424	0.424
  2159	0.198669	-0.424	0.424
  2160	0.16689	-0.424	0.424
  2161	0.186119	-0.424	0.424
  2162	0.190025	-0.424	0.424
  2163	0.210146	-0.424	0.424
  2164	0.190816	-0.424	0.424
  2165	0.166946	-0.424	0.424
  2166	0.195667	-0.424	0.424
  2167	0.193231	-0.424	0.424
  2168	0.211166	-0.424	0.424
  2169	0.233109	-0.424	0.424
  2170	0.203017	-0.424	0.424
  2171	0.162922	-0.424	0.424
  2172	0.164832	-0.424	0.424
  2173	0.198114	-0.424	0.424
  2174	0.179315	-0.424	0.424
  2175	0.212817	-0.424	0.424
  2176	0.199327	-0.424	0.424
  2177	0.182767	-0.424	0.424
  2178	0.189624	-0.424	0.424
  2179	0.221938	-0.424	0.424
  2180	0.192327	-0.424	0.424
  2181	0.180414	-0.424	0.424
  2182	0.179988	-0.424	0.424
  2183	0.180817	-0.424	0.424
  2184	0.222898	-0.424	0.424
  2185	0.175805	-0.424	0.424
  2186	0.175396	-0.424	0.424
  2187	0.1635	-0.424	0.424
  2188	0.196155	-0.424	0.424
  2189	0.194283	-0.424	0.424
  2190	0.201822	-0.424	0.424
  2191	0.172515	-0.424	0.424
  2192	0.20158	-0.424	0.424
  2193	0.203134	-0.424	0.424
  2194	0.202078	-0.424	0.424
  2195	0.214596	-0.424	0.424
  2196	0.15229	-0.424	0.424
  2197	0.202325	-0.424	0.424
  2198	0.210432	-0.424	0.424
  2199	0.20661	-0.424	0.424
  2200	0.202645	-0.424	0.424
  2201	0.212937	-0.424	0.424
  2202	0.175651	-0.424	0.424
  2203	0.197742	-0.424	0.424
  2204	0.204397	-0.424	0.424
  2205	0.192064	-0.424	0.424
  2206	0.193017	-0.424	0.424
  2207	0.133392	-0.424	0.424
  2208	0.218904	-0.424	0.424
  2209	0.151652	-0.424	0.424
  2210	0.199929	-0.424	0.424
  2211	0.174794	-0.424	0.424
  2212	0.220454	-0.424	0.424
  2213	0.196793	-0.424	0.424
  2214	0.232601	-0.424	0.424
  2215	0.207458	-0.424	0.424
  2216	0.181045	-0.424	0.424
  2217	0.224218	-0.424	0.424
  2218	0.21927	-0.424	0.424
  2219	0.154863	-0.424	0.424
  2220	0.196768	-0.424	0.424
  2221	0.183363	-0.424	0.424
  2222	0.205454	-0.424	0.424
  2223	0.144213	-0.424	0.424
  2224	0.169139	-0.424	0.424
  2225	0.197181	-0.424	0.424
  2226	0.200975	-0.424	0.424
  2227	0.194023	-0.424	0.424
  2228	0.21771	-0.424	0.424
  2229	0.197695	-0.424	0.424
  2230	0.16295	-0.424	0.424
  2231	0.197004	-0.424	0.424
  2232	0.200534	-0.424	0.424
  2233	0.162945	-0.424	0.424
  2234	0.200696	-0.424	0.424
  2235	0.206095	-0.424	0.424
  2236	0.172599	-0.424	0.424
  2237	0.215229	-0.424	0.424
  2238	0.20148	-0.424	0.424
  2239	0.168895	-0.424	0.424
  2240	0.203747	-0.424	0.424
  2241	0.222243	-0.424	0.424
  2242	0.192142	-0.424	0.424
  2243	0.165216	-0.424	0.424
  2244	0.205849	-0.424	0.424
  2245	0.20213	-0.424	0.424
  2246	0.188695	-0.424	0.424
  2247	0.166868	-0.424	0.424
  2248	0.204174	-0.424	0.424
  2249	0.191575	-0.424	0.424
  2250	0.179784	-0.424	0.424
  2251	0.221702	-0.424	0.424
  2252	0.193863	-0.424	0.424
  2253	0.22611	-0.424	0.424
  2254	0.185618	-0.424	0.424
  2255	0.183333	-0.424	0.424
  2256	0.176393	-0.424	0.424
  2257	0.206287	-0.424	0.424
  2258	0.209481	-0.424	0.424
  2259	0.203034	-0.424	0.424
  2260	0.209376	-0.424	0.424
  2261	0.168468	-0.424	0.424
  2262	0.213023	-0.424	0.424
  2263	0.216397	-0.424	0.424
  2264	0.220001	-0.424	0.424
  2265	0.204025	-0.424	0.424
  2266	0.190618	-0.424	0.424
  2267	0.205939	-0.424	0.424
  2268	0.202184	-0.424	0.424
  2269	0.171612	-0.424	0.424
  2270	0.189535	-0.424	0.424
  2271	0.185949	-0.424	0.424
  2272	0.199518	-0.424	0.424
  2273	0.217855	-0.424	0.424
  2274	0.199047	-0.424	0.424
  2275	0.195169	-0.424	0.424
  2276	0.217193	-0.424	0.424
  2277	0.205167	-0.424	0.424
  2278	0.150814	-0.424	0.424
  2279	0.182524	-0.424	0.424
  2280	0.214877	-0.424	0.424
  2281	0.207375	-0.424	0.424
  2282	0.207439	-0.424	0.424
  2283	0.216812	-0.424	0.424
  2284	0.214366	-0.424	0.424
  2285	0.186532	-0.424	0.424
  2286	0.165909	-0.424	0.424
  2287	0.211769	-0.424	0.424
  2288	0.204586	-0.424	0.424
  2289	0.177394	-0.424	0.424
  2290	0.21221	-0.424	0.424
  2291	0.200301	-0.424	0.424
  2292	0.214113	-0.424	0.424
  2293	0.186672	-0.424	0.424
  2294	0.179755	-0.424	0.424
  2295	0.223959	-0.424	0.424
  2296	0.200899	-0.424	0.424
  2297	0.183568	-0.424	0.424
  2298	0.193423	-0.424	0.424
  2299	0.191782	-0.424	0.424
  2300	0.205127	-0.424	0.424
  2301	0.217722	-0.424	0.424
  2302	0.174282	-0.424	0.424
  2303	0.192079	-0.424	0.424
  2304	0.225045	-0.424	0.424
  2305	0.218772	-0.424	0.424
  2306	0.17816	-0.424	0.424
  2307	0.208546	-0.424	0.424
  2308	0.181259	-0.424	0.424
  2309	0.165124	-0.424	0.424
  2310	0.223313	-0.424	0.424
  2311	0.1391	-0.424	0.424
  2312	0.174277	-0.424	0.424
  2313	0.212996	-0.424	0.424
  2314	0.188063	-0.424	0.424
  2315	0.183991	-0.424	0.424
  2316	0.208378	-0.424	0.424
  2317	0.201079	-0.424	0.424
  2318	0.205615	-0.424	0.424
  2319	0.173901	-0.424	0.424
  2320	0.221173	-0.424	0.424
  2321	0.223988	-0.424	0.424
  2322	0.212848	-0.424	0.424
  2323	0.19123	-0.424	0.424
  2324	0.163745	-0.424	0.424
  2325	0.208464	-0.424	0.424
  2326	0.19139	-0.424	0.424
  2327	0.21474	-0.424	0.424
  2328	0.187917	-0.424	0.424
  2329	0.190907	-0.424	0.424
  2330	0.228349	-0.424	0.424
  2331	0.21152	-0.424	0.424
  2332	0.209608	-0.424	0.424
  2333	0.213622	-0.424	0.424
  2334	0.228177	-0.424	0.424
  2335	0.174563	-0.424	0.424
  2336	0.21796	-0.424	0.424
  2337	0.177432	-0.424	0.424
  2338	0.188762	-0.424	0.424
  2339	0.19576	-0.424	0.424
  2340	0.181937	-0.424	0.424
  2341	0.183299	-0.424	0.424
  2342	0.215987	-0.424	0.424
  2343	0.196894	-0.424	0.424
  2344	0.220196	-0.424	0.424
  2345	0.175753	-0.424	0.424
  2346	0.175209	-0.424	0.424
  2347	0.222883	-0.424	0.424
  2348	0.17298	-0.424	0.424
  2349	0.224022	-0.424	0.424
  2350	0.155253	-0.424	0.424
  2351	0.197459	-0.424	0.424
  2352	0.21384	-0.424	0.424
  2353	0.186293	-0.424	0.424
  2354	0.215402	-0.424	0.424
  2355	0.190034	-0.424	0.424
  2356	0.182658	-0.424	0.424
  2357	0.169484	-0.424	0.424
  2358	0.191446	-0.424	0.424
  2359	0.201264	-0.424	0.424
  2360	0.204019	-0.424	0.424
  2361	0.199737	-0.424	0.424
  2362	0.186101	-0.424	0.424
  2363	0.153076	-0.424	0.424
  2364	0.196248	-0.424	0.424
  2365	0.198593	-0.424	0.424
  2366	0.198039	-0.424	0.424
  2367	0.167713	-0.424	0.424
  2368	0.166023	-0.424	0.424
  2369	0.180454	-0.424	0.424
  2370	0.205107	-0.424	0.424
  2371	0.225701	-0.424	0.424
  2372	0.218441	-0.424	0.424
  2373	0.181284	-0.424	0.424
  2374	0.183497	-0.424	0.424
  2375	0.205885	-0.424	0.424
  2376	0.172673	-0.424	0.424
  2377	0.190474	-0.424	0.424
  2378	0.206005	-0.424	0.424
  2379	0.207584	-0.424	0.424
  2380	0.176957	-0.424	0.424
  2381	0.225089	-0.424	0.424
  2382	0.194191	-0.424	0.424
  2383	0.202295	-0.424	0.424
  2384	0.183249	-0.424	0.424
  2385	0.192931	-0.424	0.424
  2386	0.201112	-0.424	0.424
  2387	0.19305	-0.424	0.424
  2388	0.217602	-0.424	0.424
  2389	0.202174	-0.424	0.424
  2390	0.20952	-0.424	0.424
  2391	0.212951	-0.424	0.424
  2392	0.205726	-0.424	0.424
  2393	0.205609	-0.424	0.424
  2394	0.203386	-0.424	0.424
  2395	0.179737	-0.424	0.424
  2396	0.209808	-0.424	0.424
  2397	0.206597	-0.424	0.424
  2398	0.210415	-0.424	0.424
  2399	0.187929	-0.424	0.424
  2400	0.184549	-0.424	0.424
  2401	0.204997	-0.424	0.424
  2402	0.180148	-0.424	0.424
  2403	0.154533	-0.424	0.424
  2404	0.191313	-0.424	0.424
  2405	0.172688	-0.424	0.424
  2406	0.204273	-0.424	0.424
  2407	0.207724	-0.424	0.424
  2408	0.215494	-0.424	0.424
  2409	0.202853	-0.424	0.424
  2410	0.188875	-0.424	0.424
  2411	0.222268	-0.424	0.424
  2412	0.190009	-0.424	0.424
  2413	0.20074	-0.424	0.424
  2414	0.206977	-0.424	0.424
  2415	0.221817	-0.424	0.424
  2416	0.172624	-0.424	0.424
  2417	0.220539	-0.424	0.424
  2418	0.206804	-0.424	0.424
  2419	0.17286	-0.424	0.424
  2420	0.189236	-0.424	0.424
  2421	0.19257	-0.424	0.424
  2422	0.205509	-0.424	0.424
  2423	0.214693	-0.424	0.424
  2424	0.197468	-0.424	0.424
  2425	0.178361	-0.424	0.424
  2426	0.218044	-0.424	0.424
  2427	0.178537	-0.424	0.424
  2428	0.207296	-0.424	0.424
  2429	0.185621	-0.424	0.424
  2430	0.204919	-0.424	0.424
  2431	0.210001	-0.424	0.424
  2432	0.20359	-0.424	0.424
  2433	0.191108	-0.424	0.424
  2434	0.191197	-0.424	0.424
  2435	0.213597	-0.424	0.424
  2436	0.197475	-0.424	0.424
  2437	0.171018	-0.424	0.424
  2438	0.212531	-0.424	0.424
  2439	0.195112	-0.424	0.424
  2440	0.199076	-0.424	0.424
  2441	0.180354	-0.424	0.424
  2442	0.211036	-0.424	0.424
  2443	0.213818	-0.424	0.424
  2444	0.169689	-0.424	0.424
  2445	0.228863	-0.424	0.424
  2446	0.192945	-0.424	0.424
  2447	0.212754	-0.424	0.424
  2448	0.204729	-0.424	0.424
  2449	0.211672	-0.424	0.424
  2450	0.209045	-0.424	0.424
  2451	0.199138	-0.424	0.424
  2452	0.179498	-0.424	0.424
  2453	0.193516	-0.424	0.424
  2454	0.199893	-0.424	0.424
  2455	0.198823	-0.424	0.424
  2456	0.21562	-0.424	0.424
  2457	0.22108	-0.424	0.424
  2458	0.201169	-0.424	0.424
  2459	0.199971	-0.424	0.424
  2460	0.184112	-0.424	0.424
  2461	0.207608	-0.424	0.424
  2462	0.172995	-0.424	0.424
  2463	0.210152	-0.424	0.424
  2464	0.182894	-0.424	0.424
  2465	0.17012	-0.424	0.424
  2466	0.204306	-0.424	0.424
  2467	0.171866	-0.424	0.424
  2468	0.207479	-0.424	0.424
  2469	0.214453	-0.424	0.424
  2470	0.226707	-0.424	0.424
  2471	0.152757	-0.424	0.424
  2472	0.196706	-0.424	0.424
  2473	0.20159	-0.424	0.424
  2474	0.205141	-0.424	0.424
  2475	0.185457	-0.424	0.424
  2476	0.189839	-0.424	0.424
  2477	0.221502	-0.424	0.424
  2478	0.205434	-0.424	0.424
  2479	0.205907	-0.424	0.424
  2480	0.195872	-0.424	0.424
  2481	0.173369	-0.424	0.424
  2482	0.168062	-0.424	0.424
  2483	0.194481	-0.424	0.424
  2484	0.178628	-0.424	0.424
  2485	0.192038	-0.424	0.424
  2486	0.216965	-0.424	0.424
  2487	0.201667	-0.424	0.424
  2488	0.199667	-0.424	0.424
  2489	0.223701	-0.424	0.424
  2490	0.194807	-0.424	0.424
  2491	0.212601	-0.424	0.424
  2492	0.184601	-0.424	0.424
  2493	0.164517	-0.424	0.424
  2494	0.201503	-0.424	0.424
  2495	0.208636	-0.424	0.424
  2496	0.188575	-0.424	0.424
  2497	0.213897	-0.424	0.424
  2498	0.185196	-0.424	0.424
  2499	0.204845	-0.424	0.424
  2500	0.164289	-0.424	0.424
  2501	0.188425	-0.424	0.424
  2502	0.190722	-0.424	0.424
  2503	0.205753	-0.424	0.424
  2504	0.202764	-0.424	0.424
  2505	0.127091	-0.424	0.424
  2506	0.205877	-0.424	0.424
  2507	0.208387	-0.424	0.424
  2508	0.193743	-0.424	0.424
  2509	0.206333	-0.424	0.424
  2510	0.202995	-0.424	0.424
  2511	0.198694	-0.424	0.424
  2512	0.209929	-0.424	0.424
  2513	0.18688	-0.424	0.424
  2514	0.221556	-0.424	0.424
  2515	0.212999	-0.424	0.424
  2516	0.203376	-0.424	0.424
  2517	0.160973	-0.424	0.424
  2518	0.193591	-0.424	0.424
  2519	0.214322	-0.424	0.424
  2520	0.193886	-0.424	0.424
  2521	0.198588	-0.424	0.424
  2522	0.213247	-0.424	0.424
  2523	0.188394	-0.424	0.424
  2524	0.194212	-0.424	0.424
  2525	0.217676	-0.424	0.424
  2526	0.205137	-0.424	0.424
  2527	0.217312	-0.424	0.424
  2528	0.178785	-0.424	0.424
  2529	0.183489	-0.424	0.424
  2530	0.194229	-0.424	0.424
  2531	0.216746	-0.424	0.424
  2532	0.200514	-0.424	0.424
  2533	0.156051	-0.424	0.424
  2534	0.218019	-0.424	0.424
  2535	0.204535	-0.424	0.424
  2536	0.20004	-0.424	0.424
  2537	0.195723	-0.424	0.424
  2538	0.180428	-0.424	0.424
  2539	0.21857	-0.424	0.424
  2540	0.207378	-0.424	0.424
  2541	0.188656	-0.424	0.424
  2542	0.214297	-0.424	0.424
  2543	0.175859	-0.424	0.424
  2544	0.196408	-0.424	0.424
  2545	0.217329	-0.424	0.424
  2546	0.194967	-0.424	0.424
  2547	0.216217	-0.424	0.424
  2548	0.231066	-0.424	0.424
  2549	0.151009	-0.424	0.424
  2550	0.213826	-0.424	0.424
  2551	0.184505	-0.424	0.424
  2552	0.186385	-0.424	0.424
  2553	0.193624	-0.424	0.424
  2554	0.21136	-0.424	0.424
  2555	0.186314	-0.424	0.424
  2556	0.177145	-0.424	0.424
  2557	0.168091	-0.424	0.424
  2558	0.183723	-0.424	0.424
  2559	0.197559	-0.424	0.424
  2560	0.18061	-0.424	0.424
  2561	0.176584	-0.424	0.424
  2562	0.215054	-0.424	0.424
  2563	0.208872	-0.424	0.424
  2564	0.215829	-0.424	0.424
  2565	0.215635	-0.424	0.424
  2566	0.190514	-0.424	0.424
  2567	0.188122	-0.424	0.424
  2568	0.191902	-0.424	0.424
  2569	0.173488	-0.424	0.424
  2570	0.212717	-0.424	0.424
  2571	0.203875	-0.424	0.424
  2572	0.205126	-0.424	0.424
  2573	0.211675	-0.424	0.424
  2574	0.185807	-0.424	0.424
  2575	0.205962	-0.424	0.424
  2576	0.186652	-0.424	0.424
  2577	0.180373	-0.424	0.424
  2578	0.197809	-0.424	0.424
  2579	0.221637	-0.424	0.424
  2580	0.233503	-0.424	0.424
  2581	0.209854	-0.424	0.424
  2582	0.180534	-0.424	0.424
  2583	0.212935	-0.424	0.424
  2584	0.201116	-0.424	0.424
  2585	0.186324	-0.424	0.424
  2586	0.187843	-0.424	0.424
  2587	0.218757	-0.424	0.424
  2588	0.154247	-0.424	0.424
  2589	0.187554	-0.424	0.424
  2590	0.201692	-0.424	0.424
  2591	0.195925	-0.424	0.424
  2592	0.203356	-0.424	0.424
  2593	0.205013	-0.424	0.424
  2594	0.213471	-0.424	0.424
  2595	0.210188	-0.424	0.424
  2596	0.194339	-0.424	0.424
  2597	0.184864	-0.424	0.424
  2598	0.204655	-0.424	0.424
  2599	0.219623	-0.424	0.424
  2600	0.20401	-0.424	0.424
  2601	0.186427	-0.424	0.424
  2602	0.176924	-0.424	0.424
  2603	0.223417	-0.424	0.424
  2604	0.206643	-0.424	0.424
  2605	0.208421	-0.424	0.424
  2606	0.21065	-0.424	0.424
  2607	0.217591	-0.424	0.424
  2608	0.175169	-0.424	0.424
  2609	0.215689	-0.424	0.424
  2610	0.180816	-0.424	0.424
  2611	0.20084	-0.424	0.424
  2612	0.195805	-0.424	0.424
  2613	0.205122	-0.424	0.424
  2614	0.210204	-0.424	0.424
  2615	0.206958	-0.424	0.424
  2616	0.212939	-0.424	0.424
  2617	0.214649	-0.424	0.424
  2618	0.224444	-0.424	0.424
  2619	0.195386	-0.424	0.424
  2620	0.224508	-0.424	0.424
  2621	0.217144	-0.424	0.424
  2622	0.209923	-0.424	0.424
  2623	0.203414	-0.424	0.424
  2624	0.195097	-0.424	0.424
  2625	0.196793	-0.424	0.424
  2626	0.198432	-0.424	0.424
  2627	0.184621	-0.424	0.424
  2628	0.174555	-0.424	0.424
  2629	0.217571	-0.424	0.424
  2630	0.199938	-0.424	0.424
  2631	0.218325	-0.424	0.424
  2632	0.186852	-0.424	0.424
  2633	0.188561	-0.424	0.424
  2634	0.184677	-0.424	0.424
  2635	0.191847	-0.424	0.424
  2636	0.182502	-0.424	0.424
  2637	0.193754	-0.424	0.424
  2638	0.166996	-0.424	0.424
  2639	0.200549	-0.424	0.424
  2640	0.179624	-0.424	0.424
  2641	0.190062	-0.424	0.424
  2642	0.185876	-0.424	0.424
  2643	0.203936	-0.424	0.424
  2644	0.18288	-0.424	0.424
  2645	0.198759	-0.424	0.424
  2646	0.203299	-0.424	0.424
  2647	0.161004	-0.424	0.424
  2648	0.199843	-0.424	0.424
  2649	0.214681	-0.424	0.424
  2650	0.195222	-0.424	0.424
  2651	0.206738	-0.424	0.424
  2652	0.188579	-0.424	0.424
  2653	0.189069	-0.424	0.424
  2654	0.183902	-0.424	0.424
  2655	0.218557	-0.424	0.424
  2656	0.206909	-0.424	0.424
  2657	0.218188	-0.424	0.424
  2658	0.19204	-0.424	0.424
  2659	0.213848	-0.424	0.424
  2660	0.201149	-0.424	0.424
  2661	0.198983	-0.424	0.424
  2662	0.21481	-0.424	0.424
  2663	0.187285	-0.424	0.424
  2664	0.215422	-0.424	0.424
  2665	0.201378	-0.424	0.424
  2666	0.167119	-0.424	0.424
  2667	0.203125	-0.424	0.424
  2668	0.187026	-0.424	0.424
  2669	0.198216	-0.424	0.424
  2670	0.197129	-0.424	0.424
  2671	0.168057	-0.424	0.424
  2672	0.19801	-0.424	0.424
  2673	0.19765	-0.424	0.424
  2674	0.182244	-0.424	0.424
  2675	0.193555	-0.424	0.424
  2676	0.179795	-0.424	0.424
  2677	0.190777	-0.424	0.424
  2678	0.186215	-0.424	0.424
  2679	0.198066	-0.424	0.424
  2680	0.214931	-0.424	0.424
  2681	0.187895	-0.424	0.424
  2682	0.218865	-0.424	0.424
  2683	0.210392	-0.424	0.424
  2684	0.195105	-0.424	0.424
  2685	0.175315	-0.424	0.424
  2686	0.223816	-0.424	0.424
  2687	0.178736	-0.424	0.424
  2688	0.168396	-0.424	0.424
  2689	0.196052	-0.424	0.424
  2690	0.211531	-0.424	0.424
  2691	0.200589	-0.424	0.424
  2692	0.171693	-0.424	0.424
  2693	0.218888	-0.424	0.424
  2694	0.206318	-0.424	0.424
  2695	0.203908	-0.424	0.424
  2696	0.184424	-0.424	0.424
  2697	0.206109	-0.424	0.424
  2698	0.178093	-0.424	0.424
  2699	0.169086	-0.424	0.424
  2700	0.205208	-0.424	0.424
  2701	0.201783	-0.424	0.424
  2702	0.195952	-0.424	0.424
  2703	0.170293	-0.424	0.424
  2704	0.193882	-0.424	0.424
  2705	0.214635	-0.424	0.424
  2706	0.199629	-0.424	0.424
  2707	0.214695	-0.424	0.424
  2708	0.193379	-0.424	0.424
  2709	0.150567	-0.424	0.424
  2710	0.221502	-0.424	0.424
  2711	0.202358	-0.424	0.424
  2712	0.190085	-0.424	0.424
  2713	0.220345	-0.424	0.424
  2714	0.195836	-0.424	0.424
  2715	0.194087	-0.424	0.424
  2716	0.162364	-0.424	0.424
  2717	0.177772	-0.424	0.424
  2718	0.214331	-0.424	0.424
  2719	0.214772	-0.424	0.424
  2720	0.165671	-0.424	0.424
  2721	0.181164	-0.424	0.424
  2722	0.190033	-0.424	0.424
  2723	0.176185	-0.424	0.424
  2724	0.194653	-0.424	0.424
  2725	0.18868	-0.424	0.424
  2726	0.19791	-0.424	0.424
  2727	0.19709	-0.424	0.424
  2728	0.210114	-0.424	0.424
  2729	0.194386	-0.424	0.424
  2730	0.181975	-0.424	0.424
  2731	0.212761	-0.424	0.424
  2732	0.20535	-0.424	0.424
  2733	0.196624	-0.424	0.424
  2734	0.214113	-0.424	0.424
  2735	0.205516	-0.424	0.424
  2736	0.206892	-0.424	0.424
  2737	0.217102	-0.424	0.424
  2738	0.16689	-0.424	0.424
  2739	0.18412	-0.424	0.424
  2740	0.202774	-0.424	0.424
  2741	0.170054	-0.424	0.424
  2742	0.204907	-0.424	0.424
  2743	0.208507	-0.424	0.424
  2744	0.206849	-0.424	0.424
  2745	0.19675	-0.424	0.424
  2746	0.202465	-0.424	0.424
  2747	0.207913	-0.424	0.424
  2748	0.215923	-0.424	0.424
  2749	0.184564	-0.424	0.424
  2750	0.217489	-0.424	0.424
  2751	0.206004	-0.424	0.424
  2752	0.152332	-0.424	0.424
  2753	0.17357	-0.424	0.424
  2754	0.198759	-0.424	0.424
  2755	0.174749	-0.424	0.424
  2756	0.192267	-0.424	0.424
  2757	0.193524	-0.424	0.424
  2758	0.222116	-0.424	0.424
  2759	0.199872	-0.424	0.424
  2760	0.195968	-0.424	0.424
  2761	0.198025	-0.424	0.424
  2762	0.183132	-0.424	0.424
  2763	0.173014	-0.424	0.424
  2764	0.194626	-0.424	0.424
  2765	0.204614	-0.424	0.424
  2766	0.2092	-0.424	0.424
  2767	0.201145	-0.424	0.424
  2768	0.202183	-0.424	0.424
  2769	0.214646	-0.424	0.424
  2770	0.203005	-0.424	0.424
  2771	0.205895	-0.424	0.424
  2772	0.218228	-0.424	0.424
  2773	0.180942	-0.424	0.424
  2774	0.198665	-0.424	0.424
  2775	0.202246	-0.424	0.424
  2776	0.192122	-0.424	0.424
  2777	0.156711	-0.424	0.424
  2778	0.196456	-0.424	0.424
  2779	0.232243	-0.424	0.424
  2780	0.214645	-0.424	0.424
  2781	0.151688	-0.424	0.424
  2782	0.204475	-0.424	0.424
  2783	0.205741	-0.424	0.424
  2784	0.206026	-0.424	0.424
  2785	0.188337	-0.424	0.424
  2786	0.211591	-0.424	0.424
  2787	0.188039	-0.424	0.424
  2788	0.200201	-0.424	0.424
  2789	0.210205	-0.424	0.424
  2790	0.210154	-0.424	0.424
  2791	0.219415	-0.424	0.424
  2792	0.19866	-0.424	0.424
  2793	0.199925	-0.424	0.424
  2794	0.164922	-0.424	0.424
  2795	0.203097	-0.424	0.424
  2796	0.221476	-0.424	0.424
  2797	0.199889	-0.424	0.424
  2798	0.179245	-0.424	0.424
  2799	0.191881	-0.424	0.424
  2800	0.199238	-0.424	0.424
  2801	0.217411	-0.424	0.424
  2802	0.209431	-0.424	0.424
  2803	0.191333	-0.424	0.424
  2804	0.196884	-0.424	0.424
  2805	0.205787	-0.424	0.424
  2806	0.202782	-0.424	0.424
  2807	0.174387	-0.424	0.424
  2808	0.197845	-0.424	0.424
  2809	0.196767	-0.424	0.424
  2810	0.210618	-0.424	0.424
  2811	0.201859	-0.424	0.424
  2812	0.196919	-0.424	0.424
  2813	0.208011	-0.424	0.424
  2814	0.180809	-0.424	0.424
  2815	0.194417	-0.424	0.424
  2816	0.198655	-0.424	0.424
  2817	0.156326	-0.424	0.424
  2818	0.219245	-0.424	0.424
  2819	0.176858	-0.424	0.424
  2820	0.15274	-0.424	0.424
  2821	0.202914	-0.424	0.424
  2822	0.187313	-0.424	0.424
  2823	0.223693	-0.424	0.424
  2824	0.191775	-0.424	0.424
  2825	0.160056	-0.424	0.424
  2826	0.212218	-0.424	0.424
  2827	0.201915	-0.424	0.424
  2828	0.205105	-0.424	0.424
  2829	0.199525	-0.424	0.424
  2830	0.224038	-0.424	0.424
  2831	0.189539	-0.424	0.424
  2832	0.222528	-0.424	0.424
  2833	0.171365	-0.424	0.424
  2834	0.192285	-0.424	0.424
  2835	0.221896	-0.424	0.424
  2836	0.19056	-0.424	0.424
  2837	0.191778	-0.424	0.424
  2838	0.173523	-0.424	0.424
  2839	0.22336	-0.424	0.424
  2840	0.211153	-0.424	0.424
  2841	0.169042	-0.424	0.424
  2842	0.202783	-0.424	0.424
  2843	0.158059	-0.424	0.424
  2844	0.216071	-0.424	0.424
  2845	0.163014	-0.424	0.424
  2846	0.218349	-0.424	0.424
  2847	0.144185	-0.424	0.424
  2848	0.212723	-0.424	0.424
  2849	0.192061	-0.424	0.424
  2850	0.214939	-0.424	0.424
  2851	0.219757	-0.424	0.424
  2852	0.198602	-0.424	0.424
  2853	0.198801	-0.424	0.424
  2854	0.218225	-0.424	0.424
  2855	0.211661	-0.424	0.424
  2856	0.212701	-0.424	0.424
  2857	0.214581	-0.424	0.424
  2858	0.193218	-0.424	0.424
  2859	0.187746	-0.424	0.424
  2860	0.211806	-0.424	0.424
  2861	0.195508	-0.424	0.424
  2862	0.211531	-0.424	0.424
  2863	0.209746	-0.424	0.424
  2864	0.192893	-0.424	0.424
  2865	0.183612	-0.424	0.424
  2866	0.215776	-0.424	0.424
  2867	0.215006	-0.424	0.424
  2868	0.198831	-0.424	0.424
  2869	0.203572	-0.424	0.424
  2870	0.213942	-0.424	0.424
  2871	0.203123	-0.424	0.424
  2872	0.210778	-0.424	0.424
  2873	0.194478	-0.424	0.424
  2874	0.176777	-0.424	0.424
  2875	0.186478	-0.424	0.424
  2876	0.213817	-0.424	0.424
  2877	0.188409	-0.424	0.424
  2878	0.210713	-0.424	0.424
  2879	0.215763	-0.424	0.424
  2880	0.183119	-0.424	0.424
  2881	0.201679	-0.424	0.424
  2882	0.201559	-0.424	0.424
  2883	0.205733	-0.424	0.424
  2884	0.19568	-0.424	0.424
  2885	0.219375	-0.424	0.424
  2886	0.176045	-0.424	0.424
  2887	0.146315	-0.424	0.424
  2888	0.201047	-0.424	0.424
  2889	0.192268	-0.424	0.424
  2890	0.160439	-0.424	0.424
  2891	0.149417	-0.424	0.424
  2892	0.217121	-0.424	0.424
  2893	0.187009	-0.424	0.424
  2894	0.161732	-0.424	0.424
  2895	0.166084	-0.424	0.424
  2896	0.168652	-0.424	0.424
  2897	0.209769	-0.424	0.424
  2898	0.226895	-0.424	0.424
  2899	0.224101	-0.424	0.424
  2900	0.188666	-0.424	0.424
  2901	0.229576	-0.424	0.424
  2902	0.206061	-0.424	0.424
  2903	0.20367	-0.424	0.424
  2904	0.166275	-0.424	0.424
  2905	0.191767	-0.424	0.424
  2906	0.202147	-0.424	0.424
  2907	0.201052	-0.424	0.424
  2908	0.184209	-0.424	0.424
  2909	0.214174	-0.424	0.424
  2910	0.202421	-0.424	0.424
  2911	0.204055	-0.424	0.424
  2912	0.207136	-0.424	0.424
  2913	0.177241	-0.424	0.424
  2914	0.180298	-0.424	0.424
  2915	0.203076	-0.424	0.424
  2916	0.176131	-0.424	0.424
  2917	0.219855	-0.424	0.424
  2918	0.179798	-0.424	0.424
  2919	0.177465	-0.424	0.424
  2920	0.183907	-0.424	0.424
  2921	0.196101	-0.424	0.424
  2922	0.193414	-0.424	0.424
  2923	0.196148	-0.424	0.424
  2924	0.206642	-0.424	0.424
  2925	0.206667	-0.424	0.424
  2926	0.173401	-0.424	0.424
  2927	0.19755	-0.424	0.424
  2928	0.217358	-0.424	0.424
  2929	0.190467	-0.424	0.424
  2930	0.22281	-0.424	0.424
  2931	0.193031	-0.424	0.424
  2932	0.219793	-0.424	0.424
  2933	0.126633	-0.424	0.424
  2934	0.203794	-0.424	0.424
  2935	0.182818	-0.424	0.424
  2936	0.196972	-0.424	0.424
  2937	0.167446	-0.424	0.424
  2938	0.192926	-0.424	0.424
  2939	0.208004	-0.424	0.424
  2940	0.209749	-0.424	0.424
  2941	0.197333	-0.424	0.424
  2942	0.182532	-0.424	0.424
  2943	0.213269	-0.424	0.424
  2944	0.153293	-0.424	0.424
  2945	0.196486	-0.424	0.424
  2946	0.198947	-0.424	0.424
  2947	0.190724	-0.424	0.424
  2948	0.209958	-0.424	0.424
  2949	0.189512	-0.424	0.424
  2950	0.190891	-0.424	0.424
  2951	0.189328	-0.424	0.424
  2952	0.18822	-0.424	0.424
  2953	0.181423	-0.424	0.424
  2954	0.199595	-0.424	0.424
  2955	0.218334	-0.424	0.424
  2956	0.217338	-0.424	0.424
  2957	0.158981	-0.424	0.424
  2958	0.194057	-0.424	0.424
  2959	0.205848	-0.424	0.424
  2960	0.17413	-0.424	0.424
  2961	0.204108	-0.424	0.424
  2962	0.199726	-0.424	0.424
  2963	0.221025	-0.424	0.424
  2964	0.221815	-0.424	0.424
  2965	0.193744	-0.424	0.424
  2966	0.183667	-0.424	0.424
  2967	0.17489	-0.424	0.424
  2968	0.21087	-0.424	0.424
  2969	0.226174	-0.424	0.424
  2970	0.198493	-0.424	0.424
  2971	0.181644	-0.424	0.424
  2972	0.213168	-0.424	0.424
  2973	0.195957	-0.424	0.424
  2974	0.181556	-0.424	0.424
  2975	0.176041	-0.424	0.424
  2976	0.211723	-0.424	0.424
  2977	0.232528	-0.424	0.424
  2978	0.172986	-0.424	0.424
  2979	0.186273	-0.424	0.424
  2980	0.222059	-0.424	0.424
  2981	0.213873	-0.424	0.424
  2982	0.189897	-0.424	0.424
  2983	0.198609	-0.424	0.424
  2984	0.200615	-0.424	0.424
  2985	0.191121	-0.424	0.424
  2986	0.192635	-0.424	0.424
  2987	0.212969	-0.424	0.424
  2988	0.211855	-0.424	0.424
  2989	0.175357	-0.424	0.424
  2990	0.172592	-0.424	0.424
  2991	0.183823	-0.424	0.424
  2992	0.206689	-0.424	0.424
  2993	0.21319	-0.424	0.424
  2994	0.174308	-0.424	0.424
  2995	0.210111	-0.424	0.424
  2996	0.212675	-0.424	0.424
  2997	0.161113	-0.424	0.424
  2998	0.220343	-0.424	0.424
  2999	0.194679	-0.424	0.424
  3000	0.211409	-0.424	0.424
  3001	0.223894	-0.424	0.424
  3002	0.222302	-0.424	0.424
  3003	0.205835	-0.424	0.424
  3004	0.177133	-0.424	0.424
  3005	0.205258	-0.424	0.424
  3006	0.167265	-0.424	0.424
  3007	0.196607	-0.424	0.424
  3008	0.221363	-0.424	0.424
  3009	0.209986	-0.424	0.424
  3010	0.202169	-0.424	0.424
  3011	0.217473	-0.424	0.424
  3012	0.212443	-0.424	0.424
  3013	0.181419	-0.424	0.424
  3014	0.195421	-0.424	0.424
  3015	0.199083	-0.424	0.424
  3016	0.230058	-0.424	0.424
  3017	0.216952	-0.424	0.424
  3018	0.18212	-0.424	0.424
  3019	0.217267	-0.424	0.424
  3020	0.179697	-0.424	0.424
  3021	0.190312	-0.424	0.424
  3022	0.208042	-0.424	0.424
  3023	0.208378	-0.424	0.424
  3024	0.216372	-0.424	0.424
  3025	0.211881	-0.424	0.424
  3026	0.162506	-0.424	0.424
  3027	0.181868	-0.424	0.424
  3028	0.213643	-0.424	0.424
  3029	0.17537	-0.424	0.424
  3030	0.205011	-0.424	0.424
  3031	0.184682	-0.424	0.424
  3032	0.19021	-0.424	0.424
  3033	0.170644	-0.424	0.424
  3034	0.200926	-0.424	0.424
  3035	0.198048	-0.424	0.424
  3036	0.173544	-0.424	0.424
  3037	0.205359	-0.424	0.424
  3038	0.162113	-0.424	0.424
  3039	0.209633	-0.424	0.424
  3040	0.20402	-0.424	0.424
  3041	0.195444	-0.424	0.424
  3042	0.188171	-0.424	0.424
  3043	0.175556	-0.424	0.424
  3044	0.217387	-0.424	0.424
  3045	0.212524	-0.424	0.424
  3046	0.205045	-0.424	0.424
  3047	0.200346	-0.424	0.424
  3048	0.204497	-0.424	0.424
  3049	0.137303	-0.424	0.424
  3050	0.202767	-0.424	0.424
  3051	0.209713	-0.424	0.424
  3052	0.180975	-0.424	0.424
  3053	0.230556	-0.424	0.424
  3054	0.151069	-0.424	0.424
  3055	0.207056	-0.424	0.424
  3056	0.20287	-0.424	0.424
  3057	0.176465	-0.424	0.424
  3058	0.219904	-0.424	0.424
  3059	0.175209	-0.424	0.424
  3060	0.219113	-0.424	0.424
  3061	0.227245	-0.424	0.424
  3062	0.182306	-0.424	0.424
  3063	0.210495	-0.424	0.424
  3064	0.19403	-0.424	0.424
  3065	0.185896	-0.424	0.424
  3066	0.202279	-0.424	0.424
  3067	0.177178	-0.424	0.424
  3068	0.200079	-0.424	0.424
  3069	0.17168	-0.424	0.424
  3070	0.212365	-0.424	0.424
  3071	0.167878	-0.424	0.424
  3072	0.182887	-0.424	0.424
  3073	0.213829	-0.424	0.424
  3074	0.194736	-0.424	0.424
  3075	0.164711	-0.424	0.424
  3076	0.207338	-0.424	0.424
  3077	0.198654	-0.424	0.424
  3078	0.193043	-0.424	0.424
  3079	0.217349	-0.424	0.424
  3080	0.2035	-0.424	0.424
  3081	0.200501	-0.424	0.424
  3082	0.217508	-0.424	0.424
  3083	0.212019	-0.424	0.424
  3084	0.207317	-0.424	0.424
  3085	0.206545	-0.424	0.424
  3086	0.193107	-0.424	0.424
  3087	0.209795	-0.424	0.424
  3088	0.214323	-0.424	0.424
  3089	0.2188	-0.424	0.424
  3090	0.225953	-0.424	0.424
  3091	0.199385	-0.424	0.424
  3092	0.177585	-0.424	0.424
  3093	0.197636	-0.424	0.424
  3094	0.176215	-0.424	0.424
  3095	0.178477	-0.424	0.424
  3096	0.193775	-0.424	0.424
  3097	0.21225	-0.424	0.424
  3098	0.224651	-0.424	0.424
  3099	0.179046	-0.424	0.424
  3100	0.194005	-0.424	0.424
  3101	0.182481	-0.424	0.424
  3102	0.181926	-0.424	0.424
  3103	0.187458	-0.424	0.424
  3104	0.192406	-0.424	0.424
  3105	0.197808	-0.424	0.424
  3106	0.184382	-0.424	0.424
  3107	0.181964	-0.424	0.424
  3108	0.18383	-0.424	0.424
  3109	0.200392	-0.424	0.424
  3110	0.197276	-0.424	0.424
  3111	0.196178	-0.424	0.424
  3112	0.208126	-0.424	0.424
  3113	0.213997	-0.424	0.424
  3114	0.224358	-0.424	0.424
  3115	0.200996	-0.424	0.424
  3116	0.213581	-0.424	0.424
  3117	0.199184	-0.424	0.424
  3118	0.21529	-0.424	0.424
  3119	0.211405	-0.424	0.424
  3120	0.22344	-0.424	0.424
  3121	0.188933	-0.424	0.424
  3122	0.210232	-0.424	0.424
  3123	0.1891	-0.424	0.424
  3124	0.198337	-0.424	0.424
  3125	0.187337	-0.424	0.424
  3126	0.170433	-0.424	0.424
  3127	0.206072	-0.424	0.424
  3128	0.183827	-0.424	0.424
  3129	0.194704	-0.424	0.424
  3130	0.194272	-0.424	0.424
  3131	0.171253	-0.424	0.424
  3132	0.186412	-0.424	0.424
  3133	0.226518	-0.424	0.424
  3134	0.219768	-0.424	0.424
  3135	0.204	-0.424	0.424
  3136	0.199057	-0.424	0.424
  3137	0.166187	-0.424	0.424
  3138	0.210359	-0.424	0.424
  3139	0.188491	-0.424	0.424
  3140	0.199044	-0.424	0.424
  3141	0.195556	-0.424	0.424
  3142	0.201289	-0.424	0.424
  3143	0.191484	-0.424	0.424
  3144	0.176433	-0.424	0.424
  3145	0.142784	-0.424	0.424
  3146	0.179164	-0.424	0.424
  3147	0.217927	-0.424	0.424
  3148	0.194304	-0.424	0.424
  3149	0.223021	-0.424	0.424
  3150	0.176337	-0.424	0.424
  3151	0.172493	-0.424	0.424
  3152	0.19935	-0.424	0.424
  3153	0.21801	-0.424	0.424
  3154	0.195769	-0.424	0.424
  3155	0.184255	-0.424	0.424
  3156	0.21358	-0.424	0.424
  3157	0.227887	-0.424	0.424
  3158	0.195184	-0.424	0.424
  3159	0.148072	-0.424	0.424
  3160	0.225848	-0.424	0.424
  3161	0.186187	-0.424	0.424
  3162	0.143751	-0.424	0.424
  3163	0.207781	-0.424	0.424
  3164	0.206537	-0.424	0.424
  3165	0.201696	-0.424	0.424
  3166	0.21288	-0.424	0.424
  3167	0.186007	-0.424	0.424
  3168	0.192372	-0.424	0.424
  3169	0.208694	-0.424	0.424
  3170	0.195522	-0.424	0.424
  3171	0.17746	-0.424	0.424
  3172	0.216843	-0.424	0.424
  3173	0.190432	-0.424	0.424
  3174	0.153282	-0.424	0.424
  3175	0.188516	-0.424	0.424
  3176	0.170225	-0.424	0.424
  3177	0.189254	-0.424	0.424
  3178	0.188976	-0.424	0.424
  3179	0.215756	-0.424	0.424
  3180	0.182668	-0.424	0.424
  3181	0.20827	-0.424	0.424
  3182	0.19103	-0.424	0.424
  3183	0.202559	-0.424	0.424
  3184	0.168489	-0.424	0.424
  3185	0.192001	-0.424	0.424
  3186	0.169793	-0.424	0.424
  3187	0.203899	-0.424	0.424
  3188	0.204466	-0.424	0.424
  3189	0.200205	-0.424	0.424
  3190	0.209641	-0.424	0.424
  3191	0.198873	-0.424	0.424
  3192	0.189034	-0.424	0.424
  3193	0.195704	-0.424	0.424
  3194	0.172908	-0.424	0.424
  3195	0.180336	-0.424	0.424
  3196	0.175523	-0.424	0.424
  3197	0.186434	-0.424	0.424
  3198	0.217286	-0.424	0.424
  3199	0.176457	-0.424	0.424
  3200	0.170674	-0.424	0.424
  3201	0.18112	-0.424	0.424
  3202	0.222464	-0.424	0.424
  3203	0.208861	-0.424	0.424
  3204	0.212365	-0.424	0.424
  3205	0.183072	-0.424	0.424
  3206	0.199954	-0.424	0.424
  3207	0.217368	-0.424	0.424
  3208	0.224375	-0.424	0.424
  3209	0.20993	-0.424	0.424
  3210	0.187796	-0.424	0.424
  3211	0.204235	-0.424	0.424
  3212	0.160472	-0.424	0.424
  3213	0.199701	-0.424	0.424
  3214	0.195259	-0.424	0.424
  3215	0.212415	-0.424	0.424
  3216	0.195923	-0.424	0.424
  3217	0.158615	-0.424	0.424
  3218	0.201391	-0.424	0.424
  3219	0.194644	-0.424	0.424
  3220	0.218117	-0.424	0.424
  3221	0.204297	-0.424	0.424
  3222	0.207412	-0.424	0.424
  3223	0.221215	-0.424	0.424
  3224	0.206986	-0.424	0.424
  3225	0.152716	-0.424	0.424
  3226	0.201224	-0.424	0.424
  3227	0.216357	-0.424	0.424
  3228	0.204514	-0.424	0.424
  3229	0.214384	-0.424	0.424
  3230	0.18627	-0.424	0.424
  3231	0.194837	-0.424	0.424
  3232	0.208987	-0.424	0.424
  3233	0.218441	-0.424	0.424
  3234	0.179784	-0.424	0.424
  3235	0.161036	-0.424	0.424
  3236	0.203654	-0.424	0.424
  3237	0.183868	-0.424	0.424
  3238	0.1767	-0.424	0.424
  3239	0.231521	-0.424	0.424
  3240	0.198024	-0.424	0.424
  3241	0.214643	-0.424	0.424
  3242	0.184328	-0.424	0.424
  3243	0.195039	-0.424	0.424
  3244	0.183183	-0.424	0.424
  3245	0.172029	-0.424	0.424
  3246	0.213357	-0.424	0.424
  3247	0.192293	-0.424	0.424
  3248	0.186159	-0.424	0.424
  3249	0.205556	-0.424	0.424
  3250	0.167907	-0.424	0.424
  3251	0.210525	-0.424	0.424
  3252	0.190642	-0.424	0.424
  3253	0.202061	-0.424	0.424
  3254	0.19728	-0.424	0.424
  3255	0.176833	-0.424	0.424
  3256	0.225853	-0.424	0.424
  3257	0.202023	-0.424	0.424
  3258	0.183691	-0.424	0.424
  3259	0.198704	-0.424	0.424
  3260	0.195431	-0.424	0.424
  3261	0.206913	-0.424	0.424
  3262	0.210471	-0.424	0.424
  3263	0.204753	-0.424	0.424
  3264	0.205095	-0.424	0.424
  3265	0.213896	-0.424	0.424
  3266	0.185501	-0.424	0.424
  3267	0.216006	-0.424	0.424
  3268	0.184252	-0.424	0.424
  3269	0.195369	-0.424	0.424
  3270	0.225602	-0.424	0.424
  3271	0.218873	-0.424	0.424
  3272	0.15799	-0.424	0.424
  3273	0.172262	-0.424	0.424
  3274	0.202858	-0.424	0.424
  3275	0.202486	-0.424	0.424
  3276	0.204719	-0.424	0.424
  3277	0.200746	-0.424	0.424
  3278	0.214556	-0.424	0.424
  3279	0.167694	-0.424	0.424
  3280	0.228119	-0.424	0.424
  3281	0.214718	-0.424	0.424
  3282	0.178061	-0.424	0.424
  3283	0.211461	-0.424	0.424
  3284	0.198982	-0.424	0.424
  3285	0.192712	-0.424	0.424
  3286	0.194573	-0.424	0.424
  3287	0.175648	-0.424	0.424
  3288	0.203974	-0.424	0.424
  3289	0.208971	-0.424	0.424
  3290	0.23195	-0.424	0.424
  3291	0.187234	-0.424	0.424
  3292	0.189283	-0.424	0.424
  3293	0.186549	-0.424	0.424
  3294	0.174157	-0.424	0.424
  3295	0.186731	-0.424	0.424
  3296	0.166625	-0.424	0.424
  3297	0.22401	-0.424	0.424
  3298	0.205397	-0.424	0.424
  3299	0.217969	-0.424	0.424
  3300	0.170631	-0.424	0.424
  3301	0.186349	-0.424	0.424
  3302	0.194807	-0.424	0.424
  3303	0.191601	-0.424	0.424
  3304	0.157614	-0.424	0.424
  3305	0.188485	-0.424	0.424
  3306	0.14987	-0.424	0.424
  3307	0.22402	-0.424	0.424
  3308	0.195207	-0.424	0.424
  3309	0.18573	-0.424	0.424
  3310	0.213722	-0.424	0.424
  3311	0.196876	-0.424	0.424
  3312	0.214457	-0.424	0.424
  3313	0.229949	-0.424	0.424
  3314	0.194641	-0.424	0.424
  3315	0.17807	-0.424	0.424
  3316	0.189127	-0.424	0.424
  3317	0.205114	-0.424	0.424
  3318	0.169782	-0.424	0.424
  3319	0.176013	-0.424	0.424
  3320	0.203149	-0.424	0.424
  3321	0.195071	-0.424	0.424
  3322	0.171677	-0.424	0.424
  3323	0.222168	-0.424	0.424
  3324	0.181661	-0.424	0.424
  3325	0.148647	-0.424	0.424
  3326	0.200402	-0.424	0.424
  3327	0.217108	-0.424	0.424
  3328	0.211659	-0.424	0.424
  3329	0.195984	-0.424	0.424
  3330	0.207848	-0.424	0.424
  3331	0.20654	-0.424	0.424
  3332	0.215906	-0.424	0.424
  3333	0.214884	-0.424	0.424
  3334	0.199466	-0.424	0.424
  3335	0.209798	-0.424	0.424
  3336	0.17959	-0.424	0.424
  3337	0.222042	-0.424	0.424
  3338	0.223579	-0.424	0.424
  3339	0.199774	-0.424	0.424
  3340	0.196464	-0.424	0.424
  3341	0.201578	-0.424	0.424
  3342	0.221799	-0.424	0.424
  3343	0.17775	-0.424	0.424
  3344	0.148979	-0.424	0.424
  3345	0.206805	-0.424	0.424
  3346	0.186095	-0.424	0.424
  3347	0.207494	-0.424	0.424
  3348	0.202318	-0.424	0.424
  3349	0.198371	-0.424	0.424
  3350	0.189304	-0.424	0.424
  3351	0.192741	-0.424	0.424
  3352	0.214968	-0.424	0.424
  3353	0.191613	-0.424	0.424
  3354	0.209444	-0.424	0.424
  3355	0.203557	-0.424	0.424
  3356	0.197153	-0.424	0.424
  3357	0.14499	-0.424	0.424
  3358	0.199465	-0.424	0.424
  3359	0.185457	-0.424	0.424
  3360	0.216952	-0.424	0.424
  3361	0.21348	-0.424	0.424
  3362	0.16598	-0.424	0.424
  3363	0.187085	-0.424	0.424
  3364	0.202382	-0.424	0.424
  3365	0.19515	-0.424	0.424
  3366	0.206048	-0.424	0.424
  3367	0.194981	-0.424	0.424
  3368	0.201819	-0.424	0.424
  3369	0.196239	-0.424	0.424
  3370	0.185548	-0.424	0.424
  3371	0.162552	-0.424	0.424
  3372	0.195235	-0.424	0.424
  3373	0.19393	-0.424	0.424
  3374	0.184283	-0.424	0.424
  3375	0.171853	-0.424	0.424
  3376	0.168332	-0.424	0.424
  3377	0.197725	-0.424	0.424
  3378	0.202367	-0.424	0.424
  3379	0.203886	-0.424	0.424
  3380	0.163589	-0.424	0.424
  3381	0.217518	-0.424	0.424
  3382	0.199647	-0.424	0.424
  3383	0.188944	-0.424	0.424
  3384	0.208568	-0.424	0.424
  3385	0.185271	-0.424	0.424
  3386	0.16281	-0.424	0.424
  3387	0.20187	-0.424	0.424
  3388	0.186251	-0.424	0.424
  3389	0.175708	-0.424	0.424
  3390	0.16224	-0.424	0.424
  3391	0.211552	-0.424	0.424
  3392	0.217098	-0.424	0.424
  3393	0.207958	-0.424	0.424
  3394	0.217482	-0.424	0.424
  3395	0.193327	-0.424	0.424
  3396	0.222452	-0.424	0.424
  3397	0.16892	-0.424	0.424
  3398	0.211761	-0.424	0.424
  3399	0.197715	-0.424	0.424
  3400	0.178843	-0.424	0.424
  3401	0.192643	-0.424	0.424
  3402	0.226922	-0.424	0.424
  3403	0.17708	-0.424	0.424
  3404	0.177103	-0.424	0.424
  3405	0.156072	-0.424	0.424
  3406	0.221576	-0.424	0.424
  3407	0.186532	-0.424	0.424
  3408	0.206395	-0.424	0.424
  3409	0.200996	-0.424	0.424
  3410	0.137206	-0.424	0.424
  3411	0.197083	-0.424	0.424
  3412	0.177224	-0.424	0.424
  3413	0.204343	-0.424	0.424
  3414	0.22623	-0.424	0.424
  3415	0.196164	-0.424	0.424
  3416	0.184825	-0.424	0.424
  3417	0.226689	-0.424	0.424
  3418	0.218584	-0.424	0.424
  3419	0.15405	-0.424	0.424
  3420	0.195758	-0.424	0.424
  3421	0.19313	-0.424	0.424
  3422	0.19179	-0.424	0.424
  3423	0.164802	-0.424	0.424
  3424	0.181257	-0.424	0.424
  3425	0.212366	-0.424	0.424
  3426	0.19775	-0.424	0.424
  3427	0.217263	-0.424	0.424
  3428	0.18655	-0.424	0.424
  3429	0.196041	-0.424	0.424
  3430	0.201498	-0.424	0.424
  3431	0.194038	-0.424	0.424
  3432	0.188722	-0.424	0.424
  3433	0.209536	-0.424	0.424
  3434	0.200282	-0.424	0.424
  3435	0.185338	-0.424	0.424
  3436	0.216213	-0.424	0.424
  3437	0.173718	-0.424	0.424
  3438	0.212314	-0.424	0.424
  3439	0.182481	-0.424	0.424
  3440	0.197625	-0.424	0.424
  3441	0.192196	-0.424	0.424
  3442	0.201259	-0.424	0.424
  3443	0.214608	-0.424	0.424
  3444	0.208162	-0.424	0.424
  3445	0.219464	-0.424	0.424
  3446	0.17438	-0.424	0.424
  3447	0.210354	-0.424	0.424
  3448	0.204691	-0.424	0.424
  3449	0.143791	-0.424	0.424
  3450	0.209638	-0.424	0.424
  3451	0.210028	-0.424	0.424
  3452	0.181688	-0.424	0.424
  3453	0.209143	-0.424	0.424
  3454	0.180391	-0.424	0.424
  3455	0.215468	-0.424	0.424
  3456	0.195726	-0.424	0.424
  3457	0.214245	-0.424	0.424
  3458	0.131889	-0.424	0.424
  3459	0.205422	-0.424	0.424
  3460	0.204557	-0.424	0.424
  3461	0.172868	-0.424	0.424
  3462	0.206498	-0.424	0.424
  3463	0.186283	-0.424	0.424
  3464	0.159925	-0.424	0.424
  3465	0.19122	-0.424	0.424
  3466	0.205186	-0.424	0.424
  3467	0.220214	-0.424	0.424
  3468	0.203866	-0.424	0.424
  3469	0.172223	-0.424	0.424
  3470	0.210919	-0.424	0.424
  3471	0.218312	-0.424	0.424
  3472	0.203658	-0.424	0.424
  3473	0.202299	-0.424	0.424
  3474	0.214601	-0.424	0.424
  3475	0.172016	-0.424	0.424
  3476	0.180549	-0.424	0.424
  3477	0.192668	-0.424	0.424
  3478	0.196528	-0.424	0.424
  3479	0.182427	-0.424	0.424
  3480	0.213666	-0.424	0.424
  3481	0.163837	-0.424	0.424
  3482	0.168598	-0.424	0.424
  3483	0.222616	-0.424	0.424
  3484	0.197946	-0.424	0.424
  3485	0.205599	-0.424	0.424
  3486	0.207803	-0.424	0.424
  3487	0.21779	-0.424	0.424
  3488	0.192684	-0.424	0.424
  3489	0.197642	-0.424	0.424
  3490	0.21018	-0.424	0.424
  3491	0.203336	-0.424	0.424
  3492	0.187668	-0.424	0.424
  3493	0.159801	-0.424	0.424
  3494	0.181067	-0.424	0.424
  3495	0.207641	-0.424	0.424
  3496	0.202885	-0.424	0.424
  3497	0.170194	-0.424	0.424
  3498	0.181405	-0.424	0.424
  3499	0.225384	-0.424	0.424
  3500	0.220791	-0.424	0.424
  3501	0.196182	-0.424	0.424
  3502	0.201966	-0.424	0.424
  3503	0.202796	-0.424	0.424
  3504	0.179142	-0.424	0.424
  3505	0.199644	-0.424	0.424
  3506	0.19633	-0.424	0.424
  3507	0.187963	-0.424	0.424
  3508	0.198001	-0.424	0.424
  3509	0.179319	-0.424	0.424
  3510	0.186604	-0.424	0.424
  3511	0.178341	-0.424	0.424
  3512	0.208131	-0.424	0.424
  3513	0.223771	-0.424	0.424
  3514	0.178356	-0.424	0.424
  3515	0.199809	-0.424	0.424
  3516	0.220114	-0.424	0.424
  3517	0.18855	-0.424	0.424
  3518	0.225773	-0.424	0.424
  3519	0.163408	-0.424	0.424
  3520	0.182025	-0.424	0.424
  3521	0.19736	-0.424	0.424
  3522	0.202299	-0.424	0.424
  3523	0.194739	-0.424	0.424
  3524	0.18477	-0.424	0.424
  3525	0.198457	-0.424	0.424
  3526	0.200867	-0.424	0.424
  3527	0.165647	-0.424	0.424
  3528	0.224616	-0.424	0.424
  3529	0.206708	-0.424	0.424
  3530	0.206658	-0.424	0.424
  3531	0.227194	-0.424	0.424
  3532	0.202189	-0.424	0.424
  3533	0.224922	-0.424	0.424
  3534	0.220448	-0.424	0.424
  3535	0.192415	-0.424	0.424
  3536	0.196354	-0.424	0.424
  3537	0.153567	-0.424	0.424
  3538	0.209918	-0.424	0.424
  3539	0.2156	-0.424	0.424
  3540	0.169862	-0.424	0.424
  3541	0.195937	-0.424	0.424
  3542	0.189234	-0.424	0.424
  3543	0.164942	-0.424	0.424
  3544	0.159819	-0.424	0.424
  3545	0.181404	-0.424	0.424
  3546	0.215295	-0.424	0.424
  3547	0.197046	-0.424	0.424
  3548	0.21701	-0.424	0.424
  3549	0.192534	-0.424	0.424
  3550	0.191772	-0.424	0.424
  3551	0.193182	-0.424	0.424
  3552	0.190029	-0.424	0.424
  3553	0.212345	-0.424	0.424
  3554	0.205051	-0.424	0.424
  3555	0.173803	-0.424	0.424
  3556	0.219505	-0.424	0.424
  3557	0.210108	-0.424	0.424
  3558	0.220208	-0.424	0.424
  3559	0.179347	-0.424	0.424
  3560	0.175752	-0.424	0.424
  3561	0.150643	-0.424	0.424
  3562	0.202468	-0.424	0.424
  3563	0.16927	-0.424	0.424
  3564	0.1763	-0.424	0.424
  3565	0.151442	-0.424	0.424
  3566	0.218592	-0.424	0.424
  3567	0.206122	-0.424	0.424
  3568	0.196327	-0.424	0.424
  3569	0.206032	-0.424	0.424
  3570	0.208034	-0.424	0.424
  3571	0.214499	-0.424	0.424
  3572	0.214846	-0.424	0.424
  3573	0.207227	-0.424	0.424
  3574	0.221082	-0.424	0.424
  3575	0.15625	-0.424	0.424
  3576	0.206509	-0.424	0.424
  3577	0.224266	-0.424	0.424
  3578	0.201805	-0.424	0.424
  3579	0.200513	-0.424	0.424
  3580	0.220379	-0.424	0.424
  3581	0.179757	-0.424	0.424
  3582	0.215273	-0.424	0.424
  3583	0.18654	-0.424	0.424
  3584	0.193112	-0.424	0.424
  3585	0.200923	-0.424	0.424
  3586	0.194906	-0.424	0.424
  3587	0.216114	-0.424	0.424
  3588	0.185794	-0.424	0.424
  3589	0.219261	-0.424	0.424
  3590	0.217019	-0.424	0.424
  3591	0.17443	-0.424	0.424
  3592	0.204744	-0.424	0.424
  3593	0.204383	-0.424	0.424
  3594	0.180342	-0.424	0.424
  3595	0.149052	-0.424	0.424
  3596	0.22468	-0.424	0.424
  3597	0.192959	-0.424	0.424
  3598	0.21424	-0.424	0.424
  3599	0.158953	-0.424	0.424
  3600	0.188693	-0.424	0.424
  3601	0.187158	-0.424	0.424
  3602	0.17966	-0.424	0.424
  3603	0.183098	-0.424	0.424
  3604	0.165149	-0.424	0.424
  3605	0.209956	-0.424	0.424
  3606	0.22308	-0.424	0.424
  3607	0.206025	-0.424	0.424
  3608	0.203764	-0.424	0.424
  3609	0.181362	-0.424	0.424
  3610	0.215052	-0.424	0.424
  3611	0.177528	-0.424	0.424
  3612	0.167849	-0.424	0.424
  3613	0.190227	-0.424	0.424
  3614	0.175697	-0.424	0.424
  3615	0.199038	-0.424	0.424
  3616	0.228177	-0.424	0.424
  3617	0.194406	-0.424	0.424
  3618	0.184034	-0.424	0.424
  3619	0.188231	-0.424	0.424
  3620	0.197642	-0.424	0.424
  3621	0.174703	-0.424	0.424
  3622	0.190182	-0.424	0.424
  3623	0.201703	-0.424	0.424
  3624	0.227778	-0.424	0.424
  3625	0.137659	-0.424	0.424
  3626	0.159926	-0.424	0.424
  3627	0.189903	-0.424	0.424
  3628	0.179022	-0.424	0.424
  3629	0.172778	-0.424	0.424
  3630	0.202488	-0.424	0.424
  3631	0.18549	-0.424	0.424
  3632	0.223631	-0.424	0.424
  3633	0.183034	-0.424	0.424
  3634	0.173257	-0.424	0.424
  3635	0.187659	-0.424	0.424
  3636	0.184035	-0.424	0.424
  3637	0.185488	-0.424	0.424
  3638	0.207216	-0.424	0.424
  3639	0.200599	-0.424	0.424
  3640	0.194736	-0.424	0.424
  3641	0.193956	-0.424	0.424
  3642	0.226586	-0.424	0.424
  3643	0.197169	-0.424	0.424
  3644	0.182218	-0.424	0.424
  3645	0.191706	-0.424	0.424
  3646	0.207528	-0.424	0.424
  3647	0.205873	-0.424	0.424
  3648	0.190277	-0.424	0.424
  3649	0.193415	-0.424	0.424
  3650	0.208285	-0.424	0.424
  3651	0.201655	-0.424	0.424
  3652	0.200373	-0.424	0.424
  3653	0.185567	-0.424	0.424
  3654	0.191687	-0.424	0.424
  3655	0.186159	-0.424	0.424
  3656	0.227621	-0.424	0.424
  3657	0.137475	-0.424	0.424
  3658	0.208594	-0.424	0.424
  3659	0.188155	-0.424	0.424
  3660	0.214385	-0.424	0.424
  3661	0.232666	-0.424	0.424
  3662	0.228535	-0.424	0.424
  3663	0.226787	-0.424	0.424
  3664	0.18366	-0.424	0.424
  3665	0.206326	-0.424	0.424
  3666	0.221189	-0.424	0.424
  3667	0.15825	-0.424	0.424
  3668	0.205085	-0.424	0.424
  3669	0.204427	-0.424	0.424
  3670	0.207598	-0.424	0.424
  3671	0.182919	-0.424	0.424
  3672	0.223491	-0.424	0.424
  3673	0.168771	-0.424	0.424
  3674	0.222212	-0.424	0.424
  3675	0.19599	-0.424	0.424
  3676	0.194943	-0.424	0.424
  3677	0.139765	-0.424	0.424
  3678	0.201528	-0.424	0.424
  3679	0.205849	-0.424	0.424
  3680	0.194538	-0.424	0.424
  3681	0.201797	-0.424	0.424
  3682	0.191166	-0.424	0.424
  3683	0.206263	-0.424	0.424
  3684	0.188645	-0.424	0.424
  3685	0.228731	-0.424	0.424
  3686	0.190179	-0.424	0.424
  3687	0.201658	-0.424	0.424
  3688	0.160655	-0.424	0.424
  3689	0.214999	-0.424	0.424
  3690	0.202355	-0.424	0.424
  3691	0.22033	-0.424	0.424
  3692	0.196201	-0.424	0.424
  3693	0.189823	-0.424	0.424
  3694	0.17226	-0.424	0.424
  3695	0.229679	-0.424	0.424
  3696	0.218094	-0.424	0.424
  3697	0.177492	-0.424	0.424
  3698	0.203533	-0.424	0.424
  3699	0.205208	-0.424	0.424
  3700	0.212178	-0.424	0.424
  3701	0.150945	-0.424	0.424
  3702	0.197694	-0.424	0.424
  3703	0.160296	-0.424	0.424
  3704	0.170741	-0.424	0.424
  3705	0.202315	-0.424	0.424
  3706	0.185213	-0.424	0.424
  3707	0.141386	-0.424	0.424
  3708	0.173267	-0.424	0.424
  3709	0.162018	-0.424	0.424
  3710	0.193444	-0.424	0.424
  3711	0.214478	-0.424	0.424
  3712	0.199572	-0.424	0.424
  3713	0.177883	-0.424	0.424
  3714	0.198741	-0.424	0.424
  3715	0.19207	-0.424	0.424
  3716	0.214382	-0.424	0.424
  3717	0.195111	-0.424	0.424
  3718	0.210578	-0.424	0.424
  3719	0.22322	-0.424	0.424
  3720	0.200121	-0.424	0.424
  3721	0.210016	-0.424	0.424
  3722	0.220066	-0.424	0.424
  3723	0.172185	-0.424	0.424
  3724	0.165149	-0.424	0.424
  3725	0.194204	-0.424	0.424
  3726	0.217827	-0.424	0.424
  3727	0.195246	-0.424	0.424
  3728	0.169815	-0.424	0.424
  3729	0.163193	-0.424	0.424
  3730	0.162587	-0.424	0.424
  3731	0.225344	-0.424	0.424
  3732	0.209442	-0.424	0.424
  3733	0.174836	-0.424	0.424
  3734	0.188593	-0.424	0.424
  3735	0.20725	-0.424	0.424
  3736	0.23363	-0.424	0.424
  3737	0.175709	-0.424	0.424
  3738	0.197831	-0.424	0.424
  3739	0.218119	-0.424	0.424
  3740	0.204254	-0.424	0.424
  3741	0.167618	-0.424	0.424
  3742	0.202189	-0.424	0.424
  3743	0.18348	-0.424	0.424
  3744	0.208828	-0.424	0.424
  3745	0.198523	-0.424	0.424
  3746	0.1752	-0.424	0.424
  3747	0.197319	-0.424	0.424
  3748	0.19819	-0.424	0.424
  3749	0.180781	-0.424	0.424
  3750	0.207461	-0.424	0.424
  3751	0.199119	-0.424	0.424
  3752	0.160121	-0.424	0.424
  3753	0.221015	-0.424	0.424
  3754	0.178508	-0.424	0.424
  3755	0.183627	-0.424	0.424
  3756	0.227243	-0.424	0.424
  3757	0.195246	-0.424	0.424
  3758	0.216553	-0.424	0.424
  3759	0.149847	-0.424	0.424
  3760	0.204368	-0.424	0.424
  3761	0.203708	-0.424	0.424
  3762	0.212859	-0.424	0.424
  3763	0.210016	-0.424	0.424
  3764	0.19149	-0.424	0.424
  3765	0.176961	-0.424	0.424
  3766	0.217482	-0.424	0.424
  3767	0.198751	-0.424	0.424
  3768	0.221337	-0.424	0.424
  3769	0.222445	-0.424	0.424
  3770	0.208351	-0.424	0.424
  3771	0.208985	-0.424	0.424
  3772	0.213811	-0.424	0.424
  3773	0.21692	-0.424	0.424
  3774	0.226197	-0.424	0.424
  3775	0.212627	-0.424	0.424
  3776	0.180636	-0.424	0.424
  3777	0.191221	-0.424	0.424
  3778	0.192753	-0.424	0.424
  3779	0.17256	-0.424	0.424
  3780	0.19799	-0.424	0.424
  3781	0.199594	-0.424	0.424
  3782	0.203241	-0.424	0.424
  3783	0.162917	-0.424	0.424
  3784	0.210967	-0.424	0.424
  3785	0.187288	-0.424	0.424
  3786	0.189108	-0.424	0.424
  3787	0.161008	-0.424	0.424
  3788	0.210253	-0.424	0.424
  3789	0.182493	-0.424	0.424
  3790	0.18546	-0.424	0.424
  3791	0.196711	-0.424	0.424
  3792	0.2022	-0.424	0.424
  3793	0.183356	-0.424	0.424
  3794	0.174316	-0.424	0.424
  3795	0.206659	-0.424	0.424
  3796	0.21243	-0.424	0.424
  3797	0.206841	-0.424	0.424
  3798	0.176185	-0.424	0.424
  3799	0.198918	-0.424	0.424
  3800	0.195396	-0.424	0.424
  3801	0.199124	-0.424	0.424
  3802	0.182623	-0.424	0.424
  3803	0.226572	-0.424	0.424
  3804	0.200054	-0.424	0.424
  3805	0.20391	-0.424	0.424
  3806	0.221549	-0.424	0.424
  3807	0.202746	-0.424	0.424
  3808	0.206955	-0.424	0.424
  3809	0.203911	-0.424	0.424
  3810	0.19654	-0.424	0.424
  3811	0.197993	-0.424	0.424
  3812	0.190625	-0.424	0.424
  3813	0.143625	-0.424	0.424
  3814	0.206788	-0.424	0.424
  3815	0.220448	-0.424	0.424
  3816	0.190389	-0.424	0.424
  3817	0.166088	-0.424	0.424
  3818	0.175492	-0.424	0.424
  3819	0.208464	-0.424	0.424
  3820	0.222912	-0.424	0.424
  3821	0.202316	-0.424	0.424
  3822	0.175312	-0.424	0.424
  3823	0.204998	-0.424	0.424
  3824	0.200078	-0.424	0.424
  3825	0.19673	-0.424	0.424
  3826	0.209932	-0.424	0.424
  3827	0.184947	-0.424	0.424
  3828	0.175775	-0.424	0.424
  3829	0.168755	-0.424	0.424
  3830	0.183369	-0.424	0.424
  3831	0.230009	-0.424	0.424
  3832	0.189254	-0.424	0.424
  3833	0.195462	-0.424	0.424
  3834	0.203145	-0.424	0.424
  3835	0.185911	-0.424	0.424
  3836	0.15975	-0.424	0.424
  3837	0.191427	-0.424	0.424
  3838	0.212832	-0.424	0.424
  3839	0.211882	-0.424	0.424
  3840	0.205297	-0.424	0.424
  3841	0.212909	-0.424	0.424
  3842	0.192723	-0.424	0.424
  3843	0.193849	-0.424	0.424
  3844	0.196271	-0.424	0.424
  3845	0.194776	-0.424	0.424
  3846	0.185081	-0.424	0.424
  3847	0.218979	-0.424	0.424
  3848	0.193674	-0.424	0.424
  3849	0.172179	-0.424	0.424
  3850	0.212757	-0.424	0.424
  3851	0.230855	-0.424	0.424
  3852	0.214012	-0.424	0.424
  3853	0.223707	-0.424	0.424
  3854	0.21606	-0.424	0.424
  3855	0.221079	-0.424	0.424
  3856	0.207688	-0.424	0.424
  3857	0.225886	-0.424	0.424
  3858	0.190024	-0.424	0.424
  3859	0.191825	-0.424	0.424
  3860	0.185514	-0.424	0.424
  3861	0.22206	-0.424	0.424
  3862	0.20641	-0.424	0.424
  3863	0.198464	-0.424	0.424
  3864	0.219781	-0.424	0.424
  3865	0.203325	-0.424	0.424
  3866	0.226976	-0.424	0.424
  3867	0.18987	-0.424	0.424
  3868	0.203447	-0.424	0.424
  3869	0.179782	-0.424	0.424
  3870	0.174019	-0.424	0.424
  3871	0.202759	-0.424	0.424
  3872	0.216576	-0.424	0.424
  3873	0.182778	-0.424	0.424
  3874	0.194925	-0.424	0.424
  3875	0.195257	-0.424	0.424
  3876	0.189363	-0.424	0.424
  3877	0.20906	-0.424	0.424
  3878	0.20768	-0.424	0.424
  3879	0.182567	-0.424	0.424
  3880	0.183343	-0.424	0.424
  3881	0.169771	-0.424	0.424
  3882	0.170777	-0.424	0.424
  3883	0.176219	-0.424	0.424
  3884	0.200684	-0.424	0.424
  3885	0.2254	-0.424	0.424
  3886	0.179499	-0.424	0.424
  3887	0.186559	-0.424	0.424
  3888	0.173524	-0.424	0.424
  3889	0.213542	-0.424	0.424
  3890	0.193074	-0.424	0.424
  3891	0.174667	-0.424	0.424
  3892	0.185298	-0.424	0.424
  3893	0.171486	-0.424	0.424
  3894	0.206982	-0.424	0.424
  3895	0.20674	-0.424	0.424
  3896	0.200418	-0.424	0.424
  3897	0.193037	-0.424	0.424
  3898	0.220132	-0.424	0.424
  3899	0.194777	-0.424	0.424
  3900	0.178407	-0.424	0.424
  3901	0.21494	-0.424	0.424
  3902	0.199007	-0.424	0.424
  3903	0.175347	-0.424	0.424
  3904	0.201107	-0.424	0.424
  3905	0.183921	-0.424	0.424
  3906	0.216172	-0.424	0.424
  3907	0.187312	-0.424	0.424
  3908	0.182573	-0.424	0.424
  3909	0.20756	-0.424	0.424
  3910	0.20511	-0.424	0.424
  3911	0.225999	-0.424	0.424
  3912	0.217608	-0.424	0.424
  3913	0.189789	-0.424	0.424
  3914	0.179937	-0.424	0.424
  3915	0.212518	-0.424	0.424
  3916	0.221775	-0.424	0.424
  3917	0.206955	-0.424	0.424
  3918	0.193913	-0.424	0.424
  3919	0.190385	-0.424	0.424
  3920	0.22483	-0.424	0.424
  3921	0.206878	-0.424	0.424
  3922	0.20558	-0.424	0.424
  3923	0.210596	-0.424	0.424
  3924	0.185752	-0.424	0.424
  3925	0.220989	-0.424	0.424
  3926	0.168677	-0.424	0.424
  3927	0.197906	-0.424	0.424
  3928	0.226633	-0.424	0.424
  3929	0.202929	-0.424	0.424
  3930	0.212729	-0.424	0.424
  3931	0.17764	-0.424	0.424
  3932	0.181063	-0.424	0.424
  3933	0.165965	-0.424	0.424
  3934	0.202763	-0.424	0.424
  3935	0.217016	-0.424	0.424
  3936	0.192033	-0.424	0.424
  3937	0.162717	-0.424	0.424
  3938	0.214544	-0.424	0.424
  3939	0.203938	-0.424	0.424
  3940	0.216554	-0.424	0.424
  3941	0.211422	-0.424	0.424
  3942	0.165357	-0.424	0.424
  3943	0.20655	-0.424	0.424
  3944	0.170739	-0.424	0.424
  3945	0.215164	-0.424	0.424
  3946	0.202325	-0.424	0.424
  3947	0.200588	-0.424	0.424
  3948	0.221065	-0.424	0.424
  3949	0.18104	-0.424	0.424
  3950	0.163714	-0.424	0.424
  3951	0.194626	-0.424	0.424
  3952	0.218382	-0.424	0.424
  3953	0.202108	-0.424	0.424
  3954	0.22674	-0.424	0.424
  3955	0.199109	-0.424	0.424
  3956	0.204879	-0.424	0.424
  3957	0.194129	-0.424	0.424
  3958	0.198839	-0.424	0.424
  3959	0.16736	-0.424	0.424
  3960	0.222012	-0.424	0.424
  3961	0.223271	-0.424	0.424
  3962	0.19803	-0.424	0.424
  3963	0.208009	-0.424	0.424
  3964	0.172227	-0.424	0.424
  3965	0.164667	-0.424	0.424
  3966	0.172245	-0.424	0.424
  3967	0.160388	-0.424	0.424
  3968	0.196275	-0.424	0.424
  3969	0.222381	-0.424	0.424
  3970	0.188781	-0.424	0.424
  3971	0.211952	-0.424	0.424
  3972	0.150689	-0.424	0.424
  3973	0.209346	-0.424	0.424
  3974	0.190435	-0.424	0.424
  3975	0.215155	-0.424	0.424
  3976	0.216174	-0.424	0.424
  3977	0.212314	-0.424	0.424
  3978	0.186568	-0.424	0.424
  3979	0.215822	-0.424	0.424
  3980	0.218914	-0.424	0.424
  3981	0.213386	-0.424	0.424
  3982	0.183197	-0.424	0.424
  3983	0.195202	-0.424	0.424
  3984	0.180832	-0.424	0.424
  3985	0.210904	-0.424	0.424
  3986	0.190336	-0.424	0.424
  3987	0.185272	-0.424	0.424
  3988	0.179367	-0.424	0.424
  3989	0.185184	-0.424	0.424
  3990	0.201328	-0.424	0.424
  3991	0.205602	-0.424	0.424
  3992	0.224401	-0.424	0.424
  3993	0.166886	-0.424	0.424
  3994	0.212492	-0.424	0.424
  3995	0.149452	-0.424	0.424
  3996	0.213628	-0.424	0.424
  3997	0.225651	-0.424	0.424
  3998	0.194203	-0.424	0.424
  3999	0.170952	-0.424	0.424
  4000	0.202661	-0.424	0.424
  4001	0.204161	-0.424	0.424
  4002	0.209505	-0.424	0.424
  4003	0.181942	-0.424	0.424
  4004	0.216286	-0.424	0.424
  4005	0.181685	-0.424	0.424
  4006	0.179823	-0.424	0.424
  4007	0.217052	-0.424	0.424
  4008	0.214507	-0.424	0.424
  4009	0.148409	-0.424	0.424
  4010	0.187871	-0.424	0.424
  4011	0.207764	-0.424	0.424
  4012	0.205855	-0.424	0.424
  4013	0.21652	-0.424	0.424
  4014	0.205875	-0.424	0.424
  4015	0.207598	-0.424	0.424
  4016	0.187696	-0.424	0.424
  4017	0.189149	-0.424	0.424
  4018	0.170819	-0.424	0.424
  4019	0.170966	-0.424	0.424
  4020	0.167769	-0.424	0.424
  4021	0.179082	-0.424	0.424
  4022	0.217679	-0.424	0.424
  4023	0.2001	-0.424	0.424
  4024	0.208308	-0.424	0.424
  4025	0.185104	-0.424	0.424
  4026	0.170846	-0.424	0.424
  4027	0.172485	-0.424	0.424
  4028	0.201515	-0.424	0.424
  4029	0.208412	-0.424	0.424
  4030	0.19651	-0.424	0.424
  4031	0.194897	-0.424	0.424
  4032	0.219824	-0.424	0.424
  4033	0.210441	-0.424	0.424
  4034	0.216972	-0.424	0.424
  4035	0.198929	-0.424	0.424
  4036	0.219563	-0.424	0.424
  4037	0.192893	-0.424	0.424
  4038	0.175743	-0.424	0.424
  4039	0.216451	-0.424	0.424
  4040	0.199557	-0.424	0.424
  4041	0.20902	-0.424	0.424
  4042	0.183183	-0.424	0.424
  4043	0.225673	-0.424	0.424
  4044	0.160512	-0.424	0.424
  4045	0.194638	-0.424	0.424
  4046	0.222969	-0.424	0.424
  4047	0.1894	-0.424	0.424
  4048	0.219181	-0.424	0.424
  4049	0.218872	-0.424	0.424
  4050	0.160689	-0.424	0.424
  4051	0.193552	-0.424	0.424
  4052	0.208031	-0.424	0.424
  4053	0.193849	-0.424	0.424
  4054	0.21618	-0.424	0.424
  4055	0.190789	-0.424	0.424
  4056	0.164347	-0.424	0.424
  4057	0.23138	-0.424	0.424
  4058	0.225597	-0.424	0.424
  4059	0.192984	-0.424	0.424
  4060	0.170907	-0.424	0.424
  4061	0.188688	-0.424	0.424
  4062	0.200726	-0.424	0.424
  4063	0.202696	-0.424	0.424
  4064	0.175917	-0.424	0.424
  4065	0.213864	-0.424	0.424
  4066	0.181123	-0.424	0.424
  4067	0.168392	-0.424	0.424
  4068	0.213849	-0.424	0.424
  4069	0.196187	-0.424	0.424
  4070	0.173032	-0.424	0.424
  4071	0.16853	-0.424	0.424
  4072	0.179005	-0.424	0.424
  4073	0.202553	-0.424	0.424
  4074	0.208048	-0.424	0.424
  4075	0.224227	-0.424	0.424
  4076	0.210459	-0.424	0.424
  4077	0.209112	-0.424	0.424
  4078	0.152137	-0.424	0.424
  4079	0.215204	-0.424	0.424
  4080	0.211451	-0.424	0.424
  4081	0.227239	-0.424	0.424
  4082	0.198791	-0.424	0.424
  4083	0.20179	-0.424	0.424
  4084	0.215447	-0.424	0.424
  4085	0.183247	-0.424	0.424
  4086	0.19696	-0.424	0.424
  4087	0.190188	-0.424	0.424
  4088	0.186026	-0.424	0.424
  4089	0.202493	-0.424	0.424
  4090	0.213447	-0.424	0.424
  4091	0.194816	-0.424	0.424
  4092	0.195733	-0.424	0.424
  4093	0.209832	-0.424	0.424
  4094	0.200346	-0.424	0.424
  4095	0.17421	-0.424	0.424
  4096	0.213014	-0.424	0.424
  4097	0.218834	-0.424	0.424
  4098	0.185262	-0.424	0.424
  4099	0.17952	-0.424	0.424
  4100	0.216466	-0.424	0.424
  4101	0.209078	-0.424	0.424
  4102	0.204449	-0.424	0.424
  4103	0.166298	-0.424	0.424
  4104	0.204779	-0.424	0.424
  4105	0.221887	-0.424	0.424
  4106	0.216888	-0.424	0.424
  4107	0.162969	-0.424	0.424
  4108	0.183603	-0.424	0.424
  4109	0.189209	-0.424	0.424
  4110	0.215825	-0.424	0.424
  4111	0.221324	-0.424	0.424
  4112	0.21094	-0.424	0.424
  4113	0.233548	-0.424	0.424
  4114	0.193494	-0.424	0.424
  4115	0.21687	-0.424	0.424
  4116	0.146286	-0.424	0.424
  4117	0.210047	-0.424	0.424
  4118	0.198448	-0.424	0.424
  4119	0.207495	-0.424	0.424
  4120	0.204801	-0.424	0.424
  4121	0.178461	-0.424	0.424
  4122	0.196555	-0.424	0.424
  4123	0.1865	-0.424	0.424
  4124	0.226661	-0.424	0.424
  4125	0.187518	-0.424	0.424
  4126	0.209919	-0.424	0.424
  4127	0.225651	-0.424	0.424
  4128	0.232645	-0.424	0.424
  4129	0.197797	-0.424	0.424
  4130	0.208251	-0.424	0.424
  4131	0.199112	-0.424	0.424
  4132	0.1774	-0.424	0.424
  4133	0.174969	-0.424	0.424
  4134	0.202836	-0.424	0.424
  4135	0.192739	-0.424	0.424
  4136	0.205325	-0.424	0.424
  4137	0.177123	-0.424	0.424
  4138	0.19678	-0.424	0.424
  4139	0.19095	-0.424	0.424
  4140	0.179893	-0.424	0.424
  4141	0.225135	-0.424	0.424
  4142	0.197256	-0.424	0.424
  4143	0.198017	-0.424	0.424
  4144	0.181639	-0.424	0.424
  4145	0.200162	-0.424	0.424
  4146	0.221655	-0.424	0.424
  4147	0.215416	-0.424	0.424
  4148	0.191476	-0.424	0.424
  4149	0.191798	-0.424	0.424
  4150	0.167942	-0.424	0.424
  4151	0.167968	-0.424	0.424
  4152	0.199204	-0.424	0.424
  4153	0.210892	-0.424	0.424
  4154	0.153955	-0.424	0.424
  4155	0.227493	-0.424	0.424
  4156	0.199828	-0.424	0.424
  4157	0.213668	-0.424	0.424
  4158	0.195027	-0.424	0.424
  4159	0.182439	-0.424	0.424
  4160	0.150393	-0.424	0.424
  4161	0.144865	-0.424	0.424
  4162	0.167477	-0.424	0.424
  4163	0.20951	-0.424	0.424
  4164	0.195111	-0.424	0.424
  4165	0.208211	-0.424	0.424
  4166	0.178536	-0.424	0.424
  4167	0.185563	-0.424	0.424
  4168	0.164615	-0.424	0.424
  4169	0.207705	-0.424	0.424
  4170	0.195459	-0.424	0.424
  4171	0.141899	-0.424	0.424
  4172	0.191593	-0.424	0.424
  4173	0.226623	-0.424	0.424
  4174	0.206327	-0.424	0.424
  4175	0.209008	-0.424	0.424
  4176	0.181568	-0.424	0.424
  4177	0.208697	-0.424	0.424
  4178	0.180253	-0.424	0.424
  4179	0.221597	-0.424	0.424
  4180	0.222827	-0.424	0.424
  4181	0.218556	-0.424	0.424
  4182	0.206548	-0.424	0.424
  4183	0.188422	-0.424	0.424
  4184	0.209044	-0.424	0.424
  4185	0.171005	-0.424	0.424
  4186	0.177007	-0.424	0.424
  4187	0.224989	-0.424	0.424
  4188	0.197907	-0.424	0.424
  4189	0.199746	-0.424	0.424
  4190	0.226604	-0.424	0.424
  4191	0.198577	-0.424	0.424
  4192	0.194128	-0.424	0.424
  4193	0.164114	-0.424	0.424
  4194	0.156139	-0.424	0.424
  4195	0.213841	-0.424	0.424
  4196	0.209223	-0.424	0.424
  4197	0.206353	-0.424	0.424
  4198	0.202516	-0.424	0.424
  4199	0.198123	-0.424	0.424
  4200	0.205301	-0.424	0.424
  4201	0.216638	-0.424	0.424
  4202	0.212306	-0.424	0.424
  4203	0.207263	-0.424	0.424
  4204	0.199506	-0.424	0.424
  4205	0.208849	-0.424	0.424
  4206	0.173297	-0.424	0.424
  4207	0.221439	-0.424	0.424
  4208	0.212351	-0.424	0.424
  4209	0.18173	-0.424	0.424
  4210	0.205104	-0.424	0.424
  4211	0.197819	-0.424	0.424
  4212	0.189215	-0.424	0.424
  4213	0.176425	-0.424	0.424
  4214	0.213762	-0.424	0.424
  4215	0.190046	-0.424	0.424
  4216	0.206647	-0.424	0.424
  4217	0.216901	-0.424	0.424
  4218	0.186783	-0.424	0.424
  4219	0.179197	-0.424	0.424
  4220	0.207998	-0.424	0.424
  4221	0.141058	-0.424	0.424
  4222	0.208902	-0.424	0.424
  4223	0.208338	-0.424	0.424
  4224	0.199164	-0.424	0.424
  4225	0.165889	-0.424	0.424
  4226	0.205339	-0.424	0.424
  4227	0.20995	-0.424	0.424
  4228	0.204732	-0.424	0.424
  4229	0.202907	-0.424	0.424
  4230	0.190499	-0.424	0.424
  4231	0.181308	-0.424	0.424
  4232	0.212988	-0.424	0.424
  4233	0.179254	-0.424	0.424
  4234	0.206416	-0.424	0.424
  4235	0.190691	-0.424	0.424
  4236	0.188637	-0.424	0.424
  4237	0.194536	-0.424	0.424
  4238	0.157623	-0.424	0.424
  4239	0.199216	-0.424	0.424
  4240	0.185375	-0.424	0.424
  4241	0.176423	-0.424	0.424
  4242	0.206527	-0.424	0.424
  4243	0.18774	-0.424	0.424
  4244	0.203675	-0.424	0.424
  4245	0.190774	-0.424	0.424
  4246	0.22823	-0.424	0.424
  4247	0.181446	-0.424	0.424
  4248	0.179658	-0.424	0.424
  4249	0.201318	-0.424	0.424
  4250	0.206717	-0.424	0.424
  4251	0.200145	-0.424	0.424
  4252	0.175841	-0.424	0.424
  4253	0.210333	-0.424	0.424
  4254	0.208857	-0.424	0.424
  4255	0.194953	-0.424	0.424
  4256	0.195917	-0.424	0.424
  4257	0.205276	-0.424	0.424
  4258	0.207029	-0.424	0.424
  4259	0.213051	-0.424	0.424
  4260	0.203069	-0.424	0.424
  4261	0.180181	-0.424	0.424
  4262	0.217216	-0.424	0.424
  4263	0.20286	-0.424	0.424
  4264	0.147215	-0.424	0.424
  4265	0.198325	-0.424	0.424
  4266	0.204323	-0.424	0.424
  4267	0.185305	-0.424	0.424
  4268	0.163085	-0.424	0.424
  4269	0.162381	-0.424	0.424
  4270	0.193441	-0.424	0.424
  4271	0.188112	-0.424	0.424
  4272	0.176934	-0.424	0.424
  4273	0.199923	-0.424	0.424
  4274	0.211184	-0.424	0.424
  4275	0.207491	-0.424	0.424
  4276	0.165024	-0.424	0.424
  4277	0.178754	-0.424	0.424
  4278	0.202128	-0.424	0.424
  4279	0.181761	-0.424	0.424
  4280	0.221006	-0.424	0.424
  4281	0.197735	-0.424	0.424
  4282	0.212174	-0.424	0.424
  4283	0.19889	-0.424	0.424
  4284	0.184433	-0.424	0.424
  4285	0.155017	-0.424	0.424
  4286	0.215566	-0.424	0.424
  4287	0.192759	-0.424	0.424
  4288	0.225091	-0.424	0.424
  4289	0.201388	-0.424	0.424
  4290	0.208454	-0.424	0.424
  4291	0.214005	-0.424	0.424
  4292	0.189511	-0.424	0.424
  4293	0.205901	-0.424	0.424
  4294	0.187925	-0.424	0.424
  4295	0.211891	-0.424	0.424
  4296	0.179618	-0.424	0.424
  4297	0.179556	-0.424	0.424
  4298	0.214224	-0.424	0.424
  4299	0.186505	-0.424	0.424
  4300	0.213927	-0.424	0.424
  4301	0.197812	-0.424	0.424
  4302	0.195515	-0.424	0.424
  4303	0.196866	-0.424	0.424
  4304	0.173965	-0.424	0.424
  4305	0.168886	-0.424	0.424
  4306	0.228319	-0.424	0.424
  4307	0.216388	-0.424	0.424
  4308	0.225857	-0.424	0.424
  4309	0.202008	-0.424	0.424
  4310	0.18508	-0.424	0.424
  4311	0.207332	-0.424	0.424
  4312	0.198742	-0.424	0.424
  4313	0.219561	-0.424	0.424
  4314	0.192302	-0.424	0.424
  4315	0.172887	-0.424	0.424
  4316	0.198539	-0.424	0.424
  4317	0.173	-0.424	0.424
  4318	0.19782	-0.424	0.424
  4319	0.169707	-0.424	0.424
  4320	0.188248	-0.424	0.424
  4321	0.185321	-0.424	0.424
  4322	0.194373	-0.424	0.424
  4323	0.21002	-0.424	0.424
  4324	0.226974	-0.424	0.424
  4325	0.211994	-0.424	0.424
  4326	0.141661	-0.424	0.424
  4327	0.207205	-0.424	0.424
  4328	0.199901	-0.424	0.424
  4329	0.185887	-0.424	0.424
  4330	0.202517	-0.424	0.424
  4331	0.216261	-0.424	0.424
  4332	0.191958	-0.424	0.424
  4333	0.217656	-0.424	0.424
  4334	0.180157	-0.424	0.424
  4335	0.180251	-0.424	0.424
  4336	0.197156	-0.424	0.424
  4337	0.191104	-0.424	0.424
  4338	0.207689	-0.424	0.424
  4339	0.209237	-0.424	0.424
  4340	0.206412	-0.424	0.424
  4341	0.171168	-0.424	0.424
  4342	0.176929	-0.424	0.424
  4343	0.148672	-0.424	0.424
  4344	0.148248	-0.424	0.424
  4345	0.213032	-0.424	0.424
  4346	0.191756	-0.424	0.424
  4347	0.175661	-0.424	0.424
  4348	0.178607	-0.424	0.424
  4349	0.167035	-0.424	0.424
  4350	0.162275	-0.424	0.424
  4351	0.183822	-0.424	0.424
  4352	0.191417	-0.424	0.424
  4353	0.216046	-0.424	0.424
  4354	0.19483	-0.424	0.424
  4355	0.220567	-0.424	0.424
  4356	0.181198	-0.424	0.424
  4357	0.191306	-0.424	0.424
  4358	0.186433	-0.424	0.424
  4359	0.184669	-0.424	0.424
  4360	0.200459	-0.424	0.424
  4361	0.196559	-0.424	0.424
  4362	0.198241	-0.424	0.424
  4363	0.208774	-0.424	0.424
  4364	0.172864	-0.424	0.424
  4365	0.197334	-0.424	0.424
  4366	0.197406	-0.424	0.424
  4367	0.193084	-0.424	0.424
  4368	0.15035	-0.424	0.424
  4369	0.1969	-0.424	0.424
  4370	0.216873	-0.424	0.424
  4371	0.20948	-0.424	0.424
  4372	0.187244	-0.424	0.424
  4373	0.206632	-0.424	0.424
  4374	0.187194	-0.424	0.424
  4375	0.174755	-0.424	0.424
  4376	0.1905	-0.424	0.424
  4377	0.181269	-0.424	0.424
  4378	0.219955	-0.424	0.424
  4379	0.198666	-0.424	0.424
  4380	0.209256	-0.424	0.424
  4381	0.191256	-0.424	0.424
  4382	0.169108	-0.424	0.424
  4383	0.186995	-0.424	0.424
  4384	0.204423	-0.424	0.424
  4385	0.209391	-0.424	0.424
  4386	0.186614	-0.424	0.424
  4387	0.226904	-0.424	0.424
  4388	0.21947	-0.424	0.424
  4389	0.200197	-0.424	0.424
  4390	0.224096	-0.424	0.424
  4391	0.199518	-0.424	0.424
  4392	0.186306	-0.424	0.424
  4393	0.197183	-0.424	0.424
  4394	0.193523	-0.424	0.424
  4395	0.145227	-0.424	0.424
  4396	0.214099	-0.424	0.424
  4397	0.187793	-0.424	0.424
  4398	0.202198	-0.424	0.424
  4399	0.169075	-0.424	0.424
  4400	0.175333	-0.424	0.424
  4401	0.213487	-0.424	0.424
  4402	0.214878	-0.424	0.424
  4403	0.186422	-0.424	0.424
  4404	0.191069	-0.424	0.424
  4405	0.174407	-0.424	0.424
  4406	0.179787	-0.424	0.424
  4407	0.208282	-0.424	0.424
  4408	0.205681	-0.424	0.424
  4409	0.200427	-0.424	0.424
  4410	0.192113	-0.424	0.424
  4411	0.207063	-0.424	0.424
  4412	0.21299	-0.424	0.424
  4413	0.198566	-0.424	0.424
  4414	0.181356	-0.424	0.424
  4415	0.200348	-0.424	0.424
  4416	0.212396	-0.424	0.424
  4417	0.198738	-0.424	0.424
  4418	0.193184	-0.424	0.424
  4419	0.223309	-0.424	0.424
  4420	0.222317	-0.424	0.424
  4421	0.201946	-0.424	0.424
  4422	0.196996	-0.424	0.424
  4423	0.199228	-0.424	0.424
  4424	0.210278	-0.424	0.424
  4425	0.212122	-0.424	0.424
  4426	0.204125	-0.424	0.424
  4427	0.197675	-0.424	0.424
  4428	0.228459	-0.424	0.424
  4429	0.209803	-0.424	0.424
  4430	0.204838	-0.424	0.424
  4431	0.217636	-0.424	0.424
  4432	0.159911	-0.424	0.424
  4433	0.168152	-0.424	0.424
  4434	0.21427	-0.424	0.424
  4435	0.195992	-0.424	0.424
  4436	0.212106	-0.424	0.424
  4437	0.168705	-0.424	0.424
  4438	0.184803	-0.424	0.424
  4439	0.189969	-0.424	0.424
  4440	0.186122	-0.424	0.424
  4441	0.211756	-0.424	0.424
  4442	0.190895	-0.424	0.424
  4443	0.156177	-0.424	0.424
  4444	0.183172	-0.424	0.424
  4445	0.178306	-0.424	0.424
  4446	0.190884	-0.424	0.424
  4447	0.194529	-0.424	0.424
  4448	0.140246	-0.424	0.424
  4449	0.191137	-0.424	0.424
  4450	0.205367	-0.424	0.424
  4451	0.221928	-0.424	0.424
  4452	0.155284	-0.424	0.424
  4453	0.209509	-0.424	0.424
  4454	0.202825	-0.424	0.424
  4455	0.166816	-0.424	0.424
  4456	0.211618	-0.424	0.424
  4457	0.192375	-0.424	0.424
  4458	0.16335	-0.424	0.424
  4459	0.196648	-0.424	0.424
  4460	0.21106	-0.424	0.424
  4461	0.219958	-0.424	0.424
  4462	0.204692	-0.424	0.424
  4463	0.185012	-0.424	0.424
  4464	0.183696	-0.424	0.424
  4465	0.173806	-0.424	0.424
  4466	0.214038	-0.424	0.424
  4467	0.198196	-0.424	0.424
  4468	0.186977	-0.424	0.424
  4469	0.193521	-0.424	0.424
  4470	0.178926	-0.424	0.424
  4471	0.202625	-0.424	0.424
  4472	0.205454	-0.424	0.424
  4473	0.164476	-0.424	0.424
  4474	0.179848	-0.424	0.424
  4475	0.206358	-0.424	0.424
  4476	0.184389	-0.424	0.424
  4477	0.196857	-0.424	0.424
  4478	0.180043	-0.424	0.424
  4479	0.186533	-0.424	0.424
  4480	0.209729	-0.424	0.424
  4481	0.201441	-0.424	0.424
  4482	0.181684	-0.424	0.424
  4483	0.180048	-0.424	0.424
  4484	0.216722	-0.424	0.424
  4485	0.176445	-0.424	0.424
  4486	0.178705	-0.424	0.424
  4487	0.177525	-0.424	0.424
  4488	0.185995	-0.424	0.424
  4489	0.19997	-0.424	0.424
  4490	0.212959	-0.424	0.424
  4491	0.207159	-0.424	0.424
  4492	0.22549	-0.424	0.424
  4493	0.219208	-0.424	0.424
  4494	0.204268	-0.424	0.424
  4495	0.180604	-0.424	0.424
  4496	0.199731	-0.424	0.424
  4497	0.222464	-0.424	0.424
  4498	0.221518	-0.424	0.424
  4499	0.206716	-0.424	0.424
  4500	0.214692	-0.424	0.424
  4501	0.177245	-0.424	0.424
  4502	0.224903	-0.424	0.424
  4503	0.193511	-0.424	0.424
  4504	0.194478	-0.424	0.424
  4505	0.19895	-0.424	0.424
  4506	0.207121	-0.424	0.424
  4507	0.16505	-0.424	0.424
  4508	0.199818	-0.424	0.424
  4509	0.185711	-0.424	0.424
  4510	0.187662	-0.424	0.424
  4511	0.197031	-0.424	0.424
  4512	0.16017	-0.424	0.424
  4513	0.187505	-0.424	0.424
  4514	0.220937	-0.424	0.424
  4515	0.165127	-0.424	0.424
  4516	0.153391	-0.424	0.424
  4517	0.176349	-0.424	0.424
  4518	0.188897	-0.424	0.424
  4519	0.204623	-0.424	0.424
  4520	0.150108	-0.424	0.424
  4521	0.184752	-0.424	0.424
  4522	0.188563	-0.424	0.424
  4523	0.205534	-0.424	0.424
  4524	0.222338	-0.424	0.424
  4525	0.209525	-0.424	0.424
  4526	0.198237	-0.424	0.424
  4527	0.211717	-0.424	0.424
  4528	0.180838	-0.424	0.424
  4529	0.171051	-0.424	0.424
  4530	0.20643	-0.424	0.424
  4531	0.219885	-0.424	0.424
  4532	0.185013	-0.424	0.424
  4533	0.203475	-0.424	0.424
  4534	0.202168	-0.424	0.424
  4535	0.192428	-0.424	0.424
  4536	0.170328	-0.424	0.424
  4537	0.195453	-0.424	0.424
  4538	0.1835	-0.424	0.424
  4539	0.19427	-0.424	0.424
  4540	0.224302	-0.424	0.424
  4541	0.205197	-0.424	0.424
  4542	0.203946	-0.424	0.424
  4543	0.209153	-0.424	0.424
  4544	0.191609	-0.424	0.424
  4545	0.200392	-0.424	0.424
  4546	0.217737	-0.424	0.424
  4547	0.177361	-0.424	0.424
  4548	0.204479	-0.424	0.424
  4549	0.218598	-0.424	0.424
  4550	0.199947	-0.424	0.424
  4551	0.201301	-0.424	0.424
  4552	0.204374	-0.424	0.424
  4553	0.2062	-0.424	0.424
  4554	0.225305	-0.424	0.424
  4555	0.173537	-0.424	0.424
  4556	0.214463	-0.424	0.424
  4557	0.211422	-0.424	0.424
  4558	0.192555	-0.424	0.424
  4559	0.189647	-0.424	0.424
  4560	0.205927	-0.424	0.424
  4561	0.202224	-0.424	0.424
  4562	0.149586	-0.424	0.424
  4563	0.195003	-0.424	0.424
  4564	0.206339	-0.424	0.424
  4565	0.184987	-0.424	0.424
  4566	0.156156	-0.424	0.424
  4567	0.180432	-0.424	0.424
  4568	0.228957	-0.424	0.424
  4569	0.203702	-0.424	0.424
  4570	0.186146	-0.424	0.424
  4571	0.223026	-0.424	0.424
  4572	0.194077	-0.424	0.424
  4573	0.181915	-0.424	0.424
  4574	0.206114	-0.424	0.424
  4575	0.205672	-0.424	0.424
  4576	0.171855	-0.424	0.424
  4577	0.216533	-0.424	0.424
  4578	0.200953	-0.424	0.424
  4579	0.201512	-0.424	0.424
  4580	0.220887	-0.424	0.424
  4581	0.214494	-0.424	0.424
  4582	0.203508	-0.424	0.424
  4583	0.19625	-0.424	0.424
  4584	0.190133	-0.424	0.424
  4585	0.207044	-0.424	0.424
  4586	0.18845	-0.424	0.424
  4587	0.125959	-0.424	0.424
  4588	0.166008	-0.424	0.424
  4589	0.194474	-0.424	0.424
  4590	0.175357	-0.424	0.424
  4591	0.204483	-0.424	0.424
  4592	0.217512	-0.424	0.424
  4593	0.207722	-0.424	0.424
  4594	0.177112	-0.424	0.424
  4595	0.177751	-0.424	0.424
  4596	0.188764	-0.424	0.424
  4597	0.198478	-0.424	0.424
  4598	0.224151	-0.424	0.424
  4599	0.187283	-0.424	0.424
  4600	0.185393	-0.424	0.424
  4601	0.219568	-0.424	0.424
  4602	0.204582	-0.424	0.424
  4603	0.183666	-0.424	0.424
  4604	0.189033	-0.424	0.424
  4605	0.198112	-0.424	0.424
  4606	0.18738	-0.424	0.424
  4607	0.220762	-0.424	0.424
  4608	0.207217	-0.424	0.424
  4609	0.201604	-0.424	0.424
  4610	0.153921	-0.424	0.424
  4611	0.181952	-0.424	0.424
  4612	0.183337	-0.424	0.424
  4613	0.171868	-0.424	0.424
  4614	0.183598	-0.424	0.424
  4615	0.223875	-0.424	0.424
  4616	0.230013	-0.424	0.424
  4617	0.132219	-0.424	0.424
  4618	0.223276	-0.424	0.424
  4619	0.19445	-0.424	0.424
  4620	0.186856	-0.424	0.424
  4621	0.1951	-0.424	0.424
  4622	0.173624	-0.424	0.424
  4623	0.213662	-0.424	0.424
  4624	0.179982	-0.424	0.424
  4625	0.206737	-0.424	0.424
  4626	0.193835	-0.424	0.424
  4627	0.215036	-0.424	0.424
  4628	0.179492	-0.424	0.424
  4629	0.212043	-0.424	0.424
  4630	0.165127	-0.424	0.424
  4631	0.164945	-0.424	0.424
  4632	0.1935	-0.424	0.424
  4633	0.194784	-0.424	0.424
  4634	0.171428	-0.424	0.424
  4635	0.214607	-0.424	0.424
  4636	0.208522	-0.424	0.424
  4637	0.168782	-0.424	0.424
  4638	0.177225	-0.424	0.424
  4639	0.213428	-0.424	0.424
  4640	0.185242	-0.424	0.424
  4641	0.197081	-0.424	0.424
  4642	0.203508	-0.424	0.424
  4643	0.204513	-0.424	0.424
  4644	0.212348	-0.424	0.424
  4645	0.195934	-0.424	0.424
  4646	0.218403	-0.424	0.424
  4647	0.195157	-0.424	0.424
  4648	0.212937	-0.424	0.424
  4649	0.209902	-0.424	0.424
  4650	0.183153	-0.424	0.424
  4651	0.174245	-0.424	0.424
  4652	0.155454	-0.424	0.424
  4653	0.197407	-0.424	0.424
  4654	0.219684	-0.424	0.424
  4655	0.16603	-0.424	0.424
  4656	0.204472	-0.424	0.424
  4657	0.218749	-0.424	0.424
  4658	0.194073	-0.424	0.424
  4659	0.215687	-0.424	0.424
  4660	0.206146	-0.424	0.424
  4661	0.208073	-0.424	0.424
  4662	0.212673	-0.424	0.424
  4663	0.198508	-0.424	0.424
  4664	0.206141	-0.424	0.424
  4665	0.197529	-0.424	0.424
  4666	0.198932	-0.424	0.424
  4667	0.202623	-0.424	0.424
  4668	0.198294	-0.424	0.424
  4669	0.184325	-0.424	0.424
  4670	0.180339	-0.424	0.424
  4671	0.196859	-0.424	0.424
  4672	0.199805	-0.424	0.424
  4673	0.23522	-0.424	0.424
  4674	0.185223	-0.424	0.424
  4675	0.218521	-0.424	0.424
  4676	0.179263	-0.424	0.424
  4677	0.204492	-0.424	0.424
  4678	0.162573	-0.424	0.424
  4679	0.226923	-0.424	0.424
  4680	0.170681	-0.424	0.424
  4681	0.221635	-0.424	0.424
  4682	0.194198	-0.424	0.424
  4683	0.209995	-0.424	0.424
  4684	0.185959	-0.424	0.424
  4685	0.153309	-0.424	0.424
  4686	0.181522	-0.424	0.424
  4687	0.194434	-0.424	0.424
  4688	0.203581	-0.424	0.424
  4689	0.160896	-0.424	0.424
  4690	0.218304	-0.424	0.424
  4691	0.190702	-0.424	0.424
  4692	0.205392	-0.424	0.424
  4693	0.178279	-0.424	0.424
  4694	0.228278	-0.424	0.424
  4695	0.210017	-0.424	0.424
  4696	0.221094	-0.424	0.424
  4697	0.20868	-0.424	0.424
  4698	0.163166	-0.424	0.424
  4699	0.209858	-0.424	0.424
  4700	0.17818	-0.424	0.424
  4701	0.16494	-0.424	0.424
  4702	0.165262	-0.424	0.424
  4703	0.186165	-0.424	0.424
  4704	0.197306	-0.424	0.424
  4705	0.223755	-0.424	0.424
  4706	0.195636	-0.424	0.424
  4707	0.196355	-0.424	0.424
  4708	0.194341	-0.424	0.424
  4709	0.189472	-0.424	0.424
  4710	0.196765	-0.424	0.424
  4711	0.176825	-0.424	0.424
  4712	0.173291	-0.424	0.424
  4713	0.177892	-0.424	0.424
  4714	0.189241	-0.424	0.424
  4715	0.206904	-0.424	0.424
  4716	0.179808	-0.424	0.424
  4717	0.192785	-0.424	0.424
  4718	0.195929	-0.424	0.424
  4719	0.168701	-0.424	0.424
  4720	0.20941	-0.424	0.424
  4721	0.188661	-0.424	0.424
  4722	0.170477	-0.424	0.424
  4723	0.160103	-0.424	0.424
  4724	0.200129	-0.424	0.424
  4725	0.143149	-0.424	0.424
  4726	0.194106	-0.424	0.424
  4727	0.205147	-0.424	0.424
  4728	0.211557	-0.424	0.424
  4729	0.186947	-0.424	0.424
  4730	0.17318	-0.424	0.424
  4731	0.218347	-0.424	0.424
  4732	0.208957	-0.424	0.424
  4733	0.179123	-0.424	0.424
  4734	0.207673	-0.424	0.424
  4735	0.224847	-0.424	0.424
  4736	0.170459	-0.424	0.424
  4737	0.180134	-0.424	0.424
  4738	0.155814	-0.424	0.424
  4739	0.226877	-0.424	0.424
  4740	0.202909	-0.424	0.424
  4741	0.204238	-0.424	0.424
  4742	0.216979	-0.424	0.424
  4743	0.193563	-0.424	0.424
  4744	0.167856	-0.424	0.424
  4745	0.196211	-0.424	0.424
  4746	0.177442	-0.424	0.424
  4747	0.185705	-0.424	0.424
  4748	0.194365	-0.424	0.424
  4749	0.225247	-0.424	0.424
  4750	0.198656	-0.424	0.424
  4751	0.205443	-0.424	0.424
  4752	0.200754	-0.424	0.424
  4753	0.223357	-0.424	0.424
  4754	0.199902	-0.424	0.424
  4755	0.192517	-0.424	0.424
  4756	0.194877	-0.424	0.424
  4757	0.223104	-0.424	0.424
  4758	0.215482	-0.424	0.424
  4759	0.194325	-0.424	0.424
  4760	0.166581	-0.424	0.424
  4761	0.196834	-0.424	0.424
  4762	0.2004	-0.424	0.424
  4763	0.201939	-0.424	0.424
  4764	0.2068	-0.424	0.424
  4765	0.187277	-0.424	0.424
  4766	0.197788	-0.424	0.424
  4767	0.207079	-0.424	0.424
  4768	0.214242	-0.424	0.424
  4769	0.201202	-0.424	0.424
  4770	0.191292	-0.424	0.424
  4771	0.215892	-0.424	0.424
  4772	0.190066	-0.424	0.424
  4773	0.2139	-0.424	0.424
  4774	0.220963	-0.424	0.424
  4775	0.199128	-0.424	0.424
  4776	0.215514	-0.424	0.424
  4777	0.223633	-0.424	0.424
  4778	0.19502	-0.424	0.424
  4779	0.198473	-0.424	0.424
  4780	0.185108	-0.424	0.424
  4781	0.20843	-0.424	0.424
  4782	0.208454	-0.424	0.424
  4783	0.216491	-0.424	0.424
  4784	0.171503	-0.424	0.424
  4785	0.213582	-0.424	0.424
  4786	0.186866	-0.424	0.424
  4787	0.206414	-0.424	0.424
  4788	0.216062	-0.424	0.424
  4789	0.165642	-0.424	0.424
  4790	0.209297	-0.424	0.424
  4791	0.187368	-0.424	0.424
  4792	0.187013	-0.424	0.424
  4793	0.201141	-0.424	0.424
  4794	0.210935	-0.424	0.424
  4795	0.183379	-0.424	0.424
  4796	0.198889	-0.424	0.424
  4797	0.183956	-0.424	0.424
  4798	0.206246	-0.424	0.424
  4799	0.172426	-0.424	0.424
  4800	0.21648	-0.424	0.424
  4801	0.22032	-0.424	0.424
  4802	0.202859	-0.424	0.424
  4803	0.184402	-0.424	0.424
  4804	0.169331	-0.424	0.424
  4805	0.214461	-0.424	0.424
  4806	0.185127	-0.424	0.424
  4807	0.20314	-0.424	0.424
  4808	0.213524	-0.424	0.424
  4809	0.17773	-0.424	0.424
  4810	0.207486	-0.424	0.424
  4811	0.178379	-0.424	0.424
  4812	0.174075	-0.424	0.424
  4813	0.187851	-0.424	0.424
  4814	0.203332	-0.424	0.424
  4815	0.171828	-0.424	0.424
  4816	0.163605	-0.424	0.424
  4817	0.193972	-0.424	0.424
  4818	0.176732	-0.424	0.424
  4819	0.200753	-0.424	0.424
  4820	0.193004	-0.424	0.424
  4821	0.211148	-0.424	0.424
  4822	0.206657	-0.424	0.424
  4823	0.203222	-0.424	0.424
  4824	0.225188	-0.424	0.424
  4825	0.204649	-0.424	0.424
  4826	0.207162	-0.424	0.424
  4827	0.155543	-0.424	0.424
  4828	0.186142	-0.424	0.424
  4829	0.181449	-0.424	0.424
  4830	0.213445	-0.424	0.424
  4831	0.203787	-0.424	0.424
  4832	0.189162	-0.424	0.424
  4833	0.190204	-0.424	0.424
  4834	0.198333	-0.424	0.424
  4835	0.221229	-0.424	0.424
  4836	0.168081	-0.424	0.424
  4837	0.198392	-0.424	0.424
  4838	0.213137	-0.424	0.424
  4839	0.226544	-0.424	0.424
  4840	0.183051	-0.424	0.424
  4841	0.209919	-0.424	0.424
  4842	0.222195	-0.424	0.424
  4843	0.203879	-0.424	0.424
  4844	0.200115	-0.424	0.424
  4845	0.198534	-0.424	0.424
  4846	0.189225	-0.424	0.424
  4847	0.216501	-0.424	0.424
  4848	0.171691	-0.424	0.424
  4849	0.222038	-0.424	0.424
  4850	0.173822	-0.424	0.424
  4851	0.17363	-0.424	0.424
  4852	0.222208	-0.424	0.424
  4853	0.212232	-0.424	0.424
  4854	0.182478	-0.424	0.424
  4855	0.169923	-0.424	0.424
  4856	0.210789	-0.424	0.424
  4857	0.213627	-0.424	0.424
  4858	0.155733	-0.424	0.424
  4859	0.206191	-0.424	0.424
  4860	0.20702	-0.424	0.424
  4861	0.184214	-0.424	0.424
  4862	0.194718	-0.424	0.424
  4863	0.156138	-0.424	0.424
  4864	0.215324	-0.424	0.424
  4865	0.202188	-0.424	0.424
  4866	0.198599	-0.424	0.424
  4867	0.209339	-0.424	0.424
  4868	0.211996	-0.424	0.424
  4869	0.185756	-0.424	0.424
  4870	0.175288	-0.424	0.424
  4871	0.222346	-0.424	0.424
  4872	0.210376	-0.424	0.424
  4873	0.183684	-0.424	0.424
  4874	0.225589	-0.424	0.424
  4875	0.208376	-0.424	0.424
  4876	0.196314	-0.424	0.424
  4877	0.178061	-0.424	0.424
  4878	0.205075	-0.424	0.424
  4879	0.151448	-0.424	0.424
  4880	0.189161	-0.424	0.424
  4881	0.168899	-0.424	0.424
  4882	0.202578	-0.424	0.424
  4883	0.202407	-0.424	0.424
  4884	0.221625	-0.424	0.424
  4885	0.211638	-0.424	0.424
  4886	0.209173	-0.424	0.424
  4887	0.191148	-0.424	0.424
  4888	0.211841	-0.424	0.424
  4889	0.210839	-0.424	0.424
  4890	0.188423	-0.424	0.424
  4891	0.156988	-0.424	0.424
  4892	0.193547	-0.424	0.424
  4893	0.200545	-0.424	0.424
  4894	0.18831	-0.424	0.424
  4895	0.20383	-0.424	0.424
  4896	0.179207	-0.424	0.424
  4897	0.201633	-0.424	0.424
  4898	0.21094	-0.424	0.424
  4899	0.216374	-0.424	0.424
  4900	0.166132	-0.424	0.424
  4901	0.206908	-0.424	0.424
  4902	0.209019	-0.424	0.424
  4903	0.175273	-0.424	0.424
  4904	0.186196	-0.424	0.424
  4905	0.185289	-0.424	0.424
  4906	0.22614	-0.424	0.424
  4907	0.16406	-0.424	0.424
  4908	0.207326	-0.424	0.424
  4909	0.204278	-0.424	0.424
  4910	0.208488	-0.424	0.424
  4911	0.201847	-0.424	0.424
  4912	0.219464	-0.424	0.424
  4913	0.206336	-0.424	0.424
  4914	0.204996	-0.424	0.424
  4915	0.176193	-0.424	0.424
  4916	0.22888	-0.424	0.424
  4917	0.200286	-0.424	0.424
  4918	0.187074	-0.424	0.424
  4919	0.219976	-0.424	0.424
  4920	0.206166	-0.424	0.424
  4921	0.174035	-0.424	0.424
  4922	0.180125	-0.424	0.424
  4923	0.213008	-0.424	0.424
  4924	0.177732	-0.424	0.424
  4925	0.22392	-0.424	0.424
  4926	0.19538	-0.424	0.424
  4927	0.198838	-0.424	0.424
  4928	0.215634	-0.424	0.424
  4929	0.217067	-0.424	0.424
  4930	0.16179	-0.424	0.424
  4931	0.208358	-0.424	0.424
  4932	0.199647	-0.424	0.424
  4933	0.209329	-0.424	0.424
  4934	0.193727	-0.424	0.424
  4935	0.206114	-0.424	0.424
  4936	0.188958	-0.424	0.424
  4937	0.201629	-0.424	0.424
  4938	0.188814	-0.424	0.424
  4939	0.185953	-0.424	0.424
  4940	0.206293	-0.424	0.424
  4941	0.187948	-0.424	0.424
  4942	0.225061	-0.424	0.424
  4943	0.200267	-0.424	0.424
  4944	0.219177	-0.424	0.424
  4945	0.207985	-0.424	0.424
  4946	0.208739	-0.424	0.424
  4947	0.225742	-0.424	0.424
  4948	0.22614	-0.424	0.424
  4949	0.207256	-0.424	0.424
  4950	0.169055	-0.424	0.424
  4951	0.14872	-0.424	0.424
  4952	0.220894	-0.424	0.424
  4953	0.19299	-0.424	0.424
  4954	0.198049	-0.424	0.424
  4955	0.193538	-0.424	0.424
  4956	0.196018	-0.424	0.424
  4957	0.186482	-0.424	0.424
  4958	0.184574	-0.424	0.424
  4959	0.203911	-0.424	0.424
  4960	0.209401	-0.424	0.424
  4961	0.17485	-0.424	0.424
  4962	0.195576	-0.424	0.424
  4963	0.197705	-0.424	0.424
  4964	0.213134	-0.424	0.424
  4965	0.195225	-0.424	0.424
  4966	0.223259	-0.424	0.424
  4967	0.193121	-0.424	0.424
  4968	0.229198	-0.424	0.424
  4969	0.200694	-0.424	0.424
  4970	0.229031	-0.424	0.424
  4971	0.202089	-0.424	0.424
  4972	0.193587	-0.424	0.424
  4973	0.202297	-0.424	0.424
  4974	0.18475	-0.424	0.424
  4975	0.202233	-0.424	0.424
  4976	0.209914	-0.424	0.424
  4977	0.216621	-0.424	0.424
  4978	0.193605	-0.424	0.424
  4979	0.20885	-0.424	0.424
  4980	0.199512	-0.424	0.424
  4981	0.16502	-0.424	0.424
  4982	0.152565	-0.424	0.424
  4983	0.21195	-0.424	0.424
  4984	0.210461	-0.424	0.424
  4985	0.184069	-0.424	0.424
  4986	0.174607	-0.424	0.424
  4987	0.162052	-0.424	0.424
  4988	0.208641	-0.424	0.424
  4989	0.210695	-0.424	0.424
  4990	0.237673	-0.424	0.424
  4991	0.210672	-0.424	0.424
  4992	0.190472	-0.424	0.424
  4993	0.166796	-0.424	0.424
  4994	0.193163	-0.424	0.424
  4995	0.218055	-0.424	0.424
  4996	0.207203	-0.424	0.424
  4997	0.22629	-0.424	0.424
  4998	0.18387	-0.424	0.424
  4999	0.230144	-0.424	0.424
  5000	0.216085	-0.424	0.424
  5001	0.176917	-0.424	0.424
  5002	0.212064	-0.424	0.424
  5003	0.19158	-0.424	0.424
  5004	0.208021	-0.424	0.424
  5005	0.189389	-0.424	0.424
  5006	0.164788	-0.424	0.424
  5007	0.21464	-0.424	0.424
  5008	0.195105	-0.424	0.424
  5009	0.178866	-0.424	0.424
  5010	0.213885	-0.424	0.424
  5011	0.204163	-0.424	0.424
  5012	0.182584	-0.424	0.424
  5013	0.194759	-0.424	0.424
  5014	0.183919	-0.424	0.424
  5015	0.186296	-0.424	0.424
  5016	0.21	-0.424	0.424
  5017	0.224976	-0.424	0.424
  5018	0.1976	-0.424	0.424
  5019	0.159561	-0.424	0.424
  5020	0.180661	-0.424	0.424
  5021	0.186589	-0.424	0.424
  5022	0.200039	-0.424	0.424
  5023	0.228383	-0.424	0.424
  5024	0.210286	-0.424	0.424
  5025	0.165165	-0.424	0.424
  5026	0.196884	-0.424	0.424
  5027	0.212907	-0.424	0.424
  5028	0.178839	-0.424	0.424
  5029	0.203968	-0.424	0.424
  5030	0.214475	-0.424	0.424
  5031	0.212753	-0.424	0.424
  5032	0.214246	-0.424	0.424
  5033	0.213517	-0.424	0.424
  5034	0.210491	-0.424	0.424
  5035	0.169114	-0.424	0.424
  5036	0.199858	-0.424	0.424
  5037	0.179471	-0.424	0.424
  5038	0.206116	-0.424	0.424
  5039	0.18343	-0.424	0.424
  5040	0.214055	-0.424	0.424
  5041	0.220753	-0.424	0.424
  5042	0.19117	-0.424	0.424
  5043	0.204313	-0.424	0.424
  5044	0.211821	-0.424	0.424
  5045	0.212409	-0.424	0.424
  5046	0.212863	-0.424	0.424
  5047	0.19526	-0.424	0.424
  5048	0.228447	-0.424	0.424
  5049	0.183597	-0.424	0.424
  5050	0.216189	-0.424	0.424
  5051	0.216498	-0.424	0.424
  5052	0.197723	-0.424	0.424
  5053	0.178523	-0.424	0.424
  5054	0.209429	-0.424	0.424
  5055	0.186456	-0.424	0.424
  5056	0.215264	-0.424	0.424
  5057	0.178988	-0.424	0.424
  5058	0.217147	-0.424	0.424
  5059	0.16949	-0.424	0.424
  5060	0.18664	-0.424	0.424
  5061	0.199835	-0.424	0.424
  5062	0.204428	-0.424	0.424
  5063	0.198587	-0.424	0.424
  5064	0.179008	-0.424	0.424
  5065	0.206667	-0.424	0.424
  5066	0.168612	-0.424	0.424
  5067	0.174625	-0.424	0.424
  5068	0.16852	-0.424	0.424
  5069	0.220849	-0.424	0.424
  5070	0.225054	-0.424	0.424
  5071	0.214022	-0.424	0.424
  5072	0.22621	-0.424	0.424
  5073	0.206013	-0.424	0.424
  5074	0.200443	-0.424	0.424
  5075	0.172954	-0.424	0.424
  5076	0.218977	-0.424	0.424
  5077	0.205942	-0.424	0.424
  5078	0.20596	-0.424	0.424
  5079	0.207283	-0.424	0.424
  5080	0.171392	-0.424	0.424
  5081	0.196202	-0.424	0.424
  5082	0.177251	-0.424	0.424
  5083	0.219667	-0.424	0.424
  5084	0.187413	-0.424	0.424
  5085	0.169267	-0.424	0.424
  5086	0.207249	-0.424	0.424
  5087	0.169727	-0.424	0.424
  5088	0.191282	-0.424	0.424
  5089	0.20246	-0.424	0.424
  5090	0.181115	-0.424	0.424
  5091	0.179652	-0.424	0.424
  5092	0.208633	-0.424	0.424
  5093	0.204075	-0.424	0.424
  5094	0.160217	-0.424	0.424
  5095	0.195491	-0.424	0.424
  5096	0.199996	-0.424	0.424
  5097	0.200805	-0.424	0.424
  5098	0.219264	-0.424	0.424
  5099	0.210729	-0.424	0.424
  5100	0.198307	-0.424	0.424
  5101	0.190986	-0.424	0.424
  5102	0.168843	-0.424	0.424
  5103	0.225508	-0.424	0.424
  5104	0.208692	-0.424	0.424
  5105	0.211786	-0.424	0.424
  5106	0.198467	-0.424	0.424
  5107	0.16951	-0.424	0.424
  5108	0.208589	-0.424	0.424
  5109	0.164554	-0.424	0.424
  5110	0.181096	-0.424	0.424
  5111	0.183859	-0.424	0.424
  5112	0.194186	-0.424	0.424
  5113	0.196804	-0.424	0.424
  5114	0.185656	-0.424	0.424
  5115	0.208993	-0.424	0.424
  5116	0.171445	-0.424	0.424
  5117	0.145492	-0.424	0.424
  5118	0.194274	-0.424	0.424
  5119	0.192163	-0.424	0.424
  5120	0.184123	-0.424	0.424
  5121	0.200443	-0.424	0.424
  5122	0.211122	-0.424	0.424
  5123	0.199506	-0.424	0.424
  5124	0.191124	-0.424	0.424
  5125	0.190421	-0.424	0.424
  5126	0.195733	-0.424	0.424
  5127	0.192058	-0.424	0.424
  5128	0.216445	-0.424	0.424
  5129	0.183168	-0.424	0.424
  5130	0.192747	-0.424	0.424
  5131	0.202664	-0.424	0.424
  5132	0.208906	-0.424	0.424
  5133	0.202834	-0.424	0.424
  5134	0.189836	-0.424	0.424
  5135	0.206539	-0.424	0.424
  5136	0.220048	-0.424	0.424
  5137	0.184658	-0.424	0.424
  5138	0.176611	-0.424	0.424
  5139	0.202393	-0.424	0.424
  5140	0.205245	-0.424	0.424
  5141	0.196489	-0.424	0.424
  5142	0.207889	-0.424	0.424
  5143	0.210141	-0.424	0.424
  5144	0.205804	-0.424	0.424
  5145	0.202204	-0.424	0.424
  5146	0.195328	-0.424	0.424
  5147	0.209782	-0.424	0.424
  5148	0.181177	-0.424	0.424
  5149	0.194504	-0.424	0.424
  5150	0.230961	-0.424	0.424
  5151	0.184607	-0.424	0.424
  5152	0.192336	-0.424	0.424
  5153	0.168607	-0.424	0.424
  5154	0.20934	-0.424	0.424
  5155	0.195304	-0.424	0.424
  5156	0.211147	-0.424	0.424
  5157	0.202217	-0.424	0.424
  5158	0.215906	-0.424	0.424
  5159	0.211829	-0.424	0.424
  5160	0.217361	-0.424	0.424
  5161	0.199651	-0.424	0.424
  5162	0.209252	-0.424	0.424
  5163	0.181883	-0.424	0.424
  5164	0.200901	-0.424	0.424
  5165	0.165821	-0.424	0.424
  5166	0.169435	-0.424	0.424
  5167	0.191528	-0.424	0.424
  5168	0.227215	-0.424	0.424
  5169	0.221575	-0.424	0.424
  5170	0.202837	-0.424	0.424
  5171	0.197659	-0.424	0.424
  5172	0.193623	-0.424	0.424
  5173	0.195466	-0.424	0.424
  5174	0.156606	-0.424	0.424
  5175	0.171154	-0.424	0.424
  5176	0.206396	-0.424	0.424
  5177	0.214351	-0.424	0.424
  5178	0.175446	-0.424	0.424
  5179	0.173038	-0.424	0.424
  5180	0.216399	-0.424	0.424
  5181	0.211736	-0.424	0.424
  5182	0.190508	-0.424	0.424
  5183	0.219526	-0.424	0.424
  5184	0.210953	-0.424	0.424
  5185	0.206417	-0.424	0.424
  5186	0.189343	-0.424	0.424
  5187	0.180748	-0.424	0.424
  5188	0.195715	-0.424	0.424
  5189	0.205174	-0.424	0.424
  5190	0.183531	-0.424	0.424
  5191	0.201483	-0.424	0.424
  5192	0.152374	-0.424	0.424
  5193	0.214805	-0.424	0.424
  5194	0.218209	-0.424	0.424
  5195	0.179155	-0.424	0.424
  5196	0.171294	-0.424	0.424
  5197	0.234561	-0.424	0.424
  5198	0.223037	-0.424	0.424
  5199	0.188714	-0.424	0.424
  5200	0.187878	-0.424	0.424
  5201	0.201883	-0.424	0.424
  5202	0.209804	-0.424	0.424
  5203	0.185789	-0.424	0.424
  5204	0.210483	-0.424	0.424
  5205	0.176285	-0.424	0.424
  5206	0.183646	-0.424	0.424
  5207	0.206379	-0.424	0.424
  5208	0.208846	-0.424	0.424
  5209	0.208153	-0.424	0.424
  5210	0.210486	-0.424	0.424
  5211	0.187734	-0.424	0.424
  5212	0.182713	-0.424	0.424
  5213	0.217792	-0.424	0.424
  5214	0.22551	-0.424	0.424
  5215	0.164763	-0.424	0.424
  5216	0.174281	-0.424	0.424
  5217	0.183008	-0.424	0.424
  5218	0.18888	-0.424	0.424
  5219	0.211842	-0.424	0.424
  5220	0.169409	-0.424	0.424
  5221	0.155451	-0.424	0.424
  5222	0.21208	-0.424	0.424
  5223	0.207888	-0.424	0.424
  5224	0.20708	-0.424	0.424
  5225	0.201904	-0.424	0.424
  5226	0.188462	-0.424	0.424
  5227	0.171779	-0.424	0.424
  5228	0.215152	-0.424	0.424
  5229	0.196209	-0.424	0.424
  5230	0.211511	-0.424	0.424
  5231	0.201373	-0.424	0.424
  5232	0.222633	-0.424	0.424
  5233	0.177759	-0.424	0.424
  5234	0.214667	-0.424	0.424
  5235	0.19132	-0.424	0.424
  5236	0.172918	-0.424	0.424
  5237	0.202883	-0.424	0.424
  5238	0.178558	-0.424	0.424
  5239	0.221378	-0.424	0.424
  5240	0.211408	-0.424	0.424
  5241	0.187892	-0.424	0.424
  5242	0.213252	-0.424	0.424
  5243	0.200216	-0.424	0.424
  5244	0.215306	-0.424	0.424
  5245	0.197399	-0.424	0.424
  5246	0.184763	-0.424	0.424
  5247	0.188889	-0.424	0.424
  5248	0.176796	-0.424	0.424
  5249	0.21703	-0.424	0.424
  5250	0.180078	-0.424	0.424
  5251	0.193694	-0.424	0.424
  5252	0.225344	-0.424	0.424
  5253	0.201381	-0.424	0.424
  5254	0.213326	-0.424	0.424
  5255	0.21167	-0.424	0.424
  5256	0.184853	-0.424	0.424
  5257	0.187811	-0.424	0.424
  5258	0.21628	-0.424	0.424
  5259	0.190259	-0.424	0.424
  5260	0.182414	-0.424	0.424
  5261	0.213805	-0.424	0.424
  5262	0.19123	-0.424	0.424
  5263	0.212596	-0.424	0.424
  5264	0.179245	-0.424	0.424
  5265	0.222753	-0.424	0.424
  5266	0.191149	-0.424	0.424
  5267	0.173238	-0.424	0.424
  5268	0.185981	-0.424	0.424
  5269	0.185978	-0.424	0.424
  5270	0.168067	-0.424	0.424
  5271	0.159542	-0.424	0.424
  5272	0.205999	-0.424	0.424
  5273	0.181613	-0.424	0.424
  5274	0.200821	-0.424	0.424
  5275	0.205061	-0.424	0.424
  5276	0.197936	-0.424	0.424
  5277	0.163967	-0.424	0.424
  5278	0.204561	-0.424	0.424
  5279	0.192958	-0.424	0.424
  5280	0.186779	-0.424	0.424
  5281	0.226732	-0.424	0.424
  5282	0.184567	-0.424	0.424
  5283	0.201919	-0.424	0.424
  5284	0.224853	-0.424	0.424
  5285	0.173033	-0.424	0.424
  5286	0.205876	-0.424	0.424
  5287	0.193512	-0.424	0.424
  5288	0.196083	-0.424	0.424
  5289	0.166074	-0.424	0.424
  5290	0.200162	-0.424	0.424
  5291	0.185166	-0.424	0.424
  5292	0.188898	-0.424	0.424
  5293	0.199499	-0.424	0.424
  5294	0.161335	-0.424	0.424
  5295	0.191036	-0.424	0.424
  5296	0.212853	-0.424	0.424
  5297	0.168278	-0.424	0.424
  5298	0.208488	-0.424	0.424
  5299	0.200773	-0.424	0.424
  5300	0.197313	-0.424	0.424
  5301	0.195518	-0.424	0.424
  5302	0.201897	-0.424	0.424
  5303	0.149908	-0.424	0.424
  5304	0.179607	-0.424	0.424
  5305	0.198814	-0.424	0.424
  5306	0.220142	-0.424	0.424
  5307	0.197049	-0.424	0.424
  5308	0.191811	-0.424	0.424
  5309	0.183101	-0.424	0.424
  5310	0.192482	-0.424	0.424
  5311	0.180099	-0.424	0.424
  5312	0.193127	-0.424	0.424
  5313	0.22195	-0.424	0.424
  5314	0.195664	-0.424	0.424
  5315	0.1975	-0.424	0.424
  5316	0.213656	-0.424	0.424
  5317	0.202607	-0.424	0.424
  5318	0.200054	-0.424	0.424
  5319	0.213663	-0.424	0.424
  5320	0.217031	-0.424	0.424
  5321	0.224216	-0.424	0.424
  5322	0.192276	-0.424	0.424
  5323	0.195867	-0.424	0.424
  5324	0.191623	-0.424	0.424
  5325	0.192373	-0.424	0.424
  5326	0.185803	-0.424	0.424
  5327	0.163278	-0.424	0.424
  5328	0.192642	-0.424	0.424
  5329	0.169782	-0.424	0.424
  5330	0.199339	-0.424	0.424
  5331	0.193395	-0.424	0.424
  5332	0.187145	-0.424	0.424
  5333	0.199967	-0.424	0.424
  5334	0.160783	-0.424	0.424
  5335	0.19517	-0.424	0.424
  5336	0.205954	-0.424	0.424
  5337	0.20675	-0.424	0.424
  5338	0.199409	-0.424	0.424
  5339	0.208692	-0.424	0.424
  5340	0.16823	-0.424	0.424
  5341	0.220376	-0.424	0.424
  5342	0.121493	-0.424	0.424
  5343	0.200723	-0.424	0.424
  5344	0.200247	-0.424	0.424
  5345	0.196243	-0.424	0.424
  5346	0.195592	-0.424	0.424
  5347	0.188943	-0.424	0.424
  5348	0.199707	-0.424	0.424
  5349	0.215023	-0.424	0.424
  5350	0.201238	-0.424	0.424
  5351	0.20773	-0.424	0.424
  5352	0.189176	-0.424	0.424
  5353	0.204724	-0.424	0.424
  5354	0.188338	-0.424	0.424
  5355	0.212278	-0.424	0.424
  5356	0.191914	-0.424	0.424
  5357	0.211765	-0.424	0.424
  5358	0.190659	-0.424	0.424
  5359	0.118882	-0.424	0.424
  5360	0.189151	-0.424	0.424
  5361	0.201201	-0.424	0.424
  5362	0.17306	-0.424	0.424
  5363	0.170385	-0.424	0.424
  5364	0.186993	-0.424	0.424
  5365	0.182754	-0.424	0.424
  5366	0.195711	-0.424	0.424
  5367	0.224513	-0.424	0.424
  5368	0.193373	-0.424	0.424
  5369	0.180645	-0.424	0.424
  5370	0.155659	-0.424	0.424
  5371	0.213816	-0.424	0.424
  5372	0.165915	-0.424	0.424
  5373	0.217088	-0.424	0.424
  5374	0.210195	-0.424	0.424
  5375	0.183019	-0.424	0.424
  5376	0.203107	-0.424	0.424
  5377	0.162542	-0.424	0.424
  5378	0.210478	-0.424	0.424
  5379	0.1795	-0.424	0.424
  5380	0.198646	-0.424	0.424
  5381	0.218576	-0.424	0.424
  5382	0.150219	-0.424	0.424
  5383	0.2064	-0.424	0.424
  5384	0.205261	-0.424	0.424
  5385	0.177925	-0.424	0.424
  5386	0.204443	-0.424	0.424
  5387	0.216641	-0.424	0.424
  5388	0.195095	-0.424	0.424
  5389	0.157261	-0.424	0.424
  5390	0.174909	-0.424	0.424
  5391	0.196879	-0.424	0.424
  5392	0.187862	-0.424	0.424
  5393	0.187018	-0.424	0.424
  5394	0.19286	-0.424	0.424
  5395	0.206838	-0.424	0.424
  5396	0.175161	-0.424	0.424
  5397	0.158157	-0.424	0.424
  5398	0.18587	-0.424	0.424
  5399	0.208204	-0.424	0.424
  5400	0.16506	-0.424	0.424
  5401	0.176543	-0.424	0.424
  5402	0.209686	-0.424	0.424
  5403	0.21369	-0.424	0.424
  5404	0.156526	-0.424	0.424
  5405	0.176946	-0.424	0.424
  5406	0.191961	-0.424	0.424
  5407	0.178913	-0.424	0.424
  5408	0.205424	-0.424	0.424
  5409	0.18343	-0.424	0.424
  5410	0.20512	-0.424	0.424
  5411	0.163771	-0.424	0.424
  5412	0.200834	-0.424	0.424
  5413	0.198423	-0.424	0.424
  5414	0.218779	-0.424	0.424
  5415	0.181963	-0.424	0.424
  5416	0.19188	-0.424	0.424
  5417	0.184632	-0.424	0.424
  5418	0.215491	-0.424	0.424
  5419	0.18279	-0.424	0.424
  5420	0.182469	-0.424	0.424
  5421	0.216242	-0.424	0.424
  5422	0.222286	-0.424	0.424
  5423	0.212474	-0.424	0.424
  5424	0.227286	-0.424	0.424
  5425	0.201787	-0.424	0.424
  5426	0.144471	-0.424	0.424
  5427	0.230887	-0.424	0.424
  5428	0.191224	-0.424	0.424
  5429	0.182867	-0.424	0.424
  5430	0.20918	-0.424	0.424
  5431	0.186335	-0.424	0.424
  5432	0.200947	-0.424	0.424
  5433	0.219545	-0.424	0.424
  5434	0.208432	-0.424	0.424
  5435	0.207816	-0.424	0.424
  5436	0.181492	-0.424	0.424
  5437	0.220059	-0.424	0.424
  5438	0.216423	-0.424	0.424
  5439	0.201354	-0.424	0.424
  5440	0.186517	-0.424	0.424
  5441	0.207677	-0.424	0.424
  5442	0.158207	-0.424	0.424
  5443	0.175844	-0.424	0.424
  5444	0.195413	-0.424	0.424
  5445	0.194637	-0.424	0.424
  5446	0.173681	-0.424	0.424
  5447	0.176169	-0.424	0.424
  5448	0.210537	-0.424	0.424
  5449	0.225604	-0.424	0.424
  5450	0.207574	-0.424	0.424
  5451	0.185834	-0.424	0.424
  5452	0.20941	-0.424	0.424
  5453	0.207879	-0.424	0.424
  5454	0.202718	-0.424	0.424
  5455	0.193151	-0.424	0.424
  5456	0.200076	-0.424	0.424
  5457	0.217475	-0.424	0.424
  5458	0.224174	-0.424	0.424
  5459	0.175347	-0.424	0.424
  5460	0.154564	-0.424	0.424
  5461	0.204395	-0.424	0.424
  5462	0.202681	-0.424	0.424
  5463	0.185228	-0.424	0.424
  5464	0.207172	-0.424	0.424
  5465	0.21346	-0.424	0.424
  5466	0.200582	-0.424	0.424
  5467	0.213267	-0.424	0.424
  5468	0.201775	-0.424	0.424
  5469	0.204292	-0.424	0.424
  5470	0.229568	-0.424	0.424
  5471	0.172774	-0.424	0.424
  5472	0.16647	-0.424	0.424
  5473	0.205429	-0.424	0.424
  5474	0.207384	-0.424	0.424
  5475	0.219721	-0.424	0.424
  5476	0.225039	-0.424	0.424
  5477	0.204242	-0.424	0.424
  5478	0.191009	-0.424	0.424
  5479	0.209482	-0.424	0.424
  5480	0.20898	-0.424	0.424
  5481	0.190824	-0.424	0.424
  5482	0.185359	-0.424	0.424
  5483	0.182232	-0.424	0.424
  5484	0.192755	-0.424	0.424
  5485	0.195512	-0.424	0.424
  5486	0.222181	-0.424	0.424
  5487	0.199814	-0.424	0.424
  5488	0.221043	-0.424	0.424
  5489	0.202126	-0.424	0.424
  5490	0.187215	-0.424	0.424
  5491	0.198387	-0.424	0.424
  5492	0.206994	-0.424	0.424
  5493	0.21006	-0.424	0.424
  5494	0.20649	-0.424	0.424
  5495	0.183064	-0.424	0.424
  5496	0.209708	-0.424	0.424
  5497	0.197761	-0.424	0.424
  5498	0.187208	-0.424	0.424
  5499	0.166208	-0.424	0.424
  5500	0.189739	-0.424	0.424
  5501	0.177151	-0.424	0.424
  5502	0.222495	-0.424	0.424
  5503	0.186365	-0.424	0.424
  5504	0.178336	-0.424	0.424
  5505	0.22656	-0.424	0.424
  5506	0.200741	-0.424	0.424
  5507	0.19467	-0.424	0.424
  5508	0.213647	-0.424	0.424
  5509	0.204138	-0.424	0.424
  5510	0.17934	-0.424	0.424
  5511	0.214256	-0.424	0.424
  5512	0.206562	-0.424	0.424
  5513	0.191307	-0.424	0.424
  5514	0.187384	-0.424	0.424
  5515	0.210611	-0.424	0.424
  5516	0.153913	-0.424	0.424
  5517	0.208666	-0.424	0.424
  5518	0.19966	-0.424	0.424
  5519	0.16176	-0.424	0.424
  5520	0.208222	-0.424	0.424
  5521	0.186198	-0.424	0.424
  5522	0.199654	-0.424	0.424
  5523	0.197926	-0.424	0.424
  5524	0.17929	-0.424	0.424
  5525	0.212247	-0.424	0.424
  5526	0.190101	-0.424	0.424
  5527	0.21327	-0.424	0.424
  5528	0.169318	-0.424	0.424
  5529	0.150222	-0.424	0.424
  5530	0.214699	-0.424	0.424
  5531	0.200852	-0.424	0.424
  5532	0.204628	-0.424	0.424
  5533	0.197972	-0.424	0.424
  5534	0.208397	-0.424	0.424
  5535	0.193926	-0.424	0.424
  5536	0.173112	-0.424	0.424
  5537	0.21763	-0.424	0.424
  5538	0.171047	-0.424	0.424
  5539	0.22484	-0.424	0.424
  5540	0.17541	-0.424	0.424
  5541	0.177503	-0.424	0.424
  5542	0.204728	-0.424	0.424
  5543	0.180267	-0.424	0.424
  5544	0.183106	-0.424	0.424
  5545	0.201314	-0.424	0.424
  5546	0.154482	-0.424	0.424
  5547	0.208974	-0.424	0.424
  5548	0.193831	-0.424	0.424
  5549	0.198906	-0.424	0.424
  5550	0.228856	-0.424	0.424
  5551	0.154027	-0.424	0.424
  5552	0.197464	-0.424	0.424
  5553	0.205829	-0.424	0.424
  5554	0.223571	-0.424	0.424
  5555	0.187992	-0.424	0.424
  5556	0.185752	-0.424	0.424
  5557	0.193705	-0.424	0.424
  5558	0.192632	-0.424	0.424
  5559	0.199331	-0.424	0.424
  5560	0.205896	-0.424	0.424
  5561	0.171949	-0.424	0.424
  5562	0.157414	-0.424	0.424
  5563	0.183263	-0.424	0.424
  5564	0.228671	-0.424	0.424
  5565	0.190231	-0.424	0.424
  5566	0.21066	-0.424	0.424
  5567	0.203457	-0.424	0.424
  5568	0.184222	-0.424	0.424
  5569	0.192039	-0.424	0.424
  5570	0.22594	-0.424	0.424
  5571	0.189648	-0.424	0.424
  5572	0.210458	-0.424	0.424
  5573	0.209053	-0.424	0.424
  5574	0.178479	-0.424	0.424
  5575	0.191751	-0.424	0.424
  5576	0.1855	-0.424	0.424
  5577	0.206648	-0.424	0.424
  5578	0.18681	-0.424	0.424
  5579	0.199676	-0.424	0.424
  5580	0.226607	-0.424	0.424
  5581	0.196083	-0.424	0.424
  5582	0.204945	-0.424	0.424
  5583	0.207829	-0.424	0.424
  5584	0.181419	-0.424	0.424
  5585	0.20899	-0.424	0.424
  5586	0.200161	-0.424	0.424
  5587	0.221234	-0.424	0.424
  5588	0.198154	-0.424	0.424
  5589	0.228134	-0.424	0.424
  5590	0.208458	-0.424	0.424
  5591	0.188778	-0.424	0.424
  5592	0.161061	-0.424	0.424
  5593	0.193139	-0.424	0.424
  5594	0.213801	-0.424	0.424
  5595	0.225801	-0.424	0.424
  5596	0.195539	-0.424	0.424
  5597	0.17831	-0.424	0.424
  5598	0.208181	-0.424	0.424
  5599	0.158413	-0.424	0.424
  5600	0.212372	-0.424	0.424
  5601	0.193377	-0.424	0.424
  5602	0.209553	-0.424	0.424
  5603	0.208009	-0.424	0.424
  5604	0.189341	-0.424	0.424
  5605	0.192452	-0.424	0.424
  5606	0.206597	-0.424	0.424
  5607	0.216257	-0.424	0.424
  5608	0.207919	-0.424	0.424
  5609	0.202962	-0.424	0.424
  5610	0.207304	-0.424	0.424
  5611	0.225338	-0.424	0.424
  5612	0.165279	-0.424	0.424
  5613	0.177215	-0.424	0.424
  5614	0.203913	-0.424	0.424
  5615	0.162769	-0.424	0.424
  5616	0.193333	-0.424	0.424
  5617	0.198003	-0.424	0.424
  5618	0.209381	-0.424	0.424
  5619	0.145112	-0.424	0.424
  5620	0.179961	-0.424	0.424
  5621	0.201822	-0.424	0.424
  5622	0.187848	-0.424	0.424
  5623	0.172338	-0.424	0.424
  5624	0.177488	-0.424	0.424
  5625	0.151857	-0.424	0.424
  5626	0.197348	-0.424	0.424
  5627	0.214116	-0.424	0.424
  5628	0.212368	-0.424	0.424
  5629	0.199034	-0.424	0.424
  5630	0.194371	-0.424	0.424
  5631	0.162317	-0.424	0.424
  5632	0.1631	-0.424	0.424
  5633	0.204819	-0.424	0.424
  5634	0.201694	-0.424	0.424
  5635	0.204692	-0.424	0.424
  5636	0.202369	-0.424	0.424
  5637	0.181347	-0.424	0.424
  5638	0.205519	-0.424	0.424
  5639	0.199615	-0.424	0.424
  5640	0.216679	-0.424	0.424
  5641	0.188038	-0.424	0.424
  5642	0.202695	-0.424	0.424
  5643	0.181661	-0.424	0.424
  5644	0.202209	-0.424	0.424
  5645	0.183727	-0.424	0.424
  5646	0.202651	-0.424	0.424
  5647	0.215521	-0.424	0.424
  5648	0.211747	-0.424	0.424
  5649	0.196434	-0.424	0.424
  5650	0.206266	-0.424	0.424
  5651	0.228362	-0.424	0.424
  5652	0.207782	-0.424	0.424
  5653	0.180868	-0.424	0.424
  5654	0.194325	-0.424	0.424
  5655	0.193375	-0.424	0.424
  5656	0.159691	-0.424	0.424
  5657	0.217741	-0.424	0.424
  5658	0.164585	-0.424	0.424
  5659	0.191012	-0.424	0.424
  5660	0.185097	-0.424	0.424
  5661	0.187282	-0.424	0.424
  5662	0.186145	-0.424	0.424
  5663	0.210189	-0.424	0.424
  5664	0.193373	-0.424	0.424
  5665	0.166863	-0.424	0.424
  5666	0.172489	-0.424	0.424
  5667	0.161449	-0.424	0.424
  5668	0.180884	-0.424	0.424
  5669	0.15525	-0.424	0.424
  5670	0.210443	-0.424	0.424
  5671	0.199069	-0.424	0.424
  5672	0.212419	-0.424	0.424
  5673	0.166545	-0.424	0.424
  5674	0.211179	-0.424	0.424
  5675	0.222411	-0.424	0.424
  5676	0.159748	-0.424	0.424
  5677	0.204388	-0.424	0.424
  5678	0.188005	-0.424	0.424
  5679	0.220741	-0.424	0.424
  5680	0.231265	-0.424	0.424
  5681	0.208033	-0.424	0.424
  5682	0.194365	-0.424	0.424
  5683	0.184108	-0.424	0.424
  5684	0.222295	-0.424	0.424
  5685	0.202315	-0.424	0.424
  5686	0.201785	-0.424	0.424
  5687	0.182775	-0.424	0.424
  5688	0.173399	-0.424	0.424
  5689	0.178192	-0.424	0.424
  5690	0.208291	-0.424	0.424
  5691	0.191952	-0.424	0.424
  5692	0.191278	-0.424	0.424
  5693	0.172088	-0.424	0.424
  5694	0.21908	-0.424	0.424
  5695	0.221168	-0.424	0.424
  5696	0.213322	-0.424	0.424
  5697	0.208959	-0.424	0.424
  5698	0.208577	-0.424	0.424
  5699	0.173875	-0.424	0.424
  5700	0.209971	-0.424	0.424
  5701	0.204531	-0.424	0.424
  5702	0.189563	-0.424	0.424
  5703	0.154854	-0.424	0.424
  5704	0.214914	-0.424	0.424
  5705	0.207043	-0.424	0.424
  5706	0.152866	-0.424	0.424
  5707	0.205722	-0.424	0.424
  5708	0.151062	-0.424	0.424
  5709	0.208602	-0.424	0.424
  5710	0.20883	-0.424	0.424
  5711	0.213083	-0.424	0.424
  5712	0.17303	-0.424	0.424
  5713	0.186479	-0.424	0.424
  5714	0.194293	-0.424	0.424
  5715	0.196849	-0.424	0.424
  5716	0.200795	-0.424	0.424
  5717	0.16842	-0.424	0.424
  5718	0.206324	-0.424	0.424
  5719	0.211863	-0.424	0.424
  5720	0.182513	-0.424	0.424
  5721	0.169558	-0.424	0.424
  5722	0.203587	-0.424	0.424
  5723	0.22228	-0.424	0.424
  5724	0.216124	-0.424	0.424
  5725	0.173535	-0.424	0.424
  5726	0.205403	-0.424	0.424
  5727	0.205618	-0.424	0.424
  5728	0.2053	-0.424	0.424
  5729	0.172845	-0.424	0.424
  5730	0.196186	-0.424	0.424
  5731	0.202842	-0.424	0.424
  5732	0.15978	-0.424	0.424
  5733	0.179973	-0.424	0.424
  5734	0.21498	-0.424	0.424
  5735	0.189975	-0.424	0.424
  5736	0.21229	-0.424	0.424
  5737	0.203803	-0.424	0.424
  5738	0.217988	-0.424	0.424
  5739	0.198304	-0.424	0.424
  5740	0.223744	-0.424	0.424
  5741	0.196187	-0.424	0.424
  5742	0.200437	-0.424	0.424
  5743	0.193934	-0.424	0.424
  5744	0.19479	-0.424	0.424
  5745	0.178434	-0.424	0.424
  5746	0.215695	-0.424	0.424
  5747	0.176351	-0.424	0.424
  5748	0.190881	-0.424	0.424
  5749	0.164988	-0.424	0.424
  5750	0.21577	-0.424	0.424
  5751	0.164423	-0.424	0.424
  5752	0.168845	-0.424	0.424
  5753	0.182904	-0.424	0.424
  5754	0.172659	-0.424	0.424
  5755	0.211595	-0.424	0.424
  5756	0.227007	-0.424	0.424
  5757	0.199868	-0.424	0.424
  5758	0.213169	-0.424	0.424
  5759	0.215208	-0.424	0.424
  5760	0.194277	-0.424	0.424
  5761	0.179846	-0.424	0.424
  5762	0.166225	-0.424	0.424
  5763	0.176499	-0.424	0.424
  5764	0.206702	-0.424	0.424
  5765	0.166413	-0.424	0.424
  5766	0.16573	-0.424	0.424
  5767	0.207871	-0.424	0.424
  5768	0.18342	-0.424	0.424
  5769	0.209222	-0.424	0.424
  5770	0.186516	-0.424	0.424
  5771	0.192457	-0.424	0.424
  5772	0.197832	-0.424	0.424
  5773	0.212838	-0.424	0.424
  5774	0.203853	-0.424	0.424
  5775	0.209012	-0.424	0.424
  5776	0.199131	-0.424	0.424
  5777	0.188241	-0.424	0.424
  5778	0.203355	-0.424	0.424
  5779	0.224836	-0.424	0.424
  5780	0.181294	-0.424	0.424
  5781	0.198242	-0.424	0.424
  5782	0.179796	-0.424	0.424
  5783	0.187191	-0.424	0.424
  5784	0.174812	-0.424	0.424
  5785	0.182154	-0.424	0.424
  5786	0.183125	-0.424	0.424
  5787	0.193937	-0.424	0.424
  5788	0.171463	-0.424	0.424
  5789	0.211511	-0.424	0.424
  5790	0.164875	-0.424	0.424
  5791	0.215886	-0.424	0.424
  5792	0.187533	-0.424	0.424
  5793	0.200657	-0.424	0.424
  5794	0.204515	-0.424	0.424
  5795	0.192497	-0.424	0.424
  5796	0.209054	-0.424	0.424
  5797	0.185025	-0.424	0.424
  5798	0.201888	-0.424	0.424
  5799	0.187822	-0.424	0.424
  5800	0.201961	-0.424	0.424
  5801	0.187214	-0.424	0.424
  5802	0.217877	-0.424	0.424
  5803	0.213347	-0.424	0.424
  5804	0.216663	-0.424	0.424
  5805	0.198193	-0.424	0.424
  5806	0.191151	-0.424	0.424
  5807	0.221978	-0.424	0.424
  5808	0.211774	-0.424	0.424
  5809	0.139072	-0.424	0.424
  5810	0.188279	-0.424	0.424
  5811	0.168704	-0.424	0.424
  5812	0.194915	-0.424	0.424
  5813	0.205269	-0.424	0.424
  5814	0.223285	-0.424	0.424
  5815	0.175978	-0.424	0.424
  5816	0.204933	-0.424	0.424
  5817	0.197808	-0.424	0.424
  5818	0.155012	-0.424	0.424
  5819	0.181728	-0.424	0.424
  5820	0.16408	-0.424	0.424
  5821	0.215656	-0.424	0.424
  5822	0.200525	-0.424	0.424
  5823	0.16104	-0.424	0.424
  5824	0.219079	-0.424	0.424
  5825	0.202127	-0.424	0.424
  5826	0.219332	-0.424	0.424
  5827	0.198012	-0.424	0.424
  5828	0.210842	-0.424	0.424
  5829	0.160586	-0.424	0.424
  5830	0.192769	-0.424	0.424
  5831	0.219053	-0.424	0.424
  5832	0.208382	-0.424	0.424
  5833	0.19786	-0.424	0.424
  5834	0.209157	-0.424	0.424
  5835	0.172285	-0.424	0.424
  5836	0.19203	-0.424	0.424
  5837	0.171014	-0.424	0.424
  5838	0.212678	-0.424	0.424
  5839	0.206039	-0.424	0.424
  5840	0.169453	-0.424	0.424
  5841	0.166466	-0.424	0.424
  5842	0.221614	-0.424	0.424
  5843	0.184019	-0.424	0.424
  5844	0.207794	-0.424	0.424
  5845	0.205754	-0.424	0.424
  5846	0.217118	-0.424	0.424
  5847	0.182276	-0.424	0.424
  5848	0.180852	-0.424	0.424
  5849	0.206342	-0.424	0.424
  5850	0.200903	-0.424	0.424
  5851	0.187603	-0.424	0.424
  5852	0.212988	-0.424	0.424
  5853	0.178072	-0.424	0.424
  5854	0.220647	-0.424	0.424
  5855	0.198703	-0.424	0.424
  5856	0.163516	-0.424	0.424
  5857	0.195297	-0.424	0.424
  5858	0.18751	-0.424	0.424
  5859	0.219448	-0.424	0.424
  5860	0.216136	-0.424	0.424
  5861	0.157739	-0.424	0.424
  5862	0.217963	-0.424	0.424
  5863	0.206218	-0.424	0.424
  5864	0.198327	-0.424	0.424
  5865	0.188536	-0.424	0.424
  5866	0.163965	-0.424	0.424
  5867	0.201712	-0.424	0.424
  5868	0.211407	-0.424	0.424
  5869	0.172186	-0.424	0.424
  5870	0.204995	-0.424	0.424
  5871	0.174377	-0.424	0.424
  5872	0.179726	-0.424	0.424
  5873	0.192889	-0.424	0.424
  5874	0.206706	-0.424	0.424
  5875	0.190463	-0.424	0.424
  5876	0.220718	-0.424	0.424
  5877	0.205692	-0.424	0.424
  5878	0.214543	-0.424	0.424
  5879	0.205368	-0.424	0.424
  5880	0.217391	-0.424	0.424
  5881	0.149508	-0.424	0.424
  5882	0.206623	-0.424	0.424
  5883	0.218501	-0.424	0.424
  5884	0.210203	-0.424	0.424
  5885	0.199586	-0.424	0.424
  5886	0.194701	-0.424	0.424
  5887	0.1944	-0.424	0.424
  5888	0.212492	-0.424	0.424
  5889	0.216163	-0.424	0.424
  5890	0.191304	-0.424	0.424
  5891	0.155495	-0.424	0.424
  5892	0.190433	-0.424	0.424
  5893	0.220248	-0.424	0.424
  5894	0.213151	-0.424	0.424
  5895	0.198189	-0.424	0.424
  5896	0.203903	-0.424	0.424
  5897	0.230026	-0.424	0.424
  5898	0.201509	-0.424	0.424
  5899	0.186229	-0.424	0.424
  5900	0.18522	-0.424	0.424
  5901	0.230909	-0.424	0.424
  5902	0.20232	-0.424	0.424
  5903	0.225555	-0.424	0.424
  5904	0.224694	-0.424	0.424
  5905	0.165107	-0.424	0.424
  5906	0.218554	-0.424	0.424
  5907	0.209074	-0.424	0.424
  5908	0.162545	-0.424	0.424
  5909	0.192688	-0.424	0.424
  5910	0.197613	-0.424	0.424
  5911	0.175548	-0.424	0.424
  5912	0.200705	-0.424	0.424
  5913	0.210081	-0.424	0.424
  5914	0.152366	-0.424	0.424
  5915	0.192368	-0.424	0.424
  5916	0.205553	-0.424	0.424
  5917	0.204944	-0.424	0.424
  5918	0.174287	-0.424	0.424
  5919	0.185244	-0.424	0.424
  5920	0.151793	-0.424	0.424
  5921	0.191995	-0.424	0.424
  5922	0.147471	-0.424	0.424
  5923	0.181144	-0.424	0.424
  5924	0.187701	-0.424	0.424
  5925	0.216936	-0.424	0.424
  5926	0.214712	-0.424	0.424
  5927	0.184383	-0.424	0.424
  5928	0.168166	-0.424	0.424
  5929	0.191511	-0.424	0.424
  5930	0.185924	-0.424	0.424
  5931	0.219651	-0.424	0.424
  5932	0.205841	-0.424	0.424
  5933	0.194748	-0.424	0.424
  5934	0.178598	-0.424	0.424
  5935	0.189033	-0.424	0.424
  5936	0.194844	-0.424	0.424
  5937	0.196483	-0.424	0.424
  5938	0.186867	-0.424	0.424
  5939	0.224201	-0.424	0.424
  5940	0.166875	-0.424	0.424
  5941	0.174162	-0.424	0.424
  5942	0.210888	-0.424	0.424
  5943	0.167899	-0.424	0.424
  5944	0.196465	-0.424	0.424
  5945	0.218873	-0.424	0.424
  5946	0.209254	-0.424	0.424
  5947	0.207648	-0.424	0.424
  5948	0.16654	-0.424	0.424
  5949	0.210782	-0.424	0.424
  5950	0.217665	-0.424	0.424
  5951	0.215466	-0.424	0.424
  5952	0.194522	-0.424	0.424
  5953	0.161206	-0.424	0.424
  5954	0.170894	-0.424	0.424
  5955	0.223293	-0.424	0.424
  5956	0.179953	-0.424	0.424
  5957	0.17346	-0.424	0.424
  5958	0.217167	-0.424	0.424
  5959	0.213178	-0.424	0.424
  5960	0.202682	-0.424	0.424
  5961	0.199952	-0.424	0.424
  5962	0.216264	-0.424	0.424
  5963	0.16773	-0.424	0.424
  5964	0.12759	-0.424	0.424
  5965	0.186173	-0.424	0.424
  5966	0.149449	-0.424	0.424
  5967	0.191278	-0.424	0.424
  5968	0.209386	-0.424	0.424
  5969	0.160837	-0.424	0.424
  5970	0.150575	-0.424	0.424
  5971	0.202687	-0.424	0.424
  5972	0.15537	-0.424	0.424
  5973	0.223153	-0.424	0.424
  5974	0.200066	-0.424	0.424
  5975	0.177861	-0.424	0.424
  5976	0.198679	-0.424	0.424
  5977	0.21985	-0.424	0.424
  5978	0.204746	-0.424	0.424
  5979	0.199067	-0.424	0.424
  5980	0.195345	-0.424	0.424
  5981	0.211956	-0.424	0.424
  5982	0.164002	-0.424	0.424
  5983	0.20676	-0.424	0.424
  5984	0.212688	-0.424	0.424
  5985	0.195725	-0.424	0.424
  5986	0.185647	-0.424	0.424
  5987	0.185115	-0.424	0.424
  5988	0.162848	-0.424	0.424
  5989	0.158908	-0.424	0.424
  5990	0.212204	-0.424	0.424
  5991	0.188376	-0.424	0.424
  5992	0.172674	-0.424	0.424
  5993	0.189674	-0.424	0.424
  5994	0.20878	-0.424	0.424
  5995	0.212576	-0.424	0.424
  5996	0.212121	-0.424	0.424
  5997	0.15797	-0.424	0.424
  5998	0.171012	-0.424	0.424
  5999	0.19389	-0.424	0.424
  6000	0.188357	-0.424	0.424
  6001	0.183603	-0.424	0.424
  6002	0.177491	-0.424	0.424
  6003	0.182835	-0.424	0.424
  6004	0.194242	-0.424	0.424
  6005	0.195868	-0.424	0.424
  6006	0.195122	-0.424	0.424
  6007	0.193649	-0.424	0.424
  6008	0.17332	-0.424	0.424
  6009	0.177567	-0.424	0.424
  6010	0.209397	-0.424	0.424
  6011	0.189004	-0.424	0.424
  6012	0.200065	-0.424	0.424
  6013	0.196936	-0.424	0.424
  6014	0.198233	-0.424	0.424
  6015	0.203284	-0.424	0.424
  6016	0.197367	-0.424	0.424
  6017	0.19904	-0.424	0.424
  6018	0.214168	-0.424	0.424
  6019	0.221169	-0.424	0.424
  6020	0.192868	-0.424	0.424
  6021	0.207592	-0.424	0.424
  6022	0.209644	-0.424	0.424
  6023	0.18586	-0.424	0.424
  6024	0.195524	-0.424	0.424
  6025	0.218097	-0.424	0.424
  6026	0.218262	-0.424	0.424
  6027	0.217046	-0.424	0.424
  6028	0.151183	-0.424	0.424
  6029	0.186857	-0.424	0.424
  6030	0.221436	-0.424	0.424
  6031	0.187467	-0.424	0.424
  6032	0.215258	-0.424	0.424
  6033	0.224087	-0.424	0.424
  6034	0.206027	-0.424	0.424
  6035	0.223248	-0.424	0.424
  6036	0.214447	-0.424	0.424
  6037	0.222868	-0.424	0.424
  6038	0.196196	-0.424	0.424
  6039	0.210863	-0.424	0.424
  6040	0.207156	-0.424	0.424
  6041	0.166153	-0.424	0.424
  6042	0.202278	-0.424	0.424
  6043	0.204683	-0.424	0.424
  6044	0.198596	-0.424	0.424
  6045	0.21756	-0.424	0.424
  6046	0.167493	-0.424	0.424
  6047	0.219674	-0.424	0.424
  6048	0.17366	-0.424	0.424
  6049	0.207828	-0.424	0.424
  6050	0.156074	-0.424	0.424
  6051	0.204762	-0.424	0.424
  6052	0.20572	-0.424	0.424
  6053	0.194009	-0.424	0.424
  6054	0.207046	-0.424	0.424
  6055	0.224763	-0.424	0.424
  6056	0.207455	-0.424	0.424
  6057	0.188223	-0.424	0.424
  6058	0.197277	-0.424	0.424
  6059	0.208915	-0.424	0.424
  6060	0.207174	-0.424	0.424
  6061	0.174643	-0.424	0.424
  6062	0.196872	-0.424	0.424
  6063	0.194737	-0.424	0.424
  6064	0.195022	-0.424	0.424
  6065	0.188713	-0.424	0.424
  6066	0.216661	-0.424	0.424
  6067	0.198505	-0.424	0.424
  6068	0.194103	-0.424	0.424
  6069	0.179347	-0.424	0.424
  6070	0.190534	-0.424	0.424
  6071	0.208596	-0.424	0.424
  6072	0.212277	-0.424	0.424
  6073	0.170119	-0.424	0.424
  6074	0.20715	-0.424	0.424
  6075	0.190345	-0.424	0.424
  6076	0.206629	-0.424	0.424
  6077	0.18094	-0.424	0.424
  6078	0.189573	-0.424	0.424
  6079	0.180696	-0.424	0.424
  6080	0.215098	-0.424	0.424
  6081	0.214461	-0.424	0.424
  6082	0.212737	-0.424	0.424
  6083	0.187797	-0.424	0.424
  6084	0.157132	-0.424	0.424
  6085	0.219752	-0.424	0.424
  6086	0.196666	-0.424	0.424
  6087	0.210173	-0.424	0.424
  6088	0.210735	-0.424	0.424
  6089	0.205084	-0.424	0.424
  6090	0.198119	-0.424	0.424
  6091	0.205233	-0.424	0.424
  6092	0.207054	-0.424	0.424
  6093	0.193117	-0.424	0.424
  6094	0.195977	-0.424	0.424
  6095	0.201263	-0.424	0.424
  6096	0.184956	-0.424	0.424
  6097	0.193133	-0.424	0.424
  6098	0.22709	-0.424	0.424
  6099	0.159044	-0.424	0.424
  6100	0.220663	-0.424	0.424
  6101	0.208036	-0.424	0.424
  6102	0.214632	-0.424	0.424
  6103	0.190595	-0.424	0.424
  6104	0.191098	-0.424	0.424
  6105	0.202593	-0.424	0.424
  6106	0.200553	-0.424	0.424
  6107	0.18783	-0.424	0.424
  6108	0.188491	-0.424	0.424
  6109	0.188662	-0.424	0.424
  6110	0.176835	-0.424	0.424
  6111	0.215966	-0.424	0.424
  6112	0.141093	-0.424	0.424
  6113	0.210981	-0.424	0.424
  6114	0.160066	-0.424	0.424
  6115	0.225191	-0.424	0.424
  6116	0.189464	-0.424	0.424
  6117	0.187419	-0.424	0.424
  6118	0.208415	-0.424	0.424
  6119	0.201501	-0.424	0.424
  6120	0.202037	-0.424	0.424
  6121	0.17016	-0.424	0.424
  6122	0.224247	-0.424	0.424
  6123	0.187747	-0.424	0.424
  6124	0.191536	-0.424	0.424
  6125	0.187621	-0.424	0.424
  6126	0.207308	-0.424	0.424
  6127	0.200809	-0.424	0.424
  6128	0.229196	-0.424	0.424
  6129	0.178897	-0.424	0.424
  6130	0.158533	-0.424	0.424
  6131	0.208484	-0.424	0.424
  6132	0.224653	-0.424	0.424
  6133	0.162472	-0.424	0.424
  6134	0.195168	-0.424	0.424
  6135	0.204044	-0.424	0.424
  6136	0.213242	-0.424	0.424
  6137	0.208058	-0.424	0.424
  6138	0.165744	-0.424	0.424
  6139	0.180543	-0.424	0.424
  6140	0.208523	-0.424	0.424
  6141	0.220788	-0.424	0.424
  6142	0.166926	-0.424	0.424
  6143	0.200481	-0.424	0.424
  6144	0.182729	-0.424	0.424
  6145	0.22029	-0.424	0.424
  6146	0.174808	-0.424	0.424
  6147	0.189975	-0.424	0.424
  6148	0.219803	-0.424	0.424
  6149	0.202177	-0.424	0.424
  6150	0.203535	-0.424	0.424
  6151	0.224477	-0.424	0.424
  6152	0.199166	-0.424	0.424
  6153	0.171381	-0.424	0.424
  6154	0.222005	-0.424	0.424
  6155	0.204165	-0.424	0.424
  6156	0.206582	-0.424	0.424
  6157	0.221353	-0.424	0.424
  6158	0.16848	-0.424	0.424
  6159	0.147771	-0.424	0.424
  6160	0.224642	-0.424	0.424
  6161	0.219476	-0.424	0.424
  6162	0.212758	-0.424	0.424
  6163	0.205523	-0.424	0.424
  6164	0.179527	-0.424	0.424
  6165	0.201572	-0.424	0.424
  6166	0.180995	-0.424	0.424
  6167	0.194249	-0.424	0.424
  6168	0.222488	-0.424	0.424
  6169	0.180608	-0.424	0.424
  6170	0.192305	-0.424	0.424
  6171	0.180156	-0.424	0.424
  6172	0.198526	-0.424	0.424
  6173	0.173268	-0.424	0.424
  6174	0.229654	-0.424	0.424
  6175	0.179827	-0.424	0.424
  6176	0.192667	-0.424	0.424
  6177	0.204481	-0.424	0.424
  6178	0.212189	-0.424	0.424
  6179	0.171151	-0.424	0.424
  6180	0.196115	-0.424	0.424
  6181	0.224815	-0.424	0.424
  6182	0.17687	-0.424	0.424
  6183	0.191719	-0.424	0.424
  6184	0.219865	-0.424	0.424
  6185	0.216784	-0.424	0.424
  6186	0.206175	-0.424	0.424
  6187	0.203127	-0.424	0.424
  6188	0.203409	-0.424	0.424
  6189	0.1868	-0.424	0.424
  6190	0.216838	-0.424	0.424
  6191	0.167763	-0.424	0.424
  6192	0.188448	-0.424	0.424
  6193	0.192397	-0.424	0.424
  6194	0.180904	-0.424	0.424
  6195	0.21505	-0.424	0.424
  6196	0.203553	-0.424	0.424
  6197	0.200835	-0.424	0.424
  6198	0.188898	-0.424	0.424
  6199	0.196602	-0.424	0.424
  6200	0.198762	-0.424	0.424
  6201	0.19696	-0.424	0.424
  6202	0.197294	-0.424	0.424
  6203	0.220397	-0.424	0.424
  6204	0.201764	-0.424	0.424
  6205	0.194347	-0.424	0.424
  6206	0.165166	-0.424	0.424
  6207	0.184808	-0.424	0.424
  6208	0.160436	-0.424	0.424
  6209	0.206564	-0.424	0.424
  6210	0.212174	-0.424	0.424
  6211	0.217324	-0.424	0.424
  6212	0.190853	-0.424	0.424
  6213	0.195727	-0.424	0.424
  6214	0.208784	-0.424	0.424
  6215	0.208533	-0.424	0.424
  6216	0.190114	-0.424	0.424
  6217	0.205593	-0.424	0.424
  6218	0.199608	-0.424	0.424
  6219	0.216509	-0.424	0.424
  6220	0.206641	-0.424	0.424
  6221	0.156581	-0.424	0.424
  6222	0.199898	-0.424	0.424
  6223	0.181449	-0.424	0.424
  6224	0.215931	-0.424	0.424
  6225	0.22	-0.424	0.424
  6226	0.210254	-0.424	0.424
  6227	0.219168	-0.424	0.424
  6228	0.213144	-0.424	0.424
  6229	0.186979	-0.424	0.424
  6230	0.158749	-0.424	0.424
  6231	0.209606	-0.424	0.424
  6232	0.198243	-0.424	0.424
  6233	0.171526	-0.424	0.424
  6234	0.192023	-0.424	0.424
  6235	0.185519	-0.424	0.424
  6236	0.18364	-0.424	0.424
  6237	0.195388	-0.424	0.424
  6238	0.19503	-0.424	0.424
  6239	0.222453	-0.424	0.424
  6240	0.190127	-0.424	0.424
  6241	0.228168	-0.424	0.424
  6242	0.198086	-0.424	0.424
  6243	0.158288	-0.424	0.424
  6244	0.175727	-0.424	0.424
  6245	0.209919	-0.424	0.424
  6246	0.186126	-0.424	0.424
  6247	0.176848	-0.424	0.424
  6248	0.189664	-0.424	0.424
  6249	0.188729	-0.424	0.424
  6250	0.156125	-0.424	0.424
  6251	0.1653	-0.424	0.424
  6252	0.206095	-0.424	0.424
  6253	0.165959	-0.424	0.424
  6254	0.190381	-0.424	0.424
  6255	0.179289	-0.424	0.424
  6256	0.2118	-0.424	0.424
  6257	0.183711	-0.424	0.424
  6258	0.200754	-0.424	0.424
  6259	0.191579	-0.424	0.424
  6260	0.1875	-0.424	0.424
  6261	0.20696	-0.424	0.424
  6262	0.208288	-0.424	0.424
  6263	0.209914	-0.424	0.424
  6264	0.221634	-0.424	0.424
  6265	0.202365	-0.424	0.424
  6266	0.204588	-0.424	0.424
  6267	0.199643	-0.424	0.424
  6268	0.197622	-0.424	0.424
  6269	0.196071	-0.424	0.424
  6270	0.211194	-0.424	0.424
  6271	0.167905	-0.424	0.424
  6272	0.213173	-0.424	0.424
  6273	0.19702	-0.424	0.424
  6274	0.216345	-0.424	0.424
  6275	0.2152	-0.424	0.424
  6276	0.194679	-0.424	0.424
  6277	0.220944	-0.424	0.424
  6278	0.219784	-0.424	0.424
  6279	0.208754	-0.424	0.424
  6280	0.191257	-0.424	0.424
  6281	0.184128	-0.424	0.424
  6282	0.183236	-0.424	0.424
  6283	0.176845	-0.424	0.424
  6284	0.191513	-0.424	0.424
  6285	0.193912	-0.424	0.424
  6286	0.182437	-0.424	0.424
  6287	0.226893	-0.424	0.424
  6288	0.220345	-0.424	0.424
  6289	0.211755	-0.424	0.424
  6290	0.188668	-0.424	0.424
  6291	0.183823	-0.424	0.424
  6292	0.220582	-0.424	0.424
  6293	0.198037	-0.424	0.424
  6294	0.187907	-0.424	0.424
  6295	0.185497	-0.424	0.424
  6296	0.212904	-0.424	0.424
  6297	0.225806	-0.424	0.424
  6298	0.163103	-0.424	0.424
  6299	0.214529	-0.424	0.424
  6300	0.215426	-0.424	0.424
  6301	0.172247	-0.424	0.424
  6302	0.197799	-0.424	0.424
  6303	0.174183	-0.424	0.424
  6304	0.158957	-0.424	0.424
  6305	0.180865	-0.424	0.424
  6306	0.203058	-0.424	0.424
  6307	0.191469	-0.424	0.424
  6308	0.178497	-0.424	0.424
  6309	0.206028	-0.424	0.424
  6310	0.213075	-0.424	0.424
  6311	0.217463	-0.424	0.424
  6312	0.184243	-0.424	0.424
  6313	0.219755	-0.424	0.424
  6314	0.225064	-0.424	0.424
  6315	0.193613	-0.424	0.424
  6316	0.220576	-0.424	0.424
  6317	0.193227	-0.424	0.424
  6318	0.194585	-0.424	0.424
  6319	0.213151	-0.424	0.424
  6320	0.197599	-0.424	0.424
  6321	0.17891	-0.424	0.424
  6322	0.212037	-0.424	0.424
  6323	0.129271	-0.424	0.424
  6324	0.21113	-0.424	0.424
  6325	0.213102	-0.424	0.424
  6326	0.184394	-0.424	0.424
  6327	0.199747	-0.424	0.424
  6328	0.196177	-0.424	0.424
  6329	0.194478	-0.424	0.424
  6330	0.189258	-0.424	0.424
  6331	0.212279	-0.424	0.424
  6332	0.18149	-0.424	0.424
  6333	0.173581	-0.424	0.424
  6334	0.218125	-0.424	0.424
  6335	0.204374	-0.424	0.424
  6336	0.208391	-0.424	0.424
  6337	0.188224	-0.424	0.424
  6338	0.196001	-0.424	0.424
  6339	0.19667	-0.424	0.424
  6340	0.206048	-0.424	0.424
  6341	0.143242	-0.424	0.424
  6342	0.188144	-0.424	0.424
  6343	0.180451	-0.424	0.424
  6344	0.183539	-0.424	0.424
  6345	0.180861	-0.424	0.424
  6346	0.204926	-0.424	0.424
  6347	0.170754	-0.424	0.424
  6348	0.213298	-0.424	0.424
  6349	0.159867	-0.424	0.424
  6350	0.161923	-0.424	0.424
  6351	0.189371	-0.424	0.424
  6352	0.158261	-0.424	0.424
  6353	0.197953	-0.424	0.424
  6354	0.194268	-0.424	0.424
  6355	0.203861	-0.424	0.424
  6356	0.196702	-0.424	0.424
  6357	0.193744	-0.424	0.424
  6358	0.185964	-0.424	0.424
  6359	0.214126	-0.424	0.424
  6360	0.199093	-0.424	0.424
  6361	0.208474	-0.424	0.424
  6362	0.192502	-0.424	0.424
  6363	0.16245	-0.424	0.424
  6364	0.196028	-0.424	0.424
  6365	0.165786	-0.424	0.424
  6366	0.182582	-0.424	0.424
  6367	0.205872	-0.424	0.424
  6368	0.183776	-0.424	0.424
  6369	0.206164	-0.424	0.424
  6370	0.209648	-0.424	0.424
  6371	0.198057	-0.424	0.424
  6372	0.215848	-0.424	0.424
  6373	0.186156	-0.424	0.424
  6374	0.209802	-0.424	0.424
  6375	0.195092	-0.424	0.424
  6376	0.176191	-0.424	0.424
  6377	0.219047	-0.424	0.424
  6378	0.202985	-0.424	0.424
  6379	0.20551	-0.424	0.424
  6380	0.167	-0.424	0.424
  6381	0.208561	-0.424	0.424
  6382	0.16464	-0.424	0.424
  6383	0.205839	-0.424	0.424
  6384	0.199649	-0.424	0.424
  6385	0.19382	-0.424	0.424
  6386	0.20261	-0.424	0.424
  6387	0.210802	-0.424	0.424
  6388	0.209412	-0.424	0.424
  6389	0.21828	-0.424	0.424
  6390	0.216719	-0.424	0.424
  6391	0.214025	-0.424	0.424
  6392	0.190091	-0.424	0.424
  6393	0.158599	-0.424	0.424
  6394	0.219762	-0.424	0.424
  6395	0.171854	-0.424	0.424
  6396	0.180601	-0.424	0.424
  6397	0.210198	-0.424	0.424
  6398	0.188089	-0.424	0.424
  6399	0.170749	-0.424	0.424
  6400	0.177181	-0.424	0.424
  6401	0.196707	-0.424	0.424
  6402	0.209426	-0.424	0.424
  6403	0.208411	-0.424	0.424
  6404	0.2104	-0.424	0.424
  6405	0.191809	-0.424	0.424
  6406	0.204613	-0.424	0.424
  6407	0.212084	-0.424	0.424
  6408	0.205883	-0.424	0.424
  6409	0.182782	-0.424	0.424
  6410	0.208089	-0.424	0.424
  6411	0.185844	-0.424	0.424
  6412	0.209044	-0.424	0.424
  6413	0.179639	-0.424	0.424
  6414	0.199883	-0.424	0.424
  6415	0.211403	-0.424	0.424
  6416	0.179599	-0.424	0.424
  6417	0.202869	-0.424	0.424
  6418	0.192223	-0.424	0.424
  6419	0.217463	-0.424	0.424
  6420	0.194594	-0.424	0.424
  6421	0.197928	-0.424	0.424
  6422	0.221045	-0.424	0.424
  6423	0.222604	-0.424	0.424
  6424	0.205152	-0.424	0.424
  6425	0.204243	-0.424	0.424
  6426	0.171511	-0.424	0.424
  6427	0.198823	-0.424	0.424
  6428	0.206597	-0.424	0.424
  6429	0.161929	-0.424	0.424
  6430	0.158507	-0.424	0.424
  6431	0.207791	-0.424	0.424
  6432	0.209595	-0.424	0.424
  6433	0.203437	-0.424	0.424
  6434	0.187168	-0.424	0.424
  6435	0.178462	-0.424	0.424
  6436	0.20076	-0.424	0.424
  6437	0.179693	-0.424	0.424
  6438	0.163811	-0.424	0.424
  6439	0.221934	-0.424	0.424
  6440	0.182926	-0.424	0.424
  6441	0.21293	-0.424	0.424
  6442	0.230174	-0.424	0.424
  6443	0.216527	-0.424	0.424
  6444	0.173926	-0.424	0.424
  6445	0.177049	-0.424	0.424
  6446	0.152046	-0.424	0.424
  6447	0.196903	-0.424	0.424
  6448	0.224751	-0.424	0.424
  6449	0.198211	-0.424	0.424
  6450	0.19616	-0.424	0.424
  6451	0.225244	-0.424	0.424
  6452	0.18734	-0.424	0.424
  6453	0.205331	-0.424	0.424
  6454	0.21142	-0.424	0.424
  6455	0.170762	-0.424	0.424
  6456	0.167821	-0.424	0.424
  6457	0.204339	-0.424	0.424
  6458	0.220249	-0.424	0.424
  6459	0.173268	-0.424	0.424
  6460	0.147861	-0.424	0.424
  6461	0.181724	-0.424	0.424
  6462	0.227868	-0.424	0.424
  6463	0.176993	-0.424	0.424
  6464	0.215574	-0.424	0.424
  6465	0.174598	-0.424	0.424
  6466	0.209703	-0.424	0.424
  6467	0.19423	-0.424	0.424
  6468	0.210098	-0.424	0.424
  6469	0.163538	-0.424	0.424
  6470	0.200418	-0.424	0.424
  6471	0.175299	-0.424	0.424
  6472	0.153268	-0.424	0.424
  6473	0.183861	-0.424	0.424
  6474	0.192357	-0.424	0.424
  6475	0.18862	-0.424	0.424
  6476	0.202678	-0.424	0.424
  6477	0.195323	-0.424	0.424
  6478	0.151294	-0.424	0.424
  6479	0.201482	-0.424	0.424
  6480	0.177416	-0.424	0.424
  6481	0.19357	-0.424	0.424
  6482	0.174423	-0.424	0.424
  6483	0.171397	-0.424	0.424
  6484	0.193042	-0.424	0.424
  6485	0.203821	-0.424	0.424
  6486	0.195988	-0.424	0.424
  6487	0.21148	-0.424	0.424
  6488	0.225644	-0.424	0.424
  6489	0.162979	-0.424	0.424
  6490	0.195479	-0.424	0.424
  6491	0.214346	-0.424	0.424
  6492	0.221615	-0.424	0.424
  6493	0.209437	-0.424	0.424
  6494	0.207925	-0.424	0.424
  6495	0.211666	-0.424	0.424
  6496	0.21246	-0.424	0.424
  6497	0.180471	-0.424	0.424
  6498	0.199356	-0.424	0.424
  6499	0.188779	-0.424	0.424
  6500	0.194073	-0.424	0.424
  6501	0.201699	-0.424	0.424
  6502	0.177358	-0.424	0.424
  6503	0.219461	-0.424	0.424
  6504	0.227219	-0.424	0.424
  6505	0.227268	-0.424	0.424
  6506	0.198656	-0.424	0.424
  6507	0.189412	-0.424	0.424
  6508	0.223412	-0.424	0.424
  6509	0.155616	-0.424	0.424
  6510	0.222402	-0.424	0.424
  6511	0.189497	-0.424	0.424
  6512	0.203472	-0.424	0.424
  6513	0.18302	-0.424	0.424
  6514	0.218334	-0.424	0.424
  6515	0.18099	-0.424	0.424
  6516	0.197314	-0.424	0.424
  6517	0.208204	-0.424	0.424
  6518	0.196589	-0.424	0.424
  6519	0.20739	-0.424	0.424
  6520	0.211279	-0.424	0.424
  6521	0.177798	-0.424	0.424
  6522	0.215804	-0.424	0.424
  6523	0.204395	-0.424	0.424
  6524	0.201791	-0.424	0.424
  6525	0.204532	-0.424	0.424
  6526	0.21403	-0.424	0.424
  6527	0.200085	-0.424	0.424
  6528	0.190184	-0.424	0.424
  6529	0.159796	-0.424	0.424
  6530	0.195232	-0.424	0.424
  6531	0.183142	-0.424	0.424
  6532	0.187981	-0.424	0.424
  6533	0.194905	-0.424	0.424
  6534	0.213333	-0.424	0.424
  6535	0.186499	-0.424	0.424
  6536	0.208839	-0.424	0.424
  6537	0.200098	-0.424	0.424
  6538	0.197805	-0.424	0.424
  6539	0.216067	-0.424	0.424
  6540	0.217817	-0.424	0.424
  6541	0.212037	-0.424	0.424
  6542	0.184851	-0.424	0.424
  6543	0.211024	-0.424	0.424
  6544	0.224392	-0.424	0.424
  6545	0.199251	-0.424	0.424
  6546	0.183587	-0.424	0.424
  6547	0.229668	-0.424	0.424
  6548	0.196136	-0.424	0.424
  6549	0.206672	-0.424	0.424
  6550	0.201418	-0.424	0.424
  6551	0.197096	-0.424	0.424
  6552	0.156993	-0.424	0.424
  6553	0.214598	-0.424	0.424
  6554	0.186932	-0.424	0.424
  6555	0.16634	-0.424	0.424
  6556	0.177543	-0.424	0.424
  6557	0.209014	-0.424	0.424
  6558	0.196163	-0.424	0.424
  6559	0.181292	-0.424	0.424
  6560	0.209724	-0.424	0.424
  6561	0.172444	-0.424	0.424
  6562	0.199717	-0.424	0.424
  6563	0.226562	-0.424	0.424
  6564	0.209173	-0.424	0.424
  6565	0.201066	-0.424	0.424
  6566	0.202077	-0.424	0.424
  6567	0.215958	-0.424	0.424
  6568	0.187302	-0.424	0.424
  6569	0.186694	-0.424	0.424
  6570	0.217728	-0.424	0.424
  6571	0.198576	-0.424	0.424
  6572	0.178893	-0.424	0.424
  6573	0.214878	-0.424	0.424
  6574	0.205177	-0.424	0.424
  6575	0.211441	-0.424	0.424
  6576	0.188604	-0.424	0.424
  6577	0.217752	-0.424	0.424
  6578	0.185302	-0.424	0.424
  6579	0.170312	-0.424	0.424
  6580	0.205919	-0.424	0.424
  6581	0.223721	-0.424	0.424
  6582	0.214093	-0.424	0.424
  6583	0.211253	-0.424	0.424
  6584	0.213703	-0.424	0.424
  6585	0.196376	-0.424	0.424
  6586	0.192198	-0.424	0.424
  6587	0.213119	-0.424	0.424
  6588	0.215946	-0.424	0.424
  6589	0.172337	-0.424	0.424
  6590	0.212725	-0.424	0.424
  6591	0.221573	-0.424	0.424
  6592	0.192991	-0.424	0.424
  6593	0.194696	-0.424	0.424
  6594	0.219045	-0.424	0.424
  6595	0.178947	-0.424	0.424
  6596	0.199105	-0.424	0.424
  6597	0.209328	-0.424	0.424
  6598	0.191096	-0.424	0.424
  6599	0.197933	-0.424	0.424
  6600	0.183365	-0.424	0.424
  6601	0.184382	-0.424	0.424
  6602	0.203302	-0.424	0.424
  6603	0.199254	-0.424	0.424
  6604	0.168827	-0.424	0.424
  6605	0.157071	-0.424	0.424
  6606	0.213549	-0.424	0.424
  6607	0.194324	-0.424	0.424
  6608	0.217973	-0.424	0.424
  6609	0.222734	-0.424	0.424
  6610	0.194922	-0.424	0.424
  6611	0.175322	-0.424	0.424
  6612	0.16964	-0.424	0.424
  6613	0.210075	-0.424	0.424
  6614	0.192943	-0.424	0.424
  6615	0.216594	-0.424	0.424
  6616	0.169532	-0.424	0.424
  6617	0.202862	-0.424	0.424
  6618	0.206824	-0.424	0.424
  6619	0.218345	-0.424	0.424
  6620	0.185102	-0.424	0.424
  6621	0.180339	-0.424	0.424
  6622	0.199023	-0.424	0.424
  6623	0.205929	-0.424	0.424
  6624	0.186869	-0.424	0.424
  6625	0.130268	-0.424	0.424
  6626	0.211942	-0.424	0.424
  6627	0.214367	-0.424	0.424
  6628	0.184509	-0.424	0.424
  6629	0.17026	-0.424	0.424
  6630	0.212725	-0.424	0.424
  6631	0.19617	-0.424	0.424
  6632	0.223175	-0.424	0.424
  6633	0.179029	-0.424	0.424
  6634	0.219163	-0.424	0.424
  6635	0.212681	-0.424	0.424
  6636	0.202783	-0.424	0.424
  6637	0.177277	-0.424	0.424
  6638	0.214759	-0.424	0.424
  6639	0.212639	-0.424	0.424
  6640	0.19719	-0.424	0.424
  6641	0.211872	-0.424	0.424
  6642	0.206925	-0.424	0.424
  6643	0.213579	-0.424	0.424
  6644	0.196357	-0.424	0.424
  6645	0.204043	-0.424	0.424
  6646	0.208846	-0.424	0.424
  6647	0.224887	-0.424	0.424
  6648	0.218169	-0.424	0.424
  6649	0.175172	-0.424	0.424
  6650	0.213232	-0.424	0.424
  6651	0.176335	-0.424	0.424
  6652	0.166358	-0.424	0.424
  6653	0.182211	-0.424	0.424
  6654	0.19276	-0.424	0.424
  6655	0.209488	-0.424	0.424
  6656	0.22753	-0.424	0.424
  6657	0.192231	-0.424	0.424
  6658	0.205086	-0.424	0.424
  6659	0.21749	-0.424	0.424
  6660	0.197051	-0.424	0.424
  6661	0.204884	-0.424	0.424
  6662	0.191406	-0.424	0.424
  6663	0.212687	-0.424	0.424
  6664	0.207395	-0.424	0.424
  6665	0.204794	-0.424	0.424
  6666	0.21526	-0.424	0.424
  6667	0.194538	-0.424	0.424
  6668	0.204542	-0.424	0.424
  6669	0.194142	-0.424	0.424
  6670	0.203951	-0.424	0.424
  6671	0.176091	-0.424	0.424
  6672	0.178335	-0.424	0.424
  6673	0.173874	-0.424	0.424
  6674	0.199647	-0.424	0.424
  6675	0.197295	-0.424	0.424
  6676	0.178903	-0.424	0.424
  6677	0.199713	-0.424	0.424
  6678	0.215696	-0.424	0.424
  6679	0.192329	-0.424	0.424
  6680	0.188249	-0.424	0.424
  6681	0.190415	-0.424	0.424
  6682	0.150128	-0.424	0.424
  6683	0.174441	-0.424	0.424
  6684	0.218092	-0.424	0.424
  6685	0.180121	-0.424	0.424
  6686	0.225338	-0.424	0.424
  6687	0.185832	-0.424	0.424
  6688	0.211633	-0.424	0.424
  6689	0.194126	-0.424	0.424
  6690	0.202222	-0.424	0.424
  6691	0.212143	-0.424	0.424
  6692	0.193271	-0.424	0.424
  6693	0.175532	-0.424	0.424
  6694	0.187399	-0.424	0.424
  6695	0.197138	-0.424	0.424
  6696	0.155566	-0.424	0.424
  6697	0.203191	-0.424	0.424
  6698	0.184218	-0.424	0.424
  6699	0.21043	-0.424	0.424
  6700	0.206469	-0.424	0.424
  6701	0.155902	-0.424	0.424
  6702	0.21458	-0.424	0.424
  6703	0.205345	-0.424	0.424
  6704	0.2096	-0.424	0.424
  6705	0.206469	-0.424	0.424
  6706	0.216285	-0.424	0.424
  6707	0.199632	-0.424	0.424
  6708	0.202089	-0.424	0.424
  6709	0.210566	-0.424	0.424
  6710	0.223347	-0.424	0.424
  6711	0.123662	-0.424	0.424
  6712	0.202138	-0.424	0.424
  6713	0.153147	-0.424	0.424
  6714	0.181988	-0.424	0.424
  6715	0.187222	-0.424	0.424
  6716	0.182517	-0.424	0.424
  6717	0.178304	-0.424	0.424
  6718	0.217165	-0.424	0.424
  6719	0.193547	-0.424	0.424
  6720	0.195283	-0.424	0.424
  6721	0.212476	-0.424	0.424
  6722	0.18719	-0.424	0.424
  6723	0.187102	-0.424	0.424
  6724	0.18732	-0.424	0.424
  6725	0.187324	-0.424	0.424
  6726	0.197682	-0.424	0.424
  6727	0.221848	-0.424	0.424
  6728	0.176419	-0.424	0.424
  6729	0.227154	-0.424	0.424
  6730	0.201183	-0.424	0.424
  6731	0.192768	-0.424	0.424
  6732	0.168605	-0.424	0.424
  6733	0.202683	-0.424	0.424
  6734	0.169494	-0.424	0.424
  6735	0.202857	-0.424	0.424
  6736	0.213516	-0.424	0.424
  6737	0.137768	-0.424	0.424
  6738	0.200708	-0.424	0.424
  6739	0.201729	-0.424	0.424
  6740	0.209804	-0.424	0.424
  6741	0.225807	-0.424	0.424
  6742	0.219578	-0.424	0.424
  6743	0.194486	-0.424	0.424
  6744	0.162457	-0.424	0.424
  6745	0.193788	-0.424	0.424
  6746	0.193464	-0.424	0.424
  6747	0.205108	-0.424	0.424
  6748	0.206525	-0.424	0.424
  6749	0.194845	-0.424	0.424
  6750	0.191647	-0.424	0.424
  6751	0.20412	-0.424	0.424
  6752	0.182447	-0.424	0.424
  6753	0.200515	-0.424	0.424
  6754	0.181761	-0.424	0.424
  6755	0.191808	-0.424	0.424
  6756	0.203984	-0.424	0.424
  6757	0.220473	-0.424	0.424
  6758	0.205703	-0.424	0.424
  6759	0.190311	-0.424	0.424
  6760	0.186132	-0.424	0.424
  6761	0.181064	-0.424	0.424
  6762	0.162002	-0.424	0.424
  6763	0.202067	-0.424	0.424
  6764	0.201992	-0.424	0.424
  6765	0.224208	-0.424	0.424
  6766	0.206412	-0.424	0.424
  6767	0.21643	-0.424	0.424
  6768	0.203838	-0.424	0.424
  6769	0.230488	-0.424	0.424
  6770	0.195081	-0.424	0.424
  6771	0.180568	-0.424	0.424
  6772	0.191326	-0.424	0.424
  6773	0.178716	-0.424	0.424
  6774	0.21855	-0.424	0.424
  6775	0.207509	-0.424	0.424
  6776	0.225689	-0.424	0.424
  6777	0.195141	-0.424	0.424
  6778	0.206123	-0.424	0.424
  6779	0.209068	-0.424	0.424
  6780	0.196034	-0.424	0.424
  6781	0.200827	-0.424	0.424
  6782	0.212004	-0.424	0.424
  6783	0.215216	-0.424	0.424
  6784	0.189799	-0.424	0.424
  6785	0.217804	-0.424	0.424
  6786	0.174769	-0.424	0.424
  6787	0.198604	-0.424	0.424
  6788	0.195901	-0.424	0.424
  6789	0.155792	-0.424	0.424
  6790	0.162419	-0.424	0.424
  6791	0.208453	-0.424	0.424
  6792	0.209184	-0.424	0.424
  6793	0.207127	-0.424	0.424
  6794	0.207041	-0.424	0.424
  6795	0.180492	-0.424	0.424
  6796	0.18302	-0.424	0.424
  6797	0.196259	-0.424	0.424
  6798	0.158171	-0.424	0.424
  6799	0.212895	-0.424	0.424
  6800	0.189619	-0.424	0.424
  6801	0.19142	-0.424	0.424
  6802	0.217595	-0.424	0.424
  6803	0.129956	-0.424	0.424
  6804	0.193081	-0.424	0.424
  6805	0.198617	-0.424	0.424
  6806	0.188507	-0.424	0.424
  6807	0.187208	-0.424	0.424
  6808	0.175952	-0.424	0.424
  6809	0.221253	-0.424	0.424
  6810	0.181917	-0.424	0.424
  6811	0.179121	-0.424	0.424
  6812	0.190681	-0.424	0.424
  6813	0.193327	-0.424	0.424
  6814	0.157779	-0.424	0.424
  6815	0.195533	-0.424	0.424
  6816	0.20408	-0.424	0.424
  6817	0.223912	-0.424	0.424
  6818	0.205903	-0.424	0.424
  6819	0.173368	-0.424	0.424
  6820	0.22399	-0.424	0.424
  6821	0.203757	-0.424	0.424
  6822	0.218324	-0.424	0.424
  6823	0.224563	-0.424	0.424
  6824	0.199277	-0.424	0.424
  6825	0.201304	-0.424	0.424
  6826	0.194265	-0.424	0.424
  6827	0.203446	-0.424	0.424
  6828	0.195898	-0.424	0.424
  6829	0.173348	-0.424	0.424
  6830	0.204891	-0.424	0.424
  6831	0.196095	-0.424	0.424
  6832	0.189253	-0.424	0.424
  6833	0.204304	-0.424	0.424
  6834	0.169739	-0.424	0.424
  6835	0.21243	-0.424	0.424
  6836	0.211199	-0.424	0.424
  6837	0.186901	-0.424	0.424
  6838	0.19376	-0.424	0.424
  6839	0.181764	-0.424	0.424
  6840	0.200028	-0.424	0.424
  6841	0.194133	-0.424	0.424
  6842	0.220925	-0.424	0.424
  6843	0.158041	-0.424	0.424
  6844	0.204333	-0.424	0.424
  6845	0.222829	-0.424	0.424
  6846	0.172223	-0.424	0.424
  6847	0.180253	-0.424	0.424
  6848	0.210687	-0.424	0.424
  6849	0.202059	-0.424	0.424
  6850	0.212195	-0.424	0.424
  6851	0.187074	-0.424	0.424
  6852	0.171768	-0.424	0.424
  6853	0.196493	-0.424	0.424
  6854	0.21236	-0.424	0.424
  6855	0.19598	-0.424	0.424
  6856	0.154035	-0.424	0.424
  6857	0.214786	-0.424	0.424
  6858	0.183342	-0.424	0.424
  6859	0.190648	-0.424	0.424
  6860	0.209437	-0.424	0.424
  6861	0.176476	-0.424	0.424
  6862	0.226864	-0.424	0.424
  6863	0.187372	-0.424	0.424
  6864	0.187386	-0.424	0.424
  6865	0.187817	-0.424	0.424
  6866	0.199582	-0.424	0.424
  6867	0.203974	-0.424	0.424
  6868	0.219765	-0.424	0.424
  6869	0.213646	-0.424	0.424
  6870	0.176605	-0.424	0.424
  6871	0.210408	-0.424	0.424
  6872	0.199878	-0.424	0.424
  6873	0.205743	-0.424	0.424
  6874	0.195441	-0.424	0.424
  6875	0.202844	-0.424	0.424
  6876	0.226893	-0.424	0.424
  6877	0.191361	-0.424	0.424
  6878	0.206739	-0.424	0.424
  6879	0.187626	-0.424	0.424
  6880	0.203722	-0.424	0.424
  6881	0.2008	-0.424	0.424
  6882	0.195072	-0.424	0.424
  6883	0.181994	-0.424	0.424
  6884	0.208978	-0.424	0.424
  6885	0.192205	-0.424	0.424
  6886	0.225835	-0.424	0.424
  6887	0.174116	-0.424	0.424
  6888	0.198011	-0.424	0.424
  6889	0.227893	-0.424	0.424
  6890	0.179294	-0.424	0.424
  6891	0.200504	-0.424	0.424
  6892	0.189442	-0.424	0.424
  6893	0.210388	-0.424	0.424
  6894	0.186607	-0.424	0.424
  6895	0.184161	-0.424	0.424
  6896	0.199998	-0.424	0.424
  6897	0.224277	-0.424	0.424
  6898	0.198454	-0.424	0.424
  6899	0.20323	-0.424	0.424
  6900	0.201245	-0.424	0.424
  6901	0.216545	-0.424	0.424
  6902	0.202884	-0.424	0.424
  6903	0.180931	-0.424	0.424
  6904	0.201234	-0.424	0.424
  6905	0.21557	-0.424	0.424
  6906	0.191135	-0.424	0.424
  6907	0.17483	-0.424	0.424
  6908	0.194112	-0.424	0.424
  6909	0.202377	-0.424	0.424
  6910	0.178771	-0.424	0.424
  6911	0.214612	-0.424	0.424
  6912	0.191385	-0.424	0.424
  6913	0.220949	-0.424	0.424
  6914	0.156844	-0.424	0.424
  6915	0.213511	-0.424	0.424
  6916	0.186109	-0.424	0.424
  6917	0.192454	-0.424	0.424
  6918	0.20433	-0.424	0.424
  6919	0.162644	-0.424	0.424
  6920	0.220457	-0.424	0.424
  6921	0.186387	-0.424	0.424
  6922	0.192778	-0.424	0.424
  6923	0.177047	-0.424	0.424
  6924	0.201823	-0.424	0.424
  6925	0.158023	-0.424	0.424
  6926	0.223026	-0.424	0.424
  6927	0.189289	-0.424	0.424
  6928	0.193557	-0.424	0.424
  6929	0.18379	-0.424	0.424
  6930	0.188331	-0.424	0.424
  6931	0.191298	-0.424	0.424
  6932	0.193805	-0.424	0.424
  6933	0.202474	-0.424	0.424
  6934	0.205084	-0.424	0.424
  6935	0.203978	-0.424	0.424
  6936	0.174332	-0.424	0.424
  6937	0.138902	-0.424	0.424
  6938	0.211083	-0.424	0.424
  6939	0.218109	-0.424	0.424
  6940	0.166072	-0.424	0.424
  6941	0.210785	-0.424	0.424
  6942	0.189773	-0.424	0.424
  6943	0.14204	-0.424	0.424
  6944	0.177947	-0.424	0.424
  6945	0.220752	-0.424	0.424
  6946	0.206406	-0.424	0.424
  6947	0.133928	-0.424	0.424
  6948	0.215387	-0.424	0.424
  6949	0.217886	-0.424	0.424
  6950	0.185419	-0.424	0.424
  6951	0.216679	-0.424	0.424
  6952	0.155165	-0.424	0.424
  6953	0.197452	-0.424	0.424
  6954	0.180963	-0.424	0.424
  6955	0.19009	-0.424	0.424
  6956	0.150601	-0.424	0.424
  6957	0.21214	-0.424	0.424
  6958	0.156267	-0.424	0.424
  6959	0.177826	-0.424	0.424
  6960	0.164138	-0.424	0.424
  6961	0.17406	-0.424	0.424
  6962	0.196163	-0.424	0.424
  6963	0.182923	-0.424	0.424
  6964	0.187668	-0.424	0.424
  6965	0.192219	-0.424	0.424
  6966	0.211382	-0.424	0.424
  6967	0.184349	-0.424	0.424
  6968	0.191029	-0.424	0.424
  6969	0.188273	-0.424	0.424
  6970	0.223384	-0.424	0.424
  6971	0.204095	-0.424	0.424
  6972	0.202341	-0.424	0.424
  6973	0.2235	-0.424	0.424
  6974	0.188944	-0.424	0.424
  6975	0.195631	-0.424	0.424
  6976	0.204216	-0.424	0.424
  6977	0.177517	-0.424	0.424
  6978	0.213787	-0.424	0.424
  6979	0.211241	-0.424	0.424
  6980	0.21481	-0.424	0.424
  6981	0.205944	-0.424	0.424
  6982	0.186516	-0.424	0.424
  6983	0.200644	-0.424	0.424
  6984	0.225783	-0.424	0.424
  6985	0.232449	-0.424	0.424
  6986	0.221757	-0.424	0.424
  6987	0.170453	-0.424	0.424
  6988	0.179825	-0.424	0.424
  6989	0.202003	-0.424	0.424
  6990	0.194216	-0.424	0.424
  6991	0.176219	-0.424	0.424
  6992	0.188615	-0.424	0.424
  6993	0.212477	-0.424	0.424
  6994	0.209757	-0.424	0.424
  6995	0.187944	-0.424	0.424
  6996	0.169874	-0.424	0.424
  6997	0.191424	-0.424	0.424
  6998	0.159684	-0.424	0.424
  6999	0.192499	-0.424	0.424
  7000	0.205666	-0.424	0.424
  7001	0.217794	-0.424	0.424
  7002	0.194935	-0.424	0.424
  7003	0.189542	-0.424	0.424
  7004	0.190585	-0.424	0.424
  7005	0.212592	-0.424	0.424
  7006	0.225841	-0.424	0.424
  7007	0.199212	-0.424	0.424
  7008	0.199687	-0.424	0.424
  7009	0.211987	-0.424	0.424
  7010	0.210307	-0.424	0.424
  7011	0.220887	-0.424	0.424
  7012	0.203355	-0.424	0.424
  7013	0.209292	-0.424	0.424
  7014	0.201427	-0.424	0.424
  7015	0.193086	-0.424	0.424
  7016	0.200835	-0.424	0.424
  7017	0.172174	-0.424	0.424
  7018	0.173807	-0.424	0.424
  7019	0.191857	-0.424	0.424
  7020	0.231526	-0.424	0.424
  7021	0.196488	-0.424	0.424
  7022	0.185704	-0.424	0.424
  7023	0.177623	-0.424	0.424
  7024	0.176219	-0.424	0.424
  7025	0.200141	-0.424	0.424
  7026	0.181448	-0.424	0.424
  7027	0.175378	-0.424	0.424
  7028	0.205838	-0.424	0.424
  7029	0.222858	-0.424	0.424
  7030	0.194866	-0.424	0.424
  7031	0.2259	-0.424	0.424
  7032	0.215383	-0.424	0.424
  7033	0.205822	-0.424	0.424
  7034	0.190747	-0.424	0.424
  7035	0.176949	-0.424	0.424
  7036	0.207814	-0.424	0.424
  7037	0.196721	-0.424	0.424
  7038	0.194661	-0.424	0.424
  7039	0.211697	-0.424	0.424
  7040	0.189178	-0.424	0.424
  7041	0.17797	-0.424	0.424
  7042	0.203614	-0.424	0.424
  7043	0.213443	-0.424	0.424
  7044	0.219133	-0.424	0.424
  7045	0.192821	-0.424	0.424
  7046	0.206352	-0.424	0.424
  7047	0.180499	-0.424	0.424
  7048	0.183264	-0.424	0.424
  7049	0.193434	-0.424	0.424
  7050	0.177896	-0.424	0.424
  7051	0.198217	-0.424	0.424
  7052	0.21266	-0.424	0.424
  7053	0.202239	-0.424	0.424
  7054	0.218396	-0.424	0.424
  7055	0.169245	-0.424	0.424
  7056	0.17637	-0.424	0.424
  7057	0.19495	-0.424	0.424
  7058	0.206476	-0.424	0.424
  7059	0.167453	-0.424	0.424
  7060	0.197128	-0.424	0.424
  7061	0.209279	-0.424	0.424
  7062	0.214329	-0.424	0.424
  7063	0.166531	-0.424	0.424
  7064	0.198356	-0.424	0.424
  7065	0.193507	-0.424	0.424
  7066	0.203895	-0.424	0.424
  7067	0.206308	-0.424	0.424
  7068	0.142184	-0.424	0.424
  7069	0.198923	-0.424	0.424
  7070	0.21261	-0.424	0.424
  7071	0.186304	-0.424	0.424
  7072	0.201877	-0.424	0.424
  7073	0.198827	-0.424	0.424
  7074	0.177982	-0.424	0.424
  7075	0.191267	-0.424	0.424
  7076	0.181863	-0.424	0.424
  7077	0.18082	-0.424	0.424
  7078	0.189598	-0.424	0.424
  7079	0.17461	-0.424	0.424
  7080	0.218348	-0.424	0.424
  7081	0.194681	-0.424	0.424
  7082	0.210681	-0.424	0.424
  7083	0.223224	-0.424	0.424
  7084	0.227285	-0.424	0.424
  7085	0.212003	-0.424	0.424
  7086	0.135911	-0.424	0.424
  7087	0.202729	-0.424	0.424
  7088	0.182851	-0.424	0.424
  7089	0.200735	-0.424	0.424
  7090	0.173722	-0.424	0.424
  7091	0.219409	-0.424	0.424
  7092	0.176532	-0.424	0.424
  7093	0.229796	-0.424	0.424
  7094	0.221728	-0.424	0.424
  7095	0.212221	-0.424	0.424
  7096	0.170174	-0.424	0.424
  7097	0.227307	-0.424	0.424
  7098	0.196895	-0.424	0.424
  7099	0.213215	-0.424	0.424
  7100	0.219626	-0.424	0.424
  7101	0.215151	-0.424	0.424
  7102	0.193814	-0.424	0.424
  7103	0.217021	-0.424	0.424
  7104	0.191216	-0.424	0.424
  7105	0.208872	-0.424	0.424
  7106	0.181928	-0.424	0.424
  7107	0.192596	-0.424	0.424
  7108	0.168418	-0.424	0.424
  7109	0.189663	-0.424	0.424
  7110	0.194452	-0.424	0.424
  7111	0.172758	-0.424	0.424
  7112	0.188662	-0.424	0.424
  7113	0.172355	-0.424	0.424
  7114	0.212162	-0.424	0.424
  7115	0.197481	-0.424	0.424
  7116	0.191795	-0.424	0.424
  7117	0.199754	-0.424	0.424
  7118	0.181377	-0.424	0.424
  7119	0.153553	-0.424	0.424
  7120	0.184233	-0.424	0.424
  7121	0.199089	-0.424	0.424
  7122	0.19749	-0.424	0.424
  7123	0.177621	-0.424	0.424
  7124	0.198591	-0.424	0.424
  7125	0.15051	-0.424	0.424
  7126	0.22816	-0.424	0.424
  7127	0.18238	-0.424	0.424
  7128	0.205248	-0.424	0.424
  7129	0.169886	-0.424	0.424
  7130	0.196194	-0.424	0.424
  7131	0.175505	-0.424	0.424
  7132	0.171144	-0.424	0.424
  7133	0.224428	-0.424	0.424
  7134	0.194202	-0.424	0.424
  7135	0.203418	-0.424	0.424
  7136	0.223456	-0.424	0.424
  7137	0.198031	-0.424	0.424
  7138	0.198049	-0.424	0.424
  7139	0.178733	-0.424	0.424
  7140	0.161069	-0.424	0.424
  7141	0.217362	-0.424	0.424
  7142	0.210294	-0.424	0.424
  7143	0.201199	-0.424	0.424
  7144	0.2189	-0.424	0.424
  7145	0.208411	-0.424	0.424
  7146	0.219053	-0.424	0.424
  7147	0.205586	-0.424	0.424
  7148	0.169314	-0.424	0.424
  7149	0.199938	-0.424	0.424
  7150	0.148177	-0.424	0.424
  7151	0.213032	-0.424	0.424
  7152	0.214319	-0.424	0.424
  7153	0.182564	-0.424	0.424
  7154	0.156512	-0.424	0.424
  7155	0.187236	-0.424	0.424
  7156	0.156798	-0.424	0.424
  7157	0.226838	-0.424	0.424
  7158	0.170809	-0.424	0.424
  7159	0.197714	-0.424	0.424
  7160	0.212797	-0.424	0.424
  7161	0.217164	-0.424	0.424
  7162	0.222851	-0.424	0.424
  7163	0.212265	-0.424	0.424
  7164	0.201484	-0.424	0.424
  7165	0.191617	-0.424	0.424
  7166	0.184246	-0.424	0.424
  7167	0.198788	-0.424	0.424
  7168	0.186594	-0.424	0.424
  7169	0.172543	-0.424	0.424
  7170	0.199624	-0.424	0.424
  7171	0.185248	-0.424	0.424
  7172	0.172664	-0.424	0.424
  7173	0.210928	-0.424	0.424
  7174	0.206757	-0.424	0.424
  7175	0.21829	-0.424	0.424
  7176	0.219153	-0.424	0.424
  7177	0.176054	-0.424	0.424
  7178	0.219088	-0.424	0.424
  7179	0.219988	-0.424	0.424
  7180	0.197706	-0.424	0.424
  7181	0.184751	-0.424	0.424
  7182	0.208479	-0.424	0.424
  7183	0.20612	-0.424	0.424
  7184	0.148813	-0.424	0.424
  7185	0.195151	-0.424	0.424
  7186	0.210129	-0.424	0.424
  7187	0.171216	-0.424	0.424
  7188	0.195772	-0.424	0.424
  7189	0.191726	-0.424	0.424
  7190	0.218138	-0.424	0.424
  7191	0.218654	-0.424	0.424
  7192	0.181677	-0.424	0.424
  7193	0.209621	-0.424	0.424
  7194	0.177494	-0.424	0.424
  7195	0.203037	-0.424	0.424
  7196	0.213964	-0.424	0.424
  7197	0.18704	-0.424	0.424
  7198	0.224446	-0.424	0.424
  7199	0.162693	-0.424	0.424
  7200	0.218174	-0.424	0.424
  7201	0.177169	-0.424	0.424
  7202	0.169291	-0.424	0.424
  7203	0.212019	-0.424	0.424
  7204	0.189248	-0.424	0.424
  7205	0.212675	-0.424	0.424
  7206	0.209064	-0.424	0.424
  7207	0.195959	-0.424	0.424
  7208	0.182477	-0.424	0.424
  7209	0.189131	-0.424	0.424
  7210	0.211444	-0.424	0.424
  7211	0.20295	-0.424	0.424
  7212	0.192547	-0.424	0.424
  7213	0.175141	-0.424	0.424
  7214	0.207529	-0.424	0.424
  7215	0.220288	-0.424	0.424
  7216	0.222337	-0.424	0.424
  7217	0.221388	-0.424	0.424
  7218	0.153729	-0.424	0.424
  7219	0.200817	-0.424	0.424
  7220	0.211645	-0.424	0.424
  7221	0.18354	-0.424	0.424
  7222	0.211348	-0.424	0.424
  7223	0.187888	-0.424	0.424
  7224	0.222574	-0.424	0.424
  7225	0.218265	-0.424	0.424
  7226	0.219472	-0.424	0.424
  7227	0.198157	-0.424	0.424
  7228	0.206678	-0.424	0.424
  7229	0.180038	-0.424	0.424
  7230	0.19973	-0.424	0.424
  7231	0.17707	-0.424	0.424
  7232	0.20451	-0.424	0.424
  7233	0.147764	-0.424	0.424
  7234	0.210112	-0.424	0.424
  7235	0.214443	-0.424	0.424
  7236	0.205456	-0.424	0.424
  7237	0.193305	-0.424	0.424
  7238	0.226403	-0.424	0.424
  7239	0.16119	-0.424	0.424
  7240	0.164017	-0.424	0.424
  7241	0.186411	-0.424	0.424
  7242	0.219404	-0.424	0.424
  7243	0.204414	-0.424	0.424
  7244	0.148716	-0.424	0.424
  7245	0.198875	-0.424	0.424
  7246	0.221737	-0.424	0.424
  7247	0.202564	-0.424	0.424
  7248	0.211429	-0.424	0.424
  7249	0.160827	-0.424	0.424
  7250	0.190875	-0.424	0.424
  7251	0.20448	-0.424	0.424
  7252	0.21043	-0.424	0.424
  7253	0.202611	-0.424	0.424
  7254	0.202855	-0.424	0.424
  7255	0.177981	-0.424	0.424
  7256	0.193916	-0.424	0.424
  7257	0.189853	-0.424	0.424
  7258	0.209579	-0.424	0.424
  7259	0.217028	-0.424	0.424
  7260	0.195947	-0.424	0.424
  7261	0.20316	-0.424	0.424
  7262	0.170808	-0.424	0.424
  7263	0.204123	-0.424	0.424
  7264	0.213442	-0.424	0.424
  7265	0.200071	-0.424	0.424
  7266	0.16381	-0.424	0.424
  7267	0.191531	-0.424	0.424
  7268	0.19976	-0.424	0.424
  7269	0.217985	-0.424	0.424
  7270	0.203766	-0.424	0.424
  7271	0.184167	-0.424	0.424
  7272	0.196749	-0.424	0.424
  7273	0.201232	-0.424	0.424
  7274	0.22248	-0.424	0.424
  7275	0.183064	-0.424	0.424
  7276	0.216101	-0.424	0.424
  7277	0.199611	-0.424	0.424
  7278	0.227312	-0.424	0.424
  7279	0.187148	-0.424	0.424
  7280	0.215687	-0.424	0.424
  7281	0.188959	-0.424	0.424
  7282	0.168788	-0.424	0.424
  7283	0.227972	-0.424	0.424
  7284	0.220006	-0.424	0.424
  7285	0.192574	-0.424	0.424
  7286	0.206436	-0.424	0.424
  7287	0.187153	-0.424	0.424
  7288	0.199733	-0.424	0.424
  7289	0.206031	-0.424	0.424
  7290	0.177203	-0.424	0.424
  7291	0.216195	-0.424	0.424
  7292	0.21862	-0.424	0.424
  7293	0.186958	-0.424	0.424
  7294	0.208868	-0.424	0.424
  7295	0.209412	-0.424	0.424
  7296	0.198261	-0.424	0.424
  7297	0.207037	-0.424	0.424
  7298	0.166396	-0.424	0.424
  7299	0.223686	-0.424	0.424
  7300	0.212473	-0.424	0.424
  7301	0.211383	-0.424	0.424
  7302	0.16822	-0.424	0.424
  7303	0.201756	-0.424	0.424
  7304	0.207026	-0.424	0.424
  7305	0.209363	-0.424	0.424
  7306	0.164494	-0.424	0.424
  7307	0.21173	-0.424	0.424
  7308	0.21193	-0.424	0.424
  7309	0.206204	-0.424	0.424
  7310	0.178919	-0.424	0.424
  7311	0.214842	-0.424	0.424
  7312	0.211199	-0.424	0.424
  7313	0.214418	-0.424	0.424
  7314	0.232041	-0.424	0.424
  7315	0.190886	-0.424	0.424
  7316	0.207242	-0.424	0.424
  7317	0.213146	-0.424	0.424
  7318	0.215062	-0.424	0.424
  7319	0.172869	-0.424	0.424
  7320	0.199991	-0.424	0.424
  7321	0.20637	-0.424	0.424
  7322	0.193777	-0.424	0.424
  7323	0.19521	-0.424	0.424
  7324	0.177037	-0.424	0.424
  7325	0.197331	-0.424	0.424
  7326	0.187171	-0.424	0.424
  7327	0.186741	-0.424	0.424
  7328	0.206242	-0.424	0.424
  7329	0.195403	-0.424	0.424
  7330	0.226309	-0.424	0.424
  7331	0.22751	-0.424	0.424
  7332	0.173012	-0.424	0.424
  7333	0.17553	-0.424	0.424
  7334	0.192921	-0.424	0.424
  7335	0.184514	-0.424	0.424
  7336	0.193595	-0.424	0.424
  7337	0.186121	-0.424	0.424
  7338	0.196771	-0.424	0.424
  7339	0.199331	-0.424	0.424
  7340	0.205285	-0.424	0.424
  7341	0.214263	-0.424	0.424
  7342	0.205039	-0.424	0.424
  7343	0.197143	-0.424	0.424
  7344	0.162033	-0.424	0.424
  7345	0.187872	-0.424	0.424
  7346	0.207818	-0.424	0.424
  7347	0.185136	-0.424	0.424
  7348	0.184993	-0.424	0.424
  7349	0.183434	-0.424	0.424
  7350	0.195205	-0.424	0.424
  7351	0.203379	-0.424	0.424
  7352	0.208218	-0.424	0.424
  7353	0.197512	-0.424	0.424
  7354	0.201846	-0.424	0.424
  7355	0.201423	-0.424	0.424
  7356	0.192316	-0.424	0.424
  7357	0.210787	-0.424	0.424
  7358	0.178658	-0.424	0.424
  7359	0.207283	-0.424	0.424
  7360	0.142395	-0.424	0.424
  7361	0.1852	-0.424	0.424
  7362	0.227295	-0.424	0.424
  7363	0.187405	-0.424	0.424
  7364	0.193826	-0.424	0.424
  7365	0.187096	-0.424	0.424
  7366	0.193949	-0.424	0.424
  7367	0.21612	-0.424	0.424
  7368	0.191397	-0.424	0.424
  7369	0.207326	-0.424	0.424
  7370	0.197726	-0.424	0.424
  7371	0.202502	-0.424	0.424
  7372	0.209058	-0.424	0.424
  7373	0.179334	-0.424	0.424
  7374	0.170971	-0.424	0.424
  7375	0.173052	-0.424	0.424
  7376	0.208469	-0.424	0.424
  7377	0.210909	-0.424	0.424
  7378	0.158263	-0.424	0.424
  7379	0.200322	-0.424	0.424
  7380	0.204164	-0.424	0.424
  7381	0.206769	-0.424	0.424
  7382	0.172128	-0.424	0.424
  7383	0.217717	-0.424	0.424
  7384	0.199248	-0.424	0.424
  7385	0.180551	-0.424	0.424
  7386	0.210584	-0.424	0.424
  7387	0.208103	-0.424	0.424
  7388	0.210472	-0.424	0.424
  7389	0.205456	-0.424	0.424
  7390	0.171339	-0.424	0.424
  7391	0.19128	-0.424	0.424
  7392	0.158285	-0.424	0.424
  7393	0.149395	-0.424	0.424
  7394	0.172916	-0.424	0.424
  7395	0.186359	-0.424	0.424
  7396	0.17724	-0.424	0.424
  7397	0.222636	-0.424	0.424
  7398	0.205409	-0.424	0.424
  7399	0.17247	-0.424	0.424
  7400	0.19879	-0.424	0.424
  7401	0.225135	-0.424	0.424
  7402	0.198492	-0.424	0.424
  7403	0.190177	-0.424	0.424
  7404	0.215415	-0.424	0.424
  7405	0.170266	-0.424	0.424
  7406	0.218487	-0.424	0.424
  7407	0.211679	-0.424	0.424
  7408	0.221189	-0.424	0.424
  7409	0.177006	-0.424	0.424
  7410	0.203483	-0.424	0.424
  7411	0.202257	-0.424	0.424
  7412	0.188767	-0.424	0.424
  7413	0.185361	-0.424	0.424
  7414	0.212164	-0.424	0.424
  7415	0.216697	-0.424	0.424
  7416	0.174055	-0.424	0.424
  7417	0.199773	-0.424	0.424
  7418	0.195737	-0.424	0.424
  7419	0.216349	-0.424	0.424
  7420	0.215197	-0.424	0.424
  7421	0.217703	-0.424	0.424
  7422	0.21452	-0.424	0.424
  7423	0.200416	-0.424	0.424
  7424	0.206206	-0.424	0.424
  7425	0.17087	-0.424	0.424
  7426	0.209507	-0.424	0.424
  7427	0.22864	-0.424	0.424
  7428	0.207534	-0.424	0.424
  7429	0.225078	-0.424	0.424
  7430	0.221221	-0.424	0.424
  7431	0.159427	-0.424	0.424
  7432	0.173977	-0.424	0.424
  7433	0.194982	-0.424	0.424
  7434	0.212226	-0.424	0.424
  7435	0.185595	-0.424	0.424
  7436	0.14183	-0.424	0.424
  7437	0.214997	-0.424	0.424
  7438	0.210576	-0.424	0.424
  7439	0.210635	-0.424	0.424
  7440	0.205886	-0.424	0.424
  7441	0.212918	-0.424	0.424
  7442	0.173718	-0.424	0.424
  7443	0.203199	-0.424	0.424
  7444	0.197756	-0.424	0.424
  7445	0.209059	-0.424	0.424
  7446	0.207567	-0.424	0.424
  7447	0.218111	-0.424	0.424
  7448	0.179811	-0.424	0.424
  7449	0.210649	-0.424	0.424
  7450	0.215708	-0.424	0.424
  7451	0.20879	-0.424	0.424
  7452	0.157373	-0.424	0.424
  7453	0.151359	-0.424	0.424
  7454	0.224296	-0.424	0.424
  7455	0.175591	-0.424	0.424
  7456	0.206501	-0.424	0.424
  7457	0.218996	-0.424	0.424
  7458	0.225981	-0.424	0.424
  7459	0.197911	-0.424	0.424
  7460	0.186355	-0.424	0.424
  7461	0.199761	-0.424	0.424
  7462	0.20826	-0.424	0.424
  7463	0.154988	-0.424	0.424
  7464	0.209918	-0.424	0.424
  7465	0.198518	-0.424	0.424
  7466	0.209417	-0.424	0.424
  7467	0.185463	-0.424	0.424
  7468	0.189391	-0.424	0.424
  7469	0.20109	-0.424	0.424
  7470	0.203082	-0.424	0.424
  7471	0.205998	-0.424	0.424
  7472	0.202393	-0.424	0.424
  7473	0.185132	-0.424	0.424
  7474	0.208416	-0.424	0.424
  7475	0.195329	-0.424	0.424
  7476	0.17319	-0.424	0.424
  7477	0.220544	-0.424	0.424
  7478	0.206296	-0.424	0.424
  7479	0.195683	-0.424	0.424
  7480	0.212504	-0.424	0.424
  7481	0.188708	-0.424	0.424
  7482	0.193249	-0.424	0.424
  7483	0.227239	-0.424	0.424
  7484	0.214829	-0.424	0.424
  7485	0.20526	-0.424	0.424
  7486	0.204922	-0.424	0.424
  7487	0.136803	-0.424	0.424
  7488	0.216339	-0.424	0.424
  7489	0.181339	-0.424	0.424
  7490	0.185611	-0.424	0.424
  7491	0.180223	-0.424	0.424
  7492	0.178521	-0.424	0.424
  7493	0.200282	-0.424	0.424
  7494	0.208178	-0.424	0.424
  7495	0.195107	-0.424	0.424
  7496	0.207274	-0.424	0.424
  7497	0.221865	-0.424	0.424
  7498	0.212484	-0.424	0.424
  7499	0.194399	-0.424	0.424
  7500	0.195397	-0.424	0.424
  7501	0.223313	-0.424	0.424
  7502	0.226621	-0.424	0.424
  7503	0.196753	-0.424	0.424
  7504	0.175651	-0.424	0.424
  7505	0.218177	-0.424	0.424
  7506	0.209523	-0.424	0.424
  7507	0.168494	-0.424	0.424
  7508	0.226203	-0.424	0.424
  7509	0.204094	-0.424	0.424
  7510	0.180766	-0.424	0.424
  7511	0.182893	-0.424	0.424
  7512	0.212942	-0.424	0.424
  7513	0.190646	-0.424	0.424
  7514	0.205066	-0.424	0.424
  7515	0.211156	-0.424	0.424
  7516	0.183651	-0.424	0.424
  7517	0.181932	-0.424	0.424
  7518	0.182978	-0.424	0.424
  7519	0.210405	-0.424	0.424
  7520	0.186091	-0.424	0.424
  7521	0.211043	-0.424	0.424
  7522	0.214244	-0.424	0.424
  7523	0.218601	-0.424	0.424
  7524	0.18179	-0.424	0.424
  7525	0.209003	-0.424	0.424
  7526	0.184827	-0.424	0.424
  7527	0.191848	-0.424	0.424
  7528	0.198251	-0.424	0.424
  7529	0.191357	-0.424	0.424
  7530	0.217864	-0.424	0.424
  7531	0.212755	-0.424	0.424
  7532	0.176877	-0.424	0.424
  7533	0.154116	-0.424	0.424
  7534	0.193776	-0.424	0.424
  7535	0.197062	-0.424	0.424
  7536	0.207641	-0.424	0.424
  7537	0.178076	-0.424	0.424
  7538	0.183818	-0.424	0.424
  7539	0.213102	-0.424	0.424
  7540	0.208371	-0.424	0.424
  7541	0.222373	-0.424	0.424
  7542	0.219068	-0.424	0.424
  7543	0.21326	-0.424	0.424
  7544	0.23393	-0.424	0.424
  7545	0.194423	-0.424	0.424
  7546	0.208615	-0.424	0.424
  7547	0.178747	-0.424	0.424
  7548	0.202918	-0.424	0.424
  7549	0.174591	-0.424	0.424
  7550	0.19212	-0.424	0.424
  7551	0.195497	-0.424	0.424
  7552	0.187642	-0.424	0.424
  7553	0.18136	-0.424	0.424
  7554	0.20137	-0.424	0.424
  7555	0.214686	-0.424	0.424
  7556	0.134277	-0.424	0.424
  7557	0.213909	-0.424	0.424
  7558	0.213578	-0.424	0.424
  7559	0.179564	-0.424	0.424
  7560	0.22437	-0.424	0.424
  7561	0.207275	-0.424	0.424
  7562	0.22718	-0.424	0.424
  7563	0.146897	-0.424	0.424
  7564	0.216173	-0.424	0.424
  7565	0.187507	-0.424	0.424
  7566	0.181988	-0.424	0.424
  7567	0.200742	-0.424	0.424
  7568	0.20791	-0.424	0.424
  7569	0.229611	-0.424	0.424
  7570	0.210507	-0.424	0.424
  7571	0.159397	-0.424	0.424
  7572	0.197162	-0.424	0.424
  7573	0.201568	-0.424	0.424
  7574	0.19779	-0.424	0.424
  7575	0.187839	-0.424	0.424
  7576	0.224821	-0.424	0.424
  7577	0.177343	-0.424	0.424
  7578	0.210909	-0.424	0.424
  7579	0.202383	-0.424	0.424
  7580	0.174467	-0.424	0.424
  7581	0.210222	-0.424	0.424
  7582	0.180983	-0.424	0.424
  7583	0.216236	-0.424	0.424
  7584	0.208533	-0.424	0.424
  7585	0.204443	-0.424	0.424
  7586	0.18491	-0.424	0.424
  7587	0.209639	-0.424	0.424
  7588	0.212375	-0.424	0.424
  7589	0.191386	-0.424	0.424
  7590	0.184801	-0.424	0.424
  7591	0.187496	-0.424	0.424
  7592	0.222132	-0.424	0.424
  7593	0.186854	-0.424	0.424
  7594	0.178197	-0.424	0.424
  7595	0.154743	-0.424	0.424
  7596	0.203179	-0.424	0.424
  7597	0.174638	-0.424	0.424
  7598	0.195528	-0.424	0.424
  7599	0.200879	-0.424	0.424
  7600	0.205303	-0.424	0.424
  7601	0.197096	-0.424	0.424
  7602	0.214597	-0.424	0.424
  7603	0.207968	-0.424	0.424
  7604	0.192443	-0.424	0.424
  7605	0.221136	-0.424	0.424
  7606	0.185523	-0.424	0.424
  7607	0.212121	-0.424	0.424
  7608	0.20504	-0.424	0.424
  7609	0.189097	-0.424	0.424
  7610	0.195568	-0.424	0.424
  7611	0.221508	-0.424	0.424
  7612	0.218114	-0.424	0.424
  7613	0.190579	-0.424	0.424
  7614	0.21921	-0.424	0.424
  7615	0.159448	-0.424	0.424
  7616	0.208458	-0.424	0.424
  7617	0.198528	-0.424	0.424
  7618	0.207596	-0.424	0.424
  7619	0.170231	-0.424	0.424
  7620	0.187951	-0.424	0.424
  7621	0.198702	-0.424	0.424
  7622	0.198275	-0.424	0.424
  7623	0.160776	-0.424	0.424
  7624	0.182036	-0.424	0.424
  7625	0.168654	-0.424	0.424
  7626	0.214807	-0.424	0.424
  7627	0.2012	-0.424	0.424
  7628	0.220235	-0.424	0.424
  7629	0.180976	-0.424	0.424
  7630	0.209903	-0.424	0.424
  7631	0.188922	-0.424	0.424
  7632	0.203295	-0.424	0.424
  7633	0.165595	-0.424	0.424
  7634	0.22672	-0.424	0.424
  7635	0.206426	-0.424	0.424
  7636	0.153855	-0.424	0.424
  7637	0.185912	-0.424	0.424
  7638	0.218025	-0.424	0.424
  7639	0.156599	-0.424	0.424
  7640	0.220992	-0.424	0.424
  7641	0.201584	-0.424	0.424
  7642	0.210961	-0.424	0.424
  7643	0.203899	-0.424	0.424
  7644	0.153757	-0.424	0.424
  7645	0.22779	-0.424	0.424
  7646	0.210018	-0.424	0.424
  7647	0.179572	-0.424	0.424
  7648	0.210681	-0.424	0.424
  7649	0.210264	-0.424	0.424
  7650	0.17838	-0.424	0.424
  7651	0.17908	-0.424	0.424
  7652	0.206567	-0.424	0.424
  7653	0.164928	-0.424	0.424
  7654	0.205769	-0.424	0.424
  7655	0.187257	-0.424	0.424
  7656	0.219658	-0.424	0.424
  7657	0.196802	-0.424	0.424
  7658	0.166789	-0.424	0.424
  7659	0.203021	-0.424	0.424
  7660	0.198153	-0.424	0.424
  7661	0.210392	-0.424	0.424
  7662	0.193456	-0.424	0.424
  7663	0.20139	-0.424	0.424
  7664	0.175866	-0.424	0.424
  7665	0.206673	-0.424	0.424
  7666	0.209696	-0.424	0.424
  7667	0.180166	-0.424	0.424
  7668	0.205786	-0.424	0.424
  7669	0.222207	-0.424	0.424
  7670	0.224461	-0.424	0.424
  7671	0.212894	-0.424	0.424
  7672	0.207579	-0.424	0.424
  7673	0.208703	-0.424	0.424
  7674	0.183795	-0.424	0.424
  7675	0.183669	-0.424	0.424
  7676	0.188017	-0.424	0.424
  7677	0.202382	-0.424	0.424
  7678	0.223844	-0.424	0.424
  7679	0.216576	-0.424	0.424
  7680	0.226707	-0.424	0.424
  7681	0.191478	-0.424	0.424
  7682	0.215315	-0.424	0.424
  7683	0.169165	-0.424	0.424
  7684	0.222597	-0.424	0.424
  7685	0.187928	-0.424	0.424
  7686	0.2119	-0.424	0.424
  7687	0.220399	-0.424	0.424
  7688	0.187263	-0.424	0.424
  7689	0.18908	-0.424	0.424
  7690	0.190183	-0.424	0.424
  7691	0.186118	-0.424	0.424
  7692	0.147883	-0.424	0.424
  7693	0.173787	-0.424	0.424
  7694	0.212624	-0.424	0.424
  7695	0.175099	-0.424	0.424
  7696	0.230047	-0.424	0.424
  7697	0.217967	-0.424	0.424
  7698	0.17465	-0.424	0.424
  7699	0.197185	-0.424	0.424
  7700	0.208376	-0.424	0.424
  7701	0.199618	-0.424	0.424
  7702	0.206973	-0.424	0.424
  7703	0.18526	-0.424	0.424
  7704	0.194579	-0.424	0.424
  7705	0.188312	-0.424	0.424
  7706	0.176989	-0.424	0.424
  7707	0.186949	-0.424	0.424
  7708	0.206031	-0.424	0.424
  7709	0.213338	-0.424	0.424
  7710	0.167974	-0.424	0.424
  7711	0.215637	-0.424	0.424
  7712	0.174035	-0.424	0.424
  7713	0.198427	-0.424	0.424
  7714	0.231414	-0.424	0.424
  7715	0.161013	-0.424	0.424
  7716	0.201678	-0.424	0.424
  7717	0.225778	-0.424	0.424
  7718	0.216388	-0.424	0.424
  7719	0.185439	-0.424	0.424
  7720	0.214066	-0.424	0.424
  7721	0.194337	-0.424	0.424
  7722	0.208454	-0.424	0.424
  7723	0.186398	-0.424	0.424
  7724	0.188014	-0.424	0.424
  7725	0.209016	-0.424	0.424
  7726	0.183558	-0.424	0.424
  7727	0.194323	-0.424	0.424
  7728	0.21122	-0.424	0.424
  7729	0.134545	-0.424	0.424
  7730	0.200691	-0.424	0.424
  7731	0.163209	-0.424	0.424
  7732	0.156315	-0.424	0.424
  7733	0.184013	-0.424	0.424
  7734	0.207652	-0.424	0.424
  7735	0.173437	-0.424	0.424
  7736	0.206204	-0.424	0.424
  7737	0.140503	-0.424	0.424
  7738	0.207649	-0.424	0.424
  7739	0.17062	-0.424	0.424
  7740	0.187931	-0.424	0.424
  7741	0.201097	-0.424	0.424
  7742	0.210295	-0.424	0.424
  7743	0.213789	-0.424	0.424
  7744	0.205911	-0.424	0.424
  7745	0.192294	-0.424	0.424
  7746	0.209768	-0.424	0.424
  7747	0.190655	-0.424	0.424
  7748	0.203624	-0.424	0.424
  7749	0.185049	-0.424	0.424
  7750	0.228092	-0.424	0.424
  7751	0.201186	-0.424	0.424
  7752	0.212847	-0.424	0.424
  7753	0.212668	-0.424	0.424
  7754	0.155387	-0.424	0.424
  7755	0.202518	-0.424	0.424
  7756	0.20176	-0.424	0.424
  7757	0.195449	-0.424	0.424
  7758	0.19274	-0.424	0.424
  7759	0.211604	-0.424	0.424
  7760	0.202293	-0.424	0.424
  7761	0.149708	-0.424	0.424
  7762	0.196335	-0.424	0.424
  7763	0.205776	-0.424	0.424
  7764	0.152635	-0.424	0.424
  7765	0.226629	-0.424	0.424
  7766	0.180239	-0.424	0.424
  7767	0.160418	-0.424	0.424
  7768	0.159904	-0.424	0.424
  7769	0.211905	-0.424	0.424
  7770	0.196809	-0.424	0.424
  7771	0.215805	-0.424	0.424
  7772	0.187702	-0.424	0.424
  7773	0.15792	-0.424	0.424
  7774	0.208776	-0.424	0.424
  7775	0.217009	-0.424	0.424
  7776	0.193354	-0.424	0.424
  7777	0.200909	-0.424	0.424
  7778	0.187411	-0.424	0.424
  7779	0.185538	-0.424	0.424
  7780	0.20935	-0.424	0.424
  7781	0.168862	-0.424	0.424
  7782	0.228953	-0.424	0.424
  7783	0.211154	-0.424	0.424
  7784	0.213952	-0.424	0.424
  7785	0.166461	-0.424	0.424
  7786	0.186672	-0.424	0.424
  7787	0.214793	-0.424	0.424
  7788	0.206667	-0.424	0.424
  7789	0.195373	-0.424	0.424
  7790	0.187531	-0.424	0.424
  7791	0.193006	-0.424	0.424
  7792	0.217323	-0.424	0.424
  7793	0.215491	-0.424	0.424
  7794	0.170263	-0.424	0.424
  7795	0.208979	-0.424	0.424
  7796	0.177721	-0.424	0.424
  7797	0.195984	-0.424	0.424
  7798	0.2071	-0.424	0.424
  7799	0.202832	-0.424	0.424
  7800	0.201608	-0.424	0.424
  7801	0.198041	-0.424	0.424
  7802	0.189447	-0.424	0.424
  7803	0.184958	-0.424	0.424
  7804	0.214454	-0.424	0.424
  7805	0.179529	-0.424	0.424
  7806	0.191342	-0.424	0.424
  7807	0.18773	-0.424	0.424
  7808	0.19038	-0.424	0.424
  7809	0.188773	-0.424	0.424
  7810	0.203747	-0.424	0.424
  7811	0.205198	-0.424	0.424
  7812	0.227942	-0.424	0.424
  7813	0.180382	-0.424	0.424
  7814	0.164793	-0.424	0.424
  7815	0.2153	-0.424	0.424
  7816	0.229046	-0.424	0.424
  7817	0.209	-0.424	0.424
  7818	0.211787	-0.424	0.424
  7819	0.200196	-0.424	0.424
  7820	0.217288	-0.424	0.424
  7821	0.188708	-0.424	0.424
  7822	0.182953	-0.424	0.424
  7823	0.197026	-0.424	0.424
  7824	0.193952	-0.424	0.424
  7825	0.201915	-0.424	0.424
  7826	0.188748	-0.424	0.424
  7827	0.187165	-0.424	0.424
  7828	0.187219	-0.424	0.424
  7829	0.183373	-0.424	0.424
  7830	0.195247	-0.424	0.424
  7831	0.186602	-0.424	0.424
  7832	0.21149	-0.424	0.424
  7833	0.208878	-0.424	0.424
  7834	0.201771	-0.424	0.424
  7835	0.186908	-0.424	0.424
  7836	0.21181	-0.424	0.424
  7837	0.196852	-0.424	0.424
  7838	0.198949	-0.424	0.424
  7839	0.209667	-0.424	0.424
  7840	0.193053	-0.424	0.424
  7841	0.174	-0.424	0.424
  7842	0.203962	-0.424	0.424
  7843	0.189058	-0.424	0.424
  7844	0.221002	-0.424	0.424
  7845	0.173311	-0.424	0.424
  7846	0.197685	-0.424	0.424
  7847	0.200132	-0.424	0.424
  7848	0.184635	-0.424	0.424
  7849	0.209203	-0.424	0.424
  7850	0.21626	-0.424	0.424
  7851	0.199676	-0.424	0.424
  7852	0.198301	-0.424	0.424
  7853	0.200575	-0.424	0.424
  7854	0.190317	-0.424	0.424
  7855	0.196315	-0.424	0.424
  7856	0.201381	-0.424	0.424
  7857	0.212216	-0.424	0.424
  7858	0.212396	-0.424	0.424
  7859	0.176548	-0.424	0.424
  7860	0.210456	-0.424	0.424
  7861	0.208947	-0.424	0.424
  7862	0.225413	-0.424	0.424
  7863	0.186628	-0.424	0.424
  7864	0.185394	-0.424	0.424
  7865	0.203268	-0.424	0.424
  7866	0.226109	-0.424	0.424
  7867	0.197249	-0.424	0.424
  7868	0.20906	-0.424	0.424
  7869	0.187606	-0.424	0.424
  7870	0.165241	-0.424	0.424
  7871	0.217261	-0.424	0.424
  7872	0.216568	-0.424	0.424
  7873	0.204379	-0.424	0.424
  7874	0.169719	-0.424	0.424
  7875	0.222952	-0.424	0.424
  7876	0.225519	-0.424	0.424
  7877	0.199919	-0.424	0.424
  7878	0.192905	-0.424	0.424
  7879	0.191984	-0.424	0.424
  7880	0.181472	-0.424	0.424
  7881	0.218089	-0.424	0.424
  7882	0.200337	-0.424	0.424
  7883	0.184273	-0.424	0.424
  7884	0.199265	-0.424	0.424
  7885	0.222581	-0.424	0.424
  7886	0.170902	-0.424	0.424
  7887	0.223025	-0.424	0.424
  7888	0.189098	-0.424	0.424
  7889	0.217166	-0.424	0.424
  7890	0.206558	-0.424	0.424
  7891	0.201452	-0.424	0.424
  7892	0.213842	-0.424	0.424
  7893	0.187166	-0.424	0.424
  7894	0.198508	-0.424	0.424
  7895	0.171944	-0.424	0.424
  7896	0.197583	-0.424	0.424
  7897	0.209876	-0.424	0.424
  7898	0.219349	-0.424	0.424
  7899	0.172884	-0.424	0.424
  7900	0.22065	-0.424	0.424
  7901	0.18515	-0.424	0.424
  7902	0.202428	-0.424	0.424
  7903	0.182162	-0.424	0.424
  7904	0.184211	-0.424	0.424
  7905	0.200031	-0.424	0.424
  7906	0.208871	-0.424	0.424
  7907	0.159848	-0.424	0.424
  7908	0.192034	-0.424	0.424
  7909	0.188085	-0.424	0.424
  7910	0.195078	-0.424	0.424
  7911	0.201071	-0.424	0.424
  7912	0.218417	-0.424	0.424
  7913	0.208333	-0.424	0.424
  7914	0.168767	-0.424	0.424
  7915	0.188993	-0.424	0.424
  7916	0.181302	-0.424	0.424
  7917	0.20608	-0.424	0.424
  7918	0.18777	-0.424	0.424
  7919	0.224073	-0.424	0.424
  7920	0.202183	-0.424	0.424
  7921	0.175654	-0.424	0.424
  7922	0.214672	-0.424	0.424
  7923	0.187278	-0.424	0.424
  7924	0.203441	-0.424	0.424
  7925	0.19017	-0.424	0.424
  7926	0.199992	-0.424	0.424
  7927	0.209925	-0.424	0.424
  7928	0.20073	-0.424	0.424
  7929	0.194507	-0.424	0.424
  7930	0.189371	-0.424	0.424
  7931	0.175496	-0.424	0.424
  7932	0.196779	-0.424	0.424
  7933	0.157401	-0.424	0.424
  7934	0.192107	-0.424	0.424
  7935	0.191916	-0.424	0.424
  7936	0.184976	-0.424	0.424
  7937	0.190346	-0.424	0.424
  7938	0.211093	-0.424	0.424
  7939	0.208881	-0.424	0.424
  7940	0.211606	-0.424	0.424
  7941	0.195694	-0.424	0.424
  7942	0.184932	-0.424	0.424
  7943	0.221432	-0.424	0.424
  7944	0.212901	-0.424	0.424
  7945	0.182631	-0.424	0.424
  7946	0.193728	-0.424	0.424
  7947	0.215879	-0.424	0.424
  7948	0.210356	-0.424	0.424
  7949	0.221093	-0.424	0.424
  7950	0.228907	-0.424	0.424
  7951	0.219601	-0.424	0.424
  7952	0.20695	-0.424	0.424
  7953	0.181215	-0.424	0.424
  7954	0.20322	-0.424	0.424
  7955	0.214904	-0.424	0.424
  7956	0.206344	-0.424	0.424
  7957	0.205661	-0.424	0.424
  7958	0.16668	-0.424	0.424
  7959	0.210527	-0.424	0.424
  7960	0.205811	-0.424	0.424
  7961	0.204629	-0.424	0.424
  7962	0.189139	-0.424	0.424
  7963	0.202548	-0.424	0.424
  7964	0.198302	-0.424	0.424
  7965	0.22455	-0.424	0.424
  7966	0.190711	-0.424	0.424
  7967	0.225283	-0.424	0.424
  7968	0.202026	-0.424	0.424
  7969	0.210248	-0.424	0.424
  7970	0.223408	-0.424	0.424
  7971	0.208286	-0.424	0.424
  7972	0.200712	-0.424	0.424
  7973	0.198446	-0.424	0.424
  7974	0.214791	-0.424	0.424
  7975	0.216657	-0.424	0.424
  7976	0.196672	-0.424	0.424
  7977	0.184005	-0.424	0.424
  7978	0.213045	-0.424	0.424
  7979	0.204842	-0.424	0.424
  7980	0.171677	-0.424	0.424
  7981	0.16815	-0.424	0.424
  7982	0.206884	-0.424	0.424
  7983	0.197884	-0.424	0.424
  7984	0.221822	-0.424	0.424
  7985	0.163424	-0.424	0.424
  7986	0.19347	-0.424	0.424
  7987	0.195412	-0.424	0.424
  7988	0.188382	-0.424	0.424
  7989	0.207452	-0.424	0.424
  7990	0.206758	-0.424	0.424
  7991	0.213496	-0.424	0.424
  7992	0.223582	-0.424	0.424
  7993	0.147719	-0.424	0.424
  7994	0.223777	-0.424	0.424
  7995	0.195435	-0.424	0.424
  7996	0.200155	-0.424	0.424
  7997	0.203784	-0.424	0.424
  7998	0.147216	-0.424	0.424
  7999	0.216473	-0.424	0.424
  8000	0.215348	-0.424	0.424
  8001	0.197297	-0.424	0.424
  8002	0.189204	-0.424	0.424
  8003	0.178787	-0.424	0.424
  8004	0.211393	-0.424	0.424
  8005	0.153345	-0.424	0.424
  8006	0.202282	-0.424	0.424
  8007	0.203145	-0.424	0.424
  8008	0.200138	-0.424	0.424
  8009	0.193251	-0.424	0.424
  8010	0.175	-0.424	0.424
  8011	0.208411	-0.424	0.424
  8012	0.209088	-0.424	0.424
  8013	0.22039	-0.424	0.424
  8014	0.163911	-0.424	0.424
  8015	0.214085	-0.424	0.424
  8016	0.204513	-0.424	0.424
  8017	0.199859	-0.424	0.424
  8018	0.214796	-0.424	0.424
  8019	0.181251	-0.424	0.424
  8020	0.200507	-0.424	0.424
  8021	0.197021	-0.424	0.424
  8022	0.19564	-0.424	0.424
  8023	0.193404	-0.424	0.424
  8024	0.184711	-0.424	0.424
  8025	0.181746	-0.424	0.424
  8026	0.206413	-0.424	0.424
  8027	0.191131	-0.424	0.424
  8028	0.202808	-0.424	0.424
  8029	0.228483	-0.424	0.424
  8030	0.181164	-0.424	0.424
  8031	0.161152	-0.424	0.424
  8032	0.202038	-0.424	0.424
  8033	0.197724	-0.424	0.424
  8034	0.221622	-0.424	0.424
  8035	0.186234	-0.424	0.424
  8036	0.178795	-0.424	0.424
  8037	0.163339	-0.424	0.424
  8038	0.207225	-0.424	0.424
  8039	0.16773	-0.424	0.424
  8040	0.212287	-0.424	0.424
  8041	0.204019	-0.424	0.424
  8042	0.163343	-0.424	0.424
  8043	0.158379	-0.424	0.424
  8044	0.164406	-0.424	0.424
  8045	0.204984	-0.424	0.424
  8046	0.192412	-0.424	0.424
  8047	0.218534	-0.424	0.424
  8048	0.225075	-0.424	0.424
  8049	0.205846	-0.424	0.424
  8050	0.151979	-0.424	0.424
  8051	0.186649	-0.424	0.424
  8052	0.214649	-0.424	0.424
  8053	0.18815	-0.424	0.424
  8054	0.197116	-0.424	0.424
  8055	0.191126	-0.424	0.424
  8056	0.204814	-0.424	0.424
  8057	0.214381	-0.424	0.424
  8058	0.193941	-0.424	0.424
  8059	0.168766	-0.424	0.424
  8060	0.192048	-0.424	0.424
  8061	0.178555	-0.424	0.424
  8062	0.206727	-0.424	0.424
  8063	0.16104	-0.424	0.424
  8064	0.165716	-0.424	0.424
  8065	0.172632	-0.424	0.424
  8066	0.22826	-0.424	0.424
  8067	0.196965	-0.424	0.424
  8068	0.161833	-0.424	0.424
  8069	0.216967	-0.424	0.424
  8070	0.198156	-0.424	0.424
  8071	0.223561	-0.424	0.424
  8072	0.208498	-0.424	0.424
  8073	0.214022	-0.424	0.424
  8074	0.201123	-0.424	0.424
  8075	0.180256	-0.424	0.424
  8076	0.190359	-0.424	0.424
  8077	0.21786	-0.424	0.424
  8078	0.188122	-0.424	0.424
  8079	0.197861	-0.424	0.424
  8080	0.206543	-0.424	0.424
  8081	0.224428	-0.424	0.424
  8082	0.213539	-0.424	0.424
  8083	0.205841	-0.424	0.424
  8084	0.209783	-0.424	0.424
  8085	0.194334	-0.424	0.424
  8086	0.193081	-0.424	0.424
  8087	0.198228	-0.424	0.424
  8088	0.19766	-0.424	0.424
  8089	0.183329	-0.424	0.424
  8090	0.166427	-0.424	0.424
  8091	0.197731	-0.424	0.424
  8092	0.196973	-0.424	0.424
  8093	0.197051	-0.424	0.424
  8094	0.182264	-0.424	0.424
  8095	0.197249	-0.424	0.424
  8096	0.17101	-0.424	0.424
  8097	0.182308	-0.424	0.424
  8098	0.196054	-0.424	0.424
  8099	0.16932	-0.424	0.424
  8100	0.20194	-0.424	0.424
  8101	0.188995	-0.424	0.424
  8102	0.204155	-0.424	0.424
  8103	0.214884	-0.424	0.424
  8104	0.204568	-0.424	0.424
  8105	0.206809	-0.424	0.424
  8106	0.182517	-0.424	0.424
  8107	0.194575	-0.424	0.424
  8108	0.22586	-0.424	0.424
  8109	0.203536	-0.424	0.424
  8110	0.224151	-0.424	0.424
  8111	0.224291	-0.424	0.424
  8112	0.226983	-0.424	0.424
  8113	0.151508	-0.424	0.424
  8114	0.176914	-0.424	0.424
  8115	0.175127	-0.424	0.424
  8116	0.155609	-0.424	0.424
  8117	0.208459	-0.424	0.424
  8118	0.21068	-0.424	0.424
  8119	0.176372	-0.424	0.424
  8120	0.179467	-0.424	0.424
  8121	0.208284	-0.424	0.424
  8122	0.226512	-0.424	0.424
  8123	0.189892	-0.424	0.424
  8124	0.202171	-0.424	0.424
  8125	0.197742	-0.424	0.424
  8126	0.192807	-0.424	0.424
  8127	0.219295	-0.424	0.424
  8128	0.204948	-0.424	0.424
  8129	0.215255	-0.424	0.424
  8130	0.142327	-0.424	0.424
  8131	0.185544	-0.424	0.424
  8132	0.199325	-0.424	0.424
  8133	0.184182	-0.424	0.424
  8134	0.172282	-0.424	0.424
  8135	0.199382	-0.424	0.424
  8136	0.206875	-0.424	0.424
  8137	0.209931	-0.424	0.424
  8138	0.213011	-0.424	0.424
  8139	0.162831	-0.424	0.424
  8140	0.224105	-0.424	0.424
  8141	0.189826	-0.424	0.424
  8142	0.193089	-0.424	0.424
  8143	0.221027	-0.424	0.424
  8144	0.188433	-0.424	0.424
  8145	0.224375	-0.424	0.424
  8146	0.213044	-0.424	0.424
  8147	0.217633	-0.424	0.424
  8148	0.226599	-0.424	0.424
  8149	0.219085	-0.424	0.424
  8150	0.169433	-0.424	0.424
  8151	0.185637	-0.424	0.424
  8152	0.223673	-0.424	0.424
  8153	0.172024	-0.424	0.424
  8154	0.186203	-0.424	0.424
  8155	0.176096	-0.424	0.424
  8156	0.169746	-0.424	0.424
  8157	0.231872	-0.424	0.424
  8158	0.143952	-0.424	0.424
  8159	0.188718	-0.424	0.424
  8160	0.169139	-0.424	0.424
  8161	0.210047	-0.424	0.424
  8162	0.18872	-0.424	0.424
  8163	0.194881	-0.424	0.424
  8164	0.16814	-0.424	0.424
  8165	0.224223	-0.424	0.424
  8166	0.187216	-0.424	0.424
  8167	0.220192	-0.424	0.424
  8168	0.183239	-0.424	0.424
  8169	0.18523	-0.424	0.424
  8170	0.222329	-0.424	0.424
  8171	0.206593	-0.424	0.424
  8172	0.17642	-0.424	0.424
  8173	0.189745	-0.424	0.424
  8174	0.154705	-0.424	0.424
  8175	0.199701	-0.424	0.424
  8176	0.213369	-0.424	0.424
  8177	0.190083	-0.424	0.424
  8178	0.176691	-0.424	0.424
  8179	0.184465	-0.424	0.424
  8180	0.186278	-0.424	0.424
  8181	0.196163	-0.424	0.424
  8182	0.18564	-0.424	0.424
  8183	0.176285	-0.424	0.424
  8184	0.188893	-0.424	0.424
  8185	0.180553	-0.424	0.424
  8186	0.177599	-0.424	0.424
  8187	0.183479	-0.424	0.424
  8188	0.18808	-0.424	0.424
  8189	0.195349	-0.424	0.424
  8190	0.193192	-0.424	0.424
  8191	0.198952	-0.424	0.424
  8192	0.186679	-0.424	0.424
  8193	0.182929	-0.424	0.424
  8194	0.200388	-0.424	0.424
  8195	0.204276	-0.424	0.424
  8196	0.219375	-0.424	0.424
  8197	0.189197	-0.424	0.424
  8198	0.185939	-0.424	0.424
  8199	0.207935	-0.424	0.424
  8200	0.161726	-0.424	0.424
  8201	0.195725	-0.424	0.424
  8202	0.206086	-0.424	0.424
  8203	0.201984	-0.424	0.424
  8204	0.179524	-0.424	0.424
  8205	0.206913	-0.424	0.424
  8206	0.201541	-0.424	0.424
  8207	0.186102	-0.424	0.424
  8208	0.178178	-0.424	0.424
  8209	0.18882	-0.424	0.424
  8210	0.21312	-0.424	0.424
  8211	0.20014	-0.424	0.424
  8212	0.19958	-0.424	0.424
  8213	0.181508	-0.424	0.424
  8214	0.218087	-0.424	0.424
  8215	0.194663	-0.424	0.424
  8216	0.211344	-0.424	0.424
  8217	0.202688	-0.424	0.424
  8218	0.207522	-0.424	0.424
  8219	0.149626	-0.424	0.424
  8220	0.221492	-0.424	0.424
  8221	0.191414	-0.424	0.424
  8222	0.18362	-0.424	0.424
  8223	0.212049	-0.424	0.424
  8224	0.164044	-0.424	0.424
  8225	0.189309	-0.424	0.424
  8226	0.221752	-0.424	0.424
  8227	0.175961	-0.424	0.424
  8228	0.201535	-0.424	0.424
  8229	0.194602	-0.424	0.424
  8230	0.209569	-0.424	0.424
  8231	0.201935	-0.424	0.424
  8232	0.206284	-0.424	0.424
  8233	0.215426	-0.424	0.424
  8234	0.196108	-0.424	0.424
  8235	0.197417	-0.424	0.424
  8236	0.18869	-0.424	0.424
  8237	0.223467	-0.424	0.424
  8238	0.194155	-0.424	0.424
  8239	0.204881	-0.424	0.424
  8240	0.195603	-0.424	0.424
  8241	0.209422	-0.424	0.424
  8242	0.200253	-0.424	0.424
  8243	0.17225	-0.424	0.424
  8244	0.200821	-0.424	0.424
  8245	0.207696	-0.424	0.424
  8246	0.192819	-0.424	0.424
  8247	0.215139	-0.424	0.424
  8248	0.162239	-0.424	0.424
  8249	0.14351	-0.424	0.424
  8250	0.20067	-0.424	0.424
  8251	0.151965	-0.424	0.424
  8252	0.177788	-0.424	0.424
  8253	0.199782	-0.424	0.424
  8254	0.198779	-0.424	0.424
  8255	0.18495	-0.424	0.424
  8256	0.21134	-0.424	0.424
  8257	0.19937	-0.424	0.424
  8258	0.199655	-0.424	0.424
  8259	0.220775	-0.424	0.424
  8260	0.213237	-0.424	0.424
  8261	0.17274	-0.424	0.424
  8262	0.203271	-0.424	0.424
  8263	0.215475	-0.424	0.424
  8264	0.20163	-0.424	0.424
  8265	0.204819	-0.424	0.424
  8266	0.219091	-0.424	0.424
  8267	0.198825	-0.424	0.424
  8268	0.167538	-0.424	0.424
  8269	0.207394	-0.424	0.424
  8270	0.219266	-0.424	0.424
  8271	0.197145	-0.424	0.424
  8272	0.216464	-0.424	0.424
  8273	0.191824	-0.424	0.424
  8274	0.203718	-0.424	0.424
  8275	0.152988	-0.424	0.424
  8276	0.174233	-0.424	0.424
  8277	0.212328	-0.424	0.424
  8278	0.20964	-0.424	0.424
  8279	0.18116	-0.424	0.424
  8280	0.188825	-0.424	0.424
  8281	0.204821	-0.424	0.424
  8282	0.219397	-0.424	0.424
  8283	0.192097	-0.424	0.424
  8284	0.198791	-0.424	0.424
  8285	0.230158	-0.424	0.424
  8286	0.186043	-0.424	0.424
  8287	0.191845	-0.424	0.424
  8288	0.198281	-0.424	0.424
  8289	0.207895	-0.424	0.424
  8290	0.1864	-0.424	0.424
  8291	0.187416	-0.424	0.424
  8292	0.188855	-0.424	0.424
  8293	0.212386	-0.424	0.424
  8294	0.210725	-0.424	0.424
  8295	0.190247	-0.424	0.424
  8296	0.207279	-0.424	0.424
  8297	0.204478	-0.424	0.424
  8298	0.175397	-0.424	0.424
  8299	0.181352	-0.424	0.424
  8300	0.21094	-0.424	0.424
  8301	0.20498	-0.424	0.424
  8302	0.199047	-0.424	0.424
  8303	0.172467	-0.424	0.424
  8304	0.208373	-0.424	0.424
  8305	0.211095	-0.424	0.424
  8306	0.181077	-0.424	0.424
  8307	0.20214	-0.424	0.424
  8308	0.166562	-0.424	0.424
  8309	0.223108	-0.424	0.424
  8310	0.224991	-0.424	0.424
  8311	0.176204	-0.424	0.424
  8312	0.220799	-0.424	0.424
  8313	0.180054	-0.424	0.424
  8314	0.208744	-0.424	0.424
  8315	0.176566	-0.424	0.424
  8316	0.190327	-0.424	0.424
  8317	0.191248	-0.424	0.424
  8318	0.195909	-0.424	0.424
  8319	0.16398	-0.424	0.424
  8320	0.184062	-0.424	0.424
  8321	0.178608	-0.424	0.424
  8322	0.210506	-0.424	0.424
  8323	0.200347	-0.424	0.424
  8324	0.216378	-0.424	0.424
  8325	0.201918	-0.424	0.424
  8326	0.179412	-0.424	0.424
  8327	0.17926	-0.424	0.424
  8328	0.206645	-0.424	0.424
  8329	0.186353	-0.424	0.424
  8330	0.228864	-0.424	0.424
  8331	0.20261	-0.424	0.424
  8332	0.202064	-0.424	0.424
  8333	0.193482	-0.424	0.424
  8334	0.176874	-0.424	0.424
  8335	0.214976	-0.424	0.424
  8336	0.220536	-0.424	0.424
  8337	0.171246	-0.424	0.424
  8338	0.181908	-0.424	0.424
  8339	0.205819	-0.424	0.424
  8340	0.194978	-0.424	0.424
  8341	0.151785	-0.424	0.424
  8342	0.190913	-0.424	0.424
  8343	0.207342	-0.424	0.424
  8344	0.21254	-0.424	0.424
  8345	0.22132	-0.424	0.424
  8346	0.195461	-0.424	0.424
  8347	0.202192	-0.424	0.424
  8348	0.183218	-0.424	0.424
  8349	0.186197	-0.424	0.424
  8350	0.152102	-0.424	0.424
  8351	0.175922	-0.424	0.424
  8352	0.196956	-0.424	0.424
  8353	0.224932	-0.424	0.424
  8354	0.174739	-0.424	0.424
  8355	0.193391	-0.424	0.424
  8356	0.172426	-0.424	0.424
  8357	0.184687	-0.424	0.424
  8358	0.20979	-0.424	0.424
  8359	0.215822	-0.424	0.424
  8360	0.17166	-0.424	0.424
  8361	0.193149	-0.424	0.424
  8362	0.217475	-0.424	0.424
  8363	0.205834	-0.424	0.424
  8364	0.184506	-0.424	0.424
  8365	0.219024	-0.424	0.424
  8366	0.193481	-0.424	0.424
  8367	0.208194	-0.424	0.424
  8368	0.195995	-0.424	0.424
  8369	0.19577	-0.424	0.424
  8370	0.18121	-0.424	0.424
  8371	0.150321	-0.424	0.424
  8372	0.191221	-0.424	0.424
  8373	0.21225	-0.424	0.424
  8374	0.187495	-0.424	0.424
  8375	0.196289	-0.424	0.424
  8376	0.226915	-0.424	0.424
  8377	0.18405	-0.424	0.424
  8378	0.189019	-0.424	0.424
  8379	0.202274	-0.424	0.424
  8380	0.203513	-0.424	0.424
  8381	0.189011	-0.424	0.424
  8382	0.181778	-0.424	0.424
  8383	0.200601	-0.424	0.424
  8384	0.209016	-0.424	0.424
  8385	0.210105	-0.424	0.424
  8386	0.163009	-0.424	0.424
  8387	0.208039	-0.424	0.424
  8388	0.177011	-0.424	0.424
  8389	0.178458	-0.424	0.424
  8390	0.168791	-0.424	0.424
  8391	0.199257	-0.424	0.424
  8392	0.192416	-0.424	0.424
  8393	0.223255	-0.424	0.424
  8394	0.176821	-0.424	0.424
  8395	0.177027	-0.424	0.424
  8396	0.175728	-0.424	0.424
  8397	0.19157	-0.424	0.424
  8398	0.199236	-0.424	0.424
  8399	0.180471	-0.424	0.424
  8400	0.193136	-0.424	0.424
  8401	0.201771	-0.424	0.424
  8402	0.220965	-0.424	0.424
  8403	0.14625	-0.424	0.424
  8404	0.203636	-0.424	0.424
  8405	0.16857	-0.424	0.424
  8406	0.187922	-0.424	0.424
  8407	0.190781	-0.424	0.424
  8408	0.220941	-0.424	0.424
  8409	0.192431	-0.424	0.424
  8410	0.184239	-0.424	0.424
  8411	0.204748	-0.424	0.424
  8412	0.212527	-0.424	0.424
  8413	0.224437	-0.424	0.424
  8414	0.191332	-0.424	0.424
  8415	0.208156	-0.424	0.424
  8416	0.207727	-0.424	0.424
  8417	0.206226	-0.424	0.424
  8418	0.197787	-0.424	0.424
  8419	0.181287	-0.424	0.424
  8420	0.226391	-0.424	0.424
  8421	0.228012	-0.424	0.424
  8422	0.23011	-0.424	0.424
  8423	0.210032	-0.424	0.424
  8424	0.218887	-0.424	0.424
  8425	0.185869	-0.424	0.424
  8426	0.17491	-0.424	0.424
  8427	0.171013	-0.424	0.424
  8428	0.209288	-0.424	0.424
  8429	0.201602	-0.424	0.424
  8430	0.205802	-0.424	0.424
  8431	0.206609	-0.424	0.424
  8432	0.204688	-0.424	0.424
  8433	0.20956	-0.424	0.424
  8434	0.200803	-0.424	0.424
  8435	0.173448	-0.424	0.424
  8436	0.180577	-0.424	0.424
  8437	0.213628	-0.424	0.424
  8438	0.198112	-0.424	0.424
  8439	0.190351	-0.424	0.424
  8440	0.209046	-0.424	0.424
  8441	0.185387	-0.424	0.424
  8442	0.199868	-0.424	0.424
  8443	0.196293	-0.424	0.424
  8444	0.20131	-0.424	0.424
  8445	0.216868	-0.424	0.424
  8446	0.175952	-0.424	0.424
  8447	0.190767	-0.424	0.424
  8448	0.220849	-0.424	0.424
  8449	0.182318	-0.424	0.424
  8450	0.209922	-0.424	0.424
  8451	0.184386	-0.424	0.424
  8452	0.14895	-0.424	0.424
  8453	0.220679	-0.424	0.424
  8454	0.189293	-0.424	0.424
  8455	0.151428	-0.424	0.424
  8456	0.197713	-0.424	0.424
  8457	0.178267	-0.424	0.424
  8458	0.186636	-0.424	0.424
  8459	0.213317	-0.424	0.424
  8460	0.202689	-0.424	0.424
  8461	0.165255	-0.424	0.424
  8462	0.222042	-0.424	0.424
  8463	0.198839	-0.424	0.424
  8464	0.181264	-0.424	0.424
  8465	0.197531	-0.424	0.424
  8466	0.213556	-0.424	0.424
  8467	0.197001	-0.424	0.424
  8468	0.211909	-0.424	0.424
  8469	0.163641	-0.424	0.424
  8470	0.213909	-0.424	0.424
  8471	0.178955	-0.424	0.424
  8472	0.197685	-0.424	0.424
  8473	0.189617	-0.424	0.424
  8474	0.214685	-0.424	0.424
  8475	0.192518	-0.424	0.424
  8476	0.159365	-0.424	0.424
  8477	0.223347	-0.424	0.424
  8478	0.184725	-0.424	0.424
  8479	0.211736	-0.424	0.424
  8480	0.220065	-0.424	0.424
  8481	0.207888	-0.424	0.424
  8482	0.225357	-0.424	0.424
  8483	0.163576	-0.424	0.424
  8484	0.172038	-0.424	0.424
  8485	0.174794	-0.424	0.424
  8486	0.189689	-0.424	0.424
  8487	0.1713	-0.424	0.424
  8488	0.174862	-0.424	0.424
  8489	0.170511	-0.424	0.424
  8490	0.218603	-0.424	0.424
  8491	0.21436	-0.424	0.424
  8492	0.206165	-0.424	0.424
  8493	0.195245	-0.424	0.424
  8494	0.178871	-0.424	0.424
  8495	0.217691	-0.424	0.424
  8496	0.173503	-0.424	0.424
  8497	0.178272	-0.424	0.424
  8498	0.191301	-0.424	0.424
  8499	0.192583	-0.424	0.424
  8500	0.21432	-0.424	0.424
  8501	0.197667	-0.424	0.424
  8502	0.225968	-0.424	0.424
  8503	0.172633	-0.424	0.424
  8504	0.227048	-0.424	0.424
  8505	0.186053	-0.424	0.424
  8506	0.207516	-0.424	0.424
  8507	0.220382	-0.424	0.424
  8508	0.218087	-0.424	0.424
  8509	0.219404	-0.424	0.424
  8510	0.148762	-0.424	0.424
  8511	0.180589	-0.424	0.424
  8512	0.219918	-0.424	0.424
  8513	0.204228	-0.424	0.424
  8514	0.201809	-0.424	0.424
  8515	0.202143	-0.424	0.424
  8516	0.225501	-0.424	0.424
  8517	0.200856	-0.424	0.424
  8518	0.198031	-0.424	0.424
  8519	0.219374	-0.424	0.424
  8520	0.20379	-0.424	0.424
  8521	0.203317	-0.424	0.424
  8522	0.186168	-0.424	0.424
  8523	0.130989	-0.424	0.424
  8524	0.220793	-0.424	0.424
  8525	0.222642	-0.424	0.424
  8526	0.192144	-0.424	0.424
  8527	0.193409	-0.424	0.424
  8528	0.195396	-0.424	0.424
  8529	0.210304	-0.424	0.424
  8530	0.202071	-0.424	0.424
  8531	0.217194	-0.424	0.424
  8532	0.188145	-0.424	0.424
  8533	0.20079	-0.424	0.424
  8534	0.175768	-0.424	0.424
  8535	0.208741	-0.424	0.424
  8536	0.18698	-0.424	0.424
  8537	0.202295	-0.424	0.424
  8538	0.175185	-0.424	0.424
  8539	0.191948	-0.424	0.424
  8540	0.152491	-0.424	0.424
  8541	0.211555	-0.424	0.424
  8542	0.209338	-0.424	0.424
  8543	0.20912	-0.424	0.424
  8544	0.200599	-0.424	0.424
  8545	0.193549	-0.424	0.424
  8546	0.210609	-0.424	0.424
  8547	0.195004	-0.424	0.424
  8548	0.183231	-0.424	0.424
  8549	0.207932	-0.424	0.424
  8550	0.203569	-0.424	0.424
  8551	0.195876	-0.424	0.424
  8552	0.198905	-0.424	0.424
  8553	0.175757	-0.424	0.424
  8554	0.185214	-0.424	0.424
  8555	0.20006	-0.424	0.424
  8556	0.214497	-0.424	0.424
  8557	0.170529	-0.424	0.424
  8558	0.188192	-0.424	0.424
  8559	0.136279	-0.424	0.424
  8560	0.188685	-0.424	0.424
  8561	0.224966	-0.424	0.424
  8562	0.152755	-0.424	0.424
  8563	0.186788	-0.424	0.424
  8564	0.211676	-0.424	0.424
  8565	0.173342	-0.424	0.424
  8566	0.196941	-0.424	0.424
  8567	0.223862	-0.424	0.424
  8568	0.179612	-0.424	0.424
  8569	0.186747	-0.424	0.424
  8570	0.20068	-0.424	0.424
  8571	0.211187	-0.424	0.424
  8572	0.218876	-0.424	0.424
  8573	0.190811	-0.424	0.424
  8574	0.175274	-0.424	0.424
  8575	0.188589	-0.424	0.424
  8576	0.201523	-0.424	0.424
  8577	0.178818	-0.424	0.424
  8578	0.206412	-0.424	0.424
  8579	0.215084	-0.424	0.424
  8580	0.157625	-0.424	0.424
  8581	0.218765	-0.424	0.424
  8582	0.187111	-0.424	0.424
  8583	0.198981	-0.424	0.424
  8584	0.186877	-0.424	0.424
  8585	0.219444	-0.424	0.424
  8586	0.166389	-0.424	0.424
  8587	0.216133	-0.424	0.424
  8588	0.181397	-0.424	0.424
  8589	0.188155	-0.424	0.424
  8590	0.20266	-0.424	0.424
  8591	0.218158	-0.424	0.424
  8592	0.147161	-0.424	0.424
  8593	0.204794	-0.424	0.424
  8594	0.209788	-0.424	0.424
  8595	0.193094	-0.424	0.424
  8596	0.188139	-0.424	0.424
  8597	0.171496	-0.424	0.424
  8598	0.20669	-0.424	0.424
  8599	0.196221	-0.424	0.424
  8600	0.149649	-0.424	0.424
  8601	0.226149	-0.424	0.424
  8602	0.187786	-0.424	0.424
  8603	0.196275	-0.424	0.424
  8604	0.205122	-0.424	0.424
  8605	0.215462	-0.424	0.424
  8606	0.192548	-0.424	0.424
  8607	0.191555	-0.424	0.424
  8608	0.176345	-0.424	0.424
  8609	0.204447	-0.424	0.424
  8610	0.190176	-0.424	0.424
  8611	0.202724	-0.424	0.424
  8612	0.184654	-0.424	0.424
  8613	0.187838	-0.424	0.424
  8614	0.203354	-0.424	0.424
  8615	0.206308	-0.424	0.424
  8616	0.141824	-0.424	0.424
  8617	0.184167	-0.424	0.424
  8618	0.189382	-0.424	0.424
  8619	0.194704	-0.424	0.424
  8620	0.174246	-0.424	0.424
  8621	0.215762	-0.424	0.424
  8622	0.203506	-0.424	0.424
  8623	0.21387	-0.424	0.424
  8624	0.209634	-0.424	0.424
  8625	0.16495	-0.424	0.424
  8626	0.207334	-0.424	0.424
  8627	0.209224	-0.424	0.424
  8628	0.142398	-0.424	0.424
  8629	0.177096	-0.424	0.424
  8630	0.200169	-0.424	0.424
  8631	0.180113	-0.424	0.424
  8632	0.14271	-0.424	0.424
  8633	0.207133	-0.424	0.424
  8634	0.210672	-0.424	0.424
  8635	0.202315	-0.424	0.424
  8636	0.224233	-0.424	0.424
  8637	0.190705	-0.424	0.424
  8638	0.179742	-0.424	0.424
  8639	0.214293	-0.424	0.424
  8640	0.215414	-0.424	0.424
  8641	0.20621	-0.424	0.424
  8642	0.196296	-0.424	0.424
  8643	0.223117	-0.424	0.424
  8644	0.206913	-0.424	0.424
  8645	0.199543	-0.424	0.424
  8646	0.181329	-0.424	0.424
  8647	0.189224	-0.424	0.424
  8648	0.18697	-0.424	0.424
  8649	0.18527	-0.424	0.424
  8650	0.195677	-0.424	0.424
  8651	0.187119	-0.424	0.424
  8652	0.15997	-0.424	0.424
  8653	0.202894	-0.424	0.424
  8654	0.194015	-0.424	0.424
  8655	0.188976	-0.424	0.424
  8656	0.181459	-0.424	0.424
  8657	0.199298	-0.424	0.424
  8658	0.175892	-0.424	0.424
  8659	0.221533	-0.424	0.424
  8660	0.179659	-0.424	0.424
  8661	0.211548	-0.424	0.424
  8662	0.200928	-0.424	0.424
  8663	0.206684	-0.424	0.424
  8664	0.21811	-0.424	0.424
  8665	0.2203	-0.424	0.424
  8666	0.18782	-0.424	0.424
  8667	0.182924	-0.424	0.424
  8668	0.21868	-0.424	0.424
  8669	0.168417	-0.424	0.424
  8670	0.221571	-0.424	0.424
  8671	0.194174	-0.424	0.424
  8672	0.187714	-0.424	0.424
  8673	0.218126	-0.424	0.424
  8674	0.204464	-0.424	0.424
  8675	0.194201	-0.424	0.424
  8676	0.20267	-0.424	0.424
  8677	0.203394	-0.424	0.424
  8678	0.204375	-0.424	0.424
  8679	0.223604	-0.424	0.424
  8680	0.171173	-0.424	0.424
  8681	0.211854	-0.424	0.424
  8682	0.204351	-0.424	0.424
  8683	0.205108	-0.424	0.424
  8684	0.179934	-0.424	0.424
  8685	0.213912	-0.424	0.424
  8686	0.203334	-0.424	0.424
  8687	0.207395	-0.424	0.424
  8688	0.194442	-0.424	0.424
  8689	0.204119	-0.424	0.424
  8690	0.201831	-0.424	0.424
  8691	0.212764	-0.424	0.424
  8692	0.174867	-0.424	0.424
  8693	0.195164	-0.424	0.424
  8694	0.210989	-0.424	0.424
  8695	0.216485	-0.424	0.424
  8696	0.197754	-0.424	0.424
  8697	0.205099	-0.424	0.424
  8698	0.179714	-0.424	0.424
  8699	0.187555	-0.424	0.424
  8700	0.188314	-0.424	0.424
  8701	0.21534	-0.424	0.424
  8702	0.19487	-0.424	0.424
  8703	0.226668	-0.424	0.424
  8704	0.165793	-0.424	0.424
  8705	0.183244	-0.424	0.424
  8706	0.212702	-0.424	0.424
  8707	0.188316	-0.424	0.424
  8708	0.181268	-0.424	0.424
  8709	0.197991	-0.424	0.424
  8710	0.208381	-0.424	0.424
  8711	0.20974	-0.424	0.424
  8712	0.190099	-0.424	0.424
  8713	0.208743	-0.424	0.424
  8714	0.203445	-0.424	0.424
  8715	0.173583	-0.424	0.424
  8716	0.143447	-0.424	0.424
  8717	0.190758	-0.424	0.424
  8718	0.198888	-0.424	0.424
  8719	0.16213	-0.424	0.424
  8720	0.176886	-0.424	0.424
  8721	0.220705	-0.424	0.424
  8722	0.187317	-0.424	0.424
  8723	0.219134	-0.424	0.424
  8724	0.196174	-0.424	0.424
  8725	0.168969	-0.424	0.424
  8726	0.21446	-0.424	0.424
  8727	0.169342	-0.424	0.424
  8728	0.188226	-0.424	0.424
  8729	0.166748	-0.424	0.424
  8730	0.17069	-0.424	0.424
  8731	0.21588	-0.424	0.424
  8732	0.211922	-0.424	0.424
  8733	0.221872	-0.424	0.424
  8734	0.217334	-0.424	0.424
  8735	0.163704	-0.424	0.424
  8736	0.18186	-0.424	0.424
  8737	0.217001	-0.424	0.424
  8738	0.219594	-0.424	0.424
  8739	0.190675	-0.424	0.424
  8740	0.224327	-0.424	0.424
  8741	0.201506	-0.424	0.424
  8742	0.205921	-0.424	0.424
  8743	0.181228	-0.424	0.424
  8744	0.197445	-0.424	0.424
  8745	0.169491	-0.424	0.424
  8746	0.226976	-0.424	0.424
  8747	0.217326	-0.424	0.424
  8748	0.215924	-0.424	0.424
  8749	0.196759	-0.424	0.424
  8750	0.214288	-0.424	0.424
  8751	0.183559	-0.424	0.424
  8752	0.220436	-0.424	0.424
  8753	0.173371	-0.424	0.424
  8754	0.182749	-0.424	0.424
  8755	0.187989	-0.424	0.424
  8756	0.206236	-0.424	0.424
  8757	0.199457	-0.424	0.424
  8758	0.199345	-0.424	0.424
  8759	0.192579	-0.424	0.424
  8760	0.20548	-0.424	0.424
  8761	0.199934	-0.424	0.424
  8762	0.198613	-0.424	0.424
  8763	0.197446	-0.424	0.424
  8764	0.208822	-0.424	0.424
  8765	0.158845	-0.424	0.424
  8766	0.19341	-0.424	0.424
  8767	0.206439	-0.424	0.424
  8768	0.215502	-0.424	0.424
  8769	0.198996	-0.424	0.424
  8770	0.213701	-0.424	0.424
  8771	0.222214	-0.424	0.424
  8772	0.170755	-0.424	0.424
  8773	0.22228	-0.424	0.424
  8774	0.142191	-0.424	0.424
  8775	0.183666	-0.424	0.424
  8776	0.212669	-0.424	0.424
  8777	0.193654	-0.424	0.424
  8778	0.191581	-0.424	0.424
  8779	0.157416	-0.424	0.424
  8780	0.184188	-0.424	0.424
  8781	0.201995	-0.424	0.424
  8782	0.19896	-0.424	0.424
  8783	0.207023	-0.424	0.424
  8784	0.189089	-0.424	0.424
  8785	0.169799	-0.424	0.424
  8786	0.215665	-0.424	0.424
  8787	0.213072	-0.424	0.424
  8788	0.185491	-0.424	0.424
  8789	0.20991	-0.424	0.424
  8790	0.201651	-0.424	0.424
  8791	0.193141	-0.424	0.424
  8792	0.207862	-0.424	0.424
  8793	0.174793	-0.424	0.424
  8794	0.14037	-0.424	0.424
  8795	0.165998	-0.424	0.424
  8796	0.187248	-0.424	0.424
  8797	0.197949	-0.424	0.424
  8798	0.178778	-0.424	0.424
  8799	0.198336	-0.424	0.424
  8800	0.198154	-0.424	0.424
  8801	0.166486	-0.424	0.424
  8802	0.224223	-0.424	0.424
  8803	0.226269	-0.424	0.424
  8804	0.208514	-0.424	0.424
  8805	0.212798	-0.424	0.424
  8806	0.220681	-0.424	0.424
  8807	0.200403	-0.424	0.424
  8808	0.182904	-0.424	0.424
  8809	0.164073	-0.424	0.424
  8810	0.205387	-0.424	0.424
  8811	0.191966	-0.424	0.424
  8812	0.176915	-0.424	0.424
  8813	0.165494	-0.424	0.424
  8814	0.194763	-0.424	0.424
  8815	0.161442	-0.424	0.424
  8816	0.201875	-0.424	0.424
  8817	0.206014	-0.424	0.424
  8818	0.1833	-0.424	0.424
  8819	0.221778	-0.424	0.424
  8820	0.206796	-0.424	0.424
  8821	0.154468	-0.424	0.424
  8822	0.196633	-0.424	0.424
  8823	0.182498	-0.424	0.424
  8824	0.18294	-0.424	0.424
  8825	0.198764	-0.424	0.424
  8826	0.142156	-0.424	0.424
  8827	0.195005	-0.424	0.424
  8828	0.202974	-0.424	0.424
  8829	0.189104	-0.424	0.424
  8830	0.226692	-0.424	0.424
  8831	0.205218	-0.424	0.424
  8832	0.207613	-0.424	0.424
  8833	0.206234	-0.424	0.424
  8834	0.189875	-0.424	0.424
  8835	0.197797	-0.424	0.424
  8836	0.207619	-0.424	0.424
  8837	0.205665	-0.424	0.424
  8838	0.19131	-0.424	0.424
  8839	0.199553	-0.424	0.424
  8840	0.170764	-0.424	0.424
  8841	0.217733	-0.424	0.424
  8842	0.203389	-0.424	0.424
  8843	0.21749	-0.424	0.424
  8844	0.214784	-0.424	0.424
  8845	0.193406	-0.424	0.424
  8846	0.194641	-0.424	0.424
  8847	0.181659	-0.424	0.424
  8848	0.188518	-0.424	0.424
  8849	0.186415	-0.424	0.424
  8850	0.16703	-0.424	0.424
  8851	0.17742	-0.424	0.424
  8852	0.212258	-0.424	0.424
  8853	0.216409	-0.424	0.424
  8854	0.215402	-0.424	0.424
  8855	0.205866	-0.424	0.424
  8856	0.176107	-0.424	0.424
  8857	0.211892	-0.424	0.424
  8858	0.174805	-0.424	0.424
  8859	0.219359	-0.424	0.424
  8860	0.20106	-0.424	0.424
  8861	0.204613	-0.424	0.424
  8862	0.179678	-0.424	0.424
  8863	0.1997	-0.424	0.424
  8864	0.221982	-0.424	0.424
  8865	0.208594	-0.424	0.424
  8866	0.218488	-0.424	0.424
  8867	0.19723	-0.424	0.424
  8868	0.181137	-0.424	0.424
  8869	0.186953	-0.424	0.424
  8870	0.179055	-0.424	0.424
  8871	0.213841	-0.424	0.424
  8872	0.184544	-0.424	0.424
  8873	0.223946	-0.424	0.424
  8874	0.219807	-0.424	0.424
  8875	0.169273	-0.424	0.424
  8876	0.174743	-0.424	0.424
  8877	0.166786	-0.424	0.424
  8878	0.201319	-0.424	0.424
  8879	0.22049	-0.424	0.424
  8880	0.136683	-0.424	0.424
  8881	0.194928	-0.424	0.424
  8882	0.226646	-0.424	0.424
  8883	0.207537	-0.424	0.424
  8884	0.211849	-0.424	0.424
  8885	0.212111	-0.424	0.424
  8886	0.134487	-0.424	0.424
  8887	0.168117	-0.424	0.424
  8888	0.203225	-0.424	0.424
  8889	0.144456	-0.424	0.424
  8890	0.214692	-0.424	0.424
  8891	0.177402	-0.424	0.424
  8892	0.205363	-0.424	0.424
  8893	0.172206	-0.424	0.424
  8894	0.173293	-0.424	0.424
  8895	0.199204	-0.424	0.424
  8896	0.187149	-0.424	0.424
  8897	0.177565	-0.424	0.424
  8898	0.193962	-0.424	0.424
  8899	0.202287	-0.424	0.424
  8900	0.152703	-0.424	0.424
  8901	0.192753	-0.424	0.424
  8902	0.185585	-0.424	0.424
  8903	0.17999	-0.424	0.424
  8904	0.22083	-0.424	0.424
  8905	0.190352	-0.424	0.424
  8906	0.192056	-0.424	0.424
  8907	0.169547	-0.424	0.424
  8908	0.183338	-0.424	0.424
  8909	0.21028	-0.424	0.424
  8910	0.200593	-0.424	0.424
  8911	0.216848	-0.424	0.424
  8912	0.201974	-0.424	0.424
  8913	0.180187	-0.424	0.424
  8914	0.188921	-0.424	0.424
  8915	0.221864	-0.424	0.424
  8916	0.156229	-0.424	0.424
  8917	0.203739	-0.424	0.424
  8918	0.189069	-0.424	0.424
  8919	0.195956	-0.424	0.424
  8920	0.227355	-0.424	0.424
  8921	0.201378	-0.424	0.424
  8922	0.218953	-0.424	0.424
  8923	0.207522	-0.424	0.424
  8924	0.230008	-0.424	0.424
  8925	0.205832	-0.424	0.424
  8926	0.199283	-0.424	0.424
  8927	0.222238	-0.424	0.424
  8928	0.177657	-0.424	0.424
  8929	0.183929	-0.424	0.424
  8930	0.215854	-0.424	0.424
  8931	0.187843	-0.424	0.424
  8932	0.192767	-0.424	0.424
  8933	0.226837	-0.424	0.424
  8934	0.200665	-0.424	0.424
  8935	0.189667	-0.424	0.424
  8936	0.217939	-0.424	0.424
  8937	0.222273	-0.424	0.424
  8938	0.191904	-0.424	0.424
  8939	0.181626	-0.424	0.424
  8940	0.213593	-0.424	0.424
  8941	0.219527	-0.424	0.424
  8942	0.217654	-0.424	0.424
  8943	0.194942	-0.424	0.424
  8944	0.221077	-0.424	0.424
  8945	0.182422	-0.424	0.424
  8946	0.210461	-0.424	0.424
  8947	0.157302	-0.424	0.424
  8948	0.208461	-0.424	0.424
  8949	0.19548	-0.424	0.424
  8950	0.206423	-0.424	0.424
  8951	0.196181	-0.424	0.424
  8952	0.21585	-0.424	0.424
  8953	0.219267	-0.424	0.424
  8954	0.212727	-0.424	0.424
  8955	0.199852	-0.424	0.424
  8956	0.186453	-0.424	0.424
  8957	0.143988	-0.424	0.424
  8958	0.153675	-0.424	0.424
  8959	0.214358	-0.424	0.424
  8960	0.204059	-0.424	0.424
  8961	0.194648	-0.424	0.424
  8962	0.196619	-0.424	0.424
  8963	0.205169	-0.424	0.424
  8964	0.202988	-0.424	0.424
  8965	0.188785	-0.424	0.424
  8966	0.190374	-0.424	0.424
  8967	0.199296	-0.424	0.424
  8968	0.192774	-0.424	0.424
  8969	0.192459	-0.424	0.424
  8970	0.203203	-0.424	0.424
  8971	0.225083	-0.424	0.424
  8972	0.213689	-0.424	0.424
  8973	0.214073	-0.424	0.424
  8974	0.179625	-0.424	0.424
  8975	0.212396	-0.424	0.424
  8976	0.185185	-0.424	0.424
  8977	0.205286	-0.424	0.424
  8978	0.177962	-0.424	0.424
  8979	0.19392	-0.424	0.424
  8980	0.196262	-0.424	0.424
  8981	0.20863	-0.424	0.424
  8982	0.219667	-0.424	0.424
  8983	0.197201	-0.424	0.424
  8984	0.181768	-0.424	0.424
  8985	0.202632	-0.424	0.424
  8986	0.209988	-0.424	0.424
  8987	0.193418	-0.424	0.424
  8988	0.206111	-0.424	0.424
  8989	0.213301	-0.424	0.424
  8990	0.165293	-0.424	0.424
  8991	0.217541	-0.424	0.424
  8992	0.211077	-0.424	0.424
  8993	0.163878	-0.424	0.424
  8994	0.196361	-0.424	0.424
  8995	0.202559	-0.424	0.424
  8996	0.182313	-0.424	0.424
  8997	0.213358	-0.424	0.424
  8998	0.207411	-0.424	0.424
  8999	0.1893	-0.424	0.424
  9000	0.167078	-0.424	0.424
  9001	0.173527	-0.424	0.424
  9002	0.163284	-0.424	0.424
  9003	0.209362	-0.424	0.424
  9004	0.161567	-0.424	0.424
  9005	0.224549	-0.424	0.424
  9006	0.223164	-0.424	0.424
  9007	0.188835	-0.424	0.424
  9008	0.208753	-0.424	0.424
  9009	0.182377	-0.424	0.424
  9010	0.187342	-0.424	0.424
  9011	0.177816	-0.424	0.424
  9012	0.175876	-0.424	0.424
  9013	0.202226	-0.424	0.424
  9014	0.166495	-0.424	0.424
  9015	0.206897	-0.424	0.424
  9016	0.195191	-0.424	0.424
  9017	0.226283	-0.424	0.424
  9018	0.203719	-0.424	0.424
  9019	0.2166	-0.424	0.424
  9020	0.214005	-0.424	0.424
  9021	0.214143	-0.424	0.424
  9022	0.15894	-0.424	0.424
  9023	0.206055	-0.424	0.424
  9024	0.199713	-0.424	0.424
  9025	0.194654	-0.424	0.424
  9026	0.197824	-0.424	0.424
  9027	0.206861	-0.424	0.424
  9028	0.210373	-0.424	0.424
  9029	0.211175	-0.424	0.424
  9030	0.175708	-0.424	0.424
  9031	0.191364	-0.424	0.424
  9032	0.196985	-0.424	0.424
  9033	0.183806	-0.424	0.424
  9034	0.185812	-0.424	0.424
  9035	0.198378	-0.424	0.424
  9036	0.215987	-0.424	0.424
  9037	0.212999	-0.424	0.424
  9038	0.145549	-0.424	0.424
  9039	0.163627	-0.424	0.424
  9040	0.175253	-0.424	0.424
  9041	0.192616	-0.424	0.424
  9042	0.195521	-0.424	0.424
  9043	0.171156	-0.424	0.424
  9044	0.217344	-0.424	0.424
  9045	0.177947	-0.424	0.424
  9046	0.190686	-0.424	0.424
  9047	0.169932	-0.424	0.424
  9048	0.148985	-0.424	0.424
  9049	0.221127	-0.424	0.424
  9050	0.178313	-0.424	0.424
  9051	0.181476	-0.424	0.424
  9052	0.215162	-0.424	0.424
  9053	0.21157	-0.424	0.424
  9054	0.15996	-0.424	0.424
  9055	0.193094	-0.424	0.424
  9056	0.203603	-0.424	0.424
  9057	0.190334	-0.424	0.424
  9058	0.214073	-0.424	0.424
  9059	0.209493	-0.424	0.424
  9060	0.211164	-0.424	0.424
  9061	0.12846	-0.424	0.424
  9062	0.221439	-0.424	0.424
  9063	0.185056	-0.424	0.424
  9064	0.214502	-0.424	0.424
  9065	0.202846	-0.424	0.424
  9066	0.188805	-0.424	0.424
  9067	0.216226	-0.424	0.424
  9068	0.197667	-0.424	0.424
  9069	0.220283	-0.424	0.424
  9070	0.163916	-0.424	0.424
  9071	0.184473	-0.424	0.424
  9072	0.220494	-0.424	0.424
  9073	0.19151	-0.424	0.424
  9074	0.211001	-0.424	0.424
  9075	0.157869	-0.424	0.424
  9076	0.202071	-0.424	0.424
  9077	0.148514	-0.424	0.424
  9078	0.21991	-0.424	0.424
  9079	0.166311	-0.424	0.424
  9080	0.226616	-0.424	0.424
  9081	0.182726	-0.424	0.424
  9082	0.206423	-0.424	0.424
  9083	0.212573	-0.424	0.424
  9084	0.186032	-0.424	0.424
  9085	0.214474	-0.424	0.424
  9086	0.223144	-0.424	0.424
  9087	0.199983	-0.424	0.424
  9088	0.211547	-0.424	0.424
  9089	0.183924	-0.424	0.424
  9090	0.205955	-0.424	0.424
  9091	0.227506	-0.424	0.424
  9092	0.187625	-0.424	0.424
  9093	0.210342	-0.424	0.424
  9094	0.188518	-0.424	0.424
  9095	0.181664	-0.424	0.424
  9096	0.193541	-0.424	0.424
  9097	0.211658	-0.424	0.424
  9098	0.199844	-0.424	0.424
  9099	0.208584	-0.424	0.424
  9100	0.216687	-0.424	0.424
  9101	0.19749	-0.424	0.424
  9102	0.214939	-0.424	0.424
  9103	0.226217	-0.424	0.424
  9104	0.182318	-0.424	0.424
  9105	0.203117	-0.424	0.424
  9106	0.149742	-0.424	0.424
  9107	0.209937	-0.424	0.424
  9108	0.204458	-0.424	0.424
  9109	0.211488	-0.424	0.424
  9110	0.195803	-0.424	0.424
  9111	0.16903	-0.424	0.424
  9112	0.166359	-0.424	0.424
  9113	0.220617	-0.424	0.424
  9114	0.210283	-0.424	0.424
  9115	0.18268	-0.424	0.424
  9116	0.180739	-0.424	0.424
  9117	0.219328	-0.424	0.424
  9118	0.207477	-0.424	0.424
  9119	0.202124	-0.424	0.424
  9120	0.194903	-0.424	0.424
  9121	0.17799	-0.424	0.424
  9122	0.143966	-0.424	0.424
  9123	0.177902	-0.424	0.424
  9124	0.201705	-0.424	0.424
  9125	0.181305	-0.424	0.424
  9126	0.217914	-0.424	0.424
  9127	0.179155	-0.424	0.424
  9128	0.190795	-0.424	0.424
  9129	0.187675	-0.424	0.424
  9130	0.197002	-0.424	0.424
  9131	0.220928	-0.424	0.424
  9132	0.219998	-0.424	0.424
  9133	0.20505	-0.424	0.424
  9134	0.199229	-0.424	0.424
  9135	0.221998	-0.424	0.424
  9136	0.197356	-0.424	0.424
  9137	0.208232	-0.424	0.424
  9138	0.18929	-0.424	0.424
  9139	0.166663	-0.424	0.424
  9140	0.16695	-0.424	0.424
  9141	0.201122	-0.424	0.424
  9142	0.21549	-0.424	0.424
  9143	0.17399	-0.424	0.424
  9144	0.187802	-0.424	0.424
  9145	0.16886	-0.424	0.424
  9146	0.200663	-0.424	0.424
  9147	0.210074	-0.424	0.424
  9148	0.156832	-0.424	0.424
  9149	0.164358	-0.424	0.424
  9150	0.186478	-0.424	0.424
  9151	0.209044	-0.424	0.424
  9152	0.21651	-0.424	0.424
  9153	0.207758	-0.424	0.424
  9154	0.226806	-0.424	0.424
  9155	0.187199	-0.424	0.424
  9156	0.207148	-0.424	0.424
  9157	0.218653	-0.424	0.424
  9158	0.190782	-0.424	0.424
  9159	0.194077	-0.424	0.424
  9160	0.18127	-0.424	0.424
  9161	0.191064	-0.424	0.424
  9162	0.173664	-0.424	0.424
  9163	0.158694	-0.424	0.424
  9164	0.177262	-0.424	0.424
  9165	0.195657	-0.424	0.424
  9166	0.214082	-0.424	0.424
  9167	0.175075	-0.424	0.424
  9168	0.179762	-0.424	0.424
  9169	0.193042	-0.424	0.424
  9170	0.163789	-0.424	0.424
  9171	0.171965	-0.424	0.424
  9172	0.191836	-0.424	0.424
  9173	0.187182	-0.424	0.424
  9174	0.206996	-0.424	0.424
  9175	0.183185	-0.424	0.424
  9176	0.157906	-0.424	0.424
  9177	0.215759	-0.424	0.424
  9178	0.200342	-0.424	0.424
  9179	0.210395	-0.424	0.424
  9180	0.21085	-0.424	0.424
  9181	0.143088	-0.424	0.424
  9182	0.208391	-0.424	0.424
  9183	0.174595	-0.424	0.424
  9184	0.203608	-0.424	0.424
  9185	0.190143	-0.424	0.424
  9186	0.208354	-0.424	0.424
  9187	0.211282	-0.424	0.424
  9188	0.17313	-0.424	0.424
  9189	0.182212	-0.424	0.424
  9190	0.149303	-0.424	0.424
  9191	0.22385	-0.424	0.424
  9192	0.192944	-0.424	0.424
  9193	0.179431	-0.424	0.424
  9194	0.205037	-0.424	0.424
  9195	0.189085	-0.424	0.424
  9196	0.169271	-0.424	0.424
  9197	0.209912	-0.424	0.424
  9198	0.213196	-0.424	0.424
  9199	0.207913	-0.424	0.424
  9200	0.186246	-0.424	0.424
  9201	0.224274	-0.424	0.424
  9202	0.182206	-0.424	0.424
  9203	0.188745	-0.424	0.424
  9204	0.179549	-0.424	0.424
  9205	0.219201	-0.424	0.424
  9206	0.217095	-0.424	0.424
  9207	0.212826	-0.424	0.424
  9208	0.204691	-0.424	0.424
  9209	0.218384	-0.424	0.424
  9210	0.20769	-0.424	0.424
  9211	0.218213	-0.424	0.424
  9212	0.204874	-0.424	0.424
  9213	0.197634	-0.424	0.424
  9214	0.209884	-0.424	0.424
  9215	0.201645	-0.424	0.424
  9216	0.197981	-0.424	0.424
  9217	0.19904	-0.424	0.424
  9218	0.201482	-0.424	0.424
  9219	0.202803	-0.424	0.424
  9220	0.212877	-0.424	0.424
  9221	0.210928	-0.424	0.424
  9222	0.203237	-0.424	0.424
  9223	0.212318	-0.424	0.424
  9224	0.189147	-0.424	0.424
  9225	0.221739	-0.424	0.424
  9226	0.203106	-0.424	0.424
  9227	0.197582	-0.424	0.424
  9228	0.200731	-0.424	0.424
  9229	0.198073	-0.424	0.424
  9230	0.185852	-0.424	0.424
  9231	0.218205	-0.424	0.424
  9232	0.213286	-0.424	0.424
  9233	0.188577	-0.424	0.424
  9234	0.216756	-0.424	0.424
  9235	0.191625	-0.424	0.424
  9236	0.219386	-0.424	0.424
  9237	0.189869	-0.424	0.424
  9238	0.210448	-0.424	0.424
  9239	0.1797	-0.424	0.424
  9240	0.204981	-0.424	0.424
  9241	0.196154	-0.424	0.424
  9242	0.205989	-0.424	0.424
  9243	0.202821	-0.424	0.424
  9244	0.18315	-0.424	0.424
  9245	0.21686	-0.424	0.424
  9246	0.192505	-0.424	0.424
  9247	0.212448	-0.424	0.424
  9248	0.18948	-0.424	0.424
  9249	0.223262	-0.424	0.424
  9250	0.213966	-0.424	0.424
  9251	0.193435	-0.424	0.424
  9252	0.201536	-0.424	0.424
  9253	0.193162	-0.424	0.424
  9254	0.226299	-0.424	0.424
  9255	0.189812	-0.424	0.424
  9256	0.186961	-0.424	0.424
  9257	0.21385	-0.424	0.424
  9258	0.20216	-0.424	0.424
  9259	0.211946	-0.424	0.424
  9260	0.206528	-0.424	0.424
  9261	0.202572	-0.424	0.424
  9262	0.155703	-0.424	0.424
  9263	0.170863	-0.424	0.424
  9264	0.20905	-0.424	0.424
  9265	0.177635	-0.424	0.424
  9266	0.192972	-0.424	0.424
  9267	0.197307	-0.424	0.424
  9268	0.191416	-0.424	0.424
  9269	0.211218	-0.424	0.424
  9270	0.19216	-0.424	0.424
  9271	0.209279	-0.424	0.424
  9272	0.211865	-0.424	0.424
  9273	0.189531	-0.424	0.424
  9274	0.195984	-0.424	0.424
  9275	0.191886	-0.424	0.424
  9276	0.173215	-0.424	0.424
  9277	0.19273	-0.424	0.424
  9278	0.223198	-0.424	0.424
  9279	0.185986	-0.424	0.424
  9280	0.168265	-0.424	0.424
  9281	0.191294	-0.424	0.424
  9282	0.214793	-0.424	0.424
  9283	0.212731	-0.424	0.424
  9284	0.199047	-0.424	0.424
  9285	0.162429	-0.424	0.424
  9286	0.203717	-0.424	0.424
  9287	0.193346	-0.424	0.424
  9288	0.217706	-0.424	0.424
  9289	0.223612	-0.424	0.424
  9290	0.204807	-0.424	0.424
  9291	0.210873	-0.424	0.424
  9292	0.186843	-0.424	0.424
  9293	0.173098	-0.424	0.424
  9294	0.169289	-0.424	0.424
  9295	0.177199	-0.424	0.424
  9296	0.204192	-0.424	0.424
  9297	0.219866	-0.424	0.424
  9298	0.197574	-0.424	0.424
  9299	0.211343	-0.424	0.424
  9300	0.200564	-0.424	0.424
  9301	0.184233	-0.424	0.424
  9302	0.205183	-0.424	0.424
  9303	0.209227	-0.424	0.424
  9304	0.171348	-0.424	0.424
  9305	0.182466	-0.424	0.424
  9306	0.204927	-0.424	0.424
  9307	0.221986	-0.424	0.424
  9308	0.19696	-0.424	0.424
  9309	0.200143	-0.424	0.424
  9310	0.17141	-0.424	0.424
  9311	0.18052	-0.424	0.424
  9312	0.228268	-0.424	0.424
  9313	0.19162	-0.424	0.424
  9314	0.202159	-0.424	0.424
  9315	0.232441	-0.424	0.424
  9316	0.211268	-0.424	0.424
  9317	0.212753	-0.424	0.424
  9318	0.205494	-0.424	0.424
  9319	0.176897	-0.424	0.424
  9320	0.1752	-0.424	0.424
  9321	0.197151	-0.424	0.424
  9322	0.169157	-0.424	0.424
  9323	0.210812	-0.424	0.424
  9324	0.195232	-0.424	0.424
  9325	0.17648	-0.424	0.424
  9326	0.176265	-0.424	0.424
  9327	0.216908	-0.424	0.424
  9328	0.205186	-0.424	0.424
  9329	0.192304	-0.424	0.424
  9330	0.184786	-0.424	0.424
  9331	0.196114	-0.424	0.424
  9332	0.209411	-0.424	0.424
  9333	0.189447	-0.424	0.424
  9334	0.18624	-0.424	0.424
  9335	0.227661	-0.424	0.424
  9336	0.183114	-0.424	0.424
  9337	0.211043	-0.424	0.424
  9338	0.195222	-0.424	0.424
  9339	0.199119	-0.424	0.424
  9340	0.212135	-0.424	0.424
  9341	0.202266	-0.424	0.424
  9342	0.212114	-0.424	0.424
  9343	0.206864	-0.424	0.424
  9344	0.176001	-0.424	0.424
  9345	0.194163	-0.424	0.424
  9346	0.170332	-0.424	0.424
  9347	0.196752	-0.424	0.424
  9348	0.223513	-0.424	0.424
  9349	0.198425	-0.424	0.424
  9350	0.210668	-0.424	0.424
  9351	0.224812	-0.424	0.424
  9352	0.210968	-0.424	0.424
  9353	0.170108	-0.424	0.424
  9354	0.188337	-0.424	0.424
  9355	0.192307	-0.424	0.424
  9356	0.166726	-0.424	0.424
  9357	0.199508	-0.424	0.424
  9358	0.203872	-0.424	0.424
  9359	0.193824	-0.424	0.424
  9360	0.220739	-0.424	0.424
  9361	0.202589	-0.424	0.424
  9362	0.20679	-0.424	0.424
  9363	0.16729	-0.424	0.424
  9364	0.170774	-0.424	0.424
  9365	0.201382	-0.424	0.424
  9366	0.155753	-0.424	0.424
  9367	0.198497	-0.424	0.424
  9368	0.210811	-0.424	0.424
  9369	0.166123	-0.424	0.424
  9370	0.216309	-0.424	0.424
  9371	0.21585	-0.424	0.424
  9372	0.197833	-0.424	0.424
  9373	0.168247	-0.424	0.424
  9374	0.155581	-0.424	0.424
  9375	0.192229	-0.424	0.424
  9376	0.22317	-0.424	0.424
  9377	0.221073	-0.424	0.424
  9378	0.182191	-0.424	0.424
  9379	0.196538	-0.424	0.424
  9380	0.183979	-0.424	0.424
  9381	0.212948	-0.424	0.424
  9382	0.218814	-0.424	0.424
  9383	0.172617	-0.424	0.424
  9384	0.168424	-0.424	0.424
  9385	0.181349	-0.424	0.424
  9386	0.198145	-0.424	0.424
  9387	0.210146	-0.424	0.424
  9388	0.208859	-0.424	0.424
  9389	0.216144	-0.424	0.424
  9390	0.204423	-0.424	0.424
  9391	0.205473	-0.424	0.424
  9392	0.14464	-0.424	0.424
  9393	0.2086	-0.424	0.424
  9394	0.160863	-0.424	0.424
  9395	0.18888	-0.424	0.424
  9396	0.202222	-0.424	0.424
  9397	0.211937	-0.424	0.424
  9398	0.175352	-0.424	0.424
  9399	0.196181	-0.424	0.424
  9400	0.181471	-0.424	0.424
  9401	0.179177	-0.424	0.424
  9402	0.20463	-0.424	0.424
  9403	0.196403	-0.424	0.424
  9404	0.216958	-0.424	0.424
  9405	0.196126	-0.424	0.424
  9406	0.22445	-0.424	0.424
  9407	0.177726	-0.424	0.424
  9408	0.216895	-0.424	0.424
  9409	0.178395	-0.424	0.424
  9410	0.208303	-0.424	0.424
  9411	0.187194	-0.424	0.424
  9412	0.216889	-0.424	0.424
  9413	0.17615	-0.424	0.424
  9414	0.203371	-0.424	0.424
  9415	0.198409	-0.424	0.424
  9416	0.215074	-0.424	0.424
  9417	0.189911	-0.424	0.424
  9418	0.204727	-0.424	0.424
  9419	0.181952	-0.424	0.424
  9420	0.177052	-0.424	0.424
  9421	0.20826	-0.424	0.424
  9422	0.197476	-0.424	0.424
  9423	0.165853	-0.424	0.424
  9424	0.188562	-0.424	0.424
  9425	0.220319	-0.424	0.424
  9426	0.212873	-0.424	0.424
  9427	0.189162	-0.424	0.424
  9428	0.179651	-0.424	0.424
  9429	0.186028	-0.424	0.424
  9430	0.18195	-0.424	0.424
  9431	0.209018	-0.424	0.424
  9432	0.216484	-0.424	0.424
  9433	0.194705	-0.424	0.424
  9434	0.150522	-0.424	0.424
  9435	0.193591	-0.424	0.424
  9436	0.224938	-0.424	0.424
  9437	0.193908	-0.424	0.424
  9438	0.205334	-0.424	0.424
  9439	0.18752	-0.424	0.424
  9440	0.191494	-0.424	0.424
  9441	0.166752	-0.424	0.424
  9442	0.200014	-0.424	0.424
  9443	0.18558	-0.424	0.424
  9444	0.159783	-0.424	0.424
  9445	0.199101	-0.424	0.424
  9446	0.222077	-0.424	0.424
  9447	0.201357	-0.424	0.424
  9448	0.184755	-0.424	0.424
  9449	0.203986	-0.424	0.424
  9450	0.221782	-0.424	0.424
  9451	0.161085	-0.424	0.424
  9452	0.187623	-0.424	0.424
  9453	0.155125	-0.424	0.424
  9454	0.214092	-0.424	0.424
  9455	0.219896	-0.424	0.424
  9456	0.216781	-0.424	0.424
  9457	0.217587	-0.424	0.424
  9458	0.222331	-0.424	0.424
  9459	0.192926	-0.424	0.424
  9460	0.1904	-0.424	0.424
  9461	0.156601	-0.424	0.424
  9462	0.212403	-0.424	0.424
  9463	0.140333	-0.424	0.424
  9464	0.176001	-0.424	0.424
  9465	0.215517	-0.424	0.424
  9466	0.184916	-0.424	0.424
  9467	0.192235	-0.424	0.424
  9468	0.200118	-0.424	0.424
  9469	0.187505	-0.424	0.424
  9470	0.209166	-0.424	0.424
  9471	0.213329	-0.424	0.424
  9472	0.196212	-0.424	0.424
  9473	0.212906	-0.424	0.424
  9474	0.199451	-0.424	0.424
  9475	0.175802	-0.424	0.424
  9476	0.13914	-0.424	0.424
  9477	0.200888	-0.424	0.424
  9478	0.213023	-0.424	0.424
  9479	0.209708	-0.424	0.424
  9480	0.197691	-0.424	0.424
  9481	0.181521	-0.424	0.424
  9482	0.158076	-0.424	0.424
  9483	0.21414	-0.424	0.424
  9484	0.205723	-0.424	0.424
  9485	0.174248	-0.424	0.424
  9486	0.215896	-0.424	0.424
  9487	0.197641	-0.424	0.424
  9488	0.183328	-0.424	0.424
  9489	0.213508	-0.424	0.424
  9490	0.199937	-0.424	0.424
  9491	0.20523	-0.424	0.424
  9492	0.192717	-0.424	0.424
  9493	0.179338	-0.424	0.424
  9494	0.193652	-0.424	0.424
  9495	0.225807	-0.424	0.424
  9496	0.193601	-0.424	0.424
  9497	0.214639	-0.424	0.424
  9498	0.204518	-0.424	0.424
  9499	0.195957	-0.424	0.424
  9500	0.20903	-0.424	0.424
  9501	0.185926	-0.424	0.424
  9502	0.210775	-0.424	0.424
  9503	0.203161	-0.424	0.424
  9504	0.2209	-0.424	0.424
  9505	0.165962	-0.424	0.424
  9506	0.200955	-0.424	0.424
  9507	0.209332	-0.424	0.424
  9508	0.153775	-0.424	0.424
  9509	0.171989	-0.424	0.424
  9510	0.204655	-0.424	0.424
  9511	0.226	-0.424	0.424
  9512	0.182849	-0.424	0.424
  9513	0.21412	-0.424	0.424
  9514	0.185659	-0.424	0.424
  9515	0.187901	-0.424	0.424
  9516	0.191273	-0.424	0.424
  9517	0.200361	-0.424	0.424
  9518	0.223309	-0.424	0.424
  9519	0.190421	-0.424	0.424
  9520	0.208737	-0.424	0.424
  9521	0.228016	-0.424	0.424
  9522	0.181522	-0.424	0.424
  9523	0.172471	-0.424	0.424
  9524	0.199758	-0.424	0.424
  9525	0.202898	-0.424	0.424
  9526	0.159358	-0.424	0.424
  9527	0.161588	-0.424	0.424
  9528	0.188321	-0.424	0.424
  9529	0.214075	-0.424	0.424
  9530	0.202834	-0.424	0.424
  9531	0.190443	-0.424	0.424
  9532	0.220409	-0.424	0.424
  9533	0.218768	-0.424	0.424
  9534	0.195494	-0.424	0.424
  9535	0.209263	-0.424	0.424
  9536	0.200794	-0.424	0.424
  9537	0.208074	-0.424	0.424
  9538	0.206669	-0.424	0.424
  9539	0.171889	-0.424	0.424
  9540	0.164252	-0.424	0.424
  9541	0.200285	-0.424	0.424
  9542	0.184221	-0.424	0.424
  9543	0.226565	-0.424	0.424
  9544	0.210557	-0.424	0.424
  9545	0.202249	-0.424	0.424
  9546	0.196753	-0.424	0.424
  9547	0.215661	-0.424	0.424
  9548	0.208684	-0.424	0.424
  9549	0.206671	-0.424	0.424
  9550	0.195163	-0.424	0.424
  9551	0.204243	-0.424	0.424
  9552	0.197565	-0.424	0.424
  9553	0.204956	-0.424	0.424
  9554	0.195275	-0.424	0.424
  9555	0.181245	-0.424	0.424
  9556	0.221311	-0.424	0.424
  9557	0.18927	-0.424	0.424
  9558	0.162925	-0.424	0.424
  9559	0.220159	-0.424	0.424
  9560	0.223455	-0.424	0.424
  9561	0.200888	-0.424	0.424
  9562	0.181503	-0.424	0.424
  9563	0.154146	-0.424	0.424
  9564	0.174895	-0.424	0.424
  9565	0.202361	-0.424	0.424
  9566	0.214382	-0.424	0.424
  9567	0.204869	-0.424	0.424
  9568	0.192172	-0.424	0.424
  9569	0.203961	-0.424	0.424
  9570	0.160042	-0.424	0.424
  9571	0.17555	-0.424	0.424
  9572	0.194686	-0.424	0.424
  9573	0.213592	-0.424	0.424
  9574	0.200121	-0.424	0.424
  9575	0.205637	-0.424	0.424
  9576	0.208104	-0.424	0.424
  9577	0.210389	-0.424	0.424
  9578	0.229336	-0.424	0.424
  9579	0.215004	-0.424	0.424
  9580	0.210319	-0.424	0.424
  9581	0.222582	-0.424	0.424
  9582	0.187652	-0.424	0.424
  9583	0.177664	-0.424	0.424
  9584	0.191863	-0.424	0.424
  9585	0.201545	-0.424	0.424
  9586	0.216047	-0.424	0.424
  9587	0.223015	-0.424	0.424
  9588	0.21444	-0.424	0.424
  9589	0.198687	-0.424	0.424
  9590	0.205983	-0.424	0.424
  9591	0.18941	-0.424	0.424
  9592	0.181901	-0.424	0.424
  9593	0.169096	-0.424	0.424
  9594	0.203097	-0.424	0.424
  9595	0.17093	-0.424	0.424
  9596	0.15378	-0.424	0.424
  9597	0.198952	-0.424	0.424
  9598	0.220093	-0.424	0.424
  9599	0.201612	-0.424	0.424
  9600	0.191468	-0.424	0.424
  9601	0.1823	-0.424	0.424
  9602	0.210577	-0.424	0.424
  9603	0.152908	-0.424	0.424
  9604	0.182919	-0.424	0.424
  9605	0.198977	-0.424	0.424
  9606	0.178884	-0.424	0.424
  9607	0.206122	-0.424	0.424
  9608	0.188307	-0.424	0.424
  9609	0.217714	-0.424	0.424
  9610	0.208947	-0.424	0.424
  9611	0.198574	-0.424	0.424
  9612	0.182481	-0.424	0.424
  9613	0.179687	-0.424	0.424
  9614	0.197716	-0.424	0.424
  9615	0.222585	-0.424	0.424
  9616	0.204759	-0.424	0.424
  9617	0.155983	-0.424	0.424
  9618	0.192742	-0.424	0.424
  9619	0.20783	-0.424	0.424
  9620	0.23455	-0.424	0.424
  9621	0.194233	-0.424	0.424
  9622	0.209902	-0.424	0.424
  9623	0.221953	-0.424	0.424
  9624	0.21228	-0.424	0.424
  9625	0.175582	-0.424	0.424
  9626	0.208168	-0.424	0.424
  9627	0.188108	-0.424	0.424
  9628	0.201028	-0.424	0.424
  9629	0.181285	-0.424	0.424
  9630	0.208068	-0.424	0.424
  9631	0.199584	-0.424	0.424
  9632	0.225528	-0.424	0.424
  9633	0.192783	-0.424	0.424
  9634	0.211538	-0.424	0.424
  9635	0.219631	-0.424	0.424
  9636	0.207944	-0.424	0.424
  9637	0.18462	-0.424	0.424
  9638	0.197198	-0.424	0.424
  9639	0.220835	-0.424	0.424
  9640	0.180695	-0.424	0.424
  9641	0.195408	-0.424	0.424
  9642	0.19426	-0.424	0.424
  9643	0.217806	-0.424	0.424
  9644	0.223203	-0.424	0.424
  9645	0.173404	-0.424	0.424
  9646	0.176087	-0.424	0.424
  9647	0.175563	-0.424	0.424
  9648	0.217503	-0.424	0.424
  9649	0.173393	-0.424	0.424
  9650	0.20809	-0.424	0.424
  9651	0.201559	-0.424	0.424
  9652	0.217116	-0.424	0.424
  9653	0.178771	-0.424	0.424
  9654	0.167698	-0.424	0.424
  9655	0.196067	-0.424	0.424
  9656	0.189723	-0.424	0.424
  9657	0.192748	-0.424	0.424
  9658	0.212904	-0.424	0.424
  9659	0.22903	-0.424	0.424
  9660	0.206057	-0.424	0.424
  9661	0.195365	-0.424	0.424
  9662	0.203474	-0.424	0.424
  9663	0.205281	-0.424	0.424
  9664	0.175348	-0.424	0.424
  9665	0.220387	-0.424	0.424
  9666	0.221847	-0.424	0.424
  9667	0.214699	-0.424	0.424
  9668	0.226127	-0.424	0.424
  9669	0.169333	-0.424	0.424
  9670	0.198682	-0.424	0.424
  9671	0.208457	-0.424	0.424
  9672	0.166223	-0.424	0.424
  9673	0.186227	-0.424	0.424
  9674	0.193141	-0.424	0.424
  9675	0.166842	-0.424	0.424
  9676	0.203475	-0.424	0.424
  9677	0.230174	-0.424	0.424
  9678	0.195897	-0.424	0.424
  9679	0.207191	-0.424	0.424
  9680	0.20378	-0.424	0.424
  9681	0.190347	-0.424	0.424
  9682	0.222391	-0.424	0.424
  9683	0.165796	-0.424	0.424
  9684	0.201687	-0.424	0.424
  9685	0.174481	-0.424	0.424
  9686	0.194154	-0.424	0.424
  9687	0.186059	-0.424	0.424
  9688	0.20034	-0.424	0.424
  9689	0.18241	-0.424	0.424
  9690	0.204816	-0.424	0.424
  9691	0.223454	-0.424	0.424
  9692	0.196304	-0.424	0.424
  9693	0.21335	-0.424	0.424
  9694	0.22651	-0.424	0.424
  9695	0.165663	-0.424	0.424
  9696	0.205232	-0.424	0.424
  9697	0.207406	-0.424	0.424
  9698	0.207987	-0.424	0.424
  9699	0.220967	-0.424	0.424
  9700	0.190654	-0.424	0.424
  9701	0.205964	-0.424	0.424
  9702	0.203278	-0.424	0.424
  9703	0.194992	-0.424	0.424
  9704	0.177597	-0.424	0.424
  9705	0.213985	-0.424	0.424
  9706	0.20221	-0.424	0.424
  9707	0.174306	-0.424	0.424
  9708	0.161501	-0.424	0.424
  9709	0.188548	-0.424	0.424
  9710	0.212221	-0.424	0.424
  9711	0.222675	-0.424	0.424
  9712	0.18441	-0.424	0.424
  9713	0.213181	-0.424	0.424
  9714	0.174313	-0.424	0.424
  9715	0.214172	-0.424	0.424
  9716	0.206225	-0.424	0.424
  9717	0.223963	-0.424	0.424
  9718	0.212263	-0.424	0.424
  9719	0.201324	-0.424	0.424
  9720	0.208443	-0.424	0.424
  9721	0.169505	-0.424	0.424
  9722	0.203577	-0.424	0.424
  9723	0.186277	-0.424	0.424
  9724	0.204408	-0.424	0.424
  9725	0.23391	-0.424	0.424
  9726	0.213097	-0.424	0.424
  9727	0.218056	-0.424	0.424
  9728	0.212248	-0.424	0.424
  9729	0.210863	-0.424	0.424
  9730	0.21381	-0.424	0.424
  9731	0.178087	-0.424	0.424
  9732	0.207909	-0.424	0.424
  9733	0.212039	-0.424	0.424
  9734	0.19867	-0.424	0.424
  9735	0.211875	-0.424	0.424
  9736	0.208137	-0.424	0.424
  9737	0.214309	-0.424	0.424
  9738	0.209014	-0.424	0.424
  9739	0.199598	-0.424	0.424
  9740	0.168772	-0.424	0.424
  9741	0.209578	-0.424	0.424
  9742	0.201322	-0.424	0.424
  9743	0.1858	-0.424	0.424
  9744	0.146477	-0.424	0.424
  9745	0.218426	-0.424	0.424
  9746	0.182906	-0.424	0.424
  9747	0.189301	-0.424	0.424
  9748	0.205073	-0.424	0.424
  9749	0.203847	-0.424	0.424
  9750	0.213746	-0.424	0.424
  9751	0.198486	-0.424	0.424
  9752	0.194148	-0.424	0.424
  9753	0.204434	-0.424	0.424
  9754	0.138658	-0.424	0.424
  9755	0.20147	-0.424	0.424
  9756	0.212142	-0.424	0.424
  9757	0.204206	-0.424	0.424
  9758	0.192074	-0.424	0.424
  9759	0.198833	-0.424	0.424
  9760	0.182738	-0.424	0.424
  9761	0.205565	-0.424	0.424
  9762	0.185128	-0.424	0.424
  9763	0.183918	-0.424	0.424
  9764	0.220625	-0.424	0.424
  9765	0.185506	-0.424	0.424
  9766	0.208658	-0.424	0.424
  9767	0.229111	-0.424	0.424
  9768	0.226237	-0.424	0.424
  9769	0.186903	-0.424	0.424
  9770	0.19428	-0.424	0.424
  9771	0.166312	-0.424	0.424
  9772	0.189134	-0.424	0.424
  9773	0.197596	-0.424	0.424
  9774	0.191122	-0.424	0.424
  9775	0.197799	-0.424	0.424
  9776	0.202478	-0.424	0.424
  9777	0.212715	-0.424	0.424
  9778	0.204449	-0.424	0.424
  9779	0.212449	-0.424	0.424
  9780	0.164225	-0.424	0.424
  9781	0.184202	-0.424	0.424
  9782	0.199927	-0.424	0.424
  9783	0.190832	-0.424	0.424
  9784	0.170273	-0.424	0.424
  9785	0.198231	-0.424	0.424
  9786	0.196776	-0.424	0.424
  9787	0.215504	-0.424	0.424
  9788	0.214997	-0.424	0.424
  9789	0.204224	-0.424	0.424
  9790	0.198247	-0.424	0.424
  9791	0.198699	-0.424	0.424
  9792	0.218386	-0.424	0.424
  9793	0.174293	-0.424	0.424
  9794	0.204593	-0.424	0.424
  9795	0.196969	-0.424	0.424
  9796	0.199302	-0.424	0.424
  9797	0.178986	-0.424	0.424
  9798	0.202995	-0.424	0.424
  9799	0.19425	-0.424	0.424
  9800	0.166664	-0.424	0.424
  9801	0.143133	-0.424	0.424
  9802	0.176187	-0.424	0.424
  9803	0.199712	-0.424	0.424
  9804	0.195239	-0.424	0.424
  9805	0.221431	-0.424	0.424
  9806	0.204996	-0.424	0.424
  9807	0.206597	-0.424	0.424
  9808	0.209259	-0.424	0.424
  9809	0.219195	-0.424	0.424
  9810	0.198487	-0.424	0.424
  9811	0.193638	-0.424	0.424
  9812	0.220641	-0.424	0.424
  9813	0.176584	-0.424	0.424
  9814	0.201522	-0.424	0.424
  9815	0.213653	-0.424	0.424
  9816	0.197375	-0.424	0.424
  9817	0.200061	-0.424	0.424
  9818	0.186082	-0.424	0.424
  9819	0.213783	-0.424	0.424
  9820	0.208309	-0.424	0.424
  9821	0.177359	-0.424	0.424
  9822	0.201363	-0.424	0.424
  9823	0.195148	-0.424	0.424
  9824	0.19394	-0.424	0.424
  9825	0.223341	-0.424	0.424
  9826	0.171458	-0.424	0.424
  9827	0.175702	-0.424	0.424
  9828	0.204546	-0.424	0.424
  9829	0.184256	-0.424	0.424
  9830	0.225882	-0.424	0.424
  9831	0.208386	-0.424	0.424
  9832	0.169822	-0.424	0.424
  9833	0.178196	-0.424	0.424
  9834	0.145844	-0.424	0.424
  9835	0.200291	-0.424	0.424
  9836	0.199194	-0.424	0.424
  9837	0.175012	-0.424	0.424
  9838	0.207966	-0.424	0.424
  9839	0.196332	-0.424	0.424
  9840	0.202173	-0.424	0.424
  9841	0.165597	-0.424	0.424
  9842	0.214919	-0.424	0.424
  9843	0.190557	-0.424	0.424
  9844	0.164346	-0.424	0.424
  9845	0.180753	-0.424	0.424
  9846	0.165493	-0.424	0.424
  9847	0.202266	-0.424	0.424
  9848	0.151226	-0.424	0.424
  9849	0.213545	-0.424	0.424
  9850	0.179459	-0.424	0.424
  9851	0.204678	-0.424	0.424
  9852	0.210323	-0.424	0.424
  9853	0.18365	-0.424	0.424
  9854	0.198276	-0.424	0.424
  9855	0.175015	-0.424	0.424
  9856	0.217999	-0.424	0.424
  9857	0.169053	-0.424	0.424
  9858	0.180942	-0.424	0.424
  9859	0.189912	-0.424	0.424
  9860	0.21191	-0.424	0.424
  9861	0.170179	-0.424	0.424
  9862	0.162545	-0.424	0.424
  9863	0.203894	-0.424	0.424
  9864	0.217206	-0.424	0.424
  9865	0.17902	-0.424	0.424
  9866	0.184215	-0.424	0.424
  9867	0.212795	-0.424	0.424
  9868	0.180423	-0.424	0.424
  9869	0.19734	-0.424	0.424
  9870	0.188436	-0.424	0.424
  9871	0.18493	-0.424	0.424
  9872	0.218914	-0.424	0.424
  9873	0.214499	-0.424	0.424
  9874	0.22427	-0.424	0.424
  9875	0.200913	-0.424	0.424
  9876	0.189819	-0.424	0.424
  9877	0.196287	-0.424	0.424
  9878	0.149837	-0.424	0.424
  9879	0.207073	-0.424	0.424
  9880	0.192524	-0.424	0.424
  9881	0.159081	-0.424	0.424
  9882	0.205227	-0.424	0.424
  9883	0.194601	-0.424	0.424
  9884	0.222787	-0.424	0.424
  9885	0.189271	-0.424	0.424
  9886	0.192267	-0.424	0.424
  9887	0.217616	-0.424	0.424
  9888	0.197911	-0.424	0.424
  9889	0.208472	-0.424	0.424
  9890	0.197489	-0.424	0.424
  9891	0.195978	-0.424	0.424
  9892	0.138956	-0.424	0.424
  9893	0.197302	-0.424	0.424
  9894	0.162467	-0.424	0.424
  9895	0.193972	-0.424	0.424
  9896	0.200162	-0.424	0.424
  9897	0.201007	-0.424	0.424
  9898	0.199136	-0.424	0.424
  9899	0.218573	-0.424	0.424
  9900	0.223312	-0.424	0.424
  9901	0.193918	-0.424	0.424
  9902	0.204852	-0.424	0.424
  9903	0.227318	-0.424	0.424
  9904	0.191188	-0.424	0.424
  9905	0.184443	-0.424	0.424
  9906	0.212479	-0.424	0.424
  9907	0.198276	-0.424	0.424
  9908	0.208504	-0.424	0.424
  9909	0.194884	-0.424	0.424
  9910	0.217696	-0.424	0.424
  9911	0.194343	-0.424	0.424
  9912	0.205328	-0.424	0.424
  9913	0.180106	-0.424	0.424
  9914	0.205916	-0.424	0.424
  9915	0.195561	-0.424	0.424
  9916	0.19268	-0.424	0.424
  9917	0.201152	-0.424	0.424
  9918	0.212009	-0.424	0.424
  9919	0.198187	-0.424	0.424
  9920	0.207094	-0.424	0.424
  9921	0.204133	-0.424	0.424
  9922	0.204714	-0.424	0.424
  9923	0.190955	-0.424	0.424
  9924	0.189003	-0.424	0.424
  9925	0.182457	-0.424	0.424
  9926	0.229406	-0.424	0.424
  9927	0.200049	-0.424	0.424
  9928	0.215615	-0.424	0.424
  9929	0.178004	-0.424	0.424
  9930	0.218904	-0.424	0.424
  9931	0.21204	-0.424	0.424
  9932	0.189462	-0.424	0.424
  9933	0.187686	-0.424	0.424
  9934	0.22233	-0.424	0.424
  9935	0.179143	-0.424	0.424
  9936	0.176403	-0.424	0.424
  9937	0.204789	-0.424	0.424
  9938	0.198401	-0.424	0.424
  9939	0.192514	-0.424	0.424
  9940	0.206604	-0.424	0.424
  9941	0.151588	-0.424	0.424
  9942	0.17979	-0.424	0.424
  9943	0.170783	-0.424	0.424
  9944	0.215881	-0.424	0.424
  9945	0.19637	-0.424	0.424
  9946	0.208806	-0.424	0.424
  9947	0.198369	-0.424	0.424
  9948	0.168158	-0.424	0.424
  9949	0.20307	-0.424	0.424
  9950	0.20333	-0.424	0.424
  9951	0.196248	-0.424	0.424
  9952	0.205476	-0.424	0.424
  9953	0.205438	-0.424	0.424
  9954	0.16809	-0.424	0.424
  9955	0.191293	-0.424	0.424
  9956	0.164867	-0.424	0.424
  9957	0.225891	-0.424	0.424
  9958	0.210332	-0.424	0.424
  9959	0.212333	-0.424	0.424
  9960	0.218051	-0.424	0.424
  9961	0.196599	-0.424	0.424
  9962	0.188694	-0.424	0.424
  9963	0.19818	-0.424	0.424
  9964	0.224094	-0.424	0.424
  9965	0.21516	-0.424	0.424
  9966	0.194326	-0.424	0.424
  9967	0.196047	-0.424	0.424
  9968	0.205947	-0.424	0.424
  9969	0.186698	-0.424	0.424
  9970	0.17971	-0.424	0.424
  9971	0.212727	-0.424	0.424
  9972	0.194022	-0.424	0.424
  9973	0.195458	-0.424	0.424
  9974	0.182501	-0.424	0.424
  9975	0.208132	-0.424	0.424
  9976	0.206176	-0.424	0.424
  9977	0.189059	-0.424	0.424
  9978	0.2099	-0.424	0.424
  9979	0.189183	-0.424	0.424
  9980	0.204532	-0.424	0.424
  9981	0.158731	-0.424	0.424
  9982	0.170627	-0.424	0.424
  9983	0.204886	-0.424	0.424
  9984	0.213991	-0.424	0.424
  9985	0.216398	-0.424	0.424
  9986	0.214125	-0.424	0.424
  9987	0.203588	-0.424	0.424
  9988	0.164523	-0.424	0.424
  9989	0.190004	-0.424	0.424
  9990	0.197426	-0.424	0.424
  9991	0.194111	-0.424	0.424
  9992	0.21612	-0.424	0.424
  9993	0.205594	-0.424	0.424
  9994	0.20517	-0.424	0.424
  9995	0.18689	-0.424	0.424
  9996	0.191176	-0.424	0.424
  9997	0.213504	-0.424	0.424
  9998	0.210221	-0.424	0.424
  9999	0.198865	-0.424	0.424
 10000	0.174107	-0.424	0.424

Measurement: SNMMIN
  step	MIN(0.707*V(v1)-0.707*V(v2))	FROM	TO
     1	-0.210947	-0.424	0.424
     2	-0.214029	-0.424	0.424
     3	-0.205722	-0.424	0.424
     4	-0.198374	-0.424	0.424
     5	-0.1981	-0.424	0.424
     6	-0.216244	-0.424	0.424
     7	-0.160043	-0.424	0.424
     8	-0.207937	-0.424	0.424
     9	-0.203175	-0.424	0.424
    10	-0.168851	-0.424	0.424
    11	-0.207314	-0.424	0.424
    12	-0.186371	-0.424	0.424
    13	-0.191503	-0.424	0.424
    14	-0.223194	-0.424	0.424
    15	-0.170579	-0.424	0.424
    16	-0.211297	-0.424	0.424
    17	-0.153513	-0.424	0.424
    18	-0.151799	-0.424	0.424
    19	-0.221734	-0.424	0.424
    20	-0.174907	-0.424	0.424
    21	-0.185533	-0.424	0.424
    22	-0.169171	-0.424	0.424
    23	-0.196588	-0.424	0.424
    24	-0.187371	-0.424	0.424
    25	-0.174436	-0.424	0.424
    26	-0.214378	-0.424	0.424
    27	-0.197474	-0.424	0.424
    28	-0.182671	-0.424	0.424
    29	-0.15396	-0.424	0.424
    30	-0.165942	-0.424	0.424
    31	-0.212548	-0.424	0.424
    32	-0.216671	-0.424	0.424
    33	-0.170616	-0.424	0.424
    34	-0.173819	-0.424	0.424
    35	-0.207541	-0.424	0.424
    36	-0.209592	-0.424	0.424
    37	-0.221063	-0.424	0.424
    38	-0.205373	-0.424	0.424
    39	-0.194153	-0.424	0.424
    40	-0.207122	-0.424	0.424
    41	-0.173469	-0.424	0.424
    42	-0.170951	-0.424	0.424
    43	-0.176085	-0.424	0.424
    44	-0.207346	-0.424	0.424
    45	-0.200809	-0.424	0.424
    46	-0.20061	-0.424	0.424
    47	-0.214179	-0.424	0.424
    48	-0.210786	-0.424	0.424
    49	-0.220315	-0.424	0.424
    50	-0.219355	-0.424	0.424
    51	-0.212167	-0.424	0.424
    52	-0.188834	-0.424	0.424
    53	-0.154125	-0.424	0.424
    54	-0.201203	-0.424	0.424
    55	-0.189865	-0.424	0.424
    56	-0.199055	-0.424	0.424
    57	-0.184696	-0.424	0.424
    58	-0.194879	-0.424	0.424
    59	-0.138516	-0.424	0.424
    60	-0.200954	-0.424	0.424
    61	-0.173668	-0.424	0.424
    62	-0.205971	-0.424	0.424
    63	-0.20818	-0.424	0.424
    64	-0.203216	-0.424	0.424
    65	-0.196444	-0.424	0.424
    66	-0.149537	-0.424	0.424
    67	-0.146891	-0.424	0.424
    68	-0.154513	-0.424	0.424
    69	-0.191025	-0.424	0.424
    70	-0.221095	-0.424	0.424
    71	-0.199862	-0.424	0.424
    72	-0.208833	-0.424	0.424
    73	-0.204846	-0.424	0.424
    74	-0.210247	-0.424	0.424
    75	-0.209834	-0.424	0.424
    76	-0.221344	-0.424	0.424
    77	-0.231128	-0.424	0.424
    78	-0.209024	-0.424	0.424
    79	-0.20056	-0.424	0.424
    80	-0.167039	-0.424	0.424
    81	-0.192147	-0.424	0.424
    82	-0.201975	-0.424	0.424
    83	-0.217108	-0.424	0.424
    84	-0.188877	-0.424	0.424
    85	-0.137003	-0.424	0.424
    86	-0.192718	-0.424	0.424
    87	-0.179676	-0.424	0.424
    88	-0.169085	-0.424	0.424
    89	-0.173658	-0.424	0.424
    90	-0.205758	-0.424	0.424
    91	-0.219691	-0.424	0.424
    92	-0.19379	-0.424	0.424
    93	-0.202828	-0.424	0.424
    94	-0.227743	-0.424	0.424
    95	-0.211294	-0.424	0.424
    96	-0.204587	-0.424	0.424
    97	-0.199997	-0.424	0.424
    98	-0.221937	-0.424	0.424
    99	-0.205497	-0.424	0.424
   100	-0.206409	-0.424	0.424
   101	-0.199045	-0.424	0.424
   102	-0.209089	-0.424	0.424
   103	-0.214686	-0.424	0.424
   104	-0.200744	-0.424	0.424
   105	-0.146253	-0.424	0.424
   106	-0.197444	-0.424	0.424
   107	-0.194719	-0.424	0.424
   108	-0.199496	-0.424	0.424
   109	-0.193411	-0.424	0.424
   110	-0.221427	-0.424	0.424
   111	-0.219353	-0.424	0.424
   112	-0.201498	-0.424	0.424
   113	-0.21904	-0.424	0.424
   114	-0.193372	-0.424	0.424
   115	-0.207746	-0.424	0.424
   116	-0.190454	-0.424	0.424
   117	-0.221133	-0.424	0.424
   118	-0.184917	-0.424	0.424
   119	-0.209298	-0.424	0.424
   120	-0.204843	-0.424	0.424
   121	-0.186869	-0.424	0.424
   122	-0.218619	-0.424	0.424
   123	-0.205421	-0.424	0.424
   124	-0.204672	-0.424	0.424
   125	-0.204691	-0.424	0.424
   126	-0.189487	-0.424	0.424
   127	-0.178016	-0.424	0.424
   128	-0.191366	-0.424	0.424
   129	-0.20533	-0.424	0.424
   130	-0.169962	-0.424	0.424
   131	-0.18669	-0.424	0.424
   132	-0.202867	-0.424	0.424
   133	-0.201232	-0.424	0.424
   134	-0.218226	-0.424	0.424
   135	-0.184225	-0.424	0.424
   136	-0.215524	-0.424	0.424
   137	-0.165524	-0.424	0.424
   138	-0.177473	-0.424	0.424
   139	-0.215268	-0.424	0.424
   140	-0.165116	-0.424	0.424
   141	-0.186134	-0.424	0.424
   142	-0.212384	-0.424	0.424
   143	-0.212651	-0.424	0.424
   144	-0.216491	-0.424	0.424
   145	-0.220951	-0.424	0.424
   146	-0.189235	-0.424	0.424
   147	-0.171724	-0.424	0.424
   148	-0.168896	-0.424	0.424
   149	-0.229881	-0.424	0.424
   150	-0.195224	-0.424	0.424
   151	-0.205061	-0.424	0.424
   152	-0.213831	-0.424	0.424
   153	-0.205602	-0.424	0.424
   154	-0.181856	-0.424	0.424
   155	-0.176711	-0.424	0.424
   156	-0.213736	-0.424	0.424
   157	-0.199287	-0.424	0.424
   158	-0.199944	-0.424	0.424
   159	-0.193193	-0.424	0.424
   160	-0.208857	-0.424	0.424
   161	-0.170703	-0.424	0.424
   162	-0.198852	-0.424	0.424
   163	-0.200779	-0.424	0.424
   164	-0.208864	-0.424	0.424
   165	-0.159967	-0.424	0.424
   166	-0.207883	-0.424	0.424
   167	-0.21534	-0.424	0.424
   168	-0.206786	-0.424	0.424
   169	-0.21245	-0.424	0.424
   170	-0.216753	-0.424	0.424
   171	-0.202002	-0.424	0.424
   172	-0.193467	-0.424	0.424
   173	-0.18672	-0.424	0.424
   174	-0.211016	-0.424	0.424
   175	-0.163641	-0.424	0.424
   176	-0.178049	-0.424	0.424
   177	-0.183495	-0.424	0.424
   178	-0.205169	-0.424	0.424
   179	-0.18349	-0.424	0.424
   180	-0.195484	-0.424	0.424
   181	-0.181261	-0.424	0.424
   182	-0.200481	-0.424	0.424
   183	-0.206795	-0.424	0.424
   184	-0.224	-0.424	0.424
   185	-0.166997	-0.424	0.424
   186	-0.19224	-0.424	0.424
   187	-0.170769	-0.424	0.424
   188	-0.197276	-0.424	0.424
   189	-0.221826	-0.424	0.424
   190	-0.177921	-0.424	0.424
   191	-0.229895	-0.424	0.424
   192	-0.207517	-0.424	0.424
   193	-0.187154	-0.424	0.424
   194	-0.193098	-0.424	0.424
   195	-0.195846	-0.424	0.424
   196	-0.179685	-0.424	0.424
   197	-0.220751	-0.424	0.424
   198	-0.199897	-0.424	0.424
   199	-0.18395	-0.424	0.424
   200	-0.186286	-0.424	0.424
   201	-0.198679	-0.424	0.424
   202	-0.174215	-0.424	0.424
   203	-0.214265	-0.424	0.424
   204	-0.196869	-0.424	0.424
   205	-0.216086	-0.424	0.424
   206	-0.208772	-0.424	0.424
   207	-0.196474	-0.424	0.424
   208	-0.165936	-0.424	0.424
   209	-0.180517	-0.424	0.424
   210	-0.185179	-0.424	0.424
   211	-0.200658	-0.424	0.424
   212	-0.176212	-0.424	0.424
   213	-0.18253	-0.424	0.424
   214	-0.190677	-0.424	0.424
   215	-0.226637	-0.424	0.424
   216	-0.186148	-0.424	0.424
   217	-0.199334	-0.424	0.424
   218	-0.205706	-0.424	0.424
   219	-0.17455	-0.424	0.424
   220	-0.195591	-0.424	0.424
   221	-0.214675	-0.424	0.424
   222	-0.213495	-0.424	0.424
   223	-0.22891	-0.424	0.424
   224	-0.214836	-0.424	0.424
   225	-0.21042	-0.424	0.424
   226	-0.16902	-0.424	0.424
   227	-0.189181	-0.424	0.424
   228	-0.199464	-0.424	0.424
   229	-0.169585	-0.424	0.424
   230	-0.187686	-0.424	0.424
   231	-0.210087	-0.424	0.424
   232	-0.218487	-0.424	0.424
   233	-0.199468	-0.424	0.424
   234	-0.204964	-0.424	0.424
   235	-0.196464	-0.424	0.424
   236	-0.178806	-0.424	0.424
   237	-0.213253	-0.424	0.424
   238	-0.150181	-0.424	0.424
   239	-0.205267	-0.424	0.424
   240	-0.187006	-0.424	0.424
   241	-0.200836	-0.424	0.424
   242	-0.173993	-0.424	0.424
   243	-0.211777	-0.424	0.424
   244	-0.165859	-0.424	0.424
   245	-0.191685	-0.424	0.424
   246	-0.176925	-0.424	0.424
   247	-0.185824	-0.424	0.424
   248	-0.219503	-0.424	0.424
   249	-0.209924	-0.424	0.424
   250	-0.212495	-0.424	0.424
   251	-0.20209	-0.424	0.424
   252	-0.171135	-0.424	0.424
   253	-0.163122	-0.424	0.424
   254	-0.168768	-0.424	0.424
   255	-0.227535	-0.424	0.424
   256	-0.16632	-0.424	0.424
   257	-0.208969	-0.424	0.424
   258	-0.181861	-0.424	0.424
   259	-0.201561	-0.424	0.424
   260	-0.170255	-0.424	0.424
   261	-0.193889	-0.424	0.424
   262	-0.199361	-0.424	0.424
   263	-0.22184	-0.424	0.424
   264	-0.207494	-0.424	0.424
   265	-0.189589	-0.424	0.424
   266	-0.197953	-0.424	0.424
   267	-0.208321	-0.424	0.424
   268	-0.188277	-0.424	0.424
   269	-0.202861	-0.424	0.424
   270	-0.195453	-0.424	0.424
   271	-0.18205	-0.424	0.424
   272	-0.192404	-0.424	0.424
   273	-0.196132	-0.424	0.424
   274	-0.215288	-0.424	0.424
   275	-0.221621	-0.424	0.424
   276	-0.222479	-0.424	0.424
   277	-0.221146	-0.424	0.424
   278	-0.200487	-0.424	0.424
   279	-0.209068	-0.424	0.424
   280	-0.211286	-0.424	0.424
   281	-0.201026	-0.424	0.424
   282	-0.214184	-0.424	0.424
   283	-0.160594	-0.424	0.424
   284	-0.227009	-0.424	0.424
   285	-0.188397	-0.424	0.424
   286	-0.204071	-0.424	0.424
   287	-0.204976	-0.424	0.424
   288	-0.188439	-0.424	0.424
   289	-0.214897	-0.424	0.424
   290	-0.204283	-0.424	0.424
   291	-0.170879	-0.424	0.424
   292	-0.217563	-0.424	0.424
   293	-0.217048	-0.424	0.424
   294	-0.207987	-0.424	0.424
   295	-0.163212	-0.424	0.424
   296	-0.21584	-0.424	0.424
   297	-0.196184	-0.424	0.424
   298	-0.199719	-0.424	0.424
   299	-0.19767	-0.424	0.424
   300	-0.189844	-0.424	0.424
   301	-0.21532	-0.424	0.424
   302	-0.195222	-0.424	0.424
   303	-0.200941	-0.424	0.424
   304	-0.196639	-0.424	0.424
   305	-0.190059	-0.424	0.424
   306	-0.223031	-0.424	0.424
   307	-0.224733	-0.424	0.424
   308	-0.204008	-0.424	0.424
   309	-0.196627	-0.424	0.424
   310	-0.193656	-0.424	0.424
   311	-0.185403	-0.424	0.424
   312	-0.186108	-0.424	0.424
   313	-0.202735	-0.424	0.424
   314	-0.202139	-0.424	0.424
   315	-0.185383	-0.424	0.424
   316	-0.217618	-0.424	0.424
   317	-0.192446	-0.424	0.424
   318	-0.193997	-0.424	0.424
   319	-0.221797	-0.424	0.424
   320	-0.191258	-0.424	0.424
   321	-0.199976	-0.424	0.424
   322	-0.204891	-0.424	0.424
   323	-0.197946	-0.424	0.424
   324	-0.192098	-0.424	0.424
   325	-0.174293	-0.424	0.424
   326	-0.18605	-0.424	0.424
   327	-0.194887	-0.424	0.424
   328	-0.1886	-0.424	0.424
   329	-0.201308	-0.424	0.424
   330	-0.207042	-0.424	0.424
   331	-0.161114	-0.424	0.424
   332	-0.20177	-0.424	0.424
   333	-0.191541	-0.424	0.424
   334	-0.219385	-0.424	0.424
   335	-0.179633	-0.424	0.424
   336	-0.193727	-0.424	0.424
   337	-0.204523	-0.424	0.424
   338	-0.193458	-0.424	0.424
   339	-0.213981	-0.424	0.424
   340	-0.195817	-0.424	0.424
   341	-0.185425	-0.424	0.424
   342	-0.184856	-0.424	0.424
   343	-0.203388	-0.424	0.424
   344	-0.149411	-0.424	0.424
   345	-0.215421	-0.424	0.424
   346	-0.179692	-0.424	0.424
   347	-0.179558	-0.424	0.424
   348	-0.156972	-0.424	0.424
   349	-0.220966	-0.424	0.424
   350	-0.189766	-0.424	0.424
   351	-0.174674	-0.424	0.424
   352	-0.203894	-0.424	0.424
   353	-0.197231	-0.424	0.424
   354	-0.175687	-0.424	0.424
   355	-0.200448	-0.424	0.424
   356	-0.204059	-0.424	0.424
   357	-0.166961	-0.424	0.424
   358	-0.192204	-0.424	0.424
   359	-0.225161	-0.424	0.424
   360	-0.20856	-0.424	0.424
   361	-0.212933	-0.424	0.424
   362	-0.164216	-0.424	0.424
   363	-0.1834	-0.424	0.424
   364	-0.195379	-0.424	0.424
   365	-0.219775	-0.424	0.424
   366	-0.213143	-0.424	0.424
   367	-0.172761	-0.424	0.424
   368	-0.169901	-0.424	0.424
   369	-0.189136	-0.424	0.424
   370	-0.210091	-0.424	0.424
   371	-0.206765	-0.424	0.424
   372	-0.195971	-0.424	0.424
   373	-0.218984	-0.424	0.424
   374	-0.17042	-0.424	0.424
   375	-0.208873	-0.424	0.424
   376	-0.197557	-0.424	0.424
   377	-0.194129	-0.424	0.424
   378	-0.175684	-0.424	0.424
   379	-0.172637	-0.424	0.424
   380	-0.198801	-0.424	0.424
   381	-0.21093	-0.424	0.424
   382	-0.202955	-0.424	0.424
   383	-0.196324	-0.424	0.424
   384	-0.199435	-0.424	0.424
   385	-0.203875	-0.424	0.424
   386	-0.204223	-0.424	0.424
   387	-0.173248	-0.424	0.424
   388	-0.195458	-0.424	0.424
   389	-0.183036	-0.424	0.424
   390	-0.221831	-0.424	0.424
   391	-0.220299	-0.424	0.424
   392	-0.196441	-0.424	0.424
   393	-0.221232	-0.424	0.424
   394	-0.175339	-0.424	0.424
   395	-0.189239	-0.424	0.424
   396	-0.189839	-0.424	0.424
   397	-0.2206	-0.424	0.424
   398	-0.201648	-0.424	0.424
   399	-0.226306	-0.424	0.424
   400	-0.126912	-0.424	0.424
   401	-0.19675	-0.424	0.424
   402	-0.199806	-0.424	0.424
   403	-0.205678	-0.424	0.424
   404	-0.19687	-0.424	0.424
   405	-0.210143	-0.424	0.424
   406	-0.188452	-0.424	0.424
   407	-0.205965	-0.424	0.424
   408	-0.191025	-0.424	0.424
   409	-0.18822	-0.424	0.424
   410	-0.214091	-0.424	0.424
   411	-0.210242	-0.424	0.424
   412	-0.200059	-0.424	0.424
   413	-0.218843	-0.424	0.424
   414	-0.191701	-0.424	0.424
   415	-0.214165	-0.424	0.424
   416	-0.211344	-0.424	0.424
   417	-0.227488	-0.424	0.424
   418	-0.197585	-0.424	0.424
   419	-0.15516	-0.424	0.424
   420	-0.194646	-0.424	0.424
   421	-0.21755	-0.424	0.424
   422	-0.226155	-0.424	0.424
   423	-0.175669	-0.424	0.424
   424	-0.20583	-0.424	0.424
   425	-0.197926	-0.424	0.424
   426	-0.180293	-0.424	0.424
   427	-0.152622	-0.424	0.424
   428	-0.197805	-0.424	0.424
   429	-0.206472	-0.424	0.424
   430	-0.206181	-0.424	0.424
   431	-0.16581	-0.424	0.424
   432	-0.169809	-0.424	0.424
   433	-0.216953	-0.424	0.424
   434	-0.200111	-0.424	0.424
   435	-0.186881	-0.424	0.424
   436	-0.184199	-0.424	0.424
   437	-0.20591	-0.424	0.424
   438	-0.21164	-0.424	0.424
   439	-0.193998	-0.424	0.424
   440	-0.181057	-0.424	0.424
   441	-0.219746	-0.424	0.424
   442	-0.200606	-0.424	0.424
   443	-0.198241	-0.424	0.424
   444	-0.204031	-0.424	0.424
   445	-0.205257	-0.424	0.424
   446	-0.203617	-0.424	0.424
   447	-0.223207	-0.424	0.424
   448	-0.216752	-0.424	0.424
   449	-0.179813	-0.424	0.424
   450	-0.179304	-0.424	0.424
   451	-0.215222	-0.424	0.424
   452	-0.190688	-0.424	0.424
   453	-0.181776	-0.424	0.424
   454	-0.186338	-0.424	0.424
   455	-0.205935	-0.424	0.424
   456	-0.185977	-0.424	0.424
   457	-0.174793	-0.424	0.424
   458	-0.197092	-0.424	0.424
   459	-0.217704	-0.424	0.424
   460	-0.179796	-0.424	0.424
   461	-0.182236	-0.424	0.424
   462	-0.217022	-0.424	0.424
   463	-0.221035	-0.424	0.424
   464	-0.22122	-0.424	0.424
   465	-0.206414	-0.424	0.424
   466	-0.21976	-0.424	0.424
   467	-0.205393	-0.424	0.424
   468	-0.198468	-0.424	0.424
   469	-0.209111	-0.424	0.424
   470	-0.204545	-0.424	0.424
   471	-0.19607	-0.424	0.424
   472	-0.227155	-0.424	0.424
   473	-0.187785	-0.424	0.424
   474	-0.221879	-0.424	0.424
   475	-0.209582	-0.424	0.424
   476	-0.181183	-0.424	0.424
   477	-0.208813	-0.424	0.424
   478	-0.197189	-0.424	0.424
   479	-0.212701	-0.424	0.424
   480	-0.186347	-0.424	0.424
   481	-0.187477	-0.424	0.424
   482	-0.208912	-0.424	0.424
   483	-0.146721	-0.424	0.424
   484	-0.223553	-0.424	0.424
   485	-0.197257	-0.424	0.424
   486	-0.20811	-0.424	0.424
   487	-0.189957	-0.424	0.424
   488	-0.182337	-0.424	0.424
   489	-0.181365	-0.424	0.424
   490	-0.196091	-0.424	0.424
   491	-0.21189	-0.424	0.424
   492	-0.21119	-0.424	0.424
   493	-0.168432	-0.424	0.424
   494	-0.194078	-0.424	0.424
   495	-0.194576	-0.424	0.424
   496	-0.228997	-0.424	0.424
   497	-0.217447	-0.424	0.424
   498	-0.195947	-0.424	0.424
   499	-0.197256	-0.424	0.424
   500	-0.21174	-0.424	0.424
   501	-0.20398	-0.424	0.424
   502	-0.185652	-0.424	0.424
   503	-0.20837	-0.424	0.424
   504	-0.229959	-0.424	0.424
   505	-0.19227	-0.424	0.424
   506	-0.198258	-0.424	0.424
   507	-0.179639	-0.424	0.424
   508	-0.183293	-0.424	0.424
   509	-0.214613	-0.424	0.424
   510	-0.185387	-0.424	0.424
   511	-0.154724	-0.424	0.424
   512	-0.198426	-0.424	0.424
   513	-0.17837	-0.424	0.424
   514	-0.210036	-0.424	0.424
   515	-0.193933	-0.424	0.424
   516	-0.196888	-0.424	0.424
   517	-0.21231	-0.424	0.424
   518	-0.19174	-0.424	0.424
   519	-0.163689	-0.424	0.424
   520	-0.191224	-0.424	0.424
   521	-0.216499	-0.424	0.424
   522	-0.146245	-0.424	0.424
   523	-0.200426	-0.424	0.424
   524	-0.179126	-0.424	0.424
   525	-0.158019	-0.424	0.424
   526	-0.175664	-0.424	0.424
   527	-0.19118	-0.424	0.424
   528	-0.202093	-0.424	0.424
   529	-0.200695	-0.424	0.424
   530	-0.189359	-0.424	0.424
   531	-0.184202	-0.424	0.424
   532	-0.204792	-0.424	0.424
   533	-0.21353	-0.424	0.424
   534	-0.206322	-0.424	0.424
   535	-0.220769	-0.424	0.424
   536	-0.199294	-0.424	0.424
   537	-0.201411	-0.424	0.424
   538	-0.18894	-0.424	0.424
   539	-0.173092	-0.424	0.424
   540	-0.190132	-0.424	0.424
   541	-0.170981	-0.424	0.424
   542	-0.208479	-0.424	0.424
   543	-0.171004	-0.424	0.424
   544	-0.18081	-0.424	0.424
   545	-0.202374	-0.424	0.424
   546	-0.18077	-0.424	0.424
   547	-0.207338	-0.424	0.424
   548	-0.1474	-0.424	0.424
   549	-0.206951	-0.424	0.424
   550	-0.223958	-0.424	0.424
   551	-0.213288	-0.424	0.424
   552	-0.189853	-0.424	0.424
   553	-0.20873	-0.424	0.424
   554	-0.199796	-0.424	0.424
   555	-0.169346	-0.424	0.424
   556	-0.16912	-0.424	0.424
   557	-0.225752	-0.424	0.424
   558	-0.198419	-0.424	0.424
   559	-0.1908	-0.424	0.424
   560	-0.214568	-0.424	0.424
   561	-0.201383	-0.424	0.424
   562	-0.206951	-0.424	0.424
   563	-0.165391	-0.424	0.424
   564	-0.217652	-0.424	0.424
   565	-0.21225	-0.424	0.424
   566	-0.185084	-0.424	0.424
   567	-0.2257	-0.424	0.424
   568	-0.191195	-0.424	0.424
   569	-0.224516	-0.424	0.424
   570	-0.203864	-0.424	0.424
   571	-0.211889	-0.424	0.424
   572	-0.201116	-0.424	0.424
   573	-0.169954	-0.424	0.424
   574	-0.210347	-0.424	0.424
   575	-0.194431	-0.424	0.424
   576	-0.160766	-0.424	0.424
   577	-0.192198	-0.424	0.424
   578	-0.187622	-0.424	0.424
   579	-0.230212	-0.424	0.424
   580	-0.19364	-0.424	0.424
   581	-0.224604	-0.424	0.424
   582	-0.211564	-0.424	0.424
   583	-0.151522	-0.424	0.424
   584	-0.20261	-0.424	0.424
   585	-0.190783	-0.424	0.424
   586	-0.190087	-0.424	0.424
   587	-0.211606	-0.424	0.424
   588	-0.180538	-0.424	0.424
   589	-0.179937	-0.424	0.424
   590	-0.214556	-0.424	0.424
   591	-0.172035	-0.424	0.424
   592	-0.215594	-0.424	0.424
   593	-0.151976	-0.424	0.424
   594	-0.225069	-0.424	0.424
   595	-0.219965	-0.424	0.424
   596	-0.219124	-0.424	0.424
   597	-0.15046	-0.424	0.424
   598	-0.216439	-0.424	0.424
   599	-0.188692	-0.424	0.424
   600	-0.227082	-0.424	0.424
   601	-0.223453	-0.424	0.424
   602	-0.187567	-0.424	0.424
   603	-0.227535	-0.424	0.424
   604	-0.179578	-0.424	0.424
   605	-0.215294	-0.424	0.424
   606	-0.204469	-0.424	0.424
   607	-0.198766	-0.424	0.424
   608	-0.208941	-0.424	0.424
   609	-0.1631	-0.424	0.424
   610	-0.197285	-0.424	0.424
   611	-0.210192	-0.424	0.424
   612	-0.137993	-0.424	0.424
   613	-0.204138	-0.424	0.424
   614	-0.201076	-0.424	0.424
   615	-0.193204	-0.424	0.424
   616	-0.192187	-0.424	0.424
   617	-0.203202	-0.424	0.424
   618	-0.202067	-0.424	0.424
   619	-0.152282	-0.424	0.424
   620	-0.207358	-0.424	0.424
   621	-0.20707	-0.424	0.424
   622	-0.184752	-0.424	0.424
   623	-0.170006	-0.424	0.424
   624	-0.189351	-0.424	0.424
   625	-0.213944	-0.424	0.424
   626	-0.215611	-0.424	0.424
   627	-0.186378	-0.424	0.424
   628	-0.198056	-0.424	0.424
   629	-0.156274	-0.424	0.424
   630	-0.153465	-0.424	0.424
   631	-0.17771	-0.424	0.424
   632	-0.193007	-0.424	0.424
   633	-0.211717	-0.424	0.424
   634	-0.210219	-0.424	0.424
   635	-0.137603	-0.424	0.424
   636	-0.204389	-0.424	0.424
   637	-0.18563	-0.424	0.424
   638	-0.21876	-0.424	0.424
   639	-0.220195	-0.424	0.424
   640	-0.201706	-0.424	0.424
   641	-0.190901	-0.424	0.424
   642	-0.173972	-0.424	0.424
   643	-0.195764	-0.424	0.424
   644	-0.1926	-0.424	0.424
   645	-0.224418	-0.424	0.424
   646	-0.170551	-0.424	0.424
   647	-0.199785	-0.424	0.424
   648	-0.192289	-0.424	0.424
   649	-0.165456	-0.424	0.424
   650	-0.198377	-0.424	0.424
   651	-0.212431	-0.424	0.424
   652	-0.17529	-0.424	0.424
   653	-0.216326	-0.424	0.424
   654	-0.20247	-0.424	0.424
   655	-0.163933	-0.424	0.424
   656	-0.195354	-0.424	0.424
   657	-0.206542	-0.424	0.424
   658	-0.189257	-0.424	0.424
   659	-0.210174	-0.424	0.424
   660	-0.216105	-0.424	0.424
   661	-0.204319	-0.424	0.424
   662	-0.210256	-0.424	0.424
   663	-0.181162	-0.424	0.424
   664	-0.212575	-0.424	0.424
   665	-0.213835	-0.424	0.424
   666	-0.158846	-0.424	0.424
   667	-0.18083	-0.424	0.424
   668	-0.207169	-0.424	0.424
   669	-0.179251	-0.424	0.424
   670	-0.189552	-0.424	0.424
   671	-0.193801	-0.424	0.424
   672	-0.210475	-0.424	0.424
   673	-0.201518	-0.424	0.424
   674	-0.18032	-0.424	0.424
   675	-0.178561	-0.424	0.424
   676	-0.216561	-0.424	0.424
   677	-0.179462	-0.424	0.424
   678	-0.196111	-0.424	0.424
   679	-0.190005	-0.424	0.424
   680	-0.188408	-0.424	0.424
   681	-0.202448	-0.424	0.424
   682	-0.218713	-0.424	0.424
   683	-0.210186	-0.424	0.424
   684	-0.214483	-0.424	0.424
   685	-0.190604	-0.424	0.424
   686	-0.176041	-0.424	0.424
   687	-0.1697	-0.424	0.424
   688	-0.178129	-0.424	0.424
   689	-0.186663	-0.424	0.424
   690	-0.190929	-0.424	0.424
   691	-0.210833	-0.424	0.424
   692	-0.199058	-0.424	0.424
   693	-0.207711	-0.424	0.424
   694	-0.204561	-0.424	0.424
   695	-0.177526	-0.424	0.424
   696	-0.162702	-0.424	0.424
   697	-0.203599	-0.424	0.424
   698	-0.154648	-0.424	0.424
   699	-0.173147	-0.424	0.424
   700	-0.193072	-0.424	0.424
   701	-0.22183	-0.424	0.424
   702	-0.214124	-0.424	0.424
   703	-0.165811	-0.424	0.424
   704	-0.201642	-0.424	0.424
   705	-0.212839	-0.424	0.424
   706	-0.153362	-0.424	0.424
   707	-0.220253	-0.424	0.424
   708	-0.171009	-0.424	0.424
   709	-0.214178	-0.424	0.424
   710	-0.222608	-0.424	0.424
   711	-0.19538	-0.424	0.424
   712	-0.189185	-0.424	0.424
   713	-0.219264	-0.424	0.424
   714	-0.197105	-0.424	0.424
   715	-0.174509	-0.424	0.424
   716	-0.168846	-0.424	0.424
   717	-0.210778	-0.424	0.424
   718	-0.204179	-0.424	0.424
   719	-0.208276	-0.424	0.424
   720	-0.188361	-0.424	0.424
   721	-0.147971	-0.424	0.424
   722	-0.175068	-0.424	0.424
   723	-0.171739	-0.424	0.424
   724	-0.174133	-0.424	0.424
   725	-0.192215	-0.424	0.424
   726	-0.200139	-0.424	0.424
   727	-0.195308	-0.424	0.424
   728	-0.197751	-0.424	0.424
   729	-0.205921	-0.424	0.424
   730	-0.220276	-0.424	0.424
   731	-0.220548	-0.424	0.424
   732	-0.210209	-0.424	0.424
   733	-0.202183	-0.424	0.424
   734	-0.201887	-0.424	0.424
   735	-0.215067	-0.424	0.424
   736	-0.194288	-0.424	0.424
   737	-0.199909	-0.424	0.424
   738	-0.220326	-0.424	0.424
   739	-0.233195	-0.424	0.424
   740	-0.190792	-0.424	0.424
   741	-0.219508	-0.424	0.424
   742	-0.163787	-0.424	0.424
   743	-0.199083	-0.424	0.424
   744	-0.194667	-0.424	0.424
   745	-0.219841	-0.424	0.424
   746	-0.192946	-0.424	0.424
   747	-0.218241	-0.424	0.424
   748	-0.154486	-0.424	0.424
   749	-0.215698	-0.424	0.424
   750	-0.213359	-0.424	0.424
   751	-0.208096	-0.424	0.424
   752	-0.180052	-0.424	0.424
   753	-0.178764	-0.424	0.424
   754	-0.163319	-0.424	0.424
   755	-0.208821	-0.424	0.424
   756	-0.212811	-0.424	0.424
   757	-0.21634	-0.424	0.424
   758	-0.210463	-0.424	0.424
   759	-0.198151	-0.424	0.424
   760	-0.173905	-0.424	0.424
   761	-0.174199	-0.424	0.424
   762	-0.211954	-0.424	0.424
   763	-0.162557	-0.424	0.424
   764	-0.208046	-0.424	0.424
   765	-0.226971	-0.424	0.424
   766	-0.191953	-0.424	0.424
   767	-0.227438	-0.424	0.424
   768	-0.226829	-0.424	0.424
   769	-0.163948	-0.424	0.424
   770	-0.212111	-0.424	0.424
   771	-0.194808	-0.424	0.424
   772	-0.204385	-0.424	0.424
   773	-0.212937	-0.424	0.424
   774	-0.189277	-0.424	0.424
   775	-0.166803	-0.424	0.424
   776	-0.155283	-0.424	0.424
   777	-0.220276	-0.424	0.424
   778	-0.197412	-0.424	0.424
   779	-0.18289	-0.424	0.424
   780	-0.20086	-0.424	0.424
   781	-0.216437	-0.424	0.424
   782	-0.191552	-0.424	0.424
   783	-0.199381	-0.424	0.424
   784	-0.202739	-0.424	0.424
   785	-0.214646	-0.424	0.424
   786	-0.200421	-0.424	0.424
   787	-0.219237	-0.424	0.424
   788	-0.185032	-0.424	0.424
   789	-0.172776	-0.424	0.424
   790	-0.170824	-0.424	0.424
   791	-0.212134	-0.424	0.424
   792	-0.194788	-0.424	0.424
   793	-0.185928	-0.424	0.424
   794	-0.211652	-0.424	0.424
   795	-0.191656	-0.424	0.424
   796	-0.210375	-0.424	0.424
   797	-0.200818	-0.424	0.424
   798	-0.190617	-0.424	0.424
   799	-0.211108	-0.424	0.424
   800	-0.20502	-0.424	0.424
   801	-0.225017	-0.424	0.424
   802	-0.156046	-0.424	0.424
   803	-0.186304	-0.424	0.424
   804	-0.230013	-0.424	0.424
   805	-0.20928	-0.424	0.424
   806	-0.182842	-0.424	0.424
   807	-0.193142	-0.424	0.424
   808	-0.185529	-0.424	0.424
   809	-0.172721	-0.424	0.424
   810	-0.195859	-0.424	0.424
   811	-0.177322	-0.424	0.424
   812	-0.167643	-0.424	0.424
   813	-0.184285	-0.424	0.424
   814	-0.19788	-0.424	0.424
   815	-0.16249	-0.424	0.424
   816	-0.186742	-0.424	0.424
   817	-0.210786	-0.424	0.424
   818	-0.193638	-0.424	0.424
   819	-0.191107	-0.424	0.424
   820	-0.220106	-0.424	0.424
   821	-0.205143	-0.424	0.424
   822	-0.18439	-0.424	0.424
   823	-0.220122	-0.424	0.424
   824	-0.156899	-0.424	0.424
   825	-0.177676	-0.424	0.424
   826	-0.199548	-0.424	0.424
   827	-0.225649	-0.424	0.424
   828	-0.210545	-0.424	0.424
   829	-0.210256	-0.424	0.424
   830	-0.173157	-0.424	0.424
   831	-0.196526	-0.424	0.424
   832	-0.172226	-0.424	0.424
   833	-0.196448	-0.424	0.424
   834	-0.179877	-0.424	0.424
   835	-0.188512	-0.424	0.424
   836	-0.205529	-0.424	0.424
   837	-0.182315	-0.424	0.424
   838	-0.196907	-0.424	0.424
   839	-0.199795	-0.424	0.424
   840	-0.169405	-0.424	0.424
   841	-0.218412	-0.424	0.424
   842	-0.19471	-0.424	0.424
   843	-0.191178	-0.424	0.424
   844	-0.219012	-0.424	0.424
   845	-0.211789	-0.424	0.424
   846	-0.228636	-0.424	0.424
   847	-0.202165	-0.424	0.424
   848	-0.211944	-0.424	0.424
   849	-0.202434	-0.424	0.424
   850	-0.19401	-0.424	0.424
   851	-0.190878	-0.424	0.424
   852	-0.205645	-0.424	0.424
   853	-0.161901	-0.424	0.424
   854	-0.175477	-0.424	0.424
   855	-0.202981	-0.424	0.424
   856	-0.214295	-0.424	0.424
   857	-0.20125	-0.424	0.424
   858	-0.211508	-0.424	0.424
   859	-0.210517	-0.424	0.424
   860	-0.209729	-0.424	0.424
   861	-0.186581	-0.424	0.424
   862	-0.211343	-0.424	0.424
   863	-0.223274	-0.424	0.424
   864	-0.181646	-0.424	0.424
   865	-0.187743	-0.424	0.424
   866	-0.175386	-0.424	0.424
   867	-0.186126	-0.424	0.424
   868	-0.208109	-0.424	0.424
   869	-0.17611	-0.424	0.424
   870	-0.160291	-0.424	0.424
   871	-0.224207	-0.424	0.424
   872	-0.193685	-0.424	0.424
   873	-0.17012	-0.424	0.424
   874	-0.189747	-0.424	0.424
   875	-0.193069	-0.424	0.424
   876	-0.200851	-0.424	0.424
   877	-0.214069	-0.424	0.424
   878	-0.212534	-0.424	0.424
   879	-0.200294	-0.424	0.424
   880	-0.22511	-0.424	0.424
   881	-0.163655	-0.424	0.424
   882	-0.173	-0.424	0.424
   883	-0.1779	-0.424	0.424
   884	-0.210944	-0.424	0.424
   885	-0.219295	-0.424	0.424
   886	-0.209344	-0.424	0.424
   887	-0.21322	-0.424	0.424
   888	-0.185927	-0.424	0.424
   889	-0.191596	-0.424	0.424
   890	-0.202724	-0.424	0.424
   891	-0.133885	-0.424	0.424
   892	-0.225711	-0.424	0.424
   893	-0.19464	-0.424	0.424
   894	-0.180902	-0.424	0.424
   895	-0.195786	-0.424	0.424
   896	-0.198179	-0.424	0.424
   897	-0.218	-0.424	0.424
   898	-0.19899	-0.424	0.424
   899	-0.202833	-0.424	0.424
   900	-0.195402	-0.424	0.424
   901	-0.181115	-0.424	0.424
   902	-0.20776	-0.424	0.424
   903	-0.166659	-0.424	0.424
   904	-0.188267	-0.424	0.424
   905	-0.21597	-0.424	0.424
   906	-0.159089	-0.424	0.424
   907	-0.21781	-0.424	0.424
   908	-0.187838	-0.424	0.424
   909	-0.165108	-0.424	0.424
   910	-0.211991	-0.424	0.424
   911	-0.180175	-0.424	0.424
   912	-0.192492	-0.424	0.424
   913	-0.194707	-0.424	0.424
   914	-0.18715	-0.424	0.424
   915	-0.193517	-0.424	0.424
   916	-0.220887	-0.424	0.424
   917	-0.210245	-0.424	0.424
   918	-0.164552	-0.424	0.424
   919	-0.183649	-0.424	0.424
   920	-0.202373	-0.424	0.424
   921	-0.19438	-0.424	0.424
   922	-0.168948	-0.424	0.424
   923	-0.198806	-0.424	0.424
   924	-0.189661	-0.424	0.424
   925	-0.187723	-0.424	0.424
   926	-0.218902	-0.424	0.424
   927	-0.160591	-0.424	0.424
   928	-0.159249	-0.424	0.424
   929	-0.174247	-0.424	0.424
   930	-0.207976	-0.424	0.424
   931	-0.189305	-0.424	0.424
   932	-0.185631	-0.424	0.424
   933	-0.201421	-0.424	0.424
   934	-0.162486	-0.424	0.424
   935	-0.199732	-0.424	0.424
   936	-0.183679	-0.424	0.424
   937	-0.179388	-0.424	0.424
   938	-0.1565	-0.424	0.424
   939	-0.210086	-0.424	0.424
   940	-0.152019	-0.424	0.424
   941	-0.222267	-0.424	0.424
   942	-0.175182	-0.424	0.424
   943	-0.214797	-0.424	0.424
   944	-0.210387	-0.424	0.424
   945	-0.192455	-0.424	0.424
   946	-0.215992	-0.424	0.424
   947	-0.150677	-0.424	0.424
   948	-0.194502	-0.424	0.424
   949	-0.205276	-0.424	0.424
   950	-0.208762	-0.424	0.424
   951	-0.205216	-0.424	0.424
   952	-0.156586	-0.424	0.424
   953	-0.196303	-0.424	0.424
   954	-0.203885	-0.424	0.424
   955	-0.204469	-0.424	0.424
   956	-0.192465	-0.424	0.424
   957	-0.210944	-0.424	0.424
   958	-0.209102	-0.424	0.424
   959	-0.226855	-0.424	0.424
   960	-0.198586	-0.424	0.424
   961	-0.153405	-0.424	0.424
   962	-0.194998	-0.424	0.424
   963	-0.195672	-0.424	0.424
   964	-0.204181	-0.424	0.424
   965	-0.197596	-0.424	0.424
   966	-0.216099	-0.424	0.424
   967	-0.18929	-0.424	0.424
   968	-0.18053	-0.424	0.424
   969	-0.212963	-0.424	0.424
   970	-0.204881	-0.424	0.424
   971	-0.184399	-0.424	0.424
   972	-0.196346	-0.424	0.424
   973	-0.205264	-0.424	0.424
   974	-0.19999	-0.424	0.424
   975	-0.163802	-0.424	0.424
   976	-0.213143	-0.424	0.424
   977	-0.198918	-0.424	0.424
   978	-0.209295	-0.424	0.424
   979	-0.192262	-0.424	0.424
   980	-0.21134	-0.424	0.424
   981	-0.218023	-0.424	0.424
   982	-0.205458	-0.424	0.424
   983	-0.179278	-0.424	0.424
   984	-0.205287	-0.424	0.424
   985	-0.197416	-0.424	0.424
   986	-0.221262	-0.424	0.424
   987	-0.163139	-0.424	0.424
   988	-0.212345	-0.424	0.424
   989	-0.196305	-0.424	0.424
   990	-0.197317	-0.424	0.424
   991	-0.223002	-0.424	0.424
   992	-0.219619	-0.424	0.424
   993	-0.176	-0.424	0.424
   994	-0.156008	-0.424	0.424
   995	-0.216082	-0.424	0.424
   996	-0.187665	-0.424	0.424
   997	-0.153352	-0.424	0.424
   998	-0.197346	-0.424	0.424
   999	-0.205667	-0.424	0.424
  1000	-0.201743	-0.424	0.424
  1001	-0.162559	-0.424	0.424
  1002	-0.212851	-0.424	0.424
  1003	-0.199487	-0.424	0.424
  1004	-0.215481	-0.424	0.424
  1005	-0.194873	-0.424	0.424
  1006	-0.158061	-0.424	0.424
  1007	-0.199737	-0.424	0.424
  1008	-0.182219	-0.424	0.424
  1009	-0.210886	-0.424	0.424
  1010	-0.203405	-0.424	0.424
  1011	-0.198858	-0.424	0.424
  1012	-0.161557	-0.424	0.424
  1013	-0.232938	-0.424	0.424
  1014	-0.161521	-0.424	0.424
  1015	-0.211055	-0.424	0.424
  1016	-0.181027	-0.424	0.424
  1017	-0.182743	-0.424	0.424
  1018	-0.210797	-0.424	0.424
  1019	-0.209079	-0.424	0.424
  1020	-0.224844	-0.424	0.424
  1021	-0.15747	-0.424	0.424
  1022	-0.184831	-0.424	0.424
  1023	-0.208569	-0.424	0.424
  1024	-0.171113	-0.424	0.424
  1025	-0.217357	-0.424	0.424
  1026	-0.201416	-0.424	0.424
  1027	-0.213413	-0.424	0.424
  1028	-0.184329	-0.424	0.424
  1029	-0.194394	-0.424	0.424
  1030	-0.21124	-0.424	0.424
  1031	-0.191025	-0.424	0.424
  1032	-0.200073	-0.424	0.424
  1033	-0.203409	-0.424	0.424
  1034	-0.175363	-0.424	0.424
  1035	-0.197055	-0.424	0.424
  1036	-0.18747	-0.424	0.424
  1037	-0.166917	-0.424	0.424
  1038	-0.177553	-0.424	0.424
  1039	-0.197493	-0.424	0.424
  1040	-0.186348	-0.424	0.424
  1041	-0.191256	-0.424	0.424
  1042	-0.166636	-0.424	0.424
  1043	-0.19258	-0.424	0.424
  1044	-0.190216	-0.424	0.424
  1045	-0.203665	-0.424	0.424
  1046	-0.189347	-0.424	0.424
  1047	-0.185437	-0.424	0.424
  1048	-0.221246	-0.424	0.424
  1049	-0.196931	-0.424	0.424
  1050	-0.210807	-0.424	0.424
  1051	-0.182123	-0.424	0.424
  1052	-0.149299	-0.424	0.424
  1053	-0.193321	-0.424	0.424
  1054	-0.204369	-0.424	0.424
  1055	-0.218565	-0.424	0.424
  1056	-0.197449	-0.424	0.424
  1057	-0.202671	-0.424	0.424
  1058	-0.196409	-0.424	0.424
  1059	-0.185862	-0.424	0.424
  1060	-0.194575	-0.424	0.424
  1061	-0.202784	-0.424	0.424
  1062	-0.193172	-0.424	0.424
  1063	-0.20908	-0.424	0.424
  1064	-0.196902	-0.424	0.424
  1065	-0.204271	-0.424	0.424
  1066	-0.146501	-0.424	0.424
  1067	-0.175679	-0.424	0.424
  1068	-0.205629	-0.424	0.424
  1069	-0.166883	-0.424	0.424
  1070	-0.198414	-0.424	0.424
  1071	-0.209828	-0.424	0.424
  1072	-0.202128	-0.424	0.424
  1073	-0.222569	-0.424	0.424
  1074	-0.212768	-0.424	0.424
  1075	-0.213789	-0.424	0.424
  1076	-0.203115	-0.424	0.424
  1077	-0.216402	-0.424	0.424
  1078	-0.190009	-0.424	0.424
  1079	-0.185017	-0.424	0.424
  1080	-0.168429	-0.424	0.424
  1081	-0.198601	-0.424	0.424
  1082	-0.190836	-0.424	0.424
  1083	-0.208234	-0.424	0.424
  1084	-0.16357	-0.424	0.424
  1085	-0.224724	-0.424	0.424
  1086	-0.199888	-0.424	0.424
  1087	-0.187258	-0.424	0.424
  1088	-0.194013	-0.424	0.424
  1089	-0.206596	-0.424	0.424
  1090	-0.209241	-0.424	0.424
  1091	-0.207708	-0.424	0.424
  1092	-0.18062	-0.424	0.424
  1093	-0.176999	-0.424	0.424
  1094	-0.211214	-0.424	0.424
  1095	-0.192161	-0.424	0.424
  1096	-0.198371	-0.424	0.424
  1097	-0.207703	-0.424	0.424
  1098	-0.184023	-0.424	0.424
  1099	-0.198846	-0.424	0.424
  1100	-0.201606	-0.424	0.424
  1101	-0.191396	-0.424	0.424
  1102	-0.186546	-0.424	0.424
  1103	-0.20117	-0.424	0.424
  1104	-0.215245	-0.424	0.424
  1105	-0.184991	-0.424	0.424
  1106	-0.170206	-0.424	0.424
  1107	-0.191166	-0.424	0.424
  1108	-0.218743	-0.424	0.424
  1109	-0.207788	-0.424	0.424
  1110	-0.16973	-0.424	0.424
  1111	-0.168866	-0.424	0.424
  1112	-0.228197	-0.424	0.424
  1113	-0.210122	-0.424	0.424
  1114	-0.199561	-0.424	0.424
  1115	-0.184241	-0.424	0.424
  1116	-0.201758	-0.424	0.424
  1117	-0.200529	-0.424	0.424
  1118	-0.20341	-0.424	0.424
  1119	-0.131003	-0.424	0.424
  1120	-0.209618	-0.424	0.424
  1121	-0.198673	-0.424	0.424
  1122	-0.197336	-0.424	0.424
  1123	-0.194115	-0.424	0.424
  1124	-0.193663	-0.424	0.424
  1125	-0.204299	-0.424	0.424
  1126	-0.184685	-0.424	0.424
  1127	-0.201485	-0.424	0.424
  1128	-0.170025	-0.424	0.424
  1129	-0.186453	-0.424	0.424
  1130	-0.211352	-0.424	0.424
  1131	-0.205386	-0.424	0.424
  1132	-0.199837	-0.424	0.424
  1133	-0.207163	-0.424	0.424
  1134	-0.212078	-0.424	0.424
  1135	-0.216318	-0.424	0.424
  1136	-0.222008	-0.424	0.424
  1137	-0.220073	-0.424	0.424
  1138	-0.171593	-0.424	0.424
  1139	-0.183786	-0.424	0.424
  1140	-0.227949	-0.424	0.424
  1141	-0.183999	-0.424	0.424
  1142	-0.155622	-0.424	0.424
  1143	-0.210373	-0.424	0.424
  1144	-0.202175	-0.424	0.424
  1145	-0.206676	-0.424	0.424
  1146	-0.22095	-0.424	0.424
  1147	-0.210617	-0.424	0.424
  1148	-0.186559	-0.424	0.424
  1149	-0.192211	-0.424	0.424
  1150	-0.208841	-0.424	0.424
  1151	-0.157308	-0.424	0.424
  1152	-0.196116	-0.424	0.424
  1153	-0.168478	-0.424	0.424
  1154	-0.17972	-0.424	0.424
  1155	-0.21544	-0.424	0.424
  1156	-0.213332	-0.424	0.424
  1157	-0.180477	-0.424	0.424
  1158	-0.231297	-0.424	0.424
  1159	-0.189333	-0.424	0.424
  1160	-0.181913	-0.424	0.424
  1161	-0.209288	-0.424	0.424
  1162	-0.20949	-0.424	0.424
  1163	-0.199892	-0.424	0.424
  1164	-0.210681	-0.424	0.424
  1165	-0.220115	-0.424	0.424
  1166	-0.196759	-0.424	0.424
  1167	-0.219593	-0.424	0.424
  1168	-0.136839	-0.424	0.424
  1169	-0.20608	-0.424	0.424
  1170	-0.219603	-0.424	0.424
  1171	-0.185293	-0.424	0.424
  1172	-0.210957	-0.424	0.424
  1173	-0.188455	-0.424	0.424
  1174	-0.21321	-0.424	0.424
  1175	-0.218377	-0.424	0.424
  1176	-0.201036	-0.424	0.424
  1177	-0.204522	-0.424	0.424
  1178	-0.195242	-0.424	0.424
  1179	-0.181609	-0.424	0.424
  1180	-0.19166	-0.424	0.424
  1181	-0.220632	-0.424	0.424
  1182	-0.227314	-0.424	0.424
  1183	-0.171688	-0.424	0.424
  1184	-0.191101	-0.424	0.424
  1185	-0.219671	-0.424	0.424
  1186	-0.218378	-0.424	0.424
  1187	-0.20395	-0.424	0.424
  1188	-0.213101	-0.424	0.424
  1189	-0.22387	-0.424	0.424
  1190	-0.210956	-0.424	0.424
  1191	-0.220243	-0.424	0.424
  1192	-0.168346	-0.424	0.424
  1193	-0.163673	-0.424	0.424
  1194	-0.223008	-0.424	0.424
  1195	-0.213714	-0.424	0.424
  1196	-0.212355	-0.424	0.424
  1197	-0.174679	-0.424	0.424
  1198	-0.216597	-0.424	0.424
  1199	-0.137531	-0.424	0.424
  1200	-0.210734	-0.424	0.424
  1201	-0.212786	-0.424	0.424
  1202	-0.201193	-0.424	0.424
  1203	-0.199429	-0.424	0.424
  1204	-0.14798	-0.424	0.424
  1205	-0.153484	-0.424	0.424
  1206	-0.17505	-0.424	0.424
  1207	-0.184321	-0.424	0.424
  1208	-0.134574	-0.424	0.424
  1209	-0.220683	-0.424	0.424
  1210	-0.187562	-0.424	0.424
  1211	-0.22092	-0.424	0.424
  1212	-0.209946	-0.424	0.424
  1213	-0.185658	-0.424	0.424
  1214	-0.21215	-0.424	0.424
  1215	-0.163189	-0.424	0.424
  1216	-0.163898	-0.424	0.424
  1217	-0.223227	-0.424	0.424
  1218	-0.156914	-0.424	0.424
  1219	-0.220321	-0.424	0.424
  1220	-0.197536	-0.424	0.424
  1221	-0.208459	-0.424	0.424
  1222	-0.18398	-0.424	0.424
  1223	-0.208655	-0.424	0.424
  1224	-0.210523	-0.424	0.424
  1225	-0.223163	-0.424	0.424
  1226	-0.189985	-0.424	0.424
  1227	-0.168244	-0.424	0.424
  1228	-0.223283	-0.424	0.424
  1229	-0.20871	-0.424	0.424
  1230	-0.194309	-0.424	0.424
  1231	-0.194608	-0.424	0.424
  1232	-0.157707	-0.424	0.424
  1233	-0.204531	-0.424	0.424
  1234	-0.171251	-0.424	0.424
  1235	-0.199309	-0.424	0.424
  1236	-0.213497	-0.424	0.424
  1237	-0.1834	-0.424	0.424
  1238	-0.213988	-0.424	0.424
  1239	-0.13139	-0.424	0.424
  1240	-0.200814	-0.424	0.424
  1241	-0.202402	-0.424	0.424
  1242	-0.198728	-0.424	0.424
  1243	-0.209085	-0.424	0.424
  1244	-0.215889	-0.424	0.424
  1245	-0.21375	-0.424	0.424
  1246	-0.202182	-0.424	0.424
  1247	-0.214254	-0.424	0.424
  1248	-0.189589	-0.424	0.424
  1249	-0.187403	-0.424	0.424
  1250	-0.219527	-0.424	0.424
  1251	-0.190347	-0.424	0.424
  1252	-0.215495	-0.424	0.424
  1253	-0.202413	-0.424	0.424
  1254	-0.221335	-0.424	0.424
  1255	-0.223191	-0.424	0.424
  1256	-0.212875	-0.424	0.424
  1257	-0.197726	-0.424	0.424
  1258	-0.208021	-0.424	0.424
  1259	-0.170839	-0.424	0.424
  1260	-0.179857	-0.424	0.424
  1261	-0.211057	-0.424	0.424
  1262	-0.14809	-0.424	0.424
  1263	-0.216068	-0.424	0.424
  1264	-0.228256	-0.424	0.424
  1265	-0.217143	-0.424	0.424
  1266	-0.154181	-0.424	0.424
  1267	-0.189913	-0.424	0.424
  1268	-0.207579	-0.424	0.424
  1269	-0.195183	-0.424	0.424
  1270	-0.179693	-0.424	0.424
  1271	-0.201724	-0.424	0.424
  1272	-0.214458	-0.424	0.424
  1273	-0.146621	-0.424	0.424
  1274	-0.19373	-0.424	0.424
  1275	-0.217773	-0.424	0.424
  1276	-0.16317	-0.424	0.424
  1277	-0.189765	-0.424	0.424
  1278	-0.190835	-0.424	0.424
  1279	-0.210698	-0.424	0.424
  1280	-0.190271	-0.424	0.424
  1281	-0.199086	-0.424	0.424
  1282	-0.159264	-0.424	0.424
  1283	-0.195664	-0.424	0.424
  1284	-0.164917	-0.424	0.424
  1285	-0.185774	-0.424	0.424
  1286	-0.172194	-0.424	0.424
  1287	-0.194874	-0.424	0.424
  1288	-0.19713	-0.424	0.424
  1289	-0.187691	-0.424	0.424
  1290	-0.184653	-0.424	0.424
  1291	-0.178465	-0.424	0.424
  1292	-0.213417	-0.424	0.424
  1293	-0.193383	-0.424	0.424
  1294	-0.190797	-0.424	0.424
  1295	-0.216059	-0.424	0.424
  1296	-0.219334	-0.424	0.424
  1297	-0.184675	-0.424	0.424
  1298	-0.192325	-0.424	0.424
  1299	-0.159041	-0.424	0.424
  1300	-0.188795	-0.424	0.424
  1301	-0.223654	-0.424	0.424
  1302	-0.181305	-0.424	0.424
  1303	-0.183618	-0.424	0.424
  1304	-0.186882	-0.424	0.424
  1305	-0.17767	-0.424	0.424
  1306	-0.226586	-0.424	0.424
  1307	-0.209064	-0.424	0.424
  1308	-0.221793	-0.424	0.424
  1309	-0.157391	-0.424	0.424
  1310	-0.176184	-0.424	0.424
  1311	-0.21302	-0.424	0.424
  1312	-0.18631	-0.424	0.424
  1313	-0.227428	-0.424	0.424
  1314	-0.182157	-0.424	0.424
  1315	-0.17385	-0.424	0.424
  1316	-0.184646	-0.424	0.424
  1317	-0.163135	-0.424	0.424
  1318	-0.207616	-0.424	0.424
  1319	-0.212242	-0.424	0.424
  1320	-0.196904	-0.424	0.424
  1321	-0.212582	-0.424	0.424
  1322	-0.194029	-0.424	0.424
  1323	-0.200159	-0.424	0.424
  1324	-0.201279	-0.424	0.424
  1325	-0.207298	-0.424	0.424
  1326	-0.190412	-0.424	0.424
  1327	-0.202664	-0.424	0.424
  1328	-0.186915	-0.424	0.424
  1329	-0.209939	-0.424	0.424
  1330	-0.188702	-0.424	0.424
  1331	-0.171002	-0.424	0.424
  1332	-0.168609	-0.424	0.424
  1333	-0.181161	-0.424	0.424
  1334	-0.222895	-0.424	0.424
  1335	-0.185797	-0.424	0.424
  1336	-0.206833	-0.424	0.424
  1337	-0.212071	-0.424	0.424
  1338	-0.175702	-0.424	0.424
  1339	-0.209603	-0.424	0.424
  1340	-0.167642	-0.424	0.424
  1341	-0.17516	-0.424	0.424
  1342	-0.199924	-0.424	0.424
  1343	-0.203404	-0.424	0.424
  1344	-0.188138	-0.424	0.424
  1345	-0.17425	-0.424	0.424
  1346	-0.226661	-0.424	0.424
  1347	-0.211028	-0.424	0.424
  1348	-0.167022	-0.424	0.424
  1349	-0.163847	-0.424	0.424
  1350	-0.214329	-0.424	0.424
  1351	-0.182034	-0.424	0.424
  1352	-0.187434	-0.424	0.424
  1353	-0.185344	-0.424	0.424
  1354	-0.19398	-0.424	0.424
  1355	-0.212996	-0.424	0.424
  1356	-0.224034	-0.424	0.424
  1357	-0.214539	-0.424	0.424
  1358	-0.19214	-0.424	0.424
  1359	-0.199818	-0.424	0.424
  1360	-0.204705	-0.424	0.424
  1361	-0.173306	-0.424	0.424
  1362	-0.210657	-0.424	0.424
  1363	-0.196567	-0.424	0.424
  1364	-0.21616	-0.424	0.424
  1365	-0.158132	-0.424	0.424
  1366	-0.209316	-0.424	0.424
  1367	-0.185699	-0.424	0.424
  1368	-0.202884	-0.424	0.424
  1369	-0.187782	-0.424	0.424
  1370	-0.20886	-0.424	0.424
  1371	-0.184389	-0.424	0.424
  1372	-0.204381	-0.424	0.424
  1373	-0.19385	-0.424	0.424
  1374	-0.205139	-0.424	0.424
  1375	-0.219938	-0.424	0.424
  1376	-0.220478	-0.424	0.424
  1377	-0.194577	-0.424	0.424
  1378	-0.188983	-0.424	0.424
  1379	-0.183587	-0.424	0.424
  1380	-0.187619	-0.424	0.424
  1381	-0.196688	-0.424	0.424
  1382	-0.186407	-0.424	0.424
  1383	-0.204182	-0.424	0.424
  1384	-0.166433	-0.424	0.424
  1385	-0.205266	-0.424	0.424
  1386	-0.223041	-0.424	0.424
  1387	-0.194234	-0.424	0.424
  1388	-0.192404	-0.424	0.424
  1389	-0.209124	-0.424	0.424
  1390	-0.211328	-0.424	0.424
  1391	-0.223764	-0.424	0.424
  1392	-0.209797	-0.424	0.424
  1393	-0.177132	-0.424	0.424
  1394	-0.165298	-0.424	0.424
  1395	-0.208009	-0.424	0.424
  1396	-0.22719	-0.424	0.424
  1397	-0.188845	-0.424	0.424
  1398	-0.186606	-0.424	0.424
  1399	-0.186286	-0.424	0.424
  1400	-0.211759	-0.424	0.424
  1401	-0.198467	-0.424	0.424
  1402	-0.181042	-0.424	0.424
  1403	-0.210305	-0.424	0.424
  1404	-0.196079	-0.424	0.424
  1405	-0.21643	-0.424	0.424
  1406	-0.189391	-0.424	0.424
  1407	-0.20953	-0.424	0.424
  1408	-0.207074	-0.424	0.424
  1409	-0.215487	-0.424	0.424
  1410	-0.142182	-0.424	0.424
  1411	-0.164188	-0.424	0.424
  1412	-0.197929	-0.424	0.424
  1413	-0.175096	-0.424	0.424
  1414	-0.201492	-0.424	0.424
  1415	-0.22153	-0.424	0.424
  1416	-0.21534	-0.424	0.424
  1417	-0.215354	-0.424	0.424
  1418	-0.181542	-0.424	0.424
  1419	-0.218693	-0.424	0.424
  1420	-0.209877	-0.424	0.424
  1421	-0.209304	-0.424	0.424
  1422	-0.221825	-0.424	0.424
  1423	-0.217467	-0.424	0.424
  1424	-0.168804	-0.424	0.424
  1425	-0.224874	-0.424	0.424
  1426	-0.18213	-0.424	0.424
  1427	-0.176643	-0.424	0.424
  1428	-0.196468	-0.424	0.424
  1429	-0.159404	-0.424	0.424
  1430	-0.203679	-0.424	0.424
  1431	-0.175982	-0.424	0.424
  1432	-0.198827	-0.424	0.424
  1433	-0.138963	-0.424	0.424
  1434	-0.156948	-0.424	0.424
  1435	-0.179396	-0.424	0.424
  1436	-0.179957	-0.424	0.424
  1437	-0.194261	-0.424	0.424
  1438	-0.198456	-0.424	0.424
  1439	-0.204836	-0.424	0.424
  1440	-0.18516	-0.424	0.424
  1441	-0.167545	-0.424	0.424
  1442	-0.178618	-0.424	0.424
  1443	-0.198419	-0.424	0.424
  1444	-0.213662	-0.424	0.424
  1445	-0.181289	-0.424	0.424
  1446	-0.202239	-0.424	0.424
  1447	-0.183799	-0.424	0.424
  1448	-0.201711	-0.424	0.424
  1449	-0.217959	-0.424	0.424
  1450	-0.191746	-0.424	0.424
  1451	-0.202506	-0.424	0.424
  1452	-0.222785	-0.424	0.424
  1453	-0.175929	-0.424	0.424
  1454	-0.212264	-0.424	0.424
  1455	-0.163584	-0.424	0.424
  1456	-0.217448	-0.424	0.424
  1457	-0.213369	-0.424	0.424
  1458	-0.196742	-0.424	0.424
  1459	-0.201969	-0.424	0.424
  1460	-0.198915	-0.424	0.424
  1461	-0.187562	-0.424	0.424
  1462	-0.188928	-0.424	0.424
  1463	-0.21103	-0.424	0.424
  1464	-0.179381	-0.424	0.424
  1465	-0.212544	-0.424	0.424
  1466	-0.18868	-0.424	0.424
  1467	-0.18311	-0.424	0.424
  1468	-0.188581	-0.424	0.424
  1469	-0.202506	-0.424	0.424
  1470	-0.210095	-0.424	0.424
  1471	-0.192122	-0.424	0.424
  1472	-0.185317	-0.424	0.424
  1473	-0.207595	-0.424	0.424
  1474	-0.203139	-0.424	0.424
  1475	-0.174476	-0.424	0.424
  1476	-0.14649	-0.424	0.424
  1477	-0.207732	-0.424	0.424
  1478	-0.228514	-0.424	0.424
  1479	-0.219816	-0.424	0.424
  1480	-0.21476	-0.424	0.424
  1481	-0.187239	-0.424	0.424
  1482	-0.20688	-0.424	0.424
  1483	-0.219321	-0.424	0.424
  1484	-0.217629	-0.424	0.424
  1485	-0.200381	-0.424	0.424
  1486	-0.200283	-0.424	0.424
  1487	-0.180579	-0.424	0.424
  1488	-0.195368	-0.424	0.424
  1489	-0.147113	-0.424	0.424
  1490	-0.200929	-0.424	0.424
  1491	-0.191823	-0.424	0.424
  1492	-0.197801	-0.424	0.424
  1493	-0.205854	-0.424	0.424
  1494	-0.20805	-0.424	0.424
  1495	-0.181692	-0.424	0.424
  1496	-0.156879	-0.424	0.424
  1497	-0.22204	-0.424	0.424
  1498	-0.224205	-0.424	0.424
  1499	-0.210576	-0.424	0.424
  1500	-0.199684	-0.424	0.424
  1501	-0.177393	-0.424	0.424
  1502	-0.18558	-0.424	0.424
  1503	-0.180969	-0.424	0.424
  1504	-0.15929	-0.424	0.424
  1505	-0.175954	-0.424	0.424
  1506	-0.208794	-0.424	0.424
  1507	-0.169506	-0.424	0.424
  1508	-0.170435	-0.424	0.424
  1509	-0.201838	-0.424	0.424
  1510	-0.193366	-0.424	0.424
  1511	-0.221583	-0.424	0.424
  1512	-0.208574	-0.424	0.424
  1513	-0.185796	-0.424	0.424
  1514	-0.165948	-0.424	0.424
  1515	-0.215575	-0.424	0.424
  1516	-0.196393	-0.424	0.424
  1517	-0.198827	-0.424	0.424
  1518	-0.189808	-0.424	0.424
  1519	-0.140985	-0.424	0.424
  1520	-0.177776	-0.424	0.424
  1521	-0.189735	-0.424	0.424
  1522	-0.205891	-0.424	0.424
  1523	-0.225096	-0.424	0.424
  1524	-0.178043	-0.424	0.424
  1525	-0.214435	-0.424	0.424
  1526	-0.210847	-0.424	0.424
  1527	-0.21568	-0.424	0.424
  1528	-0.208678	-0.424	0.424
  1529	-0.199075	-0.424	0.424
  1530	-0.19597	-0.424	0.424
  1531	-0.174917	-0.424	0.424
  1532	-0.218428	-0.424	0.424
  1533	-0.215607	-0.424	0.424
  1534	-0.157275	-0.424	0.424
  1535	-0.202797	-0.424	0.424
  1536	-0.201181	-0.424	0.424
  1537	-0.219953	-0.424	0.424
  1538	-0.177332	-0.424	0.424
  1539	-0.211452	-0.424	0.424
  1540	-0.17954	-0.424	0.424
  1541	-0.205378	-0.424	0.424
  1542	-0.205536	-0.424	0.424
  1543	-0.175639	-0.424	0.424
  1544	-0.19075	-0.424	0.424
  1545	-0.217493	-0.424	0.424
  1546	-0.178681	-0.424	0.424
  1547	-0.191555	-0.424	0.424
  1548	-0.200226	-0.424	0.424
  1549	-0.159251	-0.424	0.424
  1550	-0.181492	-0.424	0.424
  1551	-0.191657	-0.424	0.424
  1552	-0.169566	-0.424	0.424
  1553	-0.203656	-0.424	0.424
  1554	-0.195523	-0.424	0.424
  1555	-0.182697	-0.424	0.424
  1556	-0.179186	-0.424	0.424
  1557	-0.206745	-0.424	0.424
  1558	-0.198035	-0.424	0.424
  1559	-0.177335	-0.424	0.424
  1560	-0.182929	-0.424	0.424
  1561	-0.207059	-0.424	0.424
  1562	-0.224007	-0.424	0.424
  1563	-0.203152	-0.424	0.424
  1564	-0.180478	-0.424	0.424
  1565	-0.164706	-0.424	0.424
  1566	-0.189243	-0.424	0.424
  1567	-0.194333	-0.424	0.424
  1568	-0.194382	-0.424	0.424
  1569	-0.194278	-0.424	0.424
  1570	-0.225392	-0.424	0.424
  1571	-0.19412	-0.424	0.424
  1572	-0.192214	-0.424	0.424
  1573	-0.215061	-0.424	0.424
  1574	-0.215014	-0.424	0.424
  1575	-0.209816	-0.424	0.424
  1576	-0.232117	-0.424	0.424
  1577	-0.204456	-0.424	0.424
  1578	-0.197964	-0.424	0.424
  1579	-0.218983	-0.424	0.424
  1580	-0.203197	-0.424	0.424
  1581	-0.169136	-0.424	0.424
  1582	-0.199303	-0.424	0.424
  1583	-0.208196	-0.424	0.424
  1584	-0.178966	-0.424	0.424
  1585	-0.214774	-0.424	0.424
  1586	-0.202278	-0.424	0.424
  1587	-0.20344	-0.424	0.424
  1588	-0.198247	-0.424	0.424
  1589	-0.152579	-0.424	0.424
  1590	-0.193501	-0.424	0.424
  1591	-0.169969	-0.424	0.424
  1592	-0.182852	-0.424	0.424
  1593	-0.222918	-0.424	0.424
  1594	-0.193627	-0.424	0.424
  1595	-0.223552	-0.424	0.424
  1596	-0.183022	-0.424	0.424
  1597	-0.203499	-0.424	0.424
  1598	-0.199538	-0.424	0.424
  1599	-0.198273	-0.424	0.424
  1600	-0.172698	-0.424	0.424
  1601	-0.206785	-0.424	0.424
  1602	-0.185401	-0.424	0.424
  1603	-0.219313	-0.424	0.424
  1604	-0.171741	-0.424	0.424
  1605	-0.187806	-0.424	0.424
  1606	-0.192612	-0.424	0.424
  1607	-0.222924	-0.424	0.424
  1608	-0.191688	-0.424	0.424
  1609	-0.206161	-0.424	0.424
  1610	-0.218131	-0.424	0.424
  1611	-0.214812	-0.424	0.424
  1612	-0.181165	-0.424	0.424
  1613	-0.224454	-0.424	0.424
  1614	-0.226058	-0.424	0.424
  1615	-0.201361	-0.424	0.424
  1616	-0.185827	-0.424	0.424
  1617	-0.21	-0.424	0.424
  1618	-0.206485	-0.424	0.424
  1619	-0.215873	-0.424	0.424
  1620	-0.224117	-0.424	0.424
  1621	-0.172688	-0.424	0.424
  1622	-0.198222	-0.424	0.424
  1623	-0.219591	-0.424	0.424
  1624	-0.225038	-0.424	0.424
  1625	-0.184904	-0.424	0.424
  1626	-0.197592	-0.424	0.424
  1627	-0.19743	-0.424	0.424
  1628	-0.17025	-0.424	0.424
  1629	-0.227364	-0.424	0.424
  1630	-0.196479	-0.424	0.424
  1631	-0.20896	-0.424	0.424
  1632	-0.233027	-0.424	0.424
  1633	-0.196227	-0.424	0.424
  1634	-0.216847	-0.424	0.424
  1635	-0.153976	-0.424	0.424
  1636	-0.193421	-0.424	0.424
  1637	-0.177343	-0.424	0.424
  1638	-0.200858	-0.424	0.424
  1639	-0.196278	-0.424	0.424
  1640	-0.170208	-0.424	0.424
  1641	-0.206324	-0.424	0.424
  1642	-0.179824	-0.424	0.424
  1643	-0.216209	-0.424	0.424
  1644	-0.191843	-0.424	0.424
  1645	-0.206186	-0.424	0.424
  1646	-0.1907	-0.424	0.424
  1647	-0.203066	-0.424	0.424
  1648	-0.161382	-0.424	0.424
  1649	-0.191998	-0.424	0.424
  1650	-0.169852	-0.424	0.424
  1651	-0.177356	-0.424	0.424
  1652	-0.195979	-0.424	0.424
  1653	-0.197691	-0.424	0.424
  1654	-0.21181	-0.424	0.424
  1655	-0.213535	-0.424	0.424
  1656	-0.1627	-0.424	0.424
  1657	-0.208431	-0.424	0.424
  1658	-0.195364	-0.424	0.424
  1659	-0.213103	-0.424	0.424
  1660	-0.186539	-0.424	0.424
  1661	-0.200739	-0.424	0.424
  1662	-0.221428	-0.424	0.424
  1663	-0.209243	-0.424	0.424
  1664	-0.170643	-0.424	0.424
  1665	-0.210873	-0.424	0.424
  1666	-0.166525	-0.424	0.424
  1667	-0.226323	-0.424	0.424
  1668	-0.178259	-0.424	0.424
  1669	-0.20564	-0.424	0.424
  1670	-0.173304	-0.424	0.424
  1671	-0.202358	-0.424	0.424
  1672	-0.182382	-0.424	0.424
  1673	-0.181257	-0.424	0.424
  1674	-0.212193	-0.424	0.424
  1675	-0.212401	-0.424	0.424
  1676	-0.208224	-0.424	0.424
  1677	-0.20611	-0.424	0.424
  1678	-0.197633	-0.424	0.424
  1679	-0.146603	-0.424	0.424
  1680	-0.222619	-0.424	0.424
  1681	-0.158568	-0.424	0.424
  1682	-0.181013	-0.424	0.424
  1683	-0.194853	-0.424	0.424
  1684	-0.185057	-0.424	0.424
  1685	-0.196194	-0.424	0.424
  1686	-0.153805	-0.424	0.424
  1687	-0.209453	-0.424	0.424
  1688	-0.148844	-0.424	0.424
  1689	-0.169831	-0.424	0.424
  1690	-0.209049	-0.424	0.424
  1691	-0.218271	-0.424	0.424
  1692	-0.216366	-0.424	0.424
  1693	-0.163587	-0.424	0.424
  1694	-0.177579	-0.424	0.424
  1695	-0.216537	-0.424	0.424
  1696	-0.179235	-0.424	0.424
  1697	-0.204311	-0.424	0.424
  1698	-0.204976	-0.424	0.424
  1699	-0.215423	-0.424	0.424
  1700	-0.195021	-0.424	0.424
  1701	-0.187711	-0.424	0.424
  1702	-0.195852	-0.424	0.424
  1703	-0.215783	-0.424	0.424
  1704	-0.209212	-0.424	0.424
  1705	-0.213432	-0.424	0.424
  1706	-0.229065	-0.424	0.424
  1707	-0.197202	-0.424	0.424
  1708	-0.184841	-0.424	0.424
  1709	-0.209754	-0.424	0.424
  1710	-0.182489	-0.424	0.424
  1711	-0.202439	-0.424	0.424
  1712	-0.174903	-0.424	0.424
  1713	-0.198026	-0.424	0.424
  1714	-0.213428	-0.424	0.424
  1715	-0.202882	-0.424	0.424
  1716	-0.211033	-0.424	0.424
  1717	-0.196048	-0.424	0.424
  1718	-0.210049	-0.424	0.424
  1719	-0.218171	-0.424	0.424
  1720	-0.197729	-0.424	0.424
  1721	-0.186905	-0.424	0.424
  1722	-0.210369	-0.424	0.424
  1723	-0.220636	-0.424	0.424
  1724	-0.209391	-0.424	0.424
  1725	-0.200503	-0.424	0.424
  1726	-0.217851	-0.424	0.424
  1727	-0.183948	-0.424	0.424
  1728	-0.179717	-0.424	0.424
  1729	-0.215287	-0.424	0.424
  1730	-0.204887	-0.424	0.424
  1731	-0.1775	-0.424	0.424
  1732	-0.20799	-0.424	0.424
  1733	-0.200171	-0.424	0.424
  1734	-0.19741	-0.424	0.424
  1735	-0.203613	-0.424	0.424
  1736	-0.193508	-0.424	0.424
  1737	-0.202121	-0.424	0.424
  1738	-0.224163	-0.424	0.424
  1739	-0.226204	-0.424	0.424
  1740	-0.167744	-0.424	0.424
  1741	-0.208338	-0.424	0.424
  1742	-0.205904	-0.424	0.424
  1743	-0.214414	-0.424	0.424
  1744	-0.173095	-0.424	0.424
  1745	-0.223447	-0.424	0.424
  1746	-0.192738	-0.424	0.424
  1747	-0.186385	-0.424	0.424
  1748	-0.223319	-0.424	0.424
  1749	-0.222689	-0.424	0.424
  1750	-0.198813	-0.424	0.424
  1751	-0.228676	-0.424	0.424
  1752	-0.207037	-0.424	0.424
  1753	-0.181601	-0.424	0.424
  1754	-0.174416	-0.424	0.424
  1755	-0.211978	-0.424	0.424
  1756	-0.186557	-0.424	0.424
  1757	-0.224416	-0.424	0.424
  1758	-0.19123	-0.424	0.424
  1759	-0.205442	-0.424	0.424
  1760	-0.201391	-0.424	0.424
  1761	-0.187468	-0.424	0.424
  1762	-0.206084	-0.424	0.424
  1763	-0.160305	-0.424	0.424
  1764	-0.215209	-0.424	0.424
  1765	-0.205818	-0.424	0.424
  1766	-0.222328	-0.424	0.424
  1767	-0.193602	-0.424	0.424
  1768	-0.218392	-0.424	0.424
  1769	-0.202956	-0.424	0.424
  1770	-0.168491	-0.424	0.424
  1771	-0.182848	-0.424	0.424
  1772	-0.212652	-0.424	0.424
  1773	-0.213165	-0.424	0.424
  1774	-0.228717	-0.424	0.424
  1775	-0.211181	-0.424	0.424
  1776	-0.20356	-0.424	0.424
  1777	-0.21981	-0.424	0.424
  1778	-0.197806	-0.424	0.424
  1779	-0.179908	-0.424	0.424
  1780	-0.140183	-0.424	0.424
  1781	-0.197485	-0.424	0.424
  1782	-0.207463	-0.424	0.424
  1783	-0.214521	-0.424	0.424
  1784	-0.179127	-0.424	0.424
  1785	-0.220133	-0.424	0.424
  1786	-0.203684	-0.424	0.424
  1787	-0.190125	-0.424	0.424
  1788	-0.203283	-0.424	0.424
  1789	-0.216026	-0.424	0.424
  1790	-0.207749	-0.424	0.424
  1791	-0.196444	-0.424	0.424
  1792	-0.200171	-0.424	0.424
  1793	-0.218845	-0.424	0.424
  1794	-0.200558	-0.424	0.424
  1795	-0.17216	-0.424	0.424
  1796	-0.204017	-0.424	0.424
  1797	-0.179756	-0.424	0.424
  1798	-0.174602	-0.424	0.424
  1799	-0.182743	-0.424	0.424
  1800	-0.204069	-0.424	0.424
  1801	-0.201882	-0.424	0.424
  1802	-0.194302	-0.424	0.424
  1803	-0.194306	-0.424	0.424
  1804	-0.203349	-0.424	0.424
  1805	-0.211881	-0.424	0.424
  1806	-0.177307	-0.424	0.424
  1807	-0.193165	-0.424	0.424
  1808	-0.202219	-0.424	0.424
  1809	-0.228505	-0.424	0.424
  1810	-0.2011	-0.424	0.424
  1811	-0.171511	-0.424	0.424
  1812	-0.203705	-0.424	0.424
  1813	-0.208117	-0.424	0.424
  1814	-0.201679	-0.424	0.424
  1815	-0.23043	-0.424	0.424
  1816	-0.213041	-0.424	0.424
  1817	-0.183331	-0.424	0.424
  1818	-0.204463	-0.424	0.424
  1819	-0.207494	-0.424	0.424
  1820	-0.20277	-0.424	0.424
  1821	-0.21579	-0.424	0.424
  1822	-0.185814	-0.424	0.424
  1823	-0.22268	-0.424	0.424
  1824	-0.218859	-0.424	0.424
  1825	-0.188751	-0.424	0.424
  1826	-0.210842	-0.424	0.424
  1827	-0.215541	-0.424	0.424
  1828	-0.201466	-0.424	0.424
  1829	-0.188438	-0.424	0.424
  1830	-0.21718	-0.424	0.424
  1831	-0.185063	-0.424	0.424
  1832	-0.169287	-0.424	0.424
  1833	-0.182643	-0.424	0.424
  1834	-0.2055	-0.424	0.424
  1835	-0.217915	-0.424	0.424
  1836	-0.224435	-0.424	0.424
  1837	-0.165096	-0.424	0.424
  1838	-0.209645	-0.424	0.424
  1839	-0.213959	-0.424	0.424
  1840	-0.20864	-0.424	0.424
  1841	-0.20693	-0.424	0.424
  1842	-0.224397	-0.424	0.424
  1843	-0.214662	-0.424	0.424
  1844	-0.205039	-0.424	0.424
  1845	-0.17753	-0.424	0.424
  1846	-0.20006	-0.424	0.424
  1847	-0.213278	-0.424	0.424
  1848	-0.208196	-0.424	0.424
  1849	-0.179513	-0.424	0.424
  1850	-0.207743	-0.424	0.424
  1851	-0.19656	-0.424	0.424
  1852	-0.223698	-0.424	0.424
  1853	-0.16996	-0.424	0.424
  1854	-0.188084	-0.424	0.424
  1855	-0.223221	-0.424	0.424
  1856	-0.160401	-0.424	0.424
  1857	-0.199521	-0.424	0.424
  1858	-0.218306	-0.424	0.424
  1859	-0.187294	-0.424	0.424
  1860	-0.212001	-0.424	0.424
  1861	-0.165237	-0.424	0.424
  1862	-0.221002	-0.424	0.424
  1863	-0.225223	-0.424	0.424
  1864	-0.199667	-0.424	0.424
  1865	-0.193139	-0.424	0.424
  1866	-0.203162	-0.424	0.424
  1867	-0.19976	-0.424	0.424
  1868	-0.221761	-0.424	0.424
  1869	-0.161255	-0.424	0.424
  1870	-0.207236	-0.424	0.424
  1871	-0.217903	-0.424	0.424
  1872	-0.194459	-0.424	0.424
  1873	-0.202054	-0.424	0.424
  1874	-0.177918	-0.424	0.424
  1875	-0.198047	-0.424	0.424
  1876	-0.199328	-0.424	0.424
  1877	-0.189385	-0.424	0.424
  1878	-0.196841	-0.424	0.424
  1879	-0.205696	-0.424	0.424
  1880	-0.183939	-0.424	0.424
  1881	-0.197183	-0.424	0.424
  1882	-0.145925	-0.424	0.424
  1883	-0.157237	-0.424	0.424
  1884	-0.1698	-0.424	0.424
  1885	-0.183215	-0.424	0.424
  1886	-0.166364	-0.424	0.424
  1887	-0.17649	-0.424	0.424
  1888	-0.208112	-0.424	0.424
  1889	-0.204377	-0.424	0.424
  1890	-0.126769	-0.424	0.424
  1891	-0.221032	-0.424	0.424
  1892	-0.170493	-0.424	0.424
  1893	-0.19597	-0.424	0.424
  1894	-0.180368	-0.424	0.424
  1895	-0.186926	-0.424	0.424
  1896	-0.205922	-0.424	0.424
  1897	-0.209805	-0.424	0.424
  1898	-0.213905	-0.424	0.424
  1899	-0.196644	-0.424	0.424
  1900	-0.229374	-0.424	0.424
  1901	-0.193208	-0.424	0.424
  1902	-0.180395	-0.424	0.424
  1903	-0.201887	-0.424	0.424
  1904	-0.198591	-0.424	0.424
  1905	-0.222495	-0.424	0.424
  1906	-0.204622	-0.424	0.424
  1907	-0.213623	-0.424	0.424
  1908	-0.219005	-0.424	0.424
  1909	-0.205172	-0.424	0.424
  1910	-0.222927	-0.424	0.424
  1911	-0.22977	-0.424	0.424
  1912	-0.191399	-0.424	0.424
  1913	-0.201953	-0.424	0.424
  1914	-0.186416	-0.424	0.424
  1915	-0.215707	-0.424	0.424
  1916	-0.193604	-0.424	0.424
  1917	-0.205806	-0.424	0.424
  1918	-0.201564	-0.424	0.424
  1919	-0.204955	-0.424	0.424
  1920	-0.19322	-0.424	0.424
  1921	-0.19234	-0.424	0.424
  1922	-0.209257	-0.424	0.424
  1923	-0.183171	-0.424	0.424
  1924	-0.166673	-0.424	0.424
  1925	-0.179473	-0.424	0.424
  1926	-0.212466	-0.424	0.424
  1927	-0.214228	-0.424	0.424
  1928	-0.181955	-0.424	0.424
  1929	-0.217009	-0.424	0.424
  1930	-0.19216	-0.424	0.424
  1931	-0.21166	-0.424	0.424
  1932	-0.220164	-0.424	0.424
  1933	-0.188773	-0.424	0.424
  1934	-0.186513	-0.424	0.424
  1935	-0.191724	-0.424	0.424
  1936	-0.19565	-0.424	0.424
  1937	-0.215332	-0.424	0.424
  1938	-0.18584	-0.424	0.424
  1939	-0.163026	-0.424	0.424
  1940	-0.140013	-0.424	0.424
  1941	-0.194128	-0.424	0.424
  1942	-0.172121	-0.424	0.424
  1943	-0.186036	-0.424	0.424
  1944	-0.176482	-0.424	0.424
  1945	-0.207484	-0.424	0.424
  1946	-0.209125	-0.424	0.424
  1947	-0.22568	-0.424	0.424
  1948	-0.208446	-0.424	0.424
  1949	-0.193312	-0.424	0.424
  1950	-0.177505	-0.424	0.424
  1951	-0.192257	-0.424	0.424
  1952	-0.181622	-0.424	0.424
  1953	-0.182832	-0.424	0.424
  1954	-0.189794	-0.424	0.424
  1955	-0.212444	-0.424	0.424
  1956	-0.19886	-0.424	0.424
  1957	-0.226522	-0.424	0.424
  1958	-0.207992	-0.424	0.424
  1959	-0.227417	-0.424	0.424
  1960	-0.17346	-0.424	0.424
  1961	-0.221773	-0.424	0.424
  1962	-0.188733	-0.424	0.424
  1963	-0.169683	-0.424	0.424
  1964	-0.176347	-0.424	0.424
  1965	-0.192215	-0.424	0.424
  1966	-0.206278	-0.424	0.424
  1967	-0.198393	-0.424	0.424
  1968	-0.174436	-0.424	0.424
  1969	-0.198967	-0.424	0.424
  1970	-0.222474	-0.424	0.424
  1971	-0.169163	-0.424	0.424
  1972	-0.154902	-0.424	0.424
  1973	-0.194136	-0.424	0.424
  1974	-0.195243	-0.424	0.424
  1975	-0.213113	-0.424	0.424
  1976	-0.227155	-0.424	0.424
  1977	-0.208645	-0.424	0.424
  1978	-0.177481	-0.424	0.424
  1979	-0.19174	-0.424	0.424
  1980	-0.208833	-0.424	0.424
  1981	-0.216203	-0.424	0.424
  1982	-0.199339	-0.424	0.424
  1983	-0.201591	-0.424	0.424
  1984	-0.226241	-0.424	0.424
  1985	-0.205334	-0.424	0.424
  1986	-0.194499	-0.424	0.424
  1987	-0.160224	-0.424	0.424
  1988	-0.198424	-0.424	0.424
  1989	-0.2155	-0.424	0.424
  1990	-0.196545	-0.424	0.424
  1991	-0.191404	-0.424	0.424
  1992	-0.146719	-0.424	0.424
  1993	-0.226734	-0.424	0.424
  1994	-0.189841	-0.424	0.424
  1995	-0.192117	-0.424	0.424
  1996	-0.167067	-0.424	0.424
  1997	-0.185023	-0.424	0.424
  1998	-0.196634	-0.424	0.424
  1999	-0.205639	-0.424	0.424
  2000	-0.210653	-0.424	0.424
  2001	-0.211105	-0.424	0.424
  2002	-0.207674	-0.424	0.424
  2003	-0.192386	-0.424	0.424
  2004	-0.218052	-0.424	0.424
  2005	-0.192824	-0.424	0.424
  2006	-0.219497	-0.424	0.424
  2007	-0.216327	-0.424	0.424
  2008	-0.193333	-0.424	0.424
  2009	-0.211964	-0.424	0.424
  2010	-0.159903	-0.424	0.424
  2011	-0.176777	-0.424	0.424
  2012	-0.187327	-0.424	0.424
  2013	-0.210021	-0.424	0.424
  2014	-0.217621	-0.424	0.424
  2015	-0.194221	-0.424	0.424
  2016	-0.224619	-0.424	0.424
  2017	-0.210124	-0.424	0.424
  2018	-0.188838	-0.424	0.424
  2019	-0.175349	-0.424	0.424
  2020	-0.227658	-0.424	0.424
  2021	-0.223195	-0.424	0.424
  2022	-0.17886	-0.424	0.424
  2023	-0.187974	-0.424	0.424
  2024	-0.179255	-0.424	0.424
  2025	-0.217339	-0.424	0.424
  2026	-0.191384	-0.424	0.424
  2027	-0.165949	-0.424	0.424
  2028	-0.220765	-0.424	0.424
  2029	-0.207548	-0.424	0.424
  2030	-0.164727	-0.424	0.424
  2031	-0.184798	-0.424	0.424
  2032	-0.201249	-0.424	0.424
  2033	-0.206552	-0.424	0.424
  2034	-0.214781	-0.424	0.424
  2035	-0.190366	-0.424	0.424
  2036	-0.212816	-0.424	0.424
  2037	-0.16828	-0.424	0.424
  2038	-0.194297	-0.424	0.424
  2039	-0.197588	-0.424	0.424
  2040	-0.223253	-0.424	0.424
  2041	-0.202254	-0.424	0.424
  2042	-0.188435	-0.424	0.424
  2043	-0.194603	-0.424	0.424
  2044	-0.196669	-0.424	0.424
  2045	-0.160038	-0.424	0.424
  2046	-0.209185	-0.424	0.424
  2047	-0.18594	-0.424	0.424
  2048	-0.202085	-0.424	0.424
  2049	-0.200245	-0.424	0.424
  2050	-0.197764	-0.424	0.424
  2051	-0.216894	-0.424	0.424
  2052	-0.188046	-0.424	0.424
  2053	-0.187679	-0.424	0.424
  2054	-0.231934	-0.424	0.424
  2055	-0.183201	-0.424	0.424
  2056	-0.183526	-0.424	0.424
  2057	-0.194926	-0.424	0.424
  2058	-0.198225	-0.424	0.424
  2059	-0.167306	-0.424	0.424
  2060	-0.215339	-0.424	0.424
  2061	-0.222171	-0.424	0.424
  2062	-0.206175	-0.424	0.424
  2063	-0.195918	-0.424	0.424
  2064	-0.170744	-0.424	0.424
  2065	-0.201951	-0.424	0.424
  2066	-0.195739	-0.424	0.424
  2067	-0.184606	-0.424	0.424
  2068	-0.193787	-0.424	0.424
  2069	-0.211072	-0.424	0.424
  2070	-0.164391	-0.424	0.424
  2071	-0.192432	-0.424	0.424
  2072	-0.214798	-0.424	0.424
  2073	-0.198783	-0.424	0.424
  2074	-0.18636	-0.424	0.424
  2075	-0.195673	-0.424	0.424
  2076	-0.171167	-0.424	0.424
  2077	-0.219295	-0.424	0.424
  2078	-0.17973	-0.424	0.424
  2079	-0.220815	-0.424	0.424
  2080	-0.153838	-0.424	0.424
  2081	-0.197404	-0.424	0.424
  2082	-0.179589	-0.424	0.424
  2083	-0.210691	-0.424	0.424
  2084	-0.197397	-0.424	0.424
  2085	-0.182013	-0.424	0.424
  2086	-0.181935	-0.424	0.424
  2087	-0.227772	-0.424	0.424
  2088	-0.136502	-0.424	0.424
  2089	-0.184323	-0.424	0.424
  2090	-0.18438	-0.424	0.424
  2091	-0.172586	-0.424	0.424
  2092	-0.170097	-0.424	0.424
  2093	-0.211927	-0.424	0.424
  2094	-0.195037	-0.424	0.424
  2095	-0.193857	-0.424	0.424
  2096	-0.215251	-0.424	0.424
  2097	-0.180192	-0.424	0.424
  2098	-0.199273	-0.424	0.424
  2099	-0.228572	-0.424	0.424
  2100	-0.228733	-0.424	0.424
  2101	-0.159918	-0.424	0.424
  2102	-0.191703	-0.424	0.424
  2103	-0.194263	-0.424	0.424
  2104	-0.19925	-0.424	0.424
  2105	-0.206004	-0.424	0.424
  2106	-0.215508	-0.424	0.424
  2107	-0.208905	-0.424	0.424
  2108	-0.194701	-0.424	0.424
  2109	-0.229068	-0.424	0.424
  2110	-0.226348	-0.424	0.424
  2111	-0.194435	-0.424	0.424
  2112	-0.219773	-0.424	0.424
  2113	-0.19824	-0.424	0.424
  2114	-0.214704	-0.424	0.424
  2115	-0.18109	-0.424	0.424
  2116	-0.213235	-0.424	0.424
  2117	-0.211782	-0.424	0.424
  2118	-0.195845	-0.424	0.424
  2119	-0.160043	-0.424	0.424
  2120	-0.210368	-0.424	0.424
  2121	-0.205036	-0.424	0.424
  2122	-0.216596	-0.424	0.424
  2123	-0.198872	-0.424	0.424
  2124	-0.18943	-0.424	0.424
  2125	-0.173056	-0.424	0.424
  2126	-0.175937	-0.424	0.424
  2127	-0.212274	-0.424	0.424
  2128	-0.215197	-0.424	0.424
  2129	-0.22058	-0.424	0.424
  2130	-0.206038	-0.424	0.424
  2131	-0.190305	-0.424	0.424
  2132	-0.22113	-0.424	0.424
  2133	-0.149345	-0.424	0.424
  2134	-0.21584	-0.424	0.424
  2135	-0.219682	-0.424	0.424
  2136	-0.203843	-0.424	0.424
  2137	-0.190455	-0.424	0.424
  2138	-0.194419	-0.424	0.424
  2139	-0.204997	-0.424	0.424
  2140	-0.195056	-0.424	0.424
  2141	-0.21858	-0.424	0.424
  2142	-0.209896	-0.424	0.424
  2143	-0.190982	-0.424	0.424
  2144	-0.181139	-0.424	0.424
  2145	-0.177185	-0.424	0.424
  2146	-0.181723	-0.424	0.424
  2147	-0.181004	-0.424	0.424
  2148	-0.180194	-0.424	0.424
  2149	-0.195689	-0.424	0.424
  2150	-0.228511	-0.424	0.424
  2151	-0.151916	-0.424	0.424
  2152	-0.180028	-0.424	0.424
  2153	-0.204969	-0.424	0.424
  2154	-0.169116	-0.424	0.424
  2155	-0.205196	-0.424	0.424
  2156	-0.218202	-0.424	0.424
  2157	-0.212062	-0.424	0.424
  2158	-0.202432	-0.424	0.424
  2159	-0.198722	-0.424	0.424
  2160	-0.166904	-0.424	0.424
  2161	-0.186166	-0.424	0.424
  2162	-0.190087	-0.424	0.424
  2163	-0.21011	-0.424	0.424
  2164	-0.190806	-0.424	0.424
  2165	-0.166988	-0.424	0.424
  2166	-0.195626	-0.424	0.424
  2167	-0.193141	-0.424	0.424
  2168	-0.211071	-0.424	0.424
  2169	-0.233257	-0.424	0.424
  2170	-0.20307	-0.424	0.424
  2171	-0.162902	-0.424	0.424
  2172	-0.164778	-0.424	0.424
  2173	-0.198047	-0.424	0.424
  2174	-0.179335	-0.424	0.424
  2175	-0.212754	-0.424	0.424
  2176	-0.199282	-0.424	0.424
  2177	-0.18284	-0.424	0.424
  2178	-0.189668	-0.424	0.424
  2179	-0.221889	-0.424	0.424
  2180	-0.192255	-0.424	0.424
  2181	-0.1804	-0.424	0.424
  2182	-0.180066	-0.424	0.424
  2183	-0.180857	-0.424	0.424
  2184	-0.222873	-0.424	0.424
  2185	-0.175798	-0.424	0.424
  2186	-0.175369	-0.424	0.424
  2187	-0.163543	-0.424	0.424
  2188	-0.196237	-0.424	0.424
  2189	-0.19434	-0.424	0.424
  2190	-0.201922	-0.424	0.424
  2191	-0.172499	-0.424	0.424
  2192	-0.201607	-0.424	0.424
  2193	-0.203205	-0.424	0.424
  2194	-0.202059	-0.424	0.424
  2195	-0.214676	-0.424	0.424
  2196	-0.152258	-0.424	0.424
  2197	-0.20241	-0.424	0.424
  2198	-0.210449	-0.424	0.424
  2199	-0.206728	-0.424	0.424
  2200	-0.202652	-0.424	0.424
  2201	-0.212812	-0.424	0.424
  2202	-0.175623	-0.424	0.424
  2203	-0.19769	-0.424	0.424
  2204	-0.204406	-0.424	0.424
  2205	-0.192084	-0.424	0.424
  2206	-0.193057	-0.424	0.424
  2207	-0.133368	-0.424	0.424
  2208	-0.218938	-0.424	0.424
  2209	-0.151637	-0.424	0.424
  2210	-0.199926	-0.424	0.424
  2211	-0.174826	-0.424	0.424
  2212	-0.220493	-0.424	0.424
  2213	-0.196783	-0.424	0.424
  2214	-0.232496	-0.424	0.424
  2215	-0.207474	-0.424	0.424
  2216	-0.181108	-0.424	0.424
  2217	-0.224295	-0.424	0.424
  2218	-0.219251	-0.424	0.424
  2219	-0.154901	-0.424	0.424
  2220	-0.196873	-0.424	0.424
  2221	-0.183439	-0.424	0.424
  2222	-0.205489	-0.424	0.424
  2223	-0.144177	-0.424	0.424
  2224	-0.169156	-0.424	0.424
  2225	-0.197198	-0.424	0.424
  2226	-0.20093	-0.424	0.424
  2227	-0.193982	-0.424	0.424
  2228	-0.217625	-0.424	0.424
  2229	-0.197741	-0.424	0.424
  2230	-0.162946	-0.424	0.424
  2231	-0.19695	-0.424	0.424
  2232	-0.200548	-0.424	0.424
  2233	-0.162978	-0.424	0.424
  2234	-0.200694	-0.424	0.424
  2235	-0.205967	-0.424	0.424
  2236	-0.172599	-0.424	0.424
  2237	-0.215296	-0.424	0.424
  2238	-0.201555	-0.424	0.424
  2239	-0.168859	-0.424	0.424
  2240	-0.203841	-0.424	0.424
  2241	-0.222341	-0.424	0.424
  2242	-0.192128	-0.424	0.424
  2243	-0.165166	-0.424	0.424
  2244	-0.205951	-0.424	0.424
  2245	-0.202143	-0.424	0.424
  2246	-0.188768	-0.424	0.424
  2247	-0.166811	-0.424	0.424
  2248	-0.204263	-0.424	0.424
  2249	-0.191605	-0.424	0.424
  2250	-0.179751	-0.424	0.424
  2251	-0.221635	-0.424	0.424
  2252	-0.193817	-0.424	0.424
  2253	-0.226198	-0.424	0.424
  2254	-0.185584	-0.424	0.424
  2255	-0.18328	-0.424	0.424
  2256	-0.176394	-0.424	0.424
  2257	-0.206409	-0.424	0.424
  2258	-0.209495	-0.424	0.424
  2259	-0.203098	-0.424	0.424
  2260	-0.209443	-0.424	0.424
  2261	-0.168495	-0.424	0.424
  2262	-0.213121	-0.424	0.424
  2263	-0.21631	-0.424	0.424
  2264	-0.219986	-0.424	0.424
  2265	-0.204055	-0.424	0.424
  2266	-0.190581	-0.424	0.424
  2267	-0.205823	-0.424	0.424
  2268	-0.202093	-0.424	0.424
  2269	-0.171681	-0.424	0.424
  2270	-0.189525	-0.424	0.424
  2271	-0.185965	-0.424	0.424
  2272	-0.199624	-0.424	0.424
  2273	-0.217728	-0.424	0.424
  2274	-0.199098	-0.424	0.424
  2275	-0.195104	-0.424	0.424
  2276	-0.217181	-0.424	0.424
  2277	-0.205268	-0.424	0.424
  2278	-0.150825	-0.424	0.424
  2279	-0.182584	-0.424	0.424
  2280	-0.214733	-0.424	0.424
  2281	-0.207316	-0.424	0.424
  2282	-0.2075	-0.424	0.424
  2283	-0.216675	-0.424	0.424
  2284	-0.214281	-0.424	0.424
  2285	-0.186518	-0.424	0.424
  2286	-0.165932	-0.424	0.424
  2287	-0.211711	-0.424	0.424
  2288	-0.204539	-0.424	0.424
  2289	-0.17738	-0.424	0.424
  2290	-0.212207	-0.424	0.424
  2291	-0.200233	-0.424	0.424
  2292	-0.213967	-0.424	0.424
  2293	-0.186719	-0.424	0.424
  2294	-0.179773	-0.424	0.424
  2295	-0.223922	-0.424	0.424
  2296	-0.200895	-0.424	0.424
  2297	-0.183639	-0.424	0.424
  2298	-0.193501	-0.424	0.424
  2299	-0.191852	-0.424	0.424
  2300	-0.205214	-0.424	0.424
  2301	-0.217703	-0.424	0.424
  2302	-0.174275	-0.424	0.424
  2303	-0.192169	-0.424	0.424
  2304	-0.225088	-0.424	0.424
  2305	-0.218937	-0.424	0.424
  2306	-0.178182	-0.424	0.424
  2307	-0.208657	-0.424	0.424
  2308	-0.181339	-0.424	0.424
  2309	-0.165118	-0.424	0.424
  2310	-0.223272	-0.424	0.424
  2311	-0.139101	-0.424	0.424
  2312	-0.174302	-0.424	0.424
  2313	-0.212989	-0.424	0.424
  2314	-0.188037	-0.424	0.424
  2315	-0.183965	-0.424	0.424
  2316	-0.208511	-0.424	0.424
  2317	-0.201122	-0.424	0.424
  2318	-0.20566	-0.424	0.424
  2319	-0.17388	-0.424	0.424
  2320	-0.221123	-0.424	0.424
  2321	-0.224152	-0.424	0.424
  2322	-0.212869	-0.424	0.424
  2323	-0.191173	-0.424	0.424
  2324	-0.163697	-0.424	0.424
  2325	-0.208366	-0.424	0.424
  2326	-0.191393	-0.424	0.424
  2327	-0.214616	-0.424	0.424
  2328	-0.18783	-0.424	0.424
  2329	-0.190848	-0.424	0.424
  2330	-0.228183	-0.424	0.424
  2331	-0.211466	-0.424	0.424
  2332	-0.209724	-0.424	0.424
  2333	-0.21355	-0.424	0.424
  2334	-0.227998	-0.424	0.424
  2335	-0.174562	-0.424	0.424
  2336	-0.218003	-0.424	0.424
  2337	-0.177449	-0.424	0.424
  2338	-0.188725	-0.424	0.424
  2339	-0.195679	-0.424	0.424
  2340	-0.18201	-0.424	0.424
  2341	-0.183357	-0.424	0.424
  2342	-0.216067	-0.424	0.424
  2343	-0.196821	-0.424	0.424
  2344	-0.220153	-0.424	0.424
  2345	-0.175746	-0.424	0.424
  2346	-0.175213	-0.424	0.424
  2347	-0.222932	-0.424	0.424
  2348	-0.173002	-0.424	0.424
  2349	-0.22405	-0.424	0.424
  2350	-0.155255	-0.424	0.424
  2351	-0.197415	-0.424	0.424
  2352	-0.213808	-0.424	0.424
  2353	-0.186278	-0.424	0.424
  2354	-0.215338	-0.424	0.424
  2355	-0.190064	-0.424	0.424
  2356	-0.182676	-0.424	0.424
  2357	-0.169438	-0.424	0.424
  2358	-0.191379	-0.424	0.424
  2359	-0.201266	-0.424	0.424
  2360	-0.204104	-0.424	0.424
  2361	-0.199657	-0.424	0.424
  2362	-0.18619	-0.424	0.424
  2363	-0.15312	-0.424	0.424
  2364	-0.19617	-0.424	0.424
  2365	-0.198697	-0.424	0.424
  2366	-0.197941	-0.424	0.424
  2367	-0.167677	-0.424	0.424
  2368	-0.16596	-0.424	0.424
  2369	-0.18039	-0.424	0.424
  2370	-0.205066	-0.424	0.424
  2371	-0.225706	-0.424	0.424
  2372	-0.218433	-0.424	0.424
  2373	-0.181349	-0.424	0.424
  2374	-0.183458	-0.424	0.424
  2375	-0.205991	-0.424	0.424
  2376	-0.172606	-0.424	0.424
  2377	-0.190551	-0.424	0.424
  2378	-0.205878	-0.424	0.424
  2379	-0.207677	-0.424	0.424
  2380	-0.176981	-0.424	0.424
  2381	-0.225102	-0.424	0.424
  2382	-0.194162	-0.424	0.424
  2383	-0.202221	-0.424	0.424
  2384	-0.183285	-0.424	0.424
  2385	-0.192841	-0.424	0.424
  2386	-0.201013	-0.424	0.424
  2387	-0.192978	-0.424	0.424
  2388	-0.217482	-0.424	0.424
  2389	-0.202122	-0.424	0.424
  2390	-0.209564	-0.424	0.424
  2391	-0.212804	-0.424	0.424
  2392	-0.205697	-0.424	0.424
  2393	-0.205649	-0.424	0.424
  2394	-0.203398	-0.424	0.424
  2395	-0.179742	-0.424	0.424
  2396	-0.209709	-0.424	0.424
  2397	-0.20667	-0.424	0.424
  2398	-0.210388	-0.424	0.424
  2399	-0.188022	-0.424	0.424
  2400	-0.184482	-0.424	0.424
  2401	-0.205038	-0.424	0.424
  2402	-0.180094	-0.424	0.424
  2403	-0.154596	-0.424	0.424
  2404	-0.191392	-0.424	0.424
  2405	-0.172744	-0.424	0.424
  2406	-0.204243	-0.424	0.424
  2407	-0.207828	-0.424	0.424
  2408	-0.215469	-0.424	0.424
  2409	-0.202946	-0.424	0.424
  2410	-0.188947	-0.424	0.424
  2411	-0.222284	-0.424	0.424
  2412	-0.190006	-0.424	0.424
  2413	-0.200718	-0.424	0.424
  2414	-0.206887	-0.424	0.424
  2415	-0.221885	-0.424	0.424
  2416	-0.17259	-0.424	0.424
  2417	-0.220613	-0.424	0.424
  2418	-0.20687	-0.424	0.424
  2419	-0.172835	-0.424	0.424
  2420	-0.189149	-0.424	0.424
  2421	-0.192608	-0.424	0.424
  2422	-0.205579	-0.424	0.424
  2423	-0.214688	-0.424	0.424
  2424	-0.197371	-0.424	0.424
  2425	-0.178432	-0.424	0.424
  2426	-0.218092	-0.424	0.424
  2427	-0.178547	-0.424	0.424
  2428	-0.207366	-0.424	0.424
  2429	-0.185644	-0.424	0.424
  2430	-0.204979	-0.424	0.424
  2431	-0.210051	-0.424	0.424
  2432	-0.203606	-0.424	0.424
  2433	-0.191171	-0.424	0.424
  2434	-0.191273	-0.424	0.424
  2435	-0.213601	-0.424	0.424
  2436	-0.197512	-0.424	0.424
  2437	-0.170965	-0.424	0.424
  2438	-0.212407	-0.424	0.424
  2439	-0.195087	-0.424	0.424
  2440	-0.199138	-0.424	0.424
  2441	-0.180284	-0.424	0.424
  2442	-0.210957	-0.424	0.424
  2443	-0.213657	-0.424	0.424
  2444	-0.169633	-0.424	0.424
  2445	-0.228981	-0.424	0.424
  2446	-0.192925	-0.424	0.424
  2447	-0.21271	-0.424	0.424
  2448	-0.204737	-0.424	0.424
  2449	-0.2118	-0.424	0.424
  2450	-0.209181	-0.424	0.424
  2451	-0.199138	-0.424	0.424
  2452	-0.17949	-0.424	0.424
  2453	-0.193456	-0.424	0.424
  2454	-0.199999	-0.424	0.424
  2455	-0.19877	-0.424	0.424
  2456	-0.215646	-0.424	0.424
  2457	-0.221194	-0.424	0.424
  2458	-0.201137	-0.424	0.424
  2459	-0.199867	-0.424	0.424
  2460	-0.184116	-0.424	0.424
  2461	-0.207712	-0.424	0.424
  2462	-0.172963	-0.424	0.424
  2463	-0.210099	-0.424	0.424
  2464	-0.182878	-0.424	0.424
  2465	-0.170167	-0.424	0.424
  2466	-0.204313	-0.424	0.424
  2467	-0.171829	-0.424	0.424
  2468	-0.207612	-0.424	0.424
  2469	-0.21447	-0.424	0.424
  2470	-0.226533	-0.424	0.424
  2471	-0.152791	-0.424	0.424
  2472	-0.196759	-0.424	0.424
  2473	-0.201613	-0.424	0.424
  2474	-0.205151	-0.424	0.424
  2475	-0.185393	-0.424	0.424
  2476	-0.189781	-0.424	0.424
  2477	-0.221455	-0.424	0.424
  2478	-0.205536	-0.424	0.424
  2479	-0.205944	-0.424	0.424
  2480	-0.195891	-0.424	0.424
  2481	-0.173368	-0.424	0.424
  2482	-0.168057	-0.424	0.424
  2483	-0.194468	-0.424	0.424
  2484	-0.178658	-0.424	0.424
  2485	-0.192041	-0.424	0.424
  2486	-0.216839	-0.424	0.424
  2487	-0.201572	-0.424	0.424
  2488	-0.19967	-0.424	0.424
  2489	-0.223675	-0.424	0.424
  2490	-0.194825	-0.424	0.424
  2491	-0.212603	-0.424	0.424
  2492	-0.18466	-0.424	0.424
  2493	-0.164478	-0.424	0.424
  2494	-0.201542	-0.424	0.424
  2495	-0.208754	-0.424	0.424
  2496	-0.188512	-0.424	0.424
  2497	-0.213893	-0.424	0.424
  2498	-0.185235	-0.424	0.424
  2499	-0.204954	-0.424	0.424
  2500	-0.16429	-0.424	0.424
  2501	-0.188366	-0.424	0.424
  2502	-0.190677	-0.424	0.424
  2503	-0.205629	-0.424	0.424
  2504	-0.202645	-0.424	0.424
  2505	-0.127054	-0.424	0.424
  2506	-0.205981	-0.424	0.424
  2507	-0.208415	-0.424	0.424
  2508	-0.193708	-0.424	0.424
  2509	-0.206222	-0.424	0.424
  2510	-0.203034	-0.424	0.424
  2511	-0.198648	-0.424	0.424
  2512	-0.210037	-0.424	0.424
  2513	-0.186974	-0.424	0.424
  2514	-0.221668	-0.424	0.424
  2515	-0.21291	-0.424	0.424
  2516	-0.203392	-0.424	0.424
  2517	-0.16094	-0.424	0.424
  2518	-0.193529	-0.424	0.424
  2519	-0.214221	-0.424	0.424
  2520	-0.193815	-0.424	0.424
  2521	-0.198684	-0.424	0.424
  2522	-0.213155	-0.424	0.424
  2523	-0.188478	-0.424	0.424
  2524	-0.194308	-0.424	0.424
  2525	-0.217686	-0.424	0.424
  2526	-0.205073	-0.424	0.424
  2527	-0.217373	-0.424	0.424
  2528	-0.178807	-0.424	0.424
  2529	-0.183579	-0.424	0.424
  2530	-0.194187	-0.424	0.424
  2531	-0.216776	-0.424	0.424
  2532	-0.200479	-0.424	0.424
  2533	-0.156101	-0.424	0.424
  2534	-0.218071	-0.424	0.424
  2535	-0.204574	-0.424	0.424
  2536	-0.20004	-0.424	0.424
  2537	-0.195637	-0.424	0.424
  2538	-0.180475	-0.424	0.424
  2539	-0.218653	-0.424	0.424
  2540	-0.207301	-0.424	0.424
  2541	-0.188586	-0.424	0.424
  2542	-0.214306	-0.424	0.424
  2543	-0.175885	-0.424	0.424
  2544	-0.196395	-0.424	0.424
  2545	-0.217313	-0.424	0.424
  2546	-0.195055	-0.424	0.424
  2547	-0.216218	-0.424	0.424
  2548	-0.231272	-0.424	0.424
  2549	-0.150955	-0.424	0.424
  2550	-0.213724	-0.424	0.424
  2551	-0.18458	-0.424	0.424
  2552	-0.186456	-0.424	0.424
  2553	-0.193557	-0.424	0.424
  2554	-0.211247	-0.424	0.424
  2555	-0.186384	-0.424	0.424
  2556	-0.177104	-0.424	0.424
  2557	-0.168061	-0.424	0.424
  2558	-0.183761	-0.424	0.424
  2559	-0.197508	-0.424	0.424
  2560	-0.180609	-0.424	0.424
  2561	-0.176597	-0.424	0.424
  2562	-0.215085	-0.424	0.424
  2563	-0.208793	-0.424	0.424
  2564	-0.215708	-0.424	0.424
  2565	-0.215535	-0.424	0.424
  2566	-0.190439	-0.424	0.424
  2567	-0.188111	-0.424	0.424
  2568	-0.19181	-0.424	0.424
  2569	-0.173459	-0.424	0.424
  2570	-0.212683	-0.424	0.424
  2571	-0.203844	-0.424	0.424
  2572	-0.205223	-0.424	0.424
  2573	-0.211766	-0.424	0.424
  2574	-0.185717	-0.424	0.424
  2575	-0.205902	-0.424	0.424
  2576	-0.186642	-0.424	0.424
  2577	-0.18041	-0.424	0.424
  2578	-0.197907	-0.424	0.424
  2579	-0.221492	-0.424	0.424
  2580	-0.233292	-0.424	0.424
  2581	-0.209837	-0.424	0.424
  2582	-0.180587	-0.424	0.424
  2583	-0.212806	-0.424	0.424
  2584	-0.201211	-0.424	0.424
  2585	-0.186312	-0.424	0.424
  2586	-0.187882	-0.424	0.424
  2587	-0.218778	-0.424	0.424
  2588	-0.154195	-0.424	0.424
  2589	-0.187648	-0.424	0.424
  2590	-0.201806	-0.424	0.424
  2591	-0.195892	-0.424	0.424
  2592	-0.203454	-0.424	0.424
  2593	-0.205072	-0.424	0.424
  2594	-0.213528	-0.424	0.424
  2595	-0.210267	-0.424	0.424
  2596	-0.194333	-0.424	0.424
  2597	-0.184912	-0.424	0.424
  2598	-0.204533	-0.424	0.424
  2599	-0.21952	-0.424	0.424
  2600	-0.204096	-0.424	0.424
  2601	-0.186508	-0.424	0.424
  2602	-0.176986	-0.424	0.424
  2603	-0.223591	-0.424	0.424
  2604	-0.206649	-0.424	0.424
  2605	-0.208505	-0.424	0.424
  2606	-0.210767	-0.424	0.424
  2607	-0.21762	-0.424	0.424
  2608	-0.175186	-0.424	0.424
  2609	-0.215784	-0.424	0.424
  2610	-0.180855	-0.424	0.424
  2611	-0.200799	-0.424	0.424
  2612	-0.195864	-0.424	0.424
  2613	-0.205054	-0.424	0.424
  2614	-0.21013	-0.424	0.424
  2615	-0.206851	-0.424	0.424
  2616	-0.213004	-0.424	0.424
  2617	-0.214607	-0.424	0.424
  2618	-0.224494	-0.424	0.424
  2619	-0.195398	-0.424	0.424
  2620	-0.22467	-0.424	0.424
  2621	-0.217061	-0.424	0.424
  2622	-0.209983	-0.424	0.424
  2623	-0.203341	-0.424	0.424
  2624	-0.195017	-0.424	0.424
  2625	-0.196723	-0.424	0.424
  2626	-0.198451	-0.424	0.424
  2627	-0.184542	-0.424	0.424
  2628	-0.174516	-0.424	0.424
  2629	-0.2176	-0.424	0.424
  2630	-0.199917	-0.424	0.424
  2631	-0.218459	-0.424	0.424
  2632	-0.186774	-0.424	0.424
  2633	-0.188531	-0.424	0.424
  2634	-0.184702	-0.424	0.424
  2635	-0.191783	-0.424	0.424
  2636	-0.182457	-0.424	0.424
  2637	-0.193745	-0.424	0.424
  2638	-0.167059	-0.424	0.424
  2639	-0.200558	-0.424	0.424
  2640	-0.179555	-0.424	0.424
  2641	-0.190063	-0.424	0.424
  2642	-0.185782	-0.424	0.424
  2643	-0.204061	-0.424	0.424
  2644	-0.182885	-0.424	0.424
  2645	-0.198734	-0.424	0.424
  2646	-0.203293	-0.424	0.424
  2647	-0.160947	-0.424	0.424
  2648	-0.19985	-0.424	0.424
  2649	-0.214674	-0.424	0.424
  2650	-0.195177	-0.424	0.424
  2651	-0.20662	-0.424	0.424
  2652	-0.188652	-0.424	0.424
  2653	-0.189133	-0.424	0.424
  2654	-0.183955	-0.424	0.424
  2655	-0.21856	-0.424	0.424
  2656	-0.206809	-0.424	0.424
  2657	-0.218074	-0.424	0.424
  2658	-0.191988	-0.424	0.424
  2659	-0.213755	-0.424	0.424
  2660	-0.201244	-0.424	0.424
  2661	-0.199081	-0.424	0.424
  2662	-0.214892	-0.424	0.424
  2663	-0.187252	-0.424	0.424
  2664	-0.215299	-0.424	0.424
  2665	-0.201379	-0.424	0.424
  2666	-0.167136	-0.424	0.424
  2667	-0.20323	-0.424	0.424
  2668	-0.186937	-0.424	0.424
  2669	-0.198165	-0.424	0.424
  2670	-0.197139	-0.424	0.424
  2671	-0.167997	-0.424	0.424
  2672	-0.197961	-0.424	0.424
  2673	-0.197672	-0.424	0.424
  2674	-0.182273	-0.424	0.424
  2675	-0.193497	-0.424	0.424
  2676	-0.179829	-0.424	0.424
  2677	-0.190708	-0.424	0.424
  2678	-0.186149	-0.424	0.424
  2679	-0.198097	-0.424	0.424
  2680	-0.214839	-0.424	0.424
  2681	-0.187812	-0.424	0.424
  2682	-0.218865	-0.424	0.424
  2683	-0.21046	-0.424	0.424
  2684	-0.195063	-0.424	0.424
  2685	-0.175335	-0.424	0.424
  2686	-0.223771	-0.424	0.424
  2687	-0.178778	-0.424	0.424
  2688	-0.168337	-0.424	0.424
  2689	-0.196008	-0.424	0.424
  2690	-0.21143	-0.424	0.424
  2691	-0.200572	-0.424	0.424
  2692	-0.171645	-0.424	0.424
  2693	-0.218998	-0.424	0.424
  2694	-0.206191	-0.424	0.424
  2695	-0.20401	-0.424	0.424
  2696	-0.184475	-0.424	0.424
  2697	-0.206188	-0.424	0.424
  2698	-0.178092	-0.424	0.424
  2699	-0.169062	-0.424	0.424
  2700	-0.205314	-0.424	0.424
  2701	-0.201719	-0.424	0.424
  2702	-0.196031	-0.424	0.424
  2703	-0.170349	-0.424	0.424
  2704	-0.193812	-0.424	0.424
  2705	-0.21468	-0.424	0.424
  2706	-0.19964	-0.424	0.424
  2707	-0.214588	-0.424	0.424
  2708	-0.193298	-0.424	0.424
  2709	-0.150559	-0.424	0.424
  2710	-0.22136	-0.424	0.424
  2711	-0.202384	-0.424	0.424
  2712	-0.189993	-0.424	0.424
  2713	-0.220482	-0.424	0.424
  2714	-0.195742	-0.424	0.424
  2715	-0.194141	-0.424	0.424
  2716	-0.162325	-0.424	0.424
  2717	-0.177744	-0.424	0.424
  2718	-0.214285	-0.424	0.424
  2719	-0.214765	-0.424	0.424
  2720	-0.165658	-0.424	0.424
  2721	-0.181131	-0.424	0.424
  2722	-0.190097	-0.424	0.424
  2723	-0.176201	-0.424	0.424
  2724	-0.194591	-0.424	0.424
  2725	-0.18867	-0.424	0.424
  2726	-0.197922	-0.424	0.424
  2727	-0.197108	-0.424	0.424
  2728	-0.210222	-0.424	0.424
  2729	-0.19439	-0.424	0.424
  2730	-0.181996	-0.424	0.424
  2731	-0.21272	-0.424	0.424
  2732	-0.2054	-0.424	0.424
  2733	-0.196726	-0.424	0.424
  2734	-0.214199	-0.424	0.424
  2735	-0.205634	-0.424	0.424
  2736	-0.206791	-0.424	0.424
  2737	-0.217126	-0.424	0.424
  2738	-0.166915	-0.424	0.424
  2739	-0.184069	-0.424	0.424
  2740	-0.202685	-0.424	0.424
  2741	-0.170104	-0.424	0.424
  2742	-0.204931	-0.424	0.424
  2743	-0.208505	-0.424	0.424
  2744	-0.206789	-0.424	0.424
  2745	-0.196779	-0.424	0.424
  2746	-0.202452	-0.424	0.424
  2747	-0.207949	-0.424	0.424
  2748	-0.215818	-0.424	0.424
  2749	-0.184553	-0.424	0.424
  2750	-0.217433	-0.424	0.424
  2751	-0.206052	-0.424	0.424
  2752	-0.152286	-0.424	0.424
  2753	-0.173565	-0.424	0.424
  2754	-0.198785	-0.424	0.424
  2755	-0.174816	-0.424	0.424
  2756	-0.192345	-0.424	0.424
  2757	-0.19347	-0.424	0.424
  2758	-0.221985	-0.424	0.424
  2759	-0.199895	-0.424	0.424
  2760	-0.195884	-0.424	0.424
  2761	-0.198136	-0.424	0.424
  2762	-0.183174	-0.424	0.424
  2763	-0.172976	-0.424	0.424
  2764	-0.194621	-0.424	0.424
  2765	-0.204742	-0.424	0.424
  2766	-0.209148	-0.424	0.424
  2767	-0.201219	-0.424	0.424
  2768	-0.202261	-0.424	0.424
  2769	-0.214581	-0.424	0.424
  2770	-0.202909	-0.424	0.424
  2771	-0.205995	-0.424	0.424
  2772	-0.218274	-0.424	0.424
  2773	-0.181013	-0.424	0.424
  2774	-0.19874	-0.424	0.424
  2775	-0.202364	-0.424	0.424
  2776	-0.192053	-0.424	0.424
  2777	-0.156723	-0.424	0.424
  2778	-0.196455	-0.424	0.424
  2779	-0.232438	-0.424	0.424
  2780	-0.214649	-0.424	0.424
  2781	-0.151719	-0.424	0.424
  2782	-0.204375	-0.424	0.424
  2783	-0.205609	-0.424	0.424
  2784	-0.205909	-0.424	0.424
  2785	-0.188264	-0.424	0.424
  2786	-0.211582	-0.424	0.424
  2787	-0.188122	-0.424	0.424
  2788	-0.20016	-0.424	0.424
  2789	-0.210333	-0.424	0.424
  2790	-0.210189	-0.424	0.424
  2791	-0.219331	-0.424	0.424
  2792	-0.198648	-0.424	0.424
  2793	-0.199878	-0.424	0.424
  2794	-0.164916	-0.424	0.424
  2795	-0.203156	-0.424	0.424
  2796	-0.221415	-0.424	0.424
  2797	-0.199995	-0.424	0.424
  2798	-0.179204	-0.424	0.424
  2799	-0.19181	-0.424	0.424
  2800	-0.199349	-0.424	0.424
  2801	-0.217444	-0.424	0.424
  2802	-0.209559	-0.424	0.424
  2803	-0.191245	-0.424	0.424
  2804	-0.196901	-0.424	0.424
  2805	-0.205877	-0.424	0.424
  2806	-0.202798	-0.424	0.424
  2807	-0.174348	-0.424	0.424
  2808	-0.19786	-0.424	0.424
  2809	-0.196798	-0.424	0.424
  2810	-0.210746	-0.424	0.424
  2811	-0.201857	-0.424	0.424
  2812	-0.196845	-0.424	0.424
  2813	-0.208099	-0.424	0.424
  2814	-0.180856	-0.424	0.424
  2815	-0.194373	-0.424	0.424
  2816	-0.198653	-0.424	0.424
  2817	-0.156346	-0.424	0.424
  2818	-0.219205	-0.424	0.424
  2819	-0.176885	-0.424	0.424
  2820	-0.152723	-0.424	0.424
  2821	-0.202963	-0.424	0.424
  2822	-0.187232	-0.424	0.424
  2823	-0.223851	-0.424	0.424
  2824	-0.191806	-0.424	0.424
  2825	-0.160114	-0.424	0.424
  2826	-0.212217	-0.424	0.424
  2827	-0.201795	-0.424	0.424
  2828	-0.205208	-0.424	0.424
  2829	-0.199574	-0.424	0.424
  2830	-0.224167	-0.424	0.424
  2831	-0.189445	-0.424	0.424
  2832	-0.222547	-0.424	0.424
  2833	-0.17137	-0.424	0.424
  2834	-0.192196	-0.424	0.424
  2835	-0.222031	-0.424	0.424
  2836	-0.190482	-0.424	0.424
  2837	-0.191717	-0.424	0.424
  2838	-0.173584	-0.424	0.424
  2839	-0.223363	-0.424	0.424
  2840	-0.211179	-0.424	0.424
  2841	-0.168999	-0.424	0.424
  2842	-0.202876	-0.424	0.424
  2843	-0.157999	-0.424	0.424
  2844	-0.216226	-0.424	0.424
  2845	-0.162995	-0.424	0.424
  2846	-0.218318	-0.424	0.424
  2847	-0.144206	-0.424	0.424
  2848	-0.212644	-0.424	0.424
  2849	-0.19197	-0.424	0.424
  2850	-0.215001	-0.424	0.424
  2851	-0.219817	-0.424	0.424
  2852	-0.198639	-0.424	0.424
  2853	-0.198856	-0.424	0.424
  2854	-0.21838	-0.424	0.424
  2855	-0.21179	-0.424	0.424
  2856	-0.21269	-0.424	0.424
  2857	-0.214545	-0.424	0.424
  2858	-0.193271	-0.424	0.424
  2859	-0.187771	-0.424	0.424
  2860	-0.211801	-0.424	0.424
  2861	-0.195432	-0.424	0.424
  2862	-0.211495	-0.424	0.424
  2863	-0.209864	-0.424	0.424
  2864	-0.192842	-0.424	0.424
  2865	-0.183685	-0.424	0.424
  2866	-0.215804	-0.424	0.424
  2867	-0.214922	-0.424	0.424
  2868	-0.198788	-0.424	0.424
  2869	-0.203685	-0.424	0.424
  2870	-0.213907	-0.424	0.424
  2871	-0.203178	-0.424	0.424
  2872	-0.210735	-0.424	0.424
  2873	-0.194467	-0.424	0.424
  2874	-0.176855	-0.424	0.424
  2875	-0.186546	-0.424	0.424
  2876	-0.213761	-0.424	0.424
  2877	-0.188332	-0.424	0.424
  2878	-0.210743	-0.424	0.424
  2879	-0.215921	-0.424	0.424
  2880	-0.183176	-0.424	0.424
  2881	-0.201669	-0.424	0.424
  2882	-0.201652	-0.424	0.424
  2883	-0.20585	-0.424	0.424
  2884	-0.195688	-0.424	0.424
  2885	-0.219405	-0.424	0.424
  2886	-0.176021	-0.424	0.424
  2887	-0.146318	-0.424	0.424
  2888	-0.201071	-0.424	0.424
  2889	-0.192213	-0.424	0.424
  2890	-0.160493	-0.424	0.424
  2891	-0.149396	-0.424	0.424
  2892	-0.21715	-0.424	0.424
  2893	-0.186978	-0.424	0.424
  2894	-0.161689	-0.424	0.424
  2895	-0.16606	-0.424	0.424
  2896	-0.168589	-0.424	0.424
  2897	-0.209753	-0.424	0.424
  2898	-0.227051	-0.424	0.424
  2899	-0.224128	-0.424	0.424
  2900	-0.188591	-0.424	0.424
  2901	-0.229784	-0.424	0.424
  2902	-0.20618	-0.424	0.424
  2903	-0.203742	-0.424	0.424
  2904	-0.166219	-0.424	0.424
  2905	-0.191785	-0.424	0.424
  2906	-0.202162	-0.424	0.424
  2907	-0.20103	-0.424	0.424
  2908	-0.184248	-0.424	0.424
  2909	-0.214274	-0.424	0.424
  2910	-0.202407	-0.424	0.424
  2911	-0.204142	-0.424	0.424
  2912	-0.207154	-0.424	0.424
  2913	-0.177288	-0.424	0.424
  2914	-0.180349	-0.424	0.424
  2915	-0.203112	-0.424	0.424
  2916	-0.176117	-0.424	0.424
  2917	-0.21999	-0.424	0.424
  2918	-0.179772	-0.424	0.424
  2919	-0.177475	-0.424	0.424
  2920	-0.183852	-0.424	0.424
  2921	-0.196178	-0.424	0.424
  2922	-0.193515	-0.424	0.424
  2923	-0.196158	-0.424	0.424
  2924	-0.206755	-0.424	0.424
  2925	-0.20676	-0.424	0.424
  2926	-0.173417	-0.424	0.424
  2927	-0.197632	-0.424	0.424
  2928	-0.217271	-0.424	0.424
  2929	-0.190394	-0.424	0.424
  2930	-0.222956	-0.424	0.424
  2931	-0.192955	-0.424	0.424
  2932	-0.219815	-0.424	0.424
  2933	-0.1266	-0.424	0.424
  2934	-0.203878	-0.424	0.424
  2935	-0.182764	-0.424	0.424
  2936	-0.19696	-0.424	0.424
  2937	-0.167392	-0.424	0.424
  2938	-0.192918	-0.424	0.424
  2939	-0.208122	-0.424	0.424
  2940	-0.209695	-0.424	0.424
  2941	-0.197368	-0.424	0.424
  2942	-0.182576	-0.424	0.424
  2943	-0.213381	-0.424	0.424
  2944	-0.153288	-0.424	0.424
  2945	-0.196508	-0.424	0.424
  2946	-0.1989	-0.424	0.424
  2947	-0.190647	-0.424	0.424
  2948	-0.209873	-0.424	0.424
  2949	-0.189436	-0.424	0.424
  2950	-0.190865	-0.424	0.424
  2951	-0.189321	-0.424	0.424
  2952	-0.18823	-0.424	0.424
  2953	-0.181465	-0.424	0.424
  2954	-0.199624	-0.424	0.424
  2955	-0.218224	-0.424	0.424
  2956	-0.217237	-0.424	0.424
  2957	-0.159023	-0.424	0.424
  2958	-0.194002	-0.424	0.424
  2959	-0.205927	-0.424	0.424
  2960	-0.17411	-0.424	0.424
  2961	-0.204213	-0.424	0.424
  2962	-0.199722	-0.424	0.424
  2963	-0.221166	-0.424	0.424
  2964	-0.221983	-0.424	0.424
  2965	-0.193665	-0.424	0.424
  2966	-0.183663	-0.424	0.424
  2967	-0.174845	-0.424	0.424
  2968	-0.210999	-0.424	0.424
  2969	-0.226333	-0.424	0.424
  2970	-0.198507	-0.424	0.424
  2971	-0.1817	-0.424	0.424
  2972	-0.213125	-0.424	0.424
  2973	-0.195873	-0.424	0.424
  2974	-0.181627	-0.424	0.424
  2975	-0.176111	-0.424	0.424
  2976	-0.211759	-0.424	0.424
  2977	-0.232431	-0.424	0.424
  2978	-0.172929	-0.424	0.424
  2979	-0.186193	-0.424	0.424
  2980	-0.221986	-0.424	0.424
  2981	-0.213742	-0.424	0.424
  2982	-0.189932	-0.424	0.424
  2983	-0.198681	-0.424	0.424
  2984	-0.20062	-0.424	0.424
  2985	-0.191192	-0.424	0.424
  2986	-0.192563	-0.424	0.424
  2987	-0.212939	-0.424	0.424
  2988	-0.211785	-0.424	0.424
  2989	-0.175389	-0.424	0.424
  2990	-0.172533	-0.424	0.424
  2991	-0.183838	-0.424	0.424
  2992	-0.206788	-0.424	0.424
  2993	-0.213169	-0.424	0.424
  2994	-0.174293	-0.424	0.424
  2995	-0.210232	-0.424	0.424
  2996	-0.212674	-0.424	0.424
  2997	-0.16113	-0.424	0.424
  2998	-0.220357	-0.424	0.424
  2999	-0.194602	-0.424	0.424
  3000	-0.211292	-0.424	0.424
  3001	-0.224069	-0.424	0.424
  3002	-0.222324	-0.424	0.424
  3003	-0.205903	-0.424	0.424
  3004	-0.177174	-0.424	0.424
  3005	-0.205366	-0.424	0.424
  3006	-0.167197	-0.424	0.424
  3007	-0.196555	-0.424	0.424
  3008	-0.221531	-0.424	0.424
  3009	-0.210106	-0.424	0.424
  3010	-0.202187	-0.424	0.424
  3011	-0.217452	-0.424	0.424
  3012	-0.212467	-0.424	0.424
  3013	-0.181487	-0.424	0.424
  3014	-0.195398	-0.424	0.424
  3015	-0.199126	-0.424	0.424
  3016	-0.230126	-0.424	0.424
  3017	-0.216848	-0.424	0.424
  3018	-0.182116	-0.424	0.424
  3019	-0.217244	-0.424	0.424
  3020	-0.179736	-0.424	0.424
  3021	-0.190342	-0.424	0.424
  3022	-0.207958	-0.424	0.424
  3023	-0.20832	-0.424	0.424
  3024	-0.216317	-0.424	0.424
  3025	-0.211828	-0.424	0.424
  3026	-0.162466	-0.424	0.424
  3027	-0.181843	-0.424	0.424
  3028	-0.213622	-0.424	0.424
  3029	-0.175427	-0.424	0.424
  3030	-0.204944	-0.424	0.424
  3031	-0.18476	-0.424	0.424
  3032	-0.190249	-0.424	0.424
  3033	-0.170688	-0.424	0.424
  3034	-0.201023	-0.424	0.424
  3035	-0.198088	-0.424	0.424
  3036	-0.173478	-0.424	0.424
  3037	-0.205391	-0.424	0.424
  3038	-0.162137	-0.424	0.424
  3039	-0.209722	-0.424	0.424
  3040	-0.204096	-0.424	0.424
  3041	-0.195444	-0.424	0.424
  3042	-0.188207	-0.424	0.424
  3043	-0.175513	-0.424	0.424
  3044	-0.217421	-0.424	0.424
  3045	-0.21261	-0.424	0.424
  3046	-0.205071	-0.424	0.424
  3047	-0.200412	-0.424	0.424
  3048	-0.204541	-0.424	0.424
  3049	-0.137316	-0.424	0.424
  3050	-0.20285	-0.424	0.424
  3051	-0.209727	-0.424	0.424
  3052	-0.180997	-0.424	0.424
  3053	-0.230721	-0.424	0.424
  3054	-0.15104	-0.424	0.424
  3055	-0.207057	-0.424	0.424
  3056	-0.202953	-0.424	0.424
  3057	-0.176518	-0.424	0.424
  3058	-0.219993	-0.424	0.424
  3059	-0.17522	-0.424	0.424
  3060	-0.219004	-0.424	0.424
  3061	-0.227247	-0.424	0.424
  3062	-0.182376	-0.424	0.424
  3063	-0.210397	-0.424	0.424
  3064	-0.193954	-0.424	0.424
  3065	-0.185944	-0.424	0.424
  3066	-0.202391	-0.424	0.424
  3067	-0.177124	-0.424	0.424
  3068	-0.200094	-0.424	0.424
  3069	-0.171614	-0.424	0.424
  3070	-0.212425	-0.424	0.424
  3071	-0.167881	-0.424	0.424
  3072	-0.182972	-0.424	0.424
  3073	-0.213747	-0.424	0.424
  3074	-0.194769	-0.424	0.424
  3075	-0.164748	-0.424	0.424
  3076	-0.207409	-0.424	0.424
  3077	-0.198762	-0.424	0.424
  3078	-0.192988	-0.424	0.424
  3079	-0.217404	-0.424	0.424
  3080	-0.203544	-0.424	0.424
  3081	-0.200542	-0.424	0.424
  3082	-0.21752	-0.424	0.424
  3083	-0.211882	-0.424	0.424
  3084	-0.207457	-0.424	0.424
  3085	-0.206498	-0.424	0.424
  3086	-0.193062	-0.424	0.424
  3087	-0.209671	-0.424	0.424
  3088	-0.214275	-0.424	0.424
  3089	-0.218802	-0.424	0.424
  3090	-0.226126	-0.424	0.424
  3091	-0.199434	-0.424	0.424
  3092	-0.177574	-0.424	0.424
  3093	-0.197686	-0.424	0.424
  3094	-0.176228	-0.424	0.424
  3095	-0.178525	-0.424	0.424
  3096	-0.193729	-0.424	0.424
  3097	-0.212328	-0.424	0.424
  3098	-0.224797	-0.424	0.424
  3099	-0.179054	-0.424	0.424
  3100	-0.194034	-0.424	0.424
  3101	-0.182492	-0.424	0.424
  3102	-0.181915	-0.424	0.424
  3103	-0.187517	-0.424	0.424
  3104	-0.192423	-0.424	0.424
  3105	-0.197903	-0.424	0.424
  3106	-0.184413	-0.424	0.424
  3107	-0.181919	-0.424	0.424
  3108	-0.183813	-0.424	0.424
  3109	-0.200474	-0.424	0.424
  3110	-0.19724	-0.424	0.424
  3111	-0.196105	-0.424	0.424
  3112	-0.208026	-0.424	0.424
  3113	-0.213931	-0.424	0.424
  3114	-0.2243	-0.424	0.424
  3115	-0.200992	-0.424	0.424
  3116	-0.213521	-0.424	0.424
  3117	-0.199199	-0.424	0.424
  3118	-0.215194	-0.424	0.424
  3119	-0.21141	-0.424	0.424
  3120	-0.223571	-0.424	0.424
  3121	-0.188954	-0.424	0.424
  3122	-0.210137	-0.424	0.424
  3123	-0.18911	-0.424	0.424
  3124	-0.198235	-0.424	0.424
  3125	-0.187346	-0.424	0.424
  3126	-0.170458	-0.424	0.424
  3127	-0.206187	-0.424	0.424
  3128	-0.183865	-0.424	0.424
  3129	-0.194614	-0.424	0.424
  3130	-0.194237	-0.424	0.424
  3131	-0.171266	-0.424	0.424
  3132	-0.186489	-0.424	0.424
  3133	-0.226462	-0.424	0.424
  3134	-0.219928	-0.424	0.424
  3135	-0.203995	-0.424	0.424
  3136	-0.199081	-0.424	0.424
  3137	-0.166181	-0.424	0.424
  3138	-0.210286	-0.424	0.424
  3139	-0.188453	-0.424	0.424
  3140	-0.199005	-0.424	0.424
  3141	-0.195575	-0.424	0.424
  3142	-0.201366	-0.424	0.424
  3143	-0.191573	-0.424	0.424
  3144	-0.176458	-0.424	0.424
  3145	-0.142769	-0.424	0.424
  3146	-0.179151	-0.424	0.424
  3147	-0.21784	-0.424	0.424
  3148	-0.194298	-0.424	0.424
  3149	-0.223113	-0.424	0.424
  3150	-0.176302	-0.424	0.424
  3151	-0.172516	-0.424	0.424
  3152	-0.199414	-0.424	0.424
  3153	-0.217978	-0.424	0.424
  3154	-0.195705	-0.424	0.424
  3155	-0.18424	-0.424	0.424
  3156	-0.213627	-0.424	0.424
  3157	-0.227954	-0.424	0.424
  3158	-0.195109	-0.424	0.424
  3159	-0.148057	-0.424	0.424
  3160	-0.225671	-0.424	0.424
  3161	-0.18614	-0.424	0.424
  3162	-0.143797	-0.424	0.424
  3163	-0.207919	-0.424	0.424
  3164	-0.206449	-0.424	0.424
  3165	-0.201751	-0.424	0.424
  3166	-0.212838	-0.424	0.424
  3167	-0.186097	-0.424	0.424
  3168	-0.192351	-0.424	0.424
  3169	-0.208677	-0.424	0.424
  3170	-0.195492	-0.424	0.424
  3171	-0.177452	-0.424	0.424
  3172	-0.21674	-0.424	0.424
  3173	-0.190352	-0.424	0.424
  3174	-0.15324	-0.424	0.424
  3175	-0.188454	-0.424	0.424
  3176	-0.170222	-0.424	0.424
  3177	-0.189174	-0.424	0.424
  3178	-0.188967	-0.424	0.424
  3179	-0.215598	-0.424	0.424
  3180	-0.182745	-0.424	0.424
  3181	-0.208185	-0.424	0.424
  3182	-0.191006	-0.424	0.424
  3183	-0.202442	-0.424	0.424
  3184	-0.168533	-0.424	0.424
  3185	-0.191971	-0.424	0.424
  3186	-0.169748	-0.424	0.424
  3187	-0.203771	-0.424	0.424
  3188	-0.204546	-0.424	0.424
  3189	-0.200099	-0.424	0.424
  3190	-0.209648	-0.424	0.424
  3191	-0.198887	-0.424	0.424
  3192	-0.188941	-0.424	0.424
  3193	-0.195678	-0.424	0.424
  3194	-0.172951	-0.424	0.424
  3195	-0.180405	-0.424	0.424
  3196	-0.175507	-0.424	0.424
  3197	-0.186424	-0.424	0.424
  3198	-0.217315	-0.424	0.424
  3199	-0.17651	-0.424	0.424
  3200	-0.170641	-0.424	0.424
  3201	-0.181169	-0.424	0.424
  3202	-0.222453	-0.424	0.424
  3203	-0.20884	-0.424	0.424
  3204	-0.212236	-0.424	0.424
  3205	-0.183047	-0.424	0.424
  3206	-0.199988	-0.424	0.424
  3207	-0.21734	-0.424	0.424
  3208	-0.224529	-0.424	0.424
  3209	-0.209821	-0.424	0.424
  3210	-0.187885	-0.424	0.424
  3211	-0.204264	-0.424	0.424
  3212	-0.160528	-0.424	0.424
  3213	-0.199725	-0.424	0.424
  3214	-0.195312	-0.424	0.424
  3215	-0.212277	-0.424	0.424
  3216	-0.1959	-0.424	0.424
  3217	-0.158585	-0.424	0.424
  3218	-0.201412	-0.424	0.424
  3219	-0.194731	-0.424	0.424
  3220	-0.218229	-0.424	0.424
  3221	-0.204251	-0.424	0.424
  3222	-0.207543	-0.424	0.424
  3223	-0.221389	-0.424	0.424
  3224	-0.207069	-0.424	0.424
  3225	-0.152716	-0.424	0.424
  3226	-0.201282	-0.424	0.424
  3227	-0.216233	-0.424	0.424
  3228	-0.204614	-0.424	0.424
  3229	-0.214339	-0.424	0.424
  3230	-0.186226	-0.424	0.424
  3231	-0.194774	-0.424	0.424
  3232	-0.208933	-0.424	0.424
  3233	-0.218463	-0.424	0.424
  3234	-0.179756	-0.424	0.424
  3235	-0.161013	-0.424	0.424
  3236	-0.203712	-0.424	0.424
  3237	-0.183829	-0.424	0.424
  3238	-0.176681	-0.424	0.424
  3239	-0.23132	-0.424	0.424
  3240	-0.198083	-0.424	0.424
  3241	-0.214491	-0.424	0.424
  3242	-0.184352	-0.424	0.424
  3243	-0.194968	-0.424	0.424
  3244	-0.183214	-0.424	0.424
  3245	-0.172013	-0.424	0.424
  3246	-0.2134	-0.424	0.424
  3247	-0.192223	-0.424	0.424
  3248	-0.186136	-0.424	0.424
  3249	-0.205642	-0.424	0.424
  3250	-0.167838	-0.424	0.424
  3251	-0.210547	-0.424	0.424
  3252	-0.190556	-0.424	0.424
  3253	-0.202093	-0.424	0.424
  3254	-0.19725	-0.424	0.424
  3255	-0.176879	-0.424	0.424
  3256	-0.225978	-0.424	0.424
  3257	-0.202116	-0.424	0.424
  3258	-0.183766	-0.424	0.424
  3259	-0.198717	-0.424	0.424
  3260	-0.195438	-0.424	0.424
  3261	-0.206959	-0.424	0.424
  3262	-0.210349	-0.424	0.424
  3263	-0.204708	-0.424	0.424
  3264	-0.2052	-0.424	0.424
  3265	-0.213918	-0.424	0.424
  3266	-0.185587	-0.424	0.424
  3267	-0.215858	-0.424	0.424
  3268	-0.18432	-0.424	0.424
  3269	-0.195355	-0.424	0.424
  3270	-0.22559	-0.424	0.424
  3271	-0.218832	-0.424	0.424
  3272	-0.157966	-0.424	0.424
  3273	-0.172296	-0.424	0.424
  3274	-0.202733	-0.424	0.424
  3275	-0.202486	-0.424	0.424
  3276	-0.204803	-0.424	0.424
  3277	-0.20079	-0.424	0.424
  3278	-0.21449	-0.424	0.424
  3279	-0.167626	-0.424	0.424
  3280	-0.228287	-0.424	0.424
  3281	-0.214606	-0.424	0.424
  3282	-0.178064	-0.424	0.424
  3283	-0.211395	-0.424	0.424
  3284	-0.19898	-0.424	0.424
  3285	-0.192729	-0.424	0.424
  3286	-0.194636	-0.424	0.424
  3287	-0.175609	-0.424	0.424
  3288	-0.204067	-0.424	0.424
  3289	-0.208861	-0.424	0.424
  3290	-0.232124	-0.424	0.424
  3291	-0.187183	-0.424	0.424
  3292	-0.189237	-0.424	0.424
  3293	-0.186643	-0.424	0.424
  3294	-0.174113	-0.424	0.424
  3295	-0.186747	-0.424	0.424
  3296	-0.16656	-0.424	0.424
  3297	-0.224152	-0.424	0.424
  3298	-0.205342	-0.424	0.424
  3299	-0.218108	-0.424	0.424
  3300	-0.170649	-0.424	0.424
  3301	-0.186411	-0.424	0.424
  3302	-0.19479	-0.424	0.424
  3303	-0.191581	-0.424	0.424
  3304	-0.157662	-0.424	0.424
  3305	-0.188394	-0.424	0.424
  3306	-0.149858	-0.424	0.424
  3307	-0.224046	-0.424	0.424
  3308	-0.195171	-0.424	0.424
  3309	-0.185718	-0.424	0.424
  3310	-0.213755	-0.424	0.424
  3311	-0.196927	-0.424	0.424
  3312	-0.214463	-0.424	0.424
  3313	-0.230118	-0.424	0.424
  3314	-0.194632	-0.424	0.424
  3315	-0.17802	-0.424	0.424
  3316	-0.189221	-0.424	0.424
  3317	-0.205002	-0.424	0.424
  3318	-0.169763	-0.424	0.424
  3319	-0.176053	-0.424	0.424
  3320	-0.203203	-0.424	0.424
  3321	-0.194985	-0.424	0.424
  3322	-0.171663	-0.424	0.424
  3323	-0.22223	-0.424	0.424
  3324	-0.181606	-0.424	0.424
  3325	-0.148634	-0.424	0.424
  3326	-0.200409	-0.424	0.424
  3327	-0.216968	-0.424	0.424
  3328	-0.211523	-0.424	0.424
  3329	-0.19594	-0.424	0.424
  3330	-0.207814	-0.424	0.424
  3331	-0.206671	-0.424	0.424
  3332	-0.215761	-0.424	0.424
  3333	-0.214797	-0.424	0.424
  3334	-0.199352	-0.424	0.424
  3335	-0.209689	-0.424	0.424
  3336	-0.179611	-0.424	0.424
  3337	-0.222016	-0.424	0.424
  3338	-0.223667	-0.424	0.424
  3339	-0.19984	-0.424	0.424
  3340	-0.196431	-0.424	0.424
  3341	-0.201589	-0.424	0.424
  3342	-0.221794	-0.424	0.424
  3343	-0.177729	-0.424	0.424
  3344	-0.148996	-0.424	0.424
  3345	-0.206933	-0.424	0.424
  3346	-0.186047	-0.424	0.424
  3347	-0.207379	-0.424	0.424
  3348	-0.202204	-0.424	0.424
  3349	-0.198462	-0.424	0.424
  3350	-0.18932	-0.424	0.424
  3351	-0.192697	-0.424	0.424
  3352	-0.214938	-0.424	0.424
  3353	-0.191559	-0.424	0.424
  3354	-0.209554	-0.424	0.424
  3355	-0.203615	-0.424	0.424
  3356	-0.197136	-0.424	0.424
  3357	-0.144952	-0.424	0.424
  3358	-0.199464	-0.424	0.424
  3359	-0.185406	-0.424	0.424
  3360	-0.217054	-0.424	0.424
  3361	-0.213382	-0.424	0.424
  3362	-0.16599	-0.424	0.424
  3363	-0.187111	-0.424	0.424
  3364	-0.202498	-0.424	0.424
  3365	-0.195143	-0.424	0.424
  3366	-0.206162	-0.424	0.424
  3367	-0.194916	-0.424	0.424
  3368	-0.201854	-0.424	0.424
  3369	-0.196194	-0.424	0.424
  3370	-0.185464	-0.424	0.424
  3371	-0.162523	-0.424	0.424
  3372	-0.19517	-0.424	0.424
  3373	-0.193843	-0.424	0.424
  3374	-0.184196	-0.424	0.424
  3375	-0.171915	-0.424	0.424
  3376	-0.168384	-0.424	0.424
  3377	-0.197703	-0.424	0.424
  3378	-0.202322	-0.424	0.424
  3379	-0.203758	-0.424	0.424
  3380	-0.163521	-0.424	0.424
  3381	-0.217639	-0.424	0.424
  3382	-0.199699	-0.424	0.424
  3383	-0.188969	-0.424	0.424
  3384	-0.20859	-0.424	0.424
  3385	-0.185285	-0.424	0.424
  3386	-0.162772	-0.424	0.424
  3387	-0.201973	-0.424	0.424
  3388	-0.186271	-0.424	0.424
  3389	-0.175771	-0.424	0.424
  3390	-0.162234	-0.424	0.424
  3391	-0.21151	-0.424	0.424
  3392	-0.217172	-0.424	0.424
  3393	-0.207978	-0.424	0.424
  3394	-0.217411	-0.424	0.424
  3395	-0.193395	-0.424	0.424
  3396	-0.222595	-0.424	0.424
  3397	-0.168911	-0.424	0.424
  3398	-0.211646	-0.424	0.424
  3399	-0.197642	-0.424	0.424
  3400	-0.178901	-0.424	0.424
  3401	-0.192583	-0.424	0.424
  3402	-0.227116	-0.424	0.424
  3403	-0.177082	-0.424	0.424
  3404	-0.177157	-0.424	0.424
  3405	-0.156033	-0.424	0.424
  3406	-0.221697	-0.424	0.424
  3407	-0.186612	-0.424	0.424
  3408	-0.206527	-0.424	0.424
  3409	-0.201044	-0.424	0.424
  3410	-0.137183	-0.424	0.424
  3411	-0.197023	-0.424	0.424
  3412	-0.17716	-0.424	0.424
  3413	-0.20439	-0.424	0.424
  3414	-0.226087	-0.424	0.424
  3415	-0.196116	-0.424	0.424
  3416	-0.184862	-0.424	0.424
  3417	-0.226514	-0.424	0.424
  3418	-0.218654	-0.424	0.424
  3419	-0.154066	-0.424	0.424
  3420	-0.19574	-0.424	0.424
  3421	-0.193084	-0.424	0.424
  3422	-0.191744	-0.424	0.424
  3423	-0.164807	-0.424	0.424
  3424	-0.181245	-0.424	0.424
  3425	-0.212234	-0.424	0.424
  3426	-0.197708	-0.424	0.424
  3427	-0.217133	-0.424	0.424
  3428	-0.18657	-0.424	0.424
  3429	-0.196128	-0.424	0.424
  3430	-0.201386	-0.424	0.424
  3431	-0.193999	-0.424	0.424
  3432	-0.188757	-0.424	0.424
  3433	-0.209644	-0.424	0.424
  3434	-0.200329	-0.424	0.424
  3435	-0.185344	-0.424	0.424
  3436	-0.216129	-0.424	0.424
  3437	-0.173692	-0.424	0.424
  3438	-0.212229	-0.424	0.424
  3439	-0.182541	-0.424	0.424
  3440	-0.1977	-0.424	0.424
  3441	-0.192216	-0.424	0.424
  3442	-0.201308	-0.424	0.424
  3443	-0.214488	-0.424	0.424
  3444	-0.208277	-0.424	0.424
  3445	-0.219427	-0.424	0.424
  3446	-0.174448	-0.424	0.424
  3447	-0.210457	-0.424	0.424
  3448	-0.204605	-0.424	0.424
  3449	-0.14376	-0.424	0.424
  3450	-0.209534	-0.424	0.424
  3451	-0.209895	-0.424	0.424
  3452	-0.181705	-0.424	0.424
  3453	-0.209022	-0.424	0.424
  3454	-0.180365	-0.424	0.424
  3455	-0.215399	-0.424	0.424
  3456	-0.195766	-0.424	0.424
  3457	-0.21412	-0.424	0.424
  3458	-0.131844	-0.424	0.424
  3459	-0.205495	-0.424	0.424
  3460	-0.204455	-0.424	0.424
  3461	-0.172821	-0.424	0.424
  3462	-0.206632	-0.424	0.424
  3463	-0.186368	-0.424	0.424
  3464	-0.159965	-0.424	0.424
  3465	-0.191223	-0.424	0.424
  3466	-0.205259	-0.424	0.424
  3467	-0.220292	-0.424	0.424
  3468	-0.203869	-0.424	0.424
  3469	-0.172239	-0.424	0.424
  3470	-0.210912	-0.424	0.424
  3471	-0.218364	-0.424	0.424
  3472	-0.203652	-0.424	0.424
  3473	-0.202319	-0.424	0.424
  3474	-0.21449	-0.424	0.424
  3475	-0.172073	-0.424	0.424
  3476	-0.180494	-0.424	0.424
  3477	-0.192694	-0.424	0.424
  3478	-0.19663	-0.424	0.424
  3479	-0.182503	-0.424	0.424
  3480	-0.213713	-0.424	0.424
  3481	-0.163813	-0.424	0.424
  3482	-0.16861	-0.424	0.424
  3483	-0.22265	-0.424	0.424
  3484	-0.197903	-0.424	0.424
  3485	-0.205557	-0.424	0.424
  3486	-0.207883	-0.424	0.424
  3487	-0.217779	-0.424	0.424
  3488	-0.192594	-0.424	0.424
  3489	-0.197569	-0.424	0.424
  3490	-0.210116	-0.424	0.424
  3491	-0.203219	-0.424	0.424
  3492	-0.187636	-0.424	0.424
  3493	-0.159761	-0.424	0.424
  3494	-0.18098	-0.424	0.424
  3495	-0.207738	-0.424	0.424
  3496	-0.203001	-0.424	0.424
  3497	-0.170148	-0.424	0.424
  3498	-0.181371	-0.424	0.424
  3499	-0.225339	-0.424	0.424
  3500	-0.220871	-0.424	0.424
  3501	-0.196114	-0.424	0.424
  3502	-0.201995	-0.424	0.424
  3503	-0.202894	-0.424	0.424
  3504	-0.179136	-0.424	0.424
  3505	-0.19963	-0.424	0.424
  3506	-0.196393	-0.424	0.424
  3507	-0.187957	-0.424	0.424
  3508	-0.197984	-0.424	0.424
  3509	-0.179325	-0.424	0.424
  3510	-0.186698	-0.424	0.424
  3511	-0.17831	-0.424	0.424
  3512	-0.208226	-0.424	0.424
  3513	-0.223806	-0.424	0.424
  3514	-0.178402	-0.424	0.424
  3515	-0.19988	-0.424	0.424
  3516	-0.220193	-0.424	0.424
  3517	-0.188626	-0.424	0.424
  3518	-0.225842	-0.424	0.424
  3519	-0.163386	-0.424	0.424
  3520	-0.181942	-0.424	0.424
  3521	-0.197361	-0.424	0.424
  3522	-0.202274	-0.424	0.424
  3523	-0.194751	-0.424	0.424
  3524	-0.184806	-0.424	0.424
  3525	-0.198492	-0.424	0.424
  3526	-0.200855	-0.424	0.424
  3527	-0.165714	-0.424	0.424
  3528	-0.224788	-0.424	0.424
  3529	-0.206812	-0.424	0.424
  3530	-0.206764	-0.424	0.424
  3531	-0.227141	-0.424	0.424
  3532	-0.202196	-0.424	0.424
  3533	-0.225017	-0.424	0.424
  3534	-0.220508	-0.424	0.424
  3535	-0.192344	-0.424	0.424
  3536	-0.196272	-0.424	0.424
  3537	-0.153598	-0.424	0.424
  3538	-0.21005	-0.424	0.424
  3539	-0.215602	-0.424	0.424
  3540	-0.169878	-0.424	0.424
  3541	-0.195847	-0.424	0.424
  3542	-0.189158	-0.424	0.424
  3543	-0.164996	-0.424	0.424
  3544	-0.159827	-0.424	0.424
  3545	-0.18146	-0.424	0.424
  3546	-0.215284	-0.424	0.424
  3547	-0.19709	-0.424	0.424
  3548	-0.216922	-0.424	0.424
  3549	-0.192442	-0.424	0.424
  3550	-0.191743	-0.424	0.424
  3551	-0.19321	-0.424	0.424
  3552	-0.189955	-0.424	0.424
  3553	-0.212411	-0.424	0.424
  3554	-0.205089	-0.424	0.424
  3555	-0.173793	-0.424	0.424
  3556	-0.219527	-0.424	0.424
  3557	-0.21001	-0.424	0.424
  3558	-0.220238	-0.424	0.424
  3559	-0.179385	-0.424	0.424
  3560	-0.175721	-0.424	0.424
  3561	-0.150633	-0.424	0.424
  3562	-0.202558	-0.424	0.424
  3563	-0.169302	-0.424	0.424
  3564	-0.176373	-0.424	0.424
  3565	-0.151415	-0.424	0.424
  3566	-0.218727	-0.424	0.424
  3567	-0.20625	-0.424	0.424
  3568	-0.196273	-0.424	0.424
  3569	-0.20599	-0.424	0.424
  3570	-0.207917	-0.424	0.424
  3571	-0.2144	-0.424	0.424
  3572	-0.214709	-0.424	0.424
  3573	-0.207295	-0.424	0.424
  3574	-0.22107	-0.424	0.424
  3575	-0.156217	-0.424	0.424
  3576	-0.206573	-0.424	0.424
  3577	-0.224421	-0.424	0.424
  3578	-0.201892	-0.424	0.424
  3579	-0.200573	-0.424	0.424
  3580	-0.220205	-0.424	0.424
  3581	-0.179703	-0.424	0.424
  3582	-0.215147	-0.424	0.424
  3583	-0.1865	-0.424	0.424
  3584	-0.193021	-0.424	0.424
  3585	-0.200972	-0.424	0.424
  3586	-0.19487	-0.424	0.424
  3587	-0.216099	-0.424	0.424
  3588	-0.185849	-0.424	0.424
  3589	-0.219088	-0.424	0.424
  3590	-0.216886	-0.424	0.424
  3591	-0.174397	-0.424	0.424
  3592	-0.204826	-0.424	0.424
  3593	-0.204401	-0.424	0.424
  3594	-0.180364	-0.424	0.424
  3595	-0.149091	-0.424	0.424
  3596	-0.224796	-0.424	0.424
  3597	-0.193007	-0.424	0.424
  3598	-0.214264	-0.424	0.424
  3599	-0.158952	-0.424	0.424
  3600	-0.188629	-0.424	0.424
  3601	-0.187239	-0.424	0.424
  3602	-0.179663	-0.424	0.424
  3603	-0.183081	-0.424	0.424
  3604	-0.165101	-0.424	0.424
  3605	-0.209963	-0.424	0.424
  3606	-0.223102	-0.424	0.424
  3607	-0.2059	-0.424	0.424
  3608	-0.203888	-0.424	0.424
  3609	-0.181347	-0.424	0.424
  3610	-0.214916	-0.424	0.424
  3611	-0.177588	-0.424	0.424
  3612	-0.167863	-0.424	0.424
  3613	-0.190258	-0.424	0.424
  3614	-0.175663	-0.424	0.424
  3615	-0.199051	-0.424	0.424
  3616	-0.228097	-0.424	0.424
  3617	-0.1944	-0.424	0.424
  3618	-0.18398	-0.424	0.424
  3619	-0.188162	-0.424	0.424
  3620	-0.197615	-0.424	0.424
  3621	-0.174642	-0.424	0.424
  3622	-0.190118	-0.424	0.424
  3623	-0.201784	-0.424	0.424
  3624	-0.227976	-0.424	0.424
  3625	-0.137699	-0.424	0.424
  3626	-0.159928	-0.424	0.424
  3627	-0.18986	-0.424	0.424
  3628	-0.178964	-0.424	0.424
  3629	-0.172807	-0.424	0.424
  3630	-0.202546	-0.424	0.424
  3631	-0.185482	-0.424	0.424
  3632	-0.223798	-0.424	0.424
  3633	-0.183086	-0.424	0.424
  3634	-0.17328	-0.424	0.424
  3635	-0.187586	-0.424	0.424
  3636	-0.184008	-0.424	0.424
  3637	-0.185467	-0.424	0.424
  3638	-0.20725	-0.424	0.424
  3639	-0.200696	-0.424	0.424
  3640	-0.194784	-0.424	0.424
  3641	-0.193868	-0.424	0.424
  3642	-0.226633	-0.424	0.424
  3643	-0.19715	-0.424	0.424
  3644	-0.182297	-0.424	0.424
  3645	-0.191747	-0.424	0.424
  3646	-0.207616	-0.424	0.424
  3647	-0.205939	-0.424	0.424
  3648	-0.190271	-0.424	0.424
  3649	-0.193441	-0.424	0.424
  3650	-0.208415	-0.424	0.424
  3651	-0.201712	-0.424	0.424
  3652	-0.200341	-0.424	0.424
  3653	-0.185631	-0.424	0.424
  3654	-0.191745	-0.424	0.424
  3655	-0.186133	-0.424	0.424
  3656	-0.22775	-0.424	0.424
  3657	-0.13751	-0.424	0.424
  3658	-0.208495	-0.424	0.424
  3659	-0.18815	-0.424	0.424
  3660	-0.214448	-0.424	0.424
  3661	-0.232722	-0.424	0.424
  3662	-0.228624	-0.424	0.424
  3663	-0.226766	-0.424	0.424
  3664	-0.183685	-0.424	0.424
  3665	-0.206464	-0.424	0.424
  3666	-0.221186	-0.424	0.424
  3667	-0.158193	-0.424	0.424
  3668	-0.204961	-0.424	0.424
  3669	-0.204531	-0.424	0.424
  3670	-0.20749	-0.424	0.424
  3671	-0.182931	-0.424	0.424
  3672	-0.223575	-0.424	0.424
  3673	-0.16874	-0.424	0.424
  3674	-0.222034	-0.424	0.424
  3675	-0.196006	-0.424	0.424
  3676	-0.194941	-0.424	0.424
  3677	-0.139799	-0.424	0.424
  3678	-0.201527	-0.424	0.424
  3679	-0.205882	-0.424	0.424
  3680	-0.194557	-0.424	0.424
  3681	-0.201786	-0.424	0.424
  3682	-0.191133	-0.424	0.424
  3683	-0.206208	-0.424	0.424
  3684	-0.188728	-0.424	0.424
  3685	-0.228789	-0.424	0.424
  3686	-0.19016	-0.424	0.424
  3687	-0.201753	-0.424	0.424
  3688	-0.160712	-0.424	0.424
  3689	-0.214968	-0.424	0.424
  3690	-0.202454	-0.424	0.424
  3691	-0.220487	-0.424	0.424
  3692	-0.196302	-0.424	0.424
  3693	-0.189788	-0.424	0.424
  3694	-0.172298	-0.424	0.424
  3695	-0.229864	-0.424	0.424
  3696	-0.217966	-0.424	0.424
  3697	-0.177533	-0.424	0.424
  3698	-0.203618	-0.424	0.424
  3699	-0.205224	-0.424	0.424
  3700	-0.212249	-0.424	0.424
  3701	-0.150929	-0.424	0.424
  3702	-0.197778	-0.424	0.424
  3703	-0.160313	-0.424	0.424
  3704	-0.17071	-0.424	0.424
  3705	-0.202241	-0.424	0.424
  3706	-0.185123	-0.424	0.424
  3707	-0.141432	-0.424	0.424
  3708	-0.173248	-0.424	0.424
  3709	-0.161996	-0.424	0.424
  3710	-0.19336	-0.424	0.424
  3711	-0.214341	-0.424	0.424
  3712	-0.199553	-0.424	0.424
  3713	-0.177953	-0.424	0.424
  3714	-0.19872	-0.424	0.424
  3715	-0.19203	-0.424	0.424
  3716	-0.214388	-0.424	0.424
  3717	-0.195029	-0.424	0.424
  3718	-0.210474	-0.424	0.424
  3719	-0.223351	-0.424	0.424
  3720	-0.200089	-0.424	0.424
  3721	-0.209948	-0.424	0.424
  3722	-0.220065	-0.424	0.424
  3723	-0.172153	-0.424	0.424
  3724	-0.165098	-0.424	0.424
  3725	-0.194179	-0.424	0.424
  3726	-0.217848	-0.424	0.424
  3727	-0.195251	-0.424	0.424
  3728	-0.169838	-0.424	0.424
  3729	-0.163177	-0.424	0.424
  3730	-0.162577	-0.424	0.424
  3731	-0.225465	-0.424	0.424
  3732	-0.209424	-0.424	0.424
  3733	-0.174841	-0.424	0.424
  3734	-0.188675	-0.424	0.424
  3735	-0.207247	-0.424	0.424
  3736	-0.233661	-0.424	0.424
  3737	-0.175723	-0.424	0.424
  3738	-0.197798	-0.424	0.424
  3739	-0.218004	-0.424	0.424
  3740	-0.204368	-0.424	0.424
  3741	-0.167624	-0.424	0.424
  3742	-0.202293	-0.424	0.424
  3743	-0.183439	-0.424	0.424
  3744	-0.208938	-0.424	0.424
  3745	-0.198544	-0.424	0.424
  3746	-0.175264	-0.424	0.424
  3747	-0.197403	-0.424	0.424
  3748	-0.19813	-0.424	0.424
  3749	-0.180803	-0.424	0.424
  3750	-0.207556	-0.424	0.424
  3751	-0.199158	-0.424	0.424
  3752	-0.160172	-0.424	0.424
  3753	-0.221129	-0.424	0.424
  3754	-0.178492	-0.424	0.424
  3755	-0.183582	-0.424	0.424
  3756	-0.22738	-0.424	0.424
  3757	-0.195307	-0.424	0.424
  3758	-0.21653	-0.424	0.424
  3759	-0.149829	-0.424	0.424
  3760	-0.204444	-0.424	0.424
  3761	-0.20377	-0.424	0.424
  3762	-0.212738	-0.424	0.424
  3763	-0.210009	-0.424	0.424
  3764	-0.191521	-0.424	0.424
  3765	-0.176935	-0.424	0.424
  3766	-0.217461	-0.424	0.424
  3767	-0.198791	-0.424	0.424
  3768	-0.221415	-0.424	0.424
  3769	-0.222507	-0.424	0.424
  3770	-0.208258	-0.424	0.424
  3771	-0.208904	-0.424	0.424
  3772	-0.213739	-0.424	0.424
  3773	-0.216812	-0.424	0.424
  3774	-0.226301	-0.424	0.424
  3775	-0.212636	-0.424	0.424
  3776	-0.180644	-0.424	0.424
  3777	-0.191316	-0.424	0.424
  3778	-0.192717	-0.424	0.424
  3779	-0.17263	-0.424	0.424
  3780	-0.198004	-0.424	0.424
  3781	-0.199592	-0.424	0.424
  3782	-0.203347	-0.424	0.424
  3783	-0.16287	-0.424	0.424
  3784	-0.21102	-0.424	0.424
  3785	-0.187379	-0.424	0.424
  3786	-0.189041	-0.424	0.424
  3787	-0.161039	-0.424	0.424
  3788	-0.210232	-0.424	0.424
  3789	-0.182464	-0.424	0.424
  3790	-0.185509	-0.424	0.424
  3791	-0.196753	-0.424	0.424
  3792	-0.202251	-0.424	0.424
  3793	-0.183449	-0.424	0.424
  3794	-0.174339	-0.424	0.424
  3795	-0.206753	-0.424	0.424
  3796	-0.212302	-0.424	0.424
  3797	-0.206962	-0.424	0.424
  3798	-0.176179	-0.424	0.424
  3799	-0.199014	-0.424	0.424
  3800	-0.195388	-0.424	0.424
  3801	-0.199131	-0.424	0.424
  3802	-0.182691	-0.424	0.424
  3803	-0.22668	-0.424	0.424
  3804	-0.200105	-0.424	0.424
  3805	-0.203919	-0.424	0.424
  3806	-0.221677	-0.424	0.424
  3807	-0.202737	-0.424	0.424
  3808	-0.206959	-0.424	0.424
  3809	-0.204	-0.424	0.424
  3810	-0.196563	-0.424	0.424
  3811	-0.198068	-0.424	0.424
  3812	-0.190696	-0.424	0.424
  3813	-0.143626	-0.424	0.424
  3814	-0.206706	-0.424	0.424
  3815	-0.220613	-0.424	0.424
  3816	-0.190298	-0.424	0.424
  3817	-0.166156	-0.424	0.424
  3818	-0.175551	-0.424	0.424
  3819	-0.208537	-0.424	0.424
  3820	-0.223049	-0.424	0.424
  3821	-0.202432	-0.424	0.424
  3822	-0.17526	-0.424	0.424
  3823	-0.204974	-0.424	0.424
  3824	-0.19997	-0.424	0.424
  3825	-0.196703	-0.424	0.424
  3826	-0.209993	-0.424	0.424
  3827	-0.185035	-0.424	0.424
  3828	-0.175782	-0.424	0.424
  3829	-0.168745	-0.424	0.424
  3830	-0.183372	-0.424	0.424
  3831	-0.230195	-0.424	0.424
  3832	-0.189197	-0.424	0.424
  3833	-0.195541	-0.424	0.424
  3834	-0.203263	-0.424	0.424
  3835	-0.185951	-0.424	0.424
  3836	-0.159778	-0.424	0.424
  3837	-0.191364	-0.424	0.424
  3838	-0.212879	-0.424	0.424
  3839	-0.211894	-0.424	0.424
  3840	-0.205166	-0.424	0.424
  3841	-0.212802	-0.424	0.424
  3842	-0.192728	-0.424	0.424
  3843	-0.193762	-0.424	0.424
  3844	-0.196369	-0.424	0.424
  3845	-0.194744	-0.424	0.424
  3846	-0.185169	-0.424	0.424
  3847	-0.219139	-0.424	0.424
  3848	-0.1936	-0.424	0.424
  3849	-0.172161	-0.424	0.424
  3850	-0.212694	-0.424	0.424
  3851	-0.230796	-0.424	0.424
  3852	-0.213885	-0.424	0.424
  3853	-0.223713	-0.424	0.424
  3854	-0.21617	-0.424	0.424
  3855	-0.22117	-0.424	0.424
  3856	-0.207592	-0.424	0.424
  3857	-0.22605	-0.424	0.424
  3858	-0.189983	-0.424	0.424
  3859	-0.191858	-0.424	0.424
  3860	-0.185539	-0.424	0.424
  3861	-0.222039	-0.424	0.424
  3862	-0.206514	-0.424	0.424
  3863	-0.198422	-0.424	0.424
  3864	-0.21974	-0.424	0.424
  3865	-0.203202	-0.424	0.424
  3866	-0.226793	-0.424	0.424
  3867	-0.189918	-0.424	0.424
  3868	-0.20352	-0.424	0.424
  3869	-0.17979	-0.424	0.424
  3870	-0.174044	-0.424	0.424
  3871	-0.202725	-0.424	0.424
  3872	-0.216453	-0.424	0.424
  3873	-0.182795	-0.424	0.424
  3874	-0.194979	-0.424	0.424
  3875	-0.195217	-0.424	0.424
  3876	-0.189349	-0.424	0.424
  3877	-0.209196	-0.424	0.424
  3878	-0.207664	-0.424	0.424
  3879	-0.182628	-0.424	0.424
  3880	-0.183254	-0.424	0.424
  3881	-0.169812	-0.424	0.424
  3882	-0.170829	-0.424	0.424
  3883	-0.17628	-0.424	0.424
  3884	-0.200682	-0.424	0.424
  3885	-0.225553	-0.424	0.424
  3886	-0.179448	-0.424	0.424
  3887	-0.186637	-0.424	0.424
  3888	-0.173592	-0.424	0.424
  3889	-0.213595	-0.424	0.424
  3890	-0.193162	-0.424	0.424
  3891	-0.174609	-0.424	0.424
  3892	-0.185376	-0.424	0.424
  3893	-0.171512	-0.424	0.424
  3894	-0.206965	-0.424	0.424
  3895	-0.206765	-0.424	0.424
  3896	-0.200379	-0.424	0.424
  3897	-0.193047	-0.424	0.424
  3898	-0.220158	-0.424	0.424
  3899	-0.194868	-0.424	0.424
  3900	-0.178461	-0.424	0.424
  3901	-0.215051	-0.424	0.424
  3902	-0.198987	-0.424	0.424
  3903	-0.175311	-0.424	0.424
  3904	-0.201174	-0.424	0.424
  3905	-0.18397	-0.424	0.424
  3906	-0.216023	-0.424	0.424
  3907	-0.187285	-0.424	0.424
  3908	-0.182488	-0.424	0.424
  3909	-0.207487	-0.424	0.424
  3910	-0.205209	-0.424	0.424
  3911	-0.226018	-0.424	0.424
  3912	-0.217669	-0.424	0.424
  3913	-0.189751	-0.424	0.424
  3914	-0.180001	-0.424	0.424
  3915	-0.212433	-0.424	0.424
  3916	-0.221852	-0.424	0.424
  3917	-0.20685	-0.424	0.424
  3918	-0.193854	-0.424	0.424
  3919	-0.190463	-0.424	0.424
  3920	-0.224928	-0.424	0.424
  3921	-0.206966	-0.424	0.424
  3922	-0.205602	-0.424	0.424
  3923	-0.210564	-0.424	0.424
  3924	-0.185721	-0.424	0.424
  3925	-0.221079	-0.424	0.424
  3926	-0.168662	-0.424	0.424
  3927	-0.197969	-0.424	0.424
  3928	-0.226703	-0.424	0.424
  3929	-0.202992	-0.424	0.424
  3930	-0.212661	-0.424	0.424
  3931	-0.177634	-0.424	0.424
  3932	-0.181056	-0.424	0.424
  3933	-0.166024	-0.424	0.424
  3934	-0.202674	-0.424	0.424
  3935	-0.216969	-0.424	0.424
  3936	-0.192073	-0.424	0.424
  3937	-0.162677	-0.424	0.424
  3938	-0.214482	-0.424	0.424
  3939	-0.203812	-0.424	0.424
  3940	-0.216581	-0.424	0.424
  3941	-0.211383	-0.424	0.424
  3942	-0.165372	-0.424	0.424
  3943	-0.206465	-0.424	0.424
  3944	-0.170689	-0.424	0.424
  3945	-0.215081	-0.424	0.424
  3946	-0.20243	-0.424	0.424
  3947	-0.200631	-0.424	0.424
  3948	-0.221153	-0.424	0.424
  3949	-0.18096	-0.424	0.424
  3950	-0.163712	-0.424	0.424
  3951	-0.194585	-0.424	0.424
  3952	-0.218342	-0.424	0.424
  3953	-0.202002	-0.424	0.424
  3954	-0.226838	-0.424	0.424
  3955	-0.199175	-0.424	0.424
  3956	-0.204963	-0.424	0.424
  3957	-0.194048	-0.424	0.424
  3958	-0.198744	-0.424	0.424
  3959	-0.167361	-0.424	0.424
  3960	-0.222038	-0.424	0.424
  3961	-0.223401	-0.424	0.424
  3962	-0.198004	-0.424	0.424
  3963	-0.207907	-0.424	0.424
  3964	-0.1722	-0.424	0.424
  3965	-0.164634	-0.424	0.424
  3966	-0.172233	-0.424	0.424
  3967	-0.160432	-0.424	0.424
  3968	-0.19628	-0.424	0.424
  3969	-0.22251	-0.424	0.424
  3970	-0.188796	-0.424	0.424
  3971	-0.211934	-0.424	0.424
  3972	-0.150694	-0.424	0.424
  3973	-0.209477	-0.424	0.424
  3974	-0.190398	-0.424	0.424
  3975	-0.215145	-0.424	0.424
  3976	-0.216157	-0.424	0.424
  3977	-0.212313	-0.424	0.424
  3978	-0.186515	-0.424	0.424
  3979	-0.215684	-0.424	0.424
  3980	-0.218934	-0.424	0.424
  3981	-0.213424	-0.424	0.424
  3982	-0.183257	-0.424	0.424
  3983	-0.195126	-0.424	0.424
  3984	-0.180748	-0.424	0.424
  3985	-0.211026	-0.424	0.424
  3986	-0.190313	-0.424	0.424
  3987	-0.185265	-0.424	0.424
  3988	-0.179325	-0.424	0.424
  3989	-0.185267	-0.424	0.424
  3990	-0.20135	-0.424	0.424
  3991	-0.205674	-0.424	0.424
  3992	-0.224425	-0.424	0.424
  3993	-0.16692	-0.424	0.424
  3994	-0.212515	-0.424	0.424
  3995	-0.149405	-0.424	0.424
  3996	-0.213684	-0.424	0.424
  3997	-0.225684	-0.424	0.424
  3998	-0.194129	-0.424	0.424
  3999	-0.170925	-0.424	0.424
  4000	-0.202778	-0.424	0.424
  4001	-0.20417	-0.424	0.424
  4002	-0.209592	-0.424	0.424
  4003	-0.18195	-0.424	0.424
  4004	-0.216202	-0.424	0.424
  4005	-0.181625	-0.424	0.424
  4006	-0.179797	-0.424	0.424
  4007	-0.216956	-0.424	0.424
  4008	-0.214472	-0.424	0.424
  4009	-0.148389	-0.424	0.424
  4010	-0.187908	-0.424	0.424
  4011	-0.207825	-0.424	0.424
  4012	-0.205948	-0.424	0.424
  4013	-0.216413	-0.424	0.424
  4014	-0.205952	-0.424	0.424
  4015	-0.207701	-0.424	0.424
  4016	-0.187657	-0.424	0.424
  4017	-0.189077	-0.424	0.424
  4018	-0.170776	-0.424	0.424
  4019	-0.170971	-0.424	0.424
  4020	-0.167736	-0.424	0.424
  4021	-0.179159	-0.424	0.424
  4022	-0.217606	-0.424	0.424
  4023	-0.200073	-0.424	0.424
  4024	-0.208196	-0.424	0.424
  4025	-0.185126	-0.424	0.424
  4026	-0.170856	-0.424	0.424
  4027	-0.172442	-0.424	0.424
  4028	-0.201536	-0.424	0.424
  4029	-0.208318	-0.424	0.424
  4030	-0.196473	-0.424	0.424
  4031	-0.19493	-0.424	0.424
  4032	-0.219949	-0.424	0.424
  4033	-0.210308	-0.424	0.424
  4034	-0.216891	-0.424	0.424
  4035	-0.198985	-0.424	0.424
  4036	-0.219707	-0.424	0.424
  4037	-0.192821	-0.424	0.424
  4038	-0.175741	-0.424	0.424
  4039	-0.216488	-0.424	0.424
  4040	-0.199556	-0.424	0.424
  4041	-0.208934	-0.424	0.424
  4042	-0.183269	-0.424	0.424
  4043	-0.225788	-0.424	0.424
  4044	-0.160544	-0.424	0.424
  4045	-0.194636	-0.424	0.424
  4046	-0.223135	-0.424	0.424
  4047	-0.189453	-0.424	0.424
  4048	-0.219114	-0.424	0.424
  4049	-0.218828	-0.424	0.424
  4050	-0.16069	-0.424	0.424
  4051	-0.193608	-0.424	0.424
  4052	-0.208145	-0.424	0.424
  4053	-0.193842	-0.424	0.424
  4054	-0.216035	-0.424	0.424
  4055	-0.19086	-0.424	0.424
  4056	-0.164303	-0.424	0.424
  4057	-0.231526	-0.424	0.424
  4058	-0.225605	-0.424	0.424
  4059	-0.192929	-0.424	0.424
  4060	-0.170921	-0.424	0.424
  4061	-0.188617	-0.424	0.424
  4062	-0.200749	-0.424	0.424
  4063	-0.202695	-0.424	0.424
  4064	-0.175876	-0.424	0.424
  4065	-0.21381	-0.424	0.424
  4066	-0.181047	-0.424	0.424
  4067	-0.168454	-0.424	0.424
  4068	-0.213914	-0.424	0.424
  4069	-0.196121	-0.424	0.424
  4070	-0.173024	-0.424	0.424
  4071	-0.168463	-0.424	0.424
  4072	-0.179076	-0.424	0.424
  4073	-0.202589	-0.424	0.424
  4074	-0.207994	-0.424	0.424
  4075	-0.224389	-0.424	0.424
  4076	-0.210393	-0.424	0.424
  4077	-0.209063	-0.424	0.424
  4078	-0.152093	-0.424	0.424
  4079	-0.215211	-0.424	0.424
  4080	-0.211352	-0.424	0.424
  4081	-0.227272	-0.424	0.424
  4082	-0.198765	-0.424	0.424
  4083	-0.201852	-0.424	0.424
  4084	-0.215491	-0.424	0.424
  4085	-0.183294	-0.424	0.424
  4086	-0.197046	-0.424	0.424
  4087	-0.190115	-0.424	0.424
  4088	-0.186122	-0.424	0.424
  4089	-0.20252	-0.424	0.424
  4090	-0.213385	-0.424	0.424
  4091	-0.194727	-0.424	0.424
  4092	-0.195655	-0.424	0.424
  4093	-0.209769	-0.424	0.424
  4094	-0.200356	-0.424	0.424
  4095	-0.174224	-0.424	0.424
  4096	-0.212908	-0.424	0.424
  4097	-0.218749	-0.424	0.424
  4098	-0.185191	-0.424	0.424
  4099	-0.179549	-0.424	0.424
  4100	-0.216368	-0.424	0.424
  4101	-0.209204	-0.424	0.424
  4102	-0.204519	-0.424	0.424
  4103	-0.166302	-0.424	0.424
  4104	-0.204841	-0.424	0.424
  4105	-0.221929	-0.424	0.424
  4106	-0.216936	-0.424	0.424
  4107	-0.162924	-0.424	0.424
  4108	-0.18357	-0.424	0.424
  4109	-0.189223	-0.424	0.424
  4110	-0.215712	-0.424	0.424
  4111	-0.221321	-0.424	0.424
  4112	-0.210895	-0.424	0.424
  4113	-0.233566	-0.424	0.424
  4114	-0.193437	-0.424	0.424
  4115	-0.216898	-0.424	0.424
  4116	-0.146329	-0.424	0.424
  4117	-0.210154	-0.424	0.424
  4118	-0.198394	-0.424	0.424
  4119	-0.207614	-0.424	0.424
  4120	-0.204693	-0.424	0.424
  4121	-0.178442	-0.424	0.424
  4122	-0.196515	-0.424	0.424
  4123	-0.186501	-0.424	0.424
  4124	-0.226762	-0.424	0.424
  4125	-0.187525	-0.424	0.424
  4126	-0.210054	-0.424	0.424
  4127	-0.225702	-0.424	0.424
  4128	-0.232837	-0.424	0.424
  4129	-0.197878	-0.424	0.424
  4130	-0.208166	-0.424	0.424
  4131	-0.199153	-0.424	0.424
  4132	-0.177419	-0.424	0.424
  4133	-0.174943	-0.424	0.424
  4134	-0.202838	-0.424	0.424
  4135	-0.192769	-0.424	0.424
  4136	-0.205281	-0.424	0.424
  4137	-0.177107	-0.424	0.424
  4138	-0.196807	-0.424	0.424
  4139	-0.190919	-0.424	0.424
  4140	-0.179936	-0.424	0.424
  4141	-0.225229	-0.424	0.424
  4142	-0.197253	-0.424	0.424
  4143	-0.198027	-0.424	0.424
  4144	-0.181642	-0.424	0.424
  4145	-0.200161	-0.424	0.424
  4146	-0.221502	-0.424	0.424
  4147	-0.215387	-0.424	0.424
  4148	-0.191436	-0.424	0.424
  4149	-0.191818	-0.424	0.424
  4150	-0.167975	-0.424	0.424
  4151	-0.167967	-0.424	0.424
  4152	-0.199218	-0.424	0.424
  4153	-0.210849	-0.424	0.424
  4154	-0.153995	-0.424	0.424
  4155	-0.227308	-0.424	0.424
  4156	-0.199836	-0.424	0.424
  4157	-0.213629	-0.424	0.424
  4158	-0.195044	-0.424	0.424
  4159	-0.182488	-0.424	0.424
  4160	-0.150407	-0.424	0.424
  4161	-0.144831	-0.424	0.424
  4162	-0.167423	-0.424	0.424
  4163	-0.209407	-0.424	0.424
  4164	-0.195195	-0.424	0.424
  4165	-0.208138	-0.424	0.424
  4166	-0.178524	-0.424	0.424
  4167	-0.185484	-0.424	0.424
  4168	-0.164674	-0.424	0.424
  4169	-0.207699	-0.424	0.424
  4170	-0.195414	-0.424	0.424
  4171	-0.141928	-0.424	0.424
  4172	-0.191539	-0.424	0.424
  4173	-0.226722	-0.424	0.424
  4174	-0.206302	-0.424	0.424
  4175	-0.208971	-0.424	0.424
  4176	-0.181503	-0.424	0.424
  4177	-0.208763	-0.424	0.424
  4178	-0.180273	-0.424	0.424
  4179	-0.221595	-0.424	0.424
  4180	-0.222946	-0.424	0.424
  4181	-0.218543	-0.424	0.424
  4182	-0.20662	-0.424	0.424
  4183	-0.188348	-0.424	0.424
  4184	-0.209138	-0.424	0.424
  4185	-0.170963	-0.424	0.424
  4186	-0.176956	-0.424	0.424
  4187	-0.225133	-0.424	0.424
  4188	-0.197909	-0.424	0.424
  4189	-0.199779	-0.424	0.424
  4190	-0.226749	-0.424	0.424
  4191	-0.198525	-0.424	0.424
  4192	-0.194121	-0.424	0.424
  4193	-0.164165	-0.424	0.424
  4194	-0.156156	-0.424	0.424
  4195	-0.213775	-0.424	0.424
  4196	-0.209202	-0.424	0.424
  4197	-0.206469	-0.424	0.424
  4198	-0.202564	-0.424	0.424
  4199	-0.198116	-0.424	0.424
  4200	-0.205262	-0.424	0.424
  4201	-0.216766	-0.424	0.424
  4202	-0.212249	-0.424	0.424
  4203	-0.207231	-0.424	0.424
  4204	-0.199535	-0.424	0.424
  4205	-0.208811	-0.424	0.424
  4206	-0.173284	-0.424	0.424
  4207	-0.221471	-0.424	0.424
  4208	-0.212227	-0.424	0.424
  4209	-0.181713	-0.424	0.424
  4210	-0.205141	-0.424	0.424
  4211	-0.197886	-0.424	0.424
  4212	-0.189225	-0.424	0.424
  4213	-0.176401	-0.424	0.424
  4214	-0.213762	-0.424	0.424
  4215	-0.190115	-0.424	0.424
  4216	-0.206699	-0.424	0.424
  4217	-0.217064	-0.424	0.424
  4218	-0.186867	-0.424	0.424
  4219	-0.179188	-0.424	0.424
  4220	-0.207892	-0.424	0.424
  4221	-0.141042	-0.424	0.424
  4222	-0.208945	-0.424	0.424
  4223	-0.208336	-0.424	0.424
  4224	-0.199104	-0.424	0.424
  4225	-0.165884	-0.424	0.424
  4226	-0.20539	-0.424	0.424
  4227	-0.209933	-0.424	0.424
  4228	-0.204641	-0.424	0.424
  4229	-0.202912	-0.424	0.424
  4230	-0.190428	-0.424	0.424
  4231	-0.181225	-0.424	0.424
  4232	-0.212915	-0.424	0.424
  4233	-0.179298	-0.424	0.424
  4234	-0.206542	-0.424	0.424
  4235	-0.190735	-0.424	0.424
  4236	-0.188679	-0.424	0.424
  4237	-0.194487	-0.424	0.424
  4238	-0.15768	-0.424	0.424
  4239	-0.199219	-0.424	0.424
  4240	-0.185354	-0.424	0.424
  4241	-0.17636	-0.424	0.424
  4242	-0.206591	-0.424	0.424
  4243	-0.187799	-0.424	0.424
  4244	-0.203685	-0.424	0.424
  4245	-0.19069	-0.424	0.424
  4246	-0.228364	-0.424	0.424
  4247	-0.181384	-0.424	0.424
  4248	-0.179613	-0.424	0.424
  4249	-0.201374	-0.424	0.424
  4250	-0.206626	-0.424	0.424
  4251	-0.200229	-0.424	0.424
  4252	-0.175846	-0.424	0.424
  4253	-0.210345	-0.424	0.424
  4254	-0.208763	-0.424	0.424
  4255	-0.19493	-0.424	0.424
  4256	-0.195879	-0.424	0.424
  4257	-0.205149	-0.424	0.424
  4258	-0.207158	-0.424	0.424
  4259	-0.213024	-0.424	0.424
  4260	-0.203183	-0.424	0.424
  4261	-0.180121	-0.424	0.424
  4262	-0.217085	-0.424	0.424
  4263	-0.202753	-0.424	0.424
  4264	-0.1472	-0.424	0.424
  4265	-0.198345	-0.424	0.424
  4266	-0.204441	-0.424	0.424
  4267	-0.185239	-0.424	0.424
  4268	-0.163143	-0.424	0.424
  4269	-0.162344	-0.424	0.424
  4270	-0.193365	-0.424	0.424
  4271	-0.188018	-0.424	0.424
  4272	-0.176883	-0.424	0.424
  4273	-0.199929	-0.424	0.424
  4274	-0.211098	-0.424	0.424
  4275	-0.207504	-0.424	0.424
  4276	-0.165052	-0.424	0.424
  4277	-0.178813	-0.424	0.424
  4278	-0.202077	-0.424	0.424
  4279	-0.18168	-0.424	0.424
  4280	-0.221089	-0.424	0.424
  4281	-0.19776	-0.424	0.424
  4282	-0.212157	-0.424	0.424
  4283	-0.198948	-0.424	0.424
  4284	-0.184454	-0.424	0.424
  4285	-0.155021	-0.424	0.424
  4286	-0.215639	-0.424	0.424
  4287	-0.192693	-0.424	0.424
  4288	-0.225242	-0.424	0.424
  4289	-0.201426	-0.424	0.424
  4290	-0.208576	-0.424	0.424
  4291	-0.214109	-0.424	0.424
  4292	-0.1896	-0.424	0.424
  4293	-0.205988	-0.424	0.424
  4294	-0.187992	-0.424	0.424
  4295	-0.211965	-0.424	0.424
  4296	-0.179533	-0.424	0.424
  4297	-0.179528	-0.424	0.424
  4298	-0.214225	-0.424	0.424
  4299	-0.186542	-0.424	0.424
  4300	-0.213833	-0.424	0.424
  4301	-0.197869	-0.424	0.424
  4302	-0.195541	-0.424	0.424
  4303	-0.196812	-0.424	0.424
  4304	-0.173987	-0.424	0.424
  4305	-0.168833	-0.424	0.424
  4306	-0.228488	-0.424	0.424
  4307	-0.216275	-0.424	0.424
  4308	-0.226017	-0.424	0.424
  4309	-0.202118	-0.424	0.424
  4310	-0.185171	-0.424	0.424
  4311	-0.207272	-0.424	0.424
  4312	-0.19873	-0.424	0.424
  4313	-0.219561	-0.424	0.424
  4314	-0.192243	-0.424	0.424
  4315	-0.172872	-0.424	0.424
  4316	-0.198585	-0.424	0.424
  4317	-0.172971	-0.424	0.424
  4318	-0.197868	-0.424	0.424
  4319	-0.169686	-0.424	0.424
  4320	-0.188187	-0.424	0.424
  4321	-0.185291	-0.424	0.424
  4322	-0.194468	-0.424	0.424
  4323	-0.210151	-0.424	0.424
  4324	-0.22713	-0.424	0.424
  4325	-0.21212	-0.424	0.424
  4326	-0.141662	-0.424	0.424
  4327	-0.207095	-0.424	0.424
  4328	-0.19987	-0.424	0.424
  4329	-0.185939	-0.424	0.424
  4330	-0.202568	-0.424	0.424
  4331	-0.21621	-0.424	0.424
  4332	-0.191895	-0.424	0.424
  4333	-0.217531	-0.424	0.424
  4334	-0.180187	-0.424	0.424
  4335	-0.180279	-0.424	0.424
  4336	-0.197178	-0.424	0.424
  4337	-0.19115	-0.424	0.424
  4338	-0.207806	-0.424	0.424
  4339	-0.209197	-0.424	0.424
  4340	-0.2063	-0.424	0.424
  4341	-0.171117	-0.424	0.424
  4342	-0.176874	-0.424	0.424
  4343	-0.148712	-0.424	0.424
  4344	-0.148223	-0.424	0.424
  4345	-0.21308	-0.424	0.424
  4346	-0.191814	-0.424	0.424
  4347	-0.175702	-0.424	0.424
  4348	-0.178564	-0.424	0.424
  4349	-0.167019	-0.424	0.424
  4350	-0.162279	-0.424	0.424
  4351	-0.183772	-0.424	0.424
  4352	-0.191337	-0.424	0.424
  4353	-0.21592	-0.424	0.424
  4354	-0.194784	-0.424	0.424
  4355	-0.220488	-0.424	0.424
  4356	-0.181186	-0.424	0.424
  4357	-0.191262	-0.424	0.424
  4358	-0.186378	-0.424	0.424
  4359	-0.184607	-0.424	0.424
  4360	-0.200517	-0.424	0.424
  4361	-0.196578	-0.424	0.424
  4362	-0.198313	-0.424	0.424
  4363	-0.208658	-0.424	0.424
  4364	-0.172857	-0.424	0.424
  4365	-0.197438	-0.424	0.424
  4366	-0.197377	-0.424	0.424
  4367	-0.19315	-0.424	0.424
  4368	-0.150337	-0.424	0.424
  4369	-0.196926	-0.424	0.424
  4370	-0.216798	-0.424	0.424
  4371	-0.209525	-0.424	0.424
  4372	-0.18716	-0.424	0.424
  4373	-0.206706	-0.424	0.424
  4374	-0.187278	-0.424	0.424
  4375	-0.174739	-0.424	0.424
  4376	-0.190461	-0.424	0.424
  4377	-0.181217	-0.424	0.424
  4378	-0.219835	-0.424	0.424
  4379	-0.198726	-0.424	0.424
  4380	-0.209342	-0.424	0.424
  4381	-0.191263	-0.424	0.424
  4382	-0.16916	-0.424	0.424
  4383	-0.186943	-0.424	0.424
  4384	-0.20449	-0.424	0.424
  4385	-0.209515	-0.424	0.424
  4386	-0.186609	-0.424	0.424
  4387	-0.227094	-0.424	0.424
  4388	-0.219382	-0.424	0.424
  4389	-0.200272	-0.424	0.424
  4390	-0.224252	-0.424	0.424
  4391	-0.199603	-0.424	0.424
  4392	-0.186255	-0.424	0.424
  4393	-0.197142	-0.424	0.424
  4394	-0.193488	-0.424	0.424
  4395	-0.14521	-0.424	0.424
  4396	-0.214013	-0.424	0.424
  4397	-0.187879	-0.424	0.424
  4398	-0.202192	-0.424	0.424
  4399	-0.169035	-0.424	0.424
  4400	-0.175305	-0.424	0.424
  4401	-0.213535	-0.424	0.424
  4402	-0.214997	-0.424	0.424
  4403	-0.186373	-0.424	0.424
  4404	-0.190989	-0.424	0.424
  4405	-0.174478	-0.424	0.424
  4406	-0.179745	-0.424	0.424
  4407	-0.208392	-0.424	0.424
  4408	-0.205802	-0.424	0.424
  4409	-0.200443	-0.424	0.424
  4410	-0.192078	-0.424	0.424
  4411	-0.207065	-0.424	0.424
  4412	-0.213013	-0.424	0.424
  4413	-0.198562	-0.424	0.424
  4414	-0.181301	-0.424	0.424
  4415	-0.200425	-0.424	0.424
  4416	-0.212343	-0.424	0.424
  4417	-0.198845	-0.424	0.424
  4418	-0.193096	-0.424	0.424
  4419	-0.223417	-0.424	0.424
  4420	-0.222257	-0.424	0.424
  4421	-0.201998	-0.424	0.424
  4422	-0.197086	-0.424	0.424
  4423	-0.199173	-0.424	0.424
  4424	-0.210202	-0.424	0.424
  4425	-0.212044	-0.424	0.424
  4426	-0.204132	-0.424	0.424
  4427	-0.197712	-0.424	0.424
  4428	-0.228535	-0.424	0.424
  4429	-0.209858	-0.424	0.424
  4430	-0.2049	-0.424	0.424
  4431	-0.217626	-0.424	0.424
  4432	-0.159933	-0.424	0.424
  4433	-0.1682	-0.424	0.424
  4434	-0.214281	-0.424	0.424
  4435	-0.196034	-0.424	0.424
  4436	-0.212027	-0.424	0.424
  4437	-0.168742	-0.424	0.424
  4438	-0.184864	-0.424	0.424
  4439	-0.189885	-0.424	0.424
  4440	-0.186086	-0.424	0.424
  4441	-0.211744	-0.424	0.424
  4442	-0.190835	-0.424	0.424
  4443	-0.156163	-0.424	0.424
  4444	-0.183198	-0.424	0.424
  4445	-0.178308	-0.424	0.424
  4446	-0.190866	-0.424	0.424
  4447	-0.1945	-0.424	0.424
  4448	-0.140227	-0.424	0.424
  4449	-0.19105	-0.424	0.424
  4450	-0.205419	-0.424	0.424
  4451	-0.222	-0.424	0.424
  4452	-0.155269	-0.424	0.424
  4453	-0.209578	-0.424	0.424
  4454	-0.202892	-0.424	0.424
  4455	-0.166872	-0.424	0.424
  4456	-0.211569	-0.424	0.424
  4457	-0.19231	-0.424	0.424
  4458	-0.163329	-0.424	0.424
  4459	-0.196599	-0.424	0.424
  4460	-0.210962	-0.424	0.424
  4461	-0.220048	-0.424	0.424
  4462	-0.204752	-0.424	0.424
  4463	-0.185092	-0.424	0.424
  4464	-0.183762	-0.424	0.424
  4465	-0.173799	-0.424	0.424
  4466	-0.214025	-0.424	0.424
  4467	-0.198094	-0.424	0.424
  4468	-0.186889	-0.424	0.424
  4469	-0.19352	-0.424	0.424
  4470	-0.178907	-0.424	0.424
  4471	-0.202554	-0.424	0.424
  4472	-0.205361	-0.424	0.424
  4473	-0.164436	-0.424	0.424
  4474	-0.179888	-0.424	0.424
  4475	-0.206472	-0.424	0.424
  4476	-0.184336	-0.424	0.424
  4477	-0.196836	-0.424	0.424
  4478	-0.180112	-0.424	0.424
  4479	-0.186589	-0.424	0.424
  4480	-0.209849	-0.424	0.424
  4481	-0.201473	-0.424	0.424
  4482	-0.181759	-0.424	0.424
  4483	-0.179978	-0.424	0.424
  4484	-0.216619	-0.424	0.424
  4485	-0.176459	-0.424	0.424
  4486	-0.178785	-0.424	0.424
  4487	-0.177604	-0.424	0.424
  4488	-0.185913	-0.424	0.424
  4489	-0.199981	-0.424	0.424
  4490	-0.212876	-0.424	0.424
  4491	-0.207244	-0.424	0.424
  4492	-0.225618	-0.424	0.424
  4493	-0.219269	-0.424	0.424
  4494	-0.20416	-0.424	0.424
  4495	-0.180616	-0.424	0.424
  4496	-0.199834	-0.424	0.424
  4497	-0.22256	-0.424	0.424
  4498	-0.221558	-0.424	0.424
  4499	-0.206817	-0.424	0.424
  4500	-0.214599	-0.424	0.424
  4501	-0.177165	-0.424	0.424
  4502	-0.225043	-0.424	0.424
  4503	-0.19346	-0.424	0.424
  4504	-0.19443	-0.424	0.424
  4505	-0.198951	-0.424	0.424
  4506	-0.207116	-0.424	0.424
  4507	-0.165012	-0.424	0.424
  4508	-0.199829	-0.424	0.424
  4509	-0.185694	-0.424	0.424
  4510	-0.187603	-0.424	0.424
  4511	-0.197083	-0.424	0.424
  4512	-0.160143	-0.424	0.424
  4513	-0.187412	-0.424	0.424
  4514	-0.220802	-0.424	0.424
  4515	-0.165144	-0.424	0.424
  4516	-0.153411	-0.424	0.424
  4517	-0.176356	-0.424	0.424
  4518	-0.188821	-0.424	0.424
  4519	-0.204682	-0.424	0.424
  4520	-0.150086	-0.424	0.424
  4521	-0.184846	-0.424	0.424
  4522	-0.188485	-0.424	0.424
  4523	-0.205412	-0.424	0.424
  4524	-0.222355	-0.424	0.424
  4525	-0.209549	-0.424	0.424
  4526	-0.198247	-0.424	0.424
  4527	-0.21176	-0.424	0.424
  4528	-0.180862	-0.424	0.424
  4529	-0.171073	-0.424	0.424
  4530	-0.206394	-0.424	0.424
  4531	-0.219917	-0.424	0.424
  4532	-0.185095	-0.424	0.424
  4533	-0.203558	-0.424	0.424
  4534	-0.20223	-0.424	0.424
  4535	-0.192469	-0.424	0.424
  4536	-0.170392	-0.424	0.424
  4537	-0.195527	-0.424	0.424
  4538	-0.183422	-0.424	0.424
  4539	-0.194193	-0.424	0.424
  4540	-0.224388	-0.424	0.424
  4541	-0.205076	-0.424	0.424
  4542	-0.203987	-0.424	0.424
  4543	-0.2091	-0.424	0.424
  4544	-0.191705	-0.424	0.424
  4545	-0.200463	-0.424	0.424
  4546	-0.217842	-0.424	0.424
  4547	-0.177399	-0.424	0.424
  4548	-0.204608	-0.424	0.424
  4549	-0.218664	-0.424	0.424
  4550	-0.199898	-0.424	0.424
  4551	-0.201321	-0.424	0.424
  4552	-0.204374	-0.424	0.424
  4553	-0.206289	-0.424	0.424
  4554	-0.225423	-0.424	0.424
  4555	-0.173549	-0.424	0.424
  4556	-0.214337	-0.424	0.424
  4557	-0.211375	-0.424	0.424
  4558	-0.192645	-0.424	0.424
  4559	-0.189623	-0.424	0.424
  4560	-0.205882	-0.424	0.424
  4561	-0.202251	-0.424	0.424
  4562	-0.149594	-0.424	0.424
  4563	-0.194957	-0.424	0.424
  4564	-0.206376	-0.424	0.424
  4565	-0.184951	-0.424	0.424
  4566	-0.156195	-0.424	0.424
  4567	-0.180467	-0.424	0.424
  4568	-0.228806	-0.424	0.424
  4569	-0.203768	-0.424	0.424
  4570	-0.186054	-0.424	0.424
  4571	-0.223012	-0.424	0.424
  4572	-0.194136	-0.424	0.424
  4573	-0.181889	-0.424	0.424
  4574	-0.206053	-0.424	0.424
  4575	-0.205723	-0.424	0.424
  4576	-0.171885	-0.424	0.424
  4577	-0.21639	-0.424	0.424
  4578	-0.201003	-0.424	0.424
  4579	-0.20156	-0.424	0.424
  4580	-0.221061	-0.424	0.424
  4581	-0.214419	-0.424	0.424
  4582	-0.203506	-0.424	0.424
  4583	-0.19618	-0.424	0.424
  4584	-0.190142	-0.424	0.424
  4585	-0.206974	-0.424	0.424
  4586	-0.188366	-0.424	0.424
  4587	-0.125981	-0.424	0.424
  4588	-0.16594	-0.424	0.424
  4589	-0.194497	-0.424	0.424
  4590	-0.175415	-0.424	0.424
  4591	-0.204506	-0.424	0.424
  4592	-0.217562	-0.424	0.424
  4593	-0.207846	-0.424	0.424
  4594	-0.177083	-0.424	0.424
  4595	-0.177713	-0.424	0.424
  4596	-0.188822	-0.424	0.424
  4597	-0.198428	-0.424	0.424
  4598	-0.224284	-0.424	0.424
  4599	-0.187192	-0.424	0.424
  4600	-0.185422	-0.424	0.424
  4601	-0.219638	-0.424	0.424
  4602	-0.204521	-0.424	0.424
  4603	-0.183735	-0.424	0.424
  4604	-0.188993	-0.424	0.424
  4605	-0.198154	-0.424	0.424
  4606	-0.187365	-0.424	0.424
  4607	-0.220701	-0.424	0.424
  4608	-0.207235	-0.424	0.424
  4609	-0.201669	-0.424	0.424
  4610	-0.153956	-0.424	0.424
  4611	-0.181961	-0.424	0.424
  4612	-0.183426	-0.424	0.424
  4613	-0.171823	-0.424	0.424
  4614	-0.183522	-0.424	0.424
  4615	-0.223911	-0.424	0.424
  4616	-0.230173	-0.424	0.424
  4617	-0.1322	-0.424	0.424
  4618	-0.223455	-0.424	0.424
  4619	-0.19454	-0.424	0.424
  4620	-0.18681	-0.424	0.424
  4621	-0.195027	-0.424	0.424
  4622	-0.173658	-0.424	0.424
  4623	-0.213527	-0.424	0.424
  4624	-0.179987	-0.424	0.424
  4625	-0.206811	-0.424	0.424
  4626	-0.193885	-0.424	0.424
  4627	-0.214902	-0.424	0.424
  4628	-0.179539	-0.424	0.424
  4629	-0.211963	-0.424	0.424
  4630	-0.16519	-0.424	0.424
  4631	-0.165007	-0.424	0.424
  4632	-0.193568	-0.424	0.424
  4633	-0.194855	-0.424	0.424
  4634	-0.171431	-0.424	0.424
  4635	-0.214544	-0.424	0.424
  4636	-0.208557	-0.424	0.424
  4637	-0.168777	-0.424	0.424
  4638	-0.177296	-0.424	0.424
  4639	-0.213413	-0.424	0.424
  4640	-0.185268	-0.424	0.424
  4641	-0.197145	-0.424	0.424
  4642	-0.203467	-0.424	0.424
  4643	-0.204584	-0.424	0.424
  4644	-0.212317	-0.424	0.424
  4645	-0.196035	-0.424	0.424
  4646	-0.218442	-0.424	0.424
  4647	-0.195111	-0.424	0.424
  4648	-0.212928	-0.424	0.424
  4649	-0.209766	-0.424	0.424
  4650	-0.183244	-0.424	0.424
  4651	-0.174254	-0.424	0.424
  4652	-0.155445	-0.424	0.424
  4653	-0.197373	-0.424	0.424
  4654	-0.219751	-0.424	0.424
  4655	-0.166032	-0.424	0.424
  4656	-0.204342	-0.424	0.424
  4657	-0.218708	-0.424	0.424
  4658	-0.194014	-0.424	0.424
  4659	-0.215802	-0.424	0.424
  4660	-0.206264	-0.424	0.424
  4661	-0.208195	-0.424	0.424
  4662	-0.212671	-0.424	0.424
  4663	-0.198558	-0.424	0.424
  4664	-0.206106	-0.424	0.424
  4665	-0.197465	-0.424	0.424
  4666	-0.198901	-0.424	0.424
  4667	-0.202696	-0.424	0.424
  4668	-0.198233	-0.424	0.424
  4669	-0.184324	-0.424	0.424
  4670	-0.180333	-0.424	0.424
  4671	-0.196886	-0.424	0.424
  4672	-0.199847	-0.424	0.424
  4673	-0.235461	-0.424	0.424
  4674	-0.185256	-0.424	0.424
  4675	-0.218664	-0.424	0.424
  4676	-0.179311	-0.424	0.424
  4677	-0.204442	-0.424	0.424
  4678	-0.162636	-0.424	0.424
  4679	-0.226976	-0.424	0.424
  4680	-0.17063	-0.424	0.424
  4681	-0.221799	-0.424	0.424
  4682	-0.194231	-0.424	0.424
  4683	-0.209959	-0.424	0.424
  4684	-0.185953	-0.424	0.424
  4685	-0.153354	-0.424	0.424
  4686	-0.181569	-0.424	0.424
  4687	-0.194472	-0.424	0.424
  4688	-0.20369	-0.424	0.424
  4689	-0.160912	-0.424	0.424
  4690	-0.218194	-0.424	0.424
  4691	-0.190608	-0.424	0.424
  4692	-0.205509	-0.424	0.424
  4693	-0.178311	-0.424	0.424
  4694	-0.228464	-0.424	0.424
  4695	-0.209996	-0.424	0.424
  4696	-0.221025	-0.424	0.424
  4697	-0.208593	-0.424	0.424
  4698	-0.163134	-0.424	0.424
  4699	-0.209817	-0.424	0.424
  4700	-0.178145	-0.424	0.424
  4701	-0.164991	-0.424	0.424
  4702	-0.165267	-0.424	0.424
  4703	-0.186205	-0.424	0.424
  4704	-0.19733	-0.424	0.424
  4705	-0.22366	-0.424	0.424
  4706	-0.195591	-0.424	0.424
  4707	-0.196322	-0.424	0.424
  4708	-0.194282	-0.424	0.424
  4709	-0.189411	-0.424	0.424
  4710	-0.196707	-0.424	0.424
  4711	-0.176875	-0.424	0.424
  4712	-0.173338	-0.424	0.424
  4713	-0.177884	-0.424	0.424
  4714	-0.189158	-0.424	0.424
  4715	-0.20703	-0.424	0.424
  4716	-0.179851	-0.424	0.424
  4717	-0.192783	-0.424	0.424
  4718	-0.195845	-0.424	0.424
  4719	-0.168747	-0.424	0.424
  4720	-0.209539	-0.424	0.424
  4721	-0.18861	-0.424	0.424
  4722	-0.170484	-0.424	0.424
  4723	-0.160089	-0.424	0.424
  4724	-0.200026	-0.424	0.424
  4725	-0.143122	-0.424	0.424
  4726	-0.194139	-0.424	0.424
  4727	-0.205059	-0.424	0.424
  4728	-0.211525	-0.424	0.424
  4729	-0.18693	-0.424	0.424
  4730	-0.173158	-0.424	0.424
  4731	-0.218368	-0.424	0.424
  4732	-0.209094	-0.424	0.424
  4733	-0.179166	-0.424	0.424
  4734	-0.207749	-0.424	0.424
  4735	-0.224798	-0.424	0.424
  4736	-0.170424	-0.424	0.424
  4737	-0.180168	-0.424	0.424
  4738	-0.155864	-0.424	0.424
  4739	-0.227079	-0.424	0.424
  4740	-0.202783	-0.424	0.424
  4741	-0.204336	-0.424	0.424
  4742	-0.217042	-0.424	0.424
  4743	-0.193533	-0.424	0.424
  4744	-0.167856	-0.424	0.424
  4745	-0.196273	-0.424	0.424
  4746	-0.177415	-0.424	0.424
  4747	-0.185775	-0.424	0.424
  4748	-0.194379	-0.424	0.424
  4749	-0.225055	-0.424	0.424
  4750	-0.198621	-0.424	0.424
  4751	-0.205512	-0.424	0.424
  4752	-0.200637	-0.424	0.424
  4753	-0.223215	-0.424	0.424
  4754	-0.199902	-0.424	0.424
  4755	-0.192526	-0.424	0.424
  4756	-0.19477	-0.424	0.424
  4757	-0.223172	-0.424	0.424
  4758	-0.215338	-0.424	0.424
  4759	-0.194269	-0.424	0.424
  4760	-0.166616	-0.424	0.424
  4761	-0.196814	-0.424	0.424
  4762	-0.200508	-0.424	0.424
  4763	-0.202003	-0.424	0.424
  4764	-0.206712	-0.424	0.424
  4765	-0.187337	-0.424	0.424
  4766	-0.197761	-0.424	0.424
  4767	-0.207208	-0.424	0.424
  4768	-0.214134	-0.424	0.424
  4769	-0.201295	-0.424	0.424
  4770	-0.191229	-0.424	0.424
  4771	-0.215769	-0.424	0.424
  4772	-0.190034	-0.424	0.424
  4773	-0.21384	-0.424	0.424
  4774	-0.221028	-0.424	0.424
  4775	-0.199235	-0.424	0.424
  4776	-0.215535	-0.424	0.424
  4777	-0.223789	-0.424	0.424
  4778	-0.19509	-0.424	0.424
  4779	-0.198513	-0.424	0.424
  4780	-0.185019	-0.424	0.424
  4781	-0.208507	-0.424	0.424
  4782	-0.208571	-0.424	0.424
  4783	-0.216336	-0.424	0.424
  4784	-0.171435	-0.424	0.424
  4785	-0.213476	-0.424	0.424
  4786	-0.18686	-0.424	0.424
  4787	-0.206472	-0.424	0.424
  4788	-0.216032	-0.424	0.424
  4789	-0.165704	-0.424	0.424
  4790	-0.209251	-0.424	0.424
  4791	-0.187286	-0.424	0.424
  4792	-0.186934	-0.424	0.424
  4793	-0.201143	-0.424	0.424
  4794	-0.210866	-0.424	0.424
  4795	-0.183467	-0.424	0.424
  4796	-0.198861	-0.424	0.424
  4797	-0.183938	-0.424	0.424
  4798	-0.206289	-0.424	0.424
  4799	-0.172439	-0.424	0.424
  4800	-0.216369	-0.424	0.424
  4801	-0.220368	-0.424	0.424
  4802	-0.202848	-0.424	0.424
  4803	-0.184381	-0.424	0.424
  4804	-0.16933	-0.424	0.424
  4805	-0.214417	-0.424	0.424
  4806	-0.185208	-0.424	0.424
  4807	-0.203229	-0.424	0.424
  4808	-0.213418	-0.424	0.424
  4809	-0.17775	-0.424	0.424
  4810	-0.207592	-0.424	0.424
  4811	-0.178376	-0.424	0.424
  4812	-0.174065	-0.424	0.424
  4813	-0.187882	-0.424	0.424
  4814	-0.203292	-0.424	0.424
  4815	-0.171839	-0.424	0.424
  4816	-0.163634	-0.424	0.424
  4817	-0.19395	-0.424	0.424
  4818	-0.176739	-0.424	0.424
  4819	-0.200717	-0.424	0.424
  4820	-0.192967	-0.424	0.424
  4821	-0.211189	-0.424	0.424
  4822	-0.206537	-0.424	0.424
  4823	-0.203246	-0.424	0.424
  4824	-0.225343	-0.424	0.424
  4825	-0.204762	-0.424	0.424
  4826	-0.207055	-0.424	0.424
  4827	-0.155589	-0.424	0.424
  4828	-0.186219	-0.424	0.424
  4829	-0.181475	-0.424	0.424
  4830	-0.213318	-0.424	0.424
  4831	-0.203793	-0.424	0.424
  4832	-0.189089	-0.424	0.424
  4833	-0.190146	-0.424	0.424
  4834	-0.198407	-0.424	0.424
  4835	-0.221262	-0.424	0.424
  4836	-0.16814	-0.424	0.424
  4837	-0.198443	-0.424	0.424
  4838	-0.213103	-0.424	0.424
  4839	-0.226714	-0.424	0.424
  4840	-0.182992	-0.424	0.424
  4841	-0.209992	-0.424	0.424
  4842	-0.222161	-0.424	0.424
  4843	-0.203907	-0.424	0.424
  4844	-0.200104	-0.424	0.424
  4845	-0.198489	-0.424	0.424
  4846	-0.189277	-0.424	0.424
  4847	-0.216423	-0.424	0.424
  4848	-0.171643	-0.424	0.424
  4849	-0.221978	-0.424	0.424
  4850	-0.173806	-0.424	0.424
  4851	-0.173677	-0.424	0.424
  4852	-0.222269	-0.424	0.424
  4853	-0.212198	-0.424	0.424
  4854	-0.18253	-0.424	0.424
  4855	-0.169861	-0.424	0.424
  4856	-0.210685	-0.424	0.424
  4857	-0.213519	-0.424	0.424
  4858	-0.155732	-0.424	0.424
  4859	-0.20624	-0.424	0.424
  4860	-0.206949	-0.424	0.424
  4861	-0.184308	-0.424	0.424
  4862	-0.194796	-0.424	0.424
  4863	-0.156195	-0.424	0.424
  4864	-0.21543	-0.424	0.424
  4865	-0.202259	-0.424	0.424
  4866	-0.198676	-0.424	0.424
  4867	-0.20936	-0.424	0.424
  4868	-0.211957	-0.424	0.424
  4869	-0.185718	-0.424	0.424
  4870	-0.175255	-0.424	0.424
  4871	-0.222315	-0.424	0.424
  4872	-0.210489	-0.424	0.424
  4873	-0.183638	-0.424	0.424
  4874	-0.225527	-0.424	0.424
  4875	-0.20833	-0.424	0.424
  4876	-0.196344	-0.424	0.424
  4877	-0.178083	-0.424	0.424
  4878	-0.205015	-0.424	0.424
  4879	-0.151396	-0.424	0.424
  4880	-0.189112	-0.424	0.424
  4881	-0.168883	-0.424	0.424
  4882	-0.202585	-0.424	0.424
  4883	-0.20243	-0.424	0.424
  4884	-0.221608	-0.424	0.424
  4885	-0.211759	-0.424	0.424
  4886	-0.209113	-0.424	0.424
  4887	-0.191068	-0.424	0.424
  4888	-0.211902	-0.424	0.424
  4889	-0.210701	-0.424	0.424
  4890	-0.188335	-0.424	0.424
  4891	-0.156962	-0.424	0.424
  4892	-0.193533	-0.424	0.424
  4893	-0.200576	-0.424	0.424
  4894	-0.188304	-0.424	0.424
  4895	-0.203885	-0.424	0.424
  4896	-0.179204	-0.424	0.424
  4897	-0.201733	-0.424	0.424
  4898	-0.210821	-0.424	0.424
  4899	-0.216286	-0.424	0.424
  4900	-0.166121	-0.424	0.424
  4901	-0.206886	-0.424	0.424
  4902	-0.209098	-0.424	0.424
  4903	-0.175215	-0.424	0.424
  4904	-0.18623	-0.424	0.424
  4905	-0.185382	-0.424	0.424
  4906	-0.226244	-0.424	0.424
  4907	-0.164003	-0.424	0.424
  4908	-0.2073	-0.424	0.424
  4909	-0.204302	-0.424	0.424
  4910	-0.208598	-0.424	0.424
  4911	-0.20189	-0.424	0.424
  4912	-0.219546	-0.424	0.424
  4913	-0.206211	-0.424	0.424
  4914	-0.204864	-0.424	0.424
  4915	-0.176171	-0.424	0.424
  4916	-0.228994	-0.424	0.424
  4917	-0.200288	-0.424	0.424
  4918	-0.187093	-0.424	0.424
  4919	-0.220123	-0.424	0.424
  4920	-0.206037	-0.424	0.424
  4921	-0.173968	-0.424	0.424
  4922	-0.1802	-0.424	0.424
  4923	-0.212957	-0.424	0.424
  4924	-0.177804	-0.424	0.424
  4925	-0.224002	-0.424	0.424
  4926	-0.195402	-0.424	0.424
  4927	-0.198857	-0.424	0.424
  4928	-0.21556	-0.424	0.424
  4929	-0.21715	-0.424	0.424
  4930	-0.161853	-0.424	0.424
  4931	-0.208254	-0.424	0.424
  4932	-0.199669	-0.424	0.424
  4933	-0.209422	-0.424	0.424
  4934	-0.193802	-0.424	0.424
  4935	-0.205986	-0.424	0.424
  4936	-0.188996	-0.424	0.424
  4937	-0.201731	-0.424	0.424
  4938	-0.188738	-0.424	0.424
  4939	-0.18591	-0.424	0.424
  4940	-0.206421	-0.424	0.424
  4941	-0.187963	-0.424	0.424
  4942	-0.225199	-0.424	0.424
  4943	-0.200277	-0.424	0.424
  4944	-0.219239	-0.424	0.424
  4945	-0.207994	-0.424	0.424
  4946	-0.208606	-0.424	0.424
  4947	-0.225904	-0.424	0.424
  4948	-0.226221	-0.424	0.424
  4949	-0.207247	-0.424	0.424
  4950	-0.169112	-0.424	0.424
  4951	-0.14875	-0.424	0.424
  4952	-0.220943	-0.424	0.424
  4953	-0.192923	-0.424	0.424
  4954	-0.197969	-0.424	0.424
  4955	-0.193504	-0.424	0.424
  4956	-0.195956	-0.424	0.424
  4957	-0.18655	-0.424	0.424
  4958	-0.184653	-0.424	0.424
  4959	-0.204043	-0.424	0.424
  4960	-0.209487	-0.424	0.424
  4961	-0.174879	-0.424	0.424
  4962	-0.195666	-0.424	0.424
  4963	-0.197646	-0.424	0.424
  4964	-0.213071	-0.424	0.424
  4965	-0.195162	-0.424	0.424
  4966	-0.223231	-0.424	0.424
  4967	-0.193098	-0.424	0.424
  4968	-0.229367	-0.424	0.424
  4969	-0.200677	-0.424	0.424
  4970	-0.229208	-0.424	0.424
  4971	-0.20209	-0.424	0.424
  4972	-0.193569	-0.424	0.424
  4973	-0.202328	-0.424	0.424
  4974	-0.184719	-0.424	0.424
  4975	-0.202317	-0.424	0.424
  4976	-0.210042	-0.424	0.424
  4977	-0.216514	-0.424	0.424
  4978	-0.193539	-0.424	0.424
  4979	-0.208808	-0.424	0.424
  4980	-0.199598	-0.424	0.424
  4981	-0.164995	-0.424	0.424
  4982	-0.152595	-0.424	0.424
  4983	-0.211964	-0.424	0.424
  4984	-0.210462	-0.424	0.424
  4985	-0.184037	-0.424	0.424
  4986	-0.174682	-0.424	0.424
  4987	-0.162089	-0.424	0.424
  4988	-0.208704	-0.424	0.424
  4989	-0.210739	-0.424	0.424
  4990	-0.237563	-0.424	0.424
  4991	-0.210729	-0.424	0.424
  4992	-0.190395	-0.424	0.424
  4993	-0.166744	-0.424	0.424
  4994	-0.193232	-0.424	0.424
  4995	-0.218129	-0.424	0.424
  4996	-0.207225	-0.424	0.424
  4997	-0.226386	-0.424	0.424
  4998	-0.183807	-0.424	0.424
  4999	-0.230316	-0.424	0.424
  5000	-0.21607	-0.424	0.424
  5001	-0.176912	-0.424	0.424
  5002	-0.211952	-0.424	0.424
  5003	-0.191499	-0.424	0.424
  5004	-0.208097	-0.424	0.424
  5005	-0.189319	-0.424	0.424
  5006	-0.164833	-0.424	0.424
  5007	-0.214728	-0.424	0.424
  5008	-0.195083	-0.424	0.424
  5009	-0.17893	-0.424	0.424
  5010	-0.213891	-0.424	0.424
  5011	-0.20424	-0.424	0.424
  5012	-0.182664	-0.424	0.424
  5013	-0.194689	-0.424	0.424
  5014	-0.183998	-0.424	0.424
  5015	-0.186373	-0.424	0.424
  5016	-0.209937	-0.424	0.424
  5017	-0.225153	-0.424	0.424
  5018	-0.197581	-0.424	0.424
  5019	-0.159607	-0.424	0.424
  5020	-0.180672	-0.424	0.424
  5021	-0.18653	-0.424	0.424
  5022	-0.199954	-0.424	0.424
  5023	-0.228264	-0.424	0.424
  5024	-0.210182	-0.424	0.424
  5025	-0.165207	-0.424	0.424
  5026	-0.196792	-0.424	0.424
  5027	-0.212805	-0.424	0.424
  5028	-0.178881	-0.424	0.424
  5029	-0.20407	-0.424	0.424
  5030	-0.214541	-0.424	0.424
  5031	-0.212728	-0.424	0.424
  5032	-0.214268	-0.424	0.424
  5033	-0.213416	-0.424	0.424
  5034	-0.21063	-0.424	0.424
  5035	-0.169183	-0.424	0.424
  5036	-0.199912	-0.424	0.424
  5037	-0.179552	-0.424	0.424
  5038	-0.206158	-0.424	0.424
  5039	-0.18346	-0.424	0.424
  5040	-0.213914	-0.424	0.424
  5041	-0.220693	-0.424	0.424
  5042	-0.191267	-0.424	0.424
  5043	-0.204433	-0.424	0.424
  5044	-0.211777	-0.424	0.424
  5045	-0.212473	-0.424	0.424
  5046	-0.212808	-0.424	0.424
  5047	-0.195184	-0.424	0.424
  5048	-0.22858	-0.424	0.424
  5049	-0.183622	-0.424	0.424
  5050	-0.216257	-0.424	0.424
  5051	-0.2165	-0.424	0.424
  5052	-0.197818	-0.424	0.424
  5053	-0.178527	-0.424	0.424
  5054	-0.209462	-0.424	0.424
  5055	-0.186361	-0.424	0.424
  5056	-0.215133	-0.424	0.424
  5057	-0.178998	-0.424	0.424
  5058	-0.217056	-0.424	0.424
  5059	-0.169492	-0.424	0.424
  5060	-0.186649	-0.424	0.424
  5061	-0.199944	-0.424	0.424
  5062	-0.204389	-0.424	0.424
  5063	-0.198573	-0.424	0.424
  5064	-0.179009	-0.424	0.424
  5065	-0.206752	-0.424	0.424
  5066	-0.168657	-0.424	0.424
  5067	-0.174608	-0.424	0.424
  5068	-0.168578	-0.424	0.424
  5069	-0.220831	-0.424	0.424
  5070	-0.224885	-0.424	0.424
  5071	-0.213951	-0.424	0.424
  5072	-0.226015	-0.424	0.424
  5073	-0.206076	-0.424	0.424
  5074	-0.200337	-0.424	0.424
  5075	-0.172959	-0.424	0.424
  5076	-0.219115	-0.424	0.424
  5077	-0.205836	-0.424	0.424
  5078	-0.205993	-0.424	0.424
  5079	-0.207338	-0.424	0.424
  5080	-0.171447	-0.424	0.424
  5081	-0.196159	-0.424	0.424
  5082	-0.177321	-0.424	0.424
  5083	-0.219752	-0.424	0.424
  5084	-0.187346	-0.424	0.424
  5085	-0.169264	-0.424	0.424
  5086	-0.207286	-0.424	0.424
  5087	-0.169725	-0.424	0.424
  5088	-0.191363	-0.424	0.424
  5089	-0.202367	-0.424	0.424
  5090	-0.18109	-0.424	0.424
  5091	-0.179673	-0.424	0.424
  5092	-0.208759	-0.424	0.424
  5093	-0.203978	-0.424	0.424
  5094	-0.16018	-0.424	0.424
  5095	-0.195461	-0.424	0.424
  5096	-0.200052	-0.424	0.424
  5097	-0.200827	-0.424	0.424
  5098	-0.219245	-0.424	0.424
  5099	-0.210741	-0.424	0.424
  5100	-0.19833	-0.424	0.424
  5101	-0.190997	-0.424	0.424
  5102	-0.168813	-0.424	0.424
  5103	-0.22567	-0.424	0.424
  5104	-0.208798	-0.424	0.424
  5105	-0.211781	-0.424	0.424
  5106	-0.198537	-0.424	0.424
  5107	-0.169467	-0.424	0.424
  5108	-0.208685	-0.424	0.424
  5109	-0.164491	-0.424	0.424
  5110	-0.181105	-0.424	0.424
  5111	-0.183864	-0.424	0.424
  5112	-0.194175	-0.424	0.424
  5113	-0.196872	-0.424	0.424
  5114	-0.185595	-0.424	0.424
  5115	-0.209016	-0.424	0.424
  5116	-0.171385	-0.424	0.424
  5117	-0.145447	-0.424	0.424
  5118	-0.194313	-0.424	0.424
  5119	-0.192124	-0.424	0.424
  5120	-0.184163	-0.424	0.424
  5121	-0.200423	-0.424	0.424
  5122	-0.211086	-0.424	0.424
  5123	-0.199565	-0.424	0.424
  5124	-0.191138	-0.424	0.424
  5125	-0.190337	-0.424	0.424
  5126	-0.195742	-0.424	0.424
  5127	-0.192019	-0.424	0.424
  5128	-0.216316	-0.424	0.424
  5129	-0.183157	-0.424	0.424
  5130	-0.192656	-0.424	0.424
  5131	-0.202542	-0.424	0.424
  5132	-0.209002	-0.424	0.424
  5133	-0.202882	-0.424	0.424
  5134	-0.189791	-0.424	0.424
  5135	-0.206675	-0.424	0.424
  5136	-0.220169	-0.424	0.424
  5137	-0.184708	-0.424	0.424
  5138	-0.176624	-0.424	0.424
  5139	-0.202445	-0.424	0.424
  5140	-0.205343	-0.424	0.424
  5141	-0.196464	-0.424	0.424
  5142	-0.207931	-0.424	0.424
  5143	-0.210263	-0.424	0.424
  5144	-0.205863	-0.424	0.424
  5145	-0.202273	-0.424	0.424
  5146	-0.195257	-0.424	0.424
  5147	-0.209777	-0.424	0.424
  5148	-0.181203	-0.424	0.424
  5149	-0.19457	-0.424	0.424
  5150	-0.231113	-0.424	0.424
  5151	-0.184535	-0.424	0.424
  5152	-0.192377	-0.424	0.424
  5153	-0.168623	-0.424	0.424
  5154	-0.209471	-0.424	0.424
  5155	-0.195282	-0.424	0.424
  5156	-0.211075	-0.424	0.424
  5157	-0.202117	-0.424	0.424
  5158	-0.215861	-0.424	0.424
  5159	-0.211693	-0.424	0.424
  5160	-0.217321	-0.424	0.424
  5161	-0.199646	-0.424	0.424
  5162	-0.209386	-0.424	0.424
  5163	-0.181822	-0.424	0.424
  5164	-0.200892	-0.424	0.424
  5165	-0.165858	-0.424	0.424
  5166	-0.169366	-0.424	0.424
  5167	-0.191517	-0.424	0.424
  5168	-0.227236	-0.424	0.424
  5169	-0.221637	-0.424	0.424
  5170	-0.202846	-0.424	0.424
  5171	-0.197663	-0.424	0.424
  5172	-0.193678	-0.424	0.424
  5173	-0.195456	-0.424	0.424
  5174	-0.156571	-0.424	0.424
  5175	-0.171117	-0.424	0.424
  5176	-0.206276	-0.424	0.424
  5177	-0.214295	-0.424	0.424
  5178	-0.175475	-0.424	0.424
  5179	-0.173046	-0.424	0.424
  5180	-0.216505	-0.424	0.424
  5181	-0.211666	-0.424	0.424
  5182	-0.190475	-0.424	0.424
  5183	-0.21956	-0.424	0.424
  5184	-0.211075	-0.424	0.424
  5185	-0.206509	-0.424	0.424
  5186	-0.189363	-0.424	0.424
  5187	-0.180788	-0.424	0.424
  5188	-0.195682	-0.424	0.424
  5189	-0.205239	-0.424	0.424
  5190	-0.183449	-0.424	0.424
  5191	-0.201411	-0.424	0.424
  5192	-0.152346	-0.424	0.424
  5193	-0.214684	-0.424	0.424
  5194	-0.21826	-0.424	0.424
  5195	-0.179157	-0.424	0.424
  5196	-0.171231	-0.424	0.424
  5197	-0.23447	-0.424	0.424
  5198	-0.22298	-0.424	0.424
  5199	-0.188652	-0.424	0.424
  5200	-0.18779	-0.424	0.424
  5201	-0.201952	-0.424	0.424
  5202	-0.209848	-0.424	0.424
  5203	-0.185836	-0.424	0.424
  5204	-0.210613	-0.424	0.424
  5205	-0.176287	-0.424	0.424
  5206	-0.183684	-0.424	0.424
  5207	-0.206269	-0.424	0.424
  5208	-0.208929	-0.424	0.424
  5209	-0.208268	-0.424	0.424
  5210	-0.210357	-0.424	0.424
  5211	-0.187784	-0.424	0.424
  5212	-0.182717	-0.424	0.424
  5213	-0.217943	-0.424	0.424
  5214	-0.225688	-0.424	0.424
  5215	-0.16479	-0.424	0.424
  5216	-0.174223	-0.424	0.424
  5217	-0.18303	-0.424	0.424
  5218	-0.188816	-0.424	0.424
  5219	-0.211738	-0.424	0.424
  5220	-0.169453	-0.424	0.424
  5221	-0.155505	-0.424	0.424
  5222	-0.211992	-0.424	0.424
  5223	-0.20777	-0.424	0.424
  5224	-0.206962	-0.424	0.424
  5225	-0.201944	-0.424	0.424
  5226	-0.188437	-0.424	0.424
  5227	-0.171847	-0.424	0.424
  5228	-0.215148	-0.424	0.424
  5229	-0.196148	-0.424	0.424
  5230	-0.211599	-0.424	0.424
  5231	-0.201398	-0.424	0.424
  5232	-0.222679	-0.424	0.424
  5233	-0.17779	-0.424	0.424
  5234	-0.214685	-0.424	0.424
  5235	-0.191242	-0.424	0.424
  5236	-0.172863	-0.424	0.424
  5237	-0.202824	-0.424	0.424
  5238	-0.178497	-0.424	0.424
  5239	-0.221512	-0.424	0.424
  5240	-0.211466	-0.424	0.424
  5241	-0.187936	-0.424	0.424
  5242	-0.213336	-0.424	0.424
  5243	-0.200181	-0.424	0.424
  5244	-0.215454	-0.424	0.424
  5245	-0.197331	-0.424	0.424
  5246	-0.184792	-0.424	0.424
  5247	-0.188816	-0.424	0.424
  5248	-0.176803	-0.424	0.424
  5249	-0.21705	-0.424	0.424
  5250	-0.180048	-0.424	0.424
  5251	-0.193678	-0.424	0.424
  5252	-0.225183	-0.424	0.424
  5253	-0.201466	-0.424	0.424
  5254	-0.213348	-0.424	0.424
  5255	-0.211613	-0.424	0.424
  5256	-0.184827	-0.424	0.424
  5257	-0.187744	-0.424	0.424
  5258	-0.216141	-0.424	0.424
  5259	-0.190248	-0.424	0.424
  5260	-0.182445	-0.424	0.424
  5261	-0.213707	-0.424	0.424
  5262	-0.191228	-0.424	0.424
  5263	-0.21252	-0.424	0.424
  5264	-0.179264	-0.424	0.424
  5265	-0.222584	-0.424	0.424
  5266	-0.191074	-0.424	0.424
  5267	-0.17318	-0.424	0.424
  5268	-0.186074	-0.424	0.424
  5269	-0.186015	-0.424	0.424
  5270	-0.168107	-0.424	0.424
  5271	-0.159525	-0.424	0.424
  5272	-0.206113	-0.424	0.424
  5273	-0.181683	-0.424	0.424
  5274	-0.200908	-0.424	0.424
  5275	-0.2051	-0.424	0.424
  5276	-0.197914	-0.424	0.424
  5277	-0.16401	-0.424	0.424
  5278	-0.204672	-0.424	0.424
  5279	-0.193037	-0.424	0.424
  5280	-0.18686	-0.424	0.424
  5281	-0.226824	-0.424	0.424
  5282	-0.18459	-0.424	0.424
  5283	-0.201947	-0.424	0.424
  5284	-0.224925	-0.424	0.424
  5285	-0.173086	-0.424	0.424
  5286	-0.205973	-0.424	0.424
  5287	-0.193439	-0.424	0.424
  5288	-0.196044	-0.424	0.424
  5289	-0.166116	-0.424	0.424
  5290	-0.200152	-0.424	0.424
  5291	-0.185244	-0.424	0.424
  5292	-0.188978	-0.424	0.424
  5293	-0.199572	-0.424	0.424
  5294	-0.161305	-0.424	0.424
  5295	-0.190984	-0.424	0.424
  5296	-0.21279	-0.424	0.424
  5297	-0.16823	-0.424	0.424
  5298	-0.208407	-0.424	0.424
  5299	-0.200866	-0.424	0.424
  5300	-0.197405	-0.424	0.424
  5301	-0.195513	-0.424	0.424
  5302	-0.201991	-0.424	0.424
  5303	-0.149905	-0.424	0.424
  5304	-0.179665	-0.424	0.424
  5305	-0.198848	-0.424	0.424
  5306	-0.220118	-0.424	0.424
  5307	-0.197086	-0.424	0.424
  5308	-0.191905	-0.424	0.424
  5309	-0.183142	-0.424	0.424
  5310	-0.192425	-0.424	0.424
  5311	-0.180162	-0.424	0.424
  5312	-0.193105	-0.424	0.424
  5313	-0.221816	-0.424	0.424
  5314	-0.195618	-0.424	0.424
  5315	-0.197559	-0.424	0.424
  5316	-0.213548	-0.424	0.424
  5317	-0.202723	-0.424	0.424
  5318	-0.200021	-0.424	0.424
  5319	-0.213628	-0.424	0.424
  5320	-0.217117	-0.424	0.424
  5321	-0.224264	-0.424	0.424
  5322	-0.192321	-0.424	0.424
  5323	-0.195825	-0.424	0.424
  5324	-0.191689	-0.424	0.424
  5325	-0.19234	-0.424	0.424
  5326	-0.185894	-0.424	0.424
  5327	-0.16322	-0.424	0.424
  5328	-0.192558	-0.424	0.424
  5329	-0.169752	-0.424	0.424
  5330	-0.199451	-0.424	0.424
  5331	-0.193364	-0.424	0.424
  5332	-0.187211	-0.424	0.424
  5333	-0.200022	-0.424	0.424
  5334	-0.160788	-0.424	0.424
  5335	-0.195161	-0.424	0.424
  5336	-0.206086	-0.424	0.424
  5337	-0.206834	-0.424	0.424
  5338	-0.19941	-0.424	0.424
  5339	-0.20871	-0.424	0.424
  5340	-0.168245	-0.424	0.424
  5341	-0.220282	-0.424	0.424
  5342	-0.121502	-0.424	0.424
  5343	-0.200734	-0.424	0.424
  5344	-0.200255	-0.424	0.424
  5345	-0.196209	-0.424	0.424
  5346	-0.195587	-0.424	0.424
  5347	-0.188868	-0.424	0.424
  5348	-0.199749	-0.424	0.424
  5349	-0.215053	-0.424	0.424
  5350	-0.201247	-0.424	0.424
  5351	-0.207623	-0.424	0.424
  5352	-0.189112	-0.424	0.424
  5353	-0.204822	-0.424	0.424
  5354	-0.188412	-0.424	0.424
  5355	-0.212391	-0.424	0.424
  5356	-0.191919	-0.424	0.424
  5357	-0.211747	-0.424	0.424
  5358	-0.190606	-0.424	0.424
  5359	-0.118859	-0.424	0.424
  5360	-0.189115	-0.424	0.424
  5361	-0.201293	-0.424	0.424
  5362	-0.172998	-0.424	0.424
  5363	-0.170426	-0.424	0.424
  5364	-0.187088	-0.424	0.424
  5365	-0.182742	-0.424	0.424
  5366	-0.19572	-0.424	0.424
  5367	-0.224681	-0.424	0.424
  5368	-0.1933	-0.424	0.424
  5369	-0.180623	-0.424	0.424
  5370	-0.155633	-0.424	0.424
  5371	-0.213818	-0.424	0.424
  5372	-0.165854	-0.424	0.424
  5373	-0.217081	-0.424	0.424
  5374	-0.210147	-0.424	0.424
  5375	-0.183028	-0.424	0.424
  5376	-0.203142	-0.424	0.424
  5377	-0.162541	-0.424	0.424
  5378	-0.210411	-0.424	0.424
  5379	-0.179464	-0.424	0.424
  5380	-0.198681	-0.424	0.424
  5381	-0.218561	-0.424	0.424
  5382	-0.150176	-0.424	0.424
  5383	-0.206527	-0.424	0.424
  5384	-0.205373	-0.424	0.424
  5385	-0.177878	-0.424	0.424
  5386	-0.204484	-0.424	0.424
  5387	-0.216765	-0.424	0.424
  5388	-0.195096	-0.424	0.424
  5389	-0.157306	-0.424	0.424
  5390	-0.174884	-0.424	0.424
  5391	-0.196807	-0.424	0.424
  5392	-0.187946	-0.424	0.424
  5393	-0.18703	-0.424	0.424
  5394	-0.192892	-0.424	0.424
  5395	-0.20686	-0.424	0.424
  5396	-0.175207	-0.424	0.424
  5397	-0.158104	-0.424	0.424
  5398	-0.185782	-0.424	0.424
  5399	-0.20817	-0.424	0.424
  5400	-0.165013	-0.424	0.424
  5401	-0.176561	-0.424	0.424
  5402	-0.209584	-0.424	0.424
  5403	-0.213673	-0.424	0.424
  5404	-0.156517	-0.424	0.424
  5405	-0.176901	-0.424	0.424
  5406	-0.191956	-0.424	0.424
  5407	-0.178928	-0.424	0.424
  5408	-0.205383	-0.424	0.424
  5409	-0.183505	-0.424	0.424
  5410	-0.205001	-0.424	0.424
  5411	-0.163785	-0.424	0.424
  5412	-0.200938	-0.424	0.424
  5413	-0.198394	-0.424	0.424
  5414	-0.21866	-0.424	0.424
  5415	-0.182036	-0.424	0.424
  5416	-0.191821	-0.424	0.424
  5417	-0.18469	-0.424	0.424
  5418	-0.215481	-0.424	0.424
  5419	-0.182859	-0.424	0.424
  5420	-0.182431	-0.424	0.424
  5421	-0.216236	-0.424	0.424
  5422	-0.222347	-0.424	0.424
  5423	-0.212424	-0.424	0.424
  5424	-0.227466	-0.424	0.424
  5425	-0.201808	-0.424	0.424
  5426	-0.144434	-0.424	0.424
  5427	-0.230816	-0.424	0.424
  5428	-0.191171	-0.424	0.424
  5429	-0.182891	-0.424	0.424
  5430	-0.209238	-0.424	0.424
  5431	-0.186238	-0.424	0.424
  5432	-0.20104	-0.424	0.424
  5433	-0.219575	-0.424	0.424
  5434	-0.20839	-0.424	0.424
  5435	-0.207917	-0.424	0.424
  5436	-0.18148	-0.424	0.424
  5437	-0.219991	-0.424	0.424
  5438	-0.216314	-0.424	0.424
  5439	-0.201322	-0.424	0.424
  5440	-0.186544	-0.424	0.424
  5441	-0.207638	-0.424	0.424
  5442	-0.158161	-0.424	0.424
  5443	-0.175882	-0.424	0.424
  5444	-0.19537	-0.424	0.424
  5445	-0.19462	-0.424	0.424
  5446	-0.173642	-0.424	0.424
  5447	-0.176208	-0.424	0.424
  5448	-0.210626	-0.424	0.424
  5449	-0.22578	-0.424	0.424
  5450	-0.207456	-0.424	0.424
  5451	-0.185883	-0.424	0.424
  5452	-0.209301	-0.424	0.424
  5453	-0.207925	-0.424	0.424
  5454	-0.202762	-0.424	0.424
  5455	-0.193065	-0.424	0.424
  5456	-0.200107	-0.424	0.424
  5457	-0.217408	-0.424	0.424
  5458	-0.224136	-0.424	0.424
  5459	-0.175416	-0.424	0.424
  5460	-0.15462	-0.424	0.424
  5461	-0.204299	-0.424	0.424
  5462	-0.202667	-0.424	0.424
  5463	-0.185138	-0.424	0.424
  5464	-0.207258	-0.424	0.424
  5465	-0.213327	-0.424	0.424
  5466	-0.200574	-0.424	0.424
  5467	-0.213183	-0.424	0.424
  5468	-0.201816	-0.424	0.424
  5469	-0.204338	-0.424	0.424
  5470	-0.229743	-0.424	0.424
  5471	-0.172781	-0.424	0.424
  5472	-0.166514	-0.424	0.424
  5473	-0.20547	-0.424	0.424
  5474	-0.207368	-0.424	0.424
  5475	-0.219839	-0.424	0.424
  5476	-0.225125	-0.424	0.424
  5477	-0.204279	-0.424	0.424
  5478	-0.191004	-0.424	0.424
  5479	-0.209605	-0.424	0.424
  5480	-0.209104	-0.424	0.424
  5481	-0.190764	-0.424	0.424
  5482	-0.185374	-0.424	0.424
  5483	-0.182299	-0.424	0.424
  5484	-0.192705	-0.424	0.424
  5485	-0.195511	-0.424	0.424
  5486	-0.222273	-0.424	0.424
  5487	-0.199895	-0.424	0.424
  5488	-0.221099	-0.424	0.424
  5489	-0.202194	-0.424	0.424
  5490	-0.187269	-0.424	0.424
  5491	-0.19838	-0.424	0.424
  5492	-0.207103	-0.424	0.424
  5493	-0.209939	-0.424	0.424
  5494	-0.206501	-0.424	0.424
  5495	-0.183062	-0.424	0.424
  5496	-0.209787	-0.424	0.424
  5497	-0.19772	-0.424	0.424
  5498	-0.187121	-0.424	0.424
  5499	-0.166228	-0.424	0.424
  5500	-0.18965	-0.424	0.424
  5501	-0.177167	-0.424	0.424
  5502	-0.222634	-0.424	0.424
  5503	-0.186452	-0.424	0.424
  5504	-0.178345	-0.424	0.424
  5505	-0.226737	-0.424	0.424
  5506	-0.20067	-0.424	0.424
  5507	-0.194595	-0.424	0.424
  5508	-0.213525	-0.424	0.424
  5509	-0.204182	-0.424	0.424
  5510	-0.179421	-0.424	0.424
  5511	-0.21417	-0.424	0.424
  5512	-0.206567	-0.424	0.424
  5513	-0.191238	-0.424	0.424
  5514	-0.187404	-0.424	0.424
  5515	-0.210556	-0.424	0.424
  5516	-0.153968	-0.424	0.424
  5517	-0.208755	-0.424	0.424
  5518	-0.199728	-0.424	0.424
  5519	-0.161736	-0.424	0.424
  5520	-0.20815	-0.424	0.424
  5521	-0.18615	-0.424	0.424
  5522	-0.199725	-0.424	0.424
  5523	-0.197867	-0.424	0.424
  5524	-0.179312	-0.424	0.424
  5525	-0.21236	-0.424	0.424
  5526	-0.190091	-0.424	0.424
  5527	-0.213221	-0.424	0.424
  5528	-0.169322	-0.424	0.424
  5529	-0.150172	-0.424	0.424
  5530	-0.214716	-0.424	0.424
  5531	-0.200918	-0.424	0.424
  5532	-0.204661	-0.424	0.424
  5533	-0.19795	-0.424	0.424
  5534	-0.208313	-0.424	0.424
  5535	-0.193849	-0.424	0.424
  5536	-0.173134	-0.424	0.424
  5537	-0.21763	-0.424	0.424
  5538	-0.171071	-0.424	0.424
  5539	-0.225033	-0.424	0.424
  5540	-0.175462	-0.424	0.424
  5541	-0.177555	-0.424	0.424
  5542	-0.20484	-0.424	0.424
  5543	-0.18025	-0.424	0.424
  5544	-0.183102	-0.424	0.424
  5545	-0.201329	-0.424	0.424
  5546	-0.154536	-0.424	0.424
  5547	-0.208891	-0.424	0.424
  5548	-0.19375	-0.424	0.424
  5549	-0.19885	-0.424	0.424
  5550	-0.228684	-0.424	0.424
  5551	-0.153979	-0.424	0.424
  5552	-0.197489	-0.424	0.424
  5553	-0.205899	-0.424	0.424
  5554	-0.223581	-0.424	0.424
  5555	-0.187908	-0.424	0.424
  5556	-0.18567	-0.424	0.424
  5557	-0.193726	-0.424	0.424
  5558	-0.192559	-0.424	0.424
  5559	-0.19939	-0.424	0.424
  5560	-0.205765	-0.424	0.424
  5561	-0.171921	-0.424	0.424
  5562	-0.157466	-0.424	0.424
  5563	-0.183171	-0.424	0.424
  5564	-0.228635	-0.424	0.424
  5565	-0.190171	-0.424	0.424
  5566	-0.210555	-0.424	0.424
  5567	-0.203515	-0.424	0.424
  5568	-0.18429	-0.424	0.424
  5569	-0.192117	-0.424	0.424
  5570	-0.22598	-0.424	0.424
  5571	-0.189714	-0.424	0.424
  5572	-0.210421	-0.424	0.424
  5573	-0.208926	-0.424	0.424
  5574	-0.178543	-0.424	0.424
  5575	-0.191694	-0.424	0.424
  5576	-0.185516	-0.424	0.424
  5577	-0.206753	-0.424	0.424
  5578	-0.186726	-0.424	0.424
  5579	-0.199759	-0.424	0.424
  5580	-0.226786	-0.424	0.424
  5581	-0.196085	-0.424	0.424
  5582	-0.204995	-0.424	0.424
  5583	-0.207833	-0.424	0.424
  5584	-0.181496	-0.424	0.424
  5585	-0.208908	-0.424	0.424
  5586	-0.200261	-0.424	0.424
  5587	-0.22133	-0.424	0.424
  5588	-0.198177	-0.424	0.424
  5589	-0.228314	-0.424	0.424
  5590	-0.208551	-0.424	0.424
  5591	-0.188796	-0.424	0.424
  5592	-0.161082	-0.424	0.424
  5593	-0.193122	-0.424	0.424
  5594	-0.21382	-0.424	0.424
  5595	-0.22582	-0.424	0.424
  5596	-0.195497	-0.424	0.424
  5597	-0.178334	-0.424	0.424
  5598	-0.208285	-0.424	0.424
  5599	-0.15835	-0.424	0.424
  5600	-0.212349	-0.424	0.424
  5601	-0.19342	-0.424	0.424
  5602	-0.209444	-0.424	0.424
  5603	-0.208102	-0.424	0.424
  5604	-0.18927	-0.424	0.424
  5605	-0.192398	-0.424	0.424
  5606	-0.206483	-0.424	0.424
  5607	-0.216363	-0.424	0.424
  5608	-0.207793	-0.424	0.424
  5609	-0.202967	-0.424	0.424
  5610	-0.207231	-0.424	0.424
  5611	-0.225339	-0.424	0.424
  5612	-0.165277	-0.424	0.424
  5613	-0.177246	-0.424	0.424
  5614	-0.203815	-0.424	0.424
  5615	-0.16276	-0.424	0.424
  5616	-0.193316	-0.424	0.424
  5617	-0.197994	-0.424	0.424
  5618	-0.2093	-0.424	0.424
  5619	-0.145082	-0.424	0.424
  5620	-0.179891	-0.424	0.424
  5621	-0.201878	-0.424	0.424
  5622	-0.18794	-0.424	0.424
  5623	-0.172335	-0.424	0.424
  5624	-0.177533	-0.424	0.424
  5625	-0.15183	-0.424	0.424
  5626	-0.197315	-0.424	0.424
  5627	-0.214208	-0.424	0.424
  5628	-0.212384	-0.424	0.424
  5629	-0.199036	-0.424	0.424
  5630	-0.194428	-0.424	0.424
  5631	-0.162301	-0.424	0.424
  5632	-0.163124	-0.424	0.424
  5633	-0.204769	-0.424	0.424
  5634	-0.201766	-0.424	0.424
  5635	-0.204586	-0.424	0.424
  5636	-0.202376	-0.424	0.424
  5637	-0.181424	-0.424	0.424
  5638	-0.205623	-0.424	0.424
  5639	-0.199543	-0.424	0.424
  5640	-0.2166	-0.424	0.424
  5641	-0.188131	-0.424	0.424
  5642	-0.202781	-0.424	0.424
  5643	-0.18165	-0.424	0.424
  5644	-0.202087	-0.424	0.424
  5645	-0.183678	-0.424	0.424
  5646	-0.202687	-0.424	0.424
  5647	-0.215478	-0.424	0.424
  5648	-0.211608	-0.424	0.424
  5649	-0.19647	-0.424	0.424
  5650	-0.206371	-0.424	0.424
  5651	-0.228494	-0.424	0.424
  5652	-0.207702	-0.424	0.424
  5653	-0.180833	-0.424	0.424
  5654	-0.19437	-0.424	0.424
  5655	-0.193429	-0.424	0.424
  5656	-0.159627	-0.424	0.424
  5657	-0.217691	-0.424	0.424
  5658	-0.16457	-0.424	0.424
  5659	-0.190951	-0.424	0.424
  5660	-0.18509	-0.424	0.424
  5661	-0.187289	-0.424	0.424
  5662	-0.186122	-0.424	0.424
  5663	-0.210265	-0.424	0.424
  5664	-0.193354	-0.424	0.424
  5665	-0.166796	-0.424	0.424
  5666	-0.172488	-0.424	0.424
  5667	-0.161488	-0.424	0.424
  5668	-0.180918	-0.424	0.424
  5669	-0.155283	-0.424	0.424
  5670	-0.210394	-0.424	0.424
  5671	-0.199053	-0.424	0.424
  5672	-0.212414	-0.424	0.424
  5673	-0.166546	-0.424	0.424
  5674	-0.211127	-0.424	0.424
  5675	-0.222515	-0.424	0.424
  5676	-0.159797	-0.424	0.424
  5677	-0.204397	-0.424	0.424
  5678	-0.187976	-0.424	0.424
  5679	-0.220617	-0.424	0.424
  5680	-0.2313	-0.424	0.424
  5681	-0.208171	-0.424	0.424
  5682	-0.194366	-0.424	0.424
  5683	-0.184168	-0.424	0.424
  5684	-0.222473	-0.424	0.424
  5685	-0.202319	-0.424	0.424
  5686	-0.201774	-0.424	0.424
  5687	-0.182863	-0.424	0.424
  5688	-0.173332	-0.424	0.424
  5689	-0.178198	-0.424	0.424
  5690	-0.20817	-0.424	0.424
  5691	-0.192023	-0.424	0.424
  5692	-0.191252	-0.424	0.424
  5693	-0.17215	-0.424	0.424
  5694	-0.219063	-0.424	0.424
  5695	-0.221288	-0.424	0.424
  5696	-0.213295	-0.424	0.424
  5697	-0.208989	-0.424	0.424
  5698	-0.208554	-0.424	0.424
  5699	-0.173952	-0.424	0.424
  5700	-0.209848	-0.424	0.424
  5701	-0.204662	-0.424	0.424
  5702	-0.189585	-0.424	0.424
  5703	-0.154805	-0.424	0.424
  5704	-0.214968	-0.424	0.424
  5705	-0.207175	-0.424	0.424
  5706	-0.152862	-0.424	0.424
  5707	-0.205628	-0.424	0.424
  5708	-0.151114	-0.424	0.424
  5709	-0.208575	-0.424	0.424
  5710	-0.208731	-0.424	0.424
  5711	-0.213156	-0.424	0.424
  5712	-0.173015	-0.424	0.424
  5713	-0.186439	-0.424	0.424
  5714	-0.194217	-0.424	0.424
  5715	-0.196761	-0.424	0.424
  5716	-0.200674	-0.424	0.424
  5717	-0.168393	-0.424	0.424
  5718	-0.206399	-0.424	0.424
  5719	-0.211775	-0.424	0.424
  5720	-0.182512	-0.424	0.424
  5721	-0.169613	-0.424	0.424
  5722	-0.20358	-0.424	0.424
  5723	-0.222252	-0.424	0.424
  5724	-0.21619	-0.424	0.424
  5725	-0.173568	-0.424	0.424
  5726	-0.205277	-0.424	0.424
  5727	-0.205666	-0.424	0.424
  5728	-0.205363	-0.424	0.424
  5729	-0.172819	-0.424	0.424
  5730	-0.196173	-0.424	0.424
  5731	-0.202829	-0.424	0.424
  5732	-0.159745	-0.424	0.424
  5733	-0.179923	-0.424	0.424
  5734	-0.214919	-0.424	0.424
  5735	-0.18996	-0.424	0.424
  5736	-0.212224	-0.424	0.424
  5737	-0.203859	-0.424	0.424
  5738	-0.217898	-0.424	0.424
  5739	-0.198329	-0.424	0.424
  5740	-0.223558	-0.424	0.424
  5741	-0.196198	-0.424	0.424
  5742	-0.200475	-0.424	0.424
  5743	-0.193861	-0.424	0.424
  5744	-0.194758	-0.424	0.424
  5745	-0.178509	-0.424	0.424
  5746	-0.215659	-0.424	0.424
  5747	-0.1764	-0.424	0.424
  5748	-0.190809	-0.424	0.424
  5749	-0.164956	-0.424	0.424
  5750	-0.215722	-0.424	0.424
  5751	-0.164486	-0.424	0.424
  5752	-0.16891	-0.424	0.424
  5753	-0.182849	-0.424	0.424
  5754	-0.172677	-0.424	0.424
  5755	-0.211551	-0.424	0.424
  5756	-0.226799	-0.424	0.424
  5757	-0.199947	-0.424	0.424
  5758	-0.21306	-0.424	0.424
  5759	-0.215103	-0.424	0.424
  5760	-0.19421	-0.424	0.424
  5761	-0.179851	-0.424	0.424
  5762	-0.166177	-0.424	0.424
  5763	-0.176504	-0.424	0.424
  5764	-0.206732	-0.424	0.424
  5765	-0.166434	-0.424	0.424
  5766	-0.165663	-0.424	0.424
  5767	-0.207869	-0.424	0.424
  5768	-0.183409	-0.424	0.424
  5769	-0.209164	-0.424	0.424
  5770	-0.186517	-0.424	0.424
  5771	-0.192494	-0.424	0.424
  5772	-0.197905	-0.424	0.424
  5773	-0.212727	-0.424	0.424
  5774	-0.203879	-0.424	0.424
  5775	-0.209119	-0.424	0.424
  5776	-0.199089	-0.424	0.424
  5777	-0.188315	-0.424	0.424
  5778	-0.203457	-0.424	0.424
  5779	-0.225005	-0.424	0.424
  5780	-0.181258	-0.424	0.424
  5781	-0.19824	-0.424	0.424
  5782	-0.179804	-0.424	0.424
  5783	-0.187142	-0.424	0.424
  5784	-0.174761	-0.424	0.424
  5785	-0.182208	-0.424	0.424
  5786	-0.183105	-0.424	0.424
  5787	-0.193865	-0.424	0.424
  5788	-0.171415	-0.424	0.424
  5789	-0.211462	-0.424	0.424
  5790	-0.164859	-0.424	0.424
  5791	-0.215764	-0.424	0.424
  5792	-0.187599	-0.424	0.424
  5793	-0.200553	-0.424	0.424
  5794	-0.204578	-0.424	0.424
  5795	-0.192444	-0.424	0.424
  5796	-0.209131	-0.424	0.424
  5797	-0.185056	-0.424	0.424
  5798	-0.201987	-0.424	0.424
  5799	-0.187755	-0.424	0.424
  5800	-0.201963	-0.424	0.424
  5801	-0.187128	-0.424	0.424
  5802	-0.217915	-0.424	0.424
  5803	-0.213366	-0.424	0.424
  5804	-0.21654	-0.424	0.424
  5805	-0.198294	-0.424	0.424
  5806	-0.19107	-0.424	0.424
  5807	-0.221915	-0.424	0.424
  5808	-0.211648	-0.424	0.424
  5809	-0.139123	-0.424	0.424
  5810	-0.188266	-0.424	0.424
  5811	-0.168638	-0.424	0.424
  5812	-0.194875	-0.424	0.424
  5813	-0.205184	-0.424	0.424
  5814	-0.223433	-0.424	0.424
  5815	-0.176033	-0.424	0.424
  5816	-0.205045	-0.424	0.424
  5817	-0.197796	-0.424	0.424
  5818	-0.155054	-0.424	0.424
  5819	-0.18173	-0.424	0.424
  5820	-0.164079	-0.424	0.424
  5821	-0.215635	-0.424	0.424
  5822	-0.200514	-0.424	0.424
  5823	-0.161087	-0.424	0.424
  5824	-0.219178	-0.424	0.424
  5825	-0.20218	-0.424	0.424
  5826	-0.21923	-0.424	0.424
  5827	-0.197988	-0.424	0.424
  5828	-0.210821	-0.424	0.424
  5829	-0.16055	-0.424	0.424
  5830	-0.192673	-0.424	0.424
  5831	-0.218992	-0.424	0.424
  5832	-0.208289	-0.424	0.424
  5833	-0.197888	-0.424	0.424
  5834	-0.209088	-0.424	0.424
  5835	-0.172348	-0.424	0.424
  5836	-0.191988	-0.424	0.424
  5837	-0.171011	-0.424	0.424
  5838	-0.212577	-0.424	0.424
  5839	-0.206162	-0.424	0.424
  5840	-0.169508	-0.424	0.424
  5841	-0.166449	-0.424	0.424
  5842	-0.221441	-0.424	0.424
  5843	-0.184006	-0.424	0.424
  5844	-0.207918	-0.424	0.424
  5845	-0.205859	-0.424	0.424
  5846	-0.217239	-0.424	0.424
  5847	-0.18231	-0.424	0.424
  5848	-0.18087	-0.424	0.424
  5849	-0.206479	-0.424	0.424
  5850	-0.200927	-0.424	0.424
  5851	-0.187529	-0.424	0.424
  5852	-0.21287	-0.424	0.424
  5853	-0.178022	-0.424	0.424
  5854	-0.220724	-0.424	0.424
  5855	-0.198653	-0.424	0.424
  5856	-0.163494	-0.424	0.424
  5857	-0.195275	-0.424	0.424
  5858	-0.187427	-0.424	0.424
  5859	-0.219495	-0.424	0.424
  5860	-0.216053	-0.424	0.424
  5861	-0.157685	-0.424	0.424
  5862	-0.217797	-0.424	0.424
  5863	-0.206121	-0.424	0.424
  5864	-0.198362	-0.424	0.424
  5865	-0.188443	-0.424	0.424
  5866	-0.163983	-0.424	0.424
  5867	-0.20177	-0.424	0.424
  5868	-0.211319	-0.424	0.424
  5869	-0.172193	-0.424	0.424
  5870	-0.204894	-0.424	0.424
  5871	-0.17433	-0.424	0.424
  5872	-0.179673	-0.424	0.424
  5873	-0.192862	-0.424	0.424
  5874	-0.206788	-0.424	0.424
  5875	-0.190533	-0.424	0.424
  5876	-0.220695	-0.424	0.424
  5877	-0.205617	-0.424	0.424
  5878	-0.214425	-0.424	0.424
  5879	-0.205409	-0.424	0.424
  5880	-0.217383	-0.424	0.424
  5881	-0.149487	-0.424	0.424
  5882	-0.206614	-0.424	0.424
  5883	-0.218416	-0.424	0.424
  5884	-0.210102	-0.424	0.424
  5885	-0.199619	-0.424	0.424
  5886	-0.194645	-0.424	0.424
  5887	-0.194493	-0.424	0.424
  5888	-0.212441	-0.424	0.424
  5889	-0.216015	-0.424	0.424
  5890	-0.19133	-0.424	0.424
  5891	-0.155509	-0.424	0.424
  5892	-0.19036	-0.424	0.424
  5893	-0.220261	-0.424	0.424
  5894	-0.213063	-0.424	0.424
  5895	-0.198239	-0.424	0.424
  5896	-0.203966	-0.424	0.424
  5897	-0.230236	-0.424	0.424
  5898	-0.201483	-0.424	0.424
  5899	-0.186317	-0.424	0.424
  5900	-0.185166	-0.424	0.424
  5901	-0.2309	-0.424	0.424
  5902	-0.202319	-0.424	0.424
  5903	-0.225422	-0.424	0.424
  5904	-0.224565	-0.424	0.424
  5905	-0.165084	-0.424	0.424
  5906	-0.218519	-0.424	0.424
  5907	-0.209214	-0.424	0.424
  5908	-0.162509	-0.424	0.424
  5909	-0.192638	-0.424	0.424
  5910	-0.197634	-0.424	0.424
  5911	-0.175594	-0.424	0.424
  5912	-0.200695	-0.424	0.424
  5913	-0.2101	-0.424	0.424
  5914	-0.152352	-0.424	0.424
  5915	-0.192308	-0.424	0.424
  5916	-0.205655	-0.424	0.424
  5917	-0.204985	-0.424	0.424
  5918	-0.174348	-0.424	0.424
  5919	-0.185184	-0.424	0.424
  5920	-0.151812	-0.424	0.424
  5921	-0.192048	-0.424	0.424
  5922	-0.147445	-0.424	0.424
  5923	-0.181165	-0.424	0.424
  5924	-0.187761	-0.424	0.424
  5925	-0.216867	-0.424	0.424
  5926	-0.214678	-0.424	0.424
  5927	-0.184412	-0.424	0.424
  5928	-0.168093	-0.424	0.424
  5929	-0.191466	-0.424	0.424
  5930	-0.185998	-0.424	0.424
  5931	-0.219703	-0.424	0.424
  5932	-0.205859	-0.424	0.424
  5933	-0.194791	-0.424	0.424
  5934	-0.178677	-0.424	0.424
  5935	-0.188986	-0.424	0.424
  5936	-0.194835	-0.424	0.424
  5937	-0.196506	-0.424	0.424
  5938	-0.186941	-0.424	0.424
  5939	-0.224369	-0.424	0.424
  5940	-0.166811	-0.424	0.424
  5941	-0.174163	-0.424	0.424
  5942	-0.210823	-0.424	0.424
  5943	-0.167948	-0.424	0.424
  5944	-0.196475	-0.424	0.424
  5945	-0.219005	-0.424	0.424
  5946	-0.209352	-0.424	0.424
  5947	-0.207596	-0.424	0.424
  5948	-0.166495	-0.424	0.424
  5949	-0.210685	-0.424	0.424
  5950	-0.217509	-0.424	0.424
  5951	-0.215481	-0.424	0.424
  5952	-0.194519	-0.424	0.424
  5953	-0.161203	-0.424	0.424
  5954	-0.17094	-0.424	0.424
  5955	-0.223434	-0.424	0.424
  5956	-0.180008	-0.424	0.424
  5957	-0.173479	-0.424	0.424
  5958	-0.217169	-0.424	0.424
  5959	-0.213036	-0.424	0.424
  5960	-0.202723	-0.424	0.424
  5961	-0.199992	-0.424	0.424
  5962	-0.216217	-0.424	0.424
  5963	-0.167706	-0.424	0.424
  5964	-0.127621	-0.424	0.424
  5965	-0.186165	-0.424	0.424
  5966	-0.149427	-0.424	0.424
  5967	-0.191322	-0.424	0.424
  5968	-0.209339	-0.424	0.424
  5969	-0.160829	-0.424	0.424
  5970	-0.150632	-0.424	0.424
  5971	-0.202723	-0.424	0.424
  5972	-0.155365	-0.424	0.424
  5973	-0.223226	-0.424	0.424
  5974	-0.200123	-0.424	0.424
  5975	-0.177821	-0.424	0.424
  5976	-0.198673	-0.424	0.424
  5977	-0.219834	-0.424	0.424
  5978	-0.204681	-0.424	0.424
  5979	-0.199079	-0.424	0.424
  5980	-0.195293	-0.424	0.424
  5981	-0.211946	-0.424	0.424
  5982	-0.164002	-0.424	0.424
  5983	-0.206853	-0.424	0.424
  5984	-0.212635	-0.424	0.424
  5985	-0.195746	-0.424	0.424
  5986	-0.185673	-0.424	0.424
  5987	-0.185199	-0.424	0.424
  5988	-0.162841	-0.424	0.424
  5989	-0.158946	-0.424	0.424
  5990	-0.212339	-0.424	0.424
  5991	-0.188374	-0.424	0.424
  5992	-0.172625	-0.424	0.424
  5993	-0.189605	-0.424	0.424
  5994	-0.208827	-0.424	0.424
  5995	-0.212476	-0.424	0.424
  5996	-0.212043	-0.424	0.424
  5997	-0.157997	-0.424	0.424
  5998	-0.170975	-0.424	0.424
  5999	-0.193834	-0.424	0.424
  6000	-0.188305	-0.424	0.424
  6001	-0.18355	-0.424	0.424
  6002	-0.177431	-0.424	0.424
  6003	-0.182797	-0.424	0.424
  6004	-0.194209	-0.424	0.424
  6005	-0.19593	-0.424	0.424
  6006	-0.195168	-0.424	0.424
  6007	-0.193597	-0.424	0.424
  6008	-0.173339	-0.424	0.424
  6009	-0.177616	-0.424	0.424
  6010	-0.209314	-0.424	0.424
  6011	-0.189002	-0.424	0.424
  6012	-0.200133	-0.424	0.424
  6013	-0.196961	-0.424	0.424
  6014	-0.198278	-0.424	0.424
  6015	-0.203238	-0.424	0.424
  6016	-0.197406	-0.424	0.424
  6017	-0.198979	-0.424	0.424
  6018	-0.214139	-0.424	0.424
  6019	-0.221024	-0.424	0.424
  6020	-0.192879	-0.424	0.424
  6021	-0.207652	-0.424	0.424
  6022	-0.209509	-0.424	0.424
  6023	-0.185847	-0.424	0.424
  6024	-0.19552	-0.424	0.424
  6025	-0.218053	-0.424	0.424
  6026	-0.218298	-0.424	0.424
  6027	-0.217058	-0.424	0.424
  6028	-0.151172	-0.424	0.424
  6029	-0.186859	-0.424	0.424
  6030	-0.221472	-0.424	0.424
  6031	-0.187552	-0.424	0.424
  6032	-0.215151	-0.424	0.424
  6033	-0.224115	-0.424	0.424
  6034	-0.20606	-0.424	0.424
  6035	-0.223235	-0.424	0.424
  6036	-0.214328	-0.424	0.424
  6037	-0.222932	-0.424	0.424
  6038	-0.196153	-0.424	0.424
  6039	-0.210854	-0.424	0.424
  6040	-0.207198	-0.424	0.424
  6041	-0.166123	-0.424	0.424
  6042	-0.202284	-0.424	0.424
  6043	-0.204559	-0.424	0.424
  6044	-0.198537	-0.424	0.424
  6045	-0.217482	-0.424	0.424
  6046	-0.167527	-0.424	0.424
  6047	-0.219831	-0.424	0.424
  6048	-0.173596	-0.424	0.424
  6049	-0.207962	-0.424	0.424
  6050	-0.156126	-0.424	0.424
  6051	-0.204867	-0.424	0.424
  6052	-0.205734	-0.424	0.424
  6053	-0.193996	-0.424	0.424
  6054	-0.207083	-0.424	0.424
  6055	-0.224897	-0.424	0.424
  6056	-0.207528	-0.424	0.424
  6057	-0.188136	-0.424	0.424
  6058	-0.197188	-0.424	0.424
  6059	-0.208814	-0.424	0.424
  6060	-0.207096	-0.424	0.424
  6061	-0.174615	-0.424	0.424
  6062	-0.196834	-0.424	0.424
  6063	-0.194694	-0.424	0.424
  6064	-0.194956	-0.424	0.424
  6065	-0.188745	-0.424	0.424
  6066	-0.21657	-0.424	0.424
  6067	-0.198533	-0.424	0.424
  6068	-0.194029	-0.424	0.424
  6069	-0.179411	-0.424	0.424
  6070	-0.190456	-0.424	0.424
  6071	-0.208665	-0.424	0.424
  6072	-0.212328	-0.424	0.424
  6073	-0.170094	-0.424	0.424
  6074	-0.207111	-0.424	0.424
  6075	-0.190252	-0.424	0.424
  6076	-0.206765	-0.424	0.424
  6077	-0.180887	-0.424	0.424
  6078	-0.189485	-0.424	0.424
  6079	-0.180629	-0.424	0.424
  6080	-0.214946	-0.424	0.424
  6081	-0.214435	-0.424	0.424
  6082	-0.212658	-0.424	0.424
  6083	-0.187769	-0.424	0.424
  6084	-0.157129	-0.424	0.424
  6085	-0.219809	-0.424	0.424
  6086	-0.196595	-0.424	0.424
  6087	-0.210047	-0.424	0.424
  6088	-0.210617	-0.424	0.424
  6089	-0.20514	-0.424	0.424
  6090	-0.19819	-0.424	0.424
  6091	-0.205239	-0.424	0.424
  6092	-0.207007	-0.424	0.424
  6093	-0.193039	-0.424	0.424
  6094	-0.195919	-0.424	0.424
  6095	-0.201269	-0.424	0.424
  6096	-0.185019	-0.424	0.424
  6097	-0.193045	-0.424	0.424
  6098	-0.227166	-0.424	0.424
  6099	-0.159045	-0.424	0.424
  6100	-0.220683	-0.424	0.424
  6101	-0.207948	-0.424	0.424
  6102	-0.21448	-0.424	0.424
  6103	-0.19055	-0.424	0.424
  6104	-0.191184	-0.424	0.424
  6105	-0.202645	-0.424	0.424
  6106	-0.200524	-0.424	0.424
  6107	-0.187784	-0.424	0.424
  6108	-0.18845	-0.424	0.424
  6109	-0.188595	-0.424	0.424
  6110	-0.176892	-0.424	0.424
  6111	-0.216038	-0.424	0.424
  6112	-0.141105	-0.424	0.424
  6113	-0.210927	-0.424	0.424
  6114	-0.160032	-0.424	0.424
  6115	-0.225204	-0.424	0.424
  6116	-0.1894	-0.424	0.424
  6117	-0.187457	-0.424	0.424
  6118	-0.208453	-0.424	0.424
  6119	-0.20151	-0.424	0.424
  6120	-0.202085	-0.424	0.424
  6121	-0.170211	-0.424	0.424
  6122	-0.224396	-0.424	0.424
  6123	-0.187793	-0.424	0.424
  6124	-0.191448	-0.424	0.424
  6125	-0.187544	-0.424	0.424
  6126	-0.20738	-0.424	0.424
  6127	-0.200836	-0.424	0.424
  6128	-0.22912	-0.424	0.424
  6129	-0.178883	-0.424	0.424
  6130	-0.158594	-0.424	0.424
  6131	-0.208594	-0.424	0.424
  6132	-0.224656	-0.424	0.424
  6133	-0.162527	-0.424	0.424
  6134	-0.195174	-0.424	0.424
  6135	-0.204073	-0.424	0.424
  6136	-0.213242	-0.424	0.424
  6137	-0.207931	-0.424	0.424
  6138	-0.165722	-0.424	0.424
  6139	-0.180588	-0.424	0.424
  6140	-0.20862	-0.424	0.424
  6141	-0.220776	-0.424	0.424
  6142	-0.166904	-0.424	0.424
  6143	-0.200432	-0.424	0.424
  6144	-0.182673	-0.424	0.424
  6145	-0.220354	-0.424	0.424
  6146	-0.174823	-0.424	0.424
  6147	-0.189895	-0.424	0.424
  6148	-0.219715	-0.424	0.424
  6149	-0.202284	-0.424	0.424
  6150	-0.203563	-0.424	0.424
  6151	-0.224664	-0.424	0.424
  6152	-0.199198	-0.424	0.424
  6153	-0.171404	-0.424	0.424
  6154	-0.222097	-0.424	0.424
  6155	-0.204206	-0.424	0.424
  6156	-0.206658	-0.424	0.424
  6157	-0.221308	-0.424	0.424
  6158	-0.168512	-0.424	0.424
  6159	-0.147773	-0.424	0.424
  6160	-0.224646	-0.424	0.424
  6161	-0.219487	-0.424	0.424
  6162	-0.212632	-0.424	0.424
  6163	-0.205579	-0.424	0.424
  6164	-0.179494	-0.424	0.424
  6165	-0.201628	-0.424	0.424
  6166	-0.181001	-0.424	0.424
  6167	-0.194315	-0.424	0.424
  6168	-0.222594	-0.424	0.424
  6169	-0.180678	-0.424	0.424
  6170	-0.192312	-0.424	0.424
  6171	-0.180114	-0.424	0.424
  6172	-0.198513	-0.424	0.424
  6173	-0.173279	-0.424	0.424
  6174	-0.229757	-0.424	0.424
  6175	-0.179852	-0.424	0.424
  6176	-0.192682	-0.424	0.424
  6177	-0.204612	-0.424	0.424
  6178	-0.212217	-0.424	0.424
  6179	-0.171125	-0.424	0.424
  6180	-0.196033	-0.424	0.424
  6181	-0.22486	-0.424	0.424
  6182	-0.176926	-0.424	0.424
  6183	-0.191715	-0.424	0.424
  6184	-0.219771	-0.424	0.424
  6185	-0.216659	-0.424	0.424
  6186	-0.206192	-0.424	0.424
  6187	-0.203164	-0.424	0.424
  6188	-0.203421	-0.424	0.424
  6189	-0.1868	-0.424	0.424
  6190	-0.216822	-0.424	0.424
  6191	-0.167698	-0.424	0.424
  6192	-0.188457	-0.424	0.424
  6193	-0.192367	-0.424	0.424
  6194	-0.180944	-0.424	0.424
  6195	-0.21499	-0.424	0.424
  6196	-0.203678	-0.424	0.424
  6197	-0.200811	-0.424	0.424
  6198	-0.18898	-0.424	0.424
  6199	-0.196574	-0.424	0.424
  6200	-0.198734	-0.424	0.424
  6201	-0.196945	-0.424	0.424
  6202	-0.197249	-0.424	0.424
  6203	-0.220259	-0.424	0.424
  6204	-0.201878	-0.424	0.424
  6205	-0.194357	-0.424	0.424
  6206	-0.165122	-0.424	0.424
  6207	-0.184862	-0.424	0.424
  6208	-0.160436	-0.424	0.424
  6209	-0.206513	-0.424	0.424
  6210	-0.212176	-0.424	0.424
  6211	-0.217222	-0.424	0.424
  6212	-0.190804	-0.424	0.424
  6213	-0.195722	-0.424	0.424
  6214	-0.20873	-0.424	0.424
  6215	-0.208658	-0.424	0.424
  6216	-0.190156	-0.424	0.424
  6217	-0.205667	-0.424	0.424
  6218	-0.199559	-0.424	0.424
  6219	-0.216388	-0.424	0.424
  6220	-0.206769	-0.424	0.424
  6221	-0.15653	-0.424	0.424
  6222	-0.199895	-0.424	0.424
  6223	-0.181381	-0.424	0.424
  6224	-0.215859	-0.424	0.424
  6225	-0.219967	-0.424	0.424
  6226	-0.210118	-0.424	0.424
  6227	-0.219049	-0.424	0.424
  6228	-0.21306	-0.424	0.424
  6229	-0.187063	-0.424	0.424
  6230	-0.158801	-0.424	0.424
  6231	-0.209686	-0.424	0.424
  6232	-0.198341	-0.424	0.424
  6233	-0.171539	-0.424	0.424
  6234	-0.19206	-0.424	0.424
  6235	-0.185542	-0.424	0.424
  6236	-0.183641	-0.424	0.424
  6237	-0.195449	-0.424	0.424
  6238	-0.195064	-0.424	0.424
  6239	-0.222426	-0.424	0.424
  6240	-0.190036	-0.424	0.424
  6241	-0.228334	-0.424	0.424
  6242	-0.198031	-0.424	0.424
  6243	-0.158309	-0.424	0.424
  6244	-0.175666	-0.424	0.424
  6245	-0.2099	-0.424	0.424
  6246	-0.186213	-0.424	0.424
  6247	-0.176857	-0.424	0.424
  6248	-0.189616	-0.424	0.424
  6249	-0.188782	-0.424	0.424
  6250	-0.156173	-0.424	0.424
  6251	-0.165295	-0.424	0.424
  6252	-0.206	-0.424	0.424
  6253	-0.165993	-0.424	0.424
  6254	-0.190299	-0.424	0.424
  6255	-0.179322	-0.424	0.424
  6256	-0.211752	-0.424	0.424
  6257	-0.183735	-0.424	0.424
  6258	-0.200723	-0.424	0.424
  6259	-0.191546	-0.424	0.424
  6260	-0.187549	-0.424	0.424
  6261	-0.206914	-0.424	0.424
  6262	-0.208363	-0.424	0.424
  6263	-0.209923	-0.424	0.424
  6264	-0.221711	-0.424	0.424
  6265	-0.202367	-0.424	0.424
  6266	-0.204601	-0.424	0.424
  6267	-0.199624	-0.424	0.424
  6268	-0.197568	-0.424	0.424
  6269	-0.19608	-0.424	0.424
  6270	-0.211177	-0.424	0.424
  6271	-0.167845	-0.424	0.424
  6272	-0.213276	-0.424	0.424
  6273	-0.197056	-0.424	0.424
  6274	-0.216471	-0.424	0.424
  6275	-0.215116	-0.424	0.424
  6276	-0.194673	-0.424	0.424
  6277	-0.221092	-0.424	0.424
  6278	-0.219878	-0.424	0.424
  6279	-0.20868	-0.424	0.424
  6280	-0.191209	-0.424	0.424
  6281	-0.184126	-0.424	0.424
  6282	-0.183165	-0.424	0.424
  6283	-0.176813	-0.424	0.424
  6284	-0.191517	-0.424	0.424
  6285	-0.193885	-0.424	0.424
  6286	-0.182446	-0.424	0.424
  6287	-0.226717	-0.424	0.424
  6288	-0.220347	-0.424	0.424
  6289	-0.211646	-0.424	0.424
  6290	-0.188583	-0.424	0.424
  6291	-0.183752	-0.424	0.424
  6292	-0.220403	-0.424	0.424
  6293	-0.197983	-0.424	0.424
  6294	-0.187985	-0.424	0.424
  6295	-0.185573	-0.424	0.424
  6296	-0.212797	-0.424	0.424
  6297	-0.225627	-0.424	0.424
  6298	-0.163106	-0.424	0.424
  6299	-0.214466	-0.424	0.424
  6300	-0.215431	-0.424	0.424
  6301	-0.172306	-0.424	0.424
  6302	-0.19777	-0.424	0.424
  6303	-0.174191	-0.424	0.424
  6304	-0.158972	-0.424	0.424
  6305	-0.18093	-0.424	0.424
  6306	-0.202952	-0.424	0.424
  6307	-0.191442	-0.424	0.424
  6308	-0.178497	-0.424	0.424
  6309	-0.206151	-0.424	0.424
  6310	-0.212982	-0.424	0.424
  6311	-0.217372	-0.424	0.424
  6312	-0.184193	-0.424	0.424
  6313	-0.219758	-0.424	0.424
  6314	-0.225111	-0.424	0.424
  6315	-0.193539	-0.424	0.424
  6316	-0.220448	-0.424	0.424
  6317	-0.193218	-0.424	0.424
  6318	-0.194544	-0.424	0.424
  6319	-0.213031	-0.424	0.424
  6320	-0.197495	-0.424	0.424
  6321	-0.178903	-0.424	0.424
  6322	-0.21197	-0.424	0.424
  6323	-0.129258	-0.424	0.424
  6324	-0.2111	-0.424	0.424
  6325	-0.213088	-0.424	0.424
  6326	-0.184371	-0.424	0.424
  6327	-0.199748	-0.424	0.424
  6328	-0.196116	-0.424	0.424
  6329	-0.194513	-0.424	0.424
  6330	-0.189163	-0.424	0.424
  6331	-0.21225	-0.424	0.424
  6332	-0.181492	-0.424	0.424
  6333	-0.173607	-0.424	0.424
  6334	-0.218063	-0.424	0.424
  6335	-0.204455	-0.424	0.424
  6336	-0.2085	-0.424	0.424
  6337	-0.188195	-0.424	0.424
  6338	-0.195972	-0.424	0.424
  6339	-0.196587	-0.424	0.424
  6340	-0.20598	-0.424	0.424
  6341	-0.143272	-0.424	0.424
  6342	-0.188125	-0.424	0.424
  6343	-0.180456	-0.424	0.424
  6344	-0.183555	-0.424	0.424
  6345	-0.180917	-0.424	0.424
  6346	-0.205	-0.424	0.424
  6347	-0.170799	-0.424	0.424
  6348	-0.213252	-0.424	0.424
  6349	-0.159821	-0.424	0.424
  6350	-0.161956	-0.424	0.424
  6351	-0.189284	-0.424	0.424
  6352	-0.158209	-0.424	0.424
  6353	-0.198001	-0.424	0.424
  6354	-0.194263	-0.424	0.424
  6355	-0.203863	-0.424	0.424
  6356	-0.196687	-0.424	0.424
  6357	-0.193702	-0.424	0.424
  6358	-0.186	-0.424	0.424
  6359	-0.214076	-0.424	0.424
  6360	-0.199067	-0.424	0.424
  6361	-0.208404	-0.424	0.424
  6362	-0.192421	-0.424	0.424
  6363	-0.162496	-0.424	0.424
  6364	-0.195993	-0.424	0.424
  6365	-0.165722	-0.424	0.424
  6366	-0.182559	-0.424	0.424
  6367	-0.205857	-0.424	0.424
  6368	-0.18387	-0.424	0.424
  6369	-0.206045	-0.424	0.424
  6370	-0.209611	-0.424	0.424
  6371	-0.198128	-0.424	0.424
  6372	-0.215817	-0.424	0.424
  6373	-0.186179	-0.424	0.424
  6374	-0.209864	-0.424	0.424
  6375	-0.195007	-0.424	0.424
  6376	-0.176247	-0.424	0.424
  6377	-0.219157	-0.424	0.424
  6378	-0.203098	-0.424	0.424
  6379	-0.205388	-0.424	0.424
  6380	-0.167056	-0.424	0.424
  6381	-0.208484	-0.424	0.424
  6382	-0.164629	-0.424	0.424
  6383	-0.205845	-0.424	0.424
  6384	-0.1996	-0.424	0.424
  6385	-0.193764	-0.424	0.424
  6386	-0.202709	-0.424	0.424
  6387	-0.210737	-0.424	0.424
  6388	-0.209361	-0.424	0.424
  6389	-0.21811	-0.424	0.424
  6390	-0.216874	-0.424	0.424
  6391	-0.214023	-0.424	0.424
  6392	-0.190173	-0.424	0.424
  6393	-0.158623	-0.424	0.424
  6394	-0.219714	-0.424	0.424
  6395	-0.171856	-0.424	0.424
  6396	-0.180612	-0.424	0.424
  6397	-0.210211	-0.424	0.424
  6398	-0.188009	-0.424	0.424
  6399	-0.170812	-0.424	0.424
  6400	-0.177244	-0.424	0.424
  6401	-0.196627	-0.424	0.424
  6402	-0.209544	-0.424	0.424
  6403	-0.208386	-0.424	0.424
  6404	-0.21039	-0.424	0.424
  6405	-0.191764	-0.424	0.424
  6406	-0.204504	-0.424	0.424
  6407	-0.21204	-0.424	0.424
  6408	-0.205979	-0.424	0.424
  6409	-0.182867	-0.424	0.424
  6410	-0.208199	-0.424	0.424
  6411	-0.185748	-0.424	0.424
  6412	-0.208946	-0.424	0.424
  6413	-0.17972	-0.424	0.424
  6414	-0.199877	-0.424	0.424
  6415	-0.211323	-0.424	0.424
  6416	-0.17968	-0.424	0.424
  6417	-0.202916	-0.424	0.424
  6418	-0.192291	-0.424	0.424
  6419	-0.217367	-0.424	0.424
  6420	-0.194597	-0.424	0.424
  6421	-0.197964	-0.424	0.424
  6422	-0.221121	-0.424	0.424
  6423	-0.222611	-0.424	0.424
  6424	-0.205267	-0.424	0.424
  6425	-0.204271	-0.424	0.424
  6426	-0.171456	-0.424	0.424
  6427	-0.198818	-0.424	0.424
  6428	-0.206519	-0.424	0.424
  6429	-0.161977	-0.424	0.424
  6430	-0.158484	-0.424	0.424
  6431	-0.207674	-0.424	0.424
  6432	-0.209599	-0.424	0.424
  6433	-0.203525	-0.424	0.424
  6434	-0.187088	-0.424	0.424
  6435	-0.178475	-0.424	0.424
  6436	-0.200839	-0.424	0.424
  6437	-0.179731	-0.424	0.424
  6438	-0.163811	-0.424	0.424
  6439	-0.222075	-0.424	0.424
  6440	-0.182945	-0.424	0.424
  6441	-0.21281	-0.424	0.424
  6442	-0.230377	-0.424	0.424
  6443	-0.216469	-0.424	0.424
  6444	-0.173911	-0.424	0.424
  6445	-0.177002	-0.424	0.424
  6446	-0.152004	-0.424	0.424
  6447	-0.196904	-0.424	0.424
  6448	-0.224885	-0.424	0.424
  6449	-0.198193	-0.424	0.424
  6450	-0.19613	-0.424	0.424
  6451	-0.225356	-0.424	0.424
  6452	-0.187411	-0.424	0.424
  6453	-0.205466	-0.424	0.424
  6454	-0.211281	-0.424	0.424
  6455	-0.170714	-0.424	0.424
  6456	-0.167889	-0.424	0.424
  6457	-0.204371	-0.424	0.424
  6458	-0.22037	-0.424	0.424
  6459	-0.173276	-0.424	0.424
  6460	-0.14781	-0.424	0.424
  6461	-0.181793	-0.424	0.424
  6462	-0.227798	-0.424	0.424
  6463	-0.17705	-0.424	0.424
  6464	-0.215581	-0.424	0.424
  6465	-0.174601	-0.424	0.424
  6466	-0.2098	-0.424	0.424
  6467	-0.194178	-0.424	0.424
  6468	-0.209975	-0.424	0.424
  6469	-0.1636	-0.424	0.424
  6470	-0.200403	-0.424	0.424
  6471	-0.175327	-0.424	0.424
  6472	-0.153273	-0.424	0.424
  6473	-0.183815	-0.424	0.424
  6474	-0.192372	-0.424	0.424
  6475	-0.188567	-0.424	0.424
  6476	-0.202638	-0.424	0.424
  6477	-0.195422	-0.424	0.424
  6478	-0.151313	-0.424	0.424
  6479	-0.201461	-0.424	0.424
  6480	-0.177415	-0.424	0.424
  6481	-0.193506	-0.424	0.424
  6482	-0.174399	-0.424	0.424
  6483	-0.17135	-0.424	0.424
  6484	-0.192948	-0.424	0.424
  6485	-0.203769	-0.424	0.424
  6486	-0.195928	-0.424	0.424
  6487	-0.211512	-0.424	0.424
  6488	-0.225734	-0.424	0.424
  6489	-0.162969	-0.424	0.424
  6490	-0.195557	-0.424	0.424
  6491	-0.214285	-0.424	0.424
  6492	-0.221768	-0.424	0.424
  6493	-0.209399	-0.424	0.424
  6494	-0.208022	-0.424	0.424
  6495	-0.211625	-0.424	0.424
  6496	-0.212492	-0.424	0.424
  6497	-0.180414	-0.424	0.424
  6498	-0.199435	-0.424	0.424
  6499	-0.18882	-0.424	0.424
  6500	-0.193981	-0.424	0.424
  6501	-0.201686	-0.424	0.424
  6502	-0.17732	-0.424	0.424
  6503	-0.219383	-0.424	0.424
  6504	-0.227019	-0.424	0.424
  6505	-0.227446	-0.424	0.424
  6506	-0.198635	-0.424	0.424
  6507	-0.189504	-0.424	0.424
  6508	-0.223554	-0.424	0.424
  6509	-0.15562	-0.424	0.424
  6510	-0.222516	-0.424	0.424
  6511	-0.18958	-0.424	0.424
  6512	-0.203546	-0.424	0.424
  6513	-0.183102	-0.424	0.424
  6514	-0.218366	-0.424	0.424
  6515	-0.18105	-0.424	0.424
  6516	-0.197382	-0.424	0.424
  6517	-0.208335	-0.424	0.424
  6518	-0.196538	-0.424	0.424
  6519	-0.207283	-0.424	0.424
  6520	-0.211232	-0.424	0.424
  6521	-0.177827	-0.424	0.424
  6522	-0.215879	-0.424	0.424
  6523	-0.204518	-0.424	0.424
  6524	-0.201801	-0.424	0.424
  6525	-0.204402	-0.424	0.424
  6526	-0.213937	-0.424	0.424
  6527	-0.20005	-0.424	0.424
  6528	-0.190276	-0.424	0.424
  6529	-0.159857	-0.424	0.424
  6530	-0.195283	-0.424	0.424
  6531	-0.183062	-0.424	0.424
  6532	-0.188076	-0.424	0.424
  6533	-0.194949	-0.424	0.424
  6534	-0.213258	-0.424	0.424
  6535	-0.186405	-0.424	0.424
  6536	-0.208717	-0.424	0.424
  6537	-0.200085	-0.424	0.424
  6538	-0.197752	-0.424	0.424
  6539	-0.216075	-0.424	0.424
  6540	-0.217842	-0.424	0.424
  6541	-0.212011	-0.424	0.424
  6542	-0.184939	-0.424	0.424
  6543	-0.210896	-0.424	0.424
  6544	-0.224582	-0.424	0.424
  6545	-0.199253	-0.424	0.424
  6546	-0.183555	-0.424	0.424
  6547	-0.229804	-0.424	0.424
  6548	-0.19609	-0.424	0.424
  6549	-0.206649	-0.424	0.424
  6550	-0.201527	-0.424	0.424
  6551	-0.197103	-0.424	0.424
  6552	-0.156945	-0.424	0.424
  6553	-0.214576	-0.424	0.424
  6554	-0.186952	-0.424	0.424
  6555	-0.166333	-0.424	0.424
  6556	-0.177583	-0.424	0.424
  6557	-0.208918	-0.424	0.424
  6558	-0.196182	-0.424	0.424
  6559	-0.181318	-0.424	0.424
  6560	-0.209805	-0.424	0.424
  6561	-0.172389	-0.424	0.424
  6562	-0.199713	-0.424	0.424
  6563	-0.226371	-0.424	0.424
  6564	-0.209229	-0.424	0.424
  6565	-0.200953	-0.424	0.424
  6566	-0.202142	-0.424	0.424
  6567	-0.215898	-0.424	0.424
  6568	-0.187351	-0.424	0.424
  6569	-0.186669	-0.424	0.424
  6570	-0.217805	-0.424	0.424
  6571	-0.198624	-0.424	0.424
  6572	-0.178829	-0.424	0.424
  6573	-0.214894	-0.424	0.424
  6574	-0.20528	-0.424	0.424
  6575	-0.211569	-0.424	0.424
  6576	-0.188652	-0.424	0.424
  6577	-0.217781	-0.424	0.424
  6578	-0.185319	-0.424	0.424
  6579	-0.170326	-0.424	0.424
  6580	-0.205884	-0.424	0.424
  6581	-0.223527	-0.424	0.424
  6582	-0.214031	-0.424	0.424
  6583	-0.211167	-0.424	0.424
  6584	-0.213722	-0.424	0.424
  6585	-0.196466	-0.424	0.424
  6586	-0.192162	-0.424	0.424
  6587	-0.213006	-0.424	0.424
  6588	-0.215861	-0.424	0.424
  6589	-0.172297	-0.424	0.424
  6590	-0.212774	-0.424	0.424
  6591	-0.221619	-0.424	0.424
  6592	-0.192937	-0.424	0.424
  6593	-0.194627	-0.424	0.424
  6594	-0.218999	-0.424	0.424
  6595	-0.178881	-0.424	0.424
  6596	-0.199096	-0.424	0.424
  6597	-0.209455	-0.424	0.424
  6598	-0.191062	-0.424	0.424
  6599	-0.197888	-0.424	0.424
  6600	-0.183296	-0.424	0.424
  6601	-0.184392	-0.424	0.424
  6602	-0.203405	-0.424	0.424
  6603	-0.199269	-0.424	0.424
  6604	-0.168834	-0.424	0.424
  6605	-0.1571	-0.424	0.424
  6606	-0.213567	-0.424	0.424
  6607	-0.194313	-0.424	0.424
  6608	-0.21802	-0.424	0.424
  6609	-0.222762	-0.424	0.424
  6610	-0.194926	-0.424	0.424
  6611	-0.175382	-0.424	0.424
  6612	-0.169611	-0.424	0.424
  6613	-0.210001	-0.424	0.424
  6614	-0.192946	-0.424	0.424
  6615	-0.216591	-0.424	0.424
  6616	-0.169511	-0.424	0.424
  6617	-0.202951	-0.424	0.424
  6618	-0.206754	-0.424	0.424
  6619	-0.218389	-0.424	0.424
  6620	-0.185025	-0.424	0.424
  6621	-0.180392	-0.424	0.424
  6622	-0.198982	-0.424	0.424
  6623	-0.206062	-0.424	0.424
  6624	-0.186861	-0.424	0.424
  6625	-0.130259	-0.424	0.424
  6626	-0.211859	-0.424	0.424
  6627	-0.214353	-0.424	0.424
  6628	-0.184538	-0.424	0.424
  6629	-0.170257	-0.424	0.424
  6630	-0.212635	-0.424	0.424
  6631	-0.196255	-0.424	0.424
  6632	-0.222986	-0.424	0.424
  6633	-0.179035	-0.424	0.424
  6634	-0.219155	-0.424	0.424
  6635	-0.212587	-0.424	0.424
  6636	-0.202712	-0.424	0.424
  6637	-0.177213	-0.424	0.424
  6638	-0.214642	-0.424	0.424
  6639	-0.212549	-0.424	0.424
  6640	-0.197175	-0.424	0.424
  6641	-0.211895	-0.424	0.424
  6642	-0.20686	-0.424	0.424
  6643	-0.213542	-0.424	0.424
  6644	-0.196441	-0.424	0.424
  6645	-0.204165	-0.424	0.424
  6646	-0.208833	-0.424	0.424
  6647	-0.224878	-0.424	0.424
  6648	-0.218127	-0.424	0.424
  6649	-0.175218	-0.424	0.424
  6650	-0.213205	-0.424	0.424
  6651	-0.176279	-0.424	0.424
  6652	-0.166313	-0.424	0.424
  6653	-0.18227	-0.424	0.424
  6654	-0.192757	-0.424	0.424
  6655	-0.209532	-0.424	0.424
  6656	-0.227618	-0.424	0.424
  6657	-0.192171	-0.424	0.424
  6658	-0.205052	-0.424	0.424
  6659	-0.217358	-0.424	0.424
  6660	-0.19711	-0.424	0.424
  6661	-0.204959	-0.424	0.424
  6662	-0.191337	-0.424	0.424
  6663	-0.212652	-0.424	0.424
  6664	-0.207497	-0.424	0.424
  6665	-0.204715	-0.424	0.424
  6666	-0.215227	-0.424	0.424
  6667	-0.194448	-0.424	0.424
  6668	-0.204611	-0.424	0.424
  6669	-0.194108	-0.424	0.424
  6670	-0.203949	-0.424	0.424
  6671	-0.176084	-0.424	0.424
  6672	-0.178282	-0.424	0.424
  6673	-0.173879	-0.424	0.424
  6674	-0.199659	-0.424	0.424
  6675	-0.197348	-0.424	0.424
  6676	-0.178908	-0.424	0.424
  6677	-0.199799	-0.424	0.424
  6678	-0.215783	-0.424	0.424
  6679	-0.192236	-0.424	0.424
  6680	-0.188163	-0.424	0.424
  6681	-0.190424	-0.424	0.424
  6682	-0.150116	-0.424	0.424
  6683	-0.174478	-0.424	0.424
  6684	-0.218005	-0.424	0.424
  6685	-0.180148	-0.424	0.424
  6686	-0.22532	-0.424	0.424
  6687	-0.185881	-0.424	0.424
  6688	-0.211619	-0.424	0.424
  6689	-0.194091	-0.424	0.424
  6690	-0.202281	-0.424	0.424
  6691	-0.212148	-0.424	0.424
  6692	-0.193245	-0.424	0.424
  6693	-0.175515	-0.424	0.424
  6694	-0.187364	-0.424	0.424
  6695	-0.197213	-0.424	0.424
  6696	-0.155515	-0.424	0.424
  6697	-0.203195	-0.424	0.424
  6698	-0.184171	-0.424	0.424
  6699	-0.210349	-0.424	0.424
  6700	-0.206568	-0.424	0.424
  6701	-0.155962	-0.424	0.424
  6702	-0.214526	-0.424	0.424
  6703	-0.205445	-0.424	0.424
  6704	-0.209569	-0.424	0.424
  6705	-0.206519	-0.424	0.424
  6706	-0.216185	-0.424	0.424
  6707	-0.199576	-0.424	0.424
  6708	-0.202117	-0.424	0.424
  6709	-0.21054	-0.424	0.424
  6710	-0.223427	-0.424	0.424
  6711	-0.123684	-0.424	0.424
  6712	-0.202242	-0.424	0.424
  6713	-0.153126	-0.424	0.424
  6714	-0.18206	-0.424	0.424
  6715	-0.187194	-0.424	0.424
  6716	-0.182509	-0.424	0.424
  6717	-0.178308	-0.424	0.424
  6718	-0.217098	-0.424	0.424
  6719	-0.193535	-0.424	0.424
  6720	-0.195222	-0.424	0.424
  6721	-0.21243	-0.424	0.424
  6722	-0.187258	-0.424	0.424
  6723	-0.187055	-0.424	0.424
  6724	-0.187362	-0.424	0.424
  6725	-0.187266	-0.424	0.424
  6726	-0.19768	-0.424	0.424
  6727	-0.221815	-0.424	0.424
  6728	-0.176466	-0.424	0.424
  6729	-0.227203	-0.424	0.424
  6730	-0.201155	-0.424	0.424
  6731	-0.192799	-0.424	0.424
  6732	-0.168629	-0.424	0.424
  6733	-0.202801	-0.424	0.424
  6734	-0.169526	-0.424	0.424
  6735	-0.202939	-0.424	0.424
  6736	-0.213507	-0.424	0.424
  6737	-0.137749	-0.424	0.424
  6738	-0.200768	-0.424	0.424
  6739	-0.201745	-0.424	0.424
  6740	-0.209842	-0.424	0.424
  6741	-0.225994	-0.424	0.424
  6742	-0.21972	-0.424	0.424
  6743	-0.194448	-0.424	0.424
  6744	-0.162477	-0.424	0.424
  6745	-0.193696	-0.424	0.424
  6746	-0.193513	-0.424	0.424
  6747	-0.205193	-0.424	0.424
  6748	-0.206399	-0.424	0.424
  6749	-0.194804	-0.424	0.424
  6750	-0.191589	-0.424	0.424
  6751	-0.204198	-0.424	0.424
  6752	-0.182525	-0.424	0.424
  6753	-0.20054	-0.424	0.424
  6754	-0.181716	-0.424	0.424
  6755	-0.191713	-0.424	0.424
  6756	-0.203976	-0.424	0.424
  6757	-0.220338	-0.424	0.424
  6758	-0.205632	-0.424	0.424
  6759	-0.190392	-0.424	0.424
  6760	-0.186218	-0.424	0.424
  6761	-0.181098	-0.424	0.424
  6762	-0.161981	-0.424	0.424
  6763	-0.202155	-0.424	0.424
  6764	-0.202008	-0.424	0.424
  6765	-0.224267	-0.424	0.424
  6766	-0.206329	-0.424	0.424
  6767	-0.216391	-0.424	0.424
  6768	-0.203871	-0.424	0.424
  6769	-0.230701	-0.424	0.424
  6770	-0.195086	-0.424	0.424
  6771	-0.180553	-0.424	0.424
  6772	-0.191392	-0.424	0.424
  6773	-0.178706	-0.424	0.424
  6774	-0.218522	-0.424	0.424
  6775	-0.207459	-0.424	0.424
  6776	-0.225882	-0.424	0.424
  6777	-0.195073	-0.424	0.424
  6778	-0.206193	-0.424	0.424
  6779	-0.208973	-0.424	0.424
  6780	-0.196134	-0.424	0.424
  6781	-0.200764	-0.424	0.424
  6782	-0.211862	-0.424	0.424
  6783	-0.215065	-0.424	0.424
  6784	-0.189737	-0.424	0.424
  6785	-0.217937	-0.424	0.424
  6786	-0.174805	-0.424	0.424
  6787	-0.198649	-0.424	0.424
  6788	-0.195969	-0.424	0.424
  6789	-0.155778	-0.424	0.424
  6790	-0.162449	-0.424	0.424
  6791	-0.208415	-0.424	0.424
  6792	-0.2093	-0.424	0.424
  6793	-0.207007	-0.424	0.424
  6794	-0.207085	-0.424	0.424
  6795	-0.180558	-0.424	0.424
  6796	-0.183046	-0.424	0.424
  6797	-0.196292	-0.424	0.424
  6798	-0.158175	-0.424	0.424
  6799	-0.213017	-0.424	0.424
  6800	-0.189602	-0.424	0.424
  6801	-0.191361	-0.424	0.424
  6802	-0.217734	-0.424	0.424
  6803	-0.129945	-0.424	0.424
  6804	-0.193098	-0.424	0.424
  6805	-0.198563	-0.424	0.424
  6806	-0.188419	-0.424	0.424
  6807	-0.187156	-0.424	0.424
  6808	-0.175939	-0.424	0.424
  6809	-0.221202	-0.424	0.424
  6810	-0.181946	-0.424	0.424
  6811	-0.179083	-0.424	0.424
  6812	-0.190646	-0.424	0.424
  6813	-0.193251	-0.424	0.424
  6814	-0.157765	-0.424	0.424
  6815	-0.195556	-0.424	0.424
  6816	-0.204163	-0.424	0.424
  6817	-0.224021	-0.424	0.424
  6818	-0.206002	-0.424	0.424
  6819	-0.173401	-0.424	0.424
  6820	-0.223965	-0.424	0.424
  6821	-0.203705	-0.424	0.424
  6822	-0.218247	-0.424	0.424
  6823	-0.224689	-0.424	0.424
  6824	-0.199258	-0.424	0.424
  6825	-0.201205	-0.424	0.424
  6826	-0.194207	-0.424	0.424
  6827	-0.20355	-0.424	0.424
  6828	-0.195846	-0.424	0.424
  6829	-0.173335	-0.424	0.424
  6830	-0.204821	-0.424	0.424
  6831	-0.196077	-0.424	0.424
  6832	-0.189207	-0.424	0.424
  6833	-0.204301	-0.424	0.424
  6834	-0.169759	-0.424	0.424
  6835	-0.212376	-0.424	0.424
  6836	-0.211306	-0.424	0.424
  6837	-0.186888	-0.424	0.424
  6838	-0.19378	-0.424	0.424
  6839	-0.181752	-0.424	0.424
  6840	-0.200136	-0.424	0.424
  6841	-0.194126	-0.424	0.424
  6842	-0.221087	-0.424	0.424
  6843	-0.158081	-0.424	0.424
  6844	-0.204412	-0.424	0.424
  6845	-0.222798	-0.424	0.424
  6846	-0.172238	-0.424	0.424
  6847	-0.180225	-0.424	0.424
  6848	-0.210601	-0.424	0.424
  6849	-0.202149	-0.424	0.424
  6850	-0.212082	-0.424	0.424
  6851	-0.187034	-0.424	0.424
  6852	-0.171741	-0.424	0.424
  6853	-0.19649	-0.424	0.424
  6854	-0.212275	-0.424	0.424
  6855	-0.196047	-0.424	0.424
  6856	-0.154025	-0.424	0.424
  6857	-0.21463	-0.424	0.424
  6858	-0.183388	-0.424	0.424
  6859	-0.190709	-0.424	0.424
  6860	-0.209463	-0.424	0.424
  6861	-0.176479	-0.424	0.424
  6862	-0.226675	-0.424	0.424
  6863	-0.187449	-0.424	0.424
  6864	-0.187387	-0.424	0.424
  6865	-0.187788	-0.424	0.424
  6866	-0.199608	-0.424	0.424
  6867	-0.204046	-0.424	0.424
  6868	-0.219818	-0.424	0.424
  6869	-0.213768	-0.424	0.424
  6870	-0.176646	-0.424	0.424
  6871	-0.210417	-0.424	0.424
  6872	-0.19986	-0.424	0.424
  6873	-0.205836	-0.424	0.424
  6874	-0.195451	-0.424	0.424
  6875	-0.202839	-0.424	0.424
  6876	-0.227094	-0.424	0.424
  6877	-0.191285	-0.424	0.424
  6878	-0.206859	-0.424	0.424
  6879	-0.187619	-0.424	0.424
  6880	-0.203792	-0.424	0.424
  6881	-0.200891	-0.424	0.424
  6882	-0.195011	-0.424	0.424
  6883	-0.18203	-0.424	0.424
  6884	-0.208991	-0.424	0.424
  6885	-0.192251	-0.424	0.424
  6886	-0.225842	-0.424	0.424
  6887	-0.174048	-0.424	0.424
  6888	-0.19797	-0.424	0.424
  6889	-0.22806	-0.424	0.424
  6890	-0.179215	-0.424	0.424
  6891	-0.200598	-0.424	0.424
  6892	-0.189353	-0.424	0.424
  6893	-0.210281	-0.424	0.424
  6894	-0.186603	-0.424	0.424
  6895	-0.184108	-0.424	0.424
  6896	-0.199957	-0.424	0.424
  6897	-0.224418	-0.424	0.424
  6898	-0.198476	-0.424	0.424
  6899	-0.203282	-0.424	0.424
  6900	-0.201258	-0.424	0.424
  6901	-0.216399	-0.424	0.424
  6902	-0.202946	-0.424	0.424
  6903	-0.180988	-0.424	0.424
  6904	-0.201193	-0.424	0.424
  6905	-0.215458	-0.424	0.424
  6906	-0.191129	-0.424	0.424
  6907	-0.17479	-0.424	0.424
  6908	-0.194199	-0.424	0.424
  6909	-0.202455	-0.424	0.424
  6910	-0.178803	-0.424	0.424
  6911	-0.21459	-0.424	0.424
  6912	-0.191344	-0.424	0.424
  6913	-0.220909	-0.424	0.424
  6914	-0.15687	-0.424	0.424
  6915	-0.213433	-0.424	0.424
  6916	-0.186093	-0.424	0.424
  6917	-0.192413	-0.424	0.424
  6918	-0.204226	-0.424	0.424
  6919	-0.162598	-0.424	0.424
  6920	-0.220435	-0.424	0.424
  6921	-0.186335	-0.424	0.424
  6922	-0.192708	-0.424	0.424
  6923	-0.177029	-0.424	0.424
  6924	-0.201736	-0.424	0.424
  6925	-0.157984	-0.424	0.424
  6926	-0.222974	-0.424	0.424
  6927	-0.189238	-0.424	0.424
  6928	-0.193511	-0.424	0.424
  6929	-0.183784	-0.424	0.424
  6930	-0.188353	-0.424	0.424
  6931	-0.191303	-0.424	0.424
  6932	-0.193733	-0.424	0.424
  6933	-0.202496	-0.424	0.424
  6934	-0.205181	-0.424	0.424
  6935	-0.203991	-0.424	0.424
  6936	-0.174371	-0.424	0.424
  6937	-0.138906	-0.424	0.424
  6938	-0.210947	-0.424	0.424
  6939	-0.218204	-0.424	0.424
  6940	-0.16609	-0.424	0.424
  6941	-0.210901	-0.424	0.424
  6942	-0.189829	-0.424	0.424
  6943	-0.142002	-0.424	0.424
  6944	-0.177945	-0.424	0.424
  6945	-0.22071	-0.424	0.424
  6946	-0.206337	-0.424	0.424
  6947	-0.133965	-0.424	0.424
  6948	-0.215411	-0.424	0.424
  6949	-0.217818	-0.424	0.424
  6950	-0.185431	-0.424	0.424
  6951	-0.216692	-0.424	0.424
  6952	-0.155217	-0.424	0.424
  6953	-0.19741	-0.424	0.424
  6954	-0.180894	-0.424	0.424
  6955	-0.190036	-0.424	0.424
  6956	-0.150639	-0.424	0.424
  6957	-0.212049	-0.424	0.424
  6958	-0.156265	-0.424	0.424
  6959	-0.177848	-0.424	0.424
  6960	-0.164196	-0.424	0.424
  6961	-0.174097	-0.424	0.424
  6962	-0.19624	-0.424	0.424
  6963	-0.182863	-0.424	0.424
  6964	-0.187738	-0.424	0.424
  6965	-0.192138	-0.424	0.424
  6966	-0.211392	-0.424	0.424
  6967	-0.184416	-0.424	0.424
  6968	-0.191036	-0.424	0.424
  6969	-0.188278	-0.424	0.424
  6970	-0.223367	-0.424	0.424
  6971	-0.203977	-0.424	0.424
  6972	-0.202348	-0.424	0.424
  6973	-0.22353	-0.424	0.424
  6974	-0.18894	-0.424	0.424
  6975	-0.195602	-0.424	0.424
  6976	-0.204191	-0.424	0.424
  6977	-0.177551	-0.424	0.424
  6978	-0.213779	-0.424	0.424
  6979	-0.2112	-0.424	0.424
  6980	-0.214713	-0.424	0.424
  6981	-0.20588	-0.424	0.424
  6982	-0.18661	-0.424	0.424
  6983	-0.200719	-0.424	0.424
  6984	-0.225835	-0.424	0.424
  6985	-0.232653	-0.424	0.424
  6986	-0.22157	-0.424	0.424
  6987	-0.170426	-0.424	0.424
  6988	-0.179834	-0.424	0.424
  6989	-0.202054	-0.424	0.424
  6990	-0.194188	-0.424	0.424
  6991	-0.176179	-0.424	0.424
  6992	-0.188529	-0.424	0.424
  6993	-0.212422	-0.424	0.424
  6994	-0.209736	-0.424	0.424
  6995	-0.188026	-0.424	0.424
  6996	-0.169852	-0.424	0.424
  6997	-0.191343	-0.424	0.424
  6998	-0.159699	-0.424	0.424
  6999	-0.192459	-0.424	0.424
  7000	-0.205779	-0.424	0.424
  7001	-0.217816	-0.424	0.424
  7002	-0.194869	-0.424	0.424
  7003	-0.189471	-0.424	0.424
  7004	-0.190494	-0.424	0.424
  7005	-0.212701	-0.424	0.424
  7006	-0.225883	-0.424	0.424
  7007	-0.199221	-0.424	0.424
  7008	-0.199786	-0.424	0.424
  7009	-0.211984	-0.424	0.424
  7010	-0.210259	-0.424	0.424
  7011	-0.220943	-0.424	0.424
  7012	-0.203464	-0.424	0.424
  7013	-0.209239	-0.424	0.424
  7014	-0.201454	-0.424	0.424
  7015	-0.193029	-0.424	0.424
  7016	-0.200853	-0.424	0.424
  7017	-0.172202	-0.424	0.424
  7018	-0.173759	-0.424	0.424
  7019	-0.191847	-0.424	0.424
  7020	-0.231718	-0.424	0.424
  7021	-0.196558	-0.424	0.424
  7022	-0.185792	-0.424	0.424
  7023	-0.177567	-0.424	0.424
  7024	-0.176175	-0.424	0.424
  7025	-0.200099	-0.424	0.424
  7026	-0.18153	-0.424	0.424
  7027	-0.175383	-0.424	0.424
  7028	-0.205744	-0.424	0.424
  7029	-0.222687	-0.424	0.424
  7030	-0.19488	-0.424	0.424
  7031	-0.226081	-0.424	0.424
  7032	-0.215497	-0.424	0.424
  7033	-0.205861	-0.424	0.424
  7034	-0.190798	-0.424	0.424
  7035	-0.176948	-0.424	0.424
  7036	-0.207881	-0.424	0.424
  7037	-0.196663	-0.424	0.424
  7038	-0.194637	-0.424	0.424
  7039	-0.211584	-0.424	0.424
  7040	-0.189117	-0.424	0.424
  7041	-0.177896	-0.424	0.424
  7042	-0.203511	-0.424	0.424
  7043	-0.213333	-0.424	0.424
  7044	-0.219053	-0.424	0.424
  7045	-0.192778	-0.424	0.424
  7046	-0.206427	-0.424	0.424
  7047	-0.180554	-0.424	0.424
  7048	-0.183309	-0.424	0.424
  7049	-0.193388	-0.424	0.424
  7050	-0.177898	-0.424	0.424
  7051	-0.198168	-0.424	0.424
  7052	-0.212685	-0.424	0.424
  7053	-0.202301	-0.424	0.424
  7054	-0.218294	-0.424	0.424
  7055	-0.169255	-0.424	0.424
  7056	-0.176314	-0.424	0.424
  7057	-0.195033	-0.424	0.424
  7058	-0.206454	-0.424	0.424
  7059	-0.167511	-0.424	0.424
  7060	-0.197136	-0.424	0.424
  7061	-0.209239	-0.424	0.424
  7062	-0.214334	-0.424	0.424
  7063	-0.166515	-0.424	0.424
  7064	-0.198361	-0.424	0.424
  7065	-0.193489	-0.424	0.424
  7066	-0.203989	-0.424	0.424
  7067	-0.206234	-0.424	0.424
  7068	-0.142217	-0.424	0.424
  7069	-0.198919	-0.424	0.424
  7070	-0.212554	-0.424	0.424
  7071	-0.186221	-0.424	0.424
  7072	-0.201908	-0.424	0.424
  7073	-0.198884	-0.424	0.424
  7074	-0.178017	-0.424	0.424
  7075	-0.191263	-0.424	0.424
  7076	-0.181928	-0.424	0.424
  7077	-0.180736	-0.424	0.424
  7078	-0.189519	-0.424	0.424
  7079	-0.174581	-0.424	0.424
  7080	-0.218238	-0.424	0.424
  7081	-0.194709	-0.424	0.424
  7082	-0.210594	-0.424	0.424
  7083	-0.223218	-0.424	0.424
  7084	-0.22748	-0.424	0.424
  7085	-0.211999	-0.424	0.424
  7086	-0.135922	-0.424	0.424
  7087	-0.202687	-0.424	0.424
  7088	-0.182826	-0.424	0.424
  7089	-0.200839	-0.424	0.424
  7090	-0.173751	-0.424	0.424
  7091	-0.219299	-0.424	0.424
  7092	-0.176551	-0.424	0.424
  7093	-0.230003	-0.424	0.424
  7094	-0.221852	-0.424	0.424
  7095	-0.212088	-0.424	0.424
  7096	-0.170217	-0.424	0.424
  7097	-0.227399	-0.424	0.424
  7098	-0.196878	-0.424	0.424
  7099	-0.213067	-0.424	0.424
  7100	-0.219548	-0.424	0.424
  7101	-0.215092	-0.424	0.424
  7102	-0.193904	-0.424	0.424
  7103	-0.216947	-0.424	0.424
  7104	-0.191122	-0.424	0.424
  7105	-0.208907	-0.424	0.424
  7106	-0.181872	-0.424	0.424
  7107	-0.192569	-0.424	0.424
  7108	-0.16838	-0.424	0.424
  7109	-0.189583	-0.424	0.424
  7110	-0.194448	-0.424	0.424
  7111	-0.172739	-0.424	0.424
  7112	-0.188636	-0.424	0.424
  7113	-0.172405	-0.424	0.424
  7114	-0.212217	-0.424	0.424
  7115	-0.197424	-0.424	0.424
  7116	-0.191708	-0.424	0.424
  7117	-0.19981	-0.424	0.424
  7118	-0.181361	-0.424	0.424
  7119	-0.153551	-0.424	0.424
  7120	-0.18424	-0.424	0.424
  7121	-0.199144	-0.424	0.424
  7122	-0.197485	-0.424	0.424
  7123	-0.177643	-0.424	0.424
  7124	-0.19855	-0.424	0.424
  7125	-0.150534	-0.424	0.424
  7126	-0.228125	-0.424	0.424
  7127	-0.18236	-0.424	0.424
  7128	-0.205293	-0.424	0.424
  7129	-0.169937	-0.424	0.424
  7130	-0.196161	-0.424	0.424
  7131	-0.175434	-0.424	0.424
  7132	-0.171159	-0.424	0.424
  7133	-0.224498	-0.424	0.424
  7134	-0.194238	-0.424	0.424
  7135	-0.203336	-0.424	0.424
  7136	-0.223461	-0.424	0.424
  7137	-0.198105	-0.424	0.424
  7138	-0.198052	-0.424	0.424
  7139	-0.178759	-0.424	0.424
  7140	-0.161073	-0.424	0.424
  7141	-0.217214	-0.424	0.424
  7142	-0.210409	-0.424	0.424
  7143	-0.201118	-0.424	0.424
  7144	-0.218952	-0.424	0.424
  7145	-0.208511	-0.424	0.424
  7146	-0.219019	-0.424	0.424
  7147	-0.205722	-0.424	0.424
  7148	-0.169331	-0.424	0.424
  7149	-0.199917	-0.424	0.424
  7150	-0.148217	-0.424	0.424
  7151	-0.213168	-0.424	0.424
  7152	-0.21432	-0.424	0.424
  7153	-0.182603	-0.424	0.424
  7154	-0.156484	-0.424	0.424
  7155	-0.187293	-0.424	0.424
  7156	-0.156764	-0.424	0.424
  7157	-0.226912	-0.424	0.424
  7158	-0.170781	-0.424	0.424
  7159	-0.197809	-0.424	0.424
  7160	-0.212879	-0.424	0.424
  7161	-0.217196	-0.424	0.424
  7162	-0.223003	-0.424	0.424
  7163	-0.212212	-0.424	0.424
  7164	-0.201484	-0.424	0.424
  7165	-0.191541	-0.424	0.424
  7166	-0.184313	-0.424	0.424
  7167	-0.198701	-0.424	0.424
  7168	-0.186576	-0.424	0.424
  7169	-0.172506	-0.424	0.424
  7170	-0.199636	-0.424	0.424
  7171	-0.185176	-0.424	0.424
  7172	-0.172724	-0.424	0.424
  7173	-0.210945	-0.424	0.424
  7174	-0.206848	-0.424	0.424
  7175	-0.218237	-0.424	0.424
  7176	-0.219155	-0.424	0.424
  7177	-0.176078	-0.424	0.424
  7178	-0.219142	-0.424	0.424
  7179	-0.220036	-0.424	0.424
  7180	-0.197726	-0.424	0.424
  7181	-0.184841	-0.424	0.424
  7182	-0.208447	-0.424	0.424
  7183	-0.206215	-0.424	0.424
  7184	-0.148823	-0.424	0.424
  7185	-0.195143	-0.424	0.424
  7186	-0.210041	-0.424	0.424
  7187	-0.171225	-0.424	0.424
  7188	-0.195832	-0.424	0.424
  7189	-0.191693	-0.424	0.424
  7190	-0.218011	-0.424	0.424
  7191	-0.218763	-0.424	0.424
  7192	-0.18164	-0.424	0.424
  7193	-0.209579	-0.424	0.424
  7194	-0.177432	-0.424	0.424
  7195	-0.203055	-0.424	0.424
  7196	-0.213866	-0.424	0.424
  7197	-0.186968	-0.424	0.424
  7198	-0.224525	-0.424	0.424
  7199	-0.162625	-0.424	0.424
  7200	-0.218111	-0.424	0.424
  7201	-0.17718	-0.424	0.424
  7202	-0.169258	-0.424	0.424
  7203	-0.211959	-0.424	0.424
  7204	-0.189184	-0.424	0.424
  7205	-0.212591	-0.424	0.424
  7206	-0.209179	-0.424	0.424
  7207	-0.195922	-0.424	0.424
  7208	-0.182458	-0.424	0.424
  7209	-0.189054	-0.424	0.424
  7210	-0.211389	-0.424	0.424
  7211	-0.20304	-0.424	0.424
  7212	-0.192579	-0.424	0.424
  7213	-0.175208	-0.424	0.424
  7214	-0.207469	-0.424	0.424
  7215	-0.220415	-0.424	0.424
  7216	-0.222163	-0.424	0.424
  7217	-0.221402	-0.424	0.424
  7218	-0.153737	-0.424	0.424
  7219	-0.200796	-0.424	0.424
  7220	-0.211604	-0.424	0.424
  7221	-0.18352	-0.424	0.424
  7222	-0.21148	-0.424	0.424
  7223	-0.187852	-0.424	0.424
  7224	-0.222402	-0.424	0.424
  7225	-0.21815	-0.424	0.424
  7226	-0.219382	-0.424	0.424
  7227	-0.198111	-0.424	0.424
  7228	-0.206795	-0.424	0.424
  7229	-0.179983	-0.424	0.424
  7230	-0.19975	-0.424	0.424
  7231	-0.177106	-0.424	0.424
  7232	-0.204479	-0.424	0.424
  7233	-0.147729	-0.424	0.424
  7234	-0.21015	-0.424	0.424
  7235	-0.214328	-0.424	0.424
  7236	-0.205345	-0.424	0.424
  7237	-0.193293	-0.424	0.424
  7238	-0.226573	-0.424	0.424
  7239	-0.161241	-0.424	0.424
  7240	-0.163966	-0.424	0.424
  7241	-0.186338	-0.424	0.424
  7242	-0.219416	-0.424	0.424
  7243	-0.204496	-0.424	0.424
  7244	-0.148683	-0.424	0.424
  7245	-0.198955	-0.424	0.424
  7246	-0.221785	-0.424	0.424
  7247	-0.202597	-0.424	0.424
  7248	-0.211333	-0.424	0.424
  7249	-0.160887	-0.424	0.424
  7250	-0.19083	-0.424	0.424
  7251	-0.204564	-0.424	0.424
  7252	-0.210339	-0.424	0.424
  7253	-0.202605	-0.424	0.424
  7254	-0.202909	-0.424	0.424
  7255	-0.178049	-0.424	0.424
  7256	-0.19395	-0.424	0.424
  7257	-0.189797	-0.424	0.424
  7258	-0.209715	-0.424	0.424
  7259	-0.217191	-0.424	0.424
  7260	-0.195912	-0.424	0.424
  7261	-0.203195	-0.424	0.424
  7262	-0.170782	-0.424	0.424
  7263	-0.204214	-0.424	0.424
  7264	-0.213358	-0.424	0.424
  7265	-0.200104	-0.424	0.424
  7266	-0.163773	-0.424	0.424
  7267	-0.191549	-0.424	0.424
  7268	-0.199748	-0.424	0.424
  7269	-0.217897	-0.424	0.424
  7270	-0.203895	-0.424	0.424
  7271	-0.184104	-0.424	0.424
  7272	-0.196699	-0.424	0.424
  7273	-0.20125	-0.424	0.424
  7274	-0.222533	-0.424	0.424
  7275	-0.183074	-0.424	0.424
  7276	-0.215975	-0.424	0.424
  7277	-0.199617	-0.424	0.424
  7278	-0.227494	-0.424	0.424
  7279	-0.18721	-0.424	0.424
  7280	-0.215575	-0.424	0.424
  7281	-0.188961	-0.424	0.424
  7282	-0.16876	-0.424	0.424
  7283	-0.22778	-0.424	0.424
  7284	-0.220095	-0.424	0.424
  7285	-0.192519	-0.424	0.424
  7286	-0.206503	-0.424	0.424
  7287	-0.187191	-0.424	0.424
  7288	-0.199808	-0.424	0.424
  7289	-0.206081	-0.424	0.424
  7290	-0.177213	-0.424	0.424
  7291	-0.216082	-0.424	0.424
  7292	-0.218586	-0.424	0.424
  7293	-0.186942	-0.424	0.424
  7294	-0.208985	-0.424	0.424
  7295	-0.209542	-0.424	0.424
  7296	-0.198207	-0.424	0.424
  7297	-0.207109	-0.424	0.424
  7298	-0.166394	-0.424	0.424
  7299	-0.223557	-0.424	0.424
  7300	-0.212429	-0.424	0.424
  7301	-0.211513	-0.424	0.424
  7302	-0.16818	-0.424	0.424
  7303	-0.201825	-0.424	0.424
  7304	-0.207031	-0.424	0.424
  7305	-0.209468	-0.424	0.424
  7306	-0.16443	-0.424	0.424
  7307	-0.211828	-0.424	0.424
  7308	-0.211902	-0.424	0.424
  7309	-0.206243	-0.424	0.424
  7310	-0.178873	-0.424	0.424
  7311	-0.214719	-0.424	0.424
  7312	-0.211103	-0.424	0.424
  7313	-0.214438	-0.424	0.424
  7314	-0.23218	-0.424	0.424
  7315	-0.190828	-0.424	0.424
  7316	-0.207327	-0.424	0.424
  7317	-0.213119	-0.424	0.424
  7318	-0.214988	-0.424	0.424
  7319	-0.172889	-0.424	0.424
  7320	-0.19999	-0.424	0.424
  7321	-0.206492	-0.424	0.424
  7322	-0.193698	-0.424	0.424
  7323	-0.195212	-0.424	0.424
  7324	-0.177047	-0.424	0.424
  7325	-0.197269	-0.424	0.424
  7326	-0.187111	-0.424	0.424
  7327	-0.186715	-0.424	0.424
  7328	-0.2062	-0.424	0.424
  7329	-0.195353	-0.424	0.424
  7330	-0.226317	-0.424	0.424
  7331	-0.227595	-0.424	0.424
  7332	-0.172982	-0.424	0.424
  7333	-0.175526	-0.424	0.424
  7334	-0.192829	-0.424	0.424
  7335	-0.18449	-0.424	0.424
  7336	-0.193668	-0.424	0.424
  7337	-0.186028	-0.424	0.424
  7338	-0.196731	-0.424	0.424
  7339	-0.199384	-0.424	0.424
  7340	-0.2054	-0.424	0.424
  7341	-0.214158	-0.424	0.424
  7342	-0.205049	-0.424	0.424
  7343	-0.19707	-0.424	0.424
  7344	-0.162036	-0.424	0.424
  7345	-0.187949	-0.424	0.424
  7346	-0.207737	-0.424	0.424
  7347	-0.185189	-0.424	0.424
  7348	-0.18507	-0.424	0.424
  7349	-0.183364	-0.424	0.424
  7350	-0.195127	-0.424	0.424
  7351	-0.203475	-0.424	0.424
  7352	-0.208304	-0.424	0.424
  7353	-0.197532	-0.424	0.424
  7354	-0.201835	-0.424	0.424
  7355	-0.201352	-0.424	0.424
  7356	-0.192245	-0.424	0.424
  7357	-0.210773	-0.424	0.424
  7358	-0.178626	-0.424	0.424
  7359	-0.207282	-0.424	0.424
  7360	-0.142412	-0.424	0.424
  7361	-0.185191	-0.424	0.424
  7362	-0.227481	-0.424	0.424
  7363	-0.187501	-0.424	0.424
  7364	-0.193808	-0.424	0.424
  7365	-0.187002	-0.424	0.424
  7366	-0.193887	-0.424	0.424
  7367	-0.216078	-0.424	0.424
  7368	-0.19133	-0.424	0.424
  7369	-0.207425	-0.424	0.424
  7370	-0.197717	-0.424	0.424
  7371	-0.202419	-0.424	0.424
  7372	-0.209002	-0.424	0.424
  7373	-0.179371	-0.424	0.424
  7374	-0.170959	-0.424	0.424
  7375	-0.172993	-0.424	0.424
  7376	-0.208597	-0.424	0.424
  7377	-0.21102	-0.424	0.424
  7378	-0.158213	-0.424	0.424
  7379	-0.200317	-0.424	0.424
  7380	-0.204229	-0.424	0.424
  7381	-0.206765	-0.424	0.424
  7382	-0.172109	-0.424	0.424
  7383	-0.217728	-0.424	0.424
  7384	-0.199349	-0.424	0.424
  7385	-0.180576	-0.424	0.424
  7386	-0.210496	-0.424	0.424
  7387	-0.208242	-0.424	0.424
  7388	-0.210409	-0.424	0.424
  7389	-0.205566	-0.424	0.424
  7390	-0.17129	-0.424	0.424
  7391	-0.191244	-0.424	0.424
  7392	-0.158344	-0.424	0.424
  7393	-0.149406	-0.424	0.424
  7394	-0.172987	-0.424	0.424
  7395	-0.186361	-0.424	0.424
  7396	-0.177237	-0.424	0.424
  7397	-0.222799	-0.424	0.424
  7398	-0.205514	-0.424	0.424
  7399	-0.172462	-0.424	0.424
  7400	-0.198784	-0.424	0.424
  7401	-0.225193	-0.424	0.424
  7402	-0.198568	-0.424	0.424
  7403	-0.190175	-0.424	0.424
  7404	-0.215346	-0.424	0.424
  7405	-0.170207	-0.424	0.424
  7406	-0.218521	-0.424	0.424
  7407	-0.211583	-0.424	0.424
  7408	-0.221294	-0.424	0.424
  7409	-0.177072	-0.424	0.424
  7410	-0.203395	-0.424	0.424
  7411	-0.202306	-0.424	0.424
  7412	-0.18885	-0.424	0.424
  7413	-0.185435	-0.424	0.424
  7414	-0.212042	-0.424	0.424
  7415	-0.216766	-0.424	0.424
  7416	-0.17411	-0.424	0.424
  7417	-0.199852	-0.424	0.424
  7418	-0.195703	-0.424	0.424
  7419	-0.216435	-0.424	0.424
  7420	-0.21513	-0.424	0.424
  7421	-0.217727	-0.424	0.424
  7422	-0.214546	-0.424	0.424
  7423	-0.200496	-0.424	0.424
  7424	-0.206155	-0.424	0.424
  7425	-0.170902	-0.424	0.424
  7426	-0.209438	-0.424	0.424
  7427	-0.228822	-0.424	0.424
  7428	-0.207495	-0.424	0.424
  7429	-0.224919	-0.424	0.424
  7430	-0.221313	-0.424	0.424
  7431	-0.159453	-0.424	0.424
  7432	-0.174031	-0.424	0.424
  7433	-0.194947	-0.424	0.424
  7434	-0.212247	-0.424	0.424
  7435	-0.185638	-0.424	0.424
  7436	-0.141819	-0.424	0.424
  7437	-0.214853	-0.424	0.424
  7438	-0.210522	-0.424	0.424
  7439	-0.210501	-0.424	0.424
  7440	-0.205948	-0.424	0.424
  7441	-0.213025	-0.424	0.424
  7442	-0.173694	-0.424	0.424
  7443	-0.203214	-0.424	0.424
  7444	-0.197718	-0.424	0.424
  7445	-0.208979	-0.424	0.424
  7446	-0.207451	-0.424	0.424
  7447	-0.217984	-0.424	0.424
  7448	-0.179889	-0.424	0.424
  7449	-0.210743	-0.424	0.424
  7450	-0.215651	-0.424	0.424
  7451	-0.208884	-0.424	0.424
  7452	-0.157354	-0.424	0.424
  7453	-0.151302	-0.424	0.424
  7454	-0.224304	-0.424	0.424
  7455	-0.175606	-0.424	0.424
  7456	-0.206592	-0.424	0.424
  7457	-0.218905	-0.424	0.424
  7458	-0.225886	-0.424	0.424
  7459	-0.197861	-0.424	0.424
  7460	-0.186324	-0.424	0.424
  7461	-0.199787	-0.424	0.424
  7462	-0.208137	-0.424	0.424
  7463	-0.154982	-0.424	0.424
  7464	-0.20993	-0.424	0.424
  7465	-0.198513	-0.424	0.424
  7466	-0.209474	-0.424	0.424
  7467	-0.185397	-0.424	0.424
  7468	-0.189352	-0.424	0.424
  7469	-0.20118	-0.424	0.424
  7470	-0.202966	-0.424	0.424
  7471	-0.206131	-0.424	0.424
  7472	-0.202493	-0.424	0.424
  7473	-0.185165	-0.424	0.424
  7474	-0.208323	-0.424	0.424
  7475	-0.195317	-0.424	0.424
  7476	-0.173249	-0.424	0.424
  7477	-0.220638	-0.424	0.424
  7478	-0.206402	-0.424	0.424
  7479	-0.195694	-0.424	0.424
  7480	-0.212492	-0.424	0.424
  7481	-0.188645	-0.424	0.424
  7482	-0.193264	-0.424	0.424
  7483	-0.227363	-0.424	0.424
  7484	-0.214779	-0.424	0.424
  7485	-0.205244	-0.424	0.424
  7486	-0.205005	-0.424	0.424
  7487	-0.136826	-0.424	0.424
  7488	-0.216397	-0.424	0.424
  7489	-0.181414	-0.424	0.424
  7490	-0.185563	-0.424	0.424
  7491	-0.180196	-0.424	0.424
  7492	-0.17853	-0.424	0.424
  7493	-0.200259	-0.424	0.424
  7494	-0.208146	-0.424	0.424
  7495	-0.195138	-0.424	0.424
  7496	-0.20733	-0.424	0.424
  7497	-0.221885	-0.424	0.424
  7498	-0.212471	-0.424	0.424
  7499	-0.194386	-0.424	0.424
  7500	-0.195427	-0.424	0.424
  7501	-0.223296	-0.424	0.424
  7502	-0.226767	-0.424	0.424
  7503	-0.196702	-0.424	0.424
  7504	-0.175689	-0.424	0.424
  7505	-0.218162	-0.424	0.424
  7506	-0.209621	-0.424	0.424
  7507	-0.168538	-0.424	0.424
  7508	-0.226218	-0.424	0.424
  7509	-0.204118	-0.424	0.424
  7510	-0.180804	-0.424	0.424
  7511	-0.182897	-0.424	0.424
  7512	-0.212915	-0.424	0.424
  7513	-0.190668	-0.424	0.424
  7514	-0.205009	-0.424	0.424
  7515	-0.211227	-0.424	0.424
  7516	-0.183682	-0.424	0.424
  7517	-0.181913	-0.424	0.424
  7518	-0.183003	-0.424	0.424
  7519	-0.210533	-0.424	0.424
  7520	-0.186158	-0.424	0.424
  7521	-0.210932	-0.424	0.424
  7522	-0.214334	-0.424	0.424
  7523	-0.2187	-0.424	0.424
  7524	-0.181824	-0.424	0.424
  7525	-0.209141	-0.424	0.424
  7526	-0.184801	-0.424	0.424
  7527	-0.191809	-0.424	0.424
  7528	-0.198189	-0.424	0.424
  7529	-0.191285	-0.424	0.424
  7530	-0.217865	-0.424	0.424
  7531	-0.212697	-0.424	0.424
  7532	-0.176885	-0.424	0.424
  7533	-0.154156	-0.424	0.424
  7534	-0.193763	-0.424	0.424
  7535	-0.197039	-0.424	0.424
  7536	-0.207717	-0.424	0.424
  7537	-0.178033	-0.424	0.424
  7538	-0.183825	-0.424	0.424
  7539	-0.212969	-0.424	0.424
  7540	-0.208243	-0.424	0.424
  7541	-0.222322	-0.424	0.424
  7542	-0.219077	-0.424	0.424
  7543	-0.213143	-0.424	0.424
  7544	-0.233832	-0.424	0.424
  7545	-0.194361	-0.424	0.424
  7546	-0.2085	-0.424	0.424
  7547	-0.178774	-0.424	0.424
  7548	-0.202827	-0.424	0.424
  7549	-0.174633	-0.424	0.424
  7550	-0.192159	-0.424	0.424
  7551	-0.195486	-0.424	0.424
  7552	-0.187648	-0.424	0.424
  7553	-0.181381	-0.424	0.424
  7554	-0.201387	-0.424	0.424
  7555	-0.214633	-0.424	0.424
  7556	-0.13427	-0.424	0.424
  7557	-0.213876	-0.424	0.424
  7558	-0.213486	-0.424	0.424
  7559	-0.179622	-0.424	0.424
  7560	-0.224306	-0.424	0.424
  7561	-0.207349	-0.424	0.424
  7562	-0.227246	-0.424	0.424
  7563	-0.146895	-0.424	0.424
  7564	-0.216062	-0.424	0.424
  7565	-0.187446	-0.424	0.424
  7566	-0.182009	-0.424	0.424
  7567	-0.200784	-0.424	0.424
  7568	-0.207884	-0.424	0.424
  7569	-0.229746	-0.424	0.424
  7570	-0.210626	-0.424	0.424
  7571	-0.159343	-0.424	0.424
  7572	-0.197182	-0.424	0.424
  7573	-0.20156	-0.424	0.424
  7574	-0.197755	-0.424	0.424
  7575	-0.18788	-0.424	0.424
  7576	-0.224845	-0.424	0.424
  7577	-0.17741	-0.424	0.424
  7578	-0.210882	-0.424	0.424
  7579	-0.202489	-0.424	0.424
  7580	-0.174476	-0.424	0.424
  7581	-0.210108	-0.424	0.424
  7582	-0.181047	-0.424	0.424
  7583	-0.216255	-0.424	0.424
  7584	-0.208631	-0.424	0.424
  7585	-0.204479	-0.424	0.424
  7586	-0.184959	-0.424	0.424
  7587	-0.209586	-0.424	0.424
  7588	-0.212289	-0.424	0.424
  7589	-0.191387	-0.424	0.424
  7590	-0.184867	-0.424	0.424
  7591	-0.18751	-0.424	0.424
  7592	-0.222208	-0.424	0.424
  7593	-0.186876	-0.424	0.424
  7594	-0.17822	-0.424	0.424
  7595	-0.154721	-0.424	0.424
  7596	-0.203055	-0.424	0.424
  7597	-0.174618	-0.424	0.424
  7598	-0.195509	-0.424	0.424
  7599	-0.200972	-0.424	0.424
  7600	-0.205184	-0.424	0.424
  7601	-0.197019	-0.424	0.424
  7602	-0.214521	-0.424	0.424
  7603	-0.208058	-0.424	0.424
  7604	-0.192518	-0.424	0.424
  7605	-0.221149	-0.424	0.424
  7606	-0.185467	-0.424	0.424
  7607	-0.212024	-0.424	0.424
  7608	-0.205101	-0.424	0.424
  7609	-0.189012	-0.424	0.424
  7610	-0.195595	-0.424	0.424
  7611	-0.221587	-0.424	0.424
  7612	-0.218108	-0.424	0.424
  7613	-0.190603	-0.424	0.424
  7614	-0.219271	-0.424	0.424
  7615	-0.159497	-0.424	0.424
  7616	-0.208425	-0.424	0.424
  7617	-0.198614	-0.424	0.424
  7618	-0.207541	-0.424	0.424
  7619	-0.170247	-0.424	0.424
  7620	-0.187926	-0.424	0.424
  7621	-0.198765	-0.424	0.424
  7622	-0.198375	-0.424	0.424
  7623	-0.160732	-0.424	0.424
  7624	-0.182087	-0.424	0.424
  7625	-0.168652	-0.424	0.424
  7626	-0.214868	-0.424	0.424
  7627	-0.201296	-0.424	0.424
  7628	-0.220182	-0.424	0.424
  7629	-0.18096	-0.424	0.424
  7630	-0.209889	-0.424	0.424
  7631	-0.188842	-0.424	0.424
  7632	-0.203424	-0.424	0.424
  7633	-0.165592	-0.424	0.424
  7634	-0.226825	-0.424	0.424
  7635	-0.20649	-0.424	0.424
  7636	-0.15382	-0.424	0.424
  7637	-0.185897	-0.424	0.424
  7638	-0.217989	-0.424	0.424
  7639	-0.156551	-0.424	0.424
  7640	-0.221013	-0.424	0.424
  7641	-0.20168	-0.424	0.424
  7642	-0.210885	-0.424	0.424
  7643	-0.20396	-0.424	0.424
  7644	-0.153703	-0.424	0.424
  7645	-0.227876	-0.424	0.424
  7646	-0.209952	-0.424	0.424
  7647	-0.179612	-0.424	0.424
  7648	-0.210819	-0.424	0.424
  7649	-0.210176	-0.424	0.424
  7650	-0.178414	-0.424	0.424
  7651	-0.179075	-0.424	0.424
  7652	-0.206599	-0.424	0.424
  7653	-0.164937	-0.424	0.424
  7654	-0.205902	-0.424	0.424
  7655	-0.187313	-0.424	0.424
  7656	-0.219622	-0.424	0.424
  7657	-0.196833	-0.424	0.424
  7658	-0.166791	-0.424	0.424
  7659	-0.203136	-0.424	0.424
  7660	-0.198103	-0.424	0.424
  7661	-0.210296	-0.424	0.424
  7662	-0.193387	-0.424	0.424
  7663	-0.20144	-0.424	0.424
  7664	-0.175808	-0.424	0.424
  7665	-0.206583	-0.424	0.424
  7666	-0.209592	-0.424	0.424
  7667	-0.180128	-0.424	0.424
  7668	-0.205855	-0.424	0.424
  7669	-0.222145	-0.424	0.424
  7670	-0.224458	-0.424	0.424
  7671	-0.212913	-0.424	0.424
  7672	-0.20767	-0.424	0.424
  7673	-0.208609	-0.424	0.424
  7674	-0.183864	-0.424	0.424
  7675	-0.183588	-0.424	0.424
  7676	-0.188045	-0.424	0.424
  7677	-0.202286	-0.424	0.424
  7678	-0.223929	-0.424	0.424
  7679	-0.216681	-0.424	0.424
  7680	-0.226651	-0.424	0.424
  7681	-0.191501	-0.424	0.424
  7682	-0.215248	-0.424	0.424
  7683	-0.169097	-0.424	0.424
  7684	-0.222639	-0.424	0.424
  7685	-0.187844	-0.424	0.424
  7686	-0.211897	-0.424	0.424
  7687	-0.220322	-0.424	0.424
  7688	-0.187175	-0.424	0.424
  7689	-0.189003	-0.424	0.424
  7690	-0.190239	-0.424	0.424
  7691	-0.186037	-0.424	0.424
  7692	-0.147906	-0.424	0.424
  7693	-0.173725	-0.424	0.424
  7694	-0.212521	-0.424	0.424
  7695	-0.175157	-0.424	0.424
  7696	-0.230087	-0.424	0.424
  7697	-0.217972	-0.424	0.424
  7698	-0.174624	-0.424	0.424
  7699	-0.197172	-0.424	0.424
  7700	-0.208255	-0.424	0.424
  7701	-0.199711	-0.424	0.424
  7702	-0.207053	-0.424	0.424
  7703	-0.185174	-0.424	0.424
  7704	-0.194502	-0.424	0.424
  7705	-0.188246	-0.424	0.424
  7706	-0.177016	-0.424	0.424
  7707	-0.186912	-0.424	0.424
  7708	-0.205918	-0.424	0.424
  7709	-0.213401	-0.424	0.424
  7710	-0.168005	-0.424	0.424
  7711	-0.215589	-0.424	0.424
  7712	-0.17397	-0.424	0.424
  7713	-0.198391	-0.424	0.424
  7714	-0.231274	-0.424	0.424
  7715	-0.160952	-0.424	0.424
  7716	-0.201776	-0.424	0.424
  7717	-0.225779	-0.424	0.424
  7718	-0.216265	-0.424	0.424
  7719	-0.185366	-0.424	0.424
  7720	-0.213967	-0.424	0.424
  7721	-0.194283	-0.424	0.424
  7722	-0.208587	-0.424	0.424
  7723	-0.186353	-0.424	0.424
  7724	-0.188013	-0.424	0.424
  7725	-0.20906	-0.424	0.424
  7726	-0.183602	-0.424	0.424
  7727	-0.1943	-0.424	0.424
  7728	-0.211168	-0.424	0.424
  7729	-0.134523	-0.424	0.424
  7730	-0.200693	-0.424	0.424
  7731	-0.163227	-0.424	0.424
  7732	-0.15629	-0.424	0.424
  7733	-0.184073	-0.424	0.424
  7734	-0.207679	-0.424	0.424
  7735	-0.173493	-0.424	0.424
  7736	-0.206079	-0.424	0.424
  7737	-0.140489	-0.424	0.424
  7738	-0.207599	-0.424	0.424
  7739	-0.170689	-0.424	0.424
  7740	-0.187964	-0.424	0.424
  7741	-0.201107	-0.424	0.424
  7742	-0.210229	-0.424	0.424
  7743	-0.213834	-0.424	0.424
  7744	-0.205961	-0.424	0.424
  7745	-0.192381	-0.424	0.424
  7746	-0.209795	-0.424	0.424
  7747	-0.190738	-0.424	0.424
  7748	-0.203679	-0.424	0.424
  7749	-0.185025	-0.424	0.424
  7750	-0.228191	-0.424	0.424
  7751	-0.201069	-0.424	0.424
  7752	-0.212865	-0.424	0.424
  7753	-0.212599	-0.424	0.424
  7754	-0.155362	-0.424	0.424
  7755	-0.20257	-0.424	0.424
  7756	-0.201873	-0.424	0.424
  7757	-0.195363	-0.424	0.424
  7758	-0.192794	-0.424	0.424
  7759	-0.21155	-0.424	0.424
  7760	-0.202391	-0.424	0.424
  7761	-0.149708	-0.424	0.424
  7762	-0.196333	-0.424	0.424
  7763	-0.205829	-0.424	0.424
  7764	-0.152645	-0.424	0.424
  7765	-0.22676	-0.424	0.424
  7766	-0.180286	-0.424	0.424
  7767	-0.160412	-0.424	0.424
  7768	-0.159937	-0.424	0.424
  7769	-0.211787	-0.424	0.424
  7770	-0.196761	-0.424	0.424
  7771	-0.215746	-0.424	0.424
  7772	-0.187729	-0.424	0.424
  7773	-0.15796	-0.424	0.424
  7774	-0.208882	-0.424	0.424
  7775	-0.216894	-0.424	0.424
  7776	-0.193324	-0.424	0.424
  7777	-0.200838	-0.424	0.424
  7778	-0.187338	-0.424	0.424
  7779	-0.185616	-0.424	0.424
  7780	-0.20944	-0.424	0.424
  7781	-0.168838	-0.424	0.424
  7782	-0.229127	-0.424	0.424
  7783	-0.211066	-0.424	0.424
  7784	-0.213961	-0.424	0.424
  7785	-0.166446	-0.424	0.424
  7786	-0.1867	-0.424	0.424
  7787	-0.214791	-0.424	0.424
  7788	-0.206694	-0.424	0.424
  7789	-0.195393	-0.424	0.424
  7790	-0.187457	-0.424	0.424
  7791	-0.192945	-0.424	0.424
  7792	-0.21719	-0.424	0.424
  7793	-0.215492	-0.424	0.424
  7794	-0.170295	-0.424	0.424
  7795	-0.208902	-0.424	0.424
  7796	-0.177692	-0.424	0.424
  7797	-0.195927	-0.424	0.424
  7798	-0.206987	-0.424	0.424
  7799	-0.202769	-0.424	0.424
  7800	-0.20167	-0.424	0.424
  7801	-0.198032	-0.424	0.424
  7802	-0.189381	-0.424	0.424
  7803	-0.184881	-0.424	0.424
  7804	-0.214579	-0.424	0.424
  7805	-0.179591	-0.424	0.424
  7806	-0.191372	-0.424	0.424
  7807	-0.187797	-0.424	0.424
  7808	-0.19032	-0.424	0.424
  7809	-0.188727	-0.424	0.424
  7810	-0.203859	-0.424	0.424
  7811	-0.205293	-0.424	0.424
  7812	-0.228071	-0.424	0.424
  7813	-0.180457	-0.424	0.424
  7814	-0.164773	-0.424	0.424
  7815	-0.215337	-0.424	0.424
  7816	-0.229182	-0.424	0.424
  7817	-0.209056	-0.424	0.424
  7818	-0.21182	-0.424	0.424
  7819	-0.200186	-0.424	0.424
  7820	-0.217316	-0.424	0.424
  7821	-0.188723	-0.424	0.424
  7822	-0.18299	-0.424	0.424
  7823	-0.197087	-0.424	0.424
  7824	-0.194019	-0.424	0.424
  7825	-0.201913	-0.424	0.424
  7826	-0.188723	-0.424	0.424
  7827	-0.187145	-0.424	0.424
  7828	-0.187233	-0.424	0.424
  7829	-0.183435	-0.424	0.424
  7830	-0.19518	-0.424	0.424
  7831	-0.186613	-0.424	0.424
  7832	-0.211353	-0.424	0.424
  7833	-0.208765	-0.424	0.424
  7834	-0.201888	-0.424	0.424
  7835	-0.186915	-0.424	0.424
  7836	-0.21192	-0.424	0.424
  7837	-0.196811	-0.424	0.424
  7838	-0.198939	-0.424	0.424
  7839	-0.209611	-0.424	0.424
  7840	-0.193035	-0.424	0.424
  7841	-0.17398	-0.424	0.424
  7842	-0.204033	-0.424	0.424
  7843	-0.18901	-0.424	0.424
  7844	-0.220976	-0.424	0.424
  7845	-0.173332	-0.424	0.424
  7846	-0.197678	-0.424	0.424
  7847	-0.200192	-0.424	0.424
  7848	-0.184578	-0.424	0.424
  7849	-0.209227	-0.424	0.424
  7850	-0.216093	-0.424	0.424
  7851	-0.19973	-0.424	0.424
  7852	-0.198308	-0.424	0.424
  7853	-0.200559	-0.424	0.424
  7854	-0.190222	-0.424	0.424
  7855	-0.196347	-0.424	0.424
  7856	-0.201465	-0.424	0.424
  7857	-0.212084	-0.424	0.424
  7858	-0.212525	-0.424	0.424
  7859	-0.176513	-0.424	0.424
  7860	-0.21045	-0.424	0.424
  7861	-0.208946	-0.424	0.424
  7862	-0.225532	-0.424	0.424
  7863	-0.186654	-0.424	0.424
  7864	-0.185412	-0.424	0.424
  7865	-0.203233	-0.424	0.424
  7866	-0.226133	-0.424	0.424
  7867	-0.197294	-0.424	0.424
  7868	-0.209169	-0.424	0.424
  7869	-0.187567	-0.424	0.424
  7870	-0.165183	-0.424	0.424
  7871	-0.217181	-0.424	0.424
  7872	-0.216462	-0.424	0.424
  7873	-0.204252	-0.424	0.424
  7874	-0.169679	-0.424	0.424
  7875	-0.223022	-0.424	0.424
  7876	-0.225664	-0.424	0.424
  7877	-0.199953	-0.424	0.424
  7878	-0.192961	-0.424	0.424
  7879	-0.19201	-0.424	0.424
  7880	-0.181525	-0.424	0.424
  7881	-0.218211	-0.424	0.424
  7882	-0.200391	-0.424	0.424
  7883	-0.184309	-0.424	0.424
  7884	-0.199168	-0.424	0.424
  7885	-0.222692	-0.424	0.424
  7886	-0.170841	-0.424	0.424
  7887	-0.223002	-0.424	0.424
  7888	-0.189085	-0.424	0.424
  7889	-0.217131	-0.424	0.424
  7890	-0.206433	-0.424	0.424
  7891	-0.201456	-0.424	0.424
  7892	-0.213724	-0.424	0.424
  7893	-0.187073	-0.424	0.424
  7894	-0.198607	-0.424	0.424
  7895	-0.171894	-0.424	0.424
  7896	-0.197659	-0.424	0.424
  7897	-0.209975	-0.424	0.424
  7898	-0.219391	-0.424	0.424
  7899	-0.172876	-0.424	0.424
  7900	-0.22069	-0.424	0.424
  7901	-0.185202	-0.424	0.424
  7902	-0.202519	-0.424	0.424
  7903	-0.182092	-0.424	0.424
  7904	-0.18426	-0.424	0.424
  7905	-0.200008	-0.424	0.424
  7906	-0.208884	-0.424	0.424
  7907	-0.159892	-0.424	0.424
  7908	-0.191944	-0.424	0.424
  7909	-0.188036	-0.424	0.424
  7910	-0.195087	-0.424	0.424
  7911	-0.201166	-0.424	0.424
  7912	-0.21835	-0.424	0.424
  7913	-0.208431	-0.424	0.424
  7914	-0.168735	-0.424	0.424
  7915	-0.189065	-0.424	0.424
  7916	-0.181359	-0.424	0.424
  7917	-0.20598	-0.424	0.424
  7918	-0.187815	-0.424	0.424
  7919	-0.224131	-0.424	0.424
  7920	-0.202208	-0.424	0.424
  7921	-0.175685	-0.424	0.424
  7922	-0.214541	-0.424	0.424
  7923	-0.187224	-0.424	0.424
  7924	-0.203506	-0.424	0.424
  7925	-0.190092	-0.424	0.424
  7926	-0.200056	-0.424	0.424
  7927	-0.209853	-0.424	0.424
  7928	-0.200732	-0.424	0.424
  7929	-0.194426	-0.424	0.424
  7930	-0.189283	-0.424	0.424
  7931	-0.175523	-0.424	0.424
  7932	-0.196809	-0.424	0.424
  7933	-0.157359	-0.424	0.424
  7934	-0.19216	-0.424	0.424
  7935	-0.191922	-0.424	0.424
  7936	-0.184997	-0.424	0.424
  7937	-0.190405	-0.424	0.424
  7938	-0.210964	-0.424	0.424
  7939	-0.208767	-0.424	0.424
  7940	-0.211478	-0.424	0.424
  7941	-0.195683	-0.424	0.424
  7942	-0.18496	-0.424	0.424
  7943	-0.22135	-0.424	0.424
  7944	-0.212777	-0.424	0.424
  7945	-0.18266	-0.424	0.424
  7946	-0.193649	-0.424	0.424
  7947	-0.215746	-0.424	0.424
  7948	-0.210231	-0.424	0.424
  7949	-0.221185	-0.424	0.424
  7950	-0.229029	-0.424	0.424
  7951	-0.219738	-0.424	0.424
  7952	-0.207089	-0.424	0.424
  7953	-0.181293	-0.424	0.424
  7954	-0.203293	-0.424	0.424
  7955	-0.214988	-0.424	0.424
  7956	-0.206243	-0.424	0.424
  7957	-0.205764	-0.424	0.424
  7958	-0.166637	-0.424	0.424
  7959	-0.210481	-0.424	0.424
  7960	-0.205754	-0.424	0.424
  7961	-0.204748	-0.424	0.424
  7962	-0.189115	-0.424	0.424
  7963	-0.202587	-0.424	0.424
  7964	-0.19833	-0.424	0.424
  7965	-0.224607	-0.424	0.424
  7966	-0.190648	-0.424	0.424
  7967	-0.225477	-0.424	0.424
  7968	-0.202128	-0.424	0.424
  7969	-0.210158	-0.424	0.424
  7970	-0.223448	-0.424	0.424
  7971	-0.208389	-0.424	0.424
  7972	-0.20078	-0.424	0.424
  7973	-0.198513	-0.424	0.424
  7974	-0.214838	-0.424	0.424
  7975	-0.216722	-0.424	0.424
  7976	-0.196664	-0.424	0.424
  7977	-0.184051	-0.424	0.424
  7978	-0.213012	-0.424	0.424
  7979	-0.204926	-0.424	0.424
  7980	-0.171708	-0.424	0.424
  7981	-0.168124	-0.424	0.424
  7982	-0.206804	-0.424	0.424
  7983	-0.197838	-0.424	0.424
  7984	-0.221925	-0.424	0.424
  7985	-0.163363	-0.424	0.424
  7986	-0.193386	-0.424	0.424
  7987	-0.195338	-0.424	0.424
  7988	-0.188302	-0.424	0.424
  7989	-0.207431	-0.424	0.424
  7990	-0.206658	-0.424	0.424
  7991	-0.213395	-0.424	0.424
  7992	-0.223755	-0.424	0.424
  7993	-0.147767	-0.424	0.424
  7994	-0.223959	-0.424	0.424
  7995	-0.195526	-0.424	0.424
  7996	-0.200218	-0.424	0.424
  7997	-0.203891	-0.424	0.424
  7998	-0.147236	-0.424	0.424
  7999	-0.216375	-0.424	0.424
  8000	-0.215308	-0.424	0.424
  8001	-0.197249	-0.424	0.424
  8002	-0.189247	-0.424	0.424
  8003	-0.178857	-0.424	0.424
  8004	-0.211504	-0.424	0.424
  8005	-0.153292	-0.424	0.424
  8006	-0.202361	-0.424	0.424
  8007	-0.203247	-0.424	0.424
  8008	-0.200217	-0.424	0.424
  8009	-0.19321	-0.424	0.424
  8010	-0.175023	-0.424	0.424
  8011	-0.208542	-0.424	0.424
  8012	-0.209077	-0.424	0.424
  8013	-0.220461	-0.424	0.424
  8014	-0.163939	-0.424	0.424
  8015	-0.214074	-0.424	0.424
  8016	-0.204418	-0.424	0.424
  8017	-0.199923	-0.424	0.424
  8018	-0.214862	-0.424	0.424
  8019	-0.181268	-0.424	0.424
  8020	-0.200551	-0.424	0.424
  8021	-0.197098	-0.424	0.424
  8022	-0.195654	-0.424	0.424
  8023	-0.193331	-0.424	0.424
  8024	-0.184674	-0.424	0.424
  8025	-0.181784	-0.424	0.424
  8026	-0.206482	-0.424	0.424
  8027	-0.191037	-0.424	0.424
  8028	-0.202825	-0.424	0.424
  8029	-0.228285	-0.424	0.424
  8030	-0.181102	-0.424	0.424
  8031	-0.161111	-0.424	0.424
  8032	-0.201949	-0.424	0.424
  8033	-0.197777	-0.424	0.424
  8034	-0.22167	-0.424	0.424
  8035	-0.186269	-0.424	0.424
  8036	-0.178826	-0.424	0.424
  8037	-0.163327	-0.424	0.424
  8038	-0.207338	-0.424	0.424
  8039	-0.167661	-0.424	0.424
  8040	-0.212276	-0.424	0.424
  8041	-0.203927	-0.424	0.424
  8042	-0.163338	-0.424	0.424
  8043	-0.158353	-0.424	0.424
  8044	-0.164434	-0.424	0.424
  8045	-0.20504	-0.424	0.424
  8046	-0.192392	-0.424	0.424
  8047	-0.218419	-0.424	0.424
  8048	-0.225243	-0.424	0.424
  8049	-0.205965	-0.424	0.424
  8050	-0.151939	-0.424	0.424
  8051	-0.186639	-0.424	0.424
  8052	-0.214723	-0.424	0.424
  8053	-0.188147	-0.424	0.424
  8054	-0.197189	-0.424	0.424
  8055	-0.19117	-0.424	0.424
  8056	-0.204772	-0.424	0.424
  8057	-0.214348	-0.424	0.424
  8058	-0.193877	-0.424	0.424
  8059	-0.168707	-0.424	0.424
  8060	-0.19196	-0.424	0.424
  8061	-0.178498	-0.424	0.424
  8062	-0.206636	-0.424	0.424
  8063	-0.161034	-0.424	0.424
  8064	-0.16577	-0.424	0.424
  8065	-0.172691	-0.424	0.424
  8066	-0.228388	-0.424	0.424
  8067	-0.196958	-0.424	0.424
  8068	-0.161766	-0.424	0.424
  8069	-0.216958	-0.424	0.424
  8070	-0.198207	-0.424	0.424
  8071	-0.223681	-0.424	0.424
  8072	-0.20862	-0.424	0.424
  8073	-0.214026	-0.424	0.424
  8074	-0.201165	-0.424	0.424
  8075	-0.180311	-0.424	0.424
  8076	-0.190275	-0.424	0.424
  8077	-0.217871	-0.424	0.424
  8078	-0.188028	-0.424	0.424
  8079	-0.197814	-0.424	0.424
  8080	-0.206636	-0.424	0.424
  8081	-0.224581	-0.424	0.424
  8082	-0.213438	-0.424	0.424
  8083	-0.205956	-0.424	0.424
  8084	-0.209762	-0.424	0.424
  8085	-0.194325	-0.424	0.424
  8086	-0.193045	-0.424	0.424
  8087	-0.198274	-0.424	0.424
  8088	-0.197564	-0.424	0.424
  8089	-0.183277	-0.424	0.424
  8090	-0.16638	-0.424	0.424
  8091	-0.197773	-0.424	0.424
  8092	-0.196862	-0.424	0.424
  8093	-0.197046	-0.424	0.424
  8094	-0.182337	-0.424	0.424
  8095	-0.197334	-0.424	0.424
  8096	-0.171059	-0.424	0.424
  8097	-0.182238	-0.424	0.424
  8098	-0.196068	-0.424	0.424
  8099	-0.169309	-0.424	0.424
  8100	-0.201957	-0.424	0.424
  8101	-0.188927	-0.424	0.424
  8102	-0.204242	-0.424	0.424
  8103	-0.214908	-0.424	0.424
  8104	-0.204604	-0.424	0.424
  8105	-0.206787	-0.424	0.424
  8106	-0.182529	-0.424	0.424
  8107	-0.194665	-0.424	0.424
  8108	-0.225891	-0.424	0.424
  8109	-0.203498	-0.424	0.424
  8110	-0.224176	-0.424	0.424
  8111	-0.22436	-0.424	0.424
  8112	-0.22711	-0.424	0.424
  8113	-0.151553	-0.424	0.424
  8114	-0.176926	-0.424	0.424
  8115	-0.175079	-0.424	0.424
  8116	-0.155559	-0.424	0.424
  8117	-0.208587	-0.424	0.424
  8118	-0.210544	-0.424	0.424
  8119	-0.176368	-0.424	0.424
  8120	-0.17952	-0.424	0.424
  8121	-0.208255	-0.424	0.424
  8122	-0.226312	-0.424	0.424
  8123	-0.189891	-0.424	0.424
  8124	-0.202152	-0.424	0.424
  8125	-0.197784	-0.424	0.424
  8126	-0.19272	-0.424	0.424
  8127	-0.219438	-0.424	0.424
  8128	-0.205064	-0.424	0.424
  8129	-0.21528	-0.424	0.424
  8130	-0.142353	-0.424	0.424
  8131	-0.185449	-0.424	0.424
  8132	-0.199327	-0.424	0.424
  8133	-0.184267	-0.424	0.424
  8134	-0.172264	-0.424	0.424
  8135	-0.199442	-0.424	0.424
  8136	-0.206978	-0.424	0.424
  8137	-0.209933	-0.424	0.424
  8138	-0.212993	-0.424	0.424
  8139	-0.162892	-0.424	0.424
  8140	-0.224294	-0.424	0.424
  8141	-0.1899	-0.424	0.424
  8142	-0.193086	-0.424	0.424
  8143	-0.220939	-0.424	0.424
  8144	-0.188352	-0.424	0.424
  8145	-0.224391	-0.424	0.424
  8146	-0.213111	-0.424	0.424
  8147	-0.217776	-0.424	0.424
  8148	-0.226425	-0.424	0.424
  8149	-0.219089	-0.424	0.424
  8150	-0.169372	-0.424	0.424
  8151	-0.185555	-0.424	0.424
  8152	-0.22384	-0.424	0.424
  8153	-0.171984	-0.424	0.424
  8154	-0.186227	-0.424	0.424
  8155	-0.176037	-0.424	0.424
  8156	-0.169703	-0.424	0.424
  8157	-0.232042	-0.424	0.424
  8158	-0.143953	-0.424	0.424
  8159	-0.188697	-0.424	0.424
  8160	-0.16911	-0.424	0.424
  8161	-0.20997	-0.424	0.424
  8162	-0.18863	-0.424	0.424
  8163	-0.194879	-0.424	0.424
  8164	-0.168128	-0.424	0.424
  8165	-0.22439	-0.424	0.424
  8166	-0.187306	-0.424	0.424
  8167	-0.220213	-0.424	0.424
  8168	-0.183323	-0.424	0.424
  8169	-0.185298	-0.424	0.424
  8170	-0.222319	-0.424	0.424
  8171	-0.206628	-0.424	0.424
  8172	-0.176496	-0.424	0.424
  8173	-0.18973	-0.424	0.424
  8174	-0.154765	-0.424	0.424
  8175	-0.199776	-0.424	0.424
  8176	-0.213341	-0.424	0.424
  8177	-0.190008	-0.424	0.424
  8178	-0.176768	-0.424	0.424
  8179	-0.184475	-0.424	0.424
  8180	-0.186316	-0.424	0.424
  8181	-0.196218	-0.424	0.424
  8182	-0.185552	-0.424	0.424
  8183	-0.176224	-0.424	0.424
  8184	-0.18889	-0.424	0.424
  8185	-0.180528	-0.424	0.424
  8186	-0.17763	-0.424	0.424
  8187	-0.183501	-0.424	0.424
  8188	-0.18811	-0.424	0.424
  8189	-0.195357	-0.424	0.424
  8190	-0.193123	-0.424	0.424
  8191	-0.198938	-0.424	0.424
  8192	-0.186649	-0.424	0.424
  8193	-0.182951	-0.424	0.424
  8194	-0.200387	-0.424	0.424
  8195	-0.204241	-0.424	0.424
  8196	-0.219527	-0.424	0.424
  8197	-0.189117	-0.424	0.424
  8198	-0.185844	-0.424	0.424
  8199	-0.207844	-0.424	0.424
  8200	-0.161687	-0.424	0.424
  8201	-0.195762	-0.424	0.424
  8202	-0.206005	-0.424	0.424
  8203	-0.201926	-0.424	0.424
  8204	-0.179545	-0.424	0.424
  8205	-0.206823	-0.424	0.424
  8206	-0.201525	-0.424	0.424
  8207	-0.186022	-0.424	0.424
  8208	-0.178234	-0.424	0.424
  8209	-0.188817	-0.424	0.424
  8210	-0.21298	-0.424	0.424
  8211	-0.200197	-0.424	0.424
  8212	-0.199613	-0.424	0.424
  8213	-0.18148	-0.424	0.424
  8214	-0.217969	-0.424	0.424
  8215	-0.194651	-0.424	0.424
  8216	-0.211249	-0.424	0.424
  8217	-0.202676	-0.424	0.424
  8218	-0.207438	-0.424	0.424
  8219	-0.149612	-0.424	0.424
  8220	-0.221601	-0.424	0.424
  8221	-0.191354	-0.424	0.424
  8222	-0.183663	-0.424	0.424
  8223	-0.212026	-0.424	0.424
  8224	-0.164038	-0.424	0.424
  8225	-0.189272	-0.424	0.424
  8226	-0.22189	-0.424	0.424
  8227	-0.176019	-0.424	0.424
  8228	-0.201526	-0.424	0.424
  8229	-0.19452	-0.424	0.424
  8230	-0.209492	-0.424	0.424
  8231	-0.201948	-0.424	0.424
  8232	-0.206256	-0.424	0.424
  8233	-0.215273	-0.424	0.424
  8234	-0.196153	-0.424	0.424
  8235	-0.197523	-0.424	0.424
  8236	-0.188668	-0.424	0.424
  8237	-0.223468	-0.424	0.424
  8238	-0.194249	-0.424	0.424
  8239	-0.204979	-0.424	0.424
  8240	-0.195704	-0.424	0.424
  8241	-0.209344	-0.424	0.424
  8242	-0.200262	-0.424	0.424
  8243	-0.172217	-0.424	0.424
  8244	-0.200782	-0.424	0.424
  8245	-0.207712	-0.424	0.424
  8246	-0.192741	-0.424	0.424
  8247	-0.215142	-0.424	0.424
  8248	-0.162267	-0.424	0.424
  8249	-0.143466	-0.424	0.424
  8250	-0.200698	-0.424	0.424
  8251	-0.151948	-0.424	0.424
  8252	-0.177831	-0.424	0.424
  8253	-0.199852	-0.424	0.424
  8254	-0.198777	-0.424	0.424
  8255	-0.184919	-0.424	0.424
  8256	-0.211426	-0.424	0.424
  8257	-0.199294	-0.424	0.424
  8258	-0.199604	-0.424	0.424
  8259	-0.220697	-0.424	0.424
  8260	-0.213171	-0.424	0.424
  8261	-0.172772	-0.424	0.424
  8262	-0.203375	-0.424	0.424
  8263	-0.21552	-0.424	0.424
  8264	-0.201689	-0.424	0.424
  8265	-0.204717	-0.424	0.424
  8266	-0.219166	-0.424	0.424
  8267	-0.198895	-0.424	0.424
  8268	-0.167518	-0.424	0.424
  8269	-0.207286	-0.424	0.424
  8270	-0.219252	-0.424	0.424
  8271	-0.197151	-0.424	0.424
  8272	-0.21632	-0.424	0.424
  8273	-0.191736	-0.424	0.424
  8274	-0.203826	-0.424	0.424
  8275	-0.15299	-0.424	0.424
  8276	-0.174256	-0.424	0.424
  8277	-0.212221	-0.424	0.424
  8278	-0.209682	-0.424	0.424
  8279	-0.181225	-0.424	0.424
  8280	-0.188775	-0.424	0.424
  8281	-0.20492	-0.424	0.424
  8282	-0.219461	-0.424	0.424
  8283	-0.192109	-0.424	0.424
  8284	-0.198901	-0.424	0.424
  8285	-0.230319	-0.424	0.424
  8286	-0.186023	-0.424	0.424
  8287	-0.19188	-0.424	0.424
  8288	-0.198286	-0.424	0.424
  8289	-0.207854	-0.424	0.424
  8290	-0.186494	-0.424	0.424
  8291	-0.187474	-0.424	0.424
  8292	-0.188893	-0.424	0.424
  8293	-0.212383	-0.424	0.424
  8294	-0.210621	-0.424	0.424
  8295	-0.190233	-0.424	0.424
  8296	-0.207231	-0.424	0.424
  8297	-0.204459	-0.424	0.424
  8298	-0.175328	-0.424	0.424
  8299	-0.181355	-0.424	0.424
  8300	-0.210874	-0.424	0.424
  8301	-0.204883	-0.424	0.424
  8302	-0.199102	-0.424	0.424
  8303	-0.17243	-0.424	0.424
  8304	-0.208385	-0.424	0.424
  8305	-0.210956	-0.424	0.424
  8306	-0.181119	-0.424	0.424
  8307	-0.202237	-0.424	0.424
  8308	-0.166554	-0.424	0.424
  8309	-0.223249	-0.424	0.424
  8310	-0.224977	-0.424	0.424
  8311	-0.176235	-0.424	0.424
  8312	-0.220843	-0.424	0.424
  8313	-0.179997	-0.424	0.424
  8314	-0.208662	-0.424	0.424
  8315	-0.176554	-0.424	0.424
  8316	-0.190245	-0.424	0.424
  8317	-0.191174	-0.424	0.424
  8318	-0.195908	-0.424	0.424
  8319	-0.163952	-0.424	0.424
  8320	-0.18405	-0.424	0.424
  8321	-0.178532	-0.424	0.424
  8322	-0.210394	-0.424	0.424
  8323	-0.200345	-0.424	0.424
  8324	-0.216355	-0.424	0.424
  8325	-0.201797	-0.424	0.424
  8326	-0.179341	-0.424	0.424
  8327	-0.179313	-0.424	0.424
  8328	-0.206522	-0.424	0.424
  8329	-0.186446	-0.424	0.424
  8330	-0.228996	-0.424	0.424
  8331	-0.202635	-0.424	0.424
  8332	-0.202163	-0.424	0.424
  8333	-0.193476	-0.424	0.424
  8334	-0.176881	-0.424	0.424
  8335	-0.214895	-0.424	0.424
  8336	-0.220597	-0.424	0.424
  8337	-0.17123	-0.424	0.424
  8338	-0.181967	-0.424	0.424
  8339	-0.205874	-0.424	0.424
  8340	-0.194952	-0.424	0.424
  8341	-0.151808	-0.424	0.424
  8342	-0.190936	-0.424	0.424
  8343	-0.207288	-0.424	0.424
  8344	-0.212476	-0.424	0.424
  8345	-0.221431	-0.424	0.424
  8346	-0.195439	-0.424	0.424
  8347	-0.202093	-0.424	0.424
  8348	-0.183249	-0.424	0.424
  8349	-0.186224	-0.424	0.424
  8350	-0.152142	-0.424	0.424
  8351	-0.175962	-0.424	0.424
  8352	-0.196915	-0.424	0.424
  8353	-0.224856	-0.424	0.424
  8354	-0.174745	-0.424	0.424
  8355	-0.193427	-0.424	0.424
  8356	-0.172461	-0.424	0.424
  8357	-0.184698	-0.424	0.424
  8358	-0.209859	-0.424	0.424
  8359	-0.215757	-0.424	0.424
  8360	-0.171683	-0.424	0.424
  8361	-0.193235	-0.424	0.424
  8362	-0.217452	-0.424	0.424
  8363	-0.205776	-0.424	0.424
  8364	-0.184454	-0.424	0.424
  8365	-0.218935	-0.424	0.424
  8366	-0.193416	-0.424	0.424
  8367	-0.208245	-0.424	0.424
  8368	-0.196062	-0.424	0.424
  8369	-0.195862	-0.424	0.424
  8370	-0.181169	-0.424	0.424
  8371	-0.150368	-0.424	0.424
  8372	-0.191267	-0.424	0.424
  8373	-0.212353	-0.424	0.424
  8374	-0.187512	-0.424	0.424
  8375	-0.196224	-0.424	0.424
  8376	-0.22702	-0.424	0.424
  8377	-0.183966	-0.424	0.424
  8378	-0.189072	-0.424	0.424
  8379	-0.202307	-0.424	0.424
  8380	-0.203629	-0.424	0.424
  8381	-0.189012	-0.424	0.424
  8382	-0.181731	-0.424	0.424
  8383	-0.200603	-0.424	0.424
  8384	-0.209138	-0.424	0.424
  8385	-0.210237	-0.424	0.424
  8386	-0.163051	-0.424	0.424
  8387	-0.207922	-0.424	0.424
  8388	-0.176944	-0.424	0.424
  8389	-0.178419	-0.424	0.424
  8390	-0.168793	-0.424	0.424
  8391	-0.199318	-0.424	0.424
  8392	-0.192401	-0.424	0.424
  8393	-0.223236	-0.424	0.424
  8394	-0.176831	-0.424	0.424
  8395	-0.176992	-0.424	0.424
  8396	-0.175744	-0.424	0.424
  8397	-0.191513	-0.424	0.424
  8398	-0.199285	-0.424	0.424
  8399	-0.18053	-0.424	0.424
  8400	-0.193082	-0.424	0.424
  8401	-0.201833	-0.424	0.424
  8402	-0.221038	-0.424	0.424
  8403	-0.146228	-0.424	0.424
  8404	-0.203742	-0.424	0.424
  8405	-0.16861	-0.424	0.424
  8406	-0.187832	-0.424	0.424
  8407	-0.190714	-0.424	0.424
  8408	-0.220941	-0.424	0.424
  8409	-0.192465	-0.424	0.424
  8410	-0.184238	-0.424	0.424
  8411	-0.20487	-0.424	0.424
  8412	-0.212549	-0.424	0.424
  8413	-0.22451	-0.424	0.424
  8414	-0.191244	-0.424	0.424
  8415	-0.208157	-0.424	0.424
  8416	-0.20763	-0.424	0.424
  8417	-0.206101	-0.424	0.424
  8418	-0.197886	-0.424	0.424
  8419	-0.181339	-0.424	0.424
  8420	-0.226414	-0.424	0.424
  8421	-0.228206	-0.424	0.424
  8422	-0.229872	-0.424	0.424
  8423	-0.209948	-0.424	0.424
  8424	-0.218769	-0.424	0.424
  8425	-0.185788	-0.424	0.424
  8426	-0.174904	-0.424	0.424
  8427	-0.170959	-0.424	0.424
  8428	-0.209224	-0.424	0.424
  8429	-0.20164	-0.424	0.424
  8430	-0.205713	-0.424	0.424
  8431	-0.206521	-0.424	0.424
  8432	-0.204721	-0.424	0.424
  8433	-0.209696	-0.424	0.424
  8434	-0.20079	-0.424	0.424
  8435	-0.173424	-0.424	0.424
  8436	-0.180645	-0.424	0.424
  8437	-0.213726	-0.424	0.424
  8438	-0.198185	-0.424	0.424
  8439	-0.190264	-0.424	0.424
  8440	-0.209179	-0.424	0.424
  8441	-0.185479	-0.424	0.424
  8442	-0.199802	-0.424	0.424
  8443	-0.19631	-0.424	0.424
  8444	-0.201299	-0.424	0.424
  8445	-0.216769	-0.424	0.424
  8446	-0.175975	-0.424	0.424
  8447	-0.190751	-0.424	0.424
  8448	-0.220982	-0.424	0.424
  8449	-0.182359	-0.424	0.424
  8450	-0.209825	-0.424	0.424
  8451	-0.184442	-0.424	0.424
  8452	-0.148958	-0.424	0.424
  8453	-0.220736	-0.424	0.424
  8454	-0.189335	-0.424	0.424
  8455	-0.15141	-0.424	0.424
  8456	-0.197765	-0.424	0.424
  8457	-0.178242	-0.424	0.424
  8458	-0.186541	-0.424	0.424
  8459	-0.213229	-0.424	0.424
  8460	-0.202691	-0.424	0.424
  8461	-0.165204	-0.424	0.424
  8462	-0.222156	-0.424	0.424
  8463	-0.198854	-0.424	0.424
  8464	-0.181227	-0.424	0.424
  8465	-0.197509	-0.424	0.424
  8466	-0.213537	-0.424	0.424
  8467	-0.197102	-0.424	0.424
  8468	-0.211768	-0.424	0.424
  8469	-0.1636	-0.424	0.424
  8470	-0.21383	-0.424	0.424
  8471	-0.179021	-0.424	0.424
  8472	-0.197673	-0.424	0.424
  8473	-0.189575	-0.424	0.424
  8474	-0.214579	-0.424	0.424
  8475	-0.192476	-0.424	0.424
  8476	-0.159328	-0.424	0.424
  8477	-0.223355	-0.424	0.424
  8478	-0.184801	-0.424	0.424
  8479	-0.211853	-0.424	0.424
  8480	-0.220032	-0.424	0.424
  8481	-0.207881	-0.424	0.424
  8482	-0.225255	-0.424	0.424
  8483	-0.163582	-0.424	0.424
  8484	-0.172032	-0.424	0.424
  8485	-0.174759	-0.424	0.424
  8486	-0.189736	-0.424	0.424
  8487	-0.171273	-0.424	0.424
  8488	-0.174847	-0.424	0.424
  8489	-0.170564	-0.424	0.424
  8490	-0.218577	-0.424	0.424
  8491	-0.214344	-0.424	0.424
  8492	-0.206261	-0.424	0.424
  8493	-0.195201	-0.424	0.424
  8494	-0.178906	-0.424	0.424
  8495	-0.217731	-0.424	0.424
  8496	-0.173551	-0.424	0.424
  8497	-0.178301	-0.424	0.424
  8498	-0.191339	-0.424	0.424
  8499	-0.192523	-0.424	0.424
  8500	-0.214206	-0.424	0.424
  8501	-0.197734	-0.424	0.424
  8502	-0.22598	-0.424	0.424
  8503	-0.172573	-0.424	0.424
  8504	-0.227159	-0.424	0.424
  8505	-0.186121	-0.424	0.424
  8506	-0.207428	-0.424	0.424
  8507	-0.220459	-0.424	0.424
  8508	-0.21814	-0.424	0.424
  8509	-0.219548	-0.424	0.424
  8510	-0.148759	-0.424	0.424
  8511	-0.18063	-0.424	0.424
  8512	-0.219901	-0.424	0.424
  8513	-0.204301	-0.424	0.424
  8514	-0.201838	-0.424	0.424
  8515	-0.202178	-0.424	0.424
  8516	-0.225364	-0.424	0.424
  8517	-0.200795	-0.424	0.424
  8518	-0.198045	-0.424	0.424
  8519	-0.219486	-0.424	0.424
  8520	-0.203906	-0.424	0.424
  8521	-0.203448	-0.424	0.424
  8522	-0.186079	-0.424	0.424
  8523	-0.130966	-0.424	0.424
  8524	-0.220897	-0.424	0.424
  8525	-0.222623	-0.424	0.424
  8526	-0.192111	-0.424	0.424
  8527	-0.193329	-0.424	0.424
  8528	-0.19536	-0.424	0.424
  8529	-0.210375	-0.424	0.424
  8530	-0.202007	-0.424	0.424
  8531	-0.217301	-0.424	0.424
  8532	-0.188095	-0.424	0.424
  8533	-0.200796	-0.424	0.424
  8534	-0.175766	-0.424	0.424
  8535	-0.20874	-0.424	0.424
  8536	-0.187008	-0.424	0.424
  8537	-0.2023	-0.424	0.424
  8538	-0.1752	-0.424	0.424
  8539	-0.191915	-0.424	0.424
  8540	-0.152442	-0.424	0.424
  8541	-0.211654	-0.424	0.424
  8542	-0.209208	-0.424	0.424
  8543	-0.209061	-0.424	0.424
  8544	-0.200698	-0.424	0.424
  8545	-0.193481	-0.424	0.424
  8546	-0.210747	-0.424	0.424
  8547	-0.195052	-0.424	0.424
  8548	-0.183258	-0.424	0.424
  8549	-0.208068	-0.424	0.424
  8550	-0.203475	-0.424	0.424
  8551	-0.195775	-0.424	0.424
  8552	-0.198922	-0.424	0.424
  8553	-0.175772	-0.424	0.424
  8554	-0.185306	-0.424	0.424
  8555	-0.200052	-0.424	0.424
  8556	-0.214454	-0.424	0.424
  8557	-0.170487	-0.424	0.424
  8558	-0.188109	-0.424	0.424
  8559	-0.136291	-0.424	0.424
  8560	-0.188656	-0.424	0.424
  8561	-0.225132	-0.424	0.424
  8562	-0.15281	-0.424	0.424
  8563	-0.186741	-0.424	0.424
  8564	-0.211761	-0.424	0.424
  8565	-0.173352	-0.424	0.424
  8566	-0.196912	-0.424	0.424
  8567	-0.224012	-0.424	0.424
  8568	-0.179627	-0.424	0.424
  8569	-0.186654	-0.424	0.424
  8570	-0.200612	-0.424	0.424
  8571	-0.211245	-0.424	0.424
  8572	-0.218853	-0.424	0.424
  8573	-0.190762	-0.424	0.424
  8574	-0.175207	-0.424	0.424
  8575	-0.188638	-0.424	0.424
  8576	-0.201619	-0.424	0.424
  8577	-0.178843	-0.424	0.424
  8578	-0.206495	-0.424	0.424
  8579	-0.215005	-0.424	0.424
  8580	-0.157576	-0.424	0.424
  8581	-0.21869	-0.424	0.424
  8582	-0.187049	-0.424	0.424
  8583	-0.199029	-0.424	0.424
  8584	-0.186921	-0.424	0.424
  8585	-0.219393	-0.424	0.424
  8586	-0.166322	-0.424	0.424
  8587	-0.216037	-0.424	0.424
  8588	-0.181463	-0.424	0.424
  8589	-0.188103	-0.424	0.424
  8590	-0.202716	-0.424	0.424
  8591	-0.218086	-0.424	0.424
  8592	-0.147211	-0.424	0.424
  8593	-0.204678	-0.424	0.424
  8594	-0.209697	-0.424	0.424
  8595	-0.193004	-0.424	0.424
  8596	-0.188058	-0.424	0.424
  8597	-0.171517	-0.424	0.424
  8598	-0.206812	-0.424	0.424
  8599	-0.196163	-0.424	0.424
  8600	-0.149626	-0.424	0.424
  8601	-0.226233	-0.424	0.424
  8602	-0.187735	-0.424	0.424
  8603	-0.196295	-0.424	0.424
  8604	-0.205173	-0.424	0.424
  8605	-0.215497	-0.424	0.424
  8606	-0.192591	-0.424	0.424
  8607	-0.191653	-0.424	0.424
  8608	-0.176403	-0.424	0.424
  8609	-0.204428	-0.424	0.424
  8610	-0.190197	-0.424	0.424
  8611	-0.202599	-0.424	0.424
  8612	-0.184626	-0.424	0.424
  8613	-0.18777	-0.424	0.424
  8614	-0.203364	-0.424	0.424
  8615	-0.20623	-0.424	0.424
  8616	-0.141776	-0.424	0.424
  8617	-0.184105	-0.424	0.424
  8618	-0.189372	-0.424	0.424
  8619	-0.194699	-0.424	0.424
  8620	-0.174184	-0.424	0.424
  8621	-0.215645	-0.424	0.424
  8622	-0.2036	-0.424	0.424
  8623	-0.213724	-0.424	0.424
  8624	-0.209685	-0.424	0.424
  8625	-0.164898	-0.424	0.424
  8626	-0.20741	-0.424	0.424
  8627	-0.209123	-0.424	0.424
  8628	-0.142411	-0.424	0.424
  8629	-0.177024	-0.424	0.424
  8630	-0.200101	-0.424	0.424
  8631	-0.180151	-0.424	0.424
  8632	-0.142679	-0.424	0.424
  8633	-0.207237	-0.424	0.424
  8634	-0.21079	-0.424	0.424
  8635	-0.202381	-0.424	0.424
  8636	-0.224415	-0.424	0.424
  8637	-0.190614	-0.424	0.424
  8638	-0.179786	-0.424	0.424
  8639	-0.214167	-0.424	0.424
  8640	-0.215271	-0.424	0.424
  8641	-0.20623	-0.424	0.424
  8642	-0.196334	-0.424	0.424
  8643	-0.223071	-0.424	0.424
  8644	-0.206802	-0.424	0.424
  8645	-0.199602	-0.424	0.424
  8646	-0.181407	-0.424	0.424
  8647	-0.189224	-0.424	0.424
  8648	-0.187012	-0.424	0.424
  8649	-0.185252	-0.424	0.424
  8650	-0.195703	-0.424	0.424
  8651	-0.18703	-0.424	0.424
  8652	-0.159928	-0.424	0.424
  8653	-0.202969	-0.424	0.424
  8654	-0.193952	-0.424	0.424
  8655	-0.188902	-0.424	0.424
  8656	-0.181469	-0.424	0.424
  8657	-0.199364	-0.424	0.424
  8658	-0.175881	-0.424	0.424
  8659	-0.221468	-0.424	0.424
  8660	-0.179637	-0.424	0.424
  8661	-0.211444	-0.424	0.424
  8662	-0.201006	-0.424	0.424
  8663	-0.206747	-0.424	0.424
  8664	-0.217974	-0.424	0.424
  8665	-0.220371	-0.424	0.424
  8666	-0.18789	-0.424	0.424
  8667	-0.182983	-0.424	0.424
  8668	-0.21873	-0.424	0.424
  8669	-0.168364	-0.424	0.424
  8670	-0.221493	-0.424	0.424
  8671	-0.194096	-0.424	0.424
  8672	-0.187668	-0.424	0.424
  8673	-0.218169	-0.424	0.424
  8674	-0.20453	-0.424	0.424
  8675	-0.194135	-0.424	0.424
  8676	-0.202727	-0.424	0.424
  8677	-0.203377	-0.424	0.424
  8678	-0.204403	-0.424	0.424
  8679	-0.223791	-0.424	0.424
  8680	-0.171137	-0.424	0.424
  8681	-0.211807	-0.424	0.424
  8682	-0.204378	-0.424	0.424
  8683	-0.205195	-0.424	0.424
  8684	-0.179991	-0.424	0.424
  8685	-0.214056	-0.424	0.424
  8686	-0.203443	-0.424	0.424
  8687	-0.207311	-0.424	0.424
  8688	-0.194445	-0.424	0.424
  8689	-0.204215	-0.424	0.424
  8690	-0.201829	-0.424	0.424
  8691	-0.212709	-0.424	0.424
  8692	-0.174821	-0.424	0.424
  8693	-0.195142	-0.424	0.424
  8694	-0.210917	-0.424	0.424
  8695	-0.216353	-0.424	0.424
  8696	-0.197754	-0.424	0.424
  8697	-0.20499	-0.424	0.424
  8698	-0.179777	-0.424	0.424
  8699	-0.18757	-0.424	0.424
  8700	-0.188281	-0.424	0.424
  8701	-0.215438	-0.424	0.424
  8702	-0.194903	-0.424	0.424
  8703	-0.226495	-0.424	0.424
  8704	-0.165795	-0.424	0.424
  8705	-0.183193	-0.424	0.424
  8706	-0.212571	-0.424	0.424
  8707	-0.188386	-0.424	0.424
  8708	-0.181331	-0.424	0.424
  8709	-0.198002	-0.424	0.424
  8710	-0.208491	-0.424	0.424
  8711	-0.209698	-0.424	0.424
  8712	-0.190152	-0.424	0.424
  8713	-0.208762	-0.424	0.424
  8714	-0.203327	-0.424	0.424
  8715	-0.173517	-0.424	0.424
  8716	-0.143452	-0.424	0.424
  8717	-0.190754	-0.424	0.424
  8718	-0.198946	-0.424	0.424
  8719	-0.162174	-0.424	0.424
  8720	-0.176965	-0.424	0.424
  8721	-0.220676	-0.424	0.424
  8722	-0.187283	-0.424	0.424
  8723	-0.219196	-0.424	0.424
  8724	-0.196123	-0.424	0.424
  8725	-0.169004	-0.424	0.424
  8726	-0.214358	-0.424	0.424
  8727	-0.169298	-0.424	0.424
  8728	-0.188158	-0.424	0.424
  8729	-0.166738	-0.424	0.424
  8730	-0.17066	-0.424	0.424
  8731	-0.215865	-0.424	0.424
  8732	-0.211977	-0.424	0.424
  8733	-0.221832	-0.424	0.424
  8734	-0.217313	-0.424	0.424
  8735	-0.163748	-0.424	0.424
  8736	-0.181838	-0.424	0.424
  8737	-0.216982	-0.424	0.424
  8738	-0.219656	-0.424	0.424
  8739	-0.190705	-0.424	0.424
  8740	-0.224432	-0.424	0.424
  8741	-0.201461	-0.424	0.424
  8742	-0.205876	-0.424	0.424
  8743	-0.181177	-0.424	0.424
  8744	-0.197431	-0.424	0.424
  8745	-0.169443	-0.424	0.424
  8746	-0.226799	-0.424	0.424
  8747	-0.217354	-0.424	0.424
  8748	-0.215791	-0.424	0.424
  8749	-0.196727	-0.424	0.424
  8750	-0.214314	-0.424	0.424
  8751	-0.183481	-0.424	0.424
  8752	-0.220373	-0.424	0.424
  8753	-0.173372	-0.424	0.424
  8754	-0.182822	-0.424	0.424
  8755	-0.187971	-0.424	0.424
  8756	-0.206357	-0.424	0.424
  8757	-0.199364	-0.424	0.424
  8758	-0.199421	-0.424	0.424
  8759	-0.192571	-0.424	0.424
  8760	-0.205361	-0.424	0.424
  8761	-0.199952	-0.424	0.424
  8762	-0.198595	-0.424	0.424
  8763	-0.19743	-0.424	0.424
  8764	-0.208914	-0.424	0.424
  8765	-0.158832	-0.424	0.424
  8766	-0.193321	-0.424	0.424
  8767	-0.206525	-0.424	0.424
  8768	-0.215429	-0.424	0.424
  8769	-0.198983	-0.424	0.424
  8770	-0.213807	-0.424	0.424
  8771	-0.222247	-0.424	0.424
  8772	-0.170738	-0.424	0.424
  8773	-0.222276	-0.424	0.424
  8774	-0.142224	-0.424	0.424
  8775	-0.183648	-0.424	0.424
  8776	-0.212602	-0.424	0.424
  8777	-0.193712	-0.424	0.424
  8778	-0.191538	-0.424	0.424
  8779	-0.157438	-0.424	0.424
  8780	-0.184242	-0.424	0.424
  8781	-0.201962	-0.424	0.424
  8782	-0.198944	-0.424	0.424
  8783	-0.207124	-0.424	0.424
  8784	-0.18906	-0.424	0.424
  8785	-0.169732	-0.424	0.424
  8786	-0.215543	-0.424	0.424
  8787	-0.212972	-0.424	0.424
  8788	-0.185566	-0.424	0.424
  8789	-0.20979	-0.424	0.424
  8790	-0.201742	-0.424	0.424
  8791	-0.193142	-0.424	0.424
  8792	-0.207782	-0.424	0.424
  8793	-0.174814	-0.424	0.424
  8794	-0.140395	-0.424	0.424
  8795	-0.165949	-0.424	0.424
  8796	-0.18719	-0.424	0.424
  8797	-0.198057	-0.424	0.424
  8798	-0.178725	-0.424	0.424
  8799	-0.198441	-0.424	0.424
  8800	-0.198135	-0.424	0.424
  8801	-0.166541	-0.424	0.424
  8802	-0.224357	-0.424	0.424
  8803	-0.226364	-0.424	0.424
  8804	-0.208636	-0.424	0.424
  8805	-0.212744	-0.424	0.424
  8806	-0.220702	-0.424	0.424
  8807	-0.200417	-0.424	0.424
  8808	-0.182886	-0.424	0.424
  8809	-0.164038	-0.424	0.424
  8810	-0.205313	-0.424	0.424
  8811	-0.191887	-0.424	0.424
  8812	-0.176968	-0.424	0.424
  8813	-0.165548	-0.424	0.424
  8814	-0.194767	-0.424	0.424
  8815	-0.161439	-0.424	0.424
  8816	-0.201853	-0.424	0.424
  8817	-0.205904	-0.424	0.424
  8818	-0.183357	-0.424	0.424
  8819	-0.221783	-0.424	0.424
  8820	-0.206713	-0.424	0.424
  8821	-0.154453	-0.424	0.424
  8822	-0.196631	-0.424	0.424
  8823	-0.182518	-0.424	0.424
  8824	-0.182916	-0.424	0.424
  8825	-0.198745	-0.424	0.424
  8826	-0.142185	-0.424	0.424
  8827	-0.195004	-0.424	0.424
  8828	-0.20304	-0.424	0.424
  8829	-0.189033	-0.424	0.424
  8830	-0.22677	-0.424	0.424
  8831	-0.205298	-0.424	0.424
  8832	-0.207669	-0.424	0.424
  8833	-0.206207	-0.424	0.424
  8834	-0.189818	-0.424	0.424
  8835	-0.197838	-0.424	0.424
  8836	-0.20749	-0.424	0.424
  8837	-0.205535	-0.424	0.424
  8838	-0.191285	-0.424	0.424
  8839	-0.199507	-0.424	0.424
  8840	-0.170818	-0.424	0.424
  8841	-0.217652	-0.424	0.424
  8842	-0.203279	-0.424	0.424
  8843	-0.217513	-0.424	0.424
  8844	-0.214627	-0.424	0.424
  8845	-0.193492	-0.424	0.424
  8846	-0.194571	-0.424	0.424
  8847	-0.181584	-0.424	0.424
  8848	-0.188468	-0.424	0.424
  8849	-0.186452	-0.424	0.424
  8850	-0.167096	-0.424	0.424
  8851	-0.177435	-0.424	0.424
  8852	-0.212246	-0.424	0.424
  8853	-0.216261	-0.424	0.424
  8854	-0.215297	-0.424	0.424
  8855	-0.205749	-0.424	0.424
  8856	-0.176154	-0.424	0.424
  8857	-0.211756	-0.424	0.424
  8858	-0.174838	-0.424	0.424
  8859	-0.219212	-0.424	0.424
  8860	-0.201031	-0.424	0.424
  8861	-0.204727	-0.424	0.424
  8862	-0.179699	-0.424	0.424
  8863	-0.199761	-0.424	0.424
  8864	-0.22206	-0.424	0.424
  8865	-0.208526	-0.424	0.424
  8866	-0.218553	-0.424	0.424
  8867	-0.197158	-0.424	0.424
  8868	-0.18107	-0.424	0.424
  8869	-0.186886	-0.424	0.424
  8870	-0.179024	-0.424	0.424
  8871	-0.213803	-0.424	0.424
  8872	-0.184479	-0.424	0.424
  8873	-0.223989	-0.424	0.424
  8874	-0.219823	-0.424	0.424
  8875	-0.16926	-0.424	0.424
  8876	-0.174714	-0.424	0.424
  8877	-0.166748	-0.424	0.424
  8878	-0.20133	-0.424	0.424
  8879	-0.220621	-0.424	0.424
  8880	-0.136669	-0.424	0.424
  8881	-0.194966	-0.424	0.424
  8882	-0.226725	-0.424	0.424
  8883	-0.207534	-0.424	0.424
  8884	-0.211784	-0.424	0.424
  8885	-0.212007	-0.424	0.424
  8886	-0.134458	-0.424	0.424
  8887	-0.168112	-0.424	0.424
  8888	-0.203331	-0.424	0.424
  8889	-0.144483	-0.424	0.424
  8890	-0.214539	-0.424	0.424
  8891	-0.177462	-0.424	0.424
  8892	-0.205494	-0.424	0.424
  8893	-0.17221	-0.424	0.424
  8894	-0.173302	-0.424	0.424
  8895	-0.199248	-0.424	0.424
  8896	-0.18723	-0.424	0.424
  8897	-0.177509	-0.424	0.424
  8898	-0.193916	-0.424	0.424
  8899	-0.202398	-0.424	0.424
  8900	-0.152659	-0.424	0.424
  8901	-0.192684	-0.424	0.424
  8902	-0.185652	-0.424	0.424
  8903	-0.18001	-0.424	0.424
  8904	-0.220931	-0.424	0.424
  8905	-0.19034	-0.424	0.424
  8906	-0.192105	-0.424	0.424
  8907	-0.169544	-0.424	0.424
  8908	-0.183419	-0.424	0.424
  8909	-0.210235	-0.424	0.424
  8910	-0.200683	-0.424	0.424
  8911	-0.216732	-0.424	0.424
  8912	-0.202028	-0.424	0.424
  8913	-0.180135	-0.424	0.424
  8914	-0.188828	-0.424	0.424
  8915	-0.221835	-0.424	0.424
  8916	-0.156207	-0.424	0.424
  8917	-0.203852	-0.424	0.424
  8918	-0.188984	-0.424	0.424
  8919	-0.196048	-0.424	0.424
  8920	-0.227531	-0.424	0.424
  8921	-0.20136	-0.424	0.424
  8922	-0.219072	-0.424	0.424
  8923	-0.207641	-0.424	0.424
  8924	-0.230223	-0.424	0.424
  8925	-0.205899	-0.424	0.424
  8926	-0.199383	-0.424	0.424
  8927	-0.22235	-0.424	0.424
  8928	-0.177612	-0.424	0.424
  8929	-0.184006	-0.424	0.424
  8930	-0.215808	-0.424	0.424
  8931	-0.187784	-0.424	0.424
  8932	-0.192803	-0.424	0.424
  8933	-0.226652	-0.424	0.424
  8934	-0.200719	-0.424	0.424
  8935	-0.189635	-0.424	0.424
  8936	-0.217829	-0.424	0.424
  8937	-0.222209	-0.424	0.424
  8938	-0.191885	-0.424	0.424
  8939	-0.181706	-0.424	0.424
  8940	-0.213591	-0.424	0.424
  8941	-0.219592	-0.424	0.424
  8942	-0.217679	-0.424	0.424
  8943	-0.194921	-0.424	0.424
  8944	-0.220915	-0.424	0.424
  8945	-0.182421	-0.424	0.424
  8946	-0.210452	-0.424	0.424
  8947	-0.157275	-0.424	0.424
  8948	-0.208347	-0.424	0.424
  8949	-0.195458	-0.424	0.424
  8950	-0.206556	-0.424	0.424
  8951	-0.196168	-0.424	0.424
  8952	-0.215973	-0.424	0.424
  8953	-0.219257	-0.424	0.424
  8954	-0.212841	-0.424	0.424
  8955	-0.19992	-0.424	0.424
  8956	-0.186503	-0.424	0.424
  8957	-0.144007	-0.424	0.424
  8958	-0.153621	-0.424	0.424
  8959	-0.214209	-0.424	0.424
  8960	-0.20417	-0.424	0.424
  8961	-0.194613	-0.424	0.424
  8962	-0.196669	-0.424	0.424
  8963	-0.205091	-0.424	0.424
  8964	-0.203105	-0.424	0.424
  8965	-0.188726	-0.424	0.424
  8966	-0.190381	-0.424	0.424
  8967	-0.199306	-0.424	0.424
  8968	-0.192799	-0.424	0.424
  8969	-0.192376	-0.424	0.424
  8970	-0.203168	-0.424	0.424
  8971	-0.225158	-0.424	0.424
  8972	-0.213605	-0.424	0.424
  8973	-0.213971	-0.424	0.424
  8974	-0.179628	-0.424	0.424
  8975	-0.21229	-0.424	0.424
  8976	-0.185224	-0.424	0.424
  8977	-0.205369	-0.424	0.424
  8978	-0.177912	-0.424	0.424
  8979	-0.193835	-0.424	0.424
  8980	-0.196161	-0.424	0.424
  8981	-0.20863	-0.424	0.424
  8982	-0.219533	-0.424	0.424
  8983	-0.197246	-0.424	0.424
  8984	-0.181801	-0.424	0.424
  8985	-0.20267	-0.424	0.424
  8986	-0.209981	-0.424	0.424
  8987	-0.193439	-0.424	0.424
  8988	-0.206192	-0.424	0.424
  8989	-0.213378	-0.424	0.424
  8990	-0.165343	-0.424	0.424
  8991	-0.217579	-0.424	0.424
  8992	-0.210993	-0.424	0.424
  8993	-0.163916	-0.424	0.424
  8994	-0.196353	-0.424	0.424
  8995	-0.202588	-0.424	0.424
  8996	-0.182355	-0.424	0.424
  8997	-0.213254	-0.424	0.424
  8998	-0.207547	-0.424	0.424
  8999	-0.189341	-0.424	0.424
  9000	-0.167101	-0.424	0.424
  9001	-0.173553	-0.424	0.424
  9002	-0.16326	-0.424	0.424
  9003	-0.2093	-0.424	0.424
  9004	-0.161621	-0.424	0.424
  9005	-0.224639	-0.424	0.424
  9006	-0.223179	-0.424	0.424
  9007	-0.188754	-0.424	0.424
  9008	-0.208734	-0.424	0.424
  9009	-0.182345	-0.424	0.424
  9010	-0.187287	-0.424	0.424
  9011	-0.177804	-0.424	0.424
  9012	-0.175939	-0.424	0.424
  9013	-0.202267	-0.424	0.424
  9014	-0.16655	-0.424	0.424
  9015	-0.206813	-0.424	0.424
  9016	-0.195132	-0.424	0.424
  9017	-0.226466	-0.424	0.424
  9018	-0.203625	-0.424	0.424
  9019	-0.216639	-0.424	0.424
  9020	-0.214059	-0.424	0.424
  9021	-0.214066	-0.424	0.424
  9022	-0.158982	-0.424	0.424
  9023	-0.20611	-0.424	0.424
  9024	-0.19972	-0.424	0.424
  9025	-0.194578	-0.424	0.424
  9026	-0.197755	-0.424	0.424
  9027	-0.206784	-0.424	0.424
  9028	-0.210389	-0.424	0.424
  9029	-0.211265	-0.424	0.424
  9030	-0.175746	-0.424	0.424
  9031	-0.191342	-0.424	0.424
  9032	-0.196911	-0.424	0.424
  9033	-0.183814	-0.424	0.424
  9034	-0.18585	-0.424	0.424
  9035	-0.198383	-0.424	0.424
  9036	-0.215963	-0.424	0.424
  9037	-0.212933	-0.424	0.424
  9038	-0.145541	-0.424	0.424
  9039	-0.163677	-0.424	0.424
  9040	-0.17522	-0.424	0.424
  9041	-0.192568	-0.424	0.424
  9042	-0.195518	-0.424	0.424
  9043	-0.171113	-0.424	0.424
  9044	-0.217203	-0.424	0.424
  9045	-0.177932	-0.424	0.424
  9046	-0.190755	-0.424	0.424
  9047	-0.169959	-0.424	0.424
  9048	-0.148954	-0.424	0.424
  9049	-0.221147	-0.424	0.424
  9050	-0.178323	-0.424	0.424
  9051	-0.181447	-0.424	0.424
  9052	-0.215046	-0.424	0.424
  9053	-0.211604	-0.424	0.424
  9054	-0.159913	-0.424	0.424
  9055	-0.193131	-0.424	0.424
  9056	-0.203633	-0.424	0.424
  9057	-0.190253	-0.424	0.424
  9058	-0.21414	-0.424	0.424
  9059	-0.209371	-0.424	0.424
  9060	-0.211031	-0.424	0.424
  9061	-0.128464	-0.424	0.424
  9062	-0.221522	-0.424	0.424
  9063	-0.185122	-0.424	0.424
  9064	-0.21458	-0.424	0.424
  9065	-0.202968	-0.424	0.424
  9066	-0.188751	-0.424	0.424
  9067	-0.216241	-0.424	0.424
  9068	-0.197702	-0.424	0.424
  9069	-0.220362	-0.424	0.424
  9070	-0.163952	-0.424	0.424
  9071	-0.18445	-0.424	0.424
  9072	-0.220429	-0.424	0.424
  9073	-0.19143	-0.424	0.424
  9074	-0.210957	-0.424	0.424
  9075	-0.15784	-0.424	0.424
  9076	-0.202068	-0.424	0.424
  9077	-0.148566	-0.424	0.424
  9078	-0.219765	-0.424	0.424
  9079	-0.16632	-0.424	0.424
  9080	-0.226749	-0.424	0.424
  9081	-0.182768	-0.424	0.424
  9082	-0.206339	-0.424	0.424
  9083	-0.212519	-0.424	0.424
  9084	-0.186104	-0.424	0.424
  9085	-0.214325	-0.424	0.424
  9086	-0.223309	-0.424	0.424
  9087	-0.199975	-0.424	0.424
  9088	-0.211613	-0.424	0.424
  9089	-0.183851	-0.424	0.424
  9090	-0.206039	-0.424	0.424
  9091	-0.22735	-0.424	0.424
  9092	-0.187657	-0.424	0.424
  9093	-0.210482	-0.424	0.424
  9094	-0.188541	-0.424	0.424
  9095	-0.181589	-0.424	0.424
  9096	-0.193521	-0.424	0.424
  9097	-0.211733	-0.424	0.424
  9098	-0.199736	-0.424	0.424
  9099	-0.20846	-0.424	0.424
  9100	-0.216753	-0.424	0.424
  9101	-0.19749	-0.424	0.424
  9102	-0.214882	-0.424	0.424
  9103	-0.226272	-0.424	0.424
  9104	-0.182362	-0.424	0.424
  9105	-0.203014	-0.424	0.424
  9106	-0.149772	-0.424	0.424
  9107	-0.20984	-0.424	0.424
  9108	-0.204356	-0.424	0.424
  9109	-0.211361	-0.424	0.424
  9110	-0.195837	-0.424	0.424
  9111	-0.168977	-0.424	0.424
  9112	-0.166396	-0.424	0.424
  9113	-0.220523	-0.424	0.424
  9114	-0.210214	-0.424	0.424
  9115	-0.182683	-0.424	0.424
  9116	-0.180686	-0.424	0.424
  9117	-0.219372	-0.424	0.424
  9118	-0.20737	-0.424	0.424
  9119	-0.202229	-0.424	0.424
  9120	-0.194823	-0.424	0.424
  9121	-0.177954	-0.424	0.424
  9122	-0.144015	-0.424	0.424
  9123	-0.177856	-0.424	0.424
  9124	-0.201703	-0.424	0.424
  9125	-0.181337	-0.424	0.424
  9126	-0.217868	-0.424	0.424
  9127	-0.17919	-0.424	0.424
  9128	-0.190887	-0.424	0.424
  9129	-0.187744	-0.424	0.424
  9130	-0.197038	-0.424	0.424
  9131	-0.220987	-0.424	0.424
  9132	-0.220077	-0.424	0.424
  9133	-0.205186	-0.424	0.424
  9134	-0.199214	-0.424	0.424
  9135	-0.222014	-0.424	0.424
  9136	-0.197451	-0.424	0.424
  9137	-0.20837	-0.424	0.424
  9138	-0.18923	-0.424	0.424
  9139	-0.166701	-0.424	0.424
  9140	-0.166892	-0.424	0.424
  9141	-0.201095	-0.424	0.424
  9142	-0.215559	-0.424	0.424
  9143	-0.173948	-0.424	0.424
  9144	-0.187761	-0.424	0.424
  9145	-0.168873	-0.424	0.424
  9146	-0.200662	-0.424	0.424
  9147	-0.210213	-0.424	0.424
  9148	-0.156847	-0.424	0.424
  9149	-0.164329	-0.424	0.424
  9150	-0.186514	-0.424	0.424
  9151	-0.209179	-0.424	0.424
  9152	-0.216597	-0.424	0.424
  9153	-0.207767	-0.424	0.424
  9154	-0.226993	-0.424	0.424
  9155	-0.187203	-0.424	0.424
  9156	-0.207031	-0.424	0.424
  9157	-0.218615	-0.424	0.424
  9158	-0.190695	-0.424	0.424
  9159	-0.19402	-0.424	0.424
  9160	-0.181289	-0.424	0.424
  9161	-0.190974	-0.424	0.424
  9162	-0.17364	-0.424	0.424
  9163	-0.158711	-0.424	0.424
  9164	-0.177308	-0.424	0.424
  9165	-0.195669	-0.424	0.424
  9166	-0.214041	-0.424	0.424
  9167	-0.17511	-0.424	0.424
  9168	-0.179812	-0.424	0.424
  9169	-0.193125	-0.424	0.424
  9170	-0.163837	-0.424	0.424
  9171	-0.171955	-0.424	0.424
  9172	-0.191913	-0.424	0.424
  9173	-0.187139	-0.424	0.424
  9174	-0.20695	-0.424	0.424
  9175	-0.183132	-0.424	0.424
  9176	-0.157861	-0.424	0.424
  9177	-0.215737	-0.424	0.424
  9178	-0.200383	-0.424	0.424
  9179	-0.210521	-0.424	0.424
  9180	-0.210837	-0.424	0.424
  9181	-0.14312	-0.424	0.424
  9182	-0.208467	-0.424	0.424
  9183	-0.174651	-0.424	0.424
  9184	-0.203493	-0.424	0.424
  9185	-0.190146	-0.424	0.424
  9186	-0.208262	-0.424	0.424
  9187	-0.211176	-0.424	0.424
  9188	-0.173192	-0.424	0.424
  9189	-0.182153	-0.424	0.424
  9190	-0.149263	-0.424	0.424
  9191	-0.22366	-0.424	0.424
  9192	-0.192932	-0.424	0.424
  9193	-0.179469	-0.424	0.424
  9194	-0.204951	-0.424	0.424
  9195	-0.189005	-0.424	0.424
  9196	-0.169246	-0.424	0.424
  9197	-0.209889	-0.424	0.424
  9198	-0.213068	-0.424	0.424
  9199	-0.207833	-0.424	0.424
  9200	-0.186194	-0.424	0.424
  9201	-0.224116	-0.424	0.424
  9202	-0.182287	-0.424	0.424
  9203	-0.188812	-0.424	0.424
  9204	-0.179568	-0.424	0.424
  9205	-0.219173	-0.424	0.424
  9206	-0.216955	-0.424	0.424
  9207	-0.21292	-0.424	0.424
  9208	-0.204578	-0.424	0.424
  9209	-0.218514	-0.424	0.424
  9210	-0.207651	-0.424	0.424
  9211	-0.218122	-0.424	0.424
  9212	-0.204959	-0.424	0.424
  9213	-0.197726	-0.424	0.424
  9214	-0.210013	-0.424	0.424
  9215	-0.201679	-0.424	0.424
  9216	-0.197997	-0.424	0.424
  9217	-0.198995	-0.424	0.424
  9218	-0.201547	-0.424	0.424
  9219	-0.202818	-0.424	0.424
  9220	-0.212864	-0.424	0.424
  9221	-0.210907	-0.424	0.424
  9222	-0.203306	-0.424	0.424
  9223	-0.212458	-0.424	0.424
  9224	-0.189208	-0.424	0.424
  9225	-0.221838	-0.424	0.424
  9226	-0.203224	-0.424	0.424
  9227	-0.197533	-0.424	0.424
  9228	-0.200723	-0.424	0.424
  9229	-0.198005	-0.424	0.424
  9230	-0.185793	-0.424	0.424
  9231	-0.21804	-0.424	0.424
  9232	-0.213192	-0.424	0.424
  9233	-0.188604	-0.424	0.424
  9234	-0.216751	-0.424	0.424
  9235	-0.191612	-0.424	0.424
  9236	-0.219358	-0.424	0.424
  9237	-0.189864	-0.424	0.424
  9238	-0.210586	-0.424	0.424
  9239	-0.179757	-0.424	0.424
  9240	-0.204997	-0.424	0.424
  9241	-0.196207	-0.424	0.424
  9242	-0.206095	-0.424	0.424
  9243	-0.202819	-0.424	0.424
  9244	-0.183228	-0.424	0.424
  9245	-0.216931	-0.424	0.424
  9246	-0.192575	-0.424	0.424
  9247	-0.2123	-0.424	0.424
  9248	-0.189451	-0.424	0.424
  9249	-0.223091	-0.424	0.424
  9250	-0.214058	-0.424	0.424
  9251	-0.193421	-0.424	0.424
  9252	-0.201557	-0.424	0.424
  9253	-0.193147	-0.424	0.424
  9254	-0.226378	-0.424	0.424
  9255	-0.189745	-0.424	0.424
  9256	-0.187051	-0.424	0.424
  9257	-0.21376	-0.424	0.424
  9258	-0.202277	-0.424	0.424
  9259	-0.211857	-0.424	0.424
  9260	-0.206666	-0.424	0.424
  9261	-0.202654	-0.424	0.424
  9262	-0.155729	-0.424	0.424
  9263	-0.170805	-0.424	0.424
  9264	-0.209099	-0.424	0.424
  9265	-0.177715	-0.424	0.424
  9266	-0.192981	-0.424	0.424
  9267	-0.19729	-0.424	0.424
  9268	-0.191421	-0.424	0.424
  9269	-0.211082	-0.424	0.424
  9270	-0.192212	-0.424	0.424
  9271	-0.209187	-0.424	0.424
  9272	-0.211813	-0.424	0.424
  9273	-0.189442	-0.424	0.424
  9274	-0.19592	-0.424	0.424
  9275	-0.191834	-0.424	0.424
  9276	-0.173163	-0.424	0.424
  9277	-0.192705	-0.424	0.424
  9278	-0.223267	-0.424	0.424
  9279	-0.186045	-0.424	0.424
  9280	-0.168197	-0.424	0.424
  9281	-0.191287	-0.424	0.424
  9282	-0.214835	-0.424	0.424
  9283	-0.212744	-0.424	0.424
  9284	-0.199039	-0.424	0.424
  9285	-0.162362	-0.424	0.424
  9286	-0.203612	-0.424	0.424
  9287	-0.193354	-0.424	0.424
  9288	-0.217642	-0.424	0.424
  9289	-0.223581	-0.424	0.424
  9290	-0.204681	-0.424	0.424
  9291	-0.210904	-0.424	0.424
  9292	-0.186893	-0.424	0.424
  9293	-0.173121	-0.424	0.424
  9294	-0.169302	-0.424	0.424
  9295	-0.177172	-0.424	0.424
  9296	-0.204089	-0.424	0.424
  9297	-0.220006	-0.424	0.424
  9298	-0.197568	-0.424	0.424
  9299	-0.211353	-0.424	0.424
  9300	-0.200586	-0.424	0.424
  9301	-0.184297	-0.424	0.424
  9302	-0.205062	-0.424	0.424
  9303	-0.2092	-0.424	0.424
  9304	-0.171293	-0.424	0.424
  9305	-0.18252	-0.424	0.424
  9306	-0.20504	-0.424	0.424
  9307	-0.222075	-0.424	0.424
  9308	-0.196859	-0.424	0.424
  9309	-0.200213	-0.424	0.424
  9310	-0.171464	-0.424	0.424
  9311	-0.180549	-0.424	0.424
  9312	-0.228182	-0.424	0.424
  9313	-0.191606	-0.424	0.424
  9314	-0.202209	-0.424	0.424
  9315	-0.232307	-0.424	0.424
  9316	-0.211353	-0.424	0.424
  9317	-0.212681	-0.424	0.424
  9318	-0.205547	-0.424	0.424
  9319	-0.176873	-0.424	0.424
  9320	-0.175272	-0.424	0.424
  9321	-0.19722	-0.424	0.424
  9322	-0.169147	-0.424	0.424
  9323	-0.210743	-0.424	0.424
  9324	-0.195226	-0.424	0.424
  9325	-0.176458	-0.424	0.424
  9326	-0.176303	-0.424	0.424
  9327	-0.216796	-0.424	0.424
  9328	-0.205293	-0.424	0.424
  9329	-0.192216	-0.424	0.424
  9330	-0.184843	-0.424	0.424
  9331	-0.196052	-0.424	0.424
  9332	-0.209484	-0.424	0.424
  9333	-0.189384	-0.424	0.424
  9334	-0.186156	-0.424	0.424
  9335	-0.227829	-0.424	0.424
  9336	-0.183196	-0.424	0.424
  9337	-0.211007	-0.424	0.424
  9338	-0.195221	-0.424	0.424
  9339	-0.199072	-0.424	0.424
  9340	-0.211994	-0.424	0.424
  9341	-0.202349	-0.424	0.424
  9342	-0.212156	-0.424	0.424
  9343	-0.206783	-0.424	0.424
  9344	-0.17608	-0.424	0.424
  9345	-0.194104	-0.424	0.424
  9346	-0.170378	-0.424	0.424
  9347	-0.196732	-0.424	0.424
  9348	-0.223569	-0.424	0.424
  9349	-0.198342	-0.424	0.424
  9350	-0.21054	-0.424	0.424
  9351	-0.224984	-0.424	0.424
  9352	-0.210853	-0.424	0.424
  9353	-0.170051	-0.424	0.424
  9354	-0.188419	-0.424	0.424
  9355	-0.192318	-0.424	0.424
  9356	-0.166702	-0.424	0.424
  9357	-0.199551	-0.424	0.424
  9358	-0.20397	-0.424	0.424
  9359	-0.193869	-0.424	0.424
  9360	-0.220821	-0.424	0.424
  9361	-0.202503	-0.424	0.424
  9362	-0.206669	-0.424	0.424
  9363	-0.167297	-0.424	0.424
  9364	-0.170777	-0.424	0.424
  9365	-0.20143	-0.424	0.424
  9366	-0.155706	-0.424	0.424
  9367	-0.198513	-0.424	0.424
  9368	-0.210696	-0.424	0.424
  9369	-0.166155	-0.424	0.424
  9370	-0.216211	-0.424	0.424
  9371	-0.215797	-0.424	0.424
  9372	-0.197787	-0.424	0.424
  9373	-0.16819	-0.424	0.424
  9374	-0.15563	-0.424	0.424
  9375	-0.192199	-0.424	0.424
  9376	-0.223352	-0.424	0.424
  9377	-0.221094	-0.424	0.424
  9378	-0.182208	-0.424	0.424
  9379	-0.19649	-0.424	0.424
  9380	-0.183953	-0.424	0.424
  9381	-0.212839	-0.424	0.424
  9382	-0.218909	-0.424	0.424
  9383	-0.172553	-0.424	0.424
  9384	-0.168467	-0.424	0.424
  9385	-0.181275	-0.424	0.424
  9386	-0.198161	-0.424	0.424
  9387	-0.210177	-0.424	0.424
  9388	-0.20876	-0.424	0.424
  9389	-0.21612	-0.424	0.424
  9390	-0.204407	-0.424	0.424
  9391	-0.205601	-0.424	0.424
  9392	-0.14462	-0.424	0.424
  9393	-0.208501	-0.424	0.424
  9394	-0.160921	-0.424	0.424
  9395	-0.188961	-0.424	0.424
  9396	-0.202267	-0.424	0.424
  9397	-0.211855	-0.424	0.424
  9398	-0.17543	-0.424	0.424
  9399	-0.196125	-0.424	0.424
  9400	-0.18147	-0.424	0.424
  9401	-0.17914	-0.424	0.424
  9402	-0.204715	-0.424	0.424
  9403	-0.196319	-0.424	0.424
  9404	-0.21701	-0.424	0.424
  9405	-0.196043	-0.424	0.424
  9406	-0.224438	-0.424	0.424
  9407	-0.177799	-0.424	0.424
  9408	-0.216884	-0.424	0.424
  9409	-0.178444	-0.424	0.424
  9410	-0.208414	-0.424	0.424
  9411	-0.187288	-0.424	0.424
  9412	-0.216779	-0.424	0.424
  9413	-0.176098	-0.424	0.424
  9414	-0.203287	-0.424	0.424
  9415	-0.198457	-0.424	0.424
  9416	-0.214942	-0.424	0.424
  9417	-0.189836	-0.424	0.424
  9418	-0.204723	-0.424	0.424
  9419	-0.181955	-0.424	0.424
  9420	-0.176991	-0.424	0.424
  9421	-0.208381	-0.424	0.424
  9422	-0.197375	-0.424	0.424
  9423	-0.165807	-0.424	0.424
  9424	-0.188474	-0.424	0.424
  9425	-0.220228	-0.424	0.424
  9426	-0.21288	-0.424	0.424
  9427	-0.189201	-0.424	0.424
  9428	-0.179645	-0.424	0.424
  9429	-0.186103	-0.424	0.424
  9430	-0.181958	-0.424	0.424
  9431	-0.20897	-0.424	0.424
  9432	-0.216367	-0.424	0.424
  9433	-0.19469	-0.424	0.424
  9434	-0.150498	-0.424	0.424
  9435	-0.193554	-0.424	0.424
  9436	-0.224973	-0.424	0.424
  9437	-0.193913	-0.424	0.424
  9438	-0.205362	-0.424	0.424
  9439	-0.187596	-0.424	0.424
  9440	-0.191548	-0.424	0.424
  9441	-0.166683	-0.424	0.424
  9442	-0.2	-0.424	0.424
  9443	-0.185624	-0.424	0.424
  9444	-0.159828	-0.424	0.424
  9445	-0.19915	-0.424	0.424
  9446	-0.222057	-0.424	0.424
  9447	-0.201374	-0.424	0.424
  9448	-0.184758	-0.424	0.424
  9449	-0.203864	-0.424	0.424
  9450	-0.221705	-0.424	0.424
  9451	-0.16113	-0.424	0.424
  9452	-0.187614	-0.424	0.424
  9453	-0.155128	-0.424	0.424
  9454	-0.214045	-0.424	0.424
  9455	-0.219965	-0.424	0.424
  9456	-0.216695	-0.424	0.424
  9457	-0.217464	-0.424	0.424
  9458	-0.222513	-0.424	0.424
  9459	-0.193023	-0.424	0.424
  9460	-0.190326	-0.424	0.424
  9461	-0.15664	-0.424	0.424
  9462	-0.212478	-0.424	0.424
  9463	-0.14029	-0.424	0.424
  9464	-0.175952	-0.424	0.424
  9465	-0.21551	-0.424	0.424
  9466	-0.18494	-0.424	0.424
  9467	-0.19217	-0.424	0.424
  9468	-0.200123	-0.424	0.424
  9469	-0.18757	-0.424	0.424
  9470	-0.20905	-0.424	0.424
  9471	-0.213342	-0.424	0.424
  9472	-0.196183	-0.424	0.424
  9473	-0.212956	-0.424	0.424
  9474	-0.199437	-0.424	0.424
  9475	-0.175873	-0.424	0.424
  9476	-0.139174	-0.424	0.424
  9477	-0.20091	-0.424	0.424
  9478	-0.212881	-0.424	0.424
  9479	-0.209733	-0.424	0.424
  9480	-0.197729	-0.424	0.424
  9481	-0.181485	-0.424	0.424
  9482	-0.158121	-0.424	0.424
  9483	-0.214069	-0.424	0.424
  9484	-0.205763	-0.424	0.424
  9485	-0.174182	-0.424	0.424
  9486	-0.215748	-0.424	0.424
  9487	-0.197679	-0.424	0.424
  9488	-0.183276	-0.424	0.424
  9489	-0.21341	-0.424	0.424
  9490	-0.199894	-0.424	0.424
  9491	-0.20531	-0.424	0.424
  9492	-0.19267	-0.424	0.424
  9493	-0.179339	-0.424	0.424
  9494	-0.193632	-0.424	0.424
  9495	-0.225883	-0.424	0.424
  9496	-0.193572	-0.424	0.424
  9497	-0.214536	-0.424	0.424
  9498	-0.204415	-0.424	0.424
  9499	-0.196026	-0.424	0.424
  9500	-0.208947	-0.424	0.424
  9501	-0.185982	-0.424	0.424
  9502	-0.210761	-0.424	0.424
  9503	-0.20328	-0.424	0.424
  9504	-0.220867	-0.424	0.424
  9505	-0.165951	-0.424	0.424
  9506	-0.200985	-0.424	0.424
  9507	-0.209344	-0.424	0.424
  9508	-0.153723	-0.424	0.424
  9509	-0.171962	-0.424	0.424
  9510	-0.204749	-0.424	0.424
  9511	-0.226109	-0.424	0.424
  9512	-0.182852	-0.424	0.424
  9513	-0.214035	-0.424	0.424
  9514	-0.185636	-0.424	0.424
  9515	-0.187842	-0.424	0.424
  9516	-0.191191	-0.424	0.424
  9517	-0.200362	-0.424	0.424
  9518	-0.223236	-0.424	0.424
  9519	-0.190356	-0.424	0.424
  9520	-0.208672	-0.424	0.424
  9521	-0.228218	-0.424	0.424
  9522	-0.181543	-0.424	0.424
  9523	-0.172409	-0.424	0.424
  9524	-0.199865	-0.424	0.424
  9525	-0.202901	-0.424	0.424
  9526	-0.159312	-0.424	0.424
  9527	-0.161562	-0.424	0.424
  9528	-0.188252	-0.424	0.424
  9529	-0.214153	-0.424	0.424
  9530	-0.202933	-0.424	0.424
  9531	-0.190422	-0.424	0.424
  9532	-0.220323	-0.424	0.424
  9533	-0.218744	-0.424	0.424
  9534	-0.195529	-0.424	0.424
  9535	-0.20923	-0.424	0.424
  9536	-0.200739	-0.424	0.424
  9537	-0.208117	-0.424	0.424
  9538	-0.206722	-0.424	0.424
  9539	-0.171841	-0.424	0.424
  9540	-0.164291	-0.424	0.424
  9541	-0.200269	-0.424	0.424
  9542	-0.184202	-0.424	0.424
  9543	-0.226682	-0.424	0.424
  9544	-0.210563	-0.424	0.424
  9545	-0.202305	-0.424	0.424
  9546	-0.196807	-0.424	0.424
  9547	-0.215629	-0.424	0.424
  9548	-0.208736	-0.424	0.424
  9549	-0.206771	-0.424	0.424
  9550	-0.19523	-0.424	0.424
  9551	-0.204254	-0.424	0.424
  9552	-0.197523	-0.424	0.424
  9553	-0.204986	-0.424	0.424
  9554	-0.195254	-0.424	0.424
  9555	-0.18118	-0.424	0.424
  9556	-0.221265	-0.424	0.424
  9557	-0.189229	-0.424	0.424
  9558	-0.162914	-0.424	0.424
  9559	-0.220263	-0.424	0.424
  9560	-0.223624	-0.424	0.424
  9561	-0.20083	-0.424	0.424
  9562	-0.181575	-0.424	0.424
  9563	-0.1541	-0.424	0.424
  9564	-0.174956	-0.424	0.424
  9565	-0.20231	-0.424	0.424
  9566	-0.214302	-0.424	0.424
  9567	-0.204915	-0.424	0.424
  9568	-0.192249	-0.424	0.424
  9569	-0.203969	-0.424	0.424
  9570	-0.160038	-0.424	0.424
  9571	-0.175579	-0.424	0.424
  9572	-0.19467	-0.424	0.424
  9573	-0.213539	-0.424	0.424
  9574	-0.200079	-0.424	0.424
  9575	-0.205584	-0.424	0.424
  9576	-0.208068	-0.424	0.424
  9577	-0.210337	-0.424	0.424
  9578	-0.229514	-0.424	0.424
  9579	-0.214955	-0.424	0.424
  9580	-0.210199	-0.424	0.424
  9581	-0.222711	-0.424	0.424
  9582	-0.187666	-0.424	0.424
  9583	-0.177674	-0.424	0.424
  9584	-0.191773	-0.424	0.424
  9585	-0.201534	-0.424	0.424
  9586	-0.216054	-0.424	0.424
  9587	-0.223135	-0.424	0.424
  9588	-0.214383	-0.424	0.424
  9589	-0.198685	-0.424	0.424
  9590	-0.205864	-0.424	0.424
  9591	-0.189331	-0.424	0.424
  9592	-0.181852	-0.424	0.424
  9593	-0.169151	-0.424	0.424
  9594	-0.203136	-0.424	0.424
  9595	-0.170946	-0.424	0.424
  9596	-0.153782	-0.424	0.424
  9597	-0.19893	-0.424	0.424
  9598	-0.219959	-0.424	0.424
  9599	-0.201609	-0.424	0.424
  9600	-0.191397	-0.424	0.424
  9601	-0.182309	-0.424	0.424
  9602	-0.210629	-0.424	0.424
  9603	-0.152949	-0.424	0.424
  9604	-0.182931	-0.424	0.424
  9605	-0.198959	-0.424	0.424
  9606	-0.178957	-0.424	0.424
  9607	-0.20623	-0.424	0.424
  9608	-0.188263	-0.424	0.424
  9609	-0.217607	-0.424	0.424
  9610	-0.208831	-0.424	0.424
  9611	-0.198564	-0.424	0.424
  9612	-0.18245	-0.424	0.424
  9613	-0.179654	-0.424	0.424
  9614	-0.197755	-0.424	0.424
  9615	-0.22269	-0.424	0.424
  9616	-0.204801	-0.424	0.424
  9617	-0.156035	-0.424	0.424
  9618	-0.192767	-0.424	0.424
  9619	-0.207714	-0.424	0.424
  9620	-0.2345	-0.424	0.424
  9621	-0.194148	-0.424	0.424
  9622	-0.209853	-0.424	0.424
  9623	-0.222017	-0.424	0.424
  9624	-0.212197	-0.424	0.424
  9625	-0.175525	-0.424	0.424
  9626	-0.208213	-0.424	0.424
  9627	-0.188038	-0.424	0.424
  9628	-0.20103	-0.424	0.424
  9629	-0.181362	-0.424	0.424
  9630	-0.208191	-0.424	0.424
  9631	-0.199517	-0.424	0.424
  9632	-0.225554	-0.424	0.424
  9633	-0.192756	-0.424	0.424
  9634	-0.211449	-0.424	0.424
  9635	-0.2197	-0.424	0.424
  9636	-0.208056	-0.424	0.424
  9637	-0.184549	-0.424	0.424
  9638	-0.197194	-0.424	0.424
  9639	-0.220927	-0.424	0.424
  9640	-0.180749	-0.424	0.424
  9641	-0.195379	-0.424	0.424
  9642	-0.194197	-0.424	0.424
  9643	-0.217705	-0.424	0.424
  9644	-0.223309	-0.424	0.424
  9645	-0.173355	-0.424	0.424
  9646	-0.176047	-0.424	0.424
  9647	-0.175547	-0.424	0.424
  9648	-0.217542	-0.424	0.424
  9649	-0.173425	-0.424	0.424
  9650	-0.208177	-0.424	0.424
  9651	-0.201528	-0.424	0.424
  9652	-0.217103	-0.424	0.424
  9653	-0.178771	-0.424	0.424
  9654	-0.167657	-0.424	0.424
  9655	-0.196085	-0.424	0.424
  9656	-0.18965	-0.424	0.424
  9657	-0.192657	-0.424	0.424
  9658	-0.212809	-0.424	0.424
  9659	-0.229122	-0.424	0.424
  9660	-0.206135	-0.424	0.424
  9661	-0.195419	-0.424	0.424
  9662	-0.203592	-0.424	0.424
  9663	-0.205224	-0.424	0.424
  9664	-0.175348	-0.424	0.424
  9665	-0.220451	-0.424	0.424
  9666	-0.221787	-0.424	0.424
  9667	-0.214843	-0.424	0.424
  9668	-0.225956	-0.424	0.424
  9669	-0.169285	-0.424	0.424
  9670	-0.198737	-0.424	0.424
  9671	-0.20857	-0.424	0.424
  9672	-0.166237	-0.424	0.424
  9673	-0.186257	-0.424	0.424
  9674	-0.193123	-0.424	0.424
  9675	-0.166862	-0.424	0.424
  9676	-0.203528	-0.424	0.424
  9677	-0.230337	-0.424	0.424
  9678	-0.195889	-0.424	0.424
  9679	-0.207076	-0.424	0.424
  9680	-0.203803	-0.424	0.424
  9681	-0.190276	-0.424	0.424
  9682	-0.222473	-0.424	0.424
  9683	-0.16578	-0.424	0.424
  9684	-0.20165	-0.424	0.424
  9685	-0.174545	-0.424	0.424
  9686	-0.194178	-0.424	0.424
  9687	-0.186135	-0.424	0.424
  9688	-0.200335	-0.424	0.424
  9689	-0.182467	-0.424	0.424
  9690	-0.204688	-0.424	0.424
  9691	-0.223539	-0.424	0.424
  9692	-0.196365	-0.424	0.424
  9693	-0.213316	-0.424	0.424
  9694	-0.226583	-0.424	0.424
  9695	-0.1656	-0.424	0.424
  9696	-0.205188	-0.424	0.424
  9697	-0.207462	-0.424	0.424
  9698	-0.207932	-0.424	0.424
  9699	-0.220934	-0.424	0.424
  9700	-0.190595	-0.424	0.424
  9701	-0.205944	-0.424	0.424
  9702	-0.203321	-0.424	0.424
  9703	-0.194906	-0.424	0.424
  9704	-0.177661	-0.424	0.424
  9705	-0.213888	-0.424	0.424
  9706	-0.202301	-0.424	0.424
  9707	-0.174269	-0.424	0.424
  9708	-0.161518	-0.424	0.424
  9709	-0.188533	-0.424	0.424
  9710	-0.212114	-0.424	0.424
  9711	-0.222512	-0.424	0.424
  9712	-0.184327	-0.424	0.424
  9713	-0.213063	-0.424	0.424
  9714	-0.174339	-0.424	0.424
  9715	-0.214081	-0.424	0.424
  9716	-0.206098	-0.424	0.424
  9717	-0.223982	-0.424	0.424
  9718	-0.212363	-0.424	0.424
  9719	-0.201303	-0.424	0.424
  9720	-0.208524	-0.424	0.424
  9721	-0.169495	-0.424	0.424
  9722	-0.20358	-0.424	0.424
  9723	-0.186191	-0.424	0.424
  9724	-0.204372	-0.424	0.424
  9725	-0.234007	-0.424	0.424
  9726	-0.213107	-0.424	0.424
  9727	-0.217926	-0.424	0.424
  9728	-0.212164	-0.424	0.424
  9729	-0.211003	-0.424	0.424
  9730	-0.21368	-0.424	0.424
  9731	-0.178045	-0.424	0.424
  9732	-0.208022	-0.424	0.424
  9733	-0.211975	-0.424	0.424
  9734	-0.198732	-0.424	0.424
  9735	-0.211877	-0.424	0.424
  9736	-0.208024	-0.424	0.424
  9737	-0.214315	-0.424	0.424
  9738	-0.209144	-0.424	0.424
  9739	-0.199508	-0.424	0.424
  9740	-0.168772	-0.424	0.424
  9741	-0.209538	-0.424	0.424
  9742	-0.201227	-0.424	0.424
  9743	-0.185816	-0.424	0.424
  9744	-0.14651	-0.424	0.424
  9745	-0.218325	-0.424	0.424
  9746	-0.182919	-0.424	0.424
  9747	-0.189365	-0.424	0.424
  9748	-0.205084	-0.424	0.424
  9749	-0.203976	-0.424	0.424
  9750	-0.213653	-0.424	0.424
  9751	-0.198578	-0.424	0.424
  9752	-0.194175	-0.424	0.424
  9753	-0.204478	-0.424	0.424
  9754	-0.138683	-0.424	0.424
  9755	-0.20158	-0.424	0.424
  9756	-0.212106	-0.424	0.424
  9757	-0.204252	-0.424	0.424
  9758	-0.192055	-0.424	0.424
  9759	-0.198832	-0.424	0.424
  9760	-0.182739	-0.424	0.424
  9761	-0.205673	-0.424	0.424
  9762	-0.185061	-0.424	0.424
  9763	-0.183856	-0.424	0.424
  9764	-0.220454	-0.424	0.424
  9765	-0.185478	-0.424	0.424
  9766	-0.208728	-0.424	0.424
  9767	-0.228924	-0.424	0.424
  9768	-0.22642	-0.424	0.424
  9769	-0.186816	-0.424	0.424
  9770	-0.194253	-0.424	0.424
  9771	-0.166353	-0.424	0.424
  9772	-0.189212	-0.424	0.424
  9773	-0.197683	-0.424	0.424
  9774	-0.19109	-0.424	0.424
  9775	-0.197761	-0.424	0.424
  9776	-0.202479	-0.424	0.424
  9777	-0.212731	-0.424	0.424
  9778	-0.204579	-0.424	0.424
  9779	-0.212322	-0.424	0.424
  9780	-0.164182	-0.424	0.424
  9781	-0.184285	-0.424	0.424
  9782	-0.199809	-0.424	0.424
  9783	-0.190783	-0.424	0.424
  9784	-0.170297	-0.424	0.424
  9785	-0.198273	-0.424	0.424
  9786	-0.196781	-0.424	0.424
  9787	-0.215623	-0.424	0.424
  9788	-0.214962	-0.424	0.424
  9789	-0.204173	-0.424	0.424
  9790	-0.19822	-0.424	0.424
  9791	-0.198787	-0.424	0.424
  9792	-0.218521	-0.424	0.424
  9793	-0.174309	-0.424	0.424
  9794	-0.204626	-0.424	0.424
  9795	-0.197032	-0.424	0.424
  9796	-0.199189	-0.424	0.424
  9797	-0.178912	-0.424	0.424
  9798	-0.202929	-0.424	0.424
  9799	-0.194337	-0.424	0.424
  9800	-0.166662	-0.424	0.424
  9801	-0.143158	-0.424	0.424
  9802	-0.176237	-0.424	0.424
  9803	-0.199683	-0.424	0.424
  9804	-0.195246	-0.424	0.424
  9805	-0.221409	-0.424	0.424
  9806	-0.205122	-0.424	0.424
  9807	-0.206711	-0.424	0.424
  9808	-0.209314	-0.424	0.424
  9809	-0.219183	-0.424	0.424
  9810	-0.198549	-0.424	0.424
  9811	-0.193692	-0.424	0.424
  9812	-0.220591	-0.424	0.424
  9813	-0.17663	-0.424	0.424
  9814	-0.201536	-0.424	0.424
  9815	-0.213563	-0.424	0.424
  9816	-0.197381	-0.424	0.424
  9817	-0.200075	-0.424	0.424
  9818	-0.186005	-0.424	0.424
  9819	-0.213695	-0.424	0.424
  9820	-0.208282	-0.424	0.424
  9821	-0.177297	-0.424	0.424
  9822	-0.201262	-0.424	0.424
  9823	-0.195079	-0.424	0.424
  9824	-0.193923	-0.424	0.424
  9825	-0.2235	-0.424	0.424
  9826	-0.171517	-0.424	0.424
  9827	-0.175671	-0.424	0.424
  9828	-0.204454	-0.424	0.424
  9829	-0.184177	-0.424	0.424
  9830	-0.225969	-0.424	0.424
  9831	-0.208296	-0.424	0.424
  9832	-0.169808	-0.424	0.424
  9833	-0.178117	-0.424	0.424
  9834	-0.145836	-0.424	0.424
  9835	-0.200324	-0.424	0.424
  9836	-0.199224	-0.424	0.424
  9837	-0.174962	-0.424	0.424
  9838	-0.207866	-0.424	0.424
  9839	-0.196412	-0.424	0.424
  9840	-0.202262	-0.424	0.424
  9841	-0.165649	-0.424	0.424
  9842	-0.214936	-0.424	0.424
  9843	-0.190556	-0.424	0.424
  9844	-0.164398	-0.424	0.424
  9845	-0.180692	-0.424	0.424
  9846	-0.165511	-0.424	0.424
  9847	-0.202334	-0.424	0.424
  9848	-0.151203	-0.424	0.424
  9849	-0.2134	-0.424	0.424
  9850	-0.179421	-0.424	0.424
  9851	-0.204637	-0.424	0.424
  9852	-0.210318	-0.424	0.424
  9853	-0.183607	-0.424	0.424
  9854	-0.198256	-0.424	0.424
  9855	-0.175018	-0.424	0.424
  9856	-0.217982	-0.424	0.424
  9857	-0.169113	-0.424	0.424
  9858	-0.181005	-0.424	0.424
  9859	-0.189874	-0.424	0.424
  9860	-0.212012	-0.424	0.424
  9861	-0.170113	-0.424	0.424
  9862	-0.162568	-0.424	0.424
  9863	-0.203981	-0.424	0.424
  9864	-0.217122	-0.424	0.424
  9865	-0.179039	-0.424	0.424
  9866	-0.184241	-0.424	0.424
  9867	-0.212662	-0.424	0.424
  9868	-0.18045	-0.424	0.424
  9869	-0.197259	-0.424	0.424
  9870	-0.188354	-0.424	0.424
  9871	-0.185024	-0.424	0.424
  9872	-0.218973	-0.424	0.424
  9873	-0.214488	-0.424	0.424
  9874	-0.224088	-0.424	0.424
  9875	-0.200864	-0.424	0.424
  9876	-0.189733	-0.424	0.424
  9877	-0.19632	-0.424	0.424
  9878	-0.14979	-0.424	0.424
  9879	-0.207134	-0.424	0.424
  9880	-0.192494	-0.424	0.424
  9881	-0.159143	-0.424	0.424
  9882	-0.205361	-0.424	0.424
  9883	-0.194556	-0.424	0.424
  9884	-0.222967	-0.424	0.424
  9885	-0.189346	-0.424	0.424
  9886	-0.192339	-0.424	0.424
  9887	-0.217734	-0.424	0.424
  9888	-0.197871	-0.424	0.424
  9889	-0.208563	-0.424	0.424
  9890	-0.197579	-0.424	0.424
  9891	-0.195922	-0.424	0.424
  9892	-0.13894	-0.424	0.424
  9893	-0.197368	-0.424	0.424
  9894	-0.162435	-0.424	0.424
  9895	-0.193958	-0.424	0.424
  9896	-0.200198	-0.424	0.424
  9897	-0.201103	-0.424	0.424
  9898	-0.199237	-0.424	0.424
  9899	-0.218502	-0.424	0.424
  9900	-0.223319	-0.424	0.424
  9901	-0.193967	-0.424	0.424
  9902	-0.20482	-0.424	0.424
  9903	-0.227303	-0.424	0.424
  9904	-0.191099	-0.424	0.424
  9905	-0.184381	-0.424	0.424
  9906	-0.212419	-0.424	0.424
  9907	-0.198336	-0.424	0.424
  9908	-0.208425	-0.424	0.424
  9909	-0.194806	-0.424	0.424
  9910	-0.217711	-0.424	0.424
  9911	-0.194303	-0.424	0.424
  9912	-0.205433	-0.424	0.424
  9913	-0.18018	-0.424	0.424
  9914	-0.205815	-0.424	0.424
  9915	-0.195586	-0.424	0.424
  9916	-0.192717	-0.424	0.424
  9917	-0.201046	-0.424	0.424
  9918	-0.211954	-0.424	0.424
  9919	-0.198246	-0.424	0.424
  9920	-0.207147	-0.424	0.424
  9921	-0.204143	-0.424	0.424
  9922	-0.204806	-0.424	0.424
  9923	-0.190904	-0.424	0.424
  9924	-0.18893	-0.424	0.424
  9925	-0.182518	-0.424	0.424
  9926	-0.22959	-0.424	0.424
  9927	-0.200056	-0.424	0.424
  9928	-0.215466	-0.424	0.424
  9929	-0.178081	-0.424	0.424
  9930	-0.21886	-0.424	0.424
  9931	-0.211971	-0.424	0.424
  9932	-0.189389	-0.424	0.424
  9933	-0.187672	-0.424	0.424
  9934	-0.222267	-0.424	0.424
  9935	-0.179107	-0.424	0.424
  9936	-0.176376	-0.424	0.424
  9937	-0.204721	-0.424	0.424
  9938	-0.198465	-0.424	0.424
  9939	-0.192591	-0.424	0.424
  9940	-0.206572	-0.424	0.424
  9941	-0.151565	-0.424	0.424
  9942	-0.179795	-0.424	0.424
  9943	-0.170728	-0.424	0.424
  9944	-0.215757	-0.424	0.424
  9945	-0.196398	-0.424	0.424
  9946	-0.208938	-0.424	0.424
  9947	-0.198347	-0.424	0.424
  9948	-0.168206	-0.424	0.424
  9949	-0.203145	-0.424	0.424
  9950	-0.203292	-0.424	0.424
  9951	-0.196187	-0.424	0.424
  9952	-0.205587	-0.424	0.424
  9953	-0.205561	-0.424	0.424
  9954	-0.168106	-0.424	0.424
  9955	-0.191252	-0.424	0.424
  9956	-0.16489	-0.424	0.424
  9957	-0.226009	-0.424	0.424
  9958	-0.210365	-0.424	0.424
  9959	-0.212432	-0.424	0.424
  9960	-0.217989	-0.424	0.424
  9961	-0.19666	-0.424	0.424
  9962	-0.18861	-0.424	0.424
  9963	-0.198192	-0.424	0.424
  9964	-0.223968	-0.424	0.424
  9965	-0.215134	-0.424	0.424
  9966	-0.194407	-0.424	0.424
  9967	-0.196101	-0.424	0.424
  9968	-0.206051	-0.424	0.424
  9969	-0.186697	-0.424	0.424
  9970	-0.179649	-0.424	0.424
  9971	-0.212648	-0.424	0.424
  9972	-0.193965	-0.424	0.424
  9973	-0.195395	-0.424	0.424
  9974	-0.182579	-0.424	0.424
  9975	-0.208028	-0.424	0.424
  9976	-0.206297	-0.424	0.424
  9977	-0.189114	-0.424	0.424
  9978	-0.209894	-0.424	0.424
  9979	-0.189144	-0.424	0.424
  9980	-0.204647	-0.424	0.424
  9981	-0.158754	-0.424	0.424
  9982	-0.170599	-0.424	0.424
  9983	-0.205002	-0.424	0.424
  9984	-0.214074	-0.424	0.424
  9985	-0.216336	-0.424	0.424
  9986	-0.214065	-0.424	0.424
  9987	-0.203462	-0.424	0.424
  9988	-0.164492	-0.424	0.424
  9989	-0.190042	-0.424	0.424
  9990	-0.19735	-0.424	0.424
  9991	-0.194029	-0.424	0.424
  9992	-0.216138	-0.424	0.424
  9993	-0.205701	-0.424	0.424
  9994	-0.205176	-0.424	0.424
  9995	-0.186885	-0.424	0.424
  9996	-0.191105	-0.424	0.424
  9997	-0.213417	-0.424	0.424
  9998	-0.210228	-0.424	0.424
  9999	-0.198877	-0.424	0.424
 10000	-0.174043	-0.424	0.424
